id,uid,date,attendance,time_valid,date_valid,neutral_site,conference_competition,play_by_play_available,recent,start_date,broadcast,highlights,notes_type,notes_headline,broadcast_market,broadcast_name,type_id,type_abbreviation,venue_id,venue_full_name,venue_address_city,venue_address_state,venue_address_country,venue_indoor,status_clock,status_display_clock,status_period,status_type_id,status_type_name,status_type_state,status_type_completed,status_type_description,status_type_detail,status_type_short_detail,format_regulation_periods,home_id,home_uid,home_location,home_name,home_abbreviation,home_display_name,home_short_display_name,home_color,home_alternate_color,home_is_active,home_venue_id,home_logo,home_conference_id,home_score,home_winner,home_current_rank,home_linescores,home_records,away_id,away_uid,away_location,away_name,away_abbreviation,away_display_name,away_short_display_name,away_color,away_alternate_color,away_is_active,away_venue_id,away_logo,away_conference_id,away_score,away_winner,away_current_rank,away_linescores,away_records,game_id,season,season_type,week,groups_id,groups_name,groups_short_name,groups_is_conference,status_type_alt_detail
340010127,s:20~l:23~e:340010127~c:340010127,2014-01-01T22:00Z,95173,True,False,True,False,True,False,2014-01-01T22:00Z,ESPN,[],event,ROSE BOWL GAME PRESENTED BY VIZIO,national,ESPN,1,STD,1056,Rose Bowl,Pasadena,CA,USA,False,0.0,0:00,4,3,STATUS_FINAL,post,True,Final,Final,Final,4,127,s:20~l:23~t:127,Michigan State,Spartans,MSU,Michigan State Spartans,Michigan State,173f35,ffffff,True,3936,https://a.espncdn.com/i/teamlogos/ncaa/500/127.png,5,24,True,4,"[{'value': 0.0, 'displayValue': '0', 'period': 1}
 {'value': 14.0, 'displayValue': '14', 'period': 2}
 {'value': 3.0, 'displayValue': '3', 'period': 3}
 {'value': 7.0, 'displayValue': '7', 'period': 4}]","[{'name': 'overall', 'abbreviation': 'Game', 'type': 'total', 'summary': '13-1'}
 {'name': 'Home', 'abbreviation': None, 'type': 'home', 'summary': '9-0'}
 {'name': 'Road', 'abbreviation': None, 'type': 'road', 'summary': '4-1'}
 {'name': 'vs. Conf.', 'abbreviation': None, 'type': 'vsconf', 'summary': '8-0'}]",24,s:20~l:23~t:24,Stanford,Cardinal,STAN,Stanford Cardinal,Stanford,8c1515,ffffff,True,3940,https://a.espncdn.com/i/teamlogos/ncaa/500/24.png,9,20,False,5,"[{'value': 10.0, 'displayValue': '10', 'period': 1}
 {'value': 7.0, 'displayValue': '7', 'period': 2}
 {'value': 0.0, 'displayValue': '0', 'period': 3}
 {'value': 3.0, 'displayValue': '3', 'period': 4}]","[{'name': 'overall', 'abbreviation': 'Game', 'type': 'total', 'summary': '11-3'}
 {'name': 'Home', 'abbreviation': None, 'type': 'home', 'summary': '7-0'}
 {'name': 'Road', 'abbreviation': None, 'type': 'road', 'summary': '4-3'}
 {'name': 'vs. Conf.', 'abbreviation': None, 'type': 'vsconf', 'summary': '7-2'}]",340010127,2013,3,1,,,,,
340010239,s:20~l:23~e:340010239~c:340010239,2014-01-02T01:30Z,65172,True,False,True,False,True,False,2014-01-02T01:30Z,ESPN,[],event,TOSTITOS FIESTA BOWL,national,ESPN,1,STD,,,,,,,0.0,0:00,4,3,STATUS_FINAL,post,True,Final,Final,Final,4,239,s:20~l:23~t:239,Baylor,Bears,BAY,Baylor Bears,Baylor,154734,ffb81c,True,3724,https://a.espncdn.com/i/teamlogos/ncaa/500/239.png,4,42,False,6,"[{'value': 7.0, 'displayValue': '7', 'period': 1}
 {'value': 13.0, 'displayValue': '13', 'period': 2}
 {'value': 8.0, 'displayValue': '8', 'period': 3}
 {'value': 14.0, 'displayValue': '14', 'period': 4}]","[{'name': 'overall', 'abbreviation': 'Game', 'type': 'total', 'summary': '11-2'}
 {'name': 'Home', 'abbreviation': None, 'type': 'home', 'summary': '8-1'}
 {'name': 'Road', 'abbreviation': None, 'type': 'road', 'summary': '3-1'}
 {'name': 'vs. Conf.', 'abbreviation': None, 'type': 'vsconf', 'summary': '8-1'}]",2116,s:20~l:23~t:2116,UCF,Knights,UCF,UCF Knights,UCF,000000,b4a169,True,3652,https://a.espncdn.com/i/teamlogos/ncaa/500/2116.png,151,52,True,15,"[{'value': 14.0, 'displayValue': '14', 'period': 1}
 {'value': 14.0, 'displayValue': '14', 'period': 2}
 {'value': 7.0, 'displayValue': '7', 'period': 3}
 {'value': 17.0, 'displayValue': '17', 'period': 4}]","[{'name': 'overall', 'abbreviation': 'Game', 'type': 'total', 'summary': '12-1'}
 {'name': 'Home', 'abbreviation': None, 'type': 'home', 'summary': '5-1'}
 {'name': 'Road', 'abbreviation': None, 'type': 'road', 'summary': '7-0'}
 {'name': 'vs. Conf.', 'abbreviation': None, 'type': 'vsconf', 'summary': '8-0'}]",340010239,2013,3,1,,,,,
340012579,s:20~l:23~e:340012579~c:340012579,2014-01-01T18:00Z,56629,True,False,True,False,True,False,2014-01-01T18:00Z,ABC,[],event,CAPITAL ONE BOWL,national,ABC,1,STD,,,,,,,0.0,0:00,4,3,STATUS_FINAL,post,True,Final,Final,Final,4,2579,s:20~l:23~t:2579,South Carolina,Gamecocks,SC,South Carolina Gamecocks,South Carolina,73000a,000000,True,3994,https://a.espncdn.com/i/teamlogos/ncaa/500/2579.png,8,34,True,9,"[{'value': 7.0, 'displayValue': '7', 'period': 1}
 {'value': 6.0, 'displayValue': '6', 'period': 2}
 {'value': 7.0, 'displayValue': '7', 'period': 3}
 {'value': 14.0, 'displayValue': '14', 'period': 4}]","[{'name': 'overall', 'abbreviation': 'Game', 'type': 'total', 'summary': '11-2'}
 {'name': 'Home', 'abbreviation': None, 'type': 'home', 'summary': '8-0'}
 {'name': 'Road', 'abbreviation': None, 'type': 'road', 'summary': '3-2'}
 {'name': 'vs. Conf.', 'abbreviation': None, 'type': 'vsconf', 'summary': '6-2'}]",275,s:20~l:23~t:275,Wisconsin,Badgers,WIS,Wisconsin Badgers,Wisconsin,a00000,ffffff,True,347,https://a.espncdn.com/i/teamlogos/ncaa/500/275.png,5,24,False,19,"[{'value': 0.0, 'displayValue': '0', 'period': 1}
 {'value': 14.0, 'displayValue': '14', 'period': 2}
 {'value': 3.0, 'displayValue': '3', 'period': 3}
 {'value': 7.0, 'displayValue': '7', 'period': 4}]","[{'name': 'overall', 'abbreviation': 'Game', 'type': 'total', 'summary': '9-4'}
 {'name': 'Home', 'abbreviation': None, 'type': 'home', 'summary': '6-1'}
 {'name': 'Road', 'abbreviation': None, 'type': 'road', 'summary': '3-3'}
 {'name': 'vs. Conf.', 'abbreviation': None, 'type': 'vsconf', 'summary': '6-2'}]",340012579,2013,3,1,,,,,
340010099,s:20~l:23~e:340010099~c:340010099,2014-01-01T18:00Z,51296,True,False,True,False,True,False,2014-01-01T18:00Z,ESPN,[],event,OUTBACK BOWL,national,ESPN,1,STD,3886,Raymond James Stadium,Tampa,FL,USA,False,0.0,0:00,4,3,STATUS_FINAL,post,True,Final,Final,Final,4,99,s:20~l:23~t:99,LSU,Tigers,LSU,LSU Tigers,LSU,461d76,fdd023,True,3958,https://a.espncdn.com/i/teamlogos/ncaa/500/99.png,8,21,True,16,"[{'value': 7.0, 'displayValue': '7', 'period': 1}
 {'value': 7.0, 'displayValue': '7', 'period': 2}
 {'value': 0.0, 'displayValue': '0', 'period': 3}
 {'value': 7.0, 'displayValue': '7', 'period': 4}]","[{'name': 'overall', 'abbreviation': 'Game', 'type': 'total', 'summary': '10-3'}
 {'name': 'Home', 'abbreviation': None, 'type': 'home', 'summary': '8-0'}
 {'name': 'Road', 'abbreviation': None, 'type': 'road', 'summary': '2-3'}
 {'name': 'vs. Conf.', 'abbreviation': None, 'type': 'vsconf', 'summary': '5-3'}]",2294,s:20~l:23~t:2294,Iowa,Hawkeyes,IOWA,Iowa Hawkeyes,Iowa,231f20,fcd116,True,3793,https://a.espncdn.com/i/teamlogos/ncaa/500/2294.png,5,14,False,99,"[{'value': 0.0, 'displayValue': '0', 'period': 1}
 {'value': 0.0, 'displayValue': '0', 'period': 2}
 {'value': 7.0, 'displayValue': '7', 'period': 3}
 {'value': 7.0, 'displayValue': '7', 'period': 4}]","[{'name': 'overall', 'abbreviation': 'Game', 'type': 'total', 'summary': '8-5'}
 {'name': 'Home', 'abbreviation': None, 'type': 'home', 'summary': '4-3'}
 {'name': 'Road', 'abbreviation': None, 'type': 'road', 'summary': '4-2'}
 {'name': 'vs. Conf.', 'abbreviation': None, 'type': 'vsconf', 'summary': '5-3'}]",340010099,2013,3,1,,,,,
340010061,s:20~l:23~e:340010061~c:340010061,2014-01-01T17:00Z,60712,True,False,True,False,True,False,2014-01-01T17:00Z,ESPN2,[],event,TAXSLAYER.com GATOR BOWL,national,ESPN2,1,STD,,,,,,,0.0,0:00,4,3,STATUS_FINAL,post,True,Final,Final,Final,4,61,s:20~l:23~t:61,Georgia,Bulldogs,UGA,Georgia Bulldogs,Georgia,ba0c2f,2c2a29,True,3917,https://a.espncdn.com/i/teamlogos/ncaa/500/61.png,8,19,False,22,"[{'value': 0.0, 'displayValue': '0', 'period': 1}
 {'value': 9.0, 'displayValue': '9', 'period': 2}
 {'value': 3.0, 'displayValue': '3', 'period': 3}
 {'value': 7.0, 'displayValue': '7', 'period': 4}]","[{'name': 'overall', 'abbreviation': 'Game', 'type': 'total', 'summary': '8-5'}
 {'name': 'Home', 'abbreviation': None, 'type': 'home', 'summary': '5-2'}
 {'name': 'Road', 'abbreviation': None, 'type': 'road', 'summary': '3-3'}
 {'name': 'vs. Conf.', 'abbreviation': None, 'type': 'vsconf', 'summary': '5-3'}]",158,s:20~l:23~t:158,Nebraska,Cornhuskers,NEB,Nebraska Cornhuskers,Nebraska,e31937,ffffff,True,3834,https://a.espncdn.com/i/teamlogos/ncaa/500/158.png,5,24,True,99,"[{'value': 0.0, 'displayValue': '0', 'period': 1}
 {'value': 10.0, 'displayValue': '10', 'period': 2}
 {'value': 14.0, 'displayValue': '14', 'period': 3}
 {'value': 0.0, 'displayValue': '0', 'period': 4}]","[{'name': 'overall', 'abbreviation': 'Game', 'type': 'total', 'summary': '9-4'}
 {'name': 'Home', 'abbreviation': None, 'type': 'home', 'summary': '5-3'}
 {'name': 'Road', 'abbreviation': None, 'type': 'road', 'summary': '4-1'}
 {'name': 'vs. Conf.', 'abbreviation': None, 'type': 'vsconf', 'summary': '5-3'}]",340010061,2013,3,1,,,,,
340010249,s:20~l:23~e:340010249~c:340010249,2014-01-01T17:00Z,38380,True,False,True,False,True,False,2014-01-01T17:00Z,ESPNU,[],event,HEART OF DALLAS BOWL - PRES. BY PLAINSCAPITAL BANK,national,ESPNU,1,STD,,,,,,,0.0,0:00,4,3,STATUS_FINAL,post,True,Final,Final,Final,4,249,s:20~l:23~t:249,North Texas,Mean Green,UNT,North Texas Mean Green,North Texas,068f33,ffffff,True,3825,https://a.espncdn.com/i/teamlogos/ncaa/500/249.png,12,36,True,99,"[{'value': 7.0, 'displayValue': '7', 'period': 1}
 {'value': 0.0, 'displayValue': '0', 'period': 2}
 {'value': 7.0, 'displayValue': '7', 'period': 3}
 {'value': 22.0, 'displayValue': '22', 'period': 4}]","[{'name': 'overall', 'abbreviation': 'Game', 'type': 'total', 'summary': '9-4'}
 {'name': 'Home', 'abbreviation': None, 'type': 'home', 'summary': '6-1'}
 {'name': 'Road', 'abbreviation': None, 'type': 'road', 'summary': '3-3'}
 {'name': 'vs. Conf.', 'abbreviation': None, 'type': 'vsconf', 'summary': '6-2'}]",2439,s:20~l:23~t:2439,UNLV,Rebels,UNLV,UNLV Rebels,UNLV,cf0a2c,cac8c8,True,3914,https://a.espncdn.com/i/teamlogos/ncaa/500/2439.png,17,14,False,99,"[{'value': 7.0, 'displayValue': '7', 'period': 1}
 {'value': 0.0, 'displayValue': '0', 'period': 2}
 {'value': 0.0, 'displayValue': '0', 'period': 3}
 {'value': 7.0, 'displayValue': '7', 'period': 4}]","[{'name': 'overall', 'abbreviation': 'Game', 'type': 'total', 'summary': '7-6'}
 {'name': 'Home', 'abbreviation': None, 'type': 'home', 'summary': '4-3'}
 {'name': 'Road', 'abbreviation': None, 'type': 'road', 'summary': '3-3'}
 {'name': 'vs. Conf.', 'abbreviation': None, 'type': 'vsconf', 'summary': '5-3'}]",340010249,2013,3,1,,,,,
400521191,s:20~l:23~e:400521191~c:400521191,2014-01-01T17:00Z,0,True,False,True,False,True,False,2014-01-01T17:00Z,,[],event,TAXSLAYER.com GATOR BOWL,,,42,Bowl Game,3712,EverBank Stadium,Jacksonville,FL,USA,False,0.0,0:00,4,3,STATUS_FINAL,post,True,Final,Final,Final,4,61,s:20~l:23~t:61,Georgia,Bulldogs,UGA,Georgia Bulldogs,Georgia,ba0c2f,2c2a29,True,3917,https://a.espncdn.com/i/teamlogos/ncaa/500/61.png,8,19,False,99,"[{'value': 0.0, 'displayValue': '0', 'period': 1}
 {'value': 9.0, 'displayValue': '9', 'period': 2}
 {'value': 3.0, 'displayValue': '3', 'period': 3}
 {'value': 7.0, 'displayValue': '7', 'period': 4}]","[{'name': 'overall', 'abbreviation': 'overall', 'type': 'total', 'summary': '8-5'}
 {'name': 'Home', 'abbreviation': 'Home', 'type': 'homerecord', 'summary': '5-2'}
 {'name': 'Away', 'abbreviation': 'Away', 'type': 'awayrecord', 'summary': '3-3'}
 {'name': 'vs. Conf.', 'abbreviation': 'CONF', 'type': 'vsconf', 'summary': '5-3'}]",158,s:20~l:23~t:158,Nebraska,Cornhuskers,NEB,Nebraska Cornhuskers,Nebraska,e31937,ffffff,True,3834,https://a.espncdn.com/i/teamlogos/ncaa/500/158.png,5,24,True,99,"[{'value': 0.0, 'displayValue': '0', 'period': 1}
 {'value': 10.0, 'displayValue': '10', 'period': 2}
 {'value': 14.0, 'displayValue': '14', 'period': 3}
 {'value': 0.0, 'displayValue': '0', 'period': 4}]","[{'name': 'overall', 'abbreviation': 'overall', 'type': 'total', 'summary': '9-4'}
 {'name': 'Home', 'abbreviation': 'Home', 'type': 'homerecord', 'summary': '5-3'}
 {'name': 'Away', 'abbreviation': 'Away', 'type': 'awayrecord', 'summary': '4-1'}
 {'name': 'vs. Conf.', 'abbreviation': 'CONF', 'type': 'vsconf', 'summary': '5-3'}]",400521191,2013,3,1,,,,,
340020333,s:20~l:23~e:340020333~c:340020333,2014-01-03T01:30Z,70473,True,False,True,False,True,False,2014-01-03T01:30Z,ESPN,[],event,ALLSTATE SUGAR BOWL,national,ESPN,1,STD,3493,Caesars Superdome,New Orleans,LA,USA,True,0.0,0:00,4,3,STATUS_FINAL,post,True,Final,Final,Final,4,333,s:20~l:23~t:333,Alabama,Crimson Tide,ALA,Alabama Crimson Tide,Alabama,9e1b32,ffffff,True,3657,https://a.espncdn.com/i/teamlogos/ncaa/500/333.png,8,31,False,3,"[{'value': 10.0, 'displayValue': '10', 'period': 1}
 {'value': 7.0, 'displayValue': '7', 'period': 2}
 {'value': 7.0, 'displayValue': '7', 'period': 3}
 {'value': 7.0, 'displayValue': '7', 'period': 4}]","[{'name': 'overall', 'abbreviation': 'Game', 'type': 'total', 'summary': '11-2'}
 {'name': 'Home', 'abbreviation': None, 'type': 'home', 'summary': '7-1'}
 {'name': 'Road', 'abbreviation': None, 'type': 'road', 'summary': '4-1'}
 {'name': 'vs. Conf.', 'abbreviation': None, 'type': 'vsconf', 'summary': '7-1'}]",201,s:20~l:23~t:201,Oklahoma,Sooners,OKLA,Oklahoma Sooners,Oklahoma,990000,ffffff,True,3835,https://a.espncdn.com/i/teamlogos/ncaa/500/201.png,4,45,True,11,"[{'value': 14.0, 'displayValue': '14', 'period': 1}
 {'value': 17.0, 'displayValue': '17', 'period': 2}
 {'value': 0.0, 'displayValue': '0', 'period': 3}
 {'value': 14.0, 'displayValue': '14', 'period': 4}]","[{'name': 'overall', 'abbreviation': 'Game', 'type': 'total', 'summary': '11-2'}
 {'name': 'Home', 'abbreviation': None, 'type': 'home', 'summary': '6-0'}
 {'name': 'Road', 'abbreviation': None, 'type': 'road', 'summary': '5-2'}
 {'name': 'vs. Conf.', 'abbreviation': None, 'type': 'vsconf', 'summary': '7-2'}]",340020333,2013,3,1,,,,,
340030194,s:20~l:23~e:340030194~c:340030194,2014-01-04T01:30Z,72080,True,False,True,False,True,False,2014-01-04T01:30Z,ESPN,[],event,DISCOVER ORANGE BOWL,national,ESPN,1,STD,3948,Hard Rock Stadium,Miami Gardens,FL,USA,False,0.0,0:00,4,3,STATUS_FINAL,post,True,Final,Final,Final,4,194,s:20~l:23~t:194,Ohio State,Buckeyes,OSU,Ohio State Buckeyes,OSU,ba0c2f,a8adb4,True,3861,https://a.espncdn.com/i/teamlogos/ncaa/500/194.png,5,35,False,7,"[{'value': 9.0, 'displayValue': '9', 'period': 1}
 {'value': 13.0, 'displayValue': '13', 'period': 2}
 {'value': 7.0, 'displayValue': '7', 'period': 3}
 {'value': 6.0, 'displayValue': '6', 'period': 4}]","[{'name': 'overall', 'abbreviation': 'Game', 'type': 'total', 'summary': '12-2'}
 {'name': 'Home', 'abbreviation': None, 'type': 'home', 'summary': '7-1'}
 {'name': 'Road', 'abbreviation': None, 'type': 'road', 'summary': '5-1'}
 {'name': 'vs. Conf.', 'abbreviation': None, 'type': 'vsconf', 'summary': '8-0'}]",228,s:20~l:23~t:228,Clemson,Tigers,CLEM,Clemson Tigers,Clemson,f56600,ffffff,True,3836,https://a.espncdn.com/i/teamlogos/ncaa/500/228.png,1,40,True,12,"[{'value': 14.0, 'displayValue': '14', 'period': 1}
 {'value': 6.0, 'displayValue': '6', 'period': 2}
 {'value': 14.0, 'displayValue': '14', 'period': 3}
 {'value': 6.0, 'displayValue': '6', 'period': 4}]","[{'name': 'overall', 'abbreviation': 'Game', 'type': 'total', 'summary': '11-2'}
 {'name': 'Home', 'abbreviation': None, 'type': 'home', 'summary': '6-1'}
 {'name': 'Road', 'abbreviation': None, 'type': 'road', 'summary': '5-1'}
 {'name': 'vs. Conf.', 'abbreviation': None, 'type': 'vsconf', 'summary': '7-1'}]",340030194,2013,3,1,,,,,
340030142,s:20~l:23~e:340030142~c:340030142,2014-01-04T01:00Z,72690,True,False,True,False,True,False,2014-01-04T01:00Z,FOX,[],event,AT&T COTTON BOWL,national,FOX,1,STD,,,,,,,0.0,0:00,4,3,STATUS_FINAL,post,True,Final,Final,Final,4,142,s:20~l:23~t:142,Missouri,Tigers,MIZ,Missouri Tigers,Missouri,f1b82d,000000,True,3838,https://a.espncdn.com/i/teamlogos/ncaa/500/142.png,8,41,True,8,"[{'value': 7.0, 'displayValue': '7', 'period': 1}
 {'value': 10.0, 'displayValue': '10', 'period': 2}
 {'value': 0.0, 'displayValue': '0', 'period': 3}
 {'value': 24.0, 'displayValue': '24', 'period': 4}]","[{'name': 'overall', 'abbreviation': 'Game', 'type': 'total', 'summary': '12-2'}
 {'name': 'Home', 'abbreviation': None, 'type': 'home', 'summary': '7-1'}
 {'name': 'Road', 'abbreviation': None, 'type': 'road', 'summary': '5-1'}
 {'name': 'vs. Conf.', 'abbreviation': None, 'type': 'vsconf', 'summary': '7-1'}]",197,s:20~l:23~t:197,Oklahoma State,Cowboys,OKST,Oklahoma State Cowboys,Oklahoma State,fe5c00,000000,True,3646,https://a.espncdn.com/i/teamlogos/ncaa/500/197.png,4,31,False,13,"[{'value': 7.0, 'displayValue': '7', 'period': 1}
 {'value': 0.0, 'displayValue': '0', 'period': 2}
 {'value': 7.0, 'displayValue': '7', 'period': 3}
 {'value': 17.0, 'displayValue': '17', 'period': 4}]","[{'name': 'overall', 'abbreviation': 'Game', 'type': 'total', 'summary': '10-3'}
 {'name': 'Home', 'abbreviation': None, 'type': 'home', 'summary': '6-1'}
 {'name': 'Road', 'abbreviation': None, 'type': 'road', 'summary': '4-2'}
 {'name': 'vs. Conf.', 'abbreviation': None, 'type': 'vsconf', 'summary': '7-2'}]",340030142,2013,3,1,,,,,
340040248,s:20~l:23~e:340040248~c:340040248,2014-01-04T18:00Z,42717,True,False,True,False,True,False,2014-01-04T18:00Z,ESPN,[],event,BBVA COMPASS BOWL,national,ESPN,1,STD,3803,Legion Field (AL),Birmingham,AL,USA,False,0.0,0:00,4,3,STATUS_FINAL,post,True,Final,Final,Final,4,248,s:20~l:23~t:248,Houston,Cougars,HOU,Houston Cougars,Houston,c8102e,ffffff,True,453,https://a.espncdn.com/i/teamlogos/ncaa/500/248.png,151,24,False,99,"[{'value': 0.0, 'displayValue': '0', 'period': 1}
 {'value': 0.0, 'displayValue': '0', 'period': 2}
 {'value': 24.0, 'displayValue': '24', 'period': 3}
 {'value': 0.0, 'displayValue': '0', 'period': 4}]","[{'name': 'overall', 'abbreviation': 'Game', 'type': 'total', 'summary': '8-5'}
 {'name': 'Home', 'abbreviation': None, 'type': 'home', 'summary': '4-3'}
 {'name': 'Road', 'abbreviation': None, 'type': 'road', 'summary': '4-2'}
 {'name': 'vs. Conf.', 'abbreviation': None, 'type': 'vsconf', 'summary': '5-3'}]",238,s:20~l:23~t:238,Vanderbilt,Commodores,VAN,Vanderbilt Commodores,Vanderbilt,000000,cfae70,True,3973,https://a.espncdn.com/i/teamlogos/ncaa/500/238.png,8,41,True,99,"[{'value': 14.0, 'displayValue': '14', 'period': 1}
 {'value': 10.0, 'displayValue': '10', 'period': 2}
 {'value': 0.0, 'displayValue': '0', 'period': 3}
 {'value': 17.0, 'displayValue': '17', 'period': 4}]","[{'name': 'overall', 'abbreviation': 'Game', 'type': 'total', 'summary': '9-4'}
 {'name': 'Home', 'abbreviation': None, 'type': 'home', 'summary': '5-2'}
 {'name': 'Road', 'abbreviation': None, 'type': 'road', 'summary': '4-2'}
 {'name': 'vs. Conf.', 'abbreviation': None, 'type': 'vsconf', 'summary': '4-4'}]",340040248,2013,3,1,,,,,
340042449,s:20~l:23~e:340042449~c:340042449,2014-01-04T19:00Z,0,True,False,True,False,True,False,2014-01-04T19:00Z,ESPN2,[],event,NCAA DIVISION I FOOTBALL CHAMPIONSHIP,national,ESPN2,1,STD,,,,,,,0.0,0:00,4,3,STATUS_FINAL,post,True,Final,Final,Final,4,2449,s:20~l:23~t:2449,North Dakota State,Bison,NDSU,North Dakota State Bison,North Dakota St,01402A,ffffff,True,3714,https://a.espncdn.com/i/teamlogos/ncaa/500/2449.png,21,35,True,99,"[{'value': 7.0, 'displayValue': '7', 'period': 1}
 {'value': 14.0, 'displayValue': '14', 'period': 2}
 {'value': 7.0, 'displayValue': '7', 'period': 3}
 {'value': 7.0, 'displayValue': '7', 'period': 4}]","[{'name': 'overall', 'abbreviation': 'Game', 'type': 'total', 'summary': '15-0'}
 {'name': 'Home', 'abbreviation': None, 'type': 'home', 'summary': '10-0'}
 {'name': 'Road', 'abbreviation': None, 'type': 'road', 'summary': '5-0'}
 {'name': 'vs. Conf.', 'abbreviation': None, 'type': 'vsconf', 'summary': '8-0'}]",119,s:20~l:23~t:119,Towson,Tigers,TOWS,Towson Tigers,Towson,FFC229,,True,3781,https://a.espncdn.com/i/teamlogos/ncaa/500/119.png,48,7,False,99,"[{'value': 7.0, 'displayValue': '7', 'period': 1}
 {'value': 0.0, 'displayValue': '0', 'period': 2}
 {'value': 0.0, 'displayValue': '0', 'period': 3}
 {'value': 0.0, 'displayValue': '0', 'period': 4}]","[{'name': 'overall', 'abbreviation': 'Game', 'type': 'total', 'summary': '13-3'}
 {'name': 'Home', 'abbreviation': None, 'type': 'home', 'summary': '4-2'}
 {'name': 'Road', 'abbreviation': None, 'type': 'road', 'summary': '9-1'}
 {'name': 'vs. Conf.', 'abbreviation': None, 'type': 'vsconf', 'summary': '6-2'}]",340042449,2013,3,1,,,,,
340052050,s:20~l:23~e:340052050~c:340052050,2014-01-06T02:00Z,36119,True,False,True,False,True,False,2014-01-06T02:00Z,ESPN3/ESPN,[],event,GODADDY BOWL,national,ESPN3,1,STD,3797,Ladd-Peebles Stadium,Mobile,AL,USA,False,0.0,0:00,4,3,STATUS_FINAL,post,True,Final,Final,Final,4,2050,s:20~l:23~t:2050,Ball State,Cardinals,BALL,Ball State Cardinals,Ball State,ba0c2f,ffffff,True,3919,https://a.espncdn.com/i/teamlogos/ncaa/500/2050.png,15,20,False,99,"[{'value': 7.0, 'displayValue': '7', 'period': 1}
 {'value': 3.0, 'displayValue': '3', 'period': 2}
 {'value': 0.0, 'displayValue': '0', 'period': 3}
 {'value': 10.0, 'displayValue': '10', 'period': 4}]","[{'name': 'overall', 'abbreviation': 'Game', 'type': 'total', 'summary': '10-3'}
 {'name': 'Home', 'abbreviation': None, 'type': 'home', 'summary': '6-1'}
 {'name': 'Road', 'abbreviation': None, 'type': 'road', 'summary': '4-2'}
 {'name': 'vs. Conf.', 'abbreviation': None, 'type': 'vsconf', 'summary': '7-1'}]",2032,s:20~l:23~t:2032,Arkansas State,Red Wolves,ARST,Arkansas State Red Wolves,Arkansas State,cc092f,000000,True,3625,https://a.espncdn.com/i/teamlogos/ncaa/500/2032.png,37,23,True,99,"[{'value': 0.0, 'displayValue': '0', 'period': 1}
 {'value': 10.0, 'displayValue': '10', 'period': 2}
 {'value': 6.0, 'displayValue': '6', 'period': 3}
 {'value': 7.0, 'displayValue': '7', 'period': 4}]","[{'name': 'overall', 'abbreviation': 'Game', 'type': 'total', 'summary': '8-5'}
 {'name': 'Home', 'abbreviation': None, 'type': 'home', 'summary': '5-1'}
 {'name': 'Road', 'abbreviation': None, 'type': 'road', 'summary': '3-4'}
 {'name': 'vs. Conf.', 'abbreviation': None, 'type': 'vsconf', 'summary': '5-2'}]",340052050,2013,3,1,,,,,
340060002,s:20~l:23~e:340060002~c:340060002,2014-01-07T01:30Z,94208,True,False,True,False,True,False,2014-01-07T01:30Z,ESPN,[],event,VIZIO BCS NATIONAL CHAMPIONSHIP,national,ESPN,1,STD,1056,Rose Bowl,Pasadena,CA,USA,False,0.0,0:00,4,3,STATUS_FINAL,post,True,Final,Final,Final,4,2,s:20~l:23~t:2,Auburn,Tigers,AUB,Auburn Tigers,Auburn,002b5c,f26522,True,3785,https://a.espncdn.com/i/teamlogos/ncaa/500/2.png,8,31,False,2,"[{'value': 7.0, 'displayValue': '7', 'period': 1}
 {'value': 14.0, 'displayValue': '14', 'period': 2}
 {'value': 0.0, 'displayValue': '0', 'period': 3}
 {'value': 10.0, 'displayValue': '10', 'period': 4}]","[{'name': 'overall', 'abbreviation': 'Game', 'type': 'total', 'summary': '12-2'}
 {'name': 'Home', 'abbreviation': None, 'type': 'home', 'summary': '9-1'}
 {'name': 'Road', 'abbreviation': None, 'type': 'road', 'summary': '3-1'}
 {'name': 'vs. Conf.', 'abbreviation': None, 'type': 'vsconf', 'summary': '7-1'}]",52,s:20~l:23~t:52,Florida State,Seminoles,FSU,Florida State Seminoles,FSU,782f40,ceb888,True,3697,https://a.espncdn.com/i/teamlogos/ncaa/500/52.png,1,34,True,1,"[{'value': 3.0, 'displayValue': '3', 'period': 1}
 {'value': 7.0, 'displayValue': '7', 'period': 2}
 {'value': 3.0, 'displayValue': '3', 'period': 3}
 {'value': 21.0, 'displayValue': '21', 'period': 4}]","[{'name': 'overall', 'abbreviation': 'Game', 'type': 'total', 'summary': '14-0'}
 {'name': 'Home', 'abbreviation': None, 'type': 'home', 'summary': '8-0'}
 {'name': 'Road', 'abbreviation': None, 'type': 'road', 'summary': '6-0'}
 {'name': 'vs. Conf.', 'abbreviation': None, 'type': 'vsconf', 'summary': '8-0'}]",340060002,2013,3,1,,,,,
340183147,s:20~l:23~e:340183147~c:340183147,2014-01-18T21:00Z,0,True,False,True,False,True,False,2014-01-18T21:00Z,NFL Net,[],event,EAST-WEST SHRINE GAME,national,NFL Net,1,STD,,,,,,,0.0,0:00,4,3,STATUS_FINAL,post,True,Final,Final,Final,4,3147,s:20~l:23~t:3147,WEST,All-Stars,WEST,WEST All-Stars,WEST,000000,,True,,,,13,False,99,"[{'value': 3.0, 'displayValue': '3', 'period': 1}
 {'value': 3.0, 'displayValue': '3', 'period': 2}
 {'value': 7.0, 'displayValue': '7', 'period': 3}
 {'value': 0.0, 'displayValue': '0', 'period': 4}]","[{'name': 'overall', 'abbreviation': 'Game', 'type': 'total', 'summary': '0-1'}
 {'name': 'Home', 'abbreviation': None, 'type': 'home', 'summary': '0-1'}
 {'name': 'Road', 'abbreviation': None, 'type': 'road', 'summary': '0-0'}
 {'name': 'vs. Conf.', 'abbreviation': None, 'type': 'vsconf', 'summary': '0-0'}]",3146,s:20~l:23~t:3146,EAST,All-Stars,EAST,EAST All-Stars,EAST,000000,,True,,,,23,True,99,"[{'value': 3.0, 'displayValue': '3', 'period': 1}
 {'value': 10.0, 'displayValue': '10', 'period': 2}
 {'value': 0.0, 'displayValue': '0', 'period': 3}
 {'value': 10.0, 'displayValue': '10', 'period': 4}]","[{'name': 'overall', 'abbreviation': 'Game', 'type': 'total', 'summary': '1-0'}
 {'name': 'Home', 'abbreviation': None, 'type': 'home', 'summary': '0-0'}
 {'name': 'Road', 'abbreviation': None, 'type': 'road', 'summary': '1-0'}
 {'name': 'vs. Conf.', 'abbreviation': None, 'type': 'vsconf', 'summary': '0-0'}]",340183147,2013,4,1,,,,,
340183194,s:20~l:23~e:340183194~c:340183194,2014-01-18T23:00Z,0,True,False,True,False,True,False,2014-01-18T23:00Z,ESPN2,[],event,NFLPA COLLEGIATE BOWL,national,ESPN2,1,STD,,,,,,,0.0,0:00,4,3,STATUS_FINAL,post,True,Final,Final,Final,4,3194,s:20~l:23~t:3194,National,,NTL,National,National,000000,,True,,,,31,True,99,"[{'value': 0.0, 'displayValue': '0', 'period': 1}
 {'value': 14.0, 'displayValue': '14', 'period': 2}
 {'value': 17.0, 'displayValue': '17', 'period': 3}
 {'value': 0.0, 'displayValue': '0', 'period': 4}]","[{'name': 'overall', 'abbreviation': 'Game', 'type': 'total', 'summary': '1-0'}
 {'name': 'Home', 'abbreviation': None, 'type': 'home', 'summary': '1-0'}
 {'name': 'Road', 'abbreviation': None, 'type': 'road', 'summary': '0-0'}
 {'name': 'vs. Conf.', 'abbreviation': None, 'type': 'vsconf', 'summary': '0-0'}]",3193,s:20~l:23~t:3193,American,,AMR,American,American,000000,,True,,,,17,False,99,"[{'value': 7.0, 'displayValue': '7', 'period': 1}
 {'value': 7.0, 'displayValue': '7', 'period': 2}
 {'value': 0.0, 'displayValue': '0', 'period': 3}
 {'value': 3.0, 'displayValue': '3', 'period': 4}]","[{'name': 'overall', 'abbreviation': 'Game', 'type': 'total', 'summary': '0-1'}
 {'name': 'Home', 'abbreviation': None, 'type': 'home', 'summary': '0-0'}
 {'name': 'Road', 'abbreviation': None, 'type': 'road', 'summary': '0-1'}
 {'name': 'vs. Conf.', 'abbreviation': None, 'type': 'vsconf', 'summary': '0-0'}]",340183194,2013,4,1,,,,,
340253144,s:20~l:23~e:340253144~c:340253144,2014-01-25T21:00Z,0,True,False,True,False,True,False,2014-01-25T21:00Z,NFL Net,[],event,REESE'S SENIOR BOWL,national,NFL Net,1,STD,,,,,,,0.0,0:00,4,3,STATUS_FINAL,post,True,Final,Final,Final,4,3144,s:20~l:23~t:3144,SOUTH,All-Stars,SOU,SOUTH All-Stars,SOUTH,000000,,True,,,,20,True,99,"[{'value': 10.0, 'displayValue': '10', 'period': 1}
 {'value': 10.0, 'displayValue': '10', 'period': 2}
 {'value': 0.0, 'displayValue': '0', 'period': 3}
 {'value': 0.0, 'displayValue': '0', 'period': 4}]","[{'name': 'overall', 'abbreviation': 'Game', 'type': 'total', 'summary': '1-0'}
 {'name': 'Home', 'abbreviation': None, 'type': 'home', 'summary': '1-0'}
 {'name': 'Road', 'abbreviation': None, 'type': 'road', 'summary': '0-0'}
 {'name': 'vs. Conf.', 'abbreviation': None, 'type': 'vsconf', 'summary': '0-0'}]",3145,s:20~l:23~t:3145,NORTH,All-Stars,NOR,NORTH All-Stars,NORTH,000000,,True,,,,10,False,99,"[{'value': 0.0, 'displayValue': '0', 'period': 1}
 {'value': 3.0, 'displayValue': '3', 'period': 2}
 {'value': 0.0, 'displayValue': '0', 'period': 3}
 {'value': 7.0, 'displayValue': '7', 'period': 4}]","[{'name': 'overall', 'abbreviation': 'Game', 'type': 'total', 'summary': '0-1'}
 {'name': 'Home', 'abbreviation': None, 'type': 'home', 'summary': '0-0'}
 {'name': 'Road', 'abbreviation': None, 'type': 'road', 'summary': '0-1'}
 {'name': 'vs. Conf.', 'abbreviation': None, 'type': 'vsconf', 'summary': '0-0'}]",340253144,2013,4,1,,,,,
400548974,s:20~l:23~e:400548974~c:400548974,2014-08-23T19:30Z,10310,True,False,False,False,True,False,2014-08-23T19:30Z,ESPN,[],,,national,ESPN,1,STD,3906,Roos Field,Cheney,WA,USA,False,0.0,0:00,4,3,STATUS_FINAL,post,True,Final,Final,Final,4,331,s:20~l:23~t:331,Eastern Washington,Eagles,EWU,Eastern Washington Eagles,E Washington,a10022,abb4bc,True,3906,https://a.espncdn.com/i/teamlogos/ncaa/500/331.png,20,56,True,99,"[{'value': 7.0, 'displayValue': '7', 'period': 1}
 {'value': 14.0, 'displayValue': '14', 'period': 2}
 {'value': 7.0, 'displayValue': '7', 'period': 3}
 {'value': 28.0, 'displayValue': '28', 'period': 4}]","[{'name': 'overall', 'abbreviation': 'Game', 'type': 'total', 'summary': '1-0'}
 {'name': 'Home', 'abbreviation': None, 'type': 'home', 'summary': '1-0'}
 {'name': 'Road', 'abbreviation': None, 'type': 'road', 'summary': '0-0'}
 {'name': 'vs. Conf.', 'abbreviation': None, 'type': 'vsconf', 'summary': '0-0'}]",2534,s:20~l:23~t:2534,Sam Houston State,Bearkats,SHSU,Sam Houston State Bearkats,Sam Houston,f56423,ffffff,False,3647,https://a.espncdn.com/i/teamlogos/ncaa/500/2534.png,30,35,False,99,"[{'value': 0.0, 'displayValue': '0', 'period': 1}
 {'value': 21.0, 'displayValue': '21', 'period': 2}
 {'value': 0.0, 'displayValue': '0', 'period': 3}
 {'value': 14.0, 'displayValue': '14', 'period': 4}]","[{'name': 'overall', 'abbreviation': 'Game', 'type': 'total', 'summary': '0-1'}
 {'name': 'Home', 'abbreviation': None, 'type': 'home', 'summary': '0-0'}
 {'name': 'Road', 'abbreviation': None, 'type': 'road', 'summary': '0-1'}
 {'name': 'vs. Conf.', 'abbreviation': None, 'type': 'vsconf', 'summary': '0-0'}]",400548974,2014,2,1,,,,,
400548403,s:20~l:23~e:400548403~c:400548403,2014-08-27T23:00Z,10140,True,False,False,False,False,False,2014-08-27T23:00Z,ESPNU,[],,,national,ESPNU,1,STD,3495,Georgia Dome,Atlanta,GA,USA,True,0.0,0:00,4,3,STATUS_FINAL,post,True,Final,Final,Final,4,2247,s:20~l:23~t:2247,Georgia State,Panthers,GAST,Georgia State Panthers,Georgia State,0039a6,ffffff,True,4246,https://a.espncdn.com/i/teamlogos/ncaa/500/2247.png,37,38,True,99,"[{'value': 7.0, 'displayValue': '7', 'period': 1}
 {'value': 14.0, 'displayValue': '14', 'period': 2}
 {'value': 0.0, 'displayValue': '0', 'period': 3}
 {'value': 17.0, 'displayValue': '17', 'period': 4}]","[{'name': 'overall', 'abbreviation': 'Game', 'type': 'total', 'summary': '1-0'}
 {'name': 'Home', 'abbreviation': None, 'type': 'home', 'summary': '1-0'}
 {'name': 'Road', 'abbreviation': None, 'type': 'road', 'summary': '0-0'}
 {'name': 'vs. Conf.', 'abbreviation': None, 'type': 'vsconf', 'summary': '0-0'}]",2000,s:20~l:23~t:2000,Abilene Christian,Wildcats,ACU,Abilene Christian Wildcats,Abil Christian,592d82,b1b3b3,True,5440,https://a.espncdn.com/i/teamlogos/ncaa/500/2000.png,30,37,False,99,"[{'value': 3.0, 'displayValue': '3', 'period': 1}
 {'value': 13.0, 'displayValue': '13', 'period': 2}
 {'value': 14.0, 'displayValue': '14', 'period': 3}
 {'value': 7.0, 'displayValue': '7', 'period': 4}]","[{'name': 'overall', 'abbreviation': 'Game', 'type': 'total', 'summary': '0-1'}
 {'name': 'Home', 'abbreviation': None, 'type': 'home', 'summary': '0-0'}
 {'name': 'Road', 'abbreviation': None, 'type': 'road', 'summary': '0-1'}
 {'name': 'vs. Conf.', 'abbreviation': None, 'type': 'vsconf', 'summary': '0-0'}]",400548403,2014,2,1,,,,,
400548402,s:20~l:23~e:400548402~c:400548402,2014-08-28T22:00Z,82847,True,False,False,True,True,False,2014-08-28T22:00Z,SEC Network,[],,,national,SEC Network,1,STD,3994,Williams-Brice Stadium,Columbia,SC,USA,False,0.0,0:00,4,3,STATUS_FINAL,post,True,Final,Final,Final,4,2579,s:20~l:23~t:2579,South Carolina,Gamecocks,SC,South Carolina Gamecocks,South Carolina,73000a,000000,True,3994,https://a.espncdn.com/i/teamlogos/ncaa/500/2579.png,8,28,False,9,"[{'value': 7.0, 'displayValue': '7', 'period': 1}
 {'value': 7.0, 'displayValue': '7', 'period': 2}
 {'value': 14.0, 'displayValue': '14', 'period': 3}
 {'value': 0.0, 'displayValue': '0', 'period': 4}]","[{'name': 'overall', 'abbreviation': 'Game', 'type': 'total', 'summary': '0-1'}
 {'name': 'Home', 'abbreviation': None, 'type': 'home', 'summary': '0-1'}
 {'name': 'Road', 'abbreviation': None, 'type': 'road', 'summary': '0-0'}
 {'name': 'vs. Conf.', 'abbreviation': None, 'type': 'vsconf', 'summary': '0-1'}]",245,s:20~l:23~t:245,Texas A&M,Aggies,TA&M,Texas A&M Aggies,Texas A&M,500000,ffffff,True,3795,https://a.espncdn.com/i/teamlogos/ncaa/500/245.png,8,52,True,21,"[{'value': 10.0, 'displayValue': '10', 'period': 1}
 {'value': 21.0, 'displayValue': '21', 'period': 2}
 {'value': 14.0, 'displayValue': '14', 'period': 3}
 {'value': 7.0, 'displayValue': '7', 'period': 4}]","[{'name': 'overall', 'abbreviation': 'Game', 'type': 'total', 'summary': '1-0'}
 {'name': 'Home', 'abbreviation': None, 'type': 'home', 'summary': '0-0'}
 {'name': 'Road', 'abbreviation': None, 'type': 'road', 'summary': '1-0'}
 {'name': 'vs. Conf.', 'abbreviation': None, 'type': 'vsconf', 'summary': '1-0'}]",400548402,2014,2,1,8,Southeastern Conference,SEC,True,
400548169,s:20~l:23~e:400548169~c:400548169,2014-08-29T00:00Z,32823,True,False,True,False,True,False,2014-08-29T00:00Z,ESPN,[],,,national,ESPN,1,STD,3495,Georgia Dome,Atlanta,GA,USA,True,0.0,0:00,4,3,STATUS_FINAL,post,True,Final,Final,Final,4,145,s:20~l:23~t:145,Ole Miss,Rebels,MISS,Ole Miss Rebels,Ole Miss,13294b,cf142b,True,3974,https://a.espncdn.com/i/teamlogos/ncaa/500/145.png,8,35,True,18,"[{'value': 7.0, 'displayValue': '7', 'period': 1}
 {'value': 0.0, 'displayValue': '0', 'period': 2}
 {'value': 0.0, 'displayValue': '0', 'period': 3}
 {'value': 28.0, 'displayValue': '28', 'period': 4}]","[{'name': 'overall', 'abbreviation': 'Game', 'type': 'total', 'summary': '1-0'}
 {'name': 'Home', 'abbreviation': None, 'type': 'home', 'summary': '0-0'}
 {'name': 'Road', 'abbreviation': None, 'type': 'road', 'summary': '0-0'}
 {'name': 'vs. Conf.', 'abbreviation': None, 'type': 'vsconf', 'summary': '0-0'}]",68,s:20~l:23~t:68,Boise State,Broncos,BSU,Boise State Broncos,Boise St,0033a0,d64309,True,3653,https://a.espncdn.com/i/teamlogos/ncaa/500/68.png,17,13,False,99,"[{'value': 0.0, 'displayValue': '0', 'period': 1}
 {'value': 3.0, 'displayValue': '3', 'period': 2}
 {'value': 3.0, 'displayValue': '3', 'period': 3}
 {'value': 7.0, 'displayValue': '7', 'period': 4}]","[{'name': 'overall', 'abbreviation': 'Game', 'type': 'total', 'summary': '0-1'}
 {'name': 'Home', 'abbreviation': None, 'type': 'home', 'summary': '0-0'}
 {'name': 'Road', 'abbreviation': None, 'type': 'road', 'summary': '0-0'}
 {'name': 'vs. Conf.', 'abbreviation': None, 'type': 'vsconf', 'summary': '0-0'}]",400548169,2014,2,1,,,,,
400548255,s:20~l:23~e:400548255~c:400548255,2014-08-29T02:30Z,52133,True,False,False,False,True,False,2014-08-29T02:30Z,PACN,[],,,national,PACN,1,STD,3947,Mountain America Stadium,Tempe,AZ,USA,False,0.0,0:00,4,3,STATUS_FINAL,post,True,Final,Final,Final,4,9,s:20~l:23~t:9,Arizona State,Sun Devils,ASU,Arizona State Sun Devils,Arizona State,ffc627,8c1d40,True,3947,https://a.espncdn.com/i/teamlogos/ncaa/500/9.png,9,45,True,19,"[{'value': 17.0, 'displayValue': '17', 'period': 1}
 {'value': 14.0, 'displayValue': '14', 'period': 2}
 {'value': 14.0, 'displayValue': '14', 'period': 3}
 {'value': 0.0, 'displayValue': '0', 'period': 4}]","[{'name': 'overall', 'abbreviation': 'Game', 'type': 'total', 'summary': '1-0'}
 {'name': 'Home', 'abbreviation': None, 'type': 'home', 'summary': '1-0'}
 {'name': 'Road', 'abbreviation': None, 'type': 'road', 'summary': '0-0'}
 {'name': 'vs. Conf.', 'abbreviation': None, 'type': 'vsconf', 'summary': '0-0'}]",2692,s:20~l:23~t:2692,Weber State,Wildcats,WEB,Weber State Wildcats,Weber State,18005a,ebebeb,True,3942,https://a.espncdn.com/i/teamlogos/ncaa/500/2692.png,20,14,False,99,"[{'value': 0.0, 'displayValue': '0', 'period': 1}
 {'value': 0.0, 'displayValue': '0', 'period': 2}
 {'value': 7.0, 'displayValue': '7', 'period': 3}
 {'value': 7.0, 'displayValue': '7', 'period': 4}]","[{'name': 'overall', 'abbreviation': 'Game', 'type': 'total', 'summary': '0-1'}
 {'name': 'Home', 'abbreviation': None, 'type': 'home', 'summary': '0-0'}
 {'name': 'Road', 'abbreviation': None, 'type': 'road', 'summary': '0-1'}
 {'name': 'vs. Conf.', 'abbreviation': None, 'type': 'vsconf', 'summary': '0-0'}]",400548255,2014,2,1,,,,,
400547829,s:20~l:23~e:400547829~c:400547829,2014-08-28T23:00Z,21003,True,False,False,False,True,False,2014-08-28T23:00Z,ESPNU,[],,,national,ESPNU,1,STD,3817,Malone Stadium,Monroe,LA,USA,False,0.0,0:00,4,3,STATUS_FINAL,post,True,Final,Final,Final,4,2433,s:20~l:23~t:2433,Louisiana Monroe,Warhawks,ULM,Louisiana Monroe Warhawks,UL Monroe,840029,fdb913,False,3817,https://a.espncdn.com/i/teamlogos/ncaa/500/2433.png,37,17,True,99,"[{'value': 0.0, 'displayValue': '0', 'period': 1}
 {'value': 0.0, 'displayValue': '0', 'period': 2}
 {'value': 10.0, 'displayValue': '10', 'period': 3}
 {'value': 7.0, 'displayValue': '7', 'period': 4}]","[{'name': 'overall', 'abbreviation': 'Game', 'type': 'total', 'summary': '1-0'}
 {'name': 'Home', 'abbreviation': None, 'type': 'home', 'summary': '1-0'}
 {'name': 'Road', 'abbreviation': None, 'type': 'road', 'summary': '0-0'}
 {'name': 'vs. Conf.', 'abbreviation': None, 'type': 'vsconf', 'summary': '0-0'}]",154,s:20~l:23~t:154,Wake Forest,Demon Deacons,WAKE,Wake Forest Demon Deacons,Wake Forest,ceb888,2c2a29,True,3630,https://a.espncdn.com/i/teamlogos/ncaa/500/154.png,1,10,False,99,"[{'value': 7.0, 'displayValue': '7', 'period': 1}
 {'value': 3.0, 'displayValue': '3', 'period': 2}
 {'value': 0.0, 'displayValue': '0', 'period': 3}
 {'value': 0.0, 'displayValue': '0', 'period': 4}]","[{'name': 'overall', 'abbreviation': 'Game', 'type': 'total', 'summary': '0-1'}
 {'name': 'Home', 'abbreviation': None, 'type': 'home', 'summary': '0-0'}
 {'name': 'Road', 'abbreviation': None, 'type': 'road', 'summary': '0-1'}
 {'name': 'vs. Conf.', 'abbreviation': None, 'type': 'vsconf', 'summary': '0-0'}]",400547829,2014,2,1,,,,,
400547960,s:20~l:23~e:400547960~c:400547960,2014-08-28T23:00Z,0,True,False,False,False,True,False,2014-08-28T23:00Z,BTN,[],,,national,BTN,1,STD,3953,Huntington Bank Stadium,Minneapolis,MN,USA,False,0.0,0:00,4,3,STATUS_FINAL,post,True,Final,Final,Final,4,135,s:20~l:23~t:135,Minnesota,Golden Gophers,MINN,Minnesota Golden Gophers,Minnesota,5e0a2f,fab41c,True,3953,https://a.espncdn.com/i/teamlogos/ncaa/500/135.png,5,42,True,99,"[{'value': 7.0, 'displayValue': '7', 'period': 1}
 {'value': 7.0, 'displayValue': '7', 'period': 2}
 {'value': 7.0, 'displayValue': '7', 'period': 3}
 {'value': 21.0, 'displayValue': '21', 'period': 4}]","[{'name': 'overall', 'abbreviation': 'Game', 'type': 'total', 'summary': '1-0'}
 {'name': 'Home', 'abbreviation': None, 'type': 'home', 'summary': '1-0'}
 {'name': 'Road', 'abbreviation': None, 'type': 'road', 'summary': '0-0'}
 {'name': 'vs. Conf.', 'abbreviation': None, 'type': 'vsconf', 'summary': '0-0'}]",2197,s:20~l:23~t:2197,Eastern Illinois,Panthers,EIU,Eastern Illinois Panthers,E Illinois,000000,bebab9,True,3858,https://a.espncdn.com/i/teamlogos/ncaa/500/2197.png,26,20,False,99,"[{'value': 0.0, 'displayValue': '0', 'period': 1}
 {'value': 0.0, 'displayValue': '0', 'period': 2}
 {'value': 0.0, 'displayValue': '0', 'period': 3}
 {'value': 20.0, 'displayValue': '20', 'period': 4}]","[{'name': 'overall', 'abbreviation': 'Game', 'type': 'total', 'summary': '0-1'}
 {'name': 'Home', 'abbreviation': None, 'type': 'home', 'summary': '0-0'}
 {'name': 'Road', 'abbreviation': None, 'type': 'road', 'summary': '0-1'}
 {'name': 'vs. Conf.', 'abbreviation': None, 'type': 'vsconf', 'summary': '0-0'}]",400547960,2014,2,1,,,,,
400548090,s:20~l:23~e:400548090~c:400548090,2014-08-28T23:00Z,9104,True,False,False,False,True,False,2014-08-28T23:00Z,ESPN3,[],,,national,ESPN3,1,STD,3768,InfoCision Stadium,Akron,OH,USA,False,0.0,0:00,4,3,STATUS_FINAL,post,True,Final,Final,Final,4,2006,s:20~l:23~t:2006,Akron,Zips,AKR,Akron Zips,Akron,041e42,c5b783,True,3768,https://a.espncdn.com/i/teamlogos/ncaa/500/2006.png,15,41,True,99,"[{'value': 21.0, 'displayValue': '21', 'period': 1}
 {'value': 0.0, 'displayValue': '0', 'period': 2}
 {'value': 13.0, 'displayValue': '13', 'period': 3}
 {'value': 7.0, 'displayValue': '7', 'period': 4}]","[{'name': 'overall', 'abbreviation': 'Game', 'type': 'total', 'summary': '1-0'}
 {'name': 'Home', 'abbreviation': None, 'type': 'home', 'summary': '1-0'}
 {'name': 'Road', 'abbreviation': None, 'type': 'road', 'summary': '0-0'}
 {'name': 'vs. Conf.', 'abbreviation': None, 'type': 'vsconf', 'summary': '0-0'}]",47,s:20~l:23~t:47,Howard,Bison,HOW,Howard Bison,Howard,003a63,e51937,True,3990,https://a.espncdn.com/i/teamlogos/ncaa/500/47.png,24,0,False,99,"[{'value': 0.0, 'displayValue': '0', 'period': 1}
 {'value': 0.0, 'displayValue': '0', 'period': 2}
 {'value': 0.0, 'displayValue': '0', 'period': 3}
 {'value': 0.0, 'displayValue': '0', 'period': 4}]","[{'name': 'overall', 'abbreviation': 'Game', 'type': 'total', 'summary': '0-1'}
 {'name': 'Home', 'abbreviation': None, 'type': 'home', 'summary': '0-0'}
 {'name': 'Road', 'abbreviation': None, 'type': 'road', 'summary': '0-1'}
 {'name': 'vs. Conf.', 'abbreviation': None, 'type': 'vsconf', 'summary': '0-0'}]",400548090,2014,2,1,,,,,
400548091,s:20~l:23~e:400548091~c:400548091,2014-08-28T23:00Z,12398,True,False,False,False,True,False,2014-08-28T23:00Z,ESPN3,[],,,national,ESPN3,1,STD,3764,Huskie Stadium,Dekalb,IL,USA,False,0.0,0:00,4,3,STATUS_FINAL,post,True,Final,Final,Final,4,2459,s:20~l:23~t:2459,Northern Illinois,Huskies,NIU,Northern Illinois Huskies,N Illinois,c8102e,000000,True,3764,https://a.espncdn.com/i/teamlogos/ncaa/500/2459.png,15,55,True,99,"[{'value': 17.0, 'displayValue': '17', 'period': 1}
 {'value': 17.0, 'displayValue': '17', 'period': 2}
 {'value': 21.0, 'displayValue': '21', 'period': 3}
 {'value': 0.0, 'displayValue': '0', 'period': 4}]","[{'name': 'overall', 'abbreviation': 'Game', 'type': 'total', 'summary': '1-0'}
 {'name': 'Home', 'abbreviation': None, 'type': 'home', 'summary': '1-0'}
 {'name': 'Road', 'abbreviation': None, 'type': 'road', 'summary': '0-0'}
 {'name': 'vs. Conf.', 'abbreviation': None, 'type': 'vsconf', 'summary': '0-0'}]",2506,s:20~l:23~t:2506,Presbyterian College,Blue Hose,PRE,Presbyterian College Blue Hose,Presbyterian,194896,990134,False,3627,https://a.espncdn.com/i/teamlogos/ncaa/500/2506.png,40,3,False,99,"[{'value': 0.0, 'displayValue': '0', 'period': 1}
 {'value': 0.0, 'displayValue': '0', 'period': 2}
 {'value': 3.0, 'displayValue': '3', 'period': 3}
 {'value': 0.0, 'displayValue': '0', 'period': 4}]","[{'name': 'overall', 'abbreviation': 'Game', 'type': 'total', 'summary': '0-1'}
 {'name': 'Home', 'abbreviation': None, 'type': 'home', 'summary': '0-0'}
 {'name': 'Road', 'abbreviation': None, 'type': 'road', 'summary': '0-1'}
 {'name': 'vs. Conf.', 'abbreviation': None, 'type': 'vsconf', 'summary': '0-0'}]",400548091,2014,2,1,,,,,
400548092,s:20~l:23~e:400548092~c:400548092,2014-08-28T23:00Z,15793,True,False,False,False,True,False,2014-08-28T23:00Z,ESPN3,[],,,national,ESPN3,1,STD,3786,Kelly/Shorts Stadium,Mount Pleasant,MI,USA,False,0.0,0:00,4,3,STATUS_FINAL,post,True,Final,Final,Final,4,2117,s:20~l:23~t:2117,Central Michigan,Chippewas,CMU,Central Michigan Chippewas,Cent Michigan,4c0027,fbab18,True,3786,https://a.espncdn.com/i/teamlogos/ncaa/500/2117.png,15,20,True,99,"[{'value': 0.0, 'displayValue': '0', 'period': 1}
 {'value': 7.0, 'displayValue': '7', 'period': 2}
 {'value': 13.0, 'displayValue': '13', 'period': 3}
 {'value': 0.0, 'displayValue': '0', 'period': 4}]","[{'name': 'overall', 'abbreviation': 'Game', 'type': 'total', 'summary': '1-0'}
 {'name': 'Home', 'abbreviation': None, 'type': 'home', 'summary': '1-0'}
 {'name': 'Road', 'abbreviation': None, 'type': 'road', 'summary': '0-0'}
 {'name': 'vs. Conf.', 'abbreviation': None, 'type': 'vsconf', 'summary': '0-0'}]",236,s:20~l:23~t:236,Chattanooga,Mocs,CHAT,Chattanooga Mocs,Chattanooga,00386b,dca71d,True,3720,https://a.espncdn.com/i/teamlogos/ncaa/500/236.png,29,16,False,99,"[{'value': 3.0, 'displayValue': '3', 'period': 1}
 {'value': 13.0, 'displayValue': '13', 'period': 2}
 {'value': 0.0, 'displayValue': '0', 'period': 3}
 {'value': 0.0, 'displayValue': '0', 'period': 4}]","[{'name': 'overall', 'abbreviation': 'Game', 'type': 'total', 'summary': '0-1'}
 {'name': 'Home', 'abbreviation': None, 'type': 'home', 'summary': '0-0'}
 {'name': 'Road', 'abbreviation': None, 'type': 'road', 'summary': '0-1'}
 {'name': 'vs. Conf.', 'abbreviation': None, 'type': 'vsconf', 'summary': '0-0'}]",400548092,2014,2,1,,,,,
400557454,s:20~l:23~e:400557454~c:400557454,2014-08-28T23:00Z,9284,True,False,False,False,True,False,2014-08-28T23:00Z,,[],,,,,1,STD,3963,Turpin Stadium,Natchitoches,LA,USA,False,0.0,0:00,4,3,STATUS_FINAL,post,True,Final,Final,Final,4,2466,s:20~l:23~t:2466,Northwestern State,Demons,NWST,Northwestern State Demons,Northwestern St,492F91,ed6118,True,3963,https://a.espncdn.com/i/teamlogos/ncaa/500/2466.png,30,27,False,99,"[{'value': 10.0, 'displayValue': '10', 'period': 1}
 {'value': 14.0, 'displayValue': '14', 'period': 2}
 {'value': 0.0, 'displayValue': '0', 'period': 3}
 {'value': 3.0, 'displayValue': '3', 'period': 4}]","[{'name': 'overall', 'abbreviation': 'Game', 'type': 'total', 'summary': '0-1'}
 {'name': 'Home', 'abbreviation': None, 'type': 'home', 'summary': '0-1'}
 {'name': 'Road', 'abbreviation': None, 'type': 'road', 'summary': '0-0'}
 {'name': 'vs. Conf.', 'abbreviation': None, 'type': 'vsconf', 'summary': '0-0'}]",2623,s:20~l:23~t:2623,Missouri State,Bears,MOST,Missouri State Bears,Missouri State,5e0009,ffffff,True,3878,https://a.espncdn.com/i/teamlogos/ncaa/500/2623.png,21,34,True,99,"[{'value': 0.0, 'displayValue': '0', 'period': 1}
 {'value': 7.0, 'displayValue': '7', 'period': 2}
 {'value': 7.0, 'displayValue': '7', 'period': 3}
 {'value': 20.0, 'displayValue': '20', 'period': 4}]","[{'name': 'overall', 'abbreviation': 'Game', 'type': 'total', 'summary': '1-0'}
 {'name': 'Home', 'abbreviation': None, 'type': 'home', 'summary': '0-0'}
 {'name': 'Road', 'abbreviation': None, 'type': 'road', 'summary': '1-0'}
 {'name': 'vs. Conf.', 'abbreviation': None, 'type': 'vsconf', 'summary': '0-0'}]",400557454,2014,2,1,,,,,
400558114,s:20~l:23~e:400558114~c:400558114,2014-08-28T23:00Z,6472,True,False,False,False,False,False,2014-08-28T23:00Z,,[],,,,,1,STD,3629,Barker-Lane Stadium,Buies Creek,NC,USA,False,0.0,0:00,4,3,STATUS_FINAL,post,True,Final,Final,Final,4,2097,s:20~l:23~t:2097,Campbell,Camels,CAMP,Campbell Camels,Campbell,000000,,False,3629,https://a.espncdn.com/i/teamlogos/ncaa/500/2097.png,28,9,False,99,"[{'value': 0.0, 'displayValue': '0', 'period': 1}
 {'value': 3.0, 'displayValue': '3', 'period': 2}
 {'value': 0.0, 'displayValue': '0', 'period': 3}
 {'value': 6.0, 'displayValue': '6', 'period': 4}]","[{'name': 'overall', 'abbreviation': 'Game', 'type': 'total', 'summary': '0-1'}
 {'name': 'Home', 'abbreviation': None, 'type': 'home', 'summary': '0-1'}
 {'name': 'Road', 'abbreviation': None, 'type': 'road', 'summary': '0-0'}
 {'name': 'vs. Conf.', 'abbreviation': None, 'type': 'vsconf', 'summary': '0-0'}]",2429,s:20~l:23~t:2429,Charlotte,49ers,CHAR,Charlotte 49ers,Charlotte,005035,a49665,True,4418,https://a.espncdn.com/i/teamlogos/ncaa/500/2429.png,32,33,True,99,"[{'value': 6.0, 'displayValue': '6', 'period': 1}
 {'value': 0.0, 'displayValue': '0', 'period': 2}
 {'value': 21.0, 'displayValue': '21', 'period': 3}
 {'value': 6.0, 'displayValue': '6', 'period': 4}]","[{'name': 'overall', 'abbreviation': 'Game', 'type': 'total', 'summary': '1-0'}
 {'name': 'Home', 'abbreviation': None, 'type': 'home', 'summary': '0-0'}
 {'name': 'Road', 'abbreviation': None, 'type': 'road', 'summary': '1-0'}
 {'name': 'vs. Conf.', 'abbreviation': None, 'type': 'vsconf', 'summary': '0-0'}]",400558114,2014,2,1,,,,,
400548256,s:20~l:23~e:400548256~c:400548256,2014-08-28T23:30Z,45925,True,False,False,False,True,False,2014-08-28T23:30Z,PACN,[],,,national,PACN,1,STD,587,Rice-Eccles Stadium,Salt Lake City,UT,USA,False,0.0,0:00,4,3,STATUS_FINAL,post,True,Final,Final,Final,4,254,s:20~l:23~t:254,Utah,Utes,UTAH,Utah Utes,Utah,be0000,ffffff,True,587,https://a.espncdn.com/i/teamlogos/ncaa/500/254.png,9,56,True,99,"[{'value': 14.0, 'displayValue': '14', 'period': 1}
 {'value': 21.0, 'displayValue': '21', 'period': 2}
 {'value': 14.0, 'displayValue': '14', 'period': 3}
 {'value': 7.0, 'displayValue': '7', 'period': 4}]","[{'name': 'overall', 'abbreviation': 'Game', 'type': 'total', 'summary': '1-0'}
 {'name': 'Home', 'abbreviation': None, 'type': 'home', 'summary': '1-0'}
 {'name': 'Road', 'abbreviation': None, 'type': 'road', 'summary': '0-0'}
 {'name': 'vs. Conf.', 'abbreviation': None, 'type': 'vsconf', 'summary': '0-0'}]",304,s:20~l:23~t:304,Idaho State,Bengals,IDST,Idaho State Bengals,Idaho State,ef8c00,e9a126,True,1930,https://a.espncdn.com/i/teamlogos/ncaa/500/304.png,20,14,False,99,"[{'value': 7.0, 'displayValue': '7', 'period': 1}
 {'value': 0.0, 'displayValue': '0', 'period': 2}
 {'value': 7.0, 'displayValue': '7', 'period': 3}
 {'value': 0.0, 'displayValue': '0', 'period': 4}]","[{'name': 'overall', 'abbreviation': 'Game', 'type': 'total', 'summary': '0-1'}
 {'name': 'Home', 'abbreviation': None, 'type': 'home', 'summary': '0-0'}
 {'name': 'Road', 'abbreviation': None, 'type': 'road', 'summary': '0-1'}
 {'name': 'vs. Conf.', 'abbreviation': None, 'type': 'vsconf', 'summary': '0-0'}]",400548256,2014,2,1,,,,,
400547647,s:20~l:23~e:400547647~c:400547647,2014-08-29T00:00Z,19032,True,False,False,True,True,False,2014-08-29T00:00Z,CBSSN,[],,,national,CBSSN,1,STD,3674,H. A. Chapman Stadium,Tulsa,OK,USA,False,0.0,0:00,6,3,STATUS_FINAL,post,True,Final,Final/2OT,Final/2OT,4,202,s:20~l:23~t:202,Tulsa,Golden Hurricane,TLSA,Tulsa Golden Hurricane,Tulsa,003595,d0b787,True,3674,https://a.espncdn.com/i/teamlogos/ncaa/500/202.png,151,38,True,99,"[{'value': 0.0, 'displayValue': '0', 'period': 1}
 {'value': 14.0, 'displayValue': '14', 'period': 2}
 {'value': 3.0, 'displayValue': '3', 'period': 3}
 {'value': 11.0, 'displayValue': '11', 'period': 4}
 {'value': 3.0, 'displayValue': '3', 'period': 5}
 {'value': 7.0, 'displayValue': '7', 'period': 6}]","[{'name': 'overall', 'abbreviation': 'Game', 'type': 'total', 'summary': '1-0'}
 {'name': 'Home', 'abbreviation': None, 'type': 'home', 'summary': '1-0'}
 {'name': 'Road', 'abbreviation': None, 'type': 'road', 'summary': '0-0'}
 {'name': 'vs. Conf.', 'abbreviation': None, 'type': 'vsconf', 'summary': '1-0'}]",2655,s:20~l:23~t:2655,Tulane,Green Wave,TULN,Tulane Green Wave,Tulane,006747,418fde,True,4729,https://a.espncdn.com/i/teamlogos/ncaa/500/2655.png,151,31,False,99,"[{'value': 7.0, 'displayValue': '7', 'period': 1}
 {'value': 14.0, 'displayValue': '14', 'period': 2}
 {'value': 0.0, 'displayValue': '0', 'period': 3}
 {'value': 7.0, 'displayValue': '7', 'period': 4}
 {'value': 3.0, 'displayValue': '3', 'period': 5}
 {'value': 0.0, 'displayValue': '0', 'period': 6}]","[{'name': 'overall', 'abbreviation': 'Game', 'type': 'total', 'summary': '0-1'}
 {'name': 'Home', 'abbreviation': None, 'type': 'home', 'summary': '0-0'}
 {'name': 'Road', 'abbreviation': None, 'type': 'road', 'summary': '0-1'}
 {'name': 'vs. Conf.', 'abbreviation': None, 'type': 'vsconf', 'summary': '0-1'}]",400547647,2014,2,1,151,American Conference,American,True,2OT
400548404,s:20~l:23~e:400548404~c:400548404,2014-08-29T00:00Z,13772,True,False,False,False,True,False,2014-08-29T00:00Z,ESPN3,[],,,national,ESPN3,1,STD,3601,Aggie Memorial Stadium,Las Cruces,NM,USA,False,0.0,0:00,4,3,STATUS_FINAL,post,True,Final,Final,Final,4,166,s:20~l:23~t:166,New Mexico State,Aggies,NMSU,New Mexico State Aggies,New Mexico St,7e141b,231f20,True,3601,https://a.espncdn.com/i/teamlogos/ncaa/500/166.png,37,28,True,99,"[{'value': 7.0, 'displayValue': '7', 'period': 1}
 {'value': 7.0, 'displayValue': '7', 'period': 2}
 {'value': 7.0, 'displayValue': '7', 'period': 3}
 {'value': 7.0, 'displayValue': '7', 'period': 4}]","[{'name': 'overall', 'abbreviation': 'Game', 'type': 'total', 'summary': '1-0'}
 {'name': 'Home', 'abbreviation': None, 'type': 'home', 'summary': '1-0'}
 {'name': 'Road', 'abbreviation': None, 'type': 'road', 'summary': '0-0'}
 {'name': 'vs. Conf.', 'abbreviation': None, 'type': 'vsconf', 'summary': '0-0'}]",13,s:20~l:23~t:13,Cal Poly,Mustangs,CP,Cal Poly Mustangs,Cal Poly,1E4D2B,eed897,True,3851,https://a.espncdn.com/i/teamlogos/ncaa/500/13.png,20,10,False,99,"[{'value': 7.0, 'displayValue': '7', 'period': 1}
 {'value': 3.0, 'displayValue': '3', 'period': 2}
 {'value': 0.0, 'displayValue': '0', 'period': 3}
 {'value': 0.0, 'displayValue': '0', 'period': 4}]","[{'name': 'overall', 'abbreviation': 'Game', 'type': 'total', 'summary': '0-1'}
 {'name': 'Home', 'abbreviation': None, 'type': 'home', 'summary': '0-0'}
 {'name': 'Road', 'abbreviation': None, 'type': 'road', 'summary': '0-1'}
 {'name': 'vs. Conf.', 'abbreviation': None, 'type': 'vsconf', 'summary': '0-0'}]",400548404,2014,2,1,,,,,
400547993,s:20~l:23~e:400547993~c:400547993,2014-08-29T02:00Z,30927,True,False,False,False,True,False,2014-08-29T02:00Z,FS1,[],,,national,FS1,1,STD,3673,Lumen Field,Seattle,WA,USA,False,0.0,0:00,4,3,STATUS_FINAL,post,True,Final,Final,Final,4,265,s:20~l:23~t:265,Washington State,Cougars,WSU,Washington State Cougars,Washington St,a60f2d,4d4d4d,True,3820,https://a.espncdn.com/i/teamlogos/ncaa/500/265.png,9,38,False,99,"[{'value': 3.0, 'displayValue': '3', 'period': 1}
 {'value': 14.0, 'displayValue': '14', 'period': 2}
 {'value': 14.0, 'displayValue': '14', 'period': 3}
 {'value': 7.0, 'displayValue': '7', 'period': 4}]","[{'name': 'overall', 'abbreviation': 'Game', 'type': 'total', 'summary': '0-1'}
 {'name': 'Home', 'abbreviation': None, 'type': 'home', 'summary': '0-1'}
 {'name': 'Road', 'abbreviation': None, 'type': 'road', 'summary': '0-0'}
 {'name': 'vs. Conf.', 'abbreviation': None, 'type': 'vsconf', 'summary': '0-0'}]",164,s:20~l:23~t:164,Rutgers,Scarlet Knights,RUTG,Rutgers Scarlet Knights,Rutgers,ce0e2d,ffffff,True,3754,https://a.espncdn.com/i/teamlogos/ncaa/500/164.png,5,41,True,99,"[{'value': 7.0, 'displayValue': '7', 'period': 1}
 {'value': 14.0, 'displayValue': '14', 'period': 2}
 {'value': 3.0, 'displayValue': '3', 'period': 3}
 {'value': 17.0, 'displayValue': '17', 'period': 4}]","[{'name': 'overall', 'abbreviation': 'Game', 'type': 'total', 'summary': '1-0'}
 {'name': 'Home', 'abbreviation': None, 'type': 'home', 'summary': '0-0'}
 {'name': 'Road', 'abbreviation': None, 'type': 'road', 'summary': '1-0'}
 {'name': 'vs. Conf.', 'abbreviation': None, 'type': 'vsconf', 'summary': '0-0'}]",400547993,2014,2,1,,,,,
400553383,s:20~l:23~e:400553383~c:400553383,2014-08-29T02:00Z,10371,True,False,False,False,True,False,2014-08-29T02:00Z,ESPN3,[],,,national,ESPN3,1,STD,3935,CEFCU Stadium,San Jose,CA,USA,False,0.0,0:00,4,3,STATUS_FINAL,post,True,Final,Final,Final,4,23,s:20~l:23~t:23,San Jose State,Spartans,SJSU,San Jose State Spartans,San Jose State,0038a8,ffb81a,False,3935,https://a.espncdn.com/i/teamlogos/ncaa/500/23.png,17,42,True,99,"[{'value': 14.0, 'displayValue': '14', 'period': 1}
 {'value': 7.0, 'displayValue': '7', 'period': 2}
 {'value': 14.0, 'displayValue': '14', 'period': 3}
 {'value': 7.0, 'displayValue': '7', 'period': 4}]","[{'name': 'overall', 'abbreviation': 'Game', 'type': 'total', 'summary': '1-0'}
 {'name': 'Home', 'abbreviation': None, 'type': 'home', 'summary': '1-0'}
 {'name': 'Road', 'abbreviation': None, 'type': 'road', 'summary': '0-0'}
 {'name': 'vs. Conf.', 'abbreviation': None, 'type': 'vsconf', 'summary': '0-0'}]",155,s:20~l:23~t:155,North Dakota,,UND,North Dakota,North Dakota,00A26B,c2c3c0,False,3605,https://a.espncdn.com/i/teamlogos/ncaa/500/155.png,20,10,False,99,"[{'value': 0.0, 'displayValue': '0', 'period': 1}
 {'value': 3.0, 'displayValue': '3', 'period': 2}
 {'value': 0.0, 'displayValue': '0', 'period': 3}
 {'value': 7.0, 'displayValue': '7', 'period': 4}]","[{'name': 'overall', 'abbreviation': 'Game', 'type': 'total', 'summary': '0-1'}
 {'name': 'Home', 'abbreviation': None, 'type': 'home', 'summary': '0-0'}
 {'name': 'Road', 'abbreviation': None, 'type': 'road', 'summary': '0-1'}
 {'name': 'vs. Conf.', 'abbreviation': None, 'type': 'vsconf', 'summary': '0-0'}]",400553383,2014,2,1,,,,,
400547640,s:20~l:23~e:400547640~c:400547640,2014-08-29T02:50Z,31731,True,False,False,False,True,False,2014-08-29T02:50Z,SEC Network,[],,,national,SEC Network,1,STD,3973,FirstBank Stadium,Nashville,TN,USA,False,0.0,0:00,4,3,STATUS_FINAL,post,True,Final,Final,Final,4,238,s:20~l:23~t:238,Vanderbilt,Commodores,VAN,Vanderbilt Commodores,Vanderbilt,000000,cfae70,True,3973,https://a.espncdn.com/i/teamlogos/ncaa/500/238.png,8,7,False,99,"[{'value': 0.0, 'displayValue': '0', 'period': 1}
 {'value': 7.0, 'displayValue': '7', 'period': 2}
 {'value': 0.0, 'displayValue': '0', 'period': 3}
 {'value': 0.0, 'displayValue': '0', 'period': 4}]","[{'name': 'overall', 'abbreviation': 'Game', 'type': 'total', 'summary': '0-1'}
 {'name': 'Home', 'abbreviation': None, 'type': 'home', 'summary': '0-1'}
 {'name': 'Road', 'abbreviation': None, 'type': 'road', 'summary': '0-0'}
 {'name': 'vs. Conf.', 'abbreviation': None, 'type': 'vsconf', 'summary': '0-0'}]",218,s:20~l:23~t:218,Temple,Owls,TEM,Temple Owls,Temple,a41e35,ffffff,True,3806,https://a.espncdn.com/i/teamlogos/ncaa/500/218.png,151,37,True,99,"[{'value': 7.0, 'displayValue': '7', 'period': 1}
 {'value': 14.0, 'displayValue': '14', 'period': 2}
 {'value': 13.0, 'displayValue': '13', 'period': 3}
 {'value': 3.0, 'displayValue': '3', 'period': 4}]","[{'name': 'overall', 'abbreviation': 'Game', 'type': 'total', 'summary': '1-0'}
 {'name': 'Home', 'abbreviation': None, 'type': 'home', 'summary': '0-0'}
 {'name': 'Road', 'abbreviation': None, 'type': 'road', 'summary': '1-0'}
 {'name': 'vs. Conf.', 'abbreviation': None, 'type': 'vsconf', 'summary': '0-0'}]",400547640,2014,2,1,,,,,
400547952,s:20~l:23~e:400547952~c:400547952,2014-08-29T23:30Z,75127,True,False,False,False,True,False,2014-08-29T23:30Z,BTN,[],,,national,BTN,1,STD,3936,Spartan Stadium,East Lansing,MI,USA,False,0.0,0:00,4,3,STATUS_FINAL,post,True,Final,Final,Final,4,127,s:20~l:23~t:127,Michigan State,Spartans,MSU,Michigan State Spartans,Michigan State,173f35,ffffff,True,3936,https://a.espncdn.com/i/teamlogos/ncaa/500/127.png,5,45,True,8,"[{'value': 21.0, 'displayValue': '21', 'period': 1}
 {'value': 17.0, 'displayValue': '17', 'period': 2}
 {'value': 7.0, 'displayValue': '7', 'period': 3}
 {'value': 0.0, 'displayValue': '0', 'period': 4}]","[{'name': 'overall', 'abbreviation': 'Game', 'type': 'total', 'summary': '1-0'}
 {'name': 'Home', 'abbreviation': None, 'type': 'home', 'summary': '1-0'}
 {'name': 'Road', 'abbreviation': None, 'type': 'road', 'summary': '0-0'}
 {'name': 'vs. Conf.', 'abbreviation': None, 'type': 'vsconf', 'summary': '0-0'}]",55,s:20~l:23~t:55,Jacksonville State,Gamecocks,JVST,Jacksonville State Gamecocks,Jacksonville St,cc0000,000000,True,3662,https://a.espncdn.com/i/teamlogos/ncaa/500/55.png,26,7,False,99,"[{'value': 0.0, 'displayValue': '0', 'period': 1}
 {'value': 0.0, 'displayValue': '0', 'period': 2}
 {'value': 7.0, 'displayValue': '7', 'period': 3}
 {'value': 0.0, 'displayValue': '0', 'period': 4}]","[{'name': 'overall', 'abbreviation': 'Game', 'type': 'total', 'summary': '0-1'}
 {'name': 'Home', 'abbreviation': None, 'type': 'home', 'summary': '0-0'}
 {'name': 'Road', 'abbreviation': None, 'type': 'road', 'summary': '0-1'}
 {'name': 'vs. Conf.', 'abbreviation': None, 'type': 'vsconf', 'summary': '0-0'}]",400547952,2014,2,1,,,,,
400547641,s:20~l:23~e:400547641~c:400547641,2014-08-29T23:00Z,35150,True,False,False,False,True,False,2014-08-29T23:00Z,ESPN,[],,,national,ESPN,1,STD,3892,Pratt & Whitney Stadium,East Hartford,CT,USA,False,0.0,0:00,4,3,STATUS_FINAL,post,True,Final,Final,Final,4,41,s:20~l:23~t:41,Connecticut,Huskies,CONN,Connecticut Huskies,UConn,0c2340,a2aaad,False,3892,https://a.espncdn.com/i/teamlogos/ncaa/500/41.png,151,10,False,99,"[{'value': 0.0, 'displayValue': '0', 'period': 1}
 {'value': 7.0, 'displayValue': '7', 'period': 2}
 {'value': 0.0, 'displayValue': '0', 'period': 3}
 {'value': 3.0, 'displayValue': '3', 'period': 4}]","[{'name': 'overall', 'abbreviation': 'Game', 'type': 'total', 'summary': '0-1'}
 {'name': 'Home', 'abbreviation': None, 'type': 'home', 'summary': '0-1'}
 {'name': 'Road', 'abbreviation': None, 'type': 'road', 'summary': '0-0'}
 {'name': 'vs. Conf.', 'abbreviation': None, 'type': 'vsconf', 'summary': '0-0'}]",252,s:20~l:23~t:252,BYU,Cougars,BYU,BYU Cougars,BYU,0047ba,002e5d,True,3801,https://a.espncdn.com/i/teamlogos/ncaa/500/252.png,18,35,True,99,"[{'value': 14.0, 'displayValue': '14', 'period': 1}
 {'value': 14.0, 'displayValue': '14', 'period': 2}
 {'value': 0.0, 'displayValue': '0', 'period': 3}
 {'value': 7.0, 'displayValue': '7', 'period': 4}]","[{'name': 'overall', 'abbreviation': 'Game', 'type': 'total', 'summary': '1-0'}
 {'name': 'Home', 'abbreviation': None, 'type': 'home', 'summary': '0-0'}
 {'name': 'Road', 'abbreviation': None, 'type': 'road', 'summary': '1-0'}
 {'name': 'vs. Conf.', 'abbreviation': None, 'type': 'vsconf', 'summary': '0-0'}]",400547641,2014,2,1,,,,,
400547815,s:20~l:23~e:400547815~c:400547815,2014-08-29T23:30Z,41189,True,False,False,False,True,False,2014-08-29T23:30Z,ESPN3,[],,,national,ESPN3,1,STD,1964,JMA Wireless Dome,Syracuse,NY,USA,True,0.0,0:00,6,3,STATUS_FINAL,post,True,Final,Final/2OT,Final/2OT,4,183,s:20~l:23~t:183,Syracuse,Orange,SYR,Syracuse Orange,Syracuse,000e54,ff431b,True,1964,https://a.espncdn.com/i/teamlogos/ncaa/500/183.png,1,27,True,99,"[{'value': 7.0, 'displayValue': '7', 'period': 1}
 {'value': 3.0, 'displayValue': '3', 'period': 2}
 {'value': 7.0, 'displayValue': '7', 'period': 3}
 {'value': 0.0, 'displayValue': '0', 'period': 4}
 {'value': 3.0, 'displayValue': '3', 'period': 5}
 {'value': 7.0, 'displayValue': '7', 'period': 6}]","[{'name': 'overall', 'abbreviation': 'Game', 'type': 'total', 'summary': '1-0'}
 {'name': 'Home', 'abbreviation': None, 'type': 'home', 'summary': '1-0'}
 {'name': 'Road', 'abbreviation': None, 'type': 'road', 'summary': '0-0'}
 {'name': 'vs. Conf.', 'abbreviation': None, 'type': 'vsconf', 'summary': '0-0'}]",222,s:20~l:23~t:222,Villanova,Wildcats,NOVA,Villanova Wildcats,Villanova,00205b,13b5ea,True,717,https://a.espncdn.com/i/teamlogos/ncaa/500/222.png,48,26,False,99,"[{'value': 0.0, 'displayValue': '0', 'period': 1}
 {'value': 7.0, 'displayValue': '7', 'period': 2}
 {'value': 7.0, 'displayValue': '7', 'period': 3}
 {'value': 3.0, 'displayValue': '3', 'period': 4}
 {'value': 3.0, 'displayValue': '3', 'period': 5}
 {'value': 6.0, 'displayValue': '6', 'period': 6}]","[{'name': 'overall', 'abbreviation': 'Game', 'type': 'total', 'summary': '0-1'}
 {'name': 'Home', 'abbreviation': None, 'type': 'home', 'summary': '0-0'}
 {'name': 'Road', 'abbreviation': None, 'type': 'road', 'summary': '0-1'}
 {'name': 'vs. Conf.', 'abbreviation': None, 'type': 'vsconf', 'summary': '0-0'}]",400547815,2014,2,1,,,,,2OT
400548003,s:20~l:23~e:400548003~c:400548003,2014-08-29T23:30Z,17215,True,False,False,False,True,False,2014-08-29T23:30Z,CBSSN,[],,,national,CBSSN,1,STD,3796,Houchens Industries-L.T. Smith Stadium,Bowling Green,KY,USA,False,0.0,0:00,4,3,STATUS_FINAL,post,True,Final,Final,Final,4,98,s:20~l:23~t:98,Western Kentucky,Hilltoppers,WKU,Western Kentucky Hilltoppers,W Kentucky,e13a3e,ffffff,True,3796,https://a.espncdn.com/i/teamlogos/ncaa/500/98.png,12,59,True,99,"[{'value': 14.0, 'displayValue': '14', 'period': 1}
 {'value': 17.0, 'displayValue': '17', 'period': 2}
 {'value': 14.0, 'displayValue': '14', 'period': 3}
 {'value': 14.0, 'displayValue': '14', 'period': 4}]","[{'name': 'overall', 'abbreviation': 'Game', 'type': 'total', 'summary': '1-0'}
 {'name': 'Home', 'abbreviation': None, 'type': 'home', 'summary': '1-0'}
 {'name': 'Road', 'abbreviation': None, 'type': 'road', 'summary': '0-0'}
 {'name': 'vs. Conf.', 'abbreviation': None, 'type': 'vsconf', 'summary': '0-0'}]",189,s:20~l:23~t:189,Bowling Green,Falcons,BGSU,Bowling Green Falcons,Bowling Green,fd5000,4f2c1d,True,3700,https://a.espncdn.com/i/teamlogos/ncaa/500/189.png,15,31,False,99,"[{'value': 0.0, 'displayValue': '0', 'period': 1}
 {'value': 10.0, 'displayValue': '10', 'period': 2}
 {'value': 14.0, 'displayValue': '14', 'period': 3}
 {'value': 7.0, 'displayValue': '7', 'period': 4}]","[{'name': 'overall', 'abbreviation': 'Game', 'type': 'total', 'summary': '0-1'}
 {'name': 'Home', 'abbreviation': None, 'type': 'home', 'summary': '0-0'}
 {'name': 'Road', 'abbreviation': None, 'type': 'road', 'summary': '0-1'}
 {'name': 'vs. Conf.', 'abbreviation': None, 'type': 'vsconf', 'summary': '0-0'}]",400548003,2014,2,1,,,,,
400547644,s:20~l:23~e:400547644~c:400547644,2014-08-30T01:00Z,40755,True,False,False,False,True,False,2014-08-30T01:00Z,ESPNU,[],,,national,ESPNU,1,STD,4728,TDECU Stadium,Houston,TX,USA,False,0.0,0:00,4,3,STATUS_FINAL,post,True,Final,Final,Final,4,248,s:20~l:23~t:248,Houston,Cougars,HOU,Houston Cougars,Houston,c8102e,ffffff,True,453,https://a.espncdn.com/i/teamlogos/ncaa/500/248.png,151,7,False,99,"[{'value': 0.0, 'displayValue': '0', 'period': 1}
 {'value': 0.0, 'displayValue': '0', 'period': 2}
 {'value': 0.0, 'displayValue': '0', 'period': 3}
 {'value': 7.0, 'displayValue': '7', 'period': 4}]","[{'name': 'overall', 'abbreviation': 'Game', 'type': 'total', 'summary': '0-1'}
 {'name': 'Home', 'abbreviation': None, 'type': 'home', 'summary': '0-1'}
 {'name': 'Road', 'abbreviation': None, 'type': 'road', 'summary': '0-0'}
 {'name': 'vs. Conf.', 'abbreviation': None, 'type': 'vsconf', 'summary': '0-0'}]",2636,s:20~l:23~t:2636,UT San Antonio,Roadrunners,UTSA,UT San Antonio Roadrunners,UTSA,0c2340,f15a22,False,3604,https://a.espncdn.com/i/teamlogos/ncaa/500/2636.png,12,27,True,99,"[{'value': 7.0, 'displayValue': '7', 'period': 1}
 {'value': 7.0, 'displayValue': '7', 'period': 2}
 {'value': 10.0, 'displayValue': '10', 'period': 3}
 {'value': 3.0, 'displayValue': '3', 'period': 4}]","[{'name': 'overall', 'abbreviation': 'Game', 'type': 'total', 'summary': '1-0'}
 {'name': 'Home', 'abbreviation': None, 'type': 'home', 'summary': '0-0'}
 {'name': 'Road', 'abbreviation': None, 'type': 'road', 'summary': '1-0'}
 {'name': 'vs. Conf.', 'abbreviation': None, 'type': 'vsconf', 'summary': '0-0'}]",400547644,2014,2,1,,,,,
400548171,s:20~l:23~e:400548171~c:400548171,2014-08-30T01:00Z,63363,True,False,True,False,True,False,2014-08-30T01:00Z,FS1,[],,,national,FS1,1,STD,3937,Empower Field at Mile High,Denver,CO,USA,False,0.0,0:00,4,3,STATUS_FINAL,post,True,Final,Final,Final,4,38,s:20~l:23~t:38,Colorado,Buffaloes,COLO,Colorado Buffaloes,Colorado,cfb87c,000000,True,3726,https://a.espncdn.com/i/teamlogos/ncaa/500/38.png,9,17,False,99,"[{'value': 7.0, 'displayValue': '7', 'period': 1}
 {'value': 3.0, 'displayValue': '3', 'period': 2}
 {'value': 7.0, 'displayValue': '7', 'period': 3}
 {'value': 0.0, 'displayValue': '0', 'period': 4}]","[{'name': 'overall', 'abbreviation': 'Game', 'type': 'total', 'summary': '0-1'}
 {'name': 'Home', 'abbreviation': None, 'type': 'home', 'summary': '0-0'}
 {'name': 'Road', 'abbreviation': None, 'type': 'road', 'summary': '0-0'}
 {'name': 'vs. Conf.', 'abbreviation': None, 'type': 'vsconf', 'summary': '0-0'}]",36,s:20~l:23~t:36,Colorado State,Rams,CSU,Colorado State Rams,Colorado State,004c23,c8c372,True,3761,https://a.espncdn.com/i/teamlogos/ncaa/500/36.png,17,31,True,99,"[{'value': 0.0, 'displayValue': '0', 'period': 1}
 {'value': 7.0, 'displayValue': '7', 'period': 2}
 {'value': 7.0, 'displayValue': '7', 'period': 3}
 {'value': 17.0, 'displayValue': '17', 'period': 4}]","[{'name': 'overall', 'abbreviation': 'Game', 'type': 'total', 'summary': '1-0'}
 {'name': 'Home', 'abbreviation': None, 'type': 'home', 'summary': '0-0'}
 {'name': 'Road', 'abbreviation': None, 'type': 'road', 'summary': '0-0'}
 {'name': 'vs. Conf.', 'abbreviation': None, 'type': 'vsconf', 'summary': '0-0'}]",400548171,2014,2,1,,,,,
400548177,s:20~l:23~e:400548177~c:400548177,2014-08-30T02:30Z,50103,True,False,False,False,True,False,2014-08-30T02:30Z,ESPN,[],,,national,ESPN,1,STD,3619,Casino Del Sol Stadium,Tucson,AZ,USA,False,0.0,0:00,4,3,STATUS_FINAL,post,True,Final,Final,Final,4,12,s:20~l:23~t:12,Arizona,Wildcats,ARIZ,Arizona Wildcats,Arizona,cc0033,003366,True,3619,https://a.espncdn.com/i/teamlogos/ncaa/500/12.png,9,58,True,99,"[{'value': 14.0, 'displayValue': '14', 'period': 1}
 {'value': 10.0, 'displayValue': '10', 'period': 2}
 {'value': 24.0, 'displayValue': '24', 'period': 3}
 {'value': 10.0, 'displayValue': '10', 'period': 4}]","[{'name': 'overall', 'abbreviation': 'Game', 'type': 'total', 'summary': '1-0'}
 {'name': 'Home', 'abbreviation': None, 'type': 'home', 'summary': '1-0'}
 {'name': 'Road', 'abbreviation': None, 'type': 'road', 'summary': '0-0'}
 {'name': 'vs. Conf.', 'abbreviation': None, 'type': 'vsconf', 'summary': '0-0'}]",2439,s:20~l:23~t:2439,UNLV,Rebels,UNLV,UNLV Rebels,UNLV,cf0a2c,cac8c8,True,3914,https://a.espncdn.com/i/teamlogos/ncaa/500/2439.png,17,13,False,99,"[{'value': 0.0, 'displayValue': '0', 'period': 1}
 {'value': 6.0, 'displayValue': '6', 'period': 2}
 {'value': 7.0, 'displayValue': '7', 'period': 3}
 {'value': 0.0, 'displayValue': '0', 'period': 4}]","[{'name': 'overall', 'abbreviation': 'Game', 'type': 'total', 'summary': '0-1'}
 {'name': 'Home', 'abbreviation': None, 'type': 'home', 'summary': '0-0'}
 {'name': 'Road', 'abbreviation': None, 'type': 'road', 'summary': '0-1'}
 {'name': 'vs. Conf.', 'abbreviation': None, 'type': 'vsconf', 'summary': '0-0'}]",400548177,2014,2,1,,,,,
400547762,s:20~l:23~e:400547762~c:400547762,2014-08-31T00:00Z,61521,True,False,True,False,True,False,2014-08-31T00:00Z,ABC/ESPN3,[],,,national,ABC,1,STD,3687,AT&T Stadium,Arlington,TX,USA,True,0.0,0:00,4,3,STATUS_FINAL,post,True,Final,Final,Final,4,197,s:20~l:23~t:197,Oklahoma State,Cowboys,OKST,Oklahoma State Cowboys,Oklahoma State,fe5c00,000000,True,3646,https://a.espncdn.com/i/teamlogos/ncaa/500/197.png,4,31,False,99,"[{'value': 0.0, 'displayValue': '0', 'period': 1}
 {'value': 10.0, 'displayValue': '10', 'period': 2}
 {'value': 7.0, 'displayValue': '7', 'period': 3}
 {'value': 14.0, 'displayValue': '14', 'period': 4}]","[{'name': 'overall', 'abbreviation': 'Game', 'type': 'total', 'summary': '0-1'}
 {'name': 'Home', 'abbreviation': None, 'type': 'home', 'summary': '0-0'}
 {'name': 'Road', 'abbreviation': None, 'type': 'road', 'summary': '0-0'}
 {'name': 'vs. Conf.', 'abbreviation': None, 'type': 'vsconf', 'summary': '0-0'}]",52,s:20~l:23~t:52,Florida State,Seminoles,FSU,Florida State Seminoles,FSU,782f40,ceb888,True,3697,https://a.espncdn.com/i/teamlogos/ncaa/500/52.png,1,37,True,1,"[{'value': 10.0, 'displayValue': '10', 'period': 1}
 {'value': 7.0, 'displayValue': '7', 'period': 2}
 {'value': 10.0, 'displayValue': '10', 'period': 3}
 {'value': 10.0, 'displayValue': '10', 'period': 4}]","[{'name': 'overall', 'abbreviation': 'Game', 'type': 'total', 'summary': '1-0'}
 {'name': 'Home', 'abbreviation': None, 'type': 'home', 'summary': '0-0'}
 {'name': 'Road', 'abbreviation': None, 'type': 'road', 'summary': '0-0'}
 {'name': 'vs. Conf.', 'abbreviation': None, 'type': 'vsconf', 'summary': '0-0'}]",400547762,2014,2,1,,,,,
400547835,s:20~l:23~e:400547835~c:400547835,2014-08-30T19:30Z,70502,True,False,True,False,True,False,2014-08-30T19:30Z,ABC/ESPN2/ESPN3,[],,,national,ABC,1,STD,3495,Georgia Dome,Atlanta,GA,USA,True,0.0,0:00,4,3,STATUS_FINAL,post,True,Final,Final,Final,4,333,s:20~l:23~t:333,Alabama,Crimson Tide,ALA,Alabama Crimson Tide,Alabama,9e1b32,ffffff,True,3657,https://a.espncdn.com/i/teamlogos/ncaa/500/333.png,8,33,True,2,"[{'value': 3.0, 'displayValue': '3', 'period': 1}
 {'value': 17.0, 'displayValue': '17', 'period': 2}
 {'value': 10.0, 'displayValue': '10', 'period': 3}
 {'value': 3.0, 'displayValue': '3', 'period': 4}]","[{'name': 'overall', 'abbreviation': 'Game', 'type': 'total', 'summary': '1-0'}
 {'name': 'Home', 'abbreviation': None, 'type': 'home', 'summary': '0-0'}
 {'name': 'Road', 'abbreviation': None, 'type': 'road', 'summary': '0-0'}
 {'name': 'vs. Conf.', 'abbreviation': None, 'type': 'vsconf', 'summary': '0-0'}]",277,s:20~l:23~t:277,West Virginia,Mountaineers,WVU,West Virginia Mountaineers,West Virginia,eaaa00,002855,True,3842,https://a.espncdn.com/i/teamlogos/ncaa/500/277.png,4,23,False,99,"[{'value': 3.0, 'displayValue': '3', 'period': 1}
 {'value': 14.0, 'displayValue': '14', 'period': 2}
 {'value': 3.0, 'displayValue': '3', 'period': 3}
 {'value': 3.0, 'displayValue': '3', 'period': 4}]","[{'name': 'overall', 'abbreviation': 'Game', 'type': 'total', 'summary': '0-1'}
 {'name': 'Home', 'abbreviation': None, 'type': 'home', 'summary': '0-0'}
 {'name': 'Road', 'abbreviation': None, 'type': 'road', 'summary': '0-0'}
 {'name': 'vs. Conf.', 'abbreviation': None, 'type': 'vsconf', 'summary': '0-0'}]",400547835,2014,2,1,,,,,
400548257,s:20~l:23~e:400548257~c:400548257,2014-08-31T02:30Z,57388,True,False,False,False,True,False,2014-08-31T02:30Z,PACN,[],,,national,PACN,1,STD,3626,Autzen Stadium,Eugene,OR,USA,False,0.0,0:00,4,3,STATUS_FINAL,post,True,Final,Final,Final,4,2483,s:20~l:23~t:2483,Oregon,Ducks,ORE,Oregon Ducks,Oregon,00934b,fff41b,True,3626,https://a.espncdn.com/i/teamlogos/ncaa/500/2483.png,9,62,True,3,"[{'value': 21.0, 'displayValue': '21', 'period': 1}
 {'value': 20.0, 'displayValue': '20', 'period': 2}
 {'value': 7.0, 'displayValue': '7', 'period': 3}
 {'value': 14.0, 'displayValue': '14', 'period': 4}]","[{'name': 'overall', 'abbreviation': 'Game', 'type': 'total', 'summary': '1-0'}
 {'name': 'Home', 'abbreviation': None, 'type': 'home', 'summary': '1-0'}
 {'name': 'Road', 'abbreviation': None, 'type': 'road', 'summary': '0-0'}
 {'name': 'vs. Conf.', 'abbreviation': None, 'type': 'vsconf', 'summary': '0-0'}]",233,s:20~l:23~t:233,South Dakota,Coyotes,SDAK,South Dakota Coyotes,South Dakota,CD1241,f0f0f0,True,1905,https://a.espncdn.com/i/teamlogos/ncaa/500/233.png,21,13,False,99,"[{'value': 3.0, 'displayValue': '3', 'period': 1}
 {'value': 10.0, 'displayValue': '10', 'period': 2}
 {'value': 0.0, 'displayValue': '0', 'period': 3}
 {'value': 0.0, 'displayValue': '0', 'period': 4}]","[{'name': 'overall', 'abbreviation': 'Game', 'type': 'total', 'summary': '0-1'}
 {'name': 'Home', 'abbreviation': None, 'type': 'home', 'summary': '0-0'}
 {'name': 'Road', 'abbreviation': None, 'type': 'road', 'summary': '0-1'}
 {'name': 'vs. Conf.', 'abbreviation': None, 'type': 'vsconf', 'summary': '0-0'}]",400548257,2014,2,1,,,,,
400547834,s:20~l:23~e:400547834~c:400547834,2014-08-30T23:00Z,85063,True,False,False,False,True,False,2014-08-30T23:00Z,,[],,,,,1,STD,3835,"Memorial Stadium (Norman, OK)",Norman,OK,USA,False,0.0,0:00,4,3,STATUS_FINAL,post,True,Final,Final,Final,4,201,s:20~l:23~t:201,Oklahoma,Sooners,OKLA,Oklahoma Sooners,Oklahoma,990000,ffffff,True,3835,https://a.espncdn.com/i/teamlogos/ncaa/500/201.png,4,48,True,4,"[{'value': 21.0, 'displayValue': '21', 'period': 1}
 {'value': 10.0, 'displayValue': '10', 'period': 2}
 {'value': 10.0, 'displayValue': '10', 'period': 3}
 {'value': 7.0, 'displayValue': '7', 'period': 4}]","[{'name': 'overall', 'abbreviation': 'Game', 'type': 'total', 'summary': '1-0'}
 {'name': 'Home', 'abbreviation': None, 'type': 'home', 'summary': '1-0'}
 {'name': 'Road', 'abbreviation': None, 'type': 'road', 'summary': '0-0'}
 {'name': 'vs. Conf.', 'abbreviation': None, 'type': 'vsconf', 'summary': '0-0'}]",2348,s:20~l:23~t:2348,Louisiana Tech,Bulldogs,LT,Louisiana Tech Bulldogs,LA Tech,003087,cb333b,True,3776,https://a.espncdn.com/i/teamlogos/ncaa/500/2348.png,12,16,False,99,"[{'value': 0.0, 'displayValue': '0', 'period': 1}
 {'value': 3.0, 'displayValue': '3', 'period': 2}
 {'value': 0.0, 'displayValue': '0', 'period': 3}
 {'value': 13.0, 'displayValue': '13', 'period': 4}]","[{'name': 'overall', 'abbreviation': 'Game', 'type': 'total', 'summary': '0-1'}
 {'name': 'Home', 'abbreviation': None, 'type': 'home', 'summary': '0-0'}
 {'name': 'Road', 'abbreviation': None, 'type': 'road', 'summary': '0-1'}
 {'name': 'vs. Conf.', 'abbreviation': None, 'type': 'vsconf', 'summary': '0-0'}]",400547834,2014,2,1,,,,,
400547982,s:20~l:23~e:400547982~c:400547982,2014-08-30T16:00Z,57579,True,False,True,False,True,False,2014-08-30T16:00Z,CBSSN,[],,,national,CBSSN,1,STD,3814,M&T Bank Stadium,Baltimore,MD,USA,False,0.0,0:00,4,3,STATUS_FINAL,post,True,Final,Final,Final,4,2426,s:20~l:23~t:2426,Navy,Midshipmen,NAVY,Navy Midshipmen,Navy,00225b,b5a67c,True,3852,https://a.espncdn.com/i/teamlogos/ncaa/500/2426.png,18,17,False,99,"[{'value': 0.0, 'displayValue': '0', 'period': 1}
 {'value': 7.0, 'displayValue': '7', 'period': 2}
 {'value': 7.0, 'displayValue': '7', 'period': 3}
 {'value': 3.0, 'displayValue': '3', 'period': 4}]","[{'name': 'overall', 'abbreviation': 'Game', 'type': 'total', 'summary': '0-1'}
 {'name': 'Home', 'abbreviation': None, 'type': 'home', 'summary': '0-1'}
 {'name': 'Road', 'abbreviation': None, 'type': 'road', 'summary': '0-0'}
 {'name': 'vs. Conf.', 'abbreviation': None, 'type': 'vsconf', 'summary': '0-0'}]",194,s:20~l:23~t:194,Ohio State,Buckeyes,OSU,Ohio State Buckeyes,OSU,ba0c2f,a8adb4,True,3861,https://a.espncdn.com/i/teamlogos/ncaa/500/194.png,5,34,True,5,"[{'value': 3.0, 'displayValue': '3', 'period': 1}
 {'value': 3.0, 'displayValue': '3', 'period': 2}
 {'value': 14.0, 'displayValue': '14', 'period': 3}
 {'value': 14.0, 'displayValue': '14', 'period': 4}]","[{'name': 'overall', 'abbreviation': 'Game', 'type': 'total', 'summary': '1-0'}
 {'name': 'Home', 'abbreviation': None, 'type': 'home', 'summary': '0-0'}
 {'name': 'Road', 'abbreviation': None, 'type': 'road', 'summary': '1-0'}
 {'name': 'vs. Conf.', 'abbreviation': None, 'type': 'vsconf', 'summary': '0-0'}]",400547982,2014,2,1,,,,,
400548398,s:20~l:23~e:400548398~c:400548398,2014-08-30T20:00Z,87451,True,False,False,True,True,False,2014-08-30T20:00Z,SEC Network,[],,,national,SEC Network,1,STD,3785,Jordan-Hare Stadium,Auburn,AL,USA,False,0.0,0:00,4,3,STATUS_FINAL,post,True,Final,Final,Final,4,2,s:20~l:23~t:2,Auburn,Tigers,AUB,Auburn Tigers,Auburn,002b5c,f26522,True,3785,https://a.espncdn.com/i/teamlogos/ncaa/500/2.png,8,45,True,6,"[{'value': 14.0, 'displayValue': '14', 'period': 1}
 {'value': 7.0, 'displayValue': '7', 'period': 2}
 {'value': 14.0, 'displayValue': '14', 'period': 3}
 {'value': 10.0, 'displayValue': '10', 'period': 4}]","[{'name': 'overall', 'abbreviation': 'Game', 'type': 'total', 'summary': '1-0'}
 {'name': 'Home', 'abbreviation': None, 'type': 'home', 'summary': '1-0'}
 {'name': 'Road', 'abbreviation': None, 'type': 'road', 'summary': '0-0'}
 {'name': 'vs. Conf.', 'abbreviation': None, 'type': 'vsconf', 'summary': '1-0'}]",8,s:20~l:23~t:8,Arkansas,Razorbacks,ARK,Arkansas Razorbacks,Arkansas,a32136,ffffff,True,3887,https://a.espncdn.com/i/teamlogos/ncaa/500/8.png,8,21,False,99,"[{'value': 7.0, 'displayValue': '7', 'period': 1}
 {'value': 14.0, 'displayValue': '14', 'period': 2}
 {'value': 0.0, 'displayValue': '0', 'period': 3}
 {'value': 0.0, 'displayValue': '0', 'period': 4}]","[{'name': 'overall', 'abbreviation': 'Game', 'type': 'total', 'summary': '0-1'}
 {'name': 'Home', 'abbreviation': None, 'type': 'home', 'summary': '0-0'}
 {'name': 'Road', 'abbreviation': None, 'type': 'road', 'summary': '0-1'}
 {'name': 'vs. Conf.', 'abbreviation': None, 'type': 'vsconf', 'summary': '0-1'}]",400548398,2014,2,1,8,Southeastern Conference,SEC,True,
400547820,s:20~l:23~e:400547820~c:400547820,2014-08-30T16:00Z,44749,True,False,False,False,True,False,2014-08-30T16:00Z,ESPN,[],,,national,ESPN,1,STD,3923,Scott Stadium,Charlottesville,VA,USA,False,0.0,0:00,4,3,STATUS_FINAL,post,True,Final,Final,Final,4,258,s:20~l:23~t:258,Virginia,Cavaliers,UVA,Virginia Cavaliers,UVA,232d4b,f84c1e,True,3923,https://a.espncdn.com/i/teamlogos/ncaa/500/258.png,1,20,False,99,"[{'value': 0.0, 'displayValue': '0', 'period': 1}
 {'value': 10.0, 'displayValue': '10', 'period': 2}
 {'value': 7.0, 'displayValue': '7', 'period': 3}
 {'value': 3.0, 'displayValue': '3', 'period': 4}]","[{'name': 'overall', 'abbreviation': 'Game', 'type': 'total', 'summary': '0-1'}
 {'name': 'Home', 'abbreviation': None, 'type': 'home', 'summary': '0-1'}
 {'name': 'Road', 'abbreviation': None, 'type': 'road', 'summary': '0-0'}
 {'name': 'vs. Conf.', 'abbreviation': None, 'type': 'vsconf', 'summary': '0-0'}]",26,s:20~l:23~t:26,UCLA,Bruins,UCLA,UCLA Bruins,UCLA,2774ae,f2a900,True,1056,https://a.espncdn.com/i/teamlogos/ncaa/500/26.png,9,28,True,7,"[{'value': 0.0, 'displayValue': '0', 'period': 1}
 {'value': 21.0, 'displayValue': '21', 'period': 2}
 {'value': 7.0, 'displayValue': '7', 'period': 3}
 {'value': 0.0, 'displayValue': '0', 'period': 4}]","[{'name': 'overall', 'abbreviation': 'Game', 'type': 'total', 'summary': '1-0'}
 {'name': 'Home', 'abbreviation': None, 'type': 'home', 'summary': '0-0'}
 {'name': 'Road', 'abbreviation': None, 'type': 'road', 'summary': '1-0'}
 {'name': 'vs. Conf.', 'abbreviation': None, 'type': 'vsconf', 'summary': '0-0'}]",400547820,2014,2,1,,,,,
400548259,s:20~l:23~e:400548259~c:400548259,2014-08-30T20:00Z,49509,True,False,False,False,True,False,2014-08-30T20:00Z,PACN,[],,,national,PACN,1,STD,3940,Stanford Stadium,Stanford,CA,USA,False,0.0,0:00,4,3,STATUS_FINAL,post,True,Final,Final,Final,4,24,s:20~l:23~t:24,Stanford,Cardinal,STAN,Stanford Cardinal,Stanford,8c1515,ffffff,True,3940,https://a.espncdn.com/i/teamlogos/ncaa/500/24.png,9,45,True,11,"[{'value': 14.0, 'displayValue': '14', 'period': 1}
 {'value': 24.0, 'displayValue': '24', 'period': 2}
 {'value': 0.0, 'displayValue': '0', 'period': 3}
 {'value': 7.0, 'displayValue': '7', 'period': 4}]","[{'name': 'overall', 'abbreviation': 'Game', 'type': 'total', 'summary': '1-0'}
 {'name': 'Home', 'abbreviation': None, 'type': 'home', 'summary': '1-0'}
 {'name': 'Road', 'abbreviation': None, 'type': 'road', 'summary': '0-0'}
 {'name': 'vs. Conf.', 'abbreviation': None, 'type': 'vsconf', 'summary': '0-0'}]",302,s:20~l:23~t:302,UC Davis,Aggies,UCD,UC Davis Aggies,UC Davis,002855,c3c4c6,True,3602,https://a.espncdn.com/i/teamlogos/ncaa/500/302.png,20,0,False,99,"[{'value': 0.0, 'displayValue': '0', 'period': 1}
 {'value': 0.0, 'displayValue': '0', 'period': 2}
 {'value': 0.0, 'displayValue': '0', 'period': 3}
 {'value': 0.0, 'displayValue': '0', 'period': 4}]","[{'name': 'overall', 'abbreviation': 'Game', 'type': 'total', 'summary': '0-1'}
 {'name': 'Home', 'abbreviation': None, 'type': 'home', 'summary': '0-0'}
 {'name': 'Road', 'abbreviation': None, 'type': 'road', 'summary': '0-1'}
 {'name': 'vs. Conf.', 'abbreviation': None, 'type': 'vsconf', 'summary': '0-0'}]",400548259,2014,2,1,,,,,
400547740,s:20~l:23~e:400547740~c:400547740,2014-08-30T21:30Z,92746,True,False,False,False,True,False,2014-08-30T21:30Z,ESPN,[],,,national,ESPN,1,STD,3917,Sanford Stadium,Athens,GA,USA,False,0.0,0:00,4,3,STATUS_FINAL,post,True,Final,Final,Final,4,61,s:20~l:23~t:61,Georgia,Bulldogs,UGA,Georgia Bulldogs,Georgia,ba0c2f,2c2a29,True,3917,https://a.espncdn.com/i/teamlogos/ncaa/500/61.png,8,45,True,12,"[{'value': 14.0, 'displayValue': '14', 'period': 1}
 {'value': 7.0, 'displayValue': '7', 'period': 2}
 {'value': 3.0, 'displayValue': '3', 'period': 3}
 {'value': 21.0, 'displayValue': '21', 'period': 4}]","[{'name': 'overall', 'abbreviation': 'Game', 'type': 'total', 'summary': '1-0'}
 {'name': 'Home', 'abbreviation': None, 'type': 'home', 'summary': '1-0'}
 {'name': 'Road', 'abbreviation': None, 'type': 'road', 'summary': '0-0'}
 {'name': 'vs. Conf.', 'abbreviation': None, 'type': 'vsconf', 'summary': '0-0'}]",228,s:20~l:23~t:228,Clemson,Tigers,CLEM,Clemson Tigers,Clemson,f56600,ffffff,True,3836,https://a.espncdn.com/i/teamlogos/ncaa/500/228.png,1,21,False,16,"[{'value': 7.0, 'displayValue': '7', 'period': 1}
 {'value': 14.0, 'displayValue': '14', 'period': 2}
 {'value': 0.0, 'displayValue': '0', 'period': 3}
 {'value': 0.0, 'displayValue': '0', 'period': 4}]","[{'name': 'overall', 'abbreviation': 'Game', 'type': 'total', 'summary': '0-1'}
 {'name': 'Home', 'abbreviation': None, 'type': 'home', 'summary': '0-0'}
 {'name': 'Road', 'abbreviation': None, 'type': 'road', 'summary': '0-1'}
 {'name': 'vs. Conf.', 'abbreviation': None, 'type': 'vsconf', 'summary': '0-0'}]",400547740,2014,2,1,,,,,
400548000,s:20~l:23~e:400548000~c:400548000,2014-08-31T01:00Z,71599,True,False,True,False,True,False,2014-08-31T01:00Z,ESPN,[],,,national,ESPN,1,STD,3891,NRG Stadium,Houston,TX,USA,True,0.0,0:00,4,3,STATUS_FINAL,post,True,Final,Final,Final,4,99,s:20~l:23~t:99,LSU,Tigers,LSU,LSU Tigers,LSU,461d76,fdd023,True,3958,https://a.espncdn.com/i/teamlogos/ncaa/500/99.png,8,28,True,13,"[{'value': 7.0, 'displayValue': '7', 'period': 1}
 {'value': 0.0, 'displayValue': '0', 'period': 2}
 {'value': 6.0, 'displayValue': '6', 'period': 3}
 {'value': 15.0, 'displayValue': '15', 'period': 4}]","[{'name': 'overall', 'abbreviation': 'Game', 'type': 'total', 'summary': '1-0'}
 {'name': 'Home', 'abbreviation': None, 'type': 'home', 'summary': '0-0'}
 {'name': 'Road', 'abbreviation': None, 'type': 'road', 'summary': '0-0'}
 {'name': 'vs. Conf.', 'abbreviation': None, 'type': 'vsconf', 'summary': '0-0'}]",275,s:20~l:23~t:275,Wisconsin,Badgers,WIS,Wisconsin Badgers,Wisconsin,a00000,ffffff,True,347,https://a.espncdn.com/i/teamlogos/ncaa/500/275.png,5,24,False,14,"[{'value': 10.0, 'displayValue': '10', 'period': 1}
 {'value': 7.0, 'displayValue': '7', 'period': 2}
 {'value': 7.0, 'displayValue': '7', 'period': 3}
 {'value': 0.0, 'displayValue': '0', 'period': 4}]","[{'name': 'overall', 'abbreviation': 'Game', 'type': 'total', 'summary': '0-1'}
 {'name': 'Home', 'abbreviation': None, 'type': 'home', 'summary': '0-0'}
 {'name': 'Road', 'abbreviation': None, 'type': 'road', 'summary': '0-0'}
 {'name': 'vs. Conf.', 'abbreviation': None, 'type': 'vsconf', 'summary': '0-0'}]",400548000,2014,2,1,,,,,
400548172,s:20~l:23~e:400548172~c:400548172,2014-08-30T23:30Z,76037,True,False,False,False,True,False,2014-08-30T23:30Z,FOX,[],,,national,FOX,1,STD,477,Los Angeles Memorial Coliseum,Los Angeles,CA,USA,False,0.0,0:00,4,3,STATUS_FINAL,post,True,Final,Final,Final,4,30,s:20~l:23~t:30,USC,Trojans,USC,USC Trojans,USC,9d2235,ffc72c,True,477,https://a.espncdn.com/i/teamlogos/ncaa/500/30.png,9,52,True,15,"[{'value': 21.0, 'displayValue': '21', 'period': 1}
 {'value': 10.0, 'displayValue': '10', 'period': 2}
 {'value': 21.0, 'displayValue': '21', 'period': 3}
 {'value': 0.0, 'displayValue': '0', 'period': 4}]","[{'name': 'overall', 'abbreviation': 'Game', 'type': 'total', 'summary': '1-0'}
 {'name': 'Home', 'abbreviation': None, 'type': 'home', 'summary': '1-0'}
 {'name': 'Road', 'abbreviation': None, 'type': 'road', 'summary': '0-0'}
 {'name': 'vs. Conf.', 'abbreviation': None, 'type': 'vsconf', 'summary': '0-0'}]",278,s:20~l:23~t:278,Fresno State,Bulldogs,FRES,Fresno State Bulldogs,Fresno State,b1102b,13284c,True,3660,https://a.espncdn.com/i/teamlogos/ncaa/500/278.png,17,13,False,99,"[{'value': 0.0, 'displayValue': '0', 'period': 1}
 {'value': 7.0, 'displayValue': '7', 'period': 2}
 {'value': 6.0, 'displayValue': '6', 'period': 3}
 {'value': 0.0, 'displayValue': '0', 'period': 4}]","[{'name': 'overall', 'abbreviation': 'Game', 'type': 'total', 'summary': '0-1'}
 {'name': 'Home', 'abbreviation': None, 'type': 'home', 'summary': '0-0'}
 {'name': 'Road', 'abbreviation': None, 'type': 'road', 'summary': '0-1'}
 {'name': 'vs. Conf.', 'abbreviation': None, 'type': 'vsconf', 'summary': '0-0'}]",400548172,2014,2,1,,,,,
400548008,s:20~l:23~e:400548008~c:400548008,2014-08-30T19:30Z,80795,True,False,False,False,True,False,2014-08-30T19:30Z,NBC,[],,,national,NBC,1,STD,3855,Notre Dame Stadium,Notre Dame,IN,USA,False,0.0,0:00,4,3,STATUS_FINAL,post,True,Final,Final,Final,4,87,s:20~l:23~t:87,Notre Dame,Fighting Irish,ND,Notre Dame Fighting Irish,Notre Dame,062340,c99700,True,3855,https://a.espncdn.com/i/teamlogos/ncaa/500/87.png,18,48,True,17,"[{'value': 14.0, 'displayValue': '14', 'period': 1}
 {'value': 14.0, 'displayValue': '14', 'period': 2}
 {'value': 10.0, 'displayValue': '10', 'period': 3}
 {'value': 10.0, 'displayValue': '10', 'period': 4}]","[{'name': 'overall', 'abbreviation': 'Game', 'type': 'total', 'summary': '1-0'}
 {'name': 'Home', 'abbreviation': None, 'type': 'home', 'summary': '1-0'}
 {'name': 'Road', 'abbreviation': None, 'type': 'road', 'summary': '0-0'}
 {'name': 'vs. Conf.', 'abbreviation': None, 'type': 'vsconf', 'summary': '0-0'}]",242,s:20~l:23~t:242,Rice,Owls,RICE,Rice Owls,Rice,00205b,c1c6c8,True,3895,https://a.espncdn.com/i/teamlogos/ncaa/500/242.png,12,17,False,99,"[{'value': 7.0, 'displayValue': '7', 'period': 1}
 {'value': 3.0, 'displayValue': '3', 'period': 2}
 {'value': 0.0, 'displayValue': '0', 'period': 3}
 {'value': 7.0, 'displayValue': '7', 'period': 4}]","[{'name': 'overall', 'abbreviation': 'Game', 'type': 'total', 'summary': '0-1'}
 {'name': 'Home', 'abbreviation': None, 'type': 'home', 'summary': '0-0'}
 {'name': 'Road', 'abbreviation': None, 'type': 'road', 'summary': '0-1'}
 {'name': 'vs. Conf.', 'abbreviation': None, 'type': 'vsconf', 'summary': '0-0'}]",400548008,2014,2,1,,,,,
400547839,s:20~l:23~e:400547839~c:400547839,2014-08-30T23:10Z,52830,True,False,False,False,True,False,2014-08-30T23:10Z,,[],,,,,1,STD,3636,Bill Snyder Family Stadium,Manhattan,KS,USA,False,0.0,0:00,4,3,STATUS_FINAL,post,True,Final,Final,Final,4,2306,s:20~l:23~t:2306,Kansas State,Wildcats,KSU,Kansas State Wildcats,Kansas State,330a57,e2e3e4,True,3636,https://a.espncdn.com/i/teamlogos/ncaa/500/2306.png,4,55,True,20,"[{'value': 7.0, 'displayValue': '7', 'period': 1}
 {'value': 21.0, 'displayValue': '21', 'period': 2}
 {'value': 14.0, 'displayValue': '14', 'period': 3}
 {'value': 13.0, 'displayValue': '13', 'period': 4}]","[{'name': 'overall', 'abbreviation': 'Game', 'type': 'total', 'summary': '1-0'}
 {'name': 'Home', 'abbreviation': None, 'type': 'home', 'summary': '1-0'}
 {'name': 'Road', 'abbreviation': None, 'type': 'road', 'summary': '0-0'}
 {'name': 'vs. Conf.', 'abbreviation': None, 'type': 'vsconf', 'summary': '0-0'}]",2617,s:20~l:23~t:2617,Stephen F Austin,Lumberjacks,SFA,Stephen F Austin Lumberjacks,SF Austin,393996,bec0c2,False,3756,https://a.espncdn.com/i/teamlogos/ncaa/500/2617.png,30,16,False,99,"[{'value': 0.0, 'displayValue': '0', 'period': 1}
 {'value': 10.0, 'displayValue': '10', 'period': 2}
 {'value': 6.0, 'displayValue': '6', 'period': 3}
 {'value': 0.0, 'displayValue': '0', 'period': 4}]","[{'name': 'overall', 'abbreviation': 'Game', 'type': 'total', 'summary': '0-1'}
 {'name': 'Home', 'abbreviation': None, 'type': 'home', 'summary': '0-0'}
 {'name': 'Road', 'abbreviation': None, 'type': 'road', 'summary': '0-1'}
 {'name': 'vs. Conf.', 'abbreviation': None, 'type': 'vsconf', 'summary': '0-0'}]",400547839,2014,2,1,,,,,
400547968,s:20~l:23~e:400547968~c:400547968,2014-08-30T19:30Z,91441,True,False,False,False,True,False,2014-08-30T19:30Z,BTN,[],,,national,BTN,1,STD,3834,"Memorial Stadium (Lincoln, NE)",Lincoln,NE,USA,False,0.0,0:00,4,3,STATUS_FINAL,post,True,Final,Final,Final,4,158,s:20~l:23~t:158,Nebraska,Cornhuskers,NEB,Nebraska Cornhuskers,Nebraska,e31937,ffffff,True,3834,https://a.espncdn.com/i/teamlogos/ncaa/500/158.png,5,55,True,22,"[{'value': 14.0, 'displayValue': '14', 'period': 1}
 {'value': 17.0, 'displayValue': '17', 'period': 2}
 {'value': 17.0, 'displayValue': '17', 'period': 3}
 {'value': 7.0, 'displayValue': '7', 'period': 4}]","[{'name': 'overall', 'abbreviation': 'Game', 'type': 'total', 'summary': '1-0'}
 {'name': 'Home', 'abbreviation': None, 'type': 'home', 'summary': '1-0'}
 {'name': 'Road', 'abbreviation': None, 'type': 'road', 'summary': '0-0'}
 {'name': 'vs. Conf.', 'abbreviation': None, 'type': 'vsconf', 'summary': '0-0'}]",2226,s:20~l:23~t:2226,Florida Atlantic,Owls,FAU,Florida Atlantic Owls,FAU,003366,cc0000,True,3715,https://a.espncdn.com/i/teamlogos/ncaa/500/2226.png,12,7,False,99,"[{'value': 7.0, 'displayValue': '7', 'period': 1}
 {'value': 0.0, 'displayValue': '0', 'period': 2}
 {'value': 0.0, 'displayValue': '0', 'period': 3}
 {'value': 0.0, 'displayValue': '0', 'period': 4}]","[{'name': 'overall', 'abbreviation': 'Game', 'type': 'total', 'summary': '0-1'}
 {'name': 'Home', 'abbreviation': None, 'type': 'home', 'summary': '0-0'}
 {'name': 'Road', 'abbreviation': None, 'type': 'road', 'summary': '0-1'}
 {'name': 'vs. Conf.', 'abbreviation': None, 'type': 'vsconf', 'summary': '0-0'}]",400547968,2014,2,1,,,,,
400547795,s:20~l:23~e:400547795~c:400547795,2014-08-30T22:00Z,51000,True,False,False,False,True,False,2014-08-30T22:00Z,ESPN3,[],,,national,ESPN3,1,STD,3787,Kenan Stadium,Chapel Hill,NC,USA,False,0.0,0:00,4,3,STATUS_FINAL,post,True,Final,Final,Final,4,153,s:20~l:23~t:153,North Carolina,Tar Heels,UNC,North Carolina Tar Heels,UNC,7bafd4,13294b,True,3787,https://a.espncdn.com/i/teamlogos/ncaa/500/153.png,1,56,True,23,"[{'value': 14.0, 'displayValue': '14', 'period': 1}
 {'value': 7.0, 'displayValue': '7', 'period': 2}
 {'value': 28.0, 'displayValue': '28', 'period': 3}
 {'value': 7.0, 'displayValue': '7', 'period': 4}]","[{'name': 'overall', 'abbreviation': 'Game', 'type': 'total', 'summary': '1-0'}
 {'name': 'Home', 'abbreviation': None, 'type': 'home', 'summary': '1-0'}
 {'name': 'Road', 'abbreviation': None, 'type': 'road', 'summary': '0-0'}
 {'name': 'vs. Conf.', 'abbreviation': None, 'type': 'vsconf', 'summary': '0-0'}]",2335,s:20~l:23~t:2335,Liberty,Flames,LIB,Liberty Flames,Liberty,0a254e,b72025,True,3992,https://a.espncdn.com/i/teamlogos/ncaa/500/2335.png,40,29,False,99,"[{'value': 7.0, 'displayValue': '7', 'period': 1}
 {'value': 8.0, 'displayValue': '8', 'period': 2}
 {'value': 7.0, 'displayValue': '7', 'period': 3}
 {'value': 7.0, 'displayValue': '7', 'period': 4}]","[{'name': 'overall', 'abbreviation': 'Game', 'type': 'total', 'summary': '0-1'}
 {'name': 'Home', 'abbreviation': None, 'type': 'home', 'summary': '0-0'}
 {'name': 'Road', 'abbreviation': None, 'type': 'road', 'summary': '0-1'}
 {'name': 'vs. Conf.', 'abbreviation': None, 'type': 'vsconf', 'summary': '0-0'}]",400547795,2014,2,1,,,,,
400548401,s:20~l:23~e:400548401~c:400548401,2014-08-30T19:30Z,60589,True,False,False,False,True,False,2014-08-30T19:30Z,ESPNU,[],,,national,ESPNU,1,STD,3838,Memorial Stadium,Columbia,MO,USA,False,0.0,0:00,4,3,STATUS_FINAL,post,True,Final,Final,Final,4,142,s:20~l:23~t:142,Missouri,Tigers,MIZ,Missouri Tigers,Missouri,f1b82d,000000,True,3838,https://a.espncdn.com/i/teamlogos/ncaa/500/142.png,8,38,True,24,"[{'value': 21.0, 'displayValue': '21', 'period': 1}
 {'value': 0.0, 'displayValue': '0', 'period': 2}
 {'value': 7.0, 'displayValue': '7', 'period': 3}
 {'value': 10.0, 'displayValue': '10', 'period': 4}]","[{'name': 'overall', 'abbreviation': 'Game', 'type': 'total', 'summary': '1-0'}
 {'name': 'Home', 'abbreviation': None, 'type': 'home', 'summary': '1-0'}
 {'name': 'Road', 'abbreviation': None, 'type': 'road', 'summary': '0-0'}
 {'name': 'vs. Conf.', 'abbreviation': None, 'type': 'vsconf', 'summary': '0-0'}]",2571,s:20~l:23~t:2571,South Dakota State,Jackrabbits,SDSU,South Dakota State Jackrabbits,South Dakota St,0033a0,ffd100,True,3685,https://a.espncdn.com/i/teamlogos/ncaa/500/2571.png,21,18,False,99,"[{'value': 7.0, 'displayValue': '7', 'period': 1}
 {'value': 3.0, 'displayValue': '3', 'period': 2}
 {'value': 8.0, 'displayValue': '8', 'period': 3}
 {'value': 0.0, 'displayValue': '0', 'period': 4}]","[{'name': 'overall', 'abbreviation': 'Game', 'type': 'total', 'summary': '0-1'}
 {'name': 'Home', 'abbreviation': None, 'type': 'home', 'summary': '0-0'}
 {'name': 'Road', 'abbreviation': None, 'type': 'road', 'summary': '0-1'}
 {'name': 'vs. Conf.', 'abbreviation': None, 'type': 'vsconf', 'summary': '0-0'}]",400548401,2014,2,1,,,,,
400548173,s:20~l:23~e:400548173~c:400548173,2014-08-31T02:30Z,0,True,False,False,False,True,False,2014-08-31T02:30Z,CBSSN,[],,,national,CBSSN,1,STD,3610,Aloha Stadium,Honolulu,HI,USA,False,0.0,0:00,4,3,STATUS_FINAL,post,True,Final,Final,Final,4,62,s:20~l:23~t:62,Hawai'i,Rainbow Warriors,HAW,Hawai'i Rainbow Warriors,Hawaii,005737,000000,True,3610,https://a.espncdn.com/i/teamlogos/ncaa/500/62.png,17,16,False,99,"[{'value': 10.0, 'displayValue': '10', 'period': 1}
 {'value': 0.0, 'displayValue': '0', 'period': 2}
 {'value': 3.0, 'displayValue': '3', 'period': 3}
 {'value': 3.0, 'displayValue': '3', 'period': 4}]","[{'name': 'overall', 'abbreviation': 'Game', 'type': 'total', 'summary': '0-1'}
 {'name': 'Home', 'abbreviation': None, 'type': 'home', 'summary': '0-1'}
 {'name': 'Road', 'abbreviation': None, 'type': 'road', 'summary': '0-0'}
 {'name': 'vs. Conf.', 'abbreviation': None, 'type': 'vsconf', 'summary': '0-0'}]",264,s:20~l:23~t:264,Washington,Huskies,WASH,Washington Huskies,Washington,33006f,e8d3a2,True,3765,https://a.espncdn.com/i/teamlogos/ncaa/500/264.png,9,17,True,25,"[{'value': 7.0, 'displayValue': '7', 'period': 1}
 {'value': 10.0, 'displayValue': '10', 'period': 2}
 {'value': 0.0, 'displayValue': '0', 'period': 3}
 {'value': 0.0, 'displayValue': '0', 'period': 4}]","[{'name': 'overall', 'abbreviation': 'Game', 'type': 'total', 'summary': '1-0'}
 {'name': 'Home', 'abbreviation': None, 'type': 'home', 'summary': '0-0'}
 {'name': 'Road', 'abbreviation': None, 'type': 'road', 'summary': '1-0'}
 {'name': 'vs. Conf.', 'abbreviation': None, 'type': 'vsconf', 'summary': '0-0'}]",400548173,2014,2,1,,,,,
400547642,s:20~l:23~e:400547642~c:400547642,2014-08-30T12:30Z,53304,True,False,True,False,True,False,2014-08-30T12:30Z,ESPN2,[],,,national,ESPN2,1,STD,4737,Croke Park,Dublin,,Ireland,False,0.0,0:00,4,3,STATUS_FINAL,post,True,Final,Final,Final,4,2116,s:20~l:23~t:2116,UCF,Knights,UCF,UCF Knights,UCF,000000,b4a169,True,3652,https://a.espncdn.com/i/teamlogos/ncaa/500/2116.png,151,24,False,99,"[{'value': 0.0, 'displayValue': '0', 'period': 1}
 {'value': 3.0, 'displayValue': '3', 'period': 2}
 {'value': 7.0, 'displayValue': '7', 'period': 3}
 {'value': 14.0, 'displayValue': '14', 'period': 4}]","[{'name': 'overall', 'abbreviation': 'Game', 'type': 'total', 'summary': '0-1'}
 {'name': 'Home', 'abbreviation': None, 'type': 'home', 'summary': '0-0'}
 {'name': 'Road', 'abbreviation': None, 'type': 'road', 'summary': '0-0'}
 {'name': 'vs. Conf.', 'abbreviation': None, 'type': 'vsconf', 'summary': '0-0'}]",213,s:20~l:23~t:213,Penn State,Nittany Lions,PSU,Penn State Nittany Lions,Penn State,061440,ffffff,True,3632,https://a.espncdn.com/i/teamlogos/ncaa/500/213.png,5,26,True,99,"[{'value': 7.0, 'displayValue': '7', 'period': 1}
 {'value': 3.0, 'displayValue': '3', 'period': 2}
 {'value': 10.0, 'displayValue': '10', 'period': 3}
 {'value': 6.0, 'displayValue': '6', 'period': 4}]","[{'name': 'overall', 'abbreviation': 'Game', 'type': 'total', 'summary': '1-0'}
 {'name': 'Home', 'abbreviation': None, 'type': 'home', 'summary': '0-0'}
 {'name': 'Road', 'abbreviation': None, 'type': 'road', 'summary': '0-0'}
 {'name': 'vs. Conf.', 'abbreviation': None, 'type': 'vsconf', 'summary': '0-0'}]",400547642,2014,2,1,,,,,
400547808,s:20~l:23~e:400547808~c:400547808,2014-08-30T16:00Z,40549,True,False,False,False,True,False,2014-08-30T16:00Z,ESPN3,[],,,national,ESPN3,1,STD,3752,Acrisure Stadium,Pittsburgh,PA,USA,False,0.0,0:00,4,3,STATUS_FINAL,post,True,Final,Final,Final,4,221,s:20~l:23~t:221,Pittsburgh,Panthers,PITT,Pittsburgh Panthers,Pitt,003594,ffb81c,True,3752,https://a.espncdn.com/i/teamlogos/ncaa/500/221.png,1,62,True,99,"[{'value': 21.0, 'displayValue': '21', 'period': 1}
 {'value': 21.0, 'displayValue': '21', 'period': 2}
 {'value': 13.0, 'displayValue': '13', 'period': 3}
 {'value': 7.0, 'displayValue': '7', 'period': 4}]","[{'name': 'overall', 'abbreviation': 'Game', 'type': 'total', 'summary': '1-0'}
 {'name': 'Home', 'abbreviation': None, 'type': 'home', 'summary': '1-0'}
 {'name': 'Road', 'abbreviation': None, 'type': 'road', 'summary': '0-0'}
 {'name': 'vs. Conf.', 'abbreviation': None, 'type': 'vsconf', 'summary': '0-0'}]",48,s:20~l:23~t:48,Delaware,Blue Hens,DEL,Delaware Blue Hens,Delaware,00539f,ffd200,True,3695,https://a.espncdn.com/i/teamlogos/ncaa/500/48.png,48,0,False,99,"[{'value': 0.0, 'displayValue': '0', 'period': 1}
 {'value': 0.0, 'displayValue': '0', 'period': 2}
 {'value': 0.0, 'displayValue': '0', 'period': 3}
 {'value': 0.0, 'displayValue': '0', 'period': 4}]","[{'name': 'overall', 'abbreviation': 'Game', 'type': 'total', 'summary': '0-1'}
 {'name': 'Home', 'abbreviation': None, 'type': 'home', 'summary': '0-0'}
 {'name': 'Road', 'abbreviation': None, 'type': 'road', 'summary': '0-1'}
 {'name': 'vs. Conf.', 'abbreviation': None, 'type': 'vsconf', 'summary': '0-0'}]",400547808,2014,2,1,,,,,
400547840,s:20~l:23~e:400547840~c:400547840,2014-08-30T16:00Z,54800,True,False,False,False,True,False,2014-08-30T16:00Z,FS1,[],,,national,FS1,1,STD,3772,Jack Trice Stadium,Ames,IA,USA,False,0.0,0:00,4,3,STATUS_FINAL,post,True,Final,Final,Final,4,66,s:20~l:23~t:66,Iowa State,Cyclones,ISU,Iowa State Cyclones,Iowa State,ae192d,ffc72a,True,3772,https://a.espncdn.com/i/teamlogos/ncaa/500/66.png,4,14,False,99,"[{'value': 7.0, 'displayValue': '7', 'period': 1}
 {'value': 7.0, 'displayValue': '7', 'period': 2}
 {'value': 0.0, 'displayValue': '0', 'period': 3}
 {'value': 0.0, 'displayValue': '0', 'period': 4}]","[{'name': 'overall', 'abbreviation': 'Game', 'type': 'total', 'summary': '0-1'}
 {'name': 'Home', 'abbreviation': None, 'type': 'home', 'summary': '0-1'}
 {'name': 'Road', 'abbreviation': None, 'type': 'road', 'summary': '0-0'}
 {'name': 'vs. Conf.', 'abbreviation': None, 'type': 'vsconf', 'summary': '0-0'}]",2449,s:20~l:23~t:2449,North Dakota State,Bison,NDSU,North Dakota State Bison,North Dakota St,01402A,ffffff,True,3714,https://a.espncdn.com/i/teamlogos/ncaa/500/2449.png,21,34,True,99,"[{'value': 0.0, 'displayValue': '0', 'period': 1}
 {'value': 17.0, 'displayValue': '17', 'period': 2}
 {'value': 10.0, 'displayValue': '10', 'period': 3}
 {'value': 7.0, 'displayValue': '7', 'period': 4}]","[{'name': 'overall', 'abbreviation': 'Game', 'type': 'total', 'summary': '1-0'}
 {'name': 'Home', 'abbreviation': None, 'type': 'home', 'summary': '0-0'}
 {'name': 'Road', 'abbreviation': None, 'type': 'road', 'summary': '1-0'}
 {'name': 'vs. Conf.', 'abbreviation': None, 'type': 'vsconf', 'summary': '0-0'}]",400547840,2014,2,1,,,,,
400547904,s:20~l:23~e:400547904~c:400547904,2014-08-30T16:00Z,36234,True,False,False,False,True,False,2014-08-30T16:00Z,BTN,[],,,national,BTN,1,STD,3832,Gies Memorial Stadium,Champaign,IL,USA,False,0.0,0:00,4,3,STATUS_FINAL,post,True,Final,Final,Final,4,356,s:20~l:23~t:356,Illinois,Fighting Illini,ILL,Illinois Fighting Illini,Illinois,ff5f05,13294b,True,3597,https://a.espncdn.com/i/teamlogos/ncaa/500/356.png,5,28,True,99,"[{'value': 0.0, 'displayValue': '0', 'period': 1}
 {'value': 7.0, 'displayValue': '7', 'period': 2}
 {'value': 0.0, 'displayValue': '0', 'period': 3}
 {'value': 21.0, 'displayValue': '21', 'period': 4}]","[{'name': 'overall', 'abbreviation': 'Game', 'type': 'total', 'summary': '1-0'}
 {'name': 'Home', 'abbreviation': None, 'type': 'home', 'summary': '1-0'}
 {'name': 'Road', 'abbreviation': None, 'type': 'road', 'summary': '0-0'}
 {'name': 'vs. Conf.', 'abbreviation': None, 'type': 'vsconf', 'summary': '0-0'}]",2754,s:20~l:23~t:2754,Youngstown State,Penguins,YSU,Youngstown State Penguins,Youngstown St,E51936,690717,True,844,https://a.espncdn.com/i/teamlogos/ncaa/500/2754.png,21,17,False,99,"[{'value': 3.0, 'displayValue': '3', 'period': 1}
 {'value': 3.0, 'displayValue': '3', 'period': 2}
 {'value': 3.0, 'displayValue': '3', 'period': 3}
 {'value': 8.0, 'displayValue': '8', 'period': 4}]","[{'name': 'overall', 'abbreviation': 'Game', 'type': 'total', 'summary': '0-1'}
 {'name': 'Home', 'abbreviation': None, 'type': 'home', 'summary': '0-0'}
 {'name': 'Road', 'abbreviation': None, 'type': 'road', 'summary': '0-1'}
 {'name': 'vs. Conf.', 'abbreviation': None, 'type': 'vsconf', 'summary': '0-0'}]",400547904,2014,2,1,,,,,
400547916,s:20~l:23~e:400547916~c:400547916,2014-08-30T16:00Z,38006,True,False,False,False,True,False,2014-08-30T16:00Z,ESPNEWS,[],,,national,ESPNEWS,1,STD,3830,"Memorial Stadium (Bloomington, IN)",Bloomington,IN,USA,False,0.0,0:00,4,3,STATUS_FINAL,post,True,Final,Final,Final,4,84,s:20~l:23~t:84,Indiana,Hoosiers,IND,Indiana Hoosiers,Indiana,970310,ffffff,True,3830,https://a.espncdn.com/i/teamlogos/ncaa/500/84.png,5,28,True,99,"[{'value': 14.0, 'displayValue': '14', 'period': 1}
 {'value': 7.0, 'displayValue': '7', 'period': 2}
 {'value': 0.0, 'displayValue': '0', 'period': 3}
 {'value': 7.0, 'displayValue': '7', 'period': 4}]","[{'name': 'overall', 'abbreviation': 'Game', 'type': 'total', 'summary': '1-0'}
 {'name': 'Home', 'abbreviation': None, 'type': 'home', 'summary': '1-0'}
 {'name': 'Road', 'abbreviation': None, 'type': 'road', 'summary': '0-0'}
 {'name': 'vs. Conf.', 'abbreviation': None, 'type': 'vsconf', 'summary': '0-0'}]",282,s:20~l:23~t:282,Indiana State,Sycamores,INST,Indiana State Sycamores,Indiana State,00669a,f0f0f0,True,3829,https://a.espncdn.com/i/teamlogos/ncaa/500/282.png,21,10,False,99,"[{'value': 3.0, 'displayValue': '3', 'period': 1}
 {'value': 0.0, 'displayValue': '0', 'period': 2}
 {'value': 7.0, 'displayValue': '7', 'period': 3}
 {'value': 0.0, 'displayValue': '0', 'period': 4}]","[{'name': 'overall', 'abbreviation': 'Game', 'type': 'total', 'summary': '0-1'}
 {'name': 'Home', 'abbreviation': None, 'type': 'home', 'summary': '0-0'}
 {'name': 'Road', 'abbreviation': None, 'type': 'road', 'summary': '0-1'}
 {'name': 'vs. Conf.', 'abbreviation': None, 'type': 'vsconf', 'summary': '0-0'}]",400547916,2014,2,1,,,,,
400547928,s:20~l:23~e:400547928~c:400547928,2014-08-30T16:00Z,0,True,False,False,False,True,False,2014-08-30T16:00Z,BTN,[],,,national,BTN,1,STD,3793,Kinnick Stadium,Iowa City,IA,USA,False,0.0,0:00,4,3,STATUS_FINAL,post,True,Final,Final,Final,4,2294,s:20~l:23~t:2294,Iowa,Hawkeyes,IOWA,Iowa Hawkeyes,Iowa,231f20,fcd116,True,3793,https://a.espncdn.com/i/teamlogos/ncaa/500/2294.png,5,31,True,99,"[{'value': 7.0, 'displayValue': '7', 'period': 1}
 {'value': 10.0, 'displayValue': '10', 'period': 2}
 {'value': 7.0, 'displayValue': '7', 'period': 3}
 {'value': 7.0, 'displayValue': '7', 'period': 4}]","[{'name': 'overall', 'abbreviation': 'Game', 'type': 'total', 'summary': '1-0'}
 {'name': 'Home', 'abbreviation': None, 'type': 'home', 'summary': '1-0'}
 {'name': 'Road', 'abbreviation': None, 'type': 'road', 'summary': '0-0'}
 {'name': 'vs. Conf.', 'abbreviation': None, 'type': 'vsconf', 'summary': '0-0'}]",2460,s:20~l:23~t:2460,Northern Iowa,Panthers,UNI,Northern Iowa Panthers,Northern Iowa,473282,ffffff,True,3967,https://a.espncdn.com/i/teamlogos/ncaa/500/2460.png,21,23,False,99,"[{'value': 3.0, 'displayValue': '3', 'period': 1}
 {'value': 10.0, 'displayValue': '10', 'period': 2}
 {'value': 7.0, 'displayValue': '7', 'period': 3}
 {'value': 3.0, 'displayValue': '3', 'period': 4}]","[{'name': 'overall', 'abbreviation': 'Game', 'type': 'total', 'summary': '0-1'}
 {'name': 'Home', 'abbreviation': None, 'type': 'home', 'summary': '0-0'}
 {'name': 'Road', 'abbreviation': None, 'type': 'road', 'summary': '0-1'}
 {'name': 'vs. Conf.', 'abbreviation': None, 'type': 'vsconf', 'summary': '0-0'}]",400547928,2014,2,1,,,,,
400547943,s:20~l:23~e:400547943~c:400547943,2014-08-30T16:00Z,106811,True,False,False,False,True,False,2014-08-30T16:00Z,ESPN2,[],,,national,ESPN2,1,STD,3558,Michigan Stadium,Ann Arbor,MI,USA,False,0.0,0:00,4,3,STATUS_FINAL,post,True,Final,Final,Final,4,130,s:20~l:23~t:130,Michigan,Wolverines,MICH,Michigan Wolverines,Michigan,00274c,ffcb05,True,3558,https://a.espncdn.com/i/teamlogos/ncaa/500/130.png,5,52,True,99,"[{'value': 14.0, 'displayValue': '14', 'period': 1}
 {'value': 21.0, 'displayValue': '21', 'period': 2}
 {'value': 14.0, 'displayValue': '14', 'period': 3}
 {'value': 3.0, 'displayValue': '3', 'period': 4}]","[{'name': 'overall', 'abbreviation': 'Game', 'type': 'total', 'summary': '1-0'}
 {'name': 'Home', 'abbreviation': None, 'type': 'home', 'summary': '1-0'}
 {'name': 'Road', 'abbreviation': None, 'type': 'road', 'summary': '0-0'}
 {'name': 'vs. Conf.', 'abbreviation': None, 'type': 'vsconf', 'summary': '0-0'}]",2026,s:20~l:23~t:2026,Appalachian State,Mountaineers,APP,Appalachian State Mountaineers,Appalachian St,000000,ffcd00,False,3792,https://a.espncdn.com/i/teamlogos/ncaa/500/2026.png,37,14,False,99,"[{'value': 0.0, 'displayValue': '0', 'period': 1}
 {'value': 0.0, 'displayValue': '0', 'period': 2}
 {'value': 7.0, 'displayValue': '7', 'period': 3}
 {'value': 7.0, 'displayValue': '7', 'period': 4}]","[{'name': 'overall', 'abbreviation': 'Game', 'type': 'total', 'summary': '0-1'}
 {'name': 'Home', 'abbreviation': None, 'type': 'home', 'summary': '0-0'}
 {'name': 'Road', 'abbreviation': None, 'type': 'road', 'summary': '0-1'}
 {'name': 'vs. Conf.', 'abbreviation': None, 'type': 'vsconf', 'summary': '0-0'}]",400547943,2014,2,1,,,,,
400547988,s:20~l:23~e:400547988~c:400547988,2014-08-30T16:00Z,37031,True,False,False,False,True,False,2014-08-30T16:00Z,ESPNU,[],,,national,ESPNU,1,STD,3907,Ross-Ade Stadium,West Lafayette,IN,USA,False,0.0,0:00,4,3,STATUS_FINAL,post,True,Final,Final,Final,4,2509,s:20~l:23~t:2509,Purdue,Boilermakers,PUR,Purdue Boilermakers,Purdue,ceb888,000000,True,3907,https://a.espncdn.com/i/teamlogos/ncaa/500/2509.png,5,43,True,99,"[{'value': 7.0, 'displayValue': '7', 'period': 1}
 {'value': 16.0, 'displayValue': '16', 'period': 2}
 {'value': 14.0, 'displayValue': '14', 'period': 3}
 {'value': 6.0, 'displayValue': '6', 'period': 4}]","[{'name': 'overall', 'abbreviation': 'Game', 'type': 'total', 'summary': '1-0'}
 {'name': 'Home', 'abbreviation': None, 'type': 'home', 'summary': '1-0'}
 {'name': 'Road', 'abbreviation': None, 'type': 'road', 'summary': '0-0'}
 {'name': 'vs. Conf.', 'abbreviation': None, 'type': 'vsconf', 'summary': '0-0'}]",2711,s:20~l:23~t:2711,Western Michigan,Broncos,WMU,Western Michigan Broncos,W Michigan,532e1f,f1c500,True,3980,https://a.espncdn.com/i/teamlogos/ncaa/500/2711.png,15,34,False,99,"[{'value': 7.0, 'displayValue': '7', 'period': 1}
 {'value': 7.0, 'displayValue': '7', 'period': 2}
 {'value': 14.0, 'displayValue': '14', 'period': 3}
 {'value': 6.0, 'displayValue': '6', 'period': 4}]","[{'name': 'overall', 'abbreviation': 'Game', 'type': 'total', 'summary': '0-1'}
 {'name': 'Home', 'abbreviation': None, 'type': 'home', 'summary': '0-0'}
 {'name': 'Road', 'abbreviation': None, 'type': 'road', 'summary': '0-1'}
 {'name': 'vs. Conf.', 'abbreviation': None, 'type': 'vsconf', 'summary': '0-0'}]",400547988,2014,2,1,,,,,
400548010,s:20~l:23~e:400548010~c:400548010,2014-08-30T16:00Z,27133,True,False,False,False,True,False,2014-08-30T16:00Z,,[],,,,,1,STD,3803,Legion Field (AL),Birmingham,AL,USA,False,0.0,0:00,4,3,STATUS_FINAL,post,True,Final,Final,Final,4,5,s:20~l:23~t:5,UAB,Blazers,UAB,UAB Blazers,UAB,1a5632,fdb913,True,3803,https://a.espncdn.com/i/teamlogos/ncaa/500/5.png,12,48,True,99,"[{'value': 17.0, 'displayValue': '17', 'period': 1}
 {'value': 7.0, 'displayValue': '7', 'period': 2}
 {'value': 14.0, 'displayValue': '14', 'period': 3}
 {'value': 10.0, 'displayValue': '10', 'period': 4}]","[{'name': 'overall', 'abbreviation': 'Game', 'type': 'total', 'summary': '1-0'}
 {'name': 'Home', 'abbreviation': None, 'type': 'home', 'summary': '1-0'}
 {'name': 'Road', 'abbreviation': None, 'type': 'road', 'summary': '0-0'}
 {'name': 'vs. Conf.', 'abbreviation': None, 'type': 'vsconf', 'summary': '0-0'}]",2653,s:20~l:23~t:2653,Troy,Trojans,TROY,Troy Trojans,Troy,862633,b1b1b1,True,3975,https://a.espncdn.com/i/teamlogos/ncaa/500/2653.png,37,10,False,99,"[{'value': 7.0, 'displayValue': '7', 'period': 1}
 {'value': 3.0, 'displayValue': '3', 'period': 2}
 {'value': 0.0, 'displayValue': '0', 'period': 3}
 {'value': 0.0, 'displayValue': '0', 'period': 4}]","[{'name': 'overall', 'abbreviation': 'Game', 'type': 'total', 'summary': '0-1'}
 {'name': 'Home', 'abbreviation': None, 'type': 'home', 'summary': '0-0'}
 {'name': 'Road', 'abbreviation': None, 'type': 'road', 'summary': '0-1'}
 {'name': 'vs. Conf.', 'abbreviation': None, 'type': 'vsconf', 'summary': '0-0'}]",400548010,2014,2,1,,,,,
400548400,s:20~l:23~e:400548400~c:400548400,2014-08-30T16:00Z,50398,True,False,False,False,True,False,2014-08-30T16:00Z,SEC Network,[],,,national,SEC Network,1,STD,3683,Kroger Field,Lexington,KY,USA,False,0.0,0:00,4,3,STATUS_FINAL,post,True,Final,Final,Final,4,96,s:20~l:23~t:96,Kentucky,Wildcats,UK,Kentucky Wildcats,Kentucky,0033a0,ffffff,True,3683,https://a.espncdn.com/i/teamlogos/ncaa/500/96.png,8,59,True,99,"[{'value': 14.0, 'displayValue': '14', 'period': 1}
 {'value': 21.0, 'displayValue': '21', 'period': 2}
 {'value': 17.0, 'displayValue': '17', 'period': 3}
 {'value': 7.0, 'displayValue': '7', 'period': 4}]","[{'name': 'overall', 'abbreviation': 'Game', 'type': 'total', 'summary': '1-0'}
 {'name': 'Home', 'abbreviation': None, 'type': 'home', 'summary': '1-0'}
 {'name': 'Road', 'abbreviation': None, 'type': 'road', 'summary': '0-0'}
 {'name': 'vs. Conf.', 'abbreviation': None, 'type': 'vsconf', 'summary': '0-0'}]",2630,s:20~l:23~t:2630,Tennessee-Martin,Skyhawks,UTM,Tennessee-Martin Skyhawks,UT Martin,FF6700,102a5c,False,3748,https://a.espncdn.com/i/teamlogos/ncaa/500/2630.png,26,14,False,99,"[{'value': 0.0, 'displayValue': '0', 'period': 1}
 {'value': 0.0, 'displayValue': '0', 'period': 2}
 {'value': 0.0, 'displayValue': '0', 'period': 3}
 {'value': 14.0, 'displayValue': '14', 'period': 4}]","[{'name': 'overall', 'abbreviation': 'Game', 'type': 'total', 'summary': '0-1'}
 {'name': 'Home', 'abbreviation': None, 'type': 'home', 'summary': '0-0'}
 {'name': 'Road', 'abbreviation': None, 'type': 'road', 'summary': '0-1'}
 {'name': 'vs. Conf.', 'abbreviation': None, 'type': 'vsconf', 'summary': '0-0'}]",400548400,2014,2,1,,,,,
400547772,s:20~l:23~e:400547772~c:400547772,2014-08-30T16:30Z,45403,True,False,False,False,True,False,2014-08-30T16:30Z,ESPN3,[],,,national,ESPN3,1,STD,721,Bobby Dodd Stadium,Atlanta,GA,USA,False,0.0,0:00,4,3,STATUS_FINAL,post,True,Final,Final,Final,4,59,s:20~l:23~t:59,Georgia Tech,Yellow Jackets,GT,Georgia Tech Yellow Jackets,Georgia Tech,b3a369,ffffff,True,721,https://a.espncdn.com/i/teamlogos/ncaa/500/59.png,1,38,True,99,"[{'value': 7.0, 'displayValue': '7', 'period': 1}
 {'value': 3.0, 'displayValue': '3', 'period': 2}
 {'value': 14.0, 'displayValue': '14', 'period': 3}
 {'value': 14.0, 'displayValue': '14', 'period': 4}]","[{'name': 'overall', 'abbreviation': 'Game', 'type': 'total', 'summary': '1-0'}
 {'name': 'Home', 'abbreviation': None, 'type': 'home', 'summary': '1-0'}
 {'name': 'Road', 'abbreviation': None, 'type': 'road', 'summary': '0-0'}
 {'name': 'vs. Conf.', 'abbreviation': None, 'type': 'vsconf', 'summary': '0-0'}]",2747,s:20~l:23~t:2747,Wofford,Terriers,WOF,Wofford Terriers,Wofford,533B23,f0f0f0,True,3737,https://a.espncdn.com/i/teamlogos/ncaa/500/2747.png,29,19,False,99,"[{'value': 3.0, 'displayValue': '3', 'period': 1}
 {'value': 6.0, 'displayValue': '6', 'period': 2}
 {'value': 3.0, 'displayValue': '3', 'period': 3}
 {'value': 7.0, 'displayValue': '7', 'period': 4}]","[{'name': 'overall', 'abbreviation': 'Game', 'type': 'total', 'summary': '0-1'}
 {'name': 'Home', 'abbreviation': None, 'type': 'home', 'summary': '0-0'}
 {'name': 'Road', 'abbreviation': None, 'type': 'road', 'summary': '0-1'}
 {'name': 'vs. Conf.', 'abbreviation': None, 'type': 'vsconf', 'summary': '0-0'}]",400547772,2014,2,1,,,,,
400547802,s:20~l:23~e:400547802~c:400547802,2014-08-30T16:30Z,54273,True,False,False,False,True,False,2014-08-30T16:30Z,ESPN3,[],,,national,ESPN3,1,STD,3670,Carter-Finley Stadium,Raleigh,NC,USA,False,0.0,0:00,4,3,STATUS_FINAL,post,True,Final,Final,Final,4,152,s:20~l:23~t:152,NC State,Wolfpack,NCST,NC State Wolfpack,NC State,cc0000,ffffff,True,3670,https://a.espncdn.com/i/teamlogos/ncaa/500/152.png,1,24,True,99,"[{'value': 3.0, 'displayValue': '3', 'period': 1}
 {'value': 0.0, 'displayValue': '0', 'period': 2}
 {'value': 7.0, 'displayValue': '7', 'period': 3}
 {'value': 14.0, 'displayValue': '14', 'period': 4}]","[{'name': 'overall', 'abbreviation': 'Game', 'type': 'total', 'summary': '1-0'}
 {'name': 'Home', 'abbreviation': None, 'type': 'home', 'summary': '1-0'}
 {'name': 'Road', 'abbreviation': None, 'type': 'road', 'summary': '0-0'}
 {'name': 'vs. Conf.', 'abbreviation': None, 'type': 'vsconf', 'summary': '0-0'}]",290,s:20~l:23~t:290,Georgia Southern,Eagles,GASO,Georgia Southern Eagles,Ga Southern,041e42,a3aaae,True,3608,https://a.espncdn.com/i/teamlogos/ncaa/500/290.png,37,23,False,99,"[{'value': 7.0, 'displayValue': '7', 'period': 1}
 {'value': 10.0, 'displayValue': '10', 'period': 2}
 {'value': 3.0, 'displayValue': '3', 'period': 3}
 {'value': 3.0, 'displayValue': '3', 'period': 4}]","[{'name': 'overall', 'abbreviation': 'Game', 'type': 'total', 'summary': '0-1'}
 {'name': 'Home', 'abbreviation': None, 'type': 'home', 'summary': '0-0'}
 {'name': 'Road', 'abbreviation': None, 'type': 'road', 'summary': '0-1'}
 {'name': 'vs. Conf.', 'abbreviation': None, 'type': 'vsconf', 'summary': '0-0'}]",400547802,2014,2,1,,,,,
400548093,s:20~l:23~e:400548093~c:400548093,2014-08-30T18:00Z,9659,True,False,False,False,True,False,2014-08-30T18:00Z,ESPN3,[],,,national,ESPN3,1,STD,3919,Scheumann Stadium,Muncie,IN,USA,False,0.0,0:00,4,3,STATUS_FINAL,post,True,Final,Final,Final,4,2050,s:20~l:23~t:2050,Ball State,Cardinals,BALL,Ball State Cardinals,Ball State,ba0c2f,ffffff,True,3919,https://a.espncdn.com/i/teamlogos/ncaa/500/2050.png,15,30,True,99,"[{'value': 10.0, 'displayValue': '10', 'period': 1}
 {'value': 10.0, 'displayValue': '10', 'period': 2}
 {'value': 10.0, 'displayValue': '10', 'period': 3}
 {'value': 0.0, 'displayValue': '0', 'period': 4}]","[{'name': 'overall', 'abbreviation': 'Game', 'type': 'total', 'summary': '1-0'}
 {'name': 'Home', 'abbreviation': None, 'type': 'home', 'summary': '1-0'}
 {'name': 'Road', 'abbreviation': None, 'type': 'road', 'summary': '0-0'}
 {'name': 'vs. Conf.', 'abbreviation': None, 'type': 'vsconf', 'summary': '0-0'}]",2142,s:20~l:23~t:2142,Colgate,Raiders,COLG,Colgate Raiders,Colgate,821019,ffffff,True,3617,https://a.espncdn.com/i/teamlogos/ncaa/500/2142.png,27,10,False,99,"[{'value': 0.0, 'displayValue': '0', 'period': 1}
 {'value': 7.0, 'displayValue': '7', 'period': 2}
 {'value': 0.0, 'displayValue': '0', 'period': 3}
 {'value': 3.0, 'displayValue': '3', 'period': 4}]","[{'name': 'overall', 'abbreviation': 'Game', 'type': 'total', 'summary': '0-1'}
 {'name': 'Home', 'abbreviation': None, 'type': 'home', 'summary': '0-0'}
 {'name': 'Road', 'abbreviation': None, 'type': 'road', 'summary': '0-1'}
 {'name': 'vs. Conf.', 'abbreviation': None, 'type': 'vsconf', 'summary': '0-0'}]",400548093,2014,2,1,,,,,
400548170,s:20~l:23~e:400548170~c:400548170,2014-08-30T18:00Z,32038,True,False,False,False,True,False,2014-08-30T18:00Z,ESPN3,[],,,national,ESPN3,1,STD,3713,Falcon Stadium,USAF Academy,CO,USA,False,0.0,0:00,4,3,STATUS_FINAL,post,True,Final,Final,Final,4,2005,s:20~l:23~t:2005,Air Force,Falcons,AFA,Air Force Falcons,Air Force,003594,ffffff,True,3713,https://a.espncdn.com/i/teamlogos/ncaa/500/2005.png,17,44,True,99,"[{'value': 9.0, 'displayValue': '9', 'period': 1}
 {'value': 14.0, 'displayValue': '14', 'period': 2}
 {'value': 14.0, 'displayValue': '14', 'period': 3}
 {'value': 7.0, 'displayValue': '7', 'period': 4}]","[{'name': 'overall', 'abbreviation': 'Game', 'type': 'total', 'summary': '1-0'}
 {'name': 'Home', 'abbreviation': None, 'type': 'home', 'summary': '1-0'}
 {'name': 'Road', 'abbreviation': None, 'type': 'road', 'summary': '0-0'}
 {'name': 'vs. Conf.', 'abbreviation': None, 'type': 'vsconf', 'summary': '0-0'}]",2447,s:20~l:23~t:2447,Nicholls State,Colonels,NICH,Nicholls State Colonels,Nicholls State,C41230,f0f0f0,False,3779,https://a.espncdn.com/i/teamlogos/ncaa/500/2447.png,30,16,False,99,"[{'value': 6.0, 'displayValue': '6', 'period': 1}
 {'value': 3.0, 'displayValue': '3', 'period': 2}
 {'value': 0.0, 'displayValue': '0', 'period': 3}
 {'value': 7.0, 'displayValue': '7', 'period': 4}]","[{'name': 'overall', 'abbreviation': 'Game', 'type': 'total', 'summary': '0-1'}
 {'name': 'Home', 'abbreviation': None, 'type': 'home', 'summary': '0-0'}
 {'name': 'Road', 'abbreviation': None, 'type': 'road', 'summary': '0-1'}
 {'name': 'vs. Conf.', 'abbreviation': None, 'type': 'vsconf', 'summary': '0-0'}]",400548170,2014,2,1,,,,,
400547728,s:20~l:23~e:400547728~c:400547728,2014-08-30T19:00Z,30479,True,False,False,False,True,False,2014-08-30T19:00Z,ESPN3,[],,,national,ESPN3,1,STD,3738,Gillette Stadium,Foxborough,MA,USA,False,0.0,0:00,4,3,STATUS_FINAL,post,True,Final,Final,Final,4,113,s:20~l:23~t:113,Massachusetts,Minutemen,UMASS,Massachusetts Minutemen,UMass,881c1c,ffffff,True,3985,https://a.espncdn.com/i/teamlogos/ncaa/500/113.png,15,7,False,99,"[{'value': 0.0, 'displayValue': '0', 'period': 1}
 {'value': 0.0, 'displayValue': '0', 'period': 2}
 {'value': 7.0, 'displayValue': '7', 'period': 3}
 {'value': 0.0, 'displayValue': '0', 'period': 4}]","[{'name': 'overall', 'abbreviation': 'Game', 'type': 'total', 'summary': '0-1'}
 {'name': 'Home', 'abbreviation': None, 'type': 'home', 'summary': '0-1'}
 {'name': 'Road', 'abbreviation': None, 'type': 'road', 'summary': '0-0'}
 {'name': 'vs. Conf.', 'abbreviation': None, 'type': 'vsconf', 'summary': '0-0'}]",103,s:20~l:23~t:103,Boston College,Eagles,BC,Boston College Eagles,Boston College,8c2232,dbcca6,True,3615,https://a.espncdn.com/i/teamlogos/ncaa/500/103.png,1,30,True,99,"[{'value': 0.0, 'displayValue': '0', 'period': 1}
 {'value': 6.0, 'displayValue': '6', 'period': 2}
 {'value': 14.0, 'displayValue': '14', 'period': 3}
 {'value': 10.0, 'displayValue': '10', 'period': 4}]","[{'name': 'overall', 'abbreviation': 'Game', 'type': 'total', 'summary': '1-0'}
 {'name': 'Home', 'abbreviation': None, 'type': 'home', 'summary': '0-0'}
 {'name': 'Road', 'abbreviation': None, 'type': 'road', 'summary': '1-0'}
 {'name': 'vs. Conf.', 'abbreviation': None, 'type': 'vsconf', 'summary': '0-0'}]",400547728,2014,2,1,,,,,
400548174,s:20~l:23~e:400548174~c:400548174,2014-08-30T19:00Z,21021,True,False,False,False,True,False,2014-08-30T19:00Z,,[],,,,,1,STD,3816,Mackay Stadium,Reno,NV,USA,False,0.0,0:00,4,3,STATUS_FINAL,post,True,Final,Final,Final,4,2440,s:20~l:23~t:2440,Nevada,Wolf Pack,NEV,Nevada Wolf Pack,Nevada,041e42,8a8d8f,True,3816,https://a.espncdn.com/i/teamlogos/ncaa/500/2440.png,17,28,True,99,"[{'value': 0.0, 'displayValue': '0', 'period': 1}
 {'value': 7.0, 'displayValue': '7', 'period': 2}
 {'value': 14.0, 'displayValue': '14', 'period': 3}
 {'value': 7.0, 'displayValue': '7', 'period': 4}]","[{'name': 'overall', 'abbreviation': 'Game', 'type': 'total', 'summary': '1-0'}
 {'name': 'Home', 'abbreviation': None, 'type': 'home', 'summary': '1-0'}
 {'name': 'Road', 'abbreviation': None, 'type': 'road', 'summary': '0-0'}
 {'name': 'vs. Conf.', 'abbreviation': None, 'type': 'vsconf', 'summary': '0-0'}]",253,s:20~l:23~t:253,Southern Utah,Thunderbirds,SUU,Southern Utah Thunderbirds,Southern Utah,c72026,000000,True,3706,https://a.espncdn.com/i/teamlogos/ncaa/500/253.png,20,19,False,99,"[{'value': 0.0, 'displayValue': '0', 'period': 1}
 {'value': 0.0, 'displayValue': '0', 'period': 2}
 {'value': 6.0, 'displayValue': '6', 'period': 3}
 {'value': 13.0, 'displayValue': '13', 'period': 4}]","[{'name': 'overall', 'abbreviation': 'Game', 'type': 'total', 'summary': '0-1'}
 {'name': 'Home', 'abbreviation': None, 'type': 'home', 'summary': '0-0'}
 {'name': 'Road', 'abbreviation': None, 'type': 'road', 'summary': '0-1'}
 {'name': 'vs. Conf.', 'abbreviation': None, 'type': 'vsconf', 'summary': '0-0'}]",400548174,2014,2,1,,,,,
400547936,s:20~l:23~e:400547936~c:400547936,2014-08-30T19:30Z,45080,True,False,False,False,True,False,2014-08-30T19:30Z,BTN,[],,,national,BTN,1,STD,3665,SECU Stadium,College Park,MD,USA,False,0.0,0:00,4,3,STATUS_FINAL,post,True,Final,Final,Final,4,120,s:20~l:23~t:120,Maryland,Terrapins,MD,Maryland Terrapins,Maryland,ce1126,ffffff,True,3665,https://a.espncdn.com/i/teamlogos/ncaa/500/120.png,5,52,True,99,"[{'value': 17.0, 'displayValue': '17', 'period': 1}
 {'value': 7.0, 'displayValue': '7', 'period': 2}
 {'value': 21.0, 'displayValue': '21', 'period': 3}
 {'value': 7.0, 'displayValue': '7', 'period': 4}]","[{'name': 'overall', 'abbreviation': 'Game', 'type': 'total', 'summary': '1-0'}
 {'name': 'Home', 'abbreviation': None, 'type': 'home', 'summary': '1-0'}
 {'name': 'Road', 'abbreviation': None, 'type': 'road', 'summary': '0-0'}
 {'name': 'vs. Conf.', 'abbreviation': None, 'type': 'vsconf', 'summary': '0-0'}]",256,s:20~l:23~t:256,James Madison,Dukes,JMU,James Madison Dukes,JMU,450084,cbb677,True,3651,https://a.espncdn.com/i/teamlogos/ncaa/500/256.png,48,7,False,99,"[{'value': 0.0, 'displayValue': '0', 'period': 1}
 {'value': 0.0, 'displayValue': '0', 'period': 2}
 {'value': 0.0, 'displayValue': '0', 'period': 3}
 {'value': 7.0, 'displayValue': '7', 'period': 4}]","[{'name': 'overall', 'abbreviation': 'Game', 'type': 'total', 'summary': '0-1'}
 {'name': 'Home', 'abbreviation': None, 'type': 'home', 'summary': '0-0'}
 {'name': 'Road', 'abbreviation': None, 'type': 'road', 'summary': '0-1'}
 {'name': 'vs. Conf.', 'abbreviation': None, 'type': 'vsconf', 'summary': '0-0'}]",400547936,2014,2,1,,,,,
400547975,s:20~l:23~e:400547975~c:400547975,2014-08-30T19:30Z,34228,True,False,False,False,True,False,2014-08-30T19:30Z,ABC/ESPN2/ESPN3,[],,,national,ABC,1,STD,3911,Ryan Field (1926),Evanston,IL,USA,False,0.0,0:00,4,3,STATUS_FINAL,post,True,Final,Final,Final,4,77,s:20~l:23~t:77,Northwestern,Wildcats,NW,Northwestern Wildcats,Northwestern,492f92,ffffff,True,3911,https://a.espncdn.com/i/teamlogos/ncaa/500/77.png,5,24,False,99,"[{'value': 0.0, 'displayValue': '0', 'period': 1}
 {'value': 7.0, 'displayValue': '7', 'period': 2}
 {'value': 14.0, 'displayValue': '14', 'period': 3}
 {'value': 3.0, 'displayValue': '3', 'period': 4}]","[{'name': 'overall', 'abbreviation': 'Game', 'type': 'total', 'summary': '0-1'}
 {'name': 'Home', 'abbreviation': None, 'type': 'home', 'summary': '0-1'}
 {'name': 'Road', 'abbreviation': None, 'type': 'road', 'summary': '0-0'}
 {'name': 'vs. Conf.', 'abbreviation': None, 'type': 'vsconf', 'summary': '0-0'}]",25,s:20~l:23~t:25,California,Golden Bears,CAL,California Golden Bears,California,041e42,ffc72c,True,3831,https://a.espncdn.com/i/teamlogos/ncaa/500/25.png,9,31,True,99,"[{'value': 14.0, 'displayValue': '14', 'period': 1}
 {'value': 10.0, 'displayValue': '10', 'period': 2}
 {'value': 7.0, 'displayValue': '7', 'period': 3}
 {'value': 0.0, 'displayValue': '0', 'period': 4}]","[{'name': 'overall', 'abbreviation': 'Game', 'type': 'total', 'summary': '1-0'}
 {'name': 'Home', 'abbreviation': None, 'type': 'home', 'summary': '0-0'}
 {'name': 'Road', 'abbreviation': None, 'type': 'road', 'summary': '1-0'}
 {'name': 'vs. Conf.', 'abbreviation': None, 'type': 'vsconf', 'summary': '0-0'}]",400547975,2014,2,1,,,,,
400548005,s:20~l:23~e:400548005~c:400548005,2014-08-30T19:30Z,19005,True,False,False,False,True,False,2014-08-30T19:30Z,ESPN3,[],,,national,ESPN3,1,STD,3996,Yager Stadium,Oxford,OH,USA,False,0.0,0:00,4,3,STATUS_FINAL,post,True,Final,Final,Final,4,193,s:20~l:23~t:193,Miami (OH),RedHawks,M-OH,Miami (OH) RedHawks,Miami (OH),c41230,ffffff,True,3996,https://a.espncdn.com/i/teamlogos/ncaa/500/193.png,15,27,False,99,"[{'value': 0.0, 'displayValue': '0', 'period': 1}
 {'value': 3.0, 'displayValue': '3', 'period': 2}
 {'value': 17.0, 'displayValue': '17', 'period': 3}
 {'value': 7.0, 'displayValue': '7', 'period': 4}]","[{'name': 'overall', 'abbreviation': 'Game', 'type': 'total', 'summary': '0-1'}
 {'name': 'Home', 'abbreviation': None, 'type': 'home', 'summary': '0-1'}
 {'name': 'Road', 'abbreviation': None, 'type': 'road', 'summary': '0-0'}
 {'name': 'vs. Conf.', 'abbreviation': None, 'type': 'vsconf', 'summary': '0-0'}]",276,s:20~l:23~t:276,Marshall,Thundering Herd,MRSH,Marshall Thundering Herd,Marshall,00b140,000000,True,3775,https://a.espncdn.com/i/teamlogos/ncaa/500/276.png,12,42,True,99,"[{'value': 14.0, 'displayValue': '14', 'period': 1}
 {'value': 14.0, 'displayValue': '14', 'period': 2}
 {'value': 0.0, 'displayValue': '0', 'period': 3}
 {'value': 14.0, 'displayValue': '14', 'period': 4}]","[{'name': 'overall', 'abbreviation': 'Game', 'type': 'total', 'summary': '1-0'}
 {'name': 'Home', 'abbreviation': None, 'type': 'home', 'summary': '0-0'}
 {'name': 'Road', 'abbreviation': None, 'type': 'road', 'summary': '1-0'}
 {'name': 'vs. Conf.', 'abbreviation': None, 'type': 'vsconf', 'summary': '0-0'}]",400548005,2014,2,1,,,,,
400548007,s:20~l:23~e:400548007~c:400548007,2014-08-30T19:30Z,20118,True,False,False,False,True,False,2014-08-30T19:30Z,,[],,,,,1,STD,3918,S.B. Ballard Stadium,Norfolk,VA,USA,False,0.0,0:00,4,3,STATUS_FINAL,post,True,Final,Final,Final,4,295,s:20~l:23~t:295,Old Dominion,Monarchs,ODU,Old Dominion Monarchs,Old Dominion,003768,a1d2f1,True,3918,https://a.espncdn.com/i/teamlogos/ncaa/500/295.png,12,41,True,99,"[{'value': 7.0, 'displayValue': '7', 'period': 1}
 {'value': 21.0, 'displayValue': '21', 'period': 2}
 {'value': 13.0, 'displayValue': '13', 'period': 3}
 {'value': 0.0, 'displayValue': '0', 'period': 4}]","[{'name': 'overall', 'abbreviation': 'Game', 'type': 'total', 'summary': '1-0'}
 {'name': 'Home', 'abbreviation': None, 'type': 'home', 'summary': '1-0'}
 {'name': 'Road', 'abbreviation': None, 'type': 'road', 'summary': '0-0'}
 {'name': 'vs. Conf.', 'abbreviation': None, 'type': 'vsconf', 'summary': '0-0'}]",2261,s:20~l:23~t:2261,Hampton,Pirates,HAMP,Hampton Pirates,Hampton,0067AC,,True,3620,https://a.espncdn.com/i/teamlogos/ncaa/500/2261.png,24,28,False,99,"[{'value': 0.0, 'displayValue': '0', 'period': 1}
 {'value': 14.0, 'displayValue': '14', 'period': 2}
 {'value': 7.0, 'displayValue': '7', 'period': 3}
 {'value': 7.0, 'displayValue': '7', 'period': 4}]","[{'name': 'overall', 'abbreviation': 'Game', 'type': 'total', 'summary': '0-1'}
 {'name': 'Home', 'abbreviation': None, 'type': 'home', 'summary': '0-0'}
 {'name': 'Road', 'abbreviation': None, 'type': 'road', 'summary': '0-1'}
 {'name': 'vs. Conf.', 'abbreviation': None, 'type': 'vsconf', 'summary': '0-0'}]",400548007,2014,2,1,,,,,
400548094,s:20~l:23~e:400548094~c:400548094,2014-08-30T19:30Z,20329,True,False,False,False,True,False,2014-08-30T19:30Z,ESPN3,[],,,national,ESPN3,1,STD,3965,Broadview Stadium,Buffalo,NY,USA,False,0.0,0:00,4,3,STATUS_FINAL,post,True,Final,Final,Final,4,2084,s:20~l:23~t:2084,Buffalo,Bulls,BUFF,Buffalo Bulls,Buffalo,005bbb,ffffff,True,3965,https://a.espncdn.com/i/teamlogos/ncaa/500/2084.png,15,38,True,99,"[{'value': 14.0, 'displayValue': '14', 'period': 1}
 {'value': 7.0, 'displayValue': '7', 'period': 2}
 {'value': 3.0, 'displayValue': '3', 'period': 3}
 {'value': 14.0, 'displayValue': '14', 'period': 4}]","[{'name': 'overall', 'abbreviation': 'Game', 'type': 'total', 'summary': '1-0'}
 {'name': 'Home', 'abbreviation': None, 'type': 'home', 'summary': '1-0'}
 {'name': 'Road', 'abbreviation': None, 'type': 'road', 'summary': '0-0'}
 {'name': 'vs. Conf.', 'abbreviation': None, 'type': 'vsconf', 'summary': '0-0'}]",2184,s:20~l:23~t:2184,Duquesne,Dukes,DUQ,Duquesne Dukes,Duquesne,002D62,b90b2e,True,3623,https://a.espncdn.com/i/teamlogos/ncaa/500/2184.png,25,28,False,99,"[{'value': 0.0, 'displayValue': '0', 'period': 1}
 {'value': 7.0, 'displayValue': '7', 'period': 2}
 {'value': 14.0, 'displayValue': '14', 'period': 3}
 {'value': 7.0, 'displayValue': '7', 'period': 4}]","[{'name': 'overall', 'abbreviation': 'Game', 'type': 'total', 'summary': '0-1'}
 {'name': 'Home', 'abbreviation': None, 'type': 'home', 'summary': '0-0'}
 {'name': 'Road', 'abbreviation': None, 'type': 'road', 'summary': '0-1'}
 {'name': 'vs. Conf.', 'abbreviation': None, 'type': 'vsconf', 'summary': '0-0'}]",400548094,2014,2,1,,,,,
400547825,s:20~l:23~e:400547825~c:400547825,2014-08-30T20:00Z,62722,True,False,False,False,True,False,2014-08-30T20:00Z,ESPNEWS,[],,,national,ESPNEWS,1,STD,3799,Lane Stadium,Blacksburg,VA,USA,False,0.0,0:00,4,3,STATUS_FINAL,post,True,Final,Final,Final,4,259,s:20~l:23~t:259,Virginia Tech,Hokies,VT,Virginia Tech Hokies,Virginia Tech,6a2c3e,cf4520,True,3799,https://a.espncdn.com/i/teamlogos/ncaa/500/259.png,1,34,True,99,"[{'value': 7.0, 'displayValue': '7', 'period': 1}
 {'value': 10.0, 'displayValue': '10', 'period': 2}
 {'value': 10.0, 'displayValue': '10', 'period': 3}
 {'value': 7.0, 'displayValue': '7', 'period': 4}]","[{'name': 'overall', 'abbreviation': 'Game', 'type': 'total', 'summary': '1-0'}
 {'name': 'Home', 'abbreviation': None, 'type': 'home', 'summary': '1-0'}
 {'name': 'Road', 'abbreviation': None, 'type': 'road', 'summary': '0-0'}
 {'name': 'vs. Conf.', 'abbreviation': None, 'type': 'vsconf', 'summary': '0-0'}]",2729,s:20~l:23~t:2729,William & Mary,Tribe,W&M,William & Mary Tribe,William & Mary,115740,f0b323,True,3998,https://a.espncdn.com/i/teamlogos/ncaa/500/2729.png,48,9,False,99,"[{'value': 3.0, 'displayValue': '3', 'period': 1}
 {'value': 3.0, 'displayValue': '3', 'period': 2}
 {'value': 3.0, 'displayValue': '3', 'period': 3}
 {'value': 0.0, 'displayValue': '0', 'period': 4}]","[{'name': 'overall', 'abbreviation': 'Game', 'type': 'total', 'summary': '0-1'}
 {'name': 'Home', 'abbreviation': None, 'type': 'home', 'summary': '0-0'}
 {'name': 'Road', 'abbreviation': None, 'type': 'road', 'summary': '0-1'}
 {'name': 'vs. Conf.', 'abbreviation': None, 'type': 'vsconf', 'summary': '0-0'}]",400547825,2014,2,1,,,,,
400548179,s:20~l:23~e:400548179~c:400548179,2014-08-30T20:00Z,25243,True,False,False,False,True,False,2014-08-30T20:00Z,,[],,,,,1,STD,3984,War Memorial Stadium,Laramie,WY,USA,False,0.0,0:00,4,3,STATUS_FINAL,post,True,Final,Final,Final,4,2751,s:20~l:23~t:2751,Wyoming,Cowboys,WYO,Wyoming Cowboys,Wyoming,492f24,ffc425,True,3984,https://a.espncdn.com/i/teamlogos/ncaa/500/2751.png,17,17,True,99,"[{'value': 3.0, 'displayValue': '3', 'period': 1}
 {'value': 0.0, 'displayValue': '0', 'period': 2}
 {'value': 14.0, 'displayValue': '14', 'period': 3}
 {'value': 0.0, 'displayValue': '0', 'period': 4}]","[{'name': 'overall', 'abbreviation': 'Game', 'type': 'total', 'summary': '1-0'}
 {'name': 'Home', 'abbreviation': None, 'type': 'home', 'summary': '1-0'}
 {'name': 'Road', 'abbreviation': None, 'type': 'road', 'summary': '0-0'}
 {'name': 'vs. Conf.', 'abbreviation': None, 'type': 'vsconf', 'summary': '0-0'}]",149,s:20~l:23~t:149,Montana,Grizzlies,MONT,Montana Grizzlies,Montana,751D4A,666666,True,3987,https://a.espncdn.com/i/teamlogos/ncaa/500/149.png,20,12,False,99,"[{'value': 0.0, 'displayValue': '0', 'period': 1}
 {'value': 6.0, 'displayValue': '6', 'period': 2}
 {'value': 0.0, 'displayValue': '0', 'period': 3}
 {'value': 6.0, 'displayValue': '6', 'period': 4}]","[{'name': 'overall', 'abbreviation': 'Game', 'type': 'total', 'summary': '0-1'}
 {'name': 'Home', 'abbreviation': None, 'type': 'home', 'summary': '0-0'}
 {'name': 'Road', 'abbreviation': None, 'type': 'road', 'summary': '0-1'}
 {'name': 'vs. Conf.', 'abbreviation': None, 'type': 'vsconf', 'summary': '0-0'}]",400548179,2014,2,1,,,,,
400548258,s:20~l:23~e:400548258~c:400548258,2014-08-30T20:00Z,40309,True,False,False,False,True,False,2014-08-30T20:00Z,PACN,[],,,national,PACN,1,STD,3893,Reser Stadium,Corvallis,OR,USA,False,0.0,0:00,4,3,STATUS_FINAL,post,True,Final,Final,Final,4,204,s:20~l:23~t:204,Oregon State,Beavers,ORST,Oregon State Beavers,Oregon State,dc4405,000000,True,3893,https://a.espncdn.com/i/teamlogos/ncaa/500/204.png,9,29,True,99,"[{'value': 6.0, 'displayValue': '6', 'period': 1}
 {'value': 7.0, 'displayValue': '7', 'period': 2}
 {'value': 13.0, 'displayValue': '13', 'period': 3}
 {'value': 3.0, 'displayValue': '3', 'period': 4}]","[{'name': 'overall', 'abbreviation': 'Game', 'type': 'total', 'summary': '1-0'}
 {'name': 'Home', 'abbreviation': None, 'type': 'home', 'summary': '1-0'}
 {'name': 'Road', 'abbreviation': None, 'type': 'road', 'summary': '0-0'}
 {'name': 'vs. Conf.', 'abbreviation': None, 'type': 'vsconf', 'summary': '0-0'}]",2502,s:20~l:23~t:2502,Portland State,Vikings,PRST,Portland State Vikings,Portland State,00311e,ebebeb,True,4765,https://a.espncdn.com/i/teamlogos/ncaa/500/2502.png,20,14,False,99,"[{'value': 0.0, 'displayValue': '0', 'period': 1}
 {'value': 14.0, 'displayValue': '14', 'period': 2}
 {'value': 0.0, 'displayValue': '0', 'period': 3}
 {'value': 0.0, 'displayValue': '0', 'period': 4}]","[{'name': 'overall', 'abbreviation': 'Game', 'type': 'total', 'summary': '0-1'}
 {'name': 'Home', 'abbreviation': None, 'type': 'home', 'summary': '0-0'}
 {'name': 'Road', 'abbreviation': None, 'type': 'road', 'summary': '0-1'}
 {'name': 'vs. Conf.', 'abbreviation': None, 'type': 'vsconf', 'summary': '0-0'}]",400548258,2014,2,1,,,,,
400547751,s:20~l:23~e:400547751~c:400547751,2014-08-30T22:00Z,0,True,False,False,False,True,False,2014-08-30T22:00Z,ESPN3,[],,,national,ESPN3,1,STD,3982,Wallace Wade Stadium,Durham,NC,USA,False,0.0,0:00,4,3,STATUS_FINAL,post,True,Final,Final,Final,4,150,s:20~l:23~t:150,Duke,Blue Devils,DUKE,Duke Blue Devils,Duke,00539b,ffffff,True,3982,https://a.espncdn.com/i/teamlogos/ncaa/500/150.png,1,52,True,99,"[{'value': 7.0, 'displayValue': '7', 'period': 1}
 {'value': 21.0, 'displayValue': '21', 'period': 2}
 {'value': 10.0, 'displayValue': '10', 'period': 3}
 {'value': 14.0, 'displayValue': '14', 'period': 4}]","[{'name': 'overall', 'abbreviation': 'Game', 'type': 'total', 'summary': '1-0'}
 {'name': 'Home', 'abbreviation': None, 'type': 'home', 'summary': '1-0'}
 {'name': 'Road', 'abbreviation': None, 'type': 'road', 'summary': '0-0'}
 {'name': 'vs. Conf.', 'abbreviation': None, 'type': 'vsconf', 'summary': '0-0'}]",2210,s:20~l:23~t:2210,Elon,Phoenix,ELON,Elon Phoenix,Elon,020303,b59a57,True,3894,https://a.espncdn.com/i/teamlogos/ncaa/500/2210.png,48,13,False,99,"[{'value': 3.0, 'displayValue': '3', 'period': 1}
 {'value': 3.0, 'displayValue': '3', 'period': 2}
 {'value': 0.0, 'displayValue': '0', 'period': 3}
 {'value': 7.0, 'displayValue': '7', 'period': 4}]","[{'name': 'overall', 'abbreviation': 'Game', 'type': 'total', 'summary': '0-1'}
 {'name': 'Home', 'abbreviation': None, 'type': 'home', 'summary': '0-0'}
 {'name': 'Road', 'abbreviation': None, 'type': 'road', 'summary': '0-1'}
 {'name': 'vs. Conf.', 'abbreviation': None, 'type': 'vsconf', 'summary': '0-0'}]",400547751,2014,2,1,,,,,
400548097,s:20~l:23~e:400548097~c:400548097,2014-08-30T22:00Z,22754,True,False,False,True,True,False,2014-08-30T22:00Z,ESPN3,[],,,national,ESPN3,1,STD,3696,Dix Stadium,Kent,OH,USA,False,0.0,0:00,4,3,STATUS_FINAL,post,True,Final,Final,Final,4,2309,s:20~l:23~t:2309,Kent State,Golden Flashes,KENT,Kent State Golden Flashes,Kent State,002664,eaab00,True,3696,https://a.espncdn.com/i/teamlogos/ncaa/500/2309.png,15,14,False,99,"[{'value': 7.0, 'displayValue': '7', 'period': 1}
 {'value': 0.0, 'displayValue': '0', 'period': 2}
 {'value': 0.0, 'displayValue': '0', 'period': 3}
 {'value': 7.0, 'displayValue': '7', 'period': 4}]","[{'name': 'overall', 'abbreviation': 'Game', 'type': 'total', 'summary': '0-1'}
 {'name': 'Home', 'abbreviation': None, 'type': 'home', 'summary': '0-1'}
 {'name': 'Road', 'abbreviation': None, 'type': 'road', 'summary': '0-0'}
 {'name': 'vs. Conf.', 'abbreviation': None, 'type': 'vsconf', 'summary': '0-1'}]",195,s:20~l:23~t:195,Ohio,Bobcats,OHIO,Ohio Bobcats,Ohio,154734,ffffff,True,3876,https://a.espncdn.com/i/teamlogos/ncaa/500/195.png,15,17,True,99,"[{'value': 7.0, 'displayValue': '7', 'period': 1}
 {'value': 7.0, 'displayValue': '7', 'period': 2}
 {'value': 0.0, 'displayValue': '0', 'period': 3}
 {'value': 3.0, 'displayValue': '3', 'period': 4}]","[{'name': 'overall', 'abbreviation': 'Game', 'type': 'total', 'summary': '1-0'}
 {'name': 'Home', 'abbreviation': None, 'type': 'home', 'summary': '0-0'}
 {'name': 'Road', 'abbreviation': None, 'type': 'road', 'summary': '1-0'}
 {'name': 'vs. Conf.', 'abbreviation': None, 'type': 'vsconf', 'summary': '1-0'}]",400548097,2014,2,1,15,Mid-American Conference,MAC,True,
400557396,s:20~l:23~e:400557396~c:400557396,2014-08-30T22:00Z,0,True,False,False,False,False,False,2014-08-30T22:00Z,,[],,,,,1,STD,3782,Johnson Hagood Stadium,Charleston,SC,USA,False,0.0,0:00,4,3,STATUS_FINAL,post,True,Final,Final,Final,4,2643,s:20~l:23~t:2643,The Citadel,Bulldogs,CIT,The Citadel Bulldogs,The Citadel,7badd3,002856,True,3782,https://a.espncdn.com/i/teamlogos/ncaa/500/2643.png,29,16,False,99,"[{'value': 0.0, 'displayValue': '0', 'period': 1}
 {'value': 0.0, 'displayValue': '0', 'period': 2}
 {'value': 3.0, 'displayValue': '3', 'period': 3}
 {'value': 13.0, 'displayValue': '13', 'period': 4}]","[{'name': 'overall', 'abbreviation': 'Game', 'type': 'total', 'summary': '0-1'}
 {'name': 'Home', 'abbreviation': None, 'type': 'home', 'summary': '0-1'}
 {'name': 'Road', 'abbreviation': None, 'type': 'road', 'summary': '0-0'}
 {'name': 'vs. Conf.', 'abbreviation': None, 'type': 'vsconf', 'summary': '0-0'}]",324,s:20~l:23~t:324,Coastal Carolina,Chanticleers,CCAR,Coastal Carolina Chanticleers,Coast Carolina,006f71,a27752,True,3654,https://a.espncdn.com/i/teamlogos/ncaa/500/324.png,40,31,True,99,"[{'value': 14.0, 'displayValue': '14', 'period': 1}
 {'value': 0.0, 'displayValue': '0', 'period': 2}
 {'value': 7.0, 'displayValue': '7', 'period': 3}
 {'value': 10.0, 'displayValue': '10', 'period': 4}]","[{'name': 'overall', 'abbreviation': 'Game', 'type': 'total', 'summary': '1-0'}
 {'name': 'Home', 'abbreviation': None, 'type': 'home', 'summary': '0-0'}
 {'name': 'Road', 'abbreviation': None, 'type': 'road', 'summary': '1-0'}
 {'name': 'vs. Conf.', 'abbreviation': None, 'type': 'vsconf', 'summary': '0-0'}]",400557396,2014,2,1,,,,,
400547645,s:20~l:23~e:400547645~c:400547645,2014-08-30T23:00Z,27361,True,False,False,False,True,False,2014-08-30T23:00Z,ESPN3,[],,,national,ESPN3,1,STD,3805,Simmons Bank Liberty Stadium,Memphis,TN,USA,False,0.0,0:00,4,3,STATUS_FINAL,post,True,Final,Final,Final,4,235,s:20~l:23~t:235,Memphis,Tigers,MEM,Memphis Tigers,Memphis,004991,8e908f,True,3805,https://a.espncdn.com/i/teamlogos/ncaa/500/235.png,151,63,True,99,"[{'value': 21.0, 'displayValue': '21', 'period': 1}
 {'value': 21.0, 'displayValue': '21', 'period': 2}
 {'value': 14.0, 'displayValue': '14', 'period': 3}
 {'value': 7.0, 'displayValue': '7', 'period': 4}]","[{'name': 'overall', 'abbreviation': 'Game', 'type': 'total', 'summary': '1-0'}
 {'name': 'Home', 'abbreviation': None, 'type': 'home', 'summary': '1-0'}
 {'name': 'Road', 'abbreviation': None, 'type': 'road', 'summary': '0-0'}
 {'name': 'vs. Conf.', 'abbreviation': None, 'type': 'vsconf', 'summary': '0-0'}]",2046,s:20~l:23~t:2046,Austin Peay,Governors,PEAY,Austin Peay Governors,Austin Peay,8e0b0b,,True,3742,https://a.espncdn.com/i/teamlogos/ncaa/500/2046.png,26,0,False,99,"[{'value': 0.0, 'displayValue': '0', 'period': 1}
 {'value': 0.0, 'displayValue': '0', 'period': 2}
 {'value': 0.0, 'displayValue': '0', 'period': 3}
 {'value': 0.0, 'displayValue': '0', 'period': 4}]","[{'name': 'overall', 'abbreviation': 'Game', 'type': 'total', 'summary': '0-1'}
 {'name': 'Home', 'abbreviation': None, 'type': 'home', 'summary': '0-0'}
 {'name': 'Road', 'abbreviation': None, 'type': 'road', 'summary': '0-1'}
 {'name': 'vs. Conf.', 'abbreviation': None, 'type': 'vsconf', 'summary': '0-0'}]",400547645,2014,2,1,,,,,
400547646,s:20~l:23~e:400547646~c:400547646,2014-08-30T23:00Z,31642,True,False,False,False,True,False,2014-08-30T23:00Z,ESPN3,[],,,national,ESPN3,1,STD,3886,Raymond James Stadium,Tampa,FL,USA,False,0.0,0:00,4,3,STATUS_FINAL,post,True,Final,Final,Final,4,58,s:20~l:23~t:58,South Florida,Bulls,USF,South Florida Bulls,USF,006747,cfc493,True,3886,https://a.espncdn.com/i/teamlogos/ncaa/500/58.png,151,36,True,99,"[{'value': 3.0, 'displayValue': '3', 'period': 1}
 {'value': 13.0, 'displayValue': '13', 'period': 2}
 {'value': 7.0, 'displayValue': '7', 'period': 3}
 {'value': 13.0, 'displayValue': '13', 'period': 4}]","[{'name': 'overall', 'abbreviation': 'Game', 'type': 'total', 'summary': '1-0'}
 {'name': 'Home', 'abbreviation': None, 'type': 'home', 'summary': '1-0'}
 {'name': 'Road', 'abbreviation': None, 'type': 'road', 'summary': '0-0'}
 {'name': 'vs. Conf.', 'abbreviation': None, 'type': 'vsconf', 'summary': '0-0'}]",2717,s:20~l:23~t:2717,Western Carolina,Catamounts,WCU,Western Carolina Catamounts,W Carolina,492F91,bf9e70,True,3704,https://a.espncdn.com/i/teamlogos/ncaa/500/2717.png,29,31,False,99,"[{'value': 14.0, 'displayValue': '14', 'period': 1}
 {'value': 3.0, 'displayValue': '3', 'period': 2}
 {'value': 0.0, 'displayValue': '0', 'period': 3}
 {'value': 14.0, 'displayValue': '14', 'period': 4}]","[{'name': 'overall', 'abbreviation': 'Game', 'type': 'total', 'summary': '0-1'}
 {'name': 'Home', 'abbreviation': None, 'type': 'home', 'summary': '0-0'}
 {'name': 'Road', 'abbreviation': None, 'type': 'road', 'summary': '0-1'}
 {'name': 'vs. Conf.', 'abbreviation': None, 'type': 'vsconf', 'summary': '0-0'}]",400547646,2014,2,1,,,,,
400547837,s:20~l:23~e:400547837~c:400547837,2014-08-30T23:00Z,40094,True,False,False,False,True,False,2014-08-30T23:00Z,,[],,,,,1,STD,3616,Amon G. Carter Stadium,Fort Worth,TX,USA,False,0.0,0:00,4,3,STATUS_FINAL,post,True,Final,Final,Final,4,2628,s:20~l:23~t:2628,TCU,Horned Frogs,TCU,TCU Horned Frogs,TCU,4d1979,ffffff,True,3616,https://a.espncdn.com/i/teamlogos/ncaa/500/2628.png,4,48,True,99,"[{'value': 14.0, 'displayValue': '14', 'period': 1}
 {'value': 10.0, 'displayValue': '10', 'period': 2}
 {'value': 10.0, 'displayValue': '10', 'period': 3}
 {'value': 14.0, 'displayValue': '14', 'period': 4}]","[{'name': 'overall', 'abbreviation': 'Game', 'type': 'total', 'summary': '1-0'}
 {'name': 'Home', 'abbreviation': None, 'type': 'home', 'summary': '1-0'}
 {'name': 'Road', 'abbreviation': None, 'type': 'road', 'summary': '0-0'}
 {'name': 'vs. Conf.', 'abbreviation': None, 'type': 'vsconf', 'summary': '0-0'}]",2535,s:20~l:23~t:2535,Samford,Bulldogs,SAM,Samford Bulldogs,Samford,005485,bc0023,True,3925,https://a.espncdn.com/i/teamlogos/ncaa/500/2535.png,29,14,False,99,"[{'value': 0.0, 'displayValue': '0', 'period': 1}
 {'value': 7.0, 'displayValue': '7', 'period': 2}
 {'value': 0.0, 'displayValue': '0', 'period': 3}
 {'value': 7.0, 'displayValue': '7', 'period': 4}]","[{'name': 'overall', 'abbreviation': 'Game', 'type': 'total', 'summary': '0-1'}
 {'name': 'Home', 'abbreviation': None, 'type': 'home', 'summary': '0-0'}
 {'name': 'Road', 'abbreviation': None, 'type': 'road', 'summary': '0-1'}
 {'name': 'vs. Conf.', 'abbreviation': None, 'type': 'vsconf', 'summary': '0-0'}]",400547837,2014,2,1,,,,,
400547838,s:20~l:23~e:400547838~c:400547838,2014-08-30T23:00Z,60778,True,False,False,False,True,False,2014-08-30T23:00Z,,[],,,,,1,STD,3784,Jones AT&T Stadium,Lubbock,TX,USA,False,0.0,0:00,4,3,STATUS_FINAL,post,True,Final,Final,Final,4,2641,s:20~l:23~t:2641,Texas Tech,Red Raiders,TTU,Texas Tech Red Raiders,Texas Tech,da291c,000000,True,3784,https://a.espncdn.com/i/teamlogos/ncaa/500/2641.png,4,42,True,99,"[{'value': 7.0, 'displayValue': '7', 'period': 1}
 {'value': 14.0, 'displayValue': '14', 'period': 2}
 {'value': 7.0, 'displayValue': '7', 'period': 3}
 {'value': 14.0, 'displayValue': '14', 'period': 4}]","[{'name': 'overall', 'abbreviation': 'Game', 'type': 'total', 'summary': '1-0'}
 {'name': 'Home', 'abbreviation': None, 'type': 'home', 'summary': '1-0'}
 {'name': 'Road', 'abbreviation': None, 'type': 'road', 'summary': '0-0'}
 {'name': 'vs. Conf.', 'abbreviation': None, 'type': 'vsconf', 'summary': '0-0'}]",2110,s:20~l:23~t:2110,Central Arkansas,Bears,UCA,Central Arkansas Bears,Cent Arkansas,a7a9ac,8e959a,True,3711,https://a.espncdn.com/i/teamlogos/ncaa/500/2110.png,30,35,False,99,"[{'value': 3.0, 'displayValue': '3', 'period': 1}
 {'value': 13.0, 'displayValue': '13', 'period': 2}
 {'value': 5.0, 'displayValue': '5', 'period': 3}
 {'value': 14.0, 'displayValue': '14', 'period': 4}]","[{'name': 'overall', 'abbreviation': 'Game', 'type': 'total', 'summary': '0-1'}
 {'name': 'Home', 'abbreviation': None, 'type': 'home', 'summary': '0-0'}
 {'name': 'Road', 'abbreviation': None, 'type': 'road', 'summary': '0-1'}
 {'name': 'vs. Conf.', 'abbreviation': None, 'type': 'vsconf', 'summary': '0-0'}]",400547838,2014,2,1,,,,,
400548004,s:20~l:23~e:400548004~c:400548004,2014-08-30T23:00Z,14053,True,False,False,False,True,False,2014-08-30T23:00Z,,[],,,,,1,STD,218,Riccardo Silva Stadium,Miami,FL,USA,False,0.0,0:00,4,3,STATUS_FINAL,post,True,Final,Final,Final,4,2229,s:20~l:23~t:2229,Florida Intl,Golden Panthers,FIU,Florida Intl Golden Panthers,FIU,091f3f,c3993f,False,218,https://a.espncdn.com/i/teamlogos/ncaa/500/2229.png,12,12,False,99,"[{'value': 0.0, 'displayValue': '0', 'period': 1}
 {'value': 6.0, 'displayValue': '6', 'period': 2}
 {'value': 0.0, 'displayValue': '0', 'period': 3}
 {'value': 6.0, 'displayValue': '6', 'period': 4}]","[{'name': 'overall', 'abbreviation': 'Game', 'type': 'total', 'summary': '0-1'}
 {'name': 'Home', 'abbreviation': None, 'type': 'home', 'summary': '0-1'}
 {'name': 'Road', 'abbreviation': None, 'type': 'road', 'summary': '0-0'}
 {'name': 'vs. Conf.', 'abbreviation': None, 'type': 'vsconf', 'summary': '0-0'}]",2065,s:20~l:23~t:2065,Bethune-Cookman,Wildcats,COOK,Bethune-Cookman Wildcats,Bethune-Cookman,7b1831,e9aa12,True,3850,https://a.espncdn.com/i/teamlogos/ncaa/500/2065.png,24,14,True,99,"[{'value': 0.0, 'displayValue': '0', 'period': 1}
 {'value': 7.0, 'displayValue': '7', 'period': 2}
 {'value': 0.0, 'displayValue': '0', 'period': 3}
 {'value': 7.0, 'displayValue': '7', 'period': 4}]","[{'name': 'overall', 'abbreviation': 'Game', 'type': 'total', 'summary': '1-0'}
 {'name': 'Home', 'abbreviation': None, 'type': 'home', 'summary': '0-0'}
 {'name': 'Road', 'abbreviation': None, 'type': 'road', 'summary': '1-0'}
 {'name': 'vs. Conf.', 'abbreviation': None, 'type': 'vsconf', 'summary': '0-0'}]",400548004,2014,2,1,,,,,
400548006,s:20~l:23~e:400548006~c:400548006,2014-08-30T23:00Z,15605,True,False,False,False,True,False,2014-08-30T23:00Z,,[],,,,,1,STD,3725,"Johnny ""Red"" Floyd Stadium",Murfreesboro,TN,USA,False,0.0,0:00,4,3,STATUS_FINAL,post,True,Final,Final,Final,4,2393,s:20~l:23~t:2393,Middle Tennessee,Blue Raiders,MTSU,Middle Tennessee Blue Raiders,Mid Tennessee,036eb7,ffffff,True,3725,https://a.espncdn.com/i/teamlogos/ncaa/500/2393.png,12,61,True,99,"[{'value': 20.0, 'displayValue': '20', 'period': 1}
 {'value': 14.0, 'displayValue': '14', 'period': 2}
 {'value': 20.0, 'displayValue': '20', 'period': 3}
 {'value': 7.0, 'displayValue': '7', 'period': 4}]","[{'name': 'overall', 'abbreviation': 'Game', 'type': 'total', 'summary': '1-0'}
 {'name': 'Home', 'abbreviation': None, 'type': 'home', 'summary': '1-0'}
 {'name': 'Road', 'abbreviation': None, 'type': 'road', 'summary': '0-0'}
 {'name': 'vs. Conf.', 'abbreviation': None, 'type': 'vsconf', 'summary': '0-0'}]",2542,s:20~l:23~t:2542,Savannah State,Tigers,SAV,Savannah State Tigers,Savannah State,280298,f78f1e,True,3952,https://a.espncdn.com/i/teamlogos/ncaa/500/2542.png,24,7,False,99,"[{'value': 0.0, 'displayValue': '0', 'period': 1}
 {'value': 0.0, 'displayValue': '0', 'period': 2}
 {'value': 0.0, 'displayValue': '0', 'period': 3}
 {'value': 7.0, 'displayValue': '7', 'period': 4}]","[{'name': 'overall', 'abbreviation': 'Game', 'type': 'total', 'summary': '0-1'}
 {'name': 'Home', 'abbreviation': None, 'type': 'home', 'summary': '0-0'}
 {'name': 'Road', 'abbreviation': None, 'type': 'road', 'summary': '0-1'}
 {'name': 'vs. Conf.', 'abbreviation': None, 'type': 'vsconf', 'summary': '0-0'}]",400548006,2014,2,1,,,,,
400548096,s:20~l:23~e:400548096~c:400548096,2014-08-30T23:00Z,20184,True,False,False,False,True,False,2014-08-30T23:00Z,ESPN3,[],,,national,ESPN3,1,STD,3739,Glass Bowl,Toledo,OH,USA,False,0.0,0:00,4,3,STATUS_FINAL,post,True,Final,Final,Final,4,2649,s:20~l:23~t:2649,Toledo,Rockets,TOL,Toledo Rockets,Toledo,0b2240,ffcd00,True,3739,https://a.espncdn.com/i/teamlogos/ncaa/500/2649.png,15,54,True,99,"[{'value': 3.0, 'displayValue': '3', 'period': 1}
 {'value': 13.0, 'displayValue': '13', 'period': 2}
 {'value': 21.0, 'displayValue': '21', 'period': 3}
 {'value': 17.0, 'displayValue': '17', 'period': 4}]","[{'name': 'overall', 'abbreviation': 'Game', 'type': 'total', 'summary': '1-0'}
 {'name': 'Home', 'abbreviation': None, 'type': 'home', 'summary': '1-0'}
 {'name': 'Road', 'abbreviation': None, 'type': 'road', 'summary': '0-0'}
 {'name': 'vs. Conf.', 'abbreviation': None, 'type': 'vsconf', 'summary': '0-0'}]",160,s:20~l:23~t:160,New Hampshire,Wildcats,UNH,New Hampshire Wildcats,UNH,004990,c3c4c6,True,3688,https://a.espncdn.com/i/teamlogos/ncaa/500/160.png,48,20,False,99,"[{'value': 7.0, 'displayValue': '7', 'period': 1}
 {'value': 7.0, 'displayValue': '7', 'period': 2}
 {'value': 6.0, 'displayValue': '6', 'period': 3}
 {'value': 0.0, 'displayValue': '0', 'period': 4}]","[{'name': 'overall', 'abbreviation': 'Game', 'type': 'total', 'summary': '0-1'}
 {'name': 'Home', 'abbreviation': None, 'type': 'home', 'summary': '0-0'}
 {'name': 'Road', 'abbreviation': None, 'type': 'road', 'summary': '0-1'}
 {'name': 'vs. Conf.', 'abbreviation': None, 'type': 'vsconf', 'summary': '0-0'}]",400548096,2014,2,1,,,,,
400548175,s:20~l:23~e:400548175~c:400548175,2014-08-30T23:00Z,30761,True,False,False,False,True,False,2014-08-30T23:00Z,CBSSN,[],,,national,CBSSN,1,STD,3932,SDCCU Stadium,San Diego,CA,USA,False,0.0,0:00,4,3,STATUS_FINAL,post,True,Final,Final,Final,4,21,s:20~l:23~t:21,San Diego State,Aztecs,SDSU,San Diego State Aztecs,San Diego State,a6192e,000000,True,3932,https://a.espncdn.com/i/teamlogos/ncaa/500/21.png,17,38,True,99,"[{'value': 14.0, 'displayValue': '14', 'period': 1}
 {'value': 10.0, 'displayValue': '10', 'period': 2}
 {'value': 7.0, 'displayValue': '7', 'period': 3}
 {'value': 7.0, 'displayValue': '7', 'period': 4}]","[{'name': 'overall', 'abbreviation': 'Game', 'type': 'total', 'summary': '1-0'}
 {'name': 'Home', 'abbreviation': None, 'type': 'home', 'summary': '1-0'}
 {'name': 'Road', 'abbreviation': None, 'type': 'road', 'summary': '0-0'}
 {'name': 'vs. Conf.', 'abbreviation': None, 'type': 'vsconf', 'summary': '0-0'}]",2464,s:20~l:23~t:2464,Northern Arizona,Lumberjacks,NAU,Northern Arizona Lumberjacks,N Arizona,003976,1b3069,True,2023,https://a.espncdn.com/i/teamlogos/ncaa/500/2464.png,20,7,False,99,"[{'value': 0.0, 'displayValue': '0', 'period': 1}
 {'value': 0.0, 'displayValue': '0', 'period': 2}
 {'value': 7.0, 'displayValue': '7', 'period': 3}
 {'value': 0.0, 'displayValue': '0', 'period': 4}]","[{'name': 'overall', 'abbreviation': 'Game', 'type': 'total', 'summary': '0-1'}
 {'name': 'Home', 'abbreviation': None, 'type': 'home', 'summary': '0-0'}
 {'name': 'Road', 'abbreviation': None, 'type': 'road', 'summary': '0-1'}
 {'name': 'vs. Conf.', 'abbreviation': None, 'type': 'vsconf', 'summary': '0-0'}]",400548175,2014,2,1,,,,,
400548405,s:20~l:23~e:400548405~c:400548405,2014-08-30T23:00Z,26143,True,False,False,False,True,False,2014-08-30T23:00Z,ESPN3,[],,,national,ESPN3,1,STD,3625,Centennial Bank Stadium,Jonesboro,AR,USA,False,0.0,0:00,4,3,STATUS_FINAL,post,True,Final,Final,Final,4,2032,s:20~l:23~t:2032,Arkansas State,Red Wolves,ARST,Arkansas State Red Wolves,Arkansas State,cc092f,000000,True,3625,https://a.espncdn.com/i/teamlogos/ncaa/500/2032.png,37,37,True,99,"[{'value': 10.0, 'displayValue': '10', 'period': 1}
 {'value': 3.0, 'displayValue': '3', 'period': 2}
 {'value': 10.0, 'displayValue': '10', 'period': 3}
 {'value': 14.0, 'displayValue': '14', 'period': 4}]","[{'name': 'overall', 'abbreviation': 'Game', 'type': 'total', 'summary': '1-0'}
 {'name': 'Home', 'abbreviation': None, 'type': 'home', 'summary': '1-0'}
 {'name': 'Road', 'abbreviation': None, 'type': 'road', 'summary': '0-0'}
 {'name': 'vs. Conf.', 'abbreviation': None, 'type': 'vsconf', 'summary': '0-0'}]",147,s:20~l:23~t:147,Montana State,Bobcats,MTST,Montana State Bobcats,Montana State,00205c,bc955c,True,3643,https://a.espncdn.com/i/teamlogos/ncaa/500/147.png,20,10,False,99,"[{'value': 7.0, 'displayValue': '7', 'period': 1}
 {'value': 0.0, 'displayValue': '0', 'period': 2}
 {'value': 3.0, 'displayValue': '3', 'period': 3}
 {'value': 0.0, 'displayValue': '0', 'period': 4}]","[{'name': 'overall', 'abbreviation': 'Game', 'type': 'total', 'summary': '0-1'}
 {'name': 'Home', 'abbreviation': None, 'type': 'home', 'summary': '0-0'}
 {'name': 'Road', 'abbreviation': None, 'type': 'road', 'summary': '0-1'}
 {'name': 'vs. Conf.', 'abbreviation': None, 'type': 'vsconf', 'summary': '0-0'}]",400548405,2014,2,1,,,,,
400548406,s:20~l:23~e:400548406~c:400548406,2014-08-30T23:00Z,36170,True,False,False,False,True,False,2014-08-30T23:00Z,ESPN3,[],,,national,ESPN3,1,STD,3666,Our Lady of Lourdes Stadium,Lafayette,LA,USA,False,0.0,0:00,4,3,STATUS_FINAL,post,True,Final,Final,Final,4,309,s:20~l:23~t:309,Louisiana,Ragin' Cajuns,ULL,Louisiana Ragin' Cajuns,Louisiana,ce181e,000000,True,3666,https://a.espncdn.com/i/teamlogos/ncaa/500/309.png,37,45,True,99,"[{'value': 10.0, 'displayValue': '10', 'period': 1}
 {'value': 14.0, 'displayValue': '14', 'period': 2}
 {'value': 7.0, 'displayValue': '7', 'period': 3}
 {'value': 14.0, 'displayValue': '14', 'period': 4}]","[{'name': 'overall', 'abbreviation': 'Game', 'type': 'total', 'summary': '1-0'}
 {'name': 'Home', 'abbreviation': None, 'type': 'home', 'summary': '1-0'}
 {'name': 'Road', 'abbreviation': None, 'type': 'road', 'summary': '0-0'}
 {'name': 'vs. Conf.', 'abbreviation': None, 'type': 'vsconf', 'summary': '0-0'}]",2582,s:20~l:23~t:2582,Southern,Jaguars,SOU,Southern Jaguars,Southern,004B97,ffc82d,True,3599,https://a.espncdn.com/i/teamlogos/ncaa/500/2582.png,31,6,False,99,"[{'value': 0.0, 'displayValue': '0', 'period': 1}
 {'value': 0.0, 'displayValue': '0', 'period': 2}
 {'value': 6.0, 'displayValue': '6', 'period': 3}
 {'value': 0.0, 'displayValue': '0', 'period': 4}]","[{'name': 'overall', 'abbreviation': 'Game', 'type': 'total', 'summary': '0-1'}
 {'name': 'Home', 'abbreviation': None, 'type': 'home', 'summary': '0-0'}
 {'name': 'Road', 'abbreviation': None, 'type': 'road', 'summary': '0-1'}
 {'name': 'vs. Conf.', 'abbreviation': None, 'type': 'vsconf', 'summary': '0-0'}]",400548406,2014,2,1,,,,,
400548407,s:20~l:23~e:400548407~c:400548407,2014-08-30T23:00Z,17813,True,False,False,False,True,False,2014-08-30T23:00Z,ESPN3,[],,,national,ESPN3,1,STD,3644,UFCU Stadium,San Marcos,TX,USA,False,0.0,0:00,4,3,STATUS_FINAL,post,True,Final,Final,Final,4,326,s:20~l:23~t:326,Texas State,Bobcats,TXST,Texas State Bobcats,Texas State,501214,6a5638,True,3644,https://a.espncdn.com/i/teamlogos/ncaa/500/326.png,37,65,True,99,"[{'value': 14.0, 'displayValue': '14', 'period': 1}
 {'value': 28.0, 'displayValue': '28', 'period': 2}
 {'value': 9.0, 'displayValue': '9', 'period': 3}
 {'value': 14.0, 'displayValue': '14', 'period': 4}]","[{'name': 'overall', 'abbreviation': 'Game', 'type': 'total', 'summary': '1-0'}
 {'name': 'Home', 'abbreviation': None, 'type': 'home', 'summary': '1-0'}
 {'name': 'Road', 'abbreviation': None, 'type': 'road', 'summary': '0-0'}
 {'name': 'vs. Conf.', 'abbreviation': None, 'type': 'vsconf', 'summary': '0-0'}]",2029,s:20~l:23~t:2029,Arkansas-Pine Bluff,Golden Lions,ARPB,Arkansas-Pine Bluff Golden Lions,AR-Pine Bluff,e0aa0f,eaaa00,True,3740,https://a.espncdn.com/i/teamlogos/ncaa/500/2029.png,31,0,False,99,"[{'value': 0.0, 'displayValue': '0', 'period': 1}
 {'value': 0.0, 'displayValue': '0', 'period': 2}
 {'value': 0.0, 'displayValue': '0', 'period': 3}
 {'value': 0.0, 'displayValue': '0', 'period': 4}]","[{'name': 'overall', 'abbreviation': 'Game', 'type': 'total', 'summary': '0-1'}
 {'name': 'Home', 'abbreviation': None, 'type': 'home', 'summary': '0-0'}
 {'name': 'Road', 'abbreviation': None, 'type': 'road', 'summary': '0-1'}
 {'name': 'vs. Conf.', 'abbreviation': None, 'type': 'vsconf', 'summary': '0-0'}]",400548407,2014,2,1,,,,,
400553542,s:20~l:23~e:400553542~c:400553542,2014-08-30T23:00Z,4078,True,False,False,False,True,False,2014-08-30T23:00Z,,[],,,,,1,STD,3734,Gayle and Tom Benson Stadium,San Antonio,TX,USA,False,0.0,0:00,4,3,STATUS_FINAL,post,True,Final,Final,Final,4,2916,s:20~l:23~t:2916,Incarnate Word,Cardinals,IW,Incarnate Word Cardinals,Incarnate Word,000000,080808,True,3734,https://a.espncdn.com/i/teamlogos/ncaa/500/2916.png,30,13,False,99,"[{'value': 6.0, 'displayValue': '6', 'period': 1}
 {'value': 0.0, 'displayValue': '0', 'period': 2}
 {'value': 0.0, 'displayValue': '0', 'period': 3}
 {'value': 7.0, 'displayValue': '7', 'period': 4}]","[{'name': 'overall', 'abbreviation': 'Game', 'type': 'total', 'summary': '0-1'}
 {'name': 'Home', 'abbreviation': None, 'type': 'home', 'summary': '0-1'}
 {'name': 'Road', 'abbreviation': None, 'type': 'road', 'summary': '0-0'}
 {'name': 'vs. Conf.', 'abbreviation': None, 'type': 'vsconf', 'summary': '0-0'}]",16,s:20~l:23~t:16,Sacramento State,Hornets,SAC,Sacramento State Hornets,Sacramento St,00573C,cdb97d,True,3757,https://a.espncdn.com/i/teamlogos/ncaa/500/16.png,20,49,True,99,"[{'value': 21.0, 'displayValue': '21', 'period': 1}
 {'value': 14.0, 'displayValue': '14', 'period': 2}
 {'value': 14.0, 'displayValue': '14', 'period': 3}
 {'value': 0.0, 'displayValue': '0', 'period': 4}]","[{'name': 'overall', 'abbreviation': 'Game', 'type': 'total', 'summary': '1-0'}
 {'name': 'Home', 'abbreviation': None, 'type': 'home', 'summary': '0-0'}
 {'name': 'Road', 'abbreviation': None, 'type': 'road', 'summary': '1-0'}
 {'name': 'vs. Conf.', 'abbreviation': None, 'type': 'vsconf', 'summary': '0-0'}]",400553542,2014,2,1,,,,,
400548009,s:20~l:23~e:400548009~c:400548009,2014-08-30T23:30Z,61889,True,False,False,False,True,False,2014-08-30T23:30Z,SEC Network,[],,,national,SEC Network,1,STD,3693,Davis Wade Stadium,Starkville,MS,USA,False,0.0,0:00,4,3,STATUS_FINAL,post,True,Final,Final,Final,4,344,s:20~l:23~t:344,Mississippi State,Bulldogs,MSST,Mississippi State Bulldogs,Miss St,5d1725,c1c6c8,True,3693,https://a.espncdn.com/i/teamlogos/ncaa/500/344.png,8,49,True,99,"[{'value': 7.0, 'displayValue': '7', 'period': 1}
 {'value': 21.0, 'displayValue': '21', 'period': 2}
 {'value': 14.0, 'displayValue': '14', 'period': 3}
 {'value': 7.0, 'displayValue': '7', 'period': 4}]","[{'name': 'overall', 'abbreviation': 'Game', 'type': 'total', 'summary': '1-0'}
 {'name': 'Home', 'abbreviation': None, 'type': 'home', 'summary': '1-0'}
 {'name': 'Road', 'abbreviation': None, 'type': 'road', 'summary': '0-0'}
 {'name': 'vs. Conf.', 'abbreviation': None, 'type': 'vsconf', 'summary': '0-0'}]",2572,s:20~l:23~t:2572,Southern Mississippi,Golden Eagles,USM,Southern Mississippi Golden Eagles,Southern Miss,ffc72c,231f20,False,3815,https://a.espncdn.com/i/teamlogos/ncaa/500/2572.png,12,0,False,99,"[{'value': 0.0, 'displayValue': '0', 'period': 1}
 {'value': 0.0, 'displayValue': '0', 'period': 2}
 {'value': 0.0, 'displayValue': '0', 'period': 3}
 {'value': 0.0, 'displayValue': '0', 'period': 4}]","[{'name': 'overall', 'abbreviation': 'Game', 'type': 'total', 'summary': '0-1'}
 {'name': 'Home', 'abbreviation': None, 'type': 'home', 'summary': '0-0'}
 {'name': 'Road', 'abbreviation': None, 'type': 'road', 'summary': '0-1'}
 {'name': 'vs. Conf.', 'abbreviation': None, 'type': 'vsconf', 'summary': '0-0'}]",400548009,2014,2,1,,,,,
400557915,s:20~l:23~e:400557915~c:400557915,2014-08-30T23:30Z,7595,True,False,False,False,False,False,2014-08-30T23:30Z,,[],,,,,1,STD,3647,Elliott T. Bowers Stadium,Huntsville,TX,USA,False,0.0,0:00,4,3,STATUS_FINAL,post,True,Final,Final,Final,4,2534,s:20~l:23~t:2534,Sam Houston State,Bearkats,SHSU,Sam Houston State Bearkats,Sam Houston,f56423,ffffff,False,3647,https://a.espncdn.com/i/teamlogos/ncaa/500/2534.png,30,51,True,99,"[{'value': 14.0, 'displayValue': '14', 'period': 1}
 {'value': 24.0, 'displayValue': '24', 'period': 2}
 {'value': 10.0, 'displayValue': '10', 'period': 3}
 {'value': 3.0, 'displayValue': '3', 'period': 4}]","[{'name': 'overall', 'abbreviation': 'Game', 'type': 'total', 'summary': '1-1'}
 {'name': 'Home', 'abbreviation': None, 'type': 'home', 'summary': '1-0'}
 {'name': 'Road', 'abbreviation': None, 'type': 'road', 'summary': '0-1'}
 {'name': 'vs. Conf.', 'abbreviation': None, 'type': 'vsconf', 'summary': '0-0'}]",2011,s:20~l:23~t:2011,Alabama State,Hornets,ALST,Alabama State Hornets,Alabama State,e9a900,0a0a0a,True,3689,https://a.espncdn.com/i/teamlogos/ncaa/500/2011.png,31,20,False,99,"[{'value': 7.0, 'displayValue': '7', 'period': 1}
 {'value': 3.0, 'displayValue': '3', 'period': 2}
 {'value': 10.0, 'displayValue': '10', 'period': 3}
 {'value': 0.0, 'displayValue': '0', 'period': 4}]","[{'name': 'overall', 'abbreviation': 'Game', 'type': 'total', 'summary': '0-1'}
 {'name': 'Home', 'abbreviation': None, 'type': 'home', 'summary': '0-0'}
 {'name': 'Road', 'abbreviation': None, 'type': 'road', 'summary': '0-1'}
 {'name': 'vs. Conf.', 'abbreviation': None, 'type': 'vsconf', 'summary': '0-0'}]",400557915,2014,2,1,,,,,
400547643,s:20~l:23~e:400547643~c:400547643,2014-08-31T00:00Z,42758,True,False,False,False,True,False,2014-08-31T00:00Z,ESPNEWS,[],,,national,ESPNEWS,1,STD,3699,Dowdy-Ficklen Stadium,Greenville,NC,USA,False,0.0,0:00,4,3,STATUS_FINAL,post,True,Final,Final,Final,4,151,s:20~l:23~t:151,East Carolina,Pirates,ECU,East Carolina Pirates,ECU,582c83,ffc72c,True,3699,https://a.espncdn.com/i/teamlogos/ncaa/500/151.png,151,52,True,99,"[{'value': 10.0, 'displayValue': '10', 'period': 1}
 {'value': 21.0, 'displayValue': '21', 'period': 2}
 {'value': 7.0, 'displayValue': '7', 'period': 3}
 {'value': 14.0, 'displayValue': '14', 'period': 4}]","[{'name': 'overall', 'abbreviation': 'Game', 'type': 'total', 'summary': '1-0'}
 {'name': 'Home', 'abbreviation': None, 'type': 'home', 'summary': '1-0'}
 {'name': 'Road', 'abbreviation': None, 'type': 'road', 'summary': '0-0'}
 {'name': 'vs. Conf.', 'abbreviation': None, 'type': 'vsconf', 'summary': '0-0'}]",2428,s:20~l:23~t:2428,North Carolina Central,Eagles,NCCU,North Carolina Central Eagles,NC Central,880023,c2c3c0,True,3862,https://a.espncdn.com/i/teamlogos/ncaa/500/2428.png,24,7,False,99,"[{'value': 7.0, 'displayValue': '7', 'period': 1}
 {'value': 0.0, 'displayValue': '0', 'period': 2}
 {'value': 0.0, 'displayValue': '0', 'period': 3}
 {'value': 0.0, 'displayValue': '0', 'period': 4}]","[{'name': 'overall', 'abbreviation': 'Game', 'type': 'total', 'summary': '0-1'}
 {'name': 'Home', 'abbreviation': None, 'type': 'home', 'summary': '0-0'}
 {'name': 'Road', 'abbreviation': None, 'type': 'road', 'summary': '0-1'}
 {'name': 'vs. Conf.', 'abbreviation': None, 'type': 'vsconf', 'summary': '0-0'}]",400547643,2014,2,1,,,,,
400547836,s:20~l:23~e:400547836~c:400547836,2014-08-31T00:00Z,93201,True,False,False,False,True,False,2014-08-31T00:00Z,LHN,[],,,national,LHN,1,STD,3910,DKR-Texas Memorial Stadium,Austin,TX,USA,False,0.0,0:00,4,3,STATUS_FINAL,post,True,Final,Final,Final,4,251,s:20~l:23~t:251,Texas,Longhorns,TEX,Texas Longhorns,Texas,af5c37,ffffff,True,3910,https://a.espncdn.com/i/teamlogos/ncaa/500/251.png,4,38,True,99,"[{'value': 7.0, 'displayValue': '7', 'period': 1}
 {'value': 14.0, 'displayValue': '14', 'period': 2}
 {'value': 7.0, 'displayValue': '7', 'period': 3}
 {'value': 10.0, 'displayValue': '10', 'period': 4}]","[{'name': 'overall', 'abbreviation': 'Game', 'type': 'total', 'summary': '1-0'}
 {'name': 'Home', 'abbreviation': None, 'type': 'home', 'summary': '1-0'}
 {'name': 'Road', 'abbreviation': None, 'type': 'road', 'summary': '0-0'}
 {'name': 'vs. Conf.', 'abbreviation': None, 'type': 'vsconf', 'summary': '0-0'}]",249,s:20~l:23~t:249,North Texas,Mean Green,UNT,North Texas Mean Green,North Texas,068f33,ffffff,True,3825,https://a.espncdn.com/i/teamlogos/ncaa/500/249.png,12,7,False,99,"[{'value': 0.0, 'displayValue': '0', 'period': 1}
 {'value': 0.0, 'displayValue': '0', 'period': 2}
 {'value': 0.0, 'displayValue': '0', 'period': 3}
 {'value': 7.0, 'displayValue': '7', 'period': 4}]","[{'name': 'overall', 'abbreviation': 'Game', 'type': 'total', 'summary': '0-1'}
 {'name': 'Home', 'abbreviation': None, 'type': 'home', 'summary': '0-0'}
 {'name': 'Road', 'abbreviation': None, 'type': 'road', 'summary': '0-1'}
 {'name': 'vs. Conf.', 'abbreviation': None, 'type': 'vsconf', 'summary': '0-0'}]",400547836,2014,2,1,,,,,
400548011,s:20~l:23~e:400548011~c:400548011,2014-08-31T00:00Z,0,True,False,False,False,True,False,2014-08-31T00:00Z,,[],,,,,1,STD,3971,University Stadium (NM),Albuquerque,NM,USA,False,0.0,0:00,4,3,STATUS_FINAL,post,True,Final,Final,Final,4,167,s:20~l:23~t:167,New Mexico,Lobos,UNM,New Mexico Lobos,New Mexico,ba0c2f,a7a8aa,True,3971,https://a.espncdn.com/i/teamlogos/ncaa/500/167.png,17,24,False,99,"[{'value': 7.0, 'displayValue': '7', 'period': 1}
 {'value': 0.0, 'displayValue': '0', 'period': 2}
 {'value': 14.0, 'displayValue': '14', 'period': 3}
 {'value': 3.0, 'displayValue': '3', 'period': 4}]","[{'name': 'overall', 'abbreviation': 'Game', 'type': 'total', 'summary': '0-1'}
 {'name': 'Home', 'abbreviation': None, 'type': 'home', 'summary': '0-1'}
 {'name': 'Road', 'abbreviation': None, 'type': 'road', 'summary': '0-0'}
 {'name': 'vs. Conf.', 'abbreviation': None, 'type': 'vsconf', 'summary': '0-0'}]",2638,s:20~l:23~t:2638,UTEP,Miners,UTEP,UTEP Miners,UTEP,ff8200,041e42,True,3946,https://a.espncdn.com/i/teamlogos/ncaa/500/2638.png,12,31,True,99,"[{'value': 14.0, 'displayValue': '14', 'period': 1}
 {'value': 10.0, 'displayValue': '10', 'period': 2}
 {'value': 0.0, 'displayValue': '0', 'period': 3}
 {'value': 7.0, 'displayValue': '7', 'period': 4}]","[{'name': 'overall', 'abbreviation': 'Game', 'type': 'total', 'summary': '1-0'}
 {'name': 'Home', 'abbreviation': None, 'type': 'home', 'summary': '0-0'}
 {'name': 'Road', 'abbreviation': None, 'type': 'road', 'summary': '1-0'}
 {'name': 'vs. Conf.', 'abbreviation': None, 'type': 'vsconf', 'summary': '0-0'}]",400548011,2014,2,1,,,,,
400547648,s:20~l:23~e:400547648~c:400547648,2014-08-31T23:30Z,0,True,False,False,False,True,False,2014-08-31T23:30Z,FS1,[],,,national,FS1,1,STD,4727,McLane Stadium,Waco,TX,USA,False,0.0,0:00,4,3,STATUS_FINAL,post,True,Final,Final,Final,4,239,s:20~l:23~t:239,Baylor,Bears,BAY,Baylor Bears,Baylor,154734,ffb81c,True,3724,https://a.espncdn.com/i/teamlogos/ncaa/500/239.png,4,45,True,10,"[{'value': 24.0, 'displayValue': '24', 'period': 1}
 {'value': 7.0, 'displayValue': '7', 'period': 2}
 {'value': 7.0, 'displayValue': '7', 'period': 3}
 {'value': 7.0, 'displayValue': '7', 'period': 4}]","[{'name': 'overall', 'abbreviation': 'Game', 'type': 'total', 'summary': '1-0'}
 {'name': 'Home', 'abbreviation': None, 'type': 'home', 'summary': '1-0'}
 {'name': 'Road', 'abbreviation': None, 'type': 'road', 'summary': '0-0'}
 {'name': 'vs. Conf.', 'abbreviation': None, 'type': 'vsconf', 'summary': '0-0'}]",2567,s:20~l:23~t:2567,SMU,Mustangs,SMU,SMU Mustangs,SMU,a80000,0033a1,True,3735,https://a.espncdn.com/i/teamlogos/ncaa/500/2567.png,151,0,False,99,"[{'value': 0.0, 'displayValue': '0', 'period': 1}
 {'value': 0.0, 'displayValue': '0', 'period': 2}
 {'value': 0.0, 'displayValue': '0', 'period': 3}
 {'value': 0.0, 'displayValue': '0', 'period': 4}]","[{'name': 'overall', 'abbreviation': 'Game', 'type': 'total', 'summary': '0-1'}
 {'name': 'Home', 'abbreviation': None, 'type': 'home', 'summary': '0-0'}
 {'name': 'Road', 'abbreviation': None, 'type': 'road', 'summary': '0-1'}
 {'name': 'vs. Conf.', 'abbreviation': None, 'type': 'vsconf', 'summary': '0-0'}]",400547648,2014,2,1,,,,,
400548178,s:20~l:23~e:400548178~c:400548178,2014-08-31T23:00Z,102455,True,False,False,False,True,False,2014-08-31T23:00Z,SEC Network,[],,,national,SEC Network,1,STD,3853,Neyland Stadium,Knoxville,TN,USA,False,0.0,0:00,4,3,STATUS_FINAL,post,True,Final,Final,Final,4,2633,s:20~l:23~t:2633,Tennessee,Volunteers,TENN,Tennessee Volunteers,Tennessee,ff8200,ffffff,True,3853,https://a.espncdn.com/i/teamlogos/ncaa/500/2633.png,8,38,True,99,"[{'value': 14.0, 'displayValue': '14', 'period': 1}
 {'value': 3.0, 'displayValue': '3', 'period': 2}
 {'value': 7.0, 'displayValue': '7', 'period': 3}
 {'value': 14.0, 'displayValue': '14', 'period': 4}]","[{'name': 'overall', 'abbreviation': 'Game', 'type': 'total', 'summary': '1-0'}
 {'name': 'Home', 'abbreviation': None, 'type': 'home', 'summary': '1-0'}
 {'name': 'Road', 'abbreviation': None, 'type': 'road', 'summary': '0-0'}
 {'name': 'vs. Conf.', 'abbreviation': None, 'type': 'vsconf', 'summary': '0-0'}]",328,s:20~l:23~t:328,Utah State,Aggies,USU,Utah State Aggies,Utah State,0f2439,ffffff,True,3905,https://a.espncdn.com/i/teamlogos/ncaa/500/328.png,17,7,False,99,"[{'value': 0.0, 'displayValue': '0', 'period': 1}
 {'value': 0.0, 'displayValue': '0', 'period': 2}
 {'value': 0.0, 'displayValue': '0', 'period': 3}
 {'value': 7.0, 'displayValue': '7', 'period': 4}]","[{'name': 'overall', 'abbreviation': 'Game', 'type': 'total', 'summary': '0-1'}
 {'name': 'Home', 'abbreviation': None, 'type': 'home', 'summary': '0-0'}
 {'name': 'Road', 'abbreviation': None, 'type': 'road', 'summary': '0-1'}
 {'name': 'vs. Conf.', 'abbreviation': None, 'type': 'vsconf', 'summary': '0-0'}]",400548178,2014,2,1,,,,,
400547786,s:20~l:23~e:400547786~c:400547786,2014-09-02T00:00Z,55428,True,False,False,True,True,False,2014-09-02T00:00Z,ESPN,[],,,national,ESPN,1,STD,3873,L&N Federal Credit Union Stadium,Louisville,KY,USA,False,0.0,0:00,4,3,STATUS_FINAL,post,True,Final,Final,Final,4,97,s:20~l:23~t:97,Louisville,Cardinals,LOU,Louisville Cardinals,Louisville,c9001f,ffffff,True,3873,https://a.espncdn.com/i/teamlogos/ncaa/500/97.png,1,31,True,99,"[{'value': 7.0, 'displayValue': '7', 'period': 1}
 {'value': 7.0, 'displayValue': '7', 'period': 2}
 {'value': 7.0, 'displayValue': '7', 'period': 3}
 {'value': 10.0, 'displayValue': '10', 'period': 4}]","[{'name': 'overall', 'abbreviation': 'Game', 'type': 'total', 'summary': '1-0'}
 {'name': 'Home', 'abbreviation': None, 'type': 'home', 'summary': '1-0'}
 {'name': 'Road', 'abbreviation': None, 'type': 'road', 'summary': '0-0'}
 {'name': 'vs. Conf.', 'abbreviation': None, 'type': 'vsconf', 'summary': '1-0'}]",2390,s:20~l:23~t:2390,Miami,Hurricanes,MIAMI,Miami Hurricanes,Miami,f47423,035131,True,3948,https://a.espncdn.com/i/teamlogos/ncaa/500/2390.png,1,13,False,99,"[{'value': 0.0, 'displayValue': '0', 'period': 1}
 {'value': 10.0, 'displayValue': '10', 'period': 2}
 {'value': 3.0, 'displayValue': '3', 'period': 3}
 {'value': 0.0, 'displayValue': '0', 'period': 4}]","[{'name': 'overall', 'abbreviation': 'Game', 'type': 'total', 'summary': '0-1'}
 {'name': 'Home', 'abbreviation': None, 'type': 'home', 'summary': '0-0'}
 {'name': 'Road', 'abbreviation': None, 'type': 'road', 'summary': '0-1'}
 {'name': 'vs. Conf.', 'abbreviation': None, 'type': 'vsconf', 'summary': '0-1'}]",400547786,2014,2,1,1,Atlantic Coast Conference,ACC,True,
400548018,s:20~l:23~e:400548018~c:400548018,2014-09-05T00:00Z,33472,True,False,False,False,True,False,2014-09-05T00:00Z,FS1,[],,,national,FS1,1,STD,3604,Alamodome,San Antonio,TX,USA,True,0.0,0:00,4,3,STATUS_FINAL,post,True,Final,Final,Final,4,2636,s:20~l:23~t:2636,UT San Antonio,Roadrunners,UTSA,UT San Antonio Roadrunners,UTSA,0c2340,f15a22,False,3604,https://a.espncdn.com/i/teamlogos/ncaa/500/2636.png,12,23,False,99,"[{'value': 7.0, 'displayValue': '7', 'period': 1}
 {'value': 9.0, 'displayValue': '9', 'period': 2}
 {'value': 0.0, 'displayValue': '0', 'period': 3}
 {'value': 7.0, 'displayValue': '7', 'period': 4}]","[{'name': 'overall', 'abbreviation': 'Game', 'type': 'total', 'summary': '1-1'}
 {'name': 'Home', 'abbreviation': None, 'type': 'home', 'summary': '0-1'}
 {'name': 'Road', 'abbreviation': None, 'type': 'road', 'summary': '1-0'}
 {'name': 'vs. Conf.', 'abbreviation': None, 'type': 'vsconf', 'summary': '0-0'}]",12,s:20~l:23~t:12,Arizona,Wildcats,ARIZ,Arizona Wildcats,Arizona,cc0033,003366,True,3619,https://a.espncdn.com/i/teamlogos/ncaa/500/12.png,9,26,True,99,"[{'value': 10.0, 'displayValue': '10', 'period': 1}
 {'value': 10.0, 'displayValue': '10', 'period': 2}
 {'value': 6.0, 'displayValue': '6', 'period': 3}
 {'value': 0.0, 'displayValue': '0', 'period': 4}]","[{'name': 'overall', 'abbreviation': 'Game', 'type': 'total', 'summary': '2-0'}
 {'name': 'Home', 'abbreviation': None, 'type': 'home', 'summary': '1-0'}
 {'name': 'Road', 'abbreviation': None, 'type': 'road', 'summary': '1-0'}
 {'name': 'vs. Conf.', 'abbreviation': None, 'type': 'vsconf', 'summary': '0-0'}]",400548018,2014,2,2,,,,,
400547729,s:20~l:23~e:400547729~c:400547729,2014-09-05T23:00Z,30083,True,False,False,True,True,False,2014-09-05T23:00Z,ESPN,[],,,national,ESPN,1,STD,3615,"Alumni Stadium (Chestnut Hill, MA)",Chestnut Hill,MA,USA,False,0.0,0:00,4,3,STATUS_FINAL,post,True,Final,Final,Final,4,103,s:20~l:23~t:103,Boston College,Eagles,BC,Boston College Eagles,Boston College,8c2232,dbcca6,True,3615,https://a.espncdn.com/i/teamlogos/ncaa/500/103.png,1,20,False,99,"[{'value': 7.0, 'displayValue': '7', 'period': 1}
 {'value': 0.0, 'displayValue': '0', 'period': 2}
 {'value': 7.0, 'displayValue': '7', 'period': 3}
 {'value': 6.0, 'displayValue': '6', 'period': 4}]","[{'name': 'overall', 'abbreviation': 'Game', 'type': 'total', 'summary': '1-1'}
 {'name': 'Home', 'abbreviation': None, 'type': 'home', 'summary': '0-1'}
 {'name': 'Road', 'abbreviation': None, 'type': 'road', 'summary': '1-0'}
 {'name': 'vs. Conf.', 'abbreviation': None, 'type': 'vsconf', 'summary': '0-1'}]",221,s:20~l:23~t:221,Pittsburgh,Panthers,PITT,Pittsburgh Panthers,Pitt,003594,ffb81c,True,3752,https://a.espncdn.com/i/teamlogos/ncaa/500/221.png,1,30,True,99,"[{'value': 3.0, 'displayValue': '3', 'period': 1}
 {'value': 17.0, 'displayValue': '17', 'period': 2}
 {'value': 7.0, 'displayValue': '7', 'period': 3}
 {'value': 3.0, 'displayValue': '3', 'period': 4}]","[{'name': 'overall', 'abbreviation': 'Game', 'type': 'total', 'summary': '2-0'}
 {'name': 'Home', 'abbreviation': None, 'type': 'home', 'summary': '1-0'}
 {'name': 'Road', 'abbreviation': None, 'type': 'road', 'summary': '1-0'}
 {'name': 'vs. Conf.', 'abbreviation': None, 'type': 'vsconf', 'summary': '1-0'}]",400547729,2014,2,2,1,Atlantic Coast Conference,ACC,True,
400548184,s:20~l:23~e:400548184~c:400548184,2014-09-06T02:30Z,26023,True,False,False,False,True,False,2014-09-06T02:30Z,ESPN,[],,,national,ESPN,1,STD,3816,Mackay Stadium,Reno,NV,USA,False,0.0,0:00,4,3,STATUS_FINAL,post,True,Final,Final,Final,4,2440,s:20~l:23~t:2440,Nevada,Wolf Pack,NEV,Nevada Wolf Pack,Nevada,041e42,8a8d8f,True,3816,https://a.espncdn.com/i/teamlogos/ncaa/500/2440.png,17,24,True,99,"[{'value': 7.0, 'displayValue': '7', 'period': 1}
 {'value': 7.0, 'displayValue': '7', 'period': 2}
 {'value': 0.0, 'displayValue': '0', 'period': 3}
 {'value': 10.0, 'displayValue': '10', 'period': 4}]","[{'name': 'overall', 'abbreviation': 'Game', 'type': 'total', 'summary': '2-0'}
 {'name': 'Home', 'abbreviation': None, 'type': 'home', 'summary': '2-0'}
 {'name': 'Road', 'abbreviation': None, 'type': 'road', 'summary': '0-0'}
 {'name': 'vs. Conf.', 'abbreviation': None, 'type': 'vsconf', 'summary': '0-0'}]",265,s:20~l:23~t:265,Washington State,Cougars,WSU,Washington State Cougars,Washington St,a60f2d,4d4d4d,True,3820,https://a.espncdn.com/i/teamlogos/ncaa/500/265.png,9,13,False,99,"[{'value': 0.0, 'displayValue': '0', 'period': 1}
 {'value': 10.0, 'displayValue': '10', 'period': 2}
 {'value': 0.0, 'displayValue': '0', 'period': 3}
 {'value': 3.0, 'displayValue': '3', 'period': 4}]","[{'name': 'overall', 'abbreviation': 'Game', 'type': 'total', 'summary': '0-2'}
 {'name': 'Home', 'abbreviation': None, 'type': 'home', 'summary': '0-1'}
 {'name': 'Road', 'abbreviation': None, 'type': 'road', 'summary': '0-1'}
 {'name': 'vs. Conf.', 'abbreviation': None, 'type': 'vsconf', 'summary': '0-0'}]",400548184,2014,2,2,,,,,
400547763,s:20~l:23~e:400547763~c:400547763,2014-09-06T23:30Z,81294,True,False,False,False,True,False,2014-09-06T23:30Z,ACC Network/ESPN3,[],,,national,ACC Network,1,STD,3697,Doak Campbell Stadium,Tallahassee,FL,USA,False,0.0,0:00,4,3,STATUS_FINAL,post,True,Final,Final,Final,4,52,s:20~l:23~t:52,Florida State,Seminoles,FSU,Florida State Seminoles,FSU,782f40,ceb888,True,3697,https://a.espncdn.com/i/teamlogos/ncaa/500/52.png,1,37,True,1,"[{'value': 14.0, 'displayValue': '14', 'period': 1}
 {'value': 14.0, 'displayValue': '14', 'period': 2}
 {'value': 6.0, 'displayValue': '6', 'period': 3}
 {'value': 3.0, 'displayValue': '3', 'period': 4}]","[{'name': 'overall', 'abbreviation': 'Game', 'type': 'total', 'summary': '2-0'}
 {'name': 'Home', 'abbreviation': None, 'type': 'home', 'summary': '1-0'}
 {'name': 'Road', 'abbreviation': None, 'type': 'road', 'summary': '0-0'}
 {'name': 'vs. Conf.', 'abbreviation': None, 'type': 'vsconf', 'summary': '0-0'}]",2643,s:20~l:23~t:2643,The Citadel,Bulldogs,CIT,The Citadel Bulldogs,The Citadel,7badd3,002856,True,3782,https://a.espncdn.com/i/teamlogos/ncaa/500/2643.png,29,12,False,99,"[{'value': 0.0, 'displayValue': '0', 'period': 1}
 {'value': 0.0, 'displayValue': '0', 'period': 2}
 {'value': 0.0, 'displayValue': '0', 'period': 3}
 {'value': 12.0, 'displayValue': '12', 'period': 4}]","[{'name': 'overall', 'abbreviation': 'Game', 'type': 'total', 'summary': '0-2'}
 {'name': 'Home', 'abbreviation': None, 'type': 'home', 'summary': '0-1'}
 {'name': 'Road', 'abbreviation': None, 'type': 'road', 'summary': '0-1'}
 {'name': 'vs. Conf.', 'abbreviation': None, 'type': 'vsconf', 'summary': '0-0'}]",400547763,2014,2,2,,,,,
400548013,s:20~l:23~e:400548013~c:400548013,2014-09-06T16:00Z,100306,True,False,False,False,True,False,2014-09-06T16:00Z,SEC Network,[],,,national,SEC Network,1,STD,3657,Bryant-Denny Stadium,Tuscaloosa,AL,USA,False,0.0,0:00,4,3,STATUS_FINAL,post,True,Final,Final,Final,4,333,s:20~l:23~t:333,Alabama,Crimson Tide,ALA,Alabama Crimson Tide,Alabama,9e1b32,ffffff,True,3657,https://a.espncdn.com/i/teamlogos/ncaa/500/333.png,8,41,True,2,"[{'value': 21.0, 'displayValue': '21', 'period': 1}
 {'value': 10.0, 'displayValue': '10', 'period': 2}
 {'value': 7.0, 'displayValue': '7', 'period': 3}
 {'value': 3.0, 'displayValue': '3', 'period': 4}]","[{'name': 'overall', 'abbreviation': 'Game', 'type': 'total', 'summary': '2-0'}
 {'name': 'Home', 'abbreviation': None, 'type': 'home', 'summary': '1-0'}
 {'name': 'Road', 'abbreviation': None, 'type': 'road', 'summary': '0-0'}
 {'name': 'vs. Conf.', 'abbreviation': None, 'type': 'vsconf', 'summary': '0-0'}]",2226,s:20~l:23~t:2226,Florida Atlantic,Owls,FAU,Florida Atlantic Owls,FAU,003366,cc0000,True,3715,https://a.espncdn.com/i/teamlogos/ncaa/500/2226.png,12,0,False,99,"[{'value': 0.0, 'displayValue': '0', 'period': 1}
 {'value': 0.0, 'displayValue': '0', 'period': 2}
 {'value': 0.0, 'displayValue': '0', 'period': 3}
 {'value': 0.0, 'displayValue': '0', 'period': 4}]","[{'name': 'overall', 'abbreviation': 'Game', 'type': 'total', 'summary': '0-2'}
 {'name': 'Home', 'abbreviation': None, 'type': 'home', 'summary': '0-0'}
 {'name': 'Road', 'abbreviation': None, 'type': 'road', 'summary': '0-2'}
 {'name': 'vs. Conf.', 'abbreviation': None, 'type': 'vsconf', 'summary': '0-0'}]",400548013,2014,2,2,,,,,
400547953,s:20~l:23~e:400547953~c:400547953,2014-09-06T22:30Z,59496,True,False,False,False,True,False,2014-09-06T22:30Z,FOX,[],,,national,FOX,1,STD,3626,Autzen Stadium,Eugene,OR,USA,False,0.0,0:00,4,3,STATUS_FINAL,post,True,Final,Final,Final,4,2483,s:20~l:23~t:2483,Oregon,Ducks,ORE,Oregon Ducks,Oregon,00934b,fff41b,True,3626,https://a.espncdn.com/i/teamlogos/ncaa/500/2483.png,9,46,True,3,"[{'value': 8.0, 'displayValue': '8', 'period': 1}
 {'value': 10.0, 'displayValue': '10', 'period': 2}
 {'value': 14.0, 'displayValue': '14', 'period': 3}
 {'value': 14.0, 'displayValue': '14', 'period': 4}]","[{'name': 'overall', 'abbreviation': 'Game', 'type': 'total', 'summary': '2-0'}
 {'name': 'Home', 'abbreviation': None, 'type': 'home', 'summary': '2-0'}
 {'name': 'Road', 'abbreviation': None, 'type': 'road', 'summary': '0-0'}
 {'name': 'vs. Conf.', 'abbreviation': None, 'type': 'vsconf', 'summary': '0-0'}]",127,s:20~l:23~t:127,Michigan State,Spartans,MSU,Michigan State Spartans,Michigan State,173f35,ffffff,True,3936,https://a.espncdn.com/i/teamlogos/ncaa/500/127.png,5,27,False,7,"[{'value': 0.0, 'displayValue': '0', 'period': 1}
 {'value': 24.0, 'displayValue': '24', 'period': 2}
 {'value': 3.0, 'displayValue': '3', 'period': 3}
 {'value': 0.0, 'displayValue': '0', 'period': 4}]","[{'name': 'overall', 'abbreviation': 'Game', 'type': 'total', 'summary': '1-1'}
 {'name': 'Home', 'abbreviation': None, 'type': 'home', 'summary': '1-0'}
 {'name': 'Road', 'abbreviation': None, 'type': 'road', 'summary': '0-1'}
 {'name': 'vs. Conf.', 'abbreviation': None, 'type': 'vsconf', 'summary': '0-0'}]",400547953,2014,2,2,,,,,
400547657,s:20~l:23~e:400547657~c:400547657,2014-09-06T16:00Z,29357,True,False,False,False,True,False,2014-09-06T16:00Z,ABC/ESPN2/ESPN3,[],,,national,ABC,1,STD,3674,H. A. Chapman Stadium,Tulsa,OK,USA,False,0.0,0:00,4,3,STATUS_FINAL,post,True,Final,Final,Final,4,202,s:20~l:23~t:202,Tulsa,Golden Hurricane,TLSA,Tulsa Golden Hurricane,Tulsa,003595,d0b787,True,3674,https://a.espncdn.com/i/teamlogos/ncaa/500/202.png,151,7,False,99,"[{'value': 0.0, 'displayValue': '0', 'period': 1}
 {'value': 0.0, 'displayValue': '0', 'period': 2}
 {'value': 7.0, 'displayValue': '7', 'period': 3}
 {'value': 0.0, 'displayValue': '0', 'period': 4}]","[{'name': 'overall', 'abbreviation': 'Game', 'type': 'total', 'summary': '1-1'}
 {'name': 'Home', 'abbreviation': None, 'type': 'home', 'summary': '1-1'}
 {'name': 'Road', 'abbreviation': None, 'type': 'road', 'summary': '0-0'}
 {'name': 'vs. Conf.', 'abbreviation': None, 'type': 'vsconf', 'summary': '1-0'}]",201,s:20~l:23~t:201,Oklahoma,Sooners,OKLA,Oklahoma Sooners,Oklahoma,990000,ffffff,True,3835,https://a.espncdn.com/i/teamlogos/ncaa/500/201.png,4,52,True,4,"[{'value': 21.0, 'displayValue': '21', 'period': 1}
 {'value': 10.0, 'displayValue': '10', 'period': 2}
 {'value': 14.0, 'displayValue': '14', 'period': 3}
 {'value': 7.0, 'displayValue': '7', 'period': 4}]","[{'name': 'overall', 'abbreviation': 'Game', 'type': 'total', 'summary': '2-0'}
 {'name': 'Home', 'abbreviation': None, 'type': 'home', 'summary': '1-0'}
 {'name': 'Road', 'abbreviation': None, 'type': 'road', 'summary': '1-0'}
 {'name': 'vs. Conf.', 'abbreviation': None, 'type': 'vsconf', 'summary': '0-0'}]",400547657,2014,2,2,,,,,
400548186,s:20~l:23~e:400548186~c:400548186,2014-09-06T23:00Z,87451,True,False,False,False,True,False,2014-09-06T23:00Z,ESPN2,[],,,national,ESPN2,1,STD,3785,Jordan-Hare Stadium,Auburn,AL,USA,False,0.0,0:00,4,3,STATUS_FINAL,post,True,Final,Final,Final,4,2,s:20~l:23~t:2,Auburn,Tigers,AUB,Auburn Tigers,Auburn,002b5c,f26522,True,3785,https://a.espncdn.com/i/teamlogos/ncaa/500/2.png,8,59,True,5,"[{'value': 14.0, 'displayValue': '14', 'period': 1}
 {'value': 24.0, 'displayValue': '24', 'period': 2}
 {'value': 7.0, 'displayValue': '7', 'period': 3}
 {'value': 14.0, 'displayValue': '14', 'period': 4}]","[{'name': 'overall', 'abbreviation': 'Game', 'type': 'total', 'summary': '2-0'}
 {'name': 'Home', 'abbreviation': None, 'type': 'home', 'summary': '2-0'}
 {'name': 'Road', 'abbreviation': None, 'type': 'road', 'summary': '0-0'}
 {'name': 'vs. Conf.', 'abbreviation': None, 'type': 'vsconf', 'summary': '1-0'}]",23,s:20~l:23~t:23,San Jose State,Spartans,SJSU,San Jose State Spartans,San Jose State,0038a8,ffb81a,False,3935,https://a.espncdn.com/i/teamlogos/ncaa/500/23.png,17,13,False,99,"[{'value': 7.0, 'displayValue': '7', 'period': 1}
 {'value': 3.0, 'displayValue': '3', 'period': 2}
 {'value': 3.0, 'displayValue': '3', 'period': 3}
 {'value': 0.0, 'displayValue': '0', 'period': 4}]","[{'name': 'overall', 'abbreviation': 'Game', 'type': 'total', 'summary': '1-1'}
 {'name': 'Home', 'abbreviation': None, 'type': 'home', 'summary': '1-0'}
 {'name': 'Road', 'abbreviation': None, 'type': 'road', 'summary': '0-1'}
 {'name': 'vs. Conf.', 'abbreviation': None, 'type': 'vsconf', 'summary': '0-0'}]",400548186,2014,2,2,,,,,
400547826,s:20~l:23~e:400547826~c:400547826,2014-09-07T00:00Z,107517,True,False,False,False,True,False,2014-09-07T00:00Z,ESPN,[],,,national,ESPN,1,STD,3861,Ohio Stadium,Columbus,OH,USA,False,0.0,0:00,4,3,STATUS_FINAL,post,True,Final,Final,Final,4,194,s:20~l:23~t:194,Ohio State,Buckeyes,OSU,Ohio State Buckeyes,OSU,ba0c2f,a8adb4,True,3861,https://a.espncdn.com/i/teamlogos/ncaa/500/194.png,5,21,False,8,"[{'value': 7.0, 'displayValue': '7', 'period': 1}
 {'value': 0.0, 'displayValue': '0', 'period': 2}
 {'value': 7.0, 'displayValue': '7', 'period': 3}
 {'value': 7.0, 'displayValue': '7', 'period': 4}]","[{'name': 'overall', 'abbreviation': 'Game', 'type': 'total', 'summary': '1-1'}
 {'name': 'Home', 'abbreviation': None, 'type': 'home', 'summary': '0-1'}
 {'name': 'Road', 'abbreviation': None, 'type': 'road', 'summary': '1-0'}
 {'name': 'vs. Conf.', 'abbreviation': None, 'type': 'vsconf', 'summary': '0-0'}]",259,s:20~l:23~t:259,Virginia Tech,Hokies,VT,Virginia Tech Hokies,Virginia Tech,6a2c3e,cf4520,True,3799,https://a.espncdn.com/i/teamlogos/ncaa/500/259.png,1,35,True,99,"[{'value': 14.0, 'displayValue': '14', 'period': 1}
 {'value': 7.0, 'displayValue': '7', 'period': 2}
 {'value': 0.0, 'displayValue': '0', 'period': 3}
 {'value': 14.0, 'displayValue': '14', 'period': 4}]","[{'name': 'overall', 'abbreviation': 'Game', 'type': 'total', 'summary': '2-0'}
 {'name': 'Home', 'abbreviation': None, 'type': 'home', 'summary': '1-0'}
 {'name': 'Road', 'abbreviation': None, 'type': 'road', 'summary': '1-0'}
 {'name': 'vs. Conf.', 'abbreviation': None, 'type': 'vsconf', 'summary': '0-0'}]",400547826,2014,2,2,,,,,
400548397,s:20~l:23~e:400548397~c:400548397,2014-09-06T23:30Z,0,True,False,False,False,True,False,2014-09-06T23:30Z,SEC Network,[],,,national,SEC Network,1,STD,3795,Kyle Field,College Station,TX,USA,False,0.0,0:00,4,3,STATUS_FINAL,post,True,Final,Final,Final,4,245,s:20~l:23~t:245,Texas A&M,Aggies,TA&M,Texas A&M Aggies,Texas A&M,500000,ffffff,True,3795,https://a.espncdn.com/i/teamlogos/ncaa/500/245.png,8,73,True,9,"[{'value': 21.0, 'displayValue': '21', 'period': 1}
 {'value': 10.0, 'displayValue': '10', 'period': 2}
 {'value': 14.0, 'displayValue': '14', 'period': 3}
 {'value': 28.0, 'displayValue': '28', 'period': 4}]","[{'name': 'overall', 'abbreviation': 'Game', 'type': 'total', 'summary': '2-0'}
 {'name': 'Home', 'abbreviation': None, 'type': 'home', 'summary': '1-0'}
 {'name': 'Road', 'abbreviation': None, 'type': 'road', 'summary': '1-0'}
 {'name': 'vs. Conf.', 'abbreviation': None, 'type': 'vsconf', 'summary': '1-0'}]",2320,s:20~l:23~t:2320,Lamar,Cardinals,LAM,Lamar Cardinals,Lamar,000000,ebebeb,True,3882,https://a.espncdn.com/i/teamlogos/ncaa/500/2320.png,30,3,False,99,"[{'value': 3.0, 'displayValue': '3', 'period': 1}
 {'value': 0.0, 'displayValue': '0', 'period': 2}
 {'value': 0.0, 'displayValue': '0', 'period': 3}
 {'value': 0.0, 'displayValue': '0', 'period': 4}]","[{'name': 'overall', 'abbreviation': 'Game', 'type': 'total', 'summary': '1-1'}
 {'name': 'Home', 'abbreviation': None, 'type': 'home', 'summary': '1-0'}
 {'name': 'Road', 'abbreviation': None, 'type': 'road', 'summary': '0-1'}
 {'name': 'vs. Conf.', 'abbreviation': None, 'type': 'vsconf', 'summary': '0-0'}]",400548397,2014,2,2,,,,,
400547842,s:20~l:23~e:400547842~c:400547842,2014-09-06T23:30Z,45034,True,False,False,False,True,False,2014-09-06T23:30Z,,[],,,,,1,STD,4727,McLane Stadium,Waco,TX,USA,False,0.0,0:00,4,3,STATUS_FINAL,post,True,Final,Final,Final,4,239,s:20~l:23~t:239,Baylor,Bears,BAY,Baylor Bears,Baylor,154734,ffb81c,True,3724,https://a.espncdn.com/i/teamlogos/ncaa/500/239.png,4,70,True,10,"[{'value': 28.0, 'displayValue': '28', 'period': 1}
 {'value': 21.0, 'displayValue': '21', 'period': 2}
 {'value': 7.0, 'displayValue': '7', 'period': 3}
 {'value': 14.0, 'displayValue': '14', 'period': 4}]","[{'name': 'overall', 'abbreviation': 'Game', 'type': 'total', 'summary': '2-0'}
 {'name': 'Home', 'abbreviation': None, 'type': 'home', 'summary': '2-0'}
 {'name': 'Road', 'abbreviation': None, 'type': 'road', 'summary': '0-0'}
 {'name': 'vs. Conf.', 'abbreviation': None, 'type': 'vsconf', 'summary': '0-0'}]",2466,s:20~l:23~t:2466,Northwestern State,Demons,NWST,Northwestern State Demons,Northwestern St,492F91,ed6118,True,3963,https://a.espncdn.com/i/teamlogos/ncaa/500/2466.png,30,6,False,99,"[{'value': 0.0, 'displayValue': '0', 'period': 1}
 {'value': 3.0, 'displayValue': '3', 'period': 2}
 {'value': 3.0, 'displayValue': '3', 'period': 3}
 {'value': 0.0, 'displayValue': '0', 'period': 4}]","[{'name': 'overall', 'abbreviation': 'Game', 'type': 'total', 'summary': '0-2'}
 {'name': 'Home', 'abbreviation': None, 'type': 'home', 'summary': '0-1'}
 {'name': 'Road', 'abbreviation': None, 'type': 'road', 'summary': '0-1'}
 {'name': 'vs. Conf.', 'abbreviation': None, 'type': 'vsconf', 'summary': '0-0'}]",400547842,2014,2,2,,,,,
400547652,s:20~l:23~e:400547652~c:400547652,2014-09-07T02:00Z,72098,True,False,False,False,True,False,2014-09-07T02:00Z,PACN,[],,,national,PACN,1,STD,1056,Rose Bowl,Pasadena,CA,USA,False,0.0,0:00,4,3,STATUS_FINAL,post,True,Final,Final,Final,4,26,s:20~l:23~t:26,UCLA,Bruins,UCLA,UCLA Bruins,UCLA,2774ae,f2a900,True,1056,https://a.espncdn.com/i/teamlogos/ncaa/500/26.png,9,42,True,11,"[{'value': 13.0, 'displayValue': '13', 'period': 1}
 {'value': 15.0, 'displayValue': '15', 'period': 2}
 {'value': 7.0, 'displayValue': '7', 'period': 3}
 {'value': 7.0, 'displayValue': '7', 'period': 4}]","[{'name': 'overall', 'abbreviation': 'Game', 'type': 'total', 'summary': '2-0'}
 {'name': 'Home', 'abbreviation': None, 'type': 'home', 'summary': '1-0'}
 {'name': 'Road', 'abbreviation': None, 'type': 'road', 'summary': '1-0'}
 {'name': 'vs. Conf.', 'abbreviation': None, 'type': 'vsconf', 'summary': '0-0'}]",235,s:20~l:23~t:235,Memphis,Tigers,MEM,Memphis Tigers,Memphis,004991,8e908f,True,3805,https://a.espncdn.com/i/teamlogos/ncaa/500/235.png,151,35,False,99,"[{'value': 7.0, 'displayValue': '7', 'period': 1}
 {'value': 14.0, 'displayValue': '14', 'period': 2}
 {'value': 0.0, 'displayValue': '0', 'period': 3}
 {'value': 14.0, 'displayValue': '14', 'period': 4}]","[{'name': 'overall', 'abbreviation': 'Game', 'type': 'total', 'summary': '1-1'}
 {'name': 'Home', 'abbreviation': None, 'type': 'home', 'summary': '1-0'}
 {'name': 'Road', 'abbreviation': None, 'type': 'road', 'summary': '0-1'}
 {'name': 'vs. Conf.', 'abbreviation': None, 'type': 'vsconf', 'summary': '0-0'}]",400547652,2014,2,2,,,,,
400548394,s:20~l:23~e:400548394~c:400548394,2014-09-06T23:30Z,0,True,False,False,False,True,False,2014-09-06T23:30Z,SEC Network,[],,,national,SEC Network,1,STD,3958,Tiger Stadium (LA),Baton Rouge,LA,USA,False,0.0,0:00,4,3,STATUS_FINAL,post,True,Final,Final,Final,4,99,s:20~l:23~t:99,LSU,Tigers,LSU,LSU Tigers,LSU,461d76,fdd023,True,3958,https://a.espncdn.com/i/teamlogos/ncaa/500/99.png,8,56,True,12,"[{'value': 20.0, 'displayValue': '20', 'period': 1}
 {'value': 15.0, 'displayValue': '15', 'period': 2}
 {'value': 7.0, 'displayValue': '7', 'period': 3}
 {'value': 14.0, 'displayValue': '14', 'period': 4}]","[{'name': 'overall', 'abbreviation': 'Game', 'type': 'total', 'summary': '2-0'}
 {'name': 'Home', 'abbreviation': None, 'type': 'home', 'summary': '1-0'}
 {'name': 'Road', 'abbreviation': None, 'type': 'road', 'summary': '0-0'}
 {'name': 'vs. Conf.', 'abbreviation': None, 'type': 'vsconf', 'summary': '0-0'}]",2534,s:20~l:23~t:2534,Sam Houston State,Bearkats,SHSU,Sam Houston State Bearkats,Sam Houston,f56423,ffffff,False,3647,https://a.espncdn.com/i/teamlogos/ncaa/500/2534.png,30,0,False,99,"[{'value': 0.0, 'displayValue': '0', 'period': 1}
 {'value': 0.0, 'displayValue': '0', 'period': 2}
 {'value': 0.0, 'displayValue': '0', 'period': 3}
 {'value': 0.0, 'displayValue': '0', 'period': 4}]","[{'name': 'overall', 'abbreviation': 'Game', 'type': 'total', 'summary': '1-2'}
 {'name': 'Home', 'abbreviation': None, 'type': 'home', 'summary': '1-0'}
 {'name': 'Road', 'abbreviation': None, 'type': 'road', 'summary': '0-2'}
 {'name': 'vs. Conf.', 'abbreviation': None, 'type': 'vsconf', 'summary': '0-0'}]",400548394,2014,2,2,,,,,
400548260,s:20~l:23~e:400548260~c:400548260,2014-09-06T19:30Z,0,True,False,False,True,True,False,2014-09-06T19:30Z,ABC/ESPN3,[],,,national,ABC,1,STD,3940,Stanford Stadium,Stanford,CA,USA,False,0.0,0:00,4,3,STATUS_FINAL,post,True,Final,Final,Final,4,24,s:20~l:23~t:24,Stanford,Cardinal,STAN,Stanford Cardinal,Stanford,8c1515,ffffff,True,3940,https://a.espncdn.com/i/teamlogos/ncaa/500/24.png,9,10,False,13,"[{'value': 0.0, 'displayValue': '0', 'period': 1}
 {'value': 10.0, 'displayValue': '10', 'period': 2}
 {'value': 0.0, 'displayValue': '0', 'period': 3}
 {'value': 0.0, 'displayValue': '0', 'period': 4}]","[{'name': 'overall', 'abbreviation': 'Game', 'type': 'total', 'summary': '1-1'}
 {'name': 'Home', 'abbreviation': None, 'type': 'home', 'summary': '1-1'}
 {'name': 'Road', 'abbreviation': None, 'type': 'road', 'summary': '0-0'}
 {'name': 'vs. Conf.', 'abbreviation': None, 'type': 'vsconf', 'summary': '0-1'}]",30,s:20~l:23~t:30,USC,Trojans,USC,USC Trojans,USC,9d2235,ffc72c,True,477,https://a.espncdn.com/i/teamlogos/ncaa/500/30.png,9,13,True,14,"[{'value': 7.0, 'displayValue': '7', 'period': 1}
 {'value': 0.0, 'displayValue': '0', 'period': 2}
 {'value': 3.0, 'displayValue': '3', 'period': 3}
 {'value': 3.0, 'displayValue': '3', 'period': 4}]","[{'name': 'overall', 'abbreviation': 'Game', 'type': 'total', 'summary': '2-0'}
 {'name': 'Home', 'abbreviation': None, 'type': 'home', 'summary': '1-0'}
 {'name': 'Road', 'abbreviation': None, 'type': 'road', 'summary': '1-0'}
 {'name': 'vs. Conf.', 'abbreviation': None, 'type': 'vsconf', 'summary': '1-0'}]",400548260,2014,2,2,9,Pac-12 Conference,Pac-12,True,
400548395,s:20~l:23~e:400548395~c:400548395,2014-09-06T20:30Z,43260,True,False,False,True,True,False,2014-09-06T20:30Z,ESPN,[],,,national,ESPN,1,STD,3810,Nissan Stadium,Nashville,TN,USA,False,0.0,0:00,4,3,STATUS_FINAL,post,True,Final,Final,Final,4,238,s:20~l:23~t:238,Vanderbilt,Commodores,VAN,Vanderbilt Commodores,Vanderbilt,000000,cfae70,True,3973,https://a.espncdn.com/i/teamlogos/ncaa/500/238.png,8,3,False,99,"[{'value': 0.0, 'displayValue': '0', 'period': 1}
 {'value': 0.0, 'displayValue': '0', 'period': 2}
 {'value': 0.0, 'displayValue': '0', 'period': 3}
 {'value': 3.0, 'displayValue': '3', 'period': 4}]","[{'name': 'overall', 'abbreviation': 'Game', 'type': 'total', 'summary': '0-2'}
 {'name': 'Home', 'abbreviation': None, 'type': 'home', 'summary': '0-2'}
 {'name': 'Road', 'abbreviation': None, 'type': 'road', 'summary': '0-0'}
 {'name': 'vs. Conf.', 'abbreviation': None, 'type': 'vsconf', 'summary': '0-1'}]",145,s:20~l:23~t:145,Ole Miss,Rebels,MISS,Ole Miss Rebels,Ole Miss,13294b,cf142b,True,3974,https://a.espncdn.com/i/teamlogos/ncaa/500/145.png,8,41,True,15,"[{'value': 10.0, 'displayValue': '10', 'period': 1}
 {'value': 10.0, 'displayValue': '10', 'period': 2}
 {'value': 21.0, 'displayValue': '21', 'period': 3}
 {'value': 0.0, 'displayValue': '0', 'period': 4}]","[{'name': 'overall', 'abbreviation': 'Game', 'type': 'total', 'summary': '2-0'}
 {'name': 'Home', 'abbreviation': None, 'type': 'home', 'summary': '0-0'}
 {'name': 'Road', 'abbreviation': None, 'type': 'road', 'summary': '1-0'}
 {'name': 'vs. Conf.', 'abbreviation': None, 'type': 'vsconf', 'summary': '1-0'}]",400548395,2014,2,2,8,Southeastern Conference,SEC,True,
400547944,s:20~l:23~e:400547944~c:400547944,2014-09-06T23:30Z,80795,True,False,False,False,True,False,2014-09-06T23:30Z,NBC,[],,,national,NBC,1,STD,3855,Notre Dame Stadium,Notre Dame,IN,USA,False,0.0,0:00,4,3,STATUS_FINAL,post,True,Final,Final,Final,4,87,s:20~l:23~t:87,Notre Dame,Fighting Irish,ND,Notre Dame Fighting Irish,Notre Dame,062340,c99700,True,3855,https://a.espncdn.com/i/teamlogos/ncaa/500/87.png,18,31,True,16,"[{'value': 7.0, 'displayValue': '7', 'period': 1}
 {'value': 14.0, 'displayValue': '14', 'period': 2}
 {'value': 7.0, 'displayValue': '7', 'period': 3}
 {'value': 3.0, 'displayValue': '3', 'period': 4}]","[{'name': 'overall', 'abbreviation': 'Game', 'type': 'total', 'summary': '2-0'}
 {'name': 'Home', 'abbreviation': None, 'type': 'home', 'summary': '2-0'}
 {'name': 'Road', 'abbreviation': None, 'type': 'road', 'summary': '0-0'}
 {'name': 'vs. Conf.', 'abbreviation': None, 'type': 'vsconf', 'summary': '0-0'}]",130,s:20~l:23~t:130,Michigan,Wolverines,MICH,Michigan Wolverines,Michigan,00274c,ffcb05,True,3558,https://a.espncdn.com/i/teamlogos/ncaa/500/130.png,5,0,False,99,"[{'value': 0.0, 'displayValue': '0', 'period': 1}
 {'value': 0.0, 'displayValue': '0', 'period': 2}
 {'value': 0.0, 'displayValue': '0', 'period': 3}
 {'value': 0.0, 'displayValue': '0', 'period': 4}]","[{'name': 'overall', 'abbreviation': 'Game', 'type': 'total', 'summary': '1-1'}
 {'name': 'Home', 'abbreviation': None, 'type': 'home', 'summary': '1-0'}
 {'name': 'Road', 'abbreviation': None, 'type': 'road', 'summary': '0-1'}
 {'name': 'vs. Conf.', 'abbreviation': None, 'type': 'vsconf', 'summary': '0-0'}]",400547944,2014,2,2,,,,,
400548185,s:20~l:23~e:400548185~c:400548185,2014-09-06T23:00Z,25742,True,False,False,False,True,False,2014-09-06T23:00Z,CBSSN,[],,,national,CBSSN,1,STD,3971,University Stadium (NM),Albuquerque,NM,USA,False,0.0,0:00,4,3,STATUS_FINAL,post,True,Final,Final,Final,4,167,s:20~l:23~t:167,New Mexico,Lobos,UNM,New Mexico Lobos,New Mexico,ba0c2f,a7a8aa,True,3971,https://a.espncdn.com/i/teamlogos/ncaa/500/167.png,17,23,False,99,"[{'value': 7.0, 'displayValue': '7', 'period': 1}
 {'value': 14.0, 'displayValue': '14', 'period': 2}
 {'value': 0.0, 'displayValue': '0', 'period': 3}
 {'value': 2.0, 'displayValue': '2', 'period': 4}]","[{'name': 'overall', 'abbreviation': 'Game', 'type': 'total', 'summary': '0-2'}
 {'name': 'Home', 'abbreviation': None, 'type': 'home', 'summary': '0-2'}
 {'name': 'Road', 'abbreviation': None, 'type': 'road', 'summary': '0-0'}
 {'name': 'vs. Conf.', 'abbreviation': None, 'type': 'vsconf', 'summary': '0-0'}]",9,s:20~l:23~t:9,Arizona State,Sun Devils,ASU,Arizona State Sun Devils,Arizona State,ffc627,8c1d40,True,3947,https://a.espncdn.com/i/teamlogos/ncaa/500/9.png,9,58,True,17,"[{'value': 22.0, 'displayValue': '22', 'period': 1}
 {'value': 10.0, 'displayValue': '10', 'period': 2}
 {'value': 13.0, 'displayValue': '13', 'period': 3}
 {'value': 13.0, 'displayValue': '13', 'period': 4}]","[{'name': 'overall', 'abbreviation': 'Game', 'type': 'total', 'summary': '2-0'}
 {'name': 'Home', 'abbreviation': None, 'type': 'home', 'summary': '1-0'}
 {'name': 'Road', 'abbreviation': None, 'type': 'road', 'summary': '1-0'}
 {'name': 'vs. Conf.', 'abbreviation': None, 'type': 'vsconf', 'summary': '0-0'}]",400548185,2014,2,2,,,,,
400548001,s:20~l:23~e:400548001~c:400548001,2014-09-06T16:00Z,77125,True,False,False,False,True,False,2014-09-06T16:00Z,BTN,[],,,national,BTN,1,STD,347,Camp Randall Stadium,Madison,WI,USA,False,0.0,0:00,4,3,STATUS_FINAL,post,True,Final,Final,Final,4,275,s:20~l:23~t:275,Wisconsin,Badgers,WIS,Wisconsin Badgers,Wisconsin,a00000,ffffff,True,347,https://a.espncdn.com/i/teamlogos/ncaa/500/275.png,5,37,True,18,"[{'value': 2.0, 'displayValue': '2', 'period': 1}
 {'value': 7.0, 'displayValue': '7', 'period': 2}
 {'value': 14.0, 'displayValue': '14', 'period': 3}
 {'value': 14.0, 'displayValue': '14', 'period': 4}]","[{'name': 'overall', 'abbreviation': 'Game', 'type': 'total', 'summary': '1-1'}
 {'name': 'Home', 'abbreviation': None, 'type': 'home', 'summary': '1-0'}
 {'name': 'Road', 'abbreviation': None, 'type': 'road', 'summary': '0-0'}
 {'name': 'vs. Conf.', 'abbreviation': None, 'type': 'vsconf', 'summary': '0-0'}]",2710,s:20~l:23~t:2710,Western Illinois,Leathernecks,WIU,Western Illinois Leathernecks,W Illinois,4e1e8a,ffc90a,True,3746,https://a.espncdn.com/i/teamlogos/ncaa/500/2710.png,21,3,False,99,"[{'value': 0.0, 'displayValue': '0', 'period': 1}
 {'value': 3.0, 'displayValue': '3', 'period': 2}
 {'value': 0.0, 'displayValue': '0', 'period': 3}
 {'value': 0.0, 'displayValue': '0', 'period': 4}]","[{'name': 'overall', 'abbreviation': 'Game', 'type': 'total', 'summary': '1-1'}
 {'name': 'Home', 'abbreviation': None, 'type': 'home', 'summary': '1-0'}
 {'name': 'Road', 'abbreviation': None, 'type': 'road', 'summary': '0-1'}
 {'name': 'vs. Conf.', 'abbreviation': None, 'type': 'vsconf', 'summary': '0-0'}]",400548001,2014,2,2,,,,,
400547969,s:20~l:23~e:400547969~c:400547969,2014-09-06T16:00Z,91082,True,False,False,False,True,False,2014-09-06T16:00Z,ESPNU,[],,,national,ESPNU,1,STD,3834,"Memorial Stadium (Lincoln, NE)",Lincoln,NE,USA,False,0.0,0:00,4,3,STATUS_FINAL,post,True,Final,Final,Final,4,158,s:20~l:23~t:158,Nebraska,Cornhuskers,NEB,Nebraska Cornhuskers,Nebraska,e31937,ffffff,True,3834,https://a.espncdn.com/i/teamlogos/ncaa/500/158.png,5,31,True,19,"[{'value': 14.0, 'displayValue': '14', 'period': 1}
 {'value': 7.0, 'displayValue': '7', 'period': 2}
 {'value': 3.0, 'displayValue': '3', 'period': 3}
 {'value': 7.0, 'displayValue': '7', 'period': 4}]","[{'name': 'overall', 'abbreviation': 'Game', 'type': 'total', 'summary': '2-0'}
 {'name': 'Home', 'abbreviation': None, 'type': 'home', 'summary': '2-0'}
 {'name': 'Road', 'abbreviation': None, 'type': 'road', 'summary': '0-0'}
 {'name': 'vs. Conf.', 'abbreviation': None, 'type': 'vsconf', 'summary': '0-0'}]",2377,s:20~l:23~t:2377,McNeese State,Cowboys,MCNS,McNeese State Cowboys,McNeese State,00529C,,False,3686,https://a.espncdn.com/i/teamlogos/ncaa/500/2377.png,30,24,False,99,"[{'value': 7.0, 'displayValue': '7', 'period': 1}
 {'value': 7.0, 'displayValue': '7', 'period': 2}
 {'value': 0.0, 'displayValue': '0', 'period': 3}
 {'value': 10.0, 'displayValue': '10', 'period': 4}]","[{'name': 'overall', 'abbreviation': 'Game', 'type': 'total', 'summary': '0-1'}
 {'name': 'Home', 'abbreviation': None, 'type': 'home', 'summary': '0-0'}
 {'name': 'Road', 'abbreviation': None, 'type': 'road', 'summary': '0-1'}
 {'name': 'vs. Conf.', 'abbreviation': None, 'type': 'vsconf', 'summary': '0-0'}]",400547969,2014,2,2,,,,,
400547843,s:20~l:23~e:400547843~c:400547843,2014-09-06T16:00Z,0,True,False,False,True,True,False,2014-09-06T16:00Z,FS1,[],,,national,FS1,1,STD,3772,Jack Trice Stadium,Ames,IA,USA,False,0.0,0:00,4,3,STATUS_FINAL,post,True,Final,Final,Final,4,66,s:20~l:23~t:66,Iowa State,Cyclones,ISU,Iowa State Cyclones,Iowa State,ae192d,ffc72a,True,3772,https://a.espncdn.com/i/teamlogos/ncaa/500/66.png,4,28,False,99,"[{'value': 7.0, 'displayValue': '7', 'period': 1}
 {'value': 21.0, 'displayValue': '21', 'period': 2}
 {'value': 0.0, 'displayValue': '0', 'period': 3}
 {'value': 0.0, 'displayValue': '0', 'period': 4}]","[{'name': 'overall', 'abbreviation': 'Game', 'type': 'total', 'summary': '0-2'}
 {'name': 'Home', 'abbreviation': None, 'type': 'home', 'summary': '0-2'}
 {'name': 'Road', 'abbreviation': None, 'type': 'road', 'summary': '0-0'}
 {'name': 'vs. Conf.', 'abbreviation': None, 'type': 'vsconf', 'summary': '0-1'}]",2306,s:20~l:23~t:2306,Kansas State,Wildcats,KSU,Kansas State Wildcats,Kansas State,330a57,e2e3e4,True,3636,https://a.espncdn.com/i/teamlogos/ncaa/500/2306.png,4,32,True,20,"[{'value': 13.0, 'displayValue': '13', 'period': 1}
 {'value': 7.0, 'displayValue': '7', 'period': 2}
 {'value': 0.0, 'displayValue': '0', 'period': 3}
 {'value': 12.0, 'displayValue': '12', 'period': 4}]","[{'name': 'overall', 'abbreviation': 'Game', 'type': 'total', 'summary': '2-0'}
 {'name': 'Home', 'abbreviation': None, 'type': 'home', 'summary': '1-0'}
 {'name': 'Road', 'abbreviation': None, 'type': 'road', 'summary': '1-0'}
 {'name': 'vs. Conf.', 'abbreviation': None, 'type': 'vsconf', 'summary': '1-0'}]",400547843,2014,2,2,4,Big 12 Conference,Big 12,True,
400547650,s:20~l:23~e:400547650~c:400547650,2014-09-06T23:00Z,80899,True,False,False,False,True,False,2014-09-06T23:00Z,ESPNU,[],,,national,ESPNU,1,STD,3994,Williams-Brice Stadium,Columbia,SC,USA,False,0.0,0:00,4,3,STATUS_FINAL,post,True,Final,Final,Final,4,2579,s:20~l:23~t:2579,South Carolina,Gamecocks,SC,South Carolina Gamecocks,South Carolina,73000a,000000,True,3994,https://a.espncdn.com/i/teamlogos/ncaa/500/2579.png,8,33,True,21,"[{'value': 7.0, 'displayValue': '7', 'period': 1}
 {'value': 13.0, 'displayValue': '13', 'period': 2}
 {'value': 10.0, 'displayValue': '10', 'period': 3}
 {'value': 3.0, 'displayValue': '3', 'period': 4}]","[{'name': 'overall', 'abbreviation': 'Game', 'type': 'total', 'summary': '1-1'}
 {'name': 'Home', 'abbreviation': None, 'type': 'home', 'summary': '1-1'}
 {'name': 'Road', 'abbreviation': None, 'type': 'road', 'summary': '0-0'}
 {'name': 'vs. Conf.', 'abbreviation': None, 'type': 'vsconf', 'summary': '0-1'}]",151,s:20~l:23~t:151,East Carolina,Pirates,ECU,East Carolina Pirates,ECU,582c83,ffc72c,True,3699,https://a.espncdn.com/i/teamlogos/ncaa/500/151.png,151,23,False,99,"[{'value': 6.0, 'displayValue': '6', 'period': 1}
 {'value': 10.0, 'displayValue': '10', 'period': 2}
 {'value': 0.0, 'displayValue': '0', 'period': 3}
 {'value': 7.0, 'displayValue': '7', 'period': 4}]","[{'name': 'overall', 'abbreviation': 'Game', 'type': 'total', 'summary': '1-1'}
 {'name': 'Home', 'abbreviation': None, 'type': 'home', 'summary': '1-0'}
 {'name': 'Road', 'abbreviation': None, 'type': 'road', 'summary': '0-1'}
 {'name': 'vs. Conf.', 'abbreviation': None, 'type': 'vsconf', 'summary': '0-0'}]",400547650,2014,2,2,,,,,
400547796,s:20~l:23~e:400547796~c:400547796,2014-09-07T00:00Z,58000,True,False,False,False,True,False,2014-09-07T00:00Z,ESPNEWS,[],,,national,ESPNEWS,1,STD,3787,Kenan Stadium,Chapel Hill,NC,USA,False,0.0,0:00,4,3,STATUS_FINAL,post,True,Final,Final,Final,4,153,s:20~l:23~t:153,North Carolina,Tar Heels,UNC,North Carolina Tar Heels,UNC,7bafd4,13294b,True,3787,https://a.espncdn.com/i/teamlogos/ncaa/500/153.png,1,31,True,21,"[{'value': 0.0, 'displayValue': '0', 'period': 1}
 {'value': 7.0, 'displayValue': '7', 'period': 2}
 {'value': 7.0, 'displayValue': '7', 'period': 3}
 {'value': 17.0, 'displayValue': '17', 'period': 4}]","[{'name': 'overall', 'abbreviation': 'Game', 'type': 'total', 'summary': '2-0'}
 {'name': 'Home', 'abbreviation': None, 'type': 'home', 'summary': '2-0'}
 {'name': 'Road', 'abbreviation': None, 'type': 'road', 'summary': '0-0'}
 {'name': 'vs. Conf.', 'abbreviation': None, 'type': 'vsconf', 'summary': '0-0'}]",21,s:20~l:23~t:21,San Diego State,Aztecs,SDSU,San Diego State Aztecs,San Diego State,a6192e,000000,True,3932,https://a.espncdn.com/i/teamlogos/ncaa/500/21.png,17,27,False,99,"[{'value': 0.0, 'displayValue': '0', 'period': 1}
 {'value': 14.0, 'displayValue': '14', 'period': 2}
 {'value': 7.0, 'displayValue': '7', 'period': 3}
 {'value': 6.0, 'displayValue': '6', 'period': 4}]","[{'name': 'overall', 'abbreviation': 'Game', 'type': 'total', 'summary': '1-1'}
 {'name': 'Home', 'abbreviation': None, 'type': 'home', 'summary': '1-0'}
 {'name': 'Road', 'abbreviation': None, 'type': 'road', 'summary': '0-1'}
 {'name': 'vs. Conf.', 'abbreviation': None, 'type': 'vsconf', 'summary': '0-0'}]",400547796,2014,2,2,,,,,
400547741,s:20~l:23~e:400547741~c:400547741,2014-09-06T16:30Z,0,True,False,False,False,True,False,2014-09-06T16:30Z,ACC Network/ESPN3,[],,,national,ACC Network,1,STD,3836,"Memorial Stadium (Clemson, SC)",Clemson,SC,USA,False,0.0,0:00,4,3,STATUS_FINAL,post,True,Final,Final,Final,4,228,s:20~l:23~t:228,Clemson,Tigers,CLEM,Clemson Tigers,Clemson,f56600,ffffff,True,3836,https://a.espncdn.com/i/teamlogos/ncaa/500/228.png,1,73,True,23,"[{'value': 10.0, 'displayValue': '10', 'period': 1}
 {'value': 24.0, 'displayValue': '24', 'period': 2}
 {'value': 24.0, 'displayValue': '24', 'period': 3}
 {'value': 15.0, 'displayValue': '15', 'period': 4}]","[{'name': 'overall', 'abbreviation': 'Game', 'type': 'total', 'summary': '1-1'}
 {'name': 'Home', 'abbreviation': None, 'type': 'home', 'summary': '1-0'}
 {'name': 'Road', 'abbreviation': None, 'type': 'road', 'summary': '0-1'}
 {'name': 'vs. Conf.', 'abbreviation': None, 'type': 'vsconf', 'summary': '0-0'}]",2569,s:20~l:23~t:2569,South Carolina State,Bulldogs,SCST,South Carolina State Bulldogs,S Carolina St,7d1315,104897,True,3864,https://a.espncdn.com/i/teamlogos/ncaa/500/2569.png,24,7,False,99,"[{'value': 0.0, 'displayValue': '0', 'period': 1}
 {'value': 0.0, 'displayValue': '0', 'period': 2}
 {'value': 0.0, 'displayValue': '0', 'period': 3}
 {'value': 7.0, 'displayValue': '7', 'period': 4}]","[{'name': 'overall', 'abbreviation': 'Game', 'type': 'total', 'summary': '1-1'}
 {'name': 'Home', 'abbreviation': None, 'type': 'home', 'summary': '0-0'}
 {'name': 'Road', 'abbreviation': None, 'type': 'road', 'summary': '1-1'}
 {'name': 'vs. Conf.', 'abbreviation': None, 'type': 'vsconf', 'summary': '0-0'}]",400547741,2014,2,2,,,,,
400548102,s:20~l:23~e:400548102~c:400548102,2014-09-06T16:00Z,0,True,False,False,False,True,False,2014-09-06T16:00Z,ESPN,[],,,national,ESPN,1,STD,3739,Glass Bowl,Toledo,OH,USA,False,0.0,0:00,4,3,STATUS_FINAL,post,True,Final,Final,Final,4,2649,s:20~l:23~t:2649,Toledo,Rockets,TOL,Toledo Rockets,Toledo,0b2240,ffcd00,True,3739,https://a.espncdn.com/i/teamlogos/ncaa/500/2649.png,15,24,False,99,"[{'value': 7.0, 'displayValue': '7', 'period': 1}
 {'value': 0.0, 'displayValue': '0', 'period': 2}
 {'value': 14.0, 'displayValue': '14', 'period': 3}
 {'value': 3.0, 'displayValue': '3', 'period': 4}]","[{'name': 'overall', 'abbreviation': 'Game', 'type': 'total', 'summary': '1-1'}
 {'name': 'Home', 'abbreviation': None, 'type': 'home', 'summary': '1-1'}
 {'name': 'Road', 'abbreviation': None, 'type': 'road', 'summary': '0-0'}
 {'name': 'vs. Conf.', 'abbreviation': None, 'type': 'vsconf', 'summary': '0-0'}]",142,s:20~l:23~t:142,Missouri,Tigers,MIZ,Missouri Tigers,Missouri,f1b82d,000000,True,3838,https://a.espncdn.com/i/teamlogos/ncaa/500/142.png,8,49,True,24,"[{'value': 14.0, 'displayValue': '14', 'period': 1}
 {'value': 14.0, 'displayValue': '14', 'period': 2}
 {'value': 14.0, 'displayValue': '14', 'period': 3}
 {'value': 7.0, 'displayValue': '7', 'period': 4}]","[{'name': 'overall', 'abbreviation': 'Game', 'type': 'total', 'summary': '2-0'}
 {'name': 'Home', 'abbreviation': None, 'type': 'home', 'summary': '1-0'}
 {'name': 'Road', 'abbreviation': None, 'type': 'road', 'summary': '1-0'}
 {'name': 'vs. Conf.', 'abbreviation': None, 'type': 'vsconf', 'summary': '0-0'}]",400548102,2014,2,2,,,,,
400547780,s:20~l:23~e:400547780~c:400547780,2014-09-06T23:00Z,50179,True,False,False,False,True,False,2014-09-06T23:00Z,ESPN3,[],,,national,ESPN3,1,STD,3873,L&N Federal Credit Union Stadium,Louisville,KY,USA,False,0.0,0:00,4,3,STATUS_FINAL,post,True,Final,Final,Final,4,97,s:20~l:23~t:97,Louisville,Cardinals,LOU,Louisville Cardinals,Louisville,c9001f,ffffff,True,3873,https://a.espncdn.com/i/teamlogos/ncaa/500/97.png,1,66,True,25,"[{'value': 21.0, 'displayValue': '21', 'period': 1}
 {'value': 24.0, 'displayValue': '24', 'period': 2}
 {'value': 14.0, 'displayValue': '14', 'period': 3}
 {'value': 7.0, 'displayValue': '7', 'period': 4}]","[{'name': 'overall', 'abbreviation': 'Game', 'type': 'total', 'summary': '2-0'}
 {'name': 'Home', 'abbreviation': None, 'type': 'home', 'summary': '2-0'}
 {'name': 'Road', 'abbreviation': None, 'type': 'road', 'summary': '0-0'}
 {'name': 'vs. Conf.', 'abbreviation': None, 'type': 'vsconf', 'summary': '1-0'}]",93,s:20~l:23~t:93,Murray State,Racers,MURR,Murray State Racers,Murray State,002148,000e00,True,3909,https://a.espncdn.com/i/teamlogos/ncaa/500/93.png,26,21,False,99,"[{'value': 7.0, 'displayValue': '7', 'period': 1}
 {'value': 0.0, 'displayValue': '0', 'period': 2}
 {'value': 7.0, 'displayValue': '7', 'period': 3}
 {'value': 7.0, 'displayValue': '7', 'period': 4}]","[{'name': 'overall', 'abbreviation': 'Game', 'type': 'total', 'summary': '1-1'}
 {'name': 'Home', 'abbreviation': None, 'type': 'home', 'summary': '1-0'}
 {'name': 'Road', 'abbreviation': None, 'type': 'road', 'summary': '0-1'}
 {'name': 'vs. Conf.', 'abbreviation': None, 'type': 'vsconf', 'summary': '0-0'}]",400547780,2014,2,2,,,,,
400547649,s:20~l:23~e:400547649~c:400547649,2014-09-06T16:00Z,23543,True,False,False,False,True,False,2014-09-06T16:00Z,ESPN3,[],,,national,ESPN3,1,STD,3892,Pratt & Whitney Stadium,East Hartford,CT,USA,False,0.0,0:00,4,3,STATUS_FINAL,post,True,Final,Final,Final,4,41,s:20~l:23~t:41,Connecticut,Huskies,CONN,Connecticut Huskies,UConn,0c2340,a2aaad,False,3892,https://a.espncdn.com/i/teamlogos/ncaa/500/41.png,151,19,True,99,"[{'value': 3.0, 'displayValue': '3', 'period': 1}
 {'value': 9.0, 'displayValue': '9', 'period': 2}
 {'value': 7.0, 'displayValue': '7', 'period': 3}
 {'value': 0.0, 'displayValue': '0', 'period': 4}]","[{'name': 'overall', 'abbreviation': 'Game', 'type': 'total', 'summary': '1-1'}
 {'name': 'Home', 'abbreviation': None, 'type': 'home', 'summary': '1-1'}
 {'name': 'Road', 'abbreviation': None, 'type': 'road', 'summary': '0-0'}
 {'name': 'vs. Conf.', 'abbreviation': None, 'type': 'vsconf', 'summary': '0-0'}]",2619,s:20~l:23~t:2619,Stony Brook,Seawolves,STON,Stony Brook Seawolves,Stony Brook,990000,,True,3788,https://a.espncdn.com/i/teamlogos/ncaa/500/2619.png,48,16,False,99,"[{'value': 10.0, 'displayValue': '10', 'period': 1}
 {'value': 0.0, 'displayValue': '0', 'period': 2}
 {'value': 0.0, 'displayValue': '0', 'period': 3}
 {'value': 6.0, 'displayValue': '6', 'period': 4}]","[{'name': 'overall', 'abbreviation': 'Game', 'type': 'total', 'summary': '0-2'}
 {'name': 'Home', 'abbreviation': None, 'type': 'home', 'summary': '0-1'}
 {'name': 'Road', 'abbreviation': None, 'type': 'road', 'summary': '0-1'}
 {'name': 'vs. Conf.', 'abbreviation': None, 'type': 'vsconf', 'summary': '0-0'}]",400547649,2014,2,2,,,,,
400547653,s:20~l:23~e:400547653~c:400547653,2014-09-06T16:00Z,22398,True,False,False,False,True,False,2014-09-06T16:00Z,,[],,,,,1,STD,3825,DATCU Stadium,Denton,TX,USA,False,0.0,0:00,4,3,STATUS_FINAL,post,True,Final,Final,Final,4,249,s:20~l:23~t:249,North Texas,Mean Green,UNT,North Texas Mean Green,North Texas,068f33,ffffff,True,3825,https://a.espncdn.com/i/teamlogos/ncaa/500/249.png,12,43,True,99,"[{'value': 3.0, 'displayValue': '3', 'period': 1}
 {'value': 20.0, 'displayValue': '20', 'period': 2}
 {'value': 6.0, 'displayValue': '6', 'period': 3}
 {'value': 14.0, 'displayValue': '14', 'period': 4}]","[{'name': 'overall', 'abbreviation': 'Game', 'type': 'total', 'summary': '1-1'}
 {'name': 'Home', 'abbreviation': None, 'type': 'home', 'summary': '1-0'}
 {'name': 'Road', 'abbreviation': None, 'type': 'road', 'summary': '0-1'}
 {'name': 'vs. Conf.', 'abbreviation': None, 'type': 'vsconf', 'summary': '0-0'}]",2567,s:20~l:23~t:2567,SMU,Mustangs,SMU,SMU Mustangs,SMU,a80000,0033a1,True,3735,https://a.espncdn.com/i/teamlogos/ncaa/500/2567.png,151,6,False,99,"[{'value': 0.0, 'displayValue': '0', 'period': 1}
 {'value': 0.0, 'displayValue': '0', 'period': 2}
 {'value': 0.0, 'displayValue': '0', 'period': 3}
 {'value': 6.0, 'displayValue': '6', 'period': 4}]","[{'name': 'overall', 'abbreviation': 'Game', 'type': 'total', 'summary': '0-2'}
 {'name': 'Home', 'abbreviation': None, 'type': 'home', 'summary': '0-0'}
 {'name': 'Road', 'abbreviation': None, 'type': 'road', 'summary': '0-2'}
 {'name': 'vs. Conf.', 'abbreviation': None, 'type': 'vsconf', 'summary': '0-0'}]",400547653,2014,2,2,,,,,
400547905,s:20~l:23~e:400547905~c:400547905,2014-09-06T16:00Z,38561,True,False,False,False,True,False,2014-09-06T16:00Z,BTN,[],,,national,BTN,1,STD,3832,Gies Memorial Stadium,Champaign,IL,USA,False,0.0,0:00,4,3,STATUS_FINAL,post,True,Final,Final,Final,4,356,s:20~l:23~t:356,Illinois,Fighting Illini,ILL,Illinois Fighting Illini,Illinois,ff5f05,13294b,True,3597,https://a.espncdn.com/i/teamlogos/ncaa/500/356.png,5,42,True,99,"[{'value': 7.0, 'displayValue': '7', 'period': 1}
 {'value': 7.0, 'displayValue': '7', 'period': 2}
 {'value': 7.0, 'displayValue': '7', 'period': 3}
 {'value': 21.0, 'displayValue': '21', 'period': 4}]","[{'name': 'overall', 'abbreviation': 'Game', 'type': 'total', 'summary': '2-0'}
 {'name': 'Home', 'abbreviation': None, 'type': 'home', 'summary': '2-0'}
 {'name': 'Road', 'abbreviation': None, 'type': 'road', 'summary': '0-0'}
 {'name': 'vs. Conf.', 'abbreviation': None, 'type': 'vsconf', 'summary': '0-0'}]",98,s:20~l:23~t:98,Western Kentucky,Hilltoppers,WKU,Western Kentucky Hilltoppers,W Kentucky,e13a3e,ffffff,True,3796,https://a.espncdn.com/i/teamlogos/ncaa/500/98.png,12,34,False,99,"[{'value': 3.0, 'displayValue': '3', 'period': 1}
 {'value': 14.0, 'displayValue': '14', 'period': 2}
 {'value': 10.0, 'displayValue': '10', 'period': 3}
 {'value': 7.0, 'displayValue': '7', 'period': 4}]","[{'name': 'overall', 'abbreviation': 'Game', 'type': 'total', 'summary': '1-1'}
 {'name': 'Home', 'abbreviation': None, 'type': 'home', 'summary': '1-0'}
 {'name': 'Road', 'abbreviation': None, 'type': 'road', 'summary': '0-1'}
 {'name': 'vs. Conf.', 'abbreviation': None, 'type': 'vsconf', 'summary': '0-0'}]",400547905,2014,2,2,,,,,
400547986,s:20~l:23~e:400547986~c:400547986,2014-09-06T16:00Z,97354,True,False,False,False,True,False,2014-09-06T16:00Z,ABC/ESPN2/ESPN3,[],,,national,ABC,1,STD,3632,Beaver Stadium,University Park,PA,USA,False,0.0,0:00,4,3,STATUS_FINAL,post,True,Final,Final,Final,4,213,s:20~l:23~t:213,Penn State,Nittany Lions,PSU,Penn State Nittany Lions,Penn State,061440,ffffff,True,3632,https://a.espncdn.com/i/teamlogos/ncaa/500/213.png,5,21,True,99,"[{'value': 7.0, 'displayValue': '7', 'period': 1}
 {'value': 0.0, 'displayValue': '0', 'period': 2}
 {'value': 7.0, 'displayValue': '7', 'period': 3}
 {'value': 7.0, 'displayValue': '7', 'period': 4}]","[{'name': 'overall', 'abbreviation': 'Game', 'type': 'total', 'summary': '2-0'}
 {'name': 'Home', 'abbreviation': None, 'type': 'home', 'summary': '1-0'}
 {'name': 'Road', 'abbreviation': None, 'type': 'road', 'summary': '0-0'}
 {'name': 'vs. Conf.', 'abbreviation': None, 'type': 'vsconf', 'summary': '0-0'}]",2006,s:20~l:23~t:2006,Akron,Zips,AKR,Akron Zips,Akron,041e42,c5b783,True,3768,https://a.espncdn.com/i/teamlogos/ncaa/500/2006.png,15,3,False,99,"[{'value': 0.0, 'displayValue': '0', 'period': 1}
 {'value': 0.0, 'displayValue': '0', 'period': 2}
 {'value': 3.0, 'displayValue': '3', 'period': 3}
 {'value': 0.0, 'displayValue': '0', 'period': 4}]","[{'name': 'overall', 'abbreviation': 'Game', 'type': 'total', 'summary': '1-1'}
 {'name': 'Home', 'abbreviation': None, 'type': 'home', 'summary': '1-0'}
 {'name': 'Road', 'abbreviation': None, 'type': 'road', 'summary': '0-1'}
 {'name': 'vs. Conf.', 'abbreviation': None, 'type': 'vsconf', 'summary': '0-0'}]",400547986,2014,2,2,,,,,
400547989,s:20~l:23~e:400547989~c:400547989,2014-09-06T16:00Z,36410,True,False,False,False,True,False,2014-09-06T16:00Z,ESPNEWS,[],,,national,ESPNEWS,1,STD,3907,Ross-Ade Stadium,West Lafayette,IN,USA,False,0.0,0:00,4,3,STATUS_FINAL,post,True,Final,Final,Final,4,2509,s:20~l:23~t:2509,Purdue,Boilermakers,PUR,Purdue Boilermakers,Purdue,ceb888,000000,True,3907,https://a.espncdn.com/i/teamlogos/ncaa/500/2509.png,5,17,False,99,"[{'value': 0.0, 'displayValue': '0', 'period': 1}
 {'value': 7.0, 'displayValue': '7', 'period': 2}
 {'value': 3.0, 'displayValue': '3', 'period': 3}
 {'value': 7.0, 'displayValue': '7', 'period': 4}]","[{'name': 'overall', 'abbreviation': 'Game', 'type': 'total', 'summary': '1-1'}
 {'name': 'Home', 'abbreviation': None, 'type': 'home', 'summary': '1-1'}
 {'name': 'Road', 'abbreviation': None, 'type': 'road', 'summary': '0-0'}
 {'name': 'vs. Conf.', 'abbreviation': None, 'type': 'vsconf', 'summary': '0-0'}]",2117,s:20~l:23~t:2117,Central Michigan,Chippewas,CMU,Central Michigan Chippewas,Cent Michigan,4c0027,fbab18,True,3786,https://a.espncdn.com/i/teamlogos/ncaa/500/2117.png,15,38,True,99,"[{'value': 14.0, 'displayValue': '14', 'period': 1}
 {'value': 7.0, 'displayValue': '7', 'period': 2}
 {'value': 7.0, 'displayValue': '7', 'period': 3}
 {'value': 10.0, 'displayValue': '10', 'period': 4}]","[{'name': 'overall', 'abbreviation': 'Game', 'type': 'total', 'summary': '2-0'}
 {'name': 'Home', 'abbreviation': None, 'type': 'home', 'summary': '1-0'}
 {'name': 'Road', 'abbreviation': None, 'type': 'road', 'summary': '1-0'}
 {'name': 'vs. Conf.', 'abbreviation': None, 'type': 'vsconf', 'summary': '0-0'}]",400547989,2014,2,2,,,,,
400547994,s:20~l:23~e:400547994~c:400547994,2014-09-06T16:00Z,48040,True,False,False,False,True,False,2014-09-06T16:00Z,BTN,[],,,national,BTN,1,STD,3754,HighPoint.com Stadium,Piscataway,NJ,USA,False,0.0,0:00,4,3,STATUS_FINAL,post,True,Final,Final,Final,4,164,s:20~l:23~t:164,Rutgers,Scarlet Knights,RUTG,Rutgers Scarlet Knights,Rutgers,ce0e2d,ffffff,True,3754,https://a.espncdn.com/i/teamlogos/ncaa/500/164.png,5,38,True,99,"[{'value': 10.0, 'displayValue': '10', 'period': 1}
 {'value': 21.0, 'displayValue': '21', 'period': 2}
 {'value': 7.0, 'displayValue': '7', 'period': 3}
 {'value': 0.0, 'displayValue': '0', 'period': 4}]","[{'name': 'overall', 'abbreviation': 'Game', 'type': 'total', 'summary': '2-0'}
 {'name': 'Home', 'abbreviation': None, 'type': 'home', 'summary': '1-0'}
 {'name': 'Road', 'abbreviation': None, 'type': 'road', 'summary': '1-0'}
 {'name': 'vs. Conf.', 'abbreviation': None, 'type': 'vsconf', 'summary': '0-0'}]",47,s:20~l:23~t:47,Howard,Bison,HOW,Howard Bison,Howard,003a63,e51937,True,3990,https://a.espncdn.com/i/teamlogos/ncaa/500/47.png,24,25,False,99,"[{'value': 7.0, 'displayValue': '7', 'period': 1}
 {'value': 0.0, 'displayValue': '0', 'period': 2}
 {'value': 6.0, 'displayValue': '6', 'period': 3}
 {'value': 12.0, 'displayValue': '12', 'period': 4}]","[{'name': 'overall', 'abbreviation': 'Game', 'type': 'total', 'summary': '0-2'}
 {'name': 'Home', 'abbreviation': None, 'type': 'home', 'summary': '0-0'}
 {'name': 'Road', 'abbreviation': None, 'type': 'road', 'summary': '0-2'}
 {'name': 'vs. Conf.', 'abbreviation': None, 'type': 'vsconf', 'summary': '0-0'}]",400547994,2014,2,2,,,,,
400548098,s:20~l:23~e:400548098~c:400548098,2014-09-06T16:00Z,28643,True,False,False,False,True,False,2014-09-06T16:00Z,CBSSN,[],,,national,CBSSN,1,STD,3841,Michie Stadium,West Point,NY,USA,False,0.0,0:00,4,3,STATUS_FINAL,post,True,Final,Final,Final,4,349,s:20~l:23~t:349,Army,Black Knights,ARMY,Army Black Knights,Army,000000,d3bc8d,True,3841,https://a.espncdn.com/i/teamlogos/ncaa/500/349.png,18,47,True,99,"[{'value': 7.0, 'displayValue': '7', 'period': 1}
 {'value': 14.0, 'displayValue': '14', 'period': 2}
 {'value': 13.0, 'displayValue': '13', 'period': 3}
 {'value': 13.0, 'displayValue': '13', 'period': 4}]","[{'name': 'overall', 'abbreviation': 'Game', 'type': 'total', 'summary': '1-0'}
 {'name': 'Home', 'abbreviation': None, 'type': 'home', 'summary': '1-0'}
 {'name': 'Road', 'abbreviation': None, 'type': 'road', 'summary': '0-0'}
 {'name': 'vs. Conf.', 'abbreviation': None, 'type': 'vsconf', 'summary': '0-0'}]",2084,s:20~l:23~t:2084,Buffalo,Bulls,BUFF,Buffalo Bulls,Buffalo,005bbb,ffffff,True,3965,https://a.espncdn.com/i/teamlogos/ncaa/500/2084.png,15,39,False,99,"[{'value': 3.0, 'displayValue': '3', 'period': 1}
 {'value': 0.0, 'displayValue': '0', 'period': 2}
 {'value': 14.0, 'displayValue': '14', 'period': 3}
 {'value': 22.0, 'displayValue': '22', 'period': 4}]","[{'name': 'overall', 'abbreviation': 'Game', 'type': 'total', 'summary': '1-1'}
 {'name': 'Home', 'abbreviation': None, 'type': 'home', 'summary': '1-0'}
 {'name': 'Road', 'abbreviation': None, 'type': 'road', 'summary': '0-1'}
 {'name': 'vs. Conf.', 'abbreviation': None, 'type': 'vsconf', 'summary': '0-0'}]",400548098,2014,2,2,,,,,
400548396,s:20~l:23~e:400548396~c:400548396,2014-09-06T16:00Z,99538,True,False,False,False,True,False,2014-09-06T16:00Z,SEC Network,[],,,national,SEC Network,1,STD,3853,Neyland Stadium,Knoxville,TN,USA,False,0.0,0:00,4,3,STATUS_FINAL,post,True,Final,Final,Final,4,2633,s:20~l:23~t:2633,Tennessee,Volunteers,TENN,Tennessee Volunteers,Tennessee,ff8200,ffffff,True,3853,https://a.espncdn.com/i/teamlogos/ncaa/500/2633.png,8,34,True,99,"[{'value': 10.0, 'displayValue': '10', 'period': 1}
 {'value': 14.0, 'displayValue': '14', 'period': 2}
 {'value': 7.0, 'displayValue': '7', 'period': 3}
 {'value': 3.0, 'displayValue': '3', 'period': 4}]","[{'name': 'overall', 'abbreviation': 'Game', 'type': 'total', 'summary': '2-0'}
 {'name': 'Home', 'abbreviation': None, 'type': 'home', 'summary': '2-0'}
 {'name': 'Road', 'abbreviation': None, 'type': 'road', 'summary': '0-0'}
 {'name': 'vs. Conf.', 'abbreviation': None, 'type': 'vsconf', 'summary': '0-0'}]",2032,s:20~l:23~t:2032,Arkansas State,Red Wolves,ARST,Arkansas State Red Wolves,Arkansas State,cc092f,000000,True,3625,https://a.espncdn.com/i/teamlogos/ncaa/500/2032.png,37,19,False,99,"[{'value': 6.0, 'displayValue': '6', 'period': 1}
 {'value': 6.0, 'displayValue': '6', 'period': 2}
 {'value': 0.0, 'displayValue': '0', 'period': 3}
 {'value': 7.0, 'displayValue': '7', 'period': 4}]","[{'name': 'overall', 'abbreviation': 'Game', 'type': 'total', 'summary': '1-1'}
 {'name': 'Home', 'abbreviation': None, 'type': 'home', 'summary': '1-0'}
 {'name': 'Road', 'abbreviation': None, 'type': 'road', 'summary': '0-1'}
 {'name': 'vs. Conf.', 'abbreviation': None, 'type': 'vsconf', 'summary': '0-0'}]",400548396,2014,2,2,,,,,
400558115,s:20~l:23~e:400558115~c:400558115,2014-09-06T16:00Z,0,True,False,False,False,True,False,2014-09-06T16:00Z,,[],,,,,1,STD,4418,Jerry Richardson Stadium,Charlotte,NC,USA,False,0.0,0:00,4,3,STATUS_FINAL,post,True,Final,Final,Final,4,2429,s:20~l:23~t:2429,Charlotte,49ers,CHAR,Charlotte 49ers,Charlotte,005035,a49665,True,4418,https://a.espncdn.com/i/teamlogos/ncaa/500/2429.png,32,56,True,99,"[{'value': 23.0, 'displayValue': '23', 'period': 1}
 {'value': 13.0, 'displayValue': '13', 'period': 2}
 {'value': 13.0, 'displayValue': '13', 'period': 3}
 {'value': 7.0, 'displayValue': '7', 'period': 4}]","[{'name': 'overall', 'abbreviation': 'Game', 'type': 'total', 'summary': '2-0'}
 {'name': 'Home', 'abbreviation': None, 'type': 'home', 'summary': '1-0'}
 {'name': 'Road', 'abbreviation': None, 'type': 'road', 'summary': '1-0'}
 {'name': 'vs. Conf.', 'abbreviation': None, 'type': 'vsconf', 'summary': '0-0'}]",2304,s:20~l:23~t:2304,Johnson C Smith,Golden Bulls,JOH,Johnson C Smith Golden Bulls,Johnson C Smith,000000,,False,6041,https://a.espncdn.com/i/teamlogos/ncaa/500/2304.png,104,0,False,99,"[{'value': 0.0, 'displayValue': '0', 'period': 1}
 {'value': 0.0, 'displayValue': '0', 'period': 2}
 {'value': 0.0, 'displayValue': '0', 'period': 3}
 {'value': 0.0, 'displayValue': '0', 'period': 4}]","[{'name': 'overall', 'abbreviation': 'Game', 'type': 'total', 'summary': '0-1'}
 {'name': 'Home', 'abbreviation': None, 'type': 'home', 'summary': '0-0'}
 {'name': 'Road', 'abbreviation': None, 'type': 'road', 'summary': '0-1'}
 {'name': 'vs. Conf.', 'abbreviation': None, 'type': 'vsconf', 'summary': '0-0'}]",400558115,2014,2,2,,,,,
400558011,s:20~l:23~e:400558011~c:400558011,2014-09-06T16:30Z,6519,True,False,False,False,True,False,2014-09-06T16:30Z,,[],,,,,1,STD,3741,Goodman Stadium,Bethlehem,PA,USA,False,0.0,0:00,4,3,STATUS_FINAL,post,True,Final,Final,Final,4,2329,s:20~l:23~t:2329,Lehigh,Mountain Hawks,LEH,Lehigh Mountain Hawks,Lehigh,6c2b2a,b69e70,True,3741,https://a.espncdn.com/i/teamlogos/ncaa/500/2329.png,27,28,False,99,"[{'value': 14.0, 'displayValue': '14', 'period': 1}
 {'value': 7.0, 'displayValue': '7', 'period': 2}
 {'value': 7.0, 'displayValue': '7', 'period': 3}
 {'value': 0.0, 'displayValue': '0', 'period': 4}]","[{'name': 'overall', 'abbreviation': 'Game', 'type': 'total', 'summary': '0-1'}
 {'name': 'Home', 'abbreviation': None, 'type': 'home', 'summary': '0-1'}
 {'name': 'Road', 'abbreviation': None, 'type': 'road', 'summary': '0-0'}
 {'name': 'vs. Conf.', 'abbreviation': None, 'type': 'vsconf', 'summary': '0-0'}]",256,s:20~l:23~t:256,James Madison,Dukes,JMU,James Madison Dukes,JMU,450084,cbb677,True,3651,https://a.espncdn.com/i/teamlogos/ncaa/500/256.png,48,31,True,99,"[{'value': 10.0, 'displayValue': '10', 'period': 1}
 {'value': 0.0, 'displayValue': '0', 'period': 2}
 {'value': 14.0, 'displayValue': '14', 'period': 3}
 {'value': 7.0, 'displayValue': '7', 'period': 4}]","[{'name': 'overall', 'abbreviation': 'Game', 'type': 'total', 'summary': '1-1'}
 {'name': 'Home', 'abbreviation': None, 'type': 'home', 'summary': '0-0'}
 {'name': 'Road', 'abbreviation': None, 'type': 'road', 'summary': '1-1'}
 {'name': 'vs. Conf.', 'abbreviation': None, 'type': 'vsconf', 'summary': '0-0'}]",400558011,2014,2,2,,,,,
400547655,s:20~l:23~e:400547655~c:400547655,2014-09-06T17:00Z,28408,True,False,False,False,True,False,2014-09-06T17:00Z,ESPN3,[],,,national,ESPN3,1,STD,3806,Lincoln Financial Field,Philadelphia,PA,USA,False,0.0,0:00,4,3,STATUS_FINAL,post,True,Final,Final,Final,4,218,s:20~l:23~t:218,Temple,Owls,TEM,Temple Owls,Temple,a41e35,ffffff,True,3806,https://a.espncdn.com/i/teamlogos/ncaa/500/218.png,151,24,False,99,"[{'value': 7.0, 'displayValue': '7', 'period': 1}
 {'value': 7.0, 'displayValue': '7', 'period': 2}
 {'value': 3.0, 'displayValue': '3', 'period': 3}
 {'value': 7.0, 'displayValue': '7', 'period': 4}]","[{'name': 'overall', 'abbreviation': 'Game', 'type': 'total', 'summary': '1-1'}
 {'name': 'Home', 'abbreviation': None, 'type': 'home', 'summary': '0-1'}
 {'name': 'Road', 'abbreviation': None, 'type': 'road', 'summary': '1-0'}
 {'name': 'vs. Conf.', 'abbreviation': None, 'type': 'vsconf', 'summary': '0-0'}]",2426,s:20~l:23~t:2426,Navy,Midshipmen,NAVY,Navy Midshipmen,Navy,00225b,b5a67c,True,3852,https://a.espncdn.com/i/teamlogos/ncaa/500/2426.png,18,31,True,99,"[{'value': 10.0, 'displayValue': '10', 'period': 1}
 {'value': 7.0, 'displayValue': '7', 'period': 2}
 {'value': 14.0, 'displayValue': '14', 'period': 3}
 {'value': 0.0, 'displayValue': '0', 'period': 4}]","[{'name': 'overall', 'abbreviation': 'Game', 'type': 'total', 'summary': '1-1'}
 {'name': 'Home', 'abbreviation': None, 'type': 'home', 'summary': '0-1'}
 {'name': 'Road', 'abbreviation': None, 'type': 'road', 'summary': '1-0'}
 {'name': 'vs. Conf.', 'abbreviation': None, 'type': 'vsconf', 'summary': '0-0'}]",400547655,2014,2,2,,,,,
400548017,s:20~l:23~e:400548017~c:400548017,2014-09-06T18:00Z,57704,True,False,False,False,True,False,2014-09-06T18:00Z,ESPN3,[],,,national,ESPN3,1,STD,3693,Davis Wade Stadium,Starkville,MS,USA,False,0.0,0:00,4,3,STATUS_FINAL,post,True,Final,Final,Final,4,344,s:20~l:23~t:344,Mississippi State,Bulldogs,MSST,Mississippi State Bulldogs,Miss St,5d1725,c1c6c8,True,3693,https://a.espncdn.com/i/teamlogos/ncaa/500/344.png,8,47,True,99,"[{'value': 13.0, 'displayValue': '13', 'period': 1}
 {'value': 13.0, 'displayValue': '13', 'period': 2}
 {'value': 21.0, 'displayValue': '21', 'period': 3}
 {'value': 0.0, 'displayValue': '0', 'period': 4}]","[{'name': 'overall', 'abbreviation': 'Game', 'type': 'total', 'summary': '2-0'}
 {'name': 'Home', 'abbreviation': None, 'type': 'home', 'summary': '2-0'}
 {'name': 'Road', 'abbreviation': None, 'type': 'road', 'summary': '0-0'}
 {'name': 'vs. Conf.', 'abbreviation': None, 'type': 'vsconf', 'summary': '0-0'}]",5,s:20~l:23~t:5,UAB,Blazers,UAB,UAB Blazers,UAB,1a5632,fdb913,True,3803,https://a.espncdn.com/i/teamlogos/ncaa/500/5.png,12,34,False,99,"[{'value': 3.0, 'displayValue': '3', 'period': 1}
 {'value': 17.0, 'displayValue': '17', 'period': 2}
 {'value': 7.0, 'displayValue': '7', 'period': 3}
 {'value': 7.0, 'displayValue': '7', 'period': 4}]","[{'name': 'overall', 'abbreviation': 'Game', 'type': 'total', 'summary': '1-1'}
 {'name': 'Home', 'abbreviation': None, 'type': 'home', 'summary': '1-0'}
 {'name': 'Road', 'abbreviation': None, 'type': 'road', 'summary': '0-1'}
 {'name': 'vs. Conf.', 'abbreviation': None, 'type': 'vsconf', 'summary': '0-0'}]",400548017,2014,2,2,,,,,
400548104,s:20~l:23~e:400548104~c:400548104,2014-09-06T18:00Z,0,True,False,False,False,True,False,2014-09-06T18:00Z,ESPN3,[],,,national,ESPN3,1,STD,3696,Dix Stadium,Kent,OH,USA,False,0.0,0:00,4,3,STATUS_FINAL,post,True,Final,Final,Final,4,2309,s:20~l:23~t:2309,Kent State,Golden Flashes,KENT,Kent State Golden Flashes,Kent State,002664,eaab00,True,3696,https://a.espncdn.com/i/teamlogos/ncaa/500/2309.png,15,13,False,99,"[{'value': 0.0, 'displayValue': '0', 'period': 1}
 {'value': 6.0, 'displayValue': '6', 'period': 2}
 {'value': 0.0, 'displayValue': '0', 'period': 3}
 {'value': 7.0, 'displayValue': '7', 'period': 4}]","[{'name': 'overall', 'abbreviation': 'Game', 'type': 'total', 'summary': '0-2'}
 {'name': 'Home', 'abbreviation': None, 'type': 'home', 'summary': '0-2'}
 {'name': 'Road', 'abbreviation': None, 'type': 'road', 'summary': '0-0'}
 {'name': 'vs. Conf.', 'abbreviation': None, 'type': 'vsconf', 'summary': '0-1'}]",6,s:20~l:23~t:6,South Alabama,Jaguars,USA,South Alabama Jaguars,South Alabama,00205b,bf0d3e,True,6526,https://a.espncdn.com/i/teamlogos/ncaa/500/6.png,37,23,True,99,"[{'value': 9.0, 'displayValue': '9', 'period': 1}
 {'value': 7.0, 'displayValue': '7', 'period': 2}
 {'value': 0.0, 'displayValue': '0', 'period': 3}
 {'value': 7.0, 'displayValue': '7', 'period': 4}]","[{'name': 'overall', 'abbreviation': 'Game', 'type': 'total', 'summary': '1-0'}
 {'name': 'Home', 'abbreviation': None, 'type': 'home', 'summary': '0-0'}
 {'name': 'Road', 'abbreviation': None, 'type': 'road', 'summary': '1-0'}
 {'name': 'vs. Conf.', 'abbreviation': None, 'type': 'vsconf', 'summary': '0-0'}]",400548104,2014,2,2,,,,,
400548409,s:20~l:23~e:400548409~c:400548409,2014-09-06T18:00Z,10126,True,False,False,True,False,False,2014-09-06T18:00Z,ESPN3,[],,,national,ESPN3,1,STD,3495,Georgia Dome,Atlanta,GA,USA,True,0.0,0:00,4,3,STATUS_FINAL,post,True,Final,Final,Final,4,2247,s:20~l:23~t:2247,Georgia State,Panthers,GAST,Georgia State Panthers,Georgia State,0039a6,ffffff,True,4246,https://a.espncdn.com/i/teamlogos/ncaa/500/2247.png,37,31,False,99,"[{'value': 10.0, 'displayValue': '10', 'period': 1}
 {'value': 7.0, 'displayValue': '7', 'period': 2}
 {'value': 7.0, 'displayValue': '7', 'period': 3}
 {'value': 7.0, 'displayValue': '7', 'period': 4}]","[{'name': 'overall', 'abbreviation': 'Game', 'type': 'total', 'summary': '1-1'}
 {'name': 'Home', 'abbreviation': None, 'type': 'home', 'summary': '1-1'}
 {'name': 'Road', 'abbreviation': None, 'type': 'road', 'summary': '0-0'}
 {'name': 'vs. Conf.', 'abbreviation': None, 'type': 'vsconf', 'summary': '0-1'}]",166,s:20~l:23~t:166,New Mexico State,Aggies,NMSU,New Mexico State Aggies,New Mexico St,7e141b,231f20,True,3601,https://a.espncdn.com/i/teamlogos/ncaa/500/166.png,37,34,True,99,"[{'value': 0.0, 'displayValue': '0', 'period': 1}
 {'value': 10.0, 'displayValue': '10', 'period': 2}
 {'value': 7.0, 'displayValue': '7', 'period': 3}
 {'value': 17.0, 'displayValue': '17', 'period': 4}]","[{'name': 'overall', 'abbreviation': 'Game', 'type': 'total', 'summary': '2-0'}
 {'name': 'Home', 'abbreviation': None, 'type': 'home', 'summary': '1-0'}
 {'name': 'Road', 'abbreviation': None, 'type': 'road', 'summary': '1-0'}
 {'name': 'vs. Conf.', 'abbreviation': None, 'type': 'vsconf', 'summary': '1-0'}]",400548409,2014,2,2,37,Sun Belt Conference,Sun Belt,True,
400548099,s:20~l:23~e:400548099~c:400548099,2014-09-06T19:00Z,0,True,False,False,False,True,False,2014-09-06T19:00Z,ESPN3,[],,,national,ESPN3,1,STD,3738,Gillette Stadium,Foxborough,MA,USA,False,0.0,0:00,4,3,STATUS_FINAL,post,True,Final,Final,Final,4,113,s:20~l:23~t:113,Massachusetts,Minutemen,UMASS,Massachusetts Minutemen,UMass,881c1c,ffffff,True,3985,https://a.espncdn.com/i/teamlogos/ncaa/500/113.png,15,38,False,99,"[{'value': 7.0, 'displayValue': '7', 'period': 1}
 {'value': 14.0, 'displayValue': '14', 'period': 2}
 {'value': 10.0, 'displayValue': '10', 'period': 3}
 {'value': 7.0, 'displayValue': '7', 'period': 4}]","[{'name': 'overall', 'abbreviation': 'Game', 'type': 'total', 'summary': '0-2'}
 {'name': 'Home', 'abbreviation': None, 'type': 'home', 'summary': '0-2'}
 {'name': 'Road', 'abbreviation': None, 'type': 'road', 'summary': '0-0'}
 {'name': 'vs. Conf.', 'abbreviation': None, 'type': 'vsconf', 'summary': '0-0'}]",38,s:20~l:23~t:38,Colorado,Buffaloes,COLO,Colorado Buffaloes,Colorado,cfb87c,000000,True,3726,https://a.espncdn.com/i/teamlogos/ncaa/500/38.png,9,41,True,99,"[{'value': 3.0, 'displayValue': '3', 'period': 1}
 {'value': 17.0, 'displayValue': '17', 'period': 2}
 {'value': 14.0, 'displayValue': '14', 'period': 3}
 {'value': 7.0, 'displayValue': '7', 'period': 4}]","[{'name': 'overall', 'abbreviation': 'Game', 'type': 'total', 'summary': '1-1'}
 {'name': 'Home', 'abbreviation': None, 'type': 'home', 'summary': '0-0'}
 {'name': 'Road', 'abbreviation': None, 'type': 'road', 'summary': '1-0'}
 {'name': 'vs. Conf.', 'abbreviation': None, 'type': 'vsconf', 'summary': '0-0'}]",400548099,2014,2,2,,,,,
400548182,s:20~l:23~e:400548182~c:400548182,2014-09-06T19:00Z,45864,True,False,False,False,True,False,2014-09-06T19:00Z,PACN,[],,,national,PACN,1,STD,587,Rice-Eccles Stadium,Salt Lake City,UT,USA,False,0.0,0:00,4,3,STATUS_FINAL,post,True,Final,Final,Final,4,254,s:20~l:23~t:254,Utah,Utes,UTAH,Utah Utes,Utah,be0000,ffffff,True,587,https://a.espncdn.com/i/teamlogos/ncaa/500/254.png,9,59,True,99,"[{'value': 17.0, 'displayValue': '17', 'period': 1}
 {'value': 14.0, 'displayValue': '14', 'period': 2}
 {'value': 14.0, 'displayValue': '14', 'period': 3}
 {'value': 14.0, 'displayValue': '14', 'period': 4}]","[{'name': 'overall', 'abbreviation': 'Game', 'type': 'total', 'summary': '2-0'}
 {'name': 'Home', 'abbreviation': None, 'type': 'home', 'summary': '2-0'}
 {'name': 'Road', 'abbreviation': None, 'type': 'road', 'summary': '0-0'}
 {'name': 'vs. Conf.', 'abbreviation': None, 'type': 'vsconf', 'summary': '0-0'}]",278,s:20~l:23~t:278,Fresno State,Bulldogs,FRES,Fresno State Bulldogs,Fresno State,b1102b,13284c,True,3660,https://a.espncdn.com/i/teamlogos/ncaa/500/278.png,17,27,False,99,"[{'value': 0.0, 'displayValue': '0', 'period': 1}
 {'value': 7.0, 'displayValue': '7', 'period': 2}
 {'value': 7.0, 'displayValue': '7', 'period': 3}
 {'value': 13.0, 'displayValue': '13', 'period': 4}]","[{'name': 'overall', 'abbreviation': 'Game', 'type': 'total', 'summary': '0-2'}
 {'name': 'Home', 'abbreviation': None, 'type': 'home', 'summary': '0-0'}
 {'name': 'Road', 'abbreviation': None, 'type': 'road', 'summary': '0-2'}
 {'name': 'vs. Conf.', 'abbreviation': None, 'type': 'vsconf', 'summary': '0-0'}]",400548182,2014,2,2,,,,,
400548262,s:20~l:23~e:400548262~c:400548262,2014-09-06T19:00Z,48145,True,False,False,False,True,False,2014-09-06T19:00Z,PACN,[],,,national,PACN,1,STD,3831,California Memorial Stadium,Berkeley,CA,USA,False,0.0,0:00,4,3,STATUS_FINAL,post,True,Final,Final,Final,4,25,s:20~l:23~t:25,California,Golden Bears,CAL,California Golden Bears,California,041e42,ffc72c,True,3831,https://a.espncdn.com/i/teamlogos/ncaa/500/25.png,9,55,True,99,"[{'value': 28.0, 'displayValue': '28', 'period': 1}
 {'value': 17.0, 'displayValue': '17', 'period': 2}
 {'value': 10.0, 'displayValue': '10', 'period': 3}
 {'value': 0.0, 'displayValue': '0', 'period': 4}]","[{'name': 'overall', 'abbreviation': 'Game', 'type': 'total', 'summary': '2-0'}
 {'name': 'Home', 'abbreviation': None, 'type': 'home', 'summary': '1-0'}
 {'name': 'Road', 'abbreviation': None, 'type': 'road', 'summary': '1-0'}
 {'name': 'vs. Conf.', 'abbreviation': None, 'type': 'vsconf', 'summary': '0-0'}]",16,s:20~l:23~t:16,Sacramento State,Hornets,SAC,Sacramento State Hornets,Sacramento St,00573C,cdb97d,True,3757,https://a.espncdn.com/i/teamlogos/ncaa/500/16.png,20,14,False,99,"[{'value': 0.0, 'displayValue': '0', 'period': 1}
 {'value': 7.0, 'displayValue': '7', 'period': 2}
 {'value': 7.0, 'displayValue': '7', 'period': 3}
 {'value': 0.0, 'displayValue': '0', 'period': 4}]","[{'name': 'overall', 'abbreviation': 'Game', 'type': 'total', 'summary': '1-1'}
 {'name': 'Home', 'abbreviation': None, 'type': 'home', 'summary': '0-0'}
 {'name': 'Road', 'abbreviation': None, 'type': 'road', 'summary': '1-1'}
 {'name': 'vs. Conf.', 'abbreviation': None, 'type': 'vsconf', 'summary': '0-0'}]",400548262,2014,2,2,,,,,
400548261,s:20~l:23~e:400548261~c:400548261,2014-09-06T19:05Z,62861,True,False,False,False,True,False,2014-09-06T19:05Z,PACN,[],,,national,PACN,1,STD,3765,Husky Stadium,Seattle,WA,USA,False,0.0,0:00,4,3,STATUS_FINAL,post,True,Final,Final,Final,4,264,s:20~l:23~t:264,Washington,Huskies,WASH,Washington Huskies,Washington,33006f,e8d3a2,True,3765,https://a.espncdn.com/i/teamlogos/ncaa/500/264.png,9,59,True,99,"[{'value': 24.0, 'displayValue': '24', 'period': 1}
 {'value': 13.0, 'displayValue': '13', 'period': 2}
 {'value': 7.0, 'displayValue': '7', 'period': 3}
 {'value': 15.0, 'displayValue': '15', 'period': 4}]","[{'name': 'overall', 'abbreviation': 'Game', 'type': 'total', 'summary': '2-0'}
 {'name': 'Home', 'abbreviation': None, 'type': 'home', 'summary': '1-0'}
 {'name': 'Road', 'abbreviation': None, 'type': 'road', 'summary': '1-0'}
 {'name': 'vs. Conf.', 'abbreviation': None, 'type': 'vsconf', 'summary': '0-0'}]",331,s:20~l:23~t:331,Eastern Washington,Eagles,EWU,Eastern Washington Eagles,E Washington,a10022,abb4bc,True,3906,https://a.espncdn.com/i/teamlogos/ncaa/500/331.png,20,52,False,99,"[{'value': 14.0, 'displayValue': '14', 'period': 1}
 {'value': 17.0, 'displayValue': '17', 'period': 2}
 {'value': 14.0, 'displayValue': '14', 'period': 3}
 {'value': 7.0, 'displayValue': '7', 'period': 4}]","[{'name': 'overall', 'abbreviation': 'Game', 'type': 'total', 'summary': '2-1'}
 {'name': 'Home', 'abbreviation': None, 'type': 'home', 'summary': '2-0'}
 {'name': 'Road', 'abbreviation': None, 'type': 'road', 'summary': '0-1'}
 {'name': 'vs. Conf.', 'abbreviation': None, 'type': 'vsconf', 'summary': '0-0'}]",400548261,2014,2,2,,,,,
400547654,s:20~l:23~e:400547654~c:400547654,2014-09-06T19:30Z,28915,True,False,False,False,True,False,2014-09-06T19:30Z,CBSSN,[],,,national,CBSSN,1,STD,3886,Raymond James Stadium,Tampa,FL,USA,False,0.0,0:00,4,3,STATUS_FINAL,post,True,Final,Final,Final,4,58,s:20~l:23~t:58,South Florida,Bulls,USF,South Florida Bulls,USF,006747,cfc493,True,3886,https://a.espncdn.com/i/teamlogos/ncaa/500/58.png,151,17,False,99,"[{'value': 7.0, 'displayValue': '7', 'period': 1}
 {'value': 10.0, 'displayValue': '10', 'period': 2}
 {'value': 0.0, 'displayValue': '0', 'period': 3}
 {'value': 0.0, 'displayValue': '0', 'period': 4}]","[{'name': 'overall', 'abbreviation': 'Game', 'type': 'total', 'summary': '1-1'}
 {'name': 'Home', 'abbreviation': None, 'type': 'home', 'summary': '1-1'}
 {'name': 'Road', 'abbreviation': None, 'type': 'road', 'summary': '0-0'}
 {'name': 'vs. Conf.', 'abbreviation': None, 'type': 'vsconf', 'summary': '0-0'}]",120,s:20~l:23~t:120,Maryland,Terrapins,MD,Maryland Terrapins,Maryland,ce1126,ffffff,True,3665,https://a.espncdn.com/i/teamlogos/ncaa/500/120.png,5,24,True,99,"[{'value': 14.0, 'displayValue': '14', 'period': 1}
 {'value': 0.0, 'displayValue': '0', 'period': 2}
 {'value': 0.0, 'displayValue': '0', 'period': 3}
 {'value': 10.0, 'displayValue': '10', 'period': 4}]","[{'name': 'overall', 'abbreviation': 'Game', 'type': 'total', 'summary': '2-0'}
 {'name': 'Home', 'abbreviation': None, 'type': 'home', 'summary': '1-0'}
 {'name': 'Road', 'abbreviation': None, 'type': 'road', 'summary': '1-0'}
 {'name': 'vs. Conf.', 'abbreviation': None, 'type': 'vsconf', 'summary': '0-0'}]",400547654,2014,2,2,,,,,
400547821,s:20~l:23~e:400547821~c:400547821,2014-09-06T19:30Z,34533,True,False,False,False,True,False,2014-09-06T19:30Z,ESPN3,[],,,national,ESPN3,1,STD,3923,Scott Stadium,Charlottesville,VA,USA,False,0.0,0:00,4,3,STATUS_FINAL,post,True,Final,Final,Final,4,258,s:20~l:23~t:258,Virginia,Cavaliers,UVA,Virginia Cavaliers,UVA,232d4b,f84c1e,True,3923,https://a.espncdn.com/i/teamlogos/ncaa/500/258.png,1,45,True,99,"[{'value': 7.0, 'displayValue': '7', 'period': 1}
 {'value': 7.0, 'displayValue': '7', 'period': 2}
 {'value': 17.0, 'displayValue': '17', 'period': 3}
 {'value': 14.0, 'displayValue': '14', 'period': 4}]","[{'name': 'overall', 'abbreviation': 'Game', 'type': 'total', 'summary': '1-1'}
 {'name': 'Home', 'abbreviation': None, 'type': 'home', 'summary': '1-1'}
 {'name': 'Road', 'abbreviation': None, 'type': 'road', 'summary': '0-0'}
 {'name': 'vs. Conf.', 'abbreviation': None, 'type': 'vsconf', 'summary': '0-0'}]",257,s:20~l:23~t:257,Richmond,Spiders,RICH,Richmond Spiders,Richmond,9e0712,b90b2e,True,2068,https://a.espncdn.com/i/teamlogos/ncaa/500/257.png,48,13,False,99,"[{'value': 3.0, 'displayValue': '3', 'period': 1}
 {'value': 0.0, 'displayValue': '0', 'period': 2}
 {'value': 10.0, 'displayValue': '10', 'period': 3}
 {'value': 0.0, 'displayValue': '0', 'period': 4}]","[{'name': 'overall', 'abbreviation': 'Game', 'type': 'total', 'summary': '1-1'}
 {'name': 'Home', 'abbreviation': None, 'type': 'home', 'summary': '1-0'}
 {'name': 'Road', 'abbreviation': None, 'type': 'road', 'summary': '0-1'}
 {'name': 'vs. Conf.', 'abbreviation': None, 'type': 'vsconf', 'summary': '0-0'}]",400547821,2014,2,2,,,,,
400547844,s:20~l:23~e:400547844~c:400547844,2014-09-06T19:30Z,51562,True,False,False,False,True,False,2014-09-06T19:30Z,,[],,,,,1,STD,3646,Boone Pickens Stadium,Stillwater,OK,USA,False,0.0,0:00,4,3,STATUS_FINAL,post,True,Final,Final,Final,4,197,s:20~l:23~t:197,Oklahoma State,Cowboys,OKST,Oklahoma State Cowboys,Oklahoma State,fe5c00,000000,True,3646,https://a.espncdn.com/i/teamlogos/ncaa/500/197.png,4,40,True,99,"[{'value': 10.0, 'displayValue': '10', 'period': 1}
 {'value': 17.0, 'displayValue': '17', 'period': 2}
 {'value': 10.0, 'displayValue': '10', 'period': 3}
 {'value': 3.0, 'displayValue': '3', 'period': 4}]","[{'name': 'overall', 'abbreviation': 'Game', 'type': 'total', 'summary': '1-1'}
 {'name': 'Home', 'abbreviation': None, 'type': 'home', 'summary': '1-0'}
 {'name': 'Road', 'abbreviation': None, 'type': 'road', 'summary': '0-0'}
 {'name': 'vs. Conf.', 'abbreviation': None, 'type': 'vsconf', 'summary': '0-0'}]",2623,s:20~l:23~t:2623,Missouri State,Bears,MOST,Missouri State Bears,Missouri State,5e0009,ffffff,True,3878,https://a.espncdn.com/i/teamlogos/ncaa/500/2623.png,21,23,False,99,"[{'value': 6.0, 'displayValue': '6', 'period': 1}
 {'value': 0.0, 'displayValue': '0', 'period': 2}
 {'value': 7.0, 'displayValue': '7', 'period': 3}
 {'value': 10.0, 'displayValue': '10', 'period': 4}]","[{'name': 'overall', 'abbreviation': 'Game', 'type': 'total', 'summary': '1-1'}
 {'name': 'Home', 'abbreviation': None, 'type': 'home', 'summary': '0-0'}
 {'name': 'Road', 'abbreviation': None, 'type': 'road', 'summary': '1-1'}
 {'name': 'vs. Conf.', 'abbreviation': None, 'type': 'vsconf', 'summary': '0-0'}]",400547844,2014,2,2,,,,,
400547929,s:20~l:23~e:400547929~c:400547929,2014-09-06T19:30Z,64210,True,False,False,False,True,False,2014-09-06T19:30Z,ESPN2,[],,,national,ESPN2,1,STD,3793,Kinnick Stadium,Iowa City,IA,USA,False,0.0,0:00,4,3,STATUS_FINAL,post,True,Final,Final,Final,4,2294,s:20~l:23~t:2294,Iowa,Hawkeyes,IOWA,Iowa Hawkeyes,Iowa,231f20,fcd116,True,3793,https://a.espncdn.com/i/teamlogos/ncaa/500/2294.png,5,17,True,99,"[{'value': 0.0, 'displayValue': '0', 'period': 1}
 {'value': 3.0, 'displayValue': '3', 'period': 2}
 {'value': 0.0, 'displayValue': '0', 'period': 3}
 {'value': 14.0, 'displayValue': '14', 'period': 4}]","[{'name': 'overall', 'abbreviation': 'Game', 'type': 'total', 'summary': '2-0'}
 {'name': 'Home', 'abbreviation': None, 'type': 'home', 'summary': '2-0'}
 {'name': 'Road', 'abbreviation': None, 'type': 'road', 'summary': '0-0'}
 {'name': 'vs. Conf.', 'abbreviation': None, 'type': 'vsconf', 'summary': '0-0'}]",2050,s:20~l:23~t:2050,Ball State,Cardinals,BALL,Ball State Cardinals,Ball State,ba0c2f,ffffff,True,3919,https://a.espncdn.com/i/teamlogos/ncaa/500/2050.png,15,13,False,99,"[{'value': 0.0, 'displayValue': '0', 'period': 1}
 {'value': 7.0, 'displayValue': '7', 'period': 2}
 {'value': 6.0, 'displayValue': '6', 'period': 3}
 {'value': 0.0, 'displayValue': '0', 'period': 4}]","[{'name': 'overall', 'abbreviation': 'Game', 'type': 'total', 'summary': '1-1'}
 {'name': 'Home', 'abbreviation': None, 'type': 'home', 'summary': '1-0'}
 {'name': 'Road', 'abbreviation': None, 'type': 'road', 'summary': '0-1'}
 {'name': 'vs. Conf.', 'abbreviation': None, 'type': 'vsconf', 'summary': '0-0'}]",400547929,2014,2,2,,,,,
400547961,s:20~l:23~e:400547961~c:400547961,2014-09-06T19:30Z,47223,True,False,False,False,True,False,2014-09-06T19:30Z,BTN,[],,,national,BTN,1,STD,3953,Huntington Bank Stadium,Minneapolis,MN,USA,False,0.0,0:00,4,3,STATUS_FINAL,post,True,Final,Final,Final,4,135,s:20~l:23~t:135,Minnesota,Golden Gophers,MINN,Minnesota Golden Gophers,Minnesota,5e0a2f,fab41c,True,3953,https://a.espncdn.com/i/teamlogos/ncaa/500/135.png,5,35,True,99,"[{'value': 7.0, 'displayValue': '7', 'period': 1}
 {'value': 21.0, 'displayValue': '21', 'period': 2}
 {'value': 7.0, 'displayValue': '7', 'period': 3}
 {'value': 0.0, 'displayValue': '0', 'period': 4}]","[{'name': 'overall', 'abbreviation': 'Game', 'type': 'total', 'summary': '2-0'}
 {'name': 'Home', 'abbreviation': None, 'type': 'home', 'summary': '2-0'}
 {'name': 'Road', 'abbreviation': None, 'type': 'road', 'summary': '0-0'}
 {'name': 'vs. Conf.', 'abbreviation': None, 'type': 'vsconf', 'summary': '0-0'}]",2393,s:20~l:23~t:2393,Middle Tennessee,Blue Raiders,MTSU,Middle Tennessee Blue Raiders,Mid Tennessee,036eb7,ffffff,True,3725,https://a.espncdn.com/i/teamlogos/ncaa/500/2393.png,12,24,False,99,"[{'value': 0.0, 'displayValue': '0', 'period': 1}
 {'value': 0.0, 'displayValue': '0', 'period': 2}
 {'value': 17.0, 'displayValue': '17', 'period': 3}
 {'value': 7.0, 'displayValue': '7', 'period': 4}]","[{'name': 'overall', 'abbreviation': 'Game', 'type': 'total', 'summary': '1-1'}
 {'name': 'Home', 'abbreviation': None, 'type': 'home', 'summary': '1-0'}
 {'name': 'Road', 'abbreviation': None, 'type': 'road', 'summary': '0-1'}
 {'name': 'vs. Conf.', 'abbreviation': None, 'type': 'vsconf', 'summary': '0-0'}]",400547961,2014,2,2,,,,,
400547976,s:20~l:23~e:400547976~c:400547976,2014-09-06T19:30Z,0,True,False,False,False,True,False,2014-09-06T19:30Z,BTN,[],,,national,BTN,1,STD,3911,Ryan Field (1926),Evanston,IL,USA,False,0.0,0:00,4,3,STATUS_FINAL,post,True,Final,Final,Final,4,77,s:20~l:23~t:77,Northwestern,Wildcats,NW,Northwestern Wildcats,Northwestern,492f92,ffffff,True,3911,https://a.espncdn.com/i/teamlogos/ncaa/500/77.png,5,15,False,99,"[{'value': 0.0, 'displayValue': '0', 'period': 1}
 {'value': 0.0, 'displayValue': '0', 'period': 2}
 {'value': 7.0, 'displayValue': '7', 'period': 3}
 {'value': 8.0, 'displayValue': '8', 'period': 4}]","[{'name': 'overall', 'abbreviation': 'Game', 'type': 'total', 'summary': '0-2'}
 {'name': 'Home', 'abbreviation': None, 'type': 'home', 'summary': '0-2'}
 {'name': 'Road', 'abbreviation': None, 'type': 'road', 'summary': '0-0'}
 {'name': 'vs. Conf.', 'abbreviation': None, 'type': 'vsconf', 'summary': '0-0'}]",2459,s:20~l:23~t:2459,Northern Illinois,Huskies,NIU,Northern Illinois Huskies,N Illinois,c8102e,000000,True,3764,https://a.espncdn.com/i/teamlogos/ncaa/500/2459.png,15,23,True,99,"[{'value': 0.0, 'displayValue': '0', 'period': 1}
 {'value': 0.0, 'displayValue': '0', 'period': 2}
 {'value': 10.0, 'displayValue': '10', 'period': 3}
 {'value': 13.0, 'displayValue': '13', 'period': 4}]","[{'name': 'overall', 'abbreviation': 'Game', 'type': 'total', 'summary': '2-0'}
 {'name': 'Home', 'abbreviation': None, 'type': 'home', 'summary': '1-0'}
 {'name': 'Road', 'abbreviation': None, 'type': 'road', 'summary': '1-0'}
 {'name': 'vs. Conf.', 'abbreviation': None, 'type': 'vsconf', 'summary': '0-0'}]",400547976,2014,2,2,,,,,
400548100,s:20~l:23~e:400548100~c:400548100,2014-09-06T19:30Z,16670,True,False,False,False,True,False,2014-09-06T19:30Z,ESPN3,[],,,national,ESPN3,1,STD,3996,Yager Stadium,Oxford,OH,USA,False,0.0,0:00,4,3,STATUS_FINAL,post,True,Final,Final,Final,4,193,s:20~l:23~t:193,Miami (OH),RedHawks,M-OH,Miami (OH) RedHawks,Miami (OH),c41230,ffffff,True,3996,https://a.espncdn.com/i/teamlogos/ncaa/500/193.png,15,10,False,99,"[{'value': 7.0, 'displayValue': '7', 'period': 1}
 {'value': 0.0, 'displayValue': '0', 'period': 2}
 {'value': 3.0, 'displayValue': '3', 'period': 3}
 {'value': 0.0, 'displayValue': '0', 'period': 4}]","[{'name': 'overall', 'abbreviation': 'Game', 'type': 'total', 'summary': '0-2'}
 {'name': 'Home', 'abbreviation': None, 'type': 'home', 'summary': '0-2'}
 {'name': 'Road', 'abbreviation': None, 'type': 'road', 'summary': '0-0'}
 {'name': 'vs. Conf.', 'abbreviation': None, 'type': 'vsconf', 'summary': '0-0'}]",2198,s:20~l:23~t:2198,Eastern Kentucky,Colonels,EKY,Eastern Kentucky Colonels,E Kentucky,660819,f0f0f0,True,3908,https://a.espncdn.com/i/teamlogos/ncaa/500/2198.png,26,17,True,99,"[{'value': 3.0, 'displayValue': '3', 'period': 1}
 {'value': 0.0, 'displayValue': '0', 'period': 2}
 {'value': 7.0, 'displayValue': '7', 'period': 3}
 {'value': 7.0, 'displayValue': '7', 'period': 4}]","[{'name': 'overall', 'abbreviation': 'Game', 'type': 'total', 'summary': '2-0'}
 {'name': 'Home', 'abbreviation': None, 'type': 'home', 'summary': '0-0'}
 {'name': 'Road', 'abbreviation': None, 'type': 'road', 'summary': '2-0'}
 {'name': 'vs. Conf.', 'abbreviation': None, 'type': 'vsconf', 'summary': '0-0'}]",400548100,2014,2,2,,,,,
400548103,s:20~l:23~e:400548103~c:400548103,2014-09-06T19:30Z,51910,True,False,False,False,True,False,2014-09-06T19:30Z,ESPNU,[],,,national,ESPNU,1,STD,3683,Kroger Field,Lexington,KY,USA,False,0.0,0:00,4,3,STATUS_FINAL,post,True,Final,Final,Final,4,96,s:20~l:23~t:96,Kentucky,Wildcats,UK,Kentucky Wildcats,Kentucky,0033a0,ffffff,True,3683,https://a.espncdn.com/i/teamlogos/ncaa/500/96.png,8,20,True,99,"[{'value': 14.0, 'displayValue': '14', 'period': 1}
 {'value': 3.0, 'displayValue': '3', 'period': 2}
 {'value': 3.0, 'displayValue': '3', 'period': 3}
 {'value': 0.0, 'displayValue': '0', 'period': 4}]","[{'name': 'overall', 'abbreviation': 'Game', 'type': 'total', 'summary': '2-0'}
 {'name': 'Home', 'abbreviation': None, 'type': 'home', 'summary': '2-0'}
 {'name': 'Road', 'abbreviation': None, 'type': 'road', 'summary': '0-0'}
 {'name': 'vs. Conf.', 'abbreviation': None, 'type': 'vsconf', 'summary': '0-0'}]",195,s:20~l:23~t:195,Ohio,Bobcats,OHIO,Ohio Bobcats,Ohio,154734,ffffff,True,3876,https://a.espncdn.com/i/teamlogos/ncaa/500/195.png,15,3,False,99,"[{'value': 0.0, 'displayValue': '0', 'period': 1}
 {'value': 0.0, 'displayValue': '0', 'period': 2}
 {'value': 3.0, 'displayValue': '3', 'period': 3}
 {'value': 0.0, 'displayValue': '0', 'period': 4}]","[{'name': 'overall', 'abbreviation': 'Game', 'type': 'total', 'summary': '1-1'}
 {'name': 'Home', 'abbreviation': None, 'type': 'home', 'summary': '0-0'}
 {'name': 'Road', 'abbreviation': None, 'type': 'road', 'summary': '1-1'}
 {'name': 'vs. Conf.', 'abbreviation': None, 'type': 'vsconf', 'summary': '1-0'}]",400548103,2014,2,2,,,,,
400548105,s:20~l:23~e:400548105~c:400548105,2014-09-06T19:30Z,18311,True,False,False,False,True,False,2014-09-06T19:30Z,ESPN3,[],,,national,ESPN3,1,STD,3700,Doyt L. Perry Stadium,Bowling Green,OH,USA,False,0.0,0:00,4,3,STATUS_FINAL,post,True,Final,Final,Final,4,189,s:20~l:23~t:189,Bowling Green,Falcons,BGSU,Bowling Green Falcons,Bowling Green,fd5000,4f2c1d,True,3700,https://a.espncdn.com/i/teamlogos/ncaa/500/189.png,15,48,True,99,"[{'value': 14.0, 'displayValue': '14', 'period': 1}
 {'value': 20.0, 'displayValue': '20', 'period': 2}
 {'value': 7.0, 'displayValue': '7', 'period': 3}
 {'value': 7.0, 'displayValue': '7', 'period': 4}]","[{'name': 'overall', 'abbreviation': 'Game', 'type': 'total', 'summary': '1-1'}
 {'name': 'Home', 'abbreviation': None, 'type': 'home', 'summary': '1-0'}
 {'name': 'Road', 'abbreviation': None, 'type': 'road', 'summary': '0-1'}
 {'name': 'vs. Conf.', 'abbreviation': None, 'type': 'vsconf', 'summary': '0-0'}]",2678,s:20~l:23~t:2678,VMI,Keydets,VMI,VMI Keydets,VMI,ae122a,ffd619,True,3597,https://a.espncdn.com/i/teamlogos/ncaa/500/2678.png,29,7,False,99,"[{'value': 0.0, 'displayValue': '0', 'period': 1}
 {'value': 7.0, 'displayValue': '7', 'period': 2}
 {'value': 0.0, 'displayValue': '0', 'period': 3}
 {'value': 0.0, 'displayValue': '0', 'period': 4}]","[{'name': 'overall', 'abbreviation': 'Game', 'type': 'total', 'summary': '0-2'}
 {'name': 'Home', 'abbreviation': None, 'type': 'home', 'summary': '0-0'}
 {'name': 'Road', 'abbreviation': None, 'type': 'road', 'summary': '0-2'}
 {'name': 'vs. Conf.', 'abbreviation': None, 'type': 'vsconf', 'summary': '0-0'}]",400548105,2014,2,2,,,,,
400547656,s:20~l:23~e:400547656~c:400547656,2014-09-06T20:00Z,30000,True,False,False,False,True,False,2014-09-06T20:00Z,ESPNEWS,[],,,national,ESPNEWS,1,STD,4729,Yulman Stadium,New Orleans,LA,USA,False,0.0,0:00,4,3,STATUS_FINAL,post,True,Final,Final,Final,4,2655,s:20~l:23~t:2655,Tulane,Green Wave,TULN,Tulane Green Wave,Tulane,006747,418fde,True,4729,https://a.espncdn.com/i/teamlogos/ncaa/500/2655.png,151,21,False,99,"[{'value': 14.0, 'displayValue': '14', 'period': 1}
 {'value': 7.0, 'displayValue': '7', 'period': 2}
 {'value': 0.0, 'displayValue': '0', 'period': 3}
 {'value': 0.0, 'displayValue': '0', 'period': 4}]","[{'name': 'overall', 'abbreviation': 'Game', 'type': 'total', 'summary': '0-2'}
 {'name': 'Home', 'abbreviation': None, 'type': 'home', 'summary': '0-1'}
 {'name': 'Road', 'abbreviation': None, 'type': 'road', 'summary': '0-1'}
 {'name': 'vs. Conf.', 'abbreviation': None, 'type': 'vsconf', 'summary': '0-1'}]",59,s:20~l:23~t:59,Georgia Tech,Yellow Jackets,GT,Georgia Tech Yellow Jackets,Georgia Tech,b3a369,ffffff,True,721,https://a.espncdn.com/i/teamlogos/ncaa/500/59.png,1,38,True,99,"[{'value': 7.0, 'displayValue': '7', 'period': 1}
 {'value': 17.0, 'displayValue': '17', 'period': 2}
 {'value': 7.0, 'displayValue': '7', 'period': 3}
 {'value': 7.0, 'displayValue': '7', 'period': 4}]","[{'name': 'overall', 'abbreviation': 'Game', 'type': 'total', 'summary': '2-0'}
 {'name': 'Home', 'abbreviation': None, 'type': 'home', 'summary': '1-0'}
 {'name': 'Road', 'abbreviation': None, 'type': 'road', 'summary': '1-0'}
 {'name': 'vs. Conf.', 'abbreviation': None, 'type': 'vsconf', 'summary': '0-0'}]",400547656,2014,2,2,,,,,
400548101,s:20~l:23~e:400548101~c:400548101,2014-09-06T20:00Z,81049,True,False,False,False,True,False,2014-09-06T20:00Z,SEC Network,[],,,national,SEC Network,1,STD,3634,Ben Hill Griffin Stadium,Gainesville,FL,USA,False,0.0,0:00,4,3,STATUS_FINAL,post,True,Final,Final,Final,4,57,s:20~l:23~t:57,Florida,Gators,FLA,Florida Gators,Florida,0021a5,fa4616,True,3634,https://a.espncdn.com/i/teamlogos/ncaa/500/57.png,8,65,True,99,"[{'value': 17.0, 'displayValue': '17', 'period': 1}
 {'value': 13.0, 'displayValue': '13', 'period': 2}
 {'value': 21.0, 'displayValue': '21', 'period': 3}
 {'value': 14.0, 'displayValue': '14', 'period': 4}]","[{'name': 'overall', 'abbreviation': 'Game', 'type': 'total', 'summary': '1-0'}
 {'name': 'Home', 'abbreviation': None, 'type': 'home', 'summary': '1-0'}
 {'name': 'Road', 'abbreviation': None, 'type': 'road', 'summary': '0-0'}
 {'name': 'vs. Conf.', 'abbreviation': None, 'type': 'vsconf', 'summary': '0-0'}]",2199,s:20~l:23~t:2199,Eastern Michigan,Eagles,EMU,Eastern Michigan Eagles,E Michigan,006938,ffffff,True,3912,https://a.espncdn.com/i/teamlogos/ncaa/500/2199.png,15,0,False,99,"[{'value': 0.0, 'displayValue': '0', 'period': 1}
 {'value': 0.0, 'displayValue': '0', 'period': 2}
 {'value': 0.0, 'displayValue': '0', 'period': 3}
 {'value': 0.0, 'displayValue': '0', 'period': 4}]","[{'name': 'overall', 'abbreviation': 'Game', 'type': 'total', 'summary': '1-1'}
 {'name': 'Home', 'abbreviation': None, 'type': 'home', 'summary': '1-0'}
 {'name': 'Road', 'abbreviation': None, 'type': 'road', 'summary': '0-1'}
 {'name': 'vs. Conf.', 'abbreviation': None, 'type': 'vsconf', 'summary': '0-0'}]",400548101,2014,2,2,,,,,
400548393,s:20~l:23~e:400548393~c:400548393,2014-09-06T20:00Z,63108,True,False,False,False,True,False,2014-09-06T20:00Z,SEC Network,[],,,national,SEC Network,1,STD,3887,Donald W. Reynolds Razorback Stadium,Fayetteville,AR,USA,False,0.0,0:00,4,3,STATUS_FINAL,post,True,Final,Final,Final,4,8,s:20~l:23~t:8,Arkansas,Razorbacks,ARK,Arkansas Razorbacks,Arkansas,a32136,ffffff,True,3887,https://a.espncdn.com/i/teamlogos/ncaa/500/8.png,8,73,True,99,"[{'value': 35.0, 'displayValue': '35', 'period': 1}
 {'value': 21.0, 'displayValue': '21', 'period': 2}
 {'value': 7.0, 'displayValue': '7', 'period': 3}
 {'value': 10.0, 'displayValue': '10', 'period': 4}]","[{'name': 'overall', 'abbreviation': 'Game', 'type': 'total', 'summary': '1-1'}
 {'name': 'Home', 'abbreviation': None, 'type': 'home', 'summary': '1-0'}
 {'name': 'Road', 'abbreviation': None, 'type': 'road', 'summary': '0-1'}
 {'name': 'vs. Conf.', 'abbreviation': None, 'type': 'vsconf', 'summary': '0-1'}]",2447,s:20~l:23~t:2447,Nicholls State,Colonels,NICH,Nicholls State Colonels,Nicholls State,C41230,f0f0f0,False,3779,https://a.espncdn.com/i/teamlogos/ncaa/500/2447.png,30,7,False,99,"[{'value': 0.0, 'displayValue': '0', 'period': 1}
 {'value': 0.0, 'displayValue': '0', 'period': 2}
 {'value': 7.0, 'displayValue': '7', 'period': 3}
 {'value': 0.0, 'displayValue': '0', 'period': 4}]","[{'name': 'overall', 'abbreviation': 'Game', 'type': 'total', 'summary': '0-2'}
 {'name': 'Home', 'abbreviation': None, 'type': 'home', 'summary': '0-0'}
 {'name': 'Road', 'abbreviation': None, 'type': 'road', 'summary': '0-2'}
 {'name': 'vs. Conf.', 'abbreviation': None, 'type': 'vsconf', 'summary': '0-0'}]",400548393,2014,2,2,,,,,
400557398,s:20~l:23~e:400557398~c:400557398,2014-09-06T20:00Z,0,True,False,False,False,True,False,2014-09-06T20:00Z,ESPN3,[],,,national,ESPN3,1,STD,3991,"William ""Dick"" Price Stadium",Norfolk,VA,USA,False,0.0,0:00,4,3,STATUS_FINAL,post,True,Final,Final,Final,4,2450,s:20~l:23~t:2450,Norfolk State,Spartans,NORF,Norfolk State Spartans,Norfolk State,0c8968,fdb813,True,3991,https://a.espncdn.com/i/teamlogos/ncaa/500/2450.png,24,0,False,99,"[{'value': 0.0, 'displayValue': '0', 'period': 1}
 {'value': 0.0, 'displayValue': '0', 'period': 2}
 {'value': 0.0, 'displayValue': '0', 'period': 3}
 {'value': 0.0, 'displayValue': '0', 'period': 4}]","[{'name': 'overall', 'abbreviation': 'Game', 'type': 'total', 'summary': '0-2'}
 {'name': 'Home', 'abbreviation': None, 'type': 'home', 'summary': '0-1'}
 {'name': 'Road', 'abbreviation': None, 'type': 'road', 'summary': '0-1'}
 {'name': 'vs. Conf.', 'abbreviation': None, 'type': 'vsconf', 'summary': '0-0'}]",2335,s:20~l:23~t:2335,Liberty,Flames,LIB,Liberty Flames,Liberty,0a254e,b72025,True,3992,https://a.espncdn.com/i/teamlogos/ncaa/500/2335.png,40,17,True,99,"[{'value': 3.0, 'displayValue': '3', 'period': 1}
 {'value': 7.0, 'displayValue': '7', 'period': 2}
 {'value': 0.0, 'displayValue': '0', 'period': 3}
 {'value': 7.0, 'displayValue': '7', 'period': 4}]","[{'name': 'overall', 'abbreviation': 'Game', 'type': 'total', 'summary': '1-1'}
 {'name': 'Home', 'abbreviation': None, 'type': 'home', 'summary': '0-0'}
 {'name': 'Road', 'abbreviation': None, 'type': 'road', 'summary': '1-1'}
 {'name': 'vs. Conf.', 'abbreviation': None, 'type': 'vsconf', 'summary': '0-0'}]",400557398,2014,2,2,,,,,
400547803,s:20~l:23~e:400547803~c:400547803,2014-09-06T22:00Z,55390,True,False,False,False,True,False,2014-09-06T22:00Z,ESPN3,[],,,national,ESPN3,1,STD,3670,Carter-Finley Stadium,Raleigh,NC,USA,False,0.0,0:00,4,3,STATUS_FINAL,post,True,Final,Final,Final,4,152,s:20~l:23~t:152,NC State,Wolfpack,NCST,NC State Wolfpack,NC State,cc0000,ffffff,True,3670,https://a.espncdn.com/i/teamlogos/ncaa/500/152.png,1,46,True,99,"[{'value': 10.0, 'displayValue': '10', 'period': 1}
 {'value': 8.0, 'displayValue': '8', 'period': 2}
 {'value': 14.0, 'displayValue': '14', 'period': 3}
 {'value': 14.0, 'displayValue': '14', 'period': 4}]","[{'name': 'overall', 'abbreviation': 'Game', 'type': 'total', 'summary': '2-0'}
 {'name': 'Home', 'abbreviation': None, 'type': 'home', 'summary': '2-0'}
 {'name': 'Road', 'abbreviation': None, 'type': 'road', 'summary': '0-0'}
 {'name': 'vs. Conf.', 'abbreviation': None, 'type': 'vsconf', 'summary': '0-0'}]",295,s:20~l:23~t:295,Old Dominion,Monarchs,ODU,Old Dominion Monarchs,Old Dominion,003768,a1d2f1,True,3918,https://a.espncdn.com/i/teamlogos/ncaa/500/295.png,12,34,False,99,"[{'value': 14.0, 'displayValue': '14', 'period': 1}
 {'value': 7.0, 'displayValue': '7', 'period': 2}
 {'value': 7.0, 'displayValue': '7', 'period': 3}
 {'value': 6.0, 'displayValue': '6', 'period': 4}]","[{'name': 'overall', 'abbreviation': 'Game', 'type': 'total', 'summary': '1-1'}
 {'name': 'Home', 'abbreviation': None, 'type': 'home', 'summary': '1-0'}
 {'name': 'Road', 'abbreviation': None, 'type': 'road', 'summary': '0-1'}
 {'name': 'vs. Conf.', 'abbreviation': None, 'type': 'vsconf', 'summary': '0-0'}]",400547803,2014,2,2,,,,,
400548012,s:20~l:23~e:400548012~c:400548012,2014-09-06T22:00Z,9981,True,False,False,False,False,False,2014-09-06T22:00Z,,[],,,,,1,STD,218,Riccardo Silva Stadium,Miami,FL,USA,False,0.0,0:00,4,3,STATUS_FINAL,post,True,Final,Final,Final,4,2229,s:20~l:23~t:2229,Florida Intl,Golden Panthers,FIU,Florida Intl Golden Panthers,FIU,091f3f,c3993f,False,218,https://a.espncdn.com/i/teamlogos/ncaa/500/2229.png,12,34,True,99,"[{'value': 14.0, 'displayValue': '14', 'period': 1}
 {'value': 13.0, 'displayValue': '13', 'period': 2}
 {'value': 0.0, 'displayValue': '0', 'period': 3}
 {'value': 7.0, 'displayValue': '7', 'period': 4}]","[{'name': 'overall', 'abbreviation': 'Game', 'type': 'total', 'summary': '1-1'}
 {'name': 'Home', 'abbreviation': None, 'type': 'home', 'summary': '1-1'}
 {'name': 'Road', 'abbreviation': None, 'type': 'road', 'summary': '0-0'}
 {'name': 'vs. Conf.', 'abbreviation': None, 'type': 'vsconf', 'summary': '0-0'}]",2681,s:20~l:23~t:2681,Wagner,Seahawks,WAG,Wagner Seahawks,Wagner,00483A,ffffff,True,3979,https://a.espncdn.com/i/teamlogos/ncaa/500/2681.png,25,3,False,99,"[{'value': 3.0, 'displayValue': '3', 'period': 1}
 {'value': 0.0, 'displayValue': '0', 'period': 2}
 {'value': 0.0, 'displayValue': '0', 'period': 3}
 {'value': 0.0, 'displayValue': '0', 'period': 4}]","[{'name': 'overall', 'abbreviation': 'Game', 'type': 'total', 'summary': '1-1'}
 {'name': 'Home', 'abbreviation': None, 'type': 'home', 'summary': '0-0'}
 {'name': 'Road', 'abbreviation': None, 'type': 'road', 'summary': '1-1'}
 {'name': 'vs. Conf.', 'abbreviation': None, 'type': 'vsconf', 'summary': '0-0'}]",400548012,2014,2,2,,,,,
400548408,s:20~l:23~e:400548408~c:400548408,2014-09-06T22:00Z,25861,True,False,False,False,True,False,2014-09-06T22:00Z,ESPN3,[],,,national,ESPN3,1,STD,3792,Kidd Brewer Stadium,Boone,NC,USA,False,0.0,0:00,4,3,STATUS_FINAL,post,True,Final,Final,Final,4,2026,s:20~l:23~t:2026,Appalachian State,Mountaineers,APP,Appalachian State Mountaineers,Appalachian St,000000,ffcd00,False,3792,https://a.espncdn.com/i/teamlogos/ncaa/500/2026.png,37,66,True,99,"[{'value': 10.0, 'displayValue': '10', 'period': 1}
 {'value': 35.0, 'displayValue': '35', 'period': 2}
 {'value': 14.0, 'displayValue': '14', 'period': 3}
 {'value': 7.0, 'displayValue': '7', 'period': 4}]","[{'name': 'overall', 'abbreviation': 'Game', 'type': 'total', 'summary': '1-1'}
 {'name': 'Home', 'abbreviation': None, 'type': 'home', 'summary': '1-0'}
 {'name': 'Road', 'abbreviation': None, 'type': 'road', 'summary': '0-1'}
 {'name': 'vs. Conf.', 'abbreviation': None, 'type': 'vsconf', 'summary': '0-0'}]",2097,s:20~l:23~t:2097,Campbell,Camels,CAMP,Campbell Camels,Campbell,000000,,False,3629,https://a.espncdn.com/i/teamlogos/ncaa/500/2097.png,28,0,False,99,"[{'value': 0.0, 'displayValue': '0', 'period': 1}
 {'value': 0.0, 'displayValue': '0', 'period': 2}
 {'value': 0.0, 'displayValue': '0', 'period': 3}
 {'value': 0.0, 'displayValue': '0', 'period': 4}]","[{'name': 'overall', 'abbreviation': 'Game', 'type': 'total', 'summary': '0-2'}
 {'name': 'Home', 'abbreviation': None, 'type': 'home', 'summary': '0-1'}
 {'name': 'Road', 'abbreviation': None, 'type': 'road', 'summary': '0-1'}
 {'name': 'vs. Conf.', 'abbreviation': None, 'type': 'vsconf', 'summary': '0-0'}]",400548408,2014,2,2,,,,,
400548410,s:20~l:23~e:400548410~c:400548410,2014-09-06T22:00Z,23121,True,False,False,False,True,False,2014-09-06T22:00Z,ESPN3,[],,,national,ESPN3,1,STD,3608,Allen E. Paulson Stadium,Statesboro,GA,USA,False,0.0,0:00,4,3,STATUS_FINAL,post,True,Final,Final,Final,4,290,s:20~l:23~t:290,Georgia Southern,Eagles,GASO,Georgia Southern Eagles,Ga Southern,041e42,a3aaae,True,3608,https://a.espncdn.com/i/teamlogos/ncaa/500/290.png,37,83,True,99,"[{'value': 21.0, 'displayValue': '21', 'period': 1}
 {'value': 27.0, 'displayValue': '27', 'period': 2}
 {'value': 21.0, 'displayValue': '21', 'period': 3}
 {'value': 14.0, 'displayValue': '14', 'period': 4}]","[{'name': 'overall', 'abbreviation': 'Game', 'type': 'total', 'summary': '1-1'}
 {'name': 'Home', 'abbreviation': None, 'type': 'home', 'summary': '1-0'}
 {'name': 'Road', 'abbreviation': None, 'type': 'road', 'summary': '0-1'}
 {'name': 'vs. Conf.', 'abbreviation': None, 'type': 'vsconf', 'summary': '0-0'}]",2542,s:20~l:23~t:2542,Savannah State,Tigers,SAV,Savannah State Tigers,Savannah State,280298,f78f1e,True,3952,https://a.espncdn.com/i/teamlogos/ncaa/500/2542.png,24,9,False,99,"[{'value': 0.0, 'displayValue': '0', 'period': 1}
 {'value': 0.0, 'displayValue': '0', 'period': 2}
 {'value': 0.0, 'displayValue': '0', 'period': 3}
 {'value': 9.0, 'displayValue': '9', 'period': 4}]","[{'name': 'overall', 'abbreviation': 'Game', 'type': 'total', 'summary': '0-2'}
 {'name': 'Home', 'abbreviation': None, 'type': 'home', 'summary': '0-0'}
 {'name': 'Road', 'abbreviation': None, 'type': 'road', 'summary': '0-2'}
 {'name': 'vs. Conf.', 'abbreviation': None, 'type': 'vsconf', 'summary': '0-0'}]",400548410,2014,2,2,,,,,
400557400,s:20~l:23~e:400557400~c:400557400,2014-09-06T22:00Z,14848,True,False,False,False,True,False,2014-09-06T22:00Z,,[],,,,,1,STD,3603,Truist Stadium,Greensboro,NC,USA,False,0.0,0:00,4,3,STATUS_FINAL,post,True,Final,Final,Final,4,2448,s:20~l:23~t:2448,North Carolina A&T,Aggies,NCAT,North Carolina A&T Aggies,NC A&T,0505aa,004684,True,3603,https://a.espncdn.com/i/teamlogos/ncaa/500/2448.png,24,30,False,99,"[{'value': 7.0, 'displayValue': '7', 'period': 1}
 {'value': 7.0, 'displayValue': '7', 'period': 2}
 {'value': 3.0, 'displayValue': '3', 'period': 3}
 {'value': 13.0, 'displayValue': '13', 'period': 4}]","[{'name': 'overall', 'abbreviation': 'Game', 'type': 'total', 'summary': '1-1'}
 {'name': 'Home', 'abbreviation': None, 'type': 'home', 'summary': '0-1'}
 {'name': 'Road', 'abbreviation': None, 'type': 'road', 'summary': '0-0'}
 {'name': 'vs. Conf.', 'abbreviation': None, 'type': 'vsconf', 'summary': '0-0'}]",324,s:20~l:23~t:324,Coastal Carolina,Chanticleers,CCAR,Coastal Carolina Chanticleers,Coast Carolina,006f71,a27752,True,3654,https://a.espncdn.com/i/teamlogos/ncaa/500/324.png,40,31,True,99,"[{'value': 0.0, 'displayValue': '0', 'period': 1}
 {'value': 17.0, 'displayValue': '17', 'period': 2}
 {'value': 7.0, 'displayValue': '7', 'period': 3}
 {'value': 7.0, 'displayValue': '7', 'period': 4}]","[{'name': 'overall', 'abbreviation': 'Game', 'type': 'total', 'summary': '2-0'}
 {'name': 'Home', 'abbreviation': None, 'type': 'home', 'summary': '0-0'}
 {'name': 'Road', 'abbreviation': None, 'type': 'road', 'summary': '2-0'}
 {'name': 'vs. Conf.', 'abbreviation': None, 'type': 'vsconf', 'summary': '0-0'}]",400557400,2014,2,2,,,,,
400558138,s:20~l:23~e:400558138~c:400558138,2014-09-06T22:00Z,0,True,False,False,False,True,False,2014-09-06T22:00Z,,[],,,,,1,STD,3720,Finley Stadium,Chattanooga,TN,USA,False,0.0,0:00,5,3,STATUS_FINAL,post,True,Final,Final/OT,Final/OT,4,236,s:20~l:23~t:236,Chattanooga,Mocs,CHAT,Chattanooga Mocs,Chattanooga,00386b,dca71d,True,3720,https://a.espncdn.com/i/teamlogos/ncaa/500/236.png,29,23,False,99,"[{'value': 7.0, 'displayValue': '7', 'period': 1}
 {'value': 7.0, 'displayValue': '7', 'period': 2}
 {'value': 3.0, 'displayValue': '3', 'period': 3}
 {'value': 3.0, 'displayValue': '3', 'period': 4}
 {'value': 3.0, 'displayValue': '3', 'period': 5}]","[{'name': 'overall', 'abbreviation': 'Game', 'type': 'total', 'summary': '0-2'}
 {'name': 'Home', 'abbreviation': None, 'type': 'home', 'summary': '0-1'}
 {'name': 'Road', 'abbreviation': None, 'type': 'road', 'summary': '0-1'}
 {'name': 'vs. Conf.', 'abbreviation': None, 'type': 'vsconf', 'summary': '0-0'}]",55,s:20~l:23~t:55,Jacksonville State,Gamecocks,JVST,Jacksonville State Gamecocks,Jacksonville St,cc0000,000000,True,3662,https://a.espncdn.com/i/teamlogos/ncaa/500/55.png,26,26,True,99,"[{'value': 7.0, 'displayValue': '7', 'period': 1}
 {'value': 10.0, 'displayValue': '10', 'period': 2}
 {'value': 3.0, 'displayValue': '3', 'period': 3}
 {'value': 0.0, 'displayValue': '0', 'period': 4}
 {'value': 6.0, 'displayValue': '6', 'period': 5}]","[{'name': 'overall', 'abbreviation': 'Game', 'type': 'total', 'summary': '1-1'}
 {'name': 'Home', 'abbreviation': None, 'type': 'home', 'summary': '0-0'}
 {'name': 'Road', 'abbreviation': None, 'type': 'road', 'summary': '1-1'}
 {'name': 'vs. Conf.', 'abbreviation': None, 'type': 'vsconf', 'summary': '0-0'}]",400558138,2014,2,2,,,,,OT
400547830,s:20~l:23~e:400547830~c:400547830,2014-09-06T22:30Z,26925,True,False,False,False,True,False,2014-09-06T22:30Z,ESPN3,[],,,national,ESPN3,1,STD,3630,Allegacy Federal Credit Union Stadium,Winston-Salem,NC,USA,False,0.0,0:00,4,3,STATUS_FINAL,post,True,Final,Final,Final,4,154,s:20~l:23~t:154,Wake Forest,Demon Deacons,WAKE,Wake Forest Demon Deacons,Wake Forest,ceb888,2c2a29,True,3630,https://a.espncdn.com/i/teamlogos/ncaa/500/154.png,1,23,True,99,"[{'value': 3.0, 'displayValue': '3', 'period': 1}
 {'value': 6.0, 'displayValue': '6', 'period': 2}
 {'value': 7.0, 'displayValue': '7', 'period': 3}
 {'value': 7.0, 'displayValue': '7', 'period': 4}]","[{'name': 'overall', 'abbreviation': 'Game', 'type': 'total', 'summary': '1-1'}
 {'name': 'Home', 'abbreviation': None, 'type': 'home', 'summary': '1-0'}
 {'name': 'Road', 'abbreviation': None, 'type': 'road', 'summary': '0-1'}
 {'name': 'vs. Conf.', 'abbreviation': None, 'type': 'vsconf', 'summary': '0-0'}]",2241,s:20~l:23~t:2241,Gardner-Webb,Bulldogs,WEBB,Gardner-Webb Bulldogs,Gardner-Webb,c12535,909090,False,3710,https://a.espncdn.com/i/teamlogos/ncaa/500/2241.png,40,7,False,99,"[{'value': 0.0, 'displayValue': '0', 'period': 1}
 {'value': 0.0, 'displayValue': '0', 'period': 2}
 {'value': 0.0, 'displayValue': '0', 'period': 3}
 {'value': 7.0, 'displayValue': '7', 'period': 4}]","[{'name': 'overall', 'abbreviation': 'Game', 'type': 'total', 'summary': '0-2'}
 {'name': 'Home', 'abbreviation': None, 'type': 'home', 'summary': '0-0'}
 {'name': 'Road', 'abbreviation': None, 'type': 'road', 'summary': '0-2'}
 {'name': 'vs. Conf.', 'abbreviation': None, 'type': 'vsconf', 'summary': '0-0'}]",400547830,2014,2,2,,,,,
400547752,s:20~l:23~e:400547752~c:400547752,2014-09-06T23:00Z,21331,True,False,False,False,True,False,2014-09-06T23:00Z,ESPN3,[],,,national,ESPN3,1,STD,3975,Veterans Memorial Stadium (AL),Troy,AL,USA,False,0.0,0:00,4,3,STATUS_FINAL,post,True,Final,Final,Final,4,2653,s:20~l:23~t:2653,Troy,Trojans,TROY,Troy Trojans,Troy,862633,b1b1b1,True,3975,https://a.espncdn.com/i/teamlogos/ncaa/500/2653.png,37,17,False,99,"[{'value': 7.0, 'displayValue': '7', 'period': 1}
 {'value': 7.0, 'displayValue': '7', 'period': 2}
 {'value': 3.0, 'displayValue': '3', 'period': 3}
 {'value': 0.0, 'displayValue': '0', 'period': 4}]","[{'name': 'overall', 'abbreviation': 'Game', 'type': 'total', 'summary': '0-2'}
 {'name': 'Home', 'abbreviation': None, 'type': 'home', 'summary': '0-1'}
 {'name': 'Road', 'abbreviation': None, 'type': 'road', 'summary': '0-1'}
 {'name': 'vs. Conf.', 'abbreviation': None, 'type': 'vsconf', 'summary': '0-0'}]",150,s:20~l:23~t:150,Duke,Blue Devils,DUKE,Duke Blue Devils,Duke,00539b,ffffff,True,3982,https://a.espncdn.com/i/teamlogos/ncaa/500/150.png,1,34,True,99,"[{'value': 3.0, 'displayValue': '3', 'period': 1}
 {'value': 21.0, 'displayValue': '21', 'period': 2}
 {'value': 7.0, 'displayValue': '7', 'period': 3}
 {'value': 3.0, 'displayValue': '3', 'period': 4}]","[{'name': 'overall', 'abbreviation': 'Game', 'type': 'total', 'summary': '2-0'}
 {'name': 'Home', 'abbreviation': None, 'type': 'home', 'summary': '1-0'}
 {'name': 'Road', 'abbreviation': None, 'type': 'road', 'summary': '1-0'}
 {'name': 'vs. Conf.', 'abbreviation': None, 'type': 'vsconf', 'summary': '0-0'}]",400547752,2014,2,2,,,,,
400547787,s:20~l:23~e:400547787~c:400547787,2014-09-06T23:00Z,48254,True,False,False,False,True,False,2014-09-06T23:00Z,ESPN3,[],,,national,ESPN3,1,STD,3948,Hard Rock Stadium,Miami Gardens,FL,USA,False,0.0,0:00,4,3,STATUS_FINAL,post,True,Final,Final,Final,4,2390,s:20~l:23~t:2390,Miami,Hurricanes,MIAMI,Miami Hurricanes,Miami,f47423,035131,True,3948,https://a.espncdn.com/i/teamlogos/ncaa/500/2390.png,1,41,True,99,"[{'value': 14.0, 'displayValue': '14', 'period': 1}
 {'value': 14.0, 'displayValue': '14', 'period': 2}
 {'value': 3.0, 'displayValue': '3', 'period': 3}
 {'value': 10.0, 'displayValue': '10', 'period': 4}]","[{'name': 'overall', 'abbreviation': 'Game', 'type': 'total', 'summary': '1-1'}
 {'name': 'Home', 'abbreviation': None, 'type': 'home', 'summary': '1-0'}
 {'name': 'Road', 'abbreviation': None, 'type': 'road', 'summary': '0-1'}
 {'name': 'vs. Conf.', 'abbreviation': None, 'type': 'vsconf', 'summary': '0-1'}]",50,s:20~l:23~t:50,Florida A&M,Rattlers,FAMU,Florida A&M Rattlers,Florida A&M,F89728,00843d,True,3650,https://a.espncdn.com/i/teamlogos/ncaa/500/50.png,24,7,False,99,"[{'value': 0.0, 'displayValue': '0', 'period': 1}
 {'value': 7.0, 'displayValue': '7', 'period': 2}
 {'value': 0.0, 'displayValue': '0', 'period': 3}
 {'value': 0.0, 'displayValue': '0', 'period': 4}]","[{'name': 'overall', 'abbreviation': 'Game', 'type': 'total', 'summary': '0-2'}
 {'name': 'Home', 'abbreviation': None, 'type': 'home', 'summary': '0-0'}
 {'name': 'Road', 'abbreviation': None, 'type': 'road', 'summary': '0-2'}
 {'name': 'vs. Conf.', 'abbreviation': None, 'type': 'vsconf', 'summary': '0-0'}]",400547787,2014,2,2,,,,,
400547847,s:20~l:23~e:400547847~c:400547847,2014-09-06T23:00Z,36574,True,False,False,False,True,False,2014-09-06T23:00Z,ESPN3,[],,,national,ESPN3,1,STD,3833,David Booth Kansas Memorial Stadium,Lawrence,KS,USA,False,0.0,0:00,4,3,STATUS_FINAL,post,True,Final,Final,Final,4,2305,s:20~l:23~t:2305,Kansas,Jayhawks,KU,Kansas Jayhawks,Kansas,0051ba,e8000d,True,3833,https://a.espncdn.com/i/teamlogos/ncaa/500/2305.png,4,34,True,99,"[{'value': 24.0, 'displayValue': '24', 'period': 1}
 {'value': 0.0, 'displayValue': '0', 'period': 2}
 {'value': 10.0, 'displayValue': '10', 'period': 3}
 {'value': 0.0, 'displayValue': '0', 'period': 4}]","[{'name': 'overall', 'abbreviation': 'Game', 'type': 'total', 'summary': '1-0'}
 {'name': 'Home', 'abbreviation': None, 'type': 'home', 'summary': '1-0'}
 {'name': 'Road', 'abbreviation': None, 'type': 'road', 'summary': '0-0'}
 {'name': 'vs. Conf.', 'abbreviation': None, 'type': 'vsconf', 'summary': '0-0'}]",2546,s:20~l:23~t:2546,Southeast Missouri State,Redhawks,SEMO,Southeast Missouri State Redhawks,SE Missouri St,c8102e,000000,True,3758,https://a.espncdn.com/i/teamlogos/ncaa/500/2546.png,26,28,False,99,"[{'value': 0.0, 'displayValue': '0', 'period': 1}
 {'value': 0.0, 'displayValue': '0', 'period': 2}
 {'value': 7.0, 'displayValue': '7', 'period': 3}
 {'value': 21.0, 'displayValue': '21', 'period': 4}]","[{'name': 'overall', 'abbreviation': 'Game', 'type': 'total', 'summary': '1-1'}
 {'name': 'Home', 'abbreviation': None, 'type': 'home', 'summary': '1-0'}
 {'name': 'Road', 'abbreviation': None, 'type': 'road', 'summary': '0-1'}
 {'name': 'vs. Conf.', 'abbreviation': None, 'type': 'vsconf', 'summary': '0-0'}]",400547847,2014,2,2,,,,,
400548014,s:20~l:23~e:400548014~c:400548014,2014-09-06T23:00Z,25607,True,False,False,False,True,False,2014-09-06T23:00Z,ESPN3,[],,,national,ESPN3,1,STD,3666,Our Lady of Lourdes Stadium,Lafayette,LA,USA,False,0.0,0:00,4,3,STATUS_FINAL,post,True,Final,Final,Final,4,309,s:20~l:23~t:309,Louisiana,Ragin' Cajuns,ULL,Louisiana Ragin' Cajuns,Louisiana,ce181e,000000,True,3666,https://a.espncdn.com/i/teamlogos/ncaa/500/309.png,37,20,False,99,"[{'value': 0.0, 'displayValue': '0', 'period': 1}
 {'value': 7.0, 'displayValue': '7', 'period': 2}
 {'value': 0.0, 'displayValue': '0', 'period': 3}
 {'value': 13.0, 'displayValue': '13', 'period': 4}]","[{'name': 'overall', 'abbreviation': 'Game', 'type': 'total', 'summary': '1-1'}
 {'name': 'Home', 'abbreviation': None, 'type': 'home', 'summary': '1-1'}
 {'name': 'Road', 'abbreviation': None, 'type': 'road', 'summary': '0-0'}
 {'name': 'vs. Conf.', 'abbreviation': None, 'type': 'vsconf', 'summary': '0-0'}]",2348,s:20~l:23~t:2348,Louisiana Tech,Bulldogs,LT,Louisiana Tech Bulldogs,LA Tech,003087,cb333b,True,3776,https://a.espncdn.com/i/teamlogos/ncaa/500/2348.png,12,48,True,99,"[{'value': 7.0, 'displayValue': '7', 'period': 1}
 {'value': 10.0, 'displayValue': '10', 'period': 2}
 {'value': 14.0, 'displayValue': '14', 'period': 3}
 {'value': 17.0, 'displayValue': '17', 'period': 4}]","[{'name': 'overall', 'abbreviation': 'Game', 'type': 'total', 'summary': '1-1'}
 {'name': 'Home', 'abbreviation': None, 'type': 'home', 'summary': '0-0'}
 {'name': 'Road', 'abbreviation': None, 'type': 'road', 'summary': '1-1'}
 {'name': 'vs. Conf.', 'abbreviation': None, 'type': 'vsconf', 'summary': '0-0'}]",400548014,2014,2,2,,,,,
400548015,s:20~l:23~e:400548015~c:400548015,2014-09-06T23:00Z,0,True,False,False,False,True,False,2014-09-06T23:00Z,,[],,,,,1,STD,3775,Joan C. Edwards Stadium,Huntington,WV,USA,False,0.0,0:00,4,3,STATUS_FINAL,post,True,Final,Final,Final,4,276,s:20~l:23~t:276,Marshall,Thundering Herd,MRSH,Marshall Thundering Herd,Marshall,00b140,000000,True,3775,https://a.espncdn.com/i/teamlogos/ncaa/500/276.png,12,48,True,99,"[{'value': 7.0, 'displayValue': '7', 'period': 1}
 {'value': 10.0, 'displayValue': '10', 'period': 2}
 {'value': 21.0, 'displayValue': '21', 'period': 3}
 {'value': 10.0, 'displayValue': '10', 'period': 4}]","[{'name': 'overall', 'abbreviation': 'Game', 'type': 'total', 'summary': '2-0'}
 {'name': 'Home', 'abbreviation': None, 'type': 'home', 'summary': '1-0'}
 {'name': 'Road', 'abbreviation': None, 'type': 'road', 'summary': '1-0'}
 {'name': 'vs. Conf.', 'abbreviation': None, 'type': 'vsconf', 'summary': '0-0'}]",227,s:20~l:23~t:227,Rhode Island,Rams,URI,Rhode Island Rams,URI,091f3f,5ab3e8,True,3824,https://a.espncdn.com/i/teamlogos/ncaa/500/227.png,48,7,False,99,"[{'value': 0.0, 'displayValue': '0', 'period': 1}
 {'value': 0.0, 'displayValue': '0', 'period': 2}
 {'value': 0.0, 'displayValue': '0', 'period': 3}
 {'value': 7.0, 'displayValue': '7', 'period': 4}]","[{'name': 'overall', 'abbreviation': 'Game', 'type': 'total', 'summary': '0-1'}
 {'name': 'Home', 'abbreviation': None, 'type': 'home', 'summary': '0-0'}
 {'name': 'Road', 'abbreviation': None, 'type': 'road', 'summary': '0-1'}
 {'name': 'vs. Conf.', 'abbreviation': None, 'type': 'vsconf', 'summary': '0-0'}]",400548015,2014,2,2,,,,,
400548016,s:20~l:23~e:400548016~c:400548016,2014-09-06T23:00Z,26448,True,False,False,False,True,False,2014-09-06T23:00Z,,[],,,,,1,STD,3815,M. M. Roberts Stadium,Hattiesburg,MS,USA,False,0.0,0:00,4,3,STATUS_FINAL,post,True,Final,Final,Final,4,2572,s:20~l:23~t:2572,Southern Mississippi,Golden Eagles,USM,Southern Mississippi Golden Eagles,Southern Miss,ffc72c,231f20,False,3815,https://a.espncdn.com/i/teamlogos/ncaa/500/2572.png,12,26,True,99,"[{'value': 3.0, 'displayValue': '3', 'period': 1}
 {'value': 17.0, 'displayValue': '17', 'period': 2}
 {'value': 3.0, 'displayValue': '3', 'period': 3}
 {'value': 3.0, 'displayValue': '3', 'period': 4}]","[{'name': 'overall', 'abbreviation': 'Game', 'type': 'total', 'summary': '1-1'}
 {'name': 'Home', 'abbreviation': None, 'type': 'home', 'summary': '1-0'}
 {'name': 'Road', 'abbreviation': None, 'type': 'road', 'summary': '0-1'}
 {'name': 'vs. Conf.', 'abbreviation': None, 'type': 'vsconf', 'summary': '0-0'}]",2016,s:20~l:23~t:2016,Alcorn State,Braves,ALCN,Alcorn State Braves,Alcorn State,4b0058,46166a,True,3771,https://a.espncdn.com/i/teamlogos/ncaa/500/2016.png,31,20,False,99,"[{'value': 0.0, 'displayValue': '0', 'period': 1}
 {'value': 7.0, 'displayValue': '7', 'period': 2}
 {'value': 0.0, 'displayValue': '0', 'period': 3}
 {'value': 13.0, 'displayValue': '13', 'period': 4}]","[{'name': 'overall', 'abbreviation': 'Game', 'type': 'total', 'summary': '1-1'}
 {'name': 'Home', 'abbreviation': None, 'type': 'home', 'summary': '1-0'}
 {'name': 'Road', 'abbreviation': None, 'type': 'road', 'summary': '0-1'}
 {'name': 'vs. Conf.', 'abbreviation': None, 'type': 'vsconf', 'summary': '0-0'}]",400548016,2014,2,2,,,,,
400548411,s:20~l:23~e:400548411~c:400548411,2014-09-06T23:00Z,16694,True,False,False,True,True,False,2014-09-06T23:00Z,ESPN3,[],,,national,ESPN3,1,STD,3817,Malone Stadium,Monroe,LA,USA,False,0.0,0:00,4,3,STATUS_FINAL,post,True,Final,Final,Final,4,2433,s:20~l:23~t:2433,Louisiana Monroe,Warhawks,ULM,Louisiana Monroe Warhawks,UL Monroe,840029,fdb913,False,3817,https://a.espncdn.com/i/teamlogos/ncaa/500/2433.png,37,38,True,99,"[{'value': 21.0, 'displayValue': '21', 'period': 1}
 {'value': 3.0, 'displayValue': '3', 'period': 2}
 {'value': 7.0, 'displayValue': '7', 'period': 3}
 {'value': 7.0, 'displayValue': '7', 'period': 4}]","[{'name': 'overall', 'abbreviation': 'Game', 'type': 'total', 'summary': '2-0'}
 {'name': 'Home', 'abbreviation': None, 'type': 'home', 'summary': '2-0'}
 {'name': 'Road', 'abbreviation': None, 'type': 'road', 'summary': '0-0'}
 {'name': 'vs. Conf.', 'abbreviation': None, 'type': 'vsconf', 'summary': '1-0'}]",70,s:20~l:23~t:70,Idaho,Vandals,IDHO,Idaho Vandals,Idaho,000000,8c6e4a,True,3791,https://a.espncdn.com/i/teamlogos/ncaa/500/70.png,37,31,False,99,"[{'value': 7.0, 'displayValue': '7', 'period': 1}
 {'value': 14.0, 'displayValue': '14', 'period': 2}
 {'value': 0.0, 'displayValue': '0', 'period': 3}
 {'value': 10.0, 'displayValue': '10', 'period': 4}]","[{'name': 'overall', 'abbreviation': 'Game', 'type': 'total', 'summary': '0-1'}
 {'name': 'Home', 'abbreviation': None, 'type': 'home', 'summary': '0-0'}
 {'name': 'Road', 'abbreviation': None, 'type': 'road', 'summary': '0-1'}
 {'name': 'vs. Conf.', 'abbreviation': None, 'type': 'vsconf', 'summary': '0-1'}]",400548411,2014,2,2,37,Sun Belt Conference,Sun Belt,True,
400547841,s:20~l:23~e:400547841~c:400547841,2014-09-06T23:30Z,56414,True,False,False,False,True,False,2014-09-06T23:30Z,,[],,,,,1,STD,3842,Milan Puskar Stadium,Morgantown,WV,USA,False,0.0,0:00,4,3,STATUS_FINAL,post,True,Final,Final,Final,4,277,s:20~l:23~t:277,West Virginia,Mountaineers,WVU,West Virginia Mountaineers,West Virginia,eaaa00,002855,True,3842,https://a.espncdn.com/i/teamlogos/ncaa/500/277.png,4,54,True,99,"[{'value': 10.0, 'displayValue': '10', 'period': 1}
 {'value': 21.0, 'displayValue': '21', 'period': 2}
 {'value': 9.0, 'displayValue': '9', 'period': 3}
 {'value': 14.0, 'displayValue': '14', 'period': 4}]","[{'name': 'overall', 'abbreviation': 'Game', 'type': 'total', 'summary': '1-1'}
 {'name': 'Home', 'abbreviation': None, 'type': 'home', 'summary': '1-0'}
 {'name': 'Road', 'abbreviation': None, 'type': 'road', 'summary': '0-0'}
 {'name': 'vs. Conf.', 'abbreviation': None, 'type': 'vsconf', 'summary': '0-0'}]",119,s:20~l:23~t:119,Towson,Tigers,TOWS,Towson Tigers,Towson,FFC229,,True,3781,https://a.espncdn.com/i/teamlogos/ncaa/500/119.png,48,0,False,99,"[{'value': 0.0, 'displayValue': '0', 'period': 1}
 {'value': 0.0, 'displayValue': '0', 'period': 2}
 {'value': 0.0, 'displayValue': '0', 'period': 3}
 {'value': 0.0, 'displayValue': '0', 'period': 4}]","[{'name': 'overall', 'abbreviation': 'Game', 'type': 'total', 'summary': '0-2'}
 {'name': 'Home', 'abbreviation': None, 'type': 'home', 'summary': '0-1'}
 {'name': 'Road', 'abbreviation': None, 'type': 'road', 'summary': '0-1'}
 {'name': 'vs. Conf.', 'abbreviation': None, 'type': 'vsconf', 'summary': '0-0'}]",400547841,2014,2,2,,,,,
400547846,s:20~l:23~e:400547846~c:400547846,2014-09-06T23:30Z,93463,True,False,False,False,True,False,2014-09-06T23:30Z,FS1,[],,,national,FS1,1,STD,3910,DKR-Texas Memorial Stadium,Austin,TX,USA,False,0.0,0:00,4,3,STATUS_FINAL,post,True,Final,Final,Final,4,251,s:20~l:23~t:251,Texas,Longhorns,TEX,Texas Longhorns,Texas,af5c37,ffffff,True,3910,https://a.espncdn.com/i/teamlogos/ncaa/500/251.png,4,7,False,99,"[{'value': 0.0, 'displayValue': '0', 'period': 1}
 {'value': 0.0, 'displayValue': '0', 'period': 2}
 {'value': 7.0, 'displayValue': '7', 'period': 3}
 {'value': 0.0, 'displayValue': '0', 'period': 4}]","[{'name': 'overall', 'abbreviation': 'Game', 'type': 'total', 'summary': '1-1'}
 {'name': 'Home', 'abbreviation': None, 'type': 'home', 'summary': '1-1'}
 {'name': 'Road', 'abbreviation': None, 'type': 'road', 'summary': '0-0'}
 {'name': 'vs. Conf.', 'abbreviation': None, 'type': 'vsconf', 'summary': '0-0'}]",252,s:20~l:23~t:252,BYU,Cougars,BYU,BYU Cougars,BYU,0047ba,002e5d,True,3801,https://a.espncdn.com/i/teamlogos/ncaa/500/252.png,18,41,True,99,"[{'value': 3.0, 'displayValue': '3', 'period': 1}
 {'value': 3.0, 'displayValue': '3', 'period': 2}
 {'value': 28.0, 'displayValue': '28', 'period': 3}
 {'value': 7.0, 'displayValue': '7', 'period': 4}]","[{'name': 'overall', 'abbreviation': 'Game', 'type': 'total', 'summary': '2-0'}
 {'name': 'Home', 'abbreviation': None, 'type': 'home', 'summary': '0-0'}
 {'name': 'Road', 'abbreviation': None, 'type': 'road', 'summary': '2-0'}
 {'name': 'vs. Conf.', 'abbreviation': None, 'type': 'vsconf', 'summary': '0-0'}]",400547846,2014,2,2,,,,,
400547651,s:20~l:23~e:400547651~c:400547651,2014-09-07T00:00Z,30081,True,False,False,False,True,False,2014-09-07T00:00Z,ESPN3,[],,,national,ESPN3,1,STD,4728,TDECU Stadium,Houston,TX,USA,False,0.0,0:00,4,3,STATUS_FINAL,post,True,Final,Final,Final,4,248,s:20~l:23~t:248,Houston,Cougars,HOU,Houston Cougars,Houston,c8102e,ffffff,True,453,https://a.espncdn.com/i/teamlogos/ncaa/500/248.png,151,47,True,99,"[{'value': 10.0, 'displayValue': '10', 'period': 1}
 {'value': 24.0, 'displayValue': '24', 'period': 2}
 {'value': 6.0, 'displayValue': '6', 'period': 3}
 {'value': 7.0, 'displayValue': '7', 'period': 4}]","[{'name': 'overall', 'abbreviation': 'Game', 'type': 'total', 'summary': '1-1'}
 {'name': 'Home', 'abbreviation': None, 'type': 'home', 'summary': '1-1'}
 {'name': 'Road', 'abbreviation': None, 'type': 'road', 'summary': '0-0'}
 {'name': 'vs. Conf.', 'abbreviation': None, 'type': 'vsconf', 'summary': '0-0'}]",2755,s:20~l:23~t:2755,Grambling State,Tigers,GRAM,Grambling State Tigers,Grambling St,ee8601,ffd10a,False,3902,https://a.espncdn.com/i/teamlogos/ncaa/500/2755.png,31,0,False,99,"[{'value': 0.0, 'displayValue': '0', 'period': 1}
 {'value': 0.0, 'displayValue': '0', 'period': 2}
 {'value': 0.0, 'displayValue': '0', 'period': 3}
 {'value': 0.0, 'displayValue': '0', 'period': 4}]","[{'name': 'overall', 'abbreviation': 'Game', 'type': 'total', 'summary': '0-2'}
 {'name': 'Home', 'abbreviation': None, 'type': 'home', 'summary': '0-0'}
 {'name': 'Road', 'abbreviation': None, 'type': 'road', 'summary': '0-2'}
 {'name': 'vs. Conf.', 'abbreviation': None, 'type': 'vsconf', 'summary': '0-0'}]",400547651,2014,2,2,,,,,
400548188,s:20~l:23~e:400548188~c:400548188,2014-09-07T00:00Z,20249,True,False,False,False,True,False,2014-09-07T00:00Z,,[],,,,,1,STD,3905,Maverik Stadium,Logan,UT,USA,False,0.0,0:00,4,3,STATUS_FINAL,post,True,Final,Final,Final,4,328,s:20~l:23~t:328,Utah State,Aggies,USU,Utah State Aggies,Utah State,0f2439,ffffff,True,3905,https://a.espncdn.com/i/teamlogos/ncaa/500/328.png,17,40,True,99,"[{'value': 6.0, 'displayValue': '6', 'period': 1}
 {'value': 14.0, 'displayValue': '14', 'period': 2}
 {'value': 13.0, 'displayValue': '13', 'period': 3}
 {'value': 7.0, 'displayValue': '7', 'period': 4}]","[{'name': 'overall', 'abbreviation': 'Game', 'type': 'total', 'summary': '1-1'}
 {'name': 'Home', 'abbreviation': None, 'type': 'home', 'summary': '1-0'}
 {'name': 'Road', 'abbreviation': None, 'type': 'road', 'summary': '0-1'}
 {'name': 'vs. Conf.', 'abbreviation': None, 'type': 'vsconf', 'summary': '0-0'}]",304,s:20~l:23~t:304,Idaho State,Bengals,IDST,Idaho State Bengals,Idaho State,ef8c00,e9a126,True,1930,https://a.espncdn.com/i/teamlogos/ncaa/500/304.png,20,20,False,99,"[{'value': 0.0, 'displayValue': '0', 'period': 1}
 {'value': 6.0, 'displayValue': '6', 'period': 2}
 {'value': 7.0, 'displayValue': '7', 'period': 3}
 {'value': 7.0, 'displayValue': '7', 'period': 4}]","[{'name': 'overall', 'abbreviation': 'Game', 'type': 'total', 'summary': '0-2'}
 {'name': 'Home', 'abbreviation': None, 'type': 'home', 'summary': '0-0'}
 {'name': 'Road', 'abbreviation': None, 'type': 'road', 'summary': '0-2'}
 {'name': 'vs. Conf.', 'abbreviation': None, 'type': 'vsconf', 'summary': '0-0'}]",400548188,2014,2,2,,,,,
400553551,s:20~l:23~e:400553551~c:400553551,2014-09-07T00:00Z,14577,True,False,False,False,True,False,2014-09-07T00:00Z,,[],,,,,1,STD,3942,Stewart Stadium,Ogden,UT,USA,False,0.0,0:00,4,3,STATUS_FINAL,post,True,Final,Final,Final,4,2692,s:20~l:23~t:2692,Weber State,Wildcats,WEB,Weber State Wildcats,Weber State,18005a,ebebeb,True,3942,https://a.espncdn.com/i/teamlogos/ncaa/500/2692.png,20,7,False,99,"[{'value': 7.0, 'displayValue': '7', 'period': 1}
 {'value': 0.0, 'displayValue': '0', 'period': 2}
 {'value': 0.0, 'displayValue': '0', 'period': 3}
 {'value': 0.0, 'displayValue': '0', 'period': 4}]","[{'name': 'overall', 'abbreviation': 'Game', 'type': 'total', 'summary': '0-2'}
 {'name': 'Home', 'abbreviation': None, 'type': 'home', 'summary': '0-1'}
 {'name': 'Road', 'abbreviation': None, 'type': 'road', 'summary': '0-1'}
 {'name': 'vs. Conf.', 'abbreviation': None, 'type': 'vsconf', 'summary': '0-0'}]",2449,s:20~l:23~t:2449,North Dakota State,Bison,NDSU,North Dakota State Bison,North Dakota St,01402A,ffffff,True,3714,https://a.espncdn.com/i/teamlogos/ncaa/500/2449.png,21,24,True,99,"[{'value': 7.0, 'displayValue': '7', 'period': 1}
 {'value': 7.0, 'displayValue': '7', 'period': 2}
 {'value': 7.0, 'displayValue': '7', 'period': 3}
 {'value': 3.0, 'displayValue': '3', 'period': 4}]","[{'name': 'overall', 'abbreviation': 'Game', 'type': 'total', 'summary': '2-0'}
 {'name': 'Home', 'abbreviation': None, 'type': 'home', 'summary': '0-0'}
 {'name': 'Road', 'abbreviation': None, 'type': 'road', 'summary': '2-0'}
 {'name': 'vs. Conf.', 'abbreviation': None, 'type': 'vsconf', 'summary': '0-0'}]",400553551,2014,2,2,,,,,
400548187,s:20~l:23~e:400548187~c:400548187,2014-09-07T02:00Z,0,True,False,False,False,True,False,2014-09-07T02:00Z,,[],,,,,1,STD,3914,Sam Boyd Stadium,Las Vegas,NV,USA,False,0.0,0:00,4,3,STATUS_FINAL,post,True,Final,Final,Final,4,2439,s:20~l:23~t:2439,UNLV,Rebels,UNLV,UNLV Rebels,UNLV,cf0a2c,cac8c8,True,3914,https://a.espncdn.com/i/teamlogos/ncaa/500/2439.png,17,13,True,99,"[{'value': 7.0, 'displayValue': '7', 'period': 1}
 {'value': 3.0, 'displayValue': '3', 'period': 2}
 {'value': 3.0, 'displayValue': '3', 'period': 3}
 {'value': 0.0, 'displayValue': '0', 'period': 4}]","[{'name': 'overall', 'abbreviation': 'Game', 'type': 'total', 'summary': '1-1'}
 {'name': 'Home', 'abbreviation': None, 'type': 'home', 'summary': '1-0'}
 {'name': 'Road', 'abbreviation': None, 'type': 'road', 'summary': '0-1'}
 {'name': 'vs. Conf.', 'abbreviation': None, 'type': 'vsconf', 'summary': '0-0'}]",2458,s:20~l:23~t:2458,Northern Colorado,Bears,UNCO,Northern Colorado Bears,N Colorado,13558D,ffc533,True,3856,https://a.espncdn.com/i/teamlogos/ncaa/500/2458.png,20,12,False,99,"[{'value': 0.0, 'displayValue': '0', 'period': 1}
 {'value': 3.0, 'displayValue': '3', 'period': 2}
 {'value': 7.0, 'displayValue': '7', 'period': 3}
 {'value': 2.0, 'displayValue': '2', 'period': 4}]","[{'name': 'overall', 'abbreviation': 'Game', 'type': 'total', 'summary': '0-1'}
 {'name': 'Home', 'abbreviation': None, 'type': 'home', 'summary': '0-0'}
 {'name': 'Road', 'abbreviation': None, 'type': 'road', 'summary': '0-1'}
 {'name': 'vs. Conf.', 'abbreviation': None, 'type': 'vsconf', 'summary': '0-0'}]",400548187,2014,2,2,,,,,
400548180,s:20~l:23~e:400548180~c:400548180,2014-09-07T02:15Z,21246,True,False,False,True,True,False,2014-09-07T02:15Z,ESPNU,[],,,national,ESPNU,1,STD,3984,War Memorial Stadium,Laramie,WY,USA,False,0.0,0:00,4,3,STATUS_FINAL,post,True,Final,Final,Final,4,2751,s:20~l:23~t:2751,Wyoming,Cowboys,WYO,Wyoming Cowboys,Wyoming,492f24,ffc425,True,3984,https://a.espncdn.com/i/teamlogos/ncaa/500/2751.png,17,17,True,99,"[{'value': 0.0, 'displayValue': '0', 'period': 1}
 {'value': 7.0, 'displayValue': '7', 'period': 2}
 {'value': 0.0, 'displayValue': '0', 'period': 3}
 {'value': 10.0, 'displayValue': '10', 'period': 4}]","[{'name': 'overall', 'abbreviation': 'Game', 'type': 'total', 'summary': '2-0'}
 {'name': 'Home', 'abbreviation': None, 'type': 'home', 'summary': '2-0'}
 {'name': 'Road', 'abbreviation': None, 'type': 'road', 'summary': '0-0'}
 {'name': 'vs. Conf.', 'abbreviation': None, 'type': 'vsconf', 'summary': '1-0'}]",2005,s:20~l:23~t:2005,Air Force,Falcons,AFA,Air Force Falcons,Air Force,003594,ffffff,True,3713,https://a.espncdn.com/i/teamlogos/ncaa/500/2005.png,17,13,False,99,"[{'value': 3.0, 'displayValue': '3', 'period': 1}
 {'value': 7.0, 'displayValue': '7', 'period': 2}
 {'value': 0.0, 'displayValue': '0', 'period': 3}
 {'value': 3.0, 'displayValue': '3', 'period': 4}]","[{'name': 'overall', 'abbreviation': 'Game', 'type': 'total', 'summary': '1-1'}
 {'name': 'Home', 'abbreviation': None, 'type': 'home', 'summary': '1-0'}
 {'name': 'Road', 'abbreviation': None, 'type': 'road', 'summary': '0-1'}
 {'name': 'vs. Conf.', 'abbreviation': None, 'type': 'vsconf', 'summary': '0-1'}]",400548180,2014,2,2,17,Mountain West Conference,Mountain West,True,
400548181,s:20~l:23~e:400548181~c:400548181,2014-09-07T02:15Z,34910,True,False,False,True,True,False,2014-09-07T02:15Z,ESPN2,[],,,national,ESPN2,1,STD,3653,Albertsons Stadium,Boise,ID,USA,False,0.0,0:00,4,3,STATUS_FINAL,post,True,Final,Final,Final,4,68,s:20~l:23~t:68,Boise State,Broncos,BSU,Boise State Broncos,Boise St,0033a0,d64309,True,3653,https://a.espncdn.com/i/teamlogos/ncaa/500/68.png,17,37,True,99,"[{'value': 13.0, 'displayValue': '13', 'period': 1}
 {'value': 17.0, 'displayValue': '17', 'period': 2}
 {'value': 7.0, 'displayValue': '7', 'period': 3}
 {'value': 0.0, 'displayValue': '0', 'period': 4}]","[{'name': 'overall', 'abbreviation': 'Game', 'type': 'total', 'summary': '1-1'}
 {'name': 'Home', 'abbreviation': None, 'type': 'home', 'summary': '1-0'}
 {'name': 'Road', 'abbreviation': None, 'type': 'road', 'summary': '0-0'}
 {'name': 'vs. Conf.', 'abbreviation': None, 'type': 'vsconf', 'summary': '1-0'}]",36,s:20~l:23~t:36,Colorado State,Rams,CSU,Colorado State Rams,Colorado State,004c23,c8c372,True,3761,https://a.espncdn.com/i/teamlogos/ncaa/500/36.png,17,24,False,99,"[{'value': 10.0, 'displayValue': '10', 'period': 1}
 {'value': 0.0, 'displayValue': '0', 'period': 2}
 {'value': 0.0, 'displayValue': '0', 'period': 3}
 {'value': 14.0, 'displayValue': '14', 'period': 4}]","[{'name': 'overall', 'abbreviation': 'Game', 'type': 'total', 'summary': '1-1'}
 {'name': 'Home', 'abbreviation': None, 'type': 'home', 'summary': '0-0'}
 {'name': 'Road', 'abbreviation': None, 'type': 'road', 'summary': '0-1'}
 {'name': 'vs. Conf.', 'abbreviation': None, 'type': 'vsconf', 'summary': '0-1'}]",400548181,2014,2,2,17,Mountain West Conference,Mountain West,True,
400548183,s:20~l:23~e:400548183~c:400548183,2014-09-07T02:30Z,29050,True,False,False,False,True,False,2014-09-07T02:30Z,CBSSN,[],,,national,CBSSN,1,STD,3610,Aloha Stadium,Honolulu,HI,USA,False,0.0,0:00,4,3,STATUS_FINAL,post,True,Final,Final,Final,4,62,s:20~l:23~t:62,Hawai'i,Rainbow Warriors,HAW,Hawai'i Rainbow Warriors,Hawaii,005737,000000,True,3610,https://a.espncdn.com/i/teamlogos/ncaa/500/62.png,17,30,False,99,"[{'value': 0.0, 'displayValue': '0', 'period': 1}
 {'value': 7.0, 'displayValue': '7', 'period': 2}
 {'value': 0.0, 'displayValue': '0', 'period': 3}
 {'value': 23.0, 'displayValue': '23', 'period': 4}]","[{'name': 'overall', 'abbreviation': 'Game', 'type': 'total', 'summary': '0-2'}
 {'name': 'Home', 'abbreviation': None, 'type': 'home', 'summary': '0-2'}
 {'name': 'Road', 'abbreviation': None, 'type': 'road', 'summary': '0-0'}
 {'name': 'vs. Conf.', 'abbreviation': None, 'type': 'vsconf', 'summary': '0-0'}]",204,s:20~l:23~t:204,Oregon State,Beavers,ORST,Oregon State Beavers,Oregon State,dc4405,000000,True,3893,https://a.espncdn.com/i/teamlogos/ncaa/500/204.png,9,38,True,99,"[{'value': 14.0, 'displayValue': '14', 'period': 1}
 {'value': 17.0, 'displayValue': '17', 'period': 2}
 {'value': 7.0, 'displayValue': '7', 'period': 3}
 {'value': 0.0, 'displayValue': '0', 'period': 4}]","[{'name': 'overall', 'abbreviation': 'Game', 'type': 'total', 'summary': '2-0'}
 {'name': 'Home', 'abbreviation': None, 'type': 'home', 'summary': '1-0'}
 {'name': 'Road', 'abbreviation': None, 'type': 'road', 'summary': '1-0'}
 {'name': 'vs. Conf.', 'abbreviation': None, 'type': 'vsconf', 'summary': '0-0'}]",400548183,2014,2,2,,,,,
400547845,s:20~l:23~e:400547845~c:400547845,2014-09-07T03:00Z,35422,True,False,False,False,True,False,2014-09-07T03:00Z,FS1,[],,,national,FS1,1,STD,3946,Sun Bowl,El Paso,TX,USA,False,0.0,0:00,4,3,STATUS_FINAL,post,True,Final,Final,Final,4,2638,s:20~l:23~t:2638,UTEP,Miners,UTEP,UTEP Miners,UTEP,ff8200,041e42,True,3946,https://a.espncdn.com/i/teamlogos/ncaa/500/2638.png,12,26,False,99,"[{'value': 6.0, 'displayValue': '6', 'period': 1}
 {'value': 7.0, 'displayValue': '7', 'period': 2}
 {'value': 6.0, 'displayValue': '6', 'period': 3}
 {'value': 7.0, 'displayValue': '7', 'period': 4}]","[{'name': 'overall', 'abbreviation': 'Game', 'type': 'total', 'summary': '1-1'}
 {'name': 'Home', 'abbreviation': None, 'type': 'home', 'summary': '0-1'}
 {'name': 'Road', 'abbreviation': None, 'type': 'road', 'summary': '1-0'}
 {'name': 'vs. Conf.', 'abbreviation': None, 'type': 'vsconf', 'summary': '0-0'}]",2641,s:20~l:23~t:2641,Texas Tech,Red Raiders,TTU,Texas Tech Red Raiders,Texas Tech,da291c,000000,True,3784,https://a.espncdn.com/i/teamlogos/ncaa/500/2641.png,4,30,True,99,"[{'value': 0.0, 'displayValue': '0', 'period': 1}
 {'value': 16.0, 'displayValue': '16', 'period': 2}
 {'value': 7.0, 'displayValue': '7', 'period': 3}
 {'value': 7.0, 'displayValue': '7', 'period': 4}]","[{'name': 'overall', 'abbreviation': 'Game', 'type': 'total', 'summary': '2-0'}
 {'name': 'Home', 'abbreviation': None, 'type': 'home', 'summary': '1-0'}
 {'name': 'Road', 'abbreviation': None, 'type': 'road', 'summary': '1-0'}
 {'name': 'vs. Conf.', 'abbreviation': None, 'type': 'vsconf', 'summary': '0-0'}]",400547845,2014,2,2,,,,,
400558012,s:20~l:23~e:400558012~c:400558012,2014-09-06T22:00Z,0,True,False,False,False,False,False,2014-09-06T22:00Z,,[],,,,,1,STD,3695,Delaware Stadium,Newark,DE,USA,False,0.0,0:00,0,6,STATUS_POSTPONED,post,False,Postponed,Postponed,Postponed,4,48,s:20~l:23~t:48,Delaware,Blue Hens,DEL,Delaware Blue Hens,Delaware,00539f,ffd200,True,3695,https://a.espncdn.com/i/teamlogos/ncaa/500/48.png,48,0,,99,,"[{'name': 'overall', 'abbreviation': 'overall', 'type': 'total', 'summary': '6-6'}
 {'name': 'Home', 'abbreviation': 'Home', 'type': 'homerecord', 'summary': '4-3'}
 {'name': 'Away', 'abbreviation': 'Away', 'type': 'awayrecord', 'summary': '2-3'}
 {'name': 'vs. Conf.', 'abbreviation': 'CONF', 'type': 'vsconf', 'summary': '4-4'}]",2169,s:20~l:23~t:2169,Delaware State,Hornets,DSU,Delaware State Hornets,Delaware State,009cdb,d51c28,True,3613,https://a.espncdn.com/i/teamlogos/ncaa/500/2169.png,24,0,,99,,"[{'name': 'overall', 'abbreviation': 'overall', 'type': 'total', 'summary': '2-10'}
 {'name': 'Home', 'abbreviation': 'Home', 'type': 'homerecord', 'summary': '1-4'}
 {'name': 'Away', 'abbreviation': 'Away', 'type': 'awayrecord', 'summary': '1-6'}
 {'name': 'vs. Conf.', 'abbreviation': 'CONF', 'type': 'vsconf', 'summary': '2-6'}]",400558012,2014,2,2,,,,,
400583429,s:20~l:23~e:400583429~c:400583429,2014-09-07T16:00Z,12511,True,False,False,False,True,False,2014-09-07T16:00Z,,[],,,,,1,STD,3695,Delaware Stadium,Newark,DE,USA,False,0.0,0:00,4,3,STATUS_FINAL,post,True,Final,Final,Final,4,48,s:20~l:23~t:48,Delaware,Blue Hens,DEL,Delaware Blue Hens,Delaware,00539f,ffd200,True,3695,https://a.espncdn.com/i/teamlogos/ncaa/500/48.png,48,27,True,99,"[{'value': 7.0, 'displayValue': '7', 'period': 1}
 {'value': 13.0, 'displayValue': '13', 'period': 2}
 {'value': 7.0, 'displayValue': '7', 'period': 3}
 {'value': 0.0, 'displayValue': '0', 'period': 4}]","[{'name': 'overall', 'abbreviation': 'Game', 'type': 'total', 'summary': '1-1'}
 {'name': 'Home', 'abbreviation': None, 'type': 'home', 'summary': '1-0'}
 {'name': 'Road', 'abbreviation': None, 'type': 'road', 'summary': '0-1'}
 {'name': 'vs. Conf.', 'abbreviation': None, 'type': 'vsconf', 'summary': '0-0'}]",2169,s:20~l:23~t:2169,Delaware State,Hornets,DSU,Delaware State Hornets,Delaware State,009cdb,d51c28,True,3613,https://a.espncdn.com/i/teamlogos/ncaa/500/2169.png,24,9,False,99,"[{'value': 0.0, 'displayValue': '0', 'period': 1}
 {'value': 3.0, 'displayValue': '3', 'period': 2}
 {'value': 0.0, 'displayValue': '0', 'period': 3}
 {'value': 6.0, 'displayValue': '6', 'period': 4}]","[{'name': 'overall', 'abbreviation': 'Game', 'type': 'total', 'summary': '0-2'}
 {'name': 'Home', 'abbreviation': None, 'type': 'home', 'summary': '0-0'}
 {'name': 'Road', 'abbreviation': None, 'type': 'road', 'summary': '0-2'}
 {'name': 'vs. Conf.', 'abbreviation': None, 'type': 'vsconf', 'summary': '0-0'}]",400583429,2014,2,2,,,,,
400547658,s:20~l:23~e:400547658~c:400547658,2014-09-12T01:00Z,57630,True,False,False,False,True,False,2014-09-12T01:00Z,ESPN/ESPN3,[],,,national,ESPN,1,STD,3801,LaVell Edwards Stadium,Provo,UT,USA,False,0.0,0:00,4,3,STATUS_FINAL,post,True,Final,Final,Final,4,252,s:20~l:23~t:252,BYU,Cougars,BYU,BYU Cougars,BYU,0047ba,002e5d,True,3801,https://a.espncdn.com/i/teamlogos/ncaa/500/252.png,18,33,True,25,"[{'value': 16.0, 'displayValue': '16', 'period': 1}
 {'value': 7.0, 'displayValue': '7', 'period': 2}
 {'value': 3.0, 'displayValue': '3', 'period': 3}
 {'value': 7.0, 'displayValue': '7', 'period': 4}]","[{'name': 'overall', 'abbreviation': 'Game', 'type': 'total', 'summary': '3-0'}
 {'name': 'Home', 'abbreviation': None, 'type': 'home', 'summary': '1-0'}
 {'name': 'Road', 'abbreviation': None, 'type': 'road', 'summary': '2-0'}
 {'name': 'vs. Conf.', 'abbreviation': None, 'type': 'vsconf', 'summary': '0-0'}]",248,s:20~l:23~t:248,Houston,Cougars,HOU,Houston Cougars,Houston,c8102e,ffffff,True,453,https://a.espncdn.com/i/teamlogos/ncaa/500/248.png,151,25,False,99,"[{'value': 0.0, 'displayValue': '0', 'period': 1}
 {'value': 15.0, 'displayValue': '15', 'period': 2}
 {'value': 0.0, 'displayValue': '0', 'period': 3}
 {'value': 10.0, 'displayValue': '10', 'period': 4}]","[{'name': 'overall', 'abbreviation': 'Game', 'type': 'total', 'summary': '1-2'}
 {'name': 'Home', 'abbreviation': None, 'type': 'home', 'summary': '1-1'}
 {'name': 'Road', 'abbreviation': None, 'type': 'road', 'summary': '0-1'}
 {'name': 'vs. Conf.', 'abbreviation': None, 'type': 'vsconf', 'summary': '0-0'}]",400547658,2014,2,3,,,,,
400548021,s:20~l:23~e:400548021~c:400548021,2014-09-12T00:00Z,16998,True,False,False,True,True,False,2014-09-12T00:00Z,CBSSN,[],,,national,CBSSN,1,STD,3825,DATCU Stadium,Denton,TX,USA,False,0.0,0:00,4,3,STATUS_FINAL,post,True,Final,Final,Final,4,249,s:20~l:23~t:249,North Texas,Mean Green,UNT,North Texas Mean Green,North Texas,068f33,ffffff,True,3825,https://a.espncdn.com/i/teamlogos/ncaa/500/249.png,12,21,False,99,"[{'value': 0.0, 'displayValue': '0', 'period': 1}
 {'value': 0.0, 'displayValue': '0', 'period': 2}
 {'value': 7.0, 'displayValue': '7', 'period': 3}
 {'value': 14.0, 'displayValue': '14', 'period': 4}]","[{'name': 'overall', 'abbreviation': 'Game', 'type': 'total', 'summary': '1-2'}
 {'name': 'Home', 'abbreviation': None, 'type': 'home', 'summary': '1-1'}
 {'name': 'Road', 'abbreviation': None, 'type': 'road', 'summary': '0-1'}
 {'name': 'vs. Conf.', 'abbreviation': None, 'type': 'vsconf', 'summary': '0-1'}]",2348,s:20~l:23~t:2348,Louisiana Tech,Bulldogs,LT,Louisiana Tech Bulldogs,LA Tech,003087,cb333b,True,3776,https://a.espncdn.com/i/teamlogos/ncaa/500/2348.png,12,42,True,99,"[{'value': 0.0, 'displayValue': '0', 'period': 1}
 {'value': 21.0, 'displayValue': '21', 'period': 2}
 {'value': 14.0, 'displayValue': '14', 'period': 3}
 {'value': 7.0, 'displayValue': '7', 'period': 4}]","[{'name': 'overall', 'abbreviation': 'Game', 'type': 'total', 'summary': '2-1'}
 {'name': 'Home', 'abbreviation': None, 'type': 'home', 'summary': '0-0'}
 {'name': 'Road', 'abbreviation': None, 'type': 'road', 'summary': '2-1'}
 {'name': 'vs. Conf.', 'abbreviation': None, 'type': 'vsconf', 'summary': '1-0'}]",400548021,2014,2,3,12,Conference USA,CUSA,True,
400548106,s:20~l:23~e:400548106~c:400548106,2014-09-13T00:00Z,24714,True,False,False,False,True,False,2014-09-13T00:00Z,ESPN,[],,,national,ESPN,1,STD,3965,Broadview Stadium,Buffalo,NY,USA,False,0.0,0:00,4,3,STATUS_FINAL,post,True,Final,Final,Final,4,2084,s:20~l:23~t:2084,Buffalo,Bulls,BUFF,Buffalo Bulls,Buffalo,005bbb,ffffff,True,3965,https://a.espncdn.com/i/teamlogos/ncaa/500/2084.png,15,21,False,99,"[{'value': 0.0, 'displayValue': '0', 'period': 1}
 {'value': 0.0, 'displayValue': '0', 'period': 2}
 {'value': 14.0, 'displayValue': '14', 'period': 3}
 {'value': 7.0, 'displayValue': '7', 'period': 4}]","[{'name': 'overall', 'abbreviation': 'Game', 'type': 'total', 'summary': '1-2'}
 {'name': 'Home', 'abbreviation': None, 'type': 'home', 'summary': '1-1'}
 {'name': 'Road', 'abbreviation': None, 'type': 'road', 'summary': '0-1'}
 {'name': 'vs. Conf.', 'abbreviation': None, 'type': 'vsconf', 'summary': '0-0'}]",239,s:20~l:23~t:239,Baylor,Bears,BAY,Baylor Bears,Baylor,154734,ffb81c,True,3724,https://a.espncdn.com/i/teamlogos/ncaa/500/239.png,4,63,True,8,"[{'value': 21.0, 'displayValue': '21', 'period': 1}
 {'value': 14.0, 'displayValue': '14', 'period': 2}
 {'value': 14.0, 'displayValue': '14', 'period': 3}
 {'value': 14.0, 'displayValue': '14', 'period': 4}]","[{'name': 'overall', 'abbreviation': 'Game', 'type': 'total', 'summary': '3-0'}
 {'name': 'Home', 'abbreviation': None, 'type': 'home', 'summary': '2-0'}
 {'name': 'Road', 'abbreviation': None, 'type': 'road', 'summary': '1-0'}
 {'name': 'vs. Conf.', 'abbreviation': None, 'type': 'vsconf', 'summary': '0-0'}]",400548106,2014,2,3,,,,,
400547659,s:20~l:23~e:400547659~c:400547659,2014-09-12T23:00Z,31912,True,False,False,False,True,False,2014-09-12T23:00Z,ESPNU,[],,,national,ESPNU,1,STD,3874,Paycor Stadium,Cincinnati,OH,USA,False,0.0,0:00,4,3,STATUS_FINAL,post,True,Final,Final,Final,4,2132,s:20~l:23~t:2132,Cincinnati,Bearcats,CIN,Cincinnati Bearcats,Cincinnati,000000,e00122,True,3854,https://a.espncdn.com/i/teamlogos/ncaa/500/2132.png,151,58,True,99,"[{'value': 20.0, 'displayValue': '20', 'period': 1}
 {'value': 21.0, 'displayValue': '21', 'period': 2}
 {'value': 0.0, 'displayValue': '0', 'period': 3}
 {'value': 17.0, 'displayValue': '17', 'period': 4}]","[{'name': 'overall', 'abbreviation': 'Game', 'type': 'total', 'summary': '1-0'}
 {'name': 'Home', 'abbreviation': None, 'type': 'home', 'summary': '1-0'}
 {'name': 'Road', 'abbreviation': None, 'type': 'road', 'summary': '0-0'}
 {'name': 'vs. Conf.', 'abbreviation': None, 'type': 'vsconf', 'summary': '0-0'}]",2649,s:20~l:23~t:2649,Toledo,Rockets,TOL,Toledo Rockets,Toledo,0b2240,ffcd00,True,3739,https://a.espncdn.com/i/teamlogos/ncaa/500/2649.png,15,34,False,99,"[{'value': 0.0, 'displayValue': '0', 'period': 1}
 {'value': 14.0, 'displayValue': '14', 'period': 2}
 {'value': 17.0, 'displayValue': '17', 'period': 3}
 {'value': 3.0, 'displayValue': '3', 'period': 4}]","[{'name': 'overall', 'abbreviation': 'Game', 'type': 'total', 'summary': '1-2'}
 {'name': 'Home', 'abbreviation': None, 'type': 'home', 'summary': '1-1'}
 {'name': 'Road', 'abbreviation': None, 'type': 'road', 'summary': '0-1'}
 {'name': 'vs. Conf.', 'abbreviation': None, 'type': 'vsconf', 'summary': '0-0'}]",400547659,2014,2,3,,,,,
400548193,s:20~l:23~e:400548193~c:400548193,2014-09-13T18:00Z,56533,True,False,False,False,True,False,2014-09-13T18:00Z,PACN,[],,,national,PACN,1,STD,3626,Autzen Stadium,Eugene,OR,USA,False,0.0,0:00,4,3,STATUS_FINAL,post,True,Final,Final,Final,4,2483,s:20~l:23~t:2483,Oregon,Ducks,ORE,Oregon Ducks,Oregon,00934b,fff41b,True,3626,https://a.espncdn.com/i/teamlogos/ncaa/500/2483.png,9,48,True,2,"[{'value': 0.0, 'displayValue': '0', 'period': 1}
 {'value': 27.0, 'displayValue': '27', 'period': 2}
 {'value': 14.0, 'displayValue': '14', 'period': 3}
 {'value': 7.0, 'displayValue': '7', 'period': 4}]","[{'name': 'overall', 'abbreviation': 'Game', 'type': 'total', 'summary': '3-0'}
 {'name': 'Home', 'abbreviation': None, 'type': 'home', 'summary': '3-0'}
 {'name': 'Road', 'abbreviation': None, 'type': 'road', 'summary': '0-0'}
 {'name': 'vs. Conf.', 'abbreviation': None, 'type': 'vsconf', 'summary': '0-0'}]",2751,s:20~l:23~t:2751,Wyoming,Cowboys,WYO,Wyoming Cowboys,Wyoming,492f24,ffc425,True,3984,https://a.espncdn.com/i/teamlogos/ncaa/500/2751.png,17,14,False,99,"[{'value': 7.0, 'displayValue': '7', 'period': 1}
 {'value': 0.0, 'displayValue': '0', 'period': 2}
 {'value': 0.0, 'displayValue': '0', 'period': 3}
 {'value': 7.0, 'displayValue': '7', 'period': 4}]","[{'name': 'overall', 'abbreviation': 'Game', 'type': 'total', 'summary': '2-1'}
 {'name': 'Home', 'abbreviation': None, 'type': 'home', 'summary': '2-0'}
 {'name': 'Road', 'abbreviation': None, 'type': 'road', 'summary': '0-1'}
 {'name': 'vs. Conf.', 'abbreviation': None, 'type': 'vsconf', 'summary': '1-0'}]",400548193,2014,2,3,,,,,
400548024,s:20~l:23~e:400548024~c:400548024,2014-09-13T22:00Z,101821,True,False,False,False,True,False,2014-09-13T22:00Z,ESPN2,[],,,national,ESPN2,1,STD,3657,Bryant-Denny Stadium,Tuscaloosa,AL,USA,False,0.0,0:00,4,3,STATUS_FINAL,post,True,Final,Final,Final,4,333,s:20~l:23~t:333,Alabama,Crimson Tide,ALA,Alabama Crimson Tide,Alabama,9e1b32,ffffff,True,3657,https://a.espncdn.com/i/teamlogos/ncaa/500/333.png,8,52,True,3,"[{'value': 7.0, 'displayValue': '7', 'period': 1}
 {'value': 14.0, 'displayValue': '14', 'period': 2}
 {'value': 14.0, 'displayValue': '14', 'period': 3}
 {'value': 17.0, 'displayValue': '17', 'period': 4}]","[{'name': 'overall', 'abbreviation': 'Game', 'type': 'total', 'summary': '3-0'}
 {'name': 'Home', 'abbreviation': None, 'type': 'home', 'summary': '2-0'}
 {'name': 'Road', 'abbreviation': None, 'type': 'road', 'summary': '0-0'}
 {'name': 'vs. Conf.', 'abbreviation': None, 'type': 'vsconf', 'summary': '0-0'}]",2572,s:20~l:23~t:2572,Southern Mississippi,Golden Eagles,USM,Southern Mississippi Golden Eagles,Southern Miss,ffc72c,231f20,False,3815,https://a.espncdn.com/i/teamlogos/ncaa/500/2572.png,12,12,False,99,"[{'value': 3.0, 'displayValue': '3', 'period': 1}
 {'value': 3.0, 'displayValue': '3', 'period': 2}
 {'value': 3.0, 'displayValue': '3', 'period': 3}
 {'value': 3.0, 'displayValue': '3', 'period': 4}]","[{'name': 'overall', 'abbreviation': 'Game', 'type': 'total', 'summary': '1-2'}
 {'name': 'Home', 'abbreviation': None, 'type': 'home', 'summary': '1-0'}
 {'name': 'Road', 'abbreviation': None, 'type': 'road', 'summary': '0-2'}
 {'name': 'vs. Conf.', 'abbreviation': None, 'type': 'vsconf', 'summary': '0-0'}]",400548024,2014,2,3,,,,,
400547850,s:20~l:23~e:400547850~c:400547850,2014-09-14T00:00Z,85622,True,False,False,False,True,False,2014-09-14T00:00Z,ABC,[],,,national,ABC,1,STD,3835,"Memorial Stadium (Norman, OK)",Norman,OK,USA,False,0.0,0:00,4,3,STATUS_FINAL,post,True,Final,Final,Final,4,201,s:20~l:23~t:201,Oklahoma,Sooners,OKLA,Oklahoma Sooners,Oklahoma,990000,ffffff,True,3835,https://a.espncdn.com/i/teamlogos/ncaa/500/201.png,4,34,True,4,"[{'value': 13.0, 'displayValue': '13', 'period': 1}
 {'value': 7.0, 'displayValue': '7', 'period': 2}
 {'value': 7.0, 'displayValue': '7', 'period': 3}
 {'value': 7.0, 'displayValue': '7', 'period': 4}]","[{'name': 'overall', 'abbreviation': 'Game', 'type': 'total', 'summary': '3-0'}
 {'name': 'Home', 'abbreviation': None, 'type': 'home', 'summary': '2-0'}
 {'name': 'Road', 'abbreviation': None, 'type': 'road', 'summary': '1-0'}
 {'name': 'vs. Conf.', 'abbreviation': None, 'type': 'vsconf', 'summary': '0-0'}]",2633,s:20~l:23~t:2633,Tennessee,Volunteers,TENN,Tennessee Volunteers,Tennessee,ff8200,ffffff,True,3853,https://a.espncdn.com/i/teamlogos/ncaa/500/2633.png,8,10,False,99,"[{'value': 0.0, 'displayValue': '0', 'period': 1}
 {'value': 7.0, 'displayValue': '7', 'period': 2}
 {'value': 3.0, 'displayValue': '3', 'period': 3}
 {'value': 0.0, 'displayValue': '0', 'period': 4}]","[{'name': 'overall', 'abbreviation': 'Game', 'type': 'total', 'summary': '2-1'}
 {'name': 'Home', 'abbreviation': None, 'type': 'home', 'summary': '2-0'}
 {'name': 'Road', 'abbreviation': None, 'type': 'road', 'summary': '0-1'}
 {'name': 'vs. Conf.', 'abbreviation': None, 'type': 'vsconf', 'summary': '0-0'}]",400547850,2014,2,3,,,,,
400548392,s:20~l:23~e:400548392~c:400548392,2014-09-13T19:30Z,84232,True,False,False,True,True,False,2014-09-13T19:30Z,CBS,[],,,national,CBS,1,STD,3994,Williams-Brice Stadium,Columbia,SC,USA,False,0.0,0:00,4,3,STATUS_FINAL,post,True,Final,Final,Final,4,2579,s:20~l:23~t:2579,South Carolina,Gamecocks,SC,South Carolina Gamecocks,South Carolina,73000a,000000,True,3994,https://a.espncdn.com/i/teamlogos/ncaa/500/2579.png,8,38,True,24,"[{'value': 14.0, 'displayValue': '14', 'period': 1}
 {'value': 10.0, 'displayValue': '10', 'period': 2}
 {'value': 7.0, 'displayValue': '7', 'period': 3}
 {'value': 7.0, 'displayValue': '7', 'period': 4}]","[{'name': 'overall', 'abbreviation': 'Game', 'type': 'total', 'summary': '2-1'}
 {'name': 'Home', 'abbreviation': None, 'type': 'home', 'summary': '2-1'}
 {'name': 'Road', 'abbreviation': None, 'type': 'road', 'summary': '0-0'}
 {'name': 'vs. Conf.', 'abbreviation': None, 'type': 'vsconf', 'summary': '1-1'}]",61,s:20~l:23~t:61,Georgia,Bulldogs,UGA,Georgia Bulldogs,Georgia,ba0c2f,2c2a29,True,3917,https://a.espncdn.com/i/teamlogos/ncaa/500/61.png,8,35,False,6,"[{'value': 10.0, 'displayValue': '10', 'period': 1}
 {'value': 3.0, 'displayValue': '3', 'period': 2}
 {'value': 7.0, 'displayValue': '7', 'period': 3}
 {'value': 15.0, 'displayValue': '15', 'period': 4}]","[{'name': 'overall', 'abbreviation': 'Game', 'type': 'total', 'summary': '1-1'}
 {'name': 'Home', 'abbreviation': None, 'type': 'home', 'summary': '1-0'}
 {'name': 'Road', 'abbreviation': None, 'type': 'road', 'summary': '0-1'}
 {'name': 'vs. Conf.', 'abbreviation': None, 'type': 'vsconf', 'summary': '0-1'}]",400548392,2014,2,3,8,Southeastern Conference,SEC,True,
400548023,s:20~l:23~e:400548023~c:400548023,2014-09-14T01:00Z,103867,True,False,False,False,True,False,2014-09-14T01:00Z,ESPN2,[],,,national,ESPN2,1,STD,3795,Kyle Field,College Station,TX,USA,False,0.0,0:00,4,3,STATUS_FINAL,post,True,Final,Final,Final,4,245,s:20~l:23~t:245,Texas A&M,Aggies,TA&M,Texas A&M Aggies,Texas A&M,500000,ffffff,True,3795,https://a.espncdn.com/i/teamlogos/ncaa/500/245.png,8,38,True,7,"[{'value': 7.0, 'displayValue': '7', 'period': 1}
 {'value': 14.0, 'displayValue': '14', 'period': 2}
 {'value': 14.0, 'displayValue': '14', 'period': 3}
 {'value': 3.0, 'displayValue': '3', 'period': 4}]","[{'name': 'overall', 'abbreviation': 'Game', 'type': 'total', 'summary': '3-0'}
 {'name': 'Home', 'abbreviation': None, 'type': 'home', 'summary': '2-0'}
 {'name': 'Road', 'abbreviation': None, 'type': 'road', 'summary': '1-0'}
 {'name': 'vs. Conf.', 'abbreviation': None, 'type': 'vsconf', 'summary': '1-0'}]",242,s:20~l:23~t:242,Rice,Owls,RICE,Rice Owls,Rice,00205b,c1c6c8,True,3895,https://a.espncdn.com/i/teamlogos/ncaa/500/242.png,12,10,False,99,"[{'value': 0.0, 'displayValue': '0', 'period': 1}
 {'value': 7.0, 'displayValue': '7', 'period': 2}
 {'value': 3.0, 'displayValue': '3', 'period': 3}
 {'value': 0.0, 'displayValue': '0', 'period': 4}]","[{'name': 'overall', 'abbreviation': 'Game', 'type': 'total', 'summary': '0-2'}
 {'name': 'Home', 'abbreviation': None, 'type': 'home', 'summary': '0-0'}
 {'name': 'Road', 'abbreviation': None, 'type': 'road', 'summary': '0-2'}
 {'name': 'vs. Conf.', 'abbreviation': None, 'type': 'vsconf', 'summary': '0-0'}]",400548023,2014,2,3,,,,,
400547730,s:20~l:23~e:400547730~c:400547730,2014-09-14T00:00Z,41632,True,False,False,False,True,False,2014-09-14T00:00Z,ESPN/ESPN3,[],,,national,ESPN,1,STD,3615,"Alumni Stadium (Chestnut Hill, MA)",Chestnut Hill,MA,USA,False,0.0,0:00,4,3,STATUS_FINAL,post,True,Final,Final,Final,4,103,s:20~l:23~t:103,Boston College,Eagles,BC,Boston College Eagles,Boston College,8c2232,dbcca6,True,3615,https://a.espncdn.com/i/teamlogos/ncaa/500/103.png,1,37,True,99,"[{'value': 0.0, 'displayValue': '0', 'period': 1}
 {'value': 20.0, 'displayValue': '20', 'period': 2}
 {'value': 7.0, 'displayValue': '7', 'period': 3}
 {'value': 10.0, 'displayValue': '10', 'period': 4}]","[{'name': 'overall', 'abbreviation': 'Game', 'type': 'total', 'summary': '2-1'}
 {'name': 'Home', 'abbreviation': None, 'type': 'home', 'summary': '1-1'}
 {'name': 'Road', 'abbreviation': None, 'type': 'road', 'summary': '1-0'}
 {'name': 'vs. Conf.', 'abbreviation': None, 'type': 'vsconf', 'summary': '0-1'}]",30,s:20~l:23~t:30,USC,Trojans,USC,USC Trojans,USC,9d2235,ffc72c,True,477,https://a.espncdn.com/i/teamlogos/ncaa/500/30.png,9,31,False,9,"[{'value': 10.0, 'displayValue': '10', 'period': 1}
 {'value': 7.0, 'displayValue': '7', 'period': 2}
 {'value': 0.0, 'displayValue': '0', 'period': 3}
 {'value': 14.0, 'displayValue': '14', 'period': 4}]","[{'name': 'overall', 'abbreviation': 'Game', 'type': 'total', 'summary': '2-1'}
 {'name': 'Home', 'abbreviation': None, 'type': 'home', 'summary': '1-0'}
 {'name': 'Road', 'abbreviation': None, 'type': 'road', 'summary': '1-1'}
 {'name': 'vs. Conf.', 'abbreviation': None, 'type': 'vsconf', 'summary': '1-0'}]",400547730,2014,2,3,,,,,
400548389,s:20~l:23~e:400548389~c:400548389,2014-09-13T23:00Z,101194,True,False,False,False,True,False,2014-09-13T23:00Z,ESPNU,[],,,national,ESPNU,1,STD,3958,Tiger Stadium (LA),Baton Rouge,LA,USA,False,0.0,0:00,4,3,STATUS_FINAL,post,True,Final,Final,Final,4,99,s:20~l:23~t:99,LSU,Tigers,LSU,LSU Tigers,LSU,461d76,fdd023,True,3958,https://a.espncdn.com/i/teamlogos/ncaa/500/99.png,8,31,True,10,"[{'value': 3.0, 'displayValue': '3', 'period': 1}
 {'value': 7.0, 'displayValue': '7', 'period': 2}
 {'value': 14.0, 'displayValue': '14', 'period': 3}
 {'value': 7.0, 'displayValue': '7', 'period': 4}]","[{'name': 'overall', 'abbreviation': 'Game', 'type': 'total', 'summary': '3-0'}
 {'name': 'Home', 'abbreviation': None, 'type': 'home', 'summary': '2-0'}
 {'name': 'Road', 'abbreviation': None, 'type': 'road', 'summary': '0-0'}
 {'name': 'vs. Conf.', 'abbreviation': None, 'type': 'vsconf', 'summary': '0-0'}]",2433,s:20~l:23~t:2433,Louisiana Monroe,Warhawks,ULM,Louisiana Monroe Warhawks,UL Monroe,840029,fdb913,False,3817,https://a.espncdn.com/i/teamlogos/ncaa/500/2433.png,37,0,False,99,"[{'value': 0.0, 'displayValue': '0', 'period': 1}
 {'value': 0.0, 'displayValue': '0', 'period': 2}
 {'value': 0.0, 'displayValue': '0', 'period': 3}
 {'value': 0.0, 'displayValue': '0', 'period': 4}]","[{'name': 'overall', 'abbreviation': 'Game', 'type': 'total', 'summary': '2-1'}
 {'name': 'Home', 'abbreviation': None, 'type': 'home', 'summary': '2-0'}
 {'name': 'Road', 'abbreviation': None, 'type': 'road', 'summary': '0-1'}
 {'name': 'vs. Conf.', 'abbreviation': None, 'type': 'vsconf', 'summary': '1-0'}]",400548389,2014,2,3,,,,,
400547990,s:20~l:23~e:400547990~c:400547990,2014-09-13T23:30Z,56832,True,False,True,False,True,False,2014-09-13T23:30Z,NBC,[],,,national,NBC,1,STD,3812,Lucas Oil Stadium,Indianapolis,IN,USA,True,0.0,0:00,4,3,STATUS_FINAL,post,True,Final,Final,Final,4,87,s:20~l:23~t:87,Notre Dame,Fighting Irish,ND,Notre Dame Fighting Irish,Notre Dame,062340,c99700,True,3855,https://a.espncdn.com/i/teamlogos/ncaa/500/87.png,18,30,True,11,"[{'value': 7.0, 'displayValue': '7', 'period': 1}
 {'value': 10.0, 'displayValue': '10', 'period': 2}
 {'value': 7.0, 'displayValue': '7', 'period': 3}
 {'value': 6.0, 'displayValue': '6', 'period': 4}]","[{'name': 'overall', 'abbreviation': 'Game', 'type': 'total', 'summary': '3-0'}
 {'name': 'Home', 'abbreviation': None, 'type': 'home', 'summary': '2-0'}
 {'name': 'Road', 'abbreviation': None, 'type': 'road', 'summary': '0-0'}
 {'name': 'vs. Conf.', 'abbreviation': None, 'type': 'vsconf', 'summary': '0-0'}]",2509,s:20~l:23~t:2509,Purdue,Boilermakers,PUR,Purdue Boilermakers,Purdue,ceb888,000000,True,3907,https://a.espncdn.com/i/teamlogos/ncaa/500/2509.png,5,14,False,99,"[{'value': 7.0, 'displayValue': '7', 'period': 1}
 {'value': 7.0, 'displayValue': '7', 'period': 2}
 {'value': 0.0, 'displayValue': '0', 'period': 3}
 {'value': 0.0, 'displayValue': '0', 'period': 4}]","[{'name': 'overall', 'abbreviation': 'Game', 'type': 'total', 'summary': '1-2'}
 {'name': 'Home', 'abbreviation': None, 'type': 'home', 'summary': '1-1'}
 {'name': 'Road', 'abbreviation': None, 'type': 'road', 'summary': '0-0'}
 {'name': 'vs. Conf.', 'abbreviation': None, 'type': 'vsconf', 'summary': '0-0'}]",400547990,2014,2,3,,,,,
400547848,s:20~l:23~e:400547848~c:400547848,2014-09-14T00:15Z,60479,True,False,True,False,True,False,2014-09-14T00:15Z,FOX,[],,,national,FOX,1,STD,3687,AT&T Stadium,Arlington,TX,USA,True,0.0,0:00,4,3,STATUS_FINAL,post,True,Final,Final,Final,4,251,s:20~l:23~t:251,Texas,Longhorns,TEX,Texas Longhorns,Texas,af5c37,ffffff,True,3910,https://a.espncdn.com/i/teamlogos/ncaa/500/251.png,4,17,False,99,"[{'value': 0.0, 'displayValue': '0', 'period': 1}
 {'value': 10.0, 'displayValue': '10', 'period': 2}
 {'value': 0.0, 'displayValue': '0', 'period': 3}
 {'value': 7.0, 'displayValue': '7', 'period': 4}]","[{'name': 'overall', 'abbreviation': 'Game', 'type': 'total', 'summary': '1-2'}
 {'name': 'Home', 'abbreviation': None, 'type': 'home', 'summary': '1-1'}
 {'name': 'Road', 'abbreviation': None, 'type': 'road', 'summary': '0-0'}
 {'name': 'vs. Conf.', 'abbreviation': None, 'type': 'vsconf', 'summary': '0-0'}]",26,s:20~l:23~t:26,UCLA,Bruins,UCLA,UCLA Bruins,UCLA,2774ae,f2a900,True,1056,https://a.espncdn.com/i/teamlogos/ncaa/500/26.png,9,20,True,12,"[{'value': 3.0, 'displayValue': '3', 'period': 1}
 {'value': 0.0, 'displayValue': '0', 'period': 2}
 {'value': 7.0, 'displayValue': '7', 'period': 3}
 {'value': 10.0, 'displayValue': '10', 'period': 4}]","[{'name': 'overall', 'abbreviation': 'Game', 'type': 'total', 'summary': '3-0'}
 {'name': 'Home', 'abbreviation': None, 'type': 'home', 'summary': '1-0'}
 {'name': 'Road', 'abbreviation': None, 'type': 'road', 'summary': '1-0'}
 {'name': 'vs. Conf.', 'abbreviation': None, 'type': 'vsconf', 'summary': '0-0'}]",400547848,2014,2,3,,,,,
400548390,s:20~l:23~e:400548390~c:400548390,2014-09-13T20:00Z,60937,True,False,False,False,True,False,2014-09-13T20:00Z,SEC Network,[],,,national,SEC Network,1,STD,3974,Vaught-Hemingway Stadium,Oxford,MS,USA,False,0.0,0:00,4,3,STATUS_FINAL,post,True,Final,Final,Final,4,145,s:20~l:23~t:145,Ole Miss,Rebels,MISS,Ole Miss Rebels,Ole Miss,13294b,cf142b,True,3974,https://a.espncdn.com/i/teamlogos/ncaa/500/145.png,8,56,True,14,"[{'value': 14.0, 'displayValue': '14', 'period': 1}
 {'value': 14.0, 'displayValue': '14', 'period': 2}
 {'value': 21.0, 'displayValue': '21', 'period': 3}
 {'value': 7.0, 'displayValue': '7', 'period': 4}]","[{'name': 'overall', 'abbreviation': 'Game', 'type': 'total', 'summary': '3-0'}
 {'name': 'Home', 'abbreviation': None, 'type': 'home', 'summary': '1-0'}
 {'name': 'Road', 'abbreviation': None, 'type': 'road', 'summary': '1-0'}
 {'name': 'vs. Conf.', 'abbreviation': None, 'type': 'vsconf', 'summary': '1-0'}]",309,s:20~l:23~t:309,Louisiana,Ragin' Cajuns,ULL,Louisiana Ragin' Cajuns,Louisiana,ce181e,000000,True,3666,https://a.espncdn.com/i/teamlogos/ncaa/500/309.png,37,15,False,99,"[{'value': 0.0, 'displayValue': '0', 'period': 1}
 {'value': 6.0, 'displayValue': '6', 'period': 2}
 {'value': 7.0, 'displayValue': '7', 'period': 3}
 {'value': 2.0, 'displayValue': '2', 'period': 4}]","[{'name': 'overall', 'abbreviation': 'Game', 'type': 'total', 'summary': '1-2'}
 {'name': 'Home', 'abbreviation': None, 'type': 'home', 'summary': '1-1'}
 {'name': 'Road', 'abbreviation': None, 'type': 'road', 'summary': '0-1'}
 {'name': 'vs. Conf.', 'abbreviation': None, 'type': 'vsconf', 'summary': '0-0'}]",400548390,2014,2,3,,,,,
400548265,s:20~l:23~e:400548265~c:400548265,2014-09-13T21:00Z,49680,True,False,False,False,True,False,2014-09-13T21:00Z,PACN,[],,,national,PACN,1,STD,3940,Stanford Stadium,Stanford,CA,USA,False,0.0,0:00,4,3,STATUS_FINAL,post,True,Final,Final,Final,4,24,s:20~l:23~t:24,Stanford,Cardinal,STAN,Stanford Cardinal,Stanford,8c1515,ffffff,True,3940,https://a.espncdn.com/i/teamlogos/ncaa/500/24.png,9,35,True,15,"[{'value': 7.0, 'displayValue': '7', 'period': 1}
 {'value': 7.0, 'displayValue': '7', 'period': 2}
 {'value': 7.0, 'displayValue': '7', 'period': 3}
 {'value': 14.0, 'displayValue': '14', 'period': 4}]","[{'name': 'overall', 'abbreviation': 'Game', 'type': 'total', 'summary': '2-1'}
 {'name': 'Home', 'abbreviation': None, 'type': 'home', 'summary': '2-1'}
 {'name': 'Road', 'abbreviation': None, 'type': 'road', 'summary': '0-0'}
 {'name': 'vs. Conf.', 'abbreviation': None, 'type': 'vsconf', 'summary': '0-1'}]",349,s:20~l:23~t:349,Army,Black Knights,ARMY,Army Black Knights,Army,000000,d3bc8d,True,3841,https://a.espncdn.com/i/teamlogos/ncaa/500/349.png,18,0,False,99,"[{'value': 0.0, 'displayValue': '0', 'period': 1}
 {'value': 0.0, 'displayValue': '0', 'period': 2}
 {'value': 0.0, 'displayValue': '0', 'period': 3}
 {'value': 0.0, 'displayValue': '0', 'period': 4}]","[{'name': 'overall', 'abbreviation': 'Game', 'type': 'total', 'summary': '1-1'}
 {'name': 'Home', 'abbreviation': None, 'type': 'home', 'summary': '1-0'}
 {'name': 'Road', 'abbreviation': None, 'type': 'road', 'summary': '0-1'}
 {'name': 'vs. Conf.', 'abbreviation': None, 'type': 'vsconf', 'summary': '0-0'}]",400548265,2014,2,3,,,,,
400548263,s:20~l:23~e:400548263~c:400548263,2014-09-14T02:00Z,38547,True,False,False,True,True,False,2014-09-14T02:00Z,ESPNU,[],,,national,ESPNU,1,STD,3726,Folsom Field,Boulder,CO,USA,False,0.0,0:00,4,3,STATUS_FINAL,post,True,Final,Final,Final,4,38,s:20~l:23~t:38,Colorado,Buffaloes,COLO,Colorado Buffaloes,Colorado,cfb87c,000000,True,3726,https://a.espncdn.com/i/teamlogos/ncaa/500/38.png,9,24,False,99,"[{'value': 0.0, 'displayValue': '0', 'period': 1}
 {'value': 14.0, 'displayValue': '14', 'period': 2}
 {'value': 3.0, 'displayValue': '3', 'period': 3}
 {'value': 7.0, 'displayValue': '7', 'period': 4}]","[{'name': 'overall', 'abbreviation': 'Game', 'type': 'total', 'summary': '1-2'}
 {'name': 'Home', 'abbreviation': None, 'type': 'home', 'summary': '0-1'}
 {'name': 'Road', 'abbreviation': None, 'type': 'road', 'summary': '1-0'}
 {'name': 'vs. Conf.', 'abbreviation': None, 'type': 'vsconf', 'summary': '0-1'}]",9,s:20~l:23~t:9,Arizona State,Sun Devils,ASU,Arizona State Sun Devils,Arizona State,ffc627,8c1d40,True,3947,https://a.espncdn.com/i/teamlogos/ncaa/500/9.png,9,38,True,16,"[{'value': 14.0, 'displayValue': '14', 'period': 1}
 {'value': 10.0, 'displayValue': '10', 'period': 2}
 {'value': 14.0, 'displayValue': '14', 'period': 3}
 {'value': 0.0, 'displayValue': '0', 'period': 4}]","[{'name': 'overall', 'abbreviation': 'Game', 'type': 'total', 'summary': '3-0'}
 {'name': 'Home', 'abbreviation': None, 'type': 'home', 'summary': '1-0'}
 {'name': 'Road', 'abbreviation': None, 'type': 'road', 'summary': '2-0'}
 {'name': 'vs. Conf.', 'abbreviation': None, 'type': 'vsconf', 'summary': '1-0'}]",400548263,2014,2,3,9,Pac-12 Conference,Pac-12,True,
400547662,s:20~l:23~e:400547662~c:400547662,2014-09-13T16:00Z,0,True,False,False,False,True,False,2014-09-13T16:00Z,ESPN,[],,,national,ESPN,1,STD,3799,Lane Stadium,Blacksburg,VA,USA,False,0.0,0:00,4,3,STATUS_FINAL,post,True,Final,Final,Final,4,259,s:20~l:23~t:259,Virginia Tech,Hokies,VT,Virginia Tech Hokies,Virginia Tech,6a2c3e,cf4520,True,3799,https://a.espncdn.com/i/teamlogos/ncaa/500/259.png,1,21,False,17,"[{'value': 0.0, 'displayValue': '0', 'period': 1}
 {'value': 7.0, 'displayValue': '7', 'period': 2}
 {'value': 0.0, 'displayValue': '0', 'period': 3}
 {'value': 14.0, 'displayValue': '14', 'period': 4}]","[{'name': 'overall', 'abbreviation': 'Game', 'type': 'total', 'summary': '2-1'}
 {'name': 'Home', 'abbreviation': None, 'type': 'home', 'summary': '1-1'}
 {'name': 'Road', 'abbreviation': None, 'type': 'road', 'summary': '1-0'}
 {'name': 'vs. Conf.', 'abbreviation': None, 'type': 'vsconf', 'summary': '0-0'}]",151,s:20~l:23~t:151,East Carolina,Pirates,ECU,East Carolina Pirates,ECU,582c83,ffc72c,True,3699,https://a.espncdn.com/i/teamlogos/ncaa/500/151.png,151,28,True,99,"[{'value': 21.0, 'displayValue': '21', 'period': 1}
 {'value': 0.0, 'displayValue': '0', 'period': 2}
 {'value': 0.0, 'displayValue': '0', 'period': 3}
 {'value': 7.0, 'displayValue': '7', 'period': 4}]","[{'name': 'overall', 'abbreviation': 'Game', 'type': 'total', 'summary': '2-1'}
 {'name': 'Home', 'abbreviation': None, 'type': 'home', 'summary': '1-0'}
 {'name': 'Road', 'abbreviation': None, 'type': 'road', 'summary': '1-1'}
 {'name': 'vs. Conf.', 'abbreviation': None, 'type': 'vsconf', 'summary': '0-0'}]",400547662,2014,2,3,,,,,
400547660,s:20~l:23~e:400547660~c:400547660,2014-09-13T16:00Z,60348,True,False,False,False,True,False,2014-09-13T16:00Z,SEC Network,[],,,national,SEC Network,1,STD,3838,Memorial Stadium,Columbia,MO,USA,False,0.0,0:00,4,3,STATUS_FINAL,post,True,Final,Final,Final,4,142,s:20~l:23~t:142,Missouri,Tigers,MIZ,Missouri Tigers,Missouri,f1b82d,000000,True,3838,https://a.espncdn.com/i/teamlogos/ncaa/500/142.png,8,38,True,20,"[{'value': 7.0, 'displayValue': '7', 'period': 1}
 {'value': 7.0, 'displayValue': '7', 'period': 2}
 {'value': 7.0, 'displayValue': '7', 'period': 3}
 {'value': 17.0, 'displayValue': '17', 'period': 4}]","[{'name': 'overall', 'abbreviation': 'Game', 'type': 'total', 'summary': '3-0'}
 {'name': 'Home', 'abbreviation': None, 'type': 'home', 'summary': '2-0'}
 {'name': 'Road', 'abbreviation': None, 'type': 'road', 'summary': '1-0'}
 {'name': 'vs. Conf.', 'abbreviation': None, 'type': 'vsconf', 'summary': '0-0'}]",2116,s:20~l:23~t:2116,UCF,Knights,UCF,UCF Knights,UCF,000000,b4a169,True,3652,https://a.espncdn.com/i/teamlogos/ncaa/500/2116.png,151,10,False,99,"[{'value': 3.0, 'displayValue': '3', 'period': 1}
 {'value': 7.0, 'displayValue': '7', 'period': 2}
 {'value': 0.0, 'displayValue': '0', 'period': 3}
 {'value': 0.0, 'displayValue': '0', 'period': 4}]","[{'name': 'overall', 'abbreviation': 'Game', 'type': 'total', 'summary': '0-2'}
 {'name': 'Home', 'abbreviation': None, 'type': 'home', 'summary': '0-0'}
 {'name': 'Road', 'abbreviation': None, 'type': 'road', 'summary': '0-1'}
 {'name': 'vs. Conf.', 'abbreviation': None, 'type': 'vsconf', 'summary': '0-0'}]",400547660,2014,2,3,,,,,
400547781,s:20~l:23~e:400547781~c:400547781,2014-09-13T16:30Z,34816,True,False,False,True,True,False,2014-09-13T16:30Z,ESPN3,[],,,national,ESPN3,1,STD,3923,Scott Stadium,Charlottesville,VA,USA,False,0.0,0:00,4,3,STATUS_FINAL,post,True,Final,Final,Final,4,258,s:20~l:23~t:258,Virginia,Cavaliers,UVA,Virginia Cavaliers,UVA,232d4b,f84c1e,True,3923,https://a.espncdn.com/i/teamlogos/ncaa/500/258.png,1,23,True,99,"[{'value': 7.0, 'displayValue': '7', 'period': 1}
 {'value': 3.0, 'displayValue': '3', 'period': 2}
 {'value': 10.0, 'displayValue': '10', 'period': 3}
 {'value': 3.0, 'displayValue': '3', 'period': 4}]","[{'name': 'overall', 'abbreviation': 'Game', 'type': 'total', 'summary': '2-1'}
 {'name': 'Home', 'abbreviation': None, 'type': 'home', 'summary': '2-1'}
 {'name': 'Road', 'abbreviation': None, 'type': 'road', 'summary': '0-0'}
 {'name': 'vs. Conf.', 'abbreviation': None, 'type': 'vsconf', 'summary': '1-0'}]",97,s:20~l:23~t:97,Louisville,Cardinals,LOU,Louisville Cardinals,Louisville,c9001f,ffffff,True,3873,https://a.espncdn.com/i/teamlogos/ncaa/500/97.png,1,21,False,21,"[{'value': 7.0, 'displayValue': '7', 'period': 1}
 {'value': 0.0, 'displayValue': '0', 'period': 2}
 {'value': 0.0, 'displayValue': '0', 'period': 3}
 {'value': 14.0, 'displayValue': '14', 'period': 4}]","[{'name': 'overall', 'abbreviation': 'Game', 'type': 'total', 'summary': '2-1'}
 {'name': 'Home', 'abbreviation': None, 'type': 'home', 'summary': '2-0'}
 {'name': 'Road', 'abbreviation': None, 'type': 'road', 'summary': '0-1'}
 {'name': 'vs. Conf.', 'abbreviation': None, 'type': 'vsconf', 'summary': '1-1'}]",400547781,2014,2,3,1,Atlantic Coast Conference,ACC,True,
400547983,s:20~l:23~e:400547983~c:400547983,2014-09-13T16:00Z,104404,True,False,False,False,True,False,2014-09-13T16:00Z,ABC/ESPN2,[],,,national,ABC,1,STD,3861,Ohio Stadium,Columbus,OH,USA,False,0.0,0:00,4,3,STATUS_FINAL,post,True,Final,Final,Final,4,194,s:20~l:23~t:194,Ohio State,Buckeyes,OSU,Ohio State Buckeyes,OSU,ba0c2f,a8adb4,True,3861,https://a.espncdn.com/i/teamlogos/ncaa/500/194.png,5,66,True,22,"[{'value': 21.0, 'displayValue': '21', 'period': 1}
 {'value': 24.0, 'displayValue': '24', 'period': 2}
 {'value': 14.0, 'displayValue': '14', 'period': 3}
 {'value': 7.0, 'displayValue': '7', 'period': 4}]","[{'name': 'overall', 'abbreviation': 'Game', 'type': 'total', 'summary': '2-1'}
 {'name': 'Home', 'abbreviation': None, 'type': 'home', 'summary': '1-1'}
 {'name': 'Road', 'abbreviation': None, 'type': 'road', 'summary': '1-0'}
 {'name': 'vs. Conf.', 'abbreviation': None, 'type': 'vsconf', 'summary': '0-0'}]",2309,s:20~l:23~t:2309,Kent State,Golden Flashes,KENT,Kent State Golden Flashes,Kent State,002664,eaab00,True,3696,https://a.espncdn.com/i/teamlogos/ncaa/500/2309.png,15,0,False,99,"[{'value': 0.0, 'displayValue': '0', 'period': 1}
 {'value': 0.0, 'displayValue': '0', 'period': 2}
 {'value': 0.0, 'displayValue': '0', 'period': 3}
 {'value': 0.0, 'displayValue': '0', 'period': 4}]","[{'name': 'overall', 'abbreviation': 'Game', 'type': 'total', 'summary': '0-3'}
 {'name': 'Home', 'abbreviation': None, 'type': 'home', 'summary': '0-2'}
 {'name': 'Road', 'abbreviation': None, 'type': 'road', 'summary': '0-1'}
 {'name': 'vs. Conf.', 'abbreviation': None, 'type': 'vsconf', 'summary': '0-1'}]",400547983,2014,2,3,,,,,
400547661,s:20~l:23~e:400547661~c:400547661,2014-09-13T16:00Z,30098,True,False,False,False,True,False,2014-09-13T16:00Z,ABC/ESPN2,[],,,national,ABC,1,STD,3892,Pratt & Whitney Stadium,East Hartford,CT,USA,False,0.0,0:00,4,3,STATUS_FINAL,post,True,Final,Final,Final,4,41,s:20~l:23~t:41,Connecticut,Huskies,CONN,Connecticut Huskies,UConn,0c2340,a2aaad,False,3892,https://a.espncdn.com/i/teamlogos/ncaa/500/41.png,151,21,False,99,"[{'value': 3.0, 'displayValue': '3', 'period': 1}
 {'value': 7.0, 'displayValue': '7', 'period': 2}
 {'value': 11.0, 'displayValue': '11', 'period': 3}
 {'value': 0.0, 'displayValue': '0', 'period': 4}]","[{'name': 'overall', 'abbreviation': 'Game', 'type': 'total', 'summary': '1-2'}
 {'name': 'Home', 'abbreviation': None, 'type': 'home', 'summary': '1-2'}
 {'name': 'Road', 'abbreviation': None, 'type': 'road', 'summary': '0-0'}
 {'name': 'vs. Conf.', 'abbreviation': None, 'type': 'vsconf', 'summary': '0-0'}]",68,s:20~l:23~t:68,Boise State,Broncos,BSU,Boise State Broncos,Boise St,0033a0,d64309,True,3653,https://a.espncdn.com/i/teamlogos/ncaa/500/68.png,17,38,True,99,"[{'value': 7.0, 'displayValue': '7', 'period': 1}
 {'value': 14.0, 'displayValue': '14', 'period': 2}
 {'value': 3.0, 'displayValue': '3', 'period': 3}
 {'value': 14.0, 'displayValue': '14', 'period': 4}]","[{'name': 'overall', 'abbreviation': 'Game', 'type': 'total', 'summary': '2-1'}
 {'name': 'Home', 'abbreviation': None, 'type': 'home', 'summary': '1-0'}
 {'name': 'Road', 'abbreviation': None, 'type': 'road', 'summary': '1-0'}
 {'name': 'vs. Conf.', 'abbreviation': None, 'type': 'vsconf', 'summary': '1-0'}]",400547661,2014,2,3,,,,,
400547773,s:20~l:23~e:400547773~c:400547773,2014-09-13T16:00Z,53173,True,False,False,False,True,False,2014-09-13T16:00Z,ESPN3,[],,,national,ESPN3,1,STD,721,Bobby Dodd Stadium,Atlanta,GA,USA,False,0.0,0:00,4,3,STATUS_FINAL,post,True,Final,Final,Final,4,59,s:20~l:23~t:59,Georgia Tech,Yellow Jackets,GT,Georgia Tech Yellow Jackets,Georgia Tech,b3a369,ffffff,True,721,https://a.espncdn.com/i/teamlogos/ncaa/500/59.png,1,42,True,99,"[{'value': 14.0, 'displayValue': '14', 'period': 1}
 {'value': 21.0, 'displayValue': '21', 'period': 2}
 {'value': 0.0, 'displayValue': '0', 'period': 3}
 {'value': 7.0, 'displayValue': '7', 'period': 4}]","[{'name': 'overall', 'abbreviation': 'Game', 'type': 'total', 'summary': '3-0'}
 {'name': 'Home', 'abbreviation': None, 'type': 'home', 'summary': '2-0'}
 {'name': 'Road', 'abbreviation': None, 'type': 'road', 'summary': '1-0'}
 {'name': 'vs. Conf.', 'abbreviation': None, 'type': 'vsconf', 'summary': '0-0'}]",290,s:20~l:23~t:290,Georgia Southern,Eagles,GASO,Georgia Southern Eagles,Ga Southern,041e42,a3aaae,True,3608,https://a.espncdn.com/i/teamlogos/ncaa/500/290.png,37,38,False,99,"[{'value': 7.0, 'displayValue': '7', 'period': 1}
 {'value': 3.0, 'displayValue': '3', 'period': 2}
 {'value': 20.0, 'displayValue': '20', 'period': 3}
 {'value': 8.0, 'displayValue': '8', 'period': 4}]","[{'name': 'overall', 'abbreviation': 'Game', 'type': 'total', 'summary': '1-2'}
 {'name': 'Home', 'abbreviation': None, 'type': 'home', 'summary': '1-0'}
 {'name': 'Road', 'abbreviation': None, 'type': 'road', 'summary': '0-2'}
 {'name': 'vs. Conf.', 'abbreviation': None, 'type': 'vsconf', 'summary': '0-0'}]",400547773,2014,2,3,,,,,
400547809,s:20~l:23~e:400547809~c:400547809,2014-09-13T16:00Z,10147,True,False,False,False,False,False,2014-09-13T16:00Z,FS1,[],,,national,FS1,1,STD,218,Riccardo Silva Stadium,Miami,FL,USA,False,0.0,0:00,4,3,STATUS_FINAL,post,True,Final,Final,Final,4,2229,s:20~l:23~t:2229,Florida Intl,Golden Panthers,FIU,Florida Intl Golden Panthers,FIU,091f3f,c3993f,False,218,https://a.espncdn.com/i/teamlogos/ncaa/500/2229.png,12,25,False,99,"[{'value': 16.0, 'displayValue': '16', 'period': 1}
 {'value': 0.0, 'displayValue': '0', 'period': 2}
 {'value': 0.0, 'displayValue': '0', 'period': 3}
 {'value': 9.0, 'displayValue': '9', 'period': 4}]","[{'name': 'overall', 'abbreviation': 'Game', 'type': 'total', 'summary': '1-2'}
 {'name': 'Home', 'abbreviation': None, 'type': 'home', 'summary': '1-2'}
 {'name': 'Road', 'abbreviation': None, 'type': 'road', 'summary': '0-0'}
 {'name': 'vs. Conf.', 'abbreviation': None, 'type': 'vsconf', 'summary': '0-0'}]",221,s:20~l:23~t:221,Pittsburgh,Panthers,PITT,Pittsburgh Panthers,Pitt,003594,ffb81c,True,3752,https://a.espncdn.com/i/teamlogos/ncaa/500/221.png,1,42,True,99,"[{'value': 0.0, 'displayValue': '0', 'period': 1}
 {'value': 14.0, 'displayValue': '14', 'period': 2}
 {'value': 12.0, 'displayValue': '12', 'period': 3}
 {'value': 16.0, 'displayValue': '16', 'period': 4}]","[{'name': 'overall', 'abbreviation': 'Game', 'type': 'total', 'summary': '3-0'}
 {'name': 'Home', 'abbreviation': None, 'type': 'home', 'summary': '1-0'}
 {'name': 'Road', 'abbreviation': None, 'type': 'road', 'summary': '2-0'}
 {'name': 'vs. Conf.', 'abbreviation': None, 'type': 'vsconf', 'summary': '1-0'}]",400547809,2014,2,3,,,,,
400547816,s:20~l:23~e:400547816~c:400547816,2014-09-13T16:00Z,25531,True,False,False,False,True,False,2014-09-13T16:00Z,ESPNEWS,[],,,national,ESPNEWS,1,STD,3786,Kelly/Shorts Stadium,Mount Pleasant,MI,USA,False,0.0,0:00,4,3,STATUS_FINAL,post,True,Final,Final,Final,4,2117,s:20~l:23~t:2117,Central Michigan,Chippewas,CMU,Central Michigan Chippewas,Cent Michigan,4c0027,fbab18,True,3786,https://a.espncdn.com/i/teamlogos/ncaa/500/2117.png,15,3,False,99,"[{'value': 3.0, 'displayValue': '3', 'period': 1}
 {'value': 0.0, 'displayValue': '0', 'period': 2}
 {'value': 0.0, 'displayValue': '0', 'period': 3}
 {'value': 0.0, 'displayValue': '0', 'period': 4}]","[{'name': 'overall', 'abbreviation': 'Game', 'type': 'total', 'summary': '2-1'}
 {'name': 'Home', 'abbreviation': None, 'type': 'home', 'summary': '1-1'}
 {'name': 'Road', 'abbreviation': None, 'type': 'road', 'summary': '1-0'}
 {'name': 'vs. Conf.', 'abbreviation': None, 'type': 'vsconf', 'summary': '0-0'}]",183,s:20~l:23~t:183,Syracuse,Orange,SYR,Syracuse Orange,Syracuse,000e54,ff431b,True,1964,https://a.espncdn.com/i/teamlogos/ncaa/500/183.png,1,40,True,99,"[{'value': 0.0, 'displayValue': '0', 'period': 1}
 {'value': 17.0, 'displayValue': '17', 'period': 2}
 {'value': 16.0, 'displayValue': '16', 'period': 3}
 {'value': 7.0, 'displayValue': '7', 'period': 4}]","[{'name': 'overall', 'abbreviation': 'Game', 'type': 'total', 'summary': '2-0'}
 {'name': 'Home', 'abbreviation': None, 'type': 'home', 'summary': '1-0'}
 {'name': 'Road', 'abbreviation': None, 'type': 'road', 'summary': '1-0'}
 {'name': 'vs. Conf.', 'abbreviation': None, 'type': 'vsconf', 'summary': '0-0'}]",400547816,2014,2,3,,,,,
400547849,s:20~l:23~e:400547849~c:400547849,2014-09-13T16:00Z,48154,True,False,False,False,True,False,2014-09-13T16:00Z,BTN,[],,,national,BTN,1,STD,3665,SECU Stadium,College Park,MD,USA,False,0.0,0:00,4,3,STATUS_FINAL,post,True,Final,Final,Final,4,120,s:20~l:23~t:120,Maryland,Terrapins,MD,Maryland Terrapins,Maryland,ce1126,ffffff,True,3665,https://a.espncdn.com/i/teamlogos/ncaa/500/120.png,5,37,False,99,"[{'value': 0.0, 'displayValue': '0', 'period': 1}
 {'value': 20.0, 'displayValue': '20', 'period': 2}
 {'value': 7.0, 'displayValue': '7', 'period': 3}
 {'value': 10.0, 'displayValue': '10', 'period': 4}]","[{'name': 'overall', 'abbreviation': 'Game', 'type': 'total', 'summary': '2-1'}
 {'name': 'Home', 'abbreviation': None, 'type': 'home', 'summary': '1-1'}
 {'name': 'Road', 'abbreviation': None, 'type': 'road', 'summary': '1-0'}
 {'name': 'vs. Conf.', 'abbreviation': None, 'type': 'vsconf', 'summary': '0-0'}]",277,s:20~l:23~t:277,West Virginia,Mountaineers,WVU,West Virginia Mountaineers,West Virginia,eaaa00,002855,True,3842,https://a.espncdn.com/i/teamlogos/ncaa/500/277.png,4,40,True,99,"[{'value': 14.0, 'displayValue': '14', 'period': 1}
 {'value': 14.0, 'displayValue': '14', 'period': 2}
 {'value': 9.0, 'displayValue': '9', 'period': 3}
 {'value': 3.0, 'displayValue': '3', 'period': 4}]","[{'name': 'overall', 'abbreviation': 'Game', 'type': 'total', 'summary': '2-1'}
 {'name': 'Home', 'abbreviation': None, 'type': 'home', 'summary': '1-0'}
 {'name': 'Road', 'abbreviation': None, 'type': 'road', 'summary': '1-0'}
 {'name': 'vs. Conf.', 'abbreviation': None, 'type': 'vsconf', 'summary': '0-0'}]",400547849,2014,2,3,,,,,
400547917,s:20~l:23~e:400547917~c:400547917,2014-09-13T16:00Z,23717,True,False,False,False,True,False,2014-09-13T16:00Z,ESPNU,[],,,national,ESPNU,1,STD,3700,Doyt L. Perry Stadium,Bowling Green,OH,USA,False,0.0,0:00,4,3,STATUS_FINAL,post,True,Final,Final,Final,4,189,s:20~l:23~t:189,Bowling Green,Falcons,BGSU,Bowling Green Falcons,Bowling Green,fd5000,4f2c1d,True,3700,https://a.espncdn.com/i/teamlogos/ncaa/500/189.png,15,45,True,99,"[{'value': 3.0, 'displayValue': '3', 'period': 1}
 {'value': 9.0, 'displayValue': '9', 'period': 2}
 {'value': 14.0, 'displayValue': '14', 'period': 3}
 {'value': 19.0, 'displayValue': '19', 'period': 4}]","[{'name': 'overall', 'abbreviation': 'Game', 'type': 'total', 'summary': '2-1'}
 {'name': 'Home', 'abbreviation': None, 'type': 'home', 'summary': '2-0'}
 {'name': 'Road', 'abbreviation': None, 'type': 'road', 'summary': '0-1'}
 {'name': 'vs. Conf.', 'abbreviation': None, 'type': 'vsconf', 'summary': '0-0'}]",84,s:20~l:23~t:84,Indiana,Hoosiers,IND,Indiana Hoosiers,Indiana,970310,ffffff,True,3830,https://a.espncdn.com/i/teamlogos/ncaa/500/84.png,5,42,False,99,"[{'value': 7.0, 'displayValue': '7', 'period': 1}
 {'value': 7.0, 'displayValue': '7', 'period': 2}
 {'value': 14.0, 'displayValue': '14', 'period': 3}
 {'value': 14.0, 'displayValue': '14', 'period': 4}]","[{'name': 'overall', 'abbreviation': 'Game', 'type': 'total', 'summary': '1-1'}
 {'name': 'Home', 'abbreviation': None, 'type': 'home', 'summary': '1-0'}
 {'name': 'Road', 'abbreviation': None, 'type': 'road', 'summary': '0-1'}
 {'name': 'vs. Conf.', 'abbreviation': None, 'type': 'vsconf', 'summary': '0-0'}]",400547917,2014,2,3,,,,,
400548019,s:20~l:23~e:400548019~c:400548019,2014-09-13T16:00Z,31710,True,False,False,False,True,False,2014-09-13T16:00Z,CBSSN,[],,,national,CBSSN,1,STD,3775,Joan C. Edwards Stadium,Huntington,WV,USA,False,0.0,0:00,4,3,STATUS_FINAL,post,True,Final,Final,Final,4,276,s:20~l:23~t:276,Marshall,Thundering Herd,MRSH,Marshall Thundering Herd,Marshall,00b140,000000,True,3775,https://a.espncdn.com/i/teamlogos/ncaa/500/276.png,12,44,True,99,"[{'value': 17.0, 'displayValue': '17', 'period': 1}
 {'value': 10.0, 'displayValue': '10', 'period': 2}
 {'value': 14.0, 'displayValue': '14', 'period': 3}
 {'value': 3.0, 'displayValue': '3', 'period': 4}]","[{'name': 'overall', 'abbreviation': 'Game', 'type': 'total', 'summary': '3-0'}
 {'name': 'Home', 'abbreviation': None, 'type': 'home', 'summary': '2-0'}
 {'name': 'Road', 'abbreviation': None, 'type': 'road', 'summary': '1-0'}
 {'name': 'vs. Conf.', 'abbreviation': None, 'type': 'vsconf', 'summary': '0-0'}]",195,s:20~l:23~t:195,Ohio,Bobcats,OHIO,Ohio Bobcats,Ohio,154734,ffffff,True,3876,https://a.espncdn.com/i/teamlogos/ncaa/500/195.png,15,14,False,99,"[{'value': 0.0, 'displayValue': '0', 'period': 1}
 {'value': 0.0, 'displayValue': '0', 'period': 2}
 {'value': 7.0, 'displayValue': '7', 'period': 3}
 {'value': 7.0, 'displayValue': '7', 'period': 4}]","[{'name': 'overall', 'abbreviation': 'Game', 'type': 'total', 'summary': '1-2'}
 {'name': 'Home', 'abbreviation': None, 'type': 'home', 'summary': '0-0'}
 {'name': 'Road', 'abbreviation': None, 'type': 'road', 'summary': '1-2'}
 {'name': 'vs. Conf.', 'abbreviation': None, 'type': 'vsconf', 'summary': '1-0'}]",400548019,2014,2,3,,,,,
400548109,s:20~l:23~e:400548109~c:400548109,2014-09-13T16:00Z,33386,True,False,False,False,True,False,2014-09-13T16:00Z,ESPN3,[],,,national,ESPN3,1,STD,3973,FirstBank Stadium,Nashville,TN,USA,False,0.0,0:00,4,3,STATUS_FINAL,post,True,Final,Final,Final,4,238,s:20~l:23~t:238,Vanderbilt,Commodores,VAN,Vanderbilt Commodores,Vanderbilt,000000,cfae70,True,3973,https://a.espncdn.com/i/teamlogos/ncaa/500/238.png,8,34,True,99,"[{'value': 0.0, 'displayValue': '0', 'period': 1}
 {'value': 20.0, 'displayValue': '20', 'period': 2}
 {'value': 0.0, 'displayValue': '0', 'period': 3}
 {'value': 14.0, 'displayValue': '14', 'period': 4}]","[{'name': 'overall', 'abbreviation': 'Game', 'type': 'total', 'summary': '1-2'}
 {'name': 'Home', 'abbreviation': None, 'type': 'home', 'summary': '1-2'}
 {'name': 'Road', 'abbreviation': None, 'type': 'road', 'summary': '0-0'}
 {'name': 'vs. Conf.', 'abbreviation': None, 'type': 'vsconf', 'summary': '0-1'}]",113,s:20~l:23~t:113,Massachusetts,Minutemen,UMASS,Massachusetts Minutemen,UMass,881c1c,ffffff,True,3985,https://a.espncdn.com/i/teamlogos/ncaa/500/113.png,15,31,False,99,"[{'value': 14.0, 'displayValue': '14', 'period': 1}
 {'value': 10.0, 'displayValue': '10', 'period': 2}
 {'value': 7.0, 'displayValue': '7', 'period': 3}
 {'value': 0.0, 'displayValue': '0', 'period': 4}]","[{'name': 'overall', 'abbreviation': 'Game', 'type': 'total', 'summary': '0-3'}
 {'name': 'Home', 'abbreviation': None, 'type': 'home', 'summary': '0-2'}
 {'name': 'Road', 'abbreviation': None, 'type': 'road', 'summary': '0-1'}
 {'name': 'vs. Conf.', 'abbreviation': None, 'type': 'vsconf', 'summary': '0-0'}]",400548109,2014,2,3,,,,,
400548189,s:20~l:23~e:400548189~c:400548189,2014-09-13T18:00Z,16836,True,False,False,False,True,False,2014-09-13T18:00Z,ESPN3,[],,,national,ESPN3,1,STD,3495,Georgia Dome,Atlanta,GA,USA,True,0.0,0:00,4,3,STATUS_FINAL,post,True,Final,Final,Final,4,2247,s:20~l:23~t:2247,Georgia State,Panthers,GAST,Georgia State Panthers,Georgia State,0039a6,ffffff,True,4246,https://a.espncdn.com/i/teamlogos/ncaa/500/2247.png,37,38,False,99,"[{'value': 0.0, 'displayValue': '0', 'period': 1}
 {'value': 10.0, 'displayValue': '10', 'period': 2}
 {'value': 14.0, 'displayValue': '14', 'period': 3}
 {'value': 14.0, 'displayValue': '14', 'period': 4}]","[{'name': 'overall', 'abbreviation': 'Game', 'type': 'total', 'summary': '1-2'}
 {'name': 'Home', 'abbreviation': None, 'type': 'home', 'summary': '1-2'}
 {'name': 'Road', 'abbreviation': None, 'type': 'road', 'summary': '0-0'}
 {'name': 'vs. Conf.', 'abbreviation': None, 'type': 'vsconf', 'summary': '0-1'}]",2005,s:20~l:23~t:2005,Air Force,Falcons,AFA,Air Force Falcons,Air Force,003594,ffffff,True,3713,https://a.espncdn.com/i/teamlogos/ncaa/500/2005.png,17,48,True,99,"[{'value': 14.0, 'displayValue': '14', 'period': 1}
 {'value': 17.0, 'displayValue': '17', 'period': 2}
 {'value': 7.0, 'displayValue': '7', 'period': 3}
 {'value': 10.0, 'displayValue': '10', 'period': 4}]","[{'name': 'overall', 'abbreviation': 'Game', 'type': 'total', 'summary': '2-1'}
 {'name': 'Home', 'abbreviation': None, 'type': 'home', 'summary': '1-0'}
 {'name': 'Road', 'abbreviation': None, 'type': 'road', 'summary': '1-1'}
 {'name': 'vs. Conf.', 'abbreviation': None, 'type': 'vsconf', 'summary': '0-1'}]",400548189,2014,2,3,,,,,
400548107,s:20~l:23~e:400548107~c:400548107,2014-09-13T19:00Z,15860,True,False,False,False,True,False,2014-09-13T19:00Z,ESPN3,[],,,national,ESPN3,1,STD,3919,Scheumann Stadium,Muncie,IN,USA,False,0.0,0:00,4,3,STATUS_FINAL,post,True,Final,Final,Final,4,2050,s:20~l:23~t:2050,Ball State,Cardinals,BALL,Ball State Cardinals,Ball State,ba0c2f,ffffff,True,3919,https://a.espncdn.com/i/teamlogos/ncaa/500/2050.png,15,20,False,99,"[{'value': 7.0, 'displayValue': '7', 'period': 1}
 {'value': 7.0, 'displayValue': '7', 'period': 2}
 {'value': 6.0, 'displayValue': '6', 'period': 3}
 {'value': 0.0, 'displayValue': '0', 'period': 4}]","[{'name': 'overall', 'abbreviation': 'Game', 'type': 'total', 'summary': '1-2'}
 {'name': 'Home', 'abbreviation': None, 'type': 'home', 'summary': '1-1'}
 {'name': 'Road', 'abbreviation': None, 'type': 'road', 'summary': '0-1'}
 {'name': 'vs. Conf.', 'abbreviation': None, 'type': 'vsconf', 'summary': '0-0'}]",282,s:20~l:23~t:282,Indiana State,Sycamores,INST,Indiana State Sycamores,Indiana State,00669a,f0f0f0,True,3829,https://a.espncdn.com/i/teamlogos/ncaa/500/282.png,21,27,True,99,"[{'value': 3.0, 'displayValue': '3', 'period': 1}
 {'value': 14.0, 'displayValue': '14', 'period': 2}
 {'value': 3.0, 'displayValue': '3', 'period': 3}
 {'value': 7.0, 'displayValue': '7', 'period': 4}]","[{'name': 'overall', 'abbreviation': 'Game', 'type': 'total', 'summary': '2-1'}
 {'name': 'Home', 'abbreviation': None, 'type': 'home', 'summary': '1-0'}
 {'name': 'Road', 'abbreviation': None, 'type': 'road', 'summary': '1-1'}
 {'name': 'vs. Conf.', 'abbreviation': None, 'type': 'vsconf', 'summary': '0-0'}]",400548107,2014,2,3,,,,,
400548190,s:20~l:23~e:400548190~c:400548190,2014-09-13T19:00Z,21202,True,False,False,False,True,False,2014-09-13T19:00Z,,[],,,,,1,STD,3761,Hughes Stadium (CO),Fort Collins,CO,USA,False,0.0,0:00,4,3,STATUS_FINAL,post,True,Final,Final,Final,4,36,s:20~l:23~t:36,Colorado State,Rams,CSU,Colorado State Rams,Colorado State,004c23,c8c372,True,3761,https://a.espncdn.com/i/teamlogos/ncaa/500/36.png,17,49,True,99,"[{'value': 21.0, 'displayValue': '21', 'period': 1}
 {'value': 7.0, 'displayValue': '7', 'period': 2}
 {'value': 0.0, 'displayValue': '0', 'period': 3}
 {'value': 21.0, 'displayValue': '21', 'period': 4}]","[{'name': 'overall', 'abbreviation': 'Game', 'type': 'total', 'summary': '2-1'}
 {'name': 'Home', 'abbreviation': None, 'type': 'home', 'summary': '1-0'}
 {'name': 'Road', 'abbreviation': None, 'type': 'road', 'summary': '0-1'}
 {'name': 'vs. Conf.', 'abbreviation': None, 'type': 'vsconf', 'summary': '0-1'}]",302,s:20~l:23~t:302,UC Davis,Aggies,UCD,UC Davis Aggies,UC Davis,002855,c3c4c6,True,3602,https://a.espncdn.com/i/teamlogos/ncaa/500/302.png,20,21,False,99,"[{'value': 7.0, 'displayValue': '7', 'period': 1}
 {'value': 0.0, 'displayValue': '0', 'period': 2}
 {'value': 0.0, 'displayValue': '0', 'period': 3}
 {'value': 14.0, 'displayValue': '14', 'period': 4}]","[{'name': 'overall', 'abbreviation': 'Game', 'type': 'total', 'summary': '1-2'}
 {'name': 'Home', 'abbreviation': None, 'type': 'home', 'summary': '1-0'}
 {'name': 'Road', 'abbreviation': None, 'type': 'road', 'summary': '0-2'}
 {'name': 'vs. Conf.', 'abbreviation': None, 'type': 'vsconf', 'summary': '0-0'}]",400548190,2014,2,3,,,,,
400547663,s:20~l:23~e:400547663~c:400547663,2014-09-13T19:30Z,27269,True,False,False,False,True,False,2014-09-13T19:30Z,CBSSN,[],,,national,CBSSN,1,STD,3886,Raymond James Stadium,Tampa,FL,USA,False,0.0,0:00,4,3,STATUS_FINAL,post,True,Final,Final,Final,4,58,s:20~l:23~t:58,South Florida,Bulls,USF,South Florida Bulls,USF,006747,cfc493,True,3886,https://a.espncdn.com/i/teamlogos/ncaa/500/58.png,151,17,False,99,"[{'value': 7.0, 'displayValue': '7', 'period': 1}
 {'value': 0.0, 'displayValue': '0', 'period': 2}
 {'value': 10.0, 'displayValue': '10', 'period': 3}
 {'value': 0.0, 'displayValue': '0', 'period': 4}]","[{'name': 'overall', 'abbreviation': 'Game', 'type': 'total', 'summary': '1-2'}
 {'name': 'Home', 'abbreviation': None, 'type': 'home', 'summary': '1-2'}
 {'name': 'Road', 'abbreviation': None, 'type': 'road', 'summary': '0-0'}
 {'name': 'vs. Conf.', 'abbreviation': None, 'type': 'vsconf', 'summary': '0-0'}]",152,s:20~l:23~t:152,NC State,Wolfpack,NCST,NC State Wolfpack,NC State,cc0000,ffffff,True,3670,https://a.espncdn.com/i/teamlogos/ncaa/500/152.png,1,49,True,99,"[{'value': 14.0, 'displayValue': '14', 'period': 1}
 {'value': 21.0, 'displayValue': '21', 'period': 2}
 {'value': 14.0, 'displayValue': '14', 'period': 3}
 {'value': 0.0, 'displayValue': '0', 'period': 4}]","[{'name': 'overall', 'abbreviation': 'Game', 'type': 'total', 'summary': '3-0'}
 {'name': 'Home', 'abbreviation': None, 'type': 'home', 'summary': '2-0'}
 {'name': 'Road', 'abbreviation': None, 'type': 'road', 'summary': '1-0'}
 {'name': 'vs. Conf.', 'abbreviation': None, 'type': 'vsconf', 'summary': '0-0'}]",400547663,2014,2,3,,,,,
400547753,s:20~l:23~e:400547753~c:400547753,2014-09-13T19:30Z,25203,True,False,False,False,True,False,2014-09-13T19:30Z,ESPN3,[],,,national,ESPN3,1,STD,3982,Wallace Wade Stadium,Durham,NC,USA,False,0.0,0:00,4,3,STATUS_FINAL,post,True,Final,Final,Final,4,150,s:20~l:23~t:150,Duke,Blue Devils,DUKE,Duke Blue Devils,Duke,00539b,ffffff,True,3982,https://a.espncdn.com/i/teamlogos/ncaa/500/150.png,1,41,True,99,"[{'value': 17.0, 'displayValue': '17', 'period': 1}
 {'value': 3.0, 'displayValue': '3', 'period': 2}
 {'value': 14.0, 'displayValue': '14', 'period': 3}
 {'value': 7.0, 'displayValue': '7', 'period': 4}]","[{'name': 'overall', 'abbreviation': 'Game', 'type': 'total', 'summary': '3-0'}
 {'name': 'Home', 'abbreviation': None, 'type': 'home', 'summary': '2-0'}
 {'name': 'Road', 'abbreviation': None, 'type': 'road', 'summary': '1-0'}
 {'name': 'vs. Conf.', 'abbreviation': None, 'type': 'vsconf', 'summary': '0-0'}]",2305,s:20~l:23~t:2305,Kansas,Jayhawks,KU,Kansas Jayhawks,Kansas,0051ba,e8000d,True,3833,https://a.espncdn.com/i/teamlogos/ncaa/500/2305.png,4,3,False,99,"[{'value': 3.0, 'displayValue': '3', 'period': 1}
 {'value': 0.0, 'displayValue': '0', 'period': 2}
 {'value': 0.0, 'displayValue': '0', 'period': 3}
 {'value': 0.0, 'displayValue': '0', 'period': 4}]","[{'name': 'overall', 'abbreviation': 'Game', 'type': 'total', 'summary': '1-1'}
 {'name': 'Home', 'abbreviation': None, 'type': 'home', 'summary': '1-0'}
 {'name': 'Road', 'abbreviation': None, 'type': 'road', 'summary': '0-1'}
 {'name': 'vs. Conf.', 'abbreviation': None, 'type': 'vsconf', 'summary': '0-0'}]",400547753,2014,2,3,,,,,
400547788,s:20~l:23~e:400547788~c:400547788,2014-09-13T19:30Z,41519,True,False,False,False,True,False,2014-09-13T19:30Z,ESPNU,[],,,national,ESPNU,1,STD,3948,Hard Rock Stadium,Miami Gardens,FL,USA,False,0.0,0:00,4,3,STATUS_FINAL,post,True,Final,Final,Final,4,2390,s:20~l:23~t:2390,Miami,Hurricanes,MIAMI,Miami Hurricanes,Miami,f47423,035131,True,3948,https://a.espncdn.com/i/teamlogos/ncaa/500/2390.png,1,41,True,99,"[{'value': 20.0, 'displayValue': '20', 'period': 1}
 {'value': 7.0, 'displayValue': '7', 'period': 2}
 {'value': 14.0, 'displayValue': '14', 'period': 3}
 {'value': 0.0, 'displayValue': '0', 'period': 4}]","[{'name': 'overall', 'abbreviation': 'Game', 'type': 'total', 'summary': '2-1'}
 {'name': 'Home', 'abbreviation': None, 'type': 'home', 'summary': '2-0'}
 {'name': 'Road', 'abbreviation': None, 'type': 'road', 'summary': '0-1'}
 {'name': 'vs. Conf.', 'abbreviation': None, 'type': 'vsconf', 'summary': '0-1'}]",2032,s:20~l:23~t:2032,Arkansas State,Red Wolves,ARST,Arkansas State Red Wolves,Arkansas State,cc092f,000000,True,3625,https://a.espncdn.com/i/teamlogos/ncaa/500/2032.png,37,20,False,99,"[{'value': 7.0, 'displayValue': '7', 'period': 1}
 {'value': 7.0, 'displayValue': '7', 'period': 2}
 {'value': 0.0, 'displayValue': '0', 'period': 3}
 {'value': 6.0, 'displayValue': '6', 'period': 4}]","[{'name': 'overall', 'abbreviation': 'Game', 'type': 'total', 'summary': '1-2'}
 {'name': 'Home', 'abbreviation': None, 'type': 'home', 'summary': '1-0'}
 {'name': 'Road', 'abbreviation': None, 'type': 'road', 'summary': '0-2'}
 {'name': 'vs. Conf.', 'abbreviation': None, 'type': 'vsconf', 'summary': '0-0'}]",400547788,2014,2,3,,,,,
400547851,s:20~l:23~e:400547851~c:400547851,2014-09-13T19:30Z,60277,True,False,False,False,True,False,2014-09-13T19:30Z,ABC,[],,,national,ABC,1,STD,3784,Jones AT&T Stadium,Lubbock,TX,USA,False,0.0,0:00,4,3,STATUS_FINAL,post,True,Final,Final,Final,4,2641,s:20~l:23~t:2641,Texas Tech,Red Raiders,TTU,Texas Tech Red Raiders,Texas Tech,da291c,000000,True,3784,https://a.espncdn.com/i/teamlogos/ncaa/500/2641.png,4,28,False,99,"[{'value': 7.0, 'displayValue': '7', 'period': 1}
 {'value': 14.0, 'displayValue': '14', 'period': 2}
 {'value': 7.0, 'displayValue': '7', 'period': 3}
 {'value': 0.0, 'displayValue': '0', 'period': 4}]","[{'name': 'overall', 'abbreviation': 'Game', 'type': 'total', 'summary': '2-1'}
 {'name': 'Home', 'abbreviation': None, 'type': 'home', 'summary': '1-1'}
 {'name': 'Road', 'abbreviation': None, 'type': 'road', 'summary': '1-0'}
 {'name': 'vs. Conf.', 'abbreviation': None, 'type': 'vsconf', 'summary': '0-0'}]",8,s:20~l:23~t:8,Arkansas,Razorbacks,ARK,Arkansas Razorbacks,Arkansas,a32136,ffffff,True,3887,https://a.espncdn.com/i/teamlogos/ncaa/500/8.png,8,49,True,99,"[{'value': 14.0, 'displayValue': '14', 'period': 1}
 {'value': 14.0, 'displayValue': '14', 'period': 2}
 {'value': 7.0, 'displayValue': '7', 'period': 3}
 {'value': 14.0, 'displayValue': '14', 'period': 4}]","[{'name': 'overall', 'abbreviation': 'Game', 'type': 'total', 'summary': '2-1'}
 {'name': 'Home', 'abbreviation': None, 'type': 'home', 'summary': '1-0'}
 {'name': 'Road', 'abbreviation': None, 'type': 'road', 'summary': '1-1'}
 {'name': 'vs. Conf.', 'abbreviation': None, 'type': 'vsconf', 'summary': '0-1'}]",400547851,2014,2,3,,,,,
400547852,s:20~l:23~e:400547852~c:400547852,2014-09-13T19:30Z,70585,True,False,False,False,True,False,2014-09-13T19:30Z,ESPN,[],,,national,ESPN,1,STD,3793,Kinnick Stadium,Iowa City,IA,USA,False,0.0,0:00,4,3,STATUS_FINAL,post,True,Final,Final,Final,4,2294,s:20~l:23~t:2294,Iowa,Hawkeyes,IOWA,Iowa Hawkeyes,Iowa,231f20,fcd116,True,3793,https://a.espncdn.com/i/teamlogos/ncaa/500/2294.png,5,17,False,99,"[{'value': 7.0, 'displayValue': '7', 'period': 1}
 {'value': 7.0, 'displayValue': '7', 'period': 2}
 {'value': 0.0, 'displayValue': '0', 'period': 3}
 {'value': 3.0, 'displayValue': '3', 'period': 4}]","[{'name': 'overall', 'abbreviation': 'Game', 'type': 'total', 'summary': '2-1'}
 {'name': 'Home', 'abbreviation': None, 'type': 'home', 'summary': '2-1'}
 {'name': 'Road', 'abbreviation': None, 'type': 'road', 'summary': '0-0'}
 {'name': 'vs. Conf.', 'abbreviation': None, 'type': 'vsconf', 'summary': '0-0'}]",66,s:20~l:23~t:66,Iowa State,Cyclones,ISU,Iowa State Cyclones,Iowa State,ae192d,ffc72a,True,3772,https://a.espncdn.com/i/teamlogos/ncaa/500/66.png,4,20,True,99,"[{'value': 0.0, 'displayValue': '0', 'period': 1}
 {'value': 3.0, 'displayValue': '3', 'period': 2}
 {'value': 7.0, 'displayValue': '7', 'period': 3}
 {'value': 10.0, 'displayValue': '10', 'period': 4}]","[{'name': 'overall', 'abbreviation': 'Game', 'type': 'total', 'summary': '1-2'}
 {'name': 'Home', 'abbreviation': None, 'type': 'home', 'summary': '0-2'}
 {'name': 'Road', 'abbreviation': None, 'type': 'road', 'summary': '1-0'}
 {'name': 'vs. Conf.', 'abbreviation': None, 'type': 'vsconf', 'summary': '0-1'}]",400547852,2014,2,3,,,,,
400547945,s:20~l:23~e:400547945~c:400547945,2014-09-13T19:30Z,102824,True,False,False,False,True,False,2014-09-13T19:30Z,BTN,[],,,national,BTN,1,STD,3558,Michigan Stadium,Ann Arbor,MI,USA,False,0.0,0:00,4,3,STATUS_FINAL,post,True,Final,Final,Final,4,130,s:20~l:23~t:130,Michigan,Wolverines,MICH,Michigan Wolverines,Michigan,00274c,ffcb05,True,3558,https://a.espncdn.com/i/teamlogos/ncaa/500/130.png,5,34,True,99,"[{'value': 10.0, 'displayValue': '10', 'period': 1}
 {'value': 7.0, 'displayValue': '7', 'period': 2}
 {'value': 7.0, 'displayValue': '7', 'period': 3}
 {'value': 10.0, 'displayValue': '10', 'period': 4}]","[{'name': 'overall', 'abbreviation': 'Game', 'type': 'total', 'summary': '2-1'}
 {'name': 'Home', 'abbreviation': None, 'type': 'home', 'summary': '2-0'}
 {'name': 'Road', 'abbreviation': None, 'type': 'road', 'summary': '0-1'}
 {'name': 'vs. Conf.', 'abbreviation': None, 'type': 'vsconf', 'summary': '0-0'}]",193,s:20~l:23~t:193,Miami (OH),RedHawks,M-OH,Miami (OH) RedHawks,Miami (OH),c41230,ffffff,True,3996,https://a.espncdn.com/i/teamlogos/ncaa/500/193.png,15,10,False,99,"[{'value': 0.0, 'displayValue': '0', 'period': 1}
 {'value': 10.0, 'displayValue': '10', 'period': 2}
 {'value': 0.0, 'displayValue': '0', 'period': 3}
 {'value': 0.0, 'displayValue': '0', 'period': 4}]","[{'name': 'overall', 'abbreviation': 'Game', 'type': 'total', 'summary': '0-3'}
 {'name': 'Home', 'abbreviation': None, 'type': 'home', 'summary': '0-2'}
 {'name': 'Road', 'abbreviation': None, 'type': 'road', 'summary': '0-1'}
 {'name': 'vs. Conf.', 'abbreviation': None, 'type': 'vsconf', 'summary': '0-0'}]",400547945,2014,2,3,,,,,
400548025,s:20~l:23~e:400548025~c:400548025,2014-09-13T19:30Z,29604,True,False,False,False,True,False,2014-09-13T19:30Z,,[],,,,,1,STD,3803,Legion Field (AL),Birmingham,AL,USA,False,0.0,0:00,4,3,STATUS_FINAL,post,True,Final,Final,Final,4,5,s:20~l:23~t:5,UAB,Blazers,UAB,UAB Blazers,UAB,1a5632,fdb913,True,3803,https://a.espncdn.com/i/teamlogos/ncaa/500/5.png,12,41,True,99,"[{'value': 0.0, 'displayValue': '0', 'period': 1}
 {'value': 21.0, 'displayValue': '21', 'period': 2}
 {'value': 20.0, 'displayValue': '20', 'period': 3}
 {'value': 0.0, 'displayValue': '0', 'period': 4}]","[{'name': 'overall', 'abbreviation': 'Game', 'type': 'total', 'summary': '2-1'}
 {'name': 'Home', 'abbreviation': None, 'type': 'home', 'summary': '2-0'}
 {'name': 'Road', 'abbreviation': None, 'type': 'road', 'summary': '0-1'}
 {'name': 'vs. Conf.', 'abbreviation': None, 'type': 'vsconf', 'summary': '0-0'}]",2010,s:20~l:23~t:2010,Alabama A&M,Bulldogs,AAMU,Alabama A&M Bulldogs,Alabama A&M,790000,ffffff,True,3809,https://a.espncdn.com/i/teamlogos/ncaa/500/2010.png,31,14,False,99,"[{'value': 7.0, 'displayValue': '7', 'period': 1}
 {'value': 7.0, 'displayValue': '7', 'period': 2}
 {'value': 0.0, 'displayValue': '0', 'period': 3}
 {'value': 0.0, 'displayValue': '0', 'period': 4}]","[{'name': 'overall', 'abbreviation': 'Game', 'type': 'total', 'summary': '1-2'}
 {'name': 'Home', 'abbreviation': None, 'type': 'home', 'summary': '0-0'}
 {'name': 'Road', 'abbreviation': None, 'type': 'road', 'summary': '1-1'}
 {'name': 'vs. Conf.', 'abbreviation': None, 'type': 'vsconf', 'summary': '0-0'}]",400548025,2014,2,3,,,,,
400557462,s:20~l:23~e:400557462~c:400557462,2014-09-13T19:30Z,19020,True,False,False,False,True,False,2014-09-13T19:30Z,ESPN3,[],,,national,ESPN3,1,STD,3714,Fargodome,Fargo,ND,USA,True,0.0,0:00,4,3,STATUS_FINAL,post,True,Final,Final,Final,4,2449,s:20~l:23~t:2449,North Dakota State,Bison,NDSU,North Dakota State Bison,North Dakota St,01402A,ffffff,True,3714,https://a.espncdn.com/i/teamlogos/ncaa/500/2449.png,21,58,True,99,"[{'value': 14.0, 'displayValue': '14', 'period': 1}
 {'value': 14.0, 'displayValue': '14', 'period': 2}
 {'value': 23.0, 'displayValue': '23', 'period': 3}
 {'value': 7.0, 'displayValue': '7', 'period': 4}]","[{'name': 'overall', 'abbreviation': 'Game', 'type': 'total', 'summary': '3-0'}
 {'name': 'Home', 'abbreviation': None, 'type': 'home', 'summary': '1-0'}
 {'name': 'Road', 'abbreviation': None, 'type': 'road', 'summary': '2-0'}
 {'name': 'vs. Conf.', 'abbreviation': None, 'type': 'vsconf', 'summary': '0-0'}]",2916,s:20~l:23~t:2916,Incarnate Word,Cardinals,IW,Incarnate Word Cardinals,Incarnate Word,000000,080808,True,3734,https://a.espncdn.com/i/teamlogos/ncaa/500/2916.png,30,0,False,99,"[{'value': 0.0, 'displayValue': '0', 'period': 1}
 {'value': 0.0, 'displayValue': '0', 'period': 2}
 {'value': 0.0, 'displayValue': '0', 'period': 3}
 {'value': 0.0, 'displayValue': '0', 'period': 4}]","[{'name': 'overall', 'abbreviation': 'Game', 'type': 'total', 'summary': '0-3'}
 {'name': 'Home', 'abbreviation': None, 'type': 'home', 'summary': '0-1'}
 {'name': 'Road', 'abbreviation': None, 'type': 'road', 'summary': '0-2'}
 {'name': 'vs. Conf.', 'abbreviation': None, 'type': 'vsconf', 'summary': '0-0'}]",400557462,2014,2,3,,,,,
400547855,s:20~l:23~e:400547855~c:400547855,2014-09-13T20:00Z,43958,True,False,False,False,True,False,2014-09-13T20:00Z,FS1,[],,,national,FS1,1,STD,3616,Amon G. Carter Stadium,Fort Worth,TX,USA,False,0.0,0:00,4,3,STATUS_FINAL,post,True,Final,Final,Final,4,2628,s:20~l:23~t:2628,TCU,Horned Frogs,TCU,TCU Horned Frogs,TCU,4d1979,ffffff,True,3616,https://a.espncdn.com/i/teamlogos/ncaa/500/2628.png,4,30,True,99,"[{'value': 10.0, 'displayValue': '10', 'period': 1}
 {'value': 14.0, 'displayValue': '14', 'period': 2}
 {'value': 6.0, 'displayValue': '6', 'period': 3}
 {'value': 0.0, 'displayValue': '0', 'period': 4}]","[{'name': 'overall', 'abbreviation': 'Game', 'type': 'total', 'summary': '2-0'}
 {'name': 'Home', 'abbreviation': None, 'type': 'home', 'summary': '2-0'}
 {'name': 'Road', 'abbreviation': None, 'type': 'road', 'summary': '0-0'}
 {'name': 'vs. Conf.', 'abbreviation': None, 'type': 'vsconf', 'summary': '0-0'}]",135,s:20~l:23~t:135,Minnesota,Golden Gophers,MINN,Minnesota Golden Gophers,Minnesota,5e0a2f,fab41c,True,3953,https://a.espncdn.com/i/teamlogos/ncaa/500/135.png,5,7,False,99,"[{'value': 0.0, 'displayValue': '0', 'period': 1}
 {'value': 0.0, 'displayValue': '0', 'period': 2}
 {'value': 0.0, 'displayValue': '0', 'period': 3}
 {'value': 7.0, 'displayValue': '7', 'period': 4}]","[{'name': 'overall', 'abbreviation': 'Game', 'type': 'total', 'summary': '2-1'}
 {'name': 'Home', 'abbreviation': None, 'type': 'home', 'summary': '2-0'}
 {'name': 'Road', 'abbreviation': None, 'type': 'road', 'summary': '0-1'}
 {'name': 'vs. Conf.', 'abbreviation': None, 'type': 'vsconf', 'summary': '0-0'}]",400547855,2014,2,3,,,,,
400547906,s:20~l:23~e:400547906~c:400547906,2014-09-13T20:00Z,62325,True,False,False,False,True,False,2014-09-13T20:00Z,FOX,[],,,national,FOX,1,STD,3765,Husky Stadium,Seattle,WA,USA,False,0.0,0:00,4,3,STATUS_FINAL,post,True,Final,Final,Final,4,264,s:20~l:23~t:264,Washington,Huskies,WASH,Washington Huskies,Washington,33006f,e8d3a2,True,3765,https://a.espncdn.com/i/teamlogos/ncaa/500/264.png,9,44,True,99,"[{'value': 21.0, 'displayValue': '21', 'period': 1}
 {'value': 17.0, 'displayValue': '17', 'period': 2}
 {'value': 0.0, 'displayValue': '0', 'period': 3}
 {'value': 6.0, 'displayValue': '6', 'period': 4}]","[{'name': 'overall', 'abbreviation': 'Game', 'type': 'total', 'summary': '3-0'}
 {'name': 'Home', 'abbreviation': None, 'type': 'home', 'summary': '2-0'}
 {'name': 'Road', 'abbreviation': None, 'type': 'road', 'summary': '1-0'}
 {'name': 'vs. Conf.', 'abbreviation': None, 'type': 'vsconf', 'summary': '0-0'}]",356,s:20~l:23~t:356,Illinois,Fighting Illini,ILL,Illinois Fighting Illini,Illinois,ff5f05,13294b,True,3597,https://a.espncdn.com/i/teamlogos/ncaa/500/356.png,5,19,False,99,"[{'value': 3.0, 'displayValue': '3', 'period': 1}
 {'value': 9.0, 'displayValue': '9', 'period': 2}
 {'value': 7.0, 'displayValue': '7', 'period': 3}
 {'value': 0.0, 'displayValue': '0', 'period': 4}]","[{'name': 'overall', 'abbreviation': 'Game', 'type': 'total', 'summary': '2-1'}
 {'name': 'Home', 'abbreviation': None, 'type': 'home', 'summary': '2-0'}
 {'name': 'Road', 'abbreviation': None, 'type': 'road', 'summary': '0-1'}
 {'name': 'vs. Conf.', 'abbreviation': None, 'type': 'vsconf', 'summary': '0-0'}]",400547906,2014,2,3,,,,,
400548391,s:20~l:23~e:400548391~c:400548391,2014-09-13T20:00Z,38129,True,False,False,False,True,False,2014-09-13T20:00Z,ESPNEWS,[],,,national,ESPNEWS,1,STD,3797,Ladd-Peebles Stadium,Mobile,AL,USA,False,0.0,0:00,4,3,STATUS_FINAL,post,True,Final,Final,Final,4,6,s:20~l:23~t:6,South Alabama,Jaguars,USA,South Alabama Jaguars,South Alabama,00205b,bf0d3e,True,6526,https://a.espncdn.com/i/teamlogos/ncaa/500/6.png,37,3,False,99,"[{'value': 0.0, 'displayValue': '0', 'period': 1}
 {'value': 3.0, 'displayValue': '3', 'period': 2}
 {'value': 0.0, 'displayValue': '0', 'period': 3}
 {'value': 0.0, 'displayValue': '0', 'period': 4}]","[{'name': 'overall', 'abbreviation': 'Game', 'type': 'total', 'summary': '1-1'}
 {'name': 'Home', 'abbreviation': None, 'type': 'home', 'summary': '0-1'}
 {'name': 'Road', 'abbreviation': None, 'type': 'road', 'summary': '1-0'}
 {'name': 'vs. Conf.', 'abbreviation': None, 'type': 'vsconf', 'summary': '0-0'}]",344,s:20~l:23~t:344,Mississippi State,Bulldogs,MSST,Mississippi State Bulldogs,Miss St,5d1725,c1c6c8,True,3693,https://a.espncdn.com/i/teamlogos/ncaa/500/344.png,8,35,True,99,"[{'value': 7.0, 'displayValue': '7', 'period': 1}
 {'value': 21.0, 'displayValue': '21', 'period': 2}
 {'value': 7.0, 'displayValue': '7', 'period': 3}
 {'value': 0.0, 'displayValue': '0', 'period': 4}]","[{'name': 'overall', 'abbreviation': 'Game', 'type': 'total', 'summary': '3-0'}
 {'name': 'Home', 'abbreviation': None, 'type': 'home', 'summary': '2-0'}
 {'name': 'Road', 'abbreviation': None, 'type': 'road', 'summary': '1-0'}
 {'name': 'vs. Conf.', 'abbreviation': None, 'type': 'vsconf', 'summary': '0-0'}]",400548391,2014,2,3,,,,,
400558020,s:20~l:23~e:400558020~c:400558020,2014-09-13T20:00Z,23577,True,False,False,False,True,False,2014-09-13T20:00Z,,[],,,,,1,STD,3651,Bridgeforth Stadium,Harrisonburg,VA,USA,False,0.0,0:00,4,3,STATUS_FINAL,post,True,Final,Final,Final,4,256,s:20~l:23~t:256,James Madison,Dukes,JMU,James Madison Dukes,JMU,450084,cbb677,True,3651,https://a.espncdn.com/i/teamlogos/ncaa/500/256.png,48,38,True,99,"[{'value': 7.0, 'displayValue': '7', 'period': 1}
 {'value': 17.0, 'displayValue': '17', 'period': 2}
 {'value': 14.0, 'displayValue': '14', 'period': 3}
 {'value': 0.0, 'displayValue': '0', 'period': 4}]","[{'name': 'overall', 'abbreviation': 'Game', 'type': 'total', 'summary': '2-1'}
 {'name': 'Home', 'abbreviation': None, 'type': 'home', 'summary': '1-0'}
 {'name': 'Road', 'abbreviation': None, 'type': 'road', 'summary': '1-1'}
 {'name': 'vs. Conf.', 'abbreviation': None, 'type': 'vsconf', 'summary': '0-0'}]",2598,s:20~l:23~t:2598,St Francis (PA),Red Flash,SFU,St Francis (PA) Red Flash,St Francis (PA),a20012,,False,3694,https://a.espncdn.com/i/teamlogos/ncaa/500/2598.png,25,22,False,99,"[{'value': 15.0, 'displayValue': '15', 'period': 1}
 {'value': 0.0, 'displayValue': '0', 'period': 2}
 {'value': 7.0, 'displayValue': '7', 'period': 3}
 {'value': 0.0, 'displayValue': '0', 'period': 4}]","[{'name': 'overall', 'abbreviation': 'Game', 'type': 'total', 'summary': '1-2'}
 {'name': 'Home', 'abbreviation': None, 'type': 'home', 'summary': '1-0'}
 {'name': 'Road', 'abbreviation': None, 'type': 'road', 'summary': '0-2'}
 {'name': 'vs. Conf.', 'abbreviation': None, 'type': 'vsconf', 'summary': '0-0'}]",400558020,2014,2,3,,,,,
400548110,s:20~l:23~e:400548110~c:400548110,2014-09-13T21:00Z,14721,True,False,False,False,True,False,2014-09-13T21:00Z,ESPN3,[],,,national,ESPN3,1,STD,3791,Kibbie Dome,Moscow,ID,USA,True,0.0,0:00,4,3,STATUS_FINAL,post,True,Final,Final,Final,4,70,s:20~l:23~t:70,Idaho,Vandals,IDHO,Idaho Vandals,Idaho,000000,8c6e4a,True,3791,https://a.espncdn.com/i/teamlogos/ncaa/500/70.png,37,33,False,99,"[{'value': 7.0, 'displayValue': '7', 'period': 1}
 {'value': 12.0, 'displayValue': '12', 'period': 2}
 {'value': 7.0, 'displayValue': '7', 'period': 3}
 {'value': 7.0, 'displayValue': '7', 'period': 4}]","[{'name': 'overall', 'abbreviation': 'Game', 'type': 'total', 'summary': '0-2'}
 {'name': 'Home', 'abbreviation': None, 'type': 'home', 'summary': '0-1'}
 {'name': 'Road', 'abbreviation': None, 'type': 'road', 'summary': '0-1'}
 {'name': 'vs. Conf.', 'abbreviation': None, 'type': 'vsconf', 'summary': '0-1'}]",2711,s:20~l:23~t:2711,Western Michigan,Broncos,WMU,Western Michigan Broncos,W Michigan,532e1f,f1c500,True,3980,https://a.espncdn.com/i/teamlogos/ncaa/500/2711.png,15,45,True,99,"[{'value': 14.0, 'displayValue': '14', 'period': 1}
 {'value': 21.0, 'displayValue': '21', 'period': 2}
 {'value': 10.0, 'displayValue': '10', 'period': 3}
 {'value': 0.0, 'displayValue': '0', 'period': 4}]","[{'name': 'overall', 'abbreviation': 'Game', 'type': 'total', 'summary': '1-1'}
 {'name': 'Home', 'abbreviation': None, 'type': 'home', 'summary': '0-0'}
 {'name': 'Road', 'abbreviation': None, 'type': 'road', 'summary': '1-1'}
 {'name': 'vs. Conf.', 'abbreviation': None, 'type': 'vsconf', 'summary': '0-0'}]",400548110,2014,2,3,,,,,
400558116,s:20~l:23~e:400558116~c:400558116,2014-09-13T21:00Z,4006,True,False,False,False,True,False,2014-09-13T21:00Z,,[],,,,,1,STD,3862,O'Kelly-Riddick Stadium,Durham,NC,USA,False,0.0,0:00,4,3,STATUS_FINAL,post,True,Final,Final,Final,4,2428,s:20~l:23~t:2428,North Carolina Central,Eagles,NCCU,North Carolina Central Eagles,NC Central,880023,c2c3c0,True,3862,https://a.espncdn.com/i/teamlogos/ncaa/500/2428.png,24,28,False,99,"[{'value': 0.0, 'displayValue': '0', 'period': 1}
 {'value': 0.0, 'displayValue': '0', 'period': 2}
 {'value': 0.0, 'displayValue': '0', 'period': 3}
 {'value': 28.0, 'displayValue': '28', 'period': 4}]","[{'name': 'overall', 'abbreviation': 'Game', 'type': 'total', 'summary': '1-2'}
 {'name': 'Home', 'abbreviation': None, 'type': 'home', 'summary': '1-1'}
 {'name': 'Road', 'abbreviation': None, 'type': 'road', 'summary': '0-1'}
 {'name': 'vs. Conf.', 'abbreviation': None, 'type': 'vsconf', 'summary': '0-0'}]",2429,s:20~l:23~t:2429,Charlotte,49ers,CHAR,Charlotte 49ers,Charlotte,005035,a49665,True,4418,https://a.espncdn.com/i/teamlogos/ncaa/500/2429.png,32,40,True,99,"[{'value': 13.0, 'displayValue': '13', 'period': 1}
 {'value': 20.0, 'displayValue': '20', 'period': 2}
 {'value': 7.0, 'displayValue': '7', 'period': 3}
 {'value': 0.0, 'displayValue': '0', 'period': 4}]","[{'name': 'overall', 'abbreviation': 'Game', 'type': 'total', 'summary': '3-0'}
 {'name': 'Home', 'abbreviation': None, 'type': 'home', 'summary': '1-0'}
 {'name': 'Road', 'abbreviation': None, 'type': 'road', 'summary': '2-0'}
 {'name': 'vs. Conf.', 'abbreviation': None, 'type': 'vsconf', 'summary': '0-0'}]",400558116,2014,2,3,,,,,
400548022,s:20~l:23~e:400548022~c:400548022,2014-09-13T22:00Z,20118,True,False,False,False,True,False,2014-09-13T22:00Z,,[],,,,,1,STD,3918,S.B. Ballard Stadium,Norfolk,VA,USA,False,0.0,0:00,4,3,STATUS_FINAL,post,True,Final,Final,Final,4,295,s:20~l:23~t:295,Old Dominion,Monarchs,ODU,Old Dominion Monarchs,Old Dominion,003768,a1d2f1,True,3918,https://a.espncdn.com/i/teamlogos/ncaa/500/295.png,12,17,True,99,"[{'value': 7.0, 'displayValue': '7', 'period': 1}
 {'value': 0.0, 'displayValue': '0', 'period': 2}
 {'value': 3.0, 'displayValue': '3', 'period': 3}
 {'value': 7.0, 'displayValue': '7', 'period': 4}]","[{'name': 'overall', 'abbreviation': 'Game', 'type': 'total', 'summary': '2-1'}
 {'name': 'Home', 'abbreviation': None, 'type': 'home', 'summary': '2-0'}
 {'name': 'Road', 'abbreviation': None, 'type': 'road', 'summary': '0-1'}
 {'name': 'vs. Conf.', 'abbreviation': None, 'type': 'vsconf', 'summary': '0-0'}]",2199,s:20~l:23~t:2199,Eastern Michigan,Eagles,EMU,Eastern Michigan Eagles,E Michigan,006938,ffffff,True,3912,https://a.espncdn.com/i/teamlogos/ncaa/500/2199.png,15,3,False,99,"[{'value': 0.0, 'displayValue': '0', 'period': 1}
 {'value': 0.0, 'displayValue': '0', 'period': 2}
 {'value': 0.0, 'displayValue': '0', 'period': 3}
 {'value': 3.0, 'displayValue': '3', 'period': 4}]","[{'name': 'overall', 'abbreviation': 'Game', 'type': 'total', 'summary': '1-2'}
 {'name': 'Home', 'abbreviation': None, 'type': 'home', 'summary': '1-0'}
 {'name': 'Road', 'abbreviation': None, 'type': 'road', 'summary': '0-2'}
 {'name': 'vs. Conf.', 'abbreviation': None, 'type': 'vsconf', 'summary': '0-0'}]",400548022,2014,2,3,,,,,
400557406,s:20~l:23~e:400557406~c:400557406,2014-09-13T22:00Z,10124,True,False,False,False,True,False,2014-09-13T22:00Z,,[],,,,,1,STD,3654,Brooks Stadium (SC),Conway,SC,USA,False,0.0,0:00,4,3,STATUS_FINAL,post,True,Final,Final,Final,4,324,s:20~l:23~t:324,Coastal Carolina,Chanticleers,CCAR,Coastal Carolina Chanticleers,Coast Carolina,006f71,a27752,True,3654,https://a.espncdn.com/i/teamlogos/ncaa/500/324.png,40,30,True,99,"[{'value': 16.0, 'displayValue': '16', 'period': 1}
 {'value': 7.0, 'displayValue': '7', 'period': 2}
 {'value': 7.0, 'displayValue': '7', 'period': 3}
 {'value': 0.0, 'displayValue': '0', 'period': 4}]","[{'name': 'overall', 'abbreviation': 'Game', 'type': 'total', 'summary': '3-0'}
 {'name': 'Home', 'abbreviation': None, 'type': 'home', 'summary': '1-0'}
 {'name': 'Road', 'abbreviation': None, 'type': 'road', 'summary': '2-0'}
 {'name': 'vs. Conf.', 'abbreviation': None, 'type': 'vsconf', 'summary': '0-0'}]",2569,s:20~l:23~t:2569,South Carolina State,Bulldogs,SCST,South Carolina State Bulldogs,S Carolina St,7d1315,104897,True,3864,https://a.espncdn.com/i/teamlogos/ncaa/500/2569.png,24,3,False,99,"[{'value': 0.0, 'displayValue': '0', 'period': 1}
 {'value': 3.0, 'displayValue': '3', 'period': 2}
 {'value': 0.0, 'displayValue': '0', 'period': 3}
 {'value': 0.0, 'displayValue': '0', 'period': 4}]","[{'name': 'overall', 'abbreviation': 'Game', 'type': 'total', 'summary': '1-2'}
 {'name': 'Home', 'abbreviation': None, 'type': 'home', 'summary': '0-0'}
 {'name': 'Road', 'abbreviation': None, 'type': 'road', 'summary': '1-2'}
 {'name': 'vs. Conf.', 'abbreviation': None, 'type': 'vsconf', 'summary': '0-0'}]",400557406,2014,2,3,,,,,
400558018,s:20~l:23~e:400558018~c:400558018,2014-09-13T22:00Z,15319,True,False,False,False,True,False,2014-09-13T22:00Z,,[],,,,,1,STD,3695,Delaware Stadium,Newark,DE,USA,False,0.0,0:00,4,3,STATUS_FINAL,post,True,Final,Final,Final,4,48,s:20~l:23~t:48,Delaware,Blue Hens,DEL,Delaware Blue Hens,Delaware,00539f,ffd200,True,3695,https://a.espncdn.com/i/teamlogos/ncaa/500/48.png,48,28,True,99,"[{'value': 14.0, 'displayValue': '14', 'period': 1}
 {'value': 0.0, 'displayValue': '0', 'period': 2}
 {'value': 0.0, 'displayValue': '0', 'period': 3}
 {'value': 14.0, 'displayValue': '14', 'period': 4}]","[{'name': 'overall', 'abbreviation': 'Game', 'type': 'total', 'summary': '2-1'}
 {'name': 'Home', 'abbreviation': None, 'type': 'home', 'summary': '2-0'}
 {'name': 'Road', 'abbreviation': None, 'type': 'road', 'summary': '0-1'}
 {'name': 'vs. Conf.', 'abbreviation': None, 'type': 'vsconf', 'summary': '0-0'}]",2142,s:20~l:23~t:2142,Colgate,Raiders,COLG,Colgate Raiders,Colgate,821019,ffffff,True,3617,https://a.espncdn.com/i/teamlogos/ncaa/500/2142.png,27,25,False,99,"[{'value': 9.0, 'displayValue': '9', 'period': 1}
 {'value': 6.0, 'displayValue': '6', 'period': 2}
 {'value': 10.0, 'displayValue': '10', 'period': 3}
 {'value': 0.0, 'displayValue': '0', 'period': 4}]","[{'name': 'overall', 'abbreviation': 'Game', 'type': 'total', 'summary': '0-2'}
 {'name': 'Home', 'abbreviation': None, 'type': 'home', 'summary': '0-0'}
 {'name': 'Road', 'abbreviation': None, 'type': 'road', 'summary': '0-2'}
 {'name': 'vs. Conf.', 'abbreviation': None, 'type': 'vsconf', 'summary': '0-0'}]",400558018,2014,2,3,,,,,
400547665,s:20~l:23~e:400547665~c:400547665,2014-09-13T23:00Z,14122,True,False,False,False,False,False,2014-09-13T23:00Z,,[],,,,,1,STD,3715,Flagler Credit Union Stadium,Boca Raton,FL,USA,False,0.0,0:00,4,3,STATUS_FINAL,post,True,Final,Final,Final,4,2226,s:20~l:23~t:2226,Florida Atlantic,Owls,FAU,Florida Atlantic Owls,FAU,003366,cc0000,True,3715,https://a.espncdn.com/i/teamlogos/ncaa/500/2226.png,12,50,True,99,"[{'value': 17.0, 'displayValue': '17', 'period': 1}
 {'value': 16.0, 'displayValue': '16', 'period': 2}
 {'value': 10.0, 'displayValue': '10', 'period': 3}
 {'value': 7.0, 'displayValue': '7', 'period': 4}]","[{'name': 'overall', 'abbreviation': 'Game', 'type': 'total', 'summary': '1-2'}
 {'name': 'Home', 'abbreviation': None, 'type': 'home', 'summary': '1-0'}
 {'name': 'Road', 'abbreviation': None, 'type': 'road', 'summary': '0-2'}
 {'name': 'vs. Conf.', 'abbreviation': None, 'type': 'vsconf', 'summary': '0-0'}]",202,s:20~l:23~t:202,Tulsa,Golden Hurricane,TLSA,Tulsa Golden Hurricane,Tulsa,003595,d0b787,True,3674,https://a.espncdn.com/i/teamlogos/ncaa/500/202.png,151,21,False,99,"[{'value': 0.0, 'displayValue': '0', 'period': 1}
 {'value': 7.0, 'displayValue': '7', 'period': 2}
 {'value': 7.0, 'displayValue': '7', 'period': 3}
 {'value': 7.0, 'displayValue': '7', 'period': 4}]","[{'name': 'overall', 'abbreviation': 'Game', 'type': 'total', 'summary': '1-2'}
 {'name': 'Home', 'abbreviation': None, 'type': 'home', 'summary': '1-1'}
 {'name': 'Road', 'abbreviation': None, 'type': 'road', 'summary': '0-1'}
 {'name': 'vs. Conf.', 'abbreviation': None, 'type': 'vsconf', 'summary': '1-0'}]",400547665,2014,2,3,,,,,
400547831,s:20~l:23~e:400547831~c:400547831,2014-09-13T23:00Z,20345,True,False,False,False,True,False,2014-09-13T23:00Z,CBSSN,[],,,national,CBSSN,1,STD,3905,Maverik Stadium,Logan,UT,USA,False,0.0,0:00,4,3,STATUS_FINAL,post,True,Final,Final,Final,4,328,s:20~l:23~t:328,Utah State,Aggies,USU,Utah State Aggies,Utah State,0f2439,ffffff,True,3905,https://a.espncdn.com/i/teamlogos/ncaa/500/328.png,17,36,True,99,"[{'value': 7.0, 'displayValue': '7', 'period': 1}
 {'value': 22.0, 'displayValue': '22', 'period': 2}
 {'value': 7.0, 'displayValue': '7', 'period': 3}
 {'value': 0.0, 'displayValue': '0', 'period': 4}]","[{'name': 'overall', 'abbreviation': 'Game', 'type': 'total', 'summary': '2-1'}
 {'name': 'Home', 'abbreviation': None, 'type': 'home', 'summary': '2-0'}
 {'name': 'Road', 'abbreviation': None, 'type': 'road', 'summary': '0-1'}
 {'name': 'vs. Conf.', 'abbreviation': None, 'type': 'vsconf', 'summary': '0-0'}]",154,s:20~l:23~t:154,Wake Forest,Demon Deacons,WAKE,Wake Forest Demon Deacons,Wake Forest,ceb888,2c2a29,True,3630,https://a.espncdn.com/i/teamlogos/ncaa/500/154.png,1,24,False,99,"[{'value': 7.0, 'displayValue': '7', 'period': 1}
 {'value': 0.0, 'displayValue': '0', 'period': 2}
 {'value': 17.0, 'displayValue': '17', 'period': 3}
 {'value': 0.0, 'displayValue': '0', 'period': 4}]","[{'name': 'overall', 'abbreviation': 'Game', 'type': 'total', 'summary': '1-2'}
 {'name': 'Home', 'abbreviation': None, 'type': 'home', 'summary': '1-0'}
 {'name': 'Road', 'abbreviation': None, 'type': 'road', 'summary': '0-2'}
 {'name': 'vs. Conf.', 'abbreviation': None, 'type': 'vsconf', 'summary': '0-0'}]",400547831,2014,2,3,,,,,
400547853,s:20~l:23~e:400547853~c:400547853,2014-09-13T23:00Z,54577,True,False,False,False,True,False,2014-09-13T23:00Z,,[],,,,,1,STD,3646,Boone Pickens Stadium,Stillwater,OK,USA,False,0.0,0:00,4,3,STATUS_FINAL,post,True,Final,Final,Final,4,197,s:20~l:23~t:197,Oklahoma State,Cowboys,OKST,Oklahoma State Cowboys,Oklahoma State,fe5c00,000000,True,3646,https://a.espncdn.com/i/teamlogos/ncaa/500/197.png,4,43,True,99,"[{'value': 14.0, 'displayValue': '14', 'period': 1}
 {'value': 10.0, 'displayValue': '10', 'period': 2}
 {'value': 3.0, 'displayValue': '3', 'period': 3}
 {'value': 16.0, 'displayValue': '16', 'period': 4}]","[{'name': 'overall', 'abbreviation': 'Game', 'type': 'total', 'summary': '2-1'}
 {'name': 'Home', 'abbreviation': None, 'type': 'home', 'summary': '2-0'}
 {'name': 'Road', 'abbreviation': None, 'type': 'road', 'summary': '0-0'}
 {'name': 'vs. Conf.', 'abbreviation': None, 'type': 'vsconf', 'summary': '0-0'}]",2636,s:20~l:23~t:2636,UT San Antonio,Roadrunners,UTSA,UT San Antonio Roadrunners,UTSA,0c2340,f15a22,False,3604,https://a.espncdn.com/i/teamlogos/ncaa/500/2636.png,12,13,False,99,"[{'value': 3.0, 'displayValue': '3', 'period': 1}
 {'value': 0.0, 'displayValue': '0', 'period': 2}
 {'value': 7.0, 'displayValue': '7', 'period': 3}
 {'value': 3.0, 'displayValue': '3', 'period': 4}]","[{'name': 'overall', 'abbreviation': 'Game', 'type': 'total', 'summary': '1-2'}
 {'name': 'Home', 'abbreviation': None, 'type': 'home', 'summary': '0-1'}
 {'name': 'Road', 'abbreviation': None, 'type': 'road', 'summary': '1-1'}
 {'name': 'vs. Conf.', 'abbreviation': None, 'type': 'vsconf', 'summary': '0-0'}]",400547853,2014,2,3,,,,,
400548020,s:20~l:23~e:400548020~c:400548020,2014-09-13T23:00Z,24911,True,False,False,True,True,False,2014-09-13T23:00Z,,[],,,,,1,STD,3725,"Johnny ""Red"" Floyd Stadium",Murfreesboro,TN,USA,False,900.0,15:00,7,3,STATUS_FINAL,post,True,Final,Final/3OT,Final/3OT,4,2393,s:20~l:23~t:2393,Middle Tennessee,Blue Raiders,MTSU,Middle Tennessee Blue Raiders,Mid Tennessee,036eb7,ffffff,True,3725,https://a.espncdn.com/i/teamlogos/ncaa/500/2393.png,12,50,True,99,"[{'value': 14.0, 'displayValue': '14', 'period': 1}
 {'value': 10.0, 'displayValue': '10', 'period': 2}
 {'value': 0.0, 'displayValue': '0', 'period': 3}
 {'value': 10.0, 'displayValue': '10', 'period': 4}
 {'value': 7.0, 'displayValue': '7', 'period': 5}
 {'value': 3.0, 'displayValue': '3', 'period': 6}
 {'value': 6.0, 'displayValue': '6', 'period': 7}]","[{'name': 'overall', 'abbreviation': 'Game', 'type': 'total', 'summary': '2-1'}
 {'name': 'Home', 'abbreviation': None, 'type': 'home', 'summary': '2-0'}
 {'name': 'Road', 'abbreviation': None, 'type': 'road', 'summary': '0-1'}
 {'name': 'vs. Conf.', 'abbreviation': None, 'type': 'vsconf', 'summary': '1-0'}]",98,s:20~l:23~t:98,Western Kentucky,Hilltoppers,WKU,Western Kentucky Hilltoppers,W Kentucky,e13a3e,ffffff,True,3796,https://a.espncdn.com/i/teamlogos/ncaa/500/98.png,12,47,False,99,"[{'value': 3.0, 'displayValue': '3', 'period': 1}
 {'value': 21.0, 'displayValue': '21', 'period': 2}
 {'value': 0.0, 'displayValue': '0', 'period': 3}
 {'value': 10.0, 'displayValue': '10', 'period': 4}
 {'value': 7.0, 'displayValue': '7', 'period': 5}
 {'value': 3.0, 'displayValue': '3', 'period': 6}
 {'value': 3.0, 'displayValue': '3', 'period': 7}]","[{'name': 'overall', 'abbreviation': 'Game', 'type': 'total', 'summary': '1-2'}
 {'name': 'Home', 'abbreviation': None, 'type': 'home', 'summary': '1-0'}
 {'name': 'Road', 'abbreviation': None, 'type': 'road', 'summary': '0-2'}
 {'name': 'vs. Conf.', 'abbreviation': None, 'type': 'vsconf', 'summary': '0-1'}]",400548020,2014,2,3,12,Conference USA,CUSA,True,3OT
400548108,s:20~l:23~e:400548108~c:400548108,2014-09-13T23:00Z,14305,True,False,False,False,True,False,2014-09-13T23:00Z,,[],,,,,1,STD,3914,Sam Boyd Stadium,Las Vegas,NV,USA,False,0.0,0:00,4,3,STATUS_FINAL,post,True,Final,Final,Final,4,2439,s:20~l:23~t:2439,UNLV,Rebels,UNLV,UNLV Rebels,UNLV,cf0a2c,cac8c8,True,3914,https://a.espncdn.com/i/teamlogos/ncaa/500/2439.png,17,34,False,99,"[{'value': 5.0, 'displayValue': '5', 'period': 1}
 {'value': 0.0, 'displayValue': '0', 'period': 2}
 {'value': 21.0, 'displayValue': '21', 'period': 3}
 {'value': 8.0, 'displayValue': '8', 'period': 4}]","[{'name': 'overall', 'abbreviation': 'Game', 'type': 'total', 'summary': '1-2'}
 {'name': 'Home', 'abbreviation': None, 'type': 'home', 'summary': '1-1'}
 {'name': 'Road', 'abbreviation': None, 'type': 'road', 'summary': '0-1'}
 {'name': 'vs. Conf.', 'abbreviation': None, 'type': 'vsconf', 'summary': '0-0'}]",2459,s:20~l:23~t:2459,Northern Illinois,Huskies,NIU,Northern Illinois Huskies,N Illinois,c8102e,000000,True,3764,https://a.espncdn.com/i/teamlogos/ncaa/500/2459.png,15,48,True,99,"[{'value': 7.0, 'displayValue': '7', 'period': 1}
 {'value': 14.0, 'displayValue': '14', 'period': 2}
 {'value': 10.0, 'displayValue': '10', 'period': 3}
 {'value': 17.0, 'displayValue': '17', 'period': 4}]","[{'name': 'overall', 'abbreviation': 'Game', 'type': 'total', 'summary': '3-0'}
 {'name': 'Home', 'abbreviation': None, 'type': 'home', 'summary': '1-0'}
 {'name': 'Road', 'abbreviation': None, 'type': 'road', 'summary': '2-0'}
 {'name': 'vs. Conf.', 'abbreviation': None, 'type': 'vsconf', 'summary': '0-0'}]",400548108,2014,2,3,,,,,
400548413,s:20~l:23~e:400548413~c:400548413,2014-09-13T23:00Z,17320,True,False,False,False,True,False,2014-09-13T23:00Z,ESPN3,[],,,national,ESPN3,1,STD,3975,Veterans Memorial Stadium (AL),Troy,AL,USA,False,0.0,0:00,4,3,STATUS_FINAL,post,True,Final,Final,Final,4,2653,s:20~l:23~t:2653,Troy,Trojans,TROY,Troy Trojans,Troy,862633,b1b1b1,True,3975,https://a.espncdn.com/i/teamlogos/ncaa/500/2653.png,37,35,False,99,"[{'value': 7.0, 'displayValue': '7', 'period': 1}
 {'value': 14.0, 'displayValue': '14', 'period': 2}
 {'value': 7.0, 'displayValue': '7', 'period': 3}
 {'value': 7.0, 'displayValue': '7', 'period': 4}]","[{'name': 'overall', 'abbreviation': 'Game', 'type': 'total', 'summary': '0-3'}
 {'name': 'Home', 'abbreviation': None, 'type': 'home', 'summary': '0-2'}
 {'name': 'Road', 'abbreviation': None, 'type': 'road', 'summary': '0-1'}
 {'name': 'vs. Conf.', 'abbreviation': None, 'type': 'vsconf', 'summary': '0-0'}]",2000,s:20~l:23~t:2000,Abilene Christian,Wildcats,ACU,Abilene Christian Wildcats,Abil Christian,592d82,b1b3b3,True,5440,https://a.espncdn.com/i/teamlogos/ncaa/500/2000.png,30,38,True,99,"[{'value': 7.0, 'displayValue': '7', 'period': 1}
 {'value': 0.0, 'displayValue': '0', 'period': 2}
 {'value': 21.0, 'displayValue': '21', 'period': 3}
 {'value': 10.0, 'displayValue': '10', 'period': 4}]","[{'name': 'overall', 'abbreviation': 'Game', 'type': 'total', 'summary': '1-2'}
 {'name': 'Home', 'abbreviation': None, 'type': 'home', 'summary': '0-1'}
 {'name': 'Road', 'abbreviation': None, 'type': 'road', 'summary': '1-1'}
 {'name': 'vs. Conf.', 'abbreviation': None, 'type': 'vsconf', 'summary': '0-0'}]",400548413,2014,2,3,,,,,
400553385,s:20~l:23~e:400553385~c:400553385,2014-09-13T23:00Z,18386,True,False,False,False,True,False,2014-09-13T23:00Z,,[],,,,,1,STD,3878,Robert W. Plaster Stadium,Springfield,MO,USA,False,0.0,0:00,4,3,STATUS_FINAL,post,True,Final,Final,Final,4,2623,s:20~l:23~t:2623,Missouri State,Bears,MOST,Missouri State Bears,Missouri State,5e0009,ffffff,True,3878,https://a.espncdn.com/i/teamlogos/ncaa/500/2623.png,21,38,True,99,"[{'value': 0.0, 'displayValue': '0', 'period': 1}
 {'value': 14.0, 'displayValue': '14', 'period': 2}
 {'value': 14.0, 'displayValue': '14', 'period': 3}
 {'value': 10.0, 'displayValue': '10', 'period': 4}]","[{'name': 'overall', 'abbreviation': 'Game', 'type': 'total', 'summary': '2-1'}
 {'name': 'Home', 'abbreviation': None, 'type': 'home', 'summary': '1-0'}
 {'name': 'Road', 'abbreviation': None, 'type': 'road', 'summary': '1-1'}
 {'name': 'vs. Conf.', 'abbreviation': None, 'type': 'vsconf', 'summary': '0-0'}]",155,s:20~l:23~t:155,North Dakota,,UND,North Dakota,North Dakota,00A26B,c2c3c0,False,3605,https://a.espncdn.com/i/teamlogos/ncaa/500/155.png,20,0,False,99,"[{'value': 0.0, 'displayValue': '0', 'period': 1}
 {'value': 0.0, 'displayValue': '0', 'period': 2}
 {'value': 0.0, 'displayValue': '0', 'period': 3}
 {'value': 0.0, 'displayValue': '0', 'period': 4}]","[{'name': 'overall', 'abbreviation': 'Game', 'type': 'total', 'summary': '1-2'}
 {'name': 'Home', 'abbreviation': None, 'type': 'home', 'summary': '1-0'}
 {'name': 'Road', 'abbreviation': None, 'type': 'road', 'summary': '0-2'}
 {'name': 'vs. Conf.', 'abbreviation': None, 'type': 'vsconf', 'summary': '0-0'}]",400553385,2014,2,3,,,,,
400557405,s:20~l:23~e:400557405~c:400557405,2014-09-13T23:00Z,15755,True,False,False,False,True,False,2014-09-13T23:00Z,ESPN3,[],,,national,ESPN3,1,STD,3992,Williams Stadium (VA),Lynchburg,VA,USA,False,0.0,0:00,4,3,STATUS_FINAL,post,True,Final,Final,Final,4,2335,s:20~l:23~t:2335,Liberty,Flames,LIB,Liberty Flames,Liberty,0a254e,b72025,True,3992,https://a.espncdn.com/i/teamlogos/ncaa/500/2335.png,40,56,True,99,"[{'value': 21.0, 'displayValue': '21', 'period': 1}
 {'value': 14.0, 'displayValue': '14', 'period': 2}
 {'value': 7.0, 'displayValue': '7', 'period': 3}
 {'value': 14.0, 'displayValue': '14', 'period': 4}]","[{'name': 'overall', 'abbreviation': 'Game', 'type': 'total', 'summary': '2-1'}
 {'name': 'Home', 'abbreviation': None, 'type': 'home', 'summary': '1-0'}
 {'name': 'Road', 'abbreviation': None, 'type': 'road', 'summary': '1-1'}
 {'name': 'vs. Conf.', 'abbreviation': None, 'type': 'vsconf', 'summary': '0-0'}]",2913,s:20~l:23~t:2913,Brevard College,Tornados,BRE,Brevard College Tornados,Brevard,000000,,False,5807,https://a.espncdn.com/i/teamlogos/ncaa/500/2913.png,139,31,False,99,"[{'value': 0.0, 'displayValue': '0', 'period': 1}
 {'value': 17.0, 'displayValue': '17', 'period': 2}
 {'value': 7.0, 'displayValue': '7', 'period': 3}
 {'value': 7.0, 'displayValue': '7', 'period': 4}]","[{'name': 'overall', 'abbreviation': 'Game', 'type': 'total', 'summary': '0-2'}
 {'name': 'Home', 'abbreviation': None, 'type': 'home', 'summary': '0-0'}
 {'name': 'Road', 'abbreviation': None, 'type': 'road', 'summary': '0-2'}
 {'name': 'vs. Conf.', 'abbreviation': None, 'type': 'vsconf', 'summary': '0-0'}]",400557405,2014,2,3,,,,,
400548388,s:20~l:23~e:400548388~c:400548388,2014-09-13T23:30Z,88334,True,False,False,True,True,False,2014-09-13T23:30Z,SEC Network,[],,,national,SEC Network,1,STD,3634,Ben Hill Griffin Stadium,Gainesville,FL,USA,False,0.0,0:00,7,3,STATUS_FINAL,post,True,Final,Final/3OT,Final/3OT,4,57,s:20~l:23~t:57,Florida,Gators,FLA,Florida Gators,Florida,0021a5,fa4616,True,3634,https://a.espncdn.com/i/teamlogos/ncaa/500/57.png,8,36,True,99,"[{'value': 0.0, 'displayValue': '0', 'period': 1}
 {'value': 3.0, 'displayValue': '3', 'period': 2}
 {'value': 17.0, 'displayValue': '17', 'period': 3}
 {'value': 0.0, 'displayValue': '0', 'period': 4}
 {'value': 7.0, 'displayValue': '7', 'period': 5}
 {'value': 3.0, 'displayValue': '3', 'period': 6}
 {'value': 6.0, 'displayValue': '6', 'period': 7}]","[{'name': 'overall', 'abbreviation': 'Game', 'type': 'total', 'summary': '2-0'}
 {'name': 'Home', 'abbreviation': None, 'type': 'home', 'summary': '2-0'}
 {'name': 'Road', 'abbreviation': None, 'type': 'road', 'summary': '0-0'}
 {'name': 'vs. Conf.', 'abbreviation': None, 'type': 'vsconf', 'summary': '1-0'}]",96,s:20~l:23~t:96,Kentucky,Wildcats,UK,Kentucky Wildcats,Kentucky,0033a0,ffffff,True,3683,https://a.espncdn.com/i/teamlogos/ncaa/500/96.png,8,30,False,99,"[{'value': 0.0, 'displayValue': '0', 'period': 1}
 {'value': 3.0, 'displayValue': '3', 'period': 2}
 {'value': 14.0, 'displayValue': '14', 'period': 3}
 {'value': 3.0, 'displayValue': '3', 'period': 4}
 {'value': 7.0, 'displayValue': '7', 'period': 5}
 {'value': 3.0, 'displayValue': '3', 'period': 6}
 {'value': 0.0, 'displayValue': '0', 'period': 7}]","[{'name': 'overall', 'abbreviation': 'Game', 'type': 'total', 'summary': '2-1'}
 {'name': 'Home', 'abbreviation': None, 'type': 'home', 'summary': '2-0'}
 {'name': 'Road', 'abbreviation': None, 'type': 'road', 'summary': '0-1'}
 {'name': 'vs. Conf.', 'abbreviation': None, 'type': 'vsconf', 'summary': '0-1'}]",400548388,2014,2,3,8,Southeastern Conference,SEC,True,3OT
400557924,s:20~l:23~e:400557924~c:400557924,2014-09-13T23:30Z,9678,True,False,False,False,True,False,2014-09-13T23:30Z,,[],,,,,1,STD,3647,Elliott T. Bowers Stadium,Huntsville,TX,USA,False,0.0,0:00,4,3,STATUS_FINAL,post,True,Final,Final,Final,4,2534,s:20~l:23~t:2534,Sam Houston State,Bearkats,SHSU,Sam Houston State Bearkats,Sam Houston,f56423,ffffff,False,3647,https://a.espncdn.com/i/teamlogos/ncaa/500/2534.png,30,21,False,99,"[{'value': 0.0, 'displayValue': '0', 'period': 1}
 {'value': 0.0, 'displayValue': '0', 'period': 2}
 {'value': 7.0, 'displayValue': '7', 'period': 3}
 {'value': 14.0, 'displayValue': '14', 'period': 4}]","[{'name': 'overall', 'abbreviation': 'Game', 'type': 'total', 'summary': '1-3'}
 {'name': 'Home', 'abbreviation': None, 'type': 'home', 'summary': '1-1'}
 {'name': 'Road', 'abbreviation': None, 'type': 'road', 'summary': '0-2'}
 {'name': 'vs. Conf.', 'abbreviation': None, 'type': 'vsconf', 'summary': '0-0'}]",2570,s:20~l:23~t:2570,Colorado State-Pueblo,Thunderwolves,CSUP,Colorado State-Pueblo Thunderwolves,Colorado St-Pueblo,000000,,False,4852,https://a.espncdn.com/i/teamlogos/ncaa/500/2570.png,135,47,True,99,"[{'value': 14.0, 'displayValue': '14', 'period': 1}
 {'value': 13.0, 'displayValue': '13', 'period': 2}
 {'value': 17.0, 'displayValue': '17', 'period': 3}
 {'value': 3.0, 'displayValue': '3', 'period': 4}]","[{'name': 'overall', 'abbreviation': 'Game', 'type': 'total', 'summary': '2-0'}
 {'name': 'Home', 'abbreviation': None, 'type': 'home', 'summary': '1-0'}
 {'name': 'Road', 'abbreviation': None, 'type': 'road', 'summary': '1-0'}
 {'name': 'vs. Conf.', 'abbreviation': None, 'type': 'vsconf', 'summary': '0-0'}]",400557924,2014,2,3,,,,,
400547664,s:20~l:23~e:400547664~c:400547664,2014-09-14T00:00Z,26358,True,False,False,False,True,False,2014-09-14T00:00Z,ESPN3,[],,,national,ESPN3,1,STD,4729,Yulman Stadium,New Orleans,LA,USA,False,0.0,0:00,4,3,STATUS_FINAL,post,True,Final,Final,Final,4,2655,s:20~l:23~t:2655,Tulane,Green Wave,TULN,Tulane Green Wave,Tulane,006747,418fde,True,4729,https://a.espncdn.com/i/teamlogos/ncaa/500/2655.png,151,35,True,99,"[{'value': 7.0, 'displayValue': '7', 'period': 1}
 {'value': 21.0, 'displayValue': '21', 'period': 2}
 {'value': 0.0, 'displayValue': '0', 'period': 3}
 {'value': 7.0, 'displayValue': '7', 'period': 4}]","[{'name': 'overall', 'abbreviation': 'Game', 'type': 'total', 'summary': '1-2'}
 {'name': 'Home', 'abbreviation': None, 'type': 'home', 'summary': '1-1'}
 {'name': 'Road', 'abbreviation': None, 'type': 'road', 'summary': '0-1'}
 {'name': 'vs. Conf.', 'abbreviation': None, 'type': 'vsconf', 'summary': '0-1'}]",2545,s:20~l:23~t:2545,Southeastern Louisiana,Lions,SELA,Southeastern Louisiana Lions,SE Louisiana,215732,ffc72c,False,3944,https://a.espncdn.com/i/teamlogos/ncaa/500/2545.png,30,20,False,99,"[{'value': 0.0, 'displayValue': '0', 'period': 1}
 {'value': 3.0, 'displayValue': '3', 'period': 2}
 {'value': 7.0, 'displayValue': '7', 'period': 3}
 {'value': 10.0, 'displayValue': '10', 'period': 4}]","[{'name': 'overall', 'abbreviation': 'Game', 'type': 'total', 'summary': '2-1'}
 {'name': 'Home', 'abbreviation': None, 'type': 'home', 'summary': '2-0'}
 {'name': 'Road', 'abbreviation': None, 'type': 'road', 'summary': '0-1'}
 {'name': 'vs. Conf.', 'abbreviation': None, 'type': 'vsconf', 'summary': '0-0'}]",400547664,2014,2,3,,,,,
400547995,s:20~l:23~e:400547995~c:400547995,2014-09-14T00:00Z,53774,True,False,False,True,True,False,2014-09-14T00:00Z,BTN,[],,,national,BTN,1,STD,3754,HighPoint.com Stadium,Piscataway,NJ,USA,False,0.0,0:00,4,3,STATUS_FINAL,post,True,Final,Final,Final,4,164,s:20~l:23~t:164,Rutgers,Scarlet Knights,RUTG,Rutgers Scarlet Knights,Rutgers,ce0e2d,ffffff,True,3754,https://a.espncdn.com/i/teamlogos/ncaa/500/164.png,5,10,False,99,"[{'value': 0.0, 'displayValue': '0', 'period': 1}
 {'value': 10.0, 'displayValue': '10', 'period': 2}
 {'value': 0.0, 'displayValue': '0', 'period': 3}
 {'value': 0.0, 'displayValue': '0', 'period': 4}]","[{'name': 'overall', 'abbreviation': 'Game', 'type': 'total', 'summary': '2-1'}
 {'name': 'Home', 'abbreviation': None, 'type': 'home', 'summary': '1-1'}
 {'name': 'Road', 'abbreviation': None, 'type': 'road', 'summary': '1-0'}
 {'name': 'vs. Conf.', 'abbreviation': None, 'type': 'vsconf', 'summary': '0-1'}]",213,s:20~l:23~t:213,Penn State,Nittany Lions,PSU,Penn State Nittany Lions,Penn State,061440,ffffff,True,3632,https://a.espncdn.com/i/teamlogos/ncaa/500/213.png,5,13,True,99,"[{'value': 0.0, 'displayValue': '0', 'period': 1}
 {'value': 0.0, 'displayValue': '0', 'period': 2}
 {'value': 3.0, 'displayValue': '3', 'period': 3}
 {'value': 10.0, 'displayValue': '10', 'period': 4}]","[{'name': 'overall', 'abbreviation': 'Game', 'type': 'total', 'summary': '3-0'}
 {'name': 'Home', 'abbreviation': None, 'type': 'home', 'summary': '1-0'}
 {'name': 'Road', 'abbreviation': None, 'type': 'road', 'summary': '1-0'}
 {'name': 'vs. Conf.', 'abbreviation': None, 'type': 'vsconf', 'summary': '1-0'}]",400547995,2014,2,3,5,Big Ten Conference,Big Ten,True,
400548026,s:20~l:23~e:400548026~c:400548026,2014-09-14T00:00Z,32979,True,False,False,False,True,False,2014-09-14T00:00Z,,[],,,,,1,STD,3946,Sun Bowl,El Paso,TX,USA,False,0.0,0:00,4,3,STATUS_FINAL,post,True,Final,Final,Final,4,2638,s:20~l:23~t:2638,UTEP,Miners,UTEP,UTEP Miners,UTEP,ff8200,041e42,True,3946,https://a.espncdn.com/i/teamlogos/ncaa/500/2638.png,12,42,True,99,"[{'value': 7.0, 'displayValue': '7', 'period': 1}
 {'value': 14.0, 'displayValue': '14', 'period': 2}
 {'value': 0.0, 'displayValue': '0', 'period': 3}
 {'value': 21.0, 'displayValue': '21', 'period': 4}]","[{'name': 'overall', 'abbreviation': 'Game', 'type': 'total', 'summary': '2-1'}
 {'name': 'Home', 'abbreviation': None, 'type': 'home', 'summary': '1-1'}
 {'name': 'Road', 'abbreviation': None, 'type': 'road', 'summary': '1-0'}
 {'name': 'vs. Conf.', 'abbreviation': None, 'type': 'vsconf', 'summary': '0-0'}]",166,s:20~l:23~t:166,New Mexico State,Aggies,NMSU,New Mexico State Aggies,New Mexico St,7e141b,231f20,True,3601,https://a.espncdn.com/i/teamlogos/ncaa/500/166.png,37,24,False,99,"[{'value': 7.0, 'displayValue': '7', 'period': 1}
 {'value': 3.0, 'displayValue': '3', 'period': 2}
 {'value': 0.0, 'displayValue': '0', 'period': 3}
 {'value': 14.0, 'displayValue': '14', 'period': 4}]","[{'name': 'overall', 'abbreviation': 'Game', 'type': 'total', 'summary': '2-1'}
 {'name': 'Home', 'abbreviation': None, 'type': 'home', 'summary': '1-0'}
 {'name': 'Road', 'abbreviation': None, 'type': 'road', 'summary': '1-1'}
 {'name': 'vs. Conf.', 'abbreviation': None, 'type': 'vsconf', 'summary': '1-0'}]",400548026,2014,2,3,,,,,
400548264,s:20~l:23~e:400548264~c:400548264,2014-09-14T00:00Z,30874,True,False,False,False,True,False,2014-09-14T00:00Z,PACN,[],,,national,PACN,1,STD,3820,Martin Stadium,Pullman,WA,USA,False,0.0,0:00,4,3,STATUS_FINAL,post,True,Final,Final,Final,4,265,s:20~l:23~t:265,Washington State,Cougars,WSU,Washington State Cougars,Washington St,a60f2d,4d4d4d,True,3820,https://a.espncdn.com/i/teamlogos/ncaa/500/265.png,9,59,True,99,"[{'value': 7.0, 'displayValue': '7', 'period': 1}
 {'value': 21.0, 'displayValue': '21', 'period': 2}
 {'value': 7.0, 'displayValue': '7', 'period': 3}
 {'value': 24.0, 'displayValue': '24', 'period': 4}]","[{'name': 'overall', 'abbreviation': 'Game', 'type': 'total', 'summary': '1-2'}
 {'name': 'Home', 'abbreviation': None, 'type': 'home', 'summary': '1-1'}
 {'name': 'Road', 'abbreviation': None, 'type': 'road', 'summary': '0-1'}
 {'name': 'vs. Conf.', 'abbreviation': None, 'type': 'vsconf', 'summary': '0-0'}]",2502,s:20~l:23~t:2502,Portland State,Vikings,PRST,Portland State Vikings,Portland State,00311e,ebebeb,True,4765,https://a.espncdn.com/i/teamlogos/ncaa/500/2502.png,20,21,False,99,"[{'value': 0.0, 'displayValue': '0', 'period': 1}
 {'value': 0.0, 'displayValue': '0', 'period': 2}
 {'value': 14.0, 'displayValue': '14', 'period': 3}
 {'value': 7.0, 'displayValue': '7', 'period': 4}]","[{'name': 'overall', 'abbreviation': 'Game', 'type': 'total', 'summary': '1-2'}
 {'name': 'Home', 'abbreviation': None, 'type': 'home', 'summary': '1-0'}
 {'name': 'Road', 'abbreviation': None, 'type': 'road', 'summary': '0-2'}
 {'name': 'vs. Conf.', 'abbreviation': None, 'type': 'vsconf', 'summary': '0-0'}]",400548264,2014,2,3,,,,,
400548412,s:20~l:23~e:400548412~c:400548412,2014-09-14T00:00Z,32007,True,False,False,False,True,False,2014-09-14T00:00Z,ESPNEWS,[],,,national,ESPNEWS,1,STD,3644,UFCU Stadium,San Marcos,TX,USA,False,0.0,0:00,4,3,STATUS_FINAL,post,True,Final,Final,Final,4,326,s:20~l:23~t:326,Texas State,Bobcats,TXST,Texas State Bobcats,Texas State,501214,6a5638,True,3644,https://a.espncdn.com/i/teamlogos/ncaa/500/326.png,37,21,False,99,"[{'value': 0.0, 'displayValue': '0', 'period': 1}
 {'value': 7.0, 'displayValue': '7', 'period': 2}
 {'value': 0.0, 'displayValue': '0', 'period': 3}
 {'value': 14.0, 'displayValue': '14', 'period': 4}]","[{'name': 'overall', 'abbreviation': 'Game', 'type': 'total', 'summary': '1-1'}
 {'name': 'Home', 'abbreviation': None, 'type': 'home', 'summary': '1-1'}
 {'name': 'Road', 'abbreviation': None, 'type': 'road', 'summary': '0-0'}
 {'name': 'vs. Conf.', 'abbreviation': None, 'type': 'vsconf', 'summary': '0-0'}]",2426,s:20~l:23~t:2426,Navy,Midshipmen,NAVY,Navy Midshipmen,Navy,00225b,b5a67c,True,3852,https://a.espncdn.com/i/teamlogos/ncaa/500/2426.png,18,35,True,99,"[{'value': 14.0, 'displayValue': '14', 'period': 1}
 {'value': 14.0, 'displayValue': '14', 'period': 2}
 {'value': 0.0, 'displayValue': '0', 'period': 3}
 {'value': 7.0, 'displayValue': '7', 'period': 4}]","[{'name': 'overall', 'abbreviation': 'Game', 'type': 'total', 'summary': '2-1'}
 {'name': 'Home', 'abbreviation': None, 'type': 'home', 'summary': '0-1'}
 {'name': 'Road', 'abbreviation': None, 'type': 'road', 'summary': '2-0'}
 {'name': 'vs. Conf.', 'abbreviation': None, 'type': 'vsconf', 'summary': '0-0'}]",400548412,2014,2,3,,,,,
400553543,s:20~l:23~e:400553543~c:400553543,2014-09-14T01:00Z,6595,True,False,False,False,True,False,2014-09-14T01:00Z,,[],,,,,1,STD,3757,Hornet Stadium,Sacramento,CA,USA,False,0.0,0:00,4,3,STATUS_FINAL,post,True,Final,Final,Final,4,16,s:20~l:23~t:16,Sacramento State,Hornets,SAC,Sacramento State Hornets,Sacramento St,00573C,cdb97d,True,3757,https://a.espncdn.com/i/teamlogos/ncaa/500/16.png,20,42,True,99,"[{'value': 20.0, 'displayValue': '20', 'period': 1}
 {'value': 7.0, 'displayValue': '7', 'period': 2}
 {'value': 3.0, 'displayValue': '3', 'period': 3}
 {'value': 12.0, 'displayValue': '12', 'period': 4}]","[{'name': 'overall', 'abbreviation': 'Game', 'type': 'total', 'summary': '2-1'}
 {'name': 'Home', 'abbreviation': None, 'type': 'home', 'summary': '1-0'}
 {'name': 'Road', 'abbreviation': None, 'type': 'road', 'summary': '1-1'}
 {'name': 'vs. Conf.', 'abbreviation': None, 'type': 'vsconf', 'summary': '0-0'}]",2692,s:20~l:23~t:2692,Weber State,Wildcats,WEB,Weber State Wildcats,Weber State,18005a,ebebeb,True,3942,https://a.espncdn.com/i/teamlogos/ncaa/500/2692.png,20,31,False,99,"[{'value': 0.0, 'displayValue': '0', 'period': 1}
 {'value': 14.0, 'displayValue': '14', 'period': 2}
 {'value': 7.0, 'displayValue': '7', 'period': 3}
 {'value': 10.0, 'displayValue': '10', 'period': 4}]","[{'name': 'overall', 'abbreviation': 'Game', 'type': 'total', 'summary': '0-3'}
 {'name': 'Home', 'abbreviation': None, 'type': 'home', 'summary': '0-1'}
 {'name': 'Road', 'abbreviation': None, 'type': 'road', 'summary': '0-2'}
 {'name': 'vs. Conf.', 'abbreviation': None, 'type': 'vsconf', 'summary': '0-0'}]",400553543,2014,2,3,,,,,
400547970,s:20~l:23~e:400547970~c:400547970,2014-09-14T02:30Z,41031,True,False,False,False,True,False,2014-09-14T02:30Z,CBSSN,[],,,national,CBSSN,1,STD,3660,Valley Children's Stadium,Fresno,CA,USA,False,0.0,0:00,4,3,STATUS_FINAL,post,True,Final,Final,Final,4,278,s:20~l:23~t:278,Fresno State,Bulldogs,FRES,Fresno State Bulldogs,Fresno State,b1102b,13284c,True,3660,https://a.espncdn.com/i/teamlogos/ncaa/500/278.png,17,19,False,99,"[{'value': 2.0, 'displayValue': '2', 'period': 1}
 {'value': 3.0, 'displayValue': '3', 'period': 2}
 {'value': 7.0, 'displayValue': '7', 'period': 3}
 {'value': 7.0, 'displayValue': '7', 'period': 4}]","[{'name': 'overall', 'abbreviation': 'Game', 'type': 'total', 'summary': '0-3'}
 {'name': 'Home', 'abbreviation': None, 'type': 'home', 'summary': '0-1'}
 {'name': 'Road', 'abbreviation': None, 'type': 'road', 'summary': '0-2'}
 {'name': 'vs. Conf.', 'abbreviation': None, 'type': 'vsconf', 'summary': '0-0'}]",158,s:20~l:23~t:158,Nebraska,Cornhuskers,NEB,Nebraska Cornhuskers,Nebraska,e31937,ffffff,True,3834,https://a.espncdn.com/i/teamlogos/ncaa/500/158.png,5,55,True,99,"[{'value': 14.0, 'displayValue': '14', 'period': 1}
 {'value': 13.0, 'displayValue': '13', 'period': 2}
 {'value': 14.0, 'displayValue': '14', 'period': 3}
 {'value': 14.0, 'displayValue': '14', 'period': 4}]","[{'name': 'overall', 'abbreviation': 'Game', 'type': 'total', 'summary': '3-0'}
 {'name': 'Home', 'abbreviation': None, 'type': 'home', 'summary': '2-0'}
 {'name': 'Road', 'abbreviation': None, 'type': 'road', 'summary': '1-0'}
 {'name': 'vs. Conf.', 'abbreviation': None, 'type': 'vsconf', 'summary': '0-0'}]",400547970,2014,2,3,,,,,
400548192,s:20~l:23~e:400548192~c:400548192,2014-09-14T03:00Z,48504,True,False,False,False,True,False,2014-09-14T03:00Z,PACN,[],,,national,PACN,1,STD,3619,Casino Del Sol Stadium,Tucson,AZ,USA,False,0.0,0:00,4,3,STATUS_FINAL,post,True,Final,Final,Final,4,12,s:20~l:23~t:12,Arizona,Wildcats,ARIZ,Arizona Wildcats,Arizona,cc0033,003366,True,3619,https://a.espncdn.com/i/teamlogos/ncaa/500/12.png,9,35,True,99,"[{'value': 7.0, 'displayValue': '7', 'period': 1}
 {'value': 14.0, 'displayValue': '14', 'period': 2}
 {'value': 7.0, 'displayValue': '7', 'period': 3}
 {'value': 7.0, 'displayValue': '7', 'period': 4}]","[{'name': 'overall', 'abbreviation': 'Game', 'type': 'total', 'summary': '3-0'}
 {'name': 'Home', 'abbreviation': None, 'type': 'home', 'summary': '2-0'}
 {'name': 'Road', 'abbreviation': None, 'type': 'road', 'summary': '1-0'}
 {'name': 'vs. Conf.', 'abbreviation': None, 'type': 'vsconf', 'summary': '0-0'}]",2440,s:20~l:23~t:2440,Nevada,Wolf Pack,NEV,Nevada Wolf Pack,Nevada,041e42,8a8d8f,True,3816,https://a.espncdn.com/i/teamlogos/ncaa/500/2440.png,17,28,False,99,"[{'value': 3.0, 'displayValue': '3', 'period': 1}
 {'value': 10.0, 'displayValue': '10', 'period': 2}
 {'value': 8.0, 'displayValue': '8', 'period': 3}
 {'value': 7.0, 'displayValue': '7', 'period': 4}]","[{'name': 'overall', 'abbreviation': 'Game', 'type': 'total', 'summary': '2-1'}
 {'name': 'Home', 'abbreviation': None, 'type': 'home', 'summary': '2-0'}
 {'name': 'Road', 'abbreviation': None, 'type': 'road', 'summary': '0-1'}
 {'name': 'vs. Conf.', 'abbreviation': None, 'type': 'vsconf', 'summary': '0-0'}]",400548192,2014,2,3,,,,,
400548191,s:20~l:23~e:400548191~c:400548191,2014-09-14T04:00Z,24999,True,False,False,False,True,False,2014-09-14T04:00Z,,[],,,,,1,STD,3610,Aloha Stadium,Honolulu,HI,USA,False,0.0,0:00,4,3,STATUS_FINAL,post,True,Final,Final,Final,4,62,s:20~l:23~t:62,Hawai'i,Rainbow Warriors,HAW,Hawai'i Rainbow Warriors,Hawaii,005737,000000,True,3610,https://a.espncdn.com/i/teamlogos/ncaa/500/62.png,17,27,True,99,"[{'value': 7.0, 'displayValue': '7', 'period': 1}
 {'value': 10.0, 'displayValue': '10', 'period': 2}
 {'value': 7.0, 'displayValue': '7', 'period': 3}
 {'value': 3.0, 'displayValue': '3', 'period': 4}]","[{'name': 'overall', 'abbreviation': 'Game', 'type': 'total', 'summary': '1-2'}
 {'name': 'Home', 'abbreviation': None, 'type': 'home', 'summary': '1-2'}
 {'name': 'Road', 'abbreviation': None, 'type': 'road', 'summary': '0-0'}
 {'name': 'vs. Conf.', 'abbreviation': None, 'type': 'vsconf', 'summary': '0-0'}]",2460,s:20~l:23~t:2460,Northern Iowa,Panthers,UNI,Northern Iowa Panthers,Northern Iowa,473282,ffffff,True,3967,https://a.espncdn.com/i/teamlogos/ncaa/500/2460.png,21,24,False,99,"[{'value': 7.0, 'displayValue': '7', 'period': 1}
 {'value': 3.0, 'displayValue': '3', 'period': 2}
 {'value': 0.0, 'displayValue': '0', 'period': 3}
 {'value': 14.0, 'displayValue': '14', 'period': 4}]","[{'name': 'overall', 'abbreviation': 'Game', 'type': 'total', 'summary': '0-2'}
 {'name': 'Home', 'abbreviation': None, 'type': 'home', 'summary': '0-0'}
 {'name': 'Road', 'abbreviation': None, 'type': 'road', 'summary': '0-2'}
 {'name': 'vs. Conf.', 'abbreviation': None, 'type': 'vsconf', 'summary': '0-0'}]",400548191,2014,2,3,,,,,
400547856,s:20~l:23~e:400547856~c:400547856,2014-09-18T23:30Z,53046,True,False,False,False,True,False,2014-09-18T23:30Z,ESPN,[],,,national,ESPN,1,STD,3636,Bill Snyder Family Stadium,Manhattan,KS,USA,False,0.0,0:00,4,3,STATUS_FINAL,post,True,Final,Final,Final,4,2306,s:20~l:23~t:2306,Kansas State,Wildcats,KSU,Kansas State Wildcats,Kansas State,330a57,e2e3e4,True,3636,https://a.espncdn.com/i/teamlogos/ncaa/500/2306.png,4,14,False,20,"[{'value': 0.0, 'displayValue': '0', 'period': 1}
 {'value': 7.0, 'displayValue': '7', 'period': 2}
 {'value': 0.0, 'displayValue': '0', 'period': 3}
 {'value': 7.0, 'displayValue': '7', 'period': 4}]","[{'name': 'overall', 'abbreviation': 'Game', 'type': 'total', 'summary': '2-1'}
 {'name': 'Home', 'abbreviation': None, 'type': 'home', 'summary': '1-1'}
 {'name': 'Road', 'abbreviation': None, 'type': 'road', 'summary': '1-0'}
 {'name': 'vs. Conf.', 'abbreviation': None, 'type': 'vsconf', 'summary': '1-0'}]",2,s:20~l:23~t:2,Auburn,Tigers,AUB,Auburn Tigers,Auburn,002b5c,f26522,True,3785,https://a.espncdn.com/i/teamlogos/ncaa/500/2.png,8,20,True,5,"[{'value': 3.0, 'displayValue': '3', 'period': 1}
 {'value': 7.0, 'displayValue': '7', 'period': 2}
 {'value': 0.0, 'displayValue': '0', 'period': 3}
 {'value': 10.0, 'displayValue': '10', 'period': 4}]","[{'name': 'overall', 'abbreviation': 'Game', 'type': 'total', 'summary': '3-0'}
 {'name': 'Home', 'abbreviation': None, 'type': 'home', 'summary': '2-0'}
 {'name': 'Road', 'abbreviation': None, 'type': 'road', 'summary': '1-0'}
 {'name': 'vs. Conf.', 'abbreviation': None, 'type': 'vsconf', 'summary': '1-0'}]",400547856,2014,2,4,,,,,
400547666,s:20~l:23~e:400547666~c:400547666,2014-09-20T00:00Z,28723,True,False,False,True,True,False,2014-09-20T00:00Z,ESPN,[],,,national,ESPN,1,STD,3886,Raymond James Stadium,Tampa,FL,USA,False,0.0,0:00,4,3,STATUS_FINAL,post,True,Final,Final,Final,4,58,s:20~l:23~t:58,South Florida,Bulls,USF,South Florida Bulls,USF,006747,cfc493,True,3886,https://a.espncdn.com/i/teamlogos/ncaa/500/58.png,151,17,True,99,"[{'value': 14.0, 'displayValue': '14', 'period': 1}
 {'value': 0.0, 'displayValue': '0', 'period': 2}
 {'value': 0.0, 'displayValue': '0', 'period': 3}
 {'value': 3.0, 'displayValue': '3', 'period': 4}]","[{'name': 'overall', 'abbreviation': 'Game', 'type': 'total', 'summary': '2-2'}
 {'name': 'Home', 'abbreviation': None, 'type': 'home', 'summary': '2-2'}
 {'name': 'Road', 'abbreviation': None, 'type': 'road', 'summary': '0-0'}
 {'name': 'vs. Conf.', 'abbreviation': None, 'type': 'vsconf', 'summary': '1-0'}]",41,s:20~l:23~t:41,Connecticut,Huskies,CONN,Connecticut Huskies,UConn,0c2340,a2aaad,False,3892,https://a.espncdn.com/i/teamlogos/ncaa/500/41.png,151,14,False,99,"[{'value': 0.0, 'displayValue': '0', 'period': 1}
 {'value': 7.0, 'displayValue': '7', 'period': 2}
 {'value': 0.0, 'displayValue': '0', 'period': 3}
 {'value': 7.0, 'displayValue': '7', 'period': 4}]","[{'name': 'overall', 'abbreviation': 'Game', 'type': 'total', 'summary': '1-3'}
 {'name': 'Home', 'abbreviation': None, 'type': 'home', 'summary': '1-2'}
 {'name': 'Road', 'abbreviation': None, 'type': 'road', 'summary': '0-1'}
 {'name': 'vs. Conf.', 'abbreviation': None, 'type': 'vsconf', 'summary': '0-1'}]",400547666,2014,2,4,151,American Conference,American,True,
400547742,s:20~l:23~e:400547742~c:400547742,2014-09-21T00:00Z,82316,True,False,False,True,True,False,2014-09-21T00:00Z,ABC,[],,,national,ABC,1,STD,3697,Doak Campbell Stadium,Tallahassee,FL,USA,False,0.0,0:00,5,3,STATUS_FINAL,post,True,Final,Final/OT,Final/OT,4,52,s:20~l:23~t:52,Florida State,Seminoles,FSU,Florida State Seminoles,FSU,782f40,ceb888,True,3697,https://a.espncdn.com/i/teamlogos/ncaa/500/52.png,1,23,True,1,"[{'value': 3.0, 'displayValue': '3', 'period': 1}
 {'value': 0.0, 'displayValue': '0', 'period': 2}
 {'value': 7.0, 'displayValue': '7', 'period': 3}
 {'value': 7.0, 'displayValue': '7', 'period': 4}
 {'value': 6.0, 'displayValue': '6', 'period': 5}]","[{'name': 'overall', 'abbreviation': 'Game', 'type': 'total', 'summary': '3-0'}
 {'name': 'Home', 'abbreviation': None, 'type': 'home', 'summary': '2-0'}
 {'name': 'Road', 'abbreviation': None, 'type': 'road', 'summary': '0-0'}
 {'name': 'vs. Conf.', 'abbreviation': None, 'type': 'vsconf', 'summary': '1-0'}]",228,s:20~l:23~t:228,Clemson,Tigers,CLEM,Clemson Tigers,Clemson,f56600,ffffff,True,3836,https://a.espncdn.com/i/teamlogos/ncaa/500/228.png,1,17,False,22,"[{'value': 0.0, 'displayValue': '0', 'period': 1}
 {'value': 10.0, 'displayValue': '10', 'period': 2}
 {'value': 0.0, 'displayValue': '0', 'period': 3}
 {'value': 7.0, 'displayValue': '7', 'period': 4}
 {'value': 0.0, 'displayValue': '0', 'period': 5}]","[{'name': 'overall', 'abbreviation': 'Game', 'type': 'total', 'summary': '1-2'}
 {'name': 'Home', 'abbreviation': None, 'type': 'home', 'summary': '1-0'}
 {'name': 'Road', 'abbreviation': None, 'type': 'road', 'summary': '0-2'}
 {'name': 'vs. Conf.', 'abbreviation': None, 'type': 'vsconf', 'summary': '0-1'}]",400547742,2014,2,4,1,Atlantic Coast Conference,ACC,True,OT
400548267,s:20~l:23~e:400548267~c:400548267,2014-09-21T02:30Z,32952,True,False,False,True,True,False,2014-09-21T02:30Z,ESPN,[],,,national,ESPN,1,STD,3820,Martin Stadium,Pullman,WA,USA,False,0.0,0:00,4,3,STATUS_FINAL,post,True,Final,Final,Final,4,265,s:20~l:23~t:265,Washington State,Cougars,WSU,Washington State Cougars,Washington St,a60f2d,4d4d4d,True,3820,https://a.espncdn.com/i/teamlogos/ncaa/500/265.png,9,31,False,99,"[{'value': 14.0, 'displayValue': '14', 'period': 1}
 {'value': 7.0, 'displayValue': '7', 'period': 2}
 {'value': 0.0, 'displayValue': '0', 'period': 3}
 {'value': 10.0, 'displayValue': '10', 'period': 4}]","[{'name': 'overall', 'abbreviation': 'Game', 'type': 'total', 'summary': '1-3'}
 {'name': 'Home', 'abbreviation': None, 'type': 'home', 'summary': '1-2'}
 {'name': 'Road', 'abbreviation': None, 'type': 'road', 'summary': '0-1'}
 {'name': 'vs. Conf.', 'abbreviation': None, 'type': 'vsconf', 'summary': '0-1'}]",2483,s:20~l:23~t:2483,Oregon,Ducks,ORE,Oregon Ducks,Oregon,00934b,fff41b,True,3626,https://a.espncdn.com/i/teamlogos/ncaa/500/2483.png,9,38,True,2,"[{'value': 7.0, 'displayValue': '7', 'period': 1}
 {'value': 14.0, 'displayValue': '14', 'period': 2}
 {'value': 7.0, 'displayValue': '7', 'period': 3}
 {'value': 10.0, 'displayValue': '10', 'period': 4}]","[{'name': 'overall', 'abbreviation': 'Game', 'type': 'total', 'summary': '4-0'}
 {'name': 'Home', 'abbreviation': None, 'type': 'home', 'summary': '3-0'}
 {'name': 'Road', 'abbreviation': None, 'type': 'road', 'summary': '1-0'}
 {'name': 'vs. Conf.', 'abbreviation': None, 'type': 'vsconf', 'summary': '1-0'}]",400548267,2014,2,4,9,Pac-12 Conference,Pac-12,True,
400548384,s:20~l:23~e:400548384~c:400548384,2014-09-20T19:30Z,101821,True,False,False,True,True,False,2014-09-20T19:30Z,CBS,[],,,national,CBS,1,STD,3657,Bryant-Denny Stadium,Tuscaloosa,AL,USA,False,0.0,0:00,4,3,STATUS_FINAL,post,True,Final,Final,Final,4,333,s:20~l:23~t:333,Alabama,Crimson Tide,ALA,Alabama Crimson Tide,Alabama,9e1b32,ffffff,True,3657,https://a.espncdn.com/i/teamlogos/ncaa/500/333.png,8,42,True,3,"[{'value': 14.0, 'displayValue': '14', 'period': 1}
 {'value': 7.0, 'displayValue': '7', 'period': 2}
 {'value': 14.0, 'displayValue': '14', 'period': 3}
 {'value': 7.0, 'displayValue': '7', 'period': 4}]","[{'name': 'overall', 'abbreviation': 'Game', 'type': 'total', 'summary': '4-0'}
 {'name': 'Home', 'abbreviation': None, 'type': 'home', 'summary': '3-0'}
 {'name': 'Road', 'abbreviation': None, 'type': 'road', 'summary': '0-0'}
 {'name': 'vs. Conf.', 'abbreviation': None, 'type': 'vsconf', 'summary': '1-0'}]",57,s:20~l:23~t:57,Florida,Gators,FLA,Florida Gators,Florida,0021a5,fa4616,True,3634,https://a.espncdn.com/i/teamlogos/ncaa/500/57.png,8,21,False,99,"[{'value': 14.0, 'displayValue': '14', 'period': 1}
 {'value': 0.0, 'displayValue': '0', 'period': 2}
 {'value': 7.0, 'displayValue': '7', 'period': 3}
 {'value': 0.0, 'displayValue': '0', 'period': 4}]","[{'name': 'overall', 'abbreviation': 'Game', 'type': 'total', 'summary': '2-1'}
 {'name': 'Home', 'abbreviation': None, 'type': 'home', 'summary': '2-0'}
 {'name': 'Road', 'abbreviation': None, 'type': 'road', 'summary': '0-1'}
 {'name': 'vs. Conf.', 'abbreviation': None, 'type': 'vsconf', 'summary': '1-1'}]",400548384,2014,2,4,8,Southeastern Conference,SEC,True,
400547858,s:20~l:23~e:400547858~c:400547858,2014-09-20T23:30Z,61908,True,False,False,True,True,False,2014-09-20T23:30Z,FOX,[],,,national,FOX,1,STD,3842,Milan Puskar Stadium,Morgantown,WV,USA,False,0.0,0:00,4,3,STATUS_FINAL,post,True,Final,Final,Final,4,277,s:20~l:23~t:277,West Virginia,Mountaineers,WVU,West Virginia Mountaineers,West Virginia,eaaa00,002855,True,3842,https://a.espncdn.com/i/teamlogos/ncaa/500/277.png,4,33,False,99,"[{'value': 7.0, 'displayValue': '7', 'period': 1}
 {'value': 17.0, 'displayValue': '17', 'period': 2}
 {'value': 3.0, 'displayValue': '3', 'period': 3}
 {'value': 6.0, 'displayValue': '6', 'period': 4}]","[{'name': 'overall', 'abbreviation': 'Game', 'type': 'total', 'summary': '2-2'}
 {'name': 'Home', 'abbreviation': None, 'type': 'home', 'summary': '1-1'}
 {'name': 'Road', 'abbreviation': None, 'type': 'road', 'summary': '1-0'}
 {'name': 'vs. Conf.', 'abbreviation': None, 'type': 'vsconf', 'summary': '0-1'}]",201,s:20~l:23~t:201,Oklahoma,Sooners,OKLA,Oklahoma Sooners,Oklahoma,990000,ffffff,True,3835,https://a.espncdn.com/i/teamlogos/ncaa/500/201.png,4,45,True,4,"[{'value': 3.0, 'displayValue': '3', 'period': 1}
 {'value': 21.0, 'displayValue': '21', 'period': 2}
 {'value': 14.0, 'displayValue': '14', 'period': 3}
 {'value': 7.0, 'displayValue': '7', 'period': 4}]","[{'name': 'overall', 'abbreviation': 'Game', 'type': 'total', 'summary': '4-0'}
 {'name': 'Home', 'abbreviation': None, 'type': 'home', 'summary': '2-0'}
 {'name': 'Road', 'abbreviation': None, 'type': 'road', 'summary': '2-0'}
 {'name': 'vs. Conf.', 'abbreviation': None, 'type': 'vsconf', 'summary': '1-0'}]",400547858,2014,2,4,4,Big 12 Conference,Big 12,True,
400547671,s:20~l:23~e:400547671~c:400547671,2014-09-20T19:30Z,34820,True,False,False,False,True,False,2014-09-20T19:30Z,ABC/ESPN2/ESPN3,[],,,national,ABC,1,STD,3735,Gerald J. Ford Stadium,Dallas,TX,USA,False,0.0,0:00,4,3,STATUS_FINAL,post,True,Final,Final,Final,4,2567,s:20~l:23~t:2567,SMU,Mustangs,SMU,SMU Mustangs,SMU,a80000,0033a1,True,3735,https://a.espncdn.com/i/teamlogos/ncaa/500/2567.png,151,6,False,99,"[{'value': 0.0, 'displayValue': '0', 'period': 1}
 {'value': 3.0, 'displayValue': '3', 'period': 2}
 {'value': 0.0, 'displayValue': '0', 'period': 3}
 {'value': 3.0, 'displayValue': '3', 'period': 4}]","[{'name': 'overall', 'abbreviation': 'Game', 'type': 'total', 'summary': '0-3'}
 {'name': 'Home', 'abbreviation': None, 'type': 'home', 'summary': '0-1'}
 {'name': 'Road', 'abbreviation': None, 'type': 'road', 'summary': '0-2'}
 {'name': 'vs. Conf.', 'abbreviation': None, 'type': 'vsconf', 'summary': '0-0'}]",245,s:20~l:23~t:245,Texas A&M,Aggies,TA&M,Texas A&M Aggies,Texas A&M,500000,ffffff,True,3795,https://a.espncdn.com/i/teamlogos/ncaa/500/245.png,8,58,True,6,"[{'value': 17.0, 'displayValue': '17', 'period': 1}
 {'value': 21.0, 'displayValue': '21', 'period': 2}
 {'value': 10.0, 'displayValue': '10', 'period': 3}
 {'value': 10.0, 'displayValue': '10', 'period': 4}]","[{'name': 'overall', 'abbreviation': 'Game', 'type': 'total', 'summary': '4-0'}
 {'name': 'Home', 'abbreviation': None, 'type': 'home', 'summary': '2-0'}
 {'name': 'Road', 'abbreviation': None, 'type': 'road', 'summary': '2-0'}
 {'name': 'vs. Conf.', 'abbreviation': None, 'type': 'vsconf', 'summary': '1-0'}]",400547671,2014,2,4,,,,,
400548386,s:20~l:23~e:400548386~c:400548386,2014-09-20T23:00Z,102321,True,False,False,True,True,False,2014-09-20T23:00Z,ESPN/ESPN3,[],,,national,ESPN,1,STD,3958,Tiger Stadium (LA),Baton Rouge,LA,USA,False,0.0,0:00,4,3,STATUS_FINAL,post,True,Final,Final,Final,4,99,s:20~l:23~t:99,LSU,Tigers,LSU,LSU Tigers,LSU,461d76,fdd023,True,3958,https://a.espncdn.com/i/teamlogos/ncaa/500/99.png,8,29,False,8,"[{'value': 0.0, 'displayValue': '0', 'period': 1}
 {'value': 3.0, 'displayValue': '3', 'period': 2}
 {'value': 7.0, 'displayValue': '7', 'period': 3}
 {'value': 19.0, 'displayValue': '19', 'period': 4}]","[{'name': 'overall', 'abbreviation': 'Game', 'type': 'total', 'summary': '3-1'}
 {'name': 'Home', 'abbreviation': None, 'type': 'home', 'summary': '2-1'}
 {'name': 'Road', 'abbreviation': None, 'type': 'road', 'summary': '0-0'}
 {'name': 'vs. Conf.', 'abbreviation': None, 'type': 'vsconf', 'summary': '0-1'}]",344,s:20~l:23~t:344,Mississippi State,Bulldogs,MSST,Mississippi State Bulldogs,Miss St,5d1725,c1c6c8,True,3693,https://a.espncdn.com/i/teamlogos/ncaa/500/344.png,8,34,True,99,"[{'value': 14.0, 'displayValue': '14', 'period': 1}
 {'value': 3.0, 'displayValue': '3', 'period': 2}
 {'value': 14.0, 'displayValue': '14', 'period': 3}
 {'value': 3.0, 'displayValue': '3', 'period': 4}]","[{'name': 'overall', 'abbreviation': 'Game', 'type': 'total', 'summary': '4-0'}
 {'name': 'Home', 'abbreviation': None, 'type': 'home', 'summary': '2-0'}
 {'name': 'Road', 'abbreviation': None, 'type': 'road', 'summary': '2-0'}
 {'name': 'vs. Conf.', 'abbreviation': None, 'type': 'vsconf', 'summary': '1-0'}]",400548386,2014,2,4,8,Southeastern Conference,SEC,True,
400547954,s:20~l:23~e:400547954~c:400547954,2014-09-20T16:00Z,73846,True,False,False,False,True,False,2014-09-20T16:00Z,BTN,[],,,national,BTN,1,STD,3936,Spartan Stadium,East Lansing,MI,USA,False,0.0,0:00,4,3,STATUS_FINAL,post,True,Final,Final,Final,4,127,s:20~l:23~t:127,Michigan State,Spartans,MSU,Michigan State Spartans,Michigan State,173f35,ffffff,True,3936,https://a.espncdn.com/i/teamlogos/ncaa/500/127.png,5,73,True,11,"[{'value': 28.0, 'displayValue': '28', 'period': 1}
 {'value': 21.0, 'displayValue': '21', 'period': 2}
 {'value': 10.0, 'displayValue': '10', 'period': 3}
 {'value': 14.0, 'displayValue': '14', 'period': 4}]","[{'name': 'overall', 'abbreviation': 'Game', 'type': 'total', 'summary': '2-1'}
 {'name': 'Home', 'abbreviation': None, 'type': 'home', 'summary': '2-0'}
 {'name': 'Road', 'abbreviation': None, 'type': 'road', 'summary': '0-1'}
 {'name': 'vs. Conf.', 'abbreviation': None, 'type': 'vsconf', 'summary': '0-0'}]",2199,s:20~l:23~t:2199,Eastern Michigan,Eagles,EMU,Eastern Michigan Eagles,E Michigan,006938,ffffff,True,3912,https://a.espncdn.com/i/teamlogos/ncaa/500/2199.png,15,14,False,99,"[{'value': 0.0, 'displayValue': '0', 'period': 1}
 {'value': 0.0, 'displayValue': '0', 'period': 2}
 {'value': 7.0, 'displayValue': '7', 'period': 3}
 {'value': 7.0, 'displayValue': '7', 'period': 4}]","[{'name': 'overall', 'abbreviation': 'Game', 'type': 'total', 'summary': '1-3'}
 {'name': 'Home', 'abbreviation': None, 'type': 'home', 'summary': '1-0'}
 {'name': 'Road', 'abbreviation': None, 'type': 'road', 'summary': '0-3'}
 {'name': 'vs. Conf.', 'abbreviation': None, 'type': 'vsconf', 'summary': '0-0'}]",400547954,2014,2,4,,,,,
400548385,s:20~l:23~e:400548385~c:400548385,2014-09-20T16:00Z,0,True,False,False,False,True,False,2014-09-20T16:00Z,SEC Network,[],,,national,SEC Network,1,STD,3917,Sanford Stadium,Athens,GA,USA,False,0.0,0:00,4,3,STATUS_FINAL,post,True,Final,Final,Final,4,61,s:20~l:23~t:61,Georgia,Bulldogs,UGA,Georgia Bulldogs,Georgia,ba0c2f,2c2a29,True,3917,https://a.espncdn.com/i/teamlogos/ncaa/500/61.png,8,66,True,13,"[{'value': 21.0, 'displayValue': '21', 'period': 1}
 {'value': 24.0, 'displayValue': '24', 'period': 2}
 {'value': 7.0, 'displayValue': '7', 'period': 3}
 {'value': 14.0, 'displayValue': '14', 'period': 4}]","[{'name': 'overall', 'abbreviation': 'Game', 'type': 'total', 'summary': '2-1'}
 {'name': 'Home', 'abbreviation': None, 'type': 'home', 'summary': '2-0'}
 {'name': 'Road', 'abbreviation': None, 'type': 'road', 'summary': '0-1'}
 {'name': 'vs. Conf.', 'abbreviation': None, 'type': 'vsconf', 'summary': '0-1'}]",2653,s:20~l:23~t:2653,Troy,Trojans,TROY,Troy Trojans,Troy,862633,b1b1b1,True,3975,https://a.espncdn.com/i/teamlogos/ncaa/500/2653.png,37,0,False,99,"[{'value': 0.0, 'displayValue': '0', 'period': 1}
 {'value': 0.0, 'displayValue': '0', 'period': 2}
 {'value': 0.0, 'displayValue': '0', 'period': 3}
 {'value': 0.0, 'displayValue': '0', 'period': 4}]","[{'name': 'overall', 'abbreviation': 'Game', 'type': 'total', 'summary': '0-4'}
 {'name': 'Home', 'abbreviation': None, 'type': 'home', 'summary': '0-2'}
 {'name': 'Road', 'abbreviation': None, 'type': 'road', 'summary': '0-2'}
 {'name': 'vs. Conf.', 'abbreviation': None, 'type': 'vsconf', 'summary': '0-0'}]",400548385,2014,2,4,,,,,
400548387,s:20~l:23~e:400548387~c:400548387,2014-09-20T23:30Z,34441,True,False,False,True,True,False,2014-09-20T23:30Z,SEC Network,[],,,national,SEC Network,1,STD,3973,FirstBank Stadium,Nashville,TN,USA,False,0.0,0:00,4,3,STATUS_FINAL,post,True,Final,Final,Final,4,238,s:20~l:23~t:238,Vanderbilt,Commodores,VAN,Vanderbilt Commodores,Vanderbilt,000000,cfae70,True,3973,https://a.espncdn.com/i/teamlogos/ncaa/500/238.png,8,34,False,99,"[{'value': 14.0, 'displayValue': '14', 'period': 1}
 {'value': 0.0, 'displayValue': '0', 'period': 2}
 {'value': 10.0, 'displayValue': '10', 'period': 3}
 {'value': 10.0, 'displayValue': '10', 'period': 4}]","[{'name': 'overall', 'abbreviation': 'Game', 'type': 'total', 'summary': '1-3'}
 {'name': 'Home', 'abbreviation': None, 'type': 'home', 'summary': '1-3'}
 {'name': 'Road', 'abbreviation': None, 'type': 'road', 'summary': '0-0'}
 {'name': 'vs. Conf.', 'abbreviation': None, 'type': 'vsconf', 'summary': '0-2'}]",2579,s:20~l:23~t:2579,South Carolina,Gamecocks,SC,South Carolina Gamecocks,South Carolina,73000a,000000,True,3994,https://a.espncdn.com/i/teamlogos/ncaa/500/2579.png,8,48,True,14,"[{'value': 0.0, 'displayValue': '0', 'period': 1}
 {'value': 17.0, 'displayValue': '17', 'period': 2}
 {'value': 10.0, 'displayValue': '10', 'period': 3}
 {'value': 21.0, 'displayValue': '21', 'period': 4}]","[{'name': 'overall', 'abbreviation': 'Game', 'type': 'total', 'summary': '3-1'}
 {'name': 'Home', 'abbreviation': None, 'type': 'home', 'summary': '2-1'}
 {'name': 'Road', 'abbreviation': None, 'type': 'road', 'summary': '1-0'}
 {'name': 'vs. Conf.', 'abbreviation': None, 'type': 'vsconf', 'summary': '2-1'}]",400548387,2014,2,4,8,Southeastern Conference,SEC,True,
400547918,s:20~l:23~e:400547918~c:400547918,2014-09-20T20:00Z,66455,True,False,False,False,True,False,2014-09-20T20:00Z,SEC Network,[],,,national,SEC Network,1,STD,3838,Memorial Stadium,Columbia,MO,USA,False,0.0,0:00,4,3,STATUS_FINAL,post,True,Final,Final,Final,4,142,s:20~l:23~t:142,Missouri,Tigers,MIZ,Missouri Tigers,Missouri,f1b82d,000000,True,3838,https://a.espncdn.com/i/teamlogos/ncaa/500/142.png,8,27,False,18,"[{'value': 7.0, 'displayValue': '7', 'period': 1}
 {'value': 10.0, 'displayValue': '10', 'period': 2}
 {'value': 0.0, 'displayValue': '0', 'period': 3}
 {'value': 10.0, 'displayValue': '10', 'period': 4}]","[{'name': 'overall', 'abbreviation': 'Game', 'type': 'total', 'summary': '3-1'}
 {'name': 'Home', 'abbreviation': None, 'type': 'home', 'summary': '2-1'}
 {'name': 'Road', 'abbreviation': None, 'type': 'road', 'summary': '1-0'}
 {'name': 'vs. Conf.', 'abbreviation': None, 'type': 'vsconf', 'summary': '0-0'}]",84,s:20~l:23~t:84,Indiana,Hoosiers,IND,Indiana Hoosiers,Indiana,970310,ffffff,True,3830,https://a.espncdn.com/i/teamlogos/ncaa/500/84.png,5,31,True,99,"[{'value': 7.0, 'displayValue': '7', 'period': 1}
 {'value': 10.0, 'displayValue': '10', 'period': 2}
 {'value': 7.0, 'displayValue': '7', 'period': 3}
 {'value': 7.0, 'displayValue': '7', 'period': 4}]","[{'name': 'overall', 'abbreviation': 'Game', 'type': 'total', 'summary': '2-1'}
 {'name': 'Home', 'abbreviation': None, 'type': 'home', 'summary': '1-0'}
 {'name': 'Road', 'abbreviation': None, 'type': 'road', 'summary': '1-1'}
 {'name': 'vs. Conf.', 'abbreviation': None, 'type': 'vsconf', 'summary': '0-0'}]",400547918,2014,2,4,,,,,
400548002,s:20~l:23~e:400548002~c:400548002,2014-09-20T16:00Z,0,True,False,False,False,True,False,2014-09-20T16:00Z,ESPN2,[],,,national,ESPN2,1,STD,347,Camp Randall Stadium,Madison,WI,USA,False,0.0,0:00,4,3,STATUS_FINAL,post,True,Final,Final,Final,4,275,s:20~l:23~t:275,Wisconsin,Badgers,WIS,Wisconsin Badgers,Wisconsin,a00000,ffffff,True,347,https://a.espncdn.com/i/teamlogos/ncaa/500/275.png,5,68,True,19,"[{'value': 14.0, 'displayValue': '14', 'period': 1}
 {'value': 27.0, 'displayValue': '27', 'period': 2}
 {'value': 21.0, 'displayValue': '21', 'period': 3}
 {'value': 6.0, 'displayValue': '6', 'period': 4}]","[{'name': 'overall', 'abbreviation': 'Game', 'type': 'total', 'summary': '2-1'}
 {'name': 'Home', 'abbreviation': None, 'type': 'home', 'summary': '2-0'}
 {'name': 'Road', 'abbreviation': None, 'type': 'road', 'summary': '0-0'}
 {'name': 'vs. Conf.', 'abbreviation': None, 'type': 'vsconf', 'summary': '0-0'}]",189,s:20~l:23~t:189,Bowling Green,Falcons,BGSU,Bowling Green Falcons,Bowling Green,fd5000,4f2c1d,True,3700,https://a.espncdn.com/i/teamlogos/ncaa/500/189.png,15,17,False,99,"[{'value': 10.0, 'displayValue': '10', 'period': 1}
 {'value': 0.0, 'displayValue': '0', 'period': 2}
 {'value': 0.0, 'displayValue': '0', 'period': 3}
 {'value': 7.0, 'displayValue': '7', 'period': 4}]","[{'name': 'overall', 'abbreviation': 'Game', 'type': 'total', 'summary': '2-2'}
 {'name': 'Home', 'abbreviation': None, 'type': 'home', 'summary': '2-0'}
 {'name': 'Road', 'abbreviation': None, 'type': 'road', 'summary': '0-2'}
 {'name': 'vs. Conf.', 'abbreviation': None, 'type': 'vsconf', 'summary': '0-0'}]",400548002,2014,2,4,,,,,
400547822,s:20~l:23~e:400547822~c:400547822,2014-09-20T19:30Z,59023,True,False,False,False,True,False,2014-09-20T19:30Z,ESPN,[],,,national,ESPN,1,STD,3801,LaVell Edwards Stadium,Provo,UT,USA,False,0.0,0:00,4,3,STATUS_FINAL,post,True,Final,Final,Final,4,252,s:20~l:23~t:252,BYU,Cougars,BYU,BYU Cougars,BYU,0047ba,002e5d,True,3801,https://a.espncdn.com/i/teamlogos/ncaa/500/252.png,18,41,True,21,"[{'value': 3.0, 'displayValue': '3', 'period': 1}
 {'value': 10.0, 'displayValue': '10', 'period': 2}
 {'value': 14.0, 'displayValue': '14', 'period': 3}
 {'value': 14.0, 'displayValue': '14', 'period': 4}]","[{'name': 'overall', 'abbreviation': 'Game', 'type': 'total', 'summary': '4-0'}
 {'name': 'Home', 'abbreviation': None, 'type': 'home', 'summary': '2-0'}
 {'name': 'Road', 'abbreviation': None, 'type': 'road', 'summary': '2-0'}
 {'name': 'vs. Conf.', 'abbreviation': None, 'type': 'vsconf', 'summary': '0-0'}]",258,s:20~l:23~t:258,Virginia,Cavaliers,UVA,Virginia Cavaliers,UVA,232d4b,f84c1e,True,3923,https://a.espncdn.com/i/teamlogos/ncaa/500/258.png,1,33,False,99,"[{'value': 7.0, 'displayValue': '7', 'period': 1}
 {'value': 9.0, 'displayValue': '9', 'period': 2}
 {'value': 0.0, 'displayValue': '0', 'period': 3}
 {'value': 17.0, 'displayValue': '17', 'period': 4}]","[{'name': 'overall', 'abbreviation': 'Game', 'type': 'total', 'summary': '2-2'}
 {'name': 'Home', 'abbreviation': None, 'type': 'home', 'summary': '2-1'}
 {'name': 'Road', 'abbreviation': None, 'type': 'road', 'summary': '0-1'}
 {'name': 'vs. Conf.', 'abbreviation': None, 'type': 'vsconf', 'summary': '1-0'}]",400547822,2014,2,4,,,,,
400547789,s:20~l:23~e:400547789~c:400547789,2014-09-21T00:00Z,91585,True,False,False,False,True,False,2014-09-21T00:00Z,ESPN2,[],,,national,ESPN2,1,STD,3834,"Memorial Stadium (Lincoln, NE)",Lincoln,NE,USA,False,0.0,0:00,4,3,STATUS_FINAL,post,True,Final,Final,Final,4,158,s:20~l:23~t:158,Nebraska,Cornhuskers,NEB,Nebraska Cornhuskers,Nebraska,e31937,ffffff,True,3834,https://a.espncdn.com/i/teamlogos/ncaa/500/158.png,5,41,True,24,"[{'value': 7.0, 'displayValue': '7', 'period': 1}
 {'value': 10.0, 'displayValue': '10', 'period': 2}
 {'value': 14.0, 'displayValue': '14', 'period': 3}
 {'value': 10.0, 'displayValue': '10', 'period': 4}]","[{'name': 'overall', 'abbreviation': 'Game', 'type': 'total', 'summary': '4-0'}
 {'name': 'Home', 'abbreviation': None, 'type': 'home', 'summary': '3-0'}
 {'name': 'Road', 'abbreviation': None, 'type': 'road', 'summary': '1-0'}
 {'name': 'vs. Conf.', 'abbreviation': None, 'type': 'vsconf', 'summary': '0-0'}]",2390,s:20~l:23~t:2390,Miami,Hurricanes,MIAMI,Miami Hurricanes,Miami,f47423,035131,True,3948,https://a.espncdn.com/i/teamlogos/ncaa/500/2390.png,1,31,False,99,"[{'value': 7.0, 'displayValue': '7', 'period': 1}
 {'value': 7.0, 'displayValue': '7', 'period': 2}
 {'value': 7.0, 'displayValue': '7', 'period': 3}
 {'value': 10.0, 'displayValue': '10', 'period': 4}]","[{'name': 'overall', 'abbreviation': 'Game', 'type': 'total', 'summary': '2-2'}
 {'name': 'Home', 'abbreviation': None, 'type': 'home', 'summary': '2-0'}
 {'name': 'Road', 'abbreviation': None, 'type': 'road', 'summary': '0-2'}
 {'name': 'vs. Conf.', 'abbreviation': None, 'type': 'vsconf', 'summary': '0-1'}]",400547789,2014,2,4,,,,,
400547774,s:20~l:23~e:400547774~c:400547774,2014-09-20T16:00Z,62318,True,False,False,True,True,False,2014-09-20T16:00Z,ESPN,[],,,national,ESPN,1,STD,3799,Lane Stadium,Blacksburg,VA,USA,False,0.0,0:00,4,3,STATUS_FINAL,post,True,Final,Final,Final,4,259,s:20~l:23~t:259,Virginia Tech,Hokies,VT,Virginia Tech Hokies,Virginia Tech,6a2c3e,cf4520,True,3799,https://a.espncdn.com/i/teamlogos/ncaa/500/259.png,1,24,False,99,"[{'value': 3.0, 'displayValue': '3', 'period': 1}
 {'value': 13.0, 'displayValue': '13', 'period': 2}
 {'value': 0.0, 'displayValue': '0', 'period': 3}
 {'value': 8.0, 'displayValue': '8', 'period': 4}]","[{'name': 'overall', 'abbreviation': 'Game', 'type': 'total', 'summary': '2-2'}
 {'name': 'Home', 'abbreviation': None, 'type': 'home', 'summary': '1-2'}
 {'name': 'Road', 'abbreviation': None, 'type': 'road', 'summary': '1-0'}
 {'name': 'vs. Conf.', 'abbreviation': None, 'type': 'vsconf', 'summary': '0-1'}]",59,s:20~l:23~t:59,Georgia Tech,Yellow Jackets,GT,Georgia Tech Yellow Jackets,Georgia Tech,b3a369,ffffff,True,721,https://a.espncdn.com/i/teamlogos/ncaa/500/59.png,1,27,True,99,"[{'value': 3.0, 'displayValue': '3', 'period': 1}
 {'value': 7.0, 'displayValue': '7', 'period': 2}
 {'value': 0.0, 'displayValue': '0', 'period': 3}
 {'value': 17.0, 'displayValue': '17', 'period': 4}]","[{'name': 'overall', 'abbreviation': 'Game', 'type': 'total', 'summary': '4-0'}
 {'name': 'Home', 'abbreviation': None, 'type': 'home', 'summary': '2-0'}
 {'name': 'Road', 'abbreviation': None, 'type': 'road', 'summary': '2-0'}
 {'name': 'vs. Conf.', 'abbreviation': None, 'type': 'vsconf', 'summary': '1-0'}]",400547774,2014,2,4,1,Atlantic Coast Conference,ACC,True,
400547810,s:20~l:23~e:400547810~c:400547810,2014-09-20T16:00Z,48895,True,False,False,False,True,False,2014-09-20T16:00Z,ESPNU,[],,,national,ESPNU,1,STD,3752,Acrisure Stadium,Pittsburgh,PA,USA,False,0.0,0:00,4,3,STATUS_FINAL,post,True,Final,Final,Final,4,221,s:20~l:23~t:221,Pittsburgh,Panthers,PITT,Pittsburgh Panthers,Pitt,003594,ffb81c,True,3752,https://a.espncdn.com/i/teamlogos/ncaa/500/221.png,1,20,False,99,"[{'value': 7.0, 'displayValue': '7', 'period': 1}
 {'value': 10.0, 'displayValue': '10', 'period': 2}
 {'value': 3.0, 'displayValue': '3', 'period': 3}
 {'value': 0.0, 'displayValue': '0', 'period': 4}]","[{'name': 'overall', 'abbreviation': 'Game', 'type': 'total', 'summary': '3-1'}
 {'name': 'Home', 'abbreviation': None, 'type': 'home', 'summary': '1-1'}
 {'name': 'Road', 'abbreviation': None, 'type': 'road', 'summary': '2-0'}
 {'name': 'vs. Conf.', 'abbreviation': None, 'type': 'vsconf', 'summary': '1-0'}]",2294,s:20~l:23~t:2294,Iowa,Hawkeyes,IOWA,Iowa Hawkeyes,Iowa,231f20,fcd116,True,3793,https://a.espncdn.com/i/teamlogos/ncaa/500/2294.png,5,24,True,99,"[{'value': 7.0, 'displayValue': '7', 'period': 1}
 {'value': 0.0, 'displayValue': '0', 'period': 2}
 {'value': 10.0, 'displayValue': '10', 'period': 3}
 {'value': 7.0, 'displayValue': '7', 'period': 4}]","[{'name': 'overall', 'abbreviation': 'Game', 'type': 'total', 'summary': '3-1'}
 {'name': 'Home', 'abbreviation': None, 'type': 'home', 'summary': '2-1'}
 {'name': 'Road', 'abbreviation': None, 'type': 'road', 'summary': '1-0'}
 {'name': 'vs. Conf.', 'abbreviation': None, 'type': 'vsconf', 'summary': '0-0'}]",400547810,2014,2,4,,,,,
400547977,s:20~l:23~e:400547977~c:400547977,2014-09-20T16:00Z,32016,True,False,False,False,True,False,2014-09-20T16:00Z,ESPNEWS,[],,,national,ESPNEWS,1,STD,3911,Ryan Field (1926),Evanston,IL,USA,False,0.0,0:00,4,3,STATUS_FINAL,post,True,Final,Final,Final,4,77,s:20~l:23~t:77,Northwestern,Wildcats,NW,Northwestern Wildcats,Northwestern,492f92,ffffff,True,3911,https://a.espncdn.com/i/teamlogos/ncaa/500/77.png,5,24,True,99,"[{'value': 7.0, 'displayValue': '7', 'period': 1}
 {'value': 7.0, 'displayValue': '7', 'period': 2}
 {'value': 7.0, 'displayValue': '7', 'period': 3}
 {'value': 3.0, 'displayValue': '3', 'period': 4}]","[{'name': 'overall', 'abbreviation': 'Game', 'type': 'total', 'summary': '1-2'}
 {'name': 'Home', 'abbreviation': None, 'type': 'home', 'summary': '1-2'}
 {'name': 'Road', 'abbreviation': None, 'type': 'road', 'summary': '0-0'}
 {'name': 'vs. Conf.', 'abbreviation': None, 'type': 'vsconf', 'summary': '0-0'}]",2710,s:20~l:23~t:2710,Western Illinois,Leathernecks,WIU,Western Illinois Leathernecks,W Illinois,4e1e8a,ffc90a,True,3746,https://a.espncdn.com/i/teamlogos/ncaa/500/2710.png,21,7,False,99,"[{'value': 7.0, 'displayValue': '7', 'period': 1}
 {'value': 0.0, 'displayValue': '0', 'period': 2}
 {'value': 0.0, 'displayValue': '0', 'period': 3}
 {'value': 0.0, 'displayValue': '0', 'period': 4}]","[{'name': 'overall', 'abbreviation': 'Game', 'type': 'total', 'summary': '2-2'}
 {'name': 'Home', 'abbreviation': None, 'type': 'home', 'summary': '2-0'}
 {'name': 'Road', 'abbreviation': None, 'type': 'road', 'summary': '0-2'}
 {'name': 'vs. Conf.', 'abbreviation': None, 'type': 'vsconf', 'summary': '0-0'}]",400547977,2014,2,4,,,,,
400547991,s:20~l:23~e:400547991~c:400547991,2014-09-20T16:00Z,31434,True,False,False,False,True,False,2014-09-20T16:00Z,BTN,[],,,national,BTN,1,STD,3907,Ross-Ade Stadium,West Lafayette,IN,USA,False,0.0,0:00,4,3,STATUS_FINAL,post,True,Final,Final,Final,4,2509,s:20~l:23~t:2509,Purdue,Boilermakers,PUR,Purdue Boilermakers,Purdue,ceb888,000000,True,3907,https://a.espncdn.com/i/teamlogos/ncaa/500/2509.png,5,35,True,99,"[{'value': 17.0, 'displayValue': '17', 'period': 1}
 {'value': 11.0, 'displayValue': '11', 'period': 2}
 {'value': 0.0, 'displayValue': '0', 'period': 3}
 {'value': 7.0, 'displayValue': '7', 'period': 4}]","[{'name': 'overall', 'abbreviation': 'Game', 'type': 'total', 'summary': '2-2'}
 {'name': 'Home', 'abbreviation': None, 'type': 'home', 'summary': '2-1'}
 {'name': 'Road', 'abbreviation': None, 'type': 'road', 'summary': '0-0'}
 {'name': 'vs. Conf.', 'abbreviation': None, 'type': 'vsconf', 'summary': '0-0'}]",79,s:20~l:23~t:79,Southern Illinois,Salukis,SIU,Southern Illinois Salukis,S Illinois,85283D,c2c3c0,True,3913,https://a.espncdn.com/i/teamlogos/ncaa/500/79.png,21,13,False,99,"[{'value': 0.0, 'displayValue': '0', 'period': 1}
 {'value': 3.0, 'displayValue': '3', 'period': 2}
 {'value': 7.0, 'displayValue': '7', 'period': 3}
 {'value': 3.0, 'displayValue': '3', 'period': 4}]","[{'name': 'overall', 'abbreviation': 'Game', 'type': 'total', 'summary': '3-1'}
 {'name': 'Home', 'abbreviation': None, 'type': 'home', 'summary': '2-0'}
 {'name': 'Road', 'abbreviation': None, 'type': 'road', 'summary': '1-1'}
 {'name': 'vs. Conf.', 'abbreviation': None, 'type': 'vsconf', 'summary': '0-0'}]",400547991,2014,2,4,,,,,
400548031,s:20~l:23~e:400548031~c:400548031,2014-09-20T16:00Z,17558,True,False,False,True,True,False,2014-09-20T16:00Z,,[],,,,,1,STD,3895,Rice Stadium,Houston,TX,USA,False,0.0,0:00,4,3,STATUS_FINAL,post,True,Final,Final,Final,4,242,s:20~l:23~t:242,Rice,Owls,RICE,Rice Owls,Rice,00205b,c1c6c8,True,3895,https://a.espncdn.com/i/teamlogos/ncaa/500/242.png,12,42,False,99,"[{'value': 7.0, 'displayValue': '7', 'period': 1}
 {'value': 7.0, 'displayValue': '7', 'period': 2}
 {'value': 14.0, 'displayValue': '14', 'period': 3}
 {'value': 14.0, 'displayValue': '14', 'period': 4}]","[{'name': 'overall', 'abbreviation': 'Game', 'type': 'total', 'summary': '0-3'}
 {'name': 'Home', 'abbreviation': None, 'type': 'home', 'summary': '0-1'}
 {'name': 'Road', 'abbreviation': None, 'type': 'road', 'summary': '0-2'}
 {'name': 'vs. Conf.', 'abbreviation': None, 'type': 'vsconf', 'summary': '0-1'}]",295,s:20~l:23~t:295,Old Dominion,Monarchs,ODU,Old Dominion Monarchs,Old Dominion,003768,a1d2f1,True,3918,https://a.espncdn.com/i/teamlogos/ncaa/500/295.png,12,45,True,99,"[{'value': 14.0, 'displayValue': '14', 'period': 1}
 {'value': 14.0, 'displayValue': '14', 'period': 2}
 {'value': 7.0, 'displayValue': '7', 'period': 3}
 {'value': 10.0, 'displayValue': '10', 'period': 4}]","[{'name': 'overall', 'abbreviation': 'Game', 'type': 'total', 'summary': '3-1'}
 {'name': 'Home', 'abbreviation': None, 'type': 'home', 'summary': '2-0'}
 {'name': 'Road', 'abbreviation': None, 'type': 'road', 'summary': '1-1'}
 {'name': 'vs. Conf.', 'abbreviation': None, 'type': 'vsconf', 'summary': '1-0'}]",400548031,2014,2,4,12,Conference USA,CUSA,True,
400547673,s:20~l:23~e:400547673~c:400547673,2014-09-20T16:30Z,20197,True,False,False,False,True,False,2014-09-20T16:30Z,ESPN3,[],,,national,ESPN3,1,STD,3982,Wallace Wade Stadium,Durham,NC,USA,False,0.0,0:00,4,3,STATUS_FINAL,post,True,Final,Final,Final,4,150,s:20~l:23~t:150,Duke,Blue Devils,DUKE,Duke Blue Devils,Duke,00539b,ffffff,True,3982,https://a.espncdn.com/i/teamlogos/ncaa/500/150.png,1,47,True,99,"[{'value': 16.0, 'displayValue': '16', 'period': 1}
 {'value': 3.0, 'displayValue': '3', 'period': 2}
 {'value': 14.0, 'displayValue': '14', 'period': 3}
 {'value': 14.0, 'displayValue': '14', 'period': 4}]","[{'name': 'overall', 'abbreviation': 'Game', 'type': 'total', 'summary': '4-0'}
 {'name': 'Home', 'abbreviation': None, 'type': 'home', 'summary': '3-0'}
 {'name': 'Road', 'abbreviation': None, 'type': 'road', 'summary': '1-0'}
 {'name': 'vs. Conf.', 'abbreviation': None, 'type': 'vsconf', 'summary': '0-0'}]",2655,s:20~l:23~t:2655,Tulane,Green Wave,TULN,Tulane Green Wave,Tulane,006747,418fde,True,4729,https://a.espncdn.com/i/teamlogos/ncaa/500/2655.png,151,13,False,99,"[{'value': 7.0, 'displayValue': '7', 'period': 1}
 {'value': 0.0, 'displayValue': '0', 'period': 2}
 {'value': 6.0, 'displayValue': '6', 'period': 3}
 {'value': 0.0, 'displayValue': '0', 'period': 4}]","[{'name': 'overall', 'abbreviation': 'Game', 'type': 'total', 'summary': '1-3'}
 {'name': 'Home', 'abbreviation': None, 'type': 'home', 'summary': '1-1'}
 {'name': 'Road', 'abbreviation': None, 'type': 'road', 'summary': '0-2'}
 {'name': 'vs. Conf.', 'abbreviation': None, 'type': 'vsconf', 'summary': '0-1'}]",400547673,2014,2,4,,,,,
400547817,s:20~l:23~e:400547817~c:400547817,2014-09-20T16:30Z,40511,True,False,False,False,True,False,2014-09-20T16:30Z,ESPN3,[],,,national,ESPN3,1,STD,1964,JMA Wireless Dome,Syracuse,NY,USA,True,0.0,0:00,4,3,STATUS_FINAL,post,True,Final,Final,Final,4,183,s:20~l:23~t:183,Syracuse,Orange,SYR,Syracuse Orange,Syracuse,000e54,ff431b,True,1964,https://a.espncdn.com/i/teamlogos/ncaa/500/183.png,1,20,False,99,"[{'value': 6.0, 'displayValue': '6', 'period': 1}
 {'value': 7.0, 'displayValue': '7', 'period': 2}
 {'value': 0.0, 'displayValue': '0', 'period': 3}
 {'value': 7.0, 'displayValue': '7', 'period': 4}]","[{'name': 'overall', 'abbreviation': 'Game', 'type': 'total', 'summary': '2-1'}
 {'name': 'Home', 'abbreviation': None, 'type': 'home', 'summary': '1-1'}
 {'name': 'Road', 'abbreviation': None, 'type': 'road', 'summary': '1-0'}
 {'name': 'vs. Conf.', 'abbreviation': None, 'type': 'vsconf', 'summary': '0-0'}]",120,s:20~l:23~t:120,Maryland,Terrapins,MD,Maryland Terrapins,Maryland,ce1126,ffffff,True,3665,https://a.espncdn.com/i/teamlogos/ncaa/500/120.png,5,34,True,99,"[{'value': 14.0, 'displayValue': '14', 'period': 1}
 {'value': 17.0, 'displayValue': '17', 'period': 2}
 {'value': 0.0, 'displayValue': '0', 'period': 3}
 {'value': 3.0, 'displayValue': '3', 'period': 4}]","[{'name': 'overall', 'abbreviation': 'Game', 'type': 'total', 'summary': '3-1'}
 {'name': 'Home', 'abbreviation': None, 'type': 'home', 'summary': '1-1'}
 {'name': 'Road', 'abbreviation': None, 'type': 'road', 'summary': '2-0'}
 {'name': 'vs. Conf.', 'abbreviation': None, 'type': 'vsconf', 'summary': '0-0'}]",400547817,2014,2,4,,,,,
400558025,s:20~l:23~e:400558025~c:400558025,2014-09-20T16:30Z,10781,True,False,False,True,True,False,2014-09-20T16:30Z,,[],,,,,1,STD,717,Villanova Stadium,Philadelphia,PA,USA,False,0.0,0:00,4,3,STATUS_FINAL,post,True,Final,Final,Final,4,222,s:20~l:23~t:222,Villanova,Wildcats,NOVA,Villanova Wildcats,Villanova,00205b,13b5ea,True,717,https://a.espncdn.com/i/teamlogos/ncaa/500/222.png,48,49,True,99,"[{'value': 7.0, 'displayValue': '7', 'period': 1}
 {'value': 7.0, 'displayValue': '7', 'period': 2}
 {'value': 14.0, 'displayValue': '14', 'period': 3}
 {'value': 21.0, 'displayValue': '21', 'period': 4}]","[{'name': 'overall', 'abbreviation': 'Game', 'type': 'total', 'summary': '2-1'}
 {'name': 'Home', 'abbreviation': None, 'type': 'home', 'summary': '2-0'}
 {'name': 'Road', 'abbreviation': None, 'type': 'road', 'summary': '0-1'}
 {'name': 'vs. Conf.', 'abbreviation': None, 'type': 'vsconf', 'summary': '1-0'}]",256,s:20~l:23~t:256,James Madison,Dukes,JMU,James Madison Dukes,JMU,450084,cbb677,True,3651,https://a.espncdn.com/i/teamlogos/ncaa/500/256.png,48,31,False,99,"[{'value': 0.0, 'displayValue': '0', 'period': 1}
 {'value': 21.0, 'displayValue': '21', 'period': 2}
 {'value': 3.0, 'displayValue': '3', 'period': 3}
 {'value': 7.0, 'displayValue': '7', 'period': 4}]","[{'name': 'overall', 'abbreviation': 'Game', 'type': 'total', 'summary': '2-2'}
 {'name': 'Home', 'abbreviation': None, 'type': 'home', 'summary': '1-0'}
 {'name': 'Road', 'abbreviation': None, 'type': 'road', 'summary': '1-2'}
 {'name': 'vs. Conf.', 'abbreviation': None, 'type': 'vsconf', 'summary': '0-1'}]",400558025,2014,2,4,48,Coastal Athletic Association,CAA,True,
400547672,s:20~l:23~e:400547672~c:400547672,2014-09-20T17:00Z,19202,True,False,False,False,True,False,2014-09-20T17:00Z,ESPN3,[],,,national,ESPN3,1,STD,3806,Lincoln Financial Field,Philadelphia,PA,USA,False,0.0,0:00,4,3,STATUS_FINAL,post,True,Final,Final,Final,4,218,s:20~l:23~t:218,Temple,Owls,TEM,Temple Owls,Temple,a41e35,ffffff,True,3806,https://a.espncdn.com/i/teamlogos/ncaa/500/218.png,151,59,True,99,"[{'value': 28.0, 'displayValue': '28', 'period': 1}
 {'value': 21.0, 'displayValue': '21', 'period': 2}
 {'value': 3.0, 'displayValue': '3', 'period': 3}
 {'value': 7.0, 'displayValue': '7', 'period': 4}]","[{'name': 'overall', 'abbreviation': 'Game', 'type': 'total', 'summary': '2-1'}
 {'name': 'Home', 'abbreviation': None, 'type': 'home', 'summary': '1-1'}
 {'name': 'Road', 'abbreviation': None, 'type': 'road', 'summary': '1-0'}
 {'name': 'vs. Conf.', 'abbreviation': None, 'type': 'vsconf', 'summary': '0-0'}]",2169,s:20~l:23~t:2169,Delaware State,Hornets,DSU,Delaware State Hornets,Delaware State,009cdb,d51c28,True,3613,https://a.espncdn.com/i/teamlogos/ncaa/500/2169.png,24,0,False,99,"[{'value': 0.0, 'displayValue': '0', 'period': 1}
 {'value': 0.0, 'displayValue': '0', 'period': 2}
 {'value': 0.0, 'displayValue': '0', 'period': 3}
 {'value': 0.0, 'displayValue': '0', 'period': 4}]","[{'name': 'overall', 'abbreviation': 'Game', 'type': 'total', 'summary': '0-4'}
 {'name': 'Home', 'abbreviation': None, 'type': 'home', 'summary': '0-1'}
 {'name': 'Road', 'abbreviation': None, 'type': 'road', 'summary': '0-3'}
 {'name': 'vs. Conf.', 'abbreviation': None, 'type': 'vsconf', 'summary': '0-0'}]",400547672,2014,2,4,,,,,
400547731,s:20~l:23~e:400547731~c:400547731,2014-09-20T17:00Z,28676,True,False,False,False,True,False,2014-09-20T17:00Z,ESPN3,[],,,national,ESPN3,1,STD,3615,"Alumni Stadium (Chestnut Hill, MA)",Chestnut Hill,MA,USA,False,0.0,0:00,4,3,STATUS_FINAL,post,True,Final,Final,Final,4,103,s:20~l:23~t:103,Boston College,Eagles,BC,Boston College Eagles,Boston College,8c2232,dbcca6,True,3615,https://a.espncdn.com/i/teamlogos/ncaa/500/103.png,1,40,True,99,"[{'value': 10.0, 'displayValue': '10', 'period': 1}
 {'value': 9.0, 'displayValue': '9', 'period': 2}
 {'value': 14.0, 'displayValue': '14', 'period': 3}
 {'value': 7.0, 'displayValue': '7', 'period': 4}]","[{'name': 'overall', 'abbreviation': 'Game', 'type': 'total', 'summary': '3-1'}
 {'name': 'Home', 'abbreviation': None, 'type': 'home', 'summary': '2-1'}
 {'name': 'Road', 'abbreviation': None, 'type': 'road', 'summary': '1-0'}
 {'name': 'vs. Conf.', 'abbreviation': None, 'type': 'vsconf', 'summary': '0-1'}]",311,s:20~l:23~t:311,Maine,Black Bears,MAINE,Maine Black Bears,Maine,127dbe,,True,3607,https://a.espncdn.com/i/teamlogos/ncaa/500/311.png,48,10,False,99,"[{'value': 7.0, 'displayValue': '7', 'period': 1}
 {'value': 3.0, 'displayValue': '3', 'period': 2}
 {'value': 0.0, 'displayValue': '0', 'period': 3}
 {'value': 0.0, 'displayValue': '0', 'period': 4}]","[{'name': 'overall', 'abbreviation': 'Game', 'type': 'total', 'summary': '1-2'}
 {'name': 'Home', 'abbreviation': None, 'type': 'home', 'summary': '1-0'}
 {'name': 'Road', 'abbreviation': None, 'type': 'road', 'summary': '0-2'}
 {'name': 'vs. Conf.', 'abbreviation': None, 'type': 'vsconf', 'summary': '0-0'}]",400547731,2014,2,4,,,,,
400548029,s:20~l:23~e:400548029~c:400548029,2014-09-20T18:00Z,0,True,False,False,False,True,False,2014-09-20T18:00Z,ESPN3,[],,,national,ESPN3,1,STD,3768,InfoCision Stadium,Akron,OH,USA,False,0.0,0:00,4,3,STATUS_FINAL,post,True,Final,Final,Final,4,2006,s:20~l:23~t:2006,Akron,Zips,AKR,Akron Zips,Akron,041e42,c5b783,True,3768,https://a.espncdn.com/i/teamlogos/ncaa/500/2006.png,15,17,False,99,"[{'value': 0.0, 'displayValue': '0', 'period': 1}
 {'value': 3.0, 'displayValue': '3', 'period': 2}
 {'value': 0.0, 'displayValue': '0', 'period': 3}
 {'value': 14.0, 'displayValue': '14', 'period': 4}]","[{'name': 'overall', 'abbreviation': 'Game', 'type': 'total', 'summary': '1-2'}
 {'name': 'Home', 'abbreviation': None, 'type': 'home', 'summary': '1-1'}
 {'name': 'Road', 'abbreviation': None, 'type': 'road', 'summary': '0-1'}
 {'name': 'vs. Conf.', 'abbreviation': None, 'type': 'vsconf', 'summary': '0-0'}]",276,s:20~l:23~t:276,Marshall,Thundering Herd,MRSH,Marshall Thundering Herd,Marshall,00b140,000000,True,3775,https://a.espncdn.com/i/teamlogos/ncaa/500/276.png,12,48,True,99,"[{'value': 17.0, 'displayValue': '17', 'period': 1}
 {'value': 14.0, 'displayValue': '14', 'period': 2}
 {'value': 10.0, 'displayValue': '10', 'period': 3}
 {'value': 7.0, 'displayValue': '7', 'period': 4}]","[{'name': 'overall', 'abbreviation': 'Game', 'type': 'total', 'summary': '4-0'}
 {'name': 'Home', 'abbreviation': None, 'type': 'home', 'summary': '2-0'}
 {'name': 'Road', 'abbreviation': None, 'type': 'road', 'summary': '2-0'}
 {'name': 'vs. Conf.', 'abbreviation': None, 'type': 'vsconf', 'summary': '0-0'}]",400548029,2014,2,4,,,,,
400548196,s:20~l:23~e:400548196~c:400548196,2014-09-20T18:00Z,39478,True,False,False,False,True,False,2014-09-20T18:00Z,PACN,[],,,national,PACN,1,STD,3726,Folsom Field,Boulder,CO,USA,False,0.0,0:00,4,3,STATUS_FINAL,post,True,Final,Final,Final,4,38,s:20~l:23~t:38,Colorado,Buffaloes,COLO,Colorado Buffaloes,Colorado,cfb87c,000000,True,3726,https://a.espncdn.com/i/teamlogos/ncaa/500/38.png,9,21,True,99,"[{'value': 7.0, 'displayValue': '7', 'period': 1}
 {'value': 14.0, 'displayValue': '14', 'period': 2}
 {'value': 0.0, 'displayValue': '0', 'period': 3}
 {'value': 0.0, 'displayValue': '0', 'period': 4}]","[{'name': 'overall', 'abbreviation': 'Game', 'type': 'total', 'summary': '2-2'}
 {'name': 'Home', 'abbreviation': None, 'type': 'home', 'summary': '1-1'}
 {'name': 'Road', 'abbreviation': None, 'type': 'road', 'summary': '1-0'}
 {'name': 'vs. Conf.', 'abbreviation': None, 'type': 'vsconf', 'summary': '0-1'}]",62,s:20~l:23~t:62,Hawai'i,Rainbow Warriors,HAW,Hawai'i Rainbow Warriors,Hawaii,005737,000000,True,3610,https://a.espncdn.com/i/teamlogos/ncaa/500/62.png,17,12,False,99,"[{'value': 3.0, 'displayValue': '3', 'period': 1}
 {'value': 3.0, 'displayValue': '3', 'period': 2}
 {'value': 6.0, 'displayValue': '6', 'period': 3}
 {'value': 0.0, 'displayValue': '0', 'period': 4}]","[{'name': 'overall', 'abbreviation': 'Game', 'type': 'total', 'summary': '1-3'}
 {'name': 'Home', 'abbreviation': None, 'type': 'home', 'summary': '1-2'}
 {'name': 'Road', 'abbreviation': None, 'type': 'road', 'summary': '0-1'}
 {'name': 'vs. Conf.', 'abbreviation': None, 'type': 'vsconf', 'summary': '0-0'}]",400548196,2014,2,4,,,,,
400547669,s:20~l:23~e:400547669~c:400547669,2014-09-20T19:30Z,51082,True,False,False,False,True,False,2014-09-20T19:30Z,ESPNU,[],,,national,ESPNU,1,STD,3699,Dowdy-Ficklen Stadium,Greenville,NC,USA,False,0.0,0:00,4,3,STATUS_FINAL,post,True,Final,Final,Final,4,151,s:20~l:23~t:151,East Carolina,Pirates,ECU,East Carolina Pirates,ECU,582c83,ffc72c,True,3699,https://a.espncdn.com/i/teamlogos/ncaa/500/151.png,151,70,True,99,"[{'value': 14.0, 'displayValue': '14', 'period': 1}
 {'value': 21.0, 'displayValue': '21', 'period': 2}
 {'value': 21.0, 'displayValue': '21', 'period': 3}
 {'value': 14.0, 'displayValue': '14', 'period': 4}]","[{'name': 'overall', 'abbreviation': 'Game', 'type': 'total', 'summary': '3-1'}
 {'name': 'Home', 'abbreviation': None, 'type': 'home', 'summary': '2-0'}
 {'name': 'Road', 'abbreviation': None, 'type': 'road', 'summary': '1-1'}
 {'name': 'vs. Conf.', 'abbreviation': None, 'type': 'vsconf', 'summary': '0-0'}]",153,s:20~l:23~t:153,North Carolina,Tar Heels,UNC,North Carolina Tar Heels,UNC,7bafd4,13294b,True,3787,https://a.espncdn.com/i/teamlogos/ncaa/500/153.png,1,41,False,99,"[{'value': 13.0, 'displayValue': '13', 'period': 1}
 {'value': 7.0, 'displayValue': '7', 'period': 2}
 {'value': 7.0, 'displayValue': '7', 'period': 3}
 {'value': 14.0, 'displayValue': '14', 'period': 4}]","[{'name': 'overall', 'abbreviation': 'Game', 'type': 'total', 'summary': '2-1'}
 {'name': 'Home', 'abbreviation': None, 'type': 'home', 'summary': '2-0'}
 {'name': 'Road', 'abbreviation': None, 'type': 'road', 'summary': '0-1'}
 {'name': 'vs. Conf.', 'abbreviation': None, 'type': 'vsconf', 'summary': '0-0'}]",400547669,2014,2,4,,,,,
400547782,s:20~l:23~e:400547782~c:400547782,2014-09-20T19:30Z,10826,True,False,False,False,True,False,2014-09-20T19:30Z,FS1,[],,,national,FS1,1,STD,218,Riccardo Silva Stadium,Miami,FL,USA,False,0.0,0:00,4,3,STATUS_FINAL,post,True,Final,Final,Final,4,2229,s:20~l:23~t:2229,Florida Intl,Golden Panthers,FIU,Florida Intl Golden Panthers,FIU,091f3f,c3993f,False,218,https://a.espncdn.com/i/teamlogos/ncaa/500/2229.png,12,3,False,99,"[{'value': 0.0, 'displayValue': '0', 'period': 1}
 {'value': 3.0, 'displayValue': '3', 'period': 2}
 {'value': 0.0, 'displayValue': '0', 'period': 3}
 {'value': 0.0, 'displayValue': '0', 'period': 4}]","[{'name': 'overall', 'abbreviation': 'Game', 'type': 'total', 'summary': '1-3'}
 {'name': 'Home', 'abbreviation': None, 'type': 'home', 'summary': '1-3'}
 {'name': 'Road', 'abbreviation': None, 'type': 'road', 'summary': '0-0'}
 {'name': 'vs. Conf.', 'abbreviation': None, 'type': 'vsconf', 'summary': '0-0'}]",97,s:20~l:23~t:97,Louisville,Cardinals,LOU,Louisville Cardinals,Louisville,c9001f,ffffff,True,3873,https://a.espncdn.com/i/teamlogos/ncaa/500/97.png,1,34,True,99,"[{'value': 7.0, 'displayValue': '7', 'period': 1}
 {'value': 21.0, 'displayValue': '21', 'period': 2}
 {'value': 6.0, 'displayValue': '6', 'period': 3}
 {'value': 0.0, 'displayValue': '0', 'period': 4}]","[{'name': 'overall', 'abbreviation': 'Game', 'type': 'total', 'summary': '3-1'}
 {'name': 'Home', 'abbreviation': None, 'type': 'home', 'summary': '2-0'}
 {'name': 'Road', 'abbreviation': None, 'type': 'road', 'summary': '1-1'}
 {'name': 'vs. Conf.', 'abbreviation': None, 'type': 'vsconf', 'summary': '1-1'}]",400547782,2014,2,4,,,,,
400547832,s:20~l:23~e:400547832~c:400547832,2014-09-20T19:30Z,28123,True,False,False,False,True,False,2014-09-20T19:30Z,ESPN3,[],,,national,ESPN3,1,STD,3630,Allegacy Federal Credit Union Stadium,Winston-Salem,NC,USA,False,0.0,0:00,4,3,STATUS_FINAL,post,True,Final,Final,Final,4,154,s:20~l:23~t:154,Wake Forest,Demon Deacons,WAKE,Wake Forest Demon Deacons,Wake Forest,ceb888,2c2a29,True,3630,https://a.espncdn.com/i/teamlogos/ncaa/500/154.png,1,24,True,99,"[{'value': 7.0, 'displayValue': '7', 'period': 1}
 {'value': 7.0, 'displayValue': '7', 'period': 2}
 {'value': 0.0, 'displayValue': '0', 'period': 3}
 {'value': 10.0, 'displayValue': '10', 'period': 4}]","[{'name': 'overall', 'abbreviation': 'Game', 'type': 'total', 'summary': '2-2'}
 {'name': 'Home', 'abbreviation': None, 'type': 'home', 'summary': '2-0'}
 {'name': 'Road', 'abbreviation': None, 'type': 'road', 'summary': '0-2'}
 {'name': 'vs. Conf.', 'abbreviation': None, 'type': 'vsconf', 'summary': '0-0'}]",349,s:20~l:23~t:349,Army,Black Knights,ARMY,Army Black Knights,Army,000000,d3bc8d,True,3841,https://a.espncdn.com/i/teamlogos/ncaa/500/349.png,18,21,False,99,"[{'value': 7.0, 'displayValue': '7', 'period': 1}
 {'value': 14.0, 'displayValue': '14', 'period': 2}
 {'value': 0.0, 'displayValue': '0', 'period': 3}
 {'value': 0.0, 'displayValue': '0', 'period': 4}]","[{'name': 'overall', 'abbreviation': 'Game', 'type': 'total', 'summary': '1-2'}
 {'name': 'Home', 'abbreviation': None, 'type': 'home', 'summary': '1-0'}
 {'name': 'Road', 'abbreviation': None, 'type': 'road', 'summary': '0-2'}
 {'name': 'vs. Conf.', 'abbreviation': None, 'type': 'vsconf', 'summary': '0-0'}]",400547832,2014,2,4,,,,,
400547857,s:20~l:23~e:400547857~c:400547857,2014-09-20T19:30Z,34822,True,False,False,False,True,False,2014-09-20T19:30Z,,[],,,,,1,STD,3833,David Booth Kansas Memorial Stadium,Lawrence,KS,USA,False,0.0,0:00,4,3,STATUS_FINAL,post,True,Final,Final,Final,4,2305,s:20~l:23~t:2305,Kansas,Jayhawks,KU,Kansas Jayhawks,Kansas,0051ba,e8000d,True,3833,https://a.espncdn.com/i/teamlogos/ncaa/500/2305.png,4,24,True,99,"[{'value': 7.0, 'displayValue': '7', 'period': 1}
 {'value': 0.0, 'displayValue': '0', 'period': 2}
 {'value': 3.0, 'displayValue': '3', 'period': 3}
 {'value': 14.0, 'displayValue': '14', 'period': 4}]","[{'name': 'overall', 'abbreviation': 'Game', 'type': 'total', 'summary': '2-1'}
 {'name': 'Home', 'abbreviation': None, 'type': 'home', 'summary': '2-0'}
 {'name': 'Road', 'abbreviation': None, 'type': 'road', 'summary': '0-1'}
 {'name': 'vs. Conf.', 'abbreviation': None, 'type': 'vsconf', 'summary': '0-0'}]",2117,s:20~l:23~t:2117,Central Michigan,Chippewas,CMU,Central Michigan Chippewas,Cent Michigan,4c0027,fbab18,True,3786,https://a.espncdn.com/i/teamlogos/ncaa/500/2117.png,15,10,False,99,"[{'value': 0.0, 'displayValue': '0', 'period': 1}
 {'value': 3.0, 'displayValue': '3', 'period': 2}
 {'value': 7.0, 'displayValue': '7', 'period': 3}
 {'value': 0.0, 'displayValue': '0', 'period': 4}]","[{'name': 'overall', 'abbreviation': 'Game', 'type': 'total', 'summary': '2-2'}
 {'name': 'Home', 'abbreviation': None, 'type': 'home', 'summary': '1-1'}
 {'name': 'Road', 'abbreviation': None, 'type': 'road', 'summary': '1-1'}
 {'name': 'vs. Conf.', 'abbreviation': None, 'type': 'vsconf', 'summary': '0-0'}]",400547857,2014,2,4,,,,,
400547946,s:20~l:23~e:400547946~c:400547946,2014-09-20T19:30Z,103890,True,False,False,False,True,False,2014-09-20T19:30Z,ABC/ESPN2/ESPN3,[],,,national,ABC,1,STD,3558,Michigan Stadium,Ann Arbor,MI,USA,False,0.0,0:00,4,3,STATUS_FINAL,post,True,Final,Final,Final,4,130,s:20~l:23~t:130,Michigan,Wolverines,MICH,Michigan Wolverines,Michigan,00274c,ffcb05,True,3558,https://a.espncdn.com/i/teamlogos/ncaa/500/130.png,5,10,False,99,"[{'value': 3.0, 'displayValue': '3', 'period': 1}
 {'value': 7.0, 'displayValue': '7', 'period': 2}
 {'value': 0.0, 'displayValue': '0', 'period': 3}
 {'value': 0.0, 'displayValue': '0', 'period': 4}]","[{'name': 'overall', 'abbreviation': 'Game', 'type': 'total', 'summary': '2-2'}
 {'name': 'Home', 'abbreviation': None, 'type': 'home', 'summary': '2-1'}
 {'name': 'Road', 'abbreviation': None, 'type': 'road', 'summary': '0-1'}
 {'name': 'vs. Conf.', 'abbreviation': None, 'type': 'vsconf', 'summary': '0-0'}]",254,s:20~l:23~t:254,Utah,Utes,UTAH,Utah Utes,Utah,be0000,ffffff,True,587,https://a.espncdn.com/i/teamlogos/ncaa/500/254.png,9,26,True,99,"[{'value': 3.0, 'displayValue': '3', 'period': 1}
 {'value': 10.0, 'displayValue': '10', 'period': 2}
 {'value': 7.0, 'displayValue': '7', 'period': 3}
 {'value': 6.0, 'displayValue': '6', 'period': 4}]","[{'name': 'overall', 'abbreviation': 'Game', 'type': 'total', 'summary': '3-0'}
 {'name': 'Home', 'abbreviation': None, 'type': 'home', 'summary': '2-0'}
 {'name': 'Road', 'abbreviation': None, 'type': 'road', 'summary': '1-0'}
 {'name': 'vs. Conf.', 'abbreviation': None, 'type': 'vsconf', 'summary': '0-0'}]",400547946,2014,2,4,,,,,
400547996,s:20~l:23~e:400547996~c:400547996,2014-09-20T19:30Z,33655,True,False,False,False,True,False,2014-09-20T19:30Z,CBSSN,[],,,national,CBSSN,1,STD,3852,Navy-Marine Corps Memorial Stadium,Annapolis,MD,USA,False,0.0,0:00,4,3,STATUS_FINAL,post,True,Final,Final,Final,4,2426,s:20~l:23~t:2426,Navy,Midshipmen,NAVY,Navy Midshipmen,Navy,00225b,b5a67c,True,3852,https://a.espncdn.com/i/teamlogos/ncaa/500/2426.png,18,24,False,99,"[{'value': 7.0, 'displayValue': '7', 'period': 1}
 {'value': 7.0, 'displayValue': '7', 'period': 2}
 {'value': 3.0, 'displayValue': '3', 'period': 3}
 {'value': 7.0, 'displayValue': '7', 'period': 4}]","[{'name': 'overall', 'abbreviation': 'Game', 'type': 'total', 'summary': '2-2'}
 {'name': 'Home', 'abbreviation': None, 'type': 'home', 'summary': '0-2'}
 {'name': 'Road', 'abbreviation': None, 'type': 'road', 'summary': '2-0'}
 {'name': 'vs. Conf.', 'abbreviation': None, 'type': 'vsconf', 'summary': '0-0'}]",164,s:20~l:23~t:164,Rutgers,Scarlet Knights,RUTG,Rutgers Scarlet Knights,Rutgers,ce0e2d,ffffff,True,3754,https://a.espncdn.com/i/teamlogos/ncaa/500/164.png,5,31,True,99,"[{'value': 7.0, 'displayValue': '7', 'period': 1}
 {'value': 17.0, 'displayValue': '17', 'period': 2}
 {'value': 7.0, 'displayValue': '7', 'period': 3}
 {'value': 0.0, 'displayValue': '0', 'period': 4}]","[{'name': 'overall', 'abbreviation': 'Game', 'type': 'total', 'summary': '3-1'}
 {'name': 'Home', 'abbreviation': None, 'type': 'home', 'summary': '1-1'}
 {'name': 'Road', 'abbreviation': None, 'type': 'road', 'summary': '2-0'}
 {'name': 'vs. Conf.', 'abbreviation': None, 'type': 'vsconf', 'summary': '0-1'}]",400547996,2014,2,4,,,,,
400548030,s:20~l:23~e:400548030~c:400548030,2014-09-20T19:30Z,21323,True,False,False,False,True,False,2014-09-20T19:30Z,,[],,,,,1,STD,3825,DATCU Stadium,Denton,TX,USA,False,0.0,0:00,4,3,STATUS_FINAL,post,True,Final,Final,Final,4,249,s:20~l:23~t:249,North Texas,Mean Green,UNT,North Texas Mean Green,North Texas,068f33,ffffff,True,3825,https://a.espncdn.com/i/teamlogos/ncaa/500/249.png,12,77,True,99,"[{'value': 21.0, 'displayValue': '21', 'period': 1}
 {'value': 28.0, 'displayValue': '28', 'period': 2}
 {'value': 21.0, 'displayValue': '21', 'period': 3}
 {'value': 7.0, 'displayValue': '7', 'period': 4}]","[{'name': 'overall', 'abbreviation': 'Game', 'type': 'total', 'summary': '2-2'}
 {'name': 'Home', 'abbreviation': None, 'type': 'home', 'summary': '2-1'}
 {'name': 'Road', 'abbreviation': None, 'type': 'road', 'summary': '0-1'}
 {'name': 'vs. Conf.', 'abbreviation': None, 'type': 'vsconf', 'summary': '0-1'}]",2447,s:20~l:23~t:2447,Nicholls State,Colonels,NICH,Nicholls State Colonels,Nicholls State,C41230,f0f0f0,False,3779,https://a.espncdn.com/i/teamlogos/ncaa/500/2447.png,30,3,False,99,"[{'value': 3.0, 'displayValue': '3', 'period': 1}
 {'value': 0.0, 'displayValue': '0', 'period': 2}
 {'value': 0.0, 'displayValue': '0', 'period': 3}
 {'value': 0.0, 'displayValue': '0', 'period': 4}]","[{'name': 'overall', 'abbreviation': 'Game', 'type': 'total', 'summary': '0-4'}
 {'name': 'Home', 'abbreviation': None, 'type': 'home', 'summary': '0-1'}
 {'name': 'Road', 'abbreviation': None, 'type': 'road', 'summary': '0-3'}
 {'name': 'vs. Conf.', 'abbreviation': None, 'type': 'vsconf', 'summary': '0-0'}]",400548030,2014,2,4,,,,,
400548114,s:20~l:23~e:400548114~c:400548114,2014-09-20T19:30Z,21139,True,False,False,False,True,False,2014-09-20T19:30Z,ESPN3,[],,,national,ESPN3,1,STD,3965,Broadview Stadium,Buffalo,NY,USA,False,0.0,0:00,4,3,STATUS_FINAL,post,True,Final,Final,Final,4,2084,s:20~l:23~t:2084,Buffalo,Bulls,BUFF,Buffalo Bulls,Buffalo,005bbb,ffffff,True,3965,https://a.espncdn.com/i/teamlogos/ncaa/500/2084.png,15,36,True,99,"[{'value': 14.0, 'displayValue': '14', 'period': 1}
 {'value': 9.0, 'displayValue': '9', 'period': 2}
 {'value': 6.0, 'displayValue': '6', 'period': 3}
 {'value': 7.0, 'displayValue': '7', 'period': 4}]","[{'name': 'overall', 'abbreviation': 'Game', 'type': 'total', 'summary': '2-2'}
 {'name': 'Home', 'abbreviation': None, 'type': 'home', 'summary': '2-1'}
 {'name': 'Road', 'abbreviation': None, 'type': 'road', 'summary': '0-1'}
 {'name': 'vs. Conf.', 'abbreviation': None, 'type': 'vsconf', 'summary': '0-0'}]",2450,s:20~l:23~t:2450,Norfolk State,Spartans,NORF,Norfolk State Spartans,Norfolk State,0c8968,fdb813,True,3991,https://a.espncdn.com/i/teamlogos/ncaa/500/2450.png,24,7,False,99,"[{'value': 7.0, 'displayValue': '7', 'period': 1}
 {'value': 0.0, 'displayValue': '0', 'period': 2}
 {'value': 0.0, 'displayValue': '0', 'period': 3}
 {'value': 0.0, 'displayValue': '0', 'period': 4}]","[{'name': 'overall', 'abbreviation': 'Game', 'type': 'total', 'summary': '0-4'}
 {'name': 'Home', 'abbreviation': None, 'type': 'home', 'summary': '0-1'}
 {'name': 'Road', 'abbreviation': None, 'type': 'road', 'summary': '0-3'}
 {'name': 'vs. Conf.', 'abbreviation': None, 'type': 'vsconf', 'summary': '0-0'}]",400548114,2014,2,4,,,,,
400553369,s:20~l:23~e:400553369~c:400553369,2014-09-20T19:30Z,18890,True,False,False,False,True,False,2014-09-20T19:30Z,ESPN3,[],,,national,ESPN3,1,STD,3714,Fargodome,Fargo,ND,USA,True,0.0,0:00,4,3,STATUS_FINAL,post,True,Final,Final,Final,4,2449,s:20~l:23~t:2449,North Dakota State,Bison,NDSU,North Dakota State Bison,North Dakota St,01402A,ffffff,True,3714,https://a.espncdn.com/i/teamlogos/ncaa/500/2449.png,21,22,True,99,"[{'value': 6.0, 'displayValue': '6', 'period': 1}
 {'value': 6.0, 'displayValue': '6', 'period': 2}
 {'value': 7.0, 'displayValue': '7', 'period': 3}
 {'value': 3.0, 'displayValue': '3', 'period': 4}]","[{'name': 'overall', 'abbreviation': 'Game', 'type': 'total', 'summary': '4-0'}
 {'name': 'Home', 'abbreviation': None, 'type': 'home', 'summary': '2-0'}
 {'name': 'Road', 'abbreviation': None, 'type': 'road', 'summary': '2-0'}
 {'name': 'vs. Conf.', 'abbreviation': None, 'type': 'vsconf', 'summary': '0-0'}]",149,s:20~l:23~t:149,Montana,Grizzlies,MONT,Montana Grizzlies,Montana,751D4A,666666,True,3987,https://a.espncdn.com/i/teamlogos/ncaa/500/149.png,20,10,False,99,"[{'value': 0.0, 'displayValue': '0', 'period': 1}
 {'value': 10.0, 'displayValue': '10', 'period': 2}
 {'value': 0.0, 'displayValue': '0', 'period': 3}
 {'value': 0.0, 'displayValue': '0', 'period': 4}]","[{'name': 'overall', 'abbreviation': 'Game', 'type': 'total', 'summary': '2-2'}
 {'name': 'Home', 'abbreviation': None, 'type': 'home', 'summary': '2-0'}
 {'name': 'Road', 'abbreviation': None, 'type': 'road', 'summary': '0-2'}
 {'name': 'vs. Conf.', 'abbreviation': None, 'type': 'vsconf', 'summary': '0-0'}]",400553369,2014,2,4,,,,,
400547907,s:20~l:23~e:400547907~c:400547907,2014-09-20T20:00Z,41019,True,False,False,False,True,False,2014-09-20T20:00Z,ESPNEWS,[],,,national,ESPNEWS,1,STD,3832,Gies Memorial Stadium,Champaign,IL,USA,False,0.0,0:00,4,3,STATUS_FINAL,post,True,Final,Final,Final,4,356,s:20~l:23~t:356,Illinois,Fighting Illini,ILL,Illinois Fighting Illini,Illinois,ff5f05,13294b,True,3597,https://a.espncdn.com/i/teamlogos/ncaa/500/356.png,5,42,True,99,"[{'value': 6.0, 'displayValue': '6', 'period': 1}
 {'value': 7.0, 'displayValue': '7', 'period': 2}
 {'value': 12.0, 'displayValue': '12', 'period': 3}
 {'value': 17.0, 'displayValue': '17', 'period': 4}]","[{'name': 'overall', 'abbreviation': 'Game', 'type': 'total', 'summary': '3-1'}
 {'name': 'Home', 'abbreviation': None, 'type': 'home', 'summary': '3-0'}
 {'name': 'Road', 'abbreviation': None, 'type': 'road', 'summary': '0-1'}
 {'name': 'vs. Conf.', 'abbreviation': None, 'type': 'vsconf', 'summary': '0-0'}]",326,s:20~l:23~t:326,Texas State,Bobcats,TXST,Texas State Bobcats,Texas State,501214,6a5638,True,3644,https://a.espncdn.com/i/teamlogos/ncaa/500/326.png,37,35,False,99,"[{'value': 14.0, 'displayValue': '14', 'period': 1}
 {'value': 7.0, 'displayValue': '7', 'period': 2}
 {'value': 7.0, 'displayValue': '7', 'period': 3}
 {'value': 7.0, 'displayValue': '7', 'period': 4}]","[{'name': 'overall', 'abbreviation': 'Game', 'type': 'total', 'summary': '1-2'}
 {'name': 'Home', 'abbreviation': None, 'type': 'home', 'summary': '1-1'}
 {'name': 'Road', 'abbreviation': None, 'type': 'road', 'summary': '0-1'}
 {'name': 'vs. Conf.', 'abbreviation': None, 'type': 'vsconf', 'summary': '0-0'}]",400547907,2014,2,4,,,,,
400547962,s:20~l:23~e:400547962~c:400547962,2014-09-20T20:00Z,47739,True,False,False,False,True,False,2014-09-20T20:00Z,BTN,[],,,national,BTN,1,STD,3953,Huntington Bank Stadium,Minneapolis,MN,USA,False,0.0,0:00,4,3,STATUS_FINAL,post,True,Final,Final,Final,4,135,s:20~l:23~t:135,Minnesota,Golden Gophers,MINN,Minnesota Golden Gophers,Minnesota,5e0a2f,fab41c,True,3953,https://a.espncdn.com/i/teamlogos/ncaa/500/135.png,5,24,True,99,"[{'value': 10.0, 'displayValue': '10', 'period': 1}
 {'value': 7.0, 'displayValue': '7', 'period': 2}
 {'value': 0.0, 'displayValue': '0', 'period': 3}
 {'value': 7.0, 'displayValue': '7', 'period': 4}]","[{'name': 'overall', 'abbreviation': 'Game', 'type': 'total', 'summary': '3-1'}
 {'name': 'Home', 'abbreviation': None, 'type': 'home', 'summary': '3-0'}
 {'name': 'Road', 'abbreviation': None, 'type': 'road', 'summary': '0-1'}
 {'name': 'vs. Conf.', 'abbreviation': None, 'type': 'vsconf', 'summary': '0-0'}]",23,s:20~l:23~t:23,San Jose State,Spartans,SJSU,San Jose State Spartans,San Jose State,0038a8,ffb81a,False,3935,https://a.espncdn.com/i/teamlogos/ncaa/500/23.png,17,7,False,99,"[{'value': 7.0, 'displayValue': '7', 'period': 1}
 {'value': 0.0, 'displayValue': '0', 'period': 2}
 {'value': 0.0, 'displayValue': '0', 'period': 3}
 {'value': 0.0, 'displayValue': '0', 'period': 4}]","[{'name': 'overall', 'abbreviation': 'Game', 'type': 'total', 'summary': '1-2'}
 {'name': 'Home', 'abbreviation': None, 'type': 'home', 'summary': '1-0'}
 {'name': 'Road', 'abbreviation': None, 'type': 'road', 'summary': '0-2'}
 {'name': 'vs. Conf.', 'abbreviation': None, 'type': 'vsconf', 'summary': '0-0'}]",400547962,2014,2,4,,,,,
400547987,s:20~l:23~e:400547987~c:400547987,2014-09-20T20:00Z,99155,True,False,False,False,True,False,2014-09-20T20:00Z,BTN,[],,,national,BTN,1,STD,3632,Beaver Stadium,University Park,PA,USA,False,0.0,0:00,4,3,STATUS_FINAL,post,True,Final,Final,Final,4,213,s:20~l:23~t:213,Penn State,Nittany Lions,PSU,Penn State Nittany Lions,Penn State,061440,ffffff,True,3632,https://a.espncdn.com/i/teamlogos/ncaa/500/213.png,5,48,True,99,"[{'value': 6.0, 'displayValue': '6', 'period': 1}
 {'value': 28.0, 'displayValue': '28', 'period': 2}
 {'value': 14.0, 'displayValue': '14', 'period': 3}
 {'value': 0.0, 'displayValue': '0', 'period': 4}]","[{'name': 'overall', 'abbreviation': 'Game', 'type': 'total', 'summary': '4-0'}
 {'name': 'Home', 'abbreviation': None, 'type': 'home', 'summary': '2-0'}
 {'name': 'Road', 'abbreviation': None, 'type': 'road', 'summary': '1-0'}
 {'name': 'vs. Conf.', 'abbreviation': None, 'type': 'vsconf', 'summary': '1-0'}]",113,s:20~l:23~t:113,Massachusetts,Minutemen,UMASS,Massachusetts Minutemen,UMass,881c1c,ffffff,True,3985,https://a.espncdn.com/i/teamlogos/ncaa/500/113.png,15,7,False,99,"[{'value': 0.0, 'displayValue': '0', 'period': 1}
 {'value': 0.0, 'displayValue': '0', 'period': 2}
 {'value': 0.0, 'displayValue': '0', 'period': 3}
 {'value': 7.0, 'displayValue': '7', 'period': 4}]","[{'name': 'overall', 'abbreviation': 'Game', 'type': 'total', 'summary': '0-4'}
 {'name': 'Home', 'abbreviation': None, 'type': 'home', 'summary': '0-2'}
 {'name': 'Road', 'abbreviation': None, 'type': 'road', 'summary': '0-2'}
 {'name': 'vs. Conf.', 'abbreviation': None, 'type': 'vsconf', 'summary': '0-0'}]",400547987,2014,2,4,,,,,
400548027,s:20~l:23~e:400548027~c:400548027,2014-09-20T20:00Z,21226,True,False,False,False,True,False,2014-09-20T20:00Z,,[],,,,,1,STD,3984,War Memorial Stadium,Laramie,WY,USA,False,0.0,0:00,4,3,STATUS_FINAL,post,True,Final,Final,Final,4,2751,s:20~l:23~t:2751,Wyoming,Cowboys,WYO,Wyoming Cowboys,Wyoming,492f24,ffc425,True,3984,https://a.espncdn.com/i/teamlogos/ncaa/500/2751.png,17,20,True,99,"[{'value': 7.0, 'displayValue': '7', 'period': 1}
 {'value': 3.0, 'displayValue': '3', 'period': 2}
 {'value': 0.0, 'displayValue': '0', 'period': 3}
 {'value': 10.0, 'displayValue': '10', 'period': 4}]","[{'name': 'overall', 'abbreviation': 'Game', 'type': 'total', 'summary': '3-1'}
 {'name': 'Home', 'abbreviation': None, 'type': 'home', 'summary': '3-0'}
 {'name': 'Road', 'abbreviation': None, 'type': 'road', 'summary': '0-1'}
 {'name': 'vs. Conf.', 'abbreviation': None, 'type': 'vsconf', 'summary': '1-0'}]",2226,s:20~l:23~t:2226,Florida Atlantic,Owls,FAU,Florida Atlantic Owls,FAU,003366,cc0000,True,3715,https://a.espncdn.com/i/teamlogos/ncaa/500/2226.png,12,19,False,99,"[{'value': 3.0, 'displayValue': '3', 'period': 1}
 {'value': 3.0, 'displayValue': '3', 'period': 2}
 {'value': 10.0, 'displayValue': '10', 'period': 3}
 {'value': 3.0, 'displayValue': '3', 'period': 4}]","[{'name': 'overall', 'abbreviation': 'Game', 'type': 'total', 'summary': '1-3'}
 {'name': 'Home', 'abbreviation': None, 'type': 'home', 'summary': '1-0'}
 {'name': 'Road', 'abbreviation': None, 'type': 'road', 'summary': '0-3'}
 {'name': 'vs. Conf.', 'abbreviation': None, 'type': 'vsconf', 'summary': '0-0'}]",400548027,2014,2,4,,,,,
400559176,s:20~l:23~e:400559176~c:400559176,2014-09-20T20:00Z,18912,True,False,False,False,True,False,2014-09-20T20:00Z,,[],,,,,1,STD,3662,AmFirst Stadium,Jacksonville,AL,USA,False,0.0,0:00,4,3,STATUS_FINAL,post,True,Final,Final,Final,4,55,s:20~l:23~t:55,Jacksonville State,Gamecocks,JVST,Jacksonville State Gamecocks,Jacksonville St,cc0000,000000,True,3662,https://a.espncdn.com/i/teamlogos/ncaa/500/55.png,26,45,True,99,"[{'value': 7.0, 'displayValue': '7', 'period': 1}
 {'value': 17.0, 'displayValue': '17', 'period': 2}
 {'value': 14.0, 'displayValue': '14', 'period': 3}
 {'value': 7.0, 'displayValue': '7', 'period': 4}]","[{'name': 'overall', 'abbreviation': 'Game', 'type': 'total', 'summary': '2-1'}
 {'name': 'Home', 'abbreviation': None, 'type': 'home', 'summary': '1-0'}
 {'name': 'Road', 'abbreviation': None, 'type': 'road', 'summary': '1-1'}
 {'name': 'vs. Conf.', 'abbreviation': None, 'type': 'vsconf', 'summary': '0-0'}]",2695,s:20~l:23~t:2695,West Alabama,Tigers,WES,West Alabama Tigers,West Alabama,d31d33,ffffff,True,3957,https://a.espncdn.com/i/teamlogos/ncaa/500/2695.png,110,34,False,99,"[{'value': 7.0, 'displayValue': '7', 'period': 1}
 {'value': 7.0, 'displayValue': '7', 'period': 2}
 {'value': 0.0, 'displayValue': '0', 'period': 3}
 {'value': 20.0, 'displayValue': '20', 'period': 4}]","[{'name': 'overall', 'abbreviation': 'Game', 'type': 'total', 'summary': '2-1'}
 {'name': 'Home', 'abbreviation': None, 'type': 'home', 'summary': '1-0'}
 {'name': 'Road', 'abbreviation': None, 'type': 'road', 'summary': '1-1'}
 {'name': 'vs. Conf.', 'abbreviation': None, 'type': 'vsconf', 'summary': '0-0'}]",400559176,2014,2,4,,,,,
400557412,s:20~l:23~e:400557412~c:400557412,2014-09-20T21:00Z,12000,True,False,False,False,False,False,2014-09-20T21:00Z,,[],,,,,1,STD,3650,Bragg Memorial Stadium,Tallahassee,FL,USA,False,0.0,0:00,4,3,STATUS_FINAL,post,True,Final,Final,Final,4,50,s:20~l:23~t:50,Florida A&M,Rattlers,FAMU,Florida A&M Rattlers,Florida A&M,F89728,00843d,True,3650,https://a.espncdn.com/i/teamlogos/ncaa/500/50.png,24,3,False,99,"[{'value': 3.0, 'displayValue': '3', 'period': 1}
 {'value': 0.0, 'displayValue': '0', 'period': 2}
 {'value': 0.0, 'displayValue': '0', 'period': 3}
 {'value': 0.0, 'displayValue': '0', 'period': 4}]","[{'name': 'overall', 'abbreviation': 'Game', 'type': 'total', 'summary': '0-3'}
 {'name': 'Home', 'abbreviation': None, 'type': 'home', 'summary': '0-1'}
 {'name': 'Road', 'abbreviation': None, 'type': 'road', 'summary': '0-2'}
 {'name': 'vs. Conf.', 'abbreviation': None, 'type': 'vsconf', 'summary': '0-0'}]",324,s:20~l:23~t:324,Coastal Carolina,Chanticleers,CCAR,Coastal Carolina Chanticleers,Coast Carolina,006f71,a27752,True,3654,https://a.espncdn.com/i/teamlogos/ncaa/500/324.png,40,48,True,99,"[{'value': 21.0, 'displayValue': '21', 'period': 1}
 {'value': 10.0, 'displayValue': '10', 'period': 2}
 {'value': 14.0, 'displayValue': '14', 'period': 3}
 {'value': 3.0, 'displayValue': '3', 'period': 4}]","[{'name': 'overall', 'abbreviation': 'Game', 'type': 'total', 'summary': '4-0'}
 {'name': 'Home', 'abbreviation': None, 'type': 'home', 'summary': '1-0'}
 {'name': 'Road', 'abbreviation': None, 'type': 'road', 'summary': '3-0'}
 {'name': 'vs. Conf.', 'abbreviation': None, 'type': 'vsconf', 'summary': '0-0'}]",400557412,2014,2,4,,,,,
400547667,s:20~l:23~e:400547667~c:400547667,2014-09-20T22:00Z,44510,True,False,False,False,True,False,2014-09-20T22:00Z,ESPN3,[],,,national,ESPN3,1,STD,3652,Acrisure Bounce House,Orlando,FL,USA,False,0.0,0:00,4,3,STATUS_FINAL,post,True,Final,Final,Final,4,2116,s:20~l:23~t:2116,UCF,Knights,UCF,UCF Knights,UCF,000000,b4a169,True,3652,https://a.espncdn.com/i/teamlogos/ncaa/500/2116.png,151,41,True,99,"[{'value': 3.0, 'displayValue': '3', 'period': 1}
 {'value': 17.0, 'displayValue': '17', 'period': 2}
 {'value': 14.0, 'displayValue': '14', 'period': 3}
 {'value': 7.0, 'displayValue': '7', 'period': 4}]","[{'name': 'overall', 'abbreviation': 'Game', 'type': 'total', 'summary': '1-2'}
 {'name': 'Home', 'abbreviation': None, 'type': 'home', 'summary': '1-0'}
 {'name': 'Road', 'abbreviation': None, 'type': 'road', 'summary': '0-1'}
 {'name': 'vs. Conf.', 'abbreviation': None, 'type': 'vsconf', 'summary': '0-0'}]",2065,s:20~l:23~t:2065,Bethune-Cookman,Wildcats,COOK,Bethune-Cookman Wildcats,Bethune-Cookman,7b1831,e9aa12,True,3850,https://a.espncdn.com/i/teamlogos/ncaa/500/2065.png,24,7,False,99,"[{'value': 7.0, 'displayValue': '7', 'period': 1}
 {'value': 0.0, 'displayValue': '0', 'period': 2}
 {'value': 0.0, 'displayValue': '0', 'period': 3}
 {'value': 0.0, 'displayValue': '0', 'period': 4}]","[{'name': 'overall', 'abbreviation': 'Game', 'type': 'total', 'summary': '2-1'}
 {'name': 'Home', 'abbreviation': None, 'type': 'home', 'summary': '1-0'}
 {'name': 'Road', 'abbreviation': None, 'type': 'road', 'summary': '1-1'}
 {'name': 'vs. Conf.', 'abbreviation': None, 'type': 'vsconf', 'summary': '0-0'}]",400547667,2014,2,4,,,,,
400547804,s:20~l:23~e:400547804~c:400547804,2014-09-20T22:00Z,54408,True,False,False,False,True,False,2014-09-20T22:00Z,ESPN3,[],,,national,ESPN3,1,STD,3670,Carter-Finley Stadium,Raleigh,NC,USA,False,0.0,0:00,4,3,STATUS_FINAL,post,True,Final,Final,Final,4,152,s:20~l:23~t:152,NC State,Wolfpack,NCST,NC State Wolfpack,NC State,cc0000,ffffff,True,3670,https://a.espncdn.com/i/teamlogos/ncaa/500/152.png,1,42,True,99,"[{'value': 7.0, 'displayValue': '7', 'period': 1}
 {'value': 14.0, 'displayValue': '14', 'period': 2}
 {'value': 14.0, 'displayValue': '14', 'period': 3}
 {'value': 7.0, 'displayValue': '7', 'period': 4}]","[{'name': 'overall', 'abbreviation': 'Game', 'type': 'total', 'summary': '4-0'}
 {'name': 'Home', 'abbreviation': None, 'type': 'home', 'summary': '3-0'}
 {'name': 'Road', 'abbreviation': None, 'type': 'road', 'summary': '1-0'}
 {'name': 'vs. Conf.', 'abbreviation': None, 'type': 'vsconf', 'summary': '0-0'}]",2506,s:20~l:23~t:2506,Presbyterian College,Blue Hose,PRE,Presbyterian College Blue Hose,Presbyterian,194896,990134,False,3627,https://a.espncdn.com/i/teamlogos/ncaa/500/2506.png,40,0,False,99,"[{'value': 0.0, 'displayValue': '0', 'period': 1}
 {'value': 0.0, 'displayValue': '0', 'period': 2}
 {'value': 0.0, 'displayValue': '0', 'period': 3}
 {'value': 0.0, 'displayValue': '0', 'period': 4}]","[{'name': 'overall', 'abbreviation': 'Game', 'type': 'total', 'summary': '2-2'}
 {'name': 'Home', 'abbreviation': None, 'type': 'home', 'summary': '2-0'}
 {'name': 'Road', 'abbreviation': None, 'type': 'road', 'summary': '0-2'}
 {'name': 'vs. Conf.', 'abbreviation': None, 'type': 'vsconf', 'summary': '0-0'}]",400547804,2014,2,4,,,,,
400548268,s:20~l:23~e:400548268~c:400548268,2014-09-20T22:00Z,64608,True,False,False,False,True,False,2014-09-20T22:00Z,PACN,[],,,national,PACN,1,STD,3765,Husky Stadium,Seattle,WA,USA,False,0.0,0:00,4,3,STATUS_FINAL,post,True,Final,Final,Final,4,264,s:20~l:23~t:264,Washington,Huskies,WASH,Washington Huskies,Washington,33006f,e8d3a2,True,3765,https://a.espncdn.com/i/teamlogos/ncaa/500/264.png,9,45,True,99,"[{'value': 0.0, 'displayValue': '0', 'period': 1}
 {'value': 0.0, 'displayValue': '0', 'period': 2}
 {'value': 21.0, 'displayValue': '21', 'period': 3}
 {'value': 24.0, 'displayValue': '24', 'period': 4}]","[{'name': 'overall', 'abbreviation': 'Game', 'type': 'total', 'summary': '4-0'}
 {'name': 'Home', 'abbreviation': None, 'type': 'home', 'summary': '3-0'}
 {'name': 'Road', 'abbreviation': None, 'type': 'road', 'summary': '1-0'}
 {'name': 'vs. Conf.', 'abbreviation': None, 'type': 'vsconf', 'summary': '0-0'}]",2247,s:20~l:23~t:2247,Georgia State,Panthers,GAST,Georgia State Panthers,Georgia State,0039a6,ffffff,True,4246,https://a.espncdn.com/i/teamlogos/ncaa/500/2247.png,37,14,False,99,"[{'value': 0.0, 'displayValue': '0', 'period': 1}
 {'value': 14.0, 'displayValue': '14', 'period': 2}
 {'value': 0.0, 'displayValue': '0', 'period': 3}
 {'value': 0.0, 'displayValue': '0', 'period': 4}]","[{'name': 'overall', 'abbreviation': 'Game', 'type': 'total', 'summary': '1-3'}
 {'name': 'Home', 'abbreviation': None, 'type': 'home', 'summary': '1-2'}
 {'name': 'Road', 'abbreviation': None, 'type': 'road', 'summary': '0-1'}
 {'name': 'vs. Conf.', 'abbreviation': None, 'type': 'vsconf', 'summary': '0-1'}]",400548268,2014,2,4,,,,,
400547668,s:20~l:23~e:400547668~c:400547668,2014-09-20T23:00Z,41926,True,False,False,False,True,False,2014-09-20T23:00Z,CBSSN,[],,,national,CBSSN,1,STD,3874,Paycor Stadium,Cincinnati,OH,USA,False,0.0,0:00,4,3,STATUS_FINAL,post,True,Final,Final,Final,4,2132,s:20~l:23~t:2132,Cincinnati,Bearcats,CIN,Cincinnati Bearcats,Cincinnati,000000,e00122,True,3854,https://a.espncdn.com/i/teamlogos/ncaa/500/2132.png,151,31,True,99,"[{'value': 7.0, 'displayValue': '7', 'period': 1}
 {'value': 17.0, 'displayValue': '17', 'period': 2}
 {'value': 7.0, 'displayValue': '7', 'period': 3}
 {'value': 0.0, 'displayValue': '0', 'period': 4}]","[{'name': 'overall', 'abbreviation': 'Game', 'type': 'total', 'summary': '2-0'}
 {'name': 'Home', 'abbreviation': None, 'type': 'home', 'summary': '2-0'}
 {'name': 'Road', 'abbreviation': None, 'type': 'road', 'summary': '0-0'}
 {'name': 'vs. Conf.', 'abbreviation': None, 'type': 'vsconf', 'summary': '0-0'}]",193,s:20~l:23~t:193,Miami (OH),RedHawks,M-OH,Miami (OH) RedHawks,Miami (OH),c41230,ffffff,True,3996,https://a.espncdn.com/i/teamlogos/ncaa/500/193.png,15,24,False,99,"[{'value': 7.0, 'displayValue': '7', 'period': 1}
 {'value': 7.0, 'displayValue': '7', 'period': 2}
 {'value': 7.0, 'displayValue': '7', 'period': 3}
 {'value': 3.0, 'displayValue': '3', 'period': 4}]","[{'name': 'overall', 'abbreviation': 'Game', 'type': 'total', 'summary': '0-4'}
 {'name': 'Home', 'abbreviation': None, 'type': 'home', 'summary': '0-2'}
 {'name': 'Road', 'abbreviation': None, 'type': 'road', 'summary': '0-2'}
 {'name': 'vs. Conf.', 'abbreviation': None, 'type': 'vsconf', 'summary': '0-0'}]",400547668,2014,2,4,,,,,
400547670,s:20~l:23~e:400547670~c:400547670,2014-09-20T23:00Z,46378,True,False,False,False,True,False,2014-09-20T23:00Z,ESPN3,[],,,national,ESPN3,1,STD,3805,Simmons Bank Liberty Stadium,Memphis,TN,USA,False,0.0,0:00,4,3,STATUS_FINAL,post,True,Final,Final,Final,4,235,s:20~l:23~t:235,Memphis,Tigers,MEM,Memphis Tigers,Memphis,004991,8e908f,True,3805,https://a.espncdn.com/i/teamlogos/ncaa/500/235.png,151,36,True,99,"[{'value': 9.0, 'displayValue': '9', 'period': 1}
 {'value': 10.0, 'displayValue': '10', 'period': 2}
 {'value': 3.0, 'displayValue': '3', 'period': 3}
 {'value': 14.0, 'displayValue': '14', 'period': 4}]","[{'name': 'overall', 'abbreviation': 'Game', 'type': 'total', 'summary': '2-1'}
 {'name': 'Home', 'abbreviation': None, 'type': 'home', 'summary': '2-0'}
 {'name': 'Road', 'abbreviation': None, 'type': 'road', 'summary': '0-1'}
 {'name': 'vs. Conf.', 'abbreviation': None, 'type': 'vsconf', 'summary': '0-0'}]",2393,s:20~l:23~t:2393,Middle Tennessee,Blue Raiders,MTSU,Middle Tennessee Blue Raiders,Mid Tennessee,036eb7,ffffff,True,3725,https://a.espncdn.com/i/teamlogos/ncaa/500/2393.png,12,17,False,99,"[{'value': 7.0, 'displayValue': '7', 'period': 1}
 {'value': 0.0, 'displayValue': '0', 'period': 2}
 {'value': 3.0, 'displayValue': '3', 'period': 3}
 {'value': 7.0, 'displayValue': '7', 'period': 4}]","[{'name': 'overall', 'abbreviation': 'Game', 'type': 'total', 'summary': '2-2'}
 {'name': 'Home', 'abbreviation': None, 'type': 'home', 'summary': '2-0'}
 {'name': 'Road', 'abbreviation': None, 'type': 'road', 'summary': '0-2'}
 {'name': 'vs. Conf.', 'abbreviation': None, 'type': 'vsconf', 'summary': '1-0'}]",400547670,2014,2,4,,,,,
400548028,s:20~l:23~e:400548028~c:400548028,2014-09-20T23:00Z,26004,True,False,False,False,True,False,2014-09-20T23:00Z,,[],,,,,1,STD,3776,Joe Aillet Stadium,Ruston,LA,USA,False,0.0,0:00,4,3,STATUS_FINAL,post,True,Final,Final,Final,4,2348,s:20~l:23~t:2348,Louisiana Tech,Bulldogs,LT,Louisiana Tech Bulldogs,LA Tech,003087,cb333b,True,3776,https://a.espncdn.com/i/teamlogos/ncaa/500/2348.png,12,27,False,99,"[{'value': 10.0, 'displayValue': '10', 'period': 1}
 {'value': 3.0, 'displayValue': '3', 'period': 2}
 {'value': 7.0, 'displayValue': '7', 'period': 3}
 {'value': 7.0, 'displayValue': '7', 'period': 4}]","[{'name': 'overall', 'abbreviation': 'Game', 'type': 'total', 'summary': '2-2'}
 {'name': 'Home', 'abbreviation': None, 'type': 'home', 'summary': '0-1'}
 {'name': 'Road', 'abbreviation': None, 'type': 'road', 'summary': '2-1'}
 {'name': 'vs. Conf.', 'abbreviation': None, 'type': 'vsconf', 'summary': '1-0'}]",2466,s:20~l:23~t:2466,Northwestern State,Demons,NWST,Northwestern State Demons,Northwestern St,492F91,ed6118,True,3963,https://a.espncdn.com/i/teamlogos/ncaa/500/2466.png,30,30,True,99,"[{'value': 0.0, 'displayValue': '0', 'period': 1}
 {'value': 3.0, 'displayValue': '3', 'period': 2}
 {'value': 7.0, 'displayValue': '7', 'period': 3}
 {'value': 20.0, 'displayValue': '20', 'period': 4}]","[{'name': 'overall', 'abbreviation': 'Game', 'type': 'total', 'summary': '2-2'}
 {'name': 'Home', 'abbreviation': None, 'type': 'home', 'summary': '0-1'}
 {'name': 'Road', 'abbreviation': None, 'type': 'road', 'summary': '2-1'}
 {'name': 'vs. Conf.', 'abbreviation': None, 'type': 'vsconf', 'summary': '0-0'}]",400548028,2014,2,4,,,,,
400548032,s:20~l:23~e:400548032~c:400548032,2014-09-20T23:00Z,21836,True,False,False,False,True,False,2014-09-20T23:00Z,,[],,,,,1,STD,3815,M. M. Roberts Stadium,Hattiesburg,MS,USA,False,0.0,0:00,4,3,STATUS_FINAL,post,True,Final,Final,Final,4,2572,s:20~l:23~t:2572,Southern Mississippi,Golden Eagles,USM,Southern Mississippi Golden Eagles,Southern Miss,ffc72c,231f20,False,3815,https://a.espncdn.com/i/teamlogos/ncaa/500/2572.png,12,21,True,99,"[{'value': 7.0, 'displayValue': '7', 'period': 1}
 {'value': 7.0, 'displayValue': '7', 'period': 2}
 {'value': 0.0, 'displayValue': '0', 'period': 3}
 {'value': 7.0, 'displayValue': '7', 'period': 4}]","[{'name': 'overall', 'abbreviation': 'Game', 'type': 'total', 'summary': '2-2'}
 {'name': 'Home', 'abbreviation': None, 'type': 'home', 'summary': '2-0'}
 {'name': 'Road', 'abbreviation': None, 'type': 'road', 'summary': '0-2'}
 {'name': 'vs. Conf.', 'abbreviation': None, 'type': 'vsconf', 'summary': '0-0'}]",2026,s:20~l:23~t:2026,Appalachian State,Mountaineers,APP,Appalachian State Mountaineers,Appalachian St,000000,ffcd00,False,3792,https://a.espncdn.com/i/teamlogos/ncaa/500/2026.png,37,20,False,99,"[{'value': 0.0, 'displayValue': '0', 'period': 1}
 {'value': 7.0, 'displayValue': '7', 'period': 2}
 {'value': 0.0, 'displayValue': '0', 'period': 3}
 {'value': 13.0, 'displayValue': '13', 'period': 4}]","[{'name': 'overall', 'abbreviation': 'Game', 'type': 'total', 'summary': '1-2'}
 {'name': 'Home', 'abbreviation': None, 'type': 'home', 'summary': '1-0'}
 {'name': 'Road', 'abbreviation': None, 'type': 'road', 'summary': '0-2'}
 {'name': 'vs. Conf.', 'abbreviation': None, 'type': 'vsconf', 'summary': '0-0'}]",400548032,2014,2,4,,,,,
400548111,s:20~l:23~e:400548111~c:400548111,2014-09-20T23:00Z,17229,True,False,False,True,True,False,2014-09-20T23:00Z,ESPN3,[],,,national,ESPN3,1,STD,3739,Glass Bowl,Toledo,OH,USA,False,0.0,0:00,4,3,STATUS_FINAL,post,True,Final,Final,Final,4,2649,s:20~l:23~t:2649,Toledo,Rockets,TOL,Toledo Rockets,Toledo,0b2240,ffcd00,True,3739,https://a.espncdn.com/i/teamlogos/ncaa/500/2649.png,15,34,True,99,"[{'value': 20.0, 'displayValue': '20', 'period': 1}
 {'value': 0.0, 'displayValue': '0', 'period': 2}
 {'value': 7.0, 'displayValue': '7', 'period': 3}
 {'value': 7.0, 'displayValue': '7', 'period': 4}]","[{'name': 'overall', 'abbreviation': 'Game', 'type': 'total', 'summary': '2-2'}
 {'name': 'Home', 'abbreviation': None, 'type': 'home', 'summary': '2-1'}
 {'name': 'Road', 'abbreviation': None, 'type': 'road', 'summary': '0-1'}
 {'name': 'vs. Conf.', 'abbreviation': None, 'type': 'vsconf', 'summary': '1-0'}]",2050,s:20~l:23~t:2050,Ball State,Cardinals,BALL,Ball State Cardinals,Ball State,ba0c2f,ffffff,True,3919,https://a.espncdn.com/i/teamlogos/ncaa/500/2050.png,15,23,False,99,"[{'value': 3.0, 'displayValue': '3', 'period': 1}
 {'value': 6.0, 'displayValue': '6', 'period': 2}
 {'value': 7.0, 'displayValue': '7', 'period': 3}
 {'value': 7.0, 'displayValue': '7', 'period': 4}]","[{'name': 'overall', 'abbreviation': 'Game', 'type': 'total', 'summary': '1-3'}
 {'name': 'Home', 'abbreviation': None, 'type': 'home', 'summary': '1-1'}
 {'name': 'Road', 'abbreviation': None, 'type': 'road', 'summary': '0-2'}
 {'name': 'vs. Conf.', 'abbreviation': None, 'type': 'vsconf', 'summary': '0-1'}]",400548111,2014,2,4,15,Mid-American Conference,MAC,True,
400548112,s:20~l:23~e:400548112~c:400548112,2014-09-20T23:00Z,25211,True,False,False,False,True,False,2014-09-20T23:00Z,ESPN3,[],,,national,ESPN3,1,STD,3876,Peden Stadium,Athens,OH,USA,False,0.0,0:00,4,3,STATUS_FINAL,post,True,Final,Final,Final,4,195,s:20~l:23~t:195,Ohio,Bobcats,OHIO,Ohio Bobcats,Ohio,154734,ffffff,True,3876,https://a.espncdn.com/i/teamlogos/ncaa/500/195.png,15,36,True,99,"[{'value': 7.0, 'displayValue': '7', 'period': 1}
 {'value': 10.0, 'displayValue': '10', 'period': 2}
 {'value': 3.0, 'displayValue': '3', 'period': 3}
 {'value': 16.0, 'displayValue': '16', 'period': 4}]","[{'name': 'overall', 'abbreviation': 'Game', 'type': 'total', 'summary': '2-2'}
 {'name': 'Home', 'abbreviation': None, 'type': 'home', 'summary': '1-0'}
 {'name': 'Road', 'abbreviation': None, 'type': 'road', 'summary': '1-2'}
 {'name': 'vs. Conf.', 'abbreviation': None, 'type': 'vsconf', 'summary': '1-0'}]",70,s:20~l:23~t:70,Idaho,Vandals,IDHO,Idaho Vandals,Idaho,000000,8c6e4a,True,3791,https://a.espncdn.com/i/teamlogos/ncaa/500/70.png,37,24,False,99,"[{'value': 0.0, 'displayValue': '0', 'period': 1}
 {'value': 7.0, 'displayValue': '7', 'period': 2}
 {'value': 10.0, 'displayValue': '10', 'period': 3}
 {'value': 7.0, 'displayValue': '7', 'period': 4}]","[{'name': 'overall', 'abbreviation': 'Game', 'type': 'total', 'summary': '0-3'}
 {'name': 'Home', 'abbreviation': None, 'type': 'home', 'summary': '0-1'}
 {'name': 'Road', 'abbreviation': None, 'type': 'road', 'summary': '0-2'}
 {'name': 'vs. Conf.', 'abbreviation': None, 'type': 'vsconf', 'summary': '0-1'}]",400548112,2014,2,4,,,,,
400548113,s:20~l:23~e:400548113~c:400548113,2014-09-20T23:00Z,22226,True,False,False,False,True,False,2014-09-20T23:00Z,ESPN3,[],,,national,ESPN3,1,STD,3980,Waldo Stadium,Kalamazoo,MI,USA,False,0.0,0:00,4,3,STATUS_FINAL,post,True,Final,Final,Final,4,2711,s:20~l:23~t:2711,Western Michigan,Broncos,WMU,Western Michigan Broncos,W Michigan,532e1f,f1c500,True,3980,https://a.espncdn.com/i/teamlogos/ncaa/500/2711.png,15,45,True,99,"[{'value': 7.0, 'displayValue': '7', 'period': 1}
 {'value': 17.0, 'displayValue': '17', 'period': 2}
 {'value': 14.0, 'displayValue': '14', 'period': 3}
 {'value': 7.0, 'displayValue': '7', 'period': 4}]","[{'name': 'overall', 'abbreviation': 'Game', 'type': 'total', 'summary': '2-1'}
 {'name': 'Home', 'abbreviation': None, 'type': 'home', 'summary': '1-0'}
 {'name': 'Road', 'abbreviation': None, 'type': 'road', 'summary': '1-1'}
 {'name': 'vs. Conf.', 'abbreviation': None, 'type': 'vsconf', 'summary': '0-0'}]",93,s:20~l:23~t:93,Murray State,Racers,MURR,Murray State Racers,Murray State,002148,000e00,True,3909,https://a.espncdn.com/i/teamlogos/ncaa/500/93.png,26,14,False,99,"[{'value': 7.0, 'displayValue': '7', 'period': 1}
 {'value': 0.0, 'displayValue': '0', 'period': 2}
 {'value': 7.0, 'displayValue': '7', 'period': 3}
 {'value': 0.0, 'displayValue': '0', 'period': 4}]","[{'name': 'overall', 'abbreviation': 'Game', 'type': 'total', 'summary': '1-2'}
 {'name': 'Home', 'abbreviation': None, 'type': 'home', 'summary': '1-0'}
 {'name': 'Road', 'abbreviation': None, 'type': 'road', 'summary': '0-2'}
 {'name': 'vs. Conf.', 'abbreviation': None, 'type': 'vsconf', 'summary': '0-0'}]",400548113,2014,2,4,,,,,
400548115,s:20~l:23~e:400548115~c:400548115,2014-09-20T23:00Z,67204,True,False,False,False,True,False,2014-09-20T23:00Z,ESPNU,[],,,national,ESPNU,1,STD,3887,Donald W. Reynolds Razorback Stadium,Fayetteville,AR,USA,False,0.0,0:00,4,3,STATUS_FINAL,post,True,Final,Final,Final,4,8,s:20~l:23~t:8,Arkansas,Razorbacks,ARK,Arkansas Razorbacks,Arkansas,a32136,ffffff,True,3887,https://a.espncdn.com/i/teamlogos/ncaa/500/8.png,8,52,True,99,"[{'value': 21.0, 'displayValue': '21', 'period': 1}
 {'value': 7.0, 'displayValue': '7', 'period': 2}
 {'value': 7.0, 'displayValue': '7', 'period': 3}
 {'value': 17.0, 'displayValue': '17', 'period': 4}]","[{'name': 'overall', 'abbreviation': 'Game', 'type': 'total', 'summary': '3-1'}
 {'name': 'Home', 'abbreviation': None, 'type': 'home', 'summary': '2-0'}
 {'name': 'Road', 'abbreviation': None, 'type': 'road', 'summary': '1-1'}
 {'name': 'vs. Conf.', 'abbreviation': None, 'type': 'vsconf', 'summary': '0-1'}]",2459,s:20~l:23~t:2459,Northern Illinois,Huskies,NIU,Northern Illinois Huskies,N Illinois,c8102e,000000,True,3764,https://a.espncdn.com/i/teamlogos/ncaa/500/2459.png,15,14,False,99,"[{'value': 0.0, 'displayValue': '0', 'period': 1}
 {'value': 7.0, 'displayValue': '7', 'period': 2}
 {'value': 0.0, 'displayValue': '0', 'period': 3}
 {'value': 7.0, 'displayValue': '7', 'period': 4}]","[{'name': 'overall', 'abbreviation': 'Game', 'type': 'total', 'summary': '3-1'}
 {'name': 'Home', 'abbreviation': None, 'type': 'home', 'summary': '1-0'}
 {'name': 'Road', 'abbreviation': None, 'type': 'road', 'summary': '2-1'}
 {'name': 'vs. Conf.', 'abbreviation': None, 'type': 'vsconf', 'summary': '0-0'}]",400548115,2014,2,4,,,,,
400548203,s:20~l:23~e:400548203~c:400548203,2014-09-20T23:00Z,29029,True,False,False,False,True,False,2014-09-20T23:00Z,ESPN3,[],,,national,ESPN3,1,STD,3625,Centennial Bank Stadium,Jonesboro,AR,USA,False,0.0,0:00,5,3,STATUS_FINAL,post,True,Final,Final/OT,Final/OT,4,2032,s:20~l:23~t:2032,Arkansas State,Red Wolves,ARST,Arkansas State Red Wolves,Arkansas State,cc092f,000000,True,3625,https://a.espncdn.com/i/teamlogos/ncaa/500/2032.png,37,21,True,99,"[{'value': 0.0, 'displayValue': '0', 'period': 1}
 {'value': 0.0, 'displayValue': '0', 'period': 2}
 {'value': 7.0, 'displayValue': '7', 'period': 3}
 {'value': 7.0, 'displayValue': '7', 'period': 4}
 {'value': 7.0, 'displayValue': '7', 'period': 5}]","[{'name': 'overall', 'abbreviation': 'Game', 'type': 'total', 'summary': '2-2'}
 {'name': 'Home', 'abbreviation': None, 'type': 'home', 'summary': '2-0'}
 {'name': 'Road', 'abbreviation': None, 'type': 'road', 'summary': '0-2'}
 {'name': 'vs. Conf.', 'abbreviation': None, 'type': 'vsconf', 'summary': '0-0'}]",328,s:20~l:23~t:328,Utah State,Aggies,USU,Utah State Aggies,Utah State,0f2439,ffffff,True,3905,https://a.espncdn.com/i/teamlogos/ncaa/500/328.png,17,14,False,99,"[{'value': 7.0, 'displayValue': '7', 'period': 1}
 {'value': 0.0, 'displayValue': '0', 'period': 2}
 {'value': 7.0, 'displayValue': '7', 'period': 3}
 {'value': 0.0, 'displayValue': '0', 'period': 4}
 {'value': 0.0, 'displayValue': '0', 'period': 5}]","[{'name': 'overall', 'abbreviation': 'Game', 'type': 'total', 'summary': '2-2'}
 {'name': 'Home', 'abbreviation': None, 'type': 'home', 'summary': '2-0'}
 {'name': 'Road', 'abbreviation': None, 'type': 'road', 'summary': '0-2'}
 {'name': 'vs. Conf.', 'abbreviation': None, 'type': 'vsconf', 'summary': '0-0'}]",400548203,2014,2,4,,,,,OT
400557411,s:20~l:23~e:400557411~c:400557411,2014-09-20T23:00Z,16873,True,False,False,False,True,False,2014-09-20T23:00Z,ESPN3,[],,,national,ESPN3,1,STD,3992,Williams Stadium (VA),Lynchburg,VA,USA,False,0.0,0:00,4,3,STATUS_FINAL,post,True,Final,Final,Final,4,2335,s:20~l:23~t:2335,Liberty,Flames,LIB,Liberty Flames,Liberty,0a254e,b72025,True,3992,https://a.espncdn.com/i/teamlogos/ncaa/500/2335.png,40,38,True,99,"[{'value': 10.0, 'displayValue': '10', 'period': 1}
 {'value': 14.0, 'displayValue': '14', 'period': 2}
 {'value': 7.0, 'displayValue': '7', 'period': 3}
 {'value': 7.0, 'displayValue': '7', 'period': 4}]","[{'name': 'overall', 'abbreviation': 'Game', 'type': 'total', 'summary': '3-1'}
 {'name': 'Home', 'abbreviation': None, 'type': 'home', 'summary': '2-0'}
 {'name': 'Road', 'abbreviation': None, 'type': 'road', 'summary': '1-1'}
 {'name': 'vs. Conf.', 'abbreviation': None, 'type': 'vsconf', 'summary': '0-0'}]",2803,s:20~l:23~t:2803,Bryant,Bulldogs,BRY,Bryant Bulldogs,Bryant,000000,9f8343,True,3661,https://a.espncdn.com/i/teamlogos/ncaa/500/2803.png,25,21,False,99,"[{'value': 0.0, 'displayValue': '0', 'period': 1}
 {'value': 14.0, 'displayValue': '14', 'period': 2}
 {'value': 0.0, 'displayValue': '0', 'period': 3}
 {'value': 7.0, 'displayValue': '7', 'period': 4}]","[{'name': 'overall', 'abbreviation': 'Game', 'type': 'total', 'summary': '3-1'}
 {'name': 'Home', 'abbreviation': None, 'type': 'home', 'summary': '2-0'}
 {'name': 'Road', 'abbreviation': None, 'type': 'road', 'summary': '1-1'}
 {'name': 'vs. Conf.', 'abbreviation': None, 'type': 'vsconf', 'summary': '0-0'}]",400557411,2014,2,4,,,,,
400557466,s:20~l:23~e:400557466~c:400557466,2014-09-20T23:00Z,10027,True,False,False,False,True,False,2014-09-20T23:00Z,,[],,,,,1,STD,3711,Estes Stadium,Conway,AR,USA,False,0.0,0:00,4,3,STATUS_FINAL,post,True,Final,Final,Final,4,2110,s:20~l:23~t:2110,Central Arkansas,Bears,UCA,Central Arkansas Bears,Cent Arkansas,a7a9ac,8e959a,True,3711,https://a.espncdn.com/i/teamlogos/ncaa/500/2110.png,30,31,False,99,"[{'value': 7.0, 'displayValue': '7', 'period': 1}
 {'value': 7.0, 'displayValue': '7', 'period': 2}
 {'value': 3.0, 'displayValue': '3', 'period': 3}
 {'value': 14.0, 'displayValue': '14', 'period': 4}]","[{'name': 'overall', 'abbreviation': 'Game', 'type': 'total', 'summary': '1-3'}
 {'name': 'Home', 'abbreviation': None, 'type': 'home', 'summary': '1-1'}
 {'name': 'Road', 'abbreviation': None, 'type': 'road', 'summary': '0-2'}
 {'name': 'vs. Conf.', 'abbreviation': None, 'type': 'vsconf', 'summary': '0-0'}]",2623,s:20~l:23~t:2623,Missouri State,Bears,MOST,Missouri State Bears,Missouri State,5e0009,ffffff,True,3878,https://a.espncdn.com/i/teamlogos/ncaa/500/2623.png,21,33,True,99,"[{'value': 7.0, 'displayValue': '7', 'period': 1}
 {'value': 6.0, 'displayValue': '6', 'period': 2}
 {'value': 7.0, 'displayValue': '7', 'period': 3}
 {'value': 13.0, 'displayValue': '13', 'period': 4}]","[{'name': 'overall', 'abbreviation': 'Game', 'type': 'total', 'summary': '3-1'}
 {'name': 'Home', 'abbreviation': None, 'type': 'home', 'summary': '1-0'}
 {'name': 'Road', 'abbreviation': None, 'type': 'road', 'summary': '2-1'}
 {'name': 'vs. Conf.', 'abbreviation': None, 'type': 'vsconf', 'summary': '0-0'}]",400557466,2014,2,4,,,,,
400558028,s:20~l:23~e:400558028~c:400558028,2014-09-20T23:00Z,11203,True,False,False,False,True,False,2014-09-20T23:00Z,,[],,,,,1,STD,3894,Rhodes Stadium,Elon,NC,USA,False,0.0,0:00,4,3,STATUS_FINAL,post,True,Final,Final,Final,4,2210,s:20~l:23~t:2210,Elon,Phoenix,ELON,Elon Phoenix,Elon,020303,b59a57,True,3894,https://a.espncdn.com/i/teamlogos/ncaa/500/2210.png,48,20,True,99,"[{'value': 0.0, 'displayValue': '0', 'period': 1}
 {'value': 7.0, 'displayValue': '7', 'period': 2}
 {'value': 6.0, 'displayValue': '6', 'period': 3}
 {'value': 7.0, 'displayValue': '7', 'period': 4}]","[{'name': 'overall', 'abbreviation': 'Game', 'type': 'total', 'summary': '1-2'}
 {'name': 'Home', 'abbreviation': None, 'type': 'home', 'summary': '1-1'}
 {'name': 'Road', 'abbreviation': None, 'type': 'road', 'summary': '0-1'}
 {'name': 'vs. Conf.', 'abbreviation': None, 'type': 'vsconf', 'summary': '0-0'}]",2429,s:20~l:23~t:2429,Charlotte,49ers,CHAR,Charlotte 49ers,Charlotte,005035,a49665,True,4418,https://a.espncdn.com/i/teamlogos/ncaa/500/2429.png,32,13,False,99,"[{'value': 7.0, 'displayValue': '7', 'period': 1}
 {'value': 0.0, 'displayValue': '0', 'period': 2}
 {'value': 3.0, 'displayValue': '3', 'period': 3}
 {'value': 3.0, 'displayValue': '3', 'period': 4}]","[{'name': 'overall', 'abbreviation': 'Game', 'type': 'total', 'summary': '3-1'}
 {'name': 'Home', 'abbreviation': None, 'type': 'home', 'summary': '1-0'}
 {'name': 'Road', 'abbreviation': None, 'type': 'road', 'summary': '2-1'}
 {'name': 'vs. Conf.', 'abbreviation': None, 'type': 'vsconf', 'summary': '0-0'}]",400558028,2014,2,4,,,,,
400548414,s:20~l:23~e:400548414~c:400548414,2014-09-20T23:30Z,11348,True,False,False,True,True,False,2014-09-20T23:30Z,ESPN3,[],,,national,ESPN3,1,STD,3797,Ladd-Peebles Stadium,Mobile,AL,USA,False,0.0,0:00,4,3,STATUS_FINAL,post,True,Final,Final,Final,4,6,s:20~l:23~t:6,South Alabama,Jaguars,USA,South Alabama Jaguars,South Alabama,00205b,bf0d3e,True,6526,https://a.espncdn.com/i/teamlogos/ncaa/500/6.png,37,6,False,99,"[{'value': 0.0, 'displayValue': '0', 'period': 1}
 {'value': 6.0, 'displayValue': '6', 'period': 2}
 {'value': 0.0, 'displayValue': '0', 'period': 3}
 {'value': 0.0, 'displayValue': '0', 'period': 4}]","[{'name': 'overall', 'abbreviation': 'Game', 'type': 'total', 'summary': '1-2'}
 {'name': 'Home', 'abbreviation': None, 'type': 'home', 'summary': '0-2'}
 {'name': 'Road', 'abbreviation': None, 'type': 'road', 'summary': '1-0'}
 {'name': 'vs. Conf.', 'abbreviation': None, 'type': 'vsconf', 'summary': '0-1'}]",290,s:20~l:23~t:290,Georgia Southern,Eagles,GASO,Georgia Southern Eagles,Ga Southern,041e42,a3aaae,True,3608,https://a.espncdn.com/i/teamlogos/ncaa/500/290.png,37,28,True,99,"[{'value': 7.0, 'displayValue': '7', 'period': 1}
 {'value': 7.0, 'displayValue': '7', 'period': 2}
 {'value': 7.0, 'displayValue': '7', 'period': 3}
 {'value': 7.0, 'displayValue': '7', 'period': 4}]","[{'name': 'overall', 'abbreviation': 'Game', 'type': 'total', 'summary': '2-2'}
 {'name': 'Home', 'abbreviation': None, 'type': 'home', 'summary': '1-0'}
 {'name': 'Road', 'abbreviation': None, 'type': 'road', 'summary': '1-2'}
 {'name': 'vs. Conf.', 'abbreviation': None, 'type': 'vsconf', 'summary': '1-0'}]",400548414,2014,2,4,37,Sun Belt Conference,Sun Belt,True,
400548197,s:20~l:23~e:400548197~c:400548197,2014-09-21T00:00Z,24651,True,False,False,False,True,False,2014-09-21T00:00Z,ESPN3,[],,,national,ESPN3,1,STD,3601,Aggie Memorial Stadium,Las Cruces,NM,USA,False,0.0,0:00,4,3,STATUS_FINAL,post,True,Final,Final,Final,4,166,s:20~l:23~t:166,New Mexico State,Aggies,NMSU,New Mexico State Aggies,New Mexico St,7e141b,231f20,True,3601,https://a.espncdn.com/i/teamlogos/ncaa/500/166.png,37,35,False,99,"[{'value': 0.0, 'displayValue': '0', 'period': 1}
 {'value': 14.0, 'displayValue': '14', 'period': 2}
 {'value': 14.0, 'displayValue': '14', 'period': 3}
 {'value': 7.0, 'displayValue': '7', 'period': 4}]","[{'name': 'overall', 'abbreviation': 'Game', 'type': 'total', 'summary': '2-2'}
 {'name': 'Home', 'abbreviation': None, 'type': 'home', 'summary': '1-1'}
 {'name': 'Road', 'abbreviation': None, 'type': 'road', 'summary': '1-1'}
 {'name': 'vs. Conf.', 'abbreviation': None, 'type': 'vsconf', 'summary': '1-0'}]",167,s:20~l:23~t:167,New Mexico,Lobos,UNM,New Mexico Lobos,New Mexico,ba0c2f,a7a8aa,True,3971,https://a.espncdn.com/i/teamlogos/ncaa/500/167.png,17,38,True,99,"[{'value': 7.0, 'displayValue': '7', 'period': 1}
 {'value': 14.0, 'displayValue': '14', 'period': 2}
 {'value': 3.0, 'displayValue': '3', 'period': 3}
 {'value': 14.0, 'displayValue': '14', 'period': 4}]","[{'name': 'overall', 'abbreviation': 'Game', 'type': 'total', 'summary': '1-2'}
 {'name': 'Home', 'abbreviation': None, 'type': 'home', 'summary': '0-2'}
 {'name': 'Road', 'abbreviation': None, 'type': 'road', 'summary': '1-0'}
 {'name': 'vs. Conf.', 'abbreviation': None, 'type': 'vsconf', 'summary': '0-0'}]",400548197,2014,2,4,,,,,
400560174,s:20~l:23~e:400560174~c:400560174,2014-09-21T00:00Z,23408,True,False,False,False,True,False,2014-09-21T00:00Z,ESPN3,[],,,national,ESPN3,1,STD,4728,TDECU Stadium,Houston,TX,USA,False,0.0,0:00,4,3,STATUS_FINAL,post,True,Final,Final,Final,4,248,s:20~l:23~t:248,Houston,Cougars,HOU,Houston Cougars,Houston,c8102e,ffffff,True,453,https://a.espncdn.com/i/teamlogos/ncaa/500/248.png,151,47,True,99,"[{'value': 13.0, 'displayValue': '13', 'period': 1}
 {'value': 0.0, 'displayValue': '0', 'period': 2}
 {'value': 17.0, 'displayValue': '17', 'period': 3}
 {'value': 17.0, 'displayValue': '17', 'period': 4}]","[{'name': 'overall', 'abbreviation': 'Game', 'type': 'total', 'summary': '2-2'}
 {'name': 'Home', 'abbreviation': None, 'type': 'home', 'summary': '2-1'}
 {'name': 'Road', 'abbreviation': None, 'type': 'road', 'summary': '0-1'}
 {'name': 'vs. Conf.', 'abbreviation': None, 'type': 'vsconf', 'summary': '0-0'}]",2439,s:20~l:23~t:2439,UNLV,Rebels,UNLV,UNLV Rebels,UNLV,cf0a2c,cac8c8,True,3914,https://a.espncdn.com/i/teamlogos/ncaa/500/2439.png,17,14,False,99,"[{'value': 7.0, 'displayValue': '7', 'period': 1}
 {'value': 0.0, 'displayValue': '0', 'period': 2}
 {'value': 7.0, 'displayValue': '7', 'period': 3}
 {'value': 0.0, 'displayValue': '0', 'period': 4}]","[{'name': 'overall', 'abbreviation': 'Game', 'type': 'total', 'summary': '1-3'}
 {'name': 'Home', 'abbreviation': None, 'type': 'home', 'summary': '1-1'}
 {'name': 'Road', 'abbreviation': None, 'type': 'road', 'summary': '0-2'}
 {'name': 'vs. Conf.', 'abbreviation': None, 'type': 'vsconf', 'summary': '0-0'}]",400560174,2014,2,4,,,,,
400553544,s:20~l:23~e:400553544~c:400553544,2014-09-21T01:00Z,5754,True,False,False,False,True,False,2014-09-21T01:00Z,,[],,,,,1,STD,3757,Hornet Stadium,Sacramento,CA,USA,False,0.0,0:00,4,3,STATUS_FINAL,post,True,Final,Final,Final,4,16,s:20~l:23~t:16,Sacramento State,Hornets,SAC,Sacramento State Hornets,Sacramento St,00573C,cdb97d,True,3757,https://a.espncdn.com/i/teamlogos/ncaa/500/16.png,20,59,True,99,"[{'value': 14.0, 'displayValue': '14', 'period': 1}
 {'value': 21.0, 'displayValue': '21', 'period': 2}
 {'value': 10.0, 'displayValue': '10', 'period': 3}
 {'value': 14.0, 'displayValue': '14', 'period': 4}]","[{'name': 'overall', 'abbreviation': 'Game', 'type': 'total', 'summary': '3-1'}
 {'name': 'Home', 'abbreviation': None, 'type': 'home', 'summary': '2-0'}
 {'name': 'Road', 'abbreviation': None, 'type': 'road', 'summary': '1-1'}
 {'name': 'vs. Conf.', 'abbreviation': None, 'type': 'vsconf', 'summary': '0-0'}]",2381,s:20~l:23~t:2381,Menlo,Oaks,MEN,Menlo Oaks,Menlo,000000,,True,,,,14,False,99,"[{'value': 0.0, 'displayValue': '0', 'period': 1}
 {'value': 7.0, 'displayValue': '7', 'period': 2}
 {'value': 7.0, 'displayValue': '7', 'period': 3}
 {'value': 0.0, 'displayValue': '0', 'period': 4}]","[{'name': 'overall', 'abbreviation': 'Game', 'type': 'total', 'summary': '0-0'}
 {'name': 'Home', 'abbreviation': 'null', 'type': 'home', 'summary': '0-0'}
 {'name': 'Road', 'abbreviation': 'null', 'type': 'road', 'summary': '0-0'}
 {'name': 'vs. Conf.', 'abbreviation': 'null', 'type': 'vsconf', 'summary': '0-0'}]",400553544,2014,2,4,,,,,
400548195,s:20~l:23~e:400548195~c:400548195,2014-09-21T02:00Z,32645,True,False,False,False,True,False,2014-09-21T02:00Z,,[],,,,,1,STD,3660,Valley Children's Stadium,Fresno,CA,USA,False,0.0,0:00,4,3,STATUS_FINAL,post,True,Final,Final,Final,4,278,s:20~l:23~t:278,Fresno State,Bulldogs,FRES,Fresno State Bulldogs,Fresno State,b1102b,13284c,True,3660,https://a.espncdn.com/i/teamlogos/ncaa/500/278.png,17,56,True,99,"[{'value': 0.0, 'displayValue': '0', 'period': 1}
 {'value': 21.0, 'displayValue': '21', 'period': 2}
 {'value': 21.0, 'displayValue': '21', 'period': 3}
 {'value': 14.0, 'displayValue': '14', 'period': 4}]","[{'name': 'overall', 'abbreviation': 'Game', 'type': 'total', 'summary': '1-3'}
 {'name': 'Home', 'abbreviation': None, 'type': 'home', 'summary': '1-1'}
 {'name': 'Road', 'abbreviation': None, 'type': 'road', 'summary': '0-2'}
 {'name': 'vs. Conf.', 'abbreviation': None, 'type': 'vsconf', 'summary': '0-0'}]",253,s:20~l:23~t:253,Southern Utah,Thunderbirds,SUU,Southern Utah Thunderbirds,Southern Utah,c72026,000000,True,3706,https://a.espncdn.com/i/teamlogos/ncaa/500/253.png,20,16,False,99,"[{'value': 0.0, 'displayValue': '0', 'period': 1}
 {'value': 9.0, 'displayValue': '9', 'period': 2}
 {'value': 0.0, 'displayValue': '0', 'period': 3}
 {'value': 7.0, 'displayValue': '7', 'period': 4}]","[{'name': 'overall', 'abbreviation': 'Game', 'type': 'total', 'summary': '0-4'}
 {'name': 'Home', 'abbreviation': None, 'type': 'home', 'summary': '0-1'}
 {'name': 'Road', 'abbreviation': None, 'type': 'road', 'summary': '0-3'}
 {'name': 'vs. Conf.', 'abbreviation': None, 'type': 'vsconf', 'summary': '0-0'}]",400548195,2014,2,4,,,,,
400548266,s:20~l:23~e:400548266~c:400548266,2014-09-21T02:00Z,45595,True,False,False,True,True,False,2014-09-21T02:00Z,PACN,[],,,national,PACN,1,STD,3619,Casino Del Sol Stadium,Tucson,AZ,USA,False,0.0,0:00,4,3,STATUS_FINAL,post,True,Final,Final,Final,4,12,s:20~l:23~t:12,Arizona,Wildcats,ARIZ,Arizona Wildcats,Arizona,cc0033,003366,True,3619,https://a.espncdn.com/i/teamlogos/ncaa/500/12.png,9,49,True,99,"[{'value': 0.0, 'displayValue': '0', 'period': 1}
 {'value': 6.0, 'displayValue': '6', 'period': 2}
 {'value': 7.0, 'displayValue': '7', 'period': 3}
 {'value': 36.0, 'displayValue': '36', 'period': 4}]","[{'name': 'overall', 'abbreviation': 'Game', 'type': 'total', 'summary': '4-0'}
 {'name': 'Home', 'abbreviation': None, 'type': 'home', 'summary': '3-0'}
 {'name': 'Road', 'abbreviation': None, 'type': 'road', 'summary': '1-0'}
 {'name': 'vs. Conf.', 'abbreviation': None, 'type': 'vsconf', 'summary': '1-0'}]",25,s:20~l:23~t:25,California,Golden Bears,CAL,California Golden Bears,California,041e42,ffc72c,True,3831,https://a.espncdn.com/i/teamlogos/ncaa/500/25.png,9,45,False,99,"[{'value': 14.0, 'displayValue': '14', 'period': 1}
 {'value': 14.0, 'displayValue': '14', 'period': 2}
 {'value': 3.0, 'displayValue': '3', 'period': 3}
 {'value': 14.0, 'displayValue': '14', 'period': 4}]","[{'name': 'overall', 'abbreviation': 'Game', 'type': 'total', 'summary': '2-1'}
 {'name': 'Home', 'abbreviation': None, 'type': 'home', 'summary': '1-0'}
 {'name': 'Road', 'abbreviation': None, 'type': 'road', 'summary': '1-1'}
 {'name': 'vs. Conf.', 'abbreviation': None, 'type': 'vsconf', 'summary': '0-1'}]",400548266,2014,2,4,9,Pac-12 Conference,Pac-12,True,
400548194,s:20~l:23~e:400548194~c:400548194,2014-09-21T02:30Z,33337,True,False,False,False,True,False,2014-09-21T02:30Z,CBSSN,[],,,national,CBSSN,1,STD,3653,Albertsons Stadium,Boise,ID,USA,False,0.0,0:00,4,3,STATUS_FINAL,post,True,Final,Final,Final,4,68,s:20~l:23~t:68,Boise State,Broncos,BSU,Boise State Broncos,Boise St,0033a0,d64309,True,3653,https://a.espncdn.com/i/teamlogos/ncaa/500/68.png,17,34,True,99,"[{'value': 14.0, 'displayValue': '14', 'period': 1}
 {'value': 7.0, 'displayValue': '7', 'period': 2}
 {'value': 10.0, 'displayValue': '10', 'period': 3}
 {'value': 3.0, 'displayValue': '3', 'period': 4}]","[{'name': 'overall', 'abbreviation': 'Game', 'type': 'total', 'summary': '3-1'}
 {'name': 'Home', 'abbreviation': None, 'type': 'home', 'summary': '2-0'}
 {'name': 'Road', 'abbreviation': None, 'type': 'road', 'summary': '1-0'}
 {'name': 'vs. Conf.', 'abbreviation': None, 'type': 'vsconf', 'summary': '1-0'}]",309,s:20~l:23~t:309,Louisiana,Ragin' Cajuns,ULL,Louisiana Ragin' Cajuns,Louisiana,ce181e,000000,True,3666,https://a.espncdn.com/i/teamlogos/ncaa/500/309.png,37,9,False,99,"[{'value': 3.0, 'displayValue': '3', 'period': 1}
 {'value': 0.0, 'displayValue': '0', 'period': 2}
 {'value': 0.0, 'displayValue': '0', 'period': 3}
 {'value': 6.0, 'displayValue': '6', 'period': 4}]","[{'name': 'overall', 'abbreviation': 'Game', 'type': 'total', 'summary': '1-3'}
 {'name': 'Home', 'abbreviation': None, 'type': 'home', 'summary': '1-1'}
 {'name': 'Road', 'abbreviation': None, 'type': 'road', 'summary': '0-2'}
 {'name': 'vs. Conf.', 'abbreviation': None, 'type': 'vsconf', 'summary': '0-0'}]",400548194,2014,2,4,,,,,
400548198,s:20~l:23~e:400548198~c:400548198,2014-09-21T02:30Z,41339,True,False,False,False,True,False,2014-09-21T02:30Z,FS1,[],,,national,FS1,1,STD,3893,Reser Stadium,Corvallis,OR,USA,False,0.0,0:00,4,3,STATUS_FINAL,post,True,Final,Final,Final,4,204,s:20~l:23~t:204,Oregon State,Beavers,ORST,Oregon State Beavers,Oregon State,dc4405,000000,True,3893,https://a.espncdn.com/i/teamlogos/ncaa/500/204.png,9,28,True,99,"[{'value': 7.0, 'displayValue': '7', 'period': 1}
 {'value': 7.0, 'displayValue': '7', 'period': 2}
 {'value': 14.0, 'displayValue': '14', 'period': 3}
 {'value': 0.0, 'displayValue': '0', 'period': 4}]","[{'name': 'overall', 'abbreviation': 'Game', 'type': 'total', 'summary': '3-0'}
 {'name': 'Home', 'abbreviation': None, 'type': 'home', 'summary': '2-0'}
 {'name': 'Road', 'abbreviation': None, 'type': 'road', 'summary': '1-0'}
 {'name': 'vs. Conf.', 'abbreviation': None, 'type': 'vsconf', 'summary': '0-0'}]",21,s:20~l:23~t:21,San Diego State,Aztecs,SDSU,San Diego State Aztecs,San Diego State,a6192e,000000,True,3932,https://a.espncdn.com/i/teamlogos/ncaa/500/21.png,17,7,False,99,"[{'value': 7.0, 'displayValue': '7', 'period': 1}
 {'value': 0.0, 'displayValue': '0', 'period': 2}
 {'value': 0.0, 'displayValue': '0', 'period': 3}
 {'value': 0.0, 'displayValue': '0', 'period': 4}]","[{'name': 'overall', 'abbreviation': 'Game', 'type': 'total', 'summary': '1-2'}
 {'name': 'Home', 'abbreviation': None, 'type': 'home', 'summary': '1-0'}
 {'name': 'Road', 'abbreviation': None, 'type': 'road', 'summary': '0-2'}
 {'name': 'vs. Conf.', 'abbreviation': None, 'type': 'vsconf', 'summary': '0-0'}]",400548198,2014,2,4,,,,,
400548269,s:20~l:23~e:400548269~c:400548269,2014-09-26T02:00Z,60876,True,False,False,True,False,False,2014-09-26T02:00Z,FS1,[],,,national,FS1,1,STD,3947,Mountain America Stadium,Tempe,AZ,USA,False,0.0,0:00,4,3,STATUS_FINAL,post,True,Final,Final,Final,4,9,s:20~l:23~t:9,Arizona State,Sun Devils,ASU,Arizona State Sun Devils,Arizona State,ffc627,8c1d40,True,3947,https://a.espncdn.com/i/teamlogos/ncaa/500/9.png,9,27,False,15,"[{'value': 10.0, 'displayValue': '10', 'period': 1}
 {'value': 7.0, 'displayValue': '7', 'period': 2}
 {'value': 10.0, 'displayValue': '10', 'period': 3}
 {'value': 0.0, 'displayValue': '0', 'period': 4}]","[{'name': 'overall', 'abbreviation': 'Game', 'type': 'total', 'summary': '3-1'}
 {'name': 'Home', 'abbreviation': None, 'type': 'home', 'summary': '1-1'}
 {'name': 'Road', 'abbreviation': None, 'type': 'road', 'summary': '2-0'}
 {'name': 'vs. Conf.', 'abbreviation': None, 'type': 'vsconf', 'summary': '1-1'}]",26,s:20~l:23~t:26,UCLA,Bruins,UCLA,UCLA Bruins,UCLA,2774ae,f2a900,True,1056,https://a.espncdn.com/i/teamlogos/ncaa/500/26.png,9,62,True,11,"[{'value': 6.0, 'displayValue': '6', 'period': 1}
 {'value': 21.0, 'displayValue': '21', 'period': 2}
 {'value': 21.0, 'displayValue': '21', 'period': 3}
 {'value': 14.0, 'displayValue': '14', 'period': 4}]","[{'name': 'overall', 'abbreviation': 'Game', 'type': 'total', 'summary': '4-0'}
 {'name': 'Home', 'abbreviation': None, 'type': 'home', 'summary': '1-0'}
 {'name': 'Road', 'abbreviation': None, 'type': 'road', 'summary': '2-0'}
 {'name': 'vs. Conf.', 'abbreviation': None, 'type': 'vsconf', 'summary': '1-0'}]",400548269,2014,2,5,9,Pac-12 Conference,Pac-12,True,
400547859,s:20~l:23~e:400547859~c:400547859,2014-09-25T23:30Z,55958,True,False,False,True,True,False,2014-09-25T23:30Z,ESPN/ESPN3,[],,,national,ESPN,1,STD,3646,Boone Pickens Stadium,Stillwater,OK,USA,False,0.0,0:00,4,3,STATUS_FINAL,post,True,Final,Final,Final,4,197,s:20~l:23~t:197,Oklahoma State,Cowboys,OKST,Oklahoma State Cowboys,Oklahoma State,fe5c00,000000,True,3646,https://a.espncdn.com/i/teamlogos/ncaa/500/197.png,4,45,True,24,"[{'value': 7.0, 'displayValue': '7', 'period': 1}
 {'value': 14.0, 'displayValue': '14', 'period': 2}
 {'value': 14.0, 'displayValue': '14', 'period': 3}
 {'value': 10.0, 'displayValue': '10', 'period': 4}]","[{'name': 'overall', 'abbreviation': 'Game', 'type': 'total', 'summary': '3-1'}
 {'name': 'Home', 'abbreviation': None, 'type': 'home', 'summary': '3-0'}
 {'name': 'Road', 'abbreviation': None, 'type': 'road', 'summary': '0-0'}
 {'name': 'vs. Conf.', 'abbreviation': None, 'type': 'vsconf', 'summary': '1-0'}]",2641,s:20~l:23~t:2641,Texas Tech,Red Raiders,TTU,Texas Tech Red Raiders,Texas Tech,da291c,000000,True,3784,https://a.espncdn.com/i/teamlogos/ncaa/500/2641.png,4,35,False,99,"[{'value': 7.0, 'displayValue': '7', 'period': 1}
 {'value': 7.0, 'displayValue': '7', 'period': 2}
 {'value': 14.0, 'displayValue': '14', 'period': 3}
 {'value': 7.0, 'displayValue': '7', 'period': 4}]","[{'name': 'overall', 'abbreviation': 'Game', 'type': 'total', 'summary': '2-2'}
 {'name': 'Home', 'abbreviation': None, 'type': 'home', 'summary': '1-1'}
 {'name': 'Road', 'abbreviation': None, 'type': 'road', 'summary': '1-1'}
 {'name': 'vs. Conf.', 'abbreviation': None, 'type': 'vsconf', 'summary': '0-1'}]",400547859,2014,2,5,4,Big 12 Conference,Big 12,True,
400550418,s:20~l:23~e:400550418~c:400550418,2014-09-25T23:30Z,24535,True,False,False,True,True,False,2014-09-25T23:30Z,ESPNU,[],,,national,ESPNU,1,STD,3608,Allen E. Paulson Stadium,Statesboro,GA,USA,False,0.0,0:00,4,3,STATUS_FINAL,post,True,Final,Final,Final,4,290,s:20~l:23~t:290,Georgia Southern,Eagles,GASO,Georgia Southern Eagles,Ga Southern,041e42,a3aaae,True,3608,https://a.espncdn.com/i/teamlogos/ncaa/500/290.png,37,34,True,99,"[{'value': 10.0, 'displayValue': '10', 'period': 1}
 {'value': 14.0, 'displayValue': '14', 'period': 2}
 {'value': 0.0, 'displayValue': '0', 'period': 3}
 {'value': 10.0, 'displayValue': '10', 'period': 4}]","[{'name': 'overall', 'abbreviation': 'Game', 'type': 'total', 'summary': '3-2'}
 {'name': 'Home', 'abbreviation': None, 'type': 'home', 'summary': '2-0'}
 {'name': 'Road', 'abbreviation': None, 'type': 'road', 'summary': '1-2'}
 {'name': 'vs. Conf.', 'abbreviation': None, 'type': 'vsconf', 'summary': '2-0'}]",2026,s:20~l:23~t:2026,Appalachian State,Mountaineers,APP,Appalachian State Mountaineers,Appalachian St,000000,ffcd00,False,3792,https://a.espncdn.com/i/teamlogos/ncaa/500/2026.png,37,14,False,99,"[{'value': 0.0, 'displayValue': '0', 'period': 1}
 {'value': 14.0, 'displayValue': '14', 'period': 2}
 {'value': 0.0, 'displayValue': '0', 'period': 3}
 {'value': 0.0, 'displayValue': '0', 'period': 4}]","[{'name': 'overall', 'abbreviation': 'Game', 'type': 'total', 'summary': '1-3'}
 {'name': 'Home', 'abbreviation': None, 'type': 'home', 'summary': '1-0'}
 {'name': 'Road', 'abbreviation': None, 'type': 'road', 'summary': '0-3'}
 {'name': 'vs. Conf.', 'abbreviation': None, 'type': 'vsconf', 'summary': '0-1'}]",400550418,2014,2,5,37,Sun Belt Conference,Sun Belt,True,
400548036,s:20~l:23~e:400548036~c:400548036,2014-09-27T00:00Z,20118,True,False,False,True,True,False,2014-09-27T00:00Z,FS1,[],,,national,FS1,1,STD,3918,S.B. Ballard Stadium,Norfolk,VA,USA,False,0.0,0:00,4,3,STATUS_FINAL,post,True,Final,Final,Final,4,295,s:20~l:23~t:295,Old Dominion,Monarchs,ODU,Old Dominion Monarchs,Old Dominion,003768,a1d2f1,True,3918,https://a.espncdn.com/i/teamlogos/ncaa/500/295.png,12,28,False,99,"[{'value': 0.0, 'displayValue': '0', 'period': 1}
 {'value': 7.0, 'displayValue': '7', 'period': 2}
 {'value': 14.0, 'displayValue': '14', 'period': 3}
 {'value': 7.0, 'displayValue': '7', 'period': 4}]","[{'name': 'overall', 'abbreviation': 'Game', 'type': 'total', 'summary': '3-2'}
 {'name': 'Home', 'abbreviation': None, 'type': 'home', 'summary': '2-1'}
 {'name': 'Road', 'abbreviation': None, 'type': 'road', 'summary': '1-1'}
 {'name': 'vs. Conf.', 'abbreviation': None, 'type': 'vsconf', 'summary': '1-1'}]",2393,s:20~l:23~t:2393,Middle Tennessee,Blue Raiders,MTSU,Middle Tennessee Blue Raiders,Mid Tennessee,036eb7,ffffff,True,3725,https://a.espncdn.com/i/teamlogos/ncaa/500/2393.png,12,41,True,99,"[{'value': 0.0, 'displayValue': '0', 'period': 1}
 {'value': 24.0, 'displayValue': '24', 'period': 2}
 {'value': 7.0, 'displayValue': '7', 'period': 3}
 {'value': 10.0, 'displayValue': '10', 'period': 4}]","[{'name': 'overall', 'abbreviation': 'Game', 'type': 'total', 'summary': '3-2'}
 {'name': 'Home', 'abbreviation': None, 'type': 'home', 'summary': '2-0'}
 {'name': 'Road', 'abbreviation': None, 'type': 'road', 'summary': '1-2'}
 {'name': 'vs. Conf.', 'abbreviation': None, 'type': 'vsconf', 'summary': '2-0'}]",400548036,2014,2,5,12,Conference USA,CUSA,True,
400548200,s:20~l:23~e:400548200~c:400548200,2014-09-27T00:00Z,21005,True,False,False,True,True,False,2014-09-27T00:00Z,ESPN2,[],,,national,ESPN2,1,STD,3971,University Stadium (NM),Albuquerque,NM,USA,False,0.0,0:00,4,3,STATUS_FINAL,post,True,Final,Final,Final,4,167,s:20~l:23~t:167,New Mexico,Lobos,UNM,New Mexico Lobos,New Mexico,ba0c2f,a7a8aa,True,3971,https://a.espncdn.com/i/teamlogos/ncaa/500/167.png,17,24,False,99,"[{'value': 3.0, 'displayValue': '3', 'period': 1}
 {'value': 14.0, 'displayValue': '14', 'period': 2}
 {'value': 7.0, 'displayValue': '7', 'period': 3}
 {'value': 0.0, 'displayValue': '0', 'period': 4}]","[{'name': 'overall', 'abbreviation': 'Game', 'type': 'total', 'summary': '1-3'}
 {'name': 'Home', 'abbreviation': None, 'type': 'home', 'summary': '0-3'}
 {'name': 'Road', 'abbreviation': None, 'type': 'road', 'summary': '1-0'}
 {'name': 'vs. Conf.', 'abbreviation': None, 'type': 'vsconf', 'summary': '0-1'}]",278,s:20~l:23~t:278,Fresno State,Bulldogs,FRES,Fresno State Bulldogs,Fresno State,b1102b,13284c,True,3660,https://a.espncdn.com/i/teamlogos/ncaa/500/278.png,17,35,True,99,"[{'value': 0.0, 'displayValue': '0', 'period': 1}
 {'value': 14.0, 'displayValue': '14', 'period': 2}
 {'value': 14.0, 'displayValue': '14', 'period': 3}
 {'value': 7.0, 'displayValue': '7', 'period': 4}]","[{'name': 'overall', 'abbreviation': 'Game', 'type': 'total', 'summary': '2-3'}
 {'name': 'Home', 'abbreviation': None, 'type': 'home', 'summary': '1-1'}
 {'name': 'Road', 'abbreviation': None, 'type': 'road', 'summary': '1-2'}
 {'name': 'vs. Conf.', 'abbreviation': None, 'type': 'vsconf', 'summary': '1-0'}]",400548200,2014,2,5,17,Mountain West Conference,Mountain West,True,
400547764,s:20~l:23~e:400547764~c:400547764,2014-09-27T19:30Z,57583,True,False,False,True,True,False,2014-09-27T19:30Z,ABC/ESPN2,[],,,national,ABC,1,STD,3670,Carter-Finley Stadium,Raleigh,NC,USA,False,0.0,0:00,4,3,STATUS_FINAL,post,True,Final,Final,Final,4,152,s:20~l:23~t:152,NC State,Wolfpack,NCST,NC State Wolfpack,NC State,cc0000,ffffff,True,3670,https://a.espncdn.com/i/teamlogos/ncaa/500/152.png,1,41,False,99,"[{'value': 24.0, 'displayValue': '24', 'period': 1}
 {'value': 0.0, 'displayValue': '0', 'period': 2}
 {'value': 14.0, 'displayValue': '14', 'period': 3}
 {'value': 3.0, 'displayValue': '3', 'period': 4}]","[{'name': 'overall', 'abbreviation': 'Game', 'type': 'total', 'summary': '4-1'}
 {'name': 'Home', 'abbreviation': None, 'type': 'home', 'summary': '3-1'}
 {'name': 'Road', 'abbreviation': None, 'type': 'road', 'summary': '1-0'}
 {'name': 'vs. Conf.', 'abbreviation': None, 'type': 'vsconf', 'summary': '0-1'}]",52,s:20~l:23~t:52,Florida State,Seminoles,FSU,Florida State Seminoles,FSU,782f40,ceb888,True,3697,https://a.espncdn.com/i/teamlogos/ncaa/500/52.png,1,56,True,1,"[{'value': 7.0, 'displayValue': '7', 'period': 1}
 {'value': 14.0, 'displayValue': '14', 'period': 2}
 {'value': 21.0, 'displayValue': '21', 'period': 3}
 {'value': 14.0, 'displayValue': '14', 'period': 4}]","[{'name': 'overall', 'abbreviation': 'Game', 'type': 'total', 'summary': '4-0'}
 {'name': 'Home', 'abbreviation': None, 'type': 'home', 'summary': '2-0'}
 {'name': 'Road', 'abbreviation': None, 'type': 'road', 'summary': '1-0'}
 {'name': 'vs. Conf.', 'abbreviation': None, 'type': 'vsconf', 'summary': '2-0'}]",400547764,2014,2,5,1,Atlantic Coast Conference,ACC,True,
400548035,s:20~l:23~e:400548035~c:400548035,2014-09-27T20:00Z,87451,True,False,False,False,True,False,2014-09-27T20:00Z,SEC Network,[],,,national,SEC Network,1,STD,3785,Jordan-Hare Stadium,Auburn,AL,USA,False,0.0,0:00,4,3,STATUS_FINAL,post,True,Final,Final,Final,4,2,s:20~l:23~t:2,Auburn,Tigers,AUB,Auburn Tigers,Auburn,002b5c,f26522,True,3785,https://a.espncdn.com/i/teamlogos/ncaa/500/2.png,8,45,True,5,"[{'value': 7.0, 'displayValue': '7', 'period': 1}
 {'value': 17.0, 'displayValue': '17', 'period': 2}
 {'value': 0.0, 'displayValue': '0', 'period': 3}
 {'value': 21.0, 'displayValue': '21', 'period': 4}]","[{'name': 'overall', 'abbreviation': 'Game', 'type': 'total', 'summary': '4-0'}
 {'name': 'Home', 'abbreviation': None, 'type': 'home', 'summary': '3-0'}
 {'name': 'Road', 'abbreviation': None, 'type': 'road', 'summary': '1-0'}
 {'name': 'vs. Conf.', 'abbreviation': None, 'type': 'vsconf', 'summary': '1-0'}]",2348,s:20~l:23~t:2348,Louisiana Tech,Bulldogs,LT,Louisiana Tech Bulldogs,LA Tech,003087,cb333b,True,3776,https://a.espncdn.com/i/teamlogos/ncaa/500/2348.png,12,17,False,99,"[{'value': 0.0, 'displayValue': '0', 'period': 1}
 {'value': 3.0, 'displayValue': '3', 'period': 2}
 {'value': 7.0, 'displayValue': '7', 'period': 3}
 {'value': 7.0, 'displayValue': '7', 'period': 4}]","[{'name': 'overall', 'abbreviation': 'Game', 'type': 'total', 'summary': '2-3'}
 {'name': 'Home', 'abbreviation': None, 'type': 'home', 'summary': '0-1'}
 {'name': 'Road', 'abbreviation': None, 'type': 'road', 'summary': '2-2'}
 {'name': 'vs. Conf.', 'abbreviation': None, 'type': 'vsconf', 'summary': '1-0'}]",400548035,2014,2,5,,,,,
400548382,s:20~l:23~e:400548382~c:400548382,2014-09-27T19:30Z,68113,True,False,True,True,True,False,2014-09-27T19:30Z,CBS,[],,,national,CBS,1,STD,3687,AT&T Stadium,Arlington,TX,USA,True,0.0,0:00,5,3,STATUS_FINAL,post,True,Final,Final/OT,Final/OT,4,245,s:20~l:23~t:245,Texas A&M,Aggies,TA&M,Texas A&M Aggies,Texas A&M,500000,ffffff,True,3795,https://a.espncdn.com/i/teamlogos/ncaa/500/245.png,8,35,True,6,"[{'value': 7.0, 'displayValue': '7', 'period': 1}
 {'value': 7.0, 'displayValue': '7', 'period': 2}
 {'value': 0.0, 'displayValue': '0', 'period': 3}
 {'value': 14.0, 'displayValue': '14', 'period': 4}
 {'value': 7.0, 'displayValue': '7', 'period': 5}]","[{'name': 'overall', 'abbreviation': 'Game', 'type': 'total', 'summary': '5-0'}
 {'name': 'Home', 'abbreviation': None, 'type': 'home', 'summary': '2-0'}
 {'name': 'Road', 'abbreviation': None, 'type': 'road', 'summary': '2-0'}
 {'name': 'vs. Conf.', 'abbreviation': None, 'type': 'vsconf', 'summary': '2-0'}]",8,s:20~l:23~t:8,Arkansas,Razorbacks,ARK,Arkansas Razorbacks,Arkansas,a32136,ffffff,True,3887,https://a.espncdn.com/i/teamlogos/ncaa/500/8.png,8,28,False,99,"[{'value': 7.0, 'displayValue': '7', 'period': 1}
 {'value': 14.0, 'displayValue': '14', 'period': 2}
 {'value': 7.0, 'displayValue': '7', 'period': 3}
 {'value': 0.0, 'displayValue': '0', 'period': 4}
 {'value': 0.0, 'displayValue': '0', 'period': 5}]","[{'name': 'overall', 'abbreviation': 'Game', 'type': 'total', 'summary': '3-2'}
 {'name': 'Home', 'abbreviation': None, 'type': 'home', 'summary': '2-0'}
 {'name': 'Road', 'abbreviation': None, 'type': 'road', 'summary': '1-1'}
 {'name': 'vs. Conf.', 'abbreviation': None, 'type': 'vsconf', 'summary': '0-2'}]",400548382,2014,2,5,8,Southeastern Conference,SEC,True,OT
400547860,s:20~l:23~e:400547860~c:400547860,2014-09-28T00:20Z,51776,True,False,False,True,True,False,2014-09-28T00:20Z,FOX,[],,,national,FOX,1,STD,3772,Jack Trice Stadium,Ames,IA,USA,False,0.0,0:00,4,3,STATUS_FINAL,post,True,Final,Final,Final,4,66,s:20~l:23~t:66,Iowa State,Cyclones,ISU,Iowa State Cyclones,Iowa State,ae192d,ffc72a,True,3772,https://a.espncdn.com/i/teamlogos/ncaa/500/66.png,4,28,False,99,"[{'value': 7.0, 'displayValue': '7', 'period': 1}
 {'value': 0.0, 'displayValue': '0', 'period': 2}
 {'value': 14.0, 'displayValue': '14', 'period': 3}
 {'value': 7.0, 'displayValue': '7', 'period': 4}]","[{'name': 'overall', 'abbreviation': 'Game', 'type': 'total', 'summary': '1-3'}
 {'name': 'Home', 'abbreviation': None, 'type': 'home', 'summary': '0-3'}
 {'name': 'Road', 'abbreviation': None, 'type': 'road', 'summary': '1-0'}
 {'name': 'vs. Conf.', 'abbreviation': None, 'type': 'vsconf', 'summary': '0-2'}]",239,s:20~l:23~t:239,Baylor,Bears,BAY,Baylor Bears,Baylor,154734,ffb81c,True,3724,https://a.espncdn.com/i/teamlogos/ncaa/500/239.png,4,49,True,7,"[{'value': 14.0, 'displayValue': '14', 'period': 1}
 {'value': 21.0, 'displayValue': '21', 'period': 2}
 {'value': 14.0, 'displayValue': '14', 'period': 3}
 {'value': 0.0, 'displayValue': '0', 'period': 4}]","[{'name': 'overall', 'abbreviation': 'Game', 'type': 'total', 'summary': '4-0'}
 {'name': 'Home', 'abbreviation': None, 'type': 'home', 'summary': '2-0'}
 {'name': 'Road', 'abbreviation': None, 'type': 'road', 'summary': '2-0'}
 {'name': 'vs. Conf.', 'abbreviation': None, 'type': 'vsconf', 'summary': '1-0'}]",400547860,2014,2,5,4,Big 12 Conference,Big 12,True,
400547818,s:20~l:23~e:400547818~c:400547818,2014-09-28T00:00Z,76802,True,False,True,False,True,False,2014-09-28T00:00Z,ABC,[],,,national,ABC,1,STD,3839,MetLife Stadium,East Rutherford,NJ,USA,False,0.0,0:00,4,3,STATUS_FINAL,post,True,Final,Final,Final,4,183,s:20~l:23~t:183,Syracuse,Orange,SYR,Syracuse Orange,Syracuse,000e54,ff431b,True,1964,https://a.espncdn.com/i/teamlogos/ncaa/500/183.png,1,15,False,99,"[{'value': 0.0, 'displayValue': '0', 'period': 1}
 {'value': 3.0, 'displayValue': '3', 'period': 2}
 {'value': 0.0, 'displayValue': '0', 'period': 3}
 {'value': 12.0, 'displayValue': '12', 'period': 4}]","[{'name': 'overall', 'abbreviation': 'Game', 'type': 'total', 'summary': '2-2'}
 {'name': 'Home', 'abbreviation': None, 'type': 'home', 'summary': '1-1'}
 {'name': 'Road', 'abbreviation': None, 'type': 'road', 'summary': '1-0'}
 {'name': 'vs. Conf.', 'abbreviation': None, 'type': 'vsconf', 'summary': '0-0'}]",87,s:20~l:23~t:87,Notre Dame,Fighting Irish,ND,Notre Dame Fighting Irish,Notre Dame,062340,c99700,True,3855,https://a.espncdn.com/i/teamlogos/ncaa/500/87.png,18,31,True,8,"[{'value': 0.0, 'displayValue': '0', 'period': 1}
 {'value': 14.0, 'displayValue': '14', 'period': 2}
 {'value': 7.0, 'displayValue': '7', 'period': 3}
 {'value': 10.0, 'displayValue': '10', 'period': 4}]","[{'name': 'overall', 'abbreviation': 'Game', 'type': 'total', 'summary': '4-0'}
 {'name': 'Home', 'abbreviation': None, 'type': 'home', 'summary': '2-0'}
 {'name': 'Road', 'abbreviation': None, 'type': 'road', 'summary': '0-0'}
 {'name': 'vs. Conf.', 'abbreviation': None, 'type': 'vsconf', 'summary': '0-0'}]",400547818,2014,2,5,,,,,
400547955,s:20~l:23~e:400547955~c:400547955,2014-09-27T16:00Z,74227,True,False,False,False,True,False,2014-09-27T16:00Z,ESPN2,[],,,national,ESPN2,1,STD,3936,Spartan Stadium,East Lansing,MI,USA,False,0.0,0:00,4,3,STATUS_FINAL,post,True,Final,Final,Final,4,127,s:20~l:23~t:127,Michigan State,Spartans,MSU,Michigan State Spartans,Michigan State,173f35,ffffff,True,3936,https://a.espncdn.com/i/teamlogos/ncaa/500/127.png,5,56,True,9,"[{'value': 21.0, 'displayValue': '21', 'period': 1}
 {'value': 21.0, 'displayValue': '21', 'period': 2}
 {'value': 7.0, 'displayValue': '7', 'period': 3}
 {'value': 7.0, 'displayValue': '7', 'period': 4}]","[{'name': 'overall', 'abbreviation': 'Game', 'type': 'total', 'summary': '3-1'}
 {'name': 'Home', 'abbreviation': None, 'type': 'home', 'summary': '3-0'}
 {'name': 'Road', 'abbreviation': None, 'type': 'road', 'summary': '0-1'}
 {'name': 'vs. Conf.', 'abbreviation': None, 'type': 'vsconf', 'summary': '0-0'}]",2751,s:20~l:23~t:2751,Wyoming,Cowboys,WYO,Wyoming Cowboys,Wyoming,492f24,ffc425,True,3984,https://a.espncdn.com/i/teamlogos/ncaa/500/2751.png,17,14,False,99,"[{'value': 7.0, 'displayValue': '7', 'period': 1}
 {'value': 7.0, 'displayValue': '7', 'period': 2}
 {'value': 0.0, 'displayValue': '0', 'period': 3}
 {'value': 0.0, 'displayValue': '0', 'period': 4}]","[{'name': 'overall', 'abbreviation': 'Game', 'type': 'total', 'summary': '3-2'}
 {'name': 'Home', 'abbreviation': None, 'type': 'home', 'summary': '3-0'}
 {'name': 'Road', 'abbreviation': None, 'type': 'road', 'summary': '0-2'}
 {'name': 'vs. Conf.', 'abbreviation': None, 'type': 'vsconf', 'summary': '1-0'}]",400547955,2014,2,5,,,,,
400547676,s:20~l:23~e:400547676~c:400547676,2014-09-27T23:30Z,61291,True,False,False,False,True,False,2014-09-27T23:30Z,ESPN3,[],,,national,ESPN3,1,STD,3974,Vaught-Hemingway Stadium,Oxford,MS,USA,False,0.0,0:00,4,3,STATUS_FINAL,post,True,Final,Final,Final,4,145,s:20~l:23~t:145,Ole Miss,Rebels,MISS,Ole Miss Rebels,Ole Miss,13294b,cf142b,True,3974,https://a.espncdn.com/i/teamlogos/ncaa/500/145.png,8,24,True,10,"[{'value': 7.0, 'displayValue': '7', 'period': 1}
 {'value': 0.0, 'displayValue': '0', 'period': 2}
 {'value': 0.0, 'displayValue': '0', 'period': 3}
 {'value': 17.0, 'displayValue': '17', 'period': 4}]","[{'name': 'overall', 'abbreviation': 'Game', 'type': 'total', 'summary': '4-0'}
 {'name': 'Home', 'abbreviation': None, 'type': 'home', 'summary': '2-0'}
 {'name': 'Road', 'abbreviation': None, 'type': 'road', 'summary': '1-0'}
 {'name': 'vs. Conf.', 'abbreviation': None, 'type': 'vsconf', 'summary': '1-0'}]",235,s:20~l:23~t:235,Memphis,Tigers,MEM,Memphis Tigers,Memphis,004991,8e908f,True,3805,https://a.espncdn.com/i/teamlogos/ncaa/500/235.png,151,3,False,99,"[{'value': 3.0, 'displayValue': '3', 'period': 1}
 {'value': 0.0, 'displayValue': '0', 'period': 2}
 {'value': 0.0, 'displayValue': '0', 'period': 3}
 {'value': 0.0, 'displayValue': '0', 'period': 4}]","[{'name': 'overall', 'abbreviation': 'Game', 'type': 'total', 'summary': '2-2'}
 {'name': 'Home', 'abbreviation': None, 'type': 'home', 'summary': '2-0'}
 {'name': 'Road', 'abbreviation': None, 'type': 'road', 'summary': '0-2'}
 {'name': 'vs. Conf.', 'abbreviation': None, 'type': 'vsconf', 'summary': '0-0'}]",400547676,2014,2,5,,,,,
400548381,s:20~l:23~e:400548381~c:400548381,2014-09-27T16:00Z,92746,True,False,False,True,True,False,2014-09-27T16:00Z,ESPN,[],,,national,ESPN,1,STD,3917,Sanford Stadium,Athens,GA,USA,False,0.0,0:00,4,3,STATUS_FINAL,post,True,Final,Final,Final,4,61,s:20~l:23~t:61,Georgia,Bulldogs,UGA,Georgia Bulldogs,Georgia,ba0c2f,2c2a29,True,3917,https://a.espncdn.com/i/teamlogos/ncaa/500/61.png,8,35,True,12,"[{'value': 7.0, 'displayValue': '7', 'period': 1}
 {'value': 14.0, 'displayValue': '14', 'period': 2}
 {'value': 0.0, 'displayValue': '0', 'period': 3}
 {'value': 14.0, 'displayValue': '14', 'period': 4}]","[{'name': 'overall', 'abbreviation': 'Game', 'type': 'total', 'summary': '3-1'}
 {'name': 'Home', 'abbreviation': None, 'type': 'home', 'summary': '3-0'}
 {'name': 'Road', 'abbreviation': None, 'type': 'road', 'summary': '0-1'}
 {'name': 'vs. Conf.', 'abbreviation': None, 'type': 'vsconf', 'summary': '1-1'}]",2633,s:20~l:23~t:2633,Tennessee,Volunteers,TENN,Tennessee Volunteers,Tennessee,ff8200,ffffff,True,3853,https://a.espncdn.com/i/teamlogos/ncaa/500/2633.png,8,32,False,99,"[{'value': 10.0, 'displayValue': '10', 'period': 1}
 {'value': 7.0, 'displayValue': '7', 'period': 2}
 {'value': 0.0, 'displayValue': '0', 'period': 3}
 {'value': 15.0, 'displayValue': '15', 'period': 4}]","[{'name': 'overall', 'abbreviation': 'Game', 'type': 'total', 'summary': '2-2'}
 {'name': 'Home', 'abbreviation': None, 'type': 'home', 'summary': '2-0'}
 {'name': 'Road', 'abbreviation': None, 'type': 'road', 'summary': '0-2'}
 {'name': 'vs. Conf.', 'abbreviation': None, 'type': 'vsconf', 'summary': '0-1'}]",400548381,2014,2,5,8,Southeastern Conference,SEC,True,
400548380,s:20~l:23~e:400548380~c:400548380,2014-09-27T23:00Z,83493,True,False,False,True,True,False,2014-09-27T23:00Z,ESPN/ESPN3,[],,,national,ESPN,1,STD,3994,Williams-Brice Stadium,Columbia,SC,USA,False,0.0,0:00,4,3,STATUS_FINAL,post,True,Final,Final,Final,4,2579,s:20~l:23~t:2579,South Carolina,Gamecocks,SC,South Carolina Gamecocks,South Carolina,73000a,000000,True,3994,https://a.espncdn.com/i/teamlogos/ncaa/500/2579.png,8,20,False,13,"[{'value': 3.0, 'displayValue': '3', 'period': 1}
 {'value': 7.0, 'displayValue': '7', 'period': 2}
 {'value': 3.0, 'displayValue': '3', 'period': 3}
 {'value': 7.0, 'displayValue': '7', 'period': 4}]","[{'name': 'overall', 'abbreviation': 'Game', 'type': 'total', 'summary': '3-2'}
 {'name': 'Home', 'abbreviation': None, 'type': 'home', 'summary': '2-2'}
 {'name': 'Road', 'abbreviation': None, 'type': 'road', 'summary': '1-0'}
 {'name': 'vs. Conf.', 'abbreviation': None, 'type': 'vsconf', 'summary': '2-2'}]",142,s:20~l:23~t:142,Missouri,Tigers,MIZ,Missouri Tigers,Missouri,f1b82d,000000,True,3838,https://a.espncdn.com/i/teamlogos/ncaa/500/142.png,8,21,True,99,"[{'value': 7.0, 'displayValue': '7', 'period': 1}
 {'value': 0.0, 'displayValue': '0', 'period': 2}
 {'value': 0.0, 'displayValue': '0', 'period': 3}
 {'value': 14.0, 'displayValue': '14', 'period': 4}]","[{'name': 'overall', 'abbreviation': 'Game', 'type': 'total', 'summary': '4-1'}
 {'name': 'Home', 'abbreviation': None, 'type': 'home', 'summary': '2-1'}
 {'name': 'Road', 'abbreviation': None, 'type': 'road', 'summary': '2-0'}
 {'name': 'vs. Conf.', 'abbreviation': None, 'type': 'vsconf', 'summary': '1-0'}]",400548380,2014,2,5,8,Southeastern Conference,SEC,True,
400548273,s:20~l:23~e:400548273~c:400548273,2014-09-27T20:15Z,66512,True,False,False,True,True,False,2014-09-27T20:15Z,FOX,[],,,national,FOX,1,STD,3765,Husky Stadium,Seattle,WA,USA,False,0.0,0:00,4,3,STATUS_FINAL,post,True,Final,Final,Final,4,264,s:20~l:23~t:264,Washington,Huskies,WASH,Washington Huskies,Washington,33006f,e8d3a2,True,3765,https://a.espncdn.com/i/teamlogos/ncaa/500/264.png,9,13,False,99,"[{'value': 0.0, 'displayValue': '0', 'period': 1}
 {'value': 13.0, 'displayValue': '13', 'period': 2}
 {'value': 0.0, 'displayValue': '0', 'period': 3}
 {'value': 0.0, 'displayValue': '0', 'period': 4}]","[{'name': 'overall', 'abbreviation': 'Game', 'type': 'total', 'summary': '4-1'}
 {'name': 'Home', 'abbreviation': None, 'type': 'home', 'summary': '3-1'}
 {'name': 'Road', 'abbreviation': None, 'type': 'road', 'summary': '1-0'}
 {'name': 'vs. Conf.', 'abbreviation': None, 'type': 'vsconf', 'summary': '0-1'}]",24,s:20~l:23~t:24,Stanford,Cardinal,STAN,Stanford Cardinal,Stanford,8c1515,ffffff,True,3940,https://a.espncdn.com/i/teamlogos/ncaa/500/24.png,9,20,True,16,"[{'value': 3.0, 'displayValue': '3', 'period': 1}
 {'value': 10.0, 'displayValue': '10', 'period': 2}
 {'value': 0.0, 'displayValue': '0', 'period': 3}
 {'value': 7.0, 'displayValue': '7', 'period': 4}]","[{'name': 'overall', 'abbreviation': 'Game', 'type': 'total', 'summary': '3-1'}
 {'name': 'Home', 'abbreviation': None, 'type': 'home', 'summary': '2-1'}
 {'name': 'Road', 'abbreviation': None, 'type': 'road', 'summary': '1-0'}
 {'name': 'vs. Conf.', 'abbreviation': None, 'type': 'vsconf', 'summary': '1-1'}]",400548273,2014,2,5,9,Pac-12 Conference,Pac-12,True,
400548379,s:20~l:23~e:400548379~c:400548379,2014-09-27T23:30Z,101987,True,False,False,False,True,False,2014-09-27T23:30Z,SEC Network,[],,,national,SEC Network,1,STD,3958,Tiger Stadium (LA),Baton Rouge,LA,USA,False,0.0,0:00,4,3,STATUS_FINAL,post,True,Final,Final,Final,4,99,s:20~l:23~t:99,LSU,Tigers,LSU,LSU Tigers,LSU,461d76,fdd023,True,3958,https://a.espncdn.com/i/teamlogos/ncaa/500/99.png,8,63,True,17,"[{'value': 14.0, 'displayValue': '14', 'period': 1}
 {'value': 28.0, 'displayValue': '28', 'period': 2}
 {'value': 14.0, 'displayValue': '14', 'period': 3}
 {'value': 7.0, 'displayValue': '7', 'period': 4}]","[{'name': 'overall', 'abbreviation': 'Game', 'type': 'total', 'summary': '4-1'}
 {'name': 'Home', 'abbreviation': None, 'type': 'home', 'summary': '3-1'}
 {'name': 'Road', 'abbreviation': None, 'type': 'road', 'summary': '0-0'}
 {'name': 'vs. Conf.', 'abbreviation': None, 'type': 'vsconf', 'summary': '0-1'}]",166,s:20~l:23~t:166,New Mexico State,Aggies,NMSU,New Mexico State Aggies,New Mexico St,7e141b,231f20,True,3601,https://a.espncdn.com/i/teamlogos/ncaa/500/166.png,37,7,False,99,"[{'value': 0.0, 'displayValue': '0', 'period': 1}
 {'value': 7.0, 'displayValue': '7', 'period': 2}
 {'value': 0.0, 'displayValue': '0', 'period': 3}
 {'value': 0.0, 'displayValue': '0', 'period': 4}]","[{'name': 'overall', 'abbreviation': 'Game', 'type': 'total', 'summary': '2-3'}
 {'name': 'Home', 'abbreviation': None, 'type': 'home', 'summary': '1-1'}
 {'name': 'Road', 'abbreviation': None, 'type': 'road', 'summary': '1-2'}
 {'name': 'vs. Conf.', 'abbreviation': None, 'type': 'vsconf', 'summary': '1-0'}]",400548379,2014,2,5,,,,,
400548270,s:20~l:23~e:400548270~c:400548270,2014-09-28T02:30Z,74521,True,False,False,True,True,False,2014-09-28T02:30Z,ESPN,[],,,national,ESPN,1,STD,477,Los Angeles Memorial Coliseum,Los Angeles,CA,USA,False,0.0,0:00,4,3,STATUS_FINAL,post,True,Final,Final,Final,4,30,s:20~l:23~t:30,USC,Trojans,USC,USC Trojans,USC,9d2235,ffc72c,True,477,https://a.espncdn.com/i/teamlogos/ncaa/500/30.png,9,35,True,18,"[{'value': 7.0, 'displayValue': '7', 'period': 1}
 {'value': 14.0, 'displayValue': '14', 'period': 2}
 {'value': 0.0, 'displayValue': '0', 'period': 3}
 {'value': 14.0, 'displayValue': '14', 'period': 4}]","[{'name': 'overall', 'abbreviation': 'Game', 'type': 'total', 'summary': '3-1'}
 {'name': 'Home', 'abbreviation': None, 'type': 'home', 'summary': '2-0'}
 {'name': 'Road', 'abbreviation': None, 'type': 'road', 'summary': '1-1'}
 {'name': 'vs. Conf.', 'abbreviation': None, 'type': 'vsconf', 'summary': '2-0'}]",204,s:20~l:23~t:204,Oregon State,Beavers,ORST,Oregon State Beavers,Oregon State,dc4405,000000,True,3893,https://a.espncdn.com/i/teamlogos/ncaa/500/204.png,9,10,False,99,"[{'value': 7.0, 'displayValue': '7', 'period': 1}
 {'value': 3.0, 'displayValue': '3', 'period': 2}
 {'value': 0.0, 'displayValue': '0', 'period': 3}
 {'value': 0.0, 'displayValue': '0', 'period': 4}]","[{'name': 'overall', 'abbreviation': 'Game', 'type': 'total', 'summary': '3-1'}
 {'name': 'Home', 'abbreviation': None, 'type': 'home', 'summary': '2-0'}
 {'name': 'Road', 'abbreviation': None, 'type': 'road', 'summary': '1-1'}
 {'name': 'vs. Conf.', 'abbreviation': None, 'type': 'vsconf', 'summary': '0-1'}]",400548270,2014,2,5,9,Pac-12 Conference,Pac-12,True,
400547678,s:20~l:23~e:400547678~c:400547678,2014-09-27T16:00Z,78111,True,False,False,False,True,False,2014-09-27T16:00Z,ESPNU,[],,,national,ESPNU,1,STD,347,Camp Randall Stadium,Madison,WI,USA,False,0.0,0:00,4,3,STATUS_FINAL,post,True,Final,Final,Final,4,275,s:20~l:23~t:275,Wisconsin,Badgers,WIS,Wisconsin Badgers,Wisconsin,a00000,ffffff,True,347,https://a.espncdn.com/i/teamlogos/ncaa/500/275.png,5,27,True,19,"[{'value': 3.0, 'displayValue': '3', 'period': 1}
 {'value': 0.0, 'displayValue': '0', 'period': 2}
 {'value': 17.0, 'displayValue': '17', 'period': 3}
 {'value': 7.0, 'displayValue': '7', 'period': 4}]","[{'name': 'overall', 'abbreviation': 'Game', 'type': 'total', 'summary': '3-1'}
 {'name': 'Home', 'abbreviation': None, 'type': 'home', 'summary': '3-0'}
 {'name': 'Road', 'abbreviation': None, 'type': 'road', 'summary': '0-0'}
 {'name': 'vs. Conf.', 'abbreviation': None, 'type': 'vsconf', 'summary': '0-0'}]",58,s:20~l:23~t:58,South Florida,Bulls,USF,South Florida Bulls,USF,006747,cfc493,True,3886,https://a.espncdn.com/i/teamlogos/ncaa/500/58.png,151,10,False,99,"[{'value': 3.0, 'displayValue': '3', 'period': 1}
 {'value': 0.0, 'displayValue': '0', 'period': 2}
 {'value': 7.0, 'displayValue': '7', 'period': 3}
 {'value': 0.0, 'displayValue': '0', 'period': 4}]","[{'name': 'overall', 'abbreviation': 'Game', 'type': 'total', 'summary': '2-3'}
 {'name': 'Home', 'abbreviation': None, 'type': 'home', 'summary': '2-2'}
 {'name': 'Road', 'abbreviation': None, 'type': 'road', 'summary': '0-1'}
 {'name': 'vs. Conf.', 'abbreviation': None, 'type': 'vsconf', 'summary': '1-0'}]",400547678,2014,2,5,,,,,
400547908,s:20~l:23~e:400547908~c:400547908,2014-09-28T01:00Z,91255,True,False,False,True,True,False,2014-09-28T01:00Z,BTN,[],,,national,BTN,1,STD,3834,"Memorial Stadium (Lincoln, NE)",Lincoln,NE,USA,False,0.0,0:00,4,3,STATUS_FINAL,post,True,Final,Final,Final,4,158,s:20~l:23~t:158,Nebraska,Cornhuskers,NEB,Nebraska Cornhuskers,Nebraska,e31937,ffffff,True,3834,https://a.espncdn.com/i/teamlogos/ncaa/500/158.png,5,45,True,21,"[{'value': 7.0, 'displayValue': '7', 'period': 1}
 {'value': 24.0, 'displayValue': '24', 'period': 2}
 {'value': 7.0, 'displayValue': '7', 'period': 3}
 {'value': 7.0, 'displayValue': '7', 'period': 4}]","[{'name': 'overall', 'abbreviation': 'Game', 'type': 'total', 'summary': '5-0'}
 {'name': 'Home', 'abbreviation': None, 'type': 'home', 'summary': '4-0'}
 {'name': 'Road', 'abbreviation': None, 'type': 'road', 'summary': '1-0'}
 {'name': 'vs. Conf.', 'abbreviation': None, 'type': 'vsconf', 'summary': '1-0'}]",356,s:20~l:23~t:356,Illinois,Fighting Illini,ILL,Illinois Fighting Illini,Illinois,ff5f05,13294b,True,3597,https://a.espncdn.com/i/teamlogos/ncaa/500/356.png,5,14,False,99,"[{'value': 7.0, 'displayValue': '7', 'period': 1}
 {'value': 7.0, 'displayValue': '7', 'period': 2}
 {'value': 0.0, 'displayValue': '0', 'period': 3}
 {'value': 0.0, 'displayValue': '0', 'period': 4}]","[{'name': 'overall', 'abbreviation': 'Game', 'type': 'total', 'summary': '3-2'}
 {'name': 'Home', 'abbreviation': None, 'type': 'home', 'summary': '3-0'}
 {'name': 'Road', 'abbreviation': None, 'type': 'road', 'summary': '0-2'}
 {'name': 'vs. Conf.', 'abbreviation': None, 'type': 'vsconf', 'summary': '0-1'}]",400547908,2014,2,5,5,Big Ten Conference,Big Ten,True,
400547674,s:20~l:23~e:400547674~c:400547674,2014-09-27T22:00Z,108362,True,False,False,False,True,False,2014-09-27T22:00Z,BTN,[],,,national,BTN,1,STD,3861,Ohio Stadium,Columbus,OH,USA,False,0.0,0:00,4,3,STATUS_FINAL,post,True,Final,Final,Final,4,194,s:20~l:23~t:194,Ohio State,Buckeyes,OSU,Ohio State Buckeyes,OSU,ba0c2f,a8adb4,True,3861,https://a.espncdn.com/i/teamlogos/ncaa/500/194.png,5,50,True,22,"[{'value': 23.0, 'displayValue': '23', 'period': 1}
 {'value': 7.0, 'displayValue': '7', 'period': 2}
 {'value': 13.0, 'displayValue': '13', 'period': 3}
 {'value': 7.0, 'displayValue': '7', 'period': 4}]","[{'name': 'overall', 'abbreviation': 'Game', 'type': 'total', 'summary': '3-1'}
 {'name': 'Home', 'abbreviation': None, 'type': 'home', 'summary': '2-1'}
 {'name': 'Road', 'abbreviation': None, 'type': 'road', 'summary': '1-0'}
 {'name': 'vs. Conf.', 'abbreviation': None, 'type': 'vsconf', 'summary': '0-0'}]",2132,s:20~l:23~t:2132,Cincinnati,Bearcats,CIN,Cincinnati Bearcats,Cincinnati,000000,e00122,True,3854,https://a.espncdn.com/i/teamlogos/ncaa/500/2132.png,151,28,False,99,"[{'value': 7.0, 'displayValue': '7', 'period': 1}
 {'value': 14.0, 'displayValue': '14', 'period': 2}
 {'value': 7.0, 'displayValue': '7', 'period': 3}
 {'value': 0.0, 'displayValue': '0', 'period': 4}]","[{'name': 'overall', 'abbreviation': 'Game', 'type': 'total', 'summary': '2-1'}
 {'name': 'Home', 'abbreviation': None, 'type': 'home', 'summary': '2-0'}
 {'name': 'Road', 'abbreviation': None, 'type': 'road', 'summary': '0-1'}
 {'name': 'vs. Conf.', 'abbreviation': None, 'type': 'vsconf', 'summary': '0-0'}]",400547674,2014,2,5,,,,,
400547861,s:20~l:23~e:400547861~c:400547861,2014-09-27T16:00Z,52899,True,False,False,False,True,False,2014-09-27T16:00Z,,[],,,,,1,STD,3636,Bill Snyder Family Stadium,Manhattan,KS,USA,False,0.0,0:00,4,3,STATUS_FINAL,post,True,Final,Final,Final,4,2306,s:20~l:23~t:2306,Kansas State,Wildcats,KSU,Kansas State Wildcats,Kansas State,330a57,e2e3e4,True,3636,https://a.espncdn.com/i/teamlogos/ncaa/500/2306.png,4,58,True,25,"[{'value': 10.0, 'displayValue': '10', 'period': 1}
 {'value': 21.0, 'displayValue': '21', 'period': 2}
 {'value': 21.0, 'displayValue': '21', 'period': 3}
 {'value': 6.0, 'displayValue': '6', 'period': 4}]","[{'name': 'overall', 'abbreviation': 'Game', 'type': 'total', 'summary': '3-1'}
 {'name': 'Home', 'abbreviation': None, 'type': 'home', 'summary': '2-1'}
 {'name': 'Road', 'abbreviation': None, 'type': 'road', 'summary': '1-0'}
 {'name': 'vs. Conf.', 'abbreviation': None, 'type': 'vsconf', 'summary': '1-0'}]",2638,s:20~l:23~t:2638,UTEP,Miners,UTEP,UTEP Miners,UTEP,ff8200,041e42,True,3946,https://a.espncdn.com/i/teamlogos/ncaa/500/2638.png,12,28,False,99,"[{'value': 0.0, 'displayValue': '0', 'period': 1}
 {'value': 0.0, 'displayValue': '0', 'period': 2}
 {'value': 7.0, 'displayValue': '7', 'period': 3}
 {'value': 21.0, 'displayValue': '21', 'period': 4}]","[{'name': 'overall', 'abbreviation': 'Game', 'type': 'total', 'summary': '2-2'}
 {'name': 'Home', 'abbreviation': None, 'type': 'home', 'summary': '1-1'}
 {'name': 'Road', 'abbreviation': None, 'type': 'road', 'summary': '1-1'}
 {'name': 'vs. Conf.', 'abbreviation': None, 'type': 'vsconf', 'summary': '0-0'}]",400547861,2014,2,5,,,,,
400547677,s:20~l:23~e:400547677~c:400547677,2014-09-27T16:00Z,23093,True,False,False,False,True,False,2014-09-27T16:00Z,CBSSN,[],,,national,CBSSN,1,STD,3735,Gerald J. Ford Stadium,Dallas,TX,USA,False,0.0,0:00,4,3,STATUS_FINAL,post,True,Final,Final,Final,4,2567,s:20~l:23~t:2567,SMU,Mustangs,SMU,SMU Mustangs,SMU,a80000,0033a1,True,3735,https://a.espncdn.com/i/teamlogos/ncaa/500/2567.png,151,0,False,99,"[{'value': 0.0, 'displayValue': '0', 'period': 1}
 {'value': 0.0, 'displayValue': '0', 'period': 2}
 {'value': 0.0, 'displayValue': '0', 'period': 3}
 {'value': 0.0, 'displayValue': '0', 'period': 4}]","[{'name': 'overall', 'abbreviation': 'Game', 'type': 'total', 'summary': '0-4'}
 {'name': 'Home', 'abbreviation': None, 'type': 'home', 'summary': '0-2'}
 {'name': 'Road', 'abbreviation': None, 'type': 'road', 'summary': '0-2'}
 {'name': 'vs. Conf.', 'abbreviation': None, 'type': 'vsconf', 'summary': '0-0'}]",2628,s:20~l:23~t:2628,TCU,Horned Frogs,TCU,TCU Horned Frogs,TCU,4d1979,ffffff,True,3616,https://a.espncdn.com/i/teamlogos/ncaa/500/2628.png,4,56,True,99,"[{'value': 7.0, 'displayValue': '7', 'period': 1}
 {'value': 21.0, 'displayValue': '21', 'period': 2}
 {'value': 21.0, 'displayValue': '21', 'period': 3}
 {'value': 7.0, 'displayValue': '7', 'period': 4}]","[{'name': 'overall', 'abbreviation': 'Game', 'type': 'total', 'summary': '3-0'}
 {'name': 'Home', 'abbreviation': None, 'type': 'home', 'summary': '2-0'}
 {'name': 'Road', 'abbreviation': None, 'type': 'road', 'summary': '1-0'}
 {'name': 'vs. Conf.', 'abbreviation': None, 'type': 'vsconf', 'summary': '0-0'}]",400547677,2014,2,5,,,,,
400547679,s:20~l:23~e:400547679~c:400547679,2014-09-27T16:00Z,48361,True,False,False,False,True,False,2014-09-27T16:00Z,ESPNEWS,[],,,national,ESPNEWS,1,STD,3754,HighPoint.com Stadium,Piscataway,NJ,USA,False,0.0,0:00,4,3,STATUS_FINAL,post,True,Final,Final,Final,4,164,s:20~l:23~t:164,Rutgers,Scarlet Knights,RUTG,Rutgers Scarlet Knights,Rutgers,ce0e2d,ffffff,True,3754,https://a.espncdn.com/i/teamlogos/ncaa/500/164.png,5,31,True,99,"[{'value': 14.0, 'displayValue': '14', 'period': 1}
 {'value': 7.0, 'displayValue': '7', 'period': 2}
 {'value': 3.0, 'displayValue': '3', 'period': 3}
 {'value': 7.0, 'displayValue': '7', 'period': 4}]","[{'name': 'overall', 'abbreviation': 'Game', 'type': 'total', 'summary': '4-1'}
 {'name': 'Home', 'abbreviation': None, 'type': 'home', 'summary': '2-1'}
 {'name': 'Road', 'abbreviation': None, 'type': 'road', 'summary': '2-0'}
 {'name': 'vs. Conf.', 'abbreviation': None, 'type': 'vsconf', 'summary': '0-1'}]",2655,s:20~l:23~t:2655,Tulane,Green Wave,TULN,Tulane Green Wave,Tulane,006747,418fde,True,4729,https://a.espncdn.com/i/teamlogos/ncaa/500/2655.png,151,6,False,99,"[{'value': 0.0, 'displayValue': '0', 'period': 1}
 {'value': 6.0, 'displayValue': '6', 'period': 2}
 {'value': 0.0, 'displayValue': '0', 'period': 3}
 {'value': 0.0, 'displayValue': '0', 'period': 4}]","[{'name': 'overall', 'abbreviation': 'Game', 'type': 'total', 'summary': '1-4'}
 {'name': 'Home', 'abbreviation': None, 'type': 'home', 'summary': '1-1'}
 {'name': 'Road', 'abbreviation': None, 'type': 'road', 'summary': '0-3'}
 {'name': 'vs. Conf.', 'abbreviation': None, 'type': 'vsconf', 'summary': '0-1'}]",400547679,2014,2,5,,,,,
400547930,s:20~l:23~e:400547930~c:400547930,2014-09-27T16:00Z,36603,True,False,False,True,True,False,2014-09-27T16:00Z,BTN,[],,,national,BTN,1,STD,3907,Ross-Ade Stadium,West Lafayette,IN,USA,False,0.0,0:00,4,3,STATUS_FINAL,post,True,Final,Final,Final,4,2509,s:20~l:23~t:2509,Purdue,Boilermakers,PUR,Purdue Boilermakers,Purdue,ceb888,000000,True,3907,https://a.espncdn.com/i/teamlogos/ncaa/500/2509.png,5,10,False,99,"[{'value': 7.0, 'displayValue': '7', 'period': 1}
 {'value': 3.0, 'displayValue': '3', 'period': 2}
 {'value': 0.0, 'displayValue': '0', 'period': 3}
 {'value': 0.0, 'displayValue': '0', 'period': 4}]","[{'name': 'overall', 'abbreviation': 'Game', 'type': 'total', 'summary': '2-3'}
 {'name': 'Home', 'abbreviation': None, 'type': 'home', 'summary': '2-2'}
 {'name': 'Road', 'abbreviation': None, 'type': 'road', 'summary': '0-0'}
 {'name': 'vs. Conf.', 'abbreviation': None, 'type': 'vsconf', 'summary': '0-1'}]",2294,s:20~l:23~t:2294,Iowa,Hawkeyes,IOWA,Iowa Hawkeyes,Iowa,231f20,fcd116,True,3793,https://a.espncdn.com/i/teamlogos/ncaa/500/2294.png,5,24,True,99,"[{'value': 0.0, 'displayValue': '0', 'period': 1}
 {'value': 10.0, 'displayValue': '10', 'period': 2}
 {'value': 7.0, 'displayValue': '7', 'period': 3}
 {'value': 7.0, 'displayValue': '7', 'period': 4}]","[{'name': 'overall', 'abbreviation': 'Game', 'type': 'total', 'summary': '4-1'}
 {'name': 'Home', 'abbreviation': None, 'type': 'home', 'summary': '2-1'}
 {'name': 'Road', 'abbreviation': None, 'type': 'road', 'summary': '2-0'}
 {'name': 'vs. Conf.', 'abbreviation': None, 'type': 'vsconf', 'summary': '1-0'}]",400547930,2014,2,5,5,Big Ten Conference,Big Ten,True,
400547978,s:20~l:23~e:400547978~c:400547978,2014-09-27T16:00Z,102910,True,False,False,True,True,False,2014-09-27T16:00Z,BTN,[],,,national,BTN,1,STD,3632,Beaver Stadium,University Park,PA,USA,False,0.0,0:00,4,3,STATUS_FINAL,post,True,Final,Final,Final,4,213,s:20~l:23~t:213,Penn State,Nittany Lions,PSU,Penn State Nittany Lions,Penn State,061440,ffffff,True,3632,https://a.espncdn.com/i/teamlogos/ncaa/500/213.png,5,6,False,99,"[{'value': 0.0, 'displayValue': '0', 'period': 1}
 {'value': 3.0, 'displayValue': '3', 'period': 2}
 {'value': 3.0, 'displayValue': '3', 'period': 3}
 {'value': 0.0, 'displayValue': '0', 'period': 4}]","[{'name': 'overall', 'abbreviation': 'Game', 'type': 'total', 'summary': '4-1'}
 {'name': 'Home', 'abbreviation': None, 'type': 'home', 'summary': '2-1'}
 {'name': 'Road', 'abbreviation': None, 'type': 'road', 'summary': '1-0'}
 {'name': 'vs. Conf.', 'abbreviation': None, 'type': 'vsconf', 'summary': '1-1'}]",77,s:20~l:23~t:77,Northwestern,Wildcats,NW,Northwestern Wildcats,Northwestern,492f92,ffffff,True,3911,https://a.espncdn.com/i/teamlogos/ncaa/500/77.png,5,29,True,99,"[{'value': 14.0, 'displayValue': '14', 'period': 1}
 {'value': 0.0, 'displayValue': '0', 'period': 2}
 {'value': 0.0, 'displayValue': '0', 'period': 3}
 {'value': 15.0, 'displayValue': '15', 'period': 4}]","[{'name': 'overall', 'abbreviation': 'Game', 'type': 'total', 'summary': '2-2'}
 {'name': 'Home', 'abbreviation': None, 'type': 'home', 'summary': '1-2'}
 {'name': 'Road', 'abbreviation': None, 'type': 'road', 'summary': '1-0'}
 {'name': 'vs. Conf.', 'abbreviation': None, 'type': 'vsconf', 'summary': '1-0'}]",400547978,2014,2,5,5,Big Ten Conference,Big Ten,True,
400548383,s:20~l:23~e:400548383~c:400548383,2014-09-27T16:00Z,56940,True,False,False,True,True,False,2014-09-27T16:00Z,SEC Network,[],,,national,SEC Network,1,STD,3683,Kroger Field,Lexington,KY,USA,False,0.0,0:00,4,3,STATUS_FINAL,post,True,Final,Final,Final,4,96,s:20~l:23~t:96,Kentucky,Wildcats,UK,Kentucky Wildcats,Kentucky,0033a0,ffffff,True,3683,https://a.espncdn.com/i/teamlogos/ncaa/500/96.png,8,17,True,99,"[{'value': 7.0, 'displayValue': '7', 'period': 1}
 {'value': 10.0, 'displayValue': '10', 'period': 2}
 {'value': 0.0, 'displayValue': '0', 'period': 3}
 {'value': 0.0, 'displayValue': '0', 'period': 4}]","[{'name': 'overall', 'abbreviation': 'Game', 'type': 'total', 'summary': '3-1'}
 {'name': 'Home', 'abbreviation': None, 'type': 'home', 'summary': '3-0'}
 {'name': 'Road', 'abbreviation': None, 'type': 'road', 'summary': '0-1'}
 {'name': 'vs. Conf.', 'abbreviation': None, 'type': 'vsconf', 'summary': '1-1'}]",238,s:20~l:23~t:238,Vanderbilt,Commodores,VAN,Vanderbilt Commodores,Vanderbilt,000000,cfae70,True,3973,https://a.espncdn.com/i/teamlogos/ncaa/500/238.png,8,7,False,99,"[{'value': 0.0, 'displayValue': '0', 'period': 1}
 {'value': 7.0, 'displayValue': '7', 'period': 2}
 {'value': 0.0, 'displayValue': '0', 'period': 3}
 {'value': 0.0, 'displayValue': '0', 'period': 4}]","[{'name': 'overall', 'abbreviation': 'Game', 'type': 'total', 'summary': '1-4'}
 {'name': 'Home', 'abbreviation': None, 'type': 'home', 'summary': '1-3'}
 {'name': 'Road', 'abbreviation': None, 'type': 'road', 'summary': '0-1'}
 {'name': 'vs. Conf.', 'abbreviation': None, 'type': 'vsconf', 'summary': '0-3'}]",400548383,2014,2,5,8,Southeastern Conference,SEC,True,
400557415,s:20~l:23~e:400557415~c:400557415,2014-09-27T16:00Z,14498,True,False,False,False,True,False,2014-09-27T16:00Z,,[],,,,,1,STD,4418,Jerry Richardson Stadium,Charlotte,NC,USA,False,0.0,0:00,5,3,STATUS_FINAL,post,True,Final,Final/OT,Final/OT,4,2429,s:20~l:23~t:2429,Charlotte,49ers,CHAR,Charlotte 49ers,Charlotte,005035,a49665,True,4418,https://a.espncdn.com/i/teamlogos/ncaa/500/2429.png,32,41,False,99,"[{'value': 7.0, 'displayValue': '7', 'period': 1}
 {'value': 10.0, 'displayValue': '10', 'period': 2}
 {'value': 10.0, 'displayValue': '10', 'period': 3}
 {'value': 14.0, 'displayValue': '14', 'period': 4}
 {'value': 0.0, 'displayValue': '0', 'period': 5}]","[{'name': 'overall', 'abbreviation': 'Game', 'type': 'total', 'summary': '3-2'}
 {'name': 'Home', 'abbreviation': None, 'type': 'home', 'summary': '1-1'}
 {'name': 'Road', 'abbreviation': None, 'type': 'road', 'summary': '2-1'}
 {'name': 'vs. Conf.', 'abbreviation': None, 'type': 'vsconf', 'summary': '0-0'}]",2127,s:20~l:23~t:2127,Charleston Southern,Buccaneers,CHSO,Charleston Southern Buccaneers,Charleston So,2e3192,ded090,True,3658,https://a.espncdn.com/i/teamlogos/ncaa/500/2127.png,40,47,True,99,"[{'value': 21.0, 'displayValue': '21', 'period': 1}
 {'value': 7.0, 'displayValue': '7', 'period': 2}
 {'value': 6.0, 'displayValue': '6', 'period': 3}
 {'value': 7.0, 'displayValue': '7', 'period': 4}
 {'value': 6.0, 'displayValue': '6', 'period': 5}]","[{'name': 'overall', 'abbreviation': 'Game', 'type': 'total', 'summary': '5-0'}
 {'name': 'Home', 'abbreviation': None, 'type': 'home', 'summary': '4-0'}
 {'name': 'Road', 'abbreviation': None, 'type': 'road', 'summary': '1-0'}
 {'name': 'vs. Conf.', 'abbreviation': None, 'type': 'vsconf', 'summary': '0-0'}]",400557415,2014,2,5,,,,,OT
400547732,s:20~l:23~e:400547732~c:400547732,2014-09-27T16:30Z,33632,True,False,False,False,True,False,2014-09-27T16:30Z,ESPN3,[],,,national,ESPN3,1,STD,3615,"Alumni Stadium (Chestnut Hill, MA)",Chestnut Hill,MA,USA,False,0.0,0:00,4,3,STATUS_FINAL,post,True,Final,Final,Final,4,103,s:20~l:23~t:103,Boston College,Eagles,BC,Boston College Eagles,Boston College,8c2232,dbcca6,True,3615,https://a.espncdn.com/i/teamlogos/ncaa/500/103.png,1,21,False,99,"[{'value': 0.0, 'displayValue': '0', 'period': 1}
 {'value': 14.0, 'displayValue': '14', 'period': 2}
 {'value': 7.0, 'displayValue': '7', 'period': 3}
 {'value': 0.0, 'displayValue': '0', 'period': 4}]","[{'name': 'overall', 'abbreviation': 'Game', 'type': 'total', 'summary': '3-2'}
 {'name': 'Home', 'abbreviation': None, 'type': 'home', 'summary': '2-2'}
 {'name': 'Road', 'abbreviation': None, 'type': 'road', 'summary': '1-0'}
 {'name': 'vs. Conf.', 'abbreviation': None, 'type': 'vsconf', 'summary': '0-1'}]",36,s:20~l:23~t:36,Colorado State,Rams,CSU,Colorado State Rams,Colorado State,004c23,c8c372,True,3761,https://a.espncdn.com/i/teamlogos/ncaa/500/36.png,17,24,True,99,"[{'value': 0.0, 'displayValue': '0', 'period': 1}
 {'value': 7.0, 'displayValue': '7', 'period': 2}
 {'value': 7.0, 'displayValue': '7', 'period': 3}
 {'value': 10.0, 'displayValue': '10', 'period': 4}]","[{'name': 'overall', 'abbreviation': 'Game', 'type': 'total', 'summary': '3-1'}
 {'name': 'Home', 'abbreviation': None, 'type': 'home', 'summary': '1-0'}
 {'name': 'Road', 'abbreviation': None, 'type': 'road', 'summary': '1-1'}
 {'name': 'vs. Conf.', 'abbreviation': None, 'type': 'vsconf', 'summary': '0-1'}]",400547732,2014,2,5,,,,,
400547827,s:20~l:23~e:400547827~c:400547827,2014-09-27T16:30Z,59625,True,False,False,False,True,False,2014-09-27T16:30Z,ESPN3,[],,,national,ESPN3,1,STD,3799,Lane Stadium,Blacksburg,VA,USA,False,0.0,0:00,4,3,STATUS_FINAL,post,True,Final,Final,Final,4,259,s:20~l:23~t:259,Virginia Tech,Hokies,VT,Virginia Tech Hokies,Virginia Tech,6a2c3e,cf4520,True,3799,https://a.espncdn.com/i/teamlogos/ncaa/500/259.png,1,35,True,99,"[{'value': 18.0, 'displayValue': '18', 'period': 1}
 {'value': 0.0, 'displayValue': '0', 'period': 2}
 {'value': 14.0, 'displayValue': '14', 'period': 3}
 {'value': 3.0, 'displayValue': '3', 'period': 4}]","[{'name': 'overall', 'abbreviation': 'Game', 'type': 'total', 'summary': '3-2'}
 {'name': 'Home', 'abbreviation': None, 'type': 'home', 'summary': '2-2'}
 {'name': 'Road', 'abbreviation': None, 'type': 'road', 'summary': '1-0'}
 {'name': 'vs. Conf.', 'abbreviation': None, 'type': 'vsconf', 'summary': '0-1'}]",2711,s:20~l:23~t:2711,Western Michigan,Broncos,WMU,Western Michigan Broncos,W Michigan,532e1f,f1c500,True,3980,https://a.espncdn.com/i/teamlogos/ncaa/500/2711.png,15,17,False,99,"[{'value': 7.0, 'displayValue': '7', 'period': 1}
 {'value': 3.0, 'displayValue': '3', 'period': 2}
 {'value': 0.0, 'displayValue': '0', 'period': 3}
 {'value': 7.0, 'displayValue': '7', 'period': 4}]","[{'name': 'overall', 'abbreviation': 'Game', 'type': 'total', 'summary': '2-2'}
 {'name': 'Home', 'abbreviation': None, 'type': 'home', 'summary': '1-0'}
 {'name': 'Road', 'abbreviation': None, 'type': 'road', 'summary': '1-2'}
 {'name': 'vs. Conf.', 'abbreviation': None, 'type': 'vsconf', 'summary': '0-0'}]",400547827,2014,2,5,,,,,
400548459,s:20~l:23~e:400548459~c:400548459,2014-09-27T17:00Z,34142,True,False,False,False,True,False,2014-09-27T17:00Z,,[],,,,,1,STD,3997,Yale Bowl,New Haven,CT,USA,False,0.0,0:00,5,3,STATUS_FINAL,post,True,Final,Final/OT,Final/OT,4,43,s:20~l:23~t:43,Yale,Bulldogs,YALE,Yale Bulldogs,Yale,004a81,286dc0,True,3997,https://a.espncdn.com/i/teamlogos/ncaa/500/43.png,22,49,True,99,"[{'value': 7.0, 'displayValue': '7', 'period': 1}
 {'value': 7.0, 'displayValue': '7', 'period': 2}
 {'value': 22.0, 'displayValue': '22', 'period': 3}
 {'value': 7.0, 'displayValue': '7', 'period': 4}
 {'value': 6.0, 'displayValue': '6', 'period': 5}]","[{'name': 'overall', 'abbreviation': 'Game', 'type': 'total', 'summary': '2-0'}
 {'name': 'Home', 'abbreviation': None, 'type': 'home', 'summary': '2-0'}
 {'name': 'Road', 'abbreviation': None, 'type': 'road', 'summary': '0-0'}
 {'name': 'vs. Conf.', 'abbreviation': None, 'type': 'vsconf', 'summary': '0-0'}]",349,s:20~l:23~t:349,Army,Black Knights,ARMY,Army Black Knights,Army,000000,d3bc8d,True,3841,https://a.espncdn.com/i/teamlogos/ncaa/500/349.png,18,43,False,99,"[{'value': 7.0, 'displayValue': '7', 'period': 1}
 {'value': 14.0, 'displayValue': '14', 'period': 2}
 {'value': 15.0, 'displayValue': '15', 'period': 3}
 {'value': 7.0, 'displayValue': '7', 'period': 4}
 {'value': 0.0, 'displayValue': '0', 'period': 5}]","[{'name': 'overall', 'abbreviation': 'Game', 'type': 'total', 'summary': '1-3'}
 {'name': 'Home', 'abbreviation': None, 'type': 'home', 'summary': '1-0'}
 {'name': 'Road', 'abbreviation': None, 'type': 'road', 'summary': '0-3'}
 {'name': 'vs. Conf.', 'abbreviation': None, 'type': 'vsconf', 'summary': '0-0'}]",400548459,2014,2,5,,,,,OT
400547811,s:20~l:23~e:400547811~c:400547811,2014-09-27T17:30Z,40059,True,False,False,False,True,False,2014-09-27T17:30Z,ESPN3,[],,,national,ESPN3,1,STD,3752,Acrisure Stadium,Pittsburgh,PA,USA,False,0.0,0:00,4,3,STATUS_FINAL,post,True,Final,Final,Final,4,221,s:20~l:23~t:221,Pittsburgh,Panthers,PITT,Pittsburgh Panthers,Pitt,003594,ffb81c,True,3752,https://a.espncdn.com/i/teamlogos/ncaa/500/221.png,1,10,False,99,"[{'value': 0.0, 'displayValue': '0', 'period': 1}
 {'value': 7.0, 'displayValue': '7', 'period': 2}
 {'value': 3.0, 'displayValue': '3', 'period': 3}
 {'value': 0.0, 'displayValue': '0', 'period': 4}]","[{'name': 'overall', 'abbreviation': 'Game', 'type': 'total', 'summary': '3-2'}
 {'name': 'Home', 'abbreviation': None, 'type': 'home', 'summary': '1-2'}
 {'name': 'Road', 'abbreviation': None, 'type': 'road', 'summary': '2-0'}
 {'name': 'vs. Conf.', 'abbreviation': None, 'type': 'vsconf', 'summary': '1-0'}]",2006,s:20~l:23~t:2006,Akron,Zips,AKR,Akron Zips,Akron,041e42,c5b783,True,3768,https://a.espncdn.com/i/teamlogos/ncaa/500/2006.png,15,21,True,99,"[{'value': 0.0, 'displayValue': '0', 'period': 1}
 {'value': 7.0, 'displayValue': '7', 'period': 2}
 {'value': 7.0, 'displayValue': '7', 'period': 3}
 {'value': 7.0, 'displayValue': '7', 'period': 4}]","[{'name': 'overall', 'abbreviation': 'Game', 'type': 'total', 'summary': '2-2'}
 {'name': 'Home', 'abbreviation': None, 'type': 'home', 'summary': '1-1'}
 {'name': 'Road', 'abbreviation': None, 'type': 'road', 'summary': '1-1'}
 {'name': 'vs. Conf.', 'abbreviation': None, 'type': 'vsconf', 'summary': '0-0'}]",400547811,2014,2,5,,,,,
400547919,s:20~l:23~e:400547919~c:400547919,2014-09-27T17:30Z,44313,True,False,False,True,False,False,2014-09-27T17:30Z,BTN,[],,,national,BTN,1,STD,3830,"Memorial Stadium (Bloomington, IN)",Bloomington,IN,USA,False,0.0,0:00,4,3,STATUS_FINAL,post,True,Final,Final,Final,4,84,s:20~l:23~t:84,Indiana,Hoosiers,IND,Indiana Hoosiers,Indiana,970310,ffffff,True,3830,https://a.espncdn.com/i/teamlogos/ncaa/500/84.png,5,15,False,99,"[{'value': 3.0, 'displayValue': '3', 'period': 1}
 {'value': 6.0, 'displayValue': '6', 'period': 2}
 {'value': 0.0, 'displayValue': '0', 'period': 3}
 {'value': 6.0, 'displayValue': '6', 'period': 4}]","[{'name': 'overall', 'abbreviation': 'Game', 'type': 'total', 'summary': '2-2'}
 {'name': 'Home', 'abbreviation': None, 'type': 'home', 'summary': '1-1'}
 {'name': 'Road', 'abbreviation': None, 'type': 'road', 'summary': '1-1'}
 {'name': 'vs. Conf.', 'abbreviation': None, 'type': 'vsconf', 'summary': '0-1'}]",120,s:20~l:23~t:120,Maryland,Terrapins,MD,Maryland Terrapins,Maryland,ce1126,ffffff,True,3665,https://a.espncdn.com/i/teamlogos/ncaa/500/120.png,5,37,True,99,"[{'value': 3.0, 'displayValue': '3', 'period': 1}
 {'value': 17.0, 'displayValue': '17', 'period': 2}
 {'value': 7.0, 'displayValue': '7', 'period': 3}
 {'value': 10.0, 'displayValue': '10', 'period': 4}]","[{'name': 'overall', 'abbreviation': 'Game', 'type': 'total', 'summary': '4-1'}
 {'name': 'Home', 'abbreviation': None, 'type': 'home', 'summary': '1-1'}
 {'name': 'Road', 'abbreviation': None, 'type': 'road', 'summary': '3-0'}
 {'name': 'vs. Conf.', 'abbreviation': None, 'type': 'vsconf', 'summary': '1-0'}]",400547919,2014,2,5,5,Big Ten Conference,Big Ten,True,
400548118,s:20~l:23~e:400548118~c:400548118,2014-09-27T18:00Z,23027,True,False,False,False,True,False,2014-09-27T18:00Z,ESPN3,[],,,national,ESPN3,1,STD,3876,Peden Stadium,Athens,OH,USA,False,0.0,0:00,4,3,STATUS_FINAL,post,True,Final,Final,Final,4,195,s:20~l:23~t:195,Ohio,Bobcats,OHIO,Ohio Bobcats,Ohio,154734,ffffff,True,3876,https://a.espncdn.com/i/teamlogos/ncaa/500/195.png,15,34,True,99,"[{'value': 14.0, 'displayValue': '14', 'period': 1}
 {'value': 10.0, 'displayValue': '10', 'period': 2}
 {'value': 10.0, 'displayValue': '10', 'period': 3}
 {'value': 0.0, 'displayValue': '0', 'period': 4}]","[{'name': 'overall', 'abbreviation': 'Game', 'type': 'total', 'summary': '3-2'}
 {'name': 'Home', 'abbreviation': None, 'type': 'home', 'summary': '2-0'}
 {'name': 'Road', 'abbreviation': None, 'type': 'road', 'summary': '1-2'}
 {'name': 'vs. Conf.', 'abbreviation': None, 'type': 'vsconf', 'summary': '1-0'}]",2197,s:20~l:23~t:2197,Eastern Illinois,Panthers,EIU,Eastern Illinois Panthers,E Illinois,000000,bebab9,True,3858,https://a.espncdn.com/i/teamlogos/ncaa/500/2197.png,26,19,False,99,"[{'value': 3.0, 'displayValue': '3', 'period': 1}
 {'value': 7.0, 'displayValue': '7', 'period': 2}
 {'value': 0.0, 'displayValue': '0', 'period': 3}
 {'value': 9.0, 'displayValue': '9', 'period': 4}]","[{'name': 'overall', 'abbreviation': 'Game', 'type': 'total', 'summary': '1-4'}
 {'name': 'Home', 'abbreviation': None, 'type': 'home', 'summary': '1-1'}
 {'name': 'Road', 'abbreviation': None, 'type': 'road', 'summary': '0-3'}
 {'name': 'vs. Conf.', 'abbreviation': None, 'type': 'vsconf', 'summary': '1-0'}]",400548118,2014,2,5,,,,,
400548116,s:20~l:23~e:400548116~c:400548116,2014-09-27T19:00Z,17000,True,False,False,True,True,False,2014-09-27T19:00Z,ESPN3,[],,,national,ESPN3,1,STD,3985,Warren McGuirk Alumni Stadium,Amherst,MA,USA,False,0.0,0:00,4,3,STATUS_FINAL,post,True,Final,Final,Final,4,113,s:20~l:23~t:113,Massachusetts,Minutemen,UMASS,Massachusetts Minutemen,UMass,881c1c,ffffff,True,3985,https://a.espncdn.com/i/teamlogos/ncaa/500/113.png,15,42,False,99,"[{'value': 7.0, 'displayValue': '7', 'period': 1}
 {'value': 14.0, 'displayValue': '14', 'period': 2}
 {'value': 14.0, 'displayValue': '14', 'period': 3}
 {'value': 7.0, 'displayValue': '7', 'period': 4}]","[{'name': 'overall', 'abbreviation': 'Game', 'type': 'total', 'summary': '0-5'}
 {'name': 'Home', 'abbreviation': None, 'type': 'home', 'summary': '0-3'}
 {'name': 'Road', 'abbreviation': None, 'type': 'road', 'summary': '0-2'}
 {'name': 'vs. Conf.', 'abbreviation': None, 'type': 'vsconf', 'summary': '0-1'}]",189,s:20~l:23~t:189,Bowling Green,Falcons,BGSU,Bowling Green Falcons,Bowling Green,fd5000,4f2c1d,True,3700,https://a.espncdn.com/i/teamlogos/ncaa/500/189.png,15,47,True,99,"[{'value': 10.0, 'displayValue': '10', 'period': 1}
 {'value': 16.0, 'displayValue': '16', 'period': 2}
 {'value': 7.0, 'displayValue': '7', 'period': 3}
 {'value': 14.0, 'displayValue': '14', 'period': 4}]","[{'name': 'overall', 'abbreviation': 'Game', 'type': 'total', 'summary': '3-2'}
 {'name': 'Home', 'abbreviation': None, 'type': 'home', 'summary': '2-0'}
 {'name': 'Road', 'abbreviation': None, 'type': 'road', 'summary': '1-2'}
 {'name': 'vs. Conf.', 'abbreviation': None, 'type': 'vsconf', 'summary': '1-0'}]",400548116,2014,2,5,15,Mid-American Conference,MAC,True,
400557417,s:20~l:23~e:400557417~c:400557417,2014-09-27T19:00Z,7315,True,False,False,False,True,False,2014-09-27T19:00Z,ESPN3,[],,,national,ESPN3,1,STD,3829,"Memorial Stadium (Terre Haute, IN)",Terre Haute,IN,USA,False,0.0,0:00,4,3,STATUS_FINAL,post,True,Final,Final,Final,4,282,s:20~l:23~t:282,Indiana State,Sycamores,INST,Indiana State Sycamores,Indiana State,00669a,f0f0f0,True,3829,https://a.espncdn.com/i/teamlogos/ncaa/500/282.png,21,38,True,99,"[{'value': 3.0, 'displayValue': '3', 'period': 1}
 {'value': 21.0, 'displayValue': '21', 'period': 2}
 {'value': 0.0, 'displayValue': '0', 'period': 3}
 {'value': 14.0, 'displayValue': '14', 'period': 4}]","[{'name': 'overall', 'abbreviation': 'Game', 'type': 'total', 'summary': '3-1'}
 {'name': 'Home', 'abbreviation': None, 'type': 'home', 'summary': '2-0'}
 {'name': 'Road', 'abbreviation': None, 'type': 'road', 'summary': '1-1'}
 {'name': 'vs. Conf.', 'abbreviation': None, 'type': 'vsconf', 'summary': '0-0'}]",2335,s:20~l:23~t:2335,Liberty,Flames,LIB,Liberty Flames,Liberty,0a254e,b72025,True,3992,https://a.espncdn.com/i/teamlogos/ncaa/500/2335.png,40,19,False,99,"[{'value': 3.0, 'displayValue': '3', 'period': 1}
 {'value': 10.0, 'displayValue': '10', 'period': 2}
 {'value': 0.0, 'displayValue': '0', 'period': 3}
 {'value': 6.0, 'displayValue': '6', 'period': 4}]","[{'name': 'overall', 'abbreviation': 'Game', 'type': 'total', 'summary': '3-2'}
 {'name': 'Home', 'abbreviation': None, 'type': 'home', 'summary': '2-0'}
 {'name': 'Road', 'abbreviation': None, 'type': 'road', 'summary': '1-2'}
 {'name': 'vs. Conf.', 'abbreviation': None, 'type': 'vsconf', 'summary': '0-0'}]",400557417,2014,2,5,,,,,
400547823,s:20~l:23~e:400547823~c:400547823,2014-09-27T19:30Z,33526,True,False,False,False,True,False,2014-09-27T19:30Z,ESPN3,[],,,national,ESPN3,1,STD,3923,Scott Stadium,Charlottesville,VA,USA,False,0.0,0:00,4,3,STATUS_FINAL,post,True,Final,Final,Final,4,258,s:20~l:23~t:258,Virginia,Cavaliers,UVA,Virginia Cavaliers,UVA,232d4b,f84c1e,True,3923,https://a.espncdn.com/i/teamlogos/ncaa/500/258.png,1,45,True,99,"[{'value': 7.0, 'displayValue': '7', 'period': 1}
 {'value': 7.0, 'displayValue': '7', 'period': 2}
 {'value': 17.0, 'displayValue': '17', 'period': 3}
 {'value': 14.0, 'displayValue': '14', 'period': 4}]","[{'name': 'overall', 'abbreviation': 'Game', 'type': 'total', 'summary': '3-2'}
 {'name': 'Home', 'abbreviation': None, 'type': 'home', 'summary': '3-1'}
 {'name': 'Road', 'abbreviation': None, 'type': 'road', 'summary': '0-1'}
 {'name': 'vs. Conf.', 'abbreviation': None, 'type': 'vsconf', 'summary': '1-0'}]",2309,s:20~l:23~t:2309,Kent State,Golden Flashes,KENT,Kent State Golden Flashes,Kent State,002664,eaab00,True,3696,https://a.espncdn.com/i/teamlogos/ncaa/500/2309.png,15,13,False,99,"[{'value': 10.0, 'displayValue': '10', 'period': 1}
 {'value': 0.0, 'displayValue': '0', 'period': 2}
 {'value': 0.0, 'displayValue': '0', 'period': 3}
 {'value': 3.0, 'displayValue': '3', 'period': 4}]","[{'name': 'overall', 'abbreviation': 'Game', 'type': 'total', 'summary': '0-4'}
 {'name': 'Home', 'abbreviation': None, 'type': 'home', 'summary': '0-2'}
 {'name': 'Road', 'abbreviation': None, 'type': 'road', 'summary': '0-2'}
 {'name': 'vs. Conf.', 'abbreviation': None, 'type': 'vsconf', 'summary': '0-1'}]",400547823,2014,2,5,,,,,
400547833,s:20~l:23~e:400547833~c:400547833,2014-09-27T19:30Z,51463,True,False,False,True,True,False,2014-09-27T19:30Z,ESPNU,[],,,national,ESPNU,1,STD,3873,L&N Federal Credit Union Stadium,Louisville,KY,USA,False,0.0,0:00,4,3,STATUS_FINAL,post,True,Final,Final,Final,4,97,s:20~l:23~t:97,Louisville,Cardinals,LOU,Louisville Cardinals,Louisville,c9001f,ffffff,True,3873,https://a.espncdn.com/i/teamlogos/ncaa/500/97.png,1,20,True,99,"[{'value': 0.0, 'displayValue': '0', 'period': 1}
 {'value': 7.0, 'displayValue': '7', 'period': 2}
 {'value': 0.0, 'displayValue': '0', 'period': 3}
 {'value': 13.0, 'displayValue': '13', 'period': 4}]","[{'name': 'overall', 'abbreviation': 'Game', 'type': 'total', 'summary': '4-1'}
 {'name': 'Home', 'abbreviation': None, 'type': 'home', 'summary': '3-0'}
 {'name': 'Road', 'abbreviation': None, 'type': 'road', 'summary': '1-1'}
 {'name': 'vs. Conf.', 'abbreviation': None, 'type': 'vsconf', 'summary': '2-1'}]",154,s:20~l:23~t:154,Wake Forest,Demon Deacons,WAKE,Wake Forest Demon Deacons,Wake Forest,ceb888,2c2a29,True,3630,https://a.espncdn.com/i/teamlogos/ncaa/500/154.png,1,10,False,99,"[{'value': 3.0, 'displayValue': '3', 'period': 1}
 {'value': 0.0, 'displayValue': '0', 'period': 2}
 {'value': 7.0, 'displayValue': '7', 'period': 3}
 {'value': 0.0, 'displayValue': '0', 'period': 4}]","[{'name': 'overall', 'abbreviation': 'Game', 'type': 'total', 'summary': '2-3'}
 {'name': 'Home', 'abbreviation': None, 'type': 'home', 'summary': '2-0'}
 {'name': 'Road', 'abbreviation': None, 'type': 'road', 'summary': '0-3'}
 {'name': 'vs. Conf.', 'abbreviation': None, 'type': 'vsconf', 'summary': '0-1'}]",400547833,2014,2,5,1,Atlantic Coast Conference,ACC,True,
400547947,s:20~l:23~e:400547947~c:400547947,2014-09-27T19:30Z,102926,True,False,False,True,True,False,2014-09-27T19:30Z,ABC/ESPN2,[],,,national,ABC,1,STD,3558,Michigan Stadium,Ann Arbor,MI,USA,False,0.0,0:00,4,3,STATUS_FINAL,post,True,Final,Final,Final,4,130,s:20~l:23~t:130,Michigan,Wolverines,MICH,Michigan Wolverines,Michigan,00274c,ffcb05,True,3558,https://a.espncdn.com/i/teamlogos/ncaa/500/130.png,5,14,False,99,"[{'value': 0.0, 'displayValue': '0', 'period': 1}
 {'value': 7.0, 'displayValue': '7', 'period': 2}
 {'value': 0.0, 'displayValue': '0', 'period': 3}
 {'value': 7.0, 'displayValue': '7', 'period': 4}]","[{'name': 'overall', 'abbreviation': 'Game', 'type': 'total', 'summary': '2-3'}
 {'name': 'Home', 'abbreviation': None, 'type': 'home', 'summary': '2-2'}
 {'name': 'Road', 'abbreviation': None, 'type': 'road', 'summary': '0-1'}
 {'name': 'vs. Conf.', 'abbreviation': None, 'type': 'vsconf', 'summary': '0-1'}]",135,s:20~l:23~t:135,Minnesota,Golden Gophers,MINN,Minnesota Golden Gophers,Minnesota,5e0a2f,fab41c,True,3953,https://a.espncdn.com/i/teamlogos/ncaa/500/135.png,5,30,True,99,"[{'value': 0.0, 'displayValue': '0', 'period': 1}
 {'value': 10.0, 'displayValue': '10', 'period': 2}
 {'value': 17.0, 'displayValue': '17', 'period': 3}
 {'value': 3.0, 'displayValue': '3', 'period': 4}]","[{'name': 'overall', 'abbreviation': 'Game', 'type': 'total', 'summary': '4-1'}
 {'name': 'Home', 'abbreviation': None, 'type': 'home', 'summary': '3-0'}
 {'name': 'Road', 'abbreviation': None, 'type': 'road', 'summary': '1-1'}
 {'name': 'vs. Conf.', 'abbreviation': None, 'type': 'vsconf', 'summary': '1-0'}]",400547947,2014,2,5,5,Big Ten Conference,Big Ten,True,
400548033,s:20~l:23~e:400548033~c:400548033,2014-09-27T19:30Z,16133,True,False,False,True,True,False,2014-09-27T19:30Z,,[],,,,,1,STD,3803,Legion Field (AL),Birmingham,AL,USA,False,0.0,0:00,4,3,STATUS_FINAL,post,True,Final,Final,Final,4,5,s:20~l:23~t:5,UAB,Blazers,UAB,UAB Blazers,UAB,1a5632,fdb913,True,3803,https://a.espncdn.com/i/teamlogos/ncaa/500/5.png,12,20,False,99,"[{'value': 7.0, 'displayValue': '7', 'period': 1}
 {'value': 6.0, 'displayValue': '6', 'period': 2}
 {'value': 0.0, 'displayValue': '0', 'period': 3}
 {'value': 7.0, 'displayValue': '7', 'period': 4}]","[{'name': 'overall', 'abbreviation': 'Game', 'type': 'total', 'summary': '2-2'}
 {'name': 'Home', 'abbreviation': None, 'type': 'home', 'summary': '2-1'}
 {'name': 'Road', 'abbreviation': None, 'type': 'road', 'summary': '0-1'}
 {'name': 'vs. Conf.', 'abbreviation': None, 'type': 'vsconf', 'summary': '0-1'}]",2229,s:20~l:23~t:2229,Florida Intl,Golden Panthers,FIU,Florida Intl Golden Panthers,FIU,091f3f,c3993f,False,218,https://a.espncdn.com/i/teamlogos/ncaa/500/2229.png,12,34,True,99,"[{'value': 0.0, 'displayValue': '0', 'period': 1}
 {'value': 14.0, 'displayValue': '14', 'period': 2}
 {'value': 10.0, 'displayValue': '10', 'period': 3}
 {'value': 10.0, 'displayValue': '10', 'period': 4}]","[{'name': 'overall', 'abbreviation': 'Game', 'type': 'total', 'summary': '2-3'}
 {'name': 'Home', 'abbreviation': None, 'type': 'home', 'summary': '1-3'}
 {'name': 'Road', 'abbreviation': None, 'type': 'road', 'summary': '1-0'}
 {'name': 'vs. Conf.', 'abbreviation': None, 'type': 'vsconf', 'summary': '1-0'}]",400548033,2014,2,5,12,Conference USA,CUSA,True,
400548038,s:20~l:23~e:400548038~c:400548038,2014-09-27T19:30Z,30537,True,False,False,False,True,False,2014-09-27T19:30Z,CBSSN,[],,,national,CBSSN,1,STD,3852,Navy-Marine Corps Memorial Stadium,Annapolis,MD,USA,False,0.0,0:00,4,3,STATUS_FINAL,post,True,Final,Final,Final,4,2426,s:20~l:23~t:2426,Navy,Midshipmen,NAVY,Navy Midshipmen,Navy,00225b,b5a67c,True,3852,https://a.espncdn.com/i/teamlogos/ncaa/500/2426.png,18,27,False,99,"[{'value': 7.0, 'displayValue': '7', 'period': 1}
 {'value': 7.0, 'displayValue': '7', 'period': 2}
 {'value': 7.0, 'displayValue': '7', 'period': 3}
 {'value': 6.0, 'displayValue': '6', 'period': 4}]","[{'name': 'overall', 'abbreviation': 'Game', 'type': 'total', 'summary': '2-3'}
 {'name': 'Home', 'abbreviation': None, 'type': 'home', 'summary': '0-3'}
 {'name': 'Road', 'abbreviation': None, 'type': 'road', 'summary': '2-0'}
 {'name': 'vs. Conf.', 'abbreviation': None, 'type': 'vsconf', 'summary': '0-0'}]",98,s:20~l:23~t:98,Western Kentucky,Hilltoppers,WKU,Western Kentucky Hilltoppers,W Kentucky,e13a3e,ffffff,True,3796,https://a.espncdn.com/i/teamlogos/ncaa/500/98.png,12,36,True,99,"[{'value': 3.0, 'displayValue': '3', 'period': 1}
 {'value': 10.0, 'displayValue': '10', 'period': 2}
 {'value': 9.0, 'displayValue': '9', 'period': 3}
 {'value': 14.0, 'displayValue': '14', 'period': 4}]","[{'name': 'overall', 'abbreviation': 'Game', 'type': 'total', 'summary': '2-2'}
 {'name': 'Home', 'abbreviation': None, 'type': 'home', 'summary': '1-0'}
 {'name': 'Road', 'abbreviation': None, 'type': 'road', 'summary': '1-2'}
 {'name': 'vs. Conf.', 'abbreviation': None, 'type': 'vsconf', 'summary': '0-1'}]",400548038,2014,2,5,,,,,
400548119,s:20~l:23~e:400548119~c:400548119,2014-09-27T19:30Z,20841,True,False,False,True,True,False,2014-09-27T19:30Z,ESPN3,[],,,national,ESPN3,1,STD,3965,Broadview Stadium,Buffalo,NY,USA,False,0.0,0:00,4,3,STATUS_FINAL,post,True,Final,Final,Final,4,2084,s:20~l:23~t:2084,Buffalo,Bulls,BUFF,Buffalo Bulls,Buffalo,005bbb,ffffff,True,3965,https://a.espncdn.com/i/teamlogos/ncaa/500/2084.png,15,35,True,99,"[{'value': 14.0, 'displayValue': '14', 'period': 1}
 {'value': 0.0, 'displayValue': '0', 'period': 2}
 {'value': 12.0, 'displayValue': '12', 'period': 3}
 {'value': 9.0, 'displayValue': '9', 'period': 4}]","[{'name': 'overall', 'abbreviation': 'Game', 'type': 'total', 'summary': '3-2'}
 {'name': 'Home', 'abbreviation': None, 'type': 'home', 'summary': '3-1'}
 {'name': 'Road', 'abbreviation': None, 'type': 'road', 'summary': '0-1'}
 {'name': 'vs. Conf.', 'abbreviation': None, 'type': 'vsconf', 'summary': '1-0'}]",193,s:20~l:23~t:193,Miami (OH),RedHawks,M-OH,Miami (OH) RedHawks,Miami (OH),c41230,ffffff,True,3996,https://a.espncdn.com/i/teamlogos/ncaa/500/193.png,15,27,False,99,"[{'value': 7.0, 'displayValue': '7', 'period': 1}
 {'value': 7.0, 'displayValue': '7', 'period': 2}
 {'value': 7.0, 'displayValue': '7', 'period': 3}
 {'value': 6.0, 'displayValue': '6', 'period': 4}]","[{'name': 'overall', 'abbreviation': 'Game', 'type': 'total', 'summary': '0-5'}
 {'name': 'Home', 'abbreviation': None, 'type': 'home', 'summary': '0-2'}
 {'name': 'Road', 'abbreviation': None, 'type': 'road', 'summary': '0-3'}
 {'name': 'vs. Conf.', 'abbreviation': None, 'type': 'vsconf', 'summary': '0-1'}]",400548119,2014,2,5,15,Mid-American Conference,MAC,True,
400547675,s:20~l:23~e:400547675~c:400547675,2014-09-27T20:00Z,27755,True,False,False,True,True,False,2014-09-27T20:00Z,ESPNEWS,[],,,national,ESPNEWS,1,STD,3892,Pratt & Whitney Stadium,East Hartford,CT,USA,False,0.0,0:00,4,3,STATUS_FINAL,post,True,Final,Final,Final,4,41,s:20~l:23~t:41,Connecticut,Huskies,CONN,Connecticut Huskies,UConn,0c2340,a2aaad,False,3892,https://a.espncdn.com/i/teamlogos/ncaa/500/41.png,151,10,False,99,"[{'value': 0.0, 'displayValue': '0', 'period': 1}
 {'value': 3.0, 'displayValue': '3', 'period': 2}
 {'value': 7.0, 'displayValue': '7', 'period': 3}
 {'value': 0.0, 'displayValue': '0', 'period': 4}]","[{'name': 'overall', 'abbreviation': 'Game', 'type': 'total', 'summary': '1-4'}
 {'name': 'Home', 'abbreviation': None, 'type': 'home', 'summary': '1-3'}
 {'name': 'Road', 'abbreviation': None, 'type': 'road', 'summary': '0-1'}
 {'name': 'vs. Conf.', 'abbreviation': None, 'type': 'vsconf', 'summary': '0-2'}]",218,s:20~l:23~t:218,Temple,Owls,TEM,Temple Owls,Temple,a41e35,ffffff,True,3806,https://a.espncdn.com/i/teamlogos/ncaa/500/218.png,151,36,True,99,"[{'value': 7.0, 'displayValue': '7', 'period': 1}
 {'value': 0.0, 'displayValue': '0', 'period': 2}
 {'value': 23.0, 'displayValue': '23', 'period': 3}
 {'value': 6.0, 'displayValue': '6', 'period': 4}]","[{'name': 'overall', 'abbreviation': 'Game', 'type': 'total', 'summary': '3-1'}
 {'name': 'Home', 'abbreviation': None, 'type': 'home', 'summary': '1-1'}
 {'name': 'Road', 'abbreviation': None, 'type': 'road', 'summary': '2-0'}
 {'name': 'vs. Conf.', 'abbreviation': None, 'type': 'vsconf', 'summary': '1-0'}]",400547675,2014,2,5,151,American Conference,American,True,
400548271,s:20~l:23~e:400548271~c:400548271,2014-09-27T20:00Z,39821,True,False,False,True,True,False,2014-09-27T20:00Z,PACN,[],,,national,PACN,1,STD,3831,California Memorial Stadium,Berkeley,CA,USA,False,0.0,0:00,6,3,STATUS_FINAL,post,True,Final,Final/2OT,Final/2OT,4,25,s:20~l:23~t:25,California,Golden Bears,CAL,California Golden Bears,California,041e42,ffc72c,True,3831,https://a.espncdn.com/i/teamlogos/ncaa/500/25.png,9,59,True,99,"[{'value': 7.0, 'displayValue': '7', 'period': 1}
 {'value': 7.0, 'displayValue': '7', 'period': 2}
 {'value': 21.0, 'displayValue': '21', 'period': 3}
 {'value': 14.0, 'displayValue': '14', 'period': 4}
 {'value': 7.0, 'displayValue': '7', 'period': 5}
 {'value': 3.0, 'displayValue': '3', 'period': 6}]","[{'name': 'overall', 'abbreviation': 'Game', 'type': 'total', 'summary': '3-1'}
 {'name': 'Home', 'abbreviation': None, 'type': 'home', 'summary': '2-0'}
 {'name': 'Road', 'abbreviation': None, 'type': 'road', 'summary': '1-1'}
 {'name': 'vs. Conf.', 'abbreviation': None, 'type': 'vsconf', 'summary': '1-1'}]",38,s:20~l:23~t:38,Colorado,Buffaloes,COLO,Colorado Buffaloes,Colorado,cfb87c,000000,True,3726,https://a.espncdn.com/i/teamlogos/ncaa/500/38.png,9,56,False,99,"[{'value': 21.0, 'displayValue': '21', 'period': 1}
 {'value': 7.0, 'displayValue': '7', 'period': 2}
 {'value': 7.0, 'displayValue': '7', 'period': 3}
 {'value': 14.0, 'displayValue': '14', 'period': 4}
 {'value': 7.0, 'displayValue': '7', 'period': 5}
 {'value': 0.0, 'displayValue': '0', 'period': 6}]","[{'name': 'overall', 'abbreviation': 'Game', 'type': 'total', 'summary': '2-3'}
 {'name': 'Home', 'abbreviation': None, 'type': 'home', 'summary': '1-1'}
 {'name': 'Road', 'abbreviation': None, 'type': 'road', 'summary': '1-1'}
 {'name': 'vs. Conf.', 'abbreviation': None, 'type': 'vsconf', 'summary': '0-2'}]",400548271,2014,2,5,9,Pac-12 Conference,Pac-12,True,2OT
400558031,s:20~l:23~e:400558031~c:400558031,2014-09-27T20:00Z,20592,True,False,False,True,True,False,2014-09-27T20:00Z,,[],,,,,1,STD,3651,Bridgeforth Stadium,Harrisonburg,VA,USA,False,0.0,0:00,5,3,STATUS_FINAL,post,True,Final,Final/OT,Final/OT,4,256,s:20~l:23~t:256,James Madison,Dukes,JMU,James Madison Dukes,JMU,450084,cbb677,True,3651,https://a.espncdn.com/i/teamlogos/ncaa/500/256.png,48,23,False,99,"[{'value': 6.0, 'displayValue': '6', 'period': 1}
 {'value': 0.0, 'displayValue': '0', 'period': 2}
 {'value': 0.0, 'displayValue': '0', 'period': 3}
 {'value': 17.0, 'displayValue': '17', 'period': 4}
 {'value': 0.0, 'displayValue': '0', 'period': 5}]","[{'name': 'overall', 'abbreviation': 'Game', 'type': 'total', 'summary': '2-3'}
 {'name': 'Home', 'abbreviation': None, 'type': 'home', 'summary': '1-1'}
 {'name': 'Road', 'abbreviation': None, 'type': 'road', 'summary': '1-2'}
 {'name': 'vs. Conf.', 'abbreviation': None, 'type': 'vsconf', 'summary': '0-2'}]",48,s:20~l:23~t:48,Delaware,Blue Hens,DEL,Delaware Blue Hens,Delaware,00539f,ffd200,True,3695,https://a.espncdn.com/i/teamlogos/ncaa/500/48.png,48,30,True,99,"[{'value': 6.0, 'displayValue': '6', 'period': 1}
 {'value': 7.0, 'displayValue': '7', 'period': 2}
 {'value': 0.0, 'displayValue': '0', 'period': 3}
 {'value': 10.0, 'displayValue': '10', 'period': 4}
 {'value': 7.0, 'displayValue': '7', 'period': 5}]","[{'name': 'overall', 'abbreviation': 'Game', 'type': 'total', 'summary': '3-1'}
 {'name': 'Home', 'abbreviation': None, 'type': 'home', 'summary': '2-0'}
 {'name': 'Road', 'abbreviation': None, 'type': 'road', 'summary': '1-1'}
 {'name': 'vs. Conf.', 'abbreviation': None, 'type': 'vsconf', 'summary': '1-0'}]",400558031,2014,2,5,48,Coastal Athletic Association,CAA,True,OT
400553326,s:20~l:23~e:400553326~c:400553326,2014-09-27T20:05Z,7652,True,False,False,True,True,False,2014-09-27T20:05Z,,[],,,,,1,STD,1930,ICCU Dome,Pocatello,ID,USA,True,0.0,0:00,4,3,STATUS_FINAL,post,True,Final,Final,Final,4,304,s:20~l:23~t:304,Idaho State,Bengals,IDST,Idaho State Bengals,Idaho State,ef8c00,e9a126,True,1930,https://a.espncdn.com/i/teamlogos/ncaa/500/304.png,20,44,True,99,"[{'value': 3.0, 'displayValue': '3', 'period': 1}
 {'value': 21.0, 'displayValue': '21', 'period': 2}
 {'value': 6.0, 'displayValue': '6', 'period': 3}
 {'value': 14.0, 'displayValue': '14', 'period': 4}]","[{'name': 'overall', 'abbreviation': 'Game', 'type': 'total', 'summary': '2-2'}
 {'name': 'Home', 'abbreviation': None, 'type': 'home', 'summary': '2-0'}
 {'name': 'Road', 'abbreviation': None, 'type': 'road', 'summary': '0-2'}
 {'name': 'vs. Conf.', 'abbreviation': None, 'type': 'vsconf', 'summary': '1-0'}]",16,s:20~l:23~t:16,Sacramento State,Hornets,SAC,Sacramento State Hornets,Sacramento St,00573C,cdb97d,True,3757,https://a.espncdn.com/i/teamlogos/ncaa/500/16.png,20,24,False,99,"[{'value': 7.0, 'displayValue': '7', 'period': 1}
 {'value': 10.0, 'displayValue': '10', 'period': 2}
 {'value': 0.0, 'displayValue': '0', 'period': 3}
 {'value': 7.0, 'displayValue': '7', 'period': 4}]","[{'name': 'overall', 'abbreviation': 'Game', 'type': 'total', 'summary': '3-2'}
 {'name': 'Home', 'abbreviation': None, 'type': 'home', 'summary': '2-0'}
 {'name': 'Road', 'abbreviation': None, 'type': 'road', 'summary': '1-2'}
 {'name': 'vs. Conf.', 'abbreviation': None, 'type': 'vsconf', 'summary': '0-1'}]",400553326,2014,2,5,20,Big Sky Conference,Big Sky,True,
400547862,s:20~l:23~e:400547862~c:400547862,2014-09-27T20:10Z,36904,True,False,False,True,True,False,2014-09-27T20:10Z,FS1,[],,,national,FS1,1,STD,3833,David Booth Kansas Memorial Stadium,Lawrence,KS,USA,False,0.0,0:00,4,3,STATUS_FINAL,post,True,Final,Final,Final,4,2305,s:20~l:23~t:2305,Kansas,Jayhawks,KU,Kansas Jayhawks,Kansas,0051ba,e8000d,True,3833,https://a.espncdn.com/i/teamlogos/ncaa/500/2305.png,4,0,False,99,"[{'value': 0.0, 'displayValue': '0', 'period': 1}
 {'value': 0.0, 'displayValue': '0', 'period': 2}
 {'value': 0.0, 'displayValue': '0', 'period': 3}
 {'value': 0.0, 'displayValue': '0', 'period': 4}]","[{'name': 'overall', 'abbreviation': 'Game', 'type': 'total', 'summary': '2-2'}
 {'name': 'Home', 'abbreviation': None, 'type': 'home', 'summary': '2-1'}
 {'name': 'Road', 'abbreviation': None, 'type': 'road', 'summary': '0-1'}
 {'name': 'vs. Conf.', 'abbreviation': None, 'type': 'vsconf', 'summary': '0-1'}]",251,s:20~l:23~t:251,Texas,Longhorns,TEX,Texas Longhorns,Texas,af5c37,ffffff,True,3910,https://a.espncdn.com/i/teamlogos/ncaa/500/251.png,4,23,True,99,"[{'value': 6.0, 'displayValue': '6', 'period': 1}
 {'value': 7.0, 'displayValue': '7', 'period': 2}
 {'value': 0.0, 'displayValue': '0', 'period': 3}
 {'value': 10.0, 'displayValue': '10', 'period': 4}]","[{'name': 'overall', 'abbreviation': 'Game', 'type': 'total', 'summary': '2-2'}
 {'name': 'Home', 'abbreviation': None, 'type': 'home', 'summary': '1-1'}
 {'name': 'Road', 'abbreviation': None, 'type': 'road', 'summary': '1-0'}
 {'name': 'vs. Conf.', 'abbreviation': None, 'type': 'vsconf', 'summary': '1-0'}]",400547862,2014,2,5,4,Big 12 Conference,Big 12,True,
400548034,s:20~l:23~e:400548034~c:400548034,2014-09-27T21:00Z,13928,True,False,False,True,True,False,2014-09-27T21:00Z,,[],,,,,1,STD,3715,Flagler Credit Union Stadium,Boca Raton,FL,USA,False,0.0,0:00,4,3,STATUS_FINAL,post,True,Final,Final,Final,4,2226,s:20~l:23~t:2226,Florida Atlantic,Owls,FAU,Florida Atlantic Owls,FAU,003366,cc0000,True,3715,https://a.espncdn.com/i/teamlogos/ncaa/500/2226.png,12,41,True,99,"[{'value': 7.0, 'displayValue': '7', 'period': 1}
 {'value': 13.0, 'displayValue': '13', 'period': 2}
 {'value': 7.0, 'displayValue': '7', 'period': 3}
 {'value': 14.0, 'displayValue': '14', 'period': 4}]","[{'name': 'overall', 'abbreviation': 'Game', 'type': 'total', 'summary': '2-3'}
 {'name': 'Home', 'abbreviation': None, 'type': 'home', 'summary': '2-0'}
 {'name': 'Road', 'abbreviation': None, 'type': 'road', 'summary': '0-3'}
 {'name': 'vs. Conf.', 'abbreviation': None, 'type': 'vsconf', 'summary': '1-0'}]",2636,s:20~l:23~t:2636,UT San Antonio,Roadrunners,UTSA,UT San Antonio Roadrunners,UTSA,0c2340,f15a22,False,3604,https://a.espncdn.com/i/teamlogos/ncaa/500/2636.png,12,37,False,99,"[{'value': 10.0, 'displayValue': '10', 'period': 1}
 {'value': 14.0, 'displayValue': '14', 'period': 2}
 {'value': 7.0, 'displayValue': '7', 'period': 3}
 {'value': 6.0, 'displayValue': '6', 'period': 4}]","[{'name': 'overall', 'abbreviation': 'Game', 'type': 'total', 'summary': '1-3'}
 {'name': 'Home', 'abbreviation': None, 'type': 'home', 'summary': '0-1'}
 {'name': 'Road', 'abbreviation': None, 'type': 'road', 'summary': '1-2'}
 {'name': 'vs. Conf.', 'abbreviation': None, 'type': 'vsconf', 'summary': '0-1'}]",400548034,2014,2,5,12,Conference USA,CUSA,True,
400548416,s:20~l:23~e:400548416~c:400548416,2014-09-27T21:00Z,14887,True,False,False,True,False,False,2014-09-27T21:00Z,ESPN3,[],,,national,ESPN3,1,STD,3791,Kibbie Dome,Moscow,ID,USA,True,0.0,0:00,4,3,STATUS_FINAL,post,True,Final,Final,Final,4,70,s:20~l:23~t:70,Idaho,Vandals,IDHO,Idaho Vandals,Idaho,000000,8c6e4a,True,3791,https://a.espncdn.com/i/teamlogos/ncaa/500/70.png,37,10,False,99,"[{'value': 0.0, 'displayValue': '0', 'period': 1}
 {'value': 0.0, 'displayValue': '0', 'period': 2}
 {'value': 10.0, 'displayValue': '10', 'period': 3}
 {'value': 0.0, 'displayValue': '0', 'period': 4}]","[{'name': 'overall', 'abbreviation': 'Game', 'type': 'total', 'summary': '0-4'}
 {'name': 'Home', 'abbreviation': None, 'type': 'home', 'summary': '0-2'}
 {'name': 'Road', 'abbreviation': None, 'type': 'road', 'summary': '0-2'}
 {'name': 'vs. Conf.', 'abbreviation': None, 'type': 'vsconf', 'summary': '0-2'}]",6,s:20~l:23~t:6,South Alabama,Jaguars,USA,South Alabama Jaguars,South Alabama,00205b,bf0d3e,True,6526,https://a.espncdn.com/i/teamlogos/ncaa/500/6.png,37,34,True,99,"[{'value': 14.0, 'displayValue': '14', 'period': 1}
 {'value': 6.0, 'displayValue': '6', 'period': 2}
 {'value': 7.0, 'displayValue': '7', 'period': 3}
 {'value': 7.0, 'displayValue': '7', 'period': 4}]","[{'name': 'overall', 'abbreviation': 'Game', 'type': 'total', 'summary': '2-2'}
 {'name': 'Home', 'abbreviation': None, 'type': 'home', 'summary': '0-2'}
 {'name': 'Road', 'abbreviation': None, 'type': 'road', 'summary': '2-0'}
 {'name': 'vs. Conf.', 'abbreviation': None, 'type': 'vsconf', 'summary': '1-1'}]",400548416,2014,2,5,37,Sun Belt Conference,Sun Belt,True,
400547743,s:20~l:23~e:400547743~c:400547743,2014-09-27T23:00Z,79155,True,False,False,True,True,False,2014-09-27T23:00Z,ESPNU,[],,,national,ESPNU,1,STD,3836,"Memorial Stadium (Clemson, SC)",Clemson,SC,USA,False,0.0,0:00,4,3,STATUS_FINAL,post,True,Final,Final,Final,4,228,s:20~l:23~t:228,Clemson,Tigers,CLEM,Clemson Tigers,Clemson,f56600,ffffff,True,3836,https://a.espncdn.com/i/teamlogos/ncaa/500/228.png,1,50,True,99,"[{'value': 10.0, 'displayValue': '10', 'period': 1}
 {'value': 12.0, 'displayValue': '12', 'period': 2}
 {'value': 14.0, 'displayValue': '14', 'period': 3}
 {'value': 14.0, 'displayValue': '14', 'period': 4}]","[{'name': 'overall', 'abbreviation': 'Game', 'type': 'total', 'summary': '2-2'}
 {'name': 'Home', 'abbreviation': None, 'type': 'home', 'summary': '2-0'}
 {'name': 'Road', 'abbreviation': None, 'type': 'road', 'summary': '0-2'}
 {'name': 'vs. Conf.', 'abbreviation': None, 'type': 'vsconf', 'summary': '1-1'}]",153,s:20~l:23~t:153,North Carolina,Tar Heels,UNC,North Carolina Tar Heels,UNC,7bafd4,13294b,True,3787,https://a.espncdn.com/i/teamlogos/ncaa/500/153.png,1,35,False,99,"[{'value': 0.0, 'displayValue': '0', 'period': 1}
 {'value': 7.0, 'displayValue': '7', 'period': 2}
 {'value': 14.0, 'displayValue': '14', 'period': 3}
 {'value': 14.0, 'displayValue': '14', 'period': 4}]","[{'name': 'overall', 'abbreviation': 'Game', 'type': 'total', 'summary': '2-2'}
 {'name': 'Home', 'abbreviation': None, 'type': 'home', 'summary': '2-0'}
 {'name': 'Road', 'abbreviation': None, 'type': 'road', 'summary': '0-2'}
 {'name': 'vs. Conf.', 'abbreviation': None, 'type': 'vsconf', 'summary': '0-1'}]",400547743,2014,2,5,1,Atlantic Coast Conference,ACC,True,
400548037,s:20~l:23~e:400548037~c:400548037,2014-09-27T23:00Z,24756,True,False,False,True,True,False,2014-09-27T23:00Z,,[],,,,,1,STD,3815,M. M. Roberts Stadium,Hattiesburg,MS,USA,False,0.0,0:00,4,3,STATUS_FINAL,post,True,Final,Final,Final,4,2572,s:20~l:23~t:2572,Southern Mississippi,Golden Eagles,USM,Southern Mississippi Golden Eagles,Southern Miss,ffc72c,231f20,False,3815,https://a.espncdn.com/i/teamlogos/ncaa/500/2572.png,12,23,False,99,"[{'value': 0.0, 'displayValue': '0', 'period': 1}
 {'value': 10.0, 'displayValue': '10', 'period': 2}
 {'value': 6.0, 'displayValue': '6', 'period': 3}
 {'value': 7.0, 'displayValue': '7', 'period': 4}]","[{'name': 'overall', 'abbreviation': 'Game', 'type': 'total', 'summary': '2-3'}
 {'name': 'Home', 'abbreviation': None, 'type': 'home', 'summary': '2-1'}
 {'name': 'Road', 'abbreviation': None, 'type': 'road', 'summary': '0-2'}
 {'name': 'vs. Conf.', 'abbreviation': None, 'type': 'vsconf', 'summary': '0-1'}]",242,s:20~l:23~t:242,Rice,Owls,RICE,Rice Owls,Rice,00205b,c1c6c8,True,3895,https://a.espncdn.com/i/teamlogos/ncaa/500/242.png,12,41,True,99,"[{'value': 3.0, 'displayValue': '3', 'period': 1}
 {'value': 17.0, 'displayValue': '17', 'period': 2}
 {'value': 7.0, 'displayValue': '7', 'period': 3}
 {'value': 14.0, 'displayValue': '14', 'period': 4}]","[{'name': 'overall', 'abbreviation': 'Game', 'type': 'total', 'summary': '1-3'}
 {'name': 'Home', 'abbreviation': None, 'type': 'home', 'summary': '0-1'}
 {'name': 'Road', 'abbreviation': None, 'type': 'road', 'summary': '1-2'}
 {'name': 'vs. Conf.', 'abbreviation': None, 'type': 'vsconf', 'summary': '1-1'}]",400548037,2014,2,5,12,Conference USA,CUSA,True,
400548117,s:20~l:23~e:400548117~c:400548117,2014-09-27T23:00Z,18087,True,False,False,True,True,False,2014-09-27T23:00Z,ESPN3,[],,,national,ESPN3,1,STD,3739,Glass Bowl,Toledo,OH,USA,False,0.0,0:00,4,3,STATUS_FINAL,post,True,Final,Final,Final,4,2649,s:20~l:23~t:2649,Toledo,Rockets,TOL,Toledo Rockets,Toledo,0b2240,ffcd00,True,3739,https://a.espncdn.com/i/teamlogos/ncaa/500/2649.png,15,42,True,99,"[{'value': 6.0, 'displayValue': '6', 'period': 1}
 {'value': 14.0, 'displayValue': '14', 'period': 2}
 {'value': 14.0, 'displayValue': '14', 'period': 3}
 {'value': 8.0, 'displayValue': '8', 'period': 4}]","[{'name': 'overall', 'abbreviation': 'Game', 'type': 'total', 'summary': '3-2'}
 {'name': 'Home', 'abbreviation': None, 'type': 'home', 'summary': '3-1'}
 {'name': 'Road', 'abbreviation': None, 'type': 'road', 'summary': '0-1'}
 {'name': 'vs. Conf.', 'abbreviation': None, 'type': 'vsconf', 'summary': '2-0'}]",2117,s:20~l:23~t:2117,Central Michigan,Chippewas,CMU,Central Michigan Chippewas,Cent Michigan,4c0027,fbab18,True,3786,https://a.espncdn.com/i/teamlogos/ncaa/500/2117.png,15,28,False,99,"[{'value': 7.0, 'displayValue': '7', 'period': 1}
 {'value': 0.0, 'displayValue': '0', 'period': 2}
 {'value': 14.0, 'displayValue': '14', 'period': 3}
 {'value': 7.0, 'displayValue': '7', 'period': 4}]","[{'name': 'overall', 'abbreviation': 'Game', 'type': 'total', 'summary': '2-3'}
 {'name': 'Home', 'abbreviation': None, 'type': 'home', 'summary': '1-1'}
 {'name': 'Road', 'abbreviation': None, 'type': 'road', 'summary': '1-2'}
 {'name': 'vs. Conf.', 'abbreviation': None, 'type': 'vsconf', 'summary': '0-1'}]",400548117,2014,2,5,15,Mid-American Conference,MAC,True,
400548199,s:20~l:23~e:400548199~c:400548199,2014-09-27T23:00Z,30012,True,False,False,True,True,False,2014-09-27T23:00Z,CBSSN,[],,,national,CBSSN,1,STD,3713,Falcon Stadium,USAF Academy,CO,USA,False,0.0,0:00,4,3,STATUS_FINAL,post,True,Final,Final,Final,4,2005,s:20~l:23~t:2005,Air Force,Falcons,AFA,Air Force Falcons,Air Force,003594,ffffff,True,3713,https://a.espncdn.com/i/teamlogos/ncaa/500/2005.png,17,28,True,99,"[{'value': 7.0, 'displayValue': '7', 'period': 1}
 {'value': 10.0, 'displayValue': '10', 'period': 2}
 {'value': 3.0, 'displayValue': '3', 'period': 3}
 {'value': 8.0, 'displayValue': '8', 'period': 4}]","[{'name': 'overall', 'abbreviation': 'Game', 'type': 'total', 'summary': '3-1'}
 {'name': 'Home', 'abbreviation': None, 'type': 'home', 'summary': '2-0'}
 {'name': 'Road', 'abbreviation': None, 'type': 'road', 'summary': '1-1'}
 {'name': 'vs. Conf.', 'abbreviation': None, 'type': 'vsconf', 'summary': '1-1'}]",68,s:20~l:23~t:68,Boise State,Broncos,BSU,Boise State Broncos,Boise St,0033a0,d64309,True,3653,https://a.espncdn.com/i/teamlogos/ncaa/500/68.png,17,14,False,99,"[{'value': 0.0, 'displayValue': '0', 'period': 1}
 {'value': 0.0, 'displayValue': '0', 'period': 2}
 {'value': 0.0, 'displayValue': '0', 'period': 3}
 {'value': 14.0, 'displayValue': '14', 'period': 4}]","[{'name': 'overall', 'abbreviation': 'Game', 'type': 'total', 'summary': '3-2'}
 {'name': 'Home', 'abbreviation': None, 'type': 'home', 'summary': '2-0'}
 {'name': 'Road', 'abbreviation': None, 'type': 'road', 'summary': '1-1'}
 {'name': 'vs. Conf.', 'abbreviation': None, 'type': 'vsconf', 'summary': '1-1'}]",400548199,2014,2,5,17,Mountain West Conference,Mountain West,True,
400548417,s:20~l:23~e:400548417~c:400548417,2014-09-27T23:00Z,18544,True,False,False,True,True,False,2014-09-27T23:00Z,ESPN3,[],,,national,ESPN3,1,STD,3817,Malone Stadium,Monroe,LA,USA,False,0.0,0:00,4,3,STATUS_FINAL,post,True,Final,Final,Final,4,2433,s:20~l:23~t:2433,Louisiana Monroe,Warhawks,ULM,Louisiana Monroe Warhawks,UL Monroe,840029,fdb913,False,3817,https://a.espncdn.com/i/teamlogos/ncaa/500/2433.png,37,22,True,99,"[{'value': 10.0, 'displayValue': '10', 'period': 1}
 {'value': 3.0, 'displayValue': '3', 'period': 2}
 {'value': 6.0, 'displayValue': '6', 'period': 3}
 {'value': 3.0, 'displayValue': '3', 'period': 4}]","[{'name': 'overall', 'abbreviation': 'Game', 'type': 'total', 'summary': '3-1'}
 {'name': 'Home', 'abbreviation': None, 'type': 'home', 'summary': '3-0'}
 {'name': 'Road', 'abbreviation': None, 'type': 'road', 'summary': '0-1'}
 {'name': 'vs. Conf.', 'abbreviation': None, 'type': 'vsconf', 'summary': '2-0'}]",2653,s:20~l:23~t:2653,Troy,Trojans,TROY,Troy Trojans,Troy,862633,b1b1b1,True,3975,https://a.espncdn.com/i/teamlogos/ncaa/500/2653.png,37,20,False,99,"[{'value': 0.0, 'displayValue': '0', 'period': 1}
 {'value': 14.0, 'displayValue': '14', 'period': 2}
 {'value': 0.0, 'displayValue': '0', 'period': 3}
 {'value': 6.0, 'displayValue': '6', 'period': 4}]","[{'name': 'overall', 'abbreviation': 'Game', 'type': 'total', 'summary': '0-5'}
 {'name': 'Home', 'abbreviation': None, 'type': 'home', 'summary': '0-2'}
 {'name': 'Road', 'abbreviation': None, 'type': 'road', 'summary': '0-3'}
 {'name': 'vs. Conf.', 'abbreviation': None, 'type': 'vsconf', 'summary': '0-1'}]",400548417,2014,2,5,37,Sun Belt Conference,Sun Belt,True,
400557416,s:20~l:23~e:400557416~c:400557416,2014-09-27T23:00Z,9538,True,False,False,False,True,False,2014-09-27T23:00Z,,[],,,,,1,STD,3654,Brooks Stadium (SC),Conway,SC,USA,False,0.0,0:00,4,3,STATUS_FINAL,post,True,Final,Final,Final,4,324,s:20~l:23~t:324,Coastal Carolina,Chanticleers,CCAR,Coastal Carolina Chanticleers,Coast Carolina,006f71,a27752,True,3654,https://a.espncdn.com/i/teamlogos/ncaa/500/324.png,40,31,True,99,"[{'value': 7.0, 'displayValue': '7', 'period': 1}
 {'value': 3.0, 'displayValue': '3', 'period': 2}
 {'value': 7.0, 'displayValue': '7', 'period': 3}
 {'value': 14.0, 'displayValue': '14', 'period': 4}]","[{'name': 'overall', 'abbreviation': 'Game', 'type': 'total', 'summary': '5-0'}
 {'name': 'Home', 'abbreviation': None, 'type': 'home', 'summary': '2-0'}
 {'name': 'Road', 'abbreviation': None, 'type': 'road', 'summary': '3-0'}
 {'name': 'vs. Conf.', 'abbreviation': None, 'type': 'vsconf', 'summary': '0-0'}]",2210,s:20~l:23~t:2210,Elon,Phoenix,ELON,Elon Phoenix,Elon,020303,b59a57,True,3894,https://a.espncdn.com/i/teamlogos/ncaa/500/2210.png,48,3,False,99,"[{'value': 0.0, 'displayValue': '0', 'period': 1}
 {'value': 0.0, 'displayValue': '0', 'period': 2}
 {'value': 3.0, 'displayValue': '3', 'period': 3}
 {'value': 0.0, 'displayValue': '0', 'period': 4}]","[{'name': 'overall', 'abbreviation': 'Game', 'type': 'total', 'summary': '1-3'}
 {'name': 'Home', 'abbreviation': None, 'type': 'home', 'summary': '1-1'}
 {'name': 'Road', 'abbreviation': None, 'type': 'road', 'summary': '0-2'}
 {'name': 'vs. Conf.', 'abbreviation': None, 'type': 'vsconf', 'summary': '0-0'}]",400557416,2014,2,5,,,,,
400559179,s:20~l:23~e:400559179~c:400559179,2014-09-27T23:00Z,10897,True,False,False,True,True,False,2014-09-27T23:00Z,,[],,,,,1,STD,3909,Roy Stewart Stadium,Murray,KY,USA,False,0.0,0:00,4,3,STATUS_FINAL,post,True,Final,Final,Final,4,93,s:20~l:23~t:93,Murray State,Racers,MURR,Murray State Racers,Murray State,002148,000e00,True,3909,https://a.espncdn.com/i/teamlogos/ncaa/500/93.png,26,28,False,99,"[{'value': 14.0, 'displayValue': '14', 'period': 1}
 {'value': 14.0, 'displayValue': '14', 'period': 2}
 {'value': 0.0, 'displayValue': '0', 'period': 3}
 {'value': 0.0, 'displayValue': '0', 'period': 4}]","[{'name': 'overall', 'abbreviation': 'Game', 'type': 'total', 'summary': '1-3'}
 {'name': 'Home', 'abbreviation': None, 'type': 'home', 'summary': '1-1'}
 {'name': 'Road', 'abbreviation': None, 'type': 'road', 'summary': '0-2'}
 {'name': 'vs. Conf.', 'abbreviation': None, 'type': 'vsconf', 'summary': '0-1'}]",55,s:20~l:23~t:55,Jacksonville State,Gamecocks,JVST,Jacksonville State Gamecocks,Jacksonville St,cc0000,000000,True,3662,https://a.espncdn.com/i/teamlogos/ncaa/500/55.png,26,52,True,99,"[{'value': 21.0, 'displayValue': '21', 'period': 1}
 {'value': 14.0, 'displayValue': '14', 'period': 2}
 {'value': 10.0, 'displayValue': '10', 'period': 3}
 {'value': 7.0, 'displayValue': '7', 'period': 4}]","[{'name': 'overall', 'abbreviation': 'Game', 'type': 'total', 'summary': '3-1'}
 {'name': 'Home', 'abbreviation': None, 'type': 'home', 'summary': '1-0'}
 {'name': 'Road', 'abbreviation': None, 'type': 'road', 'summary': '2-1'}
 {'name': 'vs. Conf.', 'abbreviation': None, 'type': 'vsconf', 'summary': '1-0'}]",400559179,2014,2,5,26,Ohio Valley Conference,OVC,True,
400547754,s:20~l:23~e:400547754~c:400547754,2014-09-27T23:30Z,44559,True,False,False,True,True,False,2014-09-27T23:30Z,ESPN2,[],,,national,ESPN2,1,STD,3948,Hard Rock Stadium,Miami Gardens,FL,USA,False,0.0,0:00,4,3,STATUS_FINAL,post,True,Final,Final,Final,4,2390,s:20~l:23~t:2390,Miami,Hurricanes,MIAMI,Miami Hurricanes,Miami,f47423,035131,True,3948,https://a.espncdn.com/i/teamlogos/ncaa/500/2390.png,1,22,True,99,"[{'value': 9.0, 'displayValue': '9', 'period': 1}
 {'value': 0.0, 'displayValue': '0', 'period': 2}
 {'value': 7.0, 'displayValue': '7', 'period': 3}
 {'value': 6.0, 'displayValue': '6', 'period': 4}]","[{'name': 'overall', 'abbreviation': 'Game', 'type': 'total', 'summary': '3-2'}
 {'name': 'Home', 'abbreviation': None, 'type': 'home', 'summary': '3-0'}
 {'name': 'Road', 'abbreviation': None, 'type': 'road', 'summary': '0-2'}
 {'name': 'vs. Conf.', 'abbreviation': None, 'type': 'vsconf', 'summary': '1-1'}]",150,s:20~l:23~t:150,Duke,Blue Devils,DUKE,Duke Blue Devils,Duke,00539b,ffffff,True,3982,https://a.espncdn.com/i/teamlogos/ncaa/500/150.png,1,10,False,99,"[{'value': 0.0, 'displayValue': '0', 'period': 1}
 {'value': 7.0, 'displayValue': '7', 'period': 2}
 {'value': 3.0, 'displayValue': '3', 'period': 3}
 {'value': 0.0, 'displayValue': '0', 'period': 4}]","[{'name': 'overall', 'abbreviation': 'Game', 'type': 'total', 'summary': '4-1'}
 {'name': 'Home', 'abbreviation': None, 'type': 'home', 'summary': '3-0'}
 {'name': 'Road', 'abbreviation': None, 'type': 'road', 'summary': '1-1'}
 {'name': 'vs. Conf.', 'abbreviation': None, 'type': 'vsconf', 'summary': '0-1'}]",400547754,2014,2,5,1,Atlantic Coast Conference,ACC,True,
400547680,s:20~l:23~e:400547680~c:400547680,2014-09-28T00:00Z,21353,True,False,False,False,True,False,2014-09-28T00:00Z,ESPNEWS,[],,,national,ESPNEWS,1,STD,3674,H. A. Chapman Stadium,Tulsa,OK,USA,False,900.0,15:00,7,3,STATUS_FINAL,post,True,Final,Final/3OT,Final/3OT,4,202,s:20~l:23~t:202,Tulsa,Golden Hurricane,TLSA,Tulsa Golden Hurricane,Tulsa,003595,d0b787,True,3674,https://a.espncdn.com/i/teamlogos/ncaa/500/202.png,151,34,False,99,"[{'value': 0.0, 'displayValue': '0', 'period': 1}
 {'value': 0.0, 'displayValue': '0', 'period': 2}
 {'value': 3.0, 'displayValue': '3', 'period': 3}
 {'value': 14.0, 'displayValue': '14', 'period': 4}
 {'value': 7.0, 'displayValue': '7', 'period': 5}
 {'value': 7.0, 'displayValue': '7', 'period': 6}
 {'value': 3.0, 'displayValue': '3', 'period': 7}]","[{'name': 'overall', 'abbreviation': 'Game', 'type': 'total', 'summary': '1-3'}
 {'name': 'Home', 'abbreviation': None, 'type': 'home', 'summary': '1-2'}
 {'name': 'Road', 'abbreviation': None, 'type': 'road', 'summary': '0-1'}
 {'name': 'vs. Conf.', 'abbreviation': None, 'type': 'vsconf', 'summary': '1-0'}]",326,s:20~l:23~t:326,Texas State,Bobcats,TXST,Texas State Bobcats,Texas State,501214,6a5638,True,3644,https://a.espncdn.com/i/teamlogos/ncaa/500/326.png,37,37,True,99,"[{'value': 0.0, 'displayValue': '0', 'period': 1}
 {'value': 7.0, 'displayValue': '7', 'period': 2}
 {'value': 10.0, 'displayValue': '10', 'period': 3}
 {'value': 0.0, 'displayValue': '0', 'period': 4}
 {'value': 7.0, 'displayValue': '7', 'period': 5}
 {'value': 7.0, 'displayValue': '7', 'period': 6}
 {'value': 6.0, 'displayValue': '6', 'period': 7}]","[{'name': 'overall', 'abbreviation': 'Game', 'type': 'total', 'summary': '2-2'}
 {'name': 'Home', 'abbreviation': None, 'type': 'home', 'summary': '1-1'}
 {'name': 'Road', 'abbreviation': None, 'type': 'road', 'summary': '1-1'}
 {'name': 'vs. Conf.', 'abbreviation': None, 'type': 'vsconf', 'summary': '0-0'}]",400547680,2014,2,5,,,,,3OT
400548202,s:20~l:23~e:400548202~c:400548202,2014-09-28T00:00Z,28005,True,False,False,True,True,False,2014-09-28T00:00Z,ESPN3,[],,,national,ESPN3,1,STD,3932,SDCCU Stadium,San Diego,CA,USA,False,0.0,0:00,4,3,STATUS_FINAL,post,True,Final,Final,Final,4,21,s:20~l:23~t:21,San Diego State,Aztecs,SDSU,San Diego State Aztecs,San Diego State,a6192e,000000,True,3932,https://a.espncdn.com/i/teamlogos/ncaa/500/21.png,17,34,True,99,"[{'value': 7.0, 'displayValue': '7', 'period': 1}
 {'value': 21.0, 'displayValue': '21', 'period': 2}
 {'value': 0.0, 'displayValue': '0', 'period': 3}
 {'value': 6.0, 'displayValue': '6', 'period': 4}]","[{'name': 'overall', 'abbreviation': 'Game', 'type': 'total', 'summary': '2-2'}
 {'name': 'Home', 'abbreviation': None, 'type': 'home', 'summary': '2-0'}
 {'name': 'Road', 'abbreviation': None, 'type': 'road', 'summary': '0-2'}
 {'name': 'vs. Conf.', 'abbreviation': None, 'type': 'vsconf', 'summary': '1-0'}]",2439,s:20~l:23~t:2439,UNLV,Rebels,UNLV,UNLV Rebels,UNLV,cf0a2c,cac8c8,True,3914,https://a.espncdn.com/i/teamlogos/ncaa/500/2439.png,17,17,False,99,"[{'value': 10.0, 'displayValue': '10', 'period': 1}
 {'value': 0.0, 'displayValue': '0', 'period': 2}
 {'value': 0.0, 'displayValue': '0', 'period': 3}
 {'value': 7.0, 'displayValue': '7', 'period': 4}]","[{'name': 'overall', 'abbreviation': 'Game', 'type': 'total', 'summary': '1-4'}
 {'name': 'Home', 'abbreviation': None, 'type': 'home', 'summary': '1-1'}
 {'name': 'Road', 'abbreviation': None, 'type': 'road', 'summary': '0-3'}
 {'name': 'vs. Conf.', 'abbreviation': None, 'type': 'vsconf', 'summary': '0-1'}]",400548202,2014,2,5,17,Mountain West Conference,Mountain West,True,
400548272,s:20~l:23~e:400548272~c:400548272,2014-09-28T00:00Z,45859,True,False,False,True,True,False,2014-09-28T00:00Z,PACN,[],,,national,PACN,1,STD,587,Rice-Eccles Stadium,Salt Lake City,UT,USA,False,0.0,0:00,4,3,STATUS_FINAL,post,True,Final,Final,Final,4,254,s:20~l:23~t:254,Utah,Utes,UTAH,Utah Utes,Utah,be0000,ffffff,True,587,https://a.espncdn.com/i/teamlogos/ncaa/500/254.png,9,27,False,99,"[{'value': 21.0, 'displayValue': '21', 'period': 1}
 {'value': 3.0, 'displayValue': '3', 'period': 2}
 {'value': 0.0, 'displayValue': '0', 'period': 3}
 {'value': 3.0, 'displayValue': '3', 'period': 4}]","[{'name': 'overall', 'abbreviation': 'Game', 'type': 'total', 'summary': '3-1'}
 {'name': 'Home', 'abbreviation': None, 'type': 'home', 'summary': '2-1'}
 {'name': 'Road', 'abbreviation': None, 'type': 'road', 'summary': '1-0'}
 {'name': 'vs. Conf.', 'abbreviation': None, 'type': 'vsconf', 'summary': '0-1'}]",265,s:20~l:23~t:265,Washington State,Cougars,WSU,Washington State Cougars,Washington St,a60f2d,4d4d4d,True,3820,https://a.espncdn.com/i/teamlogos/ncaa/500/265.png,9,28,True,99,"[{'value': 0.0, 'displayValue': '0', 'period': 1}
 {'value': 7.0, 'displayValue': '7', 'period': 2}
 {'value': 7.0, 'displayValue': '7', 'period': 3}
 {'value': 14.0, 'displayValue': '14', 'period': 4}]","[{'name': 'overall', 'abbreviation': 'Game', 'type': 'total', 'summary': '2-3'}
 {'name': 'Home', 'abbreviation': None, 'type': 'home', 'summary': '1-2'}
 {'name': 'Road', 'abbreviation': None, 'type': 'road', 'summary': '1-1'}
 {'name': 'vs. Conf.', 'abbreviation': None, 'type': 'vsconf', 'summary': '1-1'}]",400548272,2014,2,5,9,Pac-12 Conference,Pac-12,True,
400557933,s:20~l:23~e:400557933~c:400557933,2014-09-28T00:00Z,9308,True,False,False,True,True,False,2014-09-28T00:00Z,,[],,,,,1,STD,3882,Provost Umphrey Stadium,Beaumont,TX,USA,False,0.0,0:00,4,3,STATUS_FINAL,post,True,Final,Final,Final,4,2320,s:20~l:23~t:2320,Lamar,Cardinals,LAM,Lamar Cardinals,Lamar,000000,ebebeb,True,3882,https://a.espncdn.com/i/teamlogos/ncaa/500/2320.png,30,10,False,99,"[{'value': 0.0, 'displayValue': '0', 'period': 1}
 {'value': 3.0, 'displayValue': '3', 'period': 2}
 {'value': 7.0, 'displayValue': '7', 'period': 3}
 {'value': 0.0, 'displayValue': '0', 'period': 4}]","[{'name': 'overall', 'abbreviation': 'Game', 'type': 'total', 'summary': '3-2'}
 {'name': 'Home', 'abbreviation': None, 'type': 'home', 'summary': '3-1'}
 {'name': 'Road', 'abbreviation': None, 'type': 'road', 'summary': '0-1'}
 {'name': 'vs. Conf.', 'abbreviation': None, 'type': 'vsconf', 'summary': '0-1'}]",2534,s:20~l:23~t:2534,Sam Houston State,Bearkats,SHSU,Sam Houston State Bearkats,Sam Houston,f56423,ffffff,False,3647,https://a.espncdn.com/i/teamlogos/ncaa/500/2534.png,30,42,True,99,"[{'value': 13.0, 'displayValue': '13', 'period': 1}
 {'value': 6.0, 'displayValue': '6', 'period': 2}
 {'value': 7.0, 'displayValue': '7', 'period': 3}
 {'value': 16.0, 'displayValue': '16', 'period': 4}]","[{'name': 'overall', 'abbreviation': 'Game', 'type': 'total', 'summary': '2-3'}
 {'name': 'Home', 'abbreviation': None, 'type': 'home', 'summary': '1-1'}
 {'name': 'Road', 'abbreviation': None, 'type': 'road', 'summary': '1-2'}
 {'name': 'vs. Conf.', 'abbreviation': None, 'type': 'vsconf', 'summary': '1-0'}]",400557933,2014,2,5,30,Southland Conference,Southland,True,
400548201,s:20~l:23~e:400548201~c:400548201,2014-09-28T02:30Z,14693,True,False,False,True,True,False,2014-09-28T02:30Z,CBSSN,[],,,national,CBSSN,1,STD,3935,CEFCU Stadium,San Jose,CA,USA,False,0.0,0:00,4,3,STATUS_FINAL,post,True,Final,Final,Final,4,23,s:20~l:23~t:23,San Jose State,Spartans,SJSU,San Jose State Spartans,San Jose State,0038a8,ffb81a,False,3935,https://a.espncdn.com/i/teamlogos/ncaa/500/23.png,17,10,False,99,"[{'value': 0.0, 'displayValue': '0', 'period': 1}
 {'value': 3.0, 'displayValue': '3', 'period': 2}
 {'value': 7.0, 'displayValue': '7', 'period': 3}
 {'value': 0.0, 'displayValue': '0', 'period': 4}]","[{'name': 'overall', 'abbreviation': 'Game', 'type': 'total', 'summary': '1-3'}
 {'name': 'Home', 'abbreviation': None, 'type': 'home', 'summary': '1-1'}
 {'name': 'Road', 'abbreviation': None, 'type': 'road', 'summary': '0-2'}
 {'name': 'vs. Conf.', 'abbreviation': None, 'type': 'vsconf', 'summary': '0-1'}]",2440,s:20~l:23~t:2440,Nevada,Wolf Pack,NEV,Nevada Wolf Pack,Nevada,041e42,8a8d8f,True,3816,https://a.espncdn.com/i/teamlogos/ncaa/500/2440.png,17,21,True,99,"[{'value': 0.0, 'displayValue': '0', 'period': 1}
 {'value': 7.0, 'displayValue': '7', 'period': 2}
 {'value': 0.0, 'displayValue': '0', 'period': 3}
 {'value': 14.0, 'displayValue': '14', 'period': 4}]","[{'name': 'overall', 'abbreviation': 'Game', 'type': 'total', 'summary': '3-1'}
 {'name': 'Home', 'abbreviation': None, 'type': 'home', 'summary': '2-0'}
 {'name': 'Road', 'abbreviation': None, 'type': 'road', 'summary': '1-1'}
 {'name': 'vs. Conf.', 'abbreviation': None, 'type': 'vsconf', 'summary': '1-0'}]",400548201,2014,2,5,17,Mountain West Conference,Mountain West,True,
400548274,s:20~l:23~e:400548274~c:400548274,2014-10-03T02:30Z,56032,True,False,False,True,True,False,2014-10-03T02:30Z,ESPN,[],,,national,ESPN,1,STD,3626,Autzen Stadium,Eugene,OR,USA,False,0.0,0:00,4,3,STATUS_FINAL,post,True,Final,Final,Final,4,2483,s:20~l:23~t:2483,Oregon,Ducks,ORE,Oregon Ducks,Oregon,00934b,fff41b,True,3626,https://a.espncdn.com/i/teamlogos/ncaa/500/2483.png,9,24,False,2,"[{'value': 0.0, 'displayValue': '0', 'period': 1}
 {'value': 7.0, 'displayValue': '7', 'period': 2}
 {'value': 7.0, 'displayValue': '7', 'period': 3}
 {'value': 10.0, 'displayValue': '10', 'period': 4}]","[{'name': 'overall', 'abbreviation': 'Game', 'type': 'total', 'summary': '4-1'}
 {'name': 'Home', 'abbreviation': None, 'type': 'home', 'summary': '3-1'}
 {'name': 'Road', 'abbreviation': None, 'type': 'road', 'summary': '1-0'}
 {'name': 'vs. Conf.', 'abbreviation': None, 'type': 'vsconf', 'summary': '1-1'}]",12,s:20~l:23~t:12,Arizona,Wildcats,ARIZ,Arizona Wildcats,Arizona,cc0033,003366,True,3619,https://a.espncdn.com/i/teamlogos/ncaa/500/12.png,9,31,True,99,"[{'value': 3.0, 'displayValue': '3', 'period': 1}
 {'value': 0.0, 'displayValue': '0', 'period': 2}
 {'value': 21.0, 'displayValue': '21', 'period': 3}
 {'value': 7.0, 'displayValue': '7', 'period': 4}]","[{'name': 'overall', 'abbreviation': 'Game', 'type': 'total', 'summary': '5-0'}
 {'name': 'Home', 'abbreviation': None, 'type': 'home', 'summary': '3-0'}
 {'name': 'Road', 'abbreviation': None, 'type': 'road', 'summary': '2-0'}
 {'name': 'vs. Conf.', 'abbreviation': None, 'type': 'vsconf', 'summary': '2-0'}]",400548274,2014,2,6,9,Pac-12 Conference,Pac-12,True,
400547682,s:20~l:23~e:400547682~c:400547682,2014-10-02T23:00Z,26685,True,False,False,True,True,False,2014-10-02T23:00Z,ESPN,[],,,national,ESPN,1,STD,4728,TDECU Stadium,Houston,TX,USA,False,0.0,0:00,4,3,STATUS_FINAL,post,True,Final,Final,Final,4,248,s:20~l:23~t:248,Houston,Cougars,HOU,Houston Cougars,Houston,c8102e,ffffff,True,453,https://a.espncdn.com/i/teamlogos/ncaa/500/248.png,151,12,False,99,"[{'value': 3.0, 'displayValue': '3', 'period': 1}
 {'value': 3.0, 'displayValue': '3', 'period': 2}
 {'value': 0.0, 'displayValue': '0', 'period': 3}
 {'value': 6.0, 'displayValue': '6', 'period': 4}]","[{'name': 'overall', 'abbreviation': 'Game', 'type': 'total', 'summary': '2-3'}
 {'name': 'Home', 'abbreviation': None, 'type': 'home', 'summary': '2-2'}
 {'name': 'Road', 'abbreviation': None, 'type': 'road', 'summary': '0-1'}
 {'name': 'vs. Conf.', 'abbreviation': None, 'type': 'vsconf', 'summary': '0-1'}]",2116,s:20~l:23~t:2116,UCF,Knights,UCF,UCF Knights,UCF,000000,b4a169,True,3652,https://a.espncdn.com/i/teamlogos/ncaa/500/2116.png,151,17,True,99,"[{'value': 0.0, 'displayValue': '0', 'period': 1}
 {'value': 7.0, 'displayValue': '7', 'period': 2}
 {'value': 10.0, 'displayValue': '10', 'period': 3}
 {'value': 0.0, 'displayValue': '0', 'period': 4}]","[{'name': 'overall', 'abbreviation': 'Game', 'type': 'total', 'summary': '2-2'}
 {'name': 'Home', 'abbreviation': None, 'type': 'home', 'summary': '1-0'}
 {'name': 'Road', 'abbreviation': None, 'type': 'road', 'summary': '1-1'}
 {'name': 'vs. Conf.', 'abbreviation': None, 'type': 'vsconf', 'summary': '1-0'}]",400547682,2014,2,6,151,American Conference,American,True,
400548039,s:20~l:23~e:400548039~c:400548039,2014-10-02T23:00Z,12544,True,False,False,True,True,False,2014-10-02T23:00Z,,[],,,,,1,STD,218,Riccardo Silva Stadium,Miami,FL,USA,False,0.0,0:00,4,3,STATUS_FINAL,post,True,Final,Final,Final,4,2229,s:20~l:23~t:2229,Florida Intl,Golden Panthers,FIU,Florida Intl Golden Panthers,FIU,091f3f,c3993f,False,218,https://a.espncdn.com/i/teamlogos/ncaa/500/2229.png,12,38,True,99,"[{'value': 7.0, 'displayValue': '7', 'period': 1}
 {'value': 7.0, 'displayValue': '7', 'period': 2}
 {'value': 10.0, 'displayValue': '10', 'period': 3}
 {'value': 14.0, 'displayValue': '14', 'period': 4}]","[{'name': 'overall', 'abbreviation': 'Game', 'type': 'total', 'summary': '3-3'}
 {'name': 'Home', 'abbreviation': None, 'type': 'home', 'summary': '2-3'}
 {'name': 'Road', 'abbreviation': None, 'type': 'road', 'summary': '1-0'}
 {'name': 'vs. Conf.', 'abbreviation': None, 'type': 'vsconf', 'summary': '2-0'}]",2226,s:20~l:23~t:2226,Florida Atlantic,Owls,FAU,Florida Atlantic Owls,FAU,003366,cc0000,True,3715,https://a.espncdn.com/i/teamlogos/ncaa/500/2226.png,12,10,False,99,"[{'value': 3.0, 'displayValue': '3', 'period': 1}
 {'value': 7.0, 'displayValue': '7', 'period': 2}
 {'value': 0.0, 'displayValue': '0', 'period': 3}
 {'value': 0.0, 'displayValue': '0', 'period': 4}]","[{'name': 'overall', 'abbreviation': 'Game', 'type': 'total', 'summary': '2-4'}
 {'name': 'Home', 'abbreviation': None, 'type': 'home', 'summary': '2-0'}
 {'name': 'Road', 'abbreviation': None, 'type': 'road', 'summary': '0-4'}
 {'name': 'vs. Conf.', 'abbreviation': None, 'type': 'vsconf', 'summary': '1-1'}]",400548039,2014,2,6,12,Conference USA,CUSA,True,
400548204,s:20~l:23~e:400548204~c:400548204,2014-10-04T02:15Z,0,True,False,False,False,True,False,2014-10-04T02:15Z,ESPN,[],,,national,ESPN,1,STD,3801,LaVell Edwards Stadium,Provo,UT,USA,False,0.0,0:00,4,3,STATUS_FINAL,post,True,Final,Final,Final,4,252,s:20~l:23~t:252,BYU,Cougars,BYU,BYU Cougars,BYU,0047ba,002e5d,True,3801,https://a.espncdn.com/i/teamlogos/ncaa/500/252.png,18,20,False,18,"[{'value': 7.0, 'displayValue': '7', 'period': 1}
 {'value': 7.0, 'displayValue': '7', 'period': 2}
 {'value': 3.0, 'displayValue': '3', 'period': 3}
 {'value': 3.0, 'displayValue': '3', 'period': 4}]","[{'name': 'overall', 'abbreviation': 'Game', 'type': 'total', 'summary': '4-1'}
 {'name': 'Home', 'abbreviation': None, 'type': 'home', 'summary': '2-1'}
 {'name': 'Road', 'abbreviation': None, 'type': 'road', 'summary': '2-0'}
 {'name': 'vs. Conf.', 'abbreviation': None, 'type': 'vsconf', 'summary': '0-0'}]",328,s:20~l:23~t:328,Utah State,Aggies,USU,Utah State Aggies,Utah State,0f2439,ffffff,True,3905,https://a.espncdn.com/i/teamlogos/ncaa/500/328.png,17,35,True,99,"[{'value': 7.0, 'displayValue': '7', 'period': 1}
 {'value': 21.0, 'displayValue': '21', 'period': 2}
 {'value': 7.0, 'displayValue': '7', 'period': 3}
 {'value': 0.0, 'displayValue': '0', 'period': 4}]","[{'name': 'overall', 'abbreviation': 'Game', 'type': 'total', 'summary': '3-2'}
 {'name': 'Home', 'abbreviation': None, 'type': 'home', 'summary': '2-0'}
 {'name': 'Road', 'abbreviation': None, 'type': 'road', 'summary': '1-2'}
 {'name': 'vs. Conf.', 'abbreviation': None, 'type': 'vsconf', 'summary': '0-0'}]",400548204,2014,2,6,,,,,
400547783,s:20~l:23~e:400547783~c:400547783,2014-10-03T23:00Z,37569,True,False,False,True,True,False,2014-10-03T23:00Z,ESPN,[],,,national,ESPN,1,STD,1964,JMA Wireless Dome,Syracuse,NY,USA,True,0.0,0:00,4,3,STATUS_FINAL,post,True,Final,Final,Final,4,183,s:20~l:23~t:183,Syracuse,Orange,SYR,Syracuse Orange,Syracuse,000e54,ff431b,True,1964,https://a.espncdn.com/i/teamlogos/ncaa/500/183.png,1,6,False,99,"[{'value': 3.0, 'displayValue': '3', 'period': 1}
 {'value': 0.0, 'displayValue': '0', 'period': 2}
 {'value': 3.0, 'displayValue': '3', 'period': 3}
 {'value': 0.0, 'displayValue': '0', 'period': 4}]","[{'name': 'overall', 'abbreviation': 'Game', 'type': 'total', 'summary': '2-3'}
 {'name': 'Home', 'abbreviation': None, 'type': 'home', 'summary': '1-2'}
 {'name': 'Road', 'abbreviation': None, 'type': 'road', 'summary': '1-0'}
 {'name': 'vs. Conf.', 'abbreviation': None, 'type': 'vsconf', 'summary': '0-1'}]",97,s:20~l:23~t:97,Louisville,Cardinals,LOU,Louisville Cardinals,Louisville,c9001f,ffffff,True,3873,https://a.espncdn.com/i/teamlogos/ncaa/500/97.png,1,28,True,99,"[{'value': 7.0, 'displayValue': '7', 'period': 1}
 {'value': 5.0, 'displayValue': '5', 'period': 2}
 {'value': 7.0, 'displayValue': '7', 'period': 3}
 {'value': 9.0, 'displayValue': '9', 'period': 4}]","[{'name': 'overall', 'abbreviation': 'Game', 'type': 'total', 'summary': '5-1'}
 {'name': 'Home', 'abbreviation': None, 'type': 'home', 'summary': '3-0'}
 {'name': 'Road', 'abbreviation': None, 'type': 'road', 'summary': '2-1'}
 {'name': 'vs. Conf.', 'abbreviation': None, 'type': 'vsconf', 'summary': '3-1'}]",400547783,2014,2,6,1,Atlantic Coast Conference,ACC,True,
400548207,s:20~l:23~e:400548207~c:400548207,2014-10-04T02:00Z,33928,True,False,False,True,True,False,2014-10-04T02:00Z,CBSSN,[],,,national,CBSSN,1,STD,3660,Valley Children's Stadium,Fresno,CA,USA,False,0.0,0:00,4,3,STATUS_FINAL,post,True,Final,Final,Final,4,278,s:20~l:23~t:278,Fresno State,Bulldogs,FRES,Fresno State Bulldogs,Fresno State,b1102b,13284c,True,3660,https://a.espncdn.com/i/teamlogos/ncaa/500/278.png,17,24,True,99,"[{'value': 10.0, 'displayValue': '10', 'period': 1}
 {'value': 0.0, 'displayValue': '0', 'period': 2}
 {'value': 7.0, 'displayValue': '7', 'period': 3}
 {'value': 7.0, 'displayValue': '7', 'period': 4}]","[{'name': 'overall', 'abbreviation': 'Game', 'type': 'total', 'summary': '3-3'}
 {'name': 'Home', 'abbreviation': None, 'type': 'home', 'summary': '2-1'}
 {'name': 'Road', 'abbreviation': None, 'type': 'road', 'summary': '1-2'}
 {'name': 'vs. Conf.', 'abbreviation': None, 'type': 'vsconf', 'summary': '2-0'}]",21,s:20~l:23~t:21,San Diego State,Aztecs,SDSU,San Diego State Aztecs,San Diego State,a6192e,000000,True,3932,https://a.espncdn.com/i/teamlogos/ncaa/500/21.png,17,13,False,99,"[{'value': 0.0, 'displayValue': '0', 'period': 1}
 {'value': 3.0, 'displayValue': '3', 'period': 2}
 {'value': 3.0, 'displayValue': '3', 'period': 3}
 {'value': 7.0, 'displayValue': '7', 'period': 4}]","[{'name': 'overall', 'abbreviation': 'Game', 'type': 'total', 'summary': '2-3'}
 {'name': 'Home', 'abbreviation': None, 'type': 'home', 'summary': '2-0'}
 {'name': 'Road', 'abbreviation': None, 'type': 'road', 'summary': '0-3'}
 {'name': 'vs. Conf.', 'abbreviation': None, 'type': 'vsconf', 'summary': '1-1'}]",400548207,2014,2,6,17,Mountain West Conference,Mountain West,True,
400547765,s:20~l:23~e:400547765~c:400547765,2014-10-04T19:30Z,82327,True,False,False,True,True,False,2014-10-04T19:30Z,ABC,[],,,national,ABC,1,STD,3697,Doak Campbell Stadium,Tallahassee,FL,USA,False,0.0,0:00,4,3,STATUS_FINAL,post,True,Final,Final,Final,4,52,s:20~l:23~t:52,Florida State,Seminoles,FSU,Florida State Seminoles,FSU,782f40,ceb888,True,3697,https://a.espncdn.com/i/teamlogos/ncaa/500/52.png,1,43,True,1,"[{'value': 0.0, 'displayValue': '0', 'period': 1}
 {'value': 13.0, 'displayValue': '13', 'period': 2}
 {'value': 17.0, 'displayValue': '17', 'period': 3}
 {'value': 13.0, 'displayValue': '13', 'period': 4}]","[{'name': 'overall', 'abbreviation': 'Game', 'type': 'total', 'summary': '5-0'}
 {'name': 'Home', 'abbreviation': None, 'type': 'home', 'summary': '3-0'}
 {'name': 'Road', 'abbreviation': None, 'type': 'road', 'summary': '1-0'}
 {'name': 'vs. Conf.', 'abbreviation': None, 'type': 'vsconf', 'summary': '3-0'}]",154,s:20~l:23~t:154,Wake Forest,Demon Deacons,WAKE,Wake Forest Demon Deacons,Wake Forest,ceb888,2c2a29,True,3630,https://a.espncdn.com/i/teamlogos/ncaa/500/154.png,1,3,False,99,"[{'value': 3.0, 'displayValue': '3', 'period': 1}
 {'value': 0.0, 'displayValue': '0', 'period': 2}
 {'value': 0.0, 'displayValue': '0', 'period': 3}
 {'value': 0.0, 'displayValue': '0', 'period': 4}]","[{'name': 'overall', 'abbreviation': 'Game', 'type': 'total', 'summary': '2-4'}
 {'name': 'Home', 'abbreviation': None, 'type': 'home', 'summary': '2-0'}
 {'name': 'Road', 'abbreviation': None, 'type': 'road', 'summary': '0-4'}
 {'name': 'vs. Conf.', 'abbreviation': None, 'type': 'vsconf', 'summary': '0-2'}]",400547765,2014,2,6,1,Atlantic Coast Conference,ACC,True,
400548374,s:20~l:23~e:400548374~c:400548374,2014-10-04T19:30Z,61826,True,False,False,True,True,False,2014-10-04T19:30Z,CBS,[],,,national,CBS,1,STD,3974,Vaught-Hemingway Stadium,Oxford,MS,USA,False,0.0,0:00,4,3,STATUS_FINAL,post,True,Final,Final,Final,4,145,s:20~l:23~t:145,Ole Miss,Rebels,MISS,Ole Miss Rebels,Ole Miss,13294b,cf142b,True,3974,https://a.espncdn.com/i/teamlogos/ncaa/500/145.png,8,23,True,11,"[{'value': 3.0, 'displayValue': '3', 'period': 1}
 {'value': 0.0, 'displayValue': '0', 'period': 2}
 {'value': 7.0, 'displayValue': '7', 'period': 3}
 {'value': 13.0, 'displayValue': '13', 'period': 4}]","[{'name': 'overall', 'abbreviation': 'Game', 'type': 'total', 'summary': '5-0'}
 {'name': 'Home', 'abbreviation': None, 'type': 'home', 'summary': '3-0'}
 {'name': 'Road', 'abbreviation': None, 'type': 'road', 'summary': '1-0'}
 {'name': 'vs. Conf.', 'abbreviation': None, 'type': 'vsconf', 'summary': '2-0'}]",333,s:20~l:23~t:333,Alabama,Crimson Tide,ALA,Alabama Crimson Tide,Alabama,9e1b32,ffffff,True,3657,https://a.espncdn.com/i/teamlogos/ncaa/500/333.png,8,17,False,3,"[{'value': 0.0, 'displayValue': '0', 'period': 1}
 {'value': 14.0, 'displayValue': '14', 'period': 2}
 {'value': 3.0, 'displayValue': '3', 'period': 3}
 {'value': 0.0, 'displayValue': '0', 'period': 4}]","[{'name': 'overall', 'abbreviation': 'Game', 'type': 'total', 'summary': '4-1'}
 {'name': 'Home', 'abbreviation': None, 'type': 'home', 'summary': '3-0'}
 {'name': 'Road', 'abbreviation': None, 'type': 'road', 'summary': '0-1'}
 {'name': 'vs. Conf.', 'abbreviation': None, 'type': 'vsconf', 'summary': '1-1'}]",400548374,2014,2,6,8,Southeastern Conference,SEC,True,
400547867,s:20~l:23~e:400547867~c:400547867,2014-10-04T19:30Z,47394,True,False,False,True,True,False,2014-10-04T19:30Z,FOX,[],,,national,FOX,1,STD,3616,Amon G. Carter Stadium,Fort Worth,TX,USA,False,0.0,0:00,4,3,STATUS_FINAL,post,True,Final,Final,Final,4,2628,s:20~l:23~t:2628,TCU,Horned Frogs,TCU,TCU Horned Frogs,TCU,4d1979,ffffff,True,3616,https://a.espncdn.com/i/teamlogos/ncaa/500/2628.png,4,37,True,25,"[{'value': 14.0, 'displayValue': '14', 'period': 1}
 {'value': 10.0, 'displayValue': '10', 'period': 2}
 {'value': 7.0, 'displayValue': '7', 'period': 3}
 {'value': 6.0, 'displayValue': '6', 'period': 4}]","[{'name': 'overall', 'abbreviation': 'Game', 'type': 'total', 'summary': '4-0'}
 {'name': 'Home', 'abbreviation': None, 'type': 'home', 'summary': '3-0'}
 {'name': 'Road', 'abbreviation': None, 'type': 'road', 'summary': '1-0'}
 {'name': 'vs. Conf.', 'abbreviation': None, 'type': 'vsconf', 'summary': '1-0'}]",201,s:20~l:23~t:201,Oklahoma,Sooners,OKLA,Oklahoma Sooners,Oklahoma,990000,ffffff,True,3835,https://a.espncdn.com/i/teamlogos/ncaa/500/201.png,4,33,False,4,"[{'value': 14.0, 'displayValue': '14', 'period': 1}
 {'value': 10.0, 'displayValue': '10', 'period': 2}
 {'value': 7.0, 'displayValue': '7', 'period': 3}
 {'value': 2.0, 'displayValue': '2', 'period': 4}]","[{'name': 'overall', 'abbreviation': 'Game', 'type': 'total', 'summary': '4-1'}
 {'name': 'Home', 'abbreviation': None, 'type': 'home', 'summary': '2-0'}
 {'name': 'Road', 'abbreviation': None, 'type': 'road', 'summary': '2-1'}
 {'name': 'vs. Conf.', 'abbreviation': None, 'type': 'vsconf', 'summary': '1-1'}]",400547867,2014,2,6,4,Big 12 Conference,Big 12,True,
400548373,s:20~l:23~e:400548373~c:400548373,2014-10-04T23:00Z,87451,True,False,False,True,True,False,2014-10-04T23:00Z,ESPN,[],,,national,ESPN,1,STD,3785,Jordan-Hare Stadium,Auburn,AL,USA,False,0.0,0:00,4,3,STATUS_FINAL,post,True,Final,Final,Final,4,2,s:20~l:23~t:2,Auburn,Tigers,AUB,Auburn Tigers,Auburn,002b5c,f26522,True,3785,https://a.espncdn.com/i/teamlogos/ncaa/500/2.png,8,41,True,5,"[{'value': 17.0, 'displayValue': '17', 'period': 1}
 {'value': 14.0, 'displayValue': '14', 'period': 2}
 {'value': 3.0, 'displayValue': '3', 'period': 3}
 {'value': 7.0, 'displayValue': '7', 'period': 4}]","[{'name': 'overall', 'abbreviation': 'Game', 'type': 'total', 'summary': '5-0'}
 {'name': 'Home', 'abbreviation': None, 'type': 'home', 'summary': '4-0'}
 {'name': 'Road', 'abbreviation': None, 'type': 'road', 'summary': '1-0'}
 {'name': 'vs. Conf.', 'abbreviation': None, 'type': 'vsconf', 'summary': '2-0'}]",99,s:20~l:23~t:99,LSU,Tigers,LSU,LSU Tigers,LSU,461d76,fdd023,True,3958,https://a.espncdn.com/i/teamlogos/ncaa/500/99.png,8,7,False,15,"[{'value': 7.0, 'displayValue': '7', 'period': 1}
 {'value': 0.0, 'displayValue': '0', 'period': 2}
 {'value': 0.0, 'displayValue': '0', 'period': 3}
 {'value': 0.0, 'displayValue': '0', 'period': 4}]","[{'name': 'overall', 'abbreviation': 'Game', 'type': 'total', 'summary': '4-2'}
 {'name': 'Home', 'abbreviation': None, 'type': 'home', 'summary': '3-1'}
 {'name': 'Road', 'abbreviation': None, 'type': 'road', 'summary': '0-1'}
 {'name': 'vs. Conf.', 'abbreviation': None, 'type': 'vsconf', 'summary': '0-2'}]",400548373,2014,2,6,8,Southeastern Conference,SEC,True,
400548377,s:20~l:23~e:400548377~c:400548377,2014-10-04T16:00Z,61133,True,False,False,True,True,False,2014-10-04T16:00Z,ESPN,[],,,national,ESPN,1,STD,3693,Davis Wade Stadium,Starkville,MS,USA,False,0.0,0:00,4,3,STATUS_FINAL,post,True,Final,Final,Final,4,344,s:20~l:23~t:344,Mississippi State,Bulldogs,MSST,Mississippi State Bulldogs,Miss St,5d1725,c1c6c8,True,3693,https://a.espncdn.com/i/teamlogos/ncaa/500/344.png,8,48,True,12,"[{'value': 14.0, 'displayValue': '14', 'period': 1}
 {'value': 14.0, 'displayValue': '14', 'period': 2}
 {'value': 13.0, 'displayValue': '13', 'period': 3}
 {'value': 7.0, 'displayValue': '7', 'period': 4}]","[{'name': 'overall', 'abbreviation': 'Game', 'type': 'total', 'summary': '5-0'}
 {'name': 'Home', 'abbreviation': None, 'type': 'home', 'summary': '3-0'}
 {'name': 'Road', 'abbreviation': None, 'type': 'road', 'summary': '2-0'}
 {'name': 'vs. Conf.', 'abbreviation': None, 'type': 'vsconf', 'summary': '2-0'}]",245,s:20~l:23~t:245,Texas A&M,Aggies,TA&M,Texas A&M Aggies,Texas A&M,500000,ffffff,True,3795,https://a.espncdn.com/i/teamlogos/ncaa/500/245.png,8,31,False,6,"[{'value': 7.0, 'displayValue': '7', 'period': 1}
 {'value': 3.0, 'displayValue': '3', 'period': 2}
 {'value': 7.0, 'displayValue': '7', 'period': 3}
 {'value': 14.0, 'displayValue': '14', 'period': 4}]","[{'name': 'overall', 'abbreviation': 'Game', 'type': 'total', 'summary': '5-1'}
 {'name': 'Home', 'abbreviation': None, 'type': 'home', 'summary': '2-0'}
 {'name': 'Road', 'abbreviation': None, 'type': 'road', 'summary': '2-1'}
 {'name': 'vs. Conf.', 'abbreviation': None, 'type': 'vsconf', 'summary': '2-1'}]",400548377,2014,2,6,8,Southeastern Conference,SEC,True,
400547865,s:20~l:23~e:400547865~c:400547865,2014-10-04T19:30Z,93727,True,False,False,True,True,False,2014-10-04T19:30Z,ABC,[],,,national,ABC,1,STD,3910,DKR-Texas Memorial Stadium,Austin,TX,USA,False,0.0,0:00,4,3,STATUS_FINAL,post,True,Final,Final,Final,4,251,s:20~l:23~t:251,Texas,Longhorns,TEX,Texas Longhorns,Texas,af5c37,ffffff,True,3910,https://a.espncdn.com/i/teamlogos/ncaa/500/251.png,4,7,False,99,"[{'value': 0.0, 'displayValue': '0', 'period': 1}
 {'value': 0.0, 'displayValue': '0', 'period': 2}
 {'value': 0.0, 'displayValue': '0', 'period': 3}
 {'value': 7.0, 'displayValue': '7', 'period': 4}]","[{'name': 'overall', 'abbreviation': 'Game', 'type': 'total', 'summary': '2-3'}
 {'name': 'Home', 'abbreviation': None, 'type': 'home', 'summary': '1-2'}
 {'name': 'Road', 'abbreviation': None, 'type': 'road', 'summary': '1-0'}
 {'name': 'vs. Conf.', 'abbreviation': None, 'type': 'vsconf', 'summary': '1-1'}]",239,s:20~l:23~t:239,Baylor,Bears,BAY,Baylor Bears,Baylor,154734,ffb81c,True,3724,https://a.espncdn.com/i/teamlogos/ncaa/500/239.png,4,28,True,7,"[{'value': 7.0, 'displayValue': '7', 'period': 1}
 {'value': 0.0, 'displayValue': '0', 'period': 2}
 {'value': 7.0, 'displayValue': '7', 'period': 3}
 {'value': 14.0, 'displayValue': '14', 'period': 4}]","[{'name': 'overall', 'abbreviation': 'Game', 'type': 'total', 'summary': '5-0'}
 {'name': 'Home', 'abbreviation': None, 'type': 'home', 'summary': '2-0'}
 {'name': 'Road', 'abbreviation': None, 'type': 'road', 'summary': '3-0'}
 {'name': 'vs. Conf.', 'abbreviation': None, 'type': 'vsconf', 'summary': '2-0'}]",400547865,2014,2,6,4,Big 12 Conference,Big 12,True,
400548276,s:20~l:23~e:400548276~c:400548276,2014-10-05T02:30Z,74329,True,False,False,True,True,False,2014-10-05T02:30Z,ESPN,[],,,national,ESPN,1,STD,1056,Rose Bowl,Pasadena,CA,USA,False,0.0,0:00,4,3,STATUS_FINAL,post,True,Final,Final,Final,4,26,s:20~l:23~t:26,UCLA,Bruins,UCLA,UCLA Bruins,UCLA,2774ae,f2a900,True,1056,https://a.espncdn.com/i/teamlogos/ncaa/500/26.png,9,28,False,8,"[{'value': 0.0, 'displayValue': '0', 'period': 1}
 {'value': 7.0, 'displayValue': '7', 'period': 2}
 {'value': 7.0, 'displayValue': '7', 'period': 3}
 {'value': 14.0, 'displayValue': '14', 'period': 4}]","[{'name': 'overall', 'abbreviation': 'Game', 'type': 'total', 'summary': '4-1'}
 {'name': 'Home', 'abbreviation': None, 'type': 'home', 'summary': '1-1'}
 {'name': 'Road', 'abbreviation': None, 'type': 'road', 'summary': '2-0'}
 {'name': 'vs. Conf.', 'abbreviation': None, 'type': 'vsconf', 'summary': '1-1'}]",254,s:20~l:23~t:254,Utah,Utes,UTAH,Utah Utes,Utah,be0000,ffffff,True,587,https://a.espncdn.com/i/teamlogos/ncaa/500/254.png,9,30,True,99,"[{'value': 7.0, 'displayValue': '7', 'period': 1}
 {'value': 10.0, 'displayValue': '10', 'period': 2}
 {'value': 7.0, 'displayValue': '7', 'period': 3}
 {'value': 6.0, 'displayValue': '6', 'period': 4}]","[{'name': 'overall', 'abbreviation': 'Game', 'type': 'total', 'summary': '4-1'}
 {'name': 'Home', 'abbreviation': None, 'type': 'home', 'summary': '2-1'}
 {'name': 'Road', 'abbreviation': None, 'type': 'road', 'summary': '2-0'}
 {'name': 'vs. Conf.', 'abbreviation': None, 'type': 'vsconf', 'summary': '1-1'}]",400548276,2014,2,6,9,Pac-12 Conference,Pac-12,True,
400548279,s:20~l:23~e:400548279~c:400548279,2014-10-04T19:30Z,80795,True,False,False,False,True,False,2014-10-04T19:30Z,NBC,[],,,national,NBC,1,STD,3855,Notre Dame Stadium,Notre Dame,IN,USA,False,0.0,0:00,4,3,STATUS_FINAL,post,True,Final,Final,Final,4,87,s:20~l:23~t:87,Notre Dame,Fighting Irish,ND,Notre Dame Fighting Irish,Notre Dame,062340,c99700,True,3855,https://a.espncdn.com/i/teamlogos/ncaa/500/87.png,18,17,True,9,"[{'value': 0.0, 'displayValue': '0', 'period': 1}
 {'value': 7.0, 'displayValue': '7', 'period': 2}
 {'value': 0.0, 'displayValue': '0', 'period': 3}
 {'value': 10.0, 'displayValue': '10', 'period': 4}]","[{'name': 'overall', 'abbreviation': 'Game', 'type': 'total', 'summary': '5-0'}
 {'name': 'Home', 'abbreviation': None, 'type': 'home', 'summary': '3-0'}
 {'name': 'Road', 'abbreviation': None, 'type': 'road', 'summary': '0-0'}
 {'name': 'vs. Conf.', 'abbreviation': None, 'type': 'vsconf', 'summary': '0-0'}]",24,s:20~l:23~t:24,Stanford,Cardinal,STAN,Stanford Cardinal,Stanford,8c1515,ffffff,True,3940,https://a.espncdn.com/i/teamlogos/ncaa/500/24.png,9,14,False,14,"[{'value': 7.0, 'displayValue': '7', 'period': 1}
 {'value': 0.0, 'displayValue': '0', 'period': 2}
 {'value': 0.0, 'displayValue': '0', 'period': 3}
 {'value': 7.0, 'displayValue': '7', 'period': 4}]","[{'name': 'overall', 'abbreviation': 'Game', 'type': 'total', 'summary': '3-2'}
 {'name': 'Home', 'abbreviation': None, 'type': 'home', 'summary': '2-1'}
 {'name': 'Road', 'abbreviation': None, 'type': 'road', 'summary': '1-1'}
 {'name': 'vs. Conf.', 'abbreviation': None, 'type': 'vsconf', 'summary': '1-1'}]",400548279,2014,2,6,,,,,
400547956,s:20~l:23~e:400547956~c:400547956,2014-10-05T00:00Z,75923,True,False,False,True,True,False,2014-10-05T00:00Z,ABC,[],,,national,ABC,1,STD,3936,Spartan Stadium,East Lansing,MI,USA,False,0.0,0:00,4,3,STATUS_FINAL,post,True,Final,Final,Final,4,127,s:20~l:23~t:127,Michigan State,Spartans,MSU,Michigan State Spartans,Michigan State,173f35,ffffff,True,3936,https://a.espncdn.com/i/teamlogos/ncaa/500/127.png,5,27,True,10,"[{'value': 7.0, 'displayValue': '7', 'period': 1}
 {'value': 10.0, 'displayValue': '10', 'period': 2}
 {'value': 10.0, 'displayValue': '10', 'period': 3}
 {'value': 0.0, 'displayValue': '0', 'period': 4}]","[{'name': 'overall', 'abbreviation': 'Game', 'type': 'total', 'summary': '4-1'}
 {'name': 'Home', 'abbreviation': None, 'type': 'home', 'summary': '4-0'}
 {'name': 'Road', 'abbreviation': None, 'type': 'road', 'summary': '0-1'}
 {'name': 'vs. Conf.', 'abbreviation': None, 'type': 'vsconf', 'summary': '1-0'}]",158,s:20~l:23~t:158,Nebraska,Cornhuskers,NEB,Nebraska Cornhuskers,Nebraska,e31937,ffffff,True,3834,https://a.espncdn.com/i/teamlogos/ncaa/500/158.png,5,22,False,19,"[{'value': 0.0, 'displayValue': '0', 'period': 1}
 {'value': 0.0, 'displayValue': '0', 'period': 2}
 {'value': 3.0, 'displayValue': '3', 'period': 3}
 {'value': 19.0, 'displayValue': '19', 'period': 4}]","[{'name': 'overall', 'abbreviation': 'Game', 'type': 'total', 'summary': '5-1'}
 {'name': 'Home', 'abbreviation': None, 'type': 'home', 'summary': '4-0'}
 {'name': 'Road', 'abbreviation': None, 'type': 'road', 'summary': '1-1'}
 {'name': 'vs. Conf.', 'abbreviation': None, 'type': 'vsconf', 'summary': '1-1'}]",400547956,2014,2,6,5,Big Ten Conference,Big Ten,True,
400548378,s:20~l:23~e:400548378~c:400548378,2014-10-04T20:00Z,92746,True,False,False,True,True,False,2014-10-04T20:00Z,SEC Network,[],,,national,SEC Network,1,STD,3917,Sanford Stadium,Athens,GA,USA,False,0.0,0:00,4,3,STATUS_FINAL,post,True,Final,Final,Final,4,61,s:20~l:23~t:61,Georgia,Bulldogs,UGA,Georgia Bulldogs,Georgia,ba0c2f,2c2a29,True,3917,https://a.espncdn.com/i/teamlogos/ncaa/500/61.png,8,44,True,13,"[{'value': 21.0, 'displayValue': '21', 'period': 1}
 {'value': 6.0, 'displayValue': '6', 'period': 2}
 {'value': 7.0, 'displayValue': '7', 'period': 3}
 {'value': 10.0, 'displayValue': '10', 'period': 4}]","[{'name': 'overall', 'abbreviation': 'Game', 'type': 'total', 'summary': '4-1'}
 {'name': 'Home', 'abbreviation': None, 'type': 'home', 'summary': '4-0'}
 {'name': 'Road', 'abbreviation': None, 'type': 'road', 'summary': '0-1'}
 {'name': 'vs. Conf.', 'abbreviation': None, 'type': 'vsconf', 'summary': '2-1'}]",238,s:20~l:23~t:238,Vanderbilt,Commodores,VAN,Vanderbilt Commodores,Vanderbilt,000000,cfae70,True,3973,https://a.espncdn.com/i/teamlogos/ncaa/500/238.png,8,17,False,99,"[{'value': 0.0, 'displayValue': '0', 'period': 1}
 {'value': 7.0, 'displayValue': '7', 'period': 2}
 {'value': 3.0, 'displayValue': '3', 'period': 3}
 {'value': 7.0, 'displayValue': '7', 'period': 4}]","[{'name': 'overall', 'abbreviation': 'Game', 'type': 'total', 'summary': '1-5'}
 {'name': 'Home', 'abbreviation': None, 'type': 'home', 'summary': '1-3'}
 {'name': 'Road', 'abbreviation': None, 'type': 'road', 'summary': '0-2'}
 {'name': 'vs. Conf.', 'abbreviation': None, 'type': 'vsconf', 'summary': '0-4'}]",400548378,2014,2,6,8,Southeastern Conference,SEC,True,
400548275,s:20~l:23~e:400548275~c:400548275,2014-10-04T23:30Z,70115,True,False,False,True,True,False,2014-10-04T23:30Z,FOX,[],,,national,FOX,1,STD,477,Los Angeles Memorial Coliseum,Los Angeles,CA,USA,False,0.0,0:00,4,3,STATUS_FINAL,post,True,Final,Final,Final,4,30,s:20~l:23~t:30,USC,Trojans,USC,USC Trojans,USC,9d2235,ffc72c,True,477,https://a.espncdn.com/i/teamlogos/ncaa/500/30.png,9,34,False,16,"[{'value': 7.0, 'displayValue': '7', 'period': 1}
 {'value': 10.0, 'displayValue': '10', 'period': 2}
 {'value': 3.0, 'displayValue': '3', 'period': 3}
 {'value': 14.0, 'displayValue': '14', 'period': 4}]","[{'name': 'overall', 'abbreviation': 'Game', 'type': 'total', 'summary': '3-2'}
 {'name': 'Home', 'abbreviation': None, 'type': 'home', 'summary': '2-1'}
 {'name': 'Road', 'abbreviation': None, 'type': 'road', 'summary': '1-1'}
 {'name': 'vs. Conf.', 'abbreviation': None, 'type': 'vsconf', 'summary': '2-1'}]",9,s:20~l:23~t:9,Arizona State,Sun Devils,ASU,Arizona State Sun Devils,Arizona State,ffc627,8c1d40,True,3947,https://a.espncdn.com/i/teamlogos/ncaa/500/9.png,9,38,True,99,"[{'value': 0.0, 'displayValue': '0', 'period': 1}
 {'value': 15.0, 'displayValue': '15', 'period': 2}
 {'value': 3.0, 'displayValue': '3', 'period': 3}
 {'value': 20.0, 'displayValue': '20', 'period': 4}]","[{'name': 'overall', 'abbreviation': 'Game', 'type': 'total', 'summary': '4-1'}
 {'name': 'Home', 'abbreviation': None, 'type': 'home', 'summary': '1-1'}
 {'name': 'Road', 'abbreviation': None, 'type': 'road', 'summary': '3-0'}
 {'name': 'vs. Conf.', 'abbreviation': None, 'type': 'vsconf', 'summary': '2-1'}]",400548275,2014,2,6,9,Pac-12 Conference,Pac-12,True,
400547979,s:20~l:23~e:400547979~c:400547979,2014-10-04T19:30Z,42013,True,False,False,True,True,False,2014-10-04T19:30Z,ESPN2,[],,,national,ESPN2,1,STD,3911,Ryan Field (1926),Evanston,IL,USA,False,0.0,0:00,4,3,STATUS_FINAL,post,True,Final,Final,Final,4,77,s:20~l:23~t:77,Northwestern,Wildcats,NW,Northwestern Wildcats,Northwestern,492f92,ffffff,True,3911,https://a.espncdn.com/i/teamlogos/ncaa/500/77.png,5,20,True,99,"[{'value': 3.0, 'displayValue': '3', 'period': 1}
 {'value': 7.0, 'displayValue': '7', 'period': 2}
 {'value': 7.0, 'displayValue': '7', 'period': 3}
 {'value': 3.0, 'displayValue': '3', 'period': 4}]","[{'name': 'overall', 'abbreviation': 'Game', 'type': 'total', 'summary': '3-2'}
 {'name': 'Home', 'abbreviation': None, 'type': 'home', 'summary': '2-2'}
 {'name': 'Road', 'abbreviation': None, 'type': 'road', 'summary': '1-0'}
 {'name': 'vs. Conf.', 'abbreviation': None, 'type': 'vsconf', 'summary': '2-0'}]",275,s:20~l:23~t:275,Wisconsin,Badgers,WIS,Wisconsin Badgers,Wisconsin,a00000,ffffff,True,347,https://a.espncdn.com/i/teamlogos/ncaa/500/275.png,5,14,False,17,"[{'value': 0.0, 'displayValue': '0', 'period': 1}
 {'value': 0.0, 'displayValue': '0', 'period': 2}
 {'value': 7.0, 'displayValue': '7', 'period': 3}
 {'value': 7.0, 'displayValue': '7', 'period': 4}]","[{'name': 'overall', 'abbreviation': 'Game', 'type': 'total', 'summary': '3-2'}
 {'name': 'Home', 'abbreviation': None, 'type': 'home', 'summary': '3-0'}
 {'name': 'Road', 'abbreviation': None, 'type': 'road', 'summary': '0-1'}
 {'name': 'vs. Conf.', 'abbreviation': None, 'type': 'vsconf', 'summary': '0-1'}]",400547979,2014,2,6,5,Big Ten Conference,Big Ten,True,
400547937,s:20~l:23~e:400547937~c:400547937,2014-10-04T16:00Z,51802,True,False,False,True,True,False,2014-10-04T16:00Z,ABC,[],,,national,ABC,1,STD,3665,SECU Stadium,College Park,MD,USA,False,0.0,0:00,4,3,STATUS_FINAL,post,True,Final,Final,Final,4,120,s:20~l:23~t:120,Maryland,Terrapins,MD,Maryland Terrapins,Maryland,ce1126,ffffff,True,3665,https://a.espncdn.com/i/teamlogos/ncaa/500/120.png,5,24,False,99,"[{'value': 3.0, 'displayValue': '3', 'period': 1}
 {'value': 7.0, 'displayValue': '7', 'period': 2}
 {'value': 7.0, 'displayValue': '7', 'period': 3}
 {'value': 7.0, 'displayValue': '7', 'period': 4}]","[{'name': 'overall', 'abbreviation': 'Game', 'type': 'total', 'summary': '4-2'}
 {'name': 'Home', 'abbreviation': None, 'type': 'home', 'summary': '1-2'}
 {'name': 'Road', 'abbreviation': None, 'type': 'road', 'summary': '3-0'}
 {'name': 'vs. Conf.', 'abbreviation': None, 'type': 'vsconf', 'summary': '1-1'}]",194,s:20~l:23~t:194,Ohio State,Buckeyes,OSU,Ohio State Buckeyes,OSU,ba0c2f,a8adb4,True,3861,https://a.espncdn.com/i/teamlogos/ncaa/500/194.png,5,52,True,20,"[{'value': 14.0, 'displayValue': '14', 'period': 1}
 {'value': 17.0, 'displayValue': '17', 'period': 2}
 {'value': 7.0, 'displayValue': '7', 'period': 3}
 {'value': 14.0, 'displayValue': '14', 'period': 4}]","[{'name': 'overall', 'abbreviation': 'Game', 'type': 'total', 'summary': '4-1'}
 {'name': 'Home', 'abbreviation': None, 'type': 'home', 'summary': '2-1'}
 {'name': 'Road', 'abbreviation': None, 'type': 'road', 'summary': '2-0'}
 {'name': 'vs. Conf.', 'abbreviation': None, 'type': 'vsconf', 'summary': '1-0'}]",400547937,2014,2,6,5,Big Ten Conference,Big Ten,True,
400547863,s:20~l:23~e:400547863~c:400547863,2014-10-04T16:00Z,52608,True,False,False,True,True,False,2014-10-04T16:00Z,FS1,[],,,national,FS1,1,STD,3646,Boone Pickens Stadium,Stillwater,OK,USA,False,0.0,0:00,4,3,STATUS_FINAL,post,True,Final,Final,Final,4,197,s:20~l:23~t:197,Oklahoma State,Cowboys,OKST,Oklahoma State Cowboys,Oklahoma State,fe5c00,000000,True,3646,https://a.espncdn.com/i/teamlogos/ncaa/500/197.png,4,37,True,21,"[{'value': 0.0, 'displayValue': '0', 'period': 1}
 {'value': 13.0, 'displayValue': '13', 'period': 2}
 {'value': 17.0, 'displayValue': '17', 'period': 3}
 {'value': 7.0, 'displayValue': '7', 'period': 4}]","[{'name': 'overall', 'abbreviation': 'Game', 'type': 'total', 'summary': '4-1'}
 {'name': 'Home', 'abbreviation': None, 'type': 'home', 'summary': '4-0'}
 {'name': 'Road', 'abbreviation': None, 'type': 'road', 'summary': '0-0'}
 {'name': 'vs. Conf.', 'abbreviation': None, 'type': 'vsconf', 'summary': '2-0'}]",66,s:20~l:23~t:66,Iowa State,Cyclones,ISU,Iowa State Cyclones,Iowa State,ae192d,ffc72a,True,3772,https://a.espncdn.com/i/teamlogos/ncaa/500/66.png,4,20,False,99,"[{'value': 0.0, 'displayValue': '0', 'period': 1}
 {'value': 6.0, 'displayValue': '6', 'period': 2}
 {'value': 7.0, 'displayValue': '7', 'period': 3}
 {'value': 7.0, 'displayValue': '7', 'period': 4}]","[{'name': 'overall', 'abbreviation': 'Game', 'type': 'total', 'summary': '1-4'}
 {'name': 'Home', 'abbreviation': None, 'type': 'home', 'summary': '0-3'}
 {'name': 'Road', 'abbreviation': None, 'type': 'road', 'summary': '1-1'}
 {'name': 'vs. Conf.', 'abbreviation': None, 'type': 'vsconf', 'summary': '0-3'}]",400547863,2014,2,6,4,Big 12 Conference,Big 12,True,
400547684,s:20~l:23~e:400547684~c:400547684,2014-10-04T16:00Z,45029,True,False,False,True,True,False,2014-10-04T16:00Z,ESPNU,[],,,national,ESPNU,1,STD,3699,Dowdy-Ficklen Stadium,Greenville,NC,USA,False,0.0,0:00,4,3,STATUS_FINAL,post,True,Final,Final,Final,4,151,s:20~l:23~t:151,East Carolina,Pirates,ECU,East Carolina Pirates,ECU,582c83,ffc72c,True,3699,https://a.espncdn.com/i/teamlogos/ncaa/500/151.png,151,45,True,22,"[{'value': 14.0, 'displayValue': '14', 'period': 1}
 {'value': 14.0, 'displayValue': '14', 'period': 2}
 {'value': 7.0, 'displayValue': '7', 'period': 3}
 {'value': 10.0, 'displayValue': '10', 'period': 4}]","[{'name': 'overall', 'abbreviation': 'Game', 'type': 'total', 'summary': '4-1'}
 {'name': 'Home', 'abbreviation': None, 'type': 'home', 'summary': '3-0'}
 {'name': 'Road', 'abbreviation': None, 'type': 'road', 'summary': '1-1'}
 {'name': 'vs. Conf.', 'abbreviation': None, 'type': 'vsconf', 'summary': '1-0'}]",2567,s:20~l:23~t:2567,SMU,Mustangs,SMU,SMU Mustangs,SMU,a80000,0033a1,True,3735,https://a.espncdn.com/i/teamlogos/ncaa/500/2567.png,151,24,False,99,"[{'value': 0.0, 'displayValue': '0', 'period': 1}
 {'value': 7.0, 'displayValue': '7', 'period': 2}
 {'value': 17.0, 'displayValue': '17', 'period': 3}
 {'value': 0.0, 'displayValue': '0', 'period': 4}]","[{'name': 'overall', 'abbreviation': 'Game', 'type': 'total', 'summary': '0-5'}
 {'name': 'Home', 'abbreviation': None, 'type': 'home', 'summary': '0-2'}
 {'name': 'Road', 'abbreviation': None, 'type': 'road', 'summary': '0-3'}
 {'name': 'vs. Conf.', 'abbreviation': None, 'type': 'vsconf', 'summary': '0-1'}]",400547684,2014,2,6,151,American Conference,American,True,
400547864,s:20~l:23~e:400547864~c:400547864,2014-10-04T23:00Z,52726,True,False,False,True,True,False,2014-10-04T23:00Z,ESPNU,[],,,national,ESPNU,1,STD,3636,Bill Snyder Family Stadium,Manhattan,KS,USA,False,0.0,0:00,4,3,STATUS_FINAL,post,True,Final,Final,Final,4,2306,s:20~l:23~t:2306,Kansas State,Wildcats,KSU,Kansas State Wildcats,Kansas State,330a57,e2e3e4,True,3636,https://a.espncdn.com/i/teamlogos/ncaa/500/2306.png,4,45,True,23,"[{'value': 7.0, 'displayValue': '7', 'period': 1}
 {'value': 17.0, 'displayValue': '17', 'period': 2}
 {'value': 7.0, 'displayValue': '7', 'period': 3}
 {'value': 14.0, 'displayValue': '14', 'period': 4}]","[{'name': 'overall', 'abbreviation': 'Game', 'type': 'total', 'summary': '4-1'}
 {'name': 'Home', 'abbreviation': None, 'type': 'home', 'summary': '3-1'}
 {'name': 'Road', 'abbreviation': None, 'type': 'road', 'summary': '1-0'}
 {'name': 'vs. Conf.', 'abbreviation': None, 'type': 'vsconf', 'summary': '2-0'}]",2641,s:20~l:23~t:2641,Texas Tech,Red Raiders,TTU,Texas Tech Red Raiders,Texas Tech,da291c,000000,True,3784,https://a.espncdn.com/i/teamlogos/ncaa/500/2641.png,4,13,False,99,"[{'value': 0.0, 'displayValue': '0', 'period': 1}
 {'value': 7.0, 'displayValue': '7', 'period': 2}
 {'value': 0.0, 'displayValue': '0', 'period': 3}
 {'value': 6.0, 'displayValue': '6', 'period': 4}]","[{'name': 'overall', 'abbreviation': 'Game', 'type': 'total', 'summary': '2-3'}
 {'name': 'Home', 'abbreviation': None, 'type': 'home', 'summary': '1-1'}
 {'name': 'Road', 'abbreviation': None, 'type': 'road', 'summary': '1-2'}
 {'name': 'vs. Conf.', 'abbreviation': None, 'type': 'vsconf', 'summary': '0-2'}]",400547864,2014,2,6,4,Big 12 Conference,Big 12,True,
400547909,s:20~l:23~e:400547909~c:400547909,2014-10-04T16:00Z,45046,True,False,False,True,True,False,2014-10-04T16:00Z,ESPN2,[],,,national,ESPN2,1,STD,3832,Gies Memorial Stadium,Champaign,IL,USA,False,0.0,0:00,4,3,STATUS_FINAL,post,True,Final,Final,Final,4,356,s:20~l:23~t:356,Illinois,Fighting Illini,ILL,Illinois Fighting Illini,Illinois,ff5f05,13294b,True,3597,https://a.espncdn.com/i/teamlogos/ncaa/500/356.png,5,27,False,99,"[{'value': 14.0, 'displayValue': '14', 'period': 1}
 {'value': 0.0, 'displayValue': '0', 'period': 2}
 {'value': 13.0, 'displayValue': '13', 'period': 3}
 {'value': 0.0, 'displayValue': '0', 'period': 4}]","[{'name': 'overall', 'abbreviation': 'Game', 'type': 'total', 'summary': '3-3'}
 {'name': 'Home', 'abbreviation': None, 'type': 'home', 'summary': '3-1'}
 {'name': 'Road', 'abbreviation': None, 'type': 'road', 'summary': '0-2'}
 {'name': 'vs. Conf.', 'abbreviation': None, 'type': 'vsconf', 'summary': '0-2'}]",2509,s:20~l:23~t:2509,Purdue,Boilermakers,PUR,Purdue Boilermakers,Purdue,ceb888,000000,True,3907,https://a.espncdn.com/i/teamlogos/ncaa/500/2509.png,5,38,True,99,"[{'value': 7.0, 'displayValue': '7', 'period': 1}
 {'value': 10.0, 'displayValue': '10', 'period': 2}
 {'value': 14.0, 'displayValue': '14', 'period': 3}
 {'value': 7.0, 'displayValue': '7', 'period': 4}]","[{'name': 'overall', 'abbreviation': 'Game', 'type': 'total', 'summary': '3-3'}
 {'name': 'Home', 'abbreviation': None, 'type': 'home', 'summary': '2-2'}
 {'name': 'Road', 'abbreviation': None, 'type': 'road', 'summary': '1-0'}
 {'name': 'vs. Conf.', 'abbreviation': None, 'type': 'vsconf', 'summary': '1-1'}]",400547909,2014,2,6,5,Big Ten Conference,Big Ten,True,
400548041,s:20~l:23~e:400548041~c:400548041,2014-10-04T16:00Z,20118,True,False,False,True,True,False,2014-10-04T16:00Z,,[],,,,,1,STD,3918,S.B. Ballard Stadium,Norfolk,VA,USA,False,0.0,0:00,4,3,STATUS_FINAL,post,True,Final,Final,Final,4,295,s:20~l:23~t:295,Old Dominion,Monarchs,ODU,Old Dominion Monarchs,Old Dominion,003768,a1d2f1,True,3918,https://a.espncdn.com/i/teamlogos/ncaa/500/295.png,12,14,False,99,"[{'value': 7.0, 'displayValue': '7', 'period': 1}
 {'value': 0.0, 'displayValue': '0', 'period': 2}
 {'value': 0.0, 'displayValue': '0', 'period': 3}
 {'value': 7.0, 'displayValue': '7', 'period': 4}]","[{'name': 'overall', 'abbreviation': 'Game', 'type': 'total', 'summary': '3-3'}
 {'name': 'Home', 'abbreviation': None, 'type': 'home', 'summary': '2-2'}
 {'name': 'Road', 'abbreviation': None, 'type': 'road', 'summary': '1-1'}
 {'name': 'vs. Conf.', 'abbreviation': None, 'type': 'vsconf', 'summary': '1-2'}]",276,s:20~l:23~t:276,Marshall,Thundering Herd,MRSH,Marshall Thundering Herd,Marshall,00b140,000000,True,3775,https://a.espncdn.com/i/teamlogos/ncaa/500/276.png,12,56,True,99,"[{'value': 28.0, 'displayValue': '28', 'period': 1}
 {'value': 14.0, 'displayValue': '14', 'period': 2}
 {'value': 14.0, 'displayValue': '14', 'period': 3}
 {'value': 0.0, 'displayValue': '0', 'period': 4}]","[{'name': 'overall', 'abbreviation': 'Game', 'type': 'total', 'summary': '5-0'}
 {'name': 'Home', 'abbreviation': None, 'type': 'home', 'summary': '2-0'}
 {'name': 'Road', 'abbreviation': None, 'type': 'road', 'summary': '3-0'}
 {'name': 'vs. Conf.', 'abbreviation': None, 'type': 'vsconf', 'summary': '1-0'}]",400548041,2014,2,6,12,Conference USA,CUSA,True,
400548042,s:20~l:23~e:400548042~c:400548042,2014-10-04T16:00Z,14022,True,False,False,True,True,False,2014-10-04T16:00Z,,[],,,,,1,STD,3725,"Johnny ""Red"" Floyd Stadium",Murfreesboro,TN,USA,False,0.0,0:00,4,3,STATUS_FINAL,post,True,Final,Final,Final,4,2393,s:20~l:23~t:2393,Middle Tennessee,Blue Raiders,MTSU,Middle Tennessee Blue Raiders,Mid Tennessee,036eb7,ffffff,True,3725,https://a.espncdn.com/i/teamlogos/ncaa/500/2393.png,12,37,True,99,"[{'value': 10.0, 'displayValue': '10', 'period': 1}
 {'value': 14.0, 'displayValue': '14', 'period': 2}
 {'value': 0.0, 'displayValue': '0', 'period': 3}
 {'value': 13.0, 'displayValue': '13', 'period': 4}]","[{'name': 'overall', 'abbreviation': 'Game', 'type': 'total', 'summary': '4-2'}
 {'name': 'Home', 'abbreviation': None, 'type': 'home', 'summary': '3-0'}
 {'name': 'Road', 'abbreviation': None, 'type': 'road', 'summary': '1-2'}
 {'name': 'vs. Conf.', 'abbreviation': None, 'type': 'vsconf', 'summary': '3-0'}]",2572,s:20~l:23~t:2572,Southern Mississippi,Golden Eagles,USM,Southern Mississippi Golden Eagles,Southern Miss,ffc72c,231f20,False,3815,https://a.espncdn.com/i/teamlogos/ncaa/500/2572.png,12,31,False,99,"[{'value': 3.0, 'displayValue': '3', 'period': 1}
 {'value': 9.0, 'displayValue': '9', 'period': 2}
 {'value': 0.0, 'displayValue': '0', 'period': 3}
 {'value': 19.0, 'displayValue': '19', 'period': 4}]","[{'name': 'overall', 'abbreviation': 'Game', 'type': 'total', 'summary': '2-4'}
 {'name': 'Home', 'abbreviation': None, 'type': 'home', 'summary': '2-1'}
 {'name': 'Road', 'abbreviation': None, 'type': 'road', 'summary': '0-3'}
 {'name': 'vs. Conf.', 'abbreviation': None, 'type': 'vsconf', 'summary': '0-2'}]",400548042,2014,2,6,12,Conference USA,CUSA,True,
400548120,s:20~l:23~e:400548120~c:400548120,2014-10-04T16:00Z,31384,True,False,False,False,True,False,2014-10-04T16:00Z,CBSSN,[],,,national,CBSSN,1,STD,3841,Michie Stadium,West Point,NY,USA,False,0.0,0:00,4,3,STATUS_FINAL,post,True,Final,Final,Final,4,349,s:20~l:23~t:349,Army,Black Knights,ARMY,Army Black Knights,Army,000000,d3bc8d,True,3841,https://a.espncdn.com/i/teamlogos/ncaa/500/349.png,18,33,True,99,"[{'value': 14.0, 'displayValue': '14', 'period': 1}
 {'value': 6.0, 'displayValue': '6', 'period': 2}
 {'value': 7.0, 'displayValue': '7', 'period': 3}
 {'value': 6.0, 'displayValue': '6', 'period': 4}]","[{'name': 'overall', 'abbreviation': 'Game', 'type': 'total', 'summary': '2-3'}
 {'name': 'Home', 'abbreviation': None, 'type': 'home', 'summary': '2-0'}
 {'name': 'Road', 'abbreviation': None, 'type': 'road', 'summary': '0-3'}
 {'name': 'vs. Conf.', 'abbreviation': None, 'type': 'vsconf', 'summary': '0-0'}]",2050,s:20~l:23~t:2050,Ball State,Cardinals,BALL,Ball State Cardinals,Ball State,ba0c2f,ffffff,True,3919,https://a.espncdn.com/i/teamlogos/ncaa/500/2050.png,15,24,False,99,"[{'value': 7.0, 'displayValue': '7', 'period': 1}
 {'value': 3.0, 'displayValue': '3', 'period': 2}
 {'value': 0.0, 'displayValue': '0', 'period': 3}
 {'value': 14.0, 'displayValue': '14', 'period': 4}]","[{'name': 'overall', 'abbreviation': 'Game', 'type': 'total', 'summary': '1-4'}
 {'name': 'Home', 'abbreviation': None, 'type': 'home', 'summary': '1-1'}
 {'name': 'Road', 'abbreviation': None, 'type': 'road', 'summary': '0-3'}
 {'name': 'vs. Conf.', 'abbreviation': None, 'type': 'vsconf', 'summary': '0-1'}]",400548120,2014,2,6,,,,,
400548376,s:20~l:23~e:400548376~c:400548376,2014-10-04T16:00Z,102455,True,False,False,True,True,False,2014-10-04T16:00Z,SEC Network,[],,,national,SEC Network,1,STD,3853,Neyland Stadium,Knoxville,TN,USA,False,0.0,0:00,4,3,STATUS_FINAL,post,True,Final,Final,Final,4,2633,s:20~l:23~t:2633,Tennessee,Volunteers,TENN,Tennessee Volunteers,Tennessee,ff8200,ffffff,True,3853,https://a.espncdn.com/i/teamlogos/ncaa/500/2633.png,8,9,False,99,"[{'value': 0.0, 'displayValue': '0', 'period': 1}
 {'value': 3.0, 'displayValue': '3', 'period': 2}
 {'value': 6.0, 'displayValue': '6', 'period': 3}
 {'value': 0.0, 'displayValue': '0', 'period': 4}]","[{'name': 'overall', 'abbreviation': 'Game', 'type': 'total', 'summary': '2-3'}
 {'name': 'Home', 'abbreviation': None, 'type': 'home', 'summary': '2-1'}
 {'name': 'Road', 'abbreviation': None, 'type': 'road', 'summary': '0-2'}
 {'name': 'vs. Conf.', 'abbreviation': None, 'type': 'vsconf', 'summary': '0-2'}]",57,s:20~l:23~t:57,Florida,Gators,FLA,Florida Gators,Florida,0021a5,fa4616,True,3634,https://a.espncdn.com/i/teamlogos/ncaa/500/57.png,8,10,True,99,"[{'value': 0.0, 'displayValue': '0', 'period': 1}
 {'value': 0.0, 'displayValue': '0', 'period': 2}
 {'value': 0.0, 'displayValue': '0', 'period': 3}
 {'value': 10.0, 'displayValue': '10', 'period': 4}]","[{'name': 'overall', 'abbreviation': 'Game', 'type': 'total', 'summary': '3-1'}
 {'name': 'Home', 'abbreviation': None, 'type': 'home', 'summary': '2-0'}
 {'name': 'Road', 'abbreviation': None, 'type': 'road', 'summary': '1-1'}
 {'name': 'vs. Conf.', 'abbreviation': None, 'type': 'vsconf', 'summary': '2-1'}]",400548376,2014,2,6,8,Southeastern Conference,SEC,True,
400547797,s:20~l:23~e:400547797~c:400547797,2014-10-04T16:30Z,60000,True,False,False,True,True,False,2014-10-04T16:30Z,ESPN3,[],,,national,ESPN3,1,STD,3787,Kenan Stadium,Chapel Hill,NC,USA,False,0.0,0:00,4,3,STATUS_FINAL,post,True,Final,Final,Final,4,153,s:20~l:23~t:153,North Carolina,Tar Heels,UNC,North Carolina Tar Heels,UNC,7bafd4,13294b,True,3787,https://a.espncdn.com/i/teamlogos/ncaa/500/153.png,1,17,False,99,"[{'value': 3.0, 'displayValue': '3', 'period': 1}
 {'value': 0.0, 'displayValue': '0', 'period': 2}
 {'value': 0.0, 'displayValue': '0', 'period': 3}
 {'value': 14.0, 'displayValue': '14', 'period': 4}]","[{'name': 'overall', 'abbreviation': 'Game', 'type': 'total', 'summary': '2-3'}
 {'name': 'Home', 'abbreviation': None, 'type': 'home', 'summary': '2-1'}
 {'name': 'Road', 'abbreviation': None, 'type': 'road', 'summary': '0-2'}
 {'name': 'vs. Conf.', 'abbreviation': None, 'type': 'vsconf', 'summary': '0-2'}]",259,s:20~l:23~t:259,Virginia Tech,Hokies,VT,Virginia Tech Hokies,Virginia Tech,6a2c3e,cf4520,True,3799,https://a.espncdn.com/i/teamlogos/ncaa/500/259.png,1,34,True,99,"[{'value': 14.0, 'displayValue': '14', 'period': 1}
 {'value': 10.0, 'displayValue': '10', 'period': 2}
 {'value': 0.0, 'displayValue': '0', 'period': 3}
 {'value': 10.0, 'displayValue': '10', 'period': 4}]","[{'name': 'overall', 'abbreviation': 'Game', 'type': 'total', 'summary': '4-2'}
 {'name': 'Home', 'abbreviation': None, 'type': 'home', 'summary': '2-2'}
 {'name': 'Road', 'abbreviation': None, 'type': 'road', 'summary': '2-0'}
 {'name': 'vs. Conf.', 'abbreviation': None, 'type': 'vsconf', 'summary': '1-1'}]",400547797,2014,2,6,1,Atlantic Coast Conference,ACC,True,
400557419,s:20~l:23~e:400557419~c:400557419,2014-10-04T17:30Z,7892,True,False,False,False,True,False,2014-10-04T17:30Z,ESPN3,[],,,national,ESPN3,1,STD,3710,Ernest W. Spangler Stadium,Boiling Springs,NC,USA,False,0.0,0:00,4,3,STATUS_FINAL,post,True,Final,Final,Final,4,2241,s:20~l:23~t:2241,Gardner-Webb,Bulldogs,WEBB,Gardner-Webb Bulldogs,Gardner-Webb,c12535,909090,False,3710,https://a.espncdn.com/i/teamlogos/ncaa/500/2241.png,40,27,True,99,"[{'value': 14.0, 'displayValue': '14', 'period': 1}
 {'value': 3.0, 'displayValue': '3', 'period': 2}
 {'value': 0.0, 'displayValue': '0', 'period': 3}
 {'value': 10.0, 'displayValue': '10', 'period': 4}]","[{'name': 'overall', 'abbreviation': 'Game', 'type': 'total', 'summary': '3-3'}
 {'name': 'Home', 'abbreviation': None, 'type': 'home', 'summary': '3-0'}
 {'name': 'Road', 'abbreviation': None, 'type': 'road', 'summary': '0-3'}
 {'name': 'vs. Conf.', 'abbreviation': None, 'type': 'vsconf', 'summary': '0-0'}]",2429,s:20~l:23~t:2429,Charlotte,49ers,CHAR,Charlotte 49ers,Charlotte,005035,a49665,True,4418,https://a.espncdn.com/i/teamlogos/ncaa/500/2429.png,32,24,False,99,"[{'value': 10.0, 'displayValue': '10', 'period': 1}
 {'value': 7.0, 'displayValue': '7', 'period': 2}
 {'value': 0.0, 'displayValue': '0', 'period': 3}
 {'value': 7.0, 'displayValue': '7', 'period': 4}]","[{'name': 'overall', 'abbreviation': 'Game', 'type': 'total', 'summary': '3-3'}
 {'name': 'Home', 'abbreviation': None, 'type': 'home', 'summary': '1-1'}
 {'name': 'Road', 'abbreviation': None, 'type': 'road', 'summary': '2-2'}
 {'name': 'vs. Conf.', 'abbreviation': None, 'type': 'vsconf', 'summary': '0-0'}]",400557419,2014,2,6,,,,,
400548122,s:20~l:23~e:400548122~c:400548122,2014-10-04T18:00Z,8416,True,False,False,True,True,False,2014-10-04T18:00Z,ESPN3,[],,,national,ESPN3,1,STD,3768,InfoCision Stadium,Akron,OH,USA,False,0.0,0:00,4,3,STATUS_FINAL,post,True,Final,Final,Final,4,2006,s:20~l:23~t:2006,Akron,Zips,AKR,Akron Zips,Akron,041e42,c5b783,True,3768,https://a.espncdn.com/i/teamlogos/ncaa/500/2006.png,15,31,True,99,"[{'value': 7.0, 'displayValue': '7', 'period': 1}
 {'value': 3.0, 'displayValue': '3', 'period': 2}
 {'value': 14.0, 'displayValue': '14', 'period': 3}
 {'value': 7.0, 'displayValue': '7', 'period': 4}]","[{'name': 'overall', 'abbreviation': 'Game', 'type': 'total', 'summary': '3-2'}
 {'name': 'Home', 'abbreviation': None, 'type': 'home', 'summary': '2-1'}
 {'name': 'Road', 'abbreviation': None, 'type': 'road', 'summary': '1-1'}
 {'name': 'vs. Conf.', 'abbreviation': None, 'type': 'vsconf', 'summary': '1-0'}]",2199,s:20~l:23~t:2199,Eastern Michigan,Eagles,EMU,Eastern Michigan Eagles,E Michigan,006938,ffffff,True,3912,https://a.espncdn.com/i/teamlogos/ncaa/500/2199.png,15,6,False,99,"[{'value': 6.0, 'displayValue': '6', 'period': 1}
 {'value': 0.0, 'displayValue': '0', 'period': 2}
 {'value': 0.0, 'displayValue': '0', 'period': 3}
 {'value': 0.0, 'displayValue': '0', 'period': 4}]","[{'name': 'overall', 'abbreviation': 'Game', 'type': 'total', 'summary': '1-4'}
 {'name': 'Home', 'abbreviation': None, 'type': 'home', 'summary': '1-0'}
 {'name': 'Road', 'abbreviation': None, 'type': 'road', 'summary': '0-4'}
 {'name': 'vs. Conf.', 'abbreviation': None, 'type': 'vsconf', 'summary': '0-1'}]",400548122,2014,2,6,15,Mid-American Conference,MAC,True,
400547920,s:20~l:23~e:400547920~c:400547920,2014-10-04T18:30Z,40457,True,False,False,False,True,False,2014-10-04T18:30Z,BTN,[],,,national,BTN,1,STD,3830,"Memorial Stadium (Bloomington, IN)",Bloomington,IN,USA,False,0.0,0:00,4,3,STATUS_FINAL,post,True,Final,Final,Final,4,84,s:20~l:23~t:84,Indiana,Hoosiers,IND,Indiana Hoosiers,Indiana,970310,ffffff,True,3830,https://a.espncdn.com/i/teamlogos/ncaa/500/84.png,5,49,True,99,"[{'value': 21.0, 'displayValue': '21', 'period': 1}
 {'value': 0.0, 'displayValue': '0', 'period': 2}
 {'value': 21.0, 'displayValue': '21', 'period': 3}
 {'value': 7.0, 'displayValue': '7', 'period': 4}]","[{'name': 'overall', 'abbreviation': 'Game', 'type': 'total', 'summary': '3-2'}
 {'name': 'Home', 'abbreviation': None, 'type': 'home', 'summary': '2-1'}
 {'name': 'Road', 'abbreviation': None, 'type': 'road', 'summary': '1-1'}
 {'name': 'vs. Conf.', 'abbreviation': None, 'type': 'vsconf', 'summary': '0-1'}]",249,s:20~l:23~t:249,North Texas,Mean Green,UNT,North Texas Mean Green,North Texas,068f33,ffffff,True,3825,https://a.espncdn.com/i/teamlogos/ncaa/500/249.png,12,24,False,99,"[{'value': 0.0, 'displayValue': '0', 'period': 1}
 {'value': 7.0, 'displayValue': '7', 'period': 2}
 {'value': 3.0, 'displayValue': '3', 'period': 3}
 {'value': 14.0, 'displayValue': '14', 'period': 4}]","[{'name': 'overall', 'abbreviation': 'Game', 'type': 'total', 'summary': '2-3'}
 {'name': 'Home', 'abbreviation': None, 'type': 'home', 'summary': '2-1'}
 {'name': 'Road', 'abbreviation': None, 'type': 'road', 'summary': '0-2'}
 {'name': 'vs. Conf.', 'abbreviation': None, 'type': 'vsconf', 'summary': '0-1'}]",400547920,2014,2,6,,,,,
400548126,s:20~l:23~e:400548126~c:400548126,2014-10-04T18:30Z,15970,True,False,False,True,True,False,2014-10-04T18:30Z,ESPN3,[],,,national,ESPN3,1,STD,3996,Yager Stadium,Oxford,OH,USA,False,0.0,0:00,4,3,STATUS_FINAL,post,True,Final,Final,Final,4,193,s:20~l:23~t:193,Miami (OH),RedHawks,M-OH,Miami (OH) RedHawks,Miami (OH),c41230,ffffff,True,3996,https://a.espncdn.com/i/teamlogos/ncaa/500/193.png,15,42,True,99,"[{'value': 0.0, 'displayValue': '0', 'period': 1}
 {'value': 21.0, 'displayValue': '21', 'period': 2}
 {'value': 7.0, 'displayValue': '7', 'period': 3}
 {'value': 14.0, 'displayValue': '14', 'period': 4}]","[{'name': 'overall', 'abbreviation': 'Game', 'type': 'total', 'summary': '1-5'}
 {'name': 'Home', 'abbreviation': None, 'type': 'home', 'summary': '1-2'}
 {'name': 'Road', 'abbreviation': None, 'type': 'road', 'summary': '0-3'}
 {'name': 'vs. Conf.', 'abbreviation': None, 'type': 'vsconf', 'summary': '1-1'}]",113,s:20~l:23~t:113,Massachusetts,Minutemen,UMASS,Massachusetts Minutemen,UMass,881c1c,ffffff,True,3985,https://a.espncdn.com/i/teamlogos/ncaa/500/113.png,15,41,False,99,"[{'value': 14.0, 'displayValue': '14', 'period': 1}
 {'value': 27.0, 'displayValue': '27', 'period': 2}
 {'value': 0.0, 'displayValue': '0', 'period': 3}
 {'value': 0.0, 'displayValue': '0', 'period': 4}]","[{'name': 'overall', 'abbreviation': 'Game', 'type': 'total', 'summary': '0-6'}
 {'name': 'Home', 'abbreviation': None, 'type': 'home', 'summary': '0-3'}
 {'name': 'Road', 'abbreviation': None, 'type': 'road', 'summary': '0-3'}
 {'name': 'vs. Conf.', 'abbreviation': None, 'type': 'vsconf', 'summary': '0-2'}]",400548126,2014,2,6,15,Mid-American Conference,MAC,True,
400547685,s:20~l:23~e:400547685~c:400547685,2014-10-04T19:00Z,25806,True,False,False,False,True,False,2014-10-04T19:00Z,,[],,,,,1,STD,3761,Hughes Stadium (CO),Fort Collins,CO,USA,False,0.0,0:00,4,3,STATUS_FINAL,post,True,Final,Final,Final,4,36,s:20~l:23~t:36,Colorado State,Rams,CSU,Colorado State Rams,Colorado State,004c23,c8c372,True,3761,https://a.espncdn.com/i/teamlogos/ncaa/500/36.png,17,42,True,99,"[{'value': 14.0, 'displayValue': '14', 'period': 1}
 {'value': 14.0, 'displayValue': '14', 'period': 2}
 {'value': 7.0, 'displayValue': '7', 'period': 3}
 {'value': 7.0, 'displayValue': '7', 'period': 4}]","[{'name': 'overall', 'abbreviation': 'Game', 'type': 'total', 'summary': '4-1'}
 {'name': 'Home', 'abbreviation': None, 'type': 'home', 'summary': '2-0'}
 {'name': 'Road', 'abbreviation': None, 'type': 'road', 'summary': '1-1'}
 {'name': 'vs. Conf.', 'abbreviation': None, 'type': 'vsconf', 'summary': '0-1'}]",202,s:20~l:23~t:202,Tulsa,Golden Hurricane,TLSA,Tulsa Golden Hurricane,Tulsa,003595,d0b787,True,3674,https://a.espncdn.com/i/teamlogos/ncaa/500/202.png,151,17,False,99,"[{'value': 0.0, 'displayValue': '0', 'period': 1}
 {'value': 7.0, 'displayValue': '7', 'period': 2}
 {'value': 3.0, 'displayValue': '3', 'period': 3}
 {'value': 7.0, 'displayValue': '7', 'period': 4}]","[{'name': 'overall', 'abbreviation': 'Game', 'type': 'total', 'summary': '1-4'}
 {'name': 'Home', 'abbreviation': None, 'type': 'home', 'summary': '1-2'}
 {'name': 'Road', 'abbreviation': None, 'type': 'road', 'summary': '0-2'}
 {'name': 'vs. Conf.', 'abbreviation': None, 'type': 'vsconf', 'summary': '1-0'}]",400547685,2014,2,6,,,,,
400557478,s:20~l:23~e:400557478~c:400557478,2014-10-04T19:00Z,12218,True,False,False,True,True,False,2014-10-04T19:00Z,,[],,,,,1,STD,3878,Robert W. Plaster Stadium,Springfield,MO,USA,False,0.0,0:00,4,3,STATUS_FINAL,post,True,Final,Final,Final,4,2623,s:20~l:23~t:2623,Missouri State,Bears,MOST,Missouri State Bears,Missouri State,5e0009,ffffff,True,3878,https://a.espncdn.com/i/teamlogos/ncaa/500/2623.png,21,7,False,99,"[{'value': 0.0, 'displayValue': '0', 'period': 1}
 {'value': 0.0, 'displayValue': '0', 'period': 2}
 {'value': 0.0, 'displayValue': '0', 'period': 3}
 {'value': 7.0, 'displayValue': '7', 'period': 4}]","[{'name': 'overall', 'abbreviation': 'Game', 'type': 'total', 'summary': '3-2'}
 {'name': 'Home', 'abbreviation': None, 'type': 'home', 'summary': '1-1'}
 {'name': 'Road', 'abbreviation': None, 'type': 'road', 'summary': '2-1'}
 {'name': 'vs. Conf.', 'abbreviation': None, 'type': 'vsconf', 'summary': '0-1'}]",2754,s:20~l:23~t:2754,Youngstown State,Penguins,YSU,Youngstown State Penguins,Youngstown St,E51936,690717,True,844,https://a.espncdn.com/i/teamlogos/ncaa/500/2754.png,21,14,True,99,"[{'value': 7.0, 'displayValue': '7', 'period': 1}
 {'value': 7.0, 'displayValue': '7', 'period': 2}
 {'value': 0.0, 'displayValue': '0', 'period': 3}
 {'value': 0.0, 'displayValue': '0', 'period': 4}]","[{'name': 'overall', 'abbreviation': 'Game', 'type': 'total', 'summary': '4-1'}
 {'name': 'Home', 'abbreviation': None, 'type': 'home', 'summary': '3-0'}
 {'name': 'Road', 'abbreviation': None, 'type': 'road', 'summary': '1-1'}
 {'name': 'vs. Conf.', 'abbreviation': None, 'type': 'vsconf', 'summary': '1-0'}]",400557478,2014,2,6,21,Missouri Valley Football Conference,MVFC,True,
400547744,s:20~l:23~e:400547744~c:400547744,2014-10-04T19:30Z,78459,True,False,False,True,True,False,2014-10-04T19:30Z,ESPNU,[],,,national,ESPNU,1,STD,3836,"Memorial Stadium (Clemson, SC)",Clemson,SC,USA,False,0.0,0:00,4,3,STATUS_FINAL,post,True,Final,Final,Final,4,228,s:20~l:23~t:228,Clemson,Tigers,CLEM,Clemson Tigers,Clemson,f56600,ffffff,True,3836,https://a.espncdn.com/i/teamlogos/ncaa/500/228.png,1,41,True,99,"[{'value': 21.0, 'displayValue': '21', 'period': 1}
 {'value': 10.0, 'displayValue': '10', 'period': 2}
 {'value': 10.0, 'displayValue': '10', 'period': 3}
 {'value': 0.0, 'displayValue': '0', 'period': 4}]","[{'name': 'overall', 'abbreviation': 'Game', 'type': 'total', 'summary': '3-2'}
 {'name': 'Home', 'abbreviation': None, 'type': 'home', 'summary': '3-0'}
 {'name': 'Road', 'abbreviation': None, 'type': 'road', 'summary': '0-2'}
 {'name': 'vs. Conf.', 'abbreviation': None, 'type': 'vsconf', 'summary': '2-1'}]",152,s:20~l:23~t:152,NC State,Wolfpack,NCST,NC State Wolfpack,NC State,cc0000,ffffff,True,3670,https://a.espncdn.com/i/teamlogos/ncaa/500/152.png,1,0,False,99,"[{'value': 0.0, 'displayValue': '0', 'period': 1}
 {'value': 0.0, 'displayValue': '0', 'period': 2}
 {'value': 0.0, 'displayValue': '0', 'period': 3}
 {'value': 0.0, 'displayValue': '0', 'period': 4}]","[{'name': 'overall', 'abbreviation': 'Game', 'type': 'total', 'summary': '4-2'}
 {'name': 'Home', 'abbreviation': None, 'type': 'home', 'summary': '3-1'}
 {'name': 'Road', 'abbreviation': None, 'type': 'road', 'summary': '1-1'}
 {'name': 'vs. Conf.', 'abbreviation': None, 'type': 'vsconf', 'summary': '0-2'}]",400547744,2014,2,6,1,Atlantic Coast Conference,ACC,True,
400548044,s:20~l:23~e:400548044~c:400548044,2014-10-04T19:30Z,30419,True,False,False,False,True,False,2014-10-04T19:30Z,,[],,,,,1,STD,3604,Alamodome,San Antonio,TX,USA,True,0.0,0:00,4,3,STATUS_FINAL,post,True,Final,Final,Final,4,2636,s:20~l:23~t:2636,UT San Antonio,Roadrunners,UTSA,UT San Antonio Roadrunners,UTSA,0c2340,f15a22,False,3604,https://a.espncdn.com/i/teamlogos/ncaa/500/2636.png,12,9,False,99,"[{'value': 0.0, 'displayValue': '0', 'period': 1}
 {'value': 3.0, 'displayValue': '3', 'period': 2}
 {'value': 6.0, 'displayValue': '6', 'period': 3}
 {'value': 0.0, 'displayValue': '0', 'period': 4}]","[{'name': 'overall', 'abbreviation': 'Game', 'type': 'total', 'summary': '1-4'}
 {'name': 'Home', 'abbreviation': None, 'type': 'home', 'summary': '0-2'}
 {'name': 'Road', 'abbreviation': None, 'type': 'road', 'summary': '1-2'}
 {'name': 'vs. Conf.', 'abbreviation': None, 'type': 'vsconf', 'summary': '0-1'}]",167,s:20~l:23~t:167,New Mexico,Lobos,UNM,New Mexico Lobos,New Mexico,ba0c2f,a7a8aa,True,3971,https://a.espncdn.com/i/teamlogos/ncaa/500/167.png,17,21,True,99,"[{'value': 0.0, 'displayValue': '0', 'period': 1}
 {'value': 0.0, 'displayValue': '0', 'period': 2}
 {'value': 14.0, 'displayValue': '14', 'period': 3}
 {'value': 7.0, 'displayValue': '7', 'period': 4}]","[{'name': 'overall', 'abbreviation': 'Game', 'type': 'total', 'summary': '2-3'}
 {'name': 'Home', 'abbreviation': None, 'type': 'home', 'summary': '0-3'}
 {'name': 'Road', 'abbreviation': None, 'type': 'road', 'summary': '2-0'}
 {'name': 'vs. Conf.', 'abbreviation': None, 'type': 'vsconf', 'summary': '0-1'}]",400548044,2014,2,6,,,,,
400548121,s:20~l:23~e:400548121~c:400548121,2014-10-04T19:30Z,17185,True,False,False,True,True,False,2014-10-04T19:30Z,ESPN3,[],,,national,ESPN3,1,STD,3700,Doyt L. Perry Stadium,Bowling Green,OH,USA,False,0.0,0:00,4,3,STATUS_FINAL,post,True,Final,Final,Final,4,189,s:20~l:23~t:189,Bowling Green,Falcons,BGSU,Bowling Green Falcons,Bowling Green,fd5000,4f2c1d,True,3700,https://a.espncdn.com/i/teamlogos/ncaa/500/189.png,15,36,True,99,"[{'value': 7.0, 'displayValue': '7', 'period': 1}
 {'value': 13.0, 'displayValue': '13', 'period': 2}
 {'value': 10.0, 'displayValue': '10', 'period': 3}
 {'value': 6.0, 'displayValue': '6', 'period': 4}]","[{'name': 'overall', 'abbreviation': 'Game', 'type': 'total', 'summary': '4-2'}
 {'name': 'Home', 'abbreviation': None, 'type': 'home', 'summary': '3-0'}
 {'name': 'Road', 'abbreviation': None, 'type': 'road', 'summary': '1-2'}
 {'name': 'vs. Conf.', 'abbreviation': None, 'type': 'vsconf', 'summary': '2-0'}]",2084,s:20~l:23~t:2084,Buffalo,Bulls,BUFF,Buffalo Bulls,Buffalo,005bbb,ffffff,True,3965,https://a.espncdn.com/i/teamlogos/ncaa/500/2084.png,15,35,False,99,"[{'value': 7.0, 'displayValue': '7', 'period': 1}
 {'value': 21.0, 'displayValue': '21', 'period': 2}
 {'value': 0.0, 'displayValue': '0', 'period': 3}
 {'value': 7.0, 'displayValue': '7', 'period': 4}]","[{'name': 'overall', 'abbreviation': 'Game', 'type': 'total', 'summary': '3-3'}
 {'name': 'Home', 'abbreviation': None, 'type': 'home', 'summary': '3-1'}
 {'name': 'Road', 'abbreviation': None, 'type': 'road', 'summary': '0-2'}
 {'name': 'vs. Conf.', 'abbreviation': None, 'type': 'vsconf', 'summary': '1-1'}]",400548121,2014,2,6,15,Mid-American Conference,MAC,True,
400548124,s:20~l:23~e:400548124~c:400548124,2014-10-04T19:30Z,18223,True,False,False,True,True,False,2014-10-04T19:30Z,ESPN3,[],,,national,ESPN3,1,STD,3786,Kelly/Shorts Stadium,Mount Pleasant,MI,USA,False,0.0,0:00,4,3,STATUS_FINAL,post,True,Final,Final,Final,4,2117,s:20~l:23~t:2117,Central Michigan,Chippewas,CMU,Central Michigan Chippewas,Cent Michigan,4c0027,fbab18,True,3786,https://a.espncdn.com/i/teamlogos/ncaa/500/2117.png,15,28,True,99,"[{'value': 14.0, 'displayValue': '14', 'period': 1}
 {'value': 0.0, 'displayValue': '0', 'period': 2}
 {'value': 7.0, 'displayValue': '7', 'period': 3}
 {'value': 7.0, 'displayValue': '7', 'period': 4}]","[{'name': 'overall', 'abbreviation': 'Game', 'type': 'total', 'summary': '3-3'}
 {'name': 'Home', 'abbreviation': None, 'type': 'home', 'summary': '2-1'}
 {'name': 'Road', 'abbreviation': None, 'type': 'road', 'summary': '1-2'}
 {'name': 'vs. Conf.', 'abbreviation': None, 'type': 'vsconf', 'summary': '1-1'}]",195,s:20~l:23~t:195,Ohio,Bobcats,OHIO,Ohio Bobcats,Ohio,154734,ffffff,True,3876,https://a.espncdn.com/i/teamlogos/ncaa/500/195.png,15,10,False,99,"[{'value': 0.0, 'displayValue': '0', 'period': 1}
 {'value': 3.0, 'displayValue': '3', 'period': 2}
 {'value': 0.0, 'displayValue': '0', 'period': 3}
 {'value': 7.0, 'displayValue': '7', 'period': 4}]","[{'name': 'overall', 'abbreviation': 'Game', 'type': 'total', 'summary': '3-3'}
 {'name': 'Home', 'abbreviation': None, 'type': 'home', 'summary': '2-0'}
 {'name': 'Road', 'abbreviation': None, 'type': 'road', 'summary': '1-3'}
 {'name': 'vs. Conf.', 'abbreviation': None, 'type': 'vsconf', 'summary': '1-1'}]",400548124,2014,2,6,15,Mid-American Conference,MAC,True,
400548205,s:20~l:23~e:400548205~c:400548205,2014-10-04T19:30Z,37731,True,False,False,False,True,False,2014-10-04T19:30Z,CBSSN,[],,,national,CBSSN,1,STD,3713,Falcon Stadium,USAF Academy,CO,USA,False,0.0,0:00,4,3,STATUS_FINAL,post,True,Final,Final,Final,4,2005,s:20~l:23~t:2005,Air Force,Falcons,AFA,Air Force Falcons,Air Force,003594,ffffff,True,3713,https://a.espncdn.com/i/teamlogos/ncaa/500/2005.png,17,30,True,99,"[{'value': 14.0, 'displayValue': '14', 'period': 1}
 {'value': 0.0, 'displayValue': '0', 'period': 2}
 {'value': 7.0, 'displayValue': '7', 'period': 3}
 {'value': 9.0, 'displayValue': '9', 'period': 4}]","[{'name': 'overall', 'abbreviation': 'Game', 'type': 'total', 'summary': '4-1'}
 {'name': 'Home', 'abbreviation': None, 'type': 'home', 'summary': '3-0'}
 {'name': 'Road', 'abbreviation': None, 'type': 'road', 'summary': '1-1'}
 {'name': 'vs. Conf.', 'abbreviation': None, 'type': 'vsconf', 'summary': '1-1'}]",2426,s:20~l:23~t:2426,Navy,Midshipmen,NAVY,Navy Midshipmen,Navy,00225b,b5a67c,True,3852,https://a.espncdn.com/i/teamlogos/ncaa/500/2426.png,18,21,False,99,"[{'value': 7.0, 'displayValue': '7', 'period': 1}
 {'value': 7.0, 'displayValue': '7', 'period': 2}
 {'value': 0.0, 'displayValue': '0', 'period': 3}
 {'value': 7.0, 'displayValue': '7', 'period': 4}]","[{'name': 'overall', 'abbreviation': 'Game', 'type': 'total', 'summary': '2-4'}
 {'name': 'Home', 'abbreviation': None, 'type': 'home', 'summary': '0-3'}
 {'name': 'Road', 'abbreviation': None, 'type': 'road', 'summary': '2-1'}
 {'name': 'vs. Conf.', 'abbreviation': None, 'type': 'vsconf', 'summary': '0-0'}]",400548205,2014,2,6,,,,,
400558039,s:20~l:23~e:400558039~c:400558039,2014-10-04T19:30Z,14894,True,False,False,False,True,False,2014-10-04T19:30Z,,[],,,,,1,STD,3695,Delaware Stadium,Newark,DE,USA,False,0.0,0:00,4,3,STATUS_FINAL,post,True,Final,Final,Final,4,48,s:20~l:23~t:48,Delaware,Blue Hens,DEL,Delaware Blue Hens,Delaware,00539f,ffd200,True,3695,https://a.espncdn.com/i/teamlogos/ncaa/500/48.png,48,7,False,99,"[{'value': 7.0, 'displayValue': '7', 'period': 1}
 {'value': 0.0, 'displayValue': '0', 'period': 2}
 {'value': 0.0, 'displayValue': '0', 'period': 3}
 {'value': 0.0, 'displayValue': '0', 'period': 4}]","[{'name': 'overall', 'abbreviation': 'Game', 'type': 'total', 'summary': '3-2'}
 {'name': 'Home', 'abbreviation': None, 'type': 'home', 'summary': '2-1'}
 {'name': 'Road', 'abbreviation': None, 'type': 'road', 'summary': '1-1'}
 {'name': 'vs. Conf.', 'abbreviation': None, 'type': 'vsconf', 'summary': '1-0'}]",2529,s:20~l:23~t:2529,Sacred Heart,Pioneers,SHU,Sacred Heart Pioneers,Sacred Heart,a40012,c29472,True,3668,https://a.espncdn.com/i/teamlogos/ncaa/500/2529.png,25,10,True,99,"[{'value': 0.0, 'displayValue': '0', 'period': 1}
 {'value': 7.0, 'displayValue': '7', 'period': 2}
 {'value': 0.0, 'displayValue': '0', 'period': 3}
 {'value': 3.0, 'displayValue': '3', 'period': 4}]","[{'name': 'overall', 'abbreviation': 'Game', 'type': 'total', 'summary': '4-1'}
 {'name': 'Home', 'abbreviation': None, 'type': 'home', 'summary': '3-1'}
 {'name': 'Road', 'abbreviation': None, 'type': 'road', 'summary': '1-0'}
 {'name': 'vs. Conf.', 'abbreviation': None, 'type': 'vsconf', 'summary': '0-0'}]",400558039,2014,2,6,,,,,
400547866,s:20~l:23~e:400547866~c:400547866,2014-10-04T20:00Z,52164,True,False,False,True,True,False,2014-10-04T20:00Z,,[],,,,,1,STD,3842,Milan Puskar Stadium,Morgantown,WV,USA,False,0.0,0:00,4,3,STATUS_FINAL,post,True,Final,Final,Final,4,277,s:20~l:23~t:277,West Virginia,Mountaineers,WVU,West Virginia Mountaineers,West Virginia,eaaa00,002855,True,3842,https://a.espncdn.com/i/teamlogos/ncaa/500/277.png,4,33,True,99,"[{'value': 16.0, 'displayValue': '16', 'period': 1}
 {'value': 10.0, 'displayValue': '10', 'period': 2}
 {'value': 7.0, 'displayValue': '7', 'period': 3}
 {'value': 0.0, 'displayValue': '0', 'period': 4}]","[{'name': 'overall', 'abbreviation': 'Game', 'type': 'total', 'summary': '3-2'}
 {'name': 'Home', 'abbreviation': None, 'type': 'home', 'summary': '2-1'}
 {'name': 'Road', 'abbreviation': None, 'type': 'road', 'summary': '1-0'}
 {'name': 'vs. Conf.', 'abbreviation': None, 'type': 'vsconf', 'summary': '1-1'}]",2305,s:20~l:23~t:2305,Kansas,Jayhawks,KU,Kansas Jayhawks,Kansas,0051ba,e8000d,True,3833,https://a.espncdn.com/i/teamlogos/ncaa/500/2305.png,4,14,False,99,"[{'value': 0.0, 'displayValue': '0', 'period': 1}
 {'value': 0.0, 'displayValue': '0', 'period': 2}
 {'value': 7.0, 'displayValue': '7', 'period': 3}
 {'value': 7.0, 'displayValue': '7', 'period': 4}]","[{'name': 'overall', 'abbreviation': 'Game', 'type': 'total', 'summary': '2-3'}
 {'name': 'Home', 'abbreviation': None, 'type': 'home', 'summary': '2-1'}
 {'name': 'Road', 'abbreviation': None, 'type': 'road', 'summary': '0-2'}
 {'name': 'vs. Conf.', 'abbreviation': None, 'type': 'vsconf', 'summary': '0-2'}]",400547866,2014,2,6,4,Big 12 Conference,Big 12,True,
400548277,s:20~l:23~e:400548277~c:400548277,2014-10-04T20:00Z,36415,True,False,False,True,True,False,2014-10-04T20:00Z,PACN,[],,,national,PACN,1,STD,3726,Folsom Field,Boulder,CO,USA,False,0.0,0:00,4,3,STATUS_FINAL,post,True,Final,Final,Final,4,38,s:20~l:23~t:38,Colorado,Buffaloes,COLO,Colorado Buffaloes,Colorado,cfb87c,000000,True,3726,https://a.espncdn.com/i/teamlogos/ncaa/500/38.png,9,31,False,99,"[{'value': 7.0, 'displayValue': '7', 'period': 1}
 {'value': 14.0, 'displayValue': '14', 'period': 2}
 {'value': 0.0, 'displayValue': '0', 'period': 3}
 {'value': 10.0, 'displayValue': '10', 'period': 4}]","[{'name': 'overall', 'abbreviation': 'Game', 'type': 'total', 'summary': '2-4'}
 {'name': 'Home', 'abbreviation': None, 'type': 'home', 'summary': '1-2'}
 {'name': 'Road', 'abbreviation': None, 'type': 'road', 'summary': '1-1'}
 {'name': 'vs. Conf.', 'abbreviation': None, 'type': 'vsconf', 'summary': '0-3'}]",204,s:20~l:23~t:204,Oregon State,Beavers,ORST,Oregon State Beavers,Oregon State,dc4405,000000,True,3893,https://a.espncdn.com/i/teamlogos/ncaa/500/204.png,9,36,True,99,"[{'value': 17.0, 'displayValue': '17', 'period': 1}
 {'value': 3.0, 'displayValue': '3', 'period': 2}
 {'value': 3.0, 'displayValue': '3', 'period': 3}
 {'value': 13.0, 'displayValue': '13', 'period': 4}]","[{'name': 'overall', 'abbreviation': 'Game', 'type': 'total', 'summary': '4-1'}
 {'name': 'Home', 'abbreviation': None, 'type': 'home', 'summary': '2-0'}
 {'name': 'Road', 'abbreviation': None, 'type': 'road', 'summary': '2-1'}
 {'name': 'vs. Conf.', 'abbreviation': None, 'type': 'vsconf', 'summary': '1-1'}]",400548277,2014,2,6,9,Pac-12 Conference,Pac-12,True,
400557479,s:20~l:23~e:400557479~c:400557479,2014-10-04T20:00Z,5111,True,False,False,True,False,False,2014-10-04T20:00Z,ESPN3,[],,,national,ESPN3,1,STD,3746,Hanson Field,Macomb,IL,USA,False,0.0,0:00,4,3,STATUS_FINAL,post,True,Final,Final,Final,4,2710,s:20~l:23~t:2710,Western Illinois,Leathernecks,WIU,Western Illinois Leathernecks,W Illinois,4e1e8a,ffc90a,True,3746,https://a.espncdn.com/i/teamlogos/ncaa/500/2710.png,21,10,False,99,"[{'value': 0.0, 'displayValue': '0', 'period': 1}
 {'value': 3.0, 'displayValue': '3', 'period': 2}
 {'value': 7.0, 'displayValue': '7', 'period': 3}
 {'value': 0.0, 'displayValue': '0', 'period': 4}]","[{'name': 'overall', 'abbreviation': 'Game', 'type': 'total', 'summary': '2-4'}
 {'name': 'Home', 'abbreviation': None, 'type': 'home', 'summary': '2-1'}
 {'name': 'Road', 'abbreviation': None, 'type': 'road', 'summary': '0-3'}
 {'name': 'vs. Conf.', 'abbreviation': None, 'type': 'vsconf', 'summary': '0-2'}]",2449,s:20~l:23~t:2449,North Dakota State,Bison,NDSU,North Dakota State Bison,North Dakota St,01402A,ffffff,True,3714,https://a.espncdn.com/i/teamlogos/ncaa/500/2449.png,21,17,True,99,"[{'value': 3.0, 'displayValue': '3', 'period': 1}
 {'value': 0.0, 'displayValue': '0', 'period': 2}
 {'value': 0.0, 'displayValue': '0', 'period': 3}
 {'value': 14.0, 'displayValue': '14', 'period': 4}]","[{'name': 'overall', 'abbreviation': 'Game', 'type': 'total', 'summary': '5-0'}
 {'name': 'Home', 'abbreviation': None, 'type': 'home', 'summary': '2-0'}
 {'name': 'Road', 'abbreviation': None, 'type': 'road', 'summary': '3-0'}
 {'name': 'vs. Conf.', 'abbreviation': None, 'type': 'vsconf', 'summary': '1-0'}]",400557479,2014,2,6,21,Missouri Valley Football Conference,MVFC,True,
400559183,s:20~l:23~e:400559183~c:400559183,2014-10-04T20:00Z,15944,True,False,False,True,True,False,2014-10-04T20:00Z,ESPN3,[],,,national,ESPN3,1,STD,3662,AmFirst Stadium,Jacksonville,AL,USA,False,0.0,0:00,4,3,STATUS_FINAL,post,True,Final,Final,Final,4,55,s:20~l:23~t:55,Jacksonville State,Gamecocks,JVST,Jacksonville State Gamecocks,Jacksonville St,cc0000,000000,True,3662,https://a.espncdn.com/i/teamlogos/ncaa/500/55.png,26,38,True,99,"[{'value': 7.0, 'displayValue': '7', 'period': 1}
 {'value': 14.0, 'displayValue': '14', 'period': 2}
 {'value': 0.0, 'displayValue': '0', 'period': 3}
 {'value': 17.0, 'displayValue': '17', 'period': 4}]","[{'name': 'overall', 'abbreviation': 'Game', 'type': 'total', 'summary': '4-1'}
 {'name': 'Home', 'abbreviation': None, 'type': 'home', 'summary': '2-0'}
 {'name': 'Road', 'abbreviation': None, 'type': 'road', 'summary': '2-1'}
 {'name': 'vs. Conf.', 'abbreviation': None, 'type': 'vsconf', 'summary': '2-0'}]",2630,s:20~l:23~t:2630,Tennessee-Martin,Skyhawks,UTM,Tennessee-Martin Skyhawks,UT Martin,FF6700,102a5c,False,3748,https://a.espncdn.com/i/teamlogos/ncaa/500/2630.png,26,14,False,99,"[{'value': 0.0, 'displayValue': '0', 'period': 1}
 {'value': 7.0, 'displayValue': '7', 'period': 2}
 {'value': 0.0, 'displayValue': '0', 'period': 3}
 {'value': 7.0, 'displayValue': '7', 'period': 4}]","[{'name': 'overall', 'abbreviation': 'Game', 'type': 'total', 'summary': '1-5'}
 {'name': 'Home', 'abbreviation': None, 'type': 'home', 'summary': '1-2'}
 {'name': 'Road', 'abbreviation': None, 'type': 'road', 'summary': '0-3'}
 {'name': 'vs. Conf.', 'abbreviation': None, 'type': 'vsconf', 'summary': '0-3'}]",400559183,2014,2,6,26,Ohio Valley Conference,OVC,True,
400548123,s:20~l:23~e:400548123~c:400548123,2014-10-04T21:00Z,15620,True,False,False,True,True,False,2014-10-04T21:00Z,ESPN3,[],,,national,ESPN3,1,STD,3764,Huskie Stadium,Dekalb,IL,USA,False,0.0,0:00,4,3,STATUS_FINAL,post,True,Final,Final,Final,4,2459,s:20~l:23~t:2459,Northern Illinois,Huskies,NIU,Northern Illinois Huskies,N Illinois,c8102e,000000,True,3764,https://a.espncdn.com/i/teamlogos/ncaa/500/2459.png,15,17,True,99,"[{'value': 0.0, 'displayValue': '0', 'period': 1}
 {'value': 7.0, 'displayValue': '7', 'period': 2}
 {'value': 10.0, 'displayValue': '10', 'period': 3}
 {'value': 0.0, 'displayValue': '0', 'period': 4}]","[{'name': 'overall', 'abbreviation': 'Game', 'type': 'total', 'summary': '4-1'}
 {'name': 'Home', 'abbreviation': None, 'type': 'home', 'summary': '2-0'}
 {'name': 'Road', 'abbreviation': None, 'type': 'road', 'summary': '2-1'}
 {'name': 'vs. Conf.', 'abbreviation': None, 'type': 'vsconf', 'summary': '1-0'}]",2309,s:20~l:23~t:2309,Kent State,Golden Flashes,KENT,Kent State Golden Flashes,Kent State,002664,eaab00,True,3696,https://a.espncdn.com/i/teamlogos/ncaa/500/2309.png,15,14,False,99,"[{'value': 0.0, 'displayValue': '0', 'period': 1}
 {'value': 3.0, 'displayValue': '3', 'period': 2}
 {'value': 3.0, 'displayValue': '3', 'period': 3}
 {'value': 8.0, 'displayValue': '8', 'period': 4}]","[{'name': 'overall', 'abbreviation': 'Game', 'type': 'total', 'summary': '0-5'}
 {'name': 'Home', 'abbreviation': None, 'type': 'home', 'summary': '0-2'}
 {'name': 'Road', 'abbreviation': None, 'type': 'road', 'summary': '0-3'}
 {'name': 'vs. Conf.', 'abbreviation': None, 'type': 'vsconf', 'summary': '0-2'}]",400548123,2014,2,6,15,Mid-American Conference,MAC,True,
400548418,s:20~l:23~e:400548418~c:400548418,2014-10-04T22:00Z,24215,True,False,False,True,True,False,2014-10-04T22:00Z,ESPN3,[],,,national,ESPN3,1,STD,3792,Kidd Brewer Stadium,Boone,NC,USA,False,0.0,0:00,4,3,STATUS_FINAL,post,True,Final,Final,Final,4,2026,s:20~l:23~t:2026,Appalachian State,Mountaineers,APP,Appalachian State Mountaineers,Appalachian St,000000,ffcd00,False,3792,https://a.espncdn.com/i/teamlogos/ncaa/500/2026.png,37,21,False,99,"[{'value': 0.0, 'displayValue': '0', 'period': 1}
 {'value': 7.0, 'displayValue': '7', 'period': 2}
 {'value': 0.0, 'displayValue': '0', 'period': 3}
 {'value': 14.0, 'displayValue': '14', 'period': 4}]","[{'name': 'overall', 'abbreviation': 'Game', 'type': 'total', 'summary': '1-4'}
 {'name': 'Home', 'abbreviation': None, 'type': 'home', 'summary': '1-1'}
 {'name': 'Road', 'abbreviation': None, 'type': 'road', 'summary': '0-3'}
 {'name': 'vs. Conf.', 'abbreviation': None, 'type': 'vsconf', 'summary': '0-2'}]",6,s:20~l:23~t:6,South Alabama,Jaguars,USA,South Alabama Jaguars,South Alabama,00205b,bf0d3e,True,6526,https://a.espncdn.com/i/teamlogos/ncaa/500/6.png,37,47,True,99,"[{'value': 10.0, 'displayValue': '10', 'period': 1}
 {'value': 10.0, 'displayValue': '10', 'period': 2}
 {'value': 20.0, 'displayValue': '20', 'period': 3}
 {'value': 7.0, 'displayValue': '7', 'period': 4}]","[{'name': 'overall', 'abbreviation': 'Game', 'type': 'total', 'summary': '3-2'}
 {'name': 'Home', 'abbreviation': None, 'type': 'home', 'summary': '0-2'}
 {'name': 'Road', 'abbreviation': None, 'type': 'road', 'summary': '3-0'}
 {'name': 'vs. Conf.', 'abbreviation': None, 'type': 'vsconf', 'summary': '2-1'}]",400548418,2014,2,6,37,Sun Belt Conference,Sun Belt,True,
400558038,s:20~l:23~e:400558038~c:400558038,2014-10-04T22:00Z,3284,True,False,False,True,True,False,2014-10-04T22:00Z,,[],,,,,1,STD,4419,Tom & Mary Casey Stadium,Albany,NY,USA,False,0.0,0:00,4,3,STATUS_FINAL,post,True,Final,Final,Final,4,399,s:20~l:23~t:399,Albany,Great Danes,ALBY,Albany Great Danes,Albany,3D2777,ffffff,False,3969,https://a.espncdn.com/i/teamlogos/ncaa/500/399.png,48,28,False,99,"[{'value': 7.0, 'displayValue': '7', 'period': 1}
 {'value': 7.0, 'displayValue': '7', 'period': 2}
 {'value': 7.0, 'displayValue': '7', 'period': 3}
 {'value': 7.0, 'displayValue': '7', 'period': 4}]","[{'name': 'overall', 'abbreviation': 'Game', 'type': 'total', 'summary': '4-1'}
 {'name': 'Home', 'abbreviation': None, 'type': 'home', 'summary': '2-1'}
 {'name': 'Road', 'abbreviation': None, 'type': 'road', 'summary': '2-0'}
 {'name': 'vs. Conf.', 'abbreviation': None, 'type': 'vsconf', 'summary': '1-1'}]",256,s:20~l:23~t:256,James Madison,Dukes,JMU,James Madison Dukes,JMU,450084,cbb677,True,3651,https://a.espncdn.com/i/teamlogos/ncaa/500/256.png,48,31,True,99,"[{'value': 7.0, 'displayValue': '7', 'period': 1}
 {'value': 14.0, 'displayValue': '14', 'period': 2}
 {'value': 7.0, 'displayValue': '7', 'period': 3}
 {'value': 3.0, 'displayValue': '3', 'period': 4}]","[{'name': 'overall', 'abbreviation': 'Game', 'type': 'total', 'summary': '3-3'}
 {'name': 'Home', 'abbreviation': None, 'type': 'home', 'summary': '1-1'}
 {'name': 'Road', 'abbreviation': None, 'type': 'road', 'summary': '2-2'}
 {'name': 'vs. Conf.', 'abbreviation': None, 'type': 'vsconf', 'summary': '1-2'}]",400558038,2014,2,6,48,Coastal Athletic Association,CAA,True,
400547683,s:20~l:23~e:400547683~c:400547683,2014-10-04T23:00Z,25456,True,False,False,True,True,False,2014-10-04T23:00Z,CBSSN,[],,,national,CBSSN,1,STD,3874,Paycor Stadium,Cincinnati,OH,USA,False,0.0,0:00,4,3,STATUS_FINAL,post,True,Final,Final,Final,4,2132,s:20~l:23~t:2132,Cincinnati,Bearcats,CIN,Cincinnati Bearcats,Cincinnati,000000,e00122,True,3854,https://a.espncdn.com/i/teamlogos/ncaa/500/2132.png,151,14,False,99,"[{'value': 7.0, 'displayValue': '7', 'period': 1}
 {'value': 0.0, 'displayValue': '0', 'period': 2}
 {'value': 7.0, 'displayValue': '7', 'period': 3}
 {'value': 0.0, 'displayValue': '0', 'period': 4}]","[{'name': 'overall', 'abbreviation': 'Game', 'type': 'total', 'summary': '2-2'}
 {'name': 'Home', 'abbreviation': None, 'type': 'home', 'summary': '2-1'}
 {'name': 'Road', 'abbreviation': None, 'type': 'road', 'summary': '0-1'}
 {'name': 'vs. Conf.', 'abbreviation': None, 'type': 'vsconf', 'summary': '0-1'}]",235,s:20~l:23~t:235,Memphis,Tigers,MEM,Memphis Tigers,Memphis,004991,8e908f,True,3805,https://a.espncdn.com/i/teamlogos/ncaa/500/235.png,151,41,True,99,"[{'value': 24.0, 'displayValue': '24', 'period': 1}
 {'value': 3.0, 'displayValue': '3', 'period': 2}
 {'value': 14.0, 'displayValue': '14', 'period': 3}
 {'value': 0.0, 'displayValue': '0', 'period': 4}]","[{'name': 'overall', 'abbreviation': 'Game', 'type': 'total', 'summary': '3-2'}
 {'name': 'Home', 'abbreviation': None, 'type': 'home', 'summary': '2-0'}
 {'name': 'Road', 'abbreviation': None, 'type': 'road', 'summary': '1-2'}
 {'name': 'vs. Conf.', 'abbreviation': None, 'type': 'vsconf', 'summary': '1-0'}]",400547683,2014,2,6,151,American Conference,American,True,
400547997,s:20~l:23~e:400547997~c:400547997,2014-10-04T23:00Z,53327,True,False,False,True,True,False,2014-10-04T23:00Z,BTN,[],,,national,BTN,1,STD,3754,HighPoint.com Stadium,Piscataway,NJ,USA,False,0.0,0:00,4,3,STATUS_FINAL,post,True,Final,Final,Final,4,164,s:20~l:23~t:164,Rutgers,Scarlet Knights,RUTG,Rutgers Scarlet Knights,Rutgers,ce0e2d,ffffff,True,3754,https://a.espncdn.com/i/teamlogos/ncaa/500/164.png,5,26,True,99,"[{'value': 6.0, 'displayValue': '6', 'period': 1}
 {'value': 13.0, 'displayValue': '13', 'period': 2}
 {'value': 0.0, 'displayValue': '0', 'period': 3}
 {'value': 7.0, 'displayValue': '7', 'period': 4}]","[{'name': 'overall', 'abbreviation': 'Game', 'type': 'total', 'summary': '5-1'}
 {'name': 'Home', 'abbreviation': None, 'type': 'home', 'summary': '3-1'}
 {'name': 'Road', 'abbreviation': None, 'type': 'road', 'summary': '2-0'}
 {'name': 'vs. Conf.', 'abbreviation': None, 'type': 'vsconf', 'summary': '1-1'}]",130,s:20~l:23~t:130,Michigan,Wolverines,MICH,Michigan Wolverines,Michigan,00274c,ffcb05,True,3558,https://a.espncdn.com/i/teamlogos/ncaa/500/130.png,5,24,False,99,"[{'value': 3.0, 'displayValue': '3', 'period': 1}
 {'value': 14.0, 'displayValue': '14', 'period': 2}
 {'value': 0.0, 'displayValue': '0', 'period': 3}
 {'value': 7.0, 'displayValue': '7', 'period': 4}]","[{'name': 'overall', 'abbreviation': 'Game', 'type': 'total', 'summary': '2-4'}
 {'name': 'Home', 'abbreviation': None, 'type': 'home', 'summary': '2-2'}
 {'name': 'Road', 'abbreviation': None, 'type': 'road', 'summary': '0-2'}
 {'name': 'vs. Conf.', 'abbreviation': None, 'type': 'vsconf', 'summary': '0-2'}]",400547997,2014,2,6,5,Big Ten Conference,Big Ten,True,
400548040,s:20~l:23~e:400548040~c:400548040,2014-10-04T23:00Z,18157,True,False,False,True,True,False,2014-10-04T23:00Z,,[],,,,,1,STD,3776,Joe Aillet Stadium,Ruston,LA,USA,False,0.0,0:00,4,3,STATUS_FINAL,post,True,Final,Final,Final,4,2348,s:20~l:23~t:2348,Louisiana Tech,Bulldogs,LT,Louisiana Tech Bulldogs,LA Tech,003087,cb333b,True,3776,https://a.espncdn.com/i/teamlogos/ncaa/500/2348.png,12,55,True,99,"[{'value': 7.0, 'displayValue': '7', 'period': 1}
 {'value': 21.0, 'displayValue': '21', 'period': 2}
 {'value': 20.0, 'displayValue': '20', 'period': 3}
 {'value': 7.0, 'displayValue': '7', 'period': 4}]","[{'name': 'overall', 'abbreviation': 'Game', 'type': 'total', 'summary': '3-3'}
 {'name': 'Home', 'abbreviation': None, 'type': 'home', 'summary': '1-1'}
 {'name': 'Road', 'abbreviation': None, 'type': 'road', 'summary': '2-2'}
 {'name': 'vs. Conf.', 'abbreviation': None, 'type': 'vsconf', 'summary': '2-0'}]",2638,s:20~l:23~t:2638,UTEP,Miners,UTEP,UTEP Miners,UTEP,ff8200,041e42,True,3946,https://a.espncdn.com/i/teamlogos/ncaa/500/2638.png,12,3,False,99,"[{'value': 0.0, 'displayValue': '0', 'period': 1}
 {'value': 3.0, 'displayValue': '3', 'period': 2}
 {'value': 0.0, 'displayValue': '0', 'period': 3}
 {'value': 0.0, 'displayValue': '0', 'period': 4}]","[{'name': 'overall', 'abbreviation': 'Game', 'type': 'total', 'summary': '2-3'}
 {'name': 'Home', 'abbreviation': None, 'type': 'home', 'summary': '1-1'}
 {'name': 'Road', 'abbreviation': None, 'type': 'road', 'summary': '1-2'}
 {'name': 'vs. Conf.', 'abbreviation': None, 'type': 'vsconf', 'summary': '0-1'}]",400548040,2014,2,6,12,Conference USA,CUSA,True,
400548043,s:20~l:23~e:400548043~c:400548043,2014-10-04T23:00Z,14923,True,False,False,True,True,False,2014-10-04T23:00Z,,[],,,,,1,STD,3796,Houchens Industries-L.T. Smith Stadium,Bowling Green,KY,USA,False,0.0,0:00,4,3,STATUS_FINAL,post,True,Final,Final,Final,4,98,s:20~l:23~t:98,Western Kentucky,Hilltoppers,WKU,Western Kentucky Hilltoppers,W Kentucky,e13a3e,ffffff,True,3796,https://a.espncdn.com/i/teamlogos/ncaa/500/98.png,12,39,False,99,"[{'value': 20.0, 'displayValue': '20', 'period': 1}
 {'value': 7.0, 'displayValue': '7', 'period': 2}
 {'value': 12.0, 'displayValue': '12', 'period': 3}
 {'value': 0.0, 'displayValue': '0', 'period': 4}]","[{'name': 'overall', 'abbreviation': 'Game', 'type': 'total', 'summary': '2-3'}
 {'name': 'Home', 'abbreviation': None, 'type': 'home', 'summary': '1-1'}
 {'name': 'Road', 'abbreviation': None, 'type': 'road', 'summary': '1-2'}
 {'name': 'vs. Conf.', 'abbreviation': None, 'type': 'vsconf', 'summary': '0-2'}]",5,s:20~l:23~t:5,UAB,Blazers,UAB,UAB Blazers,UAB,1a5632,fdb913,True,3803,https://a.espncdn.com/i/teamlogos/ncaa/500/5.png,12,42,True,99,"[{'value': 14.0, 'displayValue': '14', 'period': 1}
 {'value': 0.0, 'displayValue': '0', 'period': 2}
 {'value': 21.0, 'displayValue': '21', 'period': 3}
 {'value': 7.0, 'displayValue': '7', 'period': 4}]","[{'name': 'overall', 'abbreviation': 'Game', 'type': 'total', 'summary': '3-2'}
 {'name': 'Home', 'abbreviation': None, 'type': 'home', 'summary': '2-1'}
 {'name': 'Road', 'abbreviation': None, 'type': 'road', 'summary': '1-1'}
 {'name': 'vs. Conf.', 'abbreviation': None, 'type': 'vsconf', 'summary': '1-1'}]",400548043,2014,2,6,12,Conference USA,CUSA,True,
400548125,s:20~l:23~e:400548125~c:400548125,2014-10-04T23:00Z,11493,True,False,False,True,False,False,2014-10-04T23:00Z,ESPN3,[],,,national,ESPN3,1,STD,3980,Waldo Stadium,Kalamazoo,MI,USA,False,0.0,0:00,5,3,STATUS_FINAL,post,True,Final,Final/OT,Final/OT,4,2711,s:20~l:23~t:2711,Western Michigan,Broncos,WMU,Western Michigan Broncos,W Michigan,532e1f,f1c500,True,3980,https://a.espncdn.com/i/teamlogos/ncaa/500/2711.png,15,19,False,99,"[{'value': 0.0, 'displayValue': '0', 'period': 1}
 {'value': 7.0, 'displayValue': '7', 'period': 2}
 {'value': 3.0, 'displayValue': '3', 'period': 3}
 {'value': 3.0, 'displayValue': '3', 'period': 4}
 {'value': 6.0, 'displayValue': '6', 'period': 5}]","[{'name': 'overall', 'abbreviation': 'Game', 'type': 'total', 'summary': '2-3'}
 {'name': 'Home', 'abbreviation': None, 'type': 'home', 'summary': '1-1'}
 {'name': 'Road', 'abbreviation': None, 'type': 'road', 'summary': '1-2'}
 {'name': 'vs. Conf.', 'abbreviation': None, 'type': 'vsconf', 'summary': '0-1'}]",2649,s:20~l:23~t:2649,Toledo,Rockets,TOL,Toledo Rockets,Toledo,0b2240,ffcd00,True,3739,https://a.espncdn.com/i/teamlogos/ncaa/500/2649.png,15,20,True,99,"[{'value': 0.0, 'displayValue': '0', 'period': 1}
 {'value': 0.0, 'displayValue': '0', 'period': 2}
 {'value': 3.0, 'displayValue': '3', 'period': 3}
 {'value': 10.0, 'displayValue': '10', 'period': 4}
 {'value': 7.0, 'displayValue': '7', 'period': 5}]","[{'name': 'overall', 'abbreviation': 'Game', 'type': 'total', 'summary': '4-2'}
 {'name': 'Home', 'abbreviation': None, 'type': 'home', 'summary': '3-1'}
 {'name': 'Road', 'abbreviation': None, 'type': 'road', 'summary': '1-1'}
 {'name': 'vs. Conf.', 'abbreviation': None, 'type': 'vsconf', 'summary': '3-0'}]",400548125,2014,2,6,15,Mid-American Conference,MAC,True,OT
400548208,s:20~l:23~e:400548208~c:400548208,2014-10-04T23:00Z,17465,True,False,False,False,True,False,2014-10-04T23:00Z,,[],,,,,1,STD,3895,Rice Stadium,Houston,TX,USA,False,0.0,0:00,4,3,STATUS_FINAL,post,True,Final,Final,Final,4,242,s:20~l:23~t:242,Rice,Owls,RICE,Rice Owls,Rice,00205b,c1c6c8,True,3895,https://a.espncdn.com/i/teamlogos/ncaa/500/242.png,12,28,True,99,"[{'value': 0.0, 'displayValue': '0', 'period': 1}
 {'value': 7.0, 'displayValue': '7', 'period': 2}
 {'value': 7.0, 'displayValue': '7', 'period': 3}
 {'value': 14.0, 'displayValue': '14', 'period': 4}]","[{'name': 'overall', 'abbreviation': 'Game', 'type': 'total', 'summary': '2-3'}
 {'name': 'Home', 'abbreviation': None, 'type': 'home', 'summary': '1-1'}
 {'name': 'Road', 'abbreviation': None, 'type': 'road', 'summary': '1-2'}
 {'name': 'vs. Conf.', 'abbreviation': None, 'type': 'vsconf', 'summary': '1-1'}]",62,s:20~l:23~t:62,Hawai'i,Rainbow Warriors,HAW,Hawai'i Rainbow Warriors,Hawaii,005737,000000,True,3610,https://a.espncdn.com/i/teamlogos/ncaa/500/62.png,17,14,False,99,"[{'value': 7.0, 'displayValue': '7', 'period': 1}
 {'value': 0.0, 'displayValue': '0', 'period': 2}
 {'value': 7.0, 'displayValue': '7', 'period': 3}
 {'value': 0.0, 'displayValue': '0', 'period': 4}]","[{'name': 'overall', 'abbreviation': 'Game', 'type': 'total', 'summary': '1-4'}
 {'name': 'Home', 'abbreviation': None, 'type': 'home', 'summary': '1-2'}
 {'name': 'Road', 'abbreviation': None, 'type': 'road', 'summary': '0-2'}
 {'name': 'vs. Conf.', 'abbreviation': None, 'type': 'vsconf', 'summary': '0-0'}]",400548208,2014,2,6,,,,,
400548419,s:20~l:23~e:400548419~c:400548419,2014-10-04T23:00Z,29317,True,False,False,True,True,False,2014-10-04T23:00Z,ESPN3,[],,,national,ESPN3,1,STD,3625,Centennial Bank Stadium,Jonesboro,AR,USA,False,0.0,0:00,4,3,STATUS_FINAL,post,True,Final,Final,Final,4,2032,s:20~l:23~t:2032,Arkansas State,Red Wolves,ARST,Arkansas State Red Wolves,Arkansas State,cc092f,000000,True,3625,https://a.espncdn.com/i/teamlogos/ncaa/500/2032.png,37,28,True,99,"[{'value': 0.0, 'displayValue': '0', 'period': 1}
 {'value': 0.0, 'displayValue': '0', 'period': 2}
 {'value': 14.0, 'displayValue': '14', 'period': 3}
 {'value': 14.0, 'displayValue': '14', 'period': 4}]","[{'name': 'overall', 'abbreviation': 'Game', 'type': 'total', 'summary': '3-2'}
 {'name': 'Home', 'abbreviation': None, 'type': 'home', 'summary': '3-0'}
 {'name': 'Road', 'abbreviation': None, 'type': 'road', 'summary': '0-2'}
 {'name': 'vs. Conf.', 'abbreviation': None, 'type': 'vsconf', 'summary': '1-0'}]",2433,s:20~l:23~t:2433,Louisiana Monroe,Warhawks,ULM,Louisiana Monroe Warhawks,UL Monroe,840029,fdb913,False,3817,https://a.espncdn.com/i/teamlogos/ncaa/500/2433.png,37,14,False,99,"[{'value': 0.0, 'displayValue': '0', 'period': 1}
 {'value': 0.0, 'displayValue': '0', 'period': 2}
 {'value': 0.0, 'displayValue': '0', 'period': 3}
 {'value': 14.0, 'displayValue': '14', 'period': 4}]","[{'name': 'overall', 'abbreviation': 'Game', 'type': 'total', 'summary': '3-2'}
 {'name': 'Home', 'abbreviation': None, 'type': 'home', 'summary': '3-0'}
 {'name': 'Road', 'abbreviation': None, 'type': 'road', 'summary': '0-2'}
 {'name': 'vs. Conf.', 'abbreviation': None, 'type': 'vsconf', 'summary': '2-1'}]",400548419,2014,2,6,37,Sun Belt Conference,Sun Belt,True,
400548420,s:20~l:23~e:400548420~c:400548420,2014-10-04T23:00Z,24616,True,False,False,True,True,False,2014-10-04T23:00Z,ESPN3,[],,,national,ESPN3,1,STD,3666,Our Lady of Lourdes Stadium,Lafayette,LA,USA,False,0.0,0:00,4,3,STATUS_FINAL,post,True,Final,Final,Final,4,309,s:20~l:23~t:309,Louisiana,Ragin' Cajuns,ULL,Louisiana Ragin' Cajuns,Louisiana,ce181e,000000,True,3666,https://a.espncdn.com/i/teamlogos/ncaa/500/309.png,37,34,True,99,"[{'value': 7.0, 'displayValue': '7', 'period': 1}
 {'value': 7.0, 'displayValue': '7', 'period': 2}
 {'value': 7.0, 'displayValue': '7', 'period': 3}
 {'value': 13.0, 'displayValue': '13', 'period': 4}]","[{'name': 'overall', 'abbreviation': 'Game', 'type': 'total', 'summary': '2-3'}
 {'name': 'Home', 'abbreviation': None, 'type': 'home', 'summary': '2-1'}
 {'name': 'Road', 'abbreviation': None, 'type': 'road', 'summary': '0-2'}
 {'name': 'vs. Conf.', 'abbreviation': None, 'type': 'vsconf', 'summary': '1-0'}]",2247,s:20~l:23~t:2247,Georgia State,Panthers,GAST,Georgia State Panthers,Georgia State,0039a6,ffffff,True,4246,https://a.espncdn.com/i/teamlogos/ncaa/500/2247.png,37,31,False,99,"[{'value': 7.0, 'displayValue': '7', 'period': 1}
 {'value': 10.0, 'displayValue': '10', 'period': 2}
 {'value': 7.0, 'displayValue': '7', 'period': 3}
 {'value': 7.0, 'displayValue': '7', 'period': 4}]","[{'name': 'overall', 'abbreviation': 'Game', 'type': 'total', 'summary': '1-4'}
 {'name': 'Home', 'abbreviation': None, 'type': 'home', 'summary': '1-2'}
 {'name': 'Road', 'abbreviation': None, 'type': 'road', 'summary': '0-2'}
 {'name': 'vs. Conf.', 'abbreviation': None, 'type': 'vsconf', 'summary': '0-2'}]",400548420,2014,2,6,37,Sun Belt Conference,Sun Belt,True,
400548422,s:20~l:23~e:400548422~c:400548422,2014-10-04T23:00Z,21345,True,False,False,True,True,False,2014-10-04T23:00Z,ESPN3,[],,,national,ESPN3,1,STD,3644,UFCU Stadium,San Marcos,TX,USA,False,0.0,0:00,4,3,STATUS_FINAL,post,True,Final,Final,Final,4,326,s:20~l:23~t:326,Texas State,Bobcats,TXST,Texas State Bobcats,Texas State,501214,6a5638,True,3644,https://a.espncdn.com/i/teamlogos/ncaa/500/326.png,37,35,True,99,"[{'value': 7.0, 'displayValue': '7', 'period': 1}
 {'value': 14.0, 'displayValue': '14', 'period': 2}
 {'value': 0.0, 'displayValue': '0', 'period': 3}
 {'value': 14.0, 'displayValue': '14', 'period': 4}]","[{'name': 'overall', 'abbreviation': 'Game', 'type': 'total', 'summary': '2-2'}
 {'name': 'Home', 'abbreviation': None, 'type': 'home', 'summary': '2-1'}
 {'name': 'Road', 'abbreviation': None, 'type': 'road', 'summary': '0-1'}
 {'name': 'vs. Conf.', 'abbreviation': None, 'type': 'vsconf', 'summary': '1-0'}]",70,s:20~l:23~t:70,Idaho,Vandals,IDHO,Idaho Vandals,Idaho,000000,8c6e4a,True,3791,https://a.espncdn.com/i/teamlogos/ncaa/500/70.png,37,30,False,99,"[{'value': 3.0, 'displayValue': '3', 'period': 1}
 {'value': 0.0, 'displayValue': '0', 'period': 2}
 {'value': 13.0, 'displayValue': '13', 'period': 3}
 {'value': 14.0, 'displayValue': '14', 'period': 4}]","[{'name': 'overall', 'abbreviation': 'Game', 'type': 'total', 'summary': '0-5'}
 {'name': 'Home', 'abbreviation': None, 'type': 'home', 'summary': '0-2'}
 {'name': 'Road', 'abbreviation': None, 'type': 'road', 'summary': '0-3'}
 {'name': 'vs. Conf.', 'abbreviation': None, 'type': 'vsconf', 'summary': '0-3'}]",400548422,2014,2,6,37,Sun Belt Conference,Sun Belt,True,
400557420,s:20~l:23~e:400557420~c:400557420,2014-10-04T23:00Z,20838,True,False,False,False,True,False,2014-10-04T23:00Z,ESPN3,[],,,national,ESPN3,1,STD,3992,Williams Stadium (VA),Lynchburg,VA,USA,False,0.0,0:00,6,3,STATUS_FINAL,post,True,Final,Final/2OT,Final/2OT,4,2335,s:20~l:23~t:2335,Liberty,Flames,LIB,Liberty Flames,Liberty,0a254e,b72025,True,3992,https://a.espncdn.com/i/teamlogos/ncaa/500/2335.png,40,39,False,99,"[{'value': 0.0, 'displayValue': '0', 'period': 1}
 {'value': 7.0, 'displayValue': '7', 'period': 2}
 {'value': 15.0, 'displayValue': '15', 'period': 3}
 {'value': 10.0, 'displayValue': '10', 'period': 4}
 {'value': 7.0, 'displayValue': '7', 'period': 5}
 {'value': 0.0, 'displayValue': '0', 'period': 6}]","[{'name': 'overall', 'abbreviation': 'Game', 'type': 'total', 'summary': '3-3'}
 {'name': 'Home', 'abbreviation': None, 'type': 'home', 'summary': '2-1'}
 {'name': 'Road', 'abbreviation': None, 'type': 'road', 'summary': '1-2'}
 {'name': 'vs. Conf.', 'abbreviation': None, 'type': 'vsconf', 'summary': '0-0'}]",257,s:20~l:23~t:257,Richmond,Spiders,RICH,Richmond Spiders,Richmond,9e0712,b90b2e,True,2068,https://a.espncdn.com/i/teamlogos/ncaa/500/257.png,48,46,True,99,"[{'value': 15.0, 'displayValue': '15', 'period': 1}
 {'value': 7.0, 'displayValue': '7', 'period': 2}
 {'value': 0.0, 'displayValue': '0', 'period': 3}
 {'value': 10.0, 'displayValue': '10', 'period': 4}
 {'value': 7.0, 'displayValue': '7', 'period': 5}
 {'value': 7.0, 'displayValue': '7', 'period': 6}]","[{'name': 'overall', 'abbreviation': 'Game', 'type': 'total', 'summary': '3-2'}
 {'name': 'Home', 'abbreviation': None, 'type': 'home', 'summary': '2-1'}
 {'name': 'Road', 'abbreviation': None, 'type': 'road', 'summary': '1-1'}
 {'name': 'vs. Conf.', 'abbreviation': None, 'type': 'vsconf', 'summary': '0-1'}]",400557420,2014,2,6,,,,,2OT
400557421,s:20~l:23~e:400557421~c:400557421,2014-10-04T23:00Z,7347,True,False,False,False,True,False,2014-10-04T23:00Z,ESPN3,[],,,national,ESPN3,1,STD,3868,Paladin Stadium,Greenville,SC,USA,False,0.0,0:00,6,3,STATUS_FINAL,post,True,Final,Final/2OT,Final/2OT,4,231,s:20~l:23~t:231,Furman,Paladins,FUR,Furman Paladins,Furman,582c83,ffffff,True,3868,https://a.espncdn.com/i/teamlogos/ncaa/500/231.png,29,31,False,99,"[{'value': 0.0, 'displayValue': '0', 'period': 1}
 {'value': 7.0, 'displayValue': '7', 'period': 2}
 {'value': 7.0, 'displayValue': '7', 'period': 3}
 {'value': 14.0, 'displayValue': '14', 'period': 4}
 {'value': 3.0, 'displayValue': '3', 'period': 5}
 {'value': 0.0, 'displayValue': '0', 'period': 6}]","[{'name': 'overall', 'abbreviation': 'Game', 'type': 'total', 'summary': '2-4'}
 {'name': 'Home', 'abbreviation': None, 'type': 'home', 'summary': '1-2'}
 {'name': 'Road', 'abbreviation': None, 'type': 'road', 'summary': '1-2'}
 {'name': 'vs. Conf.', 'abbreviation': None, 'type': 'vsconf', 'summary': '1-1'}]",324,s:20~l:23~t:324,Coastal Carolina,Chanticleers,CCAR,Coastal Carolina Chanticleers,Coast Carolina,006f71,a27752,True,3654,https://a.espncdn.com/i/teamlogos/ncaa/500/324.png,40,37,True,99,"[{'value': 7.0, 'displayValue': '7', 'period': 1}
 {'value': 7.0, 'displayValue': '7', 'period': 2}
 {'value': 7.0, 'displayValue': '7', 'period': 3}
 {'value': 7.0, 'displayValue': '7', 'period': 4}
 {'value': 3.0, 'displayValue': '3', 'period': 5}
 {'value': 6.0, 'displayValue': '6', 'period': 6}]","[{'name': 'overall', 'abbreviation': 'Game', 'type': 'total', 'summary': '6-0'}
 {'name': 'Home', 'abbreviation': None, 'type': 'home', 'summary': '2-0'}
 {'name': 'Road', 'abbreviation': None, 'type': 'road', 'summary': '4-0'}
 {'name': 'vs. Conf.', 'abbreviation': None, 'type': 'vsconf', 'summary': '0-0'}]",400557421,2014,2,6,,,,,2OT
400547790,s:20~l:23~e:400547790~c:400547790,2014-10-04T23:30Z,52221,True,False,False,True,True,False,2014-10-04T23:30Z,ESPN2,[],,,national,ESPN2,1,STD,721,Bobby Dodd Stadium,Atlanta,GA,USA,False,0.0,0:00,4,3,STATUS_FINAL,post,True,Final,Final,Final,4,59,s:20~l:23~t:59,Georgia Tech,Yellow Jackets,GT,Georgia Tech Yellow Jackets,Georgia Tech,b3a369,ffffff,True,721,https://a.espncdn.com/i/teamlogos/ncaa/500/59.png,1,28,True,99,"[{'value': 7.0, 'displayValue': '7', 'period': 1}
 {'value': 7.0, 'displayValue': '7', 'period': 2}
 {'value': 7.0, 'displayValue': '7', 'period': 3}
 {'value': 7.0, 'displayValue': '7', 'period': 4}]","[{'name': 'overall', 'abbreviation': 'Game', 'type': 'total', 'summary': '5-0'}
 {'name': 'Home', 'abbreviation': None, 'type': 'home', 'summary': '3-0'}
 {'name': 'Road', 'abbreviation': None, 'type': 'road', 'summary': '2-0'}
 {'name': 'vs. Conf.', 'abbreviation': None, 'type': 'vsconf', 'summary': '2-0'}]",2390,s:20~l:23~t:2390,Miami,Hurricanes,MIAMI,Miami Hurricanes,Miami,f47423,035131,True,3948,https://a.espncdn.com/i/teamlogos/ncaa/500/2390.png,1,17,False,99,"[{'value': 14.0, 'displayValue': '14', 'period': 1}
 {'value': 0.0, 'displayValue': '0', 'period': 2}
 {'value': 3.0, 'displayValue': '3', 'period': 3}
 {'value': 0.0, 'displayValue': '0', 'period': 4}]","[{'name': 'overall', 'abbreviation': 'Game', 'type': 'total', 'summary': '3-3'}
 {'name': 'Home', 'abbreviation': None, 'type': 'home', 'summary': '3-0'}
 {'name': 'Road', 'abbreviation': None, 'type': 'road', 'summary': '0-3'}
 {'name': 'vs. Conf.', 'abbreviation': None, 'type': 'vsconf', 'summary': '1-2'}]",400547790,2014,2,6,1,Atlantic Coast Conference,ACC,True,
400547812,s:20~l:23~e:400547812~c:400547812,2014-10-04T23:30Z,43307,True,False,False,True,True,False,2014-10-04T23:30Z,ESPN3,[],,,national,ESPN3,1,STD,3923,Scott Stadium,Charlottesville,VA,USA,False,0.0,0:00,4,3,STATUS_FINAL,post,True,Final,Final,Final,4,258,s:20~l:23~t:258,Virginia,Cavaliers,UVA,Virginia Cavaliers,UVA,232d4b,f84c1e,True,3923,https://a.espncdn.com/i/teamlogos/ncaa/500/258.png,1,24,True,99,"[{'value': 3.0, 'displayValue': '3', 'period': 1}
 {'value': 21.0, 'displayValue': '21', 'period': 2}
 {'value': 0.0, 'displayValue': '0', 'period': 3}
 {'value': 0.0, 'displayValue': '0', 'period': 4}]","[{'name': 'overall', 'abbreviation': 'Game', 'type': 'total', 'summary': '4-2'}
 {'name': 'Home', 'abbreviation': None, 'type': 'home', 'summary': '4-1'}
 {'name': 'Road', 'abbreviation': None, 'type': 'road', 'summary': '0-1'}
 {'name': 'vs. Conf.', 'abbreviation': None, 'type': 'vsconf', 'summary': '2-0'}]",221,s:20~l:23~t:221,Pittsburgh,Panthers,PITT,Pittsburgh Panthers,Pitt,003594,ffb81c,True,3752,https://a.espncdn.com/i/teamlogos/ncaa/500/221.png,1,19,False,99,"[{'value': 3.0, 'displayValue': '3', 'period': 1}
 {'value': 0.0, 'displayValue': '0', 'period': 2}
 {'value': 10.0, 'displayValue': '10', 'period': 3}
 {'value': 6.0, 'displayValue': '6', 'period': 4}]","[{'name': 'overall', 'abbreviation': 'Game', 'type': 'total', 'summary': '3-3'}
 {'name': 'Home', 'abbreviation': None, 'type': 'home', 'summary': '1-2'}
 {'name': 'Road', 'abbreviation': None, 'type': 'road', 'summary': '2-1'}
 {'name': 'vs. Conf.', 'abbreviation': None, 'type': 'vsconf', 'summary': '1-1'}]",400547812,2014,2,6,1,Atlantic Coast Conference,ACC,True,
400548375,s:20~l:23~e:400548375~c:400548375,2014-10-04T23:30Z,62135,True,False,False,True,True,False,2014-10-04T23:30Z,SEC Network,[],,,national,SEC Network,1,STD,3683,Kroger Field,Lexington,KY,USA,False,0.0,0:00,4,3,STATUS_FINAL,post,True,Final,Final,Final,4,96,s:20~l:23~t:96,Kentucky,Wildcats,UK,Kentucky Wildcats,Kentucky,0033a0,ffffff,True,3683,https://a.espncdn.com/i/teamlogos/ncaa/500/96.png,8,45,True,99,"[{'value': 0.0, 'displayValue': '0', 'period': 1}
 {'value': 17.0, 'displayValue': '17', 'period': 2}
 {'value': 7.0, 'displayValue': '7', 'period': 3}
 {'value': 21.0, 'displayValue': '21', 'period': 4}]","[{'name': 'overall', 'abbreviation': 'Game', 'type': 'total', 'summary': '4-1'}
 {'name': 'Home', 'abbreviation': None, 'type': 'home', 'summary': '4-0'}
 {'name': 'Road', 'abbreviation': None, 'type': 'road', 'summary': '0-1'}
 {'name': 'vs. Conf.', 'abbreviation': None, 'type': 'vsconf', 'summary': '2-1'}]",2579,s:20~l:23~t:2579,South Carolina,Gamecocks,SC,South Carolina Gamecocks,South Carolina,73000a,000000,True,3994,https://a.espncdn.com/i/teamlogos/ncaa/500/2579.png,8,38,False,99,"[{'value': 7.0, 'displayValue': '7', 'period': 1}
 {'value': 10.0, 'displayValue': '10', 'period': 2}
 {'value': 14.0, 'displayValue': '14', 'period': 3}
 {'value': 7.0, 'displayValue': '7', 'period': 4}]","[{'name': 'overall', 'abbreviation': 'Game', 'type': 'total', 'summary': '3-3'}
 {'name': 'Home', 'abbreviation': None, 'type': 'home', 'summary': '2-2'}
 {'name': 'Road', 'abbreviation': None, 'type': 'road', 'summary': '1-1'}
 {'name': 'vs. Conf.', 'abbreviation': None, 'type': 'vsconf', 'summary': '2-3'}]",400548375,2014,2,6,8,Southeastern Conference,SEC,True,
400548209,s:20~l:23~e:400548209~c:400548209,2014-10-05T00:00Z,14427,True,False,False,True,True,False,2014-10-05T00:00Z,ESPNEWS,[],,,national,ESPNEWS,1,STD,3935,CEFCU Stadium,San Jose,CA,USA,False,0.0,0:00,4,3,STATUS_FINAL,post,True,Final,Final,Final,4,23,s:20~l:23~t:23,San Jose State,Spartans,SJSU,San Jose State Spartans,San Jose State,0038a8,ffb81a,False,3935,https://a.espncdn.com/i/teamlogos/ncaa/500/23.png,17,33,True,99,"[{'value': 0.0, 'displayValue': '0', 'period': 1}
 {'value': 16.0, 'displayValue': '16', 'period': 2}
 {'value': 10.0, 'displayValue': '10', 'period': 3}
 {'value': 7.0, 'displayValue': '7', 'period': 4}]","[{'name': 'overall', 'abbreviation': 'Game', 'type': 'total', 'summary': '2-3'}
 {'name': 'Home', 'abbreviation': None, 'type': 'home', 'summary': '2-1'}
 {'name': 'Road', 'abbreviation': None, 'type': 'road', 'summary': '0-2'}
 {'name': 'vs. Conf.', 'abbreviation': None, 'type': 'vsconf', 'summary': '1-1'}]",2439,s:20~l:23~t:2439,UNLV,Rebels,UNLV,UNLV Rebels,UNLV,cf0a2c,cac8c8,True,3914,https://a.espncdn.com/i/teamlogos/ncaa/500/2439.png,17,10,False,99,"[{'value': 7.0, 'displayValue': '7', 'period': 1}
 {'value': 0.0, 'displayValue': '0', 'period': 2}
 {'value': 0.0, 'displayValue': '0', 'period': 3}
 {'value': 3.0, 'displayValue': '3', 'period': 4}]","[{'name': 'overall', 'abbreviation': 'Game', 'type': 'total', 'summary': '1-5'}
 {'name': 'Home', 'abbreviation': None, 'type': 'home', 'summary': '1-1'}
 {'name': 'Road', 'abbreviation': None, 'type': 'road', 'summary': '0-4'}
 {'name': 'vs. Conf.', 'abbreviation': None, 'type': 'vsconf', 'summary': '0-2'}]",400548209,2014,2,6,17,Mountain West Conference,Mountain West,True,
400548421,s:20~l:23~e:400548421~c:400548421,2014-10-05T00:00Z,10256,True,False,False,True,True,False,2014-10-05T00:00Z,ESPN3,[],,,national,ESPN3,1,STD,3601,Aggie Memorial Stadium,Las Cruces,NM,USA,False,0.0,0:00,4,3,STATUS_FINAL,post,True,Final,Final,Final,4,166,s:20~l:23~t:166,New Mexico State,Aggies,NMSU,New Mexico State Aggies,New Mexico St,7e141b,231f20,True,3601,https://a.espncdn.com/i/teamlogos/ncaa/500/166.png,37,28,False,99,"[{'value': 14.0, 'displayValue': '14', 'period': 1}
 {'value': 0.0, 'displayValue': '0', 'period': 2}
 {'value': 0.0, 'displayValue': '0', 'period': 3}
 {'value': 14.0, 'displayValue': '14', 'period': 4}]","[{'name': 'overall', 'abbreviation': 'Game', 'type': 'total', 'summary': '2-4'}
 {'name': 'Home', 'abbreviation': None, 'type': 'home', 'summary': '1-2'}
 {'name': 'Road', 'abbreviation': None, 'type': 'road', 'summary': '1-2'}
 {'name': 'vs. Conf.', 'abbreviation': None, 'type': 'vsconf', 'summary': '1-1'}]",290,s:20~l:23~t:290,Georgia Southern,Eagles,GASO,Georgia Southern Eagles,Ga Southern,041e42,a3aaae,True,3608,https://a.espncdn.com/i/teamlogos/ncaa/500/290.png,37,36,True,99,"[{'value': 0.0, 'displayValue': '0', 'period': 1}
 {'value': 12.0, 'displayValue': '12', 'period': 2}
 {'value': 17.0, 'displayValue': '17', 'period': 3}
 {'value': 7.0, 'displayValue': '7', 'period': 4}]","[{'name': 'overall', 'abbreviation': 'Game', 'type': 'total', 'summary': '4-2'}
 {'name': 'Home', 'abbreviation': None, 'type': 'home', 'summary': '2-0'}
 {'name': 'Road', 'abbreviation': None, 'type': 'road', 'summary': '2-2'}
 {'name': 'vs. Conf.', 'abbreviation': None, 'type': 'vsconf', 'summary': '3-0'}]",400548421,2014,2,6,37,Sun Belt Conference,Sun Belt,True,
400553379,s:20~l:23~e:400553379~c:400553379,2014-10-05T01:00Z,6473,True,False,False,True,True,False,2014-10-05T01:00Z,,[],,,,,1,STD,3757,Hornet Stadium,Sacramento,CA,USA,False,0.0,0:00,4,3,STATUS_FINAL,post,True,Final,Final,Final,4,16,s:20~l:23~t:16,Sacramento State,Hornets,SAC,Sacramento State Hornets,Sacramento St,00573C,cdb97d,True,3757,https://a.espncdn.com/i/teamlogos/ncaa/500/16.png,20,56,False,99,"[{'value': 14.0, 'displayValue': '14', 'period': 1}
 {'value': 0.0, 'displayValue': '0', 'period': 2}
 {'value': 14.0, 'displayValue': '14', 'period': 3}
 {'value': 28.0, 'displayValue': '28', 'period': 4}]","[{'name': 'overall', 'abbreviation': 'Game', 'type': 'total', 'summary': '3-3'}
 {'name': 'Home', 'abbreviation': None, 'type': 'home', 'summary': '2-1'}
 {'name': 'Road', 'abbreviation': None, 'type': 'road', 'summary': '1-2'}
 {'name': 'vs. Conf.', 'abbreviation': None, 'type': 'vsconf', 'summary': '0-2'}]",147,s:20~l:23~t:147,Montana State,Bobcats,MTST,Montana State Bobcats,Montana State,00205c,bc955c,True,3643,https://a.espncdn.com/i/teamlogos/ncaa/500/147.png,20,59,True,99,"[{'value': 21.0, 'displayValue': '21', 'period': 1}
 {'value': 0.0, 'displayValue': '0', 'period': 2}
 {'value': 17.0, 'displayValue': '17', 'period': 3}
 {'value': 21.0, 'displayValue': '21', 'period': 4}]","[{'name': 'overall', 'abbreviation': 'Game', 'type': 'total', 'summary': '4-2'}
 {'name': 'Home', 'abbreviation': None, 'type': 'home', 'summary': '3-1'}
 {'name': 'Road', 'abbreviation': None, 'type': 'road', 'summary': '1-1'}
 {'name': 'vs. Conf.', 'abbreviation': None, 'type': 'vsconf', 'summary': '2-0'}]",400553379,2014,2,6,20,Big Sky Conference,Big Sky,True,
400548206,s:20~l:23~e:400548206~c:400548206,2014-10-05T02:30Z,32327,True,False,False,True,True,False,2014-10-05T02:30Z,CBSSN,[],,,national,CBSSN,1,STD,3816,Mackay Stadium,Reno,NV,USA,False,0.0,0:00,4,3,STATUS_FINAL,post,True,Final,Final,Final,4,2440,s:20~l:23~t:2440,Nevada,Wolf Pack,NEV,Nevada Wolf Pack,Nevada,041e42,8a8d8f,True,3816,https://a.espncdn.com/i/teamlogos/ncaa/500/2440.png,17,46,False,99,"[{'value': 7.0, 'displayValue': '7', 'period': 1}
 {'value': 14.0, 'displayValue': '14', 'period': 2}
 {'value': 8.0, 'displayValue': '8', 'period': 3}
 {'value': 17.0, 'displayValue': '17', 'period': 4}]","[{'name': 'overall', 'abbreviation': 'Game', 'type': 'total', 'summary': '3-2'}
 {'name': 'Home', 'abbreviation': None, 'type': 'home', 'summary': '2-1'}
 {'name': 'Road', 'abbreviation': None, 'type': 'road', 'summary': '1-1'}
 {'name': 'vs. Conf.', 'abbreviation': None, 'type': 'vsconf', 'summary': '1-1'}]",68,s:20~l:23~t:68,Boise State,Broncos,BSU,Boise State Broncos,Boise St,0033a0,d64309,True,3653,https://a.espncdn.com/i/teamlogos/ncaa/500/68.png,17,51,True,99,"[{'value': 13.0, 'displayValue': '13', 'period': 1}
 {'value': 17.0, 'displayValue': '17', 'period': 2}
 {'value': 14.0, 'displayValue': '14', 'period': 3}
 {'value': 7.0, 'displayValue': '7', 'period': 4}]","[{'name': 'overall', 'abbreviation': 'Game', 'type': 'total', 'summary': '4-2'}
 {'name': 'Home', 'abbreviation': None, 'type': 'home', 'summary': '2-0'}
 {'name': 'Road', 'abbreviation': None, 'type': 'road', 'summary': '2-1'}
 {'name': 'vs. Conf.', 'abbreviation': None, 'type': 'vsconf', 'summary': '2-1'}]",400548206,2014,2,6,17,Mountain West Conference,Mountain West,True,
400548278,s:20~l:23~e:400548278~c:400548278,2014-10-05T02:30Z,30020,True,False,False,True,True,False,2014-10-05T02:30Z,PACN,[],,,national,PACN,1,STD,3820,Martin Stadium,Pullman,WA,USA,False,0.0,0:00,4,3,STATUS_FINAL,post,True,Final,Final,Final,4,265,s:20~l:23~t:265,Washington State,Cougars,WSU,Washington State Cougars,Washington St,a60f2d,4d4d4d,True,3820,https://a.espncdn.com/i/teamlogos/ncaa/500/265.png,9,59,False,99,"[{'value': 10.0, 'displayValue': '10', 'period': 1}
 {'value': 14.0, 'displayValue': '14', 'period': 2}
 {'value': 28.0, 'displayValue': '28', 'period': 3}
 {'value': 7.0, 'displayValue': '7', 'period': 4}]","[{'name': 'overall', 'abbreviation': 'Game', 'type': 'total', 'summary': '2-4'}
 {'name': 'Home', 'abbreviation': None, 'type': 'home', 'summary': '1-3'}
 {'name': 'Road', 'abbreviation': None, 'type': 'road', 'summary': '1-1'}
 {'name': 'vs. Conf.', 'abbreviation': None, 'type': 'vsconf', 'summary': '1-2'}]",25,s:20~l:23~t:25,California,Golden Bears,CAL,California Golden Bears,California,041e42,ffc72c,True,3831,https://a.espncdn.com/i/teamlogos/ncaa/500/25.png,9,60,True,99,"[{'value': 0.0, 'displayValue': '0', 'period': 1}
 {'value': 13.0, 'displayValue': '13', 'period': 2}
 {'value': 28.0, 'displayValue': '28', 'period': 3}
 {'value': 19.0, 'displayValue': '19', 'period': 4}]","[{'name': 'overall', 'abbreviation': 'Game', 'type': 'total', 'summary': '4-1'}
 {'name': 'Home', 'abbreviation': None, 'type': 'home', 'summary': '2-0'}
 {'name': 'Road', 'abbreviation': None, 'type': 'road', 'summary': '2-1'}
 {'name': 'vs. Conf.', 'abbreviation': None, 'type': 'vsconf', 'summary': '2-1'}]",400548278,2014,2,6,9,Pac-12 Conference,Pac-12,True,
400547686,s:20~l:23~e:400547686~c:400547686,2014-10-09T23:30Z,41547,True,False,False,False,True,False,2014-10-09T23:30Z,ESPN,[],,,national,ESPN,1,STD,3652,Acrisure Bounce House,Orlando,FL,USA,False,0.0,0:00,5,3,STATUS_FINAL,post,True,Final,Final/OT,Final/OT,4,2116,s:20~l:23~t:2116,UCF,Knights,UCF,UCF Knights,UCF,000000,b4a169,True,3652,https://a.espncdn.com/i/teamlogos/ncaa/500/2116.png,151,31,True,99,"[{'value': 10.0, 'displayValue': '10', 'period': 1}
 {'value': 0.0, 'displayValue': '0', 'period': 2}
 {'value': 7.0, 'displayValue': '7', 'period': 3}
 {'value': 7.0, 'displayValue': '7', 'period': 4}
 {'value': 7.0, 'displayValue': '7', 'period': 5}]","[{'name': 'overall', 'abbreviation': 'Game', 'type': 'total', 'summary': '3-2'}
 {'name': 'Home', 'abbreviation': None, 'type': 'home', 'summary': '2-0'}
 {'name': 'Road', 'abbreviation': None, 'type': 'road', 'summary': '1-1'}
 {'name': 'vs. Conf.', 'abbreviation': None, 'type': 'vsconf', 'summary': '1-0'}]",252,s:20~l:23~t:252,BYU,Cougars,BYU,BYU Cougars,BYU,0047ba,002e5d,True,3801,https://a.espncdn.com/i/teamlogos/ncaa/500/252.png,18,24,False,99,"[{'value': 0.0, 'displayValue': '0', 'period': 1}
 {'value': 3.0, 'displayValue': '3', 'period': 2}
 {'value': 21.0, 'displayValue': '21', 'period': 3}
 {'value': 0.0, 'displayValue': '0', 'period': 4}
 {'value': 0.0, 'displayValue': '0', 'period': 5}]","[{'name': 'overall', 'abbreviation': 'Game', 'type': 'total', 'summary': '4-2'}
 {'name': 'Home', 'abbreviation': None, 'type': 'home', 'summary': '2-1'}
 {'name': 'Road', 'abbreviation': None, 'type': 'road', 'summary': '2-1'}
 {'name': 'vs. Conf.', 'abbreviation': None, 'type': 'vsconf', 'summary': '0-0'}]",400547686,2014,2,7,,,,,OT
400548280,s:20~l:23~e:400548280~c:400548280,2014-10-11T01:00Z,44135,True,False,False,True,True,False,2014-10-11T01:00Z,ESPN,[],,,national,ESPN,1,STD,3940,Stanford Stadium,Stanford,CA,USA,False,0.0,0:00,4,3,STATUS_FINAL,post,True,Final,Final,Final,4,24,s:20~l:23~t:24,Stanford,Cardinal,STAN,Stanford Cardinal,Stanford,8c1515,ffffff,True,3940,https://a.espncdn.com/i/teamlogos/ncaa/500/24.png,9,34,True,25,"[{'value': 10.0, 'displayValue': '10', 'period': 1}
 {'value': 7.0, 'displayValue': '7', 'period': 2}
 {'value': 7.0, 'displayValue': '7', 'period': 3}
 {'value': 10.0, 'displayValue': '10', 'period': 4}]","[{'name': 'overall', 'abbreviation': 'Game', 'type': 'total', 'summary': '4-2'}
 {'name': 'Home', 'abbreviation': None, 'type': 'home', 'summary': '3-1'}
 {'name': 'Road', 'abbreviation': None, 'type': 'road', 'summary': '1-1'}
 {'name': 'vs. Conf.', 'abbreviation': None, 'type': 'vsconf', 'summary': '2-1'}]",265,s:20~l:23~t:265,Washington State,Cougars,WSU,Washington State Cougars,Washington St,a60f2d,4d4d4d,True,3820,https://a.espncdn.com/i/teamlogos/ncaa/500/265.png,9,17,False,99,"[{'value': 7.0, 'displayValue': '7', 'period': 1}
 {'value': 0.0, 'displayValue': '0', 'period': 2}
 {'value': 3.0, 'displayValue': '3', 'period': 3}
 {'value': 7.0, 'displayValue': '7', 'period': 4}]","[{'name': 'overall', 'abbreviation': 'Game', 'type': 'total', 'summary': '2-5'}
 {'name': 'Home', 'abbreviation': None, 'type': 'home', 'summary': '1-3'}
 {'name': 'Road', 'abbreviation': None, 'type': 'road', 'summary': '1-2'}
 {'name': 'vs. Conf.', 'abbreviation': None, 'type': 'vsconf', 'summary': '1-3'}]",400548280,2014,2,7,9,Pac-12 Conference,Pac-12,True,
400548214,s:20~l:23~e:400548214~c:400548214,2014-10-11T01:30Z,19497,True,False,False,True,True,False,2014-10-11T01:30Z,ESPNU,[],,,national,ESPNU,1,STD,3971,University Stadium (NM),Albuquerque,NM,USA,False,0.0,0:00,4,3,STATUS_FINAL,post,True,Final,Final,Final,4,167,s:20~l:23~t:167,New Mexico,Lobos,UNM,New Mexico Lobos,New Mexico,ba0c2f,a7a8aa,True,3971,https://a.espncdn.com/i/teamlogos/ncaa/500/167.png,17,14,False,99,"[{'value': 0.0, 'displayValue': '0', 'period': 1}
 {'value': 7.0, 'displayValue': '7', 'period': 2}
 {'value': 7.0, 'displayValue': '7', 'period': 3}
 {'value': 0.0, 'displayValue': '0', 'period': 4}]","[{'name': 'overall', 'abbreviation': 'Game', 'type': 'total', 'summary': '2-4'}
 {'name': 'Home', 'abbreviation': None, 'type': 'home', 'summary': '0-4'}
 {'name': 'Road', 'abbreviation': None, 'type': 'road', 'summary': '2-0'}
 {'name': 'vs. Conf.', 'abbreviation': None, 'type': 'vsconf', 'summary': '0-2'}]",21,s:20~l:23~t:21,San Diego State,Aztecs,SDSU,San Diego State Aztecs,San Diego State,a6192e,000000,True,3932,https://a.espncdn.com/i/teamlogos/ncaa/500/21.png,17,24,True,99,"[{'value': 3.0, 'displayValue': '3', 'period': 1}
 {'value': 7.0, 'displayValue': '7', 'period': 2}
 {'value': 14.0, 'displayValue': '14', 'period': 3}
 {'value': 0.0, 'displayValue': '0', 'period': 4}]","[{'name': 'overall', 'abbreviation': 'Game', 'type': 'total', 'summary': '3-3'}
 {'name': 'Home', 'abbreviation': None, 'type': 'home', 'summary': '2-0'}
 {'name': 'Road', 'abbreviation': None, 'type': 'road', 'summary': '1-3'}
 {'name': 'vs. Conf.', 'abbreviation': None, 'type': 'vsconf', 'summary': '2-1'}]",400548214,2014,2,7,17,Mountain West Conference,Mountain West,True,
400548212,s:20~l:23~e:400548212~c:400548212,2014-10-11T02:00Z,15398,True,False,False,True,True,False,2014-10-11T02:00Z,CBSSN,[],,,national,CBSSN,1,STD,3914,Sam Boyd Stadium,Las Vegas,NV,USA,False,0.0,0:00,5,3,STATUS_FINAL,post,True,Final,Final/OT,Final/OT,4,2439,s:20~l:23~t:2439,UNLV,Rebels,UNLV,UNLV Rebels,UNLV,cf0a2c,cac8c8,True,3914,https://a.espncdn.com/i/teamlogos/ncaa/500/2439.png,17,30,True,99,"[{'value': 3.0, 'displayValue': '3', 'period': 1}
 {'value': 14.0, 'displayValue': '14', 'period': 2}
 {'value': 7.0, 'displayValue': '7', 'period': 3}
 {'value': 3.0, 'displayValue': '3', 'period': 4}
 {'value': 3.0, 'displayValue': '3', 'period': 5}]","[{'name': 'overall', 'abbreviation': 'Game', 'type': 'total', 'summary': '2-5'}
 {'name': 'Home', 'abbreviation': None, 'type': 'home', 'summary': '2-1'}
 {'name': 'Road', 'abbreviation': None, 'type': 'road', 'summary': '0-4'}
 {'name': 'vs. Conf.', 'abbreviation': None, 'type': 'vsconf', 'summary': '1-2'}]",278,s:20~l:23~t:278,Fresno State,Bulldogs,FRES,Fresno State Bulldogs,Fresno State,b1102b,13284c,True,3660,https://a.espncdn.com/i/teamlogos/ncaa/500/278.png,17,27,False,99,"[{'value': 0.0, 'displayValue': '0', 'period': 1}
 {'value': 0.0, 'displayValue': '0', 'period': 2}
 {'value': 14.0, 'displayValue': '14', 'period': 3}
 {'value': 13.0, 'displayValue': '13', 'period': 4}
 {'value': 0.0, 'displayValue': '0', 'period': 5}]","[{'name': 'overall', 'abbreviation': 'Game', 'type': 'total', 'summary': '3-4'}
 {'name': 'Home', 'abbreviation': None, 'type': 'home', 'summary': '2-1'}
 {'name': 'Road', 'abbreviation': None, 'type': 'road', 'summary': '1-3'}
 {'name': 'vs. Conf.', 'abbreviation': None, 'type': 'vsconf', 'summary': '2-1'}]",400548212,2014,2,7,17,Mountain West Conference,Mountain West,True,OT
400547766,s:20~l:23~e:400547766~c:400547766,2014-10-11T16:00Z,43295,True,False,False,True,True,False,2014-10-11T16:00Z,ESPN,[],,,national,ESPN,1,STD,1964,JMA Wireless Dome,Syracuse,NY,USA,True,0.0,0:00,4,3,STATUS_FINAL,post,True,Final,Final,Final,4,183,s:20~l:23~t:183,Syracuse,Orange,SYR,Syracuse Orange,Syracuse,000e54,ff431b,True,1964,https://a.espncdn.com/i/teamlogos/ncaa/500/183.png,1,20,False,99,"[{'value': 0.0, 'displayValue': '0', 'period': 1}
 {'value': 6.0, 'displayValue': '6', 'period': 2}
 {'value': 7.0, 'displayValue': '7', 'period': 3}
 {'value': 7.0, 'displayValue': '7', 'period': 4}]","[{'name': 'overall', 'abbreviation': 'Game', 'type': 'total', 'summary': '2-4'}
 {'name': 'Home', 'abbreviation': None, 'type': 'home', 'summary': '1-3'}
 {'name': 'Road', 'abbreviation': None, 'type': 'road', 'summary': '1-0'}
 {'name': 'vs. Conf.', 'abbreviation': None, 'type': 'vsconf', 'summary': '0-2'}]",52,s:20~l:23~t:52,Florida State,Seminoles,FSU,Florida State Seminoles,FSU,782f40,ceb888,True,3697,https://a.espncdn.com/i/teamlogos/ncaa/500/52.png,1,38,True,1,"[{'value': 10.0, 'displayValue': '10', 'period': 1}
 {'value': 14.0, 'displayValue': '14', 'period': 2}
 {'value': 7.0, 'displayValue': '7', 'period': 3}
 {'value': 7.0, 'displayValue': '7', 'period': 4}]","[{'name': 'overall', 'abbreviation': 'Game', 'type': 'total', 'summary': '6-0'}
 {'name': 'Home', 'abbreviation': None, 'type': 'home', 'summary': '3-0'}
 {'name': 'Road', 'abbreviation': None, 'type': 'road', 'summary': '2-0'}
 {'name': 'vs. Conf.', 'abbreviation': None, 'type': 'vsconf', 'summary': '4-0'}]",400547766,2014,2,7,1,Atlantic Coast Conference,ACC,True,
400548369,s:20~l:23~e:400548369~c:400548369,2014-10-11T19:30Z,62945,True,False,False,True,True,False,2014-10-11T19:30Z,CBS,[],,,national,CBS,1,STD,3693,Davis Wade Stadium,Starkville,MS,USA,False,0.0,0:00,4,3,STATUS_FINAL,post,True,Final,Final,Final,4,344,s:20~l:23~t:344,Mississippi State,Bulldogs,MSST,Mississippi State Bulldogs,Miss St,5d1725,c1c6c8,True,3693,https://a.espncdn.com/i/teamlogos/ncaa/500/344.png,8,38,True,3,"[{'value': 21.0, 'displayValue': '21', 'period': 1}
 {'value': 7.0, 'displayValue': '7', 'period': 2}
 {'value': 0.0, 'displayValue': '0', 'period': 3}
 {'value': 10.0, 'displayValue': '10', 'period': 4}]","[{'name': 'overall', 'abbreviation': 'Game', 'type': 'total', 'summary': '6-0'}
 {'name': 'Home', 'abbreviation': None, 'type': 'home', 'summary': '4-0'}
 {'name': 'Road', 'abbreviation': None, 'type': 'road', 'summary': '2-0'}
 {'name': 'vs. Conf.', 'abbreviation': None, 'type': 'vsconf', 'summary': '3-0'}]",2,s:20~l:23~t:2,Auburn,Tigers,AUB,Auburn Tigers,Auburn,002b5c,f26522,True,3785,https://a.espncdn.com/i/teamlogos/ncaa/500/2.png,8,23,False,2,"[{'value': 0.0, 'displayValue': '0', 'period': 1}
 {'value': 13.0, 'displayValue': '13', 'period': 2}
 {'value': 7.0, 'displayValue': '7', 'period': 3}
 {'value': 3.0, 'displayValue': '3', 'period': 4}]","[{'name': 'overall', 'abbreviation': 'Game', 'type': 'total', 'summary': '5-1'}
 {'name': 'Home', 'abbreviation': None, 'type': 'home', 'summary': '4-0'}
 {'name': 'Road', 'abbreviation': None, 'type': 'road', 'summary': '1-1'}
 {'name': 'vs. Conf.', 'abbreviation': None, 'type': 'vsconf', 'summary': '2-1'}]",400548369,2014,2,7,8,Southeastern Conference,SEC,True,
400548368,s:20~l:23~e:400548368~c:400548368,2014-10-12T01:00Z,110633,True,False,False,True,True,False,2014-10-12T01:00Z,ESPN,[],,,national,ESPN,1,STD,3795,Kyle Field,College Station,TX,USA,False,0.0,0:00,4,3,STATUS_FINAL,post,True,Final,Final,Final,4,245,s:20~l:23~t:245,Texas A&M,Aggies,TA&M,Texas A&M Aggies,Texas A&M,500000,ffffff,True,3795,https://a.espncdn.com/i/teamlogos/ncaa/500/245.png,8,20,False,14,"[{'value': 0.0, 'displayValue': '0', 'period': 1}
 {'value': 0.0, 'displayValue': '0', 'period': 2}
 {'value': 7.0, 'displayValue': '7', 'period': 3}
 {'value': 13.0, 'displayValue': '13', 'period': 4}]","[{'name': 'overall', 'abbreviation': 'Game', 'type': 'total', 'summary': '5-2'}
 {'name': 'Home', 'abbreviation': None, 'type': 'home', 'summary': '2-1'}
 {'name': 'Road', 'abbreviation': None, 'type': 'road', 'summary': '2-1'}
 {'name': 'vs. Conf.', 'abbreviation': None, 'type': 'vsconf', 'summary': '2-2'}]",145,s:20~l:23~t:145,Ole Miss,Rebels,MISS,Ole Miss Rebels,Ole Miss,13294b,cf142b,True,3974,https://a.espncdn.com/i/teamlogos/ncaa/500/145.png,8,35,True,3,"[{'value': 14.0, 'displayValue': '14', 'period': 1}
 {'value': 7.0, 'displayValue': '7', 'period': 2}
 {'value': 7.0, 'displayValue': '7', 'period': 3}
 {'value': 7.0, 'displayValue': '7', 'period': 4}]","[{'name': 'overall', 'abbreviation': 'Game', 'type': 'total', 'summary': '6-0'}
 {'name': 'Home', 'abbreviation': None, 'type': 'home', 'summary': '3-0'}
 {'name': 'Road', 'abbreviation': None, 'type': 'road', 'summary': '2-0'}
 {'name': 'vs. Conf.', 'abbreviation': None, 'type': 'vsconf', 'summary': '3-0'}]",400548368,2014,2,7,8,Southeastern Conference,SEC,True,
400547868,s:20~l:23~e:400547868~c:400547868,2014-10-11T19:30Z,46803,True,False,False,True,True,False,2014-10-11T19:30Z,ABC/ESPN2,[],,,national,ABC,1,STD,4727,McLane Stadium,Waco,TX,USA,False,0.0,0:00,4,3,STATUS_FINAL,post,True,Final,Final,Final,4,239,s:20~l:23~t:239,Baylor,Bears,BAY,Baylor Bears,Baylor,154734,ffb81c,True,3724,https://a.espncdn.com/i/teamlogos/ncaa/500/239.png,4,61,True,5,"[{'value': 10.0, 'displayValue': '10', 'period': 1}
 {'value': 17.0, 'displayValue': '17', 'period': 2}
 {'value': 10.0, 'displayValue': '10', 'period': 3}
 {'value': 24.0, 'displayValue': '24', 'period': 4}]","[{'name': 'overall', 'abbreviation': 'Game', 'type': 'total', 'summary': '6-0'}
 {'name': 'Home', 'abbreviation': None, 'type': 'home', 'summary': '3-0'}
 {'name': 'Road', 'abbreviation': None, 'type': 'road', 'summary': '3-0'}
 {'name': 'vs. Conf.', 'abbreviation': None, 'type': 'vsconf', 'summary': '3-0'}]",2628,s:20~l:23~t:2628,TCU,Horned Frogs,TCU,TCU Horned Frogs,TCU,4d1979,ffffff,True,3616,https://a.espncdn.com/i/teamlogos/ncaa/500/2628.png,4,58,False,9,"[{'value': 14.0, 'displayValue': '14', 'period': 1}
 {'value': 17.0, 'displayValue': '17', 'period': 2}
 {'value': 13.0, 'displayValue': '13', 'period': 3}
 {'value': 14.0, 'displayValue': '14', 'period': 4}]","[{'name': 'overall', 'abbreviation': 'Game', 'type': 'total', 'summary': '4-1'}
 {'name': 'Home', 'abbreviation': None, 'type': 'home', 'summary': '3-0'}
 {'name': 'Road', 'abbreviation': None, 'type': 'road', 'summary': '1-1'}
 {'name': 'vs. Conf.', 'abbreviation': None, 'type': 'vsconf', 'summary': '1-1'}]",400547868,2014,2,7,4,Big 12 Conference,Big 12,True,
400547798,s:20~l:23~e:400547798~c:400547798,2014-10-11T19:30Z,80795,True,False,False,False,True,False,2014-10-11T19:30Z,NBC,[],,,national,NBC,1,STD,3855,Notre Dame Stadium,Notre Dame,IN,USA,False,0.0,0:00,4,3,STATUS_FINAL,post,True,Final,Final,Final,4,87,s:20~l:23~t:87,Notre Dame,Fighting Irish,ND,Notre Dame Fighting Irish,Notre Dame,062340,c99700,True,3855,https://a.espncdn.com/i/teamlogos/ncaa/500/87.png,18,50,True,6,"[{'value': 7.0, 'displayValue': '7', 'period': 1}
 {'value': 21.0, 'displayValue': '21', 'period': 2}
 {'value': 7.0, 'displayValue': '7', 'period': 3}
 {'value': 15.0, 'displayValue': '15', 'period': 4}]","[{'name': 'overall', 'abbreviation': 'Game', 'type': 'total', 'summary': '6-0'}
 {'name': 'Home', 'abbreviation': None, 'type': 'home', 'summary': '4-0'}
 {'name': 'Road', 'abbreviation': None, 'type': 'road', 'summary': '0-0'}
 {'name': 'vs. Conf.', 'abbreviation': None, 'type': 'vsconf', 'summary': '0-0'}]",153,s:20~l:23~t:153,North Carolina,Tar Heels,UNC,North Carolina Tar Heels,UNC,7bafd4,13294b,True,3787,https://a.espncdn.com/i/teamlogos/ncaa/500/153.png,1,43,False,99,"[{'value': 14.0, 'displayValue': '14', 'period': 1}
 {'value': 12.0, 'displayValue': '12', 'period': 2}
 {'value': 10.0, 'displayValue': '10', 'period': 3}
 {'value': 7.0, 'displayValue': '7', 'period': 4}]","[{'name': 'overall', 'abbreviation': 'Game', 'type': 'total', 'summary': '2-4'}
 {'name': 'Home', 'abbreviation': None, 'type': 'home', 'summary': '2-1'}
 {'name': 'Road', 'abbreviation': None, 'type': 'road', 'summary': '0-3'}
 {'name': 'vs. Conf.', 'abbreviation': None, 'type': 'vsconf', 'summary': '0-2'}]",400547798,2014,2,7,,,,,
400548365,s:20~l:23~e:400548365~c:400548365,2014-10-11T22:00Z,72337,True,False,False,True,True,False,2014-10-11T22:00Z,ESPN,[],,,national,ESPN,1,STD,3887,Donald W. Reynolds Razorback Stadium,Fayetteville,AR,USA,False,0.0,0:00,4,3,STATUS_FINAL,post,True,Final,Final,Final,4,8,s:20~l:23~t:8,Arkansas,Razorbacks,ARK,Arkansas Razorbacks,Arkansas,a32136,ffffff,True,3887,https://a.espncdn.com/i/teamlogos/ncaa/500/8.png,8,13,False,99,"[{'value': 0.0, 'displayValue': '0', 'period': 1}
 {'value': 6.0, 'displayValue': '6', 'period': 2}
 {'value': 7.0, 'displayValue': '7', 'period': 3}
 {'value': 0.0, 'displayValue': '0', 'period': 4}]","[{'name': 'overall', 'abbreviation': 'Game', 'type': 'total', 'summary': '3-3'}
 {'name': 'Home', 'abbreviation': None, 'type': 'home', 'summary': '2-1'}
 {'name': 'Road', 'abbreviation': None, 'type': 'road', 'summary': '1-1'}
 {'name': 'vs. Conf.', 'abbreviation': None, 'type': 'vsconf', 'summary': '0-3'}]",333,s:20~l:23~t:333,Alabama,Crimson Tide,ALA,Alabama Crimson Tide,Alabama,9e1b32,ffffff,True,3657,https://a.espncdn.com/i/teamlogos/ncaa/500/333.png,8,14,True,7,"[{'value': 0.0, 'displayValue': '0', 'period': 1}
 {'value': 7.0, 'displayValue': '7', 'period': 2}
 {'value': 0.0, 'displayValue': '0', 'period': 3}
 {'value': 7.0, 'displayValue': '7', 'period': 4}]","[{'name': 'overall', 'abbreviation': 'Game', 'type': 'total', 'summary': '5-1'}
 {'name': 'Home', 'abbreviation': None, 'type': 'home', 'summary': '3-0'}
 {'name': 'Road', 'abbreviation': None, 'type': 'road', 'summary': '1-1'}
 {'name': 'vs. Conf.', 'abbreviation': None, 'type': 'vsconf', 'summary': '2-1'}]",400548365,2014,2,7,8,Southeastern Conference,SEC,True,
400547957,s:20~l:23~e:400547957~c:400547957,2014-10-11T19:30Z,40217,True,False,False,True,True,False,2014-10-11T19:30Z,ABC/ESPN2,[],,,national,ABC,1,STD,3907,Ross-Ade Stadium,West Lafayette,IN,USA,False,0.0,0:00,4,3,STATUS_FINAL,post,True,Final,Final,Final,4,2509,s:20~l:23~t:2509,Purdue,Boilermakers,PUR,Purdue Boilermakers,Purdue,ceb888,000000,True,3907,https://a.espncdn.com/i/teamlogos/ncaa/500/2509.png,5,31,False,99,"[{'value': 3.0, 'displayValue': '3', 'period': 1}
 {'value': 14.0, 'displayValue': '14', 'period': 2}
 {'value': 0.0, 'displayValue': '0', 'period': 3}
 {'value': 14.0, 'displayValue': '14', 'period': 4}]","[{'name': 'overall', 'abbreviation': 'Game', 'type': 'total', 'summary': '3-4'}
 {'name': 'Home', 'abbreviation': None, 'type': 'home', 'summary': '2-3'}
 {'name': 'Road', 'abbreviation': None, 'type': 'road', 'summary': '1-0'}
 {'name': 'vs. Conf.', 'abbreviation': None, 'type': 'vsconf', 'summary': '1-2'}]",127,s:20~l:23~t:127,Michigan State,Spartans,MSU,Michigan State Spartans,Michigan State,173f35,ffffff,True,3936,https://a.espncdn.com/i/teamlogos/ncaa/500/127.png,5,45,True,8,"[{'value': 14.0, 'displayValue': '14', 'period': 1}
 {'value': 10.0, 'displayValue': '10', 'period': 2}
 {'value': 14.0, 'displayValue': '14', 'period': 3}
 {'value': 7.0, 'displayValue': '7', 'period': 4}]","[{'name': 'overall', 'abbreviation': 'Game', 'type': 'total', 'summary': '5-1'}
 {'name': 'Home', 'abbreviation': None, 'type': 'home', 'summary': '4-0'}
 {'name': 'Road', 'abbreviation': None, 'type': 'road', 'summary': '1-1'}
 {'name': 'vs. Conf.', 'abbreviation': None, 'type': 'vsconf', 'summary': '2-0'}]",400547957,2014,2,7,5,Big Ten Conference,Big Ten,True,
400548281,s:20~l:23~e:400548281~c:400548281,2014-10-12T02:30Z,56754,True,False,False,True,True,False,2014-10-12T02:30Z,ESPN2,[],,,national,ESPN2,1,STD,3619,Casino Del Sol Stadium,Tucson,AZ,USA,False,0.0,0:00,4,3,STATUS_FINAL,post,True,Final,Final,Final,4,12,s:20~l:23~t:12,Arizona,Wildcats,ARIZ,Arizona Wildcats,Arizona,cc0033,003366,True,3619,https://a.espncdn.com/i/teamlogos/ncaa/500/12.png,9,26,False,10,"[{'value': 6.0, 'displayValue': '6', 'period': 1}
 {'value': 0.0, 'displayValue': '0', 'period': 2}
 {'value': 7.0, 'displayValue': '7', 'period': 3}
 {'value': 13.0, 'displayValue': '13', 'period': 4}]","[{'name': 'overall', 'abbreviation': 'Game', 'type': 'total', 'summary': '5-1'}
 {'name': 'Home', 'abbreviation': None, 'type': 'home', 'summary': '3-1'}
 {'name': 'Road', 'abbreviation': None, 'type': 'road', 'summary': '2-0'}
 {'name': 'vs. Conf.', 'abbreviation': None, 'type': 'vsconf', 'summary': '2-1'}]",30,s:20~l:23~t:30,USC,Trojans,USC,USC Trojans,USC,9d2235,ffc72c,True,477,https://a.espncdn.com/i/teamlogos/ncaa/500/30.png,9,28,True,99,"[{'value': 7.0, 'displayValue': '7', 'period': 1}
 {'value': 7.0, 'displayValue': '7', 'period': 2}
 {'value': 14.0, 'displayValue': '14', 'period': 3}
 {'value': 0.0, 'displayValue': '0', 'period': 4}]","[{'name': 'overall', 'abbreviation': 'Game', 'type': 'total', 'summary': '4-2'}
 {'name': 'Home', 'abbreviation': None, 'type': 'home', 'summary': '2-1'}
 {'name': 'Road', 'abbreviation': None, 'type': 'road', 'summary': '2-1'}
 {'name': 'vs. Conf.', 'abbreviation': None, 'type': 'vsconf', 'summary': '3-1'}]",400548281,2014,2,7,9,Pac-12 Conference,Pac-12,True,
400547870,s:20~l:23~e:400547870~c:400547870,2014-10-11T16:00Z,92100,True,False,True,True,True,False,2014-10-11T16:00Z,ABC,[],,,national,ABC,1,STD,499,Cotton Bowl,Dallas,TX,USA,False,0.0,0:00,4,3,STATUS_FINAL,post,True,Final,Final,Final,4,201,s:20~l:23~t:201,Oklahoma,Sooners,OKLA,Oklahoma Sooners,Oklahoma,990000,ffffff,True,3835,https://a.espncdn.com/i/teamlogos/ncaa/500/201.png,4,31,True,11,"[{'value': 7.0, 'displayValue': '7', 'period': 1}
 {'value': 10.0, 'displayValue': '10', 'period': 2}
 {'value': 7.0, 'displayValue': '7', 'period': 3}
 {'value': 7.0, 'displayValue': '7', 'period': 4}]","[{'name': 'overall', 'abbreviation': 'Game', 'type': 'total', 'summary': '5-1'}
 {'name': 'Home', 'abbreviation': None, 'type': 'home', 'summary': '2-0'}
 {'name': 'Road', 'abbreviation': None, 'type': 'road', 'summary': '2-1'}
 {'name': 'vs. Conf.', 'abbreviation': None, 'type': 'vsconf', 'summary': '2-1'}]",251,s:20~l:23~t:251,Texas,Longhorns,TEX,Texas Longhorns,Texas,af5c37,ffffff,True,3910,https://a.espncdn.com/i/teamlogos/ncaa/500/251.png,4,26,False,99,"[{'value': 3.0, 'displayValue': '3', 'period': 1}
 {'value': 10.0, 'displayValue': '10', 'period': 2}
 {'value': 0.0, 'displayValue': '0', 'period': 3}
 {'value': 13.0, 'displayValue': '13', 'period': 4}]","[{'name': 'overall', 'abbreviation': 'Game', 'type': 'total', 'summary': '2-4'}
 {'name': 'Home', 'abbreviation': None, 'type': 'home', 'summary': '1-2'}
 {'name': 'Road', 'abbreviation': None, 'type': 'road', 'summary': '1-0'}
 {'name': 'vs. Conf.', 'abbreviation': None, 'type': 'vsconf', 'summary': '1-2'}]",400547870,2014,2,7,4,Big 12 Conference,Big 12,True,
400548282,s:20~l:23~e:400548282~c:400548282,2014-10-11T19:30Z,80139,True,False,False,True,True,False,2014-10-11T19:30Z,FOX,[],,,national,FOX,1,STD,1056,Rose Bowl,Pasadena,CA,USA,False,0.0,0:00,4,3,STATUS_FINAL,post,True,Final,Final,Final,4,26,s:20~l:23~t:26,UCLA,Bruins,UCLA,UCLA Bruins,UCLA,2774ae,f2a900,True,1056,https://a.espncdn.com/i/teamlogos/ncaa/500/26.png,9,30,False,18,"[{'value': 0.0, 'displayValue': '0', 'period': 1}
 {'value': 10.0, 'displayValue': '10', 'period': 2}
 {'value': 0.0, 'displayValue': '0', 'period': 3}
 {'value': 20.0, 'displayValue': '20', 'period': 4}]","[{'name': 'overall', 'abbreviation': 'Game', 'type': 'total', 'summary': '4-2'}
 {'name': 'Home', 'abbreviation': None, 'type': 'home', 'summary': '1-2'}
 {'name': 'Road', 'abbreviation': None, 'type': 'road', 'summary': '2-0'}
 {'name': 'vs. Conf.', 'abbreviation': None, 'type': 'vsconf', 'summary': '1-2'}]",2483,s:20~l:23~t:2483,Oregon,Ducks,ORE,Oregon Ducks,Oregon,00934b,fff41b,True,3626,https://a.espncdn.com/i/teamlogos/ncaa/500/2483.png,9,42,True,12,"[{'value': 8.0, 'displayValue': '8', 'period': 1}
 {'value': 13.0, 'displayValue': '13', 'period': 2}
 {'value': 14.0, 'displayValue': '14', 'period': 3}
 {'value': 7.0, 'displayValue': '7', 'period': 4}]","[{'name': 'overall', 'abbreviation': 'Game', 'type': 'total', 'summary': '5-1'}
 {'name': 'Home', 'abbreviation': None, 'type': 'home', 'summary': '3-1'}
 {'name': 'Road', 'abbreviation': None, 'type': 'road', 'summary': '2-0'}
 {'name': 'vs. Conf.', 'abbreviation': None, 'type': 'vsconf', 'summary': '2-1'}]",400548282,2014,2,7,9,Pac-12 Conference,Pac-12,True,
400548370,s:20~l:23~e:400548370~c:400548370,2014-10-11T16:00Z,71168,True,False,False,True,True,False,2014-10-11T16:00Z,CBS,[],,,national,CBS,1,STD,3838,Memorial Stadium,Columbia,MO,USA,False,0.0,0:00,4,3,STATUS_FINAL,post,True,Final,Final,Final,4,142,s:20~l:23~t:142,Missouri,Tigers,MIZ,Missouri Tigers,Missouri,f1b82d,000000,True,3838,https://a.espncdn.com/i/teamlogos/ncaa/500/142.png,8,0,False,23,"[{'value': 0.0, 'displayValue': '0', 'period': 1}
 {'value': 0.0, 'displayValue': '0', 'period': 2}
 {'value': 0.0, 'displayValue': '0', 'period': 3}
 {'value': 0.0, 'displayValue': '0', 'period': 4}]","[{'name': 'overall', 'abbreviation': 'Game', 'type': 'total', 'summary': '4-2'}
 {'name': 'Home', 'abbreviation': None, 'type': 'home', 'summary': '2-2'}
 {'name': 'Road', 'abbreviation': None, 'type': 'road', 'summary': '2-0'}
 {'name': 'vs. Conf.', 'abbreviation': None, 'type': 'vsconf', 'summary': '1-1'}]",61,s:20~l:23~t:61,Georgia,Bulldogs,UGA,Georgia Bulldogs,Georgia,ba0c2f,2c2a29,True,3917,https://a.espncdn.com/i/teamlogos/ncaa/500/61.png,8,34,True,13,"[{'value': 6.0, 'displayValue': '6', 'period': 1}
 {'value': 14.0, 'displayValue': '14', 'period': 2}
 {'value': 7.0, 'displayValue': '7', 'period': 3}
 {'value': 7.0, 'displayValue': '7', 'period': 4}]","[{'name': 'overall', 'abbreviation': 'Game', 'type': 'total', 'summary': '5-1'}
 {'name': 'Home', 'abbreviation': None, 'type': 'home', 'summary': '4-0'}
 {'name': 'Road', 'abbreviation': None, 'type': 'road', 'summary': '1-1'}
 {'name': 'vs. Conf.', 'abbreviation': None, 'type': 'vsconf', 'summary': '3-1'}]",400548370,2014,2,7,8,Southeastern Conference,SEC,True,
400547871,s:20~l:23~e:400547871~c:400547871,2014-10-11T20:00Z,31985,True,False,False,True,True,False,2014-10-11T20:00Z,FS1,[],,,national,FS1,1,STD,3833,David Booth Kansas Memorial Stadium,Lawrence,KS,USA,False,0.0,0:00,4,3,STATUS_FINAL,post,True,Final,Final,Final,4,2305,s:20~l:23~t:2305,Kansas,Jayhawks,KU,Kansas Jayhawks,Kansas,0051ba,e8000d,True,3833,https://a.espncdn.com/i/teamlogos/ncaa/500/2305.png,4,20,False,99,"[{'value': 7.0, 'displayValue': '7', 'period': 1}
 {'value': 0.0, 'displayValue': '0', 'period': 2}
 {'value': 3.0, 'displayValue': '3', 'period': 3}
 {'value': 10.0, 'displayValue': '10', 'period': 4}]","[{'name': 'overall', 'abbreviation': 'Game', 'type': 'total', 'summary': '2-4'}
 {'name': 'Home', 'abbreviation': None, 'type': 'home', 'summary': '2-2'}
 {'name': 'Road', 'abbreviation': None, 'type': 'road', 'summary': '0-2'}
 {'name': 'vs. Conf.', 'abbreviation': None, 'type': 'vsconf', 'summary': '0-3'}]",197,s:20~l:23~t:197,Oklahoma State,Cowboys,OKST,Oklahoma State Cowboys,Oklahoma State,fe5c00,000000,True,3646,https://a.espncdn.com/i/teamlogos/ncaa/500/197.png,4,27,True,16,"[{'value': 10.0, 'displayValue': '10', 'period': 1}
 {'value': 10.0, 'displayValue': '10', 'period': 2}
 {'value': 0.0, 'displayValue': '0', 'period': 3}
 {'value': 7.0, 'displayValue': '7', 'period': 4}]","[{'name': 'overall', 'abbreviation': 'Game', 'type': 'total', 'summary': '5-1'}
 {'name': 'Home', 'abbreviation': None, 'type': 'home', 'summary': '4-0'}
 {'name': 'Road', 'abbreviation': None, 'type': 'road', 'summary': '1-0'}
 {'name': 'vs. Conf.', 'abbreviation': None, 'type': 'vsconf', 'summary': '3-0'}]",400547871,2014,2,7,4,Big 12 Conference,Big 12,True,
400547689,s:20~l:23~e:400547689~c:400547689,2014-10-11T23:00Z,31567,True,False,False,True,True,False,2014-10-11T23:00Z,ESPNU,[],,,national,ESPNU,1,STD,3886,Raymond James Stadium,Tampa,FL,USA,False,0.0,0:00,4,3,STATUS_FINAL,post,True,Final,Final,Final,4,58,s:20~l:23~t:58,South Florida,Bulls,USF,South Florida Bulls,USF,006747,cfc493,True,3886,https://a.espncdn.com/i/teamlogos/ncaa/500/58.png,151,17,False,99,"[{'value': 7.0, 'displayValue': '7', 'period': 1}
 {'value': 10.0, 'displayValue': '10', 'period': 2}
 {'value': 0.0, 'displayValue': '0', 'period': 3}
 {'value': 0.0, 'displayValue': '0', 'period': 4}]","[{'name': 'overall', 'abbreviation': 'Game', 'type': 'total', 'summary': '2-4'}
 {'name': 'Home', 'abbreviation': None, 'type': 'home', 'summary': '2-3'}
 {'name': 'Road', 'abbreviation': None, 'type': 'road', 'summary': '0-1'}
 {'name': 'vs. Conf.', 'abbreviation': None, 'type': 'vsconf', 'summary': '1-1'}]",151,s:20~l:23~t:151,East Carolina,Pirates,ECU,East Carolina Pirates,ECU,582c83,ffc72c,True,3699,https://a.espncdn.com/i/teamlogos/ncaa/500/151.png,151,28,True,19,"[{'value': 7.0, 'displayValue': '7', 'period': 1}
 {'value': 0.0, 'displayValue': '0', 'period': 2}
 {'value': 7.0, 'displayValue': '7', 'period': 3}
 {'value': 14.0, 'displayValue': '14', 'period': 4}]","[{'name': 'overall', 'abbreviation': 'Game', 'type': 'total', 'summary': '5-1'}
 {'name': 'Home', 'abbreviation': None, 'type': 'home', 'summary': '3-0'}
 {'name': 'Road', 'abbreviation': None, 'type': 'road', 'summary': '2-1'}
 {'name': 'vs. Conf.', 'abbreviation': None, 'type': 'vsconf', 'summary': '2-0'}]",400547689,2014,2,7,151,American Conference,American,True,
400547755,s:20~l:23~e:400547755~c:400547755,2014-10-11T16:30Z,44281,True,False,False,True,True,False,2014-10-11T16:30Z,ESPN3,[],,,national,ESPN3,1,STD,721,Bobby Dodd Stadium,Atlanta,GA,USA,False,0.0,0:00,4,3,STATUS_FINAL,post,True,Final,Final,Final,4,59,s:20~l:23~t:59,Georgia Tech,Yellow Jackets,GT,Georgia Tech Yellow Jackets,Georgia Tech,b3a369,ffffff,True,721,https://a.espncdn.com/i/teamlogos/ncaa/500/59.png,1,25,False,22,"[{'value': 3.0, 'displayValue': '3', 'period': 1}
 {'value': 9.0, 'displayValue': '9', 'period': 2}
 {'value': 0.0, 'displayValue': '0', 'period': 3}
 {'value': 13.0, 'displayValue': '13', 'period': 4}]","[{'name': 'overall', 'abbreviation': 'Game', 'type': 'total', 'summary': '5-1'}
 {'name': 'Home', 'abbreviation': None, 'type': 'home', 'summary': '3-1'}
 {'name': 'Road', 'abbreviation': None, 'type': 'road', 'summary': '2-0'}
 {'name': 'vs. Conf.', 'abbreviation': None, 'type': 'vsconf', 'summary': '2-1'}]",150,s:20~l:23~t:150,Duke,Blue Devils,DUKE,Duke Blue Devils,Duke,00539b,ffffff,True,3982,https://a.espncdn.com/i/teamlogos/ncaa/500/150.png,1,31,True,99,"[{'value': 7.0, 'displayValue': '7', 'period': 1}
 {'value': 7.0, 'displayValue': '7', 'period': 2}
 {'value': 10.0, 'displayValue': '10', 'period': 3}
 {'value': 7.0, 'displayValue': '7', 'period': 4}]","[{'name': 'overall', 'abbreviation': 'Game', 'type': 'total', 'summary': '5-1'}
 {'name': 'Home', 'abbreviation': None, 'type': 'home', 'summary': '3-0'}
 {'name': 'Road', 'abbreviation': None, 'type': 'road', 'summary': '2-1'}
 {'name': 'vs. Conf.', 'abbreviation': None, 'type': 'vsconf', 'summary': '1-1'}]",400547755,2014,2,7,1,Atlantic Coast Conference,ACC,True,
400547687,s:20~l:23~e:400547687~c:400547687,2014-10-11T16:00Z,43953,True,False,False,False,True,False,2014-10-11T16:00Z,ESPN3,[],,,national,ESPN3,1,STD,3948,Hard Rock Stadium,Miami Gardens,FL,USA,False,0.0,0:00,4,3,STATUS_FINAL,post,True,Final,Final,Final,4,2390,s:20~l:23~t:2390,Miami,Hurricanes,MIAMI,Miami Hurricanes,Miami,f47423,035131,True,3948,https://a.espncdn.com/i/teamlogos/ncaa/500/2390.png,1,55,True,99,"[{'value': 14.0, 'displayValue': '14', 'period': 1}
 {'value': 10.0, 'displayValue': '10', 'period': 2}
 {'value': 17.0, 'displayValue': '17', 'period': 3}
 {'value': 14.0, 'displayValue': '14', 'period': 4}]","[{'name': 'overall', 'abbreviation': 'Game', 'type': 'total', 'summary': '4-3'}
 {'name': 'Home', 'abbreviation': None, 'type': 'home', 'summary': '4-0'}
 {'name': 'Road', 'abbreviation': None, 'type': 'road', 'summary': '0-3'}
 {'name': 'vs. Conf.', 'abbreviation': None, 'type': 'vsconf', 'summary': '1-2'}]",2132,s:20~l:23~t:2132,Cincinnati,Bearcats,CIN,Cincinnati Bearcats,Cincinnati,000000,e00122,True,3854,https://a.espncdn.com/i/teamlogos/ncaa/500/2132.png,151,34,False,99,"[{'value': 7.0, 'displayValue': '7', 'period': 1}
 {'value': 3.0, 'displayValue': '3', 'period': 2}
 {'value': 3.0, 'displayValue': '3', 'period': 3}
 {'value': 21.0, 'displayValue': '21', 'period': 4}]","[{'name': 'overall', 'abbreviation': 'Game', 'type': 'total', 'summary': '2-3'}
 {'name': 'Home', 'abbreviation': None, 'type': 'home', 'summary': '2-1'}
 {'name': 'Road', 'abbreviation': None, 'type': 'road', 'summary': '0-2'}
 {'name': 'vs. Conf.', 'abbreviation': None, 'type': 'vsconf', 'summary': '0-1'}]",400547687,2014,2,7,,,,,
400547691,s:20~l:23~e:400547691~c:400547691,2014-10-11T16:00Z,25340,True,False,False,True,True,False,2014-10-11T16:00Z,ESPNEWS,[],,,national,ESPNEWS,1,STD,3806,Lincoln Financial Field,Philadelphia,PA,USA,False,0.0,0:00,4,3,STATUS_FINAL,post,True,Final,Final,Final,4,218,s:20~l:23~t:218,Temple,Owls,TEM,Temple Owls,Temple,a41e35,ffffff,True,3806,https://a.espncdn.com/i/teamlogos/ncaa/500/218.png,151,35,True,99,"[{'value': 7.0, 'displayValue': '7', 'period': 1}
 {'value': 14.0, 'displayValue': '14', 'period': 2}
 {'value': 0.0, 'displayValue': '0', 'period': 3}
 {'value': 14.0, 'displayValue': '14', 'period': 4}]","[{'name': 'overall', 'abbreviation': 'Game', 'type': 'total', 'summary': '4-1'}
 {'name': 'Home', 'abbreviation': None, 'type': 'home', 'summary': '2-1'}
 {'name': 'Road', 'abbreviation': None, 'type': 'road', 'summary': '2-0'}
 {'name': 'vs. Conf.', 'abbreviation': None, 'type': 'vsconf', 'summary': '2-0'}]",202,s:20~l:23~t:202,Tulsa,Golden Hurricane,TLSA,Tulsa Golden Hurricane,Tulsa,003595,d0b787,True,3674,https://a.espncdn.com/i/teamlogos/ncaa/500/202.png,151,24,False,99,"[{'value': 7.0, 'displayValue': '7', 'period': 1}
 {'value': 7.0, 'displayValue': '7', 'period': 2}
 {'value': 7.0, 'displayValue': '7', 'period': 3}
 {'value': 3.0, 'displayValue': '3', 'period': 4}]","[{'name': 'overall', 'abbreviation': 'Game', 'type': 'total', 'summary': '1-5'}
 {'name': 'Home', 'abbreviation': None, 'type': 'home', 'summary': '1-2'}
 {'name': 'Road', 'abbreviation': None, 'type': 'road', 'summary': '0-3'}
 {'name': 'vs. Conf.', 'abbreviation': None, 'type': 'vsconf', 'summary': '1-1'}]",400547691,2014,2,7,151,American Conference,American,True,
400547869,s:20~l:23~e:400547869~c:400547869,2014-10-11T16:00Z,58502,True,False,False,True,True,False,2014-10-11T16:00Z,,[],,,,,1,STD,3784,Jones AT&T Stadium,Lubbock,TX,USA,False,0.0,0:00,4,3,STATUS_FINAL,post,True,Final,Final,Final,4,2641,s:20~l:23~t:2641,Texas Tech,Red Raiders,TTU,Texas Tech Red Raiders,Texas Tech,da291c,000000,True,3784,https://a.espncdn.com/i/teamlogos/ncaa/500/2641.png,4,34,False,99,"[{'value': 14.0, 'displayValue': '14', 'period': 1}
 {'value': 7.0, 'displayValue': '7', 'period': 2}
 {'value': 6.0, 'displayValue': '6', 'period': 3}
 {'value': 7.0, 'displayValue': '7', 'period': 4}]","[{'name': 'overall', 'abbreviation': 'Game', 'type': 'total', 'summary': '2-4'}
 {'name': 'Home', 'abbreviation': None, 'type': 'home', 'summary': '1-2'}
 {'name': 'Road', 'abbreviation': None, 'type': 'road', 'summary': '1-2'}
 {'name': 'vs. Conf.', 'abbreviation': None, 'type': 'vsconf', 'summary': '0-3'}]",277,s:20~l:23~t:277,West Virginia,Mountaineers,WVU,West Virginia Mountaineers,West Virginia,eaaa00,002855,True,3842,https://a.espncdn.com/i/teamlogos/ncaa/500/277.png,4,37,True,99,"[{'value': 3.0, 'displayValue': '3', 'period': 1}
 {'value': 7.0, 'displayValue': '7', 'period': 2}
 {'value': 10.0, 'displayValue': '10', 'period': 3}
 {'value': 17.0, 'displayValue': '17', 'period': 4}]","[{'name': 'overall', 'abbreviation': 'Game', 'type': 'total', 'summary': '4-2'}
 {'name': 'Home', 'abbreviation': None, 'type': 'home', 'summary': '2-1'}
 {'name': 'Road', 'abbreviation': None, 'type': 'road', 'summary': '2-0'}
 {'name': 'vs. Conf.', 'abbreviation': None, 'type': 'vsconf', 'summary': '2-1'}]",400547869,2014,2,7,4,Big 12 Conference,Big 12,True,
400547910,s:20~l:23~e:400547910~c:400547910,2014-10-11T16:00Z,80341,True,False,False,True,True,False,2014-10-11T16:00Z,ESPN2,[],,,national,ESPN2,1,STD,347,Camp Randall Stadium,Madison,WI,USA,False,0.0,0:00,4,3,STATUS_FINAL,post,True,Final,Final,Final,4,275,s:20~l:23~t:275,Wisconsin,Badgers,WIS,Wisconsin Badgers,Wisconsin,a00000,ffffff,True,347,https://a.espncdn.com/i/teamlogos/ncaa/500/275.png,5,38,True,99,"[{'value': 7.0, 'displayValue': '7', 'period': 1}
 {'value': 17.0, 'displayValue': '17', 'period': 2}
 {'value': 7.0, 'displayValue': '7', 'period': 3}
 {'value': 7.0, 'displayValue': '7', 'period': 4}]","[{'name': 'overall', 'abbreviation': 'Game', 'type': 'total', 'summary': '4-2'}
 {'name': 'Home', 'abbreviation': None, 'type': 'home', 'summary': '4-0'}
 {'name': 'Road', 'abbreviation': None, 'type': 'road', 'summary': '0-1'}
 {'name': 'vs. Conf.', 'abbreviation': None, 'type': 'vsconf', 'summary': '1-1'}]",356,s:20~l:23~t:356,Illinois,Fighting Illini,ILL,Illinois Fighting Illini,Illinois,ff5f05,13294b,True,3597,https://a.espncdn.com/i/teamlogos/ncaa/500/356.png,5,28,False,99,"[{'value': 14.0, 'displayValue': '14', 'period': 1}
 {'value': 0.0, 'displayValue': '0', 'period': 2}
 {'value': 0.0, 'displayValue': '0', 'period': 3}
 {'value': 14.0, 'displayValue': '14', 'period': 4}]","[{'name': 'overall', 'abbreviation': 'Game', 'type': 'total', 'summary': '3-4'}
 {'name': 'Home', 'abbreviation': None, 'type': 'home', 'summary': '3-1'}
 {'name': 'Road', 'abbreviation': None, 'type': 'road', 'summary': '0-3'}
 {'name': 'vs. Conf.', 'abbreviation': None, 'type': 'vsconf', 'summary': '0-3'}]",400547910,2014,2,7,5,Big Ten Conference,Big Ten,True,
400547921,s:20~l:23~e:400547921~c:400547921,2014-10-11T16:00Z,68590,True,False,False,True,True,False,2014-10-11T16:00Z,ESPNU,[],,,national,ESPNU,1,STD,3793,Kinnick Stadium,Iowa City,IA,USA,False,0.0,0:00,4,3,STATUS_FINAL,post,True,Final,Final,Final,4,2294,s:20~l:23~t:2294,Iowa,Hawkeyes,IOWA,Iowa Hawkeyes,Iowa,231f20,fcd116,True,3793,https://a.espncdn.com/i/teamlogos/ncaa/500/2294.png,5,45,True,99,"[{'value': 28.0, 'displayValue': '28', 'period': 1}
 {'value': 10.0, 'displayValue': '10', 'period': 2}
 {'value': 0.0, 'displayValue': '0', 'period': 3}
 {'value': 7.0, 'displayValue': '7', 'period': 4}]","[{'name': 'overall', 'abbreviation': 'Game', 'type': 'total', 'summary': '5-1'}
 {'name': 'Home', 'abbreviation': None, 'type': 'home', 'summary': '3-1'}
 {'name': 'Road', 'abbreviation': None, 'type': 'road', 'summary': '2-0'}
 {'name': 'vs. Conf.', 'abbreviation': None, 'type': 'vsconf', 'summary': '2-0'}]",84,s:20~l:23~t:84,Indiana,Hoosiers,IND,Indiana Hoosiers,Indiana,970310,ffffff,True,3830,https://a.espncdn.com/i/teamlogos/ncaa/500/84.png,5,29,False,99,"[{'value': 7.0, 'displayValue': '7', 'period': 1}
 {'value': 14.0, 'displayValue': '14', 'period': 2}
 {'value': 0.0, 'displayValue': '0', 'period': 3}
 {'value': 8.0, 'displayValue': '8', 'period': 4}]","[{'name': 'overall', 'abbreviation': 'Game', 'type': 'total', 'summary': '3-3'}
 {'name': 'Home', 'abbreviation': None, 'type': 'home', 'summary': '2-1'}
 {'name': 'Road', 'abbreviation': None, 'type': 'road', 'summary': '1-2'}
 {'name': 'vs. Conf.', 'abbreviation': None, 'type': 'vsconf', 'summary': '0-2'}]",400547921,2014,2,7,5,Big Ten Conference,Big Ten,True,
400547963,s:20~l:23~e:400547963~c:400547963,2014-10-11T16:00Z,49051,True,False,False,True,True,False,2014-10-11T16:00Z,BTN,[],,,national,BTN,1,STD,3953,Huntington Bank Stadium,Minneapolis,MN,USA,False,0.0,0:00,4,3,STATUS_FINAL,post,True,Final,Final,Final,4,135,s:20~l:23~t:135,Minnesota,Golden Gophers,MINN,Minnesota Golden Gophers,Minnesota,5e0a2f,fab41c,True,3953,https://a.espncdn.com/i/teamlogos/ncaa/500/135.png,5,24,True,99,"[{'value': 7.0, 'displayValue': '7', 'period': 1}
 {'value': 7.0, 'displayValue': '7', 'period': 2}
 {'value': 0.0, 'displayValue': '0', 'period': 3}
 {'value': 10.0, 'displayValue': '10', 'period': 4}]","[{'name': 'overall', 'abbreviation': 'Game', 'type': 'total', 'summary': '5-1'}
 {'name': 'Home', 'abbreviation': None, 'type': 'home', 'summary': '4-0'}
 {'name': 'Road', 'abbreviation': None, 'type': 'road', 'summary': '1-1'}
 {'name': 'vs. Conf.', 'abbreviation': None, 'type': 'vsconf', 'summary': '2-0'}]",77,s:20~l:23~t:77,Northwestern,Wildcats,NW,Northwestern Wildcats,Northwestern,492f92,ffffff,True,3911,https://a.espncdn.com/i/teamlogos/ncaa/500/77.png,5,17,False,99,"[{'value': 0.0, 'displayValue': '0', 'period': 1}
 {'value': 10.0, 'displayValue': '10', 'period': 2}
 {'value': 0.0, 'displayValue': '0', 'period': 3}
 {'value': 7.0, 'displayValue': '7', 'period': 4}]","[{'name': 'overall', 'abbreviation': 'Game', 'type': 'total', 'summary': '3-3'}
 {'name': 'Home', 'abbreviation': None, 'type': 'home', 'summary': '2-2'}
 {'name': 'Road', 'abbreviation': None, 'type': 'road', 'summary': '1-1'}
 {'name': 'vs. Conf.', 'abbreviation': None, 'type': 'vsconf', 'summary': '2-1'}]",400547963,2014,2,7,5,Big Ten Conference,Big Ten,True,
400548046,s:20~l:23~e:400548046~c:400548046,2014-10-11T16:00Z,30210,True,False,False,True,True,False,2014-10-11T16:00Z,,[],,,,,1,STD,3775,Joan C. Edwards Stadium,Huntington,WV,USA,False,0.0,0:00,4,3,STATUS_FINAL,post,True,Final,Final,Final,4,276,s:20~l:23~t:276,Marshall,Thundering Herd,MRSH,Marshall Thundering Herd,Marshall,00b140,000000,True,3775,https://a.espncdn.com/i/teamlogos/ncaa/500/276.png,12,49,True,99,"[{'value': 14.0, 'displayValue': '14', 'period': 1}
 {'value': 14.0, 'displayValue': '14', 'period': 2}
 {'value': 14.0, 'displayValue': '14', 'period': 3}
 {'value': 7.0, 'displayValue': '7', 'period': 4}]","[{'name': 'overall', 'abbreviation': 'Game', 'type': 'total', 'summary': '6-0'}
 {'name': 'Home', 'abbreviation': None, 'type': 'home', 'summary': '3-0'}
 {'name': 'Road', 'abbreviation': None, 'type': 'road', 'summary': '3-0'}
 {'name': 'vs. Conf.', 'abbreviation': None, 'type': 'vsconf', 'summary': '2-0'}]",2393,s:20~l:23~t:2393,Middle Tennessee,Blue Raiders,MTSU,Middle Tennessee Blue Raiders,Mid Tennessee,036eb7,ffffff,True,3725,https://a.espncdn.com/i/teamlogos/ncaa/500/2393.png,12,24,False,99,"[{'value': 7.0, 'displayValue': '7', 'period': 1}
 {'value': 10.0, 'displayValue': '10', 'period': 2}
 {'value': 0.0, 'displayValue': '0', 'period': 3}
 {'value': 7.0, 'displayValue': '7', 'period': 4}]","[{'name': 'overall', 'abbreviation': 'Game', 'type': 'total', 'summary': '4-3'}
 {'name': 'Home', 'abbreviation': None, 'type': 'home', 'summary': '3-0'}
 {'name': 'Road', 'abbreviation': None, 'type': 'road', 'summary': '1-3'}
 {'name': 'vs. Conf.', 'abbreviation': None, 'type': 'vsconf', 'summary': '3-1'}]",400548046,2014,2,7,12,Conference USA,CUSA,True,
400548049,s:20~l:23~e:400548049~c:400548049,2014-10-11T16:00Z,37011,True,False,False,False,True,False,2014-10-11T16:00Z,CBSSN,[],,,national,CBSSN,1,STD,3841,Michie Stadium,West Point,NY,USA,False,0.0,0:00,4,3,STATUS_FINAL,post,True,Final,Final,Final,4,349,s:20~l:23~t:349,Army,Black Knights,ARMY,Army Black Knights,Army,000000,d3bc8d,True,3841,https://a.espncdn.com/i/teamlogos/ncaa/500/349.png,18,21,False,99,"[{'value': 7.0, 'displayValue': '7', 'period': 1}
 {'value': 7.0, 'displayValue': '7', 'period': 2}
 {'value': 7.0, 'displayValue': '7', 'period': 3}
 {'value': 0.0, 'displayValue': '0', 'period': 4}]","[{'name': 'overall', 'abbreviation': 'Game', 'type': 'total', 'summary': '2-4'}
 {'name': 'Home', 'abbreviation': None, 'type': 'home', 'summary': '2-1'}
 {'name': 'Road', 'abbreviation': None, 'type': 'road', 'summary': '0-3'}
 {'name': 'vs. Conf.', 'abbreviation': None, 'type': 'vsconf', 'summary': '0-0'}]",242,s:20~l:23~t:242,Rice,Owls,RICE,Rice Owls,Rice,00205b,c1c6c8,True,3895,https://a.espncdn.com/i/teamlogos/ncaa/500/242.png,12,41,True,99,"[{'value': 7.0, 'displayValue': '7', 'period': 1}
 {'value': 17.0, 'displayValue': '17', 'period': 2}
 {'value': 14.0, 'displayValue': '14', 'period': 3}
 {'value': 3.0, 'displayValue': '3', 'period': 4}]","[{'name': 'overall', 'abbreviation': 'Game', 'type': 'total', 'summary': '3-3'}
 {'name': 'Home', 'abbreviation': None, 'type': 'home', 'summary': '1-1'}
 {'name': 'Road', 'abbreviation': None, 'type': 'road', 'summary': '2-2'}
 {'name': 'vs. Conf.', 'abbreviation': None, 'type': 'vsconf', 'summary': '1-1'}]",400548049,2014,2,7,,,,,
400548367,s:20~l:23~e:400548367~c:400548367,2014-10-11T16:00Z,56676,True,False,False,False,True,False,2014-10-11T16:00Z,SEC Network,[],,,national,SEC Network,1,STD,3683,Kroger Field,Lexington,KY,USA,False,0.0,0:00,4,3,STATUS_FINAL,post,True,Final,Final,Final,4,96,s:20~l:23~t:96,Kentucky,Wildcats,UK,Kentucky Wildcats,Kentucky,0033a0,ffffff,True,3683,https://a.espncdn.com/i/teamlogos/ncaa/500/96.png,8,48,True,99,"[{'value': 3.0, 'displayValue': '3', 'period': 1}
 {'value': 21.0, 'displayValue': '21', 'period': 2}
 {'value': 21.0, 'displayValue': '21', 'period': 3}
 {'value': 3.0, 'displayValue': '3', 'period': 4}]","[{'name': 'overall', 'abbreviation': 'Game', 'type': 'total', 'summary': '5-1'}
 {'name': 'Home', 'abbreviation': None, 'type': 'home', 'summary': '5-0'}
 {'name': 'Road', 'abbreviation': None, 'type': 'road', 'summary': '0-1'}
 {'name': 'vs. Conf.', 'abbreviation': None, 'type': 'vsconf', 'summary': '2-1'}]",2433,s:20~l:23~t:2433,Louisiana Monroe,Warhawks,ULM,Louisiana Monroe Warhawks,UL Monroe,840029,fdb913,False,3817,https://a.espncdn.com/i/teamlogos/ncaa/500/2433.png,37,14,False,99,"[{'value': 14.0, 'displayValue': '14', 'period': 1}
 {'value': 0.0, 'displayValue': '0', 'period': 2}
 {'value': 0.0, 'displayValue': '0', 'period': 3}
 {'value': 0.0, 'displayValue': '0', 'period': 4}]","[{'name': 'overall', 'abbreviation': 'Game', 'type': 'total', 'summary': '3-3'}
 {'name': 'Home', 'abbreviation': None, 'type': 'home', 'summary': '3-0'}
 {'name': 'Road', 'abbreviation': None, 'type': 'road', 'summary': '0-3'}
 {'name': 'vs. Conf.', 'abbreviation': None, 'type': 'vsconf', 'summary': '2-1'}]",400548367,2014,2,7,,,,,
400558046,s:20~l:23~e:400558046~c:400558046,2014-10-11T16:30Z,24113,True,False,False,True,True,False,2014-10-11T16:30Z,,[],,,,,1,STD,3651,Bridgeforth Stadium,Harrisonburg,VA,USA,False,0.0,0:00,4,3,STATUS_FINAL,post,True,Final,Final,Final,4,256,s:20~l:23~t:256,James Madison,Dukes,JMU,James Madison Dukes,JMU,450084,cbb677,True,3651,https://a.espncdn.com/i/teamlogos/ncaa/500/256.png,48,62,True,99,"[{'value': 13.0, 'displayValue': '13', 'period': 1}
 {'value': 14.0, 'displayValue': '14', 'period': 2}
 {'value': 14.0, 'displayValue': '14', 'period': 3}
 {'value': 21.0, 'displayValue': '21', 'period': 4}]","[{'name': 'overall', 'abbreviation': 'Game', 'type': 'total', 'summary': '4-3'}
 {'name': 'Home', 'abbreviation': None, 'type': 'home', 'summary': '2-1'}
 {'name': 'Road', 'abbreviation': None, 'type': 'road', 'summary': '2-2'}
 {'name': 'vs. Conf.', 'abbreviation': None, 'type': 'vsconf', 'summary': '2-2'}]",119,s:20~l:23~t:119,Towson,Tigers,TOWS,Towson Tigers,Towson,FFC229,,True,3781,https://a.espncdn.com/i/teamlogos/ncaa/500/119.png,48,7,False,99,"[{'value': 0.0, 'displayValue': '0', 'period': 1}
 {'value': 0.0, 'displayValue': '0', 'period': 2}
 {'value': 7.0, 'displayValue': '7', 'period': 3}
 {'value': 0.0, 'displayValue': '0', 'period': 4}]","[{'name': 'overall', 'abbreviation': 'Game', 'type': 'total', 'summary': '2-5'}
 {'name': 'Home', 'abbreviation': None, 'type': 'home', 'summary': '1-3'}
 {'name': 'Road', 'abbreviation': None, 'type': 'road', 'summary': '1-2'}
 {'name': 'vs. Conf.', 'abbreviation': None, 'type': 'vsconf', 'summary': '0-3'}]",400558046,2014,2,7,48,Coastal Athletic Association,CAA,True,
400548128,s:20~l:23~e:400548128~c:400548128,2014-10-11T17:00Z,11886,True,False,False,True,True,False,2014-10-11T17:00Z,ESPN3,[],,,national,ESPN3,1,STD,3912,Rynearson Stadium,Ypsilanti,MI,USA,False,0.0,0:00,4,3,STATUS_FINAL,post,True,Final,Final,Final,4,2199,s:20~l:23~t:2199,Eastern Michigan,Eagles,EMU,Eastern Michigan Eagles,E Michigan,006938,ffffff,True,3912,https://a.espncdn.com/i/teamlogos/ncaa/500/2199.png,15,37,True,99,"[{'value': 0.0, 'displayValue': '0', 'period': 1}
 {'value': 3.0, 'displayValue': '3', 'period': 2}
 {'value': 13.0, 'displayValue': '13', 'period': 3}
 {'value': 21.0, 'displayValue': '21', 'period': 4}]","[{'name': 'overall', 'abbreviation': 'Game', 'type': 'total', 'summary': '2-4'}
 {'name': 'Home', 'abbreviation': None, 'type': 'home', 'summary': '2-0'}
 {'name': 'Road', 'abbreviation': None, 'type': 'road', 'summary': '0-4'}
 {'name': 'vs. Conf.', 'abbreviation': None, 'type': 'vsconf', 'summary': '1-1'}]",2084,s:20~l:23~t:2084,Buffalo,Bulls,BUFF,Buffalo Bulls,Buffalo,005bbb,ffffff,True,3965,https://a.espncdn.com/i/teamlogos/ncaa/500/2084.png,15,27,False,99,"[{'value': 7.0, 'displayValue': '7', 'period': 1}
 {'value': 3.0, 'displayValue': '3', 'period': 2}
 {'value': 3.0, 'displayValue': '3', 'period': 3}
 {'value': 14.0, 'displayValue': '14', 'period': 4}]","[{'name': 'overall', 'abbreviation': 'Game', 'type': 'total', 'summary': '3-4'}
 {'name': 'Home', 'abbreviation': None, 'type': 'home', 'summary': '3-1'}
 {'name': 'Road', 'abbreviation': None, 'type': 'road', 'summary': '0-3'}
 {'name': 'vs. Conf.', 'abbreviation': None, 'type': 'vsconf', 'summary': '1-2'}]",400548128,2014,2,7,15,Mid-American Conference,MAC,True,
400557483,s:20~l:23~e:400557483~c:400557483,2014-10-11T17:50Z,19034,True,False,False,True,True,False,2014-10-11T17:50Z,ESPN3,[],,,national,ESPN3,1,STD,3714,Fargodome,Fargo,ND,USA,True,0.0,0:00,4,3,STATUS_FINAL,post,True,Final,Final,Final,4,2449,s:20~l:23~t:2449,North Dakota State,Bison,NDSU,North Dakota State Bison,North Dakota St,01402A,ffffff,True,3714,https://a.espncdn.com/i/teamlogos/ncaa/500/2449.png,21,38,True,99,"[{'value': 3.0, 'displayValue': '3', 'period': 1}
 {'value': 14.0, 'displayValue': '14', 'period': 2}
 {'value': 7.0, 'displayValue': '7', 'period': 3}
 {'value': 14.0, 'displayValue': '14', 'period': 4}]","[{'name': 'overall', 'abbreviation': 'Game', 'type': 'total', 'summary': '6-0'}
 {'name': 'Home', 'abbreviation': None, 'type': 'home', 'summary': '3-0'}
 {'name': 'Road', 'abbreviation': None, 'type': 'road', 'summary': '3-0'}
 {'name': 'vs. Conf.', 'abbreviation': None, 'type': 'vsconf', 'summary': '2-0'}]",79,s:20~l:23~t:79,Southern Illinois,Salukis,SIU,Southern Illinois Salukis,S Illinois,85283D,c2c3c0,True,3913,https://a.espncdn.com/i/teamlogos/ncaa/500/79.png,21,10,False,99,"[{'value': 0.0, 'displayValue': '0', 'period': 1}
 {'value': 7.0, 'displayValue': '7', 'period': 2}
 {'value': 3.0, 'displayValue': '3', 'period': 3}
 {'value': 0.0, 'displayValue': '0', 'period': 4}]","[{'name': 'overall', 'abbreviation': 'Game', 'type': 'total', 'summary': '5-2'}
 {'name': 'Home', 'abbreviation': None, 'type': 'home', 'summary': '4-0'}
 {'name': 'Road', 'abbreviation': None, 'type': 'road', 'summary': '1-2'}
 {'name': 'vs. Conf.', 'abbreviation': None, 'type': 'vsconf', 'summary': '2-1'}]",400557483,2014,2,7,21,Missouri Valley Football Conference,MVFC,True,
400548127,s:20~l:23~e:400548127~c:400548127,2014-10-11T18:00Z,24311,True,False,False,True,True,False,2014-10-11T18:00Z,ESPN3,[],,,national,ESPN3,1,STD,3876,Peden Stadium,Athens,OH,USA,False,0.0,0:00,4,3,STATUS_FINAL,post,True,Final,Final,Final,4,195,s:20~l:23~t:195,Ohio,Bobcats,OHIO,Ohio Bobcats,Ohio,154734,ffffff,True,3876,https://a.espncdn.com/i/teamlogos/ncaa/500/195.png,15,13,False,99,"[{'value': 3.0, 'displayValue': '3', 'period': 1}
 {'value': 3.0, 'displayValue': '3', 'period': 2}
 {'value': 0.0, 'displayValue': '0', 'period': 3}
 {'value': 7.0, 'displayValue': '7', 'period': 4}]","[{'name': 'overall', 'abbreviation': 'Game', 'type': 'total', 'summary': '3-4'}
 {'name': 'Home', 'abbreviation': None, 'type': 'home', 'summary': '2-1'}
 {'name': 'Road', 'abbreviation': None, 'type': 'road', 'summary': '1-3'}
 {'name': 'vs. Conf.', 'abbreviation': None, 'type': 'vsconf', 'summary': '1-2'}]",189,s:20~l:23~t:189,Bowling Green,Falcons,BGSU,Bowling Green Falcons,Bowling Green,fd5000,4f2c1d,True,3700,https://a.espncdn.com/i/teamlogos/ncaa/500/189.png,15,31,True,99,"[{'value': 14.0, 'displayValue': '14', 'period': 1}
 {'value': 7.0, 'displayValue': '7', 'period': 2}
 {'value': 7.0, 'displayValue': '7', 'period': 3}
 {'value': 3.0, 'displayValue': '3', 'period': 4}]","[{'name': 'overall', 'abbreviation': 'Game', 'type': 'total', 'summary': '5-2'}
 {'name': 'Home', 'abbreviation': None, 'type': 'home', 'summary': '3-0'}
 {'name': 'Road', 'abbreviation': None, 'type': 'road', 'summary': '2-2'}
 {'name': 'vs. Conf.', 'abbreviation': None, 'type': 'vsconf', 'summary': '3-0'}]",400548127,2014,2,7,15,Mid-American Conference,MAC,True,
400548130,s:20~l:23~e:400548130~c:400548130,2014-10-11T18:00Z,8223,True,False,False,True,True,False,2014-10-11T18:00Z,ESPN3,[],,,national,ESPN3,1,STD,3768,InfoCision Stadium,Akron,OH,USA,False,0.0,0:00,4,3,STATUS_FINAL,post,True,Final,Final,Final,4,2006,s:20~l:23~t:2006,Akron,Zips,AKR,Akron Zips,Akron,041e42,c5b783,True,3768,https://a.espncdn.com/i/teamlogos/ncaa/500/2006.png,15,29,True,99,"[{'value': 5.0, 'displayValue': '5', 'period': 1}
 {'value': 10.0, 'displayValue': '10', 'period': 2}
 {'value': 7.0, 'displayValue': '7', 'period': 3}
 {'value': 7.0, 'displayValue': '7', 'period': 4}]","[{'name': 'overall', 'abbreviation': 'Game', 'type': 'total', 'summary': '4-2'}
 {'name': 'Home', 'abbreviation': None, 'type': 'home', 'summary': '3-1'}
 {'name': 'Road', 'abbreviation': None, 'type': 'road', 'summary': '1-1'}
 {'name': 'vs. Conf.', 'abbreviation': None, 'type': 'vsconf', 'summary': '2-0'}]",193,s:20~l:23~t:193,Miami (OH),RedHawks,M-OH,Miami (OH) RedHawks,Miami (OH),c41230,ffffff,True,3996,https://a.espncdn.com/i/teamlogos/ncaa/500/193.png,15,19,False,99,"[{'value': 0.0, 'displayValue': '0', 'period': 1}
 {'value': 13.0, 'displayValue': '13', 'period': 2}
 {'value': 0.0, 'displayValue': '0', 'period': 3}
 {'value': 6.0, 'displayValue': '6', 'period': 4}]","[{'name': 'overall', 'abbreviation': 'Game', 'type': 'total', 'summary': '1-6'}
 {'name': 'Home', 'abbreviation': None, 'type': 'home', 'summary': '1-2'}
 {'name': 'Road', 'abbreviation': None, 'type': 'road', 'summary': '0-4'}
 {'name': 'vs. Conf.', 'abbreviation': None, 'type': 'vsconf', 'summary': '1-2'}]",400548130,2014,2,7,15,Mid-American Conference,MAC,True,
400548131,s:20~l:23~e:400548131~c:400548131,2014-10-11T18:00Z,12451,True,False,False,True,True,False,2014-10-11T18:00Z,ESPN3,[],,,national,ESPN3,1,STD,3696,Dix Stadium,Kent,OH,USA,False,0.0,0:00,4,3,STATUS_FINAL,post,True,Final,Final,Final,4,2309,s:20~l:23~t:2309,Kent State,Golden Flashes,KENT,Kent State Golden Flashes,Kent State,002664,eaab00,True,3696,https://a.espncdn.com/i/teamlogos/ncaa/500/2309.png,15,17,False,99,"[{'value': 3.0, 'displayValue': '3', 'period': 1}
 {'value': 7.0, 'displayValue': '7', 'period': 2}
 {'value': 7.0, 'displayValue': '7', 'period': 3}
 {'value': 0.0, 'displayValue': '0', 'period': 4}]","[{'name': 'overall', 'abbreviation': 'Game', 'type': 'total', 'summary': '0-6'}
 {'name': 'Home', 'abbreviation': None, 'type': 'home', 'summary': '0-3'}
 {'name': 'Road', 'abbreviation': None, 'type': 'road', 'summary': '0-3'}
 {'name': 'vs. Conf.', 'abbreviation': None, 'type': 'vsconf', 'summary': '0-3'}]",113,s:20~l:23~t:113,Massachusetts,Minutemen,UMASS,Massachusetts Minutemen,UMass,881c1c,ffffff,True,3985,https://a.espncdn.com/i/teamlogos/ncaa/500/113.png,15,40,True,99,"[{'value': 7.0, 'displayValue': '7', 'period': 1}
 {'value': 17.0, 'displayValue': '17', 'period': 2}
 {'value': 3.0, 'displayValue': '3', 'period': 3}
 {'value': 13.0, 'displayValue': '13', 'period': 4}]","[{'name': 'overall', 'abbreviation': 'Game', 'type': 'total', 'summary': '1-6'}
 {'name': 'Home', 'abbreviation': None, 'type': 'home', 'summary': '0-3'}
 {'name': 'Road', 'abbreviation': None, 'type': 'road', 'summary': '1-3'}
 {'name': 'vs. Conf.', 'abbreviation': None, 'type': 'vsconf', 'summary': '1-2'}]",400548131,2014,2,7,15,Mid-American Conference,MAC,True,
400548424,s:20~l:23~e:400548424~c:400548424,2014-10-11T18:00Z,10196,True,False,False,True,True,False,2014-10-11T18:00Z,ESPN3,[],,,national,ESPN3,1,STD,3495,Georgia Dome,Atlanta,GA,USA,True,0.0,0:00,4,3,STATUS_FINAL,post,True,Final,Final,Final,4,2247,s:20~l:23~t:2247,Georgia State,Panthers,GAST,Georgia State Panthers,Georgia State,0039a6,ffffff,True,4246,https://a.espncdn.com/i/teamlogos/ncaa/500/2247.png,37,10,False,99,"[{'value': 0.0, 'displayValue': '0', 'period': 1}
 {'value': 3.0, 'displayValue': '3', 'period': 2}
 {'value': 0.0, 'displayValue': '0', 'period': 3}
 {'value': 7.0, 'displayValue': '7', 'period': 4}]","[{'name': 'overall', 'abbreviation': 'Game', 'type': 'total', 'summary': '1-5'}
 {'name': 'Home', 'abbreviation': None, 'type': 'home', 'summary': '1-3'}
 {'name': 'Road', 'abbreviation': None, 'type': 'road', 'summary': '0-2'}
 {'name': 'vs. Conf.', 'abbreviation': None, 'type': 'vsconf', 'summary': '0-3'}]",2032,s:20~l:23~t:2032,Arkansas State,Red Wolves,ARST,Arkansas State Red Wolves,Arkansas State,cc092f,000000,True,3625,https://a.espncdn.com/i/teamlogos/ncaa/500/2032.png,37,52,True,99,"[{'value': 24.0, 'displayValue': '24', 'period': 1}
 {'value': 7.0, 'displayValue': '7', 'period': 2}
 {'value': 14.0, 'displayValue': '14', 'period': 3}
 {'value': 7.0, 'displayValue': '7', 'period': 4}]","[{'name': 'overall', 'abbreviation': 'Game', 'type': 'total', 'summary': '4-2'}
 {'name': 'Home', 'abbreviation': None, 'type': 'home', 'summary': '3-0'}
 {'name': 'Road', 'abbreviation': None, 'type': 'road', 'summary': '1-2'}
 {'name': 'vs. Conf.', 'abbreviation': None, 'type': 'vsconf', 'summary': '2-0'}]",400548424,2014,2,7,37,Sun Belt Conference,Sun Belt,True,
400557424,s:20~l:23~e:400557424~c:400557424,2014-10-11T18:00Z,3073,True,False,False,True,True,False,2014-10-11T18:00Z,ESPN3,[],,,national,ESPN3,1,STD,3627,Bailey Memorial Stadium,Clinton,SC,USA,False,0.0,0:00,4,3,STATUS_FINAL,post,True,Final,Final,Final,4,2506,s:20~l:23~t:2506,Presbyterian College,Blue Hose,PRE,Presbyterian College Blue Hose,Presbyterian,194896,990134,False,3627,https://a.espncdn.com/i/teamlogos/ncaa/500/2506.png,40,28,False,99,"[{'value': 7.0, 'displayValue': '7', 'period': 1}
 {'value': 0.0, 'displayValue': '0', 'period': 2}
 {'value': 7.0, 'displayValue': '7', 'period': 3}
 {'value': 14.0, 'displayValue': '14', 'period': 4}]","[{'name': 'overall', 'abbreviation': 'Game', 'type': 'total', 'summary': '3-3'}
 {'name': 'Home', 'abbreviation': None, 'type': 'home', 'summary': '3-1'}
 {'name': 'Road', 'abbreviation': None, 'type': 'road', 'summary': '0-2'}
 {'name': 'vs. Conf.', 'abbreviation': None, 'type': 'vsconf', 'summary': '0-1'}]",324,s:20~l:23~t:324,Coastal Carolina,Chanticleers,CCAR,Coastal Carolina Chanticleers,Coast Carolina,006f71,a27752,True,3654,https://a.espncdn.com/i/teamlogos/ncaa/500/324.png,40,40,True,99,"[{'value': 0.0, 'displayValue': '0', 'period': 1}
 {'value': 13.0, 'displayValue': '13', 'period': 2}
 {'value': 13.0, 'displayValue': '13', 'period': 3}
 {'value': 14.0, 'displayValue': '14', 'period': 4}]","[{'name': 'overall', 'abbreviation': 'Game', 'type': 'total', 'summary': '7-0'}
 {'name': 'Home', 'abbreviation': None, 'type': 'home', 'summary': '2-0'}
 {'name': 'Road', 'abbreviation': None, 'type': 'road', 'summary': '5-0'}
 {'name': 'vs. Conf.', 'abbreviation': None, 'type': 'vsconf', 'summary': '1-0'}]",400557424,2014,2,7,40,Big South Conference,Big South,True,
400558117,s:20~l:23~e:400558117~c:400558117,2014-10-11T18:00Z,10467,True,False,False,False,False,False,2014-10-11T18:00Z,,[],,,,,1,STD,3782,Johnson Hagood Stadium,Charleston,SC,USA,False,900.0,15:00,6,3,STATUS_FINAL,post,True,Final,Final/2OT,Final/2OT,4,2643,s:20~l:23~t:2643,The Citadel,Bulldogs,CIT,The Citadel Bulldogs,The Citadel,7badd3,002856,True,3782,https://a.espncdn.com/i/teamlogos/ncaa/500/2643.png,29,63,True,99,"[{'value': 21.0, 'displayValue': '21', 'period': 1}
 {'value': 14.0, 'displayValue': '14', 'period': 2}
 {'value': 0.0, 'displayValue': '0', 'period': 3}
 {'value': 14.0, 'displayValue': '14', 'period': 4}
 {'value': 7.0, 'displayValue': '7', 'period': 5}
 {'value': 7.0, 'displayValue': '7', 'period': 6}]","[{'name': 'overall', 'abbreviation': 'Game', 'type': 'total', 'summary': '2-4'}
 {'name': 'Home', 'abbreviation': None, 'type': 'home', 'summary': '2-1'}
 {'name': 'Road', 'abbreviation': None, 'type': 'road', 'summary': '0-3'}
 {'name': 'vs. Conf.', 'abbreviation': None, 'type': 'vsconf', 'summary': '0-1'}]",2429,s:20~l:23~t:2429,Charlotte,49ers,CHAR,Charlotte 49ers,Charlotte,005035,a49665,True,4418,https://a.espncdn.com/i/teamlogos/ncaa/500/2429.png,32,56,False,99,"[{'value': 7.0, 'displayValue': '7', 'period': 1}
 {'value': 17.0, 'displayValue': '17', 'period': 2}
 {'value': 7.0, 'displayValue': '7', 'period': 3}
 {'value': 18.0, 'displayValue': '18', 'period': 4}
 {'value': 7.0, 'displayValue': '7', 'period': 5}
 {'value': 0.0, 'displayValue': '0', 'period': 6}]","[{'name': 'overall', 'abbreviation': 'Game', 'type': 'total', 'summary': '3-4'}
 {'name': 'Home', 'abbreviation': None, 'type': 'home', 'summary': '1-1'}
 {'name': 'Road', 'abbreviation': None, 'type': 'road', 'summary': '2-3'}
 {'name': 'vs. Conf.', 'abbreviation': None, 'type': 'vsconf', 'summary': '0-0'}]",400558117,2014,2,7,,,,,2OT
400548132,s:20~l:23~e:400548132~c:400548132,2014-10-11T19:00Z,11237,True,False,False,True,True,False,2014-10-11T19:00Z,ESPN3,[],,,national,ESPN3,1,STD,3919,Scheumann Stadium,Muncie,IN,USA,False,0.0,0:00,4,3,STATUS_FINAL,post,True,Final,Final,Final,4,2050,s:20~l:23~t:2050,Ball State,Cardinals,BALL,Ball State Cardinals,Ball State,ba0c2f,ffffff,True,3919,https://a.espncdn.com/i/teamlogos/ncaa/500/2050.png,15,38,False,99,"[{'value': 7.0, 'displayValue': '7', 'period': 1}
 {'value': 24.0, 'displayValue': '24', 'period': 2}
 {'value': 7.0, 'displayValue': '7', 'period': 3}
 {'value': 0.0, 'displayValue': '0', 'period': 4}]","[{'name': 'overall', 'abbreviation': 'Game', 'type': 'total', 'summary': '1-5'}
 {'name': 'Home', 'abbreviation': None, 'type': 'home', 'summary': '1-2'}
 {'name': 'Road', 'abbreviation': None, 'type': 'road', 'summary': '0-3'}
 {'name': 'vs. Conf.', 'abbreviation': None, 'type': 'vsconf', 'summary': '0-2'}]",2711,s:20~l:23~t:2711,Western Michigan,Broncos,WMU,Western Michigan Broncos,W Michigan,532e1f,f1c500,True,3980,https://a.espncdn.com/i/teamlogos/ncaa/500/2711.png,15,42,True,99,"[{'value': 7.0, 'displayValue': '7', 'period': 1}
 {'value': 7.0, 'displayValue': '7', 'period': 2}
 {'value': 14.0, 'displayValue': '14', 'period': 3}
 {'value': 14.0, 'displayValue': '14', 'period': 4}]","[{'name': 'overall', 'abbreviation': 'Game', 'type': 'total', 'summary': '3-3'}
 {'name': 'Home', 'abbreviation': None, 'type': 'home', 'summary': '1-1'}
 {'name': 'Road', 'abbreviation': None, 'type': 'road', 'summary': '2-2'}
 {'name': 'vs. Conf.', 'abbreviation': None, 'type': 'vsconf', 'summary': '1-1'}]",400548132,2014,2,7,15,Mid-American Conference,MAC,True,
400548426,s:20~l:23~e:400548426~c:400548426,2014-10-11T19:00Z,17628,True,False,False,True,True,False,2014-10-11T19:00Z,ESPN3,[],,,national,ESPN3,1,STD,3975,Veterans Memorial Stadium (AL),Troy,AL,USA,False,0.0,0:00,4,3,STATUS_FINAL,post,True,Final,Final,Final,4,2653,s:20~l:23~t:2653,Troy,Trojans,TROY,Troy Trojans,Troy,862633,b1b1b1,True,3975,https://a.espncdn.com/i/teamlogos/ncaa/500/2653.png,37,41,True,99,"[{'value': 10.0, 'displayValue': '10', 'period': 1}
 {'value': 10.0, 'displayValue': '10', 'period': 2}
 {'value': 7.0, 'displayValue': '7', 'period': 3}
 {'value': 14.0, 'displayValue': '14', 'period': 4}]","[{'name': 'overall', 'abbreviation': 'Game', 'type': 'total', 'summary': '1-5'}
 {'name': 'Home', 'abbreviation': None, 'type': 'home', 'summary': '1-2'}
 {'name': 'Road', 'abbreviation': None, 'type': 'road', 'summary': '0-3'}
 {'name': 'vs. Conf.', 'abbreviation': None, 'type': 'vsconf', 'summary': '1-1'}]",166,s:20~l:23~t:166,New Mexico State,Aggies,NMSU,New Mexico State Aggies,New Mexico St,7e141b,231f20,True,3601,https://a.espncdn.com/i/teamlogos/ncaa/500/166.png,37,24,False,99,"[{'value': 0.0, 'displayValue': '0', 'period': 1}
 {'value': 7.0, 'displayValue': '7', 'period': 2}
 {'value': 10.0, 'displayValue': '10', 'period': 3}
 {'value': 7.0, 'displayValue': '7', 'period': 4}]","[{'name': 'overall', 'abbreviation': 'Game', 'type': 'total', 'summary': '2-5'}
 {'name': 'Home', 'abbreviation': None, 'type': 'home', 'summary': '1-2'}
 {'name': 'Road', 'abbreviation': None, 'type': 'road', 'summary': '1-3'}
 {'name': 'vs. Conf.', 'abbreviation': None, 'type': 'vsconf', 'summary': '1-2'}]",400548426,2014,2,7,37,Sun Belt Conference,Sun Belt,True,
400559188,s:20~l:23~e:400559188~c:400559188,2014-10-11T19:00Z,5849,True,False,False,True,True,False,2014-10-11T19:00Z,ESPN3,[],,,national,ESPN3,1,STD,4029,Hale Stadium,Nashville,TN,USA,False,0.0,0:00,4,3,STATUS_FINAL,post,True,Final,Final,Final,4,2634,s:20~l:23~t:2634,Tennessee State,Tigers,TNST,Tennessee State Tigers,Tennessee St,171796,f0f0f0,True,3810,https://a.espncdn.com/i/teamlogos/ncaa/500/2634.png,26,20,False,99,"[{'value': 3.0, 'displayValue': '3', 'period': 1}
 {'value': 0.0, 'displayValue': '0', 'period': 2}
 {'value': 17.0, 'displayValue': '17', 'period': 3}
 {'value': 0.0, 'displayValue': '0', 'period': 4}]","[{'name': 'overall', 'abbreviation': 'Game', 'type': 'total', 'summary': '4-3'}
 {'name': 'Home', 'abbreviation': None, 'type': 'home', 'summary': '3-1'}
 {'name': 'Road', 'abbreviation': None, 'type': 'road', 'summary': '0-2'}
 {'name': 'vs. Conf.', 'abbreviation': None, 'type': 'vsconf', 'summary': '1-2'}]",55,s:20~l:23~t:55,Jacksonville State,Gamecocks,JVST,Jacksonville State Gamecocks,Jacksonville St,cc0000,000000,True,3662,https://a.espncdn.com/i/teamlogos/ncaa/500/55.png,26,27,True,99,"[{'value': 6.0, 'displayValue': '6', 'period': 1}
 {'value': 7.0, 'displayValue': '7', 'period': 2}
 {'value': 14.0, 'displayValue': '14', 'period': 3}
 {'value': 0.0, 'displayValue': '0', 'period': 4}]","[{'name': 'overall', 'abbreviation': 'Game', 'type': 'total', 'summary': '5-1'}
 {'name': 'Home', 'abbreviation': None, 'type': 'home', 'summary': '2-0'}
 {'name': 'Road', 'abbreviation': None, 'type': 'road', 'summary': '3-1'}
 {'name': 'vs. Conf.', 'abbreviation': None, 'type': 'vsconf', 'summary': '3-0'}]",400559188,2014,2,7,26,Ohio Valley Conference,OVC,True,
400547733,s:20~l:23~e:400547733~c:400547733,2014-10-11T19:30Z,49125,True,False,False,True,True,False,2014-10-11T19:30Z,ESPN3,[],,,national,ESPN3,1,STD,3670,Carter-Finley Stadium,Raleigh,NC,USA,False,0.0,0:00,4,3,STATUS_FINAL,post,True,Final,Final,Final,4,152,s:20~l:23~t:152,NC State,Wolfpack,NCST,NC State Wolfpack,NC State,cc0000,ffffff,True,3670,https://a.espncdn.com/i/teamlogos/ncaa/500/152.png,1,14,False,99,"[{'value': 14.0, 'displayValue': '14', 'period': 1}
 {'value': 0.0, 'displayValue': '0', 'period': 2}
 {'value': 0.0, 'displayValue': '0', 'period': 3}
 {'value': 0.0, 'displayValue': '0', 'period': 4}]","[{'name': 'overall', 'abbreviation': 'Game', 'type': 'total', 'summary': '4-3'}
 {'name': 'Home', 'abbreviation': None, 'type': 'home', 'summary': '3-2'}
 {'name': 'Road', 'abbreviation': None, 'type': 'road', 'summary': '1-1'}
 {'name': 'vs. Conf.', 'abbreviation': None, 'type': 'vsconf', 'summary': '0-3'}]",103,s:20~l:23~t:103,Boston College,Eagles,BC,Boston College Eagles,Boston College,8c2232,dbcca6,True,3615,https://a.espncdn.com/i/teamlogos/ncaa/500/103.png,1,30,True,99,"[{'value': 14.0, 'displayValue': '14', 'period': 1}
 {'value': 7.0, 'displayValue': '7', 'period': 2}
 {'value': 3.0, 'displayValue': '3', 'period': 3}
 {'value': 6.0, 'displayValue': '6', 'period': 4}]","[{'name': 'overall', 'abbreviation': 'Game', 'type': 'total', 'summary': '4-2'}
 {'name': 'Home', 'abbreviation': None, 'type': 'home', 'summary': '2-2'}
 {'name': 'Road', 'abbreviation': None, 'type': 'road', 'summary': '2-0'}
 {'name': 'vs. Conf.', 'abbreviation': None, 'type': 'vsconf', 'summary': '1-1'}]",400547733,2014,2,7,1,Atlantic Coast Conference,ACC,True,
400547745,s:20~l:23~e:400547745~c:400547745,2014-10-11T19:30Z,81500,True,False,False,True,True,False,2014-10-11T19:30Z,ESPNU,[],,,national,ESPNU,1,STD,3836,"Memorial Stadium (Clemson, SC)",Clemson,SC,USA,False,0.0,0:00,4,3,STATUS_FINAL,post,True,Final,Final,Final,4,228,s:20~l:23~t:228,Clemson,Tigers,CLEM,Clemson Tigers,Clemson,f56600,ffffff,True,3836,https://a.espncdn.com/i/teamlogos/ncaa/500/228.png,1,23,True,99,"[{'value': 7.0, 'displayValue': '7', 'period': 1}
 {'value': 7.0, 'displayValue': '7', 'period': 2}
 {'value': 6.0, 'displayValue': '6', 'period': 3}
 {'value': 3.0, 'displayValue': '3', 'period': 4}]","[{'name': 'overall', 'abbreviation': 'Game', 'type': 'total', 'summary': '4-2'}
 {'name': 'Home', 'abbreviation': None, 'type': 'home', 'summary': '4-0'}
 {'name': 'Road', 'abbreviation': None, 'type': 'road', 'summary': '0-2'}
 {'name': 'vs. Conf.', 'abbreviation': None, 'type': 'vsconf', 'summary': '3-1'}]",97,s:20~l:23~t:97,Louisville,Cardinals,LOU,Louisville Cardinals,Louisville,c9001f,ffffff,True,3873,https://a.espncdn.com/i/teamlogos/ncaa/500/97.png,1,17,False,99,"[{'value': 3.0, 'displayValue': '3', 'period': 1}
 {'value': 7.0, 'displayValue': '7', 'period': 2}
 {'value': 7.0, 'displayValue': '7', 'period': 3}
 {'value': 0.0, 'displayValue': '0', 'period': 4}]","[{'name': 'overall', 'abbreviation': 'Game', 'type': 'total', 'summary': '5-2'}
 {'name': 'Home', 'abbreviation': None, 'type': 'home', 'summary': '3-0'}
 {'name': 'Road', 'abbreviation': None, 'type': 'road', 'summary': '2-2'}
 {'name': 'vs. Conf.', 'abbreviation': None, 'type': 'vsconf', 'summary': '3-2'}]",400547745,2014,2,7,1,Atlantic Coast Conference,ACC,True,
400547872,s:20~l:23~e:400547872~c:400547872,2014-10-11T19:30Z,52281,True,False,False,False,True,False,2014-10-11T19:30Z,,[],,,,,1,STD,3772,Jack Trice Stadium,Ames,IA,USA,False,0.0,0:00,4,3,STATUS_FINAL,post,True,Final,Final,Final,4,66,s:20~l:23~t:66,Iowa State,Cyclones,ISU,Iowa State Cyclones,Iowa State,ae192d,ffc72a,True,3772,https://a.espncdn.com/i/teamlogos/ncaa/500/66.png,4,37,True,99,"[{'value': 6.0, 'displayValue': '6', 'period': 1}
 {'value': 3.0, 'displayValue': '3', 'period': 2}
 {'value': 14.0, 'displayValue': '14', 'period': 3}
 {'value': 14.0, 'displayValue': '14', 'period': 4}]","[{'name': 'overall', 'abbreviation': 'Game', 'type': 'total', 'summary': '2-4'}
 {'name': 'Home', 'abbreviation': None, 'type': 'home', 'summary': '1-3'}
 {'name': 'Road', 'abbreviation': None, 'type': 'road', 'summary': '1-1'}
 {'name': 'vs. Conf.', 'abbreviation': None, 'type': 'vsconf', 'summary': '0-3'}]",2649,s:20~l:23~t:2649,Toledo,Rockets,TOL,Toledo Rockets,Toledo,0b2240,ffcd00,True,3739,https://a.espncdn.com/i/teamlogos/ncaa/500/2649.png,15,30,False,99,"[{'value': 3.0, 'displayValue': '3', 'period': 1}
 {'value': 10.0, 'displayValue': '10', 'period': 2}
 {'value': 7.0, 'displayValue': '7', 'period': 3}
 {'value': 10.0, 'displayValue': '10', 'period': 4}]","[{'name': 'overall', 'abbreviation': 'Game', 'type': 'total', 'summary': '4-3'}
 {'name': 'Home', 'abbreviation': None, 'type': 'home', 'summary': '3-1'}
 {'name': 'Road', 'abbreviation': None, 'type': 'road', 'summary': '1-2'}
 {'name': 'vs. Conf.', 'abbreviation': None, 'type': 'vsconf', 'summary': '3-0'}]",400547872,2014,2,7,,,,,
400548047,s:20~l:23~e:400548047~c:400548047,2014-10-11T19:30Z,20365,True,False,False,True,True,False,2014-10-11T19:30Z,,[],,,,,1,STD,3803,Legion Field (AL),Birmingham,AL,USA,False,0.0,0:00,4,3,STATUS_FINAL,post,True,Final,Final,Final,4,5,s:20~l:23~t:5,UAB,Blazers,UAB,UAB Blazers,UAB,1a5632,fdb913,True,3803,https://a.espncdn.com/i/teamlogos/ncaa/500/5.png,12,56,True,99,"[{'value': 14.0, 'displayValue': '14', 'period': 1}
 {'value': 21.0, 'displayValue': '21', 'period': 2}
 {'value': 21.0, 'displayValue': '21', 'period': 3}
 {'value': 0.0, 'displayValue': '0', 'period': 4}]","[{'name': 'overall', 'abbreviation': 'Game', 'type': 'total', 'summary': '4-2'}
 {'name': 'Home', 'abbreviation': None, 'type': 'home', 'summary': '3-1'}
 {'name': 'Road', 'abbreviation': None, 'type': 'road', 'summary': '1-1'}
 {'name': 'vs. Conf.', 'abbreviation': None, 'type': 'vsconf', 'summary': '2-1'}]",249,s:20~l:23~t:249,North Texas,Mean Green,UNT,North Texas Mean Green,North Texas,068f33,ffffff,True,3825,https://a.espncdn.com/i/teamlogos/ncaa/500/249.png,12,21,False,99,"[{'value': 0.0, 'displayValue': '0', 'period': 1}
 {'value': 14.0, 'displayValue': '14', 'period': 2}
 {'value': 0.0, 'displayValue': '0', 'period': 3}
 {'value': 7.0, 'displayValue': '7', 'period': 4}]","[{'name': 'overall', 'abbreviation': 'Game', 'type': 'total', 'summary': '2-4'}
 {'name': 'Home', 'abbreviation': None, 'type': 'home', 'summary': '2-1'}
 {'name': 'Road', 'abbreviation': None, 'type': 'road', 'summary': '0-3'}
 {'name': 'vs. Conf.', 'abbreviation': None, 'type': 'vsconf', 'summary': '0-2'}]",400548047,2014,2,7,12,Conference USA,CUSA,True,
400548423,s:20~l:23~e:400548423~c:400548423,2014-10-11T19:30Z,26058,True,False,False,False,True,False,2014-10-11T19:30Z,ESPN3,[],,,national,ESPN3,1,STD,3792,Kidd Brewer Stadium,Boone,NC,USA,False,0.0,0:00,5,3,STATUS_FINAL,post,True,Final,Final/OT,Final/OT,4,2026,s:20~l:23~t:2026,Appalachian State,Mountaineers,APP,Appalachian State Mountaineers,Appalachian St,000000,ffcd00,False,3792,https://a.espncdn.com/i/teamlogos/ncaa/500/2026.png,37,48,False,99,"[{'value': 7.0, 'displayValue': '7', 'period': 1}
 {'value': 17.0, 'displayValue': '17', 'period': 2}
 {'value': 16.0, 'displayValue': '16', 'period': 3}
 {'value': 8.0, 'displayValue': '8', 'period': 4}
 {'value': 0.0, 'displayValue': '0', 'period': 5}]","[{'name': 'overall', 'abbreviation': 'Game', 'type': 'total', 'summary': '1-5'}
 {'name': 'Home', 'abbreviation': None, 'type': 'home', 'summary': '1-2'}
 {'name': 'Road', 'abbreviation': None, 'type': 'road', 'summary': '0-3'}
 {'name': 'vs. Conf.', 'abbreviation': None, 'type': 'vsconf', 'summary': '0-2'}]",2335,s:20~l:23~t:2335,Liberty,Flames,LIB,Liberty Flames,Liberty,0a254e,b72025,True,3992,https://a.espncdn.com/i/teamlogos/ncaa/500/2335.png,40,55,True,99,"[{'value': 14.0, 'displayValue': '14', 'period': 1}
 {'value': 14.0, 'displayValue': '14', 'period': 2}
 {'value': 13.0, 'displayValue': '13', 'period': 3}
 {'value': 7.0, 'displayValue': '7', 'period': 4}
 {'value': 7.0, 'displayValue': '7', 'period': 5}]","[{'name': 'overall', 'abbreviation': 'Game', 'type': 'total', 'summary': '4-3'}
 {'name': 'Home', 'abbreviation': None, 'type': 'home', 'summary': '2-1'}
 {'name': 'Road', 'abbreviation': None, 'type': 'road', 'summary': '2-2'}
 {'name': 'vs. Conf.', 'abbreviation': None, 'type': 'vsconf', 'summary': '0-0'}]",400548423,2014,2,7,,,,,OT
400548464,s:20~l:23~e:400548464~c:400548464,2014-10-11T19:30Z,33812,True,False,False,False,True,False,2014-10-11T19:30Z,CBSSN,[],,,national,CBSSN,1,STD,3852,Navy-Marine Corps Memorial Stadium,Annapolis,MD,USA,False,0.0,0:00,4,3,STATUS_FINAL,post,True,Final,Final,Final,4,2426,s:20~l:23~t:2426,Navy,Midshipmen,NAVY,Navy Midshipmen,Navy,00225b,b5a67c,True,3852,https://a.espncdn.com/i/teamlogos/ncaa/500/2426.png,18,51,True,99,"[{'value': 14.0, 'displayValue': '14', 'period': 1}
 {'value': 23.0, 'displayValue': '23', 'period': 2}
 {'value': 7.0, 'displayValue': '7', 'period': 3}
 {'value': 7.0, 'displayValue': '7', 'period': 4}]","[{'name': 'overall', 'abbreviation': 'Game', 'type': 'total', 'summary': '3-4'}
 {'name': 'Home', 'abbreviation': None, 'type': 'home', 'summary': '1-3'}
 {'name': 'Road', 'abbreviation': None, 'type': 'road', 'summary': '2-1'}
 {'name': 'vs. Conf.', 'abbreviation': None, 'type': 'vsconf', 'summary': '0-0'}]",2678,s:20~l:23~t:2678,VMI,Keydets,VMI,VMI Keydets,VMI,ae122a,ffd619,True,3597,https://a.espncdn.com/i/teamlogos/ncaa/500/2678.png,29,14,False,99,"[{'value': 0.0, 'displayValue': '0', 'period': 1}
 {'value': 7.0, 'displayValue': '7', 'period': 2}
 {'value': 0.0, 'displayValue': '0', 'period': 3}
 {'value': 7.0, 'displayValue': '7', 'period': 4}]","[{'name': 'overall', 'abbreviation': 'Game', 'type': 'total', 'summary': '1-6'}
 {'name': 'Home', 'abbreviation': None, 'type': 'home', 'summary': '1-1'}
 {'name': 'Road', 'abbreviation': None, 'type': 'road', 'summary': '0-5'}
 {'name': 'vs. Conf.', 'abbreviation': None, 'type': 'vsconf', 'summary': '0-3'}]",400548464,2014,2,7,,,,,
400553402,s:20~l:23~e:400553402~c:400553402,2014-10-11T19:30Z,2701,True,False,False,True,True,False,2014-10-11T19:30Z,,[],,,,,1,STD,3856,Nottingham Field,Greeley,CO,USA,False,0.0,0:00,4,3,STATUS_FINAL,post,True,Final,Final,Final,4,2458,s:20~l:23~t:2458,Northern Colorado,Bears,UNCO,Northern Colorado Bears,N Colorado,13558D,ffc533,True,3856,https://a.espncdn.com/i/teamlogos/ncaa/500/2458.png,20,38,False,99,"[{'value': 10.0, 'displayValue': '10', 'period': 1}
 {'value': 7.0, 'displayValue': '7', 'period': 2}
 {'value': 13.0, 'displayValue': '13', 'period': 3}
 {'value': 8.0, 'displayValue': '8', 'period': 4}]","[{'name': 'overall', 'abbreviation': 'Game', 'type': 'total', 'summary': '2-4'}
 {'name': 'Home', 'abbreviation': None, 'type': 'home', 'summary': '2-1'}
 {'name': 'Road', 'abbreviation': None, 'type': 'road', 'summary': '0-3'}
 {'name': 'vs. Conf.', 'abbreviation': None, 'type': 'vsconf', 'summary': '1-2'}]",16,s:20~l:23~t:16,Sacramento State,Hornets,SAC,Sacramento State Hornets,Sacramento St,00573C,cdb97d,True,3757,https://a.espncdn.com/i/teamlogos/ncaa/500/16.png,20,43,True,99,"[{'value': 7.0, 'displayValue': '7', 'period': 1}
 {'value': 13.0, 'displayValue': '13', 'period': 2}
 {'value': 17.0, 'displayValue': '17', 'period': 3}
 {'value': 6.0, 'displayValue': '6', 'period': 4}]","[{'name': 'overall', 'abbreviation': 'Game', 'type': 'total', 'summary': '4-3'}
 {'name': 'Home', 'abbreviation': None, 'type': 'home', 'summary': '2-1'}
 {'name': 'Road', 'abbreviation': None, 'type': 'road', 'summary': '2-2'}
 {'name': 'vs. Conf.', 'abbreviation': None, 'type': 'vsconf', 'summary': '1-2'}]",400553402,2014,2,7,20,Big Sky Conference,Big Sky,True,
400558049,s:20~l:23~e:400558049~c:400558049,2014-10-11T19:30Z,19476,True,False,False,True,True,False,2014-10-11T19:30Z,,[],,,,,1,STD,3695,Delaware Stadium,Newark,DE,USA,False,0.0,0:00,4,3,STATUS_FINAL,post,True,Final,Final,Final,4,48,s:20~l:23~t:48,Delaware,Blue Hens,DEL,Delaware Blue Hens,Delaware,00539f,ffd200,True,3695,https://a.espncdn.com/i/teamlogos/ncaa/500/48.png,48,34,True,99,"[{'value': 6.0, 'displayValue': '6', 'period': 1}
 {'value': 21.0, 'displayValue': '21', 'period': 2}
 {'value': 0.0, 'displayValue': '0', 'period': 3}
 {'value': 7.0, 'displayValue': '7', 'period': 4}]","[{'name': 'overall', 'abbreviation': 'Game', 'type': 'total', 'summary': '4-2'}
 {'name': 'Home', 'abbreviation': None, 'type': 'home', 'summary': '3-1'}
 {'name': 'Road', 'abbreviation': None, 'type': 'road', 'summary': '1-1'}
 {'name': 'vs. Conf.', 'abbreviation': None, 'type': 'vsconf', 'summary': '2-0'}]",2210,s:20~l:23~t:2210,Elon,Phoenix,ELON,Elon Phoenix,Elon,020303,b59a57,True,3894,https://a.espncdn.com/i/teamlogos/ncaa/500/2210.png,48,24,False,99,"[{'value': 0.0, 'displayValue': '0', 'period': 1}
 {'value': 3.0, 'displayValue': '3', 'period': 2}
 {'value': 14.0, 'displayValue': '14', 'period': 3}
 {'value': 7.0, 'displayValue': '7', 'period': 4}]","[{'name': 'overall', 'abbreviation': 'Game', 'type': 'total', 'summary': '1-5'}
 {'name': 'Home', 'abbreviation': None, 'type': 'home', 'summary': '1-2'}
 {'name': 'Road', 'abbreviation': None, 'type': 'road', 'summary': '0-3'}
 {'name': 'vs. Conf.', 'abbreviation': None, 'type': 'vsconf', 'summary': '0-2'}]",400558049,2014,2,7,48,Coastal Athletic Association,CAA,True,
400548371,s:20~l:23~e:400548371~c:400548371,2014-10-11T20:00Z,93097,True,False,False,False,True,False,2014-10-11T20:00Z,SEC Network,[],,,national,SEC Network,1,STD,3853,Neyland Stadium,Knoxville,TN,USA,False,0.0,0:00,4,3,STATUS_FINAL,post,True,Final,Final,Final,4,2633,s:20~l:23~t:2633,Tennessee,Volunteers,TENN,Tennessee Volunteers,Tennessee,ff8200,ffffff,True,3853,https://a.espncdn.com/i/teamlogos/ncaa/500/2633.png,8,45,True,99,"[{'value': 7.0, 'displayValue': '7', 'period': 1}
 {'value': 17.0, 'displayValue': '17', 'period': 2}
 {'value': 14.0, 'displayValue': '14', 'period': 3}
 {'value': 7.0, 'displayValue': '7', 'period': 4}]","[{'name': 'overall', 'abbreviation': 'Game', 'type': 'total', 'summary': '3-3'}
 {'name': 'Home', 'abbreviation': None, 'type': 'home', 'summary': '3-1'}
 {'name': 'Road', 'abbreviation': None, 'type': 'road', 'summary': '0-2'}
 {'name': 'vs. Conf.', 'abbreviation': None, 'type': 'vsconf', 'summary': '0-2'}]",236,s:20~l:23~t:236,Chattanooga,Mocs,CHAT,Chattanooga Mocs,Chattanooga,00386b,dca71d,True,3720,https://a.espncdn.com/i/teamlogos/ncaa/500/236.png,29,10,False,99,"[{'value': 0.0, 'displayValue': '0', 'period': 1}
 {'value': 3.0, 'displayValue': '3', 'period': 2}
 {'value': 0.0, 'displayValue': '0', 'period': 3}
 {'value': 7.0, 'displayValue': '7', 'period': 4}]","[{'name': 'overall', 'abbreviation': 'Game', 'type': 'total', 'summary': '3-3'}
 {'name': 'Home', 'abbreviation': None, 'type': 'home', 'summary': '2-1'}
 {'name': 'Road', 'abbreviation': None, 'type': 'road', 'summary': '1-2'}
 {'name': 'vs. Conf.', 'abbreviation': None, 'type': 'vsconf', 'summary': '2-0'}]",400548371,2014,2,7,,,,,
400557944,s:20~l:23~e:400557944~c:400557944,2014-10-11T20:00Z,8418,True,False,False,True,True,False,2014-10-11T20:00Z,ESPN3,[],,,national,ESPN3,1,STD,3647,Elliott T. Bowers Stadium,Huntsville,TX,USA,False,0.0,0:00,4,3,STATUS_FINAL,post,True,Final,Final,Final,4,2534,s:20~l:23~t:2534,Sam Houston State,Bearkats,SHSU,Sam Houston State Bearkats,Sam Houston,f56423,ffffff,False,3647,https://a.espncdn.com/i/teamlogos/ncaa/500/2534.png,30,38,True,99,"[{'value': 14.0, 'displayValue': '14', 'period': 1}
 {'value': 7.0, 'displayValue': '7', 'period': 2}
 {'value': 14.0, 'displayValue': '14', 'period': 3}
 {'value': 3.0, 'displayValue': '3', 'period': 4}]","[{'name': 'overall', 'abbreviation': 'Game', 'type': 'total', 'summary': '3-3'}
 {'name': 'Home', 'abbreviation': None, 'type': 'home', 'summary': '2-1'}
 {'name': 'Road', 'abbreviation': None, 'type': 'road', 'summary': '1-2'}
 {'name': 'vs. Conf.', 'abbreviation': None, 'type': 'vsconf', 'summary': '2-0'}]",2377,s:20~l:23~t:2377,McNeese State,Cowboys,MCNS,McNeese State Cowboys,McNeese State,00529C,,False,3686,https://a.espncdn.com/i/teamlogos/ncaa/500/2377.png,30,22,False,99,"[{'value': 0.0, 'displayValue': '0', 'period': 1}
 {'value': 7.0, 'displayValue': '7', 'period': 2}
 {'value': 0.0, 'displayValue': '0', 'period': 3}
 {'value': 15.0, 'displayValue': '15', 'period': 4}]","[{'name': 'overall', 'abbreviation': 'Game', 'type': 'total', 'summary': '3-2'}
 {'name': 'Home', 'abbreviation': None, 'type': 'home', 'summary': '3-0'}
 {'name': 'Road', 'abbreviation': None, 'type': 'road', 'summary': '0-2'}
 {'name': 'vs. Conf.', 'abbreviation': None, 'type': 'vsconf', 'summary': '1-1'}]",400557944,2014,2,7,30,Southland Conference,Southland,True,
400548129,s:20~l:23~e:400548129~c:400548129,2014-10-11T21:00Z,20122,True,False,False,True,True,False,2014-10-11T21:00Z,ESPN3,[],,,national,ESPN3,1,STD,3764,Huskie Stadium,Dekalb,IL,USA,False,0.0,0:00,4,3,STATUS_FINAL,post,True,Final,Final,Final,4,2459,s:20~l:23~t:2459,Northern Illinois,Huskies,NIU,Northern Illinois Huskies,N Illinois,c8102e,000000,True,3764,https://a.espncdn.com/i/teamlogos/ncaa/500/2459.png,15,17,False,99,"[{'value': 7.0, 'displayValue': '7', 'period': 1}
 {'value': 0.0, 'displayValue': '0', 'period': 2}
 {'value': 10.0, 'displayValue': '10', 'period': 3}
 {'value': 0.0, 'displayValue': '0', 'period': 4}]","[{'name': 'overall', 'abbreviation': 'Game', 'type': 'total', 'summary': '4-2'}
 {'name': 'Home', 'abbreviation': None, 'type': 'home', 'summary': '2-1'}
 {'name': 'Road', 'abbreviation': None, 'type': 'road', 'summary': '2-1'}
 {'name': 'vs. Conf.', 'abbreviation': None, 'type': 'vsconf', 'summary': '1-1'}]",2117,s:20~l:23~t:2117,Central Michigan,Chippewas,CMU,Central Michigan Chippewas,Cent Michigan,4c0027,fbab18,True,3786,https://a.espncdn.com/i/teamlogos/ncaa/500/2117.png,15,34,True,99,"[{'value': 14.0, 'displayValue': '14', 'period': 1}
 {'value': 7.0, 'displayValue': '7', 'period': 2}
 {'value': 10.0, 'displayValue': '10', 'period': 3}
 {'value': 3.0, 'displayValue': '3', 'period': 4}]","[{'name': 'overall', 'abbreviation': 'Game', 'type': 'total', 'summary': '4-3'}
 {'name': 'Home', 'abbreviation': None, 'type': 'home', 'summary': '2-1'}
 {'name': 'Road', 'abbreviation': None, 'type': 'road', 'summary': '2-2'}
 {'name': 'vs. Conf.', 'abbreviation': None, 'type': 'vsconf', 'summary': '2-1'}]",400548129,2014,2,7,15,Mid-American Conference,MAC,True,
400548283,s:20~l:23~e:400548283~c:400548283,2014-10-11T22:00Z,0,True,False,False,True,True,False,2014-10-11T22:00Z,PACN,[],,,national,PACN,1,STD,3831,California Memorial Stadium,Berkeley,CA,USA,False,0.0,0:00,4,3,STATUS_FINAL,post,True,Final,Final,Final,4,25,s:20~l:23~t:25,California,Golden Bears,CAL,California Golden Bears,California,041e42,ffc72c,True,3831,https://a.espncdn.com/i/teamlogos/ncaa/500/25.png,9,7,False,99,"[{'value': 0.0, 'displayValue': '0', 'period': 1}
 {'value': 0.0, 'displayValue': '0', 'period': 2}
 {'value': 7.0, 'displayValue': '7', 'period': 3}
 {'value': 0.0, 'displayValue': '0', 'period': 4}]","[{'name': 'overall', 'abbreviation': 'Game', 'type': 'total', 'summary': '4-2'}
 {'name': 'Home', 'abbreviation': None, 'type': 'home', 'summary': '2-1'}
 {'name': 'Road', 'abbreviation': None, 'type': 'road', 'summary': '2-1'}
 {'name': 'vs. Conf.', 'abbreviation': None, 'type': 'vsconf', 'summary': '2-2'}]",264,s:20~l:23~t:264,Washington,Huskies,WASH,Washington Huskies,Washington,33006f,e8d3a2,True,3765,https://a.espncdn.com/i/teamlogos/ncaa/500/264.png,9,31,True,99,"[{'value': 14.0, 'displayValue': '14', 'period': 1}
 {'value': 14.0, 'displayValue': '14', 'period': 2}
 {'value': 0.0, 'displayValue': '0', 'period': 3}
 {'value': 3.0, 'displayValue': '3', 'period': 4}]","[{'name': 'overall', 'abbreviation': 'Game', 'type': 'total', 'summary': '5-1'}
 {'name': 'Home', 'abbreviation': None, 'type': 'home', 'summary': '3-1'}
 {'name': 'Road', 'abbreviation': None, 'type': 'road', 'summary': '2-0'}
 {'name': 'vs. Conf.', 'abbreviation': None, 'type': 'vsconf', 'summary': '1-1'}]",400548283,2014,2,7,9,Pac-12 Conference,Pac-12,True,
400548425,s:20~l:23~e:400548425~c:400548425,2014-10-11T22:00Z,23250,True,False,False,True,True,False,2014-10-11T22:00Z,ESPN3,[],,,national,ESPN3,1,STD,3608,Allen E. Paulson Stadium,Statesboro,GA,USA,False,0.0,0:00,4,3,STATUS_FINAL,post,True,Final,Final,Final,4,290,s:20~l:23~t:290,Georgia Southern,Eagles,GASO,Georgia Southern Eagles,Ga Southern,041e42,a3aaae,True,3608,https://a.espncdn.com/i/teamlogos/ncaa/500/290.png,37,47,True,99,"[{'value': 13.0, 'displayValue': '13', 'period': 1}
 {'value': 7.0, 'displayValue': '7', 'period': 2}
 {'value': 13.0, 'displayValue': '13', 'period': 3}
 {'value': 14.0, 'displayValue': '14', 'period': 4}]","[{'name': 'overall', 'abbreviation': 'Game', 'type': 'total', 'summary': '5-2'}
 {'name': 'Home', 'abbreviation': None, 'type': 'home', 'summary': '3-0'}
 {'name': 'Road', 'abbreviation': None, 'type': 'road', 'summary': '2-2'}
 {'name': 'vs. Conf.', 'abbreviation': None, 'type': 'vsconf', 'summary': '4-0'}]",70,s:20~l:23~t:70,Idaho,Vandals,IDHO,Idaho Vandals,Idaho,000000,8c6e4a,True,3791,https://a.espncdn.com/i/teamlogos/ncaa/500/70.png,37,24,False,99,"[{'value': 3.0, 'displayValue': '3', 'period': 1}
 {'value': 7.0, 'displayValue': '7', 'period': 2}
 {'value': 14.0, 'displayValue': '14', 'period': 3}
 {'value': 0.0, 'displayValue': '0', 'period': 4}]","[{'name': 'overall', 'abbreviation': 'Game', 'type': 'total', 'summary': '0-6'}
 {'name': 'Home', 'abbreviation': None, 'type': 'home', 'summary': '0-2'}
 {'name': 'Road', 'abbreviation': None, 'type': 'road', 'summary': '0-4'}
 {'name': 'vs. Conf.', 'abbreviation': None, 'type': 'vsconf', 'summary': '0-4'}]",400548425,2014,2,7,37,Sun Belt Conference,Sun Belt,True,
