id,uid,date,attendance,time_valid,date_valid,neutral_site,conference_competition,play_by_play_available,recent,start_date,broadcast,highlights,notes_type,notes_headline,broadcast_market,broadcast_name,type_id,type_abbreviation,venue_id,venue_full_name,venue_address_city,venue_address_state,venue_address_country,venue_indoor,status_clock,status_display_clock,status_period,status_type_id,status_type_name,status_type_state,status_type_completed,status_type_description,status_type_detail,status_type_short_detail,format_regulation_periods,home_id,home_uid,home_location,home_name,home_abbreviation,home_display_name,home_short_display_name,home_color,home_alternate_color,home_is_active,home_venue_id,home_logo,home_conference_id,home_score,home_winner,home_current_rank,home_linescores,home_records,away_id,away_uid,away_location,away_name,away_abbreviation,away_display_name,away_short_display_name,away_color,away_alternate_color,away_is_active,away_venue_id,away_logo,away_conference_id,away_score,away_winner,away_current_rank,away_linescores,away_records,game_id,season,season_type,week,status_type_alt_detail
300010057,s:20~l:23~e:300010057~c:300010057,2010-01-02T01:30Z,0,True,False,True,False,True,False,2010-01-02T01:30Z,FOX,[],event,ALLSTATE SUGAR BOWL,national,FOX,1,STD,3950,Superior Dome,Marquette,MI,USA,True,5.0,0:05,4,3,STATUS_FINAL,post,True,Final,Final,Final,4,57,s:20~l:23~t:57,Florida,Gators,FLA,Florida Gators,Florida,0021a5,fa4616,True,3634,https://a.espncdn.com/i/teamlogos/ncaa/500/57.png,8,51,True,5,"[{'value': 9.0, 'displayValue': '9', 'period': 1}
 {'value': 21.0, 'displayValue': '21', 'period': 2}
 {'value': 14.0, 'displayValue': '14', 'period': 3}
 {'value': 7.0, 'displayValue': '7', 'period': 4}]","[{'name': 'overall', 'abbreviation': 'Game', 'type': 'total', 'summary': '13-1'}
 {'name': 'Home', 'abbreviation': None, 'type': 'home', 'summary': '9-0'}
 {'name': 'Road', 'abbreviation': None, 'type': 'road', 'summary': '4-1'}
 {'name': 'vs. Conf.', 'abbreviation': None, 'type': 'vsconf', 'summary': '8-0'}]",2132,s:20~l:23~t:2132,Cincinnati,Bearcats,CIN,Cincinnati Bearcats,Cincinnati,000000,e00122,True,3854,https://a.espncdn.com/i/teamlogos/ncaa/500/2132.png,10,24,False,3,"[{'value': 0.0, 'displayValue': '0', 'period': 1}
 {'value': 3.0, 'displayValue': '3', 'period': 2}
 {'value': 7.0, 'displayValue': '7', 'period': 3}
 {'value': 14.0, 'displayValue': '14', 'period': 4}]","[{'name': 'overall', 'abbreviation': 'Game', 'type': 'total', 'summary': '12-1'}
 {'name': 'Home', 'abbreviation': None, 'type': 'home', 'summary': '6-0'}
 {'name': 'Road', 'abbreviation': None, 'type': 'road', 'summary': '6-1'}
 {'name': 'vs. Conf.', 'abbreviation': None, 'type': 'vsconf', 'summary': '7-0'}]",300010057,2009,3,1,
300012483,s:20~l:23~e:300012483~c:300012483,2010-01-01T22:10Z,0,True,False,True,False,True,False,2010-01-01T22:10Z,ABC,[],event,ROSE BOWL GAME PRESENTED BY CITI,national,ABC,1,STD,1056,Rose Bowl,Pasadena,CA,USA,False,0.0,0:00,4,3,STATUS_FINAL,post,True,Final,Final,Final,4,2483,s:20~l:23~t:2483,Oregon,Ducks,ORE,Oregon Ducks,Oregon,00934b,fff41b,True,3626,https://a.espncdn.com/i/teamlogos/ncaa/500/2483.png,5,17,False,7,"[{'value': 0.0, 'displayValue': '0', 'period': 1}
 {'value': 10.0, 'displayValue': '10', 'period': 2}
 {'value': 7.0, 'displayValue': '7', 'period': 3}
 {'value': 0.0, 'displayValue': '0', 'period': 4}]","[{'name': 'overall', 'abbreviation': 'Game', 'type': 'total', 'summary': '10-3'}
 {'name': 'Home', 'abbreviation': None, 'type': 'home', 'summary': '7-1'}
 {'name': 'Road', 'abbreviation': None, 'type': 'road', 'summary': '3-2'}
 {'name': 'vs. Conf.', 'abbreviation': None, 'type': 'vsconf', 'summary': '8-1'}]",194,s:20~l:23~t:194,Ohio State,Buckeyes,OSU,Ohio State Buckeyes,Ohio State,ba0c2f,a8adb4,True,3861,https://a.espncdn.com/i/teamlogos/ncaa/500/194.png,5,26,True,8,"[{'value': 10.0, 'displayValue': '10', 'period': 1}
 {'value': 6.0, 'displayValue': '6', 'period': 2}
 {'value': 3.0, 'displayValue': '3', 'period': 3}
 {'value': 7.0, 'displayValue': '7', 'period': 4}]","[{'name': 'overall', 'abbreviation': 'Game', 'type': 'total', 'summary': '11-2'}
 {'name': 'Home', 'abbreviation': None, 'type': 'home', 'summary': '6-1'}
 {'name': 'Road', 'abbreviation': None, 'type': 'road', 'summary': '5-1'}
 {'name': 'vs. Conf.', 'abbreviation': None, 'type': 'vsconf', 'summary': '7-1'}]",300012483,2009,3,1,
300010099,s:20~l:23~e:300010099~c:300010099,2010-01-01T18:00Z,0,True,False,True,False,True,False,2010-01-01T18:00Z,ABC,[],event,CAPITAL ONE BOWL,national,ABC,1,STD,,,,,,,3.0,0:03,4,3,STATUS_FINAL,post,True,Final,Final,Final,4,99,s:20~l:23~t:99,LSU,Tigers,LSU,LSU Tigers,LSU,461d76,fdd023,True,3958,https://a.espncdn.com/i/teamlogos/ncaa/500/99.png,8,17,False,12,"[{'value': 0.0, 'displayValue': '0', 'period': 1}
 {'value': 3.0, 'displayValue': '3', 'period': 2}
 {'value': 7.0, 'displayValue': '7', 'period': 3}
 {'value': 7.0, 'displayValue': '7', 'period': 4}]","[{'name': 'overall', 'abbreviation': 'Game', 'type': 'total', 'summary': '9-4'}
 {'name': 'Home', 'abbreviation': None, 'type': 'home', 'summary': '6-2'}
 {'name': 'Road', 'abbreviation': None, 'type': 'road', 'summary': '3-2'}
 {'name': 'vs. Conf.', 'abbreviation': None, 'type': 'vsconf', 'summary': '5-3'}]",213,s:20~l:23~t:213,Penn State,Nittany Lions,PSU,Penn State Nittany Lions,Penn State,061440,ffffff,True,3632,https://a.espncdn.com/i/teamlogos/ncaa/500/213.png,5,19,True,13,"[{'value': 7.0, 'displayValue': '7', 'period': 1}
 {'value': 6.0, 'displayValue': '6', 'period': 2}
 {'value': 3.0, 'displayValue': '3', 'period': 3}
 {'value': 3.0, 'displayValue': '3', 'period': 4}]","[{'name': 'overall', 'abbreviation': 'Game', 'type': 'total', 'summary': '11-2'}
 {'name': 'Home', 'abbreviation': None, 'type': 'home', 'summary': '6-2'}
 {'name': 'Road', 'abbreviation': None, 'type': 'road', 'summary': '5-0'}
 {'name': 'vs. Conf.', 'abbreviation': None, 'type': 'vsconf', 'summary': '6-2'}]",300010099,2009,3,1,
300010052,s:20~l:23~e:300010052~c:300010052,2010-01-01T18:00Z,0,True,False,True,False,True,False,2010-01-01T18:00Z,CBS,[],event,KONICA MINOLTA GATOR BOWL,national,CBS,1,STD,,,,,,,0.0,0:00,4,3,STATUS_FINAL,post,True,Final,Final,Final,4,52,s:20~l:23~t:52,Florida State,Seminoles,FSU,Florida State Seminoles,FSU,782f40,ceb888,True,3697,https://a.espncdn.com/i/teamlogos/ncaa/500/52.png,1,33,True,99,"[{'value': 3.0, 'displayValue': '3', 'period': 1}
 {'value': 10.0, 'displayValue': '10', 'period': 2}
 {'value': 10.0, 'displayValue': '10', 'period': 3}
 {'value': 10.0, 'displayValue': '10', 'period': 4}]","[{'name': 'overall', 'abbreviation': 'Game', 'type': 'total', 'summary': '7-6'}
 {'name': 'Home', 'abbreviation': None, 'type': 'home', 'summary': '4-3'}
 {'name': 'Road', 'abbreviation': None, 'type': 'road', 'summary': '3-3'}
 {'name': 'vs. Conf.', 'abbreviation': None, 'type': 'vsconf', 'summary': '4-4'}]",277,s:20~l:23~t:277,West Virginia,Mountaineers,WVU,West Virginia Mountaineers,West Virginia,eaaa00,002855,True,3842,https://a.espncdn.com/i/teamlogos/ncaa/500/277.png,10,21,False,16,"[{'value': 14.0, 'displayValue': '14', 'period': 1}
 {'value': 0.0, 'displayValue': '0', 'period': 2}
 {'value': 0.0, 'displayValue': '0', 'period': 3}
 {'value': 7.0, 'displayValue': '7', 'period': 4}]","[{'name': 'overall', 'abbreviation': 'Game', 'type': 'total', 'summary': '9-4'}
 {'name': 'Home', 'abbreviation': None, 'type': 'home', 'summary': '7-0'}
 {'name': 'Road', 'abbreviation': None, 'type': 'road', 'summary': '2-4'}
 {'name': 'vs. Conf.', 'abbreviation': None, 'type': 'vsconf', 'summary': '5-2'}]",300010052,2009,3,1,
300010002,s:20~l:23~e:300010002~c:300010002,2010-01-01T16:00Z,0,True,False,True,False,True,False,2010-01-01T16:00Z,ESPN,[],event,OUTBACK BOWL,national,ESPN,1,STD,3886,Raymond James Stadium,Tampa,FL,USA,False,0.0,0:00,5,3,STATUS_FINAL,post,True,Final,Final/OT,Final/OT,4,2,s:20~l:23~t:2,Auburn,Tigers,AUB,Auburn Tigers,Auburn,002b5c,f26522,True,3785,https://a.espncdn.com/i/teamlogos/ncaa/500/2.png,8,38,True,99,"[{'value': 14.0, 'displayValue': '14', 'period': 1}
 {'value': 7.0, 'displayValue': '7', 'period': 2}
 {'value': 0.0, 'displayValue': '0', 'period': 3}
 {'value': 14.0, 'displayValue': '14', 'period': 4}
 {'value': 3.0, 'displayValue': '3', 'period': 5}]","[{'name': 'overall', 'abbreviation': 'Game', 'type': 'total', 'summary': '8-5'}
 {'name': 'Home', 'abbreviation': None, 'type': 'home', 'summary': '7-2'}
 {'name': 'Road', 'abbreviation': None, 'type': 'road', 'summary': '1-3'}
 {'name': 'vs. Conf.', 'abbreviation': None, 'type': 'vsconf', 'summary': '3-5'}]",77,s:20~l:23~t:77,Northwestern,Wildcats,NU,Northwestern Wildcats,Northwestern,492f92,ffffff,True,5960,https://a.espncdn.com/i/teamlogos/ncaa/500/77.png,5,35,False,99,"[{'value': 7.0, 'displayValue': '7', 'period': 1}
 {'value': 0.0, 'displayValue': '0', 'period': 2}
 {'value': 14.0, 'displayValue': '14', 'period': 3}
 {'value': 14.0, 'displayValue': '14', 'period': 4}
 {'value': 0.0, 'displayValue': '0', 'period': 5}]","[{'name': 'overall', 'abbreviation': 'Game', 'type': 'total', 'summary': '8-5'}
 {'name': 'Home', 'abbreviation': None, 'type': 'home', 'summary': '5-2'}
 {'name': 'Road', 'abbreviation': None, 'type': 'road', 'summary': '3-3'}
 {'name': 'vs. Conf.', 'abbreviation': None, 'type': 'vsconf', 'summary': '5-3'}]",300010002,2009,3,1,OT
300020145,s:20~l:23~e:300020145~c:300020145,2010-01-02T19:00Z,0,True,False,True,False,True,False,2010-01-02T19:00Z,FOX,[],event,AT&T COTTON BOWL,national,FOX,1,STD,,,,,,,0.0,0:00,4,3,STATUS_FINAL,post,True,Final,Final,Final,4,145,s:20~l:23~t:145,Ole Miss,Rebels,MISS,Ole Miss Rebels,Ole Miss,13294b,cf142b,True,3974,https://a.espncdn.com/i/teamlogos/ncaa/500/145.png,8,21,True,99,"[{'value': 0.0, 'displayValue': '0', 'period': 1}
 {'value': 7.0, 'displayValue': '7', 'period': 2}
 {'value': 0.0, 'displayValue': '0', 'period': 3}
 {'value': 14.0, 'displayValue': '14', 'period': 4}]","[{'name': 'overall', 'abbreviation': 'Game', 'type': 'total', 'summary': '9-4'}
 {'name': 'Home', 'abbreviation': None, 'type': 'home', 'summary': '7-1'}
 {'name': 'Road', 'abbreviation': None, 'type': 'road', 'summary': '2-3'}
 {'name': 'vs. Conf.', 'abbreviation': None, 'type': 'vsconf', 'summary': '4-4'}]",197,s:20~l:23~t:197,Oklahoma State,Cowboys,OKST,Oklahoma State Cowboys,Oklahoma State,fe5c00,000000,True,3646,https://a.espncdn.com/i/teamlogos/ncaa/500/197.png,4,7,False,19,"[{'value': 0.0, 'displayValue': '0', 'period': 1}
 {'value': 0.0, 'displayValue': '0', 'period': 2}
 {'value': 7.0, 'displayValue': '7', 'period': 3}
 {'value': 0.0, 'displayValue': '0', 'period': 4}]","[{'name': 'overall', 'abbreviation': 'Game', 'type': 'total', 'summary': '9-4'}
 {'name': 'Home', 'abbreviation': None, 'type': 'home', 'summary': '6-2'}
 {'name': 'Road', 'abbreviation': None, 'type': 'road', 'summary': '3-2'}
 {'name': 'vs. Conf.', 'abbreviation': None, 'type': 'vsconf', 'summary': '6-2'}]",300020145,2009,3,1,
300022459,s:20~l:23~e:300022459~c:300022459,2010-01-02T17:00Z,0,True,False,True,False,True,False,2010-01-02T17:00Z,ESPN2,[],event,INTERNATIONAL BOWL,national,ESPN2,1,STD,,,,,,,0.0,0:00,4,3,STATUS_FINAL,post,True,Final,Final,Final,4,2459,s:20~l:23~t:2459,Northern Illinois,Huskies,NIU,Northern Illinois Huskies,N Illinois,c8102e,000000,True,3764,https://a.espncdn.com/i/teamlogos/ncaa/500/2459.png,15,3,False,99,"[{'value': 0.0, 'displayValue': '0', 'period': 1}
 {'value': 3.0, 'displayValue': '3', 'period': 2}
 {'value': 0.0, 'displayValue': '0', 'period': 3}
 {'value': 0.0, 'displayValue': '0', 'period': 4}]","[{'name': 'overall', 'abbreviation': 'Game', 'type': 'total', 'summary': '7-6'}
 {'name': 'Home', 'abbreviation': None, 'type': 'home', 'summary': '5-2'}
 {'name': 'Road', 'abbreviation': None, 'type': 'road', 'summary': '2-4'}
 {'name': 'vs. Conf.', 'abbreviation': None, 'type': 'vsconf', 'summary': '5-3'}]",58,s:20~l:23~t:58,South Florida,Bulls,USF,South Florida Bulls,USF,006747,cfc493,True,3886,https://a.espncdn.com/i/teamlogos/ncaa/500/58.png,10,27,True,99,"[{'value': 3.0, 'displayValue': '3', 'period': 1}
 {'value': 0.0, 'displayValue': '0', 'period': 2}
 {'value': 10.0, 'displayValue': '10', 'period': 3}
 {'value': 14.0, 'displayValue': '14', 'period': 4}]","[{'name': 'overall', 'abbreviation': 'Game', 'type': 'total', 'summary': '8-5'}
 {'name': 'Home', 'abbreviation': None, 'type': 'home', 'summary': '4-2'}
 {'name': 'Road', 'abbreviation': None, 'type': 'road', 'summary': '4-3'}
 {'name': 'vs. Conf.', 'abbreviation': None, 'type': 'vsconf', 'summary': '3-4'}]",300022459,2009,3,1,
300020041,s:20~l:23~e:300020041~c:300020041,2010-01-02T19:00Z,0,True,False,True,False,True,False,2010-01-02T19:00Z,ESPN,[],event,PAPAJOHNS.com BOWL,national,ESPN,1,STD,3803,Legion Field (AL),Birmingham,AL,USA,False,0.0,0:00,4,3,STATUS_FINAL,post,True,Final,Final,Final,4,41,s:20~l:23~t:41,Connecticut,Huskies,CONN,Connecticut Huskies,UConn,0c2340,a2aaad,False,3892,https://a.espncdn.com/i/teamlogos/ncaa/500/41.png,10,20,True,99,"[{'value': 10.0, 'displayValue': '10', 'period': 1}
 {'value': 3.0, 'displayValue': '3', 'period': 2}
 {'value': 0.0, 'displayValue': '0', 'period': 3}
 {'value': 7.0, 'displayValue': '7', 'period': 4}]","[{'name': 'overall', 'abbreviation': 'Game', 'type': 'total', 'summary': '8-5'}
 {'name': 'Home', 'abbreviation': None, 'type': 'home', 'summary': '5-2'}
 {'name': 'Road', 'abbreviation': None, 'type': 'road', 'summary': '3-3'}
 {'name': 'vs. Conf.', 'abbreviation': None, 'type': 'vsconf', 'summary': '3-4'}]",2579,s:20~l:23~t:2579,South Carolina,Gamecocks,SC,South Carolina Gamecocks,South Carolina,73000a,000000,True,3994,https://a.espncdn.com/i/teamlogos/ncaa/500/2579.png,8,7,False,99,"[{'value': 0.0, 'displayValue': '0', 'period': 1}
 {'value': 0.0, 'displayValue': '0', 'period': 2}
 {'value': 0.0, 'displayValue': '0', 'period': 3}
 {'value': 7.0, 'displayValue': '7', 'period': 4}]","[{'name': 'overall', 'abbreviation': 'Game', 'type': 'total', 'summary': '7-6'}
 {'name': 'Home', 'abbreviation': None, 'type': 'home', 'summary': '6-1'}
 {'name': 'Road', 'abbreviation': None, 'type': 'road', 'summary': '1-5'}
 {'name': 'vs. Conf.', 'abbreviation': None, 'type': 'vsconf', 'summary': '3-5'}]",300020041,2009,3,1,
300020151,s:20~l:23~e:300020151~c:300020151,2010-01-02T22:30Z,0,True,False,True,False,True,False,2010-01-02T22:30Z,ESPN,[],event,AutoZone LIBERTY BOWL,national,ESPN,1,STD,3805,Simmons Bank Liberty Stadium,Memphis,TN,USA,False,0.0,0:00,5,3,STATUS_FINAL,post,True,Final,Final/OT,Final/OT,4,151,s:20~l:23~t:151,East Carolina,Pirates,ECU,East Carolina Pirates,ECU,582c83,ffc72c,True,3699,https://a.espncdn.com/i/teamlogos/ncaa/500/151.png,12,17,False,99,"[{'value': 0.0, 'displayValue': '0', 'period': 1}
 {'value': 10.0, 'displayValue': '10', 'period': 2}
 {'value': 7.0, 'displayValue': '7', 'period': 3}
 {'value': 0.0, 'displayValue': '0', 'period': 4}
 {'value': 0.0, 'displayValue': '0', 'period': 5}]","[{'name': 'overall', 'abbreviation': 'Game', 'type': 'total', 'summary': '9-5'}
 {'name': 'Home', 'abbreviation': None, 'type': 'home', 'summary': '6-2'}
 {'name': 'Road', 'abbreviation': None, 'type': 'road', 'summary': '3-3'}
 {'name': 'vs. Conf.', 'abbreviation': None, 'type': 'vsconf', 'summary': '7-1'}]",8,s:20~l:23~t:8,Arkansas,Razorbacks,ARK,Arkansas Razorbacks,Arkansas,a32136,ffffff,True,3887,https://a.espncdn.com/i/teamlogos/ncaa/500/8.png,8,20,True,99,"[{'value': 0.0, 'displayValue': '0', 'period': 1}
 {'value': 0.0, 'displayValue': '0', 'period': 2}
 {'value': 17.0, 'displayValue': '17', 'period': 3}
 {'value': 0.0, 'displayValue': '0', 'period': 4}
 {'value': 3.0, 'displayValue': '3', 'period': 5}]","[{'name': 'overall', 'abbreviation': 'Game', 'type': 'total', 'summary': '8-5'}
 {'name': 'Home', 'abbreviation': None, 'type': 'home', 'summary': '7-1'}
 {'name': 'Road', 'abbreviation': None, 'type': 'road', 'summary': '1-4'}
 {'name': 'vs. Conf.', 'abbreviation': None, 'type': 'vsconf', 'summary': '3-5'}]",300020151,2009,3,1,OT
300022641,s:20~l:23~e:300022641~c:300022641,2010-01-03T02:00Z,0,True,False,True,False,True,False,2010-01-03T02:00Z,ESPN,[],event,VALERO ALAMO BOWL,national,ESPN,1,STD,3604,Alamodome,San Antonio,TX,USA,True,0.0,0:00,4,3,STATUS_FINAL,post,True,Final,Final,Final,4,2641,s:20~l:23~t:2641,Texas Tech,Red Raiders,TTU,Texas Tech Red Raiders,Texas Tech,da291c,000000,True,3784,https://a.espncdn.com/i/teamlogos/ncaa/500/2641.png,4,41,True,99,"[{'value': 7.0, 'displayValue': '7', 'period': 1}
 {'value': 13.0, 'displayValue': '13', 'period': 2}
 {'value': 7.0, 'displayValue': '7', 'period': 3}
 {'value': 14.0, 'displayValue': '14', 'period': 4}]","[{'name': 'overall', 'abbreviation': 'Game', 'type': 'total', 'summary': '9-4'}
 {'name': 'Home', 'abbreviation': None, 'type': 'home', 'summary': '7-1'}
 {'name': 'Road', 'abbreviation': None, 'type': 'road', 'summary': '2-3'}
 {'name': 'vs. Conf.', 'abbreviation': None, 'type': 'vsconf', 'summary': '5-3'}]",127,s:20~l:23~t:127,Michigan State,Spartans,MSU,Michigan State Spartans,Michigan St,173f35,ffffff,True,3936,https://a.espncdn.com/i/teamlogos/ncaa/500/127.png,5,31,False,99,"[{'value': 7.0, 'displayValue': '7', 'period': 1}
 {'value': 7.0, 'displayValue': '7', 'period': 2}
 {'value': 14.0, 'displayValue': '14', 'period': 3}
 {'value': 3.0, 'displayValue': '3', 'period': 4}]","[{'name': 'overall', 'abbreviation': 'Game', 'type': 'total', 'summary': '6-7'}
 {'name': 'Home', 'abbreviation': None, 'type': 'home', 'summary': '4-3'}
 {'name': 'Road', 'abbreviation': None, 'type': 'road', 'summary': '2-4'}
 {'name': 'vs. Conf.', 'abbreviation': None, 'type': 'vsconf', 'summary': '4-4'}]",300022641,2009,3,1,
300042628,s:20~l:23~e:300042628~c:300042628,2010-01-05T01:00Z,0,True,False,True,False,True,False,2010-01-05T01:00Z,FOX,[],event,TOSTITOS FIESTA BOWL,national,FOX,1,STD,,,,,,,0.0,0:00,4,3,STATUS_FINAL,post,True,Final,Final,Final,4,2628,s:20~l:23~t:2628,TCU,Horned Frogs,TCU,TCU Horned Frogs,TCU,4d1979,ffffff,True,3616,https://a.espncdn.com/i/teamlogos/ncaa/500/2628.png,4,10,False,4,"[{'value': 0.0, 'displayValue': '0', 'period': 1}
 {'value': 7.0, 'displayValue': '7', 'period': 2}
 {'value': 3.0, 'displayValue': '3', 'period': 3}
 {'value': 0.0, 'displayValue': '0', 'period': 4}]","[{'name': 'overall', 'abbreviation': 'Game', 'type': 'total', 'summary': '12-1'}
 {'name': 'Home', 'abbreviation': None, 'type': 'home', 'summary': '6-1'}
 {'name': 'Road', 'abbreviation': None, 'type': 'road', 'summary': '6-0'}
 {'name': 'vs. Conf.', 'abbreviation': None, 'type': 'vsconf', 'summary': '8-0'}]",68,s:20~l:23~t:68,Boise State,Broncos,BSU,Boise State Broncos,Boise St,0033a0,d64309,True,3653,https://a.espncdn.com/i/teamlogos/ncaa/500/68.png,16,17,True,6,"[{'value': 7.0, 'displayValue': '7', 'period': 1}
 {'value': 3.0, 'displayValue': '3', 'period': 2}
 {'value': 0.0, 'displayValue': '0', 'period': 3}
 {'value': 7.0, 'displayValue': '7', 'period': 4}]","[{'name': 'overall', 'abbreviation': 'Game', 'type': 'total', 'summary': '14-0'}
 {'name': 'Home', 'abbreviation': None, 'type': 'home', 'summary': '7-0'}
 {'name': 'Road', 'abbreviation': None, 'type': 'road', 'summary': '7-0'}
 {'name': 'vs. Conf.', 'abbreviation': None, 'type': 'vsconf', 'summary': '8-0'}]",300042628,2009,3,1,
300050059,s:20~l:23~e:300050059~c:300050059,2010-01-06T01:00Z,0,True,False,True,False,True,False,2010-01-06T01:00Z,FOX,[],event,FedEx ORANGE BOWL,national,FOX,1,STD,3948,Hard Rock Stadium,Miami Gardens,FL,USA,False,0.0,0:00,4,3,STATUS_FINAL,post,True,Final,Final,Final,4,59,s:20~l:23~t:59,Georgia Tech,Yellow Jackets,GT,Georgia Tech Yellow Jackets,Georgia Tech,b3a369,ffffff,True,721,https://a.espncdn.com/i/teamlogos/ncaa/500/59.png,1,14,False,9,"[{'value': 7.0, 'displayValue': '7', 'period': 1}
 {'value': 0.0, 'displayValue': '0', 'period': 2}
 {'value': 0.0, 'displayValue': '0', 'period': 3}
 {'value': 7.0, 'displayValue': '7', 'period': 4}]","[{'name': 'overall', 'abbreviation': 'Game', 'type': 'total', 'summary': '11-3'}
 {'name': 'Home', 'abbreviation': None, 'type': 'home', 'summary': '5-2'}
 {'name': 'Road', 'abbreviation': None, 'type': 'road', 'summary': '6-1'}
 {'name': 'vs. Conf.', 'abbreviation': None, 'type': 'vsconf', 'summary': '7-1'}]",2294,s:20~l:23~t:2294,Iowa,Hawkeyes,IOWA,Iowa Hawkeyes,Iowa,231f20,fcd116,True,3793,https://a.espncdn.com/i/teamlogos/ncaa/500/2294.png,5,24,True,10,"[{'value': 14.0, 'displayValue': '14', 'period': 1}
 {'value': 0.0, 'displayValue': '0', 'period': 2}
 {'value': 3.0, 'displayValue': '3', 'period': 3}
 {'value': 7.0, 'displayValue': '7', 'period': 4}]","[{'name': 'overall', 'abbreviation': 'Game', 'type': 'total', 'summary': '11-2'}
 {'name': 'Home', 'abbreviation': None, 'type': 'home', 'summary': '6-1'}
 {'name': 'Road', 'abbreviation': None, 'type': 'road', 'summary': '5-1'}
 {'name': 'vs. Conf.', 'abbreviation': None, 'type': 'vsconf', 'summary': '6-2'}]",300050059,2009,3,1,
300062653,s:20~l:23~e:300062653~c:300062653,2010-01-07T00:00Z,0,True,False,True,False,True,False,2010-01-07T00:00Z,ESPN,[],event,GMAC BOWL,national,ESPN,1,STD,3797,Ladd-Peebles Stadium,Mobile,AL,USA,False,900.0,15:00,5,3,STATUS_FINAL,post,True,Final,Final/OT,Final/OT,4,2653,s:20~l:23~t:2653,Troy,Trojans,TROY,Troy Trojans,Troy,862633,b1b1b1,True,3975,https://a.espncdn.com/i/teamlogos/ncaa/500/2653.png,37,41,False,99,"[{'value': 7.0, 'displayValue': '7', 'period': 1}
 {'value': 3.0, 'displayValue': '3', 'period': 2}
 {'value': 14.0, 'displayValue': '14', 'period': 3}
 {'value': 10.0, 'displayValue': '10', 'period': 4}
 {'value': 7.0, 'displayValue': '7', 'period': 5}
 {'value': 0.0, 'displayValue': '0', 'period': 6}]","[{'name': 'overall', 'abbreviation': 'Game', 'type': 'total', 'summary': '9-4'}
 {'name': 'Home', 'abbreviation': None, 'type': 'home', 'summary': '5-1'}
 {'name': 'Road', 'abbreviation': None, 'type': 'road', 'summary': '4-3'}
 {'name': 'vs. Conf.', 'abbreviation': None, 'type': 'vsconf', 'summary': '8-0'}]",2117,s:20~l:23~t:2117,Central Michigan,Chippewas,CMU,Central Michigan Chippewas,Cent Michigan,4c0027,fbab18,True,3786,https://a.espncdn.com/i/teamlogos/ncaa/500/2117.png,15,44,True,99,"[{'value': 3.0, 'displayValue': '3', 'period': 1}
 {'value': 6.0, 'displayValue': '6', 'period': 2}
 {'value': 10.0, 'displayValue': '10', 'period': 3}
 {'value': 15.0, 'displayValue': '15', 'period': 4}
 {'value': 7.0, 'displayValue': '7', 'period': 5}
 {'value': 3.0, 'displayValue': '3', 'period': 6}]","[{'name': 'overall', 'abbreviation': 'Game', 'type': 'total', 'summary': '12-2'}
 {'name': 'Home', 'abbreviation': None, 'type': 'home', 'summary': '6-0'}
 {'name': 'Road', 'abbreviation': None, 'type': 'road', 'summary': '6-2'}
 {'name': 'vs. Conf.', 'abbreviation': None, 'type': 'vsconf', 'summary': '8-0'}]",300062653,2009,3,1,OT
300070333,s:20~l:23~e:300070333~c:300070333,2010-01-08T01:00Z,0,True,False,True,False,True,False,2010-01-08T01:00Z,ABC,[],event,CITI BCS NATIONAL CHAMPIONSHIP GAME,national,ABC,1,STD,1056,Rose Bowl,Pasadena,CA,USA,False,0.0,0:00,4,3,STATUS_FINAL,post,True,Final,Final,Final,4,333,s:20~l:23~t:333,Alabama,Crimson Tide,ALA,Alabama Crimson Tide,Alabama,9e1b32,ffffff,True,3657,https://a.espncdn.com/i/teamlogos/ncaa/500/333.png,8,37,True,1,"[{'value': 0.0, 'displayValue': '0', 'period': 1}
 {'value': 24.0, 'displayValue': '24', 'period': 2}
 {'value': 0.0, 'displayValue': '0', 'period': 3}
 {'value': 13.0, 'displayValue': '13', 'period': 4}]","[{'name': 'overall', 'abbreviation': 'Game', 'type': 'total', 'summary': '14-0'}
 {'name': 'Home', 'abbreviation': None, 'type': 'home', 'summary': '9-0'}
 {'name': 'Road', 'abbreviation': None, 'type': 'road', 'summary': '5-0'}
 {'name': 'vs. Conf.', 'abbreviation': None, 'type': 'vsconf', 'summary': '8-0'}]",251,s:20~l:23~t:251,Texas,Longhorns,TEX,Texas Longhorns,Texas,af5c37,ffffff,True,3910,https://a.espncdn.com/i/teamlogos/ncaa/500/251.png,4,21,False,2,"[{'value': 6.0, 'displayValue': '6', 'period': 1}
 {'value': 0.0, 'displayValue': '0', 'period': 2}
 {'value': 7.0, 'displayValue': '7', 'period': 3}
 {'value': 8.0, 'displayValue': '8', 'period': 4}]","[{'name': 'overall', 'abbreviation': 'Game', 'type': 'total', 'summary': '13-1'}
 {'name': 'Home', 'abbreviation': None, 'type': 'home', 'summary': '7-0'}
 {'name': 'Road', 'abbreviation': None, 'type': 'road', 'summary': '6-1'}
 {'name': 'vs. Conf.', 'abbreviation': None, 'type': 'vsconf', 'summary': '8-0'}]",300070333,2009,3,1,
300233147,s:20~l:23~e:300233147~c:300233147,2010-01-23T20:00Z,0,True,False,True,False,True,False,2010-01-23T20:00Z,,[],event,EAST-WEST SHRINE GAME,,,1,STD,,,,,,,11.0,0:11,4,3,STATUS_FINAL,post,True,Final,Final,Final,4,3147,s:20~l:23~t:3147,West,All-Stars,WEST,West All-Stars,West,000000,,True,,,,10,False,99,"[{'value': 0.0, 'displayValue': '0', 'period': 1}
 {'value': 3.0, 'displayValue': '3', 'period': 2}
 {'value': 0.0, 'displayValue': '0', 'period': 3}
 {'value': 7.0, 'displayValue': '7', 'period': 4}]","[{'name': 'overall', 'abbreviation': 'Game', 'type': 'total', 'summary': '0-1'}
 {'name': 'Home', 'abbreviation': None, 'type': 'home', 'summary': '0-1'}
 {'name': 'Road', 'abbreviation': None, 'type': 'road', 'summary': '0-0'}
 {'name': 'vs. Conf.', 'abbreviation': None, 'type': 'vsconf', 'summary': '0-0'}]",3146,s:20~l:23~t:3146,East,All-Stars,EAST,East All-Stars,East,000000,,True,,,,13,True,99,"[{'value': 0.0, 'displayValue': '0', 'period': 1}
 {'value': 6.0, 'displayValue': '6', 'period': 2}
 {'value': 0.0, 'displayValue': '0', 'period': 3}
 {'value': 7.0, 'displayValue': '7', 'period': 4}]","[{'name': 'overall', 'abbreviation': 'Game', 'type': 'total', 'summary': '1-0'}
 {'name': 'Home', 'abbreviation': None, 'type': 'home', 'summary': '0-0'}
 {'name': 'Road', 'abbreviation': None, 'type': 'road', 'summary': '1-0'}
 {'name': 'vs. Conf.', 'abbreviation': None, 'type': 'vsconf', 'summary': '0-0'}]",300233147,2009,4,1,
300303145,s:20~l:23~e:300303145~c:300303145,2010-01-30T21:00Z,0,True,False,True,False,True,False,2010-01-30T21:00Z,,[],event,SENIOR BOWL,,,1,STD,,,,,,,18.0,0:18,4,3,STATUS_FINAL,post,True,Final,Final,Final,4,3145,s:20~l:23~t:3145,NORTH,All-Stars,NOR,NORTH All-Stars,NORTH,000000,,True,,,,31,True,99,"[{'value': 3.0, 'displayValue': '3', 'period': 1}
 {'value': 14.0, 'displayValue': '14', 'period': 2}
 {'value': 7.0, 'displayValue': '7', 'period': 3}
 {'value': 7.0, 'displayValue': '7', 'period': 4}]","[{'name': 'overall', 'abbreviation': 'Game', 'type': 'total', 'summary': '1-0'}
 {'name': 'Home', 'abbreviation': None, 'type': 'home', 'summary': '1-0'}
 {'name': 'Road', 'abbreviation': None, 'type': 'road', 'summary': '0-0'}
 {'name': 'vs. Conf.', 'abbreviation': None, 'type': 'vsconf', 'summary': '0-0'}]",3144,s:20~l:23~t:3144,SOUTH,All-Stars,SOU,SOUTH All-Stars,SOUTH,000000,,True,,,,13,False,99,"[{'value': 3.0, 'displayValue': '3', 'period': 1}
 {'value': 10.0, 'displayValue': '10', 'period': 2}
 {'value': 0.0, 'displayValue': '0', 'period': 3}
 {'value': 0.0, 'displayValue': '0', 'period': 4}]","[{'name': 'overall', 'abbreviation': 'Game', 'type': 'total', 'summary': '0-1'}
 {'name': 'Home', 'abbreviation': None, 'type': 'home', 'summary': '0-0'}
 {'name': 'Road', 'abbreviation': None, 'type': 'road', 'summary': '0-1'}
 {'name': 'vs. Conf.', 'abbreviation': None, 'type': 'vsconf', 'summary': '0-0'}]",300303145,2009,4,1,
302450194,s:20~l:23~e:302450194~c:302450194,2010-09-02T23:30Z,0,True,False,False,False,True,False,2010-09-02T23:30Z,BTN,[],,,national,BTN,1,STD,3861,Ohio Stadium,Columbus,OH,USA,False,0.0,0:00,4,3,STATUS_FINAL,post,True,Final,Final,Final,4,194,s:20~l:23~t:194,Ohio State,Buckeyes,OSU,Ohio State Buckeyes,Ohio State,ba0c2f,a8adb4,True,3861,https://a.espncdn.com/i/teamlogos/ncaa/500/194.png,5,45,True,2,"[{'value': 21.0, 'displayValue': '21', 'period': 1}
 {'value': 14.0, 'displayValue': '14', 'period': 2}
 {'value': 7.0, 'displayValue': '7', 'period': 3}
 {'value': 3.0, 'displayValue': '3', 'period': 4}]","[{'name': 'overall', 'abbreviation': 'Game', 'type': 'total', 'summary': '1-0'}
 {'name': 'Home', 'abbreviation': None, 'type': 'home', 'summary': '1-0'}
 {'name': 'Road', 'abbreviation': None, 'type': 'road', 'summary': '0-0'}
 {'name': 'vs. Conf.', 'abbreviation': None, 'type': 'vsconf', 'summary': '0-0'}]",276,s:20~l:23~t:276,Marshall,Thundering Herd,MRSH,Marshall Thundering Herd,Marshall,00b140,000000,True,3775,https://a.espncdn.com/i/teamlogos/ncaa/500/276.png,12,7,False,99,"[{'value': 7.0, 'displayValue': '7', 'period': 1}
 {'value': 0.0, 'displayValue': '0', 'period': 2}
 {'value': 0.0, 'displayValue': '0', 'period': 3}
 {'value': 0.0, 'displayValue': '0', 'period': 4}]","[{'name': 'overall', 'abbreviation': 'Game', 'type': 'total', 'summary': '0-1'}
 {'name': 'Home', 'abbreviation': None, 'type': 'home', 'summary': '0-0'}
 {'name': 'Road', 'abbreviation': None, 'type': 'road', 'summary': '0-1'}
 {'name': 'vs. Conf.', 'abbreviation': None, 'type': 'vsconf', 'summary': '0-0'}]",302450194,2010,2,1,
302452390,s:20~l:23~e:302452390~c:302452390,2010-09-02T23:30Z,0,True,False,False,False,True,False,2010-09-02T23:30Z,,[],,,home,ESPN3,1,STD,3948,Hard Rock Stadium,Miami Gardens,FL,USA,False,0.0,0:00,4,3,STATUS_FINAL,post,True,Final,Final,Final,4,2390,s:20~l:23~t:2390,Miami,Hurricanes,MIAMI,Miami Hurricanes,Miami,f47423,035131,True,3948,https://a.espncdn.com/i/teamlogos/ncaa/500/2390.png,1,45,True,13,"[{'value': 14.0, 'displayValue': '14', 'period': 1}
 {'value': 21.0, 'displayValue': '21', 'period': 2}
 {'value': 7.0, 'displayValue': '7', 'period': 3}
 {'value': 3.0, 'displayValue': '3', 'period': 4}]","[{'name': 'overall', 'abbreviation': 'Game', 'type': 'total', 'summary': '1-0'}
 {'name': 'Home', 'abbreviation': None, 'type': 'home', 'summary': '1-0'}
 {'name': 'Road', 'abbreviation': None, 'type': 'road', 'summary': '0-0'}
 {'name': 'vs. Conf.', 'abbreviation': None, 'type': 'vsconf', 'summary': '0-0'}]",50,s:20~l:23~t:50,Florida A&M,Rattlers,FAMU,Florida A&M Rattlers,Florida A&M,F89728,00843d,True,3650,https://a.espncdn.com/i/teamlogos/ncaa/500/50.png,24,0,False,99,"[{'value': 0.0, 'displayValue': '0', 'period': 1}
 {'value': 0.0, 'displayValue': '0', 'period': 2}
 {'value': 0.0, 'displayValue': '0', 'period': 3}
 {'value': 0.0, 'displayValue': '0', 'period': 4}]","[{'name': 'overall', 'abbreviation': 'Game', 'type': 'total', 'summary': '0-1'}
 {'name': 'Home', 'abbreviation': None, 'type': 'home', 'summary': '0-0'}
 {'name': 'Road', 'abbreviation': None, 'type': 'road', 'summary': '0-1'}
 {'name': 'vs. Conf.', 'abbreviation': None, 'type': 'vsconf', 'summary': '0-0'}]",302452390,2010,2,1,
302450062,s:20~l:23~e:302450062~c:302450062,2010-09-03T03:00Z,0,True,False,False,False,True,False,2010-09-03T03:00Z,ESPN3/ESPN,[],,,national,ESPN3,1,STD,3610,Aloha Stadium,Honolulu,HI,USA,False,0.0,0:00,4,3,STATUS_FINAL,post,True,Final,Final,Final,4,62,s:20~l:23~t:62,Hawai'i,Rainbow Warriors,HAW,Hawai'i Rainbow Warriors,Hawaii,005737,000000,True,3610,https://a.espncdn.com/i/teamlogos/ncaa/500/62.png,16,36,False,99,"[{'value': 3.0, 'displayValue': '3', 'period': 1}
 {'value': 13.0, 'displayValue': '13', 'period': 2}
 {'value': 7.0, 'displayValue': '7', 'period': 3}
 {'value': 13.0, 'displayValue': '13', 'period': 4}]","[{'name': 'overall', 'abbreviation': 'Game', 'type': 'total', 'summary': '0-1'}
 {'name': 'Home', 'abbreviation': None, 'type': 'home', 'summary': '0-1'}
 {'name': 'Road', 'abbreviation': None, 'type': 'road', 'summary': '0-0'}
 {'name': 'vs. Conf.', 'abbreviation': None, 'type': 'vsconf', 'summary': '0-0'}]",30,s:20~l:23~t:30,USC,Trojans,USC,USC Trojans,USC,9d2235,ffc72c,True,477,https://a.espncdn.com/i/teamlogos/ncaa/500/30.png,5,49,True,14,"[{'value': 14.0, 'displayValue': '14', 'period': 1}
 {'value': 13.0, 'displayValue': '13', 'period': 2}
 {'value': 15.0, 'displayValue': '15', 'period': 3}
 {'value': 7.0, 'displayValue': '7', 'period': 4}]","[{'name': 'overall', 'abbreviation': 'Game', 'type': 'total', 'summary': '1-0'}
 {'name': 'Home', 'abbreviation': None, 'type': 'home', 'summary': '0-0'}
 {'name': 'Road', 'abbreviation': None, 'type': 'road', 'summary': '1-0'}
 {'name': 'vs. Conf.', 'abbreviation': None, 'type': 'vsconf', 'summary': '0-0'}]",302450062,2010,2,1,
302450254,s:20~l:23~e:302450254~c:302450254,2010-09-03T00:30Z,0,True,False,False,False,True,False,2010-09-03T00:30Z,NBCSN,[],,,national,NBCSN,1,STD,587,Rice-Eccles Stadium,Salt Lake City,UT,USA,False,0.0,0:00,5,3,STATUS_FINAL,post,True,Final,Final/OT,Final/OT,4,254,s:20~l:23~t:254,Utah,Utes,UTAH,Utah Utes,Utah,be0000,ffffff,True,587,https://a.espncdn.com/i/teamlogos/ncaa/500/254.png,4,27,True,99,"[{'value': 0.0, 'displayValue': '0', 'period': 1}
 {'value': 14.0, 'displayValue': '14', 'period': 2}
 {'value': 3.0, 'displayValue': '3', 'period': 3}
 {'value': 7.0, 'displayValue': '7', 'period': 4}
 {'value': 3.0, 'displayValue': '3', 'period': 5}]","[{'name': 'overall', 'abbreviation': 'Game', 'type': 'total', 'summary': '1-0'}
 {'name': 'Home', 'abbreviation': None, 'type': 'home', 'summary': '1-0'}
 {'name': 'Road', 'abbreviation': None, 'type': 'road', 'summary': '0-0'}
 {'name': 'vs. Conf.', 'abbreviation': None, 'type': 'vsconf', 'summary': '0-0'}]",221,s:20~l:23~t:221,Pittsburgh,Panthers,PITT,Pittsburgh Panthers,Pitt,003594,ffb81c,True,3752,https://a.espncdn.com/i/teamlogos/ncaa/500/221.png,10,24,False,15,"[{'value': 0.0, 'displayValue': '0', 'period': 1}
 {'value': 7.0, 'displayValue': '7', 'period': 2}
 {'value': 3.0, 'displayValue': '3', 'period': 3}
 {'value': 14.0, 'displayValue': '14', 'period': 4}
 {'value': 0.0, 'displayValue': '0', 'period': 5}]","[{'name': 'overall', 'abbreviation': 'Game', 'type': 'total', 'summary': '0-1'}
 {'name': 'Home', 'abbreviation': None, 'type': 'home', 'summary': '0-0'}
 {'name': 'Road', 'abbreviation': None, 'type': 'road', 'summary': '0-1'}
 {'name': 'vs. Conf.', 'abbreviation': None, 'type': 'vsconf', 'summary': '0-0'}]",302450254,2010,2,1,OT
302450154,s:20~l:23~e:302450154~c:302450154,2010-09-02T22:30Z,0,True,False,False,False,True,False,2010-09-02T22:30Z,,[],,,home,ESPN3,1,STD,3630,Allegacy Federal Credit Union Stadium,Winston-Salem,NC,USA,False,0.0,0:00,4,3,STATUS_FINAL,post,True,Final,Final,Final,4,154,s:20~l:23~t:154,Wake Forest,Demon Deacons,WAKE,Wake Forest Demon Deacons,Wake Forest,ceb888,2c2a29,True,3630,https://a.espncdn.com/i/teamlogos/ncaa/500/154.png,1,53,True,99,"[{'value': 21.0, 'displayValue': '21', 'period': 1}
 {'value': 14.0, 'displayValue': '14', 'period': 2}
 {'value': 2.0, 'displayValue': '2', 'period': 3}
 {'value': 16.0, 'displayValue': '16', 'period': 4}]","[{'name': 'overall', 'abbreviation': 'Game', 'type': 'total', 'summary': '1-0'}
 {'name': 'Home', 'abbreviation': None, 'type': 'home', 'summary': '1-0'}
 {'name': 'Road', 'abbreviation': None, 'type': 'road', 'summary': '0-0'}
 {'name': 'vs. Conf.', 'abbreviation': None, 'type': 'vsconf', 'summary': '0-0'}]",2506,s:20~l:23~t:2506,Presbyterian College,Blue Hose,PRE,Presbyterian College Blue Hose,Presbyterian,194896,990134,False,3627,https://a.espncdn.com/i/teamlogos/ncaa/500/2506.png,40,13,False,99,"[{'value': 0.0, 'displayValue': '0', 'period': 1}
 {'value': 7.0, 'displayValue': '7', 'period': 2}
 {'value': 6.0, 'displayValue': '6', 'period': 3}
 {'value': 0.0, 'displayValue': '0', 'period': 4}]","[{'name': 'overall', 'abbreviation': 'Game', 'type': 'total', 'summary': '0-1'}
 {'name': 'Home', 'abbreviation': None, 'type': 'home', 'summary': '0-0'}
 {'name': 'Road', 'abbreviation': None, 'type': 'road', 'summary': '0-1'}
 {'name': 'vs. Conf.', 'abbreviation': None, 'type': 'vsconf', 'summary': '0-0'}]",302450154,2010,2,1,
302450048,s:20~l:23~e:302450048~c:302450048,2010-09-02T23:00Z,0,True,False,False,False,True,False,2010-09-02T23:00Z,,[],,,,,1,STD,3695,Delaware Stadium,Newark,DE,USA,False,0.0,0:00,4,3,STATUS_FINAL,post,True,Final,Final,Final,4,48,s:20~l:23~t:48,Delaware,Blue Hens,DEL,Delaware Blue Hens,Delaware,00539f,ffd200,True,3695,https://a.espncdn.com/i/teamlogos/ncaa/500/48.png,48,31,True,99,"[{'value': 7.0, 'displayValue': '7', 'period': 1}
 {'value': 14.0, 'displayValue': '14', 'period': 2}
 {'value': 10.0, 'displayValue': '10', 'period': 3}
 {'value': 0.0, 'displayValue': '0', 'period': 4}]","[{'name': 'overall', 'abbreviation': 'Game', 'type': 'total', 'summary': '1-0'}
 {'name': 'Home', 'abbreviation': None, 'type': 'home', 'summary': '1-0'}
 {'name': 'Road', 'abbreviation': None, 'type': 'road', 'summary': '0-0'}
 {'name': 'vs. Conf.', 'abbreviation': None, 'type': 'vsconf', 'summary': '0-0'}]",223,s:20~l:23~t:223,West Chester,Golden Rams,WES,West Chester Golden Rams,West Chester,000000,,True,4427,https://a.espncdn.com/i/teamlogos/ncaa/500/223.png,,0,False,99,"[{'value': 0.0, 'displayValue': '0', 'period': 1}
 {'value': 0.0, 'displayValue': '0', 'period': 2}
 {'value': 0.0, 'displayValue': '0', 'period': 3}
 {'value': 0.0, 'displayValue': '0', 'period': 4}]","[{'name': 'overall', 'abbreviation': 'Game', 'type': 'total', 'summary': '0-0'}
 {'name': 'Home', 'abbreviation': 'null', 'type': 'home', 'summary': '0-0'}
 {'name': 'Road', 'abbreviation': 'null', 'type': 'road', 'summary': '0-0'}
 {'name': 'vs. Conf.', 'abbreviation': 'null', 'type': 'vsconf', 'summary': '0-0'}]",302450048,2010,2,1,
302452050,s:20~l:23~e:302452050~c:302452050,2010-09-02T23:00Z,0,True,False,False,False,True,False,2010-09-02T23:00Z,,[],,,,,1,STD,3919,Scheumann Stadium,Muncie,IN,USA,False,0.0,0:00,4,3,STATUS_FINAL,post,True,Final,Final,Final,4,2050,s:20~l:23~t:2050,Ball State,Cardinals,BALL,Ball State Cardinals,Ball State,ba0c2f,ffffff,True,3919,https://a.espncdn.com/i/teamlogos/ncaa/500/2050.png,15,27,True,99,"[{'value': 7.0, 'displayValue': '7', 'period': 1}
 {'value': 0.0, 'displayValue': '0', 'period': 2}
 {'value': 17.0, 'displayValue': '17', 'period': 3}
 {'value': 3.0, 'displayValue': '3', 'period': 4}]","[{'name': 'overall', 'abbreviation': 'Game', 'type': 'total', 'summary': '1-0'}
 {'name': 'Home', 'abbreviation': None, 'type': 'home', 'summary': '1-0'}
 {'name': 'Road', 'abbreviation': None, 'type': 'road', 'summary': '0-0'}
 {'name': 'vs. Conf.', 'abbreviation': None, 'type': 'vsconf', 'summary': '0-0'}]",2546,s:20~l:23~t:2546,Southeast Missouri State,Redhawks,SEMO,Southeast Missouri State Redhawks,SE Missouri St,c8102e,000000,True,3758,https://a.espncdn.com/i/teamlogos/ncaa/500/2546.png,26,10,False,99,"[{'value': 7.0, 'displayValue': '7', 'period': 1}
 {'value': 0.0, 'displayValue': '0', 'period': 2}
 {'value': 0.0, 'displayValue': '0', 'period': 3}
 {'value': 3.0, 'displayValue': '3', 'period': 4}]","[{'name': 'overall', 'abbreviation': 'Game', 'type': 'total', 'summary': '0-1'}
 {'name': 'Home', 'abbreviation': None, 'type': 'home', 'summary': '0-0'}
 {'name': 'Road', 'abbreviation': None, 'type': 'road', 'summary': '0-1'}
 {'name': 'vs. Conf.', 'abbreviation': None, 'type': 'vsconf', 'summary': '0-0'}]",302452050,2010,2,1,
302452084,s:20~l:23~e:302452084~c:302452084,2010-09-02T23:00Z,0,True,False,False,False,True,False,2010-09-02T23:00Z,,[],,,,,1,STD,3965,Broadview Stadium,Buffalo,NY,USA,False,0.0,0:00,4,3,STATUS_FINAL,post,True,Final,Final,Final,4,2084,s:20~l:23~t:2084,Buffalo,Bulls,BUFF,Buffalo Bulls,Buffalo,005bbb,ffffff,True,3965,https://a.espncdn.com/i/teamlogos/ncaa/500/2084.png,15,31,True,99,"[{'value': 3.0, 'displayValue': '3', 'period': 1}
 {'value': 21.0, 'displayValue': '21', 'period': 2}
 {'value': 7.0, 'displayValue': '7', 'period': 3}
 {'value': 0.0, 'displayValue': '0', 'period': 4}]","[{'name': 'overall', 'abbreviation': 'Game', 'type': 'total', 'summary': '1-0'}
 {'name': 'Home', 'abbreviation': None, 'type': 'home', 'summary': '1-0'}
 {'name': 'Road', 'abbreviation': None, 'type': 'road', 'summary': '0-0'}
 {'name': 'vs. Conf.', 'abbreviation': None, 'type': 'vsconf', 'summary': '0-0'}]",227,s:20~l:23~t:227,Rhode Island,Rams,URI,Rhode Island Rams,URI,091f3f,5ab3e8,True,3824,https://a.espncdn.com/i/teamlogos/ncaa/500/227.png,48,0,False,99,"[{'value': 0.0, 'displayValue': '0', 'period': 1}
 {'value': 0.0, 'displayValue': '0', 'period': 2}
 {'value': 0.0, 'displayValue': '0', 'period': 3}
 {'value': 0.0, 'displayValue': '0', 'period': 4}]","[{'name': 'overall', 'abbreviation': 'Game', 'type': 'total', 'summary': '0-1'}
 {'name': 'Home', 'abbreviation': None, 'type': 'home', 'summary': '0-0'}
 {'name': 'Road', 'abbreviation': None, 'type': 'road', 'summary': '0-1'}
 {'name': 'vs. Conf.', 'abbreviation': None, 'type': 'vsconf', 'summary': '0-0'}]",302452084,2010,2,1,
302452117,s:20~l:23~e:302452117~c:302452117,2010-09-02T23:00Z,0,True,False,False,False,True,False,2010-09-02T23:00Z,,[],,,,,1,STD,3786,Kelly/Shorts Stadium,Mount Pleasant,MI,USA,False,0.0,0:00,4,3,STATUS_FINAL,post,True,Final,Final,Final,4,2117,s:20~l:23~t:2117,Central Michigan,Chippewas,CMU,Central Michigan Chippewas,Cent Michigan,4c0027,fbab18,True,3786,https://a.espncdn.com/i/teamlogos/ncaa/500/2117.png,15,33,True,99,"[{'value': 16.0, 'displayValue': '16', 'period': 1}
 {'value': 7.0, 'displayValue': '7', 'period': 2}
 {'value': 3.0, 'displayValue': '3', 'period': 3}
 {'value': 7.0, 'displayValue': '7', 'period': 4}]","[{'name': 'overall', 'abbreviation': 'Game', 'type': 'total', 'summary': '1-0'}
 {'name': 'Home', 'abbreviation': None, 'type': 'home', 'summary': '1-0'}
 {'name': 'Road', 'abbreviation': None, 'type': 'road', 'summary': '0-0'}
 {'name': 'vs. Conf.', 'abbreviation': None, 'type': 'vsconf', 'summary': '0-0'}]",2261,s:20~l:23~t:2261,Hampton,Pirates,HAMP,Hampton Pirates,Hampton,0067AC,,True,3620,https://a.espncdn.com/i/teamlogos/ncaa/500/2261.png,24,0,False,99,"[{'value': 0.0, 'displayValue': '0', 'period': 1}
 {'value': 0.0, 'displayValue': '0', 'period': 2}
 {'value': 0.0, 'displayValue': '0', 'period': 3}
 {'value': 0.0, 'displayValue': '0', 'period': 4}]","[{'name': 'overall', 'abbreviation': 'Game', 'type': 'total', 'summary': '0-1'}
 {'name': 'Home', 'abbreviation': None, 'type': 'home', 'summary': '0-0'}
 {'name': 'Road', 'abbreviation': None, 'type': 'road', 'summary': '0-1'}
 {'name': 'vs. Conf.', 'abbreviation': None, 'type': 'vsconf', 'summary': '0-0'}]",302452117,2010,2,1,
302452309,s:20~l:23~e:302452309~c:302452309,2010-09-02T23:00Z,0,True,False,False,False,False,False,2010-09-02T23:00Z,,[],,,,,1,STD,3696,Dix Stadium,Kent,OH,USA,False,0.0,0:00,4,3,STATUS_FINAL,post,True,Final,Final,Final,4,2309,s:20~l:23~t:2309,Kent State,Golden Flashes,KENT,Kent State Golden Flashes,Kent State,002664,eaab00,True,3696,https://a.espncdn.com/i/teamlogos/ncaa/500/2309.png,15,41,True,99,"[{'value': 17.0, 'displayValue': '17', 'period': 1}
 {'value': 7.0, 'displayValue': '7', 'period': 2}
 {'value': 10.0, 'displayValue': '10', 'period': 3}
 {'value': 7.0, 'displayValue': '7', 'period': 4}]","[{'name': 'overall', 'abbreviation': 'Game', 'type': 'total', 'summary': '1-0'}
 {'name': 'Home', 'abbreviation': None, 'type': 'home', 'summary': '1-0'}
 {'name': 'Road', 'abbreviation': None, 'type': 'road', 'summary': '0-0'}
 {'name': 'vs. Conf.', 'abbreviation': None, 'type': 'vsconf', 'summary': '0-0'}]",93,s:20~l:23~t:93,Murray State,Racers,MURR,Murray State Racers,Murray State,002148,000e00,True,3909,https://a.espncdn.com/i/teamlogos/ncaa/500/93.png,26,10,False,99,"[{'value': 7.0, 'displayValue': '7', 'period': 1}
 {'value': 3.0, 'displayValue': '3', 'period': 2}
 {'value': 0.0, 'displayValue': '0', 'period': 3}
 {'value': 0.0, 'displayValue': '0', 'period': 4}]","[{'name': 'overall', 'abbreviation': 'Game', 'type': 'total', 'summary': '0-1'}
 {'name': 'Home', 'abbreviation': None, 'type': 'home', 'summary': '0-0'}
 {'name': 'Road', 'abbreviation': None, 'type': 'road', 'summary': '0-1'}
 {'name': 'vs. Conf.', 'abbreviation': None, 'type': 'vsconf', 'summary': '0-0'}]",302452309,2010,2,1,
302450084,s:20~l:23~e:302450084~c:302450084,2010-09-02T23:30Z,0,True,False,False,False,True,False,2010-09-02T23:30Z,BTN,[],,,national,BTN,1,STD,3830,"Memorial Stadium (Bloomington, IN)",Bloomington,IN,USA,False,0.0,0:00,4,3,STATUS_FINAL,post,True,Final,Final,Final,4,84,s:20~l:23~t:84,Indiana,Hoosiers,IU,Indiana Hoosiers,Indiana,970310,ffffff,True,3830,https://a.espncdn.com/i/teamlogos/ncaa/500/84.png,5,51,True,99,"[{'value': 17.0, 'displayValue': '17', 'period': 1}
 {'value': 21.0, 'displayValue': '21', 'period': 2}
 {'value': 10.0, 'displayValue': '10', 'period': 3}
 {'value': 3.0, 'displayValue': '3', 'period': 4}]","[{'name': 'overall', 'abbreviation': 'Game', 'type': 'total', 'summary': '1-0'}
 {'name': 'Home', 'abbreviation': None, 'type': 'home', 'summary': '1-0'}
 {'name': 'Road', 'abbreviation': None, 'type': 'road', 'summary': '0-0'}
 {'name': 'vs. Conf.', 'abbreviation': None, 'type': 'vsconf', 'summary': '0-0'}]",119,s:20~l:23~t:119,Towson,Tigers,TOWS,Towson Tigers,Towson,FFC229,,True,3781,https://a.espncdn.com/i/teamlogos/ncaa/500/119.png,48,17,False,99,"[{'value': 0.0, 'displayValue': '0', 'period': 1}
 {'value': 14.0, 'displayValue': '14', 'period': 2}
 {'value': 0.0, 'displayValue': '0', 'period': 3}
 {'value': 3.0, 'displayValue': '3', 'period': 4}]","[{'name': 'overall', 'abbreviation': 'Game', 'type': 'total', 'summary': '0-1'}
 {'name': 'Home', 'abbreviation': None, 'type': 'home', 'summary': '0-0'}
 {'name': 'Road', 'abbreviation': None, 'type': 'road', 'summary': '0-1'}
 {'name': 'vs. Conf.', 'abbreviation': None, 'type': 'vsconf', 'summary': '0-0'}]",302450084,2010,2,1,
302450164,s:20~l:23~e:302450164~c:302450164,2010-09-02T23:30Z,0,True,False,False,False,True,False,2010-09-02T23:30Z,,[],,,home,ESPN3,1,STD,3754,HighPoint.com Stadium,Piscataway,NJ,USA,False,0.0,0:00,4,3,STATUS_FINAL,post,True,Final,Final,Final,4,164,s:20~l:23~t:164,Rutgers,Scarlet Knights,RUTG,Rutgers Scarlet Knights,Rutgers,ce0e2d,ffffff,True,3754,https://a.espncdn.com/i/teamlogos/ncaa/500/164.png,10,31,True,99,"[{'value': 3.0, 'displayValue': '3', 'period': 1}
 {'value': 3.0, 'displayValue': '3', 'period': 2}
 {'value': 15.0, 'displayValue': '15', 'period': 3}
 {'value': 10.0, 'displayValue': '10', 'period': 4}]","[{'name': 'overall', 'abbreviation': 'Game', 'type': 'total', 'summary': '1-0'}
 {'name': 'Home', 'abbreviation': None, 'type': 'home', 'summary': '1-0'}
 {'name': 'Road', 'abbreviation': None, 'type': 'road', 'summary': '0-0'}
 {'name': 'vs. Conf.', 'abbreviation': None, 'type': 'vsconf', 'summary': '0-0'}]",2450,s:20~l:23~t:2450,Norfolk State,Spartans,NORF,Norfolk State Spartans,Norfolk State,0c8968,fdb813,True,3991,https://a.espncdn.com/i/teamlogos/ncaa/500/2450.png,24,0,False,99,"[{'value': 0.0, 'displayValue': '0', 'period': 1}
 {'value': 0.0, 'displayValue': '0', 'period': 2}
 {'value': 0.0, 'displayValue': '0', 'period': 3}
 {'value': 0.0, 'displayValue': '0', 'period': 4}]","[{'name': 'overall', 'abbreviation': 'Game', 'type': 'total', 'summary': '0-1'}
 {'name': 'Home', 'abbreviation': None, 'type': 'home', 'summary': '0-0'}
 {'name': 'Road', 'abbreviation': None, 'type': 'road', 'summary': '0-1'}
 {'name': 'vs. Conf.', 'abbreviation': None, 'type': 'vsconf', 'summary': '0-0'}]",302450164,2010,2,1,
302452247,s:20~l:23~e:302452247~c:302452247,2010-09-02T23:30Z,0,True,False,False,False,True,False,2010-09-02T23:30Z,,[],,,,,1,STD,3495,Georgia Dome,Atlanta,GA,USA,True,8.0,0:08,4,3,STATUS_FINAL,post,True,Final,Final,Final,4,2247,s:20~l:23~t:2247,Georgia State,Panthers,GAST,Georgia State Panthers,Georgia State,0039a6,ffffff,True,4246,https://a.espncdn.com/i/teamlogos/ncaa/500/2247.png,32,41,True,99,"[{'value': 7.0, 'displayValue': '7', 'period': 1}
 {'value': 13.0, 'displayValue': '13', 'period': 2}
 {'value': 7.0, 'displayValue': '7', 'period': 3}
 {'value': 14.0, 'displayValue': '14', 'period': 4}]","[{'name': 'overall', 'abbreviation': 'Game', 'type': 'total', 'summary': '1-0'}
 {'name': 'Home', 'abbreviation': None, 'type': 'home', 'summary': '1-0'}
 {'name': 'Road', 'abbreviation': None, 'type': 'road', 'summary': '0-0'}
 {'name': 'vs. Conf.', 'abbreviation': None, 'type': 'vsconf', 'summary': '0-0'}]",2560,s:20~l:23~t:2560,Shorter,Hawks,SHO,Shorter Hawks,Shorter,000000,,True,4015,https://a.espncdn.com/i/teamlogos/ncaa/500/2560.png,,7,False,99,"[{'value': 0.0, 'displayValue': '0', 'period': 1}
 {'value': 0.0, 'displayValue': '0', 'period': 2}
 {'value': 0.0, 'displayValue': '0', 'period': 3}
 {'value': 7.0, 'displayValue': '7', 'period': 4}]","[{'name': 'overall', 'abbreviation': 'Game', 'type': 'total', 'summary': '0-0'}
 {'name': 'Home', 'abbreviation': 'null', 'type': 'home', 'summary': '0-0'}
 {'name': 'Road', 'abbreviation': 'null', 'type': 'road', 'summary': '0-0'}
 {'name': 'vs. Conf.', 'abbreviation': 'null', 'type': 'vsconf', 'summary': '0-0'}]",302452247,2010,2,1,
302452393,s:20~l:23~e:302452393~c:302452393,2010-09-02T23:30Z,0,True,False,False,False,True,False,2010-09-02T23:30Z,ESPNU,[],,,national,ESPNU,1,STD,3725,"Johnny ""Red"" Floyd Stadium",Murfreesboro,TN,USA,False,0.0,0:00,4,3,STATUS_FINAL,post,True,Final,Final,Final,4,2393,s:20~l:23~t:2393,Middle Tennessee,Blue Raiders,MTSU,Middle Tennessee Blue Raiders,Mid Tennessee,036eb7,ffffff,True,3725,https://a.espncdn.com/i/teamlogos/ncaa/500/2393.png,37,17,False,99,"[{'value': 0.0, 'displayValue': '0', 'period': 1}
 {'value': 14.0, 'displayValue': '14', 'period': 2}
 {'value': 3.0, 'displayValue': '3', 'period': 3}
 {'value': 0.0, 'displayValue': '0', 'period': 4}]","[{'name': 'overall', 'abbreviation': 'Game', 'type': 'total', 'summary': '0-1'}
 {'name': 'Home', 'abbreviation': None, 'type': 'home', 'summary': '0-1'}
 {'name': 'Road', 'abbreviation': None, 'type': 'road', 'summary': '0-0'}
 {'name': 'vs. Conf.', 'abbreviation': None, 'type': 'vsconf', 'summary': '0-0'}]",135,s:20~l:23~t:135,Minnesota,Golden Gophers,MINN,Minnesota Golden Gophers,Minnesota,5e0a2f,fab41c,True,3953,https://a.espncdn.com/i/teamlogos/ncaa/500/135.png,5,24,True,99,"[{'value': 7.0, 'displayValue': '7', 'period': 1}
 {'value': 7.0, 'displayValue': '7', 'period': 2}
 {'value': 0.0, 'displayValue': '0', 'period': 3}
 {'value': 10.0, 'displayValue': '10', 'period': 4}]","[{'name': 'overall', 'abbreviation': 'Game', 'type': 'total', 'summary': '1-0'}
 {'name': 'Home', 'abbreviation': None, 'type': 'home', 'summary': '0-0'}
 {'name': 'Road', 'abbreviation': None, 'type': 'road', 'summary': '1-0'}
 {'name': 'vs. Conf.', 'abbreviation': None, 'type': 'vsconf', 'summary': '0-0'}]",302452393,2010,2,1,
302452579,s:20~l:23~e:302452579~c:302452579,2010-09-02T23:30Z,0,True,False,False,False,True,False,2010-09-02T23:30Z,ESPN3/ESPN,[],,,national,ESPN3,1,STD,3994,Williams-Brice Stadium,Columbia,SC,USA,False,0.0,0:00,4,3,STATUS_FINAL,post,True,Final,Final,Final,4,2579,s:20~l:23~t:2579,South Carolina,Gamecocks,SC,South Carolina Gamecocks,South Carolina,73000a,000000,True,3994,https://a.espncdn.com/i/teamlogos/ncaa/500/2579.png,8,41,True,99,"[{'value': 7.0, 'displayValue': '7', 'period': 1}
 {'value': 17.0, 'displayValue': '17', 'period': 2}
 {'value': 10.0, 'displayValue': '10', 'period': 3}
 {'value': 7.0, 'displayValue': '7', 'period': 4}]","[{'name': 'overall', 'abbreviation': 'Game', 'type': 'total', 'summary': '1-0'}
 {'name': 'Home', 'abbreviation': None, 'type': 'home', 'summary': '1-0'}
 {'name': 'Road', 'abbreviation': None, 'type': 'road', 'summary': '0-0'}
 {'name': 'vs. Conf.', 'abbreviation': None, 'type': 'vsconf', 'summary': '0-0'}]",2572,s:20~l:23~t:2572,Southern Mississippi,Golden Eagles,USM,Southern Mississippi Golden Eagles,Southern Miss,ffc72c,231f20,False,3815,https://a.espncdn.com/i/teamlogos/ncaa/500/2572.png,12,13,False,99,"[{'value': 3.0, 'displayValue': '3', 'period': 1}
 {'value': 3.0, 'displayValue': '3', 'period': 2}
 {'value': 0.0, 'displayValue': '0', 'period': 3}
 {'value': 7.0, 'displayValue': '7', 'period': 4}]","[{'name': 'overall', 'abbreviation': 'Game', 'type': 'total', 'summary': '0-1'}
 {'name': 'Home', 'abbreviation': None, 'type': 'home', 'summary': '0-0'}
 {'name': 'Road', 'abbreviation': None, 'type': 'road', 'summary': '0-1'}
 {'name': 'vs. Conf.', 'abbreviation': None, 'type': 'vsconf', 'summary': '0-0'}]",302452579,2010,2,1,
302450005,s:20~l:23~e:302450005~c:302450005,2010-09-03T00:00Z,0,True,False,False,False,True,False,2010-09-03T00:00Z,,[],,,,,1,STD,3803,Legion Field (AL),Birmingham,AL,USA,False,0.0,0:00,4,3,STATUS_FINAL,post,True,Final,Final,Final,4,5,s:20~l:23~t:5,UAB,Blazers,UAB,UAB Blazers,UAB,1a5632,fdb913,True,3803,https://a.espncdn.com/i/teamlogos/ncaa/500/5.png,12,31,False,99,"[{'value': 14.0, 'displayValue': '14', 'period': 1}
 {'value': 7.0, 'displayValue': '7', 'period': 2}
 {'value': 7.0, 'displayValue': '7', 'period': 3}
 {'value': 3.0, 'displayValue': '3', 'period': 4}]","[{'name': 'overall', 'abbreviation': 'Game', 'type': 'total', 'summary': '0-1'}
 {'name': 'Home', 'abbreviation': None, 'type': 'home', 'summary': '0-1'}
 {'name': 'Road', 'abbreviation': None, 'type': 'road', 'summary': '0-0'}
 {'name': 'vs. Conf.', 'abbreviation': None, 'type': 'vsconf', 'summary': '0-0'}]",2226,s:20~l:23~t:2226,Florida Atlantic,Owls,FAU,Florida Atlantic Owls,FAU,003366,cc0000,True,3715,https://a.espncdn.com/i/teamlogos/ncaa/500/2226.png,37,32,True,99,"[{'value': 0.0, 'displayValue': '0', 'period': 1}
 {'value': 12.0, 'displayValue': '12', 'period': 2}
 {'value': 14.0, 'displayValue': '14', 'period': 3}
 {'value': 6.0, 'displayValue': '6', 'period': 4}]","[{'name': 'overall', 'abbreviation': 'Game', 'type': 'total', 'summary': '1-0'}
 {'name': 'Home', 'abbreviation': None, 'type': 'home', 'summary': '0-0'}
 {'name': 'Road', 'abbreviation': None, 'type': 'road', 'summary': '1-0'}
 {'name': 'vs. Conf.', 'abbreviation': None, 'type': 'vsconf', 'summary': '0-0'}]",302450005,2010,2,1,
302450066,s:20~l:23~e:302450066~c:302450066,2010-09-03T00:00Z,0,True,False,False,False,True,False,2010-09-03T00:00Z,,[],,,,,1,STD,3772,Jack Trice Stadium,Ames,IA,USA,False,0.0,0:00,4,3,STATUS_FINAL,post,True,Final,Final,Final,4,66,s:20~l:23~t:66,Iowa State,Cyclones,ISU,Iowa State Cyclones,Iowa State,ae192d,ffc72a,True,3772,https://a.espncdn.com/i/teamlogos/ncaa/500/66.png,4,27,True,99,"[{'value': 7.0, 'displayValue': '7', 'period': 1}
 {'value': 10.0, 'displayValue': '10', 'period': 2}
 {'value': 0.0, 'displayValue': '0', 'period': 3}
 {'value': 10.0, 'displayValue': '10', 'period': 4}]","[{'name': 'overall', 'abbreviation': 'Game', 'type': 'total', 'summary': '1-0'}
 {'name': 'Home', 'abbreviation': None, 'type': 'home', 'summary': '1-0'}
 {'name': 'Road', 'abbreviation': None, 'type': 'road', 'summary': '0-0'}
 {'name': 'vs. Conf.', 'abbreviation': None, 'type': 'vsconf', 'summary': '0-0'}]",2459,s:20~l:23~t:2459,Northern Illinois,Huskies,NIU,Northern Illinois Huskies,N Illinois,c8102e,000000,True,3764,https://a.espncdn.com/i/teamlogos/ncaa/500/2459.png,15,10,False,99,"[{'value': 0.0, 'displayValue': '0', 'period': 1}
 {'value': 0.0, 'displayValue': '0', 'period': 2}
 {'value': 3.0, 'displayValue': '3', 'period': 3}
 {'value': 7.0, 'displayValue': '7', 'period': 4}]","[{'name': 'overall', 'abbreviation': 'Game', 'type': 'total', 'summary': '0-1'}
 {'name': 'Home', 'abbreviation': None, 'type': 'home', 'summary': '0-0'}
 {'name': 'Road', 'abbreviation': None, 'type': 'road', 'summary': '0-1'}
 {'name': 'vs. Conf.', 'abbreviation': None, 'type': 'vsconf', 'summary': '0-0'}]",302450066,2010,2,1,
302452655,s:20~l:23~e:302452655~c:302452655,2010-09-03T00:00Z,0,True,False,False,False,True,False,2010-09-03T00:00Z,,[],,,,,1,STD,3493,Caesars Superdome,New Orleans,LA,USA,True,0.0,0:00,4,3,STATUS_FINAL,post,True,Final,Final,Final,4,2655,s:20~l:23~t:2655,Tulane,Green Wave,TULN,Tulane Green Wave,Tulane,006747,418fde,True,3493,https://a.espncdn.com/i/teamlogos/ncaa/500/2655.png,12,27,True,99,"[{'value': 7.0, 'displayValue': '7', 'period': 1}
 {'value': 10.0, 'displayValue': '10', 'period': 2}
 {'value': 0.0, 'displayValue': '0', 'period': 3}
 {'value': 10.0, 'displayValue': '10', 'period': 4}]","[{'name': 'overall', 'abbreviation': 'Game', 'type': 'total', 'summary': '1-0'}
 {'name': 'Home', 'abbreviation': None, 'type': 'home', 'summary': '1-0'}
 {'name': 'Road', 'abbreviation': None, 'type': 'road', 'summary': '0-0'}
 {'name': 'vs. Conf.', 'abbreviation': None, 'type': 'vsconf', 'summary': '0-0'}]",2545,s:20~l:23~t:2545,Southeastern Louisiana,Lions,SELA,Southeastern Louisiana Lions,SE Louisiana,215732,ffc72c,False,3944,https://a.espncdn.com/i/teamlogos/ncaa/500/2545.png,30,21,False,99,"[{'value': 7.0, 'displayValue': '7', 'period': 1}
 {'value': 0.0, 'displayValue': '0', 'period': 2}
 {'value': 7.0, 'displayValue': '7', 'period': 3}
 {'value': 7.0, 'displayValue': '7', 'period': 4}]","[{'name': 'overall', 'abbreviation': 'Game', 'type': 'total', 'summary': '0-1'}
 {'name': 'Home', 'abbreviation': None, 'type': 'home', 'summary': '0-0'}
 {'name': 'Road', 'abbreviation': None, 'type': 'road', 'summary': '0-1'}
 {'name': 'vs. Conf.', 'abbreviation': None, 'type': 'vsconf', 'summary': '0-0'}]",302452655,2010,2,1,
302452440,s:20~l:23~e:302452440~c:302452440,2010-09-03T01:05Z,0,True,False,False,False,True,False,2010-09-03T01:05Z,,[],,,,,1,STD,3816,Mackay Stadium,Reno,NV,USA,False,0.0,0:00,4,3,STATUS_FINAL,post,True,Final,Final,Final,4,2440,s:20~l:23~t:2440,Nevada,Wolf Pack,NEV,Nevada Wolf Pack,Nevada,041e42,8a8d8f,True,3816,https://a.espncdn.com/i/teamlogos/ncaa/500/2440.png,16,49,True,99,"[{'value': 21.0, 'displayValue': '21', 'period': 1}
 {'value': 7.0, 'displayValue': '7', 'period': 2}
 {'value': 7.0, 'displayValue': '7', 'period': 3}
 {'value': 14.0, 'displayValue': '14', 'period': 4}]","[{'name': 'overall', 'abbreviation': 'Game', 'type': 'total', 'summary': '1-0'}
 {'name': 'Home', 'abbreviation': None, 'type': 'home', 'summary': '1-0'}
 {'name': 'Road', 'abbreviation': None, 'type': 'road', 'summary': '0-0'}
 {'name': 'vs. Conf.', 'abbreviation': None, 'type': 'vsconf', 'summary': '0-0'}]",331,s:20~l:23~t:331,Eastern Washington,Eagles,EWU,Eastern Washington Eagles,E Washington,a10022,abb4bc,True,3906,https://a.espncdn.com/i/teamlogos/ncaa/500/331.png,20,24,False,99,"[{'value': 7.0, 'displayValue': '7', 'period': 1}
 {'value': 3.0, 'displayValue': '3', 'period': 2}
 {'value': 14.0, 'displayValue': '14', 'period': 3}
 {'value': 0.0, 'displayValue': '0', 'period': 4}]","[{'name': 'overall', 'abbreviation': 'Game', 'type': 'total', 'summary': '0-1'}
 {'name': 'Home', 'abbreviation': None, 'type': 'home', 'summary': '0-0'}
 {'name': 'Road', 'abbreviation': None, 'type': 'road', 'summary': '0-1'}
 {'name': 'vs. Conf.', 'abbreviation': None, 'type': 'vsconf', 'summary': '0-0'}]",302452440,2010,2,1,
302462623,s:20~l:23~e:302462623~c:302462623,2010-09-03T18:00Z,0,True,False,False,False,True,False,2010-09-03T18:00Z,,[],,,,,1,STD,3878,Robert W. Plaster Stadium,Springfield,MO,USA,False,0.0,0:00,4,3,STATUS_FINAL,post,True,Final,Final,Final,4,2623,s:20~l:23~t:2623,Missouri State,Bears,MOST,Missouri State Bears,Missouri State,5e0009,ffffff,True,3878,https://a.espncdn.com/i/teamlogos/ncaa/500/2623.png,21,31,True,99,"[{'value': 0.0, 'displayValue': '0', 'period': 1}
 {'value': 17.0, 'displayValue': '17', 'period': 2}
 {'value': 14.0, 'displayValue': '14', 'period': 3}
 {'value': 0.0, 'displayValue': '0', 'period': 4}]","[{'name': 'overall', 'abbreviation': 'Game', 'type': 'total', 'summary': '1-0'}
 {'name': 'Home', 'abbreviation': None, 'type': 'home', 'summary': '1-0'}
 {'name': 'Road', 'abbreviation': None, 'type': 'road', 'summary': '0-0'}
 {'name': 'vs. Conf.', 'abbreviation': None, 'type': 'vsconf', 'summary': '0-0'}]",2198,s:20~l:23~t:2198,Eastern Kentucky,Colonels,EKY,Eastern Kentucky Colonels,E Kentucky,660819,f0f0f0,True,3908,https://a.espncdn.com/i/teamlogos/ncaa/500/2198.png,26,9,False,99,"[{'value': 3.0, 'displayValue': '3', 'period': 1}
 {'value': 6.0, 'displayValue': '6', 'period': 2}
 {'value': 0.0, 'displayValue': '0', 'period': 3}
 {'value': 0.0, 'displayValue': '0', 'period': 4}]","[{'name': 'overall', 'abbreviation': 'Game', 'type': 'total', 'summary': '0-1'}
 {'name': 'Home', 'abbreviation': None, 'type': 'home', 'summary': '0-0'}
 {'name': 'Road', 'abbreviation': None, 'type': 'road', 'summary': '0-1'}
 {'name': 'vs. Conf.', 'abbreviation': None, 'type': 'vsconf', 'summary': '0-0'}]",302462623,2010,2,1,
302460218,s:20~l:23~e:302460218~c:302460218,2010-09-03T21:00Z,0,True,False,False,False,True,False,2010-09-03T21:00Z,,[],,,home,ESPN3,1,STD,3806,Lincoln Financial Field,Philadelphia,PA,USA,False,0.0,0:00,4,3,STATUS_FINAL,post,True,Final,Final,Final,4,218,s:20~l:23~t:218,Temple,Owls,TEM,Temple Owls,Temple,a41e35,ffffff,True,3806,https://a.espncdn.com/i/teamlogos/ncaa/500/218.png,15,31,True,99,"[{'value': 7.0, 'displayValue': '7', 'period': 1}
 {'value': 3.0, 'displayValue': '3', 'period': 2}
 {'value': 3.0, 'displayValue': '3', 'period': 3}
 {'value': 18.0, 'displayValue': '18', 'period': 4}]","[{'name': 'overall', 'abbreviation': 'Game', 'type': 'total', 'summary': '1-0'}
 {'name': 'Home', 'abbreviation': None, 'type': 'home', 'summary': '1-0'}
 {'name': 'Road', 'abbreviation': None, 'type': 'road', 'summary': '0-0'}
 {'name': 'vs. Conf.', 'abbreviation': None, 'type': 'vsconf', 'summary': '0-0'}]",222,s:20~l:23~t:222,Villanova,Wildcats,NOVA,Villanova Wildcats,Villanova,00205b,13b5ea,True,717,https://a.espncdn.com/i/teamlogos/ncaa/500/222.png,48,24,False,99,"[{'value': 0.0, 'displayValue': '0', 'period': 1}
 {'value': 14.0, 'displayValue': '14', 'period': 2}
 {'value': 0.0, 'displayValue': '0', 'period': 3}
 {'value': 10.0, 'displayValue': '10', 'period': 4}]","[{'name': 'overall', 'abbreviation': 'Game', 'type': 'total', 'summary': '0-1'}
 {'name': 'Home', 'abbreviation': None, 'type': 'home', 'summary': '0-0'}
 {'name': 'Road', 'abbreviation': None, 'type': 'road', 'summary': '0-1'}
 {'name': 'vs. Conf.', 'abbreviation': None, 'type': 'vsconf', 'summary': '0-0'}]",302460218,2010,2,1,
302462649,s:20~l:23~e:302462649~c:302462649,2010-09-04T00:00Z,0,True,False,False,False,True,False,2010-09-04T00:00Z,ESPN3/ESPN,[],,,national,ESPN3,1,STD,3739,Glass Bowl,Toledo,OH,USA,False,0.0,0:00,4,3,STATUS_FINAL,post,True,Final,Final,Final,4,2649,s:20~l:23~t:2649,Toledo,Rockets,TOL,Toledo Rockets,Toledo,0b2240,ffcd00,True,3739,https://a.espncdn.com/i/teamlogos/ncaa/500/2649.png,15,2,False,99,"[{'value': 0.0, 'displayValue': '0', 'period': 1}
 {'value': 2.0, 'displayValue': '2', 'period': 2}
 {'value': 0.0, 'displayValue': '0', 'period': 3}
 {'value': 0.0, 'displayValue': '0', 'period': 4}]","[{'name': 'overall', 'abbreviation': 'Game', 'type': 'total', 'summary': '0-1'}
 {'name': 'Home', 'abbreviation': None, 'type': 'home', 'summary': '0-1'}
 {'name': 'Road', 'abbreviation': None, 'type': 'road', 'summary': '0-0'}
 {'name': 'vs. Conf.', 'abbreviation': None, 'type': 'vsconf', 'summary': '0-0'}]",12,s:20~l:23~t:12,Arizona,Wildcats,ARIZ,Arizona Wildcats,Arizona,cc0033,003366,True,3619,https://a.espncdn.com/i/teamlogos/ncaa/500/12.png,4,41,True,99,"[{'value': 7.0, 'displayValue': '7', 'period': 1}
 {'value': 14.0, 'displayValue': '14', 'period': 2}
 {'value': 7.0, 'displayValue': '7', 'period': 3}
 {'value': 13.0, 'displayValue': '13', 'period': 4}]","[{'name': 'overall', 'abbreviation': 'Game', 'type': 'total', 'summary': '1-0'}
 {'name': 'Home', 'abbreviation': None, 'type': 'home', 'summary': '0-0'}
 {'name': 'Road', 'abbreviation': None, 'type': 'road', 'summary': '1-0'}
 {'name': 'vs. Conf.', 'abbreviation': None, 'type': 'vsconf', 'summary': '0-0'}]",302462649,2010,2,1,
302470333,s:20~l:23~e:302470333~c:302470333,2010-09-04T23:00Z,0,True,False,False,False,True,False,2010-09-04T23:00Z,,[],,,home,ESPN3,1,STD,3657,Bryant-Denny Stadium,Tuscaloosa,AL,USA,False,0.0,0:00,4,3,STATUS_FINAL,post,True,Final,Final,Final,4,333,s:20~l:23~t:333,Alabama,Crimson Tide,ALA,Alabama Crimson Tide,Alabama,9e1b32,ffffff,True,3657,https://a.espncdn.com/i/teamlogos/ncaa/500/333.png,8,48,True,1,"[{'value': 14.0, 'displayValue': '14', 'period': 1}
 {'value': 17.0, 'displayValue': '17', 'period': 2}
 {'value': 10.0, 'displayValue': '10', 'period': 3}
 {'value': 7.0, 'displayValue': '7', 'period': 4}]","[{'name': 'overall', 'abbreviation': 'Game', 'type': 'total', 'summary': '1-0'}
 {'name': 'Home', 'abbreviation': None, 'type': 'home', 'summary': '1-0'}
 {'name': 'Road', 'abbreviation': None, 'type': 'road', 'summary': '0-0'}
 {'name': 'vs. Conf.', 'abbreviation': None, 'type': 'vsconf', 'summary': '0-0'}]",23,s:20~l:23~t:23,San Jose State,Spartans,SJSU,San Jose State Spartans,San Jose State,0038a8,ffb81a,False,3935,https://a.espncdn.com/i/teamlogos/ncaa/500/23.png,16,3,False,99,"[{'value': 3.0, 'displayValue': '3', 'period': 1}
 {'value': 0.0, 'displayValue': '0', 'period': 2}
 {'value': 0.0, 'displayValue': '0', 'period': 3}
 {'value': 0.0, 'displayValue': '0', 'period': 4}]","[{'name': 'overall', 'abbreviation': 'Game', 'type': 'total', 'summary': '0-1'}
 {'name': 'Home', 'abbreviation': None, 'type': 'home', 'summary': '0-0'}
 {'name': 'Road', 'abbreviation': None, 'type': 'road', 'summary': '0-1'}
 {'name': 'vs. Conf.', 'abbreviation': None, 'type': 'vsconf', 'summary': '0-0'}]",302470333,2010,2,1,
302470057,s:20~l:23~e:302470057~c:302470057,2010-09-04T16:00Z,0,True,False,False,False,True,False,2010-09-04T16:00Z,ESPN3/ESPN,[],,,national,ESPN3,1,STD,3634,Ben Hill Griffin Stadium,Gainesville,FL,USA,False,0.0,0:00,4,3,STATUS_FINAL,post,True,Final,Final,Final,4,57,s:20~l:23~t:57,Florida,Gators,FLA,Florida Gators,Florida,0021a5,fa4616,True,3634,https://a.espncdn.com/i/teamlogos/ncaa/500/57.png,8,34,True,4,"[{'value': 0.0, 'displayValue': '0', 'period': 1}
 {'value': 21.0, 'displayValue': '21', 'period': 2}
 {'value': 0.0, 'displayValue': '0', 'period': 3}
 {'value': 13.0, 'displayValue': '13', 'period': 4}]","[{'name': 'overall', 'abbreviation': 'Game', 'type': 'total', 'summary': '1-0'}
 {'name': 'Home', 'abbreviation': None, 'type': 'home', 'summary': '1-0'}
 {'name': 'Road', 'abbreviation': None, 'type': 'road', 'summary': '0-0'}
 {'name': 'vs. Conf.', 'abbreviation': None, 'type': 'vsconf', 'summary': '0-0'}]",193,s:20~l:23~t:193,Miami (OH),RedHawks,M-OH,Miami (OH) RedHawks,Miami (OH),c41230,ffffff,True,3996,https://a.espncdn.com/i/teamlogos/ncaa/500/193.png,15,12,False,99,"[{'value': 3.0, 'displayValue': '3', 'period': 1}
 {'value': 3.0, 'displayValue': '3', 'period': 2}
 {'value': 3.0, 'displayValue': '3', 'period': 3}
 {'value': 3.0, 'displayValue': '3', 'period': 4}]","[{'name': 'overall', 'abbreviation': 'Game', 'type': 'total', 'summary': '0-1'}
 {'name': 'Home', 'abbreviation': None, 'type': 'home', 'summary': '0-0'}
 {'name': 'Road', 'abbreviation': None, 'type': 'road', 'summary': '0-1'}
 {'name': 'vs. Conf.', 'abbreviation': None, 'type': 'vsconf', 'summary': '0-0'}]",302470057,2010,2,1,
302470242,s:20~l:23~e:302470242~c:302470242,2010-09-04T19:30Z,0,True,False,True,False,True,False,2010-09-04T19:30Z,ESPN3/ESPN,[],,,national,ESPN3,1,STD,,,,,,,0.0,0:00,4,3,STATUS_FINAL,post,True,Final,Final,Final,4,242,s:20~l:23~t:242,Rice,Owls,RICE,Rice Owls,Rice,00205b,c1c6c8,True,3895,https://a.espncdn.com/i/teamlogos/ncaa/500/242.png,12,17,False,99,"[{'value': 3.0, 'displayValue': '3', 'period': 1}
 {'value': 7.0, 'displayValue': '7', 'period': 2}
 {'value': 0.0, 'displayValue': '0', 'period': 3}
 {'value': 7.0, 'displayValue': '7', 'period': 4}]","[{'name': 'overall', 'abbreviation': 'Game', 'type': 'total', 'summary': '0-1'}
 {'name': 'Home', 'abbreviation': None, 'type': 'home', 'summary': '0-1'}
 {'name': 'Road', 'abbreviation': None, 'type': 'road', 'summary': '0-0'}
 {'name': 'vs. Conf.', 'abbreviation': None, 'type': 'vsconf', 'summary': '0-0'}]",251,s:20~l:23~t:251,Texas,Longhorns,TEX,Texas Longhorns,Texas,af5c37,ffffff,True,3910,https://a.espncdn.com/i/teamlogos/ncaa/500/251.png,4,34,True,5,"[{'value': 0.0, 'displayValue': '0', 'period': 1}
 {'value': 24.0, 'displayValue': '24', 'period': 2}
 {'value': 7.0, 'displayValue': '7', 'period': 3}
 {'value': 3.0, 'displayValue': '3', 'period': 4}]","[{'name': 'overall', 'abbreviation': 'Game', 'type': 'total', 'summary': '1-0'}
 {'name': 'Home', 'abbreviation': None, 'type': 'home', 'summary': '0-0'}
 {'name': 'Road', 'abbreviation': None, 'type': 'road', 'summary': '1-0'}
 {'name': 'vs. Conf.', 'abbreviation': None, 'type': 'vsconf', 'summary': '0-0'}]",302470242,2010,2,1,
302472628,s:20~l:23~e:302472628~c:302472628,2010-09-04T23:45Z,0,True,False,True,False,True,False,2010-09-04T23:45Z,ESPN3/ESPN,[],event,AT ARLINGTON TX,national,ESPN3,1,STD,,,,,,,0.0,0:00,4,3,STATUS_FINAL,post,True,Final,Final,Final,4,2628,s:20~l:23~t:2628,TCU,Horned Frogs,TCU,TCU Horned Frogs,TCU,4d1979,ffffff,True,3616,https://a.espncdn.com/i/teamlogos/ncaa/500/2628.png,4,30,True,6,"[{'value': 7.0, 'displayValue': '7', 'period': 1}
 {'value': 14.0, 'displayValue': '14', 'period': 2}
 {'value': 7.0, 'displayValue': '7', 'period': 3}
 {'value': 2.0, 'displayValue': '2', 'period': 4}]","[{'name': 'overall', 'abbreviation': 'Game', 'type': 'total', 'summary': '1-0'}
 {'name': 'Home', 'abbreviation': None, 'type': 'home', 'summary': '1-0'}
 {'name': 'Road', 'abbreviation': None, 'type': 'road', 'summary': '0-0'}
 {'name': 'vs. Conf.', 'abbreviation': None, 'type': 'vsconf', 'summary': '0-0'}]",204,s:20~l:23~t:204,Oregon State,Beavers,ORST,Oregon State Beavers,Oregon St,dc4405,000000,True,3893,https://a.espncdn.com/i/teamlogos/ncaa/500/204.png,9,21,False,24,"[{'value': 7.0, 'displayValue': '7', 'period': 1}
 {'value': 7.0, 'displayValue': '7', 'period': 2}
 {'value': 7.0, 'displayValue': '7', 'period': 3}
 {'value': 0.0, 'displayValue': '0', 'period': 4}]","[{'name': 'overall', 'abbreviation': 'Game', 'type': 'total', 'summary': '0-1'}
 {'name': 'Home', 'abbreviation': None, 'type': 'home', 'summary': '0-0'}
 {'name': 'Road', 'abbreviation': None, 'type': 'road', 'summary': '0-1'}
 {'name': 'vs. Conf.', 'abbreviation': None, 'type': 'vsconf', 'summary': '0-0'}]",302472628,2010,2,1,
302470201,s:20~l:23~e:302470201~c:302470201,2010-09-04T23:00Z,0,True,False,False,False,True,False,2010-09-04T23:00Z,,[],,,,,1,STD,3835,"Memorial Stadium (Norman, OK)",Norman,OK,USA,False,0.0,0:00,4,3,STATUS_FINAL,post,True,Final,Final,Final,4,201,s:20~l:23~t:201,Oklahoma,Sooners,OKLA,Oklahoma Sooners,Oklahoma,990000,ffffff,True,3835,https://a.espncdn.com/i/teamlogos/ncaa/500/201.png,4,31,True,7,"[{'value': 14.0, 'displayValue': '14', 'period': 1}
 {'value': 7.0, 'displayValue': '7', 'period': 2}
 {'value': 10.0, 'displayValue': '10', 'period': 3}
 {'value': 0.0, 'displayValue': '0', 'period': 4}]","[{'name': 'overall', 'abbreviation': 'Game', 'type': 'total', 'summary': '1-0'}
 {'name': 'Home', 'abbreviation': None, 'type': 'home', 'summary': '1-0'}
 {'name': 'Road', 'abbreviation': None, 'type': 'road', 'summary': '0-0'}
 {'name': 'vs. Conf.', 'abbreviation': None, 'type': 'vsconf', 'summary': '0-0'}]",328,s:20~l:23~t:328,Utah State,Aggies,USU,Utah State Aggies,Utah State,0f2439,ffffff,True,3905,https://a.espncdn.com/i/teamlogos/ncaa/500/328.png,16,24,False,99,"[{'value': 0.0, 'displayValue': '0', 'period': 1}
 {'value': 10.0, 'displayValue': '10', 'period': 2}
 {'value': 14.0, 'displayValue': '14', 'period': 3}
 {'value': 0.0, 'displayValue': '0', 'period': 4}]","[{'name': 'overall', 'abbreviation': 'Game', 'type': 'total', 'summary': '0-1'}
 {'name': 'Home', 'abbreviation': None, 'type': 'home', 'summary': '0-0'}
 {'name': 'Road', 'abbreviation': None, 'type': 'road', 'summary': '0-1'}
 {'name': 'vs. Conf.', 'abbreviation': None, 'type': 'vsconf', 'summary': '0-0'}]",302470201,2010,2,1,
302470158,s:20~l:23~e:302470158~c:302470158,2010-09-04T23:00Z,0,True,False,False,False,True,False,2010-09-04T23:00Z,,[],,,,,1,STD,3834,"Memorial Stadium (Lincoln, NE)",Lincoln,NE,USA,False,0.0,0:00,4,3,STATUS_FINAL,post,True,Final,Final,Final,4,158,s:20~l:23~t:158,Nebraska,Cornhuskers,NEB,Nebraska Cornhuskers,Nebraska,e31937,ffffff,True,3834,https://a.espncdn.com/i/teamlogos/ncaa/500/158.png,4,49,True,8,"[{'value': 14.0, 'displayValue': '14', 'period': 1}
 {'value': 7.0, 'displayValue': '7', 'period': 2}
 {'value': 14.0, 'displayValue': '14', 'period': 3}
 {'value': 14.0, 'displayValue': '14', 'period': 4}]","[{'name': 'overall', 'abbreviation': 'Game', 'type': 'total', 'summary': '1-0'}
 {'name': 'Home', 'abbreviation': None, 'type': 'home', 'summary': '1-0'}
 {'name': 'Road', 'abbreviation': None, 'type': 'road', 'summary': '0-0'}
 {'name': 'vs. Conf.', 'abbreviation': None, 'type': 'vsconf', 'summary': '0-0'}]",98,s:20~l:23~t:98,Western Kentucky,Hilltoppers,WKU,Western Kentucky Hilltoppers,W Kentucky,e13a3e,ffffff,True,3796,https://a.espncdn.com/i/teamlogos/ncaa/500/98.png,37,10,False,99,"[{'value': 0.0, 'displayValue': '0', 'period': 1}
 {'value': 0.0, 'displayValue': '0', 'period': 2}
 {'value': 3.0, 'displayValue': '3', 'period': 3}
 {'value': 7.0, 'displayValue': '7', 'period': 4}]","[{'name': 'overall', 'abbreviation': 'Game', 'type': 'total', 'summary': '0-1'}
 {'name': 'Home', 'abbreviation': None, 'type': 'home', 'summary': '0-0'}
 {'name': 'Road', 'abbreviation': None, 'type': 'road', 'summary': '0-1'}
 {'name': 'vs. Conf.', 'abbreviation': None, 'type': 'vsconf', 'summary': '0-0'}]",302470158,2010,2,1,
302472294,s:20~l:23~e:302472294~c:302472294,2010-09-04T16:05Z,0,True,False,False,False,True,False,2010-09-04T16:05Z,BTN,[],,,national,BTN,1,STD,3793,Kinnick Stadium,Iowa City,IA,USA,False,0.0,0:00,4,3,STATUS_FINAL,post,True,Final,Final,Final,4,2294,s:20~l:23~t:2294,Iowa,Hawkeyes,IOWA,Iowa Hawkeyes,Iowa,231f20,fcd116,True,3793,https://a.espncdn.com/i/teamlogos/ncaa/500/2294.png,5,37,True,9,"[{'value': 21.0, 'displayValue': '21', 'period': 1}
 {'value': 7.0, 'displayValue': '7', 'period': 2}
 {'value': 2.0, 'displayValue': '2', 'period': 3}
 {'value': 7.0, 'displayValue': '7', 'period': 4}]","[{'name': 'overall', 'abbreviation': 'Game', 'type': 'total', 'summary': '1-0'}
 {'name': 'Home', 'abbreviation': None, 'type': 'home', 'summary': '1-0'}
 {'name': 'Road', 'abbreviation': None, 'type': 'road', 'summary': '0-0'}
 {'name': 'vs. Conf.', 'abbreviation': None, 'type': 'vsconf', 'summary': '0-0'}]",2197,s:20~l:23~t:2197,Eastern Illinois,Panthers,EIU,Eastern Illinois Panthers,E Illinois,000000,bebab9,True,3858,https://a.espncdn.com/i/teamlogos/ncaa/500/2197.png,26,7,False,99,"[{'value': 0.0, 'displayValue': '0', 'period': 1}
 {'value': 7.0, 'displayValue': '7', 'period': 2}
 {'value': 0.0, 'displayValue': '0', 'period': 3}
 {'value': 0.0, 'displayValue': '0', 'period': 4}]","[{'name': 'overall', 'abbreviation': 'Game', 'type': 'total', 'summary': '0-1'}
 {'name': 'Home', 'abbreviation': None, 'type': 'home', 'summary': '0-0'}
 {'name': 'Road', 'abbreviation': None, 'type': 'road', 'summary': '0-1'}
 {'name': 'vs. Conf.', 'abbreviation': None, 'type': 'vsconf', 'summary': '0-0'}]",302472294,2010,2,1,
302472483,s:20~l:23~e:302472483~c:302472483,2010-09-04T19:30Z,0,True,False,False,False,True,False,2010-09-04T19:30Z,,[],,,,,1,STD,3626,Autzen Stadium,Eugene,OR,USA,False,0.0,0:00,4,3,STATUS_FINAL,post,True,Final,Final,Final,4,2483,s:20~l:23~t:2483,Oregon,Ducks,ORE,Oregon Ducks,Oregon,00934b,fff41b,True,3626,https://a.espncdn.com/i/teamlogos/ncaa/500/2483.png,5,72,True,11,"[{'value': 28.0, 'displayValue': '28', 'period': 1}
 {'value': 31.0, 'displayValue': '31', 'period': 2}
 {'value': 6.0, 'displayValue': '6', 'period': 3}
 {'value': 7.0, 'displayValue': '7', 'period': 4}]","[{'name': 'overall', 'abbreviation': 'Game', 'type': 'total', 'summary': '1-0'}
 {'name': 'Home', 'abbreviation': None, 'type': 'home', 'summary': '1-0'}
 {'name': 'Road', 'abbreviation': None, 'type': 'road', 'summary': '0-0'}
 {'name': 'vs. Conf.', 'abbreviation': None, 'type': 'vsconf', 'summary': '0-0'}]",167,s:20~l:23~t:167,New Mexico,Lobos,UNM,New Mexico Lobos,New Mexico,ba0c2f,a7a8aa,True,3971,https://a.espncdn.com/i/teamlogos/ncaa/500/167.png,17,0,False,99,"[{'value': 0.0, 'displayValue': '0', 'period': 1}
 {'value': 0.0, 'displayValue': '0', 'period': 2}
 {'value': 0.0, 'displayValue': '0', 'period': 3}
 {'value': 0.0, 'displayValue': '0', 'period': 4}]","[{'name': 'overall', 'abbreviation': 'Game', 'type': 'total', 'summary': '0-1'}
 {'name': 'Home', 'abbreviation': None, 'type': 'home', 'summary': '0-0'}
 {'name': 'Road', 'abbreviation': None, 'type': 'road', 'summary': '0-1'}
 {'name': 'vs. Conf.', 'abbreviation': None, 'type': 'vsconf', 'summary': '0-0'}]",302472483,2010,2,1,
302472439,s:20~l:23~e:302472439~c:302472439,2010-09-05T03:00Z,0,True,False,False,False,True,False,2010-09-05T03:00Z,NBCSN,[],,,national,NBCSN,1,STD,3914,Sam Boyd Stadium,Las Vegas,NV,USA,False,0.0,0:00,4,3,STATUS_FINAL,post,True,Final,Final,Final,4,2439,s:20~l:23~t:2439,UNLV,Rebels,UNLV,UNLV Rebels,UNLV,cf0a2c,cac8c8,True,6501,https://a.espncdn.com/i/teamlogos/ncaa/500/2439.png,17,21,False,99,"[{'value': 7.0, 'displayValue': '7', 'period': 1}
 {'value': 7.0, 'displayValue': '7', 'period': 2}
 {'value': 0.0, 'displayValue': '0', 'period': 3}
 {'value': 7.0, 'displayValue': '7', 'period': 4}]","[{'name': 'overall', 'abbreviation': 'Game', 'type': 'total', 'summary': '0-1'}
 {'name': 'Home', 'abbreviation': None, 'type': 'home', 'summary': '0-1'}
 {'name': 'Road', 'abbreviation': None, 'type': 'road', 'summary': '0-0'}
 {'name': 'vs. Conf.', 'abbreviation': None, 'type': 'vsconf', 'summary': '0-0'}]",275,s:20~l:23~t:275,Wisconsin,Badgers,WIS,Wisconsin Badgers,Wisconsin,a00000,ffffff,True,347,https://a.espncdn.com/i/teamlogos/ncaa/500/275.png,5,41,True,12,"[{'value': 14.0, 'displayValue': '14', 'period': 1}
 {'value': 3.0, 'displayValue': '3', 'period': 2}
 {'value': 24.0, 'displayValue': '24', 'period': 3}
 {'value': 0.0, 'displayValue': '0', 'period': 4}]","[{'name': 'overall', 'abbreviation': 'Game', 'type': 'total', 'summary': '1-0'}
 {'name': 'Home', 'abbreviation': None, 'type': 'home', 'summary': '0-0'}
 {'name': 'Road', 'abbreviation': None, 'type': 'road', 'summary': '1-0'}
 {'name': 'vs. Conf.', 'abbreviation': None, 'type': 'vsconf', 'summary': '0-0'}]",302472439,2010,2,1,
302470059,s:20~l:23~e:302470059~c:302470059,2010-09-04T17:00Z,0,True,False,False,False,True,False,2010-09-04T17:00Z,,[],,,home,ESPN3,1,STD,721,Bobby Dodd Stadium,Atlanta,GA,USA,False,0.0,0:00,4,3,STATUS_FINAL,post,True,Final,Final,Final,4,59,s:20~l:23~t:59,Georgia Tech,Yellow Jackets,GT,Georgia Tech Yellow Jackets,Georgia Tech,b3a369,ffffff,True,721,https://a.espncdn.com/i/teamlogos/ncaa/500/59.png,1,41,True,16,"[{'value': 7.0, 'displayValue': '7', 'period': 1}
 {'value': 13.0, 'displayValue': '13', 'period': 2}
 {'value': 14.0, 'displayValue': '14', 'period': 3}
 {'value': 7.0, 'displayValue': '7', 'period': 4}]","[{'name': 'overall', 'abbreviation': 'Game', 'type': 'total', 'summary': '1-0'}
 {'name': 'Home', 'abbreviation': None, 'type': 'home', 'summary': '1-0'}
 {'name': 'Road', 'abbreviation': None, 'type': 'road', 'summary': '0-0'}
 {'name': 'vs. Conf.', 'abbreviation': None, 'type': 'vsconf', 'summary': '0-0'}]",2569,s:20~l:23~t:2569,South Carolina State,Bulldogs,SCST,South Carolina State Bulldogs,S Carolina St,7d1315,104897,True,3864,https://a.espncdn.com/i/teamlogos/ncaa/500/2569.png,24,10,False,99,"[{'value': 3.0, 'displayValue': '3', 'period': 1}
 {'value': 0.0, 'displayValue': '0', 'period': 2}
 {'value': 7.0, 'displayValue': '7', 'period': 3}
 {'value': 0.0, 'displayValue': '0', 'period': 4}]","[{'name': 'overall', 'abbreviation': 'Game', 'type': 'total', 'summary': '0-1'}
 {'name': 'Home', 'abbreviation': None, 'type': 'home', 'summary': '0-0'}
 {'name': 'Road', 'abbreviation': None, 'type': 'road', 'summary': '0-1'}
 {'name': 'vs. Conf.', 'abbreviation': None, 'type': 'vsconf', 'summary': '0-0'}]",302470059,2010,2,1,
302470008,s:20~l:23~e:302470008~c:302470008,2010-09-04T23:00Z,0,True,False,False,False,True,False,2010-09-04T23:00Z,,[],,,home,ESPN3,1,STD,3887,Donald W. Reynolds Razorback Stadium,Fayetteville,AR,USA,False,0.0,0:00,4,3,STATUS_FINAL,post,True,Final,Final,Final,4,8,s:20~l:23~t:8,Arkansas,Razorbacks,ARK,Arkansas Razorbacks,Arkansas,a32136,ffffff,True,3887,https://a.espncdn.com/i/teamlogos/ncaa/500/8.png,8,44,True,17,"[{'value': 0.0, 'displayValue': '0', 'period': 1}
 {'value': 23.0, 'displayValue': '23', 'period': 2}
 {'value': 21.0, 'displayValue': '21', 'period': 3}
 {'value': 0.0, 'displayValue': '0', 'period': 4}]","[{'name': 'overall', 'abbreviation': 'Game', 'type': 'total', 'summary': '1-0'}
 {'name': 'Home', 'abbreviation': None, 'type': 'home', 'summary': '1-0'}
 {'name': 'Road', 'abbreviation': None, 'type': 'road', 'summary': '0-0'}
 {'name': 'vs. Conf.', 'abbreviation': None, 'type': 'vsconf', 'summary': '0-0'}]",2635,s:20~l:23~t:2635,Tennessee Tech,Golden Eagles,TNTC,Tennessee Tech Golden Eagles,Tenn Tech,5A4099,ffde00,True,3962,https://a.espncdn.com/i/teamlogos/ncaa/500/2635.png,26,3,False,99,"[{'value': 3.0, 'displayValue': '3', 'period': 1}
 {'value': 0.0, 'displayValue': '0', 'period': 2}
 {'value': 0.0, 'displayValue': '0', 'period': 3}
 {'value': 0.0, 'displayValue': '0', 'period': 4}]","[{'name': 'overall', 'abbreviation': 'Game', 'type': 'total', 'summary': '0-1'}
 {'name': 'Home', 'abbreviation': None, 'type': 'home', 'summary': '0-0'}
 {'name': 'Road', 'abbreviation': None, 'type': 'road', 'summary': '0-1'}
 {'name': 'vs. Conf.', 'abbreviation': None, 'type': 'vsconf', 'summary': '0-0'}]",302470008,2010,2,1,
302470153,s:20~l:23~e:302470153~c:302470153,2010-09-05T00:00Z,0,True,False,True,False,True,False,2010-09-05T00:00Z,ABC/ESPN3,[],event,AT ATLANTA GA,national,ABC,1,STD,3495,Georgia Dome,Atlanta,GA,USA,True,0.0,0:00,4,3,STATUS_FINAL,post,True,Final,Final,Final,4,153,s:20~l:23~t:153,North Carolina,Tar Heels,UNC,North Carolina Tar Heels,UNC,7bafd4,13294b,True,3787,https://a.espncdn.com/i/teamlogos/ncaa/500/153.png,1,24,False,18,"[{'value': 0.0, 'displayValue': '0', 'period': 1}
 {'value': 10.0, 'displayValue': '10', 'period': 2}
 {'value': 0.0, 'displayValue': '0', 'period': 3}
 {'value': 14.0, 'displayValue': '14', 'period': 4}]","[{'name': 'overall', 'abbreviation': 'Game', 'type': 'total', 'summary': '0-1'}
 {'name': 'Home', 'abbreviation': None, 'type': 'home', 'summary': '0-1'}
 {'name': 'Road', 'abbreviation': None, 'type': 'road', 'summary': '0-0'}
 {'name': 'vs. Conf.', 'abbreviation': None, 'type': 'vsconf', 'summary': '0-0'}]",99,s:20~l:23~t:99,LSU,Tigers,LSU,LSU Tigers,LSU,461d76,fdd023,True,3958,https://a.espncdn.com/i/teamlogos/ncaa/500/99.png,8,30,True,21,"[{'value': 7.0, 'displayValue': '7', 'period': 1}
 {'value': 23.0, 'displayValue': '23', 'period': 2}
 {'value': 0.0, 'displayValue': '0', 'period': 3}
 {'value': 0.0, 'displayValue': '0', 'period': 4}]","[{'name': 'overall', 'abbreviation': 'Game', 'type': 'total', 'summary': '1-0'}
 {'name': 'Home', 'abbreviation': None, 'type': 'home', 'summary': '0-0'}
 {'name': 'Road', 'abbreviation': None, 'type': 'road', 'summary': '1-0'}
 {'name': 'vs. Conf.', 'abbreviation': None, 'type': 'vsconf', 'summary': '0-0'}]",302470153,2010,2,1,
302470213,s:20~l:23~e:302470213~c:302470213,2010-09-04T16:00Z,0,True,False,False,False,True,False,2010-09-04T16:00Z,BTN,[],,,national,BTN,1,STD,3632,Beaver Stadium,University Park,PA,USA,False,0.0,0:00,4,3,STATUS_FINAL,post,True,Final,Final,Final,4,213,s:20~l:23~t:213,Penn State,Nittany Lions,PSU,Penn State Nittany Lions,Penn State,061440,ffffff,True,3632,https://a.espncdn.com/i/teamlogos/ncaa/500/213.png,5,44,True,19,"[{'value': 3.0, 'displayValue': '3', 'period': 1}
 {'value': 13.0, 'displayValue': '13', 'period': 2}
 {'value': 14.0, 'displayValue': '14', 'period': 3}
 {'value': 14.0, 'displayValue': '14', 'period': 4}]","[{'name': 'overall', 'abbreviation': 'Game', 'type': 'total', 'summary': '1-0'}
 {'name': 'Home', 'abbreviation': None, 'type': 'home', 'summary': '1-0'}
 {'name': 'Road', 'abbreviation': None, 'type': 'road', 'summary': '0-0'}
 {'name': 'vs. Conf.', 'abbreviation': None, 'type': 'vsconf', 'summary': '0-0'}]",2754,s:20~l:23~t:2754,Youngstown State,Penguins,YSU,Youngstown State Penguins,Youngstown St,E51936,690717,True,844,https://a.espncdn.com/i/teamlogos/ncaa/500/2754.png,21,14,False,99,"[{'value': 7.0, 'displayValue': '7', 'period': 1}
 {'value': 0.0, 'displayValue': '0', 'period': 2}
 {'value': 0.0, 'displayValue': '0', 'period': 3}
 {'value': 7.0, 'displayValue': '7', 'period': 4}]","[{'name': 'overall', 'abbreviation': 'Game', 'type': 'total', 'summary': '0-1'}
 {'name': 'Home', 'abbreviation': None, 'type': 'home', 'summary': '0-0'}
 {'name': 'Road', 'abbreviation': None, 'type': 'road', 'summary': '0-1'}
 {'name': 'vs. Conf.', 'abbreviation': None, 'type': 'vsconf', 'summary': '0-0'}]",302470213,2010,2,1,
302470052,s:20~l:23~e:302470052~c:302470052,2010-09-04T16:00Z,0,True,False,False,False,True,False,2010-09-04T16:00Z,ESPNU,[],,,national,ESPNU,1,STD,3697,Doak Campbell Stadium,Tallahassee,FL,USA,False,0.0,0:00,4,3,STATUS_FINAL,post,True,Final,Final,Final,4,52,s:20~l:23~t:52,Florida State,Seminoles,FSU,Florida State Seminoles,FSU,782f40,ceb888,True,3697,https://a.espncdn.com/i/teamlogos/ncaa/500/52.png,1,59,True,20,"[{'value': 7.0, 'displayValue': '7', 'period': 1}
 {'value': 35.0, 'displayValue': '35', 'period': 2}
 {'value': 7.0, 'displayValue': '7', 'period': 3}
 {'value': 10.0, 'displayValue': '10', 'period': 4}]","[{'name': 'overall', 'abbreviation': 'Game', 'type': 'total', 'summary': '1-0'}
 {'name': 'Home', 'abbreviation': None, 'type': 'home', 'summary': '1-0'}
 {'name': 'Road', 'abbreviation': None, 'type': 'road', 'summary': '0-0'}
 {'name': 'vs. Conf.', 'abbreviation': None, 'type': 'vsconf', 'summary': '0-0'}]",2535,s:20~l:23~t:2535,Samford,Bulldogs,SAM,Samford Bulldogs,Samford,005485,bc0023,True,3925,https://a.espncdn.com/i/teamlogos/ncaa/500/2535.png,29,6,False,99,"[{'value': 0.0, 'displayValue': '0', 'period': 1}
 {'value': 3.0, 'displayValue': '3', 'period': 2}
 {'value': 3.0, 'displayValue': '3', 'period': 3}
 {'value': 0.0, 'displayValue': '0', 'period': 4}]","[{'name': 'overall', 'abbreviation': 'Game', 'type': 'total', 'summary': '0-1'}
 {'name': 'Home', 'abbreviation': None, 'type': 'home', 'summary': '0-0'}
 {'name': 'Road', 'abbreviation': None, 'type': 'road', 'summary': '0-1'}
 {'name': 'vs. Conf.', 'abbreviation': None, 'type': 'vsconf', 'summary': '0-0'}]",302470052,2010,2,1,
302470002,s:20~l:23~e:302470002~c:302470002,2010-09-04T23:00Z,0,True,False,False,False,True,False,2010-09-04T23:00Z,ESPN3,[],,,national,ESPN3,1,STD,3785,Jordan-Hare Stadium,Auburn,AL,USA,False,0.0,0:00,4,3,STATUS_FINAL,post,True,Final,Final,Final,4,2,s:20~l:23~t:2,Auburn,Tigers,AUB,Auburn Tigers,Auburn,002b5c,f26522,True,3785,https://a.espncdn.com/i/teamlogos/ncaa/500/2.png,8,52,True,22,"[{'value': 14.0, 'displayValue': '14', 'period': 1}
 {'value': 21.0, 'displayValue': '21', 'period': 2}
 {'value': 10.0, 'displayValue': '10', 'period': 3}
 {'value': 7.0, 'displayValue': '7', 'period': 4}]","[{'name': 'overall', 'abbreviation': 'Game', 'type': 'total', 'summary': '1-0'}
 {'name': 'Home', 'abbreviation': None, 'type': 'home', 'summary': '1-0'}
 {'name': 'Road', 'abbreviation': None, 'type': 'road', 'summary': '0-0'}
 {'name': 'vs. Conf.', 'abbreviation': None, 'type': 'vsconf', 'summary': '0-0'}]",2032,s:20~l:23~t:2032,Arkansas State,Red Wolves,ARST,Arkansas State Red Wolves,Arkansas State,cc092f,000000,True,3625,https://a.espncdn.com/i/teamlogos/ncaa/500/2032.png,37,26,False,99,"[{'value': 6.0, 'displayValue': '6', 'period': 1}
 {'value': 10.0, 'displayValue': '10', 'period': 2}
 {'value': 7.0, 'displayValue': '7', 'period': 3}
 {'value': 3.0, 'displayValue': '3', 'period': 4}]","[{'name': 'overall', 'abbreviation': 'Game', 'type': 'total', 'summary': '0-1'}
 {'name': 'Home', 'abbreviation': None, 'type': 'home', 'summary': '0-0'}
 {'name': 'Road', 'abbreviation': None, 'type': 'road', 'summary': '0-1'}
 {'name': 'vs. Conf.', 'abbreviation': None, 'type': 'vsconf', 'summary': '0-0'}]",302470002,2010,2,1,
302470061,s:20~l:23~e:302470061~c:302470061,2010-09-04T16:21Z,0,True,False,False,False,True,False,2010-09-04T16:21Z,,[],,,home,ESPN3,1,STD,3917,Sanford Stadium,Athens,GA,USA,False,0.0,0:00,4,3,STATUS_FINAL,post,True,Final,Final,Final,4,61,s:20~l:23~t:61,Georgia,Bulldogs,UGA,Georgia Bulldogs,Georgia,ba0c2f,2c2a29,True,3917,https://a.espncdn.com/i/teamlogos/ncaa/500/61.png,8,55,True,23,"[{'value': 7.0, 'displayValue': '7', 'period': 1}
 {'value': 24.0, 'displayValue': '24', 'period': 2}
 {'value': 17.0, 'displayValue': '17', 'period': 3}
 {'value': 7.0, 'displayValue': '7', 'period': 4}]","[{'name': 'overall', 'abbreviation': 'Game', 'type': 'total', 'summary': '1-0'}
 {'name': 'Home', 'abbreviation': None, 'type': 'home', 'summary': '1-0'}
 {'name': 'Road', 'abbreviation': None, 'type': 'road', 'summary': '0-0'}
 {'name': 'vs. Conf.', 'abbreviation': None, 'type': 'vsconf', 'summary': '0-0'}]",309,s:20~l:23~t:309,Louisiana,Ragin' Cajuns,ULL,Louisiana Ragin' Cajuns,Louisiana,ce181e,000000,True,3666,https://a.espncdn.com/i/teamlogos/ncaa/500/309.png,37,7,False,99,"[{'value': 0.0, 'displayValue': '0', 'period': 1}
 {'value': 7.0, 'displayValue': '7', 'period': 2}
 {'value': 0.0, 'displayValue': '0', 'period': 3}
 {'value': 0.0, 'displayValue': '0', 'period': 4}]","[{'name': 'overall', 'abbreviation': 'Game', 'type': 'total', 'summary': '0-1'}
 {'name': 'Home', 'abbreviation': None, 'type': 'home', 'summary': '0-0'}
 {'name': 'Road', 'abbreviation': None, 'type': 'road', 'summary': '0-1'}
 {'name': 'vs. Conf.', 'abbreviation': None, 'type': 'vsconf', 'summary': '0-0'}]",302470061,2010,2,1,
302470277,s:20~l:23~e:302470277~c:302470277,2010-09-04T19:30Z,0,True,False,False,False,True,False,2010-09-04T19:30Z,,[],,,home,ESPN3,1,STD,3842,Milan Puskar Stadium,Morgantown,WV,USA,False,0.0,0:00,4,3,STATUS_FINAL,post,True,Final,Final,Final,4,277,s:20~l:23~t:277,West Virginia,Mountaineers,WVU,West Virginia Mountaineers,West Virginia,eaaa00,002855,True,3842,https://a.espncdn.com/i/teamlogos/ncaa/500/277.png,10,31,True,25,"[{'value': 7.0, 'displayValue': '7', 'period': 1}
 {'value': 3.0, 'displayValue': '3', 'period': 2}
 {'value': 14.0, 'displayValue': '14', 'period': 3}
 {'value': 7.0, 'displayValue': '7', 'period': 4}]","[{'name': 'overall', 'abbreviation': 'Game', 'type': 'total', 'summary': '1-0'}
 {'name': 'Home', 'abbreviation': None, 'type': 'home', 'summary': '1-0'}
 {'name': 'Road', 'abbreviation': None, 'type': 'road', 'summary': '0-0'}
 {'name': 'vs. Conf.', 'abbreviation': None, 'type': 'vsconf', 'summary': '0-0'}]",324,s:20~l:23~t:324,Coastal Carolina,Chanticleers,CCAR,Coastal Carolina Chanticleers,Coast Carolina,006f71,a27752,True,3654,https://a.espncdn.com/i/teamlogos/ncaa/500/324.png,40,0,False,99,"[{'value': 0.0, 'displayValue': '0', 'period': 1}
 {'value': 0.0, 'displayValue': '0', 'period': 2}
 {'value': 0.0, 'displayValue': '0', 'period': 3}
 {'value': 0.0, 'displayValue': '0', 'period': 4}]","[{'name': 'overall', 'abbreviation': 'Game', 'type': 'total', 'summary': '0-1'}
 {'name': 'Home', 'abbreviation': None, 'type': 'home', 'summary': '0-0'}
 {'name': 'Road', 'abbreviation': None, 'type': 'road', 'summary': '0-1'}
 {'name': 'vs. Conf.', 'abbreviation': None, 'type': 'vsconf', 'summary': '0-0'}]",302470277,2010,2,1,
302470127,s:20~l:23~e:302470127~c:302470127,2010-09-04T16:00Z,0,True,False,False,False,True,False,2010-09-04T16:00Z,ESPN3/ESPN2,[],,,national,ESPN3,1,STD,3936,Spartan Stadium,East Lansing,MI,USA,False,0.0,0:00,4,3,STATUS_FINAL,post,True,Final,Final,Final,4,127,s:20~l:23~t:127,Michigan State,Spartans,MSU,Michigan State Spartans,Michigan St,173f35,ffffff,True,3936,https://a.espncdn.com/i/teamlogos/ncaa/500/127.png,5,38,True,99,"[{'value': 7.0, 'displayValue': '7', 'period': 1}
 {'value': 21.0, 'displayValue': '21', 'period': 2}
 {'value': 7.0, 'displayValue': '7', 'period': 3}
 {'value': 3.0, 'displayValue': '3', 'period': 4}]","[{'name': 'overall', 'abbreviation': 'Game', 'type': 'total', 'summary': '1-0'}
 {'name': 'Home', 'abbreviation': None, 'type': 'home', 'summary': '1-0'}
 {'name': 'Road', 'abbreviation': None, 'type': 'road', 'summary': '0-0'}
 {'name': 'vs. Conf.', 'abbreviation': None, 'type': 'vsconf', 'summary': '0-0'}]",2711,s:20~l:23~t:2711,Western Michigan,Broncos,WMU,Western Michigan Broncos,W Michigan,532e1f,f1c500,True,3980,https://a.espncdn.com/i/teamlogos/ncaa/500/2711.png,15,14,False,99,"[{'value': 7.0, 'displayValue': '7', 'period': 1}
 {'value': 0.0, 'displayValue': '0', 'period': 2}
 {'value': 7.0, 'displayValue': '7', 'period': 3}
 {'value': 0.0, 'displayValue': '0', 'period': 4}]","[{'name': 'overall', 'abbreviation': 'Game', 'type': 'total', 'summary': '0-1'}
 {'name': 'Home', 'abbreviation': None, 'type': 'home', 'summary': '0-0'}
 {'name': 'Road', 'abbreviation': None, 'type': 'road', 'summary': '0-1'}
 {'name': 'vs. Conf.', 'abbreviation': None, 'type': 'vsconf', 'summary': '0-0'}]",302470127,2010,2,1,
302472335,s:20~l:23~e:302472335~c:302472335,2010-09-04T16:00Z,0,True,False,False,False,True,False,2010-09-04T16:00Z,,[],,,,,1,STD,,,,,,,0.0,0:00,4,3,STATUS_FINAL,post,True,Final,Final,Final,4,2335,s:20~l:23~t:2335,Liberty,Flames,LIB,Liberty Flames,Liberty,0a254e,b72025,True,3992,https://a.espncdn.com/i/teamlogos/ncaa/500/2335.png,40,52,True,99,"[{'value': 0.0, 'displayValue': '0', 'period': 1}
 {'value': 24.0, 'displayValue': '24', 'period': 2}
 {'value': 14.0, 'displayValue': '14', 'period': 3}
 {'value': 14.0, 'displayValue': '14', 'period': 4}]","[{'name': 'overall', 'abbreviation': 'Game', 'type': 'total', 'summary': '1-0'}
 {'name': 'Home', 'abbreviation': None, 'type': 'home', 'summary': '1-0'}
 {'name': 'Road', 'abbreviation': None, 'type': 'road', 'summary': '0-0'}
 {'name': 'vs. Conf.', 'abbreviation': None, 'type': 'vsconf', 'summary': '0-0'}]",2598,s:20~l:23~t:2598,St Francis (PA),Red Flash,SFU,St Francis (PA) Red Flash,St Francis (PA),a20012,,False,3694,https://a.espncdn.com/i/teamlogos/ncaa/500/2598.png,25,7,False,99,"[{'value': 7.0, 'displayValue': '7', 'period': 1}
 {'value': 0.0, 'displayValue': '0', 'period': 2}
 {'value': 0.0, 'displayValue': '0', 'period': 3}
 {'value': 0.0, 'displayValue': '0', 'period': 4}]","[{'name': 'overall', 'abbreviation': 'Game', 'type': 'total', 'summary': '0-1'}
 {'name': 'Home', 'abbreviation': None, 'type': 'home', 'summary': '0-0'}
 {'name': 'Road', 'abbreviation': None, 'type': 'road', 'summary': '0-1'}
 {'name': 'vs. Conf.', 'abbreviation': None, 'type': 'vsconf', 'summary': '0-0'}]",302472335,2010,2,1,
302470142,s:20~l:23~e:302470142~c:302470142,2010-09-04T16:30Z,0,True,False,True,False,True,False,2010-09-04T16:30Z,,[],event,AT ST LOUIS MO,,,1,STD,,,,,,,0.0,0:00,4,3,STATUS_FINAL,post,True,Final,Final,Final,4,142,s:20~l:23~t:142,Missouri,Tigers,MIZ,Missouri Tigers,Missouri,f1b82d,000000,True,3838,https://a.espncdn.com/i/teamlogos/ncaa/500/142.png,4,23,True,99,"[{'value': 0.0, 'displayValue': '0', 'period': 1}
 {'value': 3.0, 'displayValue': '3', 'period': 2}
 {'value': 7.0, 'displayValue': '7', 'period': 3}
 {'value': 13.0, 'displayValue': '13', 'period': 4}]","[{'name': 'overall', 'abbreviation': 'Game', 'type': 'total', 'summary': '1-0'}
 {'name': 'Home', 'abbreviation': None, 'type': 'home', 'summary': '1-0'}
 {'name': 'Road', 'abbreviation': None, 'type': 'road', 'summary': '0-0'}
 {'name': 'vs. Conf.', 'abbreviation': None, 'type': 'vsconf', 'summary': '0-0'}]",356,s:20~l:23~t:356,Illinois,Fighting Illini,ILL,Illinois Fighting Illini,Illinois,ff5f05,13294b,True,3832,https://a.espncdn.com/i/teamlogos/ncaa/500/356.png,5,13,False,99,"[{'value': 3.0, 'displayValue': '3', 'period': 1}
 {'value': 10.0, 'displayValue': '10', 'period': 2}
 {'value': 0.0, 'displayValue': '0', 'period': 3}
 {'value': 0.0, 'displayValue': '0', 'period': 4}]","[{'name': 'overall', 'abbreviation': 'Game', 'type': 'total', 'summary': '0-1'}
 {'name': 'Home', 'abbreviation': None, 'type': 'home', 'summary': '0-0'}
 {'name': 'Road', 'abbreviation': None, 'type': 'road', 'summary': '0-1'}
 {'name': 'vs. Conf.', 'abbreviation': None, 'type': 'vsconf', 'summary': '0-0'}]",302470142,2010,2,1,
302470103,s:20~l:23~e:302470103~c:302470103,2010-09-04T17:00Z,0,True,False,False,False,False,False,2010-09-04T17:00Z,,[],,,home,ESPN3,1,STD,3615,"Alumni Stadium (Chestnut Hill, MA)",Chestnut Hill,MA,USA,False,0.0,0:00,4,3,STATUS_FINAL,post,True,Final,Final,Final,4,103,s:20~l:23~t:103,Boston College,Eagles,BC,Boston College Eagles,Boston College,8c2232,dbcca6,True,3615,https://a.espncdn.com/i/teamlogos/ncaa/500/103.png,1,38,True,99,"[{'value': 14.0, 'displayValue': '14', 'period': 1}
 {'value': 17.0, 'displayValue': '17', 'period': 2}
 {'value': 7.0, 'displayValue': '7', 'period': 3}
 {'value': 0.0, 'displayValue': '0', 'period': 4}]","[{'name': 'overall', 'abbreviation': 'Game', 'type': 'total', 'summary': '1-0'}
 {'name': 'Home', 'abbreviation': None, 'type': 'home', 'summary': '1-0'}
 {'name': 'Road', 'abbreviation': None, 'type': 'road', 'summary': '0-0'}
 {'name': 'vs. Conf.', 'abbreviation': None, 'type': 'vsconf', 'summary': '0-0'}]",2692,s:20~l:23~t:2692,Weber State,Wildcats,WEB,Weber State Wildcats,Weber State,18005a,ebebeb,True,3942,https://a.espncdn.com/i/teamlogos/ncaa/500/2692.png,20,20,False,99,"[{'value': 3.0, 'displayValue': '3', 'period': 1}
 {'value': 7.0, 'displayValue': '7', 'period': 2}
 {'value': 3.0, 'displayValue': '3', 'period': 3}
 {'value': 7.0, 'displayValue': '7', 'period': 4}]","[{'name': 'overall', 'abbreviation': 'Game', 'type': 'total', 'summary': '0-1'}
 {'name': 'Home', 'abbreviation': None, 'type': 'home', 'summary': '0-0'}
 {'name': 'Road', 'abbreviation': None, 'type': 'road', 'summary': '0-1'}
 {'name': 'vs. Conf.', 'abbreviation': None, 'type': 'vsconf', 'summary': '0-0'}]",302470103,2010,2,1,
302470036,s:20~l:23~e:302470036~c:302470036,2010-09-04T18:00Z,0,True,False,True,False,True,False,2010-09-04T18:00Z,,[],event,AT DENVER CO,,,1,STD,,,,,,,0.0,0:00,4,3,STATUS_FINAL,post,True,Final,Final,Final,4,36,s:20~l:23~t:36,Colorado State,Rams,CSU,Colorado State Rams,Colorado St,004c23,c8c372,True,5388,https://a.espncdn.com/i/teamlogos/ncaa/500/36.png,9,3,False,99,"[{'value': 0.0, 'displayValue': '0', 'period': 1}
 {'value': 0.0, 'displayValue': '0', 'period': 2}
 {'value': 0.0, 'displayValue': '0', 'period': 3}
 {'value': 3.0, 'displayValue': '3', 'period': 4}]","[{'name': 'overall', 'abbreviation': 'Game', 'type': 'total', 'summary': '0-1'}
 {'name': 'Home', 'abbreviation': None, 'type': 'home', 'summary': '0-1'}
 {'name': 'Road', 'abbreviation': None, 'type': 'road', 'summary': '0-0'}
 {'name': 'vs. Conf.', 'abbreviation': None, 'type': 'vsconf', 'summary': '0-0'}]",38,s:20~l:23~t:38,Colorado,Buffaloes,COLO,Colorado Buffaloes,Colorado,cfb87c,000000,True,3726,https://a.espncdn.com/i/teamlogos/ncaa/500/38.png,4,24,True,99,"[{'value': 7.0, 'displayValue': '7', 'period': 1}
 {'value': 10.0, 'displayValue': '10', 'period': 2}
 {'value': 7.0, 'displayValue': '7', 'period': 3}
 {'value': 0.0, 'displayValue': '0', 'period': 4}]","[{'name': 'overall', 'abbreviation': 'Game', 'type': 'total', 'summary': '1-0'}
 {'name': 'Home', 'abbreviation': None, 'type': 'home', 'summary': '0-0'}
 {'name': 'Road', 'abbreviation': None, 'type': 'road', 'summary': '1-0'}
 {'name': 'vs. Conf.', 'abbreviation': None, 'type': 'vsconf', 'summary': '0-0'}]",302470036,2010,2,1,
302472005,s:20~l:23~e:302472005~c:302472005,2010-09-04T18:00Z,0,True,False,False,False,True,False,2010-09-04T18:00Z,,[],,,,,1,STD,3713,Falcon Stadium,USAF Academy,CO,USA,False,151.0,2:31,4,3,STATUS_FINAL,post,True,Final,Final,Final,4,2005,s:20~l:23~t:2005,Air Force,Falcons,AF,Air Force Falcons,Air Force,003594,ffffff,True,3713,https://a.espncdn.com/i/teamlogos/ncaa/500/2005.png,17,65,True,99,"[{'value': 14.0, 'displayValue': '14', 'period': 1}
 {'value': 10.0, 'displayValue': '10', 'period': 2}
 {'value': 28.0, 'displayValue': '28', 'period': 3}
 {'value': 13.0, 'displayValue': '13', 'period': 4}]","[{'name': 'overall', 'abbreviation': 'Game', 'type': 'total', 'summary': '1-0'}
 {'name': 'Home', 'abbreviation': None, 'type': 'home', 'summary': '1-0'}
 {'name': 'Road', 'abbreviation': None, 'type': 'road', 'summary': '0-0'}
 {'name': 'vs. Conf.', 'abbreviation': None, 'type': 'vsconf', 'summary': '0-0'}]",2466,s:20~l:23~t:2466,Northwestern State,Demons,NWST,Northwestern State Demons,Northwestern St,492F91,ed6118,True,3963,https://a.espncdn.com/i/teamlogos/ncaa/500/2466.png,30,21,False,99,"[{'value': 7.0, 'displayValue': '7', 'period': 1}
 {'value': 14.0, 'displayValue': '14', 'period': 2}
 {'value': 0.0, 'displayValue': '0', 'period': 3}
 {'value': 0.0, 'displayValue': '0', 'period': 4}]","[{'name': 'overall', 'abbreviation': 'Game', 'type': 'total', 'summary': '0-1'}
 {'name': 'Home', 'abbreviation': None, 'type': 'home', 'summary': '0-0'}
 {'name': 'Road', 'abbreviation': None, 'type': 'road', 'summary': '0-1'}
 {'name': 'vs. Conf.', 'abbreviation': None, 'type': 'vsconf', 'summary': '0-0'}]",302472005,2010,2,1,
302470236,s:20~l:23~e:302470236~c:302470236,2010-09-04T19:00Z,0,True,False,False,False,True,False,2010-09-04T19:00Z,,[],,,,,1,STD,3720,Finley Stadium,Chattanooga,TN,USA,False,0.0,0:00,4,3,STATUS_FINAL,post,True,Final,Final,Final,4,236,s:20~l:23~t:236,Chattanooga,Mocs,CHAT,Chattanooga Mocs,Chattanooga,00386b,dca71d,True,3720,https://a.espncdn.com/i/teamlogos/ncaa/500/236.png,29,41,False,99,"[{'value': 16.0, 'displayValue': '16', 'period': 1}
 {'value': 12.0, 'displayValue': '12', 'period': 2}
 {'value': 0.0, 'displayValue': '0', 'period': 3}
 {'value': 13.0, 'displayValue': '13', 'period': 4}]","[{'name': 'overall', 'abbreviation': 'Game', 'type': 'total', 'summary': '0-1'}
 {'name': 'Home', 'abbreviation': None, 'type': 'home', 'summary': '0-1'}
 {'name': 'Road', 'abbreviation': None, 'type': 'road', 'summary': '0-0'}
 {'name': 'vs. Conf.', 'abbreviation': None, 'type': 'vsconf', 'summary': '0-1'}]",2026,s:20~l:23~t:2026,Appalachian State,Mountaineers,APP,Appalachian State Mountaineers,Appalachian St,000000,ffcd00,False,3792,https://a.espncdn.com/i/teamlogos/ncaa/500/2026.png,29,42,True,99,"[{'value': 7.0, 'displayValue': '7', 'period': 1}
 {'value': 0.0, 'displayValue': '0', 'period': 2}
 {'value': 7.0, 'displayValue': '7', 'period': 3}
 {'value': 28.0, 'displayValue': '28', 'period': 4}]","[{'name': 'overall', 'abbreviation': 'Game', 'type': 'total', 'summary': '1-0'}
 {'name': 'Home', 'abbreviation': None, 'type': 'home', 'summary': '0-0'}
 {'name': 'Road', 'abbreviation': None, 'type': 'road', 'summary': '1-0'}
 {'name': 'vs. Conf.', 'abbreviation': None, 'type': 'vsconf', 'summary': '1-0'}]",302470236,2010,2,1,
302470087,s:20~l:23~e:302470087~c:302470087,2010-09-04T19:30Z,0,True,False,False,False,True,False,2010-09-04T19:30Z,NBC,[],,,national,NBC,1,STD,3855,Notre Dame Stadium,Notre Dame,IN,USA,False,86.0,1:26,4,3,STATUS_FINAL,post,True,Final,Final,Final,4,87,s:20~l:23~t:87,Notre Dame,Fighting Irish,ND,Notre Dame Fighting Irish,Notre Dame,062340,c99700,True,3855,https://a.espncdn.com/i/teamlogos/ncaa/500/87.png,18,23,True,99,"[{'value': 7.0, 'displayValue': '7', 'period': 1}
 {'value': 6.0, 'displayValue': '6', 'period': 2}
 {'value': 7.0, 'displayValue': '7', 'period': 3}
 {'value': 3.0, 'displayValue': '3', 'period': 4}]","[{'name': 'overall', 'abbreviation': 'Game', 'type': 'total', 'summary': '1-0'}
 {'name': 'Home', 'abbreviation': None, 'type': 'home', 'summary': '1-0'}
 {'name': 'Road', 'abbreviation': None, 'type': 'road', 'summary': '0-0'}
 {'name': 'vs. Conf.', 'abbreviation': None, 'type': 'vsconf', 'summary': '0-0'}]",2509,s:20~l:23~t:2509,Purdue,Boilermakers,PUR,Purdue Boilermakers,Purdue,ceb888,000000,True,3907,https://a.espncdn.com/i/teamlogos/ncaa/500/2509.png,5,12,False,99,"[{'value': 0.0, 'displayValue': '0', 'period': 1}
 {'value': 3.0, 'displayValue': '3', 'period': 2}
 {'value': 0.0, 'displayValue': '0', 'period': 3}
 {'value': 9.0, 'displayValue': '9', 'period': 4}]","[{'name': 'overall', 'abbreviation': 'Game', 'type': 'total', 'summary': '0-1'}
 {'name': 'Home', 'abbreviation': None, 'type': 'home', 'summary': '0-0'}
 {'name': 'Road', 'abbreviation': None, 'type': 'road', 'summary': '0-1'}
 {'name': 'vs. Conf.', 'abbreviation': None, 'type': 'vsconf', 'summary': '0-0'}]",302470087,2010,2,1,
302470097,s:20~l:23~e:302470097~c:302470097,2010-09-04T19:30Z,0,True,False,False,False,True,False,2010-09-04T19:30Z,ABC/ESPN3,[],,,national,ABC,1,STD,3873,L&N Federal Credit Union Stadium,Louisville,KY,USA,False,0.0,0:00,4,3,STATUS_FINAL,post,True,Final,Final,Final,4,97,s:20~l:23~t:97,Louisville,Cardinals,LOU,Louisville Cardinals,Louisville,c9001f,ffffff,True,3873,https://a.espncdn.com/i/teamlogos/ncaa/500/97.png,10,16,False,99,"[{'value': 0.0, 'displayValue': '0', 'period': 1}
 {'value': 6.0, 'displayValue': '6', 'period': 2}
 {'value': 7.0, 'displayValue': '7', 'period': 3}
 {'value': 3.0, 'displayValue': '3', 'period': 4}]","[{'name': 'overall', 'abbreviation': 'Game', 'type': 'total', 'summary': '0-1'}
 {'name': 'Home', 'abbreviation': None, 'type': 'home', 'summary': '0-1'}
 {'name': 'Road', 'abbreviation': None, 'type': 'road', 'summary': '0-0'}
 {'name': 'vs. Conf.', 'abbreviation': None, 'type': 'vsconf', 'summary': '0-0'}]",96,s:20~l:23~t:96,Kentucky,Wildcats,UK,Kentucky Wildcats,Kentucky,0033a0,ffffff,True,3683,https://a.espncdn.com/i/teamlogos/ncaa/500/96.png,8,23,True,99,"[{'value': 13.0, 'displayValue': '13', 'period': 1}
 {'value': 7.0, 'displayValue': '7', 'period': 2}
 {'value': 3.0, 'displayValue': '3', 'period': 3}
 {'value': 0.0, 'displayValue': '0', 'period': 4}]","[{'name': 'overall', 'abbreviation': 'Game', 'type': 'total', 'summary': '1-0'}
 {'name': 'Home', 'abbreviation': None, 'type': 'home', 'summary': '0-0'}
 {'name': 'Road', 'abbreviation': None, 'type': 'road', 'summary': '1-0'}
 {'name': 'vs. Conf.', 'abbreviation': None, 'type': 'vsconf', 'summary': '0-0'}]",302470097,2010,2,1,
302470113,s:20~l:23~e:302470113~c:302470113,2010-09-04T19:30Z,0,True,False,False,False,False,False,2010-09-04T19:30Z,,[],,,,,1,STD,,,,,,,0.0,0:00,4,3,STATUS_FINAL,post,True,Final,Final,Final,4,113,s:20~l:23~t:113,Massachusetts,Minutemen,UMASS,Massachusetts Minutemen,UMass,881c1c,ffffff,True,3985,https://a.espncdn.com/i/teamlogos/ncaa/500/113.png,48,27,True,99,"[{'value': 0.0, 'displayValue': '0', 'period': 1}
 {'value': 14.0, 'displayValue': '14', 'period': 2}
 {'value': 0.0, 'displayValue': '0', 'period': 3}
 {'value': 13.0, 'displayValue': '13', 'period': 4}]","[{'name': 'overall', 'abbreviation': 'Game', 'type': 'total', 'summary': '1-0'}
 {'name': 'Home', 'abbreviation': None, 'type': 'home', 'summary': '1-0'}
 {'name': 'Road', 'abbreviation': None, 'type': 'road', 'summary': '0-0'}
 {'name': 'vs. Conf.', 'abbreviation': None, 'type': 'vsconf', 'summary': '1-0'}]",2729,s:20~l:23~t:2729,William & Mary,Tribe,W&M,William & Mary Tribe,William & Mary,115740,f0b323,True,3998,https://a.espncdn.com/i/teamlogos/ncaa/500/2729.png,48,23,False,99,"[{'value': 7.0, 'displayValue': '7', 'period': 1}
 {'value': 9.0, 'displayValue': '9', 'period': 2}
 {'value': 0.0, 'displayValue': '0', 'period': 3}
 {'value': 7.0, 'displayValue': '7', 'period': 4}]","[{'name': 'overall', 'abbreviation': 'Game', 'type': 'total', 'summary': '0-1'}
 {'name': 'Home', 'abbreviation': None, 'type': 'home', 'summary': '0-0'}
 {'name': 'Road', 'abbreviation': None, 'type': 'road', 'summary': '0-1'}
 {'name': 'vs. Conf.', 'abbreviation': None, 'type': 'vsconf', 'summary': '0-1'}]",302470113,2010,2,1,
302470130,s:20~l:23~e:302470130~c:302470130,2010-09-04T19:30Z,0,True,False,False,False,True,False,2010-09-04T19:30Z,ABC/ESPN3,[],,,national,ABC,1,STD,3558,Michigan Stadium,Ann Arbor,MI,USA,False,0.0,0:00,4,3,STATUS_FINAL,post,True,Final,Final,Final,4,130,s:20~l:23~t:130,Michigan,Wolverines,MICH,Michigan Wolverines,Michigan,00274c,ffcb05,True,3558,https://a.espncdn.com/i/teamlogos/ncaa/500/130.png,5,30,True,99,"[{'value': 14.0, 'displayValue': '14', 'period': 1}
 {'value': 7.0, 'displayValue': '7', 'period': 2}
 {'value': 3.0, 'displayValue': '3', 'period': 3}
 {'value': 6.0, 'displayValue': '6', 'period': 4}]","[{'name': 'overall', 'abbreviation': 'Game', 'type': 'total', 'summary': '1-0'}
 {'name': 'Home', 'abbreviation': None, 'type': 'home', 'summary': '1-0'}
 {'name': 'Road', 'abbreviation': None, 'type': 'road', 'summary': '0-0'}
 {'name': 'vs. Conf.', 'abbreviation': None, 'type': 'vsconf', 'summary': '0-0'}]",41,s:20~l:23~t:41,Connecticut,Huskies,CONN,Connecticut Huskies,UConn,0c2340,a2aaad,False,3892,https://a.espncdn.com/i/teamlogos/ncaa/500/41.png,10,10,False,99,"[{'value': 0.0, 'displayValue': '0', 'period': 1}
 {'value': 10.0, 'displayValue': '10', 'period': 2}
 {'value': 0.0, 'displayValue': '0', 'period': 3}
 {'value': 0.0, 'displayValue': '0', 'period': 4}]","[{'name': 'overall', 'abbreviation': 'Game', 'type': 'total', 'summary': '0-1'}
 {'name': 'Home', 'abbreviation': None, 'type': 'home', 'summary': '0-0'}
 {'name': 'Road', 'abbreviation': None, 'type': 'road', 'summary': '0-1'}
 {'name': 'vs. Conf.', 'abbreviation': None, 'type': 'vsconf', 'summary': '0-0'}]",302470130,2010,2,1,
302470145,s:20~l:23~e:302470145~c:302470145,2010-09-04T19:30Z,0,True,False,False,False,True,False,2010-09-04T19:30Z,,[],,,home,ESPN3,1,STD,3974,Vaught-Hemingway Stadium,Oxford,MS,USA,False,0.0,0:00,6,3,STATUS_FINAL,post,True,Final,Final/2OT,Final/2OT,4,145,s:20~l:23~t:145,Ole Miss,Rebels,MISS,Ole Miss Rebels,Ole Miss,13294b,cf142b,True,3974,https://a.espncdn.com/i/teamlogos/ncaa/500/145.png,8,48,False,99,"[{'value': 14.0, 'displayValue': '14', 'period': 1}
 {'value': 17.0, 'displayValue': '17', 'period': 2}
 {'value': 0.0, 'displayValue': '0', 'period': 3}
 {'value': 3.0, 'displayValue': '3', 'period': 4}
 {'value': 7.0, 'displayValue': '7', 'period': 5}
 {'value': 7.0, 'displayValue': '7', 'period': 6}]","[{'name': 'overall', 'abbreviation': 'Game', 'type': 'total', 'summary': '0-1'}
 {'name': 'Home', 'abbreviation': None, 'type': 'home', 'summary': '0-1'}
 {'name': 'Road', 'abbreviation': None, 'type': 'road', 'summary': '0-0'}
 {'name': 'vs. Conf.', 'abbreviation': None, 'type': 'vsconf', 'summary': '0-0'}]",55,s:20~l:23~t:55,Jacksonville State,Gamecocks,JVST,Jacksonville State Gamecocks,Jacksonville St,cc0000,000000,True,3662,https://a.espncdn.com/i/teamlogos/ncaa/500/55.png,26,49,True,99,"[{'value': 7.0, 'displayValue': '7', 'period': 1}
 {'value': 3.0, 'displayValue': '3', 'period': 2}
 {'value': 3.0, 'displayValue': '3', 'period': 3}
 {'value': 21.0, 'displayValue': '21', 'period': 4}
 {'value': 7.0, 'displayValue': '7', 'period': 5}
 {'value': 8.0, 'displayValue': '8', 'period': 6}]","[{'name': 'overall', 'abbreviation': 'Game', 'type': 'total', 'summary': '1-0'}
 {'name': 'Home', 'abbreviation': None, 'type': 'home', 'summary': '0-0'}
 {'name': 'Road', 'abbreviation': None, 'type': 'road', 'summary': '1-0'}
 {'name': 'vs. Conf.', 'abbreviation': None, 'type': 'vsconf', 'summary': '0-0'}]",302470145,2010,2,1,2OT
302470228,s:20~l:23~e:302470228~c:302470228,2010-09-04T19:30Z,0,True,False,False,False,True,False,2010-09-04T19:30Z,ESPNU,[],,,national,ESPNU,1,STD,3836,"Memorial Stadium (Clemson, SC)",Clemson,SC,USA,False,0.0,0:00,4,3,STATUS_FINAL,post,True,Final,Final,Final,4,228,s:20~l:23~t:228,Clemson,Tigers,CLEM,Clemson Tigers,Clemson,f56600,ffffff,True,3836,https://a.espncdn.com/i/teamlogos/ncaa/500/228.png,1,35,True,99,"[{'value': 7.0, 'displayValue': '7', 'period': 1}
 {'value': 14.0, 'displayValue': '14', 'period': 2}
 {'value': 7.0, 'displayValue': '7', 'period': 3}
 {'value': 7.0, 'displayValue': '7', 'period': 4}]","[{'name': 'overall', 'abbreviation': 'Game', 'type': 'total', 'summary': '1-0'}
 {'name': 'Home', 'abbreviation': None, 'type': 'home', 'summary': '1-0'}
 {'name': 'Road', 'abbreviation': None, 'type': 'road', 'summary': '0-0'}
 {'name': 'vs. Conf.', 'abbreviation': None, 'type': 'vsconf', 'summary': '0-0'}]",249,s:20~l:23~t:249,North Texas,Mean Green,UNT,North Texas Mean Green,North Texas,068f33,ffffff,True,3825,https://a.espncdn.com/i/teamlogos/ncaa/500/249.png,37,10,False,99,"[{'value': 0.0, 'displayValue': '0', 'period': 1}
 {'value': 7.0, 'displayValue': '7', 'period': 2}
 {'value': 0.0, 'displayValue': '0', 'period': 3}
 {'value': 3.0, 'displayValue': '3', 'period': 4}]","[{'name': 'overall', 'abbreviation': 'Game', 'type': 'total', 'summary': '0-1'}
 {'name': 'Home', 'abbreviation': None, 'type': 'home', 'summary': '0-0'}
 {'name': 'Road', 'abbreviation': None, 'type': 'road', 'summary': '0-1'}
 {'name': 'vs. Conf.', 'abbreviation': None, 'type': 'vsconf', 'summary': '0-0'}]",302470228,2010,2,1,
302472306,s:20~l:23~e:302472306~c:302472306,2010-09-04T19:30Z,0,True,False,False,False,True,False,2010-09-04T19:30Z,ABC/ESPN3,[],,,national,ABC,1,STD,3636,Bill Snyder Family Stadium,Manhattan,KS,USA,False,0.0,0:00,4,3,STATUS_FINAL,post,True,Final,Final,Final,4,2306,s:20~l:23~t:2306,Kansas State,Wildcats,KSU,Kansas State Wildcats,Kansas State,330a57,e2e3e4,True,3636,https://a.espncdn.com/i/teamlogos/ncaa/500/2306.png,4,31,True,99,"[{'value': 7.0, 'displayValue': '7', 'period': 1}
 {'value': 0.0, 'displayValue': '0', 'period': 2}
 {'value': 10.0, 'displayValue': '10', 'period': 3}
 {'value': 14.0, 'displayValue': '14', 'period': 4}]","[{'name': 'overall', 'abbreviation': 'Game', 'type': 'total', 'summary': '1-0'}
 {'name': 'Home', 'abbreviation': None, 'type': 'home', 'summary': '1-0'}
 {'name': 'Road', 'abbreviation': None, 'type': 'road', 'summary': '0-0'}
 {'name': 'vs. Conf.', 'abbreviation': None, 'type': 'vsconf', 'summary': '0-0'}]",26,s:20~l:23~t:26,UCLA,Bruins,UCLA,UCLA Bruins,UCLA,2774ae,f2a900,True,1056,https://a.espncdn.com/i/teamlogos/ncaa/500/26.png,5,22,False,99,"[{'value': 0.0, 'displayValue': '0', 'period': 1}
 {'value': 10.0, 'displayValue': '10', 'period': 2}
 {'value': 3.0, 'displayValue': '3', 'period': 3}
 {'value': 9.0, 'displayValue': '9', 'period': 4}]","[{'name': 'overall', 'abbreviation': 'Game', 'type': 'total', 'summary': '0-1'}
 {'name': 'Home', 'abbreviation': None, 'type': 'home', 'summary': '0-0'}
 {'name': 'Road', 'abbreviation': None, 'type': 'road', 'summary': '0-1'}
 {'name': 'vs. Conf.', 'abbreviation': None, 'type': 'vsconf', 'summary': '0-0'}]",302472306,2010,2,1,
302470025,s:20~l:23~e:302470025~c:302470025,2010-09-04T20:00Z,0,True,False,False,False,True,False,2010-09-04T20:00Z,,[],,,,,1,STD,3831,California Memorial Stadium,Berkeley,CA,USA,False,92.0,1:32,4,3,STATUS_FINAL,post,True,Final,Final,Final,4,25,s:20~l:23~t:25,California,Golden Bears,CAL,California Golden Bears,California,041e42,ffc72c,True,3831,https://a.espncdn.com/i/teamlogos/ncaa/500/25.png,1,52,True,99,"[{'value': 7.0, 'displayValue': '7', 'period': 1}
 {'value': 28.0, 'displayValue': '28', 'period': 2}
 {'value': 14.0, 'displayValue': '14', 'period': 3}
 {'value': 3.0, 'displayValue': '3', 'period': 4}]","[{'name': 'overall', 'abbreviation': 'Game', 'type': 'total', 'summary': '1-0'}
 {'name': 'Home', 'abbreviation': None, 'type': 'home', 'summary': '1-0'}
 {'name': 'Road', 'abbreviation': None, 'type': 'road', 'summary': '0-0'}
 {'name': 'vs. Conf.', 'abbreviation': None, 'type': 'vsconf', 'summary': '0-0'}]",302,s:20~l:23~t:302,UC Davis,Aggies,UCD,UC Davis Aggies,UC Davis,002855,c3c4c6,True,3602,https://a.espncdn.com/i/teamlogos/ncaa/500/302.png,43,3,False,99,"[{'value': 0.0, 'displayValue': '0', 'period': 1}
 {'value': 0.0, 'displayValue': '0', 'period': 2}
 {'value': 3.0, 'displayValue': '3', 'period': 3}
 {'value': 0.0, 'displayValue': '0', 'period': 4}]","[{'name': 'overall', 'abbreviation': 'Game', 'type': 'total', 'summary': '0-1'}
 {'name': 'Home', 'abbreviation': None, 'type': 'home', 'summary': '0-0'}
 {'name': 'Road', 'abbreviation': None, 'type': 'road', 'summary': '0-1'}
 {'name': 'vs. Conf.', 'abbreviation': None, 'type': 'vsconf', 'summary': '0-0'}]",302470025,2010,2,1,
302470152,s:20~l:23~e:302470152~c:302470152,2010-09-04T22:00Z,0,True,False,False,False,True,False,2010-09-04T22:00Z,,[],,,home,ESPN3,1,STD,3670,Carter-Finley Stadium,Raleigh,NC,USA,False,0.0,0:00,4,3,STATUS_FINAL,post,True,Final,Final,Final,4,152,s:20~l:23~t:152,NC State,Wolfpack,NCST,NC State Wolfpack,NC State,cc0000,ffffff,True,3670,https://a.espncdn.com/i/teamlogos/ncaa/500/152.png,1,48,True,99,"[{'value': 14.0, 'displayValue': '14', 'period': 1}
 {'value': 17.0, 'displayValue': '17', 'period': 2}
 {'value': 17.0, 'displayValue': '17', 'period': 3}
 {'value': 0.0, 'displayValue': '0', 'period': 4}]","[{'name': 'overall', 'abbreviation': 'Game', 'type': 'total', 'summary': '1-0'}
 {'name': 'Home', 'abbreviation': None, 'type': 'home', 'summary': '1-0'}
 {'name': 'Road', 'abbreviation': None, 'type': 'road', 'summary': '0-0'}
 {'name': 'vs. Conf.', 'abbreviation': None, 'type': 'vsconf', 'summary': '0-0'}]",2717,s:20~l:23~t:2717,Western Carolina,Catamounts,WCU,Western Carolina Catamounts,W Carolina,492F91,bf9e70,True,3704,https://a.espncdn.com/i/teamlogos/ncaa/500/2717.png,29,7,False,99,"[{'value': 7.0, 'displayValue': '7', 'period': 1}
 {'value': 0.0, 'displayValue': '0', 'period': 2}
 {'value': 0.0, 'displayValue': '0', 'period': 3}
 {'value': 0.0, 'displayValue': '0', 'period': 4}]","[{'name': 'overall', 'abbreviation': 'Game', 'type': 'total', 'summary': '0-1'}
 {'name': 'Home', 'abbreviation': None, 'type': 'home', 'summary': '0-0'}
 {'name': 'Road', 'abbreviation': None, 'type': 'road', 'summary': '0-1'}
 {'name': 'vs. Conf.', 'abbreviation': None, 'type': 'vsconf', 'summary': '0-0'}]",302470152,2010,2,1,
302470256,s:20~l:23~e:302470256~c:302470256,2010-09-04T22:00Z,0,True,False,False,False,True,False,2010-09-04T22:00Z,,[],,,,,1,STD,3651,Bridgeforth Stadium,Harrisonburg,VA,USA,False,0.0,0:00,4,3,STATUS_FINAL,post,True,Final,Final,Final,4,256,s:20~l:23~t:256,James Madison,Dukes,JMU,James Madison Dukes,JMU,450084,cbb677,True,3651,https://a.espncdn.com/i/teamlogos/ncaa/500/256.png,48,48,True,99,"[{'value': 14.0, 'displayValue': '14', 'period': 1}
 {'value': 20.0, 'displayValue': '20', 'period': 2}
 {'value': 14.0, 'displayValue': '14', 'period': 3}
 {'value': 0.0, 'displayValue': '0', 'period': 4}]","[{'name': 'overall', 'abbreviation': 'Game', 'type': 'total', 'summary': '1-0'}
 {'name': 'Home', 'abbreviation': None, 'type': 'home', 'summary': '1-0'}
 {'name': 'Road', 'abbreviation': None, 'type': 'road', 'summary': '0-0'}
 {'name': 'vs. Conf.', 'abbreviation': None, 'type': 'vsconf', 'summary': '0-0'}]",2413,s:20~l:23~t:2413,Morehead State,Eagles,MORE,Morehead State Eagles,Morehead State,094FA3,fed91a,True,3774,https://a.espncdn.com/i/teamlogos/ncaa/500/2413.png,28,7,False,99,"[{'value': 0.0, 'displayValue': '0', 'period': 1}
 {'value': 0.0, 'displayValue': '0', 'period': 2}
 {'value': 0.0, 'displayValue': '0', 'period': 3}
 {'value': 7.0, 'displayValue': '7', 'period': 4}]","[{'name': 'overall', 'abbreviation': 'Game', 'type': 'total', 'summary': '0-1'}
 {'name': 'Home', 'abbreviation': None, 'type': 'home', 'summary': '0-0'}
 {'name': 'Road', 'abbreviation': None, 'type': 'road', 'summary': '0-1'}
 {'name': 'vs. Conf.', 'abbreviation': None, 'type': 'vsconf', 'summary': '0-0'}]",302470256,2010,2,1,
302470258,s:20~l:23~e:302470258~c:302470258,2010-09-04T22:00Z,0,True,False,False,False,True,False,2010-09-04T22:00Z,,[],,,home,ESPN3,1,STD,3923,Scott Stadium,Charlottesville,VA,USA,False,0.0,0:00,4,3,STATUS_FINAL,post,True,Final,Final,Final,4,258,s:20~l:23~t:258,Virginia,Cavaliers,UVA,Virginia Cavaliers,UVA,232d4b,f84c1e,True,3923,https://a.espncdn.com/i/teamlogos/ncaa/500/258.png,1,34,True,99,"[{'value': 7.0, 'displayValue': '7', 'period': 1}
 {'value': 7.0, 'displayValue': '7', 'period': 2}
 {'value': 7.0, 'displayValue': '7', 'period': 3}
 {'value': 13.0, 'displayValue': '13', 'period': 4}]","[{'name': 'overall', 'abbreviation': 'Game', 'type': 'total', 'summary': '1-0'}
 {'name': 'Home', 'abbreviation': None, 'type': 'home', 'summary': '1-0'}
 {'name': 'Road', 'abbreviation': None, 'type': 'road', 'summary': '0-0'}
 {'name': 'vs. Conf.', 'abbreviation': None, 'type': 'vsconf', 'summary': '0-0'}]",257,s:20~l:23~t:257,Richmond,Spiders,RICH,Richmond Spiders,Richmond,9e0712,b90b2e,True,2068,https://a.espncdn.com/i/teamlogos/ncaa/500/257.png,48,13,False,99,"[{'value': 7.0, 'displayValue': '7', 'period': 1}
 {'value': 3.0, 'displayValue': '3', 'period': 2}
 {'value': 3.0, 'displayValue': '3', 'period': 3}
 {'value': 0.0, 'displayValue': '0', 'period': 4}]","[{'name': 'overall', 'abbreviation': 'Game', 'type': 'total', 'summary': '0-1'}
 {'name': 'Home', 'abbreviation': None, 'type': 'home', 'summary': '0-0'}
 {'name': 'Road', 'abbreviation': None, 'type': 'road', 'summary': '0-1'}
 {'name': 'vs. Conf.', 'abbreviation': None, 'type': 'vsconf', 'summary': '0-0'}]",302470258,2010,2,1,
302470290,s:20~l:23~e:302470290~c:302470290,2010-09-04T22:00Z,0,True,False,False,False,True,False,2010-09-04T22:00Z,,[],,,,,1,STD,3608,Allen E. Paulson Stadium,Statesboro,GA,USA,False,0.0,0:00,4,3,STATUS_FINAL,post,True,Final,Final,Final,4,290,s:20~l:23~t:290,Georgia Southern,Eagles,GASO,Georgia Southern Eagles,Ga Southern,041e42,a3aaae,True,3608,https://a.espncdn.com/i/teamlogos/ncaa/500/290.png,29,48,True,99,"[{'value': 10.0, 'displayValue': '10', 'period': 1}
 {'value': 17.0, 'displayValue': '17', 'period': 2}
 {'value': 7.0, 'displayValue': '7', 'period': 3}
 {'value': 14.0, 'displayValue': '14', 'period': 4}]","[{'name': 'overall', 'abbreviation': 'Game', 'type': 'total', 'summary': '1-0'}
 {'name': 'Home', 'abbreviation': None, 'type': 'home', 'summary': '1-0'}
 {'name': 'Road', 'abbreviation': None, 'type': 'road', 'summary': '0-0'}
 {'name': 'vs. Conf.', 'abbreviation': None, 'type': 'vsconf', 'summary': '0-0'}]",2542,s:20~l:23~t:2542,Savannah State,Tigers,SAV,Savannah State Tigers,Savannah State,280298,f78f1e,True,3952,https://a.espncdn.com/i/teamlogos/ncaa/500/2542.png,24,3,False,99,"[{'value': 0.0, 'displayValue': '0', 'period': 1}
 {'value': 0.0, 'displayValue': '0', 'period': 2}
 {'value': 3.0, 'displayValue': '3', 'period': 3}
 {'value': 0.0, 'displayValue': '0', 'period': 4}]","[{'name': 'overall', 'abbreviation': 'Game', 'type': 'total', 'summary': '0-1'}
 {'name': 'Home', 'abbreviation': None, 'type': 'home', 'summary': '0-0'}
 {'name': 'Road', 'abbreviation': None, 'type': 'road', 'summary': '0-1'}
 {'name': 'vs. Conf.', 'abbreviation': None, 'type': 'vsconf', 'summary': '0-0'}]",302470290,2010,2,1,
302470295,s:20~l:23~e:302470295~c:302470295,2010-09-04T22:00Z,0,True,False,False,False,True,False,2010-09-04T22:00Z,,[],,,,,1,STD,3918,S.B. Ballard Stadium,Norfolk,VA,USA,False,0.0,0:00,4,3,STATUS_FINAL,post,True,Final,Final,Final,4,295,s:20~l:23~t:295,Old Dominion,Monarchs,ODU,Old Dominion Monarchs,Old Dominion,003768,a1d2f1,True,3918,https://a.espncdn.com/i/teamlogos/ncaa/500/295.png,32,25,False,99,"[{'value': 3.0, 'displayValue': '3', 'period': 1}
 {'value': 7.0, 'displayValue': '7', 'period': 2}
 {'value': 7.0, 'displayValue': '7', 'period': 3}
 {'value': 8.0, 'displayValue': '8', 'period': 4}]","[{'name': 'overall', 'abbreviation': 'Game', 'type': 'total', 'summary': '0-1'}
 {'name': 'Home', 'abbreviation': None, 'type': 'home', 'summary': '0-1'}
 {'name': 'Road', 'abbreviation': None, 'type': 'road', 'summary': '0-0'}
 {'name': 'vs. Conf.', 'abbreviation': None, 'type': 'vsconf', 'summary': '0-0'}]",294,s:20~l:23~t:294,Jacksonville,Dolphins,JAC,Jacksonville Dolphins,Jacksonville,00523e,,True,3691,https://a.espncdn.com/i/teamlogos/ncaa/500/294.png,28,35,True,99,"[{'value': 0.0, 'displayValue': '0', 'period': 1}
 {'value': 14.0, 'displayValue': '14', 'period': 2}
 {'value': 7.0, 'displayValue': '7', 'period': 3}
 {'value': 14.0, 'displayValue': '14', 'period': 4}]","[{'name': 'overall', 'abbreviation': 'Game', 'type': 'total', 'summary': '1-0'}
 {'name': 'Home', 'abbreviation': None, 'type': 'home', 'summary': '0-0'}
 {'name': 'Road', 'abbreviation': None, 'type': 'road', 'summary': '1-0'}
 {'name': 'vs. Conf.', 'abbreviation': None, 'type': 'vsconf', 'summary': '0-0'}]",302470295,2010,2,1,
302472006,s:20~l:23~e:302472006~c:302472006,2010-09-04T22:00Z,0,True,False,False,False,True,False,2010-09-04T22:00Z,,[],,,,,1,STD,3768,InfoCision Stadium,Akron,OH,USA,False,55.0,0:55,4,3,STATUS_FINAL,post,True,Final,Final,Final,4,2006,s:20~l:23~t:2006,Akron,Zips,AKR,Akron Zips,Akron,041e42,c5b783,True,3768,https://a.espncdn.com/i/teamlogos/ncaa/500/2006.png,15,3,False,99,"[{'value': 0.0, 'displayValue': '0', 'period': 1}
 {'value': 3.0, 'displayValue': '3', 'period': 2}
 {'value': 0.0, 'displayValue': '0', 'period': 3}
 {'value': 0.0, 'displayValue': '0', 'period': 4}]","[{'name': 'overall', 'abbreviation': 'Game', 'type': 'total', 'summary': '0-1'}
 {'name': 'Home', 'abbreviation': None, 'type': 'home', 'summary': '0-1'}
 {'name': 'Road', 'abbreviation': None, 'type': 'road', 'summary': '0-0'}
 {'name': 'vs. Conf.', 'abbreviation': None, 'type': 'vsconf', 'summary': '0-0'}]",183,s:20~l:23~t:183,Syracuse,Orange,SYR,Syracuse Orange,Syracuse,000e54,ff431b,True,1964,https://a.espncdn.com/i/teamlogos/ncaa/500/183.png,10,29,True,99,"[{'value': 7.0, 'displayValue': '7', 'period': 1}
 {'value': 10.0, 'displayValue': '10', 'period': 2}
 {'value': 6.0, 'displayValue': '6', 'period': 3}
 {'value': 6.0, 'displayValue': '6', 'period': 4}]","[{'name': 'overall', 'abbreviation': 'Game', 'type': 'total', 'summary': '1-0'}
 {'name': 'Home', 'abbreviation': None, 'type': 'home', 'summary': '0-0'}
 {'name': 'Road', 'abbreviation': None, 'type': 'road', 'summary': '1-0'}
 {'name': 'vs. Conf.', 'abbreviation': None, 'type': 'vsconf', 'summary': '0-0'}]",302472006,2010,2,1,
302472116,s:20~l:23~e:302472116~c:302472116,2010-09-04T22:00Z,0,True,False,False,False,True,False,2010-09-04T22:00Z,,[],,,,,1,STD,3652,Acrisure Bounce House,Orlando,FL,USA,False,0.0,0:00,4,3,STATUS_FINAL,post,True,Final,Final,Final,4,2116,s:20~l:23~t:2116,UCF,Knights,UCF,UCF Knights,UCF,000000,b4a169,True,3652,https://a.espncdn.com/i/teamlogos/ncaa/500/2116.png,12,38,True,99,"[{'value': 14.0, 'displayValue': '14', 'period': 1}
 {'value': 10.0, 'displayValue': '10', 'period': 2}
 {'value': 7.0, 'displayValue': '7', 'period': 3}
 {'value': 7.0, 'displayValue': '7', 'period': 4}]","[{'name': 'overall', 'abbreviation': 'Game', 'type': 'total', 'summary': '1-0'}
 {'name': 'Home', 'abbreviation': None, 'type': 'home', 'summary': '1-0'}
 {'name': 'Road', 'abbreviation': None, 'type': 'road', 'summary': '0-0'}
 {'name': 'vs. Conf.', 'abbreviation': None, 'type': 'vsconf', 'summary': '0-0'}]",233,s:20~l:23~t:233,South Dakota,Coyotes,SDAK,South Dakota Coyotes,South Dakota,CD1241,f0f0f0,True,1905,https://a.espncdn.com/i/teamlogos/ncaa/500/233.png,43,7,False,99,"[{'value': 0.0, 'displayValue': '0', 'period': 1}
 {'value': 7.0, 'displayValue': '7', 'period': 2}
 {'value': 0.0, 'displayValue': '0', 'period': 3}
 {'value': 0.0, 'displayValue': '0', 'period': 4}]","[{'name': 'overall', 'abbreviation': 'Game', 'type': 'total', 'summary': '0-1'}
 {'name': 'Home', 'abbreviation': None, 'type': 'home', 'summary': '0-0'}
 {'name': 'Road', 'abbreviation': None, 'type': 'road', 'summary': '0-1'}
 {'name': 'vs. Conf.', 'abbreviation': None, 'type': 'vsconf', 'summary': '0-0'}]",302472116,2010,2,1,
302472633,s:20~l:23~e:302472633~c:302472633,2010-09-04T22:00Z,0,True,False,False,False,True,False,2010-09-04T22:00Z,,[],,,home,ESPN3,1,STD,3853,Neyland Stadium,Knoxville,TN,USA,False,0.0,0:00,4,3,STATUS_FINAL,post,True,Final,Final,Final,4,2633,s:20~l:23~t:2633,Tennessee,Volunteers,TENN,Tennessee Volunteers,Tennessee,ff8200,ffffff,True,3853,https://a.espncdn.com/i/teamlogos/ncaa/500/2633.png,8,50,True,99,"[{'value': 13.0, 'displayValue': '13', 'period': 1}
 {'value': 7.0, 'displayValue': '7', 'period': 2}
 {'value': 23.0, 'displayValue': '23', 'period': 3}
 {'value': 7.0, 'displayValue': '7', 'period': 4}]","[{'name': 'overall', 'abbreviation': 'Game', 'type': 'total', 'summary': '1-0'}
 {'name': 'Home', 'abbreviation': None, 'type': 'home', 'summary': '1-0'}
 {'name': 'Road', 'abbreviation': None, 'type': 'road', 'summary': '0-0'}
 {'name': 'vs. Conf.', 'abbreviation': None, 'type': 'vsconf', 'summary': '0-0'}]",2630,s:20~l:23~t:2630,Tennessee-Martin,Skyhawks,UTM,Tennessee-Martin Skyhawks,UT Martin,FF6700,102a5c,False,3748,https://a.espncdn.com/i/teamlogos/ncaa/500/2630.png,26,0,False,99,"[{'value': 0.0, 'displayValue': '0', 'period': 1}
 {'value': 0.0, 'displayValue': '0', 'period': 2}
 {'value': 0.0, 'displayValue': '0', 'period': 3}
 {'value': 0.0, 'displayValue': '0', 'period': 4}]","[{'name': 'overall', 'abbreviation': 'Game', 'type': 'total', 'summary': '0-1'}
 {'name': 'Home', 'abbreviation': None, 'type': 'home', 'summary': '0-0'}
 {'name': 'Road', 'abbreviation': None, 'type': 'road', 'summary': '0-1'}
 {'name': 'vs. Conf.', 'abbreviation': None, 'type': 'vsconf', 'summary': '0-0'}]",302472633,2010,2,1,
302470024,s:20~l:23~e:302470024~c:302470024,2010-09-04T22:30Z,0,True,False,False,False,True,False,2010-09-04T22:30Z,,[],,,,,1,STD,3940,Stanford Stadium,Stanford,CA,USA,False,0.0,0:00,4,3,STATUS_FINAL,post,True,Final,Final,Final,4,24,s:20~l:23~t:24,Stanford,Cardinal,STAN,Stanford Cardinal,Stanford,8c1515,ffffff,True,3940,https://a.espncdn.com/i/teamlogos/ncaa/500/24.png,1,52,True,99,"[{'value': 21.0, 'displayValue': '21', 'period': 1}
 {'value': 17.0, 'displayValue': '17', 'period': 2}
 {'value': 7.0, 'displayValue': '7', 'period': 3}
 {'value': 7.0, 'displayValue': '7', 'period': 4}]","[{'name': 'overall', 'abbreviation': 'Game', 'type': 'total', 'summary': '1-0'}
 {'name': 'Home', 'abbreviation': None, 'type': 'home', 'summary': '1-0'}
 {'name': 'Road', 'abbreviation': None, 'type': 'road', 'summary': '0-0'}
 {'name': 'vs. Conf.', 'abbreviation': None, 'type': 'vsconf', 'summary': '0-0'}]",16,s:20~l:23~t:16,Sacramento State,Hornets,SAC,Sacramento State Hornets,Sacramento St,00573C,cdb97d,True,3757,https://a.espncdn.com/i/teamlogos/ncaa/500/16.png,20,17,False,99,"[{'value': 7.0, 'displayValue': '7', 'period': 1}
 {'value': 0.0, 'displayValue': '0', 'period': 2}
 {'value': 7.0, 'displayValue': '7', 'period': 3}
 {'value': 3.0, 'displayValue': '3', 'period': 4}]","[{'name': 'overall', 'abbreviation': 'Game', 'type': 'total', 'summary': '0-1'}
 {'name': 'Home', 'abbreviation': None, 'type': 'home', 'summary': '0-0'}
 {'name': 'Road', 'abbreviation': None, 'type': 'road', 'summary': '0-1'}
 {'name': 'vs. Conf.', 'abbreviation': None, 'type': 'vsconf', 'summary': '0-0'}]",302470024,2010,2,1,
302470150,s:20~l:23~e:302470150~c:302470150,2010-09-04T23:00Z,0,True,False,False,False,True,False,2010-09-04T23:00Z,,[],,,home,ESPN3,1,STD,3982,Wallace Wade Stadium,Durham,NC,USA,False,892.0,14:52,4,3,STATUS_FINAL,post,True,Final,Final,Final,4,150,s:20~l:23~t:150,Duke,Blue Devils,DUKE,Duke Blue Devils,Duke,00539b,ffffff,True,3982,https://a.espncdn.com/i/teamlogos/ncaa/500/150.png,1,41,True,99,"[{'value': 14.0, 'displayValue': '14', 'period': 1}
 {'value': 13.0, 'displayValue': '13', 'period': 2}
 {'value': 0.0, 'displayValue': '0', 'period': 3}
 {'value': 14.0, 'displayValue': '14', 'period': 4}]","[{'name': 'overall', 'abbreviation': 'Game', 'type': 'total', 'summary': '1-0'}
 {'name': 'Home', 'abbreviation': None, 'type': 'home', 'summary': '1-0'}
 {'name': 'Road', 'abbreviation': None, 'type': 'road', 'summary': '0-0'}
 {'name': 'vs. Conf.', 'abbreviation': None, 'type': 'vsconf', 'summary': '0-0'}]",2210,s:20~l:23~t:2210,Elon,Phoenix,ELON,Elon Phoenix,Elon,020303,b59a57,True,3894,https://a.espncdn.com/i/teamlogos/ncaa/500/2210.png,29,27,False,99,"[{'value': 3.0, 'displayValue': '3', 'period': 1}
 {'value': 10.0, 'displayValue': '10', 'period': 2}
 {'value': 0.0, 'displayValue': '0', 'period': 3}
 {'value': 14.0, 'displayValue': '14', 'period': 4}]","[{'name': 'overall', 'abbreviation': 'Game', 'type': 'total', 'summary': '0-1'}
 {'name': 'Home', 'abbreviation': None, 'type': 'home', 'summary': '0-0'}
 {'name': 'Road', 'abbreviation': None, 'type': 'road', 'summary': '0-1'}
 {'name': 'vs. Conf.', 'abbreviation': None, 'type': 'vsconf', 'summary': '0-0'}]",302470150,2010,2,1,
302470195,s:20~l:23~e:302470195~c:302470195,2010-09-04T23:00Z,0,True,False,False,False,True,False,2010-09-04T23:00Z,,[],,,,,1,STD,3876,Peden Stadium,Athens,OH,USA,False,0.0,0:00,4,3,STATUS_FINAL,post,True,Final,Final,Final,4,195,s:20~l:23~t:195,Ohio,Bobcats,OHIO,Ohio Bobcats,Ohio,154734,ffffff,True,3876,https://a.espncdn.com/i/teamlogos/ncaa/500/195.png,15,33,True,99,"[{'value': 7.0, 'displayValue': '7', 'period': 1}
 {'value': 10.0, 'displayValue': '10', 'period': 2}
 {'value': 3.0, 'displayValue': '3', 'period': 3}
 {'value': 13.0, 'displayValue': '13', 'period': 4}]","[{'name': 'overall', 'abbreviation': 'Game', 'type': 'total', 'summary': '1-0'}
 {'name': 'Home', 'abbreviation': None, 'type': 'home', 'summary': '1-0'}
 {'name': 'Road', 'abbreviation': None, 'type': 'road', 'summary': '0-0'}
 {'name': 'vs. Conf.', 'abbreviation': None, 'type': 'vsconf', 'summary': '0-0'}]",2747,s:20~l:23~t:2747,Wofford,Terriers,WOF,Wofford Terriers,Wofford,533B23,f0f0f0,True,3737,https://a.espncdn.com/i/teamlogos/ncaa/500/2747.png,29,10,False,99,"[{'value': 7.0, 'displayValue': '7', 'period': 1}
 {'value': 0.0, 'displayValue': '0', 'period': 2}
 {'value': 3.0, 'displayValue': '3', 'period': 3}
 {'value': 0.0, 'displayValue': '0', 'period': 4}]","[{'name': 'overall', 'abbreviation': 'Game', 'type': 'total', 'summary': '0-1'}
 {'name': 'Home', 'abbreviation': None, 'type': 'home', 'summary': '0-0'}
 {'name': 'Road', 'abbreviation': None, 'type': 'road', 'summary': '0-1'}
 {'name': 'vs. Conf.', 'abbreviation': None, 'type': 'vsconf', 'summary': '0-0'}]",302470195,2010,2,1,
302470197,s:20~l:23~e:302470197~c:302470197,2010-09-04T23:00Z,0,True,False,False,False,True,False,2010-09-04T23:00Z,,[],,,,,1,STD,3646,Boone Pickens Stadium,Stillwater,OK,USA,False,0.0,0:00,4,3,STATUS_FINAL,post,True,Final,Final,Final,4,197,s:20~l:23~t:197,Oklahoma State,Cowboys,OKST,Oklahoma State Cowboys,Oklahoma State,fe5c00,000000,True,3646,https://a.espncdn.com/i/teamlogos/ncaa/500/197.png,4,65,True,99,"[{'value': 17.0, 'displayValue': '17', 'period': 1}
 {'value': 21.0, 'displayValue': '21', 'period': 2}
 {'value': 13.0, 'displayValue': '13', 'period': 3}
 {'value': 14.0, 'displayValue': '14', 'period': 4}]","[{'name': 'overall', 'abbreviation': 'Game', 'type': 'total', 'summary': '1-0'}
 {'name': 'Home', 'abbreviation': None, 'type': 'home', 'summary': '1-0'}
 {'name': 'Road', 'abbreviation': None, 'type': 'road', 'summary': '0-0'}
 {'name': 'vs. Conf.', 'abbreviation': None, 'type': 'vsconf', 'summary': '0-0'}]",265,s:20~l:23~t:265,Washington State,Cougars,WSU,Washington State Cougars,Washington St,a60f2d,4d4d4d,True,3820,https://a.espncdn.com/i/teamlogos/ncaa/500/265.png,9,17,False,99,"[{'value': 0.0, 'displayValue': '0', 'period': 1}
 {'value': 10.0, 'displayValue': '10', 'period': 2}
 {'value': 0.0, 'displayValue': '0', 'period': 3}
 {'value': 7.0, 'displayValue': '7', 'period': 4}]","[{'name': 'overall', 'abbreviation': 'Game', 'type': 'total', 'summary': '0-1'}
 {'name': 'Home', 'abbreviation': None, 'type': 'home', 'summary': '0-0'}
 {'name': 'Road', 'abbreviation': None, 'type': 'road', 'summary': '0-1'}
 {'name': 'vs. Conf.', 'abbreviation': None, 'type': 'vsconf', 'summary': '0-0'}]",302470197,2010,2,1,
302470239,s:20~l:23~e:302470239~c:302470239,2010-09-04T23:00Z,0,True,False,False,False,True,False,2010-09-04T23:00Z,,[],,,,,1,STD,3724,Floyd Casey Stadium,Waco,TX,USA,True,132.0,2:12,4,3,STATUS_FINAL,post,True,Final,Final,Final,4,239,s:20~l:23~t:239,Baylor,Bears,BAY,Baylor Bears,Baylor,154734,ffb81c,True,3724,https://a.espncdn.com/i/teamlogos/ncaa/500/239.png,4,34,True,99,"[{'value': 14.0, 'displayValue': '14', 'period': 1}
 {'value': 7.0, 'displayValue': '7', 'period': 2}
 {'value': 7.0, 'displayValue': '7', 'period': 3}
 {'value': 6.0, 'displayValue': '6', 'period': 4}]","[{'name': 'overall', 'abbreviation': 'Game', 'type': 'total', 'summary': '1-0'}
 {'name': 'Home', 'abbreviation': None, 'type': 'home', 'summary': '1-0'}
 {'name': 'Road', 'abbreviation': None, 'type': 'road', 'summary': '0-0'}
 {'name': 'vs. Conf.', 'abbreviation': None, 'type': 'vsconf', 'summary': '0-0'}]",2534,s:20~l:23~t:2534,Sam Houston State,Bearkats,SHSU,Sam Houston State Bearkats,Sam Houston,f56423,ffffff,False,3647,https://a.espncdn.com/i/teamlogos/ncaa/500/2534.png,30,3,False,99,"[{'value': 0.0, 'displayValue': '0', 'period': 1}
 {'value': 0.0, 'displayValue': '0', 'period': 2}
 {'value': 0.0, 'displayValue': '0', 'period': 3}
 {'value': 3.0, 'displayValue': '3', 'period': 4}]","[{'name': 'overall', 'abbreviation': 'Game', 'type': 'total', 'summary': '0-1'}
 {'name': 'Home', 'abbreviation': None, 'type': 'home', 'summary': '0-0'}
 {'name': 'Road', 'abbreviation': None, 'type': 'road', 'summary': '0-1'}
 {'name': 'vs. Conf.', 'abbreviation': None, 'type': 'vsconf', 'summary': '0-0'}]",302470239,2010,2,1,
302470245,s:20~l:23~e:302470245~c:302470245,2010-09-04T23:00Z,0,True,False,False,False,True,False,2010-09-04T23:00Z,,[],,,,,1,STD,3795,Kyle Field,College Station,TX,USA,False,0.0,0:00,4,3,STATUS_FINAL,post,True,Final,Final,Final,4,245,s:20~l:23~t:245,Texas A&M,Aggies,TA&M,Texas A&M Aggies,Texas A&M,500000,ffffff,True,3795,https://a.espncdn.com/i/teamlogos/ncaa/500/245.png,4,48,True,99,"[{'value': 7.0, 'displayValue': '7', 'period': 1}
 {'value': 13.0, 'displayValue': '13', 'period': 2}
 {'value': 21.0, 'displayValue': '21', 'period': 3}
 {'value': 7.0, 'displayValue': '7', 'period': 4}]","[{'name': 'overall', 'abbreviation': 'Game', 'type': 'total', 'summary': '1-0'}
 {'name': 'Home', 'abbreviation': None, 'type': 'home', 'summary': '1-0'}
 {'name': 'Road', 'abbreviation': None, 'type': 'road', 'summary': '0-0'}
 {'name': 'vs. Conf.', 'abbreviation': None, 'type': 'vsconf', 'summary': '0-0'}]",2617,s:20~l:23~t:2617,Stephen F Austin,Lumberjacks,SFA,Stephen F Austin Lumberjacks,SF Austin,393996,bec0c2,False,3756,https://a.espncdn.com/i/teamlogos/ncaa/500/2617.png,30,7,False,99,"[{'value': 0.0, 'displayValue': '0', 'period': 1}
 {'value': 7.0, 'displayValue': '7', 'period': 2}
 {'value': 0.0, 'displayValue': '0', 'period': 3}
 {'value': 0.0, 'displayValue': '0', 'period': 4}]","[{'name': 'overall', 'abbreviation': 'Game', 'type': 'total', 'summary': '0-1'}
 {'name': 'Home', 'abbreviation': None, 'type': 'home', 'summary': '0-0'}
 {'name': 'Road', 'abbreviation': None, 'type': 'road', 'summary': '0-1'}
 {'name': 'vs. Conf.', 'abbreviation': None, 'type': 'vsconf', 'summary': '0-0'}]",302470245,2010,2,1,
302470252,s:20~l:23~e:302470252~c:302470252,2010-09-04T23:00Z,0,True,False,False,False,True,False,2010-09-04T23:00Z,,[],,,,,1,STD,3801,LaVell Edwards Stadium,Provo,UT,USA,False,0.0,0:00,4,3,STATUS_FINAL,post,True,Final,Final,Final,4,252,s:20~l:23~t:252,BYU,Cougars,BYU,BYU Cougars,BYU,0047ba,002e5d,True,3801,https://a.espncdn.com/i/teamlogos/ncaa/500/252.png,4,23,True,99,"[{'value': 5.0, 'displayValue': '5', 'period': 1}
 {'value': 8.0, 'displayValue': '8', 'period': 2}
 {'value': 10.0, 'displayValue': '10', 'period': 3}
 {'value': 0.0, 'displayValue': '0', 'period': 4}]","[{'name': 'overall', 'abbreviation': 'Game', 'type': 'total', 'summary': '1-0'}
 {'name': 'Home', 'abbreviation': None, 'type': 'home', 'summary': '1-0'}
 {'name': 'Road', 'abbreviation': None, 'type': 'road', 'summary': '0-0'}
 {'name': 'vs. Conf.', 'abbreviation': None, 'type': 'vsconf', 'summary': '0-0'}]",264,s:20~l:23~t:264,Washington,Huskies,WASH,Washington Huskies,Washington,33006f,e8d3a2,True,3765,https://a.espncdn.com/i/teamlogos/ncaa/500/264.png,5,17,False,99,"[{'value': 7.0, 'displayValue': '7', 'period': 1}
 {'value': 10.0, 'displayValue': '10', 'period': 2}
 {'value': 0.0, 'displayValue': '0', 'period': 3}
 {'value': 0.0, 'displayValue': '0', 'period': 4}]","[{'name': 'overall', 'abbreviation': 'Game', 'type': 'total', 'summary': '0-1'}
 {'name': 'Home', 'abbreviation': None, 'type': 'home', 'summary': '0-0'}
 {'name': 'Road', 'abbreviation': None, 'type': 'road', 'summary': '0-1'}
 {'name': 'vs. Conf.', 'abbreviation': None, 'type': 'vsconf', 'summary': '0-0'}]",302470252,2010,2,1,
302470344,s:20~l:23~e:302470344~c:302470344,2010-09-04T23:00Z,0,True,False,False,False,True,False,2010-09-04T23:00Z,ESPNU,[],,,national,ESPNU,1,STD,3693,Davis Wade Stadium,Starkville,MS,USA,False,85.0,1:25,4,3,STATUS_FINAL,post,True,Final,Final,Final,4,344,s:20~l:23~t:344,Mississippi State,Bulldogs,MSST,Mississippi State Bulldogs,Miss St,5d1725,c1c6c8,True,3693,https://a.espncdn.com/i/teamlogos/ncaa/500/344.png,8,49,True,99,"[{'value': 14.0, 'displayValue': '14', 'period': 1}
 {'value': 7.0, 'displayValue': '7', 'period': 2}
 {'value': 21.0, 'displayValue': '21', 'period': 3}
 {'value': 7.0, 'displayValue': '7', 'period': 4}]","[{'name': 'overall', 'abbreviation': 'Game', 'type': 'total', 'summary': '1-0'}
 {'name': 'Home', 'abbreviation': None, 'type': 'home', 'summary': '1-0'}
 {'name': 'Road', 'abbreviation': None, 'type': 'road', 'summary': '0-0'}
 {'name': 'vs. Conf.', 'abbreviation': None, 'type': 'vsconf', 'summary': '0-0'}]",235,s:20~l:23~t:235,Memphis,Tigers,MEM,Memphis Tigers,Memphis,004991,8e908f,True,3805,https://a.espncdn.com/i/teamlogos/ncaa/500/235.png,12,7,False,99,"[{'value': 0.0, 'displayValue': '0', 'period': 1}
 {'value': 0.0, 'displayValue': '0', 'period': 2}
 {'value': 0.0, 'displayValue': '0', 'period': 3}
 {'value': 7.0, 'displayValue': '7', 'period': 4}]","[{'name': 'overall', 'abbreviation': 'Game', 'type': 'total', 'summary': '0-1'}
 {'name': 'Home', 'abbreviation': None, 'type': 'home', 'summary': '0-0'}
 {'name': 'Road', 'abbreviation': None, 'type': 'road', 'summary': '0-1'}
 {'name': 'vs. Conf.', 'abbreviation': None, 'type': 'vsconf', 'summary': '0-0'}]",302470344,2010,2,1,
302472199,s:20~l:23~e:302472199~c:302472199,2010-09-04T23:00Z,0,True,False,False,False,False,False,2010-09-04T23:00Z,,[],,,,,1,STD,3912,Rynearson Stadium,Ypsilanti,MI,USA,False,0.0,0:00,4,3,STATUS_FINAL,post,True,Final,Final,Final,4,2199,s:20~l:23~t:2199,Eastern Michigan,Eagles,EMU,Eastern Michigan Eagles,E Michigan,006938,ffffff,True,3912,https://a.espncdn.com/i/teamlogos/ncaa/500/2199.png,15,27,False,99,"[{'value': 7.0, 'displayValue': '7', 'period': 1}
 {'value': 7.0, 'displayValue': '7', 'period': 2}
 {'value': 6.0, 'displayValue': '6', 'period': 3}
 {'value': 7.0, 'displayValue': '7', 'period': 4}]","[{'name': 'overall', 'abbreviation': 'Game', 'type': 'total', 'summary': '0-1'}
 {'name': 'Home', 'abbreviation': None, 'type': 'home', 'summary': '0-1'}
 {'name': 'Road', 'abbreviation': None, 'type': 'road', 'summary': '0-0'}
 {'name': 'vs. Conf.', 'abbreviation': None, 'type': 'vsconf', 'summary': '0-0'}]",349,s:20~l:23~t:349,Army,Black Knights,ARMY,Army Black Knights,Army,000000,d3bc8d,True,3841,https://a.espncdn.com/i/teamlogos/ncaa/500/349.png,18,31,True,99,"[{'value': 7.0, 'displayValue': '7', 'period': 1}
 {'value': 7.0, 'displayValue': '7', 'period': 2}
 {'value': 10.0, 'displayValue': '10', 'period': 3}
 {'value': 7.0, 'displayValue': '7', 'period': 4}]","[{'name': 'overall', 'abbreviation': 'Game', 'type': 'total', 'summary': '1-0'}
 {'name': 'Home', 'abbreviation': None, 'type': 'home', 'summary': '0-0'}
 {'name': 'Road', 'abbreviation': None, 'type': 'road', 'summary': '1-0'}
 {'name': 'vs. Conf.', 'abbreviation': None, 'type': 'vsconf', 'summary': '0-0'}]",302472199,2010,2,1,
302472305,s:20~l:23~e:302472305~c:302472305,2010-09-04T23:00Z,0,True,False,False,False,True,False,2010-09-04T23:00Z,,[],,,,,1,STD,3833,David Booth Kansas Memorial Stadium,Lawrence,KS,USA,False,51.0,0:51,4,3,STATUS_FINAL,post,True,Final,Final,Final,4,2305,s:20~l:23~t:2305,Kansas,Jayhawks,KU,Kansas Jayhawks,Kansas,0051ba,e8000d,True,3833,https://a.espncdn.com/i/teamlogos/ncaa/500/2305.png,4,3,False,99,"[{'value': 3.0, 'displayValue': '3', 'period': 1}
 {'value': 0.0, 'displayValue': '0', 'period': 2}
 {'value': 0.0, 'displayValue': '0', 'period': 3}
 {'value': 0.0, 'displayValue': '0', 'period': 4}]","[{'name': 'overall', 'abbreviation': 'Game', 'type': 'total', 'summary': '0-1'}
 {'name': 'Home', 'abbreviation': None, 'type': 'home', 'summary': '0-1'}
 {'name': 'Road', 'abbreviation': None, 'type': 'road', 'summary': '0-0'}
 {'name': 'vs. Conf.', 'abbreviation': None, 'type': 'vsconf', 'summary': '0-0'}]",2449,s:20~l:23~t:2449,North Dakota State,Bison,NDSU,North Dakota State Bison,North Dakota St,01402A,ffffff,True,3714,https://a.espncdn.com/i/teamlogos/ncaa/500/2449.png,21,6,True,99,"[{'value': 0.0, 'displayValue': '0', 'period': 1}
 {'value': 3.0, 'displayValue': '3', 'period': 2}
 {'value': 3.0, 'displayValue': '3', 'period': 3}
 {'value': 0.0, 'displayValue': '0', 'period': 4}]","[{'name': 'overall', 'abbreviation': 'Game', 'type': 'total', 'summary': '1-0'}
 {'name': 'Home', 'abbreviation': None, 'type': 'home', 'summary': '0-0'}
 {'name': 'Road', 'abbreviation': None, 'type': 'road', 'summary': '1-0'}
 {'name': 'vs. Conf.', 'abbreviation': None, 'type': 'vsconf', 'summary': '0-0'}]",302472305,2010,2,1,
302472653,s:20~l:23~e:302472653~c:302472653,2010-09-04T23:00Z,0,True,False,False,False,True,False,2010-09-04T23:00Z,,[],,,,,1,STD,3975,Veterans Memorial Stadium (AL),Troy,AL,USA,False,0.0,0:00,4,3,STATUS_FINAL,post,True,Final,Final,Final,4,2653,s:20~l:23~t:2653,Troy,Trojans,TROY,Troy Trojans,Troy,862633,b1b1b1,True,3975,https://a.espncdn.com/i/teamlogos/ncaa/500/2653.png,37,30,True,99,"[{'value': 7.0, 'displayValue': '7', 'period': 1}
 {'value': 10.0, 'displayValue': '10', 'period': 2}
 {'value': 10.0, 'displayValue': '10', 'period': 3}
 {'value': 3.0, 'displayValue': '3', 'period': 4}]","[{'name': 'overall', 'abbreviation': 'Game', 'type': 'total', 'summary': '1-0'}
 {'name': 'Home', 'abbreviation': None, 'type': 'home', 'summary': '1-0'}
 {'name': 'Road', 'abbreviation': None, 'type': 'road', 'summary': '0-0'}
 {'name': 'vs. Conf.', 'abbreviation': None, 'type': 'vsconf', 'summary': '0-0'}]",189,s:20~l:23~t:189,Bowling Green,Falcons,BGSU,Bowling Green Falcons,Bowling Green,fd5000,4f2c1d,True,3700,https://a.espncdn.com/i/teamlogos/ncaa/500/189.png,15,27,False,99,"[{'value': 14.0, 'displayValue': '14', 'period': 1}
 {'value': 3.0, 'displayValue': '3', 'period': 2}
 {'value': 10.0, 'displayValue': '10', 'period': 3}
 {'value': 0.0, 'displayValue': '0', 'period': 4}]","[{'name': 'overall', 'abbreviation': 'Game', 'type': 'total', 'summary': '0-1'}
 {'name': 'Home', 'abbreviation': None, 'type': 'home', 'summary': '0-0'}
 {'name': 'Road', 'abbreviation': None, 'type': 'road', 'summary': '0-1'}
 {'name': 'vs. Conf.', 'abbreviation': None, 'type': 'vsconf', 'summary': '0-0'}]",302472653,2010,2,1,
302472755,s:20~l:23~e:302472755~c:302472755,2010-09-04T23:00Z,0,True,False,True,False,True,False,2010-09-04T23:00Z,,[],event,AT SHREVEPORT LA,,,1,STD,,,,,,,0.0,0:00,4,3,STATUS_FINAL,post,True,Final,Final,Final,4,2755,s:20~l:23~t:2755,Grambling State,Tigers,GRAM,Grambling State Tigers,Grambling St,ee8601,ffd10a,False,3902,https://a.espncdn.com/i/teamlogos/ncaa/500/2755.png,31,6,False,99,"[{'value': 3.0, 'displayValue': '3', 'period': 1}
 {'value': 0.0, 'displayValue': '0', 'period': 2}
 {'value': 3.0, 'displayValue': '3', 'period': 3}
 {'value': 0.0, 'displayValue': '0', 'period': 4}]","[{'name': 'overall', 'abbreviation': 'Game', 'type': 'total', 'summary': '0-1'}
 {'name': 'Home', 'abbreviation': None, 'type': 'home', 'summary': '0-1'}
 {'name': 'Road', 'abbreviation': None, 'type': 'road', 'summary': '0-0'}
 {'name': 'vs. Conf.', 'abbreviation': None, 'type': 'vsconf', 'summary': '0-0'}]",2348,s:20~l:23~t:2348,Louisiana Tech,Bulldogs,LT,Louisiana Tech Bulldogs,LA Tech,003087,cb333b,True,3776,https://a.espncdn.com/i/teamlogos/ncaa/500/2348.png,16,20,True,99,"[{'value': 7.0, 'displayValue': '7', 'period': 1}
 {'value': 10.0, 'displayValue': '10', 'period': 2}
 {'value': 0.0, 'displayValue': '0', 'period': 3}
 {'value': 3.0, 'displayValue': '3', 'period': 4}]","[{'name': 'overall', 'abbreviation': 'Game', 'type': 'total', 'summary': '1-0'}
 {'name': 'Home', 'abbreviation': None, 'type': 'home', 'summary': '0-0'}
 {'name': 'Road', 'abbreviation': None, 'type': 'road', 'summary': '1-0'}
 {'name': 'vs. Conf.', 'abbreviation': None, 'type': 'vsconf', 'summary': '0-0'}]",302472755,2010,2,1,
302470058,s:20~l:23~e:302470058~c:302470058,2010-09-04T23:05Z,0,True,False,False,False,True,False,2010-09-04T23:05Z,,[],,,home,ESPN3,1,STD,3886,Raymond James Stadium,Tampa,FL,USA,False,0.0,0:00,4,3,STATUS_FINAL,post,True,Final,Final,Final,4,58,s:20~l:23~t:58,South Florida,Bulls,USF,South Florida Bulls,USF,006747,cfc493,True,3886,https://a.espncdn.com/i/teamlogos/ncaa/500/58.png,10,59,True,99,"[{'value': 14.0, 'displayValue': '14', 'period': 1}
 {'value': 17.0, 'displayValue': '17', 'period': 2}
 {'value': 21.0, 'displayValue': '21', 'period': 3}
 {'value': 7.0, 'displayValue': '7', 'period': 4}]","[{'name': 'overall', 'abbreviation': 'Game', 'type': 'total', 'summary': '1-0'}
 {'name': 'Home', 'abbreviation': None, 'type': 'home', 'summary': '1-0'}
 {'name': 'Road', 'abbreviation': None, 'type': 'road', 'summary': '0-0'}
 {'name': 'vs. Conf.', 'abbreviation': None, 'type': 'vsconf', 'summary': '0-0'}]",2619,s:20~l:23~t:2619,Stony Brook,Seawolves,STON,Stony Brook Seawolves,Stony Brook,990000,,True,3788,https://a.espncdn.com/i/teamlogos/ncaa/500/2619.png,40,14,False,99,"[{'value': 14.0, 'displayValue': '14', 'period': 1}
 {'value': 0.0, 'displayValue': '0', 'period': 2}
 {'value': 0.0, 'displayValue': '0', 'period': 3}
 {'value': 0.0, 'displayValue': '0', 'period': 4}]","[{'name': 'overall', 'abbreviation': 'Game', 'type': 'total', 'summary': '0-1'}
 {'name': 'Home', 'abbreviation': None, 'type': 'home', 'summary': '0-0'}
 {'name': 'Road', 'abbreviation': None, 'type': 'road', 'summary': '0-1'}
 {'name': 'vs. Conf.', 'abbreviation': None, 'type': 'vsconf', 'summary': '0-0'}]",302470058,2010,2,1,
302470238,s:20~l:23~e:302470238~c:302470238,2010-09-04T23:30Z,0,True,False,False,False,True,False,2010-09-04T23:30Z,,[],,,home,ESPN3,1,STD,3973,FirstBank Stadium,Nashville,TN,USA,False,0.0,0:00,4,3,STATUS_FINAL,post,True,Final,Final,Final,4,238,s:20~l:23~t:238,Vanderbilt,Commodores,VAN,Vanderbilt Commodores,Vanderbilt,000000,cfae70,True,3973,https://a.espncdn.com/i/teamlogos/ncaa/500/238.png,8,21,False,99,"[{'value': 0.0, 'displayValue': '0', 'period': 1}
 {'value': 9.0, 'displayValue': '9', 'period': 2}
 {'value': 6.0, 'displayValue': '6', 'period': 3}
 {'value': 6.0, 'displayValue': '6', 'period': 4}]","[{'name': 'overall', 'abbreviation': 'Game', 'type': 'total', 'summary': '0-1'}
 {'name': 'Home', 'abbreviation': None, 'type': 'home', 'summary': '0-1'}
 {'name': 'Road', 'abbreviation': None, 'type': 'road', 'summary': '0-0'}
 {'name': 'vs. Conf.', 'abbreviation': None, 'type': 'vsconf', 'summary': '0-0'}]",77,s:20~l:23~t:77,Northwestern,Wildcats,NU,Northwestern Wildcats,Northwestern,492f92,ffffff,True,5960,https://a.espncdn.com/i/teamlogos/ncaa/500/77.png,5,23,True,99,"[{'value': 10.0, 'displayValue': '10', 'period': 1}
 {'value': 0.0, 'displayValue': '0', 'period': 2}
 {'value': 7.0, 'displayValue': '7', 'period': 3}
 {'value': 6.0, 'displayValue': '6', 'period': 4}]","[{'name': 'overall', 'abbreviation': 'Game', 'type': 'total', 'summary': '1-0'}
 {'name': 'Home', 'abbreviation': None, 'type': 'home', 'summary': '0-0'}
 {'name': 'Road', 'abbreviation': None, 'type': 'road', 'summary': '1-0'}
 {'name': 'vs. Conf.', 'abbreviation': None, 'type': 'vsconf', 'summary': '0-0'}]",302470238,2010,2,1,
302470021,s:20~l:23~e:302470021~c:302470021,2010-09-05T00:00Z,0,True,False,False,False,True,False,2010-09-05T00:00Z,,[],,,,,1,STD,3932,SDCCU Stadium,San Diego,CA,USA,False,0.0,0:00,4,3,STATUS_FINAL,post,True,Final,Final,Final,4,21,s:20~l:23~t:21,San Diego State,Aztecs,SDSU,San Diego State Aztecs,San Diego St,a6192e,000000,True,7311,https://a.espncdn.com/i/teamlogos/ncaa/500/21.png,9,47,True,99,"[{'value': 0.0, 'displayValue': '0', 'period': 1}
 {'value': 20.0, 'displayValue': '20', 'period': 2}
 {'value': 10.0, 'displayValue': '10', 'period': 3}
 {'value': 17.0, 'displayValue': '17', 'period': 4}]","[{'name': 'overall', 'abbreviation': 'Game', 'type': 'total', 'summary': '1-0'}
 {'name': 'Home', 'abbreviation': None, 'type': 'home', 'summary': '1-0'}
 {'name': 'Road', 'abbreviation': None, 'type': 'road', 'summary': '0-0'}
 {'name': 'vs. Conf.', 'abbreviation': None, 'type': 'vsconf', 'summary': '0-0'}]",2447,s:20~l:23~t:2447,Nicholls State,Colonels,NICH,Nicholls State Colonels,Nicholls State,C41230,f0f0f0,False,3779,https://a.espncdn.com/i/teamlogos/ncaa/500/2447.png,30,0,False,99,"[{'value': 0.0, 'displayValue': '0', 'period': 1}
 {'value': 0.0, 'displayValue': '0', 'period': 2}
 {'value': 0.0, 'displayValue': '0', 'period': 3}
 {'value': 0.0, 'displayValue': '0', 'period': 4}]","[{'name': 'overall', 'abbreviation': 'Game', 'type': 'total', 'summary': '0-1'}
 {'name': 'Home', 'abbreviation': None, 'type': 'home', 'summary': '0-0'}
 {'name': 'Road', 'abbreviation': None, 'type': 'road', 'summary': '0-1'}
 {'name': 'vs. Conf.', 'abbreviation': None, 'type': 'vsconf', 'summary': '0-0'}]",302470021,2010,2,1,
302470248,s:20~l:23~e:302470248~c:302470248,2010-09-05T00:00Z,0,True,False,False,False,True,False,2010-09-05T00:00Z,,[],,,,,1,STD,453,Robertson Stadium,Houston,TX,USA,True,0.0,0:00,4,3,STATUS_FINAL,post,True,Final,Final,Final,4,248,s:20~l:23~t:248,Houston,Cougars,HOU,Houston Cougars,Houston,c8102e,ffffff,True,453,https://a.espncdn.com/i/teamlogos/ncaa/500/248.png,12,68,True,99,"[{'value': 20.0, 'displayValue': '20', 'period': 1}
 {'value': 34.0, 'displayValue': '34', 'period': 2}
 {'value': 14.0, 'displayValue': '14', 'period': 3}
 {'value': 0.0, 'displayValue': '0', 'period': 4}]","[{'name': 'overall', 'abbreviation': 'Game', 'type': 'total', 'summary': '1-0'}
 {'name': 'Home', 'abbreviation': None, 'type': 'home', 'summary': '1-0'}
 {'name': 'Road', 'abbreviation': None, 'type': 'road', 'summary': '0-0'}
 {'name': 'vs. Conf.', 'abbreviation': None, 'type': 'vsconf', 'summary': '0-0'}]",326,s:20~l:23~t:326,Texas State,Bobcats,TXST,Texas State Bobcats,Texas State,501214,6a5638,True,3644,https://a.espncdn.com/i/teamlogos/ncaa/500/326.png,30,28,False,99,"[{'value': 7.0, 'displayValue': '7', 'period': 1}
 {'value': 0.0, 'displayValue': '0', 'period': 2}
 {'value': 7.0, 'displayValue': '7', 'period': 3}
 {'value': 14.0, 'displayValue': '14', 'period': 4}]","[{'name': 'overall', 'abbreviation': 'Game', 'type': 'total', 'summary': '0-1'}
 {'name': 'Home', 'abbreviation': None, 'type': 'home', 'summary': '0-0'}
 {'name': 'Road', 'abbreviation': None, 'type': 'road', 'summary': '0-1'}
 {'name': 'vs. Conf.', 'abbreviation': None, 'type': 'vsconf', 'summary': '0-0'}]",302470248,2010,2,1,
302472751,s:20~l:23~e:302472751~c:302472751,2010-09-05T01:00Z,0,True,False,False,False,True,False,2010-09-05T01:00Z,,[],,,,,1,STD,3984,War Memorial Stadium,Laramie,WY,USA,False,0.0,0:00,4,3,STATUS_FINAL,post,True,Final,Final,Final,4,2751,s:20~l:23~t:2751,Wyoming,Cowboys,WYO,Wyoming Cowboys,Wyoming,492f24,ffc425,True,3984,https://a.espncdn.com/i/teamlogos/ncaa/500/2751.png,17,28,True,99,"[{'value': 7.0, 'displayValue': '7', 'period': 1}
 {'value': 7.0, 'displayValue': '7', 'period': 2}
 {'value': 14.0, 'displayValue': '14', 'period': 3}
 {'value': 0.0, 'displayValue': '0', 'period': 4}]","[{'name': 'overall', 'abbreviation': 'Game', 'type': 'total', 'summary': '1-0'}
 {'name': 'Home', 'abbreviation': None, 'type': 'home', 'summary': '1-0'}
 {'name': 'Road', 'abbreviation': None, 'type': 'road', 'summary': '0-0'}
 {'name': 'vs. Conf.', 'abbreviation': None, 'type': 'vsconf', 'summary': '0-0'}]",253,s:20~l:23~t:253,Southern Utah,Thunderbirds,SUU,Southern Utah Thunderbirds,Southern Utah,c72026,000000,True,3706,https://a.espncdn.com/i/teamlogos/ncaa/500/253.png,43,20,False,99,"[{'value': 7.0, 'displayValue': '7', 'period': 1}
 {'value': 3.0, 'displayValue': '3', 'period': 2}
 {'value': 0.0, 'displayValue': '0', 'period': 3}
 {'value': 10.0, 'displayValue': '10', 'period': 4}]","[{'name': 'overall', 'abbreviation': 'Game', 'type': 'total', 'summary': '0-1'}
 {'name': 'Home', 'abbreviation': None, 'type': 'home', 'summary': '0-0'}
 {'name': 'Road', 'abbreviation': None, 'type': 'road', 'summary': '0-1'}
 {'name': 'vs. Conf.', 'abbreviation': None, 'type': 'vsconf', 'summary': '0-0'}]",302472751,2010,2,1,
302472638,s:20~l:23~e:302472638~c:302472638,2010-09-05T01:05Z,0,True,False,False,False,True,False,2010-09-05T01:05Z,,[],,,,,1,STD,3946,Sun Bowl,El Paso,TX,USA,False,20.0,0:20,4,3,STATUS_FINAL,post,True,Final,Final,Final,4,2638,s:20~l:23~t:2638,UTEP,Miners,UTEP,UTEP Miners,UTEP,ff8200,041e42,True,3946,https://a.espncdn.com/i/teamlogos/ncaa/500/2638.png,12,31,True,99,"[{'value': 7.0, 'displayValue': '7', 'period': 1}
 {'value': 7.0, 'displayValue': '7', 'period': 2}
 {'value': 14.0, 'displayValue': '14', 'period': 3}
 {'value': 3.0, 'displayValue': '3', 'period': 4}]","[{'name': 'overall', 'abbreviation': 'Game', 'type': 'total', 'summary': '1-0'}
 {'name': 'Home', 'abbreviation': None, 'type': 'home', 'summary': '1-0'}
 {'name': 'Road', 'abbreviation': None, 'type': 'road', 'summary': '0-0'}
 {'name': 'vs. Conf.', 'abbreviation': None, 'type': 'vsconf', 'summary': '0-0'}]",2029,s:20~l:23~t:2029,Arkansas-Pine Bluff,Golden Lions,ARPB,Arkansas-Pine Bluff Golden Lions,AR-Pine Bluff,e0aa0f,eaaa00,True,3740,https://a.espncdn.com/i/teamlogos/ncaa/500/2029.png,31,10,False,99,"[{'value': 7.0, 'displayValue': '7', 'period': 1}
 {'value': 3.0, 'displayValue': '3', 'period': 2}
 {'value': 0.0, 'displayValue': '0', 'period': 3}
 {'value': 0.0, 'displayValue': '0', 'period': 4}]","[{'name': 'overall', 'abbreviation': 'Game', 'type': 'total', 'summary': '0-1'}
 {'name': 'Home', 'abbreviation': None, 'type': 'home', 'summary': '0-0'}
 {'name': 'Road', 'abbreviation': None, 'type': 'road', 'summary': '0-1'}
 {'name': 'vs. Conf.', 'abbreviation': None, 'type': 'vsconf', 'summary': '0-0'}]",302472638,2010,2,1,
302470009,s:20~l:23~e:302470009~c:302470009,2010-09-05T02:00Z,0,True,False,False,False,True,False,2010-09-05T02:00Z,,[],,,,,1,STD,3947,Mountain America Stadium,Tempe,AZ,USA,False,0.0,0:00,4,3,STATUS_FINAL,post,True,Final,Final,Final,4,9,s:20~l:23~t:9,Arizona State,Sun Devils,ASU,Arizona State Sun Devils,Arizona St,ffc627,8c1d40,True,3947,https://a.espncdn.com/i/teamlogos/ncaa/500/9.png,4,54,True,99,"[{'value': 16.0, 'displayValue': '16', 'period': 1}
 {'value': 14.0, 'displayValue': '14', 'period': 2}
 {'value': 14.0, 'displayValue': '14', 'period': 3}
 {'value': 10.0, 'displayValue': '10', 'period': 4}]","[{'name': 'overall', 'abbreviation': 'Game', 'type': 'total', 'summary': '1-0'}
 {'name': 'Home', 'abbreviation': None, 'type': 'home', 'summary': '1-0'}
 {'name': 'Road', 'abbreviation': None, 'type': 'road', 'summary': '0-0'}
 {'name': 'vs. Conf.', 'abbreviation': None, 'type': 'vsconf', 'summary': '0-0'}]",2502,s:20~l:23~t:2502,Portland State,Vikings,PRST,Portland State Vikings,Portland State,00311e,ebebeb,True,4765,https://a.espncdn.com/i/teamlogos/ncaa/500/2502.png,20,9,False,99,"[{'value': 3.0, 'displayValue': '3', 'period': 1}
 {'value': 3.0, 'displayValue': '3', 'period': 2}
 {'value': 3.0, 'displayValue': '3', 'period': 3}
 {'value': 0.0, 'displayValue': '0', 'period': 4}]","[{'name': 'overall', 'abbreviation': 'Game', 'type': 'total', 'summary': '0-1'}
 {'name': 'Home', 'abbreviation': None, 'type': 'home', 'summary': '0-0'}
 {'name': 'Road', 'abbreviation': None, 'type': 'road', 'summary': '0-1'}
 {'name': 'vs. Conf.', 'abbreviation': None, 'type': 'vsconf', 'summary': '0-0'}]",302470009,2010,2,1,
302470278,s:20~l:23~e:302470278~c:302470278,2010-09-05T02:00Z,0,True,False,False,False,True,False,2010-09-05T02:00Z,ESPN3/ESPN2,[],,,national,ESPN3,1,STD,3660,Valley Children's Stadium,Fresno,CA,USA,False,0.0,0:00,4,3,STATUS_FINAL,post,True,Final,Final,Final,4,278,s:20~l:23~t:278,Fresno State,Bulldogs,FRES,Fresno State Bulldogs,Fresno State,b1102b,13284c,True,3660,https://a.espncdn.com/i/teamlogos/ncaa/500/278.png,16,28,True,99,"[{'value': 0.0, 'displayValue': '0', 'period': 1}
 {'value': 14.0, 'displayValue': '14', 'period': 2}
 {'value': 7.0, 'displayValue': '7', 'period': 3}
 {'value': 7.0, 'displayValue': '7', 'period': 4}]","[{'name': 'overall', 'abbreviation': 'Game', 'type': 'total', 'summary': '1-0'}
 {'name': 'Home', 'abbreviation': None, 'type': 'home', 'summary': '1-0'}
 {'name': 'Road', 'abbreviation': None, 'type': 'road', 'summary': '0-0'}
 {'name': 'vs. Conf.', 'abbreviation': None, 'type': 'vsconf', 'summary': '0-0'}]",2132,s:20~l:23~t:2132,Cincinnati,Bearcats,CIN,Cincinnati Bearcats,Cincinnati,000000,e00122,True,3854,https://a.espncdn.com/i/teamlogos/ncaa/500/2132.png,10,14,False,99,"[{'value': 7.0, 'displayValue': '7', 'period': 1}
 {'value': 7.0, 'displayValue': '7', 'period': 2}
 {'value': 0.0, 'displayValue': '0', 'period': 3}
 {'value': 0.0, 'displayValue': '0', 'period': 4}]","[{'name': 'overall', 'abbreviation': 'Game', 'type': 'total', 'summary': '0-1'}
 {'name': 'Home', 'abbreviation': None, 'type': 'home', 'summary': '0-0'}
 {'name': 'Road', 'abbreviation': None, 'type': 'road', 'summary': '0-1'}
 {'name': 'vs. Conf.', 'abbreviation': None, 'type': 'vsconf', 'summary': '0-0'}]",302470278,2010,2,1,
302480151,s:20~l:23~e:302480151~c:302480151,2010-09-05T18:00Z,0,True,False,False,False,True,False,2010-09-05T18:00Z,ESPN3/ESPN2,[],,,national,ESPN3,1,STD,3699,Dowdy-Ficklen Stadium,Greenville,NC,USA,False,0.0,0:00,4,3,STATUS_FINAL,post,True,Final,Final,Final,4,151,s:20~l:23~t:151,East Carolina,Pirates,ECU,East Carolina Pirates,ECU,582c83,ffc72c,True,3699,https://a.espncdn.com/i/teamlogos/ncaa/500/151.png,12,51,True,99,"[{'value': 10.0, 'displayValue': '10', 'period': 1}
 {'value': 7.0, 'displayValue': '7', 'period': 2}
 {'value': 7.0, 'displayValue': '7', 'period': 3}
 {'value': 27.0, 'displayValue': '27', 'period': 4}]","[{'name': 'overall', 'abbreviation': 'Game', 'type': 'total', 'summary': '1-0'}
 {'name': 'Home', 'abbreviation': None, 'type': 'home', 'summary': '1-0'}
 {'name': 'Road', 'abbreviation': None, 'type': 'road', 'summary': '0-0'}
 {'name': 'vs. Conf.', 'abbreviation': None, 'type': 'vsconf', 'summary': '1-0'}]",202,s:20~l:23~t:202,Tulsa,Golden Hurricane,TLSA,Tulsa Golden Hurricane,Tulsa,003595,d0b787,True,3674,https://a.espncdn.com/i/teamlogos/ncaa/500/202.png,12,49,False,99,"[{'value': 7.0, 'displayValue': '7', 'period': 1}
 {'value': 9.0, 'displayValue': '9', 'period': 2}
 {'value': 13.0, 'displayValue': '13', 'period': 3}
 {'value': 20.0, 'displayValue': '20', 'period': 4}]","[{'name': 'overall', 'abbreviation': 'Game', 'type': 'total', 'summary': '0-1'}
 {'name': 'Home', 'abbreviation': None, 'type': 'home', 'summary': '0-0'}
 {'name': 'Road', 'abbreviation': None, 'type': 'road', 'summary': '0-1'}
 {'name': 'vs. Conf.', 'abbreviation': None, 'type': 'vsconf', 'summary': '0-1'}]",302480151,2010,2,1,
302482641,s:20~l:23~e:302482641~c:302482641,2010-09-05T19:30Z,0,True,False,False,False,True,False,2010-09-05T19:30Z,ESPN3/ESPN,[],,,national,ESPN3,1,STD,3784,Jones AT&T Stadium,Lubbock,TX,USA,False,0.0,0:00,4,3,STATUS_FINAL,post,True,Final,Final,Final,4,2641,s:20~l:23~t:2641,Texas Tech,Red Raiders,TTU,Texas Tech Red Raiders,Texas Tech,da291c,000000,True,3784,https://a.espncdn.com/i/teamlogos/ncaa/500/2641.png,4,35,True,99,"[{'value': 7.0, 'displayValue': '7', 'period': 1}
 {'value': 14.0, 'displayValue': '14', 'period': 2}
 {'value': 14.0, 'displayValue': '14', 'period': 3}
 {'value': 0.0, 'displayValue': '0', 'period': 4}]","[{'name': 'overall', 'abbreviation': 'Game', 'type': 'total', 'summary': '1-0'}
 {'name': 'Home', 'abbreviation': None, 'type': 'home', 'summary': '1-0'}
 {'name': 'Road', 'abbreviation': None, 'type': 'road', 'summary': '0-0'}
 {'name': 'vs. Conf.', 'abbreviation': None, 'type': 'vsconf', 'summary': '0-0'}]",2567,s:20~l:23~t:2567,SMU,Mustangs,SMU,SMU Mustangs,SMU,a80000,0033a1,True,3735,https://a.espncdn.com/i/teamlogos/ncaa/500/2567.png,12,27,False,99,"[{'value': 0.0, 'displayValue': '0', 'period': 1}
 {'value': 7.0, 'displayValue': '7', 'period': 2}
 {'value': 10.0, 'displayValue': '10', 'period': 3}
 {'value': 10.0, 'displayValue': '10', 'period': 4}]","[{'name': 'overall', 'abbreviation': 'Game', 'type': 'total', 'summary': '0-1'}
 {'name': 'Home', 'abbreviation': None, 'type': 'home', 'summary': '0-0'}
 {'name': 'Road', 'abbreviation': None, 'type': 'road', 'summary': '0-1'}
 {'name': 'vs. Conf.', 'abbreviation': None, 'type': 'vsconf', 'summary': '0-0'}]",302482641,2010,2,1,
302490259,s:20~l:23~e:302490259~c:302490259,2010-09-07T00:00Z,0,True,False,True,False,True,False,2010-09-07T00:00Z,ESPN3/ESPN,[],event,AT LANDOVER MD,national,ESPN3,1,STD,,,,,,,0.0,0:00,4,3,STATUS_FINAL,post,True,Final,Final,Final,4,259,s:20~l:23~t:259,Virginia Tech,Hokies,VT,Virginia Tech Hokies,Virginia Tech,6a2c3e,cf4520,True,3799,https://a.espncdn.com/i/teamlogos/ncaa/500/259.png,1,30,False,10,"[{'value': 0.0, 'displayValue': '0', 'period': 1}
 {'value': 14.0, 'displayValue': '14', 'period': 2}
 {'value': 13.0, 'displayValue': '13', 'period': 3}
 {'value': 3.0, 'displayValue': '3', 'period': 4}]","[{'name': 'overall', 'abbreviation': 'Game', 'type': 'total', 'summary': '0-1'}
 {'name': 'Home', 'abbreviation': None, 'type': 'home', 'summary': '0-1'}
 {'name': 'Road', 'abbreviation': None, 'type': 'road', 'summary': '0-0'}
 {'name': 'vs. Conf.', 'abbreviation': None, 'type': 'vsconf', 'summary': '0-0'}]",68,s:20~l:23~t:68,Boise State,Broncos,BSU,Boise State Broncos,Boise St,0033a0,d64309,True,3653,https://a.espncdn.com/i/teamlogos/ncaa/500/68.png,16,33,True,3,"[{'value': 17.0, 'displayValue': '17', 'period': 1}
 {'value': 3.0, 'displayValue': '3', 'period': 2}
 {'value': 6.0, 'displayValue': '6', 'period': 3}
 {'value': 7.0, 'displayValue': '7', 'period': 4}]","[{'name': 'overall', 'abbreviation': 'Game', 'type': 'total', 'summary': '1-0'}
 {'name': 'Home', 'abbreviation': None, 'type': 'home', 'summary': '0-0'}
 {'name': 'Road', 'abbreviation': None, 'type': 'road', 'summary': '1-0'}
 {'name': 'vs. Conf.', 'abbreviation': None, 'type': 'vsconf', 'summary': '0-0'}]",302490259,2010,2,1,
302490120,s:20~l:23~e:302490120~c:302490120,2010-09-06T20:00Z,0,True,False,True,False,True,False,2010-09-06T20:00Z,ESPN3/ESPN,[],event,AT BALTIMORE MD,national,ESPN3,1,STD,,,,,,,0.0,0:00,4,3,STATUS_FINAL,post,True,Final,Final,Final,4,120,s:20~l:23~t:120,Maryland,Terrapins,MD,Maryland Terrapins,Maryland,ce1126,ffffff,True,3665,https://a.espncdn.com/i/teamlogos/ncaa/500/120.png,1,17,True,99,"[{'value': 14.0, 'displayValue': '14', 'period': 1}
 {'value': 0.0, 'displayValue': '0', 'period': 2}
 {'value': 0.0, 'displayValue': '0', 'period': 3}
 {'value': 3.0, 'displayValue': '3', 'period': 4}]","[{'name': 'overall', 'abbreviation': 'Game', 'type': 'total', 'summary': '1-0'}
 {'name': 'Home', 'abbreviation': None, 'type': 'home', 'summary': '1-0'}
 {'name': 'Road', 'abbreviation': None, 'type': 'road', 'summary': '0-0'}
 {'name': 'vs. Conf.', 'abbreviation': None, 'type': 'vsconf', 'summary': '0-0'}]",2426,s:20~l:23~t:2426,Navy,Midshipmen,NAVY,Navy Midshipmen,Navy,00225b,b5a67c,True,3852,https://a.espncdn.com/i/teamlogos/ncaa/500/2426.png,18,14,False,99,"[{'value': 0.0, 'displayValue': '0', 'period': 1}
 {'value': 7.0, 'displayValue': '7', 'period': 2}
 {'value': 7.0, 'displayValue': '7', 'period': 3}
 {'value': 0.0, 'displayValue': '0', 'period': 4}]","[{'name': 'overall', 'abbreviation': 'Game', 'type': 'total', 'summary': '0-1'}
 {'name': 'Home', 'abbreviation': None, 'type': 'home', 'summary': '0-0'}
 {'name': 'Road', 'abbreviation': None, 'type': 'road', 'summary': '0-1'}
 {'name': 'vs. Conf.', 'abbreviation': None, 'type': 'vsconf', 'summary': '0-0'}]",302490120,2010,2,1,
302520344,s:20~l:23~e:302520344~c:302520344,2010-09-09T23:30Z,0,True,False,False,False,True,False,2010-09-09T23:30Z,ESPN3/ESPN,[],,,national,ESPN3,1,STD,3693,Davis Wade Stadium,Starkville,MS,USA,False,0.0,0:00,4,3,STATUS_FINAL,post,True,Final,Final,Final,4,344,s:20~l:23~t:344,Mississippi State,Bulldogs,MSST,Mississippi State Bulldogs,Miss St,5d1725,c1c6c8,True,3693,https://a.espncdn.com/i/teamlogos/ncaa/500/344.png,8,14,False,99,"[{'value': 7.0, 'displayValue': '7', 'period': 1}
 {'value': 0.0, 'displayValue': '0', 'period': 2}
 {'value': 7.0, 'displayValue': '7', 'period': 3}
 {'value': 0.0, 'displayValue': '0', 'period': 4}]","[{'name': 'overall', 'abbreviation': 'Game', 'type': 'total', 'summary': '1-1'}
 {'name': 'Home', 'abbreviation': None, 'type': 'home', 'summary': '1-1'}
 {'name': 'Road', 'abbreviation': None, 'type': 'road', 'summary': '0-0'}
 {'name': 'vs. Conf.', 'abbreviation': None, 'type': 'vsconf', 'summary': '0-1'}]",2,s:20~l:23~t:2,Auburn,Tigers,AUB,Auburn Tigers,Auburn,002b5c,f26522,True,3785,https://a.espncdn.com/i/teamlogos/ncaa/500/2.png,8,17,True,21,"[{'value': 7.0, 'displayValue': '7', 'period': 1}
 {'value': 10.0, 'displayValue': '10', 'period': 2}
 {'value': 0.0, 'displayValue': '0', 'period': 3}
 {'value': 0.0, 'displayValue': '0', 'period': 4}]","[{'name': 'overall', 'abbreviation': 'Game', 'type': 'total', 'summary': '2-0'}
 {'name': 'Home', 'abbreviation': None, 'type': 'home', 'summary': '1-0'}
 {'name': 'Road', 'abbreviation': None, 'type': 'road', 'summary': '1-0'}
 {'name': 'vs. Conf.', 'abbreviation': None, 'type': 'vsconf', 'summary': '1-0'}]",302520344,2010,2,2,
302520218,s:20~l:23~e:302520218~c:302520218,2010-09-09T23:00Z,0,True,False,False,False,True,False,2010-09-09T23:00Z,ESPNU,[],,,national,ESPNU,1,STD,3806,Lincoln Financial Field,Philadelphia,PA,USA,False,0.0,0:00,5,3,STATUS_FINAL,post,True,Final,Final/OT,Final/OT,4,218,s:20~l:23~t:218,Temple,Owls,TEM,Temple Owls,Temple,a41e35,ffffff,True,3806,https://a.espncdn.com/i/teamlogos/ncaa/500/218.png,15,13,True,99,"[{'value': 0.0, 'displayValue': '0', 'period': 1}
 {'value': 7.0, 'displayValue': '7', 'period': 2}
 {'value': 3.0, 'displayValue': '3', 'period': 3}
 {'value': 0.0, 'displayValue': '0', 'period': 4}
 {'value': 3.0, 'displayValue': '3', 'period': 5}]","[{'name': 'overall', 'abbreviation': 'Game', 'type': 'total', 'summary': '2-0'}
 {'name': 'Home', 'abbreviation': None, 'type': 'home', 'summary': '2-0'}
 {'name': 'Road', 'abbreviation': None, 'type': 'road', 'summary': '0-0'}
 {'name': 'vs. Conf.', 'abbreviation': None, 'type': 'vsconf', 'summary': '1-0'}]",2117,s:20~l:23~t:2117,Central Michigan,Chippewas,CMU,Central Michigan Chippewas,Cent Michigan,4c0027,fbab18,True,3786,https://a.espncdn.com/i/teamlogos/ncaa/500/2117.png,15,10,False,99,"[{'value': 0.0, 'displayValue': '0', 'period': 1}
 {'value': 0.0, 'displayValue': '0', 'period': 2}
 {'value': 7.0, 'displayValue': '7', 'period': 3}
 {'value': 3.0, 'displayValue': '3', 'period': 4}
 {'value': 0.0, 'displayValue': '0', 'period': 5}]","[{'name': 'overall', 'abbreviation': 'Game', 'type': 'total', 'summary': '1-1'}
 {'name': 'Home', 'abbreviation': None, 'type': 'home', 'summary': '1-0'}
 {'name': 'Road', 'abbreviation': None, 'type': 'road', 'summary': '0-1'}
 {'name': 'vs. Conf.', 'abbreviation': None, 'type': 'vsconf', 'summary': '0-1'}]",302520218,2010,2,2,OT
302530276,s:20~l:23~e:302530276~c:302530276,2010-09-10T23:00Z,0,True,False,False,False,True,False,2010-09-10T23:00Z,ESPN3/ESPN,[],,,national,ESPN3,1,STD,3775,Joan C. Edwards Stadium,Huntington,WV,USA,False,0.0,0:00,5,3,STATUS_FINAL,post,True,Final,Final/OT,Final/OT,4,276,s:20~l:23~t:276,Marshall,Thundering Herd,MRSH,Marshall Thundering Herd,Marshall,00b140,000000,True,3775,https://a.espncdn.com/i/teamlogos/ncaa/500/276.png,12,21,False,99,"[{'value': 7.0, 'displayValue': '7', 'period': 1}
 {'value': 7.0, 'displayValue': '7', 'period': 2}
 {'value': 0.0, 'displayValue': '0', 'period': 3}
 {'value': 7.0, 'displayValue': '7', 'period': 4}
 {'value': 0.0, 'displayValue': '0', 'period': 5}]","[{'name': 'overall', 'abbreviation': 'Game', 'type': 'total', 'summary': '0-2'}
 {'name': 'Home', 'abbreviation': None, 'type': 'home', 'summary': '0-1'}
 {'name': 'Road', 'abbreviation': None, 'type': 'road', 'summary': '0-1'}
 {'name': 'vs. Conf.', 'abbreviation': None, 'type': 'vsconf', 'summary': '0-0'}]",277,s:20~l:23~t:277,West Virginia,Mountaineers,WVU,West Virginia Mountaineers,West Virginia,eaaa00,002855,True,3842,https://a.espncdn.com/i/teamlogos/ncaa/500/277.png,10,24,True,23,"[{'value': 3.0, 'displayValue': '3', 'period': 1}
 {'value': 0.0, 'displayValue': '0', 'period': 2}
 {'value': 3.0, 'displayValue': '3', 'period': 3}
 {'value': 15.0, 'displayValue': '15', 'period': 4}
 {'value': 3.0, 'displayValue': '3', 'period': 5}]","[{'name': 'overall', 'abbreviation': 'Game', 'type': 'total', 'summary': '2-0'}
 {'name': 'Home', 'abbreviation': None, 'type': 'home', 'summary': '1-0'}
 {'name': 'Road', 'abbreviation': None, 'type': 'road', 'summary': '1-0'}
 {'name': 'vs. Conf.', 'abbreviation': None, 'type': 'vsconf', 'summary': '0-0'}]",302530276,2010,2,2,OT
302530248,s:20~l:23~e:302530248~c:302530248,2010-09-11T02:15Z,0,True,False,False,False,True,False,2010-09-11T02:15Z,ESPN3/ESPN,[],,,national,ESPN3,1,STD,453,Robertson Stadium,Houston,TX,USA,True,0.0,0:00,4,3,STATUS_FINAL,post,True,Final,Final,Final,4,248,s:20~l:23~t:248,Houston,Cougars,HOU,Houston Cougars,Houston,c8102e,ffffff,True,453,https://a.espncdn.com/i/teamlogos/ncaa/500/248.png,12,54,True,99,"[{'value': 14.0, 'displayValue': '14', 'period': 1}
 {'value': 17.0, 'displayValue': '17', 'period': 2}
 {'value': 6.0, 'displayValue': '6', 'period': 3}
 {'value': 17.0, 'displayValue': '17', 'period': 4}]","[{'name': 'overall', 'abbreviation': 'Game', 'type': 'total', 'summary': '2-0'}
 {'name': 'Home', 'abbreviation': None, 'type': 'home', 'summary': '2-0'}
 {'name': 'Road', 'abbreviation': None, 'type': 'road', 'summary': '0-0'}
 {'name': 'vs. Conf.', 'abbreviation': None, 'type': 'vsconf', 'summary': '1-0'}]",2638,s:20~l:23~t:2638,UTEP,Miners,UTEP,UTEP Miners,UTEP,ff8200,041e42,True,3946,https://a.espncdn.com/i/teamlogos/ncaa/500/2638.png,12,24,False,99,"[{'value': 7.0, 'displayValue': '7', 'period': 1}
 {'value': 3.0, 'displayValue': '3', 'period': 2}
 {'value': 7.0, 'displayValue': '7', 'period': 3}
 {'value': 7.0, 'displayValue': '7', 'period': 4}]","[{'name': 'overall', 'abbreviation': 'Game', 'type': 'total', 'summary': '1-1'}
 {'name': 'Home', 'abbreviation': None, 'type': 'home', 'summary': '1-0'}
 {'name': 'Road', 'abbreviation': None, 'type': 'road', 'summary': '0-1'}
 {'name': 'vs. Conf.', 'abbreviation': None, 'type': 'vsconf', 'summary': '0-1'}]",302530248,2010,2,2,
302540333,s:20~l:23~e:302540333~c:302540333,2010-09-11T23:00Z,0,True,False,False,False,True,False,2010-09-11T23:00Z,ESPN3/ESPN,[],,,national,ESPN3,1,STD,3657,Bryant-Denny Stadium,Tuscaloosa,AL,USA,False,0.0,0:00,4,3,STATUS_FINAL,post,True,Final,Final,Final,4,333,s:20~l:23~t:333,Alabama,Crimson Tide,ALA,Alabama Crimson Tide,Alabama,9e1b32,ffffff,True,3657,https://a.espncdn.com/i/teamlogos/ncaa/500/333.png,8,24,True,1,"[{'value': 7.0, 'displayValue': '7', 'period': 1}
 {'value': 10.0, 'displayValue': '10', 'period': 2}
 {'value': 0.0, 'displayValue': '0', 'period': 3}
 {'value': 7.0, 'displayValue': '7', 'period': 4}]","[{'name': 'overall', 'abbreviation': 'Game', 'type': 'total', 'summary': '2-0'}
 {'name': 'Home', 'abbreviation': None, 'type': 'home', 'summary': '2-0'}
 {'name': 'Road', 'abbreviation': None, 'type': 'road', 'summary': '0-0'}
 {'name': 'vs. Conf.', 'abbreviation': None, 'type': 'vsconf', 'summary': '0-0'}]",213,s:20~l:23~t:213,Penn State,Nittany Lions,PSU,Penn State Nittany Lions,Penn State,061440,ffffff,True,3632,https://a.espncdn.com/i/teamlogos/ncaa/500/213.png,5,3,False,18,"[{'value': 0.0, 'displayValue': '0', 'period': 1}
 {'value': 0.0, 'displayValue': '0', 'period': 2}
 {'value': 0.0, 'displayValue': '0', 'period': 3}
 {'value': 3.0, 'displayValue': '3', 'period': 4}]","[{'name': 'overall', 'abbreviation': 'Game', 'type': 'total', 'summary': '1-1'}
 {'name': 'Home', 'abbreviation': None, 'type': 'home', 'summary': '1-0'}
 {'name': 'Road', 'abbreviation': None, 'type': 'road', 'summary': '0-1'}
 {'name': 'vs. Conf.', 'abbreviation': None, 'type': 'vsconf', 'summary': '0-0'}]",302540333,2010,2,2,
302540194,s:20~l:23~e:302540194~c:302540194,2010-09-11T19:30Z,0,True,False,False,False,True,False,2010-09-11T19:30Z,ESPN3/ESPN,[],,,national,ESPN3,1,STD,3861,Ohio Stadium,Columbus,OH,USA,False,0.0,0:00,4,3,STATUS_FINAL,post,True,Final,Final,Final,4,194,s:20~l:23~t:194,Ohio State,Buckeyes,OSU,Ohio State Buckeyes,Ohio State,ba0c2f,a8adb4,True,3861,https://a.espncdn.com/i/teamlogos/ncaa/500/194.png,5,36,True,2,"[{'value': 3.0, 'displayValue': '3', 'period': 1}
 {'value': 23.0, 'displayValue': '23', 'period': 2}
 {'value': 10.0, 'displayValue': '10', 'period': 3}
 {'value': 0.0, 'displayValue': '0', 'period': 4}]","[{'name': 'overall', 'abbreviation': 'Game', 'type': 'total', 'summary': '2-0'}
 {'name': 'Home', 'abbreviation': None, 'type': 'home', 'summary': '2-0'}
 {'name': 'Road', 'abbreviation': None, 'type': 'road', 'summary': '0-0'}
 {'name': 'vs. Conf.', 'abbreviation': None, 'type': 'vsconf', 'summary': '0-0'}]",2390,s:20~l:23~t:2390,Miami,Hurricanes,MIAMI,Miami Hurricanes,Miami,f47423,035131,True,3948,https://a.espncdn.com/i/teamlogos/ncaa/500/2390.png,1,24,False,12,"[{'value': 7.0, 'displayValue': '7', 'period': 1}
 {'value': 10.0, 'displayValue': '10', 'period': 2}
 {'value': 0.0, 'displayValue': '0', 'period': 3}
 {'value': 7.0, 'displayValue': '7', 'period': 4}]","[{'name': 'overall', 'abbreviation': 'Game', 'type': 'total', 'summary': '1-1'}
 {'name': 'Home', 'abbreviation': None, 'type': 'home', 'summary': '1-0'}
 {'name': 'Road', 'abbreviation': None, 'type': 'road', 'summary': '0-1'}
 {'name': 'vs. Conf.', 'abbreviation': None, 'type': 'vsconf', 'summary': '0-0'}]",302540194,2010,2,2,
302542628,s:20~l:23~e:302542628~c:302542628,2010-09-11T23:00Z,0,True,False,False,False,True,False,2010-09-11T23:00Z,,[],,,,,1,STD,3616,Amon G. Carter Stadium,Fort Worth,TX,USA,False,0.0,0:00,4,3,STATUS_FINAL,post,True,Final,Final,Final,4,2628,s:20~l:23~t:2628,TCU,Horned Frogs,TCU,TCU Horned Frogs,TCU,4d1979,ffffff,True,3616,https://a.espncdn.com/i/teamlogos/ncaa/500/2628.png,4,62,True,4,"[{'value': 21.0, 'displayValue': '21', 'period': 1}
 {'value': 14.0, 'displayValue': '14', 'period': 2}
 {'value': 6.0, 'displayValue': '6', 'period': 3}
 {'value': 21.0, 'displayValue': '21', 'period': 4}]","[{'name': 'overall', 'abbreviation': 'Game', 'type': 'total', 'summary': '2-0'}
 {'name': 'Home', 'abbreviation': None, 'type': 'home', 'summary': '2-0'}
 {'name': 'Road', 'abbreviation': None, 'type': 'road', 'summary': '0-0'}
 {'name': 'vs. Conf.', 'abbreviation': None, 'type': 'vsconf', 'summary': '0-0'}]",2635,s:20~l:23~t:2635,Tennessee Tech,Golden Eagles,TNTC,Tennessee Tech Golden Eagles,Tenn Tech,5A4099,ffde00,True,3962,https://a.espncdn.com/i/teamlogos/ncaa/500/2635.png,26,7,False,99,"[{'value': 0.0, 'displayValue': '0', 'period': 1}
 {'value': 7.0, 'displayValue': '7', 'period': 2}
 {'value': 0.0, 'displayValue': '0', 'period': 3}
 {'value': 0.0, 'displayValue': '0', 'period': 4}]","[{'name': 'overall', 'abbreviation': 'Game', 'type': 'total', 'summary': '0-2'}
 {'name': 'Home', 'abbreviation': None, 'type': 'home', 'summary': '0-0'}
 {'name': 'Road', 'abbreviation': None, 'type': 'road', 'summary': '0-2'}
 {'name': 'vs. Conf.', 'abbreviation': None, 'type': 'vsconf', 'summary': '0-0'}]",302542628,2010,2,2,
302540251,s:20~l:23~e:302540251~c:302540251,2010-09-11T23:00Z,0,True,False,False,False,True,False,2010-09-11T23:00Z,,[],,,,,1,STD,3910,DKR-Texas Memorial Stadium,Austin,TX,USA,False,0.0,0:00,4,3,STATUS_FINAL,post,True,Final,Final,Final,4,251,s:20~l:23~t:251,Texas,Longhorns,TEX,Texas Longhorns,Texas,af5c37,ffffff,True,3910,https://a.espncdn.com/i/teamlogos/ncaa/500/251.png,4,34,True,5,"[{'value': 3.0, 'displayValue': '3', 'period': 1}
 {'value': 17.0, 'displayValue': '17', 'period': 2}
 {'value': 7.0, 'displayValue': '7', 'period': 3}
 {'value': 7.0, 'displayValue': '7', 'period': 4}]","[{'name': 'overall', 'abbreviation': 'Game', 'type': 'total', 'summary': '2-0'}
 {'name': 'Home', 'abbreviation': None, 'type': 'home', 'summary': '1-0'}
 {'name': 'Road', 'abbreviation': None, 'type': 'road', 'summary': '1-0'}
 {'name': 'vs. Conf.', 'abbreviation': None, 'type': 'vsconf', 'summary': '0-0'}]",2751,s:20~l:23~t:2751,Wyoming,Cowboys,WYO,Wyoming Cowboys,Wyoming,492f24,ffc425,True,3984,https://a.espncdn.com/i/teamlogos/ncaa/500/2751.png,17,7,False,99,"[{'value': 0.0, 'displayValue': '0', 'period': 1}
 {'value': 7.0, 'displayValue': '7', 'period': 2}
 {'value': 0.0, 'displayValue': '0', 'period': 3}
 {'value': 0.0, 'displayValue': '0', 'period': 4}]","[{'name': 'overall', 'abbreviation': 'Game', 'type': 'total', 'summary': '1-1'}
 {'name': 'Home', 'abbreviation': None, 'type': 'home', 'summary': '1-0'}
 {'name': 'Road', 'abbreviation': None, 'type': 'road', 'summary': '0-1'}
 {'name': 'vs. Conf.', 'abbreviation': None, 'type': 'vsconf', 'summary': '0-0'}]",302540251,2010,2,2,
302540158,s:20~l:23~e:302540158~c:302540158,2010-09-11T16:30Z,0,True,False,False,False,True,False,2010-09-11T16:30Z,,[],,,,,1,STD,3834,"Memorial Stadium (Lincoln, NE)",Lincoln,NE,USA,False,0.0,0:00,4,3,STATUS_FINAL,post,True,Final,Final,Final,4,158,s:20~l:23~t:158,Nebraska,Cornhuskers,NEB,Nebraska Cornhuskers,Nebraska,e31937,ffffff,True,3834,https://a.espncdn.com/i/teamlogos/ncaa/500/158.png,4,38,True,6,"[{'value': 3.0, 'displayValue': '3', 'period': 1}
 {'value': 28.0, 'displayValue': '28', 'period': 2}
 {'value': 7.0, 'displayValue': '7', 'period': 3}
 {'value': 0.0, 'displayValue': '0', 'period': 4}]","[{'name': 'overall', 'abbreviation': 'Game', 'type': 'total', 'summary': '2-0'}
 {'name': 'Home', 'abbreviation': None, 'type': 'home', 'summary': '2-0'}
 {'name': 'Road', 'abbreviation': None, 'type': 'road', 'summary': '0-0'}
 {'name': 'vs. Conf.', 'abbreviation': None, 'type': 'vsconf', 'summary': '0-0'}]",70,s:20~l:23~t:70,Idaho,Vandals,IDHO,Idaho Vandals,Idaho,000000,8c6e4a,True,3791,https://a.espncdn.com/i/teamlogos/ncaa/500/70.png,16,17,False,99,"[{'value': 0.0, 'displayValue': '0', 'period': 1}
 {'value': 3.0, 'displayValue': '3', 'period': 2}
 {'value': 7.0, 'displayValue': '7', 'period': 3}
 {'value': 7.0, 'displayValue': '7', 'period': 4}]","[{'name': 'overall', 'abbreviation': 'Game', 'type': 'total', 'summary': '1-1'}
 {'name': 'Home', 'abbreviation': None, 'type': 'home', 'summary': '1-0'}
 {'name': 'Road', 'abbreviation': None, 'type': 'road', 'summary': '0-1'}
 {'name': 'vs. Conf.', 'abbreviation': None, 'type': 'vsconf', 'summary': '0-0'}]",302540158,2010,2,2,
302542633,s:20~l:23~e:302542633~c:302542633,2010-09-11T23:00Z,0,True,False,False,False,True,False,2010-09-11T23:00Z,ESPN3/ESPN2,[],,,national,ESPN3,1,STD,3853,Neyland Stadium,Knoxville,TN,USA,False,0.0,0:00,4,3,STATUS_FINAL,post,True,Final,Final,Final,4,2633,s:20~l:23~t:2633,Tennessee,Volunteers,TENN,Tennessee Volunteers,Tennessee,ff8200,ffffff,True,3853,https://a.espncdn.com/i/teamlogos/ncaa/500/2633.png,8,13,False,99,"[{'value': 6.0, 'displayValue': '6', 'period': 1}
 {'value': 7.0, 'displayValue': '7', 'period': 2}
 {'value': 0.0, 'displayValue': '0', 'period': 3}
 {'value': 0.0, 'displayValue': '0', 'period': 4}]","[{'name': 'overall', 'abbreviation': 'Game', 'type': 'total', 'summary': '1-1'}
 {'name': 'Home', 'abbreviation': None, 'type': 'home', 'summary': '1-1'}
 {'name': 'Road', 'abbreviation': None, 'type': 'road', 'summary': '0-0'}
 {'name': 'vs. Conf.', 'abbreviation': None, 'type': 'vsconf', 'summary': '0-0'}]",2483,s:20~l:23~t:2483,Oregon,Ducks,ORE,Oregon Ducks,Oregon,00934b,fff41b,True,3626,https://a.espncdn.com/i/teamlogos/ncaa/500/2483.png,5,48,True,7,"[{'value': 3.0, 'displayValue': '3', 'period': 1}
 {'value': 10.0, 'displayValue': '10', 'period': 2}
 {'value': 14.0, 'displayValue': '14', 'period': 3}
 {'value': 21.0, 'displayValue': '21', 'period': 4}]","[{'name': 'overall', 'abbreviation': 'Game', 'type': 'total', 'summary': '2-0'}
 {'name': 'Home', 'abbreviation': None, 'type': 'home', 'summary': '1-0'}
 {'name': 'Road', 'abbreviation': None, 'type': 'road', 'summary': '1-0'}
 {'name': 'vs. Conf.', 'abbreviation': None, 'type': 'vsconf', 'summary': '0-0'}]",302542633,2010,2,2,
302540057,s:20~l:23~e:302540057~c:302540057,2010-09-11T16:21Z,0,True,False,False,False,True,False,2010-09-11T16:21Z,,[],,,home,ESPN3,1,STD,3634,Ben Hill Griffin Stadium,Gainesville,FL,USA,False,0.0,0:00,4,3,STATUS_FINAL,post,True,Final,Final,Final,4,57,s:20~l:23~t:57,Florida,Gators,FLA,Florida Gators,Florida,0021a5,fa4616,True,3634,https://a.espncdn.com/i/teamlogos/ncaa/500/57.png,8,38,True,8,"[{'value': 0.0, 'displayValue': '0', 'period': 1}
 {'value': 7.0, 'displayValue': '7', 'period': 2}
 {'value': 21.0, 'displayValue': '21', 'period': 3}
 {'value': 10.0, 'displayValue': '10', 'period': 4}]","[{'name': 'overall', 'abbreviation': 'Game', 'type': 'total', 'summary': '2-0'}
 {'name': 'Home', 'abbreviation': None, 'type': 'home', 'summary': '2-0'}
 {'name': 'Road', 'abbreviation': None, 'type': 'road', 'summary': '0-0'}
 {'name': 'vs. Conf.', 'abbreviation': None, 'type': 'vsconf', 'summary': '0-0'}]",58,s:20~l:23~t:58,South Florida,Bulls,USF,South Florida Bulls,USF,006747,cfc493,True,3886,https://a.espncdn.com/i/teamlogos/ncaa/500/58.png,10,14,False,99,"[{'value': 7.0, 'displayValue': '7', 'period': 1}
 {'value': 0.0, 'displayValue': '0', 'period': 2}
 {'value': 7.0, 'displayValue': '7', 'period': 3}
 {'value': 0.0, 'displayValue': '0', 'period': 4}]","[{'name': 'overall', 'abbreviation': 'Game', 'type': 'total', 'summary': '1-1'}
 {'name': 'Home', 'abbreviation': None, 'type': 'home', 'summary': '1-0'}
 {'name': 'Road', 'abbreviation': None, 'type': 'road', 'summary': '0-1'}
 {'name': 'vs. Conf.', 'abbreviation': None, 'type': 'vsconf', 'summary': '0-0'}]",302540057,2010,2,2,
302542294,s:20~l:23~e:302542294~c:302542294,2010-09-11T19:30Z,0,True,False,False,False,True,False,2010-09-11T19:30Z,ABC/ESPN3,[],,,national,ABC,1,STD,3793,Kinnick Stadium,Iowa City,IA,USA,False,0.0,0:00,4,3,STATUS_FINAL,post,True,Final,Final,Final,4,2294,s:20~l:23~t:2294,Iowa,Hawkeyes,IOWA,Iowa Hawkeyes,Iowa,231f20,fcd116,True,3793,https://a.espncdn.com/i/teamlogos/ncaa/500/2294.png,5,35,True,9,"[{'value': 7.0, 'displayValue': '7', 'period': 1}
 {'value': 21.0, 'displayValue': '21', 'period': 2}
 {'value': 7.0, 'displayValue': '7', 'period': 3}
 {'value': 0.0, 'displayValue': '0', 'period': 4}]","[{'name': 'overall', 'abbreviation': 'Game', 'type': 'total', 'summary': '2-0'}
 {'name': 'Home', 'abbreviation': None, 'type': 'home', 'summary': '2-0'}
 {'name': 'Road', 'abbreviation': None, 'type': 'road', 'summary': '0-0'}
 {'name': 'vs. Conf.', 'abbreviation': None, 'type': 'vsconf', 'summary': '0-0'}]",66,s:20~l:23~t:66,Iowa State,Cyclones,ISU,Iowa State Cyclones,Iowa State,ae192d,ffc72a,True,3772,https://a.espncdn.com/i/teamlogos/ncaa/500/66.png,4,7,False,99,"[{'value': 0.0, 'displayValue': '0', 'period': 1}
 {'value': 0.0, 'displayValue': '0', 'period': 2}
 {'value': 0.0, 'displayValue': '0', 'period': 3}
 {'value': 7.0, 'displayValue': '7', 'period': 4}]","[{'name': 'overall', 'abbreviation': 'Game', 'type': 'total', 'summary': '1-1'}
 {'name': 'Home', 'abbreviation': None, 'type': 'home', 'summary': '1-0'}
 {'name': 'Road', 'abbreviation': None, 'type': 'road', 'summary': '0-1'}
 {'name': 'vs. Conf.', 'abbreviation': None, 'type': 'vsconf', 'summary': '0-0'}]",302542294,2010,2,2,
302540201,s:20~l:23~e:302540201~c:302540201,2010-09-11T19:30Z,0,True,False,False,False,True,False,2010-09-11T19:30Z,ABC/ESPN3,[],,,national,ABC,1,STD,3835,"Memorial Stadium (Norman, OK)",Norman,OK,USA,False,0.0,0:00,4,3,STATUS_FINAL,post,True,Final,Final,Final,4,201,s:20~l:23~t:201,Oklahoma,Sooners,OKLA,Oklahoma Sooners,Oklahoma,990000,ffffff,True,3835,https://a.espncdn.com/i/teamlogos/ncaa/500/201.png,4,47,True,10,"[{'value': 14.0, 'displayValue': '14', 'period': 1}
 {'value': 20.0, 'displayValue': '20', 'period': 2}
 {'value': 10.0, 'displayValue': '10', 'period': 3}
 {'value': 3.0, 'displayValue': '3', 'period': 4}]","[{'name': 'overall', 'abbreviation': 'Game', 'type': 'total', 'summary': '2-0'}
 {'name': 'Home', 'abbreviation': None, 'type': 'home', 'summary': '2-0'}
 {'name': 'Road', 'abbreviation': None, 'type': 'road', 'summary': '0-0'}
 {'name': 'vs. Conf.', 'abbreviation': None, 'type': 'vsconf', 'summary': '0-0'}]",52,s:20~l:23~t:52,Florida State,Seminoles,FSU,Florida State Seminoles,FSU,782f40,ceb888,True,3697,https://a.espncdn.com/i/teamlogos/ncaa/500/52.png,1,17,False,17,"[{'value': 7.0, 'displayValue': '7', 'period': 1}
 {'value': 0.0, 'displayValue': '0', 'period': 2}
 {'value': 0.0, 'displayValue': '0', 'period': 3}
 {'value': 10.0, 'displayValue': '10', 'period': 4}]","[{'name': 'overall', 'abbreviation': 'Game', 'type': 'total', 'summary': '1-1'}
 {'name': 'Home', 'abbreviation': None, 'type': 'home', 'summary': '1-0'}
 {'name': 'Road', 'abbreviation': None, 'type': 'road', 'summary': '0-1'}
 {'name': 'vs. Conf.', 'abbreviation': None, 'type': 'vsconf', 'summary': '0-0'}]",302540201,2010,2,2,
302540275,s:20~l:23~e:302540275~c:302540275,2010-09-11T16:00Z,0,True,False,False,False,True,False,2010-09-11T16:00Z,ESPN3/ESPN,[],,,national,ESPN3,1,STD,347,Camp Randall Stadium,Madison,WI,USA,False,0.0,0:00,4,3,STATUS_FINAL,post,True,Final,Final,Final,4,275,s:20~l:23~t:275,Wisconsin,Badgers,WIS,Wisconsin Badgers,Wisconsin,a00000,ffffff,True,347,https://a.espncdn.com/i/teamlogos/ncaa/500/275.png,5,27,True,11,"[{'value': 7.0, 'displayValue': '7', 'period': 1}
 {'value': 10.0, 'displayValue': '10', 'period': 2}
 {'value': 3.0, 'displayValue': '3', 'period': 3}
 {'value': 7.0, 'displayValue': '7', 'period': 4}]","[{'name': 'overall', 'abbreviation': 'Game', 'type': 'total', 'summary': '2-0'}
 {'name': 'Home', 'abbreviation': None, 'type': 'home', 'summary': '1-0'}
 {'name': 'Road', 'abbreviation': None, 'type': 'road', 'summary': '1-0'}
 {'name': 'vs. Conf.', 'abbreviation': None, 'type': 'vsconf', 'summary': '0-0'}]",23,s:20~l:23~t:23,San Jose State,Spartans,SJSU,San Jose State Spartans,San Jose State,0038a8,ffb81a,False,3935,https://a.espncdn.com/i/teamlogos/ncaa/500/23.png,16,14,False,99,"[{'value': 0.0, 'displayValue': '0', 'period': 1}
 {'value': 0.0, 'displayValue': '0', 'period': 2}
 {'value': 7.0, 'displayValue': '7', 'period': 3}
 {'value': 7.0, 'displayValue': '7', 'period': 4}]","[{'name': 'overall', 'abbreviation': 'Game', 'type': 'total', 'summary': '0-2'}
 {'name': 'Home', 'abbreviation': None, 'type': 'home', 'summary': '0-0'}
 {'name': 'Road', 'abbreviation': None, 'type': 'road', 'summary': '0-2'}
 {'name': 'vs. Conf.', 'abbreviation': None, 'type': 'vsconf', 'summary': '0-0'}]",302540275,2010,2,2,
302540259,s:20~l:23~e:302540259~c:302540259,2010-09-11T17:30Z,0,True,False,False,False,True,False,2010-09-11T17:30Z,,[],,,home,ESPN3,1,STD,3799,Lane Stadium,Blacksburg,VA,USA,False,0.0,0:00,4,3,STATUS_FINAL,post,True,Final,Final,Final,4,259,s:20~l:23~t:259,Virginia Tech,Hokies,VT,Virginia Tech Hokies,Virginia Tech,6a2c3e,cf4520,True,3799,https://a.espncdn.com/i/teamlogos/ncaa/500/259.png,1,16,False,13,"[{'value': 7.0, 'displayValue': '7', 'period': 1}
 {'value': 6.0, 'displayValue': '6', 'period': 2}
 {'value': 3.0, 'displayValue': '3', 'period': 3}
 {'value': 0.0, 'displayValue': '0', 'period': 4}]","[{'name': 'overall', 'abbreviation': 'Game', 'type': 'total', 'summary': '0-2'}
 {'name': 'Home', 'abbreviation': None, 'type': 'home', 'summary': '0-2'}
 {'name': 'Road', 'abbreviation': None, 'type': 'road', 'summary': '0-0'}
 {'name': 'vs. Conf.', 'abbreviation': None, 'type': 'vsconf', 'summary': '0-0'}]",256,s:20~l:23~t:256,James Madison,Dukes,JMU,James Madison Dukes,JMU,450084,cbb677,True,3651,https://a.espncdn.com/i/teamlogos/ncaa/500/256.png,48,21,True,99,"[{'value': 0.0, 'displayValue': '0', 'period': 1}
 {'value': 7.0, 'displayValue': '7', 'period': 2}
 {'value': 7.0, 'displayValue': '7', 'period': 3}
 {'value': 7.0, 'displayValue': '7', 'period': 4}]","[{'name': 'overall', 'abbreviation': 'Game', 'type': 'total', 'summary': '2-0'}
 {'name': 'Home', 'abbreviation': None, 'type': 'home', 'summary': '1-0'}
 {'name': 'Road', 'abbreviation': None, 'type': 'road', 'summary': '1-0'}
 {'name': 'vs. Conf.', 'abbreviation': None, 'type': 'vsconf', 'summary': '0-0'}]",302540259,2010,2,2,
302542433,s:20~l:23~e:302542433~c:302542433,2010-09-11T23:00Z,0,True,False,True,False,True,False,2010-09-11T23:00Z,ESPN3,[],event,AT LITTLE ROCK AR,national,ESPN3,1,STD,,,,,,,0.0,0:00,4,3,STATUS_FINAL,post,True,Final,Final,Final,4,2433,s:20~l:23~t:2433,Louisiana Monroe,Warhawks,ULM,Louisiana Monroe Warhawks,UL Monroe,840029,fdb913,False,3817,https://a.espncdn.com/i/teamlogos/ncaa/500/2433.png,37,7,False,99,"[{'value': 0.0, 'displayValue': '0', 'period': 1}
 {'value': 0.0, 'displayValue': '0', 'period': 2}
 {'value': 0.0, 'displayValue': '0', 'period': 3}
 {'value': 7.0, 'displayValue': '7', 'period': 4}]","[{'name': 'overall', 'abbreviation': 'Game', 'type': 'total', 'summary': '0-1'}
 {'name': 'Home', 'abbreviation': None, 'type': 'home', 'summary': '0-1'}
 {'name': 'Road', 'abbreviation': None, 'type': 'road', 'summary': '0-0'}
 {'name': 'vs. Conf.', 'abbreviation': None, 'type': 'vsconf', 'summary': '0-0'}]",8,s:20~l:23~t:8,Arkansas,Razorbacks,ARK,Arkansas Razorbacks,Arkansas,a32136,ffffff,True,3887,https://a.espncdn.com/i/teamlogos/ncaa/500/8.png,8,31,True,14,"[{'value': 7.0, 'displayValue': '7', 'period': 1}
 {'value': 0.0, 'displayValue': '0', 'period': 2}
 {'value': 7.0, 'displayValue': '7', 'period': 3}
 {'value': 17.0, 'displayValue': '17', 'period': 4}]","[{'name': 'overall', 'abbreviation': 'Game', 'type': 'total', 'summary': '2-0'}
 {'name': 'Home', 'abbreviation': None, 'type': 'home', 'summary': '1-0'}
 {'name': 'Road', 'abbreviation': None, 'type': 'road', 'summary': '1-0'}
 {'name': 'vs. Conf.', 'abbreviation': None, 'type': 'vsconf', 'summary': '0-0'}]",302542433,2010,2,2,
302542305,s:20~l:23~e:302542305~c:302542305,2010-09-11T16:00Z,0,True,False,False,False,True,False,2010-09-11T16:00Z,,[],,,,,1,STD,3833,David Booth Kansas Memorial Stadium,Lawrence,KS,USA,False,0.0,0:00,4,3,STATUS_FINAL,post,True,Final,Final,Final,4,2305,s:20~l:23~t:2305,Kansas,Jayhawks,KU,Kansas Jayhawks,Kansas,0051ba,e8000d,True,3833,https://a.espncdn.com/i/teamlogos/ncaa/500/2305.png,4,28,True,99,"[{'value': 7.0, 'displayValue': '7', 'period': 1}
 {'value': 7.0, 'displayValue': '7', 'period': 2}
 {'value': 7.0, 'displayValue': '7', 'period': 3}
 {'value': 7.0, 'displayValue': '7', 'period': 4}]","[{'name': 'overall', 'abbreviation': 'Game', 'type': 'total', 'summary': '1-1'}
 {'name': 'Home', 'abbreviation': None, 'type': 'home', 'summary': '1-1'}
 {'name': 'Road', 'abbreviation': None, 'type': 'road', 'summary': '0-0'}
 {'name': 'vs. Conf.', 'abbreviation': None, 'type': 'vsconf', 'summary': '0-0'}]",59,s:20~l:23~t:59,Georgia Tech,Yellow Jackets,GT,Georgia Tech Yellow Jackets,Georgia Tech,b3a369,ffffff,True,721,https://a.espncdn.com/i/teamlogos/ncaa/500/59.png,1,25,False,15,"[{'value': 7.0, 'displayValue': '7', 'period': 1}
 {'value': 10.0, 'displayValue': '10', 'period': 2}
 {'value': 0.0, 'displayValue': '0', 'period': 3}
 {'value': 8.0, 'displayValue': '8', 'period': 4}]","[{'name': 'overall', 'abbreviation': 'Game', 'type': 'total', 'summary': '1-1'}
 {'name': 'Home', 'abbreviation': None, 'type': 'home', 'summary': '1-0'}
 {'name': 'Road', 'abbreviation': None, 'type': 'road', 'summary': '0-1'}
 {'name': 'vs. Conf.', 'abbreviation': None, 'type': 'vsconf', 'summary': '0-0'}]",302542305,2010,2,2,
302540030,s:20~l:23~e:302540030~c:302540030,2010-09-12T02:30Z,0,True,False,False,False,True,False,2010-09-12T02:30Z,,[],,,,,1,STD,477,Los Angeles Memorial Coliseum,Los Angeles,CA,USA,False,0.0,0:00,4,3,STATUS_FINAL,post,True,Final,Final,Final,4,30,s:20~l:23~t:30,USC,Trojans,USC,USC Trojans,USC,9d2235,ffc72c,True,477,https://a.espncdn.com/i/teamlogos/ncaa/500/30.png,5,17,True,16,"[{'value': 0.0, 'displayValue': '0', 'period': 1}
 {'value': 14.0, 'displayValue': '14', 'period': 2}
 {'value': 0.0, 'displayValue': '0', 'period': 3}
 {'value': 3.0, 'displayValue': '3', 'period': 4}]","[{'name': 'overall', 'abbreviation': 'Game', 'type': 'total', 'summary': '2-0'}
 {'name': 'Home', 'abbreviation': None, 'type': 'home', 'summary': '1-0'}
 {'name': 'Road', 'abbreviation': None, 'type': 'road', 'summary': '1-0'}
 {'name': 'vs. Conf.', 'abbreviation': None, 'type': 'vsconf', 'summary': '0-0'}]",258,s:20~l:23~t:258,Virginia,Cavaliers,UVA,Virginia Cavaliers,UVA,232d4b,f84c1e,True,3923,https://a.espncdn.com/i/teamlogos/ncaa/500/258.png,1,14,False,99,"[{'value': 0.0, 'displayValue': '0', 'period': 1}
 {'value': 7.0, 'displayValue': '7', 'period': 2}
 {'value': 0.0, 'displayValue': '0', 'period': 3}
 {'value': 7.0, 'displayValue': '7', 'period': 4}]","[{'name': 'overall', 'abbreviation': 'Game', 'type': 'total', 'summary': '1-1'}
 {'name': 'Home', 'abbreviation': None, 'type': 'home', 'summary': '1-0'}
 {'name': 'Road', 'abbreviation': None, 'type': 'road', 'summary': '0-1'}
 {'name': 'vs. Conf.', 'abbreviation': None, 'type': 'vsconf', 'summary': '0-0'}]",302540030,2010,2,2,
302540238,s:20~l:23~e:302540238~c:302540238,2010-09-11T23:00Z,0,True,False,False,False,True,False,2010-09-11T23:00Z,ESPNU,[],,,national,ESPNU,1,STD,3973,FirstBank Stadium,Nashville,TN,USA,False,166.0,2:46,4,3,STATUS_FINAL,post,True,Final,Final,Final,4,238,s:20~l:23~t:238,Vanderbilt,Commodores,VAN,Vanderbilt Commodores,Vanderbilt,000000,cfae70,True,3973,https://a.espncdn.com/i/teamlogos/ncaa/500/238.png,8,3,False,99,"[{'value': 0.0, 'displayValue': '0', 'period': 1}
 {'value': 0.0, 'displayValue': '0', 'period': 2}
 {'value': 3.0, 'displayValue': '3', 'period': 3}
 {'value': 0.0, 'displayValue': '0', 'period': 4}]","[{'name': 'overall', 'abbreviation': 'Game', 'type': 'total', 'summary': '0-2'}
 {'name': 'Home', 'abbreviation': None, 'type': 'home', 'summary': '0-2'}
 {'name': 'Road', 'abbreviation': None, 'type': 'road', 'summary': '0-0'}
 {'name': 'vs. Conf.', 'abbreviation': None, 'type': 'vsconf', 'summary': '0-1'}]",99,s:20~l:23~t:99,LSU,Tigers,LSU,LSU Tigers,LSU,461d76,fdd023,True,3958,https://a.espncdn.com/i/teamlogos/ncaa/500/99.png,8,27,True,19,"[{'value': 0.0, 'displayValue': '0', 'period': 1}
 {'value': 10.0, 'displayValue': '10', 'period': 2}
 {'value': 0.0, 'displayValue': '0', 'period': 3}
 {'value': 17.0, 'displayValue': '17', 'period': 4}]","[{'name': 'overall', 'abbreviation': 'Game', 'type': 'total', 'summary': '2-0'}
 {'name': 'Home', 'abbreviation': None, 'type': 'home', 'summary': '0-0'}
 {'name': 'Road', 'abbreviation': None, 'type': 'road', 'summary': '2-0'}
 {'name': 'vs. Conf.', 'abbreviation': None, 'type': 'vsconf', 'summary': '1-0'}]",302540238,2010,2,2,
302540254,s:20~l:23~e:302540254~c:302540254,2010-09-11T20:00Z,0,True,False,False,False,True,False,2010-09-11T20:00Z,,[],,,,,1,STD,587,Rice-Eccles Stadium,Salt Lake City,UT,USA,False,0.0,0:00,4,3,STATUS_FINAL,post,True,Final,Final,Final,4,254,s:20~l:23~t:254,Utah,Utes,UTAH,Utah Utes,Utah,be0000,ffffff,True,587,https://a.espncdn.com/i/teamlogos/ncaa/500/254.png,4,38,True,20,"[{'value': 3.0, 'displayValue': '3', 'period': 1}
 {'value': 14.0, 'displayValue': '14', 'period': 2}
 {'value': 14.0, 'displayValue': '14', 'period': 3}
 {'value': 7.0, 'displayValue': '7', 'period': 4}]","[{'name': 'overall', 'abbreviation': 'Game', 'type': 'total', 'summary': '2-0'}
 {'name': 'Home', 'abbreviation': None, 'type': 'home', 'summary': '2-0'}
 {'name': 'Road', 'abbreviation': None, 'type': 'road', 'summary': '0-0'}
 {'name': 'vs. Conf.', 'abbreviation': None, 'type': 'vsconf', 'summary': '1-0'}]",2439,s:20~l:23~t:2439,UNLV,Rebels,UNLV,UNLV Rebels,UNLV,cf0a2c,cac8c8,True,6501,https://a.espncdn.com/i/teamlogos/ncaa/500/2439.png,17,10,False,99,"[{'value': 3.0, 'displayValue': '3', 'period': 1}
 {'value': 0.0, 'displayValue': '0', 'period': 2}
 {'value': 7.0, 'displayValue': '7', 'period': 3}
 {'value': 0.0, 'displayValue': '0', 'period': 4}]","[{'name': 'overall', 'abbreviation': 'Game', 'type': 'total', 'summary': '0-2'}
 {'name': 'Home', 'abbreviation': None, 'type': 'home', 'summary': '0-1'}
 {'name': 'Road', 'abbreviation': None, 'type': 'road', 'summary': '0-1'}
 {'name': 'vs. Conf.', 'abbreviation': None, 'type': 'vsconf', 'summary': '0-1'}]",302540254,2010,2,2,
302542579,s:20~l:23~e:302542579~c:302542579,2010-09-11T16:00Z,0,True,False,False,False,True,False,2010-09-11T16:00Z,ESPN3/ESPN2,[],,,national,ESPN3,1,STD,3994,Williams-Brice Stadium,Columbia,SC,USA,False,0.0,0:00,4,3,STATUS_FINAL,post,True,Final,Final,Final,4,2579,s:20~l:23~t:2579,South Carolina,Gamecocks,SC,South Carolina Gamecocks,South Carolina,73000a,000000,True,3994,https://a.espncdn.com/i/teamlogos/ncaa/500/2579.png,8,17,True,24,"[{'value': 7.0, 'displayValue': '7', 'period': 1}
 {'value': 7.0, 'displayValue': '7', 'period': 2}
 {'value': 0.0, 'displayValue': '0', 'period': 3}
 {'value': 3.0, 'displayValue': '3', 'period': 4}]","[{'name': 'overall', 'abbreviation': 'Game', 'type': 'total', 'summary': '2-0'}
 {'name': 'Home', 'abbreviation': None, 'type': 'home', 'summary': '2-0'}
 {'name': 'Road', 'abbreviation': None, 'type': 'road', 'summary': '0-0'}
 {'name': 'vs. Conf.', 'abbreviation': None, 'type': 'vsconf', 'summary': '1-0'}]",61,s:20~l:23~t:61,Georgia,Bulldogs,UGA,Georgia Bulldogs,Georgia,ba0c2f,2c2a29,True,3917,https://a.espncdn.com/i/teamlogos/ncaa/500/61.png,8,6,False,22,"[{'value': 3.0, 'displayValue': '3', 'period': 1}
 {'value': 0.0, 'displayValue': '0', 'period': 2}
 {'value': 3.0, 'displayValue': '3', 'period': 3}
 {'value': 0.0, 'displayValue': '0', 'period': 4}]","[{'name': 'overall', 'abbreviation': 'Game', 'type': 'total', 'summary': '1-1'}
 {'name': 'Home', 'abbreviation': None, 'type': 'home', 'summary': '1-0'}
 {'name': 'Road', 'abbreviation': None, 'type': 'road', 'summary': '0-1'}
 {'name': 'vs. Conf.', 'abbreviation': None, 'type': 'vsconf', 'summary': '0-1'}]",302542579,2010,2,2,
302540026,s:20~l:23~e:302540026~c:302540026,2010-09-12T02:30Z,0,True,False,False,False,True,False,2010-09-12T02:30Z,ESPN3/ESPN,[],,,national,ESPN3,1,STD,1056,Rose Bowl,Pasadena,CA,USA,False,0.0,0:00,4,3,STATUS_FINAL,post,True,Final,Final,Final,4,26,s:20~l:23~t:26,UCLA,Bruins,UCLA,UCLA Bruins,UCLA,2774ae,f2a900,True,1056,https://a.espncdn.com/i/teamlogos/ncaa/500/26.png,5,0,False,99,"[{'value': 0.0, 'displayValue': '0', 'period': 1}
 {'value': 0.0, 'displayValue': '0', 'period': 2}
 {'value': 0.0, 'displayValue': '0', 'period': 3}
 {'value': 0.0, 'displayValue': '0', 'period': 4}]","[{'name': 'overall', 'abbreviation': 'Game', 'type': 'total', 'summary': '0-2'}
 {'name': 'Home', 'abbreviation': None, 'type': 'home', 'summary': '0-1'}
 {'name': 'Road', 'abbreviation': None, 'type': 'road', 'summary': '0-1'}
 {'name': 'vs. Conf.', 'abbreviation': None, 'type': 'vsconf', 'summary': '0-1'}]",24,s:20~l:23~t:24,Stanford,Cardinal,STAN,Stanford Cardinal,Stanford,8c1515,ffffff,True,3940,https://a.espncdn.com/i/teamlogos/ncaa/500/24.png,1,35,True,25,"[{'value': 10.0, 'displayValue': '10', 'period': 1}
 {'value': 3.0, 'displayValue': '3', 'period': 2}
 {'value': 15.0, 'displayValue': '15', 'period': 3}
 {'value': 7.0, 'displayValue': '7', 'period': 4}]","[{'name': 'overall', 'abbreviation': 'Game', 'type': 'total', 'summary': '2-0'}
 {'name': 'Home', 'abbreviation': None, 'type': 'home', 'summary': '1-0'}
 {'name': 'Road', 'abbreviation': None, 'type': 'road', 'summary': '1-0'}
 {'name': 'vs. Conf.', 'abbreviation': None, 'type': 'vsconf', 'summary': '1-0'}]",302540026,2010,2,2,
302540041,s:20~l:23~e:302540041~c:302540041,2010-09-11T16:00Z,0,True,False,False,False,True,False,2010-09-11T16:00Z,,[],,,home,ESPN3,1,STD,3892,Pratt & Whitney Stadium,East Hartford,CT,USA,False,0.0,0:00,4,3,STATUS_FINAL,post,True,Final,Final,Final,4,41,s:20~l:23~t:41,Connecticut,Huskies,CONN,Connecticut Huskies,UConn,0c2340,a2aaad,False,3892,https://a.espncdn.com/i/teamlogos/ncaa/500/41.png,10,62,True,99,"[{'value': 24.0, 'displayValue': '24', 'period': 1}
 {'value': 21.0, 'displayValue': '21', 'period': 2}
 {'value': 10.0, 'displayValue': '10', 'period': 3}
 {'value': 7.0, 'displayValue': '7', 'period': 4}]","[{'name': 'overall', 'abbreviation': 'Game', 'type': 'total', 'summary': '1-1'}
 {'name': 'Home', 'abbreviation': None, 'type': 'home', 'summary': '1-0'}
 {'name': 'Road', 'abbreviation': None, 'type': 'road', 'summary': '0-1'}
 {'name': 'vs. Conf.', 'abbreviation': None, 'type': 'vsconf', 'summary': '0-0'}]",2640,s:20~l:23~t:2640,Texas Southern,Tigers,TXSO,Texas Southern Tigers,Texas Southern,860038,ffffff,True,3631,https://a.espncdn.com/i/teamlogos/ncaa/500/2640.png,31,3,False,99,"[{'value': 0.0, 'displayValue': '0', 'period': 1}
 {'value': 0.0, 'displayValue': '0', 'period': 2}
 {'value': 0.0, 'displayValue': '0', 'period': 3}
 {'value': 3.0, 'displayValue': '3', 'period': 4}]","[{'name': 'overall', 'abbreviation': 'Game', 'type': 'total', 'summary': '0-2'}
 {'name': 'Home', 'abbreviation': None, 'type': 'home', 'summary': '0-1'}
 {'name': 'Road', 'abbreviation': None, 'type': 'road', 'summary': '0-1'}
 {'name': 'vs. Conf.', 'abbreviation': None, 'type': 'vsconf', 'summary': '0-1'}]",302540041,2010,2,2,
302540077,s:20~l:23~e:302540077~c:302540077,2010-09-11T16:00Z,0,True,False,False,False,False,False,2010-09-11T16:00Z,BTN,[],,,national,BTN,1,STD,3911,Ryan Field (1926),Evanston,IL,USA,False,0.0,0:00,4,3,STATUS_FINAL,post,True,Final,Final,Final,4,77,s:20~l:23~t:77,Northwestern,Wildcats,NU,Northwestern Wildcats,Northwestern,492f92,ffffff,True,5960,https://a.espncdn.com/i/teamlogos/ncaa/500/77.png,5,37,True,99,"[{'value': 14.0, 'displayValue': '14', 'period': 1}
 {'value': 16.0, 'displayValue': '16', 'period': 2}
 {'value': 0.0, 'displayValue': '0', 'period': 3}
 {'value': 7.0, 'displayValue': '7', 'period': 4}]","[{'name': 'overall', 'abbreviation': 'Game', 'type': 'total', 'summary': '2-0'}
 {'name': 'Home', 'abbreviation': None, 'type': 'home', 'summary': '1-0'}
 {'name': 'Road', 'abbreviation': None, 'type': 'road', 'summary': '1-0'}
 {'name': 'vs. Conf.', 'abbreviation': None, 'type': 'vsconf', 'summary': '0-0'}]",2287,s:20~l:23~t:2287,Illinois State,Redbirds,ILST,Illinois State Redbirds,Illinois State,CE1126,ffe716,True,3744,https://a.espncdn.com/i/teamlogos/ncaa/500/2287.png,21,3,False,99,"[{'value': 3.0, 'displayValue': '3', 'period': 1}
 {'value': 0.0, 'displayValue': '0', 'period': 2}
 {'value': 0.0, 'displayValue': '0', 'period': 3}
 {'value': 0.0, 'displayValue': '0', 'period': 4}]","[{'name': 'overall', 'abbreviation': 'Game', 'type': 'total', 'summary': '1-1'}
 {'name': 'Home', 'abbreviation': None, 'type': 'home', 'summary': '1-0'}
 {'name': 'Road', 'abbreviation': None, 'type': 'road', 'summary': '0-1'}
 {'name': 'vs. Conf.', 'abbreviation': None, 'type': 'vsconf', 'summary': '0-0'}]",302540077,2010,2,2,
302540135,s:20~l:23~e:302540135~c:302540135,2010-09-11T16:00Z,0,True,False,False,False,True,False,2010-09-11T16:00Z,BTN,[],,,national,BTN,1,STD,3953,Huntington Bank Stadium,Minneapolis,MN,USA,False,0.0,0:00,4,3,STATUS_FINAL,post,True,Final,Final,Final,4,135,s:20~l:23~t:135,Minnesota,Golden Gophers,MINN,Minnesota Golden Gophers,Minnesota,5e0a2f,fab41c,True,3953,https://a.espncdn.com/i/teamlogos/ncaa/500/135.png,5,38,False,99,"[{'value': 3.0, 'displayValue': '3', 'period': 1}
 {'value': 7.0, 'displayValue': '7', 'period': 2}
 {'value': 14.0, 'displayValue': '14', 'period': 3}
 {'value': 14.0, 'displayValue': '14', 'period': 4}]","[{'name': 'overall', 'abbreviation': 'Game', 'type': 'total', 'summary': '1-1'}
 {'name': 'Home', 'abbreviation': None, 'type': 'home', 'summary': '0-1'}
 {'name': 'Road', 'abbreviation': None, 'type': 'road', 'summary': '1-0'}
 {'name': 'vs. Conf.', 'abbreviation': None, 'type': 'vsconf', 'summary': '0-0'}]",233,s:20~l:23~t:233,South Dakota,Coyotes,SDAK,South Dakota Coyotes,South Dakota,CD1241,f0f0f0,True,1905,https://a.espncdn.com/i/teamlogos/ncaa/500/233.png,43,41,True,99,"[{'value': 7.0, 'displayValue': '7', 'period': 1}
 {'value': 14.0, 'displayValue': '14', 'period': 2}
 {'value': 13.0, 'displayValue': '13', 'period': 3}
 {'value': 7.0, 'displayValue': '7', 'period': 4}]","[{'name': 'overall', 'abbreviation': 'Game', 'type': 'total', 'summary': '1-1'}
 {'name': 'Home', 'abbreviation': None, 'type': 'home', 'summary': '0-0'}
 {'name': 'Road', 'abbreviation': None, 'type': 'road', 'summary': '1-1'}
 {'name': 'vs. Conf.', 'abbreviation': None, 'type': 'vsconf', 'summary': '0-0'}]",302540135,2010,2,2,
302540151,s:20~l:23~e:302540151~c:302540151,2010-09-11T16:00Z,0,True,False,False,False,True,False,2010-09-11T16:00Z,,[],,,,,1,STD,3699,Dowdy-Ficklen Stadium,Greenville,NC,USA,False,61.0,1:01,4,3,STATUS_FINAL,post,True,Final,Final,Final,4,151,s:20~l:23~t:151,East Carolina,Pirates,ECU,East Carolina Pirates,ECU,582c83,ffc72c,True,3699,https://a.espncdn.com/i/teamlogos/ncaa/500/151.png,12,49,True,99,"[{'value': 28.0, 'displayValue': '28', 'period': 1}
 {'value': 7.0, 'displayValue': '7', 'period': 2}
 {'value': 7.0, 'displayValue': '7', 'period': 3}
 {'value': 7.0, 'displayValue': '7', 'period': 4}]","[{'name': 'overall', 'abbreviation': 'Game', 'type': 'total', 'summary': '2-0'}
 {'name': 'Home', 'abbreviation': None, 'type': 'home', 'summary': '2-0'}
 {'name': 'Road', 'abbreviation': None, 'type': 'road', 'summary': '0-0'}
 {'name': 'vs. Conf.', 'abbreviation': None, 'type': 'vsconf', 'summary': '2-0'}]",235,s:20~l:23~t:235,Memphis,Tigers,MEM,Memphis Tigers,Memphis,004991,8e908f,True,3805,https://a.espncdn.com/i/teamlogos/ncaa/500/235.png,12,27,False,99,"[{'value': 3.0, 'displayValue': '3', 'period': 1}
 {'value': 7.0, 'displayValue': '7', 'period': 2}
 {'value': 7.0, 'displayValue': '7', 'period': 3}
 {'value': 10.0, 'displayValue': '10', 'period': 4}]","[{'name': 'overall', 'abbreviation': 'Game', 'type': 'total', 'summary': '0-2'}
 {'name': 'Home', 'abbreviation': None, 'type': 'home', 'summary': '0-0'}
 {'name': 'Road', 'abbreviation': None, 'type': 'road', 'summary': '0-2'}
 {'name': 'vs. Conf.', 'abbreviation': None, 'type': 'vsconf', 'summary': '0-1'}]",302540151,2010,2,2,
302540154,s:20~l:23~e:302540154~c:302540154,2010-09-11T16:00Z,0,True,False,False,False,True,False,2010-09-11T16:00Z,,[],,,home,ESPN3,1,STD,3630,Allegacy Federal Credit Union Stadium,Winston-Salem,NC,USA,False,99.0,1:39,4,3,STATUS_FINAL,post,True,Final,Final,Final,4,154,s:20~l:23~t:154,Wake Forest,Demon Deacons,WAKE,Wake Forest Demon Deacons,Wake Forest,ceb888,2c2a29,True,3630,https://a.espncdn.com/i/teamlogos/ncaa/500/154.png,1,54,True,99,"[{'value': 7.0, 'displayValue': '7', 'period': 1}
 {'value': 28.0, 'displayValue': '28', 'period': 2}
 {'value': 6.0, 'displayValue': '6', 'period': 3}
 {'value': 13.0, 'displayValue': '13', 'period': 4}]","[{'name': 'overall', 'abbreviation': 'Game', 'type': 'total', 'summary': '2-0'}
 {'name': 'Home', 'abbreviation': None, 'type': 'home', 'summary': '2-0'}
 {'name': 'Road', 'abbreviation': None, 'type': 'road', 'summary': '0-0'}
 {'name': 'vs. Conf.', 'abbreviation': None, 'type': 'vsconf', 'summary': '1-0'}]",150,s:20~l:23~t:150,Duke,Blue Devils,DUKE,Duke Blue Devils,Duke,00539b,ffffff,True,3982,https://a.espncdn.com/i/teamlogos/ncaa/500/150.png,1,48,False,99,"[{'value': 14.0, 'displayValue': '14', 'period': 1}
 {'value': 21.0, 'displayValue': '21', 'period': 2}
 {'value': 3.0, 'displayValue': '3', 'period': 3}
 {'value': 10.0, 'displayValue': '10', 'period': 4}]","[{'name': 'overall', 'abbreviation': 'Game', 'type': 'total', 'summary': '1-1'}
 {'name': 'Home', 'abbreviation': None, 'type': 'home', 'summary': '1-0'}
 {'name': 'Road', 'abbreviation': None, 'type': 'road', 'summary': '0-1'}
 {'name': 'vs. Conf.', 'abbreviation': None, 'type': 'vsconf', 'summary': '0-1'}]",302540154,2010,2,2,
302540349,s:20~l:23~e:302540349~c:302540349,2010-09-11T16:00Z,0,True,False,False,False,True,False,2010-09-11T16:00Z,,[],,,,,1,STD,3841,Michie Stadium,West Point,NY,USA,False,0.0,0:00,4,3,STATUS_FINAL,post,True,Final,Final,Final,4,349,s:20~l:23~t:349,Army,Black Knights,ARMY,Army Black Knights,Army,000000,d3bc8d,True,3841,https://a.espncdn.com/i/teamlogos/ncaa/500/349.png,18,28,False,99,"[{'value': 0.0, 'displayValue': '0', 'period': 1}
 {'value': 7.0, 'displayValue': '7', 'period': 2}
 {'value': 21.0, 'displayValue': '21', 'period': 3}
 {'value': 0.0, 'displayValue': '0', 'period': 4}]","[{'name': 'overall', 'abbreviation': 'Game', 'type': 'total', 'summary': '1-1'}
 {'name': 'Home', 'abbreviation': None, 'type': 'home', 'summary': '0-1'}
 {'name': 'Road', 'abbreviation': None, 'type': 'road', 'summary': '1-0'}
 {'name': 'vs. Conf.', 'abbreviation': None, 'type': 'vsconf', 'summary': '0-0'}]",62,s:20~l:23~t:62,Hawai'i,Rainbow Warriors,HAW,Hawai'i Rainbow Warriors,Hawaii,005737,000000,True,3610,https://a.espncdn.com/i/teamlogos/ncaa/500/62.png,16,31,True,99,"[{'value': 14.0, 'displayValue': '14', 'period': 1}
 {'value': 7.0, 'displayValue': '7', 'period': 2}
 {'value': 7.0, 'displayValue': '7', 'period': 3}
 {'value': 3.0, 'displayValue': '3', 'period': 4}]","[{'name': 'overall', 'abbreviation': 'Game', 'type': 'total', 'summary': '1-1'}
 {'name': 'Home', 'abbreviation': None, 'type': 'home', 'summary': '0-1'}
 {'name': 'Road', 'abbreviation': None, 'type': 'road', 'summary': '1-0'}
 {'name': 'vs. Conf.', 'abbreviation': None, 'type': 'vsconf', 'summary': '0-0'}]",302540349,2010,2,2,
302542006,s:20~l:23~e:302542006~c:302542006,2010-09-11T16:00Z,0,True,False,False,False,True,False,2010-09-11T16:00Z,,[],,,,,1,STD,3768,InfoCision Stadium,Akron,OH,USA,False,0.0,0:00,5,3,STATUS_FINAL,post,True,Final,Final/OT,Final/OT,4,2006,s:20~l:23~t:2006,Akron,Zips,AKR,Akron Zips,Akron,041e42,c5b783,True,3768,https://a.espncdn.com/i/teamlogos/ncaa/500/2006.png,15,37,False,99,"[{'value': 14.0, 'displayValue': '14', 'period': 1}
 {'value': 7.0, 'displayValue': '7', 'period': 2}
 {'value': 10.0, 'displayValue': '10', 'period': 3}
 {'value': 0.0, 'displayValue': '0', 'period': 4}
 {'value': 6.0, 'displayValue': '6', 'period': 5}]","[{'name': 'overall', 'abbreviation': 'Game', 'type': 'total', 'summary': '0-2'}
 {'name': 'Home', 'abbreviation': None, 'type': 'home', 'summary': '0-2'}
 {'name': 'Road', 'abbreviation': None, 'type': 'road', 'summary': '0-0'}
 {'name': 'vs. Conf.', 'abbreviation': None, 'type': 'vsconf', 'summary': '0-0'}]",2241,s:20~l:23~t:2241,Gardner-Webb,Bulldogs,WEBB,Gardner-Webb Bulldogs,Gardner-Webb,c12535,909090,False,3710,https://a.espncdn.com/i/teamlogos/ncaa/500/2241.png,40,38,True,99,"[{'value': 3.0, 'displayValue': '3', 'period': 1}
 {'value': 14.0, 'displayValue': '14', 'period': 2}
 {'value': 7.0, 'displayValue': '7', 'period': 3}
 {'value': 7.0, 'displayValue': '7', 'period': 4}
 {'value': 7.0, 'displayValue': '7', 'period': 5}]","[{'name': 'overall', 'abbreviation': 'Game', 'type': 'total', 'summary': '2-0'}
 {'name': 'Home', 'abbreviation': None, 'type': 'home', 'summary': '1-0'}
 {'name': 'Road', 'abbreviation': None, 'type': 'road', 'summary': '1-0'}
 {'name': 'vs. Conf.', 'abbreviation': None, 'type': 'vsconf', 'summary': '0-0'}]",302542006,2010,2,2,OT
302542132,s:20~l:23~e:302542132~c:302542132,2010-09-11T16:00Z,0,True,False,False,False,True,False,2010-09-11T16:00Z,,[],,,home,ESPN3,1,STD,3854,Nippert Stadium,Cincinnati,OH,USA,False,202.0,3:22,4,3,STATUS_FINAL,post,True,Final,Final,Final,4,2132,s:20~l:23~t:2132,Cincinnati,Bearcats,CIN,Cincinnati Bearcats,Cincinnati,000000,e00122,True,3854,https://a.espncdn.com/i/teamlogos/ncaa/500/2132.png,10,40,True,99,"[{'value': 3.0, 'displayValue': '3', 'period': 1}
 {'value': 9.0, 'displayValue': '9', 'period': 2}
 {'value': 28.0, 'displayValue': '28', 'period': 3}
 {'value': 0.0, 'displayValue': '0', 'period': 4}]","[{'name': 'overall', 'abbreviation': 'Game', 'type': 'total', 'summary': '1-1'}
 {'name': 'Home', 'abbreviation': None, 'type': 'home', 'summary': '1-0'}
 {'name': 'Road', 'abbreviation': None, 'type': 'road', 'summary': '0-1'}
 {'name': 'vs. Conf.', 'abbreviation': None, 'type': 'vsconf', 'summary': '0-0'}]",282,s:20~l:23~t:282,Indiana State,Sycamores,INST,Indiana State Sycamores,Indiana State,00669a,f0f0f0,True,3829,https://a.espncdn.com/i/teamlogos/ncaa/500/282.png,21,7,False,99,"[{'value': 0.0, 'displayValue': '0', 'period': 1}
 {'value': 7.0, 'displayValue': '7', 'period': 2}
 {'value': 0.0, 'displayValue': '0', 'period': 3}
 {'value': 0.0, 'displayValue': '0', 'period': 4}]","[{'name': 'overall', 'abbreviation': 'Game', 'type': 'total', 'summary': '1-1'}
 {'name': 'Home', 'abbreviation': None, 'type': 'home', 'summary': '1-0'}
 {'name': 'Road', 'abbreviation': None, 'type': 'road', 'summary': '0-1'}
 {'name': 'vs. Conf.', 'abbreviation': None, 'type': 'vsconf', 'summary': '0-0'}]",302542132,2010,2,2,
302542226,s:20~l:23~e:302542226~c:302542226,2010-09-11T16:00Z,0,True,False,True,False,True,False,2010-09-11T16:00Z,ESPNU,[],event,AT DETROIT MI,national,ESPNU,1,STD,,,,,,,0.0,0:00,4,3,STATUS_FINAL,post,True,Final,Final,Final,4,2226,s:20~l:23~t:2226,Florida Atlantic,Owls,FAU,Florida Atlantic Owls,FAU,003366,cc0000,True,3715,https://a.espncdn.com/i/teamlogos/ncaa/500/2226.png,37,17,False,99,"[{'value': 7.0, 'displayValue': '7', 'period': 1}
 {'value': 0.0, 'displayValue': '0', 'period': 2}
 {'value': 7.0, 'displayValue': '7', 'period': 3}
 {'value': 3.0, 'displayValue': '3', 'period': 4}]","[{'name': 'overall', 'abbreviation': 'Game', 'type': 'total', 'summary': '1-1'}
 {'name': 'Home', 'abbreviation': None, 'type': 'home', 'summary': '0-1'}
 {'name': 'Road', 'abbreviation': None, 'type': 'road', 'summary': '1-0'}
 {'name': 'vs. Conf.', 'abbreviation': None, 'type': 'vsconf', 'summary': '0-0'}]",127,s:20~l:23~t:127,Michigan State,Spartans,MSU,Michigan State Spartans,Michigan St,173f35,ffffff,True,3936,https://a.espncdn.com/i/teamlogos/ncaa/500/127.png,5,30,True,99,"[{'value': 10.0, 'displayValue': '10', 'period': 1}
 {'value': 10.0, 'displayValue': '10', 'period': 2}
 {'value': 7.0, 'displayValue': '7', 'period': 3}
 {'value': 3.0, 'displayValue': '3', 'period': 4}]","[{'name': 'overall', 'abbreviation': 'Game', 'type': 'total', 'summary': '2-0'}
 {'name': 'Home', 'abbreviation': None, 'type': 'home', 'summary': '1-0'}
 {'name': 'Road', 'abbreviation': None, 'type': 'road', 'summary': '1-0'}
 {'name': 'vs. Conf.', 'abbreviation': None, 'type': 'vsconf', 'summary': '0-0'}]",302542226,2010,2,2,
302542509,s:20~l:23~e:302542509~c:302542509,2010-09-11T16:00Z,0,True,False,False,False,True,False,2010-09-11T16:00Z,BTN,[],,,national,BTN,1,STD,3907,Ross-Ade Stadium,West Lafayette,IN,USA,False,0.0,0:00,4,3,STATUS_FINAL,post,True,Final,Final,Final,4,2509,s:20~l:23~t:2509,Purdue,Boilermakers,PUR,Purdue Boilermakers,Purdue,ceb888,000000,True,3907,https://a.espncdn.com/i/teamlogos/ncaa/500/2509.png,5,31,True,99,"[{'value': 7.0, 'displayValue': '7', 'period': 1}
 {'value': 10.0, 'displayValue': '10', 'period': 2}
 {'value': 7.0, 'displayValue': '7', 'period': 3}
 {'value': 7.0, 'displayValue': '7', 'period': 4}]","[{'name': 'overall', 'abbreviation': 'Game', 'type': 'total', 'summary': '1-1'}
 {'name': 'Home', 'abbreviation': None, 'type': 'home', 'summary': '1-0'}
 {'name': 'Road', 'abbreviation': None, 'type': 'road', 'summary': '0-1'}
 {'name': 'vs. Conf.', 'abbreviation': None, 'type': 'vsconf', 'summary': '0-0'}]",2710,s:20~l:23~t:2710,Western Illinois,Leathernecks,WIU,Western Illinois Leathernecks,W Illinois,4e1e8a,ffc90a,True,3746,https://a.espncdn.com/i/teamlogos/ncaa/500/2710.png,21,21,False,99,"[{'value': 7.0, 'displayValue': '7', 'period': 1}
 {'value': 0.0, 'displayValue': '0', 'period': 2}
 {'value': 0.0, 'displayValue': '0', 'period': 3}
 {'value': 14.0, 'displayValue': '14', 'period': 4}]","[{'name': 'overall', 'abbreviation': 'Game', 'type': 'total', 'summary': '1-1'}
 {'name': 'Home', 'abbreviation': None, 'type': 'home', 'summary': '1-0'}
 {'name': 'Road', 'abbreviation': None, 'type': 'road', 'summary': '0-1'}
 {'name': 'vs. Conf.', 'abbreviation': None, 'type': 'vsconf', 'summary': '0-0'}]",302542509,2010,2,2,
302540048,s:20~l:23~e:302540048~c:302540048,2010-09-11T17:00Z,0,True,False,False,False,True,False,2010-09-11T17:00Z,,[],,,,,1,STD,3695,Delaware Stadium,Newark,DE,USA,False,0.0,0:00,4,3,STATUS_FINAL,post,True,Final,Final,Final,4,48,s:20~l:23~t:48,Delaware,Blue Hens,DEL,Delaware Blue Hens,Delaware,00539f,ffd200,True,3695,https://a.espncdn.com/i/teamlogos/ncaa/500/48.png,48,26,True,99,"[{'value': 17.0, 'displayValue': '17', 'period': 1}
 {'value': 3.0, 'displayValue': '3', 'period': 2}
 {'value': 6.0, 'displayValue': '6', 'period': 3}
 {'value': 0.0, 'displayValue': '0', 'period': 4}]","[{'name': 'overall', 'abbreviation': 'Game', 'type': 'total', 'summary': '2-0'}
 {'name': 'Home', 'abbreviation': None, 'type': 'home', 'summary': '2-0'}
 {'name': 'Road', 'abbreviation': None, 'type': 'road', 'summary': '0-0'}
 {'name': 'vs. Conf.', 'abbreviation': None, 'type': 'vsconf', 'summary': '0-0'}]",2571,s:20~l:23~t:2571,South Dakota State,Jackrabbits,SDSU,South Dakota State Jackrabbits,South Dakota St,0033a0,ffd100,True,3685,https://a.espncdn.com/i/teamlogos/ncaa/500/2571.png,21,3,False,99,"[{'value': 0.0, 'displayValue': '0', 'period': 1}
 {'value': 0.0, 'displayValue': '0', 'period': 2}
 {'value': 3.0, 'displayValue': '3', 'period': 3}
 {'value': 0.0, 'displayValue': '0', 'period': 4}]","[{'name': 'overall', 'abbreviation': 'Game', 'type': 'total', 'summary': '0-1'}
 {'name': 'Home', 'abbreviation': None, 'type': 'home', 'summary': '0-0'}
 {'name': 'Road', 'abbreviation': None, 'type': 'road', 'summary': '0-1'}
 {'name': 'vs. Conf.', 'abbreviation': None, 'type': 'vsconf', 'summary': '0-0'}]",302540048,2010,2,2,
302540221,s:20~l:23~e:302540221~c:302540221,2010-09-11T17:00Z,0,True,False,False,False,True,False,2010-09-11T17:00Z,,[],,,home,ESPN3,1,STD,3752,Acrisure Stadium,Pittsburgh,PA,USA,False,0.0,0:00,4,3,STATUS_FINAL,post,True,Final,Final,Final,4,221,s:20~l:23~t:221,Pittsburgh,Panthers,PITT,Pittsburgh Panthers,Pitt,003594,ffb81c,True,3752,https://a.espncdn.com/i/teamlogos/ncaa/500/221.png,10,38,True,99,"[{'value': 10.0, 'displayValue': '10', 'period': 1}
 {'value': 7.0, 'displayValue': '7', 'period': 2}
 {'value': 14.0, 'displayValue': '14', 'period': 3}
 {'value': 7.0, 'displayValue': '7', 'period': 4}]","[{'name': 'overall', 'abbreviation': 'Game', 'type': 'total', 'summary': '1-1'}
 {'name': 'Home', 'abbreviation': None, 'type': 'home', 'summary': '1-0'}
 {'name': 'Road', 'abbreviation': None, 'type': 'road', 'summary': '0-1'}
 {'name': 'vs. Conf.', 'abbreviation': None, 'type': 'vsconf', 'summary': '0-0'}]",160,s:20~l:23~t:160,New Hampshire,Wildcats,UNH,New Hampshire Wildcats,UNH,004990,c3c4c6,True,3688,https://a.espncdn.com/i/teamlogos/ncaa/500/160.png,48,16,False,99,"[{'value': 0.0, 'displayValue': '0', 'period': 1}
 {'value': 3.0, 'displayValue': '3', 'period': 2}
 {'value': 7.0, 'displayValue': '7', 'period': 3}
 {'value': 6.0, 'displayValue': '6', 'period': 4}]","[{'name': 'overall', 'abbreviation': 'Game', 'type': 'total', 'summary': '1-1'}
 {'name': 'Home', 'abbreviation': None, 'type': 'home', 'summary': '1-0'}
 {'name': 'Road', 'abbreviation': None, 'type': 'road', 'summary': '0-1'}
 {'name': 'vs. Conf.', 'abbreviation': None, 'type': 'vsconf', 'summary': '0-0'}]",302540221,2010,2,2,
302542097,s:20~l:23~e:302542097~c:302542097,2010-09-11T17:00Z,0,True,False,False,False,True,False,2010-09-11T17:00Z,,[],,,,,1,STD,3629,Barker-Lane Stadium,Buies Creek,NC,USA,False,0.0,0:00,4,3,STATUS_FINAL,post,True,Final,Final,Final,4,2097,s:20~l:23~t:2097,Campbell,Camels,CAMP,Campbell Camels,Campbell,000000,,False,3629,https://a.espncdn.com/i/teamlogos/ncaa/500/2097.png,28,13,False,99,"[{'value': 0.0, 'displayValue': '0', 'period': 1}
 {'value': 10.0, 'displayValue': '10', 'period': 2}
 {'value': 3.0, 'displayValue': '3', 'period': 3}
 {'value': 0.0, 'displayValue': '0', 'period': 4}]","[{'name': 'overall', 'abbreviation': 'Game', 'type': 'total', 'summary': '1-1'}
 {'name': 'Home', 'abbreviation': None, 'type': 'home', 'summary': '0-1'}
 {'name': 'Road', 'abbreviation': None, 'type': 'road', 'summary': '1-0'}
 {'name': 'vs. Conf.', 'abbreviation': None, 'type': 'vsconf', 'summary': '0-0'}]",295,s:20~l:23~t:295,Old Dominion,Monarchs,ODU,Old Dominion Monarchs,Old Dominion,003768,a1d2f1,True,3918,https://a.espncdn.com/i/teamlogos/ncaa/500/295.png,32,44,True,99,"[{'value': 13.0, 'displayValue': '13', 'period': 1}
 {'value': 7.0, 'displayValue': '7', 'period': 2}
 {'value': 14.0, 'displayValue': '14', 'period': 3}
 {'value': 10.0, 'displayValue': '10', 'period': 4}]","[{'name': 'overall', 'abbreviation': 'Game', 'type': 'total', 'summary': '1-1'}
 {'name': 'Home', 'abbreviation': None, 'type': 'home', 'summary': '0-1'}
 {'name': 'Road', 'abbreviation': None, 'type': 'road', 'summary': '1-0'}
 {'name': 'vs. Conf.', 'abbreviation': None, 'type': 'vsconf', 'summary': '0-0'}]",302542097,2010,2,2,
302542247,s:20~l:23~e:302542247~c:302542247,2010-09-11T17:00Z,0,True,False,False,False,True,False,2010-09-11T17:00Z,,[],,,,,1,STD,3495,Georgia Dome,Atlanta,GA,USA,True,0.0,0:00,4,3,STATUS_FINAL,post,True,Final,Final,Final,4,2247,s:20~l:23~t:2247,Georgia State,Panthers,GAST,Georgia State Panthers,Georgia State,0039a6,ffffff,True,4246,https://a.espncdn.com/i/teamlogos/ncaa/500/2247.png,32,14,False,99,"[{'value': 0.0, 'displayValue': '0', 'period': 1}
 {'value': 0.0, 'displayValue': '0', 'period': 2}
 {'value': 14.0, 'displayValue': '14', 'period': 3}
 {'value': 0.0, 'displayValue': '0', 'period': 4}]","[{'name': 'overall', 'abbreviation': 'Game', 'type': 'total', 'summary': '1-1'}
 {'name': 'Home', 'abbreviation': None, 'type': 'home', 'summary': '1-1'}
 {'name': 'Road', 'abbreviation': None, 'type': 'road', 'summary': '0-0'}
 {'name': 'vs. Conf.', 'abbreviation': None, 'type': 'vsconf', 'summary': '0-0'}]",2321,s:20~l:23~t:2321,Lambuth,Eagles,LAM,Lambuth Eagles,Lambuth,000000,,True,,,,23,True,99,"[{'value': 6.0, 'displayValue': '6', 'period': 1}
 {'value': 3.0, 'displayValue': '3', 'period': 2}
 {'value': 0.0, 'displayValue': '0', 'period': 3}
 {'value': 14.0, 'displayValue': '14', 'period': 4}]","[{'name': 'overall', 'abbreviation': 'Game', 'type': 'total', 'summary': '0-0'}
 {'name': 'Home', 'abbreviation': 'null', 'type': 'home', 'summary': '0-0'}
 {'name': 'Road', 'abbreviation': 'null', 'type': 'road', 'summary': '0-0'}
 {'name': 'vs. Conf.', 'abbreviation': 'null', 'type': 'vsconf', 'summary': '0-0'}]",302542247,2010,2,2,
302540193,s:20~l:23~e:302540193~c:302540193,2010-09-11T18:00Z,0,True,False,False,False,True,False,2010-09-11T18:00Z,ESPN3,[],,,national,ESPN3,1,STD,3996,Yager Stadium,Oxford,OH,USA,False,0.0,0:00,4,3,STATUS_FINAL,post,True,Final,Final,Final,4,193,s:20~l:23~t:193,Miami (OH),RedHawks,M-OH,Miami (OH) RedHawks,Miami (OH),c41230,ffffff,True,3996,https://a.espncdn.com/i/teamlogos/ncaa/500/193.png,15,28,True,99,"[{'value': 7.0, 'displayValue': '7', 'period': 1}
 {'value': 7.0, 'displayValue': '7', 'period': 2}
 {'value': 7.0, 'displayValue': '7', 'period': 3}
 {'value': 7.0, 'displayValue': '7', 'period': 4}]","[{'name': 'overall', 'abbreviation': 'Game', 'type': 'total', 'summary': '1-1'}
 {'name': 'Home', 'abbreviation': None, 'type': 'home', 'summary': '1-0'}
 {'name': 'Road', 'abbreviation': None, 'type': 'road', 'summary': '0-1'}
 {'name': 'vs. Conf.', 'abbreviation': None, 'type': 'vsconf', 'summary': '1-0'}]",2199,s:20~l:23~t:2199,Eastern Michigan,Eagles,EMU,Eastern Michigan Eagles,E Michigan,006938,ffffff,True,3912,https://a.espncdn.com/i/teamlogos/ncaa/500/2199.png,15,21,False,99,"[{'value': 7.0, 'displayValue': '7', 'period': 1}
 {'value': 7.0, 'displayValue': '7', 'period': 2}
 {'value': 7.0, 'displayValue': '7', 'period': 3}
 {'value': 0.0, 'displayValue': '0', 'period': 4}]","[{'name': 'overall', 'abbreviation': 'Game', 'type': 'total', 'summary': '0-2'}
 {'name': 'Home', 'abbreviation': None, 'type': 'home', 'summary': '0-1'}
 {'name': 'Road', 'abbreviation': None, 'type': 'road', 'summary': '0-1'}
 {'name': 'vs. Conf.', 'abbreviation': None, 'type': 'vsconf', 'summary': '0-1'}]",302540193,2010,2,2,
302540025,s:20~l:23~e:302540025~c:302540025,2010-09-11T19:30Z,0,True,False,False,False,True,False,2010-09-11T19:30Z,,[],,,,,1,STD,3831,California Memorial Stadium,Berkeley,CA,USA,False,0.0,0:00,4,3,STATUS_FINAL,post,True,Final,Final,Final,4,25,s:20~l:23~t:25,California,Golden Bears,CAL,California Golden Bears,California,041e42,ffc72c,True,3831,https://a.espncdn.com/i/teamlogos/ncaa/500/25.png,1,52,True,99,"[{'value': 14.0, 'displayValue': '14', 'period': 1}
 {'value': 17.0, 'displayValue': '17', 'period': 2}
 {'value': 0.0, 'displayValue': '0', 'period': 3}
 {'value': 21.0, 'displayValue': '21', 'period': 4}]","[{'name': 'overall', 'abbreviation': 'Game', 'type': 'total', 'summary': '2-0'}
 {'name': 'Home', 'abbreviation': None, 'type': 'home', 'summary': '2-0'}
 {'name': 'Road', 'abbreviation': None, 'type': 'road', 'summary': '0-0'}
 {'name': 'vs. Conf.', 'abbreviation': None, 'type': 'vsconf', 'summary': '0-0'}]",38,s:20~l:23~t:38,Colorado,Buffaloes,COLO,Colorado Buffaloes,Colorado,cfb87c,000000,True,3726,https://a.espncdn.com/i/teamlogos/ncaa/500/38.png,4,7,False,99,"[{'value': 0.0, 'displayValue': '0', 'period': 1}
 {'value': 0.0, 'displayValue': '0', 'period': 2}
 {'value': 7.0, 'displayValue': '7', 'period': 3}
 {'value': 0.0, 'displayValue': '0', 'period': 4}]","[{'name': 'overall', 'abbreviation': 'Game', 'type': 'total', 'summary': '1-1'}
 {'name': 'Home', 'abbreviation': None, 'type': 'home', 'summary': '0-0'}
 {'name': 'Road', 'abbreviation': None, 'type': 'road', 'summary': '1-1'}
 {'name': 'vs. Conf.', 'abbreviation': None, 'type': 'vsconf', 'summary': '0-0'}]",302540025,2010,2,2,
302540087,s:20~l:23~e:302540087~c:302540087,2010-09-11T19:30Z,0,True,False,False,False,True,False,2010-09-11T19:30Z,NBC,[],,,national,NBC,1,STD,3855,Notre Dame Stadium,Notre Dame,IN,USA,False,0.0,0:00,4,3,STATUS_FINAL,post,True,Final,Final,Final,4,87,s:20~l:23~t:87,Notre Dame,Fighting Irish,ND,Notre Dame Fighting Irish,Notre Dame,062340,c99700,True,3855,https://a.espncdn.com/i/teamlogos/ncaa/500/87.png,18,24,False,99,"[{'value': 7.0, 'displayValue': '7', 'period': 1}
 {'value': 0.0, 'displayValue': '0', 'period': 2}
 {'value': 10.0, 'displayValue': '10', 'period': 3}
 {'value': 7.0, 'displayValue': '7', 'period': 4}]","[{'name': 'overall', 'abbreviation': 'Game', 'type': 'total', 'summary': '1-1'}
 {'name': 'Home', 'abbreviation': None, 'type': 'home', 'summary': '1-1'}
 {'name': 'Road', 'abbreviation': None, 'type': 'road', 'summary': '0-0'}
 {'name': 'vs. Conf.', 'abbreviation': None, 'type': 'vsconf', 'summary': '0-0'}]",130,s:20~l:23~t:130,Michigan,Wolverines,MICH,Michigan Wolverines,Michigan,00274c,ffcb05,True,3558,https://a.espncdn.com/i/teamlogos/ncaa/500/130.png,5,28,True,99,"[{'value': 14.0, 'displayValue': '14', 'period': 1}
 {'value': 7.0, 'displayValue': '7', 'period': 2}
 {'value': 0.0, 'displayValue': '0', 'period': 3}
 {'value': 7.0, 'displayValue': '7', 'period': 4}]","[{'name': 'overall', 'abbreviation': 'Game', 'type': 'total', 'summary': '2-0'}
 {'name': 'Home', 'abbreviation': None, 'type': 'home', 'summary': '1-0'}
 {'name': 'Road', 'abbreviation': None, 'type': 'road', 'summary': '1-0'}
 {'name': 'vs. Conf.', 'abbreviation': None, 'type': 'vsconf', 'summary': '0-0'}]",302540087,2010,2,2,
302540097,s:20~l:23~e:302540097~c:302540097,2010-09-11T19:30Z,0,True,False,False,False,True,False,2010-09-11T19:30Z,,[],,,home,ESPN3,1,STD,3873,L&N Federal Credit Union Stadium,Louisville,KY,USA,False,0.0,0:00,4,3,STATUS_FINAL,post,True,Final,Final,Final,4,97,s:20~l:23~t:97,Louisville,Cardinals,LOU,Louisville Cardinals,Louisville,c9001f,ffffff,True,3873,https://a.espncdn.com/i/teamlogos/ncaa/500/97.png,10,23,True,99,"[{'value': 0.0, 'displayValue': '0', 'period': 1}
 {'value': 23.0, 'displayValue': '23', 'period': 2}
 {'value': 0.0, 'displayValue': '0', 'period': 3}
 {'value': 0.0, 'displayValue': '0', 'period': 4}]","[{'name': 'overall', 'abbreviation': 'Game', 'type': 'total', 'summary': '1-1'}
 {'name': 'Home', 'abbreviation': None, 'type': 'home', 'summary': '1-1'}
 {'name': 'Road', 'abbreviation': None, 'type': 'road', 'summary': '0-0'}
 {'name': 'vs. Conf.', 'abbreviation': None, 'type': 'vsconf', 'summary': '0-0'}]",2198,s:20~l:23~t:2198,Eastern Kentucky,Colonels,EKY,Eastern Kentucky Colonels,E Kentucky,660819,f0f0f0,True,3908,https://a.espncdn.com/i/teamlogos/ncaa/500/2198.png,26,13,False,99,"[{'value': 0.0, 'displayValue': '0', 'period': 1}
 {'value': 0.0, 'displayValue': '0', 'period': 2}
 {'value': 7.0, 'displayValue': '7', 'period': 3}
 {'value': 6.0, 'displayValue': '6', 'period': 4}]","[{'name': 'overall', 'abbreviation': 'Game', 'type': 'total', 'summary': '0-2'}
 {'name': 'Home', 'abbreviation': None, 'type': 'home', 'summary': '0-0'}
 {'name': 'Road', 'abbreviation': None, 'type': 'road', 'summary': '0-2'}
 {'name': 'vs. Conf.', 'abbreviation': None, 'type': 'vsconf', 'summary': '0-0'}]",302540097,2010,2,2,
302540103,s:20~l:23~e:302540103~c:302540103,2010-09-11T19:30Z,0,True,False,False,False,True,False,2010-09-11T19:30Z,ESPNU,[],,,national,ESPNU,1,STD,3615,"Alumni Stadium (Chestnut Hill, MA)",Chestnut Hill,MA,USA,False,0.0,0:00,4,3,STATUS_FINAL,post,True,Final,Final,Final,4,103,s:20~l:23~t:103,Boston College,Eagles,BC,Boston College Eagles,Boston College,8c2232,dbcca6,True,3615,https://a.espncdn.com/i/teamlogos/ncaa/500/103.png,1,26,True,99,"[{'value': 3.0, 'displayValue': '3', 'period': 1}
 {'value': 3.0, 'displayValue': '3', 'period': 2}
 {'value': 14.0, 'displayValue': '14', 'period': 3}
 {'value': 6.0, 'displayValue': '6', 'period': 4}]","[{'name': 'overall', 'abbreviation': 'Game', 'type': 'total', 'summary': '2-0'}
 {'name': 'Home', 'abbreviation': None, 'type': 'home', 'summary': '2-0'}
 {'name': 'Road', 'abbreviation': None, 'type': 'road', 'summary': '0-0'}
 {'name': 'vs. Conf.', 'abbreviation': None, 'type': 'vsconf', 'summary': '0-0'}]",2309,s:20~l:23~t:2309,Kent State,Golden Flashes,KENT,Kent State Golden Flashes,Kent State,002664,eaab00,True,3696,https://a.espncdn.com/i/teamlogos/ncaa/500/2309.png,15,13,False,99,"[{'value': 0.0, 'displayValue': '0', 'period': 1}
 {'value': 3.0, 'displayValue': '3', 'period': 2}
 {'value': 3.0, 'displayValue': '3', 'period': 3}
 {'value': 7.0, 'displayValue': '7', 'period': 4}]","[{'name': 'overall', 'abbreviation': 'Game', 'type': 'total', 'summary': '1-1'}
 {'name': 'Home', 'abbreviation': None, 'type': 'home', 'summary': '1-0'}
 {'name': 'Road', 'abbreviation': None, 'type': 'road', 'summary': '0-1'}
 {'name': 'vs. Conf.', 'abbreviation': None, 'type': 'vsconf', 'summary': '0-0'}]",302540103,2010,2,2,
302540228,s:20~l:23~e:302540228~c:302540228,2010-09-11T19:30Z,0,True,False,False,False,True,False,2010-09-11T19:30Z,,[],,,home,ESPN3,1,STD,3836,"Memorial Stadium (Clemson, SC)",Clemson,SC,USA,False,0.0,0:00,4,3,STATUS_FINAL,post,True,Final,Final,Final,4,228,s:20~l:23~t:228,Clemson,Tigers,CLEM,Clemson Tigers,Clemson,f56600,ffffff,True,3836,https://a.espncdn.com/i/teamlogos/ncaa/500/228.png,1,58,True,99,"[{'value': 21.0, 'displayValue': '21', 'period': 1}
 {'value': 21.0, 'displayValue': '21', 'period': 2}
 {'value': 10.0, 'displayValue': '10', 'period': 3}
 {'value': 6.0, 'displayValue': '6', 'period': 4}]","[{'name': 'overall', 'abbreviation': 'Game', 'type': 'total', 'summary': '2-0'}
 {'name': 'Home', 'abbreviation': None, 'type': 'home', 'summary': '2-0'}
 {'name': 'Road', 'abbreviation': None, 'type': 'road', 'summary': '0-0'}
 {'name': 'vs. Conf.', 'abbreviation': None, 'type': 'vsconf', 'summary': '0-0'}]",2506,s:20~l:23~t:2506,Presbyterian College,Blue Hose,PRE,Presbyterian College Blue Hose,Presbyterian,194896,990134,False,3627,https://a.espncdn.com/i/teamlogos/ncaa/500/2506.png,40,21,False,99,"[{'value': 0.0, 'displayValue': '0', 'period': 1}
 {'value': 0.0, 'displayValue': '0', 'period': 2}
 {'value': 7.0, 'displayValue': '7', 'period': 3}
 {'value': 14.0, 'displayValue': '14', 'period': 4}]","[{'name': 'overall', 'abbreviation': 'Game', 'type': 'total', 'summary': '0-2'}
 {'name': 'Home', 'abbreviation': None, 'type': 'home', 'summary': '0-0'}
 {'name': 'Road', 'abbreviation': None, 'type': 'road', 'summary': '0-2'}
 {'name': 'vs. Conf.', 'abbreviation': None, 'type': 'vsconf', 'summary': '0-0'}]",302540228,2010,2,2,
302540309,s:20~l:23~e:302540309~c:302540309,2010-09-11T19:30Z,0,True,False,False,False,True,False,2010-09-11T19:30Z,,[],,,home,ESPN3,1,STD,3666,Our Lady of Lourdes Stadium,Lafayette,LA,USA,False,0.0,0:00,4,3,STATUS_FINAL,post,True,Final,Final,Final,4,309,s:20~l:23~t:309,Louisiana,Ragin' Cajuns,ULL,Louisiana Ragin' Cajuns,Louisiana,ce181e,000000,True,3666,https://a.espncdn.com/i/teamlogos/ncaa/500/309.png,37,31,True,99,"[{'value': 10.0, 'displayValue': '10', 'period': 1}
 {'value': 14.0, 'displayValue': '14', 'period': 2}
 {'value': 7.0, 'displayValue': '7', 'period': 3}
 {'value': 0.0, 'displayValue': '0', 'period': 4}]","[{'name': 'overall', 'abbreviation': 'Game', 'type': 'total', 'summary': '1-1'}
 {'name': 'Home', 'abbreviation': None, 'type': 'home', 'summary': '1-0'}
 {'name': 'Road', 'abbreviation': None, 'type': 'road', 'summary': '0-1'}
 {'name': 'vs. Conf.', 'abbreviation': None, 'type': 'vsconf', 'summary': '1-0'}]",2032,s:20~l:23~t:2032,Arkansas State,Red Wolves,ARST,Arkansas State Red Wolves,Arkansas State,cc092f,000000,True,3625,https://a.espncdn.com/i/teamlogos/ncaa/500/2032.png,37,24,False,99,"[{'value': 7.0, 'displayValue': '7', 'period': 1}
 {'value': 0.0, 'displayValue': '0', 'period': 2}
 {'value': 0.0, 'displayValue': '0', 'period': 3}
 {'value': 17.0, 'displayValue': '17', 'period': 4}]","[{'name': 'overall', 'abbreviation': 'Game', 'type': 'total', 'summary': '0-2'}
 {'name': 'Home', 'abbreviation': None, 'type': 'home', 'summary': '0-0'}
 {'name': 'Road', 'abbreviation': None, 'type': 'road', 'summary': '0-2'}
 {'name': 'vs. Conf.', 'abbreviation': None, 'type': 'vsconf', 'summary': '0-1'}]",302540309,2010,2,2,
302542026,s:20~l:23~e:302542026~c:302542026,2010-09-11T19:30Z,0,True,False,False,False,True,False,2010-09-11T19:30Z,,[],,,,,1,STD,3792,Kidd Brewer Stadium,Boone,NC,USA,False,0.0,0:00,4,3,STATUS_FINAL,post,True,Final,Final,Final,4,2026,s:20~l:23~t:2026,Appalachian State,Mountaineers,APP,Appalachian State Mountaineers,Appalachian St,000000,ffcd00,False,3792,https://a.espncdn.com/i/teamlogos/ncaa/500/2026.png,29,45,True,99,"[{'value': 10.0, 'displayValue': '10', 'period': 1}
 {'value': 7.0, 'displayValue': '7', 'period': 2}
 {'value': 14.0, 'displayValue': '14', 'period': 3}
 {'value': 14.0, 'displayValue': '14', 'period': 4}]","[{'name': 'overall', 'abbreviation': 'Game', 'type': 'total', 'summary': '2-0'}
 {'name': 'Home', 'abbreviation': None, 'type': 'home', 'summary': '1-0'}
 {'name': 'Road', 'abbreviation': None, 'type': 'road', 'summary': '1-0'}
 {'name': 'vs. Conf.', 'abbreviation': None, 'type': 'vsconf', 'summary': '1-0'}]",294,s:20~l:23~t:294,Jacksonville,Dolphins,JAC,Jacksonville Dolphins,Jacksonville,00523e,,True,3691,https://a.espncdn.com/i/teamlogos/ncaa/500/294.png,28,14,False,99,"[{'value': 0.0, 'displayValue': '0', 'period': 1}
 {'value': 7.0, 'displayValue': '7', 'period': 2}
 {'value': 7.0, 'displayValue': '7', 'period': 3}
 {'value': 0.0, 'displayValue': '0', 'period': 4}]","[{'name': 'overall', 'abbreviation': 'Game', 'type': 'total', 'summary': '1-1'}
 {'name': 'Home', 'abbreviation': None, 'type': 'home', 'summary': '0-0'}
 {'name': 'Road', 'abbreviation': None, 'type': 'road', 'summary': '1-1'}
 {'name': 'vs. Conf.', 'abbreviation': None, 'type': 'vsconf', 'summary': '0-0'}]",302542026,2010,2,2,
302542426,s:20~l:23~e:302542426~c:302542426,2010-09-11T19:30Z,0,True,False,False,False,True,False,2010-09-11T19:30Z,,[],,,,,1,STD,3852,Navy-Marine Corps Memorial Stadium,Annapolis,MD,USA,False,0.0,0:00,4,3,STATUS_FINAL,post,True,Final,Final,Final,4,2426,s:20~l:23~t:2426,Navy,Midshipmen,NAVY,Navy Midshipmen,Navy,00225b,b5a67c,True,3852,https://a.espncdn.com/i/teamlogos/ncaa/500/2426.png,18,13,True,99,"[{'value': 6.0, 'displayValue': '6', 'period': 1}
 {'value': 7.0, 'displayValue': '7', 'period': 2}
 {'value': 0.0, 'displayValue': '0', 'period': 3}
 {'value': 0.0, 'displayValue': '0', 'period': 4}]","[{'name': 'overall', 'abbreviation': 'Game', 'type': 'total', 'summary': '1-1'}
 {'name': 'Home', 'abbreviation': None, 'type': 'home', 'summary': '1-0'}
 {'name': 'Road', 'abbreviation': None, 'type': 'road', 'summary': '0-1'}
 {'name': 'vs. Conf.', 'abbreviation': None, 'type': 'vsconf', 'summary': '0-0'}]",290,s:20~l:23~t:290,Georgia Southern,Eagles,GASO,Georgia Southern Eagles,Ga Southern,041e42,a3aaae,True,3608,https://a.espncdn.com/i/teamlogos/ncaa/500/290.png,29,7,False,99,"[{'value': 0.0, 'displayValue': '0', 'period': 1}
 {'value': 0.0, 'displayValue': '0', 'period': 2}
 {'value': 7.0, 'displayValue': '7', 'period': 3}
 {'value': 0.0, 'displayValue': '0', 'period': 4}]","[{'name': 'overall', 'abbreviation': 'Game', 'type': 'total', 'summary': '1-1'}
 {'name': 'Home', 'abbreviation': None, 'type': 'home', 'summary': '1-0'}
 {'name': 'Road', 'abbreviation': None, 'type': 'road', 'summary': '0-1'}
 {'name': 'vs. Conf.', 'abbreviation': None, 'type': 'vsconf', 'summary': '0-0'}]",302542426,2010,2,2,
302542005,s:20~l:23~e:302542005~c:302542005,2010-09-11T20:00Z,0,True,False,False,False,True,False,2010-09-11T20:00Z,NBCSN,[],,,national,NBCSN,1,STD,3713,Falcon Stadium,USAF Academy,CO,USA,False,0.0,0:00,4,3,STATUS_FINAL,post,True,Final,Final,Final,4,2005,s:20~l:23~t:2005,Air Force,Falcons,AF,Air Force Falcons,Air Force,003594,ffffff,True,3713,https://a.espncdn.com/i/teamlogos/ncaa/500/2005.png,17,35,True,99,"[{'value': 7.0, 'displayValue': '7', 'period': 1}
 {'value': 14.0, 'displayValue': '14', 'period': 2}
 {'value': 7.0, 'displayValue': '7', 'period': 3}
 {'value': 7.0, 'displayValue': '7', 'period': 4}]","[{'name': 'overall', 'abbreviation': 'Game', 'type': 'total', 'summary': '2-0'}
 {'name': 'Home', 'abbreviation': None, 'type': 'home', 'summary': '2-0'}
 {'name': 'Road', 'abbreviation': None, 'type': 'road', 'summary': '0-0'}
 {'name': 'vs. Conf.', 'abbreviation': None, 'type': 'vsconf', 'summary': '1-0'}]",252,s:20~l:23~t:252,BYU,Cougars,BYU,BYU Cougars,BYU,0047ba,002e5d,True,3801,https://a.espncdn.com/i/teamlogos/ncaa/500/252.png,4,14,False,99,"[{'value': 14.0, 'displayValue': '14', 'period': 1}
 {'value': 0.0, 'displayValue': '0', 'period': 2}
 {'value': 0.0, 'displayValue': '0', 'period': 3}
 {'value': 0.0, 'displayValue': '0', 'period': 4}]","[{'name': 'overall', 'abbreviation': 'Game', 'type': 'total', 'summary': '1-1'}
 {'name': 'Home', 'abbreviation': None, 'type': 'home', 'summary': '1-0'}
 {'name': 'Road', 'abbreviation': None, 'type': 'road', 'summary': '0-1'}
 {'name': 'vs. Conf.', 'abbreviation': None, 'type': 'vsconf', 'summary': '0-1'}]",302542005,2010,2,2,
302540113,s:20~l:23~e:302540113~c:302540113,2010-09-11T22:00Z,0,True,False,False,False,True,False,2010-09-11T22:00Z,,[],,,,,1,STD,,,,,,,191.0,3:11,4,3,STATUS_FINAL,post,True,Final,Final,Final,4,113,s:20~l:23~t:113,Massachusetts,Minutemen,UMASS,Massachusetts Minutemen,UMass,881c1c,ffffff,True,3985,https://a.espncdn.com/i/teamlogos/ncaa/500/113.png,48,31,True,99,"[{'value': 14.0, 'displayValue': '14', 'period': 1}
 {'value': 17.0, 'displayValue': '17', 'period': 2}
 {'value': 0.0, 'displayValue': '0', 'period': 3}
 {'value': 0.0, 'displayValue': '0', 'period': 4}]","[{'name': 'overall', 'abbreviation': 'Game', 'type': 'total', 'summary': '2-0'}
 {'name': 'Home', 'abbreviation': None, 'type': 'home', 'summary': '2-0'}
 {'name': 'Road', 'abbreviation': None, 'type': 'road', 'summary': '0-0'}
 {'name': 'vs. Conf.', 'abbreviation': None, 'type': 'vsconf', 'summary': '1-0'}]",107,s:20~l:23~t:107,Holy Cross,Crusaders,HC,Holy Cross Crusaders,Holy Cross,582c83,ffffff,True,3722,https://a.espncdn.com/i/teamlogos/ncaa/500/107.png,27,7,False,99,"[{'value': 0.0, 'displayValue': '0', 'period': 1}
 {'value': 0.0, 'displayValue': '0', 'period': 2}
 {'value': 7.0, 'displayValue': '7', 'period': 3}
 {'value': 0.0, 'displayValue': '0', 'period': 4}]","[{'name': 'overall', 'abbreviation': 'Game', 'type': 'total', 'summary': '1-1'}
 {'name': 'Home', 'abbreviation': None, 'type': 'home', 'summary': '1-0'}
 {'name': 'Road', 'abbreviation': None, 'type': 'road', 'summary': '0-1'}
 {'name': 'vs. Conf.', 'abbreviation': None, 'type': 'vsconf', 'summary': '0-0'}]",302540113,2010,2,2,
302540120,s:20~l:23~e:302540120~c:302540120,2010-09-11T22:00Z,0,True,False,False,False,True,False,2010-09-11T22:00Z,,[],,,home,ESPN3,1,STD,3665,SECU Stadium,College Park,MD,USA,False,0.0,0:00,4,3,STATUS_FINAL,post,True,Final,Final,Final,4,120,s:20~l:23~t:120,Maryland,Terrapins,MD,Maryland Terrapins,Maryland,ce1126,ffffff,True,3665,https://a.espncdn.com/i/teamlogos/ncaa/500/120.png,1,62,True,99,"[{'value': 17.0, 'displayValue': '17', 'period': 1}
 {'value': 28.0, 'displayValue': '28', 'period': 2}
 {'value': 3.0, 'displayValue': '3', 'period': 3}
 {'value': 14.0, 'displayValue': '14', 'period': 4}]","[{'name': 'overall', 'abbreviation': 'Game', 'type': 'total', 'summary': '2-0'}
 {'name': 'Home', 'abbreviation': None, 'type': 'home', 'summary': '2-0'}
 {'name': 'Road', 'abbreviation': None, 'type': 'road', 'summary': '0-0'}
 {'name': 'vs. Conf.', 'abbreviation': None, 'type': 'vsconf', 'summary': '0-0'}]",2415,s:20~l:23~t:2415,Morgan State,Bears,MORG,Morgan State Bears,Morgan State,014786,f47937,True,3762,https://a.espncdn.com/i/teamlogos/ncaa/500/2415.png,24,3,False,99,"[{'value': 0.0, 'displayValue': '0', 'period': 1}
 {'value': 0.0, 'displayValue': '0', 'period': 2}
 {'value': 3.0, 'displayValue': '3', 'period': 3}
 {'value': 0.0, 'displayValue': '0', 'period': 4}]","[{'name': 'overall', 'abbreviation': 'Game', 'type': 'total', 'summary': '1-1'}
 {'name': 'Home', 'abbreviation': None, 'type': 'home', 'summary': '1-0'}
 {'name': 'Road', 'abbreviation': None, 'type': 'road', 'summary': '0-1'}
 {'name': 'vs. Conf.', 'abbreviation': None, 'type': 'vsconf', 'summary': '0-0'}]",302540120,2010,2,2,
302540055,s:20~l:23~e:302540055~c:302540055,2010-09-11T23:00Z,0,True,False,False,False,True,False,2010-09-11T23:00Z,,[],,,,,1,STD,3662,AmFirst Stadium,Jacksonville,AL,USA,False,0.0,0:00,4,3,STATUS_FINAL,post,True,Final,Final,Final,4,55,s:20~l:23~t:55,Jacksonville State,Gamecocks,JVST,Jacksonville State Gamecocks,Jacksonville St,cc0000,000000,True,3662,https://a.espncdn.com/i/teamlogos/ncaa/500/55.png,26,21,True,99,"[{'value': 0.0, 'displayValue': '0', 'period': 1}
 {'value': 0.0, 'displayValue': '0', 'period': 2}
 {'value': 7.0, 'displayValue': '7', 'period': 3}
 {'value': 14.0, 'displayValue': '14', 'period': 4}]","[{'name': 'overall', 'abbreviation': 'Game', 'type': 'total', 'summary': '2-0'}
 {'name': 'Home', 'abbreviation': None, 'type': 'home', 'summary': '1-0'}
 {'name': 'Road', 'abbreviation': None, 'type': 'road', 'summary': '1-0'}
 {'name': 'vs. Conf.', 'abbreviation': None, 'type': 'vsconf', 'summary': '0-0'}]",236,s:20~l:23~t:236,Chattanooga,Mocs,CHAT,Chattanooga Mocs,Chattanooga,00386b,dca71d,True,3720,https://a.espncdn.com/i/teamlogos/ncaa/500/236.png,29,17,False,99,"[{'value': 3.0, 'displayValue': '3', 'period': 1}
 {'value': 7.0, 'displayValue': '7', 'period': 2}
 {'value': 7.0, 'displayValue': '7', 'period': 3}
 {'value': 0.0, 'displayValue': '0', 'period': 4}]","[{'name': 'overall', 'abbreviation': 'Game', 'type': 'total', 'summary': '0-2'}
 {'name': 'Home', 'abbreviation': None, 'type': 'home', 'summary': '0-1'}
 {'name': 'Road', 'abbreviation': None, 'type': 'road', 'summary': '0-1'}
 {'name': 'vs. Conf.', 'abbreviation': None, 'type': 'vsconf', 'summary': '0-1'}]",302540055,2010,2,2,
302540119,s:20~l:23~e:302540119~c:302540119,2010-09-11T23:00Z,0,True,False,False,False,True,False,2010-09-11T23:00Z,,[],,,,,1,STD,3781,Johnny Unitas Stadium,Towson,MD,USA,False,0.0,0:00,9,3,STATUS_FINAL,post,True,Final,Final/5OT,Final/5OT,4,119,s:20~l:23~t:119,Towson,Tigers,TOWS,Towson Tigers,Towson,FFC229,,True,3781,https://a.espncdn.com/i/teamlogos/ncaa/500/119.png,48,47,True,99,"[{'value': 0.0, 'displayValue': '0', 'period': 1}
 {'value': 0.0, 'displayValue': '0', 'period': 2}
 {'value': 7.0, 'displayValue': '7', 'period': 3}
 {'value': 14.0, 'displayValue': '14', 'period': 4}
 {'value': 3.0, 'displayValue': '3', 'period': 5}
 {'value': 6.0, 'displayValue': '6', 'period': 6}
 {'value': 6.0, 'displayValue': '6', 'period': 7}
 {'value': 3.0, 'displayValue': '3', 'period': 8}
 {'value': 8.0, 'displayValue': '8', 'period': 9}]","[{'name': 'overall', 'abbreviation': 'Game', 'type': 'total', 'summary': '1-1'}
 {'name': 'Home', 'abbreviation': None, 'type': 'home', 'summary': '1-0'}
 {'name': 'Road', 'abbreviation': None, 'type': 'road', 'summary': '0-1'}
 {'name': 'vs. Conf.', 'abbreviation': None, 'type': 'vsconf', 'summary': '0-0'}]",324,s:20~l:23~t:324,Coastal Carolina,Chanticleers,CCAR,Coastal Carolina Chanticleers,Coast Carolina,006f71,a27752,True,3654,https://a.espncdn.com/i/teamlogos/ncaa/500/324.png,40,45,False,99,"[{'value': 7.0, 'displayValue': '7', 'period': 1}
 {'value': 0.0, 'displayValue': '0', 'period': 2}
 {'value': 7.0, 'displayValue': '7', 'period': 3}
 {'value': 7.0, 'displayValue': '7', 'period': 4}
 {'value': 3.0, 'displayValue': '3', 'period': 5}
 {'value': 6.0, 'displayValue': '6', 'period': 6}
 {'value': 6.0, 'displayValue': '6', 'period': 7}
 {'value': 3.0, 'displayValue': '3', 'period': 8}
 {'value': 6.0, 'displayValue': '6', 'period': 9}]","[{'name': 'overall', 'abbreviation': 'Game', 'type': 'total', 'summary': '0-2'}
 {'name': 'Home', 'abbreviation': None, 'type': 'home', 'summary': '0-0'}
 {'name': 'Road', 'abbreviation': None, 'type': 'road', 'summary': '0-2'}
 {'name': 'vs. Conf.', 'abbreviation': None, 'type': 'vsconf', 'summary': '0-0'}]",302540119,2010,2,2,5OT
302540142,s:20~l:23~e:302540142~c:302540142,2010-09-11T23:00Z,0,True,False,False,False,False,False,2010-09-11T23:00Z,,[],,,,,1,STD,3838,Memorial Stadium,Columbia,MO,USA,False,0.0,0:00,4,3,STATUS_FINAL,post,True,Final,Final,Final,4,142,s:20~l:23~t:142,Missouri,Tigers,MIZ,Missouri Tigers,Missouri,f1b82d,000000,True,3838,https://a.espncdn.com/i/teamlogos/ncaa/500/142.png,4,50,True,99,"[{'value': 14.0, 'displayValue': '14', 'period': 1}
 {'value': 19.0, 'displayValue': '19', 'period': 2}
 {'value': 17.0, 'displayValue': '17', 'period': 3}
 {'value': 0.0, 'displayValue': '0', 'period': 4}]","[{'name': 'overall', 'abbreviation': 'Game', 'type': 'total', 'summary': '2-0'}
 {'name': 'Home', 'abbreviation': None, 'type': 'home', 'summary': '2-0'}
 {'name': 'Road', 'abbreviation': None, 'type': 'road', 'summary': '0-0'}
 {'name': 'vs. Conf.', 'abbreviation': None, 'type': 'vsconf', 'summary': '0-0'}]",2377,s:20~l:23~t:2377,McNeese State,Cowboys,MCNS,McNeese State Cowboys,McNeese State,00529C,,False,3686,https://a.espncdn.com/i/teamlogos/ncaa/500/2377.png,30,6,False,99,"[{'value': 0.0, 'displayValue': '0', 'period': 1}
 {'value': 0.0, 'displayValue': '0', 'period': 2}
 {'value': 0.0, 'displayValue': '0', 'period': 3}
 {'value': 6.0, 'displayValue': '6', 'period': 4}]","[{'name': 'overall', 'abbreviation': 'Game', 'type': 'total', 'summary': '1-1'}
 {'name': 'Home', 'abbreviation': None, 'type': 'home', 'summary': '1-0'}
 {'name': 'Road', 'abbreviation': None, 'type': 'road', 'summary': '0-1'}
 {'name': 'vs. Conf.', 'abbreviation': None, 'type': 'vsconf', 'summary': '0-0'}]",302540142,2010,2,2,
302540195,s:20~l:23~e:302540195~c:302540195,2010-09-11T23:00Z,0,True,False,False,False,True,False,2010-09-11T23:00Z,,[],,,,,1,STD,3876,Peden Stadium,Athens,OH,USA,False,0.0,0:00,4,3,STATUS_FINAL,post,True,Final,Final,Final,4,195,s:20~l:23~t:195,Ohio,Bobcats,OHIO,Ohio Bobcats,Ohio,154734,ffffff,True,3876,https://a.espncdn.com/i/teamlogos/ncaa/500/195.png,15,13,False,99,"[{'value': 10.0, 'displayValue': '10', 'period': 1}
 {'value': 3.0, 'displayValue': '3', 'period': 2}
 {'value': 0.0, 'displayValue': '0', 'period': 3}
 {'value': 0.0, 'displayValue': '0', 'period': 4}]","[{'name': 'overall', 'abbreviation': 'Game', 'type': 'total', 'summary': '1-1'}
 {'name': 'Home', 'abbreviation': None, 'type': 'home', 'summary': '1-1'}
 {'name': 'Road', 'abbreviation': None, 'type': 'road', 'summary': '0-0'}
 {'name': 'vs. Conf.', 'abbreviation': None, 'type': 'vsconf', 'summary': '0-1'}]",2649,s:20~l:23~t:2649,Toledo,Rockets,TOL,Toledo Rockets,Toledo,0b2240,ffcd00,True,3739,https://a.espncdn.com/i/teamlogos/ncaa/500/2649.png,15,20,True,99,"[{'value': 7.0, 'displayValue': '7', 'period': 1}
 {'value': 6.0, 'displayValue': '6', 'period': 2}
 {'value': 0.0, 'displayValue': '0', 'period': 3}
 {'value': 7.0, 'displayValue': '7', 'period': 4}]","[{'name': 'overall', 'abbreviation': 'Game', 'type': 'total', 'summary': '1-1'}
 {'name': 'Home', 'abbreviation': None, 'type': 'home', 'summary': '0-1'}
 {'name': 'Road', 'abbreviation': None, 'type': 'road', 'summary': '1-0'}
 {'name': 'vs. Conf.', 'abbreviation': None, 'type': 'vsconf', 'summary': '1-0'}]",302540195,2010,2,2,
302540197,s:20~l:23~e:302540197~c:302540197,2010-09-11T23:00Z,0,True,False,False,False,True,False,2010-09-11T23:00Z,,[],,,,,1,STD,3646,Boone Pickens Stadium,Stillwater,OK,USA,False,0.0,0:00,4,3,STATUS_FINAL,post,True,Final,Final,Final,4,197,s:20~l:23~t:197,Oklahoma State,Cowboys,OKST,Oklahoma State Cowboys,Oklahoma State,fe5c00,000000,True,3646,https://a.espncdn.com/i/teamlogos/ncaa/500/197.png,4,41,True,99,"[{'value': 3.0, 'displayValue': '3', 'period': 1}
 {'value': 17.0, 'displayValue': '17', 'period': 2}
 {'value': 14.0, 'displayValue': '14', 'period': 3}
 {'value': 7.0, 'displayValue': '7', 'period': 4}]","[{'name': 'overall', 'abbreviation': 'Game', 'type': 'total', 'summary': '2-0'}
 {'name': 'Home', 'abbreviation': None, 'type': 'home', 'summary': '2-0'}
 {'name': 'Road', 'abbreviation': None, 'type': 'road', 'summary': '0-0'}
 {'name': 'vs. Conf.', 'abbreviation': None, 'type': 'vsconf', 'summary': '0-0'}]",2653,s:20~l:23~t:2653,Troy,Trojans,TROY,Troy Trojans,Troy,862633,b1b1b1,True,3975,https://a.espncdn.com/i/teamlogos/ncaa/500/2653.png,37,38,False,99,"[{'value': 3.0, 'displayValue': '3', 'period': 1}
 {'value': 24.0, 'displayValue': '24', 'period': 2}
 {'value': 3.0, 'displayValue': '3', 'period': 3}
 {'value': 8.0, 'displayValue': '8', 'period': 4}]","[{'name': 'overall', 'abbreviation': 'Game', 'type': 'total', 'summary': '1-1'}
 {'name': 'Home', 'abbreviation': None, 'type': 'home', 'summary': '1-0'}
 {'name': 'Road', 'abbreviation': None, 'type': 'road', 'summary': '0-1'}
 {'name': 'vs. Conf.', 'abbreviation': None, 'type': 'vsconf', 'summary': '0-0'}]",302540197,2010,2,2,
302540202,s:20~l:23~e:302540202~c:302540202,2010-09-11T23:00Z,0,True,False,False,False,True,False,2010-09-11T23:00Z,,[],,,,,1,STD,3674,H. A. Chapman Stadium,Tulsa,OK,USA,False,0.0,0:00,4,3,STATUS_FINAL,post,True,Final,Final,Final,4,202,s:20~l:23~t:202,Tulsa,Golden Hurricane,TLSA,Tulsa Golden Hurricane,Tulsa,003595,d0b787,True,3674,https://a.espncdn.com/i/teamlogos/ncaa/500/202.png,12,33,True,99,"[{'value': 10.0, 'displayValue': '10', 'period': 1}
 {'value': 17.0, 'displayValue': '17', 'period': 2}
 {'value': 6.0, 'displayValue': '6', 'period': 3}
 {'value': 0.0, 'displayValue': '0', 'period': 4}]","[{'name': 'overall', 'abbreviation': 'Game', 'type': 'total', 'summary': '1-1'}
 {'name': 'Home', 'abbreviation': None, 'type': 'home', 'summary': '1-0'}
 {'name': 'Road', 'abbreviation': None, 'type': 'road', 'summary': '0-1'}
 {'name': 'vs. Conf.', 'abbreviation': None, 'type': 'vsconf', 'summary': '0-1'}]",189,s:20~l:23~t:189,Bowling Green,Falcons,BGSU,Bowling Green Falcons,Bowling Green,fd5000,4f2c1d,True,3700,https://a.espncdn.com/i/teamlogos/ncaa/500/189.png,15,20,False,99,"[{'value': 7.0, 'displayValue': '7', 'period': 1}
 {'value': 7.0, 'displayValue': '7', 'period': 2}
 {'value': 0.0, 'displayValue': '0', 'period': 3}
 {'value': 6.0, 'displayValue': '6', 'period': 4}]","[{'name': 'overall', 'abbreviation': 'Game', 'type': 'total', 'summary': '0-2'}
 {'name': 'Home', 'abbreviation': None, 'type': 'home', 'summary': '0-0'}
 {'name': 'Road', 'abbreviation': None, 'type': 'road', 'summary': '0-2'}
 {'name': 'vs. Conf.', 'abbreviation': None, 'type': 'vsconf', 'summary': '0-0'}]",302540202,2010,2,2,
302540239,s:20~l:23~e:302540239~c:302540239,2010-09-11T23:00Z,0,True,False,False,False,True,False,2010-09-11T23:00Z,,[],,,,,1,STD,3724,Floyd Casey Stadium,Waco,TX,USA,True,0.0,0:00,4,3,STATUS_FINAL,post,True,Final,Final,Final,4,239,s:20~l:23~t:239,Baylor,Bears,BAY,Baylor Bears,Baylor,154734,ffb81c,True,3724,https://a.espncdn.com/i/teamlogos/ncaa/500/239.png,4,34,True,99,"[{'value': 10.0, 'displayValue': '10', 'period': 1}
 {'value': 17.0, 'displayValue': '17', 'period': 2}
 {'value': 7.0, 'displayValue': '7', 'period': 3}
 {'value': 0.0, 'displayValue': '0', 'period': 4}]","[{'name': 'overall', 'abbreviation': 'Game', 'type': 'total', 'summary': '2-0'}
 {'name': 'Home', 'abbreviation': None, 'type': 'home', 'summary': '2-0'}
 {'name': 'Road', 'abbreviation': None, 'type': 'road', 'summary': '0-0'}
 {'name': 'vs. Conf.', 'abbreviation': None, 'type': 'vsconf', 'summary': '0-0'}]",2084,s:20~l:23~t:2084,Buffalo,Bulls,BUFF,Buffalo Bulls,Buffalo,005bbb,ffffff,True,3965,https://a.espncdn.com/i/teamlogos/ncaa/500/2084.png,15,6,False,99,"[{'value': 0.0, 'displayValue': '0', 'period': 1}
 {'value': 3.0, 'displayValue': '3', 'period': 2}
 {'value': 3.0, 'displayValue': '3', 'period': 3}
 {'value': 0.0, 'displayValue': '0', 'period': 4}]","[{'name': 'overall', 'abbreviation': 'Game', 'type': 'total', 'summary': '1-1'}
 {'name': 'Home', 'abbreviation': None, 'type': 'home', 'summary': '1-0'}
 {'name': 'Road', 'abbreviation': None, 'type': 'road', 'summary': '0-1'}
 {'name': 'vs. Conf.', 'abbreviation': None, 'type': 'vsconf', 'summary': '0-0'}]",302540239,2010,2,2,
302540245,s:20~l:23~e:302540245~c:302540245,2010-09-11T23:00Z,0,True,False,False,False,True,False,2010-09-11T23:00Z,,[],,,,,1,STD,3795,Kyle Field,College Station,TX,USA,False,0.0,0:00,4,3,STATUS_FINAL,post,True,Final,Final,Final,4,245,s:20~l:23~t:245,Texas A&M,Aggies,TA&M,Texas A&M Aggies,Texas A&M,500000,ffffff,True,3795,https://a.espncdn.com/i/teamlogos/ncaa/500/245.png,4,48,True,99,"[{'value': 7.0, 'displayValue': '7', 'period': 1}
 {'value': 14.0, 'displayValue': '14', 'period': 2}
 {'value': 17.0, 'displayValue': '17', 'period': 3}
 {'value': 10.0, 'displayValue': '10', 'period': 4}]","[{'name': 'overall', 'abbreviation': 'Game', 'type': 'total', 'summary': '2-0'}
 {'name': 'Home', 'abbreviation': None, 'type': 'home', 'summary': '2-0'}
 {'name': 'Road', 'abbreviation': None, 'type': 'road', 'summary': '0-0'}
 {'name': 'vs. Conf.', 'abbreviation': None, 'type': 'vsconf', 'summary': '0-0'}]",2348,s:20~l:23~t:2348,Louisiana Tech,Bulldogs,LT,Louisiana Tech Bulldogs,LA Tech,003087,cb333b,True,3776,https://a.espncdn.com/i/teamlogos/ncaa/500/2348.png,16,16,False,99,"[{'value': 3.0, 'displayValue': '3', 'period': 1}
 {'value': 7.0, 'displayValue': '7', 'period': 2}
 {'value': 6.0, 'displayValue': '6', 'period': 3}
 {'value': 0.0, 'displayValue': '0', 'period': 4}]","[{'name': 'overall', 'abbreviation': 'Game', 'type': 'total', 'summary': '1-1'}
 {'name': 'Home', 'abbreviation': None, 'type': 'home', 'summary': '0-0'}
 {'name': 'Road', 'abbreviation': None, 'type': 'road', 'summary': '1-1'}
 {'name': 'vs. Conf.', 'abbreviation': None, 'type': 'vsconf', 'summary': '0-0'}]",302540245,2010,2,2,
302540249,s:20~l:23~e:302540249~c:302540249,2010-09-11T23:00Z,0,True,False,False,False,True,False,2010-09-11T23:00Z,,[],,,,,1,STD,,,,,,,0.0,0:00,4,3,STATUS_FINAL,post,True,Final,Final,Final,4,249,s:20~l:23~t:249,North Texas,Mean Green,UNT,North Texas Mean Green,North Texas,068f33,ffffff,True,3825,https://a.espncdn.com/i/teamlogos/ncaa/500/249.png,37,31,False,99,"[{'value': 7.0, 'displayValue': '7', 'period': 1}
 {'value': 14.0, 'displayValue': '14', 'period': 2}
 {'value': 7.0, 'displayValue': '7', 'period': 3}
 {'value': 3.0, 'displayValue': '3', 'period': 4}]","[{'name': 'overall', 'abbreviation': 'Game', 'type': 'total', 'summary': '0-2'}
 {'name': 'Home', 'abbreviation': None, 'type': 'home', 'summary': '0-1'}
 {'name': 'Road', 'abbreviation': None, 'type': 'road', 'summary': '0-1'}
 {'name': 'vs. Conf.', 'abbreviation': None, 'type': 'vsconf', 'summary': '0-0'}]",242,s:20~l:23~t:242,Rice,Owls,RICE,Rice Owls,Rice,00205b,c1c6c8,True,3895,https://a.espncdn.com/i/teamlogos/ncaa/500/242.png,12,32,True,99,"[{'value': 16.0, 'displayValue': '16', 'period': 1}
 {'value': 7.0, 'displayValue': '7', 'period': 2}
 {'value': 3.0, 'displayValue': '3', 'period': 3}
 {'value': 6.0, 'displayValue': '6', 'period': 4}]","[{'name': 'overall', 'abbreviation': 'Game', 'type': 'total', 'summary': '1-1'}
 {'name': 'Home', 'abbreviation': None, 'type': 'home', 'summary': '0-1'}
 {'name': 'Road', 'abbreviation': None, 'type': 'road', 'summary': '1-0'}
 {'name': 'vs. Conf.', 'abbreviation': None, 'type': 'vsconf', 'summary': '0-0'}]",302540249,2010,2,2,
302540264,s:20~l:23~e:302540264~c:302540264,2010-09-11T23:00Z,0,True,False,False,False,True,False,2010-09-11T23:00Z,,[],,,,,1,STD,3765,Husky Stadium,Seattle,WA,USA,False,0.0,0:00,4,3,STATUS_FINAL,post,True,Final,Final,Final,4,264,s:20~l:23~t:264,Washington,Huskies,WASH,Washington Huskies,Washington,33006f,e8d3a2,True,3765,https://a.espncdn.com/i/teamlogos/ncaa/500/264.png,5,41,True,99,"[{'value': 3.0, 'displayValue': '3', 'period': 1}
 {'value': 10.0, 'displayValue': '10', 'period': 2}
 {'value': 14.0, 'displayValue': '14', 'period': 3}
 {'value': 14.0, 'displayValue': '14', 'period': 4}]","[{'name': 'overall', 'abbreviation': 'Game', 'type': 'total', 'summary': '1-1'}
 {'name': 'Home', 'abbreviation': None, 'type': 'home', 'summary': '1-0'}
 {'name': 'Road', 'abbreviation': None, 'type': 'road', 'summary': '0-1'}
 {'name': 'vs. Conf.', 'abbreviation': None, 'type': 'vsconf', 'summary': '0-0'}]",183,s:20~l:23~t:183,Syracuse,Orange,SYR,Syracuse Orange,Syracuse,000e54,ff431b,True,1964,https://a.espncdn.com/i/teamlogos/ncaa/500/183.png,10,20,False,99,"[{'value': 10.0, 'displayValue': '10', 'period': 1}
 {'value': 0.0, 'displayValue': '0', 'period': 2}
 {'value': 0.0, 'displayValue': '0', 'period': 3}
 {'value': 10.0, 'displayValue': '10', 'period': 4}]","[{'name': 'overall', 'abbreviation': 'Game', 'type': 'total', 'summary': '1-1'}
 {'name': 'Home', 'abbreviation': None, 'type': 'home', 'summary': '0-0'}
 {'name': 'Road', 'abbreviation': None, 'type': 'road', 'summary': '1-1'}
 {'name': 'vs. Conf.', 'abbreviation': None, 'type': 'vsconf', 'summary': '0-0'}]",302540264,2010,2,2,
302540265,s:20~l:23~e:302540265~c:302540265,2010-09-11T23:00Z,0,True,False,False,False,True,False,2010-09-11T23:00Z,,[],,,,,1,STD,3820,Martin Stadium,Pullman,WA,USA,False,16.0,0:16,4,3,STATUS_FINAL,post,True,Final,Final,Final,4,265,s:20~l:23~t:265,Washington State,Cougars,WSU,Washington State Cougars,Washington St,a60f2d,4d4d4d,True,3820,https://a.espncdn.com/i/teamlogos/ncaa/500/265.png,9,23,True,99,"[{'value': 0.0, 'displayValue': '0', 'period': 1}
 {'value': 7.0, 'displayValue': '7', 'period': 2}
 {'value': 0.0, 'displayValue': '0', 'period': 3}
 {'value': 16.0, 'displayValue': '16', 'period': 4}]","[{'name': 'overall', 'abbreviation': 'Game', 'type': 'total', 'summary': '1-1'}
 {'name': 'Home', 'abbreviation': None, 'type': 'home', 'summary': '1-0'}
 {'name': 'Road', 'abbreviation': None, 'type': 'road', 'summary': '0-1'}
 {'name': 'vs. Conf.', 'abbreviation': None, 'type': 'vsconf', 'summary': '0-0'}]",147,s:20~l:23~t:147,Montana State,Bobcats,MTST,Montana State Bobcats,Montana State,00205c,bc955c,True,3643,https://a.espncdn.com/i/teamlogos/ncaa/500/147.png,20,22,False,99,"[{'value': 6.0, 'displayValue': '6', 'period': 1}
 {'value': 7.0, 'displayValue': '7', 'period': 2}
 {'value': 9.0, 'displayValue': '9', 'period': 3}
 {'value': 0.0, 'displayValue': '0', 'period': 4}]","[{'name': 'overall', 'abbreviation': 'Game', 'type': 'total', 'summary': '1-1'}
 {'name': 'Home', 'abbreviation': None, 'type': 'home', 'summary': '1-0'}
 {'name': 'Road', 'abbreviation': None, 'type': 'road', 'summary': '0-1'}
 {'name': 'vs. Conf.', 'abbreviation': None, 'type': 'vsconf', 'summary': '0-0'}]",302540265,2010,2,2,
302540326,s:20~l:23~e:302540326~c:302540326,2010-09-11T23:00Z,0,True,False,False,False,False,False,2010-09-11T23:00Z,,[],,,,,1,STD,3644,UFCU Stadium,San Marcos,TX,USA,False,0.0,0:00,4,3,STATUS_FINAL,post,True,Final,Final,Final,4,326,s:20~l:23~t:326,Texas State,Bobcats,TXST,Texas State Bobcats,Texas State,501214,6a5638,True,3644,https://a.espncdn.com/i/teamlogos/ncaa/500/326.png,30,31,True,99,"[{'value': 3.0, 'displayValue': '3', 'period': 1}
 {'value': 14.0, 'displayValue': '14', 'period': 2}
 {'value': 14.0, 'displayValue': '14', 'period': 3}
 {'value': 0.0, 'displayValue': '0', 'period': 4}]","[{'name': 'overall', 'abbreviation': 'Game', 'type': 'total', 'summary': '1-1'}
 {'name': 'Home', 'abbreviation': None, 'type': 'home', 'summary': '1-0'}
 {'name': 'Road', 'abbreviation': None, 'type': 'road', 'summary': '0-1'}
 {'name': 'vs. Conf.', 'abbreviation': None, 'type': 'vsconf', 'summary': '0-0'}]",2568,s:20~l:23~t:2568,Southern Arkansas,Muleriders,SOU,Southern Arkansas Muleriders,S Arkansas,000000,,True,5891,https://a.espncdn.com/i/teamlogos/ncaa/500/2568.png,,17,False,99,"[{'value': 0.0, 'displayValue': '0', 'period': 1}
 {'value': 17.0, 'displayValue': '17', 'period': 2}
 {'value': 0.0, 'displayValue': '0', 'period': 3}
 {'value': 0.0, 'displayValue': '0', 'period': 4}]","[{'name': 'overall', 'abbreviation': 'Game', 'type': 'total', 'summary': '0-0'}
 {'name': 'Home', 'abbreviation': 'null', 'type': 'home', 'summary': '0-0'}
 {'name': 'Road', 'abbreviation': 'null', 'type': 'road', 'summary': '0-0'}
 {'name': 'vs. Conf.', 'abbreviation': 'null', 'type': 'vsconf', 'summary': '0-0'}]",302540326,2010,2,2,
302542050,s:20~l:23~e:302542050~c:302542050,2010-09-11T23:00Z,0,True,False,False,False,True,False,2010-09-11T23:00Z,,[],,,,,1,STD,3919,Scheumann Stadium,Muncie,IN,USA,False,0.0,0:00,4,3,STATUS_FINAL,post,True,Final,Final,Final,4,2050,s:20~l:23~t:2050,Ball State,Cardinals,BALL,Ball State Cardinals,Ball State,ba0c2f,ffffff,True,3919,https://a.espncdn.com/i/teamlogos/ncaa/500/2050.png,15,23,False,99,"[{'value': 3.0, 'displayValue': '3', 'period': 1}
 {'value': 0.0, 'displayValue': '0', 'period': 2}
 {'value': 17.0, 'displayValue': '17', 'period': 3}
 {'value': 3.0, 'displayValue': '3', 'period': 4}]","[{'name': 'overall', 'abbreviation': 'Game', 'type': 'total', 'summary': '1-1'}
 {'name': 'Home', 'abbreviation': None, 'type': 'home', 'summary': '1-1'}
 {'name': 'Road', 'abbreviation': None, 'type': 'road', 'summary': '0-0'}
 {'name': 'vs. Conf.', 'abbreviation': None, 'type': 'vsconf', 'summary': '0-0'}]",2335,s:20~l:23~t:2335,Liberty,Flames,LIB,Liberty Flames,Liberty,0a254e,b72025,True,3992,https://a.espncdn.com/i/teamlogos/ncaa/500/2335.png,40,27,True,99,"[{'value': 14.0, 'displayValue': '14', 'period': 1}
 {'value': 0.0, 'displayValue': '0', 'period': 2}
 {'value': 7.0, 'displayValue': '7', 'period': 3}
 {'value': 6.0, 'displayValue': '6', 'period': 4}]","[{'name': 'overall', 'abbreviation': 'Game', 'type': 'total', 'summary': '2-0'}
 {'name': 'Home', 'abbreviation': None, 'type': 'home', 'summary': '1-0'}
 {'name': 'Road', 'abbreviation': None, 'type': 'road', 'summary': '1-0'}
 {'name': 'vs. Conf.', 'abbreviation': None, 'type': 'vsconf', 'summary': '0-0'}]",302542050,2010,2,2,
302542393,s:20~l:23~e:302542393~c:302542393,2010-09-11T23:00Z,0,True,False,False,False,True,False,2010-09-11T23:00Z,,[],,,,,1,STD,3725,"Johnny ""Red"" Floyd Stadium",Murfreesboro,TN,USA,False,0.0,0:00,4,3,STATUS_FINAL,post,True,Final,Final,Final,4,2393,s:20~l:23~t:2393,Middle Tennessee,Blue Raiders,MTSU,Middle Tennessee Blue Raiders,Mid Tennessee,036eb7,ffffff,True,3725,https://a.espncdn.com/i/teamlogos/ncaa/500/2393.png,37,56,True,99,"[{'value': 14.0, 'displayValue': '14', 'period': 1}
 {'value': 21.0, 'displayValue': '21', 'period': 2}
 {'value': 7.0, 'displayValue': '7', 'period': 3}
 {'value': 14.0, 'displayValue': '14', 'period': 4}]","[{'name': 'overall', 'abbreviation': 'Game', 'type': 'total', 'summary': '1-1'}
 {'name': 'Home', 'abbreviation': None, 'type': 'home', 'summary': '1-1'}
 {'name': 'Road', 'abbreviation': None, 'type': 'road', 'summary': '0-0'}
 {'name': 'vs. Conf.', 'abbreviation': None, 'type': 'vsconf', 'summary': '0-0'}]",2046,s:20~l:23~t:2046,Austin Peay,Governors,PEAY,Austin Peay Governors,Austin Peay,8e0b0b,,True,3742,https://a.espncdn.com/i/teamlogos/ncaa/500/2046.png,26,33,False,99,"[{'value': 3.0, 'displayValue': '3', 'period': 1}
 {'value': 14.0, 'displayValue': '14', 'period': 2}
 {'value': 16.0, 'displayValue': '16', 'period': 3}
 {'value': 0.0, 'displayValue': '0', 'period': 4}]","[{'name': 'overall', 'abbreviation': 'Game', 'type': 'total', 'summary': '1-1'}
 {'name': 'Home', 'abbreviation': None, 'type': 'home', 'summary': '1-0'}
 {'name': 'Road', 'abbreviation': None, 'type': 'road', 'summary': '0-1'}
 {'name': 'vs. Conf.', 'abbreviation': None, 'type': 'vsconf', 'summary': '0-0'}]",302542393,2010,2,2,
302542459,s:20~l:23~e:302542459~c:302542459,2010-09-11T23:00Z,0,True,False,False,False,True,False,2010-09-11T23:00Z,,[],,,,,1,STD,3764,Huskie Stadium,Dekalb,IL,USA,False,0.0,0:00,4,3,STATUS_FINAL,post,True,Final,Final,Final,4,2459,s:20~l:23~t:2459,Northern Illinois,Huskies,NIU,Northern Illinois Huskies,N Illinois,c8102e,000000,True,3764,https://a.espncdn.com/i/teamlogos/ncaa/500/2459.png,15,23,True,99,"[{'value': 13.0, 'displayValue': '13', 'period': 1}
 {'value': 3.0, 'displayValue': '3', 'period': 2}
 {'value': 0.0, 'displayValue': '0', 'period': 3}
 {'value': 7.0, 'displayValue': '7', 'period': 4}]","[{'name': 'overall', 'abbreviation': 'Game', 'type': 'total', 'summary': '1-1'}
 {'name': 'Home', 'abbreviation': None, 'type': 'home', 'summary': '1-0'}
 {'name': 'Road', 'abbreviation': None, 'type': 'road', 'summary': '0-1'}
 {'name': 'vs. Conf.', 'abbreviation': None, 'type': 'vsconf', 'summary': '0-0'}]",155,s:20~l:23~t:155,North Dakota,,UND,North Dakota,North Dakota,00A26B,c2c3c0,False,3605,https://a.espncdn.com/i/teamlogos/ncaa/500/155.png,43,17,False,99,"[{'value': 0.0, 'displayValue': '0', 'period': 1}
 {'value': 7.0, 'displayValue': '7', 'period': 2}
 {'value': 7.0, 'displayValue': '7', 'period': 3}
 {'value': 3.0, 'displayValue': '3', 'period': 4}]","[{'name': 'overall', 'abbreviation': 'Game', 'type': 'total', 'summary': '0-2'}
 {'name': 'Home', 'abbreviation': None, 'type': 'home', 'summary': '0-0'}
 {'name': 'Road', 'abbreviation': None, 'type': 'road', 'summary': '0-2'}
 {'name': 'vs. Conf.', 'abbreviation': None, 'type': 'vsconf', 'summary': '0-0'}]",302542459,2010,2,2,
302542572,s:20~l:23~e:302542572~c:302542572,2010-09-11T23:00Z,0,True,False,False,False,True,False,2010-09-11T23:00Z,,[],,,,,1,STD,3815,M. M. Roberts Stadium,Hattiesburg,MS,USA,False,0.0,0:00,4,3,STATUS_FINAL,post,True,Final,Final,Final,4,2572,s:20~l:23~t:2572,Southern Mississippi,Golden Eagles,USM,Southern Mississippi Golden Eagles,Southern Miss,ffc72c,231f20,False,3815,https://a.espncdn.com/i/teamlogos/ncaa/500/2572.png,12,34,True,99,"[{'value': 17.0, 'displayValue': '17', 'period': 1}
 {'value': 14.0, 'displayValue': '14', 'period': 2}
 {'value': 3.0, 'displayValue': '3', 'period': 3}
 {'value': 0.0, 'displayValue': '0', 'period': 4}]","[{'name': 'overall', 'abbreviation': 'Game', 'type': 'total', 'summary': '1-1'}
 {'name': 'Home', 'abbreviation': None, 'type': 'home', 'summary': '1-0'}
 {'name': 'Road', 'abbreviation': None, 'type': 'road', 'summary': '0-1'}
 {'name': 'vs. Conf.', 'abbreviation': None, 'type': 'vsconf', 'summary': '0-0'}]",2504,s:20~l:23~t:2504,Prairie View A&M,Panthers,PV,Prairie View A&M Panthers,PV A&M,582c83,eaaa00,True,3639,https://a.espncdn.com/i/teamlogos/ncaa/500/2504.png,31,7,False,99,"[{'value': 0.0, 'displayValue': '0', 'period': 1}
 {'value': 0.0, 'displayValue': '0', 'period': 2}
 {'value': 7.0, 'displayValue': '7', 'period': 3}
 {'value': 0.0, 'displayValue': '0', 'period': 4}]","[{'name': 'overall', 'abbreviation': 'Game', 'type': 'total', 'summary': '1-1'}
 {'name': 'Home', 'abbreviation': None, 'type': 'home', 'summary': '0-0'}
 {'name': 'Road', 'abbreviation': None, 'type': 'road', 'summary': '1-1'}
 {'name': 'vs. Conf.', 'abbreviation': None, 'type': 'vsconf', 'summary': '1-0'}]",302542572,2010,2,2,
302542711,s:20~l:23~e:302542711~c:302542711,2010-09-11T23:00Z,0,True,False,False,False,True,False,2010-09-11T23:00Z,,[],,,,,1,STD,3980,Waldo Stadium,Kalamazoo,MI,USA,False,0.0,0:00,4,3,STATUS_FINAL,post,True,Final,Final,Final,4,2711,s:20~l:23~t:2711,Western Michigan,Broncos,WMU,Western Michigan Broncos,W Michigan,532e1f,f1c500,True,3980,https://a.espncdn.com/i/teamlogos/ncaa/500/2711.png,15,49,True,99,"[{'value': 7.0, 'displayValue': '7', 'period': 1}
 {'value': 14.0, 'displayValue': '14', 'period': 2}
 {'value': 21.0, 'displayValue': '21', 'period': 3}
 {'value': 7.0, 'displayValue': '7', 'period': 4}]","[{'name': 'overall', 'abbreviation': 'Game', 'type': 'total', 'summary': '1-1'}
 {'name': 'Home', 'abbreviation': None, 'type': 'home', 'summary': '1-0'}
 {'name': 'Road', 'abbreviation': None, 'type': 'road', 'summary': '0-1'}
 {'name': 'vs. Conf.', 'abbreviation': None, 'type': 'vsconf', 'summary': '0-0'}]",2447,s:20~l:23~t:2447,Nicholls State,Colonels,NICH,Nicholls State Colonels,Nicholls State,C41230,f0f0f0,False,3779,https://a.espncdn.com/i/teamlogos/ncaa/500/2447.png,30,14,False,99,"[{'value': 0.0, 'displayValue': '0', 'period': 1}
 {'value': 14.0, 'displayValue': '14', 'period': 2}
 {'value': 0.0, 'displayValue': '0', 'period': 3}
 {'value': 0.0, 'displayValue': '0', 'period': 4}]","[{'name': 'overall', 'abbreviation': 'Game', 'type': 'total', 'summary': '0-2'}
 {'name': 'Home', 'abbreviation': None, 'type': 'home', 'summary': '0-0'}
 {'name': 'Road', 'abbreviation': None, 'type': 'road', 'summary': '0-2'}
 {'name': 'vs. Conf.', 'abbreviation': None, 'type': 'vsconf', 'summary': '0-0'}]",302542711,2010,2,2,
302542306,s:20~l:23~e:302542306~c:302542306,2010-09-11T23:10Z,0,True,False,False,False,True,False,2010-09-11T23:10Z,,[],,,,,1,STD,3636,Bill Snyder Family Stadium,Manhattan,KS,USA,False,0.0,0:00,4,3,STATUS_FINAL,post,True,Final,Final,Final,4,2306,s:20~l:23~t:2306,Kansas State,Wildcats,KSU,Kansas State Wildcats,Kansas State,330a57,e2e3e4,True,3636,https://a.espncdn.com/i/teamlogos/ncaa/500/2306.png,4,48,True,99,"[{'value': 7.0, 'displayValue': '7', 'period': 1}
 {'value': 20.0, 'displayValue': '20', 'period': 2}
 {'value': 14.0, 'displayValue': '14', 'period': 3}
 {'value': 7.0, 'displayValue': '7', 'period': 4}]","[{'name': 'overall', 'abbreviation': 'Game', 'type': 'total', 'summary': '2-0'}
 {'name': 'Home', 'abbreviation': None, 'type': 'home', 'summary': '2-0'}
 {'name': 'Road', 'abbreviation': None, 'type': 'road', 'summary': '0-0'}
 {'name': 'vs. Conf.', 'abbreviation': None, 'type': 'vsconf', 'summary': '0-0'}]",2623,s:20~l:23~t:2623,Missouri State,Bears,MOST,Missouri State Bears,Missouri State,5e0009,ffffff,True,3878,https://a.espncdn.com/i/teamlogos/ncaa/500/2623.png,21,24,False,99,"[{'value': 0.0, 'displayValue': '0', 'period': 1}
 {'value': 7.0, 'displayValue': '7', 'period': 2}
 {'value': 3.0, 'displayValue': '3', 'period': 3}
 {'value': 14.0, 'displayValue': '14', 'period': 4}]","[{'name': 'overall', 'abbreviation': 'Game', 'type': 'total', 'summary': '1-1'}
 {'name': 'Home', 'abbreviation': None, 'type': 'home', 'summary': '1-0'}
 {'name': 'Road', 'abbreviation': None, 'type': 'road', 'summary': '0-1'}
 {'name': 'vs. Conf.', 'abbreviation': None, 'type': 'vsconf', 'summary': '0-0'}]",302542306,2010,2,2,
302540096,s:20~l:23~e:302540096~c:302540096,2010-09-11T23:30Z,0,True,False,False,False,True,False,2010-09-11T23:30Z,,[],,,home,ESPN3,1,STD,3683,Kroger Field,Lexington,KY,USA,False,35.0,0:35,4,3,STATUS_FINAL,post,True,Final,Final,Final,4,96,s:20~l:23~t:96,Kentucky,Wildcats,UK,Kentucky Wildcats,Kentucky,0033a0,ffffff,True,3683,https://a.espncdn.com/i/teamlogos/ncaa/500/96.png,8,63,True,99,"[{'value': 14.0, 'displayValue': '14', 'period': 1}
 {'value': 28.0, 'displayValue': '28', 'period': 2}
 {'value': 7.0, 'displayValue': '7', 'period': 3}
 {'value': 14.0, 'displayValue': '14', 'period': 4}]","[{'name': 'overall', 'abbreviation': 'Game', 'type': 'total', 'summary': '2-0'}
 {'name': 'Home', 'abbreviation': None, 'type': 'home', 'summary': '1-0'}
 {'name': 'Road', 'abbreviation': None, 'type': 'road', 'summary': '1-0'}
 {'name': 'vs. Conf.', 'abbreviation': None, 'type': 'vsconf', 'summary': '0-0'}]",98,s:20~l:23~t:98,Western Kentucky,Hilltoppers,WKU,Western Kentucky Hilltoppers,W Kentucky,e13a3e,ffffff,True,3796,https://a.espncdn.com/i/teamlogos/ncaa/500/98.png,37,28,False,99,"[{'value': 7.0, 'displayValue': '7', 'period': 1}
 {'value': 7.0, 'displayValue': '7', 'period': 2}
 {'value': 7.0, 'displayValue': '7', 'period': 3}
 {'value': 7.0, 'displayValue': '7', 'period': 4}]","[{'name': 'overall', 'abbreviation': 'Game', 'type': 'total', 'summary': '0-2'}
 {'name': 'Home', 'abbreviation': None, 'type': 'home', 'summary': '0-0'}
 {'name': 'Road', 'abbreviation': None, 'type': 'road', 'summary': '0-2'}
 {'name': 'vs. Conf.', 'abbreviation': None, 'type': 'vsconf', 'summary': '0-0'}]",302540096,2010,2,2,
302540356,s:20~l:23~e:302540356~c:302540356,2010-09-11T23:30Z,0,True,False,False,False,True,False,2010-09-11T23:30Z,BTN,[],,,national,BTN,1,STD,3832,Gies Memorial Stadium,Champaign,IL,USA,False,142.0,2:22,4,3,STATUS_FINAL,post,True,Final,Final,Final,4,356,s:20~l:23~t:356,Illinois,Fighting Illini,ILL,Illinois Fighting Illini,Illinois,ff5f05,13294b,True,3832,https://a.espncdn.com/i/teamlogos/ncaa/500/356.png,5,35,True,99,"[{'value': 14.0, 'displayValue': '14', 'period': 1}
 {'value': 7.0, 'displayValue': '7', 'period': 2}
 {'value': 7.0, 'displayValue': '7', 'period': 3}
 {'value': 7.0, 'displayValue': '7', 'period': 4}]","[{'name': 'overall', 'abbreviation': 'Game', 'type': 'total', 'summary': '1-1'}
 {'name': 'Home', 'abbreviation': None, 'type': 'home', 'summary': '1-0'}
 {'name': 'Road', 'abbreviation': None, 'type': 'road', 'summary': '0-1'}
 {'name': 'vs. Conf.', 'abbreviation': None, 'type': 'vsconf', 'summary': '0-0'}]",79,s:20~l:23~t:79,Southern Illinois,Salukis,SIU,Southern Illinois Salukis,S Illinois,85283D,c2c3c0,True,3913,https://a.espncdn.com/i/teamlogos/ncaa/500/79.png,21,3,False,99,"[{'value': 0.0, 'displayValue': '0', 'period': 1}
 {'value': 3.0, 'displayValue': '3', 'period': 2}
 {'value': 0.0, 'displayValue': '0', 'period': 3}
 {'value': 0.0, 'displayValue': '0', 'period': 4}]","[{'name': 'overall', 'abbreviation': 'Game', 'type': 'total', 'summary': '1-1'}
 {'name': 'Home', 'abbreviation': None, 'type': 'home', 'summary': '1-0'}
 {'name': 'Road', 'abbreviation': None, 'type': 'road', 'summary': '0-1'}
 {'name': 'vs. Conf.', 'abbreviation': None, 'type': 'vsconf', 'summary': '0-0'}]",302540356,2010,2,2,
302542116,s:20~l:23~e:302542116~c:302542116,2010-09-11T23:30Z,0,True,False,False,False,True,False,2010-09-11T23:30Z,,[],,,,,1,STD,3652,Acrisure Bounce House,Orlando,FL,USA,False,49.0,0:49,4,3,STATUS_FINAL,post,True,Final,Final,Final,4,2116,s:20~l:23~t:2116,UCF,Knights,UCF,UCF Knights,UCF,000000,b4a169,True,3652,https://a.espncdn.com/i/teamlogos/ncaa/500/2116.png,12,21,False,99,"[{'value': 0.0, 'displayValue': '0', 'period': 1}
 {'value': 7.0, 'displayValue': '7', 'period': 2}
 {'value': 0.0, 'displayValue': '0', 'period': 3}
 {'value': 14.0, 'displayValue': '14', 'period': 4}]","[{'name': 'overall', 'abbreviation': 'Game', 'type': 'total', 'summary': '1-1'}
 {'name': 'Home', 'abbreviation': None, 'type': 'home', 'summary': '1-1'}
 {'name': 'Road', 'abbreviation': None, 'type': 'road', 'summary': '0-0'}
 {'name': 'vs. Conf.', 'abbreviation': None, 'type': 'vsconf', 'summary': '0-0'}]",152,s:20~l:23~t:152,NC State,Wolfpack,NCST,NC State Wolfpack,NC State,cc0000,ffffff,True,3670,https://a.espncdn.com/i/teamlogos/ncaa/500/152.png,1,28,True,99,"[{'value': 7.0, 'displayValue': '7', 'period': 1}
 {'value': 14.0, 'displayValue': '14', 'period': 2}
 {'value': 7.0, 'displayValue': '7', 'period': 3}
 {'value': 0.0, 'displayValue': '0', 'period': 4}]","[{'name': 'overall', 'abbreviation': 'Game', 'type': 'total', 'summary': '2-0'}
 {'name': 'Home', 'abbreviation': None, 'type': 'home', 'summary': '1-0'}
 {'name': 'Road', 'abbreviation': None, 'type': 'road', 'summary': '1-0'}
 {'name': 'vs. Conf.', 'abbreviation': None, 'type': 'vsconf', 'summary': '0-0'}]",302542116,2010,2,2,
302542460,s:20~l:23~e:302542460~c:302542460,2010-09-11T23:37Z,0,True,False,False,False,True,False,2010-09-11T23:37Z,,[],,,,,1,STD,3967,UNI-Dome,Cedar Falls,IA,USA,True,0.0,0:00,4,3,STATUS_FINAL,post,True,Final,Final,Final,4,2460,s:20~l:23~t:2460,Northern Iowa,Panthers,UNI,Northern Iowa Panthers,Northern Iowa,473282,ffffff,True,3967,https://a.espncdn.com/i/teamlogos/ncaa/500/2460.png,21,16,True,99,"[{'value': 6.0, 'displayValue': '6', 'period': 1}
 {'value': 3.0, 'displayValue': '3', 'period': 2}
 {'value': 7.0, 'displayValue': '7', 'period': 3}
 {'value': 0.0, 'displayValue': '0', 'period': 4}]","[{'name': 'overall', 'abbreviation': 'Game', 'type': 'total', 'summary': '1-0'}
 {'name': 'Home', 'abbreviation': None, 'type': 'home', 'summary': '1-0'}
 {'name': 'Road', 'abbreviation': None, 'type': 'road', 'summary': '0-0'}
 {'name': 'vs. Conf.', 'abbreviation': None, 'type': 'vsconf', 'summary': '1-0'}]",2449,s:20~l:23~t:2449,North Dakota State,Bison,NDSU,North Dakota State Bison,North Dakota St,01402A,ffffff,True,3714,https://a.espncdn.com/i/teamlogos/ncaa/500/2449.png,21,9,False,99,"[{'value': 3.0, 'displayValue': '3', 'period': 1}
 {'value': 0.0, 'displayValue': '0', 'period': 2}
 {'value': 0.0, 'displayValue': '0', 'period': 3}
 {'value': 6.0, 'displayValue': '6', 'period': 4}]","[{'name': 'overall', 'abbreviation': 'Game', 'type': 'total', 'summary': '1-1'}
 {'name': 'Home', 'abbreviation': None, 'type': 'home', 'summary': '0-0'}
 {'name': 'Road', 'abbreviation': None, 'type': 'road', 'summary': '1-1'}
 {'name': 'vs. Conf.', 'abbreviation': None, 'type': 'vsconf', 'summary': '0-1'}]",302542460,2010,2,2,
302540166,s:20~l:23~e:302540166~c:302540166,2010-09-12T00:00Z,0,True,False,False,False,True,False,2010-09-12T00:00Z,,[],,,home,ESPN3,1,STD,3601,Aggie Memorial Stadium,Las Cruces,NM,USA,False,110.0,1:50,4,3,STATUS_FINAL,post,True,Final,Final,Final,4,166,s:20~l:23~t:166,New Mexico State,Aggies,NMSU,New Mexico State Aggies,New Mexico St,7e141b,231f20,True,3601,https://a.espncdn.com/i/teamlogos/ncaa/500/166.png,16,21,False,99,"[{'value': 7.0, 'displayValue': '7', 'period': 1}
 {'value': 0.0, 'displayValue': '0', 'period': 2}
 {'value': 7.0, 'displayValue': '7', 'period': 3}
 {'value': 7.0, 'displayValue': '7', 'period': 4}]","[{'name': 'overall', 'abbreviation': 'Game', 'type': 'total', 'summary': '0-1'}
 {'name': 'Home', 'abbreviation': None, 'type': 'home', 'summary': '0-1'}
 {'name': 'Road', 'abbreviation': None, 'type': 'road', 'summary': '0-0'}
 {'name': 'vs. Conf.', 'abbreviation': None, 'type': 'vsconf', 'summary': '0-0'}]",21,s:20~l:23~t:21,San Diego State,Aztecs,SDSU,San Diego State Aztecs,San Diego St,a6192e,000000,True,7311,https://a.espncdn.com/i/teamlogos/ncaa/500/21.png,9,41,True,99,"[{'value': 3.0, 'displayValue': '3', 'period': 1}
 {'value': 10.0, 'displayValue': '10', 'period': 2}
 {'value': 14.0, 'displayValue': '14', 'period': 3}
 {'value': 14.0, 'displayValue': '14', 'period': 4}]","[{'name': 'overall', 'abbreviation': 'Game', 'type': 'total', 'summary': '2-0'}
 {'name': 'Home', 'abbreviation': None, 'type': 'home', 'summary': '1-0'}
 {'name': 'Road', 'abbreviation': None, 'type': 'road', 'summary': '1-0'}
 {'name': 'vs. Conf.', 'abbreviation': None, 'type': 'vsconf', 'summary': '0-0'}]",302540166,2010,2,2,
302540167,s:20~l:23~e:302540167~c:302540167,2010-09-12T00:00Z,0,True,False,False,False,True,False,2010-09-12T00:00Z,,[],,,,,1,STD,3971,University Stadium (NM),Albuquerque,NM,USA,False,0.0,0:00,4,3,STATUS_FINAL,post,True,Final,Final,Final,4,167,s:20~l:23~t:167,New Mexico,Lobos,UNM,New Mexico Lobos,New Mexico,ba0c2f,a7a8aa,True,3971,https://a.espncdn.com/i/teamlogos/ncaa/500/167.png,17,17,False,99,"[{'value': 3.0, 'displayValue': '3', 'period': 1}
 {'value': 14.0, 'displayValue': '14', 'period': 2}
 {'value': 0.0, 'displayValue': '0', 'period': 3}
 {'value': 0.0, 'displayValue': '0', 'period': 4}]","[{'name': 'overall', 'abbreviation': 'Game', 'type': 'total', 'summary': '0-2'}
 {'name': 'Home', 'abbreviation': None, 'type': 'home', 'summary': '0-1'}
 {'name': 'Road', 'abbreviation': None, 'type': 'road', 'summary': '0-1'}
 {'name': 'vs. Conf.', 'abbreviation': None, 'type': 'vsconf', 'summary': '0-0'}]",2641,s:20~l:23~t:2641,Texas Tech,Red Raiders,TTU,Texas Tech Red Raiders,Texas Tech,da291c,000000,True,3784,https://a.espncdn.com/i/teamlogos/ncaa/500/2641.png,4,52,True,99,"[{'value': 21.0, 'displayValue': '21', 'period': 1}
 {'value': 10.0, 'displayValue': '10', 'period': 2}
 {'value': 7.0, 'displayValue': '7', 'period': 3}
 {'value': 14.0, 'displayValue': '14', 'period': 4}]","[{'name': 'overall', 'abbreviation': 'Game', 'type': 'total', 'summary': '2-0'}
 {'name': 'Home', 'abbreviation': None, 'type': 'home', 'summary': '1-0'}
 {'name': 'Road', 'abbreviation': None, 'type': 'road', 'summary': '1-0'}
 {'name': 'vs. Conf.', 'abbreviation': None, 'type': 'vsconf', 'summary': '0-0'}]",302540167,2010,2,2,
302540328,s:20~l:23~e:302540328~c:302540328,2010-09-12T00:00Z,0,True,False,False,False,True,False,2010-09-12T00:00Z,,[],,,,,1,STD,3905,Maverik Stadium,Logan,UT,USA,False,0.0,0:00,4,3,STATUS_FINAL,post,True,Final,Final,Final,4,328,s:20~l:23~t:328,Utah State,Aggies,USU,Utah State Aggies,Utah State,0f2439,ffffff,True,3905,https://a.espncdn.com/i/teamlogos/ncaa/500/328.png,16,38,True,99,"[{'value': 7.0, 'displayValue': '7', 'period': 1}
 {'value': 10.0, 'displayValue': '10', 'period': 2}
 {'value': 14.0, 'displayValue': '14', 'period': 3}
 {'value': 7.0, 'displayValue': '7', 'period': 4}]","[{'name': 'overall', 'abbreviation': 'Game', 'type': 'total', 'summary': '1-1'}
 {'name': 'Home', 'abbreviation': None, 'type': 'home', 'summary': '1-0'}
 {'name': 'Road', 'abbreviation': None, 'type': 'road', 'summary': '0-1'}
 {'name': 'vs. Conf.', 'abbreviation': None, 'type': 'vsconf', 'summary': '0-0'}]",304,s:20~l:23~t:304,Idaho State,Bengals,IDST,Idaho State Bengals,Idaho State,ef8c00,e9a126,True,1930,https://a.espncdn.com/i/teamlogos/ncaa/500/304.png,20,17,False,99,"[{'value': 3.0, 'displayValue': '3', 'period': 1}
 {'value': 0.0, 'displayValue': '0', 'period': 2}
 {'value': 0.0, 'displayValue': '0', 'period': 3}
 {'value': 14.0, 'displayValue': '14', 'period': 4}]","[{'name': 'overall', 'abbreviation': 'Game', 'type': 'total', 'summary': '1-1'}
 {'name': 'Home', 'abbreviation': None, 'type': 'home', 'summary': '1-0'}
 {'name': 'Road', 'abbreviation': None, 'type': 'road', 'summary': '0-1'}
 {'name': 'vs. Conf.', 'abbreviation': None, 'type': 'vsconf', 'summary': '0-0'}]",302540328,2010,2,2,
302542229,s:20~l:23~e:302542229~c:302542229,2010-09-12T00:00Z,0,True,False,False,False,True,False,2010-09-12T00:00Z,,[],,,home,ESPN3,1,STD,218,Riccardo Silva Stadium,Miami,FL,USA,False,0.0,0:00,4,3,STATUS_FINAL,post,True,Final,Final,Final,4,2229,s:20~l:23~t:2229,Florida Intl,Golden Panthers,FIU,Florida Intl Golden Panthers,FIU,091f3f,c3993f,False,218,https://a.espncdn.com/i/teamlogos/ncaa/500/2229.png,37,14,False,99,"[{'value': 7.0, 'displayValue': '7', 'period': 1}
 {'value': 0.0, 'displayValue': '0', 'period': 2}
 {'value': 7.0, 'displayValue': '7', 'period': 3}
 {'value': 0.0, 'displayValue': '0', 'period': 4}]","[{'name': 'overall', 'abbreviation': 'Game', 'type': 'total', 'summary': '0-1'}
 {'name': 'Home', 'abbreviation': None, 'type': 'home', 'summary': '0-1'}
 {'name': 'Road', 'abbreviation': None, 'type': 'road', 'summary': '0-0'}
 {'name': 'vs. Conf.', 'abbreviation': None, 'type': 'vsconf', 'summary': '0-0'}]",164,s:20~l:23~t:164,Rutgers,Scarlet Knights,RUTG,Rutgers Scarlet Knights,Rutgers,ce0e2d,ffffff,True,3754,https://a.espncdn.com/i/teamlogos/ncaa/500/164.png,10,19,True,99,"[{'value': 3.0, 'displayValue': '3', 'period': 1}
 {'value': 10.0, 'displayValue': '10', 'period': 2}
 {'value': 0.0, 'displayValue': '0', 'period': 3}
 {'value': 6.0, 'displayValue': '6', 'period': 4}]","[{'name': 'overall', 'abbreviation': 'Game', 'type': 'total', 'summary': '2-0'}
 {'name': 'Home', 'abbreviation': None, 'type': 'home', 'summary': '1-0'}
 {'name': 'Road', 'abbreviation': None, 'type': 'road', 'summary': '1-0'}
 {'name': 'vs. Conf.', 'abbreviation': None, 'type': 'vsconf', 'summary': '0-0'}]",302542229,2010,2,2,
302542567,s:20~l:23~e:302542567~c:302542567,2010-09-12T00:00Z,0,True,False,False,False,True,False,2010-09-12T00:00Z,,[],,,,,1,STD,3735,Gerald J. Ford Stadium,Dallas,TX,USA,False,0.0,0:00,4,3,STATUS_FINAL,post,True,Final,Final,Final,4,2567,s:20~l:23~t:2567,SMU,Mustangs,SMU,SMU Mustangs,SMU,a80000,0033a1,True,3735,https://a.espncdn.com/i/teamlogos/ncaa/500/2567.png,12,28,True,99,"[{'value': 0.0, 'displayValue': '0', 'period': 1}
 {'value': 14.0, 'displayValue': '14', 'period': 2}
 {'value': 7.0, 'displayValue': '7', 'period': 3}
 {'value': 7.0, 'displayValue': '7', 'period': 4}]","[{'name': 'overall', 'abbreviation': 'Game', 'type': 'total', 'summary': '1-1'}
 {'name': 'Home', 'abbreviation': None, 'type': 'home', 'summary': '1-0'}
 {'name': 'Road', 'abbreviation': None, 'type': 'road', 'summary': '0-1'}
 {'name': 'vs. Conf.', 'abbreviation': None, 'type': 'vsconf', 'summary': '1-0'}]",5,s:20~l:23~t:5,UAB,Blazers,UAB,UAB Blazers,UAB,1a5632,fdb913,True,3803,https://a.espncdn.com/i/teamlogos/ncaa/500/5.png,12,7,False,99,"[{'value': 7.0, 'displayValue': '7', 'period': 1}
 {'value': 0.0, 'displayValue': '0', 'period': 2}
 {'value': 0.0, 'displayValue': '0', 'period': 3}
 {'value': 0.0, 'displayValue': '0', 'period': 4}]","[{'name': 'overall', 'abbreviation': 'Game', 'type': 'total', 'summary': '0-2'}
 {'name': 'Home', 'abbreviation': None, 'type': 'home', 'summary': '0-1'}
 {'name': 'Road', 'abbreviation': None, 'type': 'road', 'summary': '0-1'}
 {'name': 'vs. Conf.', 'abbreviation': None, 'type': 'vsconf', 'summary': '0-1'}]",302542567,2010,2,2,
302542655,s:20~l:23~e:302542655~c:302542655,2010-09-12T01:00Z,0,True,False,False,False,True,False,2010-09-12T01:00Z,ESPN Classic,[],,,national,ESPN Classic,1,STD,3493,Caesars Superdome,New Orleans,LA,USA,True,139.0,2:19,4,3,STATUS_FINAL,post,True,Final,Final,Final,4,2655,s:20~l:23~t:2655,Tulane,Green Wave,TULN,Tulane Green Wave,Tulane,006747,418fde,True,3493,https://a.espncdn.com/i/teamlogos/ncaa/500/2655.png,12,13,False,99,"[{'value': 0.0, 'displayValue': '0', 'period': 1}
 {'value': 3.0, 'displayValue': '3', 'period': 2}
 {'value': 7.0, 'displayValue': '7', 'period': 3}
 {'value': 3.0, 'displayValue': '3', 'period': 4}]","[{'name': 'overall', 'abbreviation': 'Game', 'type': 'total', 'summary': '1-1'}
 {'name': 'Home', 'abbreviation': None, 'type': 'home', 'summary': '1-1'}
 {'name': 'Road', 'abbreviation': None, 'type': 'road', 'summary': '0-0'}
 {'name': 'vs. Conf.', 'abbreviation': None, 'type': 'vsconf', 'summary': '0-0'}]",145,s:20~l:23~t:145,Ole Miss,Rebels,MISS,Ole Miss Rebels,Ole Miss,13294b,cf142b,True,3974,https://a.espncdn.com/i/teamlogos/ncaa/500/145.png,8,27,True,99,"[{'value': 14.0, 'displayValue': '14', 'period': 1}
 {'value': 10.0, 'displayValue': '10', 'period': 2}
 {'value': 0.0, 'displayValue': '0', 'period': 3}
 {'value': 3.0, 'displayValue': '3', 'period': 4}]","[{'name': 'overall', 'abbreviation': 'Game', 'type': 'total', 'summary': '1-1'}
 {'name': 'Home', 'abbreviation': None, 'type': 'home', 'summary': '0-1'}
 {'name': 'Road', 'abbreviation': None, 'type': 'road', 'summary': '1-0'}
 {'name': 'vs. Conf.', 'abbreviation': None, 'type': 'vsconf', 'summary': '0-0'}]",302542655,2010,2,2,
302540016,s:20~l:23~e:302540016~c:302540016,2010-09-12T01:05Z,0,True,False,False,False,False,False,2010-09-12T01:05Z,,[],,,,,1,STD,3757,Hornet Stadium,Sacramento,CA,USA,False,0.0,0:00,4,3,STATUS_FINAL,post,True,Final,Final,Final,4,16,s:20~l:23~t:16,Sacramento State,Hornets,SAC,Sacramento State Hornets,Sacramento St,00573C,cdb97d,True,3757,https://a.espncdn.com/i/teamlogos/ncaa/500/16.png,20,31,True,99,"[{'value': 7.0, 'displayValue': '7', 'period': 1}
 {'value': 14.0, 'displayValue': '14', 'period': 2}
 {'value': 7.0, 'displayValue': '7', 'period': 3}
 {'value': 3.0, 'displayValue': '3', 'period': 4}]","[{'name': 'overall', 'abbreviation': 'Game', 'type': 'total', 'summary': '1-1'}
 {'name': 'Home', 'abbreviation': None, 'type': 'home', 'summary': '1-0'}
 {'name': 'Road', 'abbreviation': None, 'type': 'road', 'summary': '0-1'}
 {'name': 'vs. Conf.', 'abbreviation': None, 'type': 'vsconf', 'summary': '0-0'}]",2848,s:20~l:23~t:2848,Western Oregon,Wolves,WES,Western Oregon Wolves,Western Oregon,000000,,True,5783,https://a.espncdn.com/i/teamlogos/ncaa/500/2848.png,,17,False,99,"[{'value': 0.0, 'displayValue': '0', 'period': 1}
 {'value': 10.0, 'displayValue': '10', 'period': 2}
 {'value': 7.0, 'displayValue': '7', 'period': 3}
 {'value': 0.0, 'displayValue': '0', 'period': 4}]","[{'name': 'overall', 'abbreviation': 'Game', 'type': 'total', 'summary': '0-0'}
 {'name': 'Home', 'abbreviation': 'null', 'type': 'home', 'summary': '0-0'}
 {'name': 'Road', 'abbreviation': 'null', 'type': 'road', 'summary': '0-0'}
 {'name': 'vs. Conf.', 'abbreviation': 'null', 'type': 'vsconf', 'summary': '0-0'}]",302540016,2010,2,2,
302540009,s:20~l:23~e:302540009~c:302540009,2010-09-12T02:00Z,0,True,False,False,False,True,False,2010-09-12T02:00Z,,[],,,,,1,STD,3947,Mountain America Stadium,Tempe,AZ,USA,False,207.0,3:27,4,3,STATUS_FINAL,post,True,Final,Final,Final,4,9,s:20~l:23~t:9,Arizona State,Sun Devils,ASU,Arizona State Sun Devils,Arizona St,ffc627,8c1d40,True,3947,https://a.espncdn.com/i/teamlogos/ncaa/500/9.png,4,41,True,99,"[{'value': 7.0, 'displayValue': '7', 'period': 1}
 {'value': 10.0, 'displayValue': '10', 'period': 2}
 {'value': 10.0, 'displayValue': '10', 'period': 3}
 {'value': 14.0, 'displayValue': '14', 'period': 4}]","[{'name': 'overall', 'abbreviation': 'Game', 'type': 'total', 'summary': '2-0'}
 {'name': 'Home', 'abbreviation': None, 'type': 'home', 'summary': '2-0'}
 {'name': 'Road', 'abbreviation': None, 'type': 'road', 'summary': '0-0'}
 {'name': 'vs. Conf.', 'abbreviation': None, 'type': 'vsconf', 'summary': '0-0'}]",2464,s:20~l:23~t:2464,Northern Arizona,Lumberjacks,NAU,Northern Arizona Lumberjacks,N Arizona,003976,1b3069,True,2023,https://a.espncdn.com/i/teamlogos/ncaa/500/2464.png,20,20,False,99,"[{'value': 3.0, 'displayValue': '3', 'period': 1}
 {'value': 7.0, 'displayValue': '7', 'period': 2}
 {'value': 10.0, 'displayValue': '10', 'period': 3}
 {'value': 0.0, 'displayValue': '0', 'period': 4}]","[{'name': 'overall', 'abbreviation': 'Game', 'type': 'total', 'summary': '1-1'}
 {'name': 'Home', 'abbreviation': None, 'type': 'home', 'summary': '1-0'}
 {'name': 'Road', 'abbreviation': None, 'type': 'road', 'summary': '0-1'}
 {'name': 'vs. Conf.', 'abbreviation': None, 'type': 'vsconf', 'summary': '0-0'}]",302540009,2010,2,2,
302540012,s:20~l:23~e:302540012~c:302540012,2010-09-12T02:00Z,0,True,False,False,False,True,False,2010-09-12T02:00Z,,[],,,,,1,STD,3619,Casino Del Sol Stadium,Tucson,AZ,USA,False,0.0,0:00,4,3,STATUS_FINAL,post,True,Final,Final,Final,4,12,s:20~l:23~t:12,Arizona,Wildcats,ARIZ,Arizona Wildcats,Arizona,cc0033,003366,True,3619,https://a.espncdn.com/i/teamlogos/ncaa/500/12.png,4,52,True,99,"[{'value': 7.0, 'displayValue': '7', 'period': 1}
 {'value': 17.0, 'displayValue': '17', 'period': 2}
 {'value': 21.0, 'displayValue': '21', 'period': 3}
 {'value': 7.0, 'displayValue': '7', 'period': 4}]","[{'name': 'overall', 'abbreviation': 'Game', 'type': 'total', 'summary': '2-0'}
 {'name': 'Home', 'abbreviation': None, 'type': 'home', 'summary': '1-0'}
 {'name': 'Road', 'abbreviation': None, 'type': 'road', 'summary': '1-0'}
 {'name': 'vs. Conf.', 'abbreviation': None, 'type': 'vsconf', 'summary': '0-0'}]",2643,s:20~l:23~t:2643,The Citadel,Bulldogs,CIT,The Citadel Bulldogs,The Citadel,7badd3,002856,True,3782,https://a.espncdn.com/i/teamlogos/ncaa/500/2643.png,29,6,False,99,"[{'value': 0.0, 'displayValue': '0', 'period': 1}
 {'value': 0.0, 'displayValue': '0', 'period': 2}
 {'value': 3.0, 'displayValue': '3', 'period': 3}
 {'value': 3.0, 'displayValue': '3', 'period': 4}]","[{'name': 'overall', 'abbreviation': 'Game', 'type': 'total', 'summary': '1-1'}
 {'name': 'Home', 'abbreviation': None, 'type': 'home', 'summary': '1-0'}
 {'name': 'Road', 'abbreviation': None, 'type': 'road', 'summary': '0-1'}
 {'name': 'vs. Conf.', 'abbreviation': None, 'type': 'vsconf', 'summary': '0-0'}]",302540012,2010,2,2,
302542440,s:20~l:23~e:302542440~c:302542440,2010-09-12T02:30Z,0,True,False,False,False,True,False,2010-09-12T02:30Z,ESPNU,[],,,national,ESPNU,1,STD,3816,Mackay Stadium,Reno,NV,USA,False,0.0,0:00,4,3,STATUS_FINAL,post,True,Final,Final,Final,4,2440,s:20~l:23~t:2440,Nevada,Wolf Pack,NEV,Nevada Wolf Pack,Nevada,041e42,8a8d8f,True,3816,https://a.espncdn.com/i/teamlogos/ncaa/500/2440.png,16,51,True,99,"[{'value': 17.0, 'displayValue': '17', 'period': 1}
 {'value': 17.0, 'displayValue': '17', 'period': 2}
 {'value': 7.0, 'displayValue': '7', 'period': 3}
 {'value': 10.0, 'displayValue': '10', 'period': 4}]","[{'name': 'overall', 'abbreviation': 'Game', 'type': 'total', 'summary': '2-0'}
 {'name': 'Home', 'abbreviation': None, 'type': 'home', 'summary': '2-0'}
 {'name': 'Road', 'abbreviation': None, 'type': 'road', 'summary': '0-0'}
 {'name': 'vs. Conf.', 'abbreviation': None, 'type': 'vsconf', 'summary': '0-0'}]",36,s:20~l:23~t:36,Colorado State,Rams,CSU,Colorado State Rams,Colorado St,004c23,c8c372,True,5388,https://a.espncdn.com/i/teamlogos/ncaa/500/36.png,9,6,False,99,"[{'value': 3.0, 'displayValue': '3', 'period': 1}
 {'value': 0.0, 'displayValue': '0', 'period': 2}
 {'value': 3.0, 'displayValue': '3', 'period': 3}
 {'value': 0.0, 'displayValue': '0', 'period': 4}]","[{'name': 'overall', 'abbreviation': 'Game', 'type': 'total', 'summary': '0-2'}
 {'name': 'Home', 'abbreviation': None, 'type': 'home', 'summary': '0-1'}
 {'name': 'Road', 'abbreviation': None, 'type': 'road', 'summary': '0-1'}
 {'name': 'vs. Conf.', 'abbreviation': None, 'type': 'vsconf', 'summary': '0-0'}]",302542440,2010,2,2,
302590152,s:20~l:23~e:302590152~c:302590152,2010-09-16T23:30Z,0,True,False,False,False,True,False,2010-09-16T23:30Z,ESPN3/ESPN,[],,,national,ESPN3,1,STD,3670,Carter-Finley Stadium,Raleigh,NC,USA,False,0.0,0:00,4,3,STATUS_FINAL,post,True,Final,Final,Final,4,152,s:20~l:23~t:152,NC State,Wolfpack,NCST,NC State Wolfpack,NC State,cc0000,ffffff,True,3670,https://a.espncdn.com/i/teamlogos/ncaa/500/152.png,1,30,True,99,"[{'value': 14.0, 'displayValue': '14', 'period': 1}
 {'value': 6.0, 'displayValue': '6', 'period': 2}
 {'value': 3.0, 'displayValue': '3', 'period': 3}
 {'value': 7.0, 'displayValue': '7', 'period': 4}]","[{'name': 'overall', 'abbreviation': 'Game', 'type': 'total', 'summary': '3-0'}
 {'name': 'Home', 'abbreviation': None, 'type': 'home', 'summary': '2-0'}
 {'name': 'Road', 'abbreviation': None, 'type': 'road', 'summary': '1-0'}
 {'name': 'vs. Conf.', 'abbreviation': None, 'type': 'vsconf', 'summary': '0-0'}]",2132,s:20~l:23~t:2132,Cincinnati,Bearcats,CIN,Cincinnati Bearcats,Cincinnati,000000,e00122,True,3854,https://a.espncdn.com/i/teamlogos/ncaa/500/2132.png,10,19,False,99,"[{'value': 0.0, 'displayValue': '0', 'period': 1}
 {'value': 7.0, 'displayValue': '7', 'period': 2}
 {'value': 0.0, 'displayValue': '0', 'period': 3}
 {'value': 12.0, 'displayValue': '12', 'period': 4}]","[{'name': 'overall', 'abbreviation': 'Game', 'type': 'total', 'summary': '1-2'}
 {'name': 'Home', 'abbreviation': None, 'type': 'home', 'summary': '1-0'}
 {'name': 'Road', 'abbreviation': None, 'type': 'road', 'summary': '0-2'}
 {'name': 'vs. Conf.', 'abbreviation': None, 'type': 'vsconf', 'summary': '0-0'}]",302590152,2010,2,3,
302602572,s:20~l:23~e:302602572~c:302602572,2010-09-18T00:00Z,0,True,False,False,False,True,False,2010-09-18T00:00Z,ESPN3/ESPN,[],,,national,ESPN3,1,STD,3815,M. M. Roberts Stadium,Hattiesburg,MS,USA,False,0.0,0:00,4,3,STATUS_FINAL,post,True,Final,Final,Final,4,2572,s:20~l:23~t:2572,Southern Mississippi,Golden Eagles,USM,Southern Mississippi Golden Eagles,Southern Miss,ffc72c,231f20,False,3815,https://a.espncdn.com/i/teamlogos/ncaa/500/2572.png,12,31,True,99,"[{'value': 7.0, 'displayValue': '7', 'period': 1}
 {'value': 14.0, 'displayValue': '14', 'period': 2}
 {'value': 7.0, 'displayValue': '7', 'period': 3}
 {'value': 3.0, 'displayValue': '3', 'period': 4}]","[{'name': 'overall', 'abbreviation': 'Game', 'type': 'total', 'summary': '2-1'}
 {'name': 'Home', 'abbreviation': None, 'type': 'home', 'summary': '2-0'}
 {'name': 'Road', 'abbreviation': None, 'type': 'road', 'summary': '0-1'}
 {'name': 'vs. Conf.', 'abbreviation': None, 'type': 'vsconf', 'summary': '0-0'}]",2305,s:20~l:23~t:2305,Kansas,Jayhawks,KU,Kansas Jayhawks,Kansas,0051ba,e8000d,True,3833,https://a.espncdn.com/i/teamlogos/ncaa/500/2305.png,4,16,False,99,"[{'value': 0.0, 'displayValue': '0', 'period': 1}
 {'value': 3.0, 'displayValue': '3', 'period': 2}
 {'value': 7.0, 'displayValue': '7', 'period': 3}
 {'value': 6.0, 'displayValue': '6', 'period': 4}]","[{'name': 'overall', 'abbreviation': 'Game', 'type': 'total', 'summary': '1-2'}
 {'name': 'Home', 'abbreviation': None, 'type': 'home', 'summary': '1-1'}
 {'name': 'Road', 'abbreviation': None, 'type': 'road', 'summary': '0-1'}
 {'name': 'vs. Conf.', 'abbreviation': None, 'type': 'vsconf', 'summary': '0-0'}]",302602572,2010,2,3,
302602440,s:20~l:23~e:302602440~c:302602440,2010-09-18T02:00Z,0,True,False,False,False,True,False,2010-09-18T02:00Z,ESPN3/ESPN2,[],,,national,ESPN3,1,STD,3816,Mackay Stadium,Reno,NV,USA,False,0.0,0:00,4,3,STATUS_FINAL,post,True,Final,Final,Final,4,2440,s:20~l:23~t:2440,Nevada,Wolf Pack,NEV,Nevada Wolf Pack,Nevada,041e42,8a8d8f,True,3816,https://a.espncdn.com/i/teamlogos/ncaa/500/2440.png,16,52,True,99,"[{'value': 7.0, 'displayValue': '7', 'period': 1}
 {'value': 17.0, 'displayValue': '17', 'period': 2}
 {'value': 14.0, 'displayValue': '14', 'period': 3}
 {'value': 14.0, 'displayValue': '14', 'period': 4}]","[{'name': 'overall', 'abbreviation': 'Game', 'type': 'total', 'summary': '3-0'}
 {'name': 'Home', 'abbreviation': None, 'type': 'home', 'summary': '3-0'}
 {'name': 'Road', 'abbreviation': None, 'type': 'road', 'summary': '0-0'}
 {'name': 'vs. Conf.', 'abbreviation': None, 'type': 'vsconf', 'summary': '0-0'}]",25,s:20~l:23~t:25,California,Golden Bears,CAL,California Golden Bears,California,041e42,ffc72c,True,3831,https://a.espncdn.com/i/teamlogos/ncaa/500/25.png,1,31,False,99,"[{'value': 7.0, 'displayValue': '7', 'period': 1}
 {'value': 7.0, 'displayValue': '7', 'period': 2}
 {'value': 10.0, 'displayValue': '10', 'period': 3}
 {'value': 7.0, 'displayValue': '7', 'period': 4}]","[{'name': 'overall', 'abbreviation': 'Game', 'type': 'total', 'summary': '2-1'}
 {'name': 'Home', 'abbreviation': None, 'type': 'home', 'summary': '2-0'}
 {'name': 'Road', 'abbreviation': None, 'type': 'road', 'summary': '0-1'}
 {'name': 'vs. Conf.', 'abbreviation': None, 'type': 'vsconf', 'summary': '0-0'}]",302602440,2010,2,3,
302610150,s:20~l:23~e:302610150~c:302610150,2010-09-18T19:30Z,0,True,False,False,False,True,False,2010-09-18T19:30Z,ABC/ESPN3,[],,,national,ABC,1,STD,3982,Wallace Wade Stadium,Durham,NC,USA,False,0.0,0:00,4,3,STATUS_FINAL,post,True,Final,Final,Final,4,150,s:20~l:23~t:150,Duke,Blue Devils,DUKE,Duke Blue Devils,Duke,00539b,ffffff,True,3982,https://a.espncdn.com/i/teamlogos/ncaa/500/150.png,1,13,False,99,"[{'value': 3.0, 'displayValue': '3', 'period': 1}
 {'value': 10.0, 'displayValue': '10', 'period': 2}
 {'value': 0.0, 'displayValue': '0', 'period': 3}
 {'value': 0.0, 'displayValue': '0', 'period': 4}]","[{'name': 'overall', 'abbreviation': 'Game', 'type': 'total', 'summary': '1-2'}
 {'name': 'Home', 'abbreviation': None, 'type': 'home', 'summary': '1-1'}
 {'name': 'Road', 'abbreviation': None, 'type': 'road', 'summary': '0-1'}
 {'name': 'vs. Conf.', 'abbreviation': None, 'type': 'vsconf', 'summary': '0-1'}]",333,s:20~l:23~t:333,Alabama,Crimson Tide,ALA,Alabama Crimson Tide,Alabama,9e1b32,ffffff,True,3657,https://a.espncdn.com/i/teamlogos/ncaa/500/333.png,8,62,True,1,"[{'value': 28.0, 'displayValue': '28', 'period': 1}
 {'value': 17.0, 'displayValue': '17', 'period': 2}
 {'value': 10.0, 'displayValue': '10', 'period': 3}
 {'value': 7.0, 'displayValue': '7', 'period': 4}]","[{'name': 'overall', 'abbreviation': 'Game', 'type': 'total', 'summary': '3-0'}
 {'name': 'Home', 'abbreviation': None, 'type': 'home', 'summary': '2-0'}
 {'name': 'Road', 'abbreviation': None, 'type': 'road', 'summary': '1-0'}
 {'name': 'vs. Conf.', 'abbreviation': None, 'type': 'vsconf', 'summary': '0-0'}]",302610150,2010,2,3,
302610194,s:20~l:23~e:302610194~c:302610194,2010-09-18T16:00Z,0,True,False,False,False,True,False,2010-09-18T16:00Z,BTN,[],,,national,BTN,1,STD,3861,Ohio Stadium,Columbus,OH,USA,False,0.0,0:00,4,3,STATUS_FINAL,post,True,Final,Final,Final,4,194,s:20~l:23~t:194,Ohio State,Buckeyes,OSU,Ohio State Buckeyes,Ohio State,ba0c2f,a8adb4,True,3861,https://a.espncdn.com/i/teamlogos/ncaa/500/194.png,5,43,True,2,"[{'value': 17.0, 'displayValue': '17', 'period': 1}
 {'value': 17.0, 'displayValue': '17', 'period': 2}
 {'value': 9.0, 'displayValue': '9', 'period': 3}
 {'value': 0.0, 'displayValue': '0', 'period': 4}]","[{'name': 'overall', 'abbreviation': 'Game', 'type': 'total', 'summary': '3-0'}
 {'name': 'Home', 'abbreviation': None, 'type': 'home', 'summary': '3-0'}
 {'name': 'Road', 'abbreviation': None, 'type': 'road', 'summary': '0-0'}
 {'name': 'vs. Conf.', 'abbreviation': None, 'type': 'vsconf', 'summary': '0-0'}]",195,s:20~l:23~t:195,Ohio,Bobcats,OHIO,Ohio Bobcats,Ohio,154734,ffffff,True,3876,https://a.espncdn.com/i/teamlogos/ncaa/500/195.png,15,7,False,99,"[{'value': 0.0, 'displayValue': '0', 'period': 1}
 {'value': 0.0, 'displayValue': '0', 'period': 2}
 {'value': 0.0, 'displayValue': '0', 'period': 3}
 {'value': 7.0, 'displayValue': '7', 'period': 4}]","[{'name': 'overall', 'abbreviation': 'Game', 'type': 'total', 'summary': '1-2'}
 {'name': 'Home', 'abbreviation': None, 'type': 'home', 'summary': '1-1'}
 {'name': 'Road', 'abbreviation': None, 'type': 'road', 'summary': '0-1'}
 {'name': 'vs. Conf.', 'abbreviation': None, 'type': 'vsconf', 'summary': '0-1'}]",302610194,2010,2,3,
302612751,s:20~l:23~e:302612751~c:302612751,2010-09-19T00:00Z,0,True,False,False,False,True,False,2010-09-19T00:00Z,,[],,,,,1,STD,3984,War Memorial Stadium,Laramie,WY,USA,False,0.0,0:00,4,3,STATUS_FINAL,post,True,Final,Final,Final,4,2751,s:20~l:23~t:2751,Wyoming,Cowboys,WYO,Wyoming Cowboys,Wyoming,492f24,ffc425,True,3984,https://a.espncdn.com/i/teamlogos/ncaa/500/2751.png,17,6,False,99,"[{'value': 0.0, 'displayValue': '0', 'period': 1}
 {'value': 0.0, 'displayValue': '0', 'period': 2}
 {'value': 6.0, 'displayValue': '6', 'period': 3}
 {'value': 0.0, 'displayValue': '0', 'period': 4}]","[{'name': 'overall', 'abbreviation': 'Game', 'type': 'total', 'summary': '1-2'}
 {'name': 'Home', 'abbreviation': None, 'type': 'home', 'summary': '1-1'}
 {'name': 'Road', 'abbreviation': None, 'type': 'road', 'summary': '0-1'}
 {'name': 'vs. Conf.', 'abbreviation': None, 'type': 'vsconf', 'summary': '0-0'}]",68,s:20~l:23~t:68,Boise State,Broncos,BSU,Boise State Broncos,Boise St,0033a0,d64309,True,3653,https://a.espncdn.com/i/teamlogos/ncaa/500/68.png,16,51,True,3,"[{'value': 17.0, 'displayValue': '17', 'period': 1}
 {'value': 17.0, 'displayValue': '17', 'period': 2}
 {'value': 10.0, 'displayValue': '10', 'period': 3}
 {'value': 7.0, 'displayValue': '7', 'period': 4}]","[{'name': 'overall', 'abbreviation': 'Game', 'type': 'total', 'summary': '2-0'}
 {'name': 'Home', 'abbreviation': None, 'type': 'home', 'summary': '0-0'}
 {'name': 'Road', 'abbreviation': None, 'type': 'road', 'summary': '2-0'}
 {'name': 'vs. Conf.', 'abbreviation': None, 'type': 'vsconf', 'summary': '0-0'}]",302612751,2010,2,3,
302612628,s:20~l:23~e:302612628~c:302612628,2010-09-18T20:30Z,0,True,False,False,False,True,False,2010-09-18T20:30Z,NBCSN,[],,,national,NBCSN,1,STD,3616,Amon G. Carter Stadium,Fort Worth,TX,USA,False,0.0,0:00,4,3,STATUS_FINAL,post,True,Final,Final,Final,4,2628,s:20~l:23~t:2628,TCU,Horned Frogs,TCU,TCU Horned Frogs,TCU,4d1979,ffffff,True,3616,https://a.espncdn.com/i/teamlogos/ncaa/500/2628.png,4,45,True,4,"[{'value': 21.0, 'displayValue': '21', 'period': 1}
 {'value': 14.0, 'displayValue': '14', 'period': 2}
 {'value': 3.0, 'displayValue': '3', 'period': 3}
 {'value': 7.0, 'displayValue': '7', 'period': 4}]","[{'name': 'overall', 'abbreviation': 'Game', 'type': 'total', 'summary': '3-0'}
 {'name': 'Home', 'abbreviation': None, 'type': 'home', 'summary': '3-0'}
 {'name': 'Road', 'abbreviation': None, 'type': 'road', 'summary': '0-0'}
 {'name': 'vs. Conf.', 'abbreviation': None, 'type': 'vsconf', 'summary': '0-0'}]",239,s:20~l:23~t:239,Baylor,Bears,BAY,Baylor Bears,Baylor,154734,ffb81c,True,3724,https://a.espncdn.com/i/teamlogos/ncaa/500/239.png,4,10,False,99,"[{'value': 3.0, 'displayValue': '3', 'period': 1}
 {'value': 0.0, 'displayValue': '0', 'period': 2}
 {'value': 7.0, 'displayValue': '7', 'period': 3}
 {'value': 0.0, 'displayValue': '0', 'period': 4}]","[{'name': 'overall', 'abbreviation': 'Game', 'type': 'total', 'summary': '2-1'}
 {'name': 'Home', 'abbreviation': None, 'type': 'home', 'summary': '2-0'}
 {'name': 'Road', 'abbreviation': None, 'type': 'road', 'summary': '0-1'}
 {'name': 'vs. Conf.', 'abbreviation': None, 'type': 'vsconf', 'summary': '0-0'}]",302612628,2010,2,3,
302612483,s:20~l:23~e:302612483~c:302612483,2010-09-18T22:15Z,0,True,False,False,False,True,False,2010-09-18T22:15Z,,[],,,,,1,STD,3626,Autzen Stadium,Eugene,OR,USA,False,0.0,0:00,4,3,STATUS_FINAL,post,True,Final,Final,Final,4,2483,s:20~l:23~t:2483,Oregon,Ducks,ORE,Oregon Ducks,Oregon,00934b,fff41b,True,3626,https://a.espncdn.com/i/teamlogos/ncaa/500/2483.png,5,69,True,5,"[{'value': 21.0, 'displayValue': '21', 'period': 1}
 {'value': 24.0, 'displayValue': '24', 'period': 2}
 {'value': 24.0, 'displayValue': '24', 'period': 3}
 {'value': 0.0, 'displayValue': '0', 'period': 4}]","[{'name': 'overall', 'abbreviation': 'Game', 'type': 'total', 'summary': '3-0'}
 {'name': 'Home', 'abbreviation': None, 'type': 'home', 'summary': '2-0'}
 {'name': 'Road', 'abbreviation': None, 'type': 'road', 'summary': '1-0'}
 {'name': 'vs. Conf.', 'abbreviation': None, 'type': 'vsconf', 'summary': '0-0'}]",2502,s:20~l:23~t:2502,Portland State,Vikings,PRST,Portland State Vikings,Portland State,00311e,ebebeb,True,4765,https://a.espncdn.com/i/teamlogos/ncaa/500/2502.png,20,0,False,99,"[{'value': 0.0, 'displayValue': '0', 'period': 1}
 {'value': 0.0, 'displayValue': '0', 'period': 2}
 {'value': 0.0, 'displayValue': '0', 'period': 3}
 {'value': 0.0, 'displayValue': '0', 'period': 4}]","[{'name': 'overall', 'abbreviation': 'Game', 'type': 'total', 'summary': '1-2'}
 {'name': 'Home', 'abbreviation': None, 'type': 'home', 'summary': '0-0'}
 {'name': 'Road', 'abbreviation': None, 'type': 'road', 'summary': '1-2'}
 {'name': 'vs. Conf.', 'abbreviation': None, 'type': 'vsconf', 'summary': '0-0'}]",302612483,2010,2,3,
302612641,s:20~l:23~e:302612641~c:302612641,2010-09-19T00:00Z,0,True,False,False,False,True,False,2010-09-19T00:00Z,ABC/ESPN3,[],,,national,ABC,1,STD,3784,Jones AT&T Stadium,Lubbock,TX,USA,False,0.0,0:00,4,3,STATUS_FINAL,post,True,Final,Final,Final,4,2641,s:20~l:23~t:2641,Texas Tech,Red Raiders,TTU,Texas Tech Red Raiders,Texas Tech,da291c,000000,True,3784,https://a.espncdn.com/i/teamlogos/ncaa/500/2641.png,4,14,False,99,"[{'value': 7.0, 'displayValue': '7', 'period': 1}
 {'value': 7.0, 'displayValue': '7', 'period': 2}
 {'value': 0.0, 'displayValue': '0', 'period': 3}
 {'value': 0.0, 'displayValue': '0', 'period': 4}]","[{'name': 'overall', 'abbreviation': 'Game', 'type': 'total', 'summary': '2-1'}
 {'name': 'Home', 'abbreviation': None, 'type': 'home', 'summary': '1-1'}
 {'name': 'Road', 'abbreviation': None, 'type': 'road', 'summary': '1-0'}
 {'name': 'vs. Conf.', 'abbreviation': None, 'type': 'vsconf', 'summary': '0-1'}]",251,s:20~l:23~t:251,Texas,Longhorns,TEX,Texas Longhorns,Texas,af5c37,ffffff,True,3910,https://a.espncdn.com/i/teamlogos/ncaa/500/251.png,4,24,True,6,"[{'value': 14.0, 'displayValue': '14', 'period': 1}
 {'value': 0.0, 'displayValue': '0', 'period': 2}
 {'value': 3.0, 'displayValue': '3', 'period': 3}
 {'value': 7.0, 'displayValue': '7', 'period': 4}]","[{'name': 'overall', 'abbreviation': 'Game', 'type': 'total', 'summary': '3-0'}
 {'name': 'Home', 'abbreviation': None, 'type': 'home', 'summary': '1-0'}
 {'name': 'Road', 'abbreviation': None, 'type': 'road', 'summary': '2-0'}
 {'name': 'vs. Conf.', 'abbreviation': None, 'type': 'vsconf', 'summary': '1-0'}]",302612641,2010,2,3,
302610201,s:20~l:23~e:302610201~c:302610201,2010-09-18T19:30Z,0,True,False,False,False,True,False,2010-09-18T19:30Z,,[],,,,,1,STD,3835,"Memorial Stadium (Norman, OK)",Norman,OK,USA,False,0.0,0:00,4,3,STATUS_FINAL,post,True,Final,Final,Final,4,201,s:20~l:23~t:201,Oklahoma,Sooners,OKLA,Oklahoma Sooners,Oklahoma,990000,ffffff,True,3835,https://a.espncdn.com/i/teamlogos/ncaa/500/201.png,4,27,True,7,"[{'value': 7.0, 'displayValue': '7', 'period': 1}
 {'value': 3.0, 'displayValue': '3', 'period': 2}
 {'value': 17.0, 'displayValue': '17', 'period': 3}
 {'value': 0.0, 'displayValue': '0', 'period': 4}]","[{'name': 'overall', 'abbreviation': 'Game', 'type': 'total', 'summary': '3-0'}
 {'name': 'Home', 'abbreviation': None, 'type': 'home', 'summary': '3-0'}
 {'name': 'Road', 'abbreviation': None, 'type': 'road', 'summary': '0-0'}
 {'name': 'vs. Conf.', 'abbreviation': None, 'type': 'vsconf', 'summary': '0-0'}]",2005,s:20~l:23~t:2005,Air Force,Falcons,AF,Air Force Falcons,Air Force,003594,ffffff,True,3713,https://a.espncdn.com/i/teamlogos/ncaa/500/2005.png,17,24,False,99,"[{'value': 3.0, 'displayValue': '3', 'period': 1}
 {'value': 0.0, 'displayValue': '0', 'period': 2}
 {'value': 7.0, 'displayValue': '7', 'period': 3}
 {'value': 14.0, 'displayValue': '14', 'period': 4}]","[{'name': 'overall', 'abbreviation': 'Game', 'type': 'total', 'summary': '2-1'}
 {'name': 'Home', 'abbreviation': None, 'type': 'home', 'summary': '2-0'}
 {'name': 'Road', 'abbreviation': None, 'type': 'road', 'summary': '0-1'}
 {'name': 'vs. Conf.', 'abbreviation': None, 'type': 'vsconf', 'summary': '1-0'}]",302610201,2010,2,3,
302610264,s:20~l:23~e:302610264~c:302610264,2010-09-18T19:30Z,0,True,False,False,False,True,False,2010-09-18T19:30Z,ABC/ESPN3,[],,,national,ABC,1,STD,3765,Husky Stadium,Seattle,WA,USA,False,0.0,0:00,4,3,STATUS_FINAL,post,True,Final,Final,Final,4,264,s:20~l:23~t:264,Washington,Huskies,WASH,Washington Huskies,Washington,33006f,e8d3a2,True,3765,https://a.espncdn.com/i/teamlogos/ncaa/500/264.png,5,21,False,99,"[{'value': 7.0, 'displayValue': '7', 'period': 1}
 {'value': 7.0, 'displayValue': '7', 'period': 2}
 {'value': 7.0, 'displayValue': '7', 'period': 3}
 {'value': 0.0, 'displayValue': '0', 'period': 4}]","[{'name': 'overall', 'abbreviation': 'Game', 'type': 'total', 'summary': '1-2'}
 {'name': 'Home', 'abbreviation': None, 'type': 'home', 'summary': '1-1'}
 {'name': 'Road', 'abbreviation': None, 'type': 'road', 'summary': '0-1'}
 {'name': 'vs. Conf.', 'abbreviation': None, 'type': 'vsconf', 'summary': '0-0'}]",158,s:20~l:23~t:158,Nebraska,Cornhuskers,NEB,Nebraska Cornhuskers,Nebraska,e31937,ffffff,True,3834,https://a.espncdn.com/i/teamlogos/ncaa/500/158.png,4,56,True,8,"[{'value': 14.0, 'displayValue': '14', 'period': 1}
 {'value': 14.0, 'displayValue': '14', 'period': 2}
 {'value': 21.0, 'displayValue': '21', 'period': 3}
 {'value': 7.0, 'displayValue': '7', 'period': 4}]","[{'name': 'overall', 'abbreviation': 'Game', 'type': 'total', 'summary': '3-0'}
 {'name': 'Home', 'abbreviation': None, 'type': 'home', 'summary': '2-0'}
 {'name': 'Road', 'abbreviation': None, 'type': 'road', 'summary': '1-0'}
 {'name': 'vs. Conf.', 'abbreviation': None, 'type': 'vsconf', 'summary': '0-0'}]",302610264,2010,2,3,
302610012,s:20~l:23~e:302610012~c:302610012,2010-09-19T02:30Z,0,True,False,False,False,True,False,2010-09-19T02:30Z,ESPN3/ESPN,[],,,national,ESPN3,1,STD,3619,Casino Del Sol Stadium,Tucson,AZ,USA,False,0.0,0:00,4,3,STATUS_FINAL,post,True,Final,Final,Final,4,12,s:20~l:23~t:12,Arizona,Wildcats,ARIZ,Arizona Wildcats,Arizona,cc0033,003366,True,3619,https://a.espncdn.com/i/teamlogos/ncaa/500/12.png,4,34,True,24,"[{'value': 14.0, 'displayValue': '14', 'period': 1}
 {'value': 13.0, 'displayValue': '13', 'period': 2}
 {'value': 0.0, 'displayValue': '0', 'period': 3}
 {'value': 7.0, 'displayValue': '7', 'period': 4}]","[{'name': 'overall', 'abbreviation': 'Game', 'type': 'total', 'summary': '3-0'}
 {'name': 'Home', 'abbreviation': None, 'type': 'home', 'summary': '2-0'}
 {'name': 'Road', 'abbreviation': None, 'type': 'road', 'summary': '1-0'}
 {'name': 'vs. Conf.', 'abbreviation': None, 'type': 'vsconf', 'summary': '0-0'}]",2294,s:20~l:23~t:2294,Iowa,Hawkeyes,IOWA,Iowa Hawkeyes,Iowa,231f20,fcd116,True,3793,https://a.espncdn.com/i/teamlogos/ncaa/500/2294.png,5,27,False,9,"[{'value': 0.0, 'displayValue': '0', 'period': 1}
 {'value': 7.0, 'displayValue': '7', 'period': 2}
 {'value': 7.0, 'displayValue': '7', 'period': 3}
 {'value': 13.0, 'displayValue': '13', 'period': 4}]","[{'name': 'overall', 'abbreviation': 'Game', 'type': 'total', 'summary': '2-1'}
 {'name': 'Home', 'abbreviation': None, 'type': 'home', 'summary': '2-0'}
 {'name': 'Road', 'abbreviation': None, 'type': 'road', 'summary': '0-1'}
 {'name': 'vs. Conf.', 'abbreviation': None, 'type': 'vsconf', 'summary': '0-0'}]",302610012,2010,2,3,
302612633,s:20~l:23~e:302612633~c:302612633,2010-09-18T19:30Z,0,True,False,False,False,True,False,2010-09-18T19:30Z,CBS,[],,,national,CBS,1,STD,3853,Neyland Stadium,Knoxville,TN,USA,False,0.0,0:00,4,3,STATUS_FINAL,post,True,Final,Final,Final,4,2633,s:20~l:23~t:2633,Tennessee,Volunteers,TENN,Tennessee Volunteers,Tennessee,ff8200,ffffff,True,3853,https://a.espncdn.com/i/teamlogos/ncaa/500/2633.png,8,17,False,99,"[{'value': 3.0, 'displayValue': '3', 'period': 1}
 {'value': 0.0, 'displayValue': '0', 'period': 2}
 {'value': 7.0, 'displayValue': '7', 'period': 3}
 {'value': 7.0, 'displayValue': '7', 'period': 4}]","[{'name': 'overall', 'abbreviation': 'Game', 'type': 'total', 'summary': '1-2'}
 {'name': 'Home', 'abbreviation': None, 'type': 'home', 'summary': '1-2'}
 {'name': 'Road', 'abbreviation': None, 'type': 'road', 'summary': '0-0'}
 {'name': 'vs. Conf.', 'abbreviation': None, 'type': 'vsconf', 'summary': '0-1'}]",57,s:20~l:23~t:57,Florida,Gators,FLA,Florida Gators,Florida,0021a5,fa4616,True,3634,https://a.espncdn.com/i/teamlogos/ncaa/500/57.png,8,31,True,10,"[{'value': 0.0, 'displayValue': '0', 'period': 1}
 {'value': 7.0, 'displayValue': '7', 'period': 2}
 {'value': 17.0, 'displayValue': '17', 'period': 3}
 {'value': 7.0, 'displayValue': '7', 'period': 4}]","[{'name': 'overall', 'abbreviation': 'Game', 'type': 'total', 'summary': '3-0'}
 {'name': 'Home', 'abbreviation': None, 'type': 'home', 'summary': '2-0'}
 {'name': 'Road', 'abbreviation': None, 'type': 'road', 'summary': '1-0'}
 {'name': 'vs. Conf.', 'abbreviation': None, 'type': 'vsconf', 'summary': '1-0'}]",302612633,2010,2,3,
302610275,s:20~l:23~e:302610275~c:302610275,2010-09-18T19:30Z,0,True,False,False,False,True,False,2010-09-18T19:30Z,ABC/ESPN3,[],,,national,ABC,1,STD,347,Camp Randall Stadium,Madison,WI,USA,False,0.0,0:00,4,3,STATUS_FINAL,post,True,Final,Final,Final,4,275,s:20~l:23~t:275,Wisconsin,Badgers,WIS,Wisconsin Badgers,Wisconsin,a00000,ffffff,True,347,https://a.espncdn.com/i/teamlogos/ncaa/500/275.png,5,20,True,11,"[{'value': 3.0, 'displayValue': '3', 'period': 1}
 {'value': 10.0, 'displayValue': '10', 'period': 2}
 {'value': 7.0, 'displayValue': '7', 'period': 3}
 {'value': 0.0, 'displayValue': '0', 'period': 4}]","[{'name': 'overall', 'abbreviation': 'Game', 'type': 'total', 'summary': '3-0'}
 {'name': 'Home', 'abbreviation': None, 'type': 'home', 'summary': '2-0'}
 {'name': 'Road', 'abbreviation': None, 'type': 'road', 'summary': '1-0'}
 {'name': 'vs. Conf.', 'abbreviation': None, 'type': 'vsconf', 'summary': '0-0'}]",9,s:20~l:23~t:9,Arizona State,Sun Devils,ASU,Arizona State Sun Devils,Arizona St,ffc627,8c1d40,True,3947,https://a.espncdn.com/i/teamlogos/ncaa/500/9.png,4,19,False,99,"[{'value': 7.0, 'displayValue': '7', 'period': 1}
 {'value': 3.0, 'displayValue': '3', 'period': 2}
 {'value': 3.0, 'displayValue': '3', 'period': 3}
 {'value': 6.0, 'displayValue': '6', 'period': 4}]","[{'name': 'overall', 'abbreviation': 'Game', 'type': 'total', 'summary': '2-1'}
 {'name': 'Home', 'abbreviation': None, 'type': 'home', 'summary': '2-0'}
 {'name': 'Road', 'abbreviation': None, 'type': 'road', 'summary': '0-1'}
 {'name': 'vs. Conf.', 'abbreviation': None, 'type': 'vsconf', 'summary': '0-0'}]",302610275,2010,2,3,
302610061,s:20~l:23~e:302610061~c:302610061,2010-09-18T16:00Z,0,True,False,False,False,True,False,2010-09-18T16:00Z,ESPN3/ESPN,[],,,national,ESPN3,1,STD,3917,Sanford Stadium,Athens,GA,USA,False,0.0,0:00,4,3,STATUS_FINAL,post,True,Final,Final,Final,4,61,s:20~l:23~t:61,Georgia,Bulldogs,UGA,Georgia Bulldogs,Georgia,ba0c2f,2c2a29,True,3917,https://a.espncdn.com/i/teamlogos/ncaa/500/61.png,8,24,False,99,"[{'value': 7.0, 'displayValue': '7', 'period': 1}
 {'value': 0.0, 'displayValue': '0', 'period': 2}
 {'value': 3.0, 'displayValue': '3', 'period': 3}
 {'value': 14.0, 'displayValue': '14', 'period': 4}]","[{'name': 'overall', 'abbreviation': 'Game', 'type': 'total', 'summary': '1-2'}
 {'name': 'Home', 'abbreviation': None, 'type': 'home', 'summary': '1-1'}
 {'name': 'Road', 'abbreviation': None, 'type': 'road', 'summary': '0-1'}
 {'name': 'vs. Conf.', 'abbreviation': None, 'type': 'vsconf', 'summary': '0-2'}]",8,s:20~l:23~t:8,Arkansas,Razorbacks,ARK,Arkansas Razorbacks,Arkansas,a32136,ffffff,True,3887,https://a.espncdn.com/i/teamlogos/ncaa/500/8.png,8,31,True,12,"[{'value': 7.0, 'displayValue': '7', 'period': 1}
 {'value': 10.0, 'displayValue': '10', 'period': 2}
 {'value': 7.0, 'displayValue': '7', 'period': 3}
 {'value': 7.0, 'displayValue': '7', 'period': 4}]","[{'name': 'overall', 'abbreviation': 'Game', 'type': 'total', 'summary': '3-0'}
 {'name': 'Home', 'abbreviation': None, 'type': 'home', 'summary': '1-0'}
 {'name': 'Road', 'abbreviation': None, 'type': 'road', 'summary': '2-0'}
 {'name': 'vs. Conf.', 'abbreviation': None, 'type': 'vsconf', 'summary': '1-0'}]",302610061,2010,2,3,
302612579,s:20~l:23~e:302612579~c:302612579,2010-09-18T23:00Z,0,True,False,False,False,True,False,2010-09-18T23:00Z,,[],,,home,ESPN3,1,STD,3994,Williams-Brice Stadium,Columbia,SC,USA,False,0.0,0:00,4,3,STATUS_FINAL,post,True,Final,Final,Final,4,2579,s:20~l:23~t:2579,South Carolina,Gamecocks,SC,South Carolina Gamecocks,South Carolina,73000a,000000,True,3994,https://a.espncdn.com/i/teamlogos/ncaa/500/2579.png,8,38,True,13,"[{'value': 14.0, 'displayValue': '14', 'period': 1}
 {'value': 7.0, 'displayValue': '7', 'period': 2}
 {'value': 10.0, 'displayValue': '10', 'period': 3}
 {'value': 7.0, 'displayValue': '7', 'period': 4}]","[{'name': 'overall', 'abbreviation': 'Game', 'type': 'total', 'summary': '3-0'}
 {'name': 'Home', 'abbreviation': None, 'type': 'home', 'summary': '3-0'}
 {'name': 'Road', 'abbreviation': None, 'type': 'road', 'summary': '0-0'}
 {'name': 'vs. Conf.', 'abbreviation': None, 'type': 'vsconf', 'summary': '1-0'}]",231,s:20~l:23~t:231,Furman,Paladins,FUR,Furman Paladins,Furman,582c83,ffffff,True,3868,https://a.espncdn.com/i/teamlogos/ncaa/500/231.png,29,19,False,99,"[{'value': 0.0, 'displayValue': '0', 'period': 1}
 {'value': 6.0, 'displayValue': '6', 'period': 2}
 {'value': 7.0, 'displayValue': '7', 'period': 3}
 {'value': 6.0, 'displayValue': '6', 'period': 4}]","[{'name': 'overall', 'abbreviation': 'Game', 'type': 'total', 'summary': '1-1'}
 {'name': 'Home', 'abbreviation': None, 'type': 'home', 'summary': '1-0'}
 {'name': 'Road', 'abbreviation': None, 'type': 'road', 'summary': '0-1'}
 {'name': 'vs. Conf.', 'abbreviation': None, 'type': 'vsconf', 'summary': '0-0'}]",302612579,2010,2,3,
302610167,s:20~l:23~e:302610167~c:302610167,2010-09-19T00:00Z,0,True,False,False,False,True,False,2010-09-19T00:00Z,,[],,,,,1,STD,3971,University Stadium (NM),Albuquerque,NM,USA,False,0.0,0:00,4,3,STATUS_FINAL,post,True,Final,Final,Final,4,167,s:20~l:23~t:167,New Mexico,Lobos,UNM,New Mexico Lobos,New Mexico,ba0c2f,a7a8aa,True,3971,https://a.espncdn.com/i/teamlogos/ncaa/500/167.png,17,14,False,99,"[{'value': 0.0, 'displayValue': '0', 'period': 1}
 {'value': 0.0, 'displayValue': '0', 'period': 2}
 {'value': 14.0, 'displayValue': '14', 'period': 3}
 {'value': 0.0, 'displayValue': '0', 'period': 4}]","[{'name': 'overall', 'abbreviation': 'Game', 'type': 'total', 'summary': '0-3'}
 {'name': 'Home', 'abbreviation': None, 'type': 'home', 'summary': '0-2'}
 {'name': 'Road', 'abbreviation': None, 'type': 'road', 'summary': '0-1'}
 {'name': 'vs. Conf.', 'abbreviation': None, 'type': 'vsconf', 'summary': '0-1'}]",254,s:20~l:23~t:254,Utah,Utes,UTAH,Utah Utes,Utah,be0000,ffffff,True,587,https://a.espncdn.com/i/teamlogos/ncaa/500/254.png,4,56,True,14,"[{'value': 7.0, 'displayValue': '7', 'period': 1}
 {'value': 14.0, 'displayValue': '14', 'period': 2}
 {'value': 28.0, 'displayValue': '28', 'period': 3}
 {'value': 7.0, 'displayValue': '7', 'period': 4}]","[{'name': 'overall', 'abbreviation': 'Game', 'type': 'total', 'summary': '3-0'}
 {'name': 'Home', 'abbreviation': None, 'type': 'home', 'summary': '2-0'}
 {'name': 'Road', 'abbreviation': None, 'type': 'road', 'summary': '1-0'}
 {'name': 'vs. Conf.', 'abbreviation': None, 'type': 'vsconf', 'summary': '2-0'}]",302610167,2010,2,3,
302610099,s:20~l:23~e:302610099~c:302610099,2010-09-18T23:00Z,0,True,False,False,False,True,False,2010-09-18T23:00Z,ESPNU,[],,,national,ESPNU,1,STD,3958,Tiger Stadium (LA),Baton Rouge,LA,USA,False,0.0,0:00,4,3,STATUS_FINAL,post,True,Final,Final,Final,4,99,s:20~l:23~t:99,LSU,Tigers,LSU,LSU Tigers,LSU,461d76,fdd023,True,3958,https://a.espncdn.com/i/teamlogos/ncaa/500/99.png,8,29,True,15,"[{'value': 3.0, 'displayValue': '3', 'period': 1}
 {'value': 9.0, 'displayValue': '9', 'period': 2}
 {'value': 14.0, 'displayValue': '14', 'period': 3}
 {'value': 3.0, 'displayValue': '3', 'period': 4}]","[{'name': 'overall', 'abbreviation': 'Game', 'type': 'total', 'summary': '3-0'}
 {'name': 'Home', 'abbreviation': None, 'type': 'home', 'summary': '1-0'}
 {'name': 'Road', 'abbreviation': None, 'type': 'road', 'summary': '2-0'}
 {'name': 'vs. Conf.', 'abbreviation': None, 'type': 'vsconf', 'summary': '2-0'}]",344,s:20~l:23~t:344,Mississippi State,Bulldogs,MSST,Mississippi State Bulldogs,Miss St,5d1725,c1c6c8,True,3693,https://a.espncdn.com/i/teamlogos/ncaa/500/344.png,8,7,False,99,"[{'value': 0.0, 'displayValue': '0', 'period': 1}
 {'value': 0.0, 'displayValue': '0', 'period': 2}
 {'value': 7.0, 'displayValue': '7', 'period': 3}
 {'value': 0.0, 'displayValue': '0', 'period': 4}]","[{'name': 'overall', 'abbreviation': 'Game', 'type': 'total', 'summary': '1-2'}
 {'name': 'Home', 'abbreviation': None, 'type': 'home', 'summary': '1-1'}
 {'name': 'Road', 'abbreviation': None, 'type': 'road', 'summary': '0-1'}
 {'name': 'vs. Conf.', 'abbreviation': None, 'type': 'vsconf', 'summary': '0-2'}]",302610099,2010,2,3,
302610002,s:20~l:23~e:302610002~c:302610002,2010-09-18T23:00Z,0,True,False,False,False,True,False,2010-09-18T23:00Z,ESPN3/ESPN,[],,,national,ESPN3,1,STD,3785,Jordan-Hare Stadium,Auburn,AL,USA,False,0.0,0:00,5,3,STATUS_FINAL,post,True,Final,Final/OT,Final/OT,4,2,s:20~l:23~t:2,Auburn,Tigers,AUB,Auburn Tigers,Auburn,002b5c,f26522,True,3785,https://a.espncdn.com/i/teamlogos/ncaa/500/2.png,8,27,True,16,"[{'value': 0.0, 'displayValue': '0', 'period': 1}
 {'value': 3.0, 'displayValue': '3', 'period': 2}
 {'value': 21.0, 'displayValue': '21', 'period': 3}
 {'value': 0.0, 'displayValue': '0', 'period': 4}
 {'value': 3.0, 'displayValue': '3', 'period': 5}]","[{'name': 'overall', 'abbreviation': 'Game', 'type': 'total', 'summary': '3-0'}
 {'name': 'Home', 'abbreviation': None, 'type': 'home', 'summary': '2-0'}
 {'name': 'Road', 'abbreviation': None, 'type': 'road', 'summary': '1-0'}
 {'name': 'vs. Conf.', 'abbreviation': None, 'type': 'vsconf', 'summary': '1-0'}]",228,s:20~l:23~t:228,Clemson,Tigers,CLEM,Clemson Tigers,Clemson,f56600,ffffff,True,3836,https://a.espncdn.com/i/teamlogos/ncaa/500/228.png,1,24,False,99,"[{'value': 7.0, 'displayValue': '7', 'period': 1}
 {'value': 10.0, 'displayValue': '10', 'period': 2}
 {'value': 0.0, 'displayValue': '0', 'period': 3}
 {'value': 7.0, 'displayValue': '7', 'period': 4}
 {'value': 0.0, 'displayValue': '0', 'period': 5}]","[{'name': 'overall', 'abbreviation': 'Game', 'type': 'total', 'summary': '2-1'}
 {'name': 'Home', 'abbreviation': None, 'type': 'home', 'summary': '2-0'}
 {'name': 'Road', 'abbreviation': None, 'type': 'road', 'summary': '0-1'}
 {'name': 'vs. Conf.', 'abbreviation': None, 'type': 'vsconf', 'summary': '0-0'}]",302610002,2010,2,3,OT
302610135,s:20~l:23~e:302610135~c:302610135,2010-09-18T19:30Z,0,True,False,False,False,True,False,2010-09-18T19:30Z,ESPN3/ESPN,[],,,national,ESPN3,1,STD,3953,Huntington Bank Stadium,Minneapolis,MN,USA,False,0.0,0:00,4,3,STATUS_FINAL,post,True,Final,Final,Final,4,135,s:20~l:23~t:135,Minnesota,Golden Gophers,MINN,Minnesota Golden Gophers,Minnesota,5e0a2f,fab41c,True,3953,https://a.espncdn.com/i/teamlogos/ncaa/500/135.png,5,21,False,99,"[{'value': 7.0, 'displayValue': '7', 'period': 1}
 {'value': 0.0, 'displayValue': '0', 'period': 2}
 {'value': 7.0, 'displayValue': '7', 'period': 3}
 {'value': 7.0, 'displayValue': '7', 'period': 4}]","[{'name': 'overall', 'abbreviation': 'Game', 'type': 'total', 'summary': '1-2'}
 {'name': 'Home', 'abbreviation': None, 'type': 'home', 'summary': '0-2'}
 {'name': 'Road', 'abbreviation': None, 'type': 'road', 'summary': '1-0'}
 {'name': 'vs. Conf.', 'abbreviation': None, 'type': 'vsconf', 'summary': '0-0'}]",30,s:20~l:23~t:30,USC,Trojans,USC,USC Trojans,USC,9d2235,ffc72c,True,477,https://a.espncdn.com/i/teamlogos/ncaa/500/30.png,5,32,True,18,"[{'value': 7.0, 'displayValue': '7', 'period': 1}
 {'value': 6.0, 'displayValue': '6', 'period': 2}
 {'value': 6.0, 'displayValue': '6', 'period': 3}
 {'value': 13.0, 'displayValue': '13', 'period': 4}]","[{'name': 'overall', 'abbreviation': 'Game', 'type': 'total', 'summary': '3-0'}
 {'name': 'Home', 'abbreviation': None, 'type': 'home', 'summary': '1-0'}
 {'name': 'Road', 'abbreviation': None, 'type': 'road', 'summary': '2-0'}
 {'name': 'vs. Conf.', 'abbreviation': None, 'type': 'vsconf', 'summary': '0-0'}]",302610135,2010,2,3,
302610024,s:20~l:23~e:302610024~c:302610024,2010-09-19T03:15Z,0,True,False,False,False,True,False,2010-09-19T03:15Z,ESPN3/ESPN2,[],,,national,ESPN3,1,STD,3940,Stanford Stadium,Stanford,CA,USA,False,0.0,0:00,4,3,STATUS_FINAL,post,True,Final,Final,Final,4,24,s:20~l:23~t:24,Stanford,Cardinal,STAN,Stanford Cardinal,Stanford,8c1515,ffffff,True,3940,https://a.espncdn.com/i/teamlogos/ncaa/500/24.png,1,68,True,19,"[{'value': 14.0, 'displayValue': '14', 'period': 1}
 {'value': 27.0, 'displayValue': '27', 'period': 2}
 {'value': 14.0, 'displayValue': '14', 'period': 3}
 {'value': 13.0, 'displayValue': '13', 'period': 4}]","[{'name': 'overall', 'abbreviation': 'Game', 'type': 'total', 'summary': '3-0'}
 {'name': 'Home', 'abbreviation': None, 'type': 'home', 'summary': '2-0'}
 {'name': 'Road', 'abbreviation': None, 'type': 'road', 'summary': '1-0'}
 {'name': 'vs. Conf.', 'abbreviation': None, 'type': 'vsconf', 'summary': '1-0'}]",154,s:20~l:23~t:154,Wake Forest,Demon Deacons,WAKE,Wake Forest Demon Deacons,Wake Forest,ceb888,2c2a29,True,3630,https://a.espncdn.com/i/teamlogos/ncaa/500/154.png,1,24,False,99,"[{'value': 7.0, 'displayValue': '7', 'period': 1}
 {'value': 3.0, 'displayValue': '3', 'period': 2}
 {'value': 14.0, 'displayValue': '14', 'period': 3}
 {'value': 0.0, 'displayValue': '0', 'period': 4}]","[{'name': 'overall', 'abbreviation': 'Game', 'type': 'total', 'summary': '2-1'}
 {'name': 'Home', 'abbreviation': None, 'type': 'home', 'summary': '2-0'}
 {'name': 'Road', 'abbreviation': None, 'type': 'road', 'summary': '0-1'}
 {'name': 'vs. Conf.', 'abbreviation': None, 'type': 'vsconf', 'summary': '1-0'}]",302610024,2010,2,3,
302610130,s:20~l:23~e:302610130~c:302610130,2010-09-18T16:00Z,0,True,False,False,False,True,False,2010-09-18T16:00Z,BTN,[],,,national,BTN,1,STD,3558,Michigan Stadium,Ann Arbor,MI,USA,False,0.0,0:00,4,3,STATUS_FINAL,post,True,Final,Final,Final,4,130,s:20~l:23~t:130,Michigan,Wolverines,MICH,Michigan Wolverines,Michigan,00274c,ffcb05,True,3558,https://a.espncdn.com/i/teamlogos/ncaa/500/130.png,5,42,True,20,"[{'value': 7.0, 'displayValue': '7', 'period': 1}
 {'value': 14.0, 'displayValue': '14', 'period': 2}
 {'value': 14.0, 'displayValue': '14', 'period': 3}
 {'value': 7.0, 'displayValue': '7', 'period': 4}]","[{'name': 'overall', 'abbreviation': 'Game', 'type': 'total', 'summary': '3-0'}
 {'name': 'Home', 'abbreviation': None, 'type': 'home', 'summary': '2-0'}
 {'name': 'Road', 'abbreviation': None, 'type': 'road', 'summary': '1-0'}
 {'name': 'vs. Conf.', 'abbreviation': None, 'type': 'vsconf', 'summary': '0-0'}]",113,s:20~l:23~t:113,Massachusetts,Minutemen,UMASS,Massachusetts Minutemen,UMass,881c1c,ffffff,True,3985,https://a.espncdn.com/i/teamlogos/ncaa/500/113.png,48,37,False,99,"[{'value': 3.0, 'displayValue': '3', 'period': 1}
 {'value': 14.0, 'displayValue': '14', 'period': 2}
 {'value': 0.0, 'displayValue': '0', 'period': 3}
 {'value': 20.0, 'displayValue': '20', 'period': 4}]","[{'name': 'overall', 'abbreviation': 'Game', 'type': 'total', 'summary': '2-1'}
 {'name': 'Home', 'abbreviation': None, 'type': 'home', 'summary': '2-0'}
 {'name': 'Road', 'abbreviation': None, 'type': 'road', 'summary': '0-1'}
 {'name': 'vs. Conf.', 'abbreviation': None, 'type': 'vsconf', 'summary': '1-0'}]",302610130,2010,2,3,
302610277,s:20~l:23~e:302610277~c:302610277,2010-09-18T16:00Z,0,True,False,False,False,True,False,2010-09-18T16:00Z,ESPNU,[],,,national,ESPNU,1,STD,3842,Milan Puskar Stadium,Morgantown,WV,USA,False,0.0,0:00,4,3,STATUS_FINAL,post,True,Final,Final,Final,4,277,s:20~l:23~t:277,West Virginia,Mountaineers,WVU,West Virginia Mountaineers,West Virginia,eaaa00,002855,True,3842,https://a.espncdn.com/i/teamlogos/ncaa/500/277.png,10,31,True,21,"[{'value': 14.0, 'displayValue': '14', 'period': 1}
 {'value': 7.0, 'displayValue': '7', 'period': 2}
 {'value': 7.0, 'displayValue': '7', 'period': 3}
 {'value': 3.0, 'displayValue': '3', 'period': 4}]","[{'name': 'overall', 'abbreviation': 'Game', 'type': 'total', 'summary': '3-0'}
 {'name': 'Home', 'abbreviation': None, 'type': 'home', 'summary': '2-0'}
 {'name': 'Road', 'abbreviation': None, 'type': 'road', 'summary': '1-0'}
 {'name': 'vs. Conf.', 'abbreviation': None, 'type': 'vsconf', 'summary': '0-0'}]",120,s:20~l:23~t:120,Maryland,Terrapins,MD,Maryland Terrapins,Maryland,ce1126,ffffff,True,3665,https://a.espncdn.com/i/teamlogos/ncaa/500/120.png,1,17,False,99,"[{'value': 0.0, 'displayValue': '0', 'period': 1}
 {'value': 0.0, 'displayValue': '0', 'period': 2}
 {'value': 14.0, 'displayValue': '14', 'period': 3}
 {'value': 3.0, 'displayValue': '3', 'period': 4}]","[{'name': 'overall', 'abbreviation': 'Game', 'type': 'total', 'summary': '2-1'}
 {'name': 'Home', 'abbreviation': None, 'type': 'home', 'summary': '2-0'}
 {'name': 'Road', 'abbreviation': None, 'type': 'road', 'summary': '0-1'}
 {'name': 'vs. Conf.', 'abbreviation': None, 'type': 'vsconf', 'summary': '0-0'}]",302610277,2010,2,3,
302610213,s:20~l:23~e:302610213~c:302610213,2010-09-18T16:00Z,0,True,False,False,False,True,False,2010-09-18T16:00Z,ESPN3/ESPN2,[],,,national,ESPN3,1,STD,3632,Beaver Stadium,University Park,PA,USA,False,0.0,0:00,4,3,STATUS_FINAL,post,True,Final,Final,Final,4,213,s:20~l:23~t:213,Penn State,Nittany Lions,PSU,Penn State Nittany Lions,Penn State,061440,ffffff,True,3632,https://a.espncdn.com/i/teamlogos/ncaa/500/213.png,5,24,True,22,"[{'value': 14.0, 'displayValue': '14', 'period': 1}
 {'value': 0.0, 'displayValue': '0', 'period': 2}
 {'value': 3.0, 'displayValue': '3', 'period': 3}
 {'value': 7.0, 'displayValue': '7', 'period': 4}]","[{'name': 'overall', 'abbreviation': 'Game', 'type': 'total', 'summary': '2-1'}
 {'name': 'Home', 'abbreviation': None, 'type': 'home', 'summary': '2-0'}
 {'name': 'Road', 'abbreviation': None, 'type': 'road', 'summary': '0-1'}
 {'name': 'vs. Conf.', 'abbreviation': None, 'type': 'vsconf', 'summary': '0-0'}]",2309,s:20~l:23~t:2309,Kent State,Golden Flashes,KENT,Kent State Golden Flashes,Kent State,002664,eaab00,True,3696,https://a.espncdn.com/i/teamlogos/ncaa/500/2309.png,15,0,False,99,"[{'value': 0.0, 'displayValue': '0', 'period': 1}
 {'value': 0.0, 'displayValue': '0', 'period': 2}
 {'value': 0.0, 'displayValue': '0', 'period': 3}
 {'value': 0.0, 'displayValue': '0', 'period': 4}]","[{'name': 'overall', 'abbreviation': 'Game', 'type': 'total', 'summary': '1-2'}
 {'name': 'Home', 'abbreviation': None, 'type': 'home', 'summary': '1-0'}
 {'name': 'Road', 'abbreviation': None, 'type': 'road', 'summary': '0-2'}
 {'name': 'vs. Conf.', 'abbreviation': None, 'type': 'vsconf', 'summary': '0-0'}]",302610213,2010,2,3,
302610026,s:20~l:23~e:302610026~c:302610026,2010-09-19T02:30Z,0,True,False,False,False,True,False,2010-09-19T02:30Z,,[],,,,,1,STD,1056,Rose Bowl,Pasadena,CA,USA,False,0.0,0:00,4,3,STATUS_FINAL,post,True,Final,Final,Final,4,26,s:20~l:23~t:26,UCLA,Bruins,UCLA,UCLA Bruins,UCLA,2774ae,f2a900,True,1056,https://a.espncdn.com/i/teamlogos/ncaa/500/26.png,5,31,True,99,"[{'value': 7.0, 'displayValue': '7', 'period': 1}
 {'value': 14.0, 'displayValue': '14', 'period': 2}
 {'value': 10.0, 'displayValue': '10', 'period': 3}
 {'value': 0.0, 'displayValue': '0', 'period': 4}]","[{'name': 'overall', 'abbreviation': 'Game', 'type': 'total', 'summary': '1-2'}
 {'name': 'Home', 'abbreviation': None, 'type': 'home', 'summary': '1-1'}
 {'name': 'Road', 'abbreviation': None, 'type': 'road', 'summary': '0-1'}
 {'name': 'vs. Conf.', 'abbreviation': None, 'type': 'vsconf', 'summary': '0-1'}]",248,s:20~l:23~t:248,Houston,Cougars,HOU,Houston Cougars,Houston,c8102e,ffffff,True,453,https://a.espncdn.com/i/teamlogos/ncaa/500/248.png,12,13,False,23,"[{'value': 3.0, 'displayValue': '3', 'period': 1}
 {'value': 0.0, 'displayValue': '0', 'period': 2}
 {'value': 0.0, 'displayValue': '0', 'period': 3}
 {'value': 10.0, 'displayValue': '10', 'period': 4}]","[{'name': 'overall', 'abbreviation': 'Game', 'type': 'total', 'summary': '2-1'}
 {'name': 'Home', 'abbreviation': None, 'type': 'home', 'summary': '2-0'}
 {'name': 'Road', 'abbreviation': None, 'type': 'road', 'summary': '0-1'}
 {'name': 'vs. Conf.', 'abbreviation': None, 'type': 'vsconf', 'summary': '1-0'}]",302610026,2010,2,3,
302610204,s:20~l:23~e:302610204~c:302610204,2010-09-18T21:30Z,0,True,False,False,False,True,False,2010-09-18T21:30Z,,[],,,,,1,STD,3893,Reser Stadium,Corvallis,OR,USA,False,60.0,1:00,4,3,STATUS_FINAL,post,True,Final,Final,Final,4,204,s:20~l:23~t:204,Oregon State,Beavers,ORST,Oregon State Beavers,Oregon St,dc4405,000000,True,3893,https://a.espncdn.com/i/teamlogos/ncaa/500/204.png,9,35,True,25,"[{'value': 7.0, 'displayValue': '7', 'period': 1}
 {'value': 14.0, 'displayValue': '14', 'period': 2}
 {'value': 14.0, 'displayValue': '14', 'period': 3}
 {'value': 0.0, 'displayValue': '0', 'period': 4}]","[{'name': 'overall', 'abbreviation': 'Game', 'type': 'total', 'summary': '1-1'}
 {'name': 'Home', 'abbreviation': None, 'type': 'home', 'summary': '1-0'}
 {'name': 'Road', 'abbreviation': None, 'type': 'road', 'summary': '0-1'}
 {'name': 'vs. Conf.', 'abbreviation': None, 'type': 'vsconf', 'summary': '0-0'}]",97,s:20~l:23~t:97,Louisville,Cardinals,LOU,Louisville Cardinals,Louisville,c9001f,ffffff,True,3873,https://a.espncdn.com/i/teamlogos/ncaa/500/97.png,10,28,False,99,"[{'value': 0.0, 'displayValue': '0', 'period': 1}
 {'value': 14.0, 'displayValue': '14', 'period': 2}
 {'value': 7.0, 'displayValue': '7', 'period': 3}
 {'value': 7.0, 'displayValue': '7', 'period': 4}]","[{'name': 'overall', 'abbreviation': 'Game', 'type': 'total', 'summary': '1-2'}
 {'name': 'Home', 'abbreviation': None, 'type': 'home', 'summary': '1-1'}
 {'name': 'Road', 'abbreviation': None, 'type': 'road', 'summary': '0-1'}
 {'name': 'vs. Conf.', 'abbreviation': None, 'type': 'vsconf', 'summary': '0-0'}]",302610204,2010,2,3,
302610153,s:20~l:23~e:302610153~c:302610153,2010-09-18T16:00Z,0,True,False,False,False,True,False,2010-09-18T16:00Z,,[],,,home,ESPN3,1,STD,3787,Kenan Stadium,Chapel Hill,NC,USA,False,0.0,0:00,4,3,STATUS_FINAL,post,True,Final,Final,Final,4,153,s:20~l:23~t:153,North Carolina,Tar Heels,UNC,North Carolina Tar Heels,UNC,7bafd4,13294b,True,3787,https://a.espncdn.com/i/teamlogos/ncaa/500/153.png,1,24,False,99,"[{'value': 10.0, 'displayValue': '10', 'period': 1}
 {'value': 7.0, 'displayValue': '7', 'period': 2}
 {'value': 7.0, 'displayValue': '7', 'period': 3}
 {'value': 0.0, 'displayValue': '0', 'period': 4}]","[{'name': 'overall', 'abbreviation': 'Game', 'type': 'total', 'summary': '0-2'}
 {'name': 'Home', 'abbreviation': None, 'type': 'home', 'summary': '0-2'}
 {'name': 'Road', 'abbreviation': None, 'type': 'road', 'summary': '0-0'}
 {'name': 'vs. Conf.', 'abbreviation': None, 'type': 'vsconf', 'summary': '0-1'}]",59,s:20~l:23~t:59,Georgia Tech,Yellow Jackets,GT,Georgia Tech Yellow Jackets,Georgia Tech,b3a369,ffffff,True,721,https://a.espncdn.com/i/teamlogos/ncaa/500/59.png,1,30,True,99,"[{'value': 14.0, 'displayValue': '14', 'period': 1}
 {'value': 3.0, 'displayValue': '3', 'period': 2}
 {'value': 7.0, 'displayValue': '7', 'period': 3}
 {'value': 6.0, 'displayValue': '6', 'period': 4}]","[{'name': 'overall', 'abbreviation': 'Game', 'type': 'total', 'summary': '2-1'}
 {'name': 'Home', 'abbreviation': None, 'type': 'home', 'summary': '1-0'}
 {'name': 'Road', 'abbreviation': None, 'type': 'road', 'summary': '1-1'}
 {'name': 'vs. Conf.', 'abbreviation': None, 'type': 'vsconf', 'summary': '1-0'}]",302610153,2010,2,3,
302610218,s:20~l:23~e:302610218~c:302610218,2010-09-18T16:00Z,0,True,False,False,False,True,False,2010-09-18T16:00Z,,[],,,home,ESPN3,1,STD,3806,Lincoln Financial Field,Philadelphia,PA,USA,False,0.0,0:00,4,3,STATUS_FINAL,post,True,Final,Final,Final,4,218,s:20~l:23~t:218,Temple,Owls,TEM,Temple Owls,Temple,a41e35,ffffff,True,3806,https://a.espncdn.com/i/teamlogos/ncaa/500/218.png,15,30,True,99,"[{'value': 0.0, 'displayValue': '0', 'period': 1}
 {'value': 7.0, 'displayValue': '7', 'period': 2}
 {'value': 7.0, 'displayValue': '7', 'period': 3}
 {'value': 16.0, 'displayValue': '16', 'period': 4}]","[{'name': 'overall', 'abbreviation': 'Game', 'type': 'total', 'summary': '3-0'}
 {'name': 'Home', 'abbreviation': None, 'type': 'home', 'summary': '3-0'}
 {'name': 'Road', 'abbreviation': None, 'type': 'road', 'summary': '0-0'}
 {'name': 'vs. Conf.', 'abbreviation': None, 'type': 'vsconf', 'summary': '1-0'}]",41,s:20~l:23~t:41,Connecticut,Huskies,CONN,Connecticut Huskies,UConn,0c2340,a2aaad,False,3892,https://a.espncdn.com/i/teamlogos/ncaa/500/41.png,10,16,False,99,"[{'value': 3.0, 'displayValue': '3', 'period': 1}
 {'value': 3.0, 'displayValue': '3', 'period': 2}
 {'value': 10.0, 'displayValue': '10', 'period': 3}
 {'value': 0.0, 'displayValue': '0', 'period': 4}]","[{'name': 'overall', 'abbreviation': 'Game', 'type': 'total', 'summary': '1-2'}
 {'name': 'Home', 'abbreviation': None, 'type': 'home', 'summary': '1-0'}
 {'name': 'Road', 'abbreviation': None, 'type': 'road', 'summary': '0-2'}
 {'name': 'vs. Conf.', 'abbreviation': None, 'type': 'vsconf', 'summary': '0-0'}]",302610218,2010,2,3,
302610349,s:20~l:23~e:302610349~c:302610349,2010-09-18T16:00Z,0,True,False,False,False,True,False,2010-09-18T16:00Z,,[],,,,,1,STD,3841,Michie Stadium,West Point,NY,USA,False,0.0,0:00,4,3,STATUS_FINAL,post,True,Final,Final,Final,4,349,s:20~l:23~t:349,Army,Black Knights,ARMY,Army Black Knights,Army,000000,d3bc8d,True,3841,https://a.espncdn.com/i/teamlogos/ncaa/500/349.png,18,24,True,99,"[{'value': 7.0, 'displayValue': '7', 'period': 1}
 {'value': 7.0, 'displayValue': '7', 'period': 2}
 {'value': 7.0, 'displayValue': '7', 'period': 3}
 {'value': 3.0, 'displayValue': '3', 'period': 4}]","[{'name': 'overall', 'abbreviation': 'Game', 'type': 'total', 'summary': '2-1'}
 {'name': 'Home', 'abbreviation': None, 'type': 'home', 'summary': '1-1'}
 {'name': 'Road', 'abbreviation': None, 'type': 'road', 'summary': '1-0'}
 {'name': 'vs. Conf.', 'abbreviation': None, 'type': 'vsconf', 'summary': '0-0'}]",249,s:20~l:23~t:249,North Texas,Mean Green,UNT,North Texas Mean Green,North Texas,068f33,ffffff,True,3825,https://a.espncdn.com/i/teamlogos/ncaa/500/249.png,37,0,False,99,"[{'value': 0.0, 'displayValue': '0', 'period': 1}
 {'value': 0.0, 'displayValue': '0', 'period': 2}
 {'value': 0.0, 'displayValue': '0', 'period': 3}
 {'value': 0.0, 'displayValue': '0', 'period': 4}]","[{'name': 'overall', 'abbreviation': 'Game', 'type': 'total', 'summary': '0-3'}
 {'name': 'Home', 'abbreviation': None, 'type': 'home', 'summary': '0-1'}
 {'name': 'Road', 'abbreviation': None, 'type': 'road', 'summary': '0-2'}
 {'name': 'vs. Conf.', 'abbreviation': None, 'type': 'vsconf', 'summary': '0-0'}]",302610349,2010,2,3,
302610356,s:20~l:23~e:302610356~c:302610356,2010-09-18T16:00Z,0,True,False,False,False,True,False,2010-09-18T16:00Z,BTN,[],,,national,BTN,1,STD,3832,Gies Memorial Stadium,Champaign,IL,USA,False,19.0,0:19,4,3,STATUS_FINAL,post,True,Final,Final,Final,4,356,s:20~l:23~t:356,Illinois,Fighting Illini,ILL,Illinois Fighting Illini,Illinois,ff5f05,13294b,True,3832,https://a.espncdn.com/i/teamlogos/ncaa/500/356.png,5,28,True,99,"[{'value': 7.0, 'displayValue': '7', 'period': 1}
 {'value': 11.0, 'displayValue': '11', 'period': 2}
 {'value': 0.0, 'displayValue': '0', 'period': 3}
 {'value': 10.0, 'displayValue': '10', 'period': 4}]","[{'name': 'overall', 'abbreviation': 'Game', 'type': 'total', 'summary': '2-1'}
 {'name': 'Home', 'abbreviation': None, 'type': 'home', 'summary': '2-0'}
 {'name': 'Road', 'abbreviation': None, 'type': 'road', 'summary': '0-1'}
 {'name': 'vs. Conf.', 'abbreviation': None, 'type': 'vsconf', 'summary': '0-0'}]",2459,s:20~l:23~t:2459,Northern Illinois,Huskies,NIU,Northern Illinois Huskies,N Illinois,c8102e,000000,True,3764,https://a.espncdn.com/i/teamlogos/ncaa/500/2459.png,15,22,False,99,"[{'value': 12.0, 'displayValue': '12', 'period': 1}
 {'value': 0.0, 'displayValue': '0', 'period': 2}
 {'value': 0.0, 'displayValue': '0', 'period': 3}
 {'value': 10.0, 'displayValue': '10', 'period': 4}]","[{'name': 'overall', 'abbreviation': 'Game', 'type': 'total', 'summary': '1-2'}
 {'name': 'Home', 'abbreviation': None, 'type': 'home', 'summary': '1-0'}
 {'name': 'Road', 'abbreviation': None, 'type': 'road', 'summary': '0-2'}
 {'name': 'vs. Conf.', 'abbreviation': None, 'type': 'vsconf', 'summary': '0-0'}]",302610356,2010,2,3,
302612306,s:20~l:23~e:302612306~c:302612306,2010-09-18T16:00Z,0,True,False,True,False,True,False,2010-09-18T16:00Z,,[],event,AT KANSAS CITY MO,,,1,STD,,,,,,,0.0,0:00,4,3,STATUS_FINAL,post,True,Final,Final,Final,4,2306,s:20~l:23~t:2306,Kansas State,Wildcats,KSU,Kansas State Wildcats,Kansas State,330a57,e2e3e4,True,3636,https://a.espncdn.com/i/teamlogos/ncaa/500/2306.png,4,27,True,99,"[{'value': 3.0, 'displayValue': '3', 'period': 1}
 {'value': 7.0, 'displayValue': '7', 'period': 2}
 {'value': 7.0, 'displayValue': '7', 'period': 3}
 {'value': 10.0, 'displayValue': '10', 'period': 4}]","[{'name': 'overall', 'abbreviation': 'Game', 'type': 'total', 'summary': '3-0'}
 {'name': 'Home', 'abbreviation': None, 'type': 'home', 'summary': '3-0'}
 {'name': 'Road', 'abbreviation': None, 'type': 'road', 'summary': '0-0'}
 {'name': 'vs. Conf.', 'abbreviation': None, 'type': 'vsconf', 'summary': '1-0'}]",66,s:20~l:23~t:66,Iowa State,Cyclones,ISU,Iowa State Cyclones,Iowa State,ae192d,ffc72a,True,3772,https://a.espncdn.com/i/teamlogos/ncaa/500/66.png,4,20,False,99,"[{'value': 0.0, 'displayValue': '0', 'period': 1}
 {'value': 7.0, 'displayValue': '7', 'period': 2}
 {'value': 10.0, 'displayValue': '10', 'period': 3}
 {'value': 3.0, 'displayValue': '3', 'period': 4}]","[{'name': 'overall', 'abbreviation': 'Game', 'type': 'total', 'summary': '1-2'}
 {'name': 'Home', 'abbreviation': None, 'type': 'home', 'summary': '1-0'}
 {'name': 'Road', 'abbreviation': None, 'type': 'road', 'summary': '0-2'}
 {'name': 'vs. Conf.', 'abbreviation': None, 'type': 'vsconf', 'summary': '0-1'}]",302612306,2010,2,3,
302612509,s:20~l:23~e:302612509~c:302612509,2010-09-18T16:00Z,0,True,False,False,False,True,False,2010-09-18T16:00Z,BTN,[],,,national,BTN,1,STD,3907,Ross-Ade Stadium,West Lafayette,IN,USA,False,22.0,0:22,4,3,STATUS_FINAL,post,True,Final,Final,Final,4,2509,s:20~l:23~t:2509,Purdue,Boilermakers,PUR,Purdue Boilermakers,Purdue,ceb888,000000,True,3907,https://a.espncdn.com/i/teamlogos/ncaa/500/2509.png,5,24,True,99,"[{'value': 14.0, 'displayValue': '14', 'period': 1}
 {'value': 0.0, 'displayValue': '0', 'period': 2}
 {'value': 0.0, 'displayValue': '0', 'period': 3}
 {'value': 10.0, 'displayValue': '10', 'period': 4}]","[{'name': 'overall', 'abbreviation': 'Game', 'type': 'total', 'summary': '2-1'}
 {'name': 'Home', 'abbreviation': None, 'type': 'home', 'summary': '2-0'}
 {'name': 'Road', 'abbreviation': None, 'type': 'road', 'summary': '0-1'}
 {'name': 'vs. Conf.', 'abbreviation': None, 'type': 'vsconf', 'summary': '0-0'}]",2050,s:20~l:23~t:2050,Ball State,Cardinals,BALL,Ball State Cardinals,Ball State,ba0c2f,ffffff,True,3919,https://a.espncdn.com/i/teamlogos/ncaa/500/2050.png,15,13,False,99,"[{'value': 0.0, 'displayValue': '0', 'period': 1}
 {'value': 0.0, 'displayValue': '0', 'period': 2}
 {'value': 6.0, 'displayValue': '6', 'period': 3}
 {'value': 7.0, 'displayValue': '7', 'period': 4}]","[{'name': 'overall', 'abbreviation': 'Game', 'type': 'total', 'summary': '1-2'}
 {'name': 'Home', 'abbreviation': None, 'type': 'home', 'summary': '1-1'}
 {'name': 'Road', 'abbreviation': None, 'type': 'road', 'summary': '0-1'}
 {'name': 'vs. Conf.', 'abbreviation': None, 'type': 'vsconf', 'summary': '0-0'}]",302612509,2010,2,3,
302612523,s:20~l:23~e:302612523~c:302612523,2010-09-18T16:00Z,0,True,False,False,False,False,False,2010-09-18T16:00Z,,[],,,,,1,STD,3777,Joe Walton Stadium,Moon Township,PA,USA,False,0.0,0:00,4,3,STATUS_FINAL,post,True,Final,Final,Final,4,2523,s:20~l:23~t:2523,Robert Morris,Colonials,RMU,Robert Morris Colonials,Robert Morris,00214D,a21d2b,True,3777,https://a.espncdn.com/i/teamlogos/ncaa/500/2523.png,25,30,True,99,"[{'value': 7.0, 'displayValue': '7', 'period': 1}
 {'value': 7.0, 'displayValue': '7', 'period': 2}
 {'value': 2.0, 'displayValue': '2', 'period': 3}
 {'value': 14.0, 'displayValue': '14', 'period': 4}]","[{'name': 'overall', 'abbreviation': 'Game', 'type': 'total', 'summary': '2-1'}
 {'name': 'Home', 'abbreviation': None, 'type': 'home', 'summary': '1-0'}
 {'name': 'Road', 'abbreviation': None, 'type': 'road', 'summary': '1-1'}
 {'name': 'vs. Conf.', 'abbreviation': None, 'type': 'vsconf', 'summary': '1-0'}]",2335,s:20~l:23~t:2335,Liberty,Flames,LIB,Liberty Flames,Liberty,0a254e,b72025,True,3992,https://a.espncdn.com/i/teamlogos/ncaa/500/2335.png,40,23,False,99,"[{'value': 7.0, 'displayValue': '7', 'period': 1}
 {'value': 3.0, 'displayValue': '3', 'period': 2}
 {'value': 3.0, 'displayValue': '3', 'period': 3}
 {'value': 10.0, 'displayValue': '10', 'period': 4}]","[{'name': 'overall', 'abbreviation': 'Game', 'type': 'total', 'summary': '2-1'}
 {'name': 'Home', 'abbreviation': None, 'type': 'home', 'summary': '1-0'}
 {'name': 'Road', 'abbreviation': None, 'type': 'road', 'summary': '1-1'}
 {'name': 'vs. Conf.', 'abbreviation': None, 'type': 'vsconf', 'summary': '0-0'}]",302612523,2010,2,3,
302610145,s:20~l:23~e:302610145~c:302610145,2010-09-18T16:21Z,0,True,False,False,False,True,False,2010-09-18T16:21Z,,[],,,home,ESPN3,1,STD,3974,Vaught-Hemingway Stadium,Oxford,MS,USA,False,103.0,1:43,4,3,STATUS_FINAL,post,True,Final,Final,Final,4,145,s:20~l:23~t:145,Ole Miss,Rebels,MISS,Ole Miss Rebels,Ole Miss,13294b,cf142b,True,3974,https://a.espncdn.com/i/teamlogos/ncaa/500/145.png,8,14,False,99,"[{'value': 0.0, 'displayValue': '0', 'period': 1}
 {'value': 7.0, 'displayValue': '7', 'period': 2}
 {'value': 7.0, 'displayValue': '7', 'period': 3}
 {'value': 0.0, 'displayValue': '0', 'period': 4}]","[{'name': 'overall', 'abbreviation': 'Game', 'type': 'total', 'summary': '1-2'}
 {'name': 'Home', 'abbreviation': None, 'type': 'home', 'summary': '0-2'}
 {'name': 'Road', 'abbreviation': None, 'type': 'road', 'summary': '1-0'}
 {'name': 'vs. Conf.', 'abbreviation': None, 'type': 'vsconf', 'summary': '0-1'}]",238,s:20~l:23~t:238,Vanderbilt,Commodores,VAN,Vanderbilt Commodores,Vanderbilt,000000,cfae70,True,3973,https://a.espncdn.com/i/teamlogos/ncaa/500/238.png,8,28,True,99,"[{'value': 0.0, 'displayValue': '0', 'period': 1}
 {'value': 14.0, 'displayValue': '14', 'period': 2}
 {'value': 7.0, 'displayValue': '7', 'period': 3}
 {'value': 7.0, 'displayValue': '7', 'period': 4}]","[{'name': 'overall', 'abbreviation': 'Game', 'type': 'total', 'summary': '1-2'}
 {'name': 'Home', 'abbreviation': None, 'type': 'home', 'summary': '0-2'}
 {'name': 'Road', 'abbreviation': None, 'type': 'road', 'summary': '1-0'}
 {'name': 'vs. Conf.', 'abbreviation': None, 'type': 'vsconf', 'summary': '1-1'}]",302610145,2010,2,3,
302612247,s:20~l:23~e:302612247~c:302612247,2010-09-18T17:00Z,0,True,False,False,False,True,False,2010-09-18T17:00Z,,[],,,,,1,STD,3495,Georgia Dome,Atlanta,GA,USA,True,0.0,0:00,5,3,STATUS_FINAL,post,True,Final,Final/OT,Final/OT,4,2247,s:20~l:23~t:2247,Georgia State,Panthers,GAST,Georgia State Panthers,Georgia State,0039a6,ffffff,True,4246,https://a.espncdn.com/i/teamlogos/ncaa/500/2247.png,32,27,False,99,"[{'value': 7.0, 'displayValue': '7', 'period': 1}
 {'value': 3.0, 'displayValue': '3', 'period': 2}
 {'value': 3.0, 'displayValue': '3', 'period': 3}
 {'value': 14.0, 'displayValue': '14', 'period': 4}
 {'value': 0.0, 'displayValue': '0', 'period': 5}]","[{'name': 'overall', 'abbreviation': 'Game', 'type': 'total', 'summary': '1-2'}
 {'name': 'Home', 'abbreviation': None, 'type': 'home', 'summary': '1-2'}
 {'name': 'Road', 'abbreviation': None, 'type': 'road', 'summary': '0-0'}
 {'name': 'vs. Conf.', 'abbreviation': None, 'type': 'vsconf', 'summary': '0-0'}]",55,s:20~l:23~t:55,Jacksonville State,Gamecocks,JVST,Jacksonville State Gamecocks,Jacksonville St,cc0000,000000,True,3662,https://a.espncdn.com/i/teamlogos/ncaa/500/55.png,26,34,True,99,"[{'value': 3.0, 'displayValue': '3', 'period': 1}
 {'value': 14.0, 'displayValue': '14', 'period': 2}
 {'value': 3.0, 'displayValue': '3', 'period': 3}
 {'value': 7.0, 'displayValue': '7', 'period': 4}
 {'value': 7.0, 'displayValue': '7', 'period': 5}]","[{'name': 'overall', 'abbreviation': 'Game', 'type': 'total', 'summary': '3-0'}
 {'name': 'Home', 'abbreviation': None, 'type': 'home', 'summary': '1-0'}
 {'name': 'Road', 'abbreviation': None, 'type': 'road', 'summary': '2-0'}
 {'name': 'vs. Conf.', 'abbreviation': None, 'type': 'vsconf', 'summary': '0-0'}]",302612247,2010,2,3,OT
302610259,s:20~l:23~e:302610259~c:302610259,2010-09-18T17:30Z,0,True,False,False,False,True,False,2010-09-18T17:30Z,,[],,,home,ESPN3,1,STD,3799,Lane Stadium,Blacksburg,VA,USA,False,0.0,0:00,4,3,STATUS_FINAL,post,True,Final,Final,Final,4,259,s:20~l:23~t:259,Virginia Tech,Hokies,VT,Virginia Tech Hokies,Virginia Tech,6a2c3e,cf4520,True,3799,https://a.espncdn.com/i/teamlogos/ncaa/500/259.png,1,49,True,99,"[{'value': 7.0, 'displayValue': '7', 'period': 1}
 {'value': 14.0, 'displayValue': '14', 'period': 2}
 {'value': 14.0, 'displayValue': '14', 'period': 3}
 {'value': 14.0, 'displayValue': '14', 'period': 4}]","[{'name': 'overall', 'abbreviation': 'Game', 'type': 'total', 'summary': '1-2'}
 {'name': 'Home', 'abbreviation': None, 'type': 'home', 'summary': '1-2'}
 {'name': 'Road', 'abbreviation': None, 'type': 'road', 'summary': '0-0'}
 {'name': 'vs. Conf.', 'abbreviation': None, 'type': 'vsconf', 'summary': '0-0'}]",151,s:20~l:23~t:151,East Carolina,Pirates,ECU,East Carolina Pirates,ECU,582c83,ffc72c,True,3699,https://a.espncdn.com/i/teamlogos/ncaa/500/151.png,12,27,False,99,"[{'value': 10.0, 'displayValue': '10', 'period': 1}
 {'value': 14.0, 'displayValue': '14', 'period': 2}
 {'value': 3.0, 'displayValue': '3', 'period': 3}
 {'value': 0.0, 'displayValue': '0', 'period': 4}]","[{'name': 'overall', 'abbreviation': 'Game', 'type': 'total', 'summary': '2-1'}
 {'name': 'Home', 'abbreviation': None, 'type': 'home', 'summary': '2-0'}
 {'name': 'Road', 'abbreviation': None, 'type': 'road', 'summary': '0-1'}
 {'name': 'vs. Conf.', 'abbreviation': None, 'type': 'vsconf', 'summary': '2-0'}]",302610259,2010,2,3,
302612710,s:20~l:23~e:302612710~c:302612710,2010-09-18T18:00Z,0,True,False,False,False,True,False,2010-09-18T18:00Z,,[],,,,,1,STD,3746,Hanson Field,Macomb,IL,USA,False,0.0,0:00,4,3,STATUS_FINAL,post,True,Final,Final,Final,4,2710,s:20~l:23~t:2710,Western Illinois,Leathernecks,WIU,Western Illinois Leathernecks,W Illinois,4e1e8a,ffc90a,True,3746,https://a.espncdn.com/i/teamlogos/ncaa/500/2710.png,21,56,True,99,"[{'value': 7.0, 'displayValue': '7', 'period': 1}
 {'value': 21.0, 'displayValue': '21', 'period': 2}
 {'value': 21.0, 'displayValue': '21', 'period': 3}
 {'value': 7.0, 'displayValue': '7', 'period': 4}]","[{'name': 'overall', 'abbreviation': 'Game', 'type': 'total', 'summary': '2-1'}
 {'name': 'Home', 'abbreviation': None, 'type': 'home', 'summary': '2-0'}
 {'name': 'Road', 'abbreviation': None, 'type': 'road', 'summary': '0-1'}
 {'name': 'vs. Conf.', 'abbreviation': None, 'type': 'vsconf', 'summary': '0-0'}]",2534,s:20~l:23~t:2534,Sam Houston State,Bearkats,SHSU,Sam Houston State Bearkats,Sam Houston,f56423,ffffff,False,3647,https://a.espncdn.com/i/teamlogos/ncaa/500/2534.png,30,14,False,99,"[{'value': 0.0, 'displayValue': '0', 'period': 1}
 {'value': 14.0, 'displayValue': '14', 'period': 2}
 {'value': 0.0, 'displayValue': '0', 'period': 3}
 {'value': 0.0, 'displayValue': '0', 'period': 4}]","[{'name': 'overall', 'abbreviation': 'Game', 'type': 'total', 'summary': '0-2'}
 {'name': 'Home', 'abbreviation': None, 'type': 'home', 'summary': '0-0'}
 {'name': 'Road', 'abbreviation': None, 'type': 'road', 'summary': '0-2'}
 {'name': 'vs. Conf.', 'abbreviation': None, 'type': 'vsconf', 'summary': '0-0'}]",302612710,2010,2,3,
302610038,s:20~l:23~e:302610038~c:302610038,2010-09-18T19:30Z,0,True,False,False,False,True,False,2010-09-18T19:30Z,,[],,,,,1,STD,3726,Folsom Field,Boulder,CO,USA,False,0.0,0:00,4,3,STATUS_FINAL,post,True,Final,Final,Final,4,38,s:20~l:23~t:38,Colorado,Buffaloes,COLO,Colorado Buffaloes,Colorado,cfb87c,000000,True,3726,https://a.espncdn.com/i/teamlogos/ncaa/500/38.png,4,31,True,99,"[{'value': 0.0, 'displayValue': '0', 'period': 1}
 {'value': 0.0, 'displayValue': '0', 'period': 2}
 {'value': 17.0, 'displayValue': '17', 'period': 3}
 {'value': 14.0, 'displayValue': '14', 'period': 4}]","[{'name': 'overall', 'abbreviation': 'Game', 'type': 'total', 'summary': '2-1'}
 {'name': 'Home', 'abbreviation': None, 'type': 'home', 'summary': '1-0'}
 {'name': 'Road', 'abbreviation': None, 'type': 'road', 'summary': '1-1'}
 {'name': 'vs. Conf.', 'abbreviation': None, 'type': 'vsconf', 'summary': '0-0'}]",62,s:20~l:23~t:62,Hawai'i,Rainbow Warriors,HAW,Hawai'i Rainbow Warriors,Hawaii,005737,000000,True,3610,https://a.espncdn.com/i/teamlogos/ncaa/500/62.png,16,13,False,99,"[{'value': 7.0, 'displayValue': '7', 'period': 1}
 {'value': 3.0, 'displayValue': '3', 'period': 2}
 {'value': 3.0, 'displayValue': '3', 'period': 3}
 {'value': 0.0, 'displayValue': '0', 'period': 4}]","[{'name': 'overall', 'abbreviation': 'Game', 'type': 'total', 'summary': '1-2'}
 {'name': 'Home', 'abbreviation': None, 'type': 'home', 'summary': '0-1'}
 {'name': 'Road', 'abbreviation': None, 'type': 'road', 'summary': '1-1'}
 {'name': 'vs. Conf.', 'abbreviation': None, 'type': 'vsconf', 'summary': '0-0'}]",302610038,2010,2,3,
302610052,s:20~l:23~e:302610052~c:302610052,2010-09-18T19:30Z,0,True,False,False,False,True,False,2010-09-18T19:30Z,ESPNU,[],,,national,ESPNU,1,STD,3697,Doak Campbell Stadium,Tallahassee,FL,USA,False,0.0,0:00,4,3,STATUS_FINAL,post,True,Final,Final,Final,4,52,s:20~l:23~t:52,Florida State,Seminoles,FSU,Florida State Seminoles,FSU,782f40,ceb888,True,3697,https://a.espncdn.com/i/teamlogos/ncaa/500/52.png,1,34,True,99,"[{'value': 3.0, 'displayValue': '3', 'period': 1}
 {'value': 10.0, 'displayValue': '10', 'period': 2}
 {'value': 14.0, 'displayValue': '14', 'period': 3}
 {'value': 7.0, 'displayValue': '7', 'period': 4}]","[{'name': 'overall', 'abbreviation': 'Game', 'type': 'total', 'summary': '2-1'}
 {'name': 'Home', 'abbreviation': None, 'type': 'home', 'summary': '2-0'}
 {'name': 'Road', 'abbreviation': None, 'type': 'road', 'summary': '0-1'}
 {'name': 'vs. Conf.', 'abbreviation': None, 'type': 'vsconf', 'summary': '0-0'}]",252,s:20~l:23~t:252,BYU,Cougars,BYU,BYU Cougars,BYU,0047ba,002e5d,True,3801,https://a.espncdn.com/i/teamlogos/ncaa/500/252.png,4,10,False,99,"[{'value': 0.0, 'displayValue': '0', 'period': 1}
 {'value': 10.0, 'displayValue': '10', 'period': 2}
 {'value': 0.0, 'displayValue': '0', 'period': 3}
 {'value': 0.0, 'displayValue': '0', 'period': 4}]","[{'name': 'overall', 'abbreviation': 'Game', 'type': 'total', 'summary': '1-2'}
 {'name': 'Home', 'abbreviation': None, 'type': 'home', 'summary': '1-0'}
 {'name': 'Road', 'abbreviation': None, 'type': 'road', 'summary': '0-2'}
 {'name': 'vs. Conf.', 'abbreviation': None, 'type': 'vsconf', 'summary': '0-1'}]",302610052,2010,2,3,
302610193,s:20~l:23~e:302610193~c:302610193,2010-09-18T19:30Z,0,True,False,False,False,True,False,2010-09-18T19:30Z,,[],,,home,ESPN3,1,STD,3996,Yager Stadium,Oxford,OH,USA,False,0.0,0:00,4,3,STATUS_FINAL,post,True,Final,Final,Final,4,193,s:20~l:23~t:193,Miami (OH),RedHawks,M-OH,Miami (OH) RedHawks,Miami (OH),c41230,ffffff,True,3996,https://a.espncdn.com/i/teamlogos/ncaa/500/193.png,15,31,True,99,"[{'value': 3.0, 'displayValue': '3', 'period': 1}
 {'value': 14.0, 'displayValue': '14', 'period': 2}
 {'value': 7.0, 'displayValue': '7', 'period': 3}
 {'value': 7.0, 'displayValue': '7', 'period': 4}]","[{'name': 'overall', 'abbreviation': 'Game', 'type': 'total', 'summary': '2-1'}
 {'name': 'Home', 'abbreviation': None, 'type': 'home', 'summary': '2-0'}
 {'name': 'Road', 'abbreviation': None, 'type': 'road', 'summary': '0-1'}
 {'name': 'vs. Conf.', 'abbreviation': None, 'type': 'vsconf', 'summary': '1-0'}]",36,s:20~l:23~t:36,Colorado State,Rams,CSU,Colorado State Rams,Colorado St,004c23,c8c372,True,5388,https://a.espncdn.com/i/teamlogos/ncaa/500/36.png,9,10,False,99,"[{'value': 3.0, 'displayValue': '3', 'period': 1}
 {'value': 0.0, 'displayValue': '0', 'period': 2}
 {'value': 0.0, 'displayValue': '0', 'period': 3}
 {'value': 7.0, 'displayValue': '7', 'period': 4}]","[{'name': 'overall', 'abbreviation': 'Game', 'type': 'total', 'summary': '0-3'}
 {'name': 'Home', 'abbreviation': None, 'type': 'home', 'summary': '0-1'}
 {'name': 'Road', 'abbreviation': None, 'type': 'road', 'summary': '0-2'}
 {'name': 'vs. Conf.', 'abbreviation': None, 'type': 'vsconf', 'summary': '0-0'}]",302610193,2010,2,3,
302612026,s:20~l:23~e:302612026~c:302612026,2010-09-18T19:30Z,0,True,False,False,False,True,False,2010-09-18T19:30Z,,[],,,,,1,STD,3792,Kidd Brewer Stadium,Boone,NC,USA,False,0.0,0:00,4,3,STATUS_FINAL,post,True,Final,Final,Final,4,2026,s:20~l:23~t:2026,Appalachian State,Mountaineers,APP,Appalachian State Mountaineers,Appalachian St,000000,ffcd00,False,3792,https://a.espncdn.com/i/teamlogos/ncaa/500/2026.png,29,44,True,99,"[{'value': 17.0, 'displayValue': '17', 'period': 1}
 {'value': 10.0, 'displayValue': '10', 'period': 2}
 {'value': 14.0, 'displayValue': '14', 'period': 3}
 {'value': 3.0, 'displayValue': '3', 'period': 4}]","[{'name': 'overall', 'abbreviation': 'Game', 'type': 'total', 'summary': '3-0'}
 {'name': 'Home', 'abbreviation': None, 'type': 'home', 'summary': '2-0'}
 {'name': 'Road', 'abbreviation': None, 'type': 'road', 'summary': '1-0'}
 {'name': 'vs. Conf.', 'abbreviation': None, 'type': 'vsconf', 'summary': '1-0'}]",2428,s:20~l:23~t:2428,North Carolina Central,Eagles,NCCU,North Carolina Central Eagles,NC Central,880023,c2c3c0,True,3862,https://a.espncdn.com/i/teamlogos/ncaa/500/2428.png,24,16,False,99,"[{'value': 0.0, 'displayValue': '0', 'period': 1}
 {'value': 7.0, 'displayValue': '7', 'period': 2}
 {'value': 6.0, 'displayValue': '6', 'period': 3}
 {'value': 3.0, 'displayValue': '3', 'period': 4}]","[{'name': 'overall', 'abbreviation': 'Game', 'type': 'total', 'summary': '1-2'}
 {'name': 'Home', 'abbreviation': None, 'type': 'home', 'summary': '1-1'}
 {'name': 'Road', 'abbreviation': None, 'type': 'road', 'summary': '0-1'}
 {'name': 'vs. Conf.', 'abbreviation': None, 'type': 'vsconf', 'summary': '0-0'}]",302612026,2010,2,3,
302612567,s:20~l:23~e:302612567~c:302612567,2010-09-18T19:30Z,0,True,False,False,False,True,False,2010-09-18T19:30Z,,[],,,,,1,STD,3735,Gerald J. Ford Stadium,Dallas,TX,USA,False,110.0,1:50,4,3,STATUS_FINAL,post,True,Final,Final,Final,4,2567,s:20~l:23~t:2567,SMU,Mustangs,SMU,SMU Mustangs,SMU,a80000,0033a1,True,3735,https://a.espncdn.com/i/teamlogos/ncaa/500/2567.png,12,35,True,99,"[{'value': 7.0, 'displayValue': '7', 'period': 1}
 {'value': 7.0, 'displayValue': '7', 'period': 2}
 {'value': 14.0, 'displayValue': '14', 'period': 3}
 {'value': 7.0, 'displayValue': '7', 'period': 4}]","[{'name': 'overall', 'abbreviation': 'Game', 'type': 'total', 'summary': '2-1'}
 {'name': 'Home', 'abbreviation': None, 'type': 'home', 'summary': '2-0'}
 {'name': 'Road', 'abbreviation': None, 'type': 'road', 'summary': '0-1'}
 {'name': 'vs. Conf.', 'abbreviation': None, 'type': 'vsconf', 'summary': '1-0'}]",265,s:20~l:23~t:265,Washington State,Cougars,WSU,Washington State Cougars,Washington St,a60f2d,4d4d4d,True,3820,https://a.espncdn.com/i/teamlogos/ncaa/500/265.png,9,21,False,99,"[{'value': 7.0, 'displayValue': '7', 'period': 1}
 {'value': 7.0, 'displayValue': '7', 'period': 2}
 {'value': 0.0, 'displayValue': '0', 'period': 3}
 {'value': 7.0, 'displayValue': '7', 'period': 4}]","[{'name': 'overall', 'abbreviation': 'Game', 'type': 'total', 'summary': '1-2'}
 {'name': 'Home', 'abbreviation': None, 'type': 'home', 'summary': '1-0'}
 {'name': 'Road', 'abbreviation': None, 'type': 'road', 'summary': '0-2'}
 {'name': 'vs. Conf.', 'abbreviation': None, 'type': 'vsconf', 'summary': '0-0'}]",302612567,2010,2,3,
302610005,s:20~l:23~e:302610005~c:302610005,2010-09-18T20:00Z,0,True,False,False,False,True,False,2010-09-18T20:00Z,,[],,,,,1,STD,3803,Legion Field (AL),Birmingham,AL,USA,False,0.0,0:00,4,3,STATUS_FINAL,post,True,Final,Final,Final,4,5,s:20~l:23~t:5,UAB,Blazers,UAB,UAB Blazers,UAB,1a5632,fdb913,True,3803,https://a.espncdn.com/i/teamlogos/ncaa/500/5.png,12,34,True,99,"[{'value': 0.0, 'displayValue': '0', 'period': 1}
 {'value': 7.0, 'displayValue': '7', 'period': 2}
 {'value': 6.0, 'displayValue': '6', 'period': 3}
 {'value': 21.0, 'displayValue': '21', 'period': 4}]","[{'name': 'overall', 'abbreviation': 'Game', 'type': 'total', 'summary': '1-2'}
 {'name': 'Home', 'abbreviation': None, 'type': 'home', 'summary': '1-1'}
 {'name': 'Road', 'abbreviation': None, 'type': 'road', 'summary': '0-1'}
 {'name': 'vs. Conf.', 'abbreviation': None, 'type': 'vsconf', 'summary': '0-1'}]",2653,s:20~l:23~t:2653,Troy,Trojans,TROY,Troy Trojans,Troy,862633,b1b1b1,True,3975,https://a.espncdn.com/i/teamlogos/ncaa/500/2653.png,37,33,False,99,"[{'value': 9.0, 'displayValue': '9', 'period': 1}
 {'value': 14.0, 'displayValue': '14', 'period': 2}
 {'value': 3.0, 'displayValue': '3', 'period': 3}
 {'value': 7.0, 'displayValue': '7', 'period': 4}]","[{'name': 'overall', 'abbreviation': 'Game', 'type': 'total', 'summary': '1-2'}
 {'name': 'Home', 'abbreviation': None, 'type': 'home', 'summary': '1-0'}
 {'name': 'Road', 'abbreviation': None, 'type': 'road', 'summary': '0-2'}
 {'name': 'vs. Conf.', 'abbreviation': None, 'type': 'vsconf', 'summary': '0-0'}]",302610005,2010,2,3,
302612199,s:20~l:23~e:302612199~c:302612199,2010-09-18T20:00Z,0,True,False,False,False,True,False,2010-09-18T20:00Z,,[],,,,,1,STD,3912,Rynearson Stadium,Ypsilanti,MI,USA,False,46.0,0:46,4,3,STATUS_FINAL,post,True,Final,Final,Final,4,2199,s:20~l:23~t:2199,Eastern Michigan,Eagles,EMU,Eastern Michigan Eagles,E Michigan,006938,ffffff,True,3912,https://a.espncdn.com/i/teamlogos/ncaa/500/2199.png,15,14,False,99,"[{'value': 0.0, 'displayValue': '0', 'period': 1}
 {'value': 7.0, 'displayValue': '7', 'period': 2}
 {'value': 7.0, 'displayValue': '7', 'period': 3}
 {'value': 0.0, 'displayValue': '0', 'period': 4}]","[{'name': 'overall', 'abbreviation': 'Game', 'type': 'total', 'summary': '0-3'}
 {'name': 'Home', 'abbreviation': None, 'type': 'home', 'summary': '0-2'}
 {'name': 'Road', 'abbreviation': None, 'type': 'road', 'summary': '0-1'}
 {'name': 'vs. Conf.', 'abbreviation': None, 'type': 'vsconf', 'summary': '0-2'}]",2117,s:20~l:23~t:2117,Central Michigan,Chippewas,CMU,Central Michigan Chippewas,Cent Michigan,4c0027,fbab18,True,3786,https://a.espncdn.com/i/teamlogos/ncaa/500/2117.png,15,52,True,99,"[{'value': 14.0, 'displayValue': '14', 'period': 1}
 {'value': 7.0, 'displayValue': '7', 'period': 2}
 {'value': 14.0, 'displayValue': '14', 'period': 3}
 {'value': 17.0, 'displayValue': '17', 'period': 4}]","[{'name': 'overall', 'abbreviation': 'Game', 'type': 'total', 'summary': '2-1'}
 {'name': 'Home', 'abbreviation': None, 'type': 'home', 'summary': '1-0'}
 {'name': 'Road', 'abbreviation': None, 'type': 'road', 'summary': '1-1'}
 {'name': 'vs. Conf.', 'abbreviation': None, 'type': 'vsconf', 'summary': '1-1'}]",302612199,2010,2,3,
302610098,s:20~l:23~e:302610098~c:302610098,2010-09-18T21:00Z,0,True,False,False,False,True,False,2010-09-18T21:00Z,BTN,[],,,national,BTN,1,STD,3796,Houchens Industries-L.T. Smith Stadium,Bowling Green,KY,USA,False,0.0,0:00,4,3,STATUS_FINAL,post,True,Final,Final,Final,4,98,s:20~l:23~t:98,Western Kentucky,Hilltoppers,WKU,Western Kentucky Hilltoppers,W Kentucky,e13a3e,ffffff,True,3796,https://a.espncdn.com/i/teamlogos/ncaa/500/98.png,37,21,False,99,"[{'value': 7.0, 'displayValue': '7', 'period': 1}
 {'value': 0.0, 'displayValue': '0', 'period': 2}
 {'value': 0.0, 'displayValue': '0', 'period': 3}
 {'value': 14.0, 'displayValue': '14', 'period': 4}]","[{'name': 'overall', 'abbreviation': 'Game', 'type': 'total', 'summary': '0-3'}
 {'name': 'Home', 'abbreviation': None, 'type': 'home', 'summary': '0-1'}
 {'name': 'Road', 'abbreviation': None, 'type': 'road', 'summary': '0-2'}
 {'name': 'vs. Conf.', 'abbreviation': None, 'type': 'vsconf', 'summary': '0-0'}]",84,s:20~l:23~t:84,Indiana,Hoosiers,IU,Indiana Hoosiers,Indiana,970310,ffffff,True,3830,https://a.espncdn.com/i/teamlogos/ncaa/500/84.png,5,38,True,99,"[{'value': 0.0, 'displayValue': '0', 'period': 1}
 {'value': 17.0, 'displayValue': '17', 'period': 2}
 {'value': 14.0, 'displayValue': '14', 'period': 3}
 {'value': 7.0, 'displayValue': '7', 'period': 4}]","[{'name': 'overall', 'abbreviation': 'Game', 'type': 'total', 'summary': '2-0'}
 {'name': 'Home', 'abbreviation': None, 'type': 'home', 'summary': '1-0'}
 {'name': 'Road', 'abbreviation': None, 'type': 'road', 'summary': '1-0'}
 {'name': 'vs. Conf.', 'abbreviation': None, 'type': 'vsconf', 'summary': '0-0'}]",302610098,2010,2,3,
302610048,s:20~l:23~e:302610048~c:302610048,2010-09-18T22:00Z,0,True,False,False,False,True,False,2010-09-18T22:00Z,,[],,,,,1,STD,3695,Delaware Stadium,Newark,DE,USA,False,0.0,0:00,4,3,STATUS_FINAL,post,True,Final,Final,Final,4,48,s:20~l:23~t:48,Delaware,Blue Hens,DEL,Delaware Blue Hens,Delaware,00539f,ffd200,True,3695,https://a.espncdn.com/i/teamlogos/ncaa/500/48.png,48,30,True,99,"[{'value': 7.0, 'displayValue': '7', 'period': 1}
 {'value': 17.0, 'displayValue': '17', 'period': 2}
 {'value': 6.0, 'displayValue': '6', 'period': 3}
 {'value': 0.0, 'displayValue': '0', 'period': 4}]","[{'name': 'overall', 'abbreviation': 'Game', 'type': 'total', 'summary': '3-0'}
 {'name': 'Home', 'abbreviation': None, 'type': 'home', 'summary': '3-0'}
 {'name': 'Road', 'abbreviation': None, 'type': 'road', 'summary': '0-0'}
 {'name': 'vs. Conf.', 'abbreviation': None, 'type': 'vsconf', 'summary': '0-0'}]",2184,s:20~l:23~t:2184,Duquesne,Dukes,DUQ,Duquesne Dukes,Duquesne,002D62,b90b2e,True,3623,https://a.espncdn.com/i/teamlogos/ncaa/500/2184.png,25,6,False,99,"[{'value': 0.0, 'displayValue': '0', 'period': 1}
 {'value': 3.0, 'displayValue': '3', 'period': 2}
 {'value': 3.0, 'displayValue': '3', 'period': 3}
 {'value': 0.0, 'displayValue': '0', 'period': 4}]","[{'name': 'overall', 'abbreviation': 'Game', 'type': 'total', 'summary': '2-1'}
 {'name': 'Home', 'abbreviation': None, 'type': 'home', 'summary': '2-0'}
 {'name': 'Road', 'abbreviation': None, 'type': 'road', 'summary': '0-1'}
 {'name': 'vs. Conf.', 'abbreviation': None, 'type': 'vsconf', 'summary': '0-0'}]",302610048,2010,2,3,
302610324,s:20~l:23~e:302610324~c:302610324,2010-09-18T22:00Z,0,True,False,False,False,False,False,2010-09-18T22:00Z,,[],,,,,1,STD,3654,Brooks Stadium (SC),Conway,SC,USA,False,0.0,0:00,4,3,STATUS_FINAL,post,True,Final,Final,Final,4,324,s:20~l:23~t:324,Coastal Carolina,Chanticleers,CCAR,Coastal Carolina Chanticleers,Coast Carolina,006f71,a27752,True,3654,https://a.espncdn.com/i/teamlogos/ncaa/500/324.png,40,26,False,99,"[{'value': 0.0, 'displayValue': '0', 'period': 1}
 {'value': 6.0, 'displayValue': '6', 'period': 2}
 {'value': 13.0, 'displayValue': '13', 'period': 3}
 {'value': 7.0, 'displayValue': '7', 'period': 4}]","[{'name': 'overall', 'abbreviation': 'Game', 'type': 'total', 'summary': '0-3'}
 {'name': 'Home', 'abbreviation': None, 'type': 'home', 'summary': '0-1'}
 {'name': 'Road', 'abbreviation': None, 'type': 'road', 'summary': '0-2'}
 {'name': 'vs. Conf.', 'abbreviation': None, 'type': 'vsconf', 'summary': '0-0'}]",290,s:20~l:23~t:290,Georgia Southern,Eagles,GASO,Georgia Southern Eagles,Ga Southern,041e42,a3aaae,True,3608,https://a.espncdn.com/i/teamlogos/ncaa/500/290.png,29,43,True,99,"[{'value': 0.0, 'displayValue': '0', 'period': 1}
 {'value': 19.0, 'displayValue': '19', 'period': 2}
 {'value': 10.0, 'displayValue': '10', 'period': 3}
 {'value': 14.0, 'displayValue': '14', 'period': 4}]","[{'name': 'overall', 'abbreviation': 'Game', 'type': 'total', 'summary': '2-1'}
 {'name': 'Home', 'abbreviation': None, 'type': 'home', 'summary': '1-0'}
 {'name': 'Road', 'abbreviation': None, 'type': 'road', 'summary': '1-1'}
 {'name': 'vs. Conf.', 'abbreviation': None, 'type': 'vsconf', 'summary': '0-0'}]",302610324,2010,2,3,
302610096,s:20~l:23~e:302610096~c:302610096,2010-09-18T23:00Z,0,True,False,False,False,True,False,2010-09-18T23:00Z,,[],,,home,ESPN3,1,STD,3683,Kroger Field,Lexington,KY,USA,False,0.0,0:00,4,3,STATUS_FINAL,post,True,Final,Final,Final,4,96,s:20~l:23~t:96,Kentucky,Wildcats,UK,Kentucky Wildcats,Kentucky,0033a0,ffffff,True,3683,https://a.espncdn.com/i/teamlogos/ncaa/500/96.png,8,47,True,99,"[{'value': 3.0, 'displayValue': '3', 'period': 1}
 {'value': 17.0, 'displayValue': '17', 'period': 2}
 {'value': 20.0, 'displayValue': '20', 'period': 3}
 {'value': 7.0, 'displayValue': '7', 'period': 4}]","[{'name': 'overall', 'abbreviation': 'Game', 'type': 'total', 'summary': '3-0'}
 {'name': 'Home', 'abbreviation': None, 'type': 'home', 'summary': '2-0'}
 {'name': 'Road', 'abbreviation': None, 'type': 'road', 'summary': '1-0'}
 {'name': 'vs. Conf.', 'abbreviation': None, 'type': 'vsconf', 'summary': '0-0'}]",2006,s:20~l:23~t:2006,Akron,Zips,AKR,Akron Zips,Akron,041e42,c5b783,True,3768,https://a.espncdn.com/i/teamlogos/ncaa/500/2006.png,15,10,False,99,"[{'value': 0.0, 'displayValue': '0', 'period': 1}
 {'value': 3.0, 'displayValue': '3', 'period': 2}
 {'value': 0.0, 'displayValue': '0', 'period': 3}
 {'value': 7.0, 'displayValue': '7', 'period': 4}]","[{'name': 'overall', 'abbreviation': 'Game', 'type': 'total', 'summary': '0-3'}
 {'name': 'Home', 'abbreviation': None, 'type': 'home', 'summary': '0-2'}
 {'name': 'Road', 'abbreviation': None, 'type': 'road', 'summary': '0-1'}
 {'name': 'vs. Conf.', 'abbreviation': None, 'type': 'vsconf', 'summary': '0-0'}]",302610096,2010,2,3,
302610142,s:20~l:23~e:302610142~c:302610142,2010-09-18T23:00Z,0,True,False,False,False,True,False,2010-09-18T23:00Z,,[],,,,,1,STD,3838,Memorial Stadium,Columbia,MO,USA,False,51.0,0:51,4,3,STATUS_FINAL,post,True,Final,Final,Final,4,142,s:20~l:23~t:142,Missouri,Tigers,MIZ,Missouri Tigers,Missouri,f1b82d,000000,True,3838,https://a.espncdn.com/i/teamlogos/ncaa/500/142.png,4,27,True,99,"[{'value': 10.0, 'displayValue': '10', 'period': 1}
 {'value': 7.0, 'displayValue': '7', 'period': 2}
 {'value': 3.0, 'displayValue': '3', 'period': 3}
 {'value': 7.0, 'displayValue': '7', 'period': 4}]","[{'name': 'overall', 'abbreviation': 'Game', 'type': 'total', 'summary': '3-0'}
 {'name': 'Home', 'abbreviation': None, 'type': 'home', 'summary': '3-0'}
 {'name': 'Road', 'abbreviation': None, 'type': 'road', 'summary': '0-0'}
 {'name': 'vs. Conf.', 'abbreviation': None, 'type': 'vsconf', 'summary': '0-0'}]",21,s:20~l:23~t:21,San Diego State,Aztecs,SDSU,San Diego State Aztecs,San Diego St,a6192e,000000,True,7311,https://a.espncdn.com/i/teamlogos/ncaa/500/21.png,9,24,False,99,"[{'value': 7.0, 'displayValue': '7', 'period': 1}
 {'value': 7.0, 'displayValue': '7', 'period': 2}
 {'value': 0.0, 'displayValue': '0', 'period': 3}
 {'value': 10.0, 'displayValue': '10', 'period': 4}]","[{'name': 'overall', 'abbreviation': 'Game', 'type': 'total', 'summary': '2-1'}
 {'name': 'Home', 'abbreviation': None, 'type': 'home', 'summary': '1-0'}
 {'name': 'Road', 'abbreviation': None, 'type': 'road', 'summary': '1-1'}
 {'name': 'vs. Conf.', 'abbreviation': None, 'type': 'vsconf', 'summary': '0-0'}]",302610142,2010,2,3,
302610189,s:20~l:23~e:302610189~c:302610189,2010-09-18T23:00Z,0,True,False,False,False,True,False,2010-09-18T23:00Z,,[],,,home,ESPN3,1,STD,3700,Doyt L. Perry Stadium,Bowling Green,OH,USA,False,0.0,0:00,4,3,STATUS_FINAL,post,True,Final,Final,Final,4,189,s:20~l:23~t:189,Bowling Green,Falcons,BGSU,Bowling Green Falcons,Bowling Green,fd5000,4f2c1d,True,3700,https://a.espncdn.com/i/teamlogos/ncaa/500/189.png,15,44,True,99,"[{'value': 14.0, 'displayValue': '14', 'period': 1}
 {'value': 14.0, 'displayValue': '14', 'period': 2}
 {'value': 0.0, 'displayValue': '0', 'period': 3}
 {'value': 16.0, 'displayValue': '16', 'period': 4}]","[{'name': 'overall', 'abbreviation': 'Game', 'type': 'total', 'summary': '1-2'}
 {'name': 'Home', 'abbreviation': None, 'type': 'home', 'summary': '1-0'}
 {'name': 'Road', 'abbreviation': None, 'type': 'road', 'summary': '0-2'}
 {'name': 'vs. Conf.', 'abbreviation': None, 'type': 'vsconf', 'summary': '0-0'}]",276,s:20~l:23~t:276,Marshall,Thundering Herd,MRSH,Marshall Thundering Herd,Marshall,00b140,000000,True,3775,https://a.espncdn.com/i/teamlogos/ncaa/500/276.png,12,28,False,99,"[{'value': 0.0, 'displayValue': '0', 'period': 1}
 {'value': 14.0, 'displayValue': '14', 'period': 2}
 {'value': 14.0, 'displayValue': '14', 'period': 3}
 {'value': 0.0, 'displayValue': '0', 'period': 4}]","[{'name': 'overall', 'abbreviation': 'Game', 'type': 'total', 'summary': '0-3'}
 {'name': 'Home', 'abbreviation': None, 'type': 'home', 'summary': '0-1'}
 {'name': 'Road', 'abbreviation': None, 'type': 'road', 'summary': '0-2'}
 {'name': 'vs. Conf.', 'abbreviation': None, 'type': 'vsconf', 'summary': '0-0'}]",302610189,2010,2,3,
302610197,s:20~l:23~e:302610197~c:302610197,2010-09-18T23:00Z,0,True,False,False,False,True,False,2010-09-18T23:00Z,,[],,,,,1,STD,3646,Boone Pickens Stadium,Stillwater,OK,USA,False,0.0,0:00,4,3,STATUS_FINAL,post,True,Final,Final,Final,4,197,s:20~l:23~t:197,Oklahoma State,Cowboys,OKST,Oklahoma State Cowboys,Oklahoma State,fe5c00,000000,True,3646,https://a.espncdn.com/i/teamlogos/ncaa/500/197.png,4,65,True,99,"[{'value': 20.0, 'displayValue': '20', 'period': 1}
 {'value': 21.0, 'displayValue': '21', 'period': 2}
 {'value': 17.0, 'displayValue': '17', 'period': 3}
 {'value': 7.0, 'displayValue': '7', 'period': 4}]","[{'name': 'overall', 'abbreviation': 'Game', 'type': 'total', 'summary': '3-0'}
 {'name': 'Home', 'abbreviation': None, 'type': 'home', 'summary': '3-0'}
 {'name': 'Road', 'abbreviation': None, 'type': 'road', 'summary': '0-0'}
 {'name': 'vs. Conf.', 'abbreviation': None, 'type': 'vsconf', 'summary': '0-0'}]",202,s:20~l:23~t:202,Tulsa,Golden Hurricane,TLSA,Tulsa Golden Hurricane,Tulsa,003595,d0b787,True,3674,https://a.espncdn.com/i/teamlogos/ncaa/500/202.png,12,28,False,99,"[{'value': 0.0, 'displayValue': '0', 'period': 1}
 {'value': 7.0, 'displayValue': '7', 'period': 2}
 {'value': 7.0, 'displayValue': '7', 'period': 3}
 {'value': 14.0, 'displayValue': '14', 'period': 4}]","[{'name': 'overall', 'abbreviation': 'Game', 'type': 'total', 'summary': '1-2'}
 {'name': 'Home', 'abbreviation': None, 'type': 'home', 'summary': '1-0'}
 {'name': 'Road', 'abbreviation': None, 'type': 'road', 'summary': '0-2'}
 {'name': 'vs. Conf.', 'abbreviation': None, 'type': 'vsconf', 'summary': '0-1'}]",302610197,2010,2,3,
302610235,s:20~l:23~e:302610235~c:302610235,2010-09-18T23:00Z,0,True,False,False,False,True,False,2010-09-18T23:00Z,,[],,,,,1,STD,3805,Simmons Bank Liberty Stadium,Memphis,TN,USA,False,0.0,0:00,4,3,STATUS_FINAL,post,True,Final,Final,Final,4,235,s:20~l:23~t:235,Memphis,Tigers,MEM,Memphis Tigers,Memphis,004991,8e908f,True,3805,https://a.espncdn.com/i/teamlogos/ncaa/500/235.png,12,24,True,99,"[{'value': 3.0, 'displayValue': '3', 'period': 1}
 {'value': 14.0, 'displayValue': '14', 'period': 2}
 {'value': 7.0, 'displayValue': '7', 'period': 3}
 {'value': 0.0, 'displayValue': '0', 'period': 4}]","[{'name': 'overall', 'abbreviation': 'Game', 'type': 'total', 'summary': '1-2'}
 {'name': 'Home', 'abbreviation': None, 'type': 'home', 'summary': '1-0'}
 {'name': 'Road', 'abbreviation': None, 'type': 'road', 'summary': '0-2'}
 {'name': 'vs. Conf.', 'abbreviation': None, 'type': 'vsconf', 'summary': '0-1'}]",2393,s:20~l:23~t:2393,Middle Tennessee,Blue Raiders,MTSU,Middle Tennessee Blue Raiders,Mid Tennessee,036eb7,ffffff,True,3725,https://a.espncdn.com/i/teamlogos/ncaa/500/2393.png,37,17,False,99,"[{'value': 3.0, 'displayValue': '3', 'period': 1}
 {'value': 7.0, 'displayValue': '7', 'period': 2}
 {'value': 7.0, 'displayValue': '7', 'period': 3}
 {'value': 0.0, 'displayValue': '0', 'period': 4}]","[{'name': 'overall', 'abbreviation': 'Game', 'type': 'total', 'summary': '1-2'}
 {'name': 'Home', 'abbreviation': None, 'type': 'home', 'summary': '1-1'}
 {'name': 'Road', 'abbreviation': None, 'type': 'road', 'summary': '0-1'}
 {'name': 'vs. Conf.', 'abbreviation': None, 'type': 'vsconf', 'summary': '0-0'}]",302610235,2010,2,3,
302610242,s:20~l:23~e:302610242~c:302610242,2010-09-18T23:00Z,0,True,False,False,False,True,False,2010-09-18T23:00Z,,[],,,,,1,STD,3895,Rice Stadium,Houston,TX,USA,False,0.0,0:00,4,3,STATUS_FINAL,post,True,Final,Final,Final,4,242,s:20~l:23~t:242,Rice,Owls,RICE,Rice Owls,Rice,00205b,c1c6c8,True,3895,https://a.espncdn.com/i/teamlogos/ncaa/500/242.png,12,13,False,99,"[{'value': 0.0, 'displayValue': '0', 'period': 1}
 {'value': 3.0, 'displayValue': '3', 'period': 2}
 {'value': 3.0, 'displayValue': '3', 'period': 3}
 {'value': 7.0, 'displayValue': '7', 'period': 4}]","[{'name': 'overall', 'abbreviation': 'Game', 'type': 'total', 'summary': '1-2'}
 {'name': 'Home', 'abbreviation': None, 'type': 'home', 'summary': '0-2'}
 {'name': 'Road', 'abbreviation': None, 'type': 'road', 'summary': '1-0'}
 {'name': 'vs. Conf.', 'abbreviation': None, 'type': 'vsconf', 'summary': '0-0'}]",77,s:20~l:23~t:77,Northwestern,Wildcats,NU,Northwestern Wildcats,Northwestern,492f92,ffffff,True,5960,https://a.espncdn.com/i/teamlogos/ncaa/500/77.png,5,30,True,99,"[{'value': 3.0, 'displayValue': '3', 'period': 1}
 {'value': 10.0, 'displayValue': '10', 'period': 2}
 {'value': 14.0, 'displayValue': '14', 'period': 3}
 {'value': 3.0, 'displayValue': '3', 'period': 4}]","[{'name': 'overall', 'abbreviation': 'Game', 'type': 'total', 'summary': '3-0'}
 {'name': 'Home', 'abbreviation': None, 'type': 'home', 'summary': '1-0'}
 {'name': 'Road', 'abbreviation': None, 'type': 'road', 'summary': '2-0'}
 {'name': 'vs. Conf.', 'abbreviation': None, 'type': 'vsconf', 'summary': '0-0'}]",302610242,2010,2,3,
302610245,s:20~l:23~e:302610245~c:302610245,2010-09-18T23:00Z,0,True,False,False,False,True,False,2010-09-18T23:00Z,,[],,,,,1,STD,3795,Kyle Field,College Station,TX,USA,False,0.0,0:00,4,3,STATUS_FINAL,post,True,Final,Final,Final,4,245,s:20~l:23~t:245,Texas A&M,Aggies,TA&M,Texas A&M Aggies,Texas A&M,500000,ffffff,True,3795,https://a.espncdn.com/i/teamlogos/ncaa/500/245.png,4,27,True,99,"[{'value': 0.0, 'displayValue': '0', 'period': 1}
 {'value': 6.0, 'displayValue': '6', 'period': 2}
 {'value': 0.0, 'displayValue': '0', 'period': 3}
 {'value': 21.0, 'displayValue': '21', 'period': 4}]","[{'name': 'overall', 'abbreviation': 'Game', 'type': 'total', 'summary': '3-0'}
 {'name': 'Home', 'abbreviation': None, 'type': 'home', 'summary': '3-0'}
 {'name': 'Road', 'abbreviation': None, 'type': 'road', 'summary': '0-0'}
 {'name': 'vs. Conf.', 'abbreviation': None, 'type': 'vsconf', 'summary': '0-0'}]",2229,s:20~l:23~t:2229,Florida Intl,Golden Panthers,FIU,Florida Intl Golden Panthers,FIU,091f3f,c3993f,False,218,https://a.espncdn.com/i/teamlogos/ncaa/500/2229.png,37,20,False,99,"[{'value': 3.0, 'displayValue': '3', 'period': 1}
 {'value': 3.0, 'displayValue': '3', 'period': 2}
 {'value': 14.0, 'displayValue': '14', 'period': 3}
 {'value': 0.0, 'displayValue': '0', 'period': 4}]","[{'name': 'overall', 'abbreviation': 'Game', 'type': 'total', 'summary': '0-2'}
 {'name': 'Home', 'abbreviation': None, 'type': 'home', 'summary': '0-1'}
 {'name': 'Road', 'abbreviation': None, 'type': 'road', 'summary': '0-1'}
 {'name': 'vs. Conf.', 'abbreviation': None, 'type': 'vsconf', 'summary': '0-0'}]",302610245,2010,2,3,
302610295,s:20~l:23~e:302610295~c:302610295,2010-09-18T23:00Z,0,True,False,False,False,True,False,2010-09-18T23:00Z,,[],,,,,1,STD,3918,S.B. Ballard Stadium,Norfolk,VA,USA,False,0.0,0:00,4,3,STATUS_FINAL,post,True,Final,Final,Final,4,295,s:20~l:23~t:295,Old Dominion,Monarchs,ODU,Old Dominion Monarchs,Old Dominion,003768,a1d2f1,True,3918,https://a.espncdn.com/i/teamlogos/ncaa/500/295.png,32,17,False,99,"[{'value': 7.0, 'displayValue': '7', 'period': 1}
 {'value': 7.0, 'displayValue': '7', 'period': 2}
 {'value': 0.0, 'displayValue': '0', 'period': 3}
 {'value': 3.0, 'displayValue': '3', 'period': 4}]","[{'name': 'overall', 'abbreviation': 'Game', 'type': 'total', 'summary': '1-2'}
 {'name': 'Home', 'abbreviation': None, 'type': 'home', 'summary': '0-2'}
 {'name': 'Road', 'abbreviation': None, 'type': 'road', 'summary': '1-0'}
 {'name': 'vs. Conf.', 'abbreviation': None, 'type': 'vsconf', 'summary': '0-0'}]",2729,s:20~l:23~t:2729,William & Mary,Tribe,W&M,William & Mary Tribe,William & Mary,115740,f0b323,True,3998,https://a.espncdn.com/i/teamlogos/ncaa/500/2729.png,48,21,True,99,"[{'value': 0.0, 'displayValue': '0', 'period': 1}
 {'value': 7.0, 'displayValue': '7', 'period': 2}
 {'value': 7.0, 'displayValue': '7', 'period': 3}
 {'value': 7.0, 'displayValue': '7', 'period': 4}]","[{'name': 'overall', 'abbreviation': 'Game', 'type': 'total', 'summary': '2-1'}
 {'name': 'Home', 'abbreviation': None, 'type': 'home', 'summary': '1-0'}
 {'name': 'Road', 'abbreviation': None, 'type': 'road', 'summary': '1-1'}
 {'name': 'vs. Conf.', 'abbreviation': None, 'type': 'vsconf', 'summary': '0-1'}]",302610295,2010,2,3,
302610326,s:20~l:23~e:302610326~c:302610326,2010-09-18T23:00Z,0,True,False,False,False,False,False,2010-09-18T23:00Z,,[],,,,,1,STD,3644,UFCU Stadium,San Marcos,TX,USA,False,0.0,0:00,4,3,STATUS_FINAL,post,True,Final,Final,Final,4,326,s:20~l:23~t:326,Texas State,Bobcats,TXST,Texas State Bobcats,Texas State,501214,6a5638,True,3644,https://a.espncdn.com/i/teamlogos/ncaa/500/326.png,30,21,True,99,"[{'value': 7.0, 'displayValue': '7', 'period': 1}
 {'value': 0.0, 'displayValue': '0', 'period': 2}
 {'value': 7.0, 'displayValue': '7', 'period': 3}
 {'value': 7.0, 'displayValue': '7', 'period': 4}]","[{'name': 'overall', 'abbreviation': 'Game', 'type': 'total', 'summary': '2-1'}
 {'name': 'Home', 'abbreviation': None, 'type': 'home', 'summary': '2-0'}
 {'name': 'Road', 'abbreviation': None, 'type': 'road', 'summary': '0-1'}
 {'name': 'vs. Conf.', 'abbreviation': None, 'type': 'vsconf', 'summary': '0-0'}]",13,s:20~l:23~t:13,Cal Poly,Mustangs,CP,Cal Poly Mustangs,Cal Poly,1E4D2B,eed897,True,3851,https://a.espncdn.com/i/teamlogos/ncaa/500/13.png,43,12,False,99,"[{'value': 3.0, 'displayValue': '3', 'period': 1}
 {'value': 0.0, 'displayValue': '0', 'period': 2}
 {'value': 9.0, 'displayValue': '9', 'period': 3}
 {'value': 0.0, 'displayValue': '0', 'period': 4}]","[{'name': 'overall', 'abbreviation': 'Game', 'type': 'total', 'summary': '2-1'}
 {'name': 'Home', 'abbreviation': None, 'type': 'home', 'summary': '2-0'}
 {'name': 'Road', 'abbreviation': None, 'type': 'road', 'summary': '0-1'}
 {'name': 'vs. Conf.', 'abbreviation': None, 'type': 'vsconf', 'summary': '0-0'}]",302610326,2010,2,3,
302612084,s:20~l:23~e:302612084~c:302612084,2010-09-18T23:00Z,0,True,False,False,False,True,False,2010-09-18T23:00Z,,[],,,home,ESPN3,1,STD,3965,Broadview Stadium,Buffalo,NY,USA,False,107.0,1:47,4,3,STATUS_FINAL,post,True,Final,Final,Final,4,2084,s:20~l:23~t:2084,Buffalo,Bulls,BUFF,Buffalo Bulls,Buffalo,005bbb,ffffff,True,3965,https://a.espncdn.com/i/teamlogos/ncaa/500/2084.png,15,10,False,99,"[{'value': 0.0, 'displayValue': '0', 'period': 1}
 {'value': 3.0, 'displayValue': '3', 'period': 2}
 {'value': 7.0, 'displayValue': '7', 'period': 3}
 {'value': 0.0, 'displayValue': '0', 'period': 4}]","[{'name': 'overall', 'abbreviation': 'Game', 'type': 'total', 'summary': '1-2'}
 {'name': 'Home', 'abbreviation': None, 'type': 'home', 'summary': '1-1'}
 {'name': 'Road', 'abbreviation': None, 'type': 'road', 'summary': '0-1'}
 {'name': 'vs. Conf.', 'abbreviation': None, 'type': 'vsconf', 'summary': '0-0'}]",2116,s:20~l:23~t:2116,UCF,Knights,UCF,UCF Knights,UCF,000000,b4a169,True,3652,https://a.espncdn.com/i/teamlogos/ncaa/500/2116.png,12,24,True,99,"[{'value': 3.0, 'displayValue': '3', 'period': 1}
 {'value': 7.0, 'displayValue': '7', 'period': 2}
 {'value': 0.0, 'displayValue': '0', 'period': 3}
 {'value': 14.0, 'displayValue': '14', 'period': 4}]","[{'name': 'overall', 'abbreviation': 'Game', 'type': 'total', 'summary': '2-1'}
 {'name': 'Home', 'abbreviation': None, 'type': 'home', 'summary': '1-1'}
 {'name': 'Road', 'abbreviation': None, 'type': 'road', 'summary': '1-0'}
 {'name': 'vs. Conf.', 'abbreviation': None, 'type': 'vsconf', 'summary': '0-0'}]",302612084,2010,2,3,
302612348,s:20~l:23~e:302612348~c:302612348,2010-09-18T23:00Z,0,True,False,False,False,True,False,2010-09-18T23:00Z,,[],,,home,ESPN3,1,STD,3776,Joe Aillet Stadium,Ruston,LA,USA,False,0.0,0:00,4,3,STATUS_FINAL,post,True,Final,Final,Final,4,2348,s:20~l:23~t:2348,Louisiana Tech,Bulldogs,LT,Louisiana Tech Bulldogs,LA Tech,003087,cb333b,True,3776,https://a.espncdn.com/i/teamlogos/ncaa/500/2348.png,16,23,False,99,"[{'value': 3.0, 'displayValue': '3', 'period': 1}
 {'value': 20.0, 'displayValue': '20', 'period': 2}
 {'value': 0.0, 'displayValue': '0', 'period': 3}
 {'value': 0.0, 'displayValue': '0', 'period': 4}]","[{'name': 'overall', 'abbreviation': 'Game', 'type': 'total', 'summary': '1-2'}
 {'name': 'Home', 'abbreviation': None, 'type': 'home', 'summary': '0-1'}
 {'name': 'Road', 'abbreviation': None, 'type': 'road', 'summary': '1-1'}
 {'name': 'vs. Conf.', 'abbreviation': None, 'type': 'vsconf', 'summary': '0-0'}]",2426,s:20~l:23~t:2426,Navy,Midshipmen,NAVY,Navy Midshipmen,Navy,00225b,b5a67c,True,3852,https://a.espncdn.com/i/teamlogos/ncaa/500/2426.png,18,37,True,99,"[{'value': 7.0, 'displayValue': '7', 'period': 1}
 {'value': 9.0, 'displayValue': '9', 'period': 2}
 {'value': 14.0, 'displayValue': '14', 'period': 3}
 {'value': 7.0, 'displayValue': '7', 'period': 4}]","[{'name': 'overall', 'abbreviation': 'Game', 'type': 'total', 'summary': '2-1'}
 {'name': 'Home', 'abbreviation': None, 'type': 'home', 'summary': '1-0'}
 {'name': 'Road', 'abbreviation': None, 'type': 'road', 'summary': '1-1'}
 {'name': 'vs. Conf.', 'abbreviation': None, 'type': 'vsconf', 'summary': '0-0'}]",302612348,2010,2,3,
302612449,s:20~l:23~e:302612449~c:302612449,2010-09-18T23:00Z,0,True,False,False,False,True,False,2010-09-18T23:00Z,,[],,,,,1,STD,3714,Fargodome,Fargo,ND,USA,True,0.0,0:00,4,3,STATUS_FINAL,post,True,Final,Final,Final,4,2449,s:20~l:23~t:2449,North Dakota State,Bison,NDSU,North Dakota State Bison,North Dakota St,01402A,ffffff,True,3714,https://a.espncdn.com/i/teamlogos/ncaa/500/2449.png,21,35,True,99,"[{'value': 7.0, 'displayValue': '7', 'period': 1}
 {'value': 7.0, 'displayValue': '7', 'period': 2}
 {'value': 0.0, 'displayValue': '0', 'period': 3}
 {'value': 21.0, 'displayValue': '21', 'period': 4}]","[{'name': 'overall', 'abbreviation': 'Game', 'type': 'total', 'summary': '2-1'}
 {'name': 'Home', 'abbreviation': None, 'type': 'home', 'summary': '1-0'}
 {'name': 'Road', 'abbreviation': None, 'type': 'road', 'summary': '1-1'}
 {'name': 'vs. Conf.', 'abbreviation': None, 'type': 'vsconf', 'summary': '0-1'}]",2415,s:20~l:23~t:2415,Morgan State,Bears,MORG,Morgan State Bears,Morgan State,014786,f47937,True,3762,https://a.espncdn.com/i/teamlogos/ncaa/500/2415.png,24,9,False,99,"[{'value': 0.0, 'displayValue': '0', 'period': 1}
 {'value': 9.0, 'displayValue': '9', 'period': 2}
 {'value': 0.0, 'displayValue': '0', 'period': 3}
 {'value': 0.0, 'displayValue': '0', 'period': 4}]","[{'name': 'overall', 'abbreviation': 'Game', 'type': 'total', 'summary': '1-2'}
 {'name': 'Home', 'abbreviation': None, 'type': 'home', 'summary': '1-0'}
 {'name': 'Road', 'abbreviation': None, 'type': 'road', 'summary': '0-2'}
 {'name': 'vs. Conf.', 'abbreviation': None, 'type': 'vsconf', 'summary': '0-0'}]",302612449,2010,2,3,
302612711,s:20~l:23~e:302612711~c:302612711,2010-09-18T23:00Z,0,True,False,False,False,True,False,2010-09-18T23:00Z,,[],,,,,1,STD,3980,Waldo Stadium,Kalamazoo,MI,USA,False,0.0,0:00,4,3,STATUS_FINAL,post,True,Final,Final,Final,4,2711,s:20~l:23~t:2711,Western Michigan,Broncos,WMU,Western Michigan Broncos,W Michigan,532e1f,f1c500,True,3980,https://a.espncdn.com/i/teamlogos/ncaa/500/2711.png,15,24,False,99,"[{'value': 0.0, 'displayValue': '0', 'period': 1}
 {'value': 7.0, 'displayValue': '7', 'period': 2}
 {'value': 3.0, 'displayValue': '3', 'period': 3}
 {'value': 14.0, 'displayValue': '14', 'period': 4}]","[{'name': 'overall', 'abbreviation': 'Game', 'type': 'total', 'summary': '1-2'}
 {'name': 'Home', 'abbreviation': None, 'type': 'home', 'summary': '1-1'}
 {'name': 'Road', 'abbreviation': None, 'type': 'road', 'summary': '0-1'}
 {'name': 'vs. Conf.', 'abbreviation': None, 'type': 'vsconf', 'summary': '0-1'}]",2649,s:20~l:23~t:2649,Toledo,Rockets,TOL,Toledo Rockets,Toledo,0b2240,ffcd00,True,3739,https://a.espncdn.com/i/teamlogos/ncaa/500/2649.png,15,37,True,99,"[{'value': 7.0, 'displayValue': '7', 'period': 1}
 {'value': 14.0, 'displayValue': '14', 'period': 2}
 {'value': 10.0, 'displayValue': '10', 'period': 3}
 {'value': 6.0, 'displayValue': '6', 'period': 4}]","[{'name': 'overall', 'abbreviation': 'Game', 'type': 'total', 'summary': '2-1'}
 {'name': 'Home', 'abbreviation': None, 'type': 'home', 'summary': '0-1'}
 {'name': 'Road', 'abbreviation': None, 'type': 'road', 'summary': '2-0'}
 {'name': 'vs. Conf.', 'abbreviation': None, 'type': 'vsconf', 'summary': '2-0'}]",302612711,2010,2,3,
302610183,s:20~l:23~e:302610183~c:302610183,2010-09-18T23:15Z,0,True,False,False,False,True,False,2010-09-18T23:15Z,,[],,,,,1,STD,1964,JMA Wireless Dome,Syracuse,NY,USA,True,0.0,0:00,4,3,STATUS_FINAL,post,True,Final,Final,Final,4,183,s:20~l:23~t:183,Syracuse,Orange,SYR,Syracuse Orange,Syracuse,000e54,ff431b,True,1964,https://a.espncdn.com/i/teamlogos/ncaa/500/183.png,10,38,True,99,"[{'value': 0.0, 'displayValue': '0', 'period': 1}
 {'value': 17.0, 'displayValue': '17', 'period': 2}
 {'value': 14.0, 'displayValue': '14', 'period': 3}
 {'value': 7.0, 'displayValue': '7', 'period': 4}]","[{'name': 'overall', 'abbreviation': 'Game', 'type': 'total', 'summary': '2-1'}
 {'name': 'Home', 'abbreviation': None, 'type': 'home', 'summary': '1-0'}
 {'name': 'Road', 'abbreviation': None, 'type': 'road', 'summary': '1-1'}
 {'name': 'vs. Conf.', 'abbreviation': None, 'type': 'vsconf', 'summary': '0-0'}]",311,s:20~l:23~t:311,Maine,Black Bears,MAINE,Maine Black Bears,Maine,127dbe,,True,3607,https://a.espncdn.com/i/teamlogos/ncaa/500/311.png,48,14,False,99,"[{'value': 7.0, 'displayValue': '7', 'period': 1}
 {'value': 7.0, 'displayValue': '7', 'period': 2}
 {'value': 0.0, 'displayValue': '0', 'period': 3}
 {'value': 0.0, 'displayValue': '0', 'period': 4}]","[{'name': 'overall', 'abbreviation': 'Game', 'type': 'total', 'summary': '1-2'}
 {'name': 'Home', 'abbreviation': None, 'type': 'home', 'summary': '0-1'}
 {'name': 'Road', 'abbreviation': None, 'type': 'road', 'summary': '1-1'}
 {'name': 'vs. Conf.', 'abbreviation': None, 'type': 'vsconf', 'summary': '0-0'}]",302610183,2010,2,3,
302610023,s:20~l:23~e:302610023~c:302610023,2010-09-19T00:00Z,0,True,False,False,False,True,False,2010-09-19T00:00Z,,[],,,,,1,STD,3935,CEFCU Stadium,San Jose,CA,USA,False,70.0,1:10,4,3,STATUS_FINAL,post,True,Final,Final,Final,4,23,s:20~l:23~t:23,San Jose State,Spartans,SJSU,San Jose State Spartans,San Jose State,0038a8,ffb81a,False,3935,https://a.espncdn.com/i/teamlogos/ncaa/500/23.png,16,16,True,99,"[{'value': 3.0, 'displayValue': '3', 'period': 1}
 {'value': 7.0, 'displayValue': '7', 'period': 2}
 {'value': 0.0, 'displayValue': '0', 'period': 3}
 {'value': 6.0, 'displayValue': '6', 'period': 4}]","[{'name': 'overall', 'abbreviation': 'Game', 'type': 'total', 'summary': '1-2'}
 {'name': 'Home', 'abbreviation': None, 'type': 'home', 'summary': '1-0'}
 {'name': 'Road', 'abbreviation': None, 'type': 'road', 'summary': '0-2'}
 {'name': 'vs. Conf.', 'abbreviation': None, 'type': 'vsconf', 'summary': '0-0'}]",253,s:20~l:23~t:253,Southern Utah,Thunderbirds,SUU,Southern Utah Thunderbirds,Southern Utah,c72026,000000,True,3706,https://a.espncdn.com/i/teamlogos/ncaa/500/253.png,43,11,False,99,"[{'value': 0.0, 'displayValue': '0', 'period': 1}
 {'value': 5.0, 'displayValue': '5', 'period': 2}
 {'value': 6.0, 'displayValue': '6', 'period': 3}
 {'value': 0.0, 'displayValue': '0', 'period': 4}]","[{'name': 'overall', 'abbreviation': 'Game', 'type': 'total', 'summary': '1-2'}
 {'name': 'Home', 'abbreviation': None, 'type': 'home', 'summary': '1-0'}
 {'name': 'Road', 'abbreviation': None, 'type': 'road', 'summary': '0-2'}
 {'name': 'vs. Conf.', 'abbreviation': None, 'type': 'vsconf', 'summary': '0-0'}]",302610023,2010,2,3,
302610127,s:20~l:23~e:302610127~c:302610127,2010-09-19T00:00Z,0,True,False,False,False,True,False,2010-09-19T00:00Z,ABC/ESPN3,[],,,national,ABC,1,STD,3936,Spartan Stadium,East Lansing,MI,USA,False,0.0,0:00,5,3,STATUS_FINAL,post,True,Final,Final/OT,Final/OT,4,127,s:20~l:23~t:127,Michigan State,Spartans,MSU,Michigan State Spartans,Michigan St,173f35,ffffff,True,3936,https://a.espncdn.com/i/teamlogos/ncaa/500/127.png,5,34,True,99,"[{'value': 0.0, 'displayValue': '0', 'period': 1}
 {'value': 7.0, 'displayValue': '7', 'period': 2}
 {'value': 14.0, 'displayValue': '14', 'period': 3}
 {'value': 7.0, 'displayValue': '7', 'period': 4}
 {'value': 6.0, 'displayValue': '6', 'period': 5}]","[{'name': 'overall', 'abbreviation': 'Game', 'type': 'total', 'summary': '3-0'}
 {'name': 'Home', 'abbreviation': None, 'type': 'home', 'summary': '2-0'}
 {'name': 'Road', 'abbreviation': None, 'type': 'road', 'summary': '1-0'}
 {'name': 'vs. Conf.', 'abbreviation': None, 'type': 'vsconf', 'summary': '0-0'}]",87,s:20~l:23~t:87,Notre Dame,Fighting Irish,ND,Notre Dame Fighting Irish,Notre Dame,062340,c99700,True,3855,https://a.espncdn.com/i/teamlogos/ncaa/500/87.png,18,31,False,99,"[{'value': 7.0, 'displayValue': '7', 'period': 1}
 {'value': 0.0, 'displayValue': '0', 'period': 2}
 {'value': 14.0, 'displayValue': '14', 'period': 3}
 {'value': 7.0, 'displayValue': '7', 'period': 4}
 {'value': 3.0, 'displayValue': '3', 'period': 5}]","[{'name': 'overall', 'abbreviation': 'Game', 'type': 'total', 'summary': '1-2'}
 {'name': 'Home', 'abbreviation': None, 'type': 'home', 'summary': '1-1'}
 {'name': 'Road', 'abbreviation': None, 'type': 'road', 'summary': '0-1'}
 {'name': 'vs. Conf.', 'abbreviation': None, 'type': 'vsconf', 'summary': '0-0'}]",302610127,2010,2,3,OT
302610328,s:20~l:23~e:302610328~c:302610328,2010-09-19T00:00Z,0,True,False,False,False,True,False,2010-09-19T00:00Z,,[],,,home,ESPN3,1,STD,3905,Maverik Stadium,Logan,UT,USA,False,0.0,0:00,4,3,STATUS_FINAL,post,True,Final,Final,Final,4,328,s:20~l:23~t:328,Utah State,Aggies,USU,Utah State Aggies,Utah State,0f2439,ffffff,True,3905,https://a.espncdn.com/i/teamlogos/ncaa/500/328.png,16,24,False,99,"[{'value': 7.0, 'displayValue': '7', 'period': 1}
 {'value': 10.0, 'displayValue': '10', 'period': 2}
 {'value': 7.0, 'displayValue': '7', 'period': 3}
 {'value': 0.0, 'displayValue': '0', 'period': 4}]","[{'name': 'overall', 'abbreviation': 'Game', 'type': 'total', 'summary': '1-2'}
 {'name': 'Home', 'abbreviation': None, 'type': 'home', 'summary': '1-1'}
 {'name': 'Road', 'abbreviation': None, 'type': 'road', 'summary': '0-1'}
 {'name': 'vs. Conf.', 'abbreviation': None, 'type': 'vsconf', 'summary': '0-1'}]",278,s:20~l:23~t:278,Fresno State,Bulldogs,FRES,Fresno State Bulldogs,Fresno State,b1102b,13284c,True,3660,https://a.espncdn.com/i/teamlogos/ncaa/500/278.png,16,41,True,99,"[{'value': 3.0, 'displayValue': '3', 'period': 1}
 {'value': 14.0, 'displayValue': '14', 'period': 2}
 {'value': 7.0, 'displayValue': '7', 'period': 3}
 {'value': 17.0, 'displayValue': '17', 'period': 4}]","[{'name': 'overall', 'abbreviation': 'Game', 'type': 'total', 'summary': '2-0'}
 {'name': 'Home', 'abbreviation': None, 'type': 'home', 'summary': '1-0'}
 {'name': 'Road', 'abbreviation': None, 'type': 'road', 'summary': '1-0'}
 {'name': 'vs. Conf.', 'abbreviation': None, 'type': 'vsconf', 'summary': '1-0'}]",302610328,2010,2,3,
302612032,s:20~l:23~e:302612032~c:302612032,2010-09-19T00:00Z,0,True,False,False,False,True,False,2010-09-19T00:00Z,,[],,,home,ESPN3,1,STD,3625,Centennial Bank Stadium,Jonesboro,AR,USA,False,101.0,1:41,4,3,STATUS_FINAL,post,True,Final,Final,Final,4,2032,s:20~l:23~t:2032,Arkansas State,Red Wolves,ARST,Arkansas State Red Wolves,Arkansas State,cc092f,000000,True,3625,https://a.espncdn.com/i/teamlogos/ncaa/500/2032.png,37,34,True,99,"[{'value': 14.0, 'displayValue': '14', 'period': 1}
 {'value': 7.0, 'displayValue': '7', 'period': 2}
 {'value': 7.0, 'displayValue': '7', 'period': 3}
 {'value': 6.0, 'displayValue': '6', 'period': 4}]","[{'name': 'overall', 'abbreviation': 'Game', 'type': 'total', 'summary': '1-2'}
 {'name': 'Home', 'abbreviation': None, 'type': 'home', 'summary': '1-0'}
 {'name': 'Road', 'abbreviation': None, 'type': 'road', 'summary': '0-2'}
 {'name': 'vs. Conf.', 'abbreviation': None, 'type': 'vsconf', 'summary': '1-1'}]",2433,s:20~l:23~t:2433,Louisiana Monroe,Warhawks,ULM,Louisiana Monroe Warhawks,UL Monroe,840029,fdb913,False,3817,https://a.espncdn.com/i/teamlogos/ncaa/500/2433.png,37,20,False,99,"[{'value': 0.0, 'displayValue': '0', 'period': 1}
 {'value': 6.0, 'displayValue': '6', 'period': 2}
 {'value': 8.0, 'displayValue': '8', 'period': 3}
 {'value': 6.0, 'displayValue': '6', 'period': 4}]","[{'name': 'overall', 'abbreviation': 'Game', 'type': 'total', 'summary': '0-2'}
 {'name': 'Home', 'abbreviation': None, 'type': 'home', 'summary': '0-1'}
 {'name': 'Road', 'abbreviation': None, 'type': 'road', 'summary': '0-1'}
 {'name': 'vs. Conf.', 'abbreviation': None, 'type': 'vsconf', 'summary': '0-1'}]",302612032,2010,2,3,
302610016,s:20~l:23~e:302610016~c:302610016,2010-09-19T01:05Z,0,True,False,False,False,False,False,2010-09-19T01:05Z,,[],,,,,1,STD,3757,Hornet Stadium,Sacramento,CA,USA,False,0.0,0:00,4,3,STATUS_FINAL,post,True,Final,Final,Final,4,16,s:20~l:23~t:16,Sacramento State,Hornets,SAC,Sacramento State Hornets,Sacramento St,00573C,cdb97d,True,3757,https://a.espncdn.com/i/teamlogos/ncaa/500/16.png,20,24,True,99,"[{'value': 0.0, 'displayValue': '0', 'period': 1}
 {'value': 14.0, 'displayValue': '14', 'period': 2}
 {'value': 0.0, 'displayValue': '0', 'period': 3}
 {'value': 10.0, 'displayValue': '10', 'period': 4}]","[{'name': 'overall', 'abbreviation': 'Game', 'type': 'total', 'summary': '2-1'}
 {'name': 'Home', 'abbreviation': None, 'type': 'home', 'summary': '2-0'}
 {'name': 'Road', 'abbreviation': None, 'type': 'road', 'summary': '0-1'}
 {'name': 'vs. Conf.', 'abbreviation': None, 'type': 'vsconf', 'summary': '1-0'}]",2692,s:20~l:23~t:2692,Weber State,Wildcats,WEB,Weber State Wildcats,Weber State,18005a,ebebeb,True,3942,https://a.espncdn.com/i/teamlogos/ncaa/500/2692.png,20,17,False,99,"[{'value': 0.0, 'displayValue': '0', 'period': 1}
 {'value': 3.0, 'displayValue': '3', 'period': 2}
 {'value': 7.0, 'displayValue': '7', 'period': 3}
 {'value': 7.0, 'displayValue': '7', 'period': 4}]","[{'name': 'overall', 'abbreviation': 'Game', 'type': 'total', 'summary': '1-2'}
 {'name': 'Home', 'abbreviation': None, 'type': 'home', 'summary': '1-0'}
 {'name': 'Road', 'abbreviation': None, 'type': 'road', 'summary': '0-2'}
 {'name': 'vs. Conf.', 'abbreviation': None, 'type': 'vsconf', 'summary': '1-1'}]",302610016,2010,2,3,
302612638,s:20~l:23~e:302612638~c:302612638,2010-09-19T01:05Z,0,True,False,False,False,False,False,2010-09-19T01:05Z,,[],,,,,1,STD,3946,Sun Bowl,El Paso,TX,USA,False,0.0,0:00,4,3,STATUS_FINAL,post,True,Final,Final,Final,4,2638,s:20~l:23~t:2638,UTEP,Miners,UTEP,UTEP Miners,UTEP,ff8200,041e42,True,3946,https://a.espncdn.com/i/teamlogos/ncaa/500/2638.png,12,42,True,99,"[{'value': 14.0, 'displayValue': '14', 'period': 1}
 {'value': 7.0, 'displayValue': '7', 'period': 2}
 {'value': 21.0, 'displayValue': '21', 'period': 3}
 {'value': 0.0, 'displayValue': '0', 'period': 4}]","[{'name': 'overall', 'abbreviation': 'Game', 'type': 'total', 'summary': '2-1'}
 {'name': 'Home', 'abbreviation': None, 'type': 'home', 'summary': '2-0'}
 {'name': 'Road', 'abbreviation': None, 'type': 'road', 'summary': '0-1'}
 {'name': 'vs. Conf.', 'abbreviation': None, 'type': 'vsconf', 'summary': '0-1'}]",166,s:20~l:23~t:166,New Mexico State,Aggies,NMSU,New Mexico State Aggies,New Mexico St,7e141b,231f20,True,3601,https://a.espncdn.com/i/teamlogos/ncaa/500/166.png,16,10,False,99,"[{'value': 0.0, 'displayValue': '0', 'period': 1}
 {'value': 10.0, 'displayValue': '10', 'period': 2}
 {'value': 0.0, 'displayValue': '0', 'period': 3}
 {'value': 0.0, 'displayValue': '0', 'period': 4}]","[{'name': 'overall', 'abbreviation': 'Game', 'type': 'total', 'summary': '0-2'}
 {'name': 'Home', 'abbreviation': None, 'type': 'home', 'summary': '0-1'}
 {'name': 'Road', 'abbreviation': None, 'type': 'road', 'summary': '0-1'}
 {'name': 'vs. Conf.', 'abbreviation': None, 'type': 'vsconf', 'summary': '0-0'}]",302612638,2010,2,3,
302610070,s:20~l:23~e:302610070~c:302610070,2010-09-19T02:30Z,0,True,False,False,False,True,False,2010-09-19T02:30Z,ESPNU,[],,,national,ESPNU,1,STD,3791,Kibbie Dome,Moscow,ID,USA,True,0.0,0:00,4,3,STATUS_FINAL,post,True,Final,Final,Final,4,70,s:20~l:23~t:70,Idaho,Vandals,IDHO,Idaho Vandals,Idaho,000000,8c6e4a,True,3791,https://a.espncdn.com/i/teamlogos/ncaa/500/70.png,16,30,True,99,"[{'value': 10.0, 'displayValue': '10', 'period': 1}
 {'value': 14.0, 'displayValue': '14', 'period': 2}
 {'value': 3.0, 'displayValue': '3', 'period': 3}
 {'value': 3.0, 'displayValue': '3', 'period': 4}]","[{'name': 'overall', 'abbreviation': 'Game', 'type': 'total', 'summary': '2-1'}
 {'name': 'Home', 'abbreviation': None, 'type': 'home', 'summary': '2-0'}
 {'name': 'Road', 'abbreviation': None, 'type': 'road', 'summary': '0-1'}
 {'name': 'vs. Conf.', 'abbreviation': None, 'type': 'vsconf', 'summary': '0-0'}]",2439,s:20~l:23~t:2439,UNLV,Rebels,UNLV,UNLV Rebels,UNLV,cf0a2c,cac8c8,True,6501,https://a.espncdn.com/i/teamlogos/ncaa/500/2439.png,17,7,False,99,"[{'value': 0.0, 'displayValue': '0', 'period': 1}
 {'value': 0.0, 'displayValue': '0', 'period': 2}
 {'value': 0.0, 'displayValue': '0', 'period': 3}
 {'value': 7.0, 'displayValue': '7', 'period': 4}]","[{'name': 'overall', 'abbreviation': 'Game', 'type': 'total', 'summary': '0-3'}
 {'name': 'Home', 'abbreviation': None, 'type': 'home', 'summary': '0-1'}
 {'name': 'Road', 'abbreviation': None, 'type': 'road', 'summary': '0-2'}
 {'name': 'vs. Conf.', 'abbreviation': None, 'type': 'vsconf', 'summary': '0-1'}]",302610070,2010,2,3,
302660221,s:20~l:23~e:302660221~c:302660221,2010-09-23T23:30Z,0,True,False,False,False,True,False,2010-09-23T23:30Z,ESPN3/ESPN,[],,,national,ESPN3,1,STD,3752,Acrisure Stadium,Pittsburgh,PA,USA,False,0.0,0:00,4,3,STATUS_FINAL,post,True,Final,Final,Final,4,221,s:20~l:23~t:221,Pittsburgh,Panthers,PITT,Pittsburgh Panthers,Pitt,003594,ffb81c,True,3752,https://a.espncdn.com/i/teamlogos/ncaa/500/221.png,10,3,False,99,"[{'value': 0.0, 'displayValue': '0', 'period': 1}
 {'value': 0.0, 'displayValue': '0', 'period': 2}
 {'value': 0.0, 'displayValue': '0', 'period': 3}
 {'value': 3.0, 'displayValue': '3', 'period': 4}]","[{'name': 'overall', 'abbreviation': 'Game', 'type': 'total', 'summary': '1-2'}
 {'name': 'Home', 'abbreviation': None, 'type': 'home', 'summary': '1-1'}
 {'name': 'Road', 'abbreviation': None, 'type': 'road', 'summary': '0-1'}
 {'name': 'vs. Conf.', 'abbreviation': None, 'type': 'vsconf', 'summary': '0-0'}]",2390,s:20~l:23~t:2390,Miami,Hurricanes,MIAMI,Miami Hurricanes,Miami,f47423,035131,True,3948,https://a.espncdn.com/i/teamlogos/ncaa/500/2390.png,1,31,True,19,"[{'value': 7.0, 'displayValue': '7', 'period': 1}
 {'value': 3.0, 'displayValue': '3', 'period': 2}
 {'value': 7.0, 'displayValue': '7', 'period': 3}
 {'value': 14.0, 'displayValue': '14', 'period': 4}]","[{'name': 'overall', 'abbreviation': 'Game', 'type': 'total', 'summary': '2-1'}
 {'name': 'Home', 'abbreviation': None, 'type': 'home', 'summary': '1-0'}
 {'name': 'Road', 'abbreviation': None, 'type': 'road', 'summary': '1-1'}
 {'name': 'vs. Conf.', 'abbreviation': None, 'type': 'vsconf', 'summary': '0-0'}]",302660221,2010,2,4,
302672567,s:20~l:23~e:302672567~c:302672567,2010-09-25T00:00Z,0,True,False,False,False,True,False,2010-09-25T00:00Z,ESPN3/ESPN,[],,,national,ESPN3,1,STD,3735,Gerald J. Ford Stadium,Dallas,TX,USA,False,0.0,0:00,4,3,STATUS_FINAL,post,True,Final,Final,Final,4,2567,s:20~l:23~t:2567,SMU,Mustangs,SMU,SMU Mustangs,SMU,a80000,0033a1,True,3735,https://a.espncdn.com/i/teamlogos/ncaa/500/2567.png,12,24,False,99,"[{'value': 7.0, 'displayValue': '7', 'period': 1}
 {'value': 3.0, 'displayValue': '3', 'period': 2}
 {'value': 7.0, 'displayValue': '7', 'period': 3}
 {'value': 7.0, 'displayValue': '7', 'period': 4}]","[{'name': 'overall', 'abbreviation': 'Game', 'type': 'total', 'summary': '2-2'}
 {'name': 'Home', 'abbreviation': None, 'type': 'home', 'summary': '2-1'}
 {'name': 'Road', 'abbreviation': None, 'type': 'road', 'summary': '0-1'}
 {'name': 'vs. Conf.', 'abbreviation': None, 'type': 'vsconf', 'summary': '1-0'}]",2628,s:20~l:23~t:2628,TCU,Horned Frogs,TCU,TCU Horned Frogs,TCU,4d1979,ffffff,True,3616,https://a.espncdn.com/i/teamlogos/ncaa/500/2628.png,4,41,True,4,"[{'value': 7.0, 'displayValue': '7', 'period': 1}
 {'value': 7.0, 'displayValue': '7', 'period': 2}
 {'value': 14.0, 'displayValue': '14', 'period': 3}
 {'value': 13.0, 'displayValue': '13', 'period': 4}]","[{'name': 'overall', 'abbreviation': 'Game', 'type': 'total', 'summary': '4-0'}
 {'name': 'Home', 'abbreviation': None, 'type': 'home', 'summary': '3-0'}
 {'name': 'Road', 'abbreviation': None, 'type': 'road', 'summary': '1-0'}
 {'name': 'vs. Conf.', 'abbreviation': None, 'type': 'vsconf', 'summary': '0-0'}]",302672567,2010,2,4,
302680008,s:20~l:23~e:302680008~c:302680008,2010-09-25T19:30Z,0,True,False,False,False,True,False,2010-09-25T19:30Z,CBS,[],,,national,CBS,1,STD,3887,Donald W. Reynolds Razorback Stadium,Fayetteville,AR,USA,False,0.0,0:00,4,3,STATUS_FINAL,post,True,Final,Final,Final,4,8,s:20~l:23~t:8,Arkansas,Razorbacks,ARK,Arkansas Razorbacks,Arkansas,a32136,ffffff,True,3887,https://a.espncdn.com/i/teamlogos/ncaa/500/8.png,8,20,False,10,"[{'value': 10.0, 'displayValue': '10', 'period': 1}
 {'value': 7.0, 'displayValue': '7', 'period': 2}
 {'value': 3.0, 'displayValue': '3', 'period': 3}
 {'value': 0.0, 'displayValue': '0', 'period': 4}]","[{'name': 'overall', 'abbreviation': 'Game', 'type': 'total', 'summary': '3-1'}
 {'name': 'Home', 'abbreviation': None, 'type': 'home', 'summary': '1-1'}
 {'name': 'Road', 'abbreviation': None, 'type': 'road', 'summary': '2-0'}
 {'name': 'vs. Conf.', 'abbreviation': None, 'type': 'vsconf', 'summary': '1-1'}]",333,s:20~l:23~t:333,Alabama,Crimson Tide,ALA,Alabama Crimson Tide,Alabama,9e1b32,ffffff,True,3657,https://a.espncdn.com/i/teamlogos/ncaa/500/333.png,8,24,True,1,"[{'value': 7.0, 'displayValue': '7', 'period': 1}
 {'value': 0.0, 'displayValue': '0', 'period': 2}
 {'value': 7.0, 'displayValue': '7', 'period': 3}
 {'value': 10.0, 'displayValue': '10', 'period': 4}]","[{'name': 'overall', 'abbreviation': 'Game', 'type': 'total', 'summary': '4-0'}
 {'name': 'Home', 'abbreviation': None, 'type': 'home', 'summary': '2-0'}
 {'name': 'Road', 'abbreviation': None, 'type': 'road', 'summary': '2-0'}
 {'name': 'vs. Conf.', 'abbreviation': None, 'type': 'vsconf', 'summary': '1-0'}]",302680008,2010,2,4,
302680194,s:20~l:23~e:302680194~c:302680194,2010-09-25T19:30Z,0,True,False,False,False,True,False,2010-09-25T19:30Z,ABC/ESPN3,[],,,national,ABC,1,STD,3861,Ohio Stadium,Columbus,OH,USA,False,0.0,0:00,4,3,STATUS_FINAL,post,True,Final,Final,Final,4,194,s:20~l:23~t:194,Ohio State,Buckeyes,OSU,Ohio State Buckeyes,Ohio State,ba0c2f,a8adb4,True,3861,https://a.espncdn.com/i/teamlogos/ncaa/500/194.png,5,73,True,2,"[{'value': 24.0, 'displayValue': '24', 'period': 1}
 {'value': 14.0, 'displayValue': '14', 'period': 2}
 {'value': 14.0, 'displayValue': '14', 'period': 3}
 {'value': 21.0, 'displayValue': '21', 'period': 4}]","[{'name': 'overall', 'abbreviation': 'Game', 'type': 'total', 'summary': '4-0'}
 {'name': 'Home', 'abbreviation': None, 'type': 'home', 'summary': '4-0'}
 {'name': 'Road', 'abbreviation': None, 'type': 'road', 'summary': '0-0'}
 {'name': 'vs. Conf.', 'abbreviation': None, 'type': 'vsconf', 'summary': '0-0'}]",2199,s:20~l:23~t:2199,Eastern Michigan,Eagles,EMU,Eastern Michigan Eagles,E Michigan,006938,ffffff,True,3912,https://a.espncdn.com/i/teamlogos/ncaa/500/2199.png,15,20,False,99,"[{'value': 0.0, 'displayValue': '0', 'period': 1}
 {'value': 14.0, 'displayValue': '14', 'period': 2}
 {'value': 6.0, 'displayValue': '6', 'period': 3}
 {'value': 0.0, 'displayValue': '0', 'period': 4}]","[{'name': 'overall', 'abbreviation': 'Game', 'type': 'total', 'summary': '0-4'}
 {'name': 'Home', 'abbreviation': None, 'type': 'home', 'summary': '0-2'}
 {'name': 'Road', 'abbreviation': None, 'type': 'road', 'summary': '0-2'}
 {'name': 'vs. Conf.', 'abbreviation': None, 'type': 'vsconf', 'summary': '0-2'}]",302680194,2010,2,4,
302680068,s:20~l:23~e:302680068~c:302680068,2010-09-26T00:00Z,0,True,False,False,False,True,False,2010-09-26T00:00Z,ABC/ESPN3,[],,,national,ABC,1,STD,3653,Albertsons Stadium,Boise,ID,USA,False,0.0,0:00,4,3,STATUS_FINAL,post,True,Final,Final,Final,4,68,s:20~l:23~t:68,Boise State,Broncos,BSU,Boise State Broncos,Boise St,0033a0,d64309,True,3653,https://a.espncdn.com/i/teamlogos/ncaa/500/68.png,16,37,True,3,"[{'value': 7.0, 'displayValue': '7', 'period': 1}
 {'value': 17.0, 'displayValue': '17', 'period': 2}
 {'value': 7.0, 'displayValue': '7', 'period': 3}
 {'value': 6.0, 'displayValue': '6', 'period': 4}]","[{'name': 'overall', 'abbreviation': 'Game', 'type': 'total', 'summary': '3-0'}
 {'name': 'Home', 'abbreviation': None, 'type': 'home', 'summary': '1-0'}
 {'name': 'Road', 'abbreviation': None, 'type': 'road', 'summary': '2-0'}
 {'name': 'vs. Conf.', 'abbreviation': None, 'type': 'vsconf', 'summary': '0-0'}]",204,s:20~l:23~t:204,Oregon State,Beavers,ORST,Oregon State Beavers,Oregon St,dc4405,000000,True,3893,https://a.espncdn.com/i/teamlogos/ncaa/500/204.png,9,24,False,24,"[{'value': 7.0, 'displayValue': '7', 'period': 1}
 {'value': 3.0, 'displayValue': '3', 'period': 2}
 {'value': 14.0, 'displayValue': '14', 'period': 3}
 {'value': 0.0, 'displayValue': '0', 'period': 4}]","[{'name': 'overall', 'abbreviation': 'Game', 'type': 'total', 'summary': '1-2'}
 {'name': 'Home', 'abbreviation': None, 'type': 'home', 'summary': '1-0'}
 {'name': 'Road', 'abbreviation': None, 'type': 'road', 'summary': '0-2'}
 {'name': 'vs. Conf.', 'abbreviation': None, 'type': 'vsconf', 'summary': '0-0'}]",302680068,2010,2,4,
302680009,s:20~l:23~e:302680009~c:302680009,2010-09-26T02:30Z,0,True,False,False,False,True,False,2010-09-26T02:30Z,,[],,,,,1,STD,3947,Mountain America Stadium,Tempe,AZ,USA,False,0.0,0:00,4,3,STATUS_FINAL,post,True,Final,Final,Final,4,9,s:20~l:23~t:9,Arizona State,Sun Devils,ASU,Arizona State Sun Devils,Arizona St,ffc627,8c1d40,True,3947,https://a.espncdn.com/i/teamlogos/ncaa/500/9.png,4,31,False,99,"[{'value': 7.0, 'displayValue': '7', 'period': 1}
 {'value': 17.0, 'displayValue': '17', 'period': 2}
 {'value': 7.0, 'displayValue': '7', 'period': 3}
 {'value': 0.0, 'displayValue': '0', 'period': 4}]","[{'name': 'overall', 'abbreviation': 'Game', 'type': 'total', 'summary': '2-2'}
 {'name': 'Home', 'abbreviation': None, 'type': 'home', 'summary': '2-1'}
 {'name': 'Road', 'abbreviation': None, 'type': 'road', 'summary': '0-1'}
 {'name': 'vs. Conf.', 'abbreviation': None, 'type': 'vsconf', 'summary': '0-1'}]",2483,s:20~l:23~t:2483,Oregon,Ducks,ORE,Oregon Ducks,Oregon,00934b,fff41b,True,3626,https://a.espncdn.com/i/teamlogos/ncaa/500/2483.png,5,42,True,5,"[{'value': 14.0, 'displayValue': '14', 'period': 1}
 {'value': 14.0, 'displayValue': '14', 'period': 2}
 {'value': 14.0, 'displayValue': '14', 'period': 3}
 {'value': 0.0, 'displayValue': '0', 'period': 4}]","[{'name': 'overall', 'abbreviation': 'Game', 'type': 'total', 'summary': '4-0'}
 {'name': 'Home', 'abbreviation': None, 'type': 'home', 'summary': '2-0'}
 {'name': 'Road', 'abbreviation': None, 'type': 'road', 'summary': '2-0'}
 {'name': 'vs. Conf.', 'abbreviation': None, 'type': 'vsconf', 'summary': '1-0'}]",302680009,2010,2,4,
302680158,s:20~l:23~e:302680158~c:302680158,2010-09-25T23:00Z,0,True,False,False,False,True,False,2010-09-25T23:00Z,,[],,,,,1,STD,3834,"Memorial Stadium (Lincoln, NE)",Lincoln,NE,USA,False,0.0,0:00,4,3,STATUS_FINAL,post,True,Final,Final,Final,4,158,s:20~l:23~t:158,Nebraska,Cornhuskers,NEB,Nebraska Cornhuskers,Nebraska,e31937,ffffff,True,3834,https://a.espncdn.com/i/teamlogos/ncaa/500/158.png,4,17,True,6,"[{'value': 0.0, 'displayValue': '0', 'period': 1}
 {'value': 14.0, 'displayValue': '14', 'period': 2}
 {'value': 0.0, 'displayValue': '0', 'period': 3}
 {'value': 3.0, 'displayValue': '3', 'period': 4}]","[{'name': 'overall', 'abbreviation': 'Game', 'type': 'total', 'summary': '4-0'}
 {'name': 'Home', 'abbreviation': None, 'type': 'home', 'summary': '3-0'}
 {'name': 'Road', 'abbreviation': None, 'type': 'road', 'summary': '1-0'}
 {'name': 'vs. Conf.', 'abbreviation': None, 'type': 'vsconf', 'summary': '0-0'}]",2571,s:20~l:23~t:2571,South Dakota State,Jackrabbits,SDSU,South Dakota State Jackrabbits,South Dakota St,0033a0,ffd100,True,3685,https://a.espncdn.com/i/teamlogos/ncaa/500/2571.png,21,3,False,99,"[{'value': 0.0, 'displayValue': '0', 'period': 1}
 {'value': 0.0, 'displayValue': '0', 'period': 2}
 {'value': 3.0, 'displayValue': '3', 'period': 3}
 {'value': 0.0, 'displayValue': '0', 'period': 4}]","[{'name': 'overall', 'abbreviation': 'Game', 'type': 'total', 'summary': '0-3'}
 {'name': 'Home', 'abbreviation': None, 'type': 'home', 'summary': '0-1'}
 {'name': 'Road', 'abbreviation': None, 'type': 'road', 'summary': '0-2'}
 {'name': 'vs. Conf.', 'abbreviation': None, 'type': 'vsconf', 'summary': '0-1'}]",302680158,2010,2,4,
302680251,s:20~l:23~e:302680251~c:302680251,2010-09-25T19:30Z,0,True,False,False,False,True,False,2010-09-25T19:30Z,ABC/ESPN3,[],,,national,ABC,1,STD,3910,DKR-Texas Memorial Stadium,Austin,TX,USA,False,0.0,0:00,4,3,STATUS_FINAL,post,True,Final,Final,Final,4,251,s:20~l:23~t:251,Texas,Longhorns,TEX,Texas Longhorns,Texas,af5c37,ffffff,True,3910,https://a.espncdn.com/i/teamlogos/ncaa/500/251.png,4,12,False,7,"[{'value': 3.0, 'displayValue': '3', 'period': 1}
 {'value': 0.0, 'displayValue': '0', 'period': 2}
 {'value': 3.0, 'displayValue': '3', 'period': 3}
 {'value': 6.0, 'displayValue': '6', 'period': 4}]","[{'name': 'overall', 'abbreviation': 'Game', 'type': 'total', 'summary': '3-1'}
 {'name': 'Home', 'abbreviation': None, 'type': 'home', 'summary': '1-1'}
 {'name': 'Road', 'abbreviation': None, 'type': 'road', 'summary': '2-0'}
 {'name': 'vs. Conf.', 'abbreviation': None, 'type': 'vsconf', 'summary': '1-0'}]",26,s:20~l:23~t:26,UCLA,Bruins,UCLA,UCLA Bruins,UCLA,2774ae,f2a900,True,1056,https://a.espncdn.com/i/teamlogos/ncaa/500/26.png,5,34,True,99,"[{'value': 0.0, 'displayValue': '0', 'period': 1}
 {'value': 13.0, 'displayValue': '13', 'period': 2}
 {'value': 14.0, 'displayValue': '14', 'period': 3}
 {'value': 7.0, 'displayValue': '7', 'period': 4}]","[{'name': 'overall', 'abbreviation': 'Game', 'type': 'total', 'summary': '2-2'}
 {'name': 'Home', 'abbreviation': None, 'type': 'home', 'summary': '1-1'}
 {'name': 'Road', 'abbreviation': None, 'type': 'road', 'summary': '1-1'}
 {'name': 'vs. Conf.', 'abbreviation': None, 'type': 'vsconf', 'summary': '0-1'}]",302680251,2010,2,4,
302682132,s:20~l:23~e:302682132~c:302682132,2010-09-25T22:00Z,0,True,False,False,False,True,False,2010-09-25T22:00Z,ESPN3/ESPN2,[],,,national,ESPN3,1,STD,3854,Nippert Stadium,Cincinnati,OH,USA,False,0.0,0:00,4,3,STATUS_FINAL,post,True,Final,Final,Final,4,2132,s:20~l:23~t:2132,Cincinnati,Bearcats,CIN,Cincinnati Bearcats,Cincinnati,000000,e00122,True,3854,https://a.espncdn.com/i/teamlogos/ncaa/500/2132.png,10,29,False,99,"[{'value': 3.0, 'displayValue': '3', 'period': 1}
 {'value': 6.0, 'displayValue': '6', 'period': 2}
 {'value': 3.0, 'displayValue': '3', 'period': 3}
 {'value': 17.0, 'displayValue': '17', 'period': 4}]","[{'name': 'overall', 'abbreviation': 'Game', 'type': 'total', 'summary': '1-3'}
 {'name': 'Home', 'abbreviation': None, 'type': 'home', 'summary': '1-1'}
 {'name': 'Road', 'abbreviation': None, 'type': 'road', 'summary': '0-2'}
 {'name': 'vs. Conf.', 'abbreviation': None, 'type': 'vsconf', 'summary': '0-0'}]",201,s:20~l:23~t:201,Oklahoma,Sooners,OKLA,Oklahoma Sooners,Oklahoma,990000,ffffff,True,3835,https://a.espncdn.com/i/teamlogos/ncaa/500/201.png,4,31,True,8,"[{'value': 14.0, 'displayValue': '14', 'period': 1}
 {'value': 3.0, 'displayValue': '3', 'period': 2}
 {'value': 7.0, 'displayValue': '7', 'period': 3}
 {'value': 7.0, 'displayValue': '7', 'period': 4}]","[{'name': 'overall', 'abbreviation': 'Game', 'type': 'total', 'summary': '4-0'}
 {'name': 'Home', 'abbreviation': None, 'type': 'home', 'summary': '3-0'}
 {'name': 'Road', 'abbreviation': None, 'type': 'road', 'summary': '1-0'}
 {'name': 'vs. Conf.', 'abbreviation': None, 'type': 'vsconf', 'summary': '0-0'}]",302682132,2010,2,4,
302680057,s:20~l:23~e:302680057~c:302680057,2010-09-25T23:00Z,0,True,False,False,False,True,False,2010-09-25T23:00Z,ESPNU,[],,,national,ESPNU,1,STD,3634,Ben Hill Griffin Stadium,Gainesville,FL,USA,False,0.0,0:00,4,3,STATUS_FINAL,post,True,Final,Final,Final,4,57,s:20~l:23~t:57,Florida,Gators,FLA,Florida Gators,Florida,0021a5,fa4616,True,3634,https://a.espncdn.com/i/teamlogos/ncaa/500/57.png,8,48,True,9,"[{'value': 14.0, 'displayValue': '14', 'period': 1}
 {'value': 7.0, 'displayValue': '7', 'period': 2}
 {'value': 13.0, 'displayValue': '13', 'period': 3}
 {'value': 14.0, 'displayValue': '14', 'period': 4}]","[{'name': 'overall', 'abbreviation': 'Game', 'type': 'total', 'summary': '4-0'}
 {'name': 'Home', 'abbreviation': None, 'type': 'home', 'summary': '3-0'}
 {'name': 'Road', 'abbreviation': None, 'type': 'road', 'summary': '1-0'}
 {'name': 'vs. Conf.', 'abbreviation': None, 'type': 'vsconf', 'summary': '2-0'}]",96,s:20~l:23~t:96,Kentucky,Wildcats,UK,Kentucky Wildcats,Kentucky,0033a0,ffffff,True,3683,https://a.espncdn.com/i/teamlogos/ncaa/500/96.png,8,14,False,99,"[{'value': 0.0, 'displayValue': '0', 'period': 1}
 {'value': 7.0, 'displayValue': '7', 'period': 2}
 {'value': 7.0, 'displayValue': '7', 'period': 3}
 {'value': 0.0, 'displayValue': '0', 'period': 4}]","[{'name': 'overall', 'abbreviation': 'Game', 'type': 'total', 'summary': '3-1'}
 {'name': 'Home', 'abbreviation': None, 'type': 'home', 'summary': '2-0'}
 {'name': 'Road', 'abbreviation': None, 'type': 'road', 'summary': '1-1'}
 {'name': 'vs. Conf.', 'abbreviation': None, 'type': 'vsconf', 'summary': '0-1'}]",302680057,2010,2,4,
302680275,s:20~l:23~e:302680275~c:302680275,2010-09-25T16:00Z,0,True,False,False,False,True,False,2010-09-25T16:00Z,BTN,[],,,national,BTN,1,STD,347,Camp Randall Stadium,Madison,WI,USA,False,0.0,0:00,4,3,STATUS_FINAL,post,True,Final,Final,Final,4,275,s:20~l:23~t:275,Wisconsin,Badgers,WIS,Wisconsin Badgers,Wisconsin,a00000,ffffff,True,347,https://a.espncdn.com/i/teamlogos/ncaa/500/275.png,5,70,True,11,"[{'value': 14.0, 'displayValue': '14', 'period': 1}
 {'value': 35.0, 'displayValue': '35', 'period': 2}
 {'value': 14.0, 'displayValue': '14', 'period': 3}
 {'value': 7.0, 'displayValue': '7', 'period': 4}]","[{'name': 'overall', 'abbreviation': 'Game', 'type': 'total', 'summary': '4-0'}
 {'name': 'Home', 'abbreviation': None, 'type': 'home', 'summary': '3-0'}
 {'name': 'Road', 'abbreviation': None, 'type': 'road', 'summary': '1-0'}
 {'name': 'vs. Conf.', 'abbreviation': None, 'type': 'vsconf', 'summary': '0-0'}]",2046,s:20~l:23~t:2046,Austin Peay,Governors,PEAY,Austin Peay Governors,Austin Peay,8e0b0b,,True,3742,https://a.espncdn.com/i/teamlogos/ncaa/500/2046.png,26,3,False,99,"[{'value': 0.0, 'displayValue': '0', 'period': 1}
 {'value': 3.0, 'displayValue': '3', 'period': 2}
 {'value': 0.0, 'displayValue': '0', 'period': 3}
 {'value': 0.0, 'displayValue': '0', 'period': 4}]","[{'name': 'overall', 'abbreviation': 'Game', 'type': 'total', 'summary': '2-2'}
 {'name': 'Home', 'abbreviation': None, 'type': 'home', 'summary': '1-0'}
 {'name': 'Road', 'abbreviation': None, 'type': 'road', 'summary': '1-2'}
 {'name': 'vs. Conf.', 'abbreviation': None, 'type': 'vsconf', 'summary': '1-0'}]",302680275,2010,2,4,
302680002,s:20~l:23~e:302680002~c:302680002,2010-09-25T23:45Z,0,True,False,False,False,True,False,2010-09-25T23:45Z,ESPN3/ESPN,[],,,national,ESPN3,1,STD,3785,Jordan-Hare Stadium,Auburn,AL,USA,False,0.0,0:00,4,3,STATUS_FINAL,post,True,Final,Final,Final,4,2,s:20~l:23~t:2,Auburn,Tigers,AUB,Auburn Tigers,Auburn,002b5c,f26522,True,3785,https://a.espncdn.com/i/teamlogos/ncaa/500/2.png,8,35,True,17,"[{'value': 7.0, 'displayValue': '7', 'period': 1}
 {'value': 7.0, 'displayValue': '7', 'period': 2}
 {'value': 7.0, 'displayValue': '7', 'period': 3}
 {'value': 14.0, 'displayValue': '14', 'period': 4}]","[{'name': 'overall', 'abbreviation': 'Game', 'type': 'total', 'summary': '4-0'}
 {'name': 'Home', 'abbreviation': None, 'type': 'home', 'summary': '3-0'}
 {'name': 'Road', 'abbreviation': None, 'type': 'road', 'summary': '1-0'}
 {'name': 'vs. Conf.', 'abbreviation': None, 'type': 'vsconf', 'summary': '2-0'}]",2579,s:20~l:23~t:2579,South Carolina,Gamecocks,SC,South Carolina Gamecocks,South Carolina,73000a,000000,True,3994,https://a.espncdn.com/i/teamlogos/ncaa/500/2579.png,8,27,False,12,"[{'value': 14.0, 'displayValue': '14', 'period': 1}
 {'value': 6.0, 'displayValue': '6', 'period': 2}
 {'value': 7.0, 'displayValue': '7', 'period': 3}
 {'value': 0.0, 'displayValue': '0', 'period': 4}]","[{'name': 'overall', 'abbreviation': 'Game', 'type': 'total', 'summary': '3-1'}
 {'name': 'Home', 'abbreviation': None, 'type': 'home', 'summary': '3-0'}
 {'name': 'Road', 'abbreviation': None, 'type': 'road', 'summary': '0-1'}
 {'name': 'vs. Conf.', 'abbreviation': None, 'type': 'vsconf', 'summary': '1-1'}]",302680002,2010,2,4,
302680254,s:20~l:23~e:302680254~c:302680254,2010-09-26T00:00Z,0,True,False,False,False,True,False,2010-09-26T00:00Z,,[],,,,,1,STD,587,Rice-Eccles Stadium,Salt Lake City,UT,USA,False,0.0,0:00,4,3,STATUS_FINAL,post,True,Final,Final,Final,4,254,s:20~l:23~t:254,Utah,Utes,UTAH,Utah Utes,Utah,be0000,ffffff,True,587,https://a.espncdn.com/i/teamlogos/ncaa/500/254.png,4,56,True,13,"[{'value': 7.0, 'displayValue': '7', 'period': 1}
 {'value': 28.0, 'displayValue': '28', 'period': 2}
 {'value': 7.0, 'displayValue': '7', 'period': 3}
 {'value': 14.0, 'displayValue': '14', 'period': 4}]","[{'name': 'overall', 'abbreviation': 'Game', 'type': 'total', 'summary': '4-0'}
 {'name': 'Home', 'abbreviation': None, 'type': 'home', 'summary': '3-0'}
 {'name': 'Road', 'abbreviation': None, 'type': 'road', 'summary': '1-0'}
 {'name': 'vs. Conf.', 'abbreviation': None, 'type': 'vsconf', 'summary': '2-0'}]",23,s:20~l:23~t:23,San Jose State,Spartans,SJSU,San Jose State Spartans,San Jose State,0038a8,ffb81a,False,3935,https://a.espncdn.com/i/teamlogos/ncaa/500/23.png,16,3,False,99,"[{'value': 3.0, 'displayValue': '3', 'period': 1}
 {'value': 0.0, 'displayValue': '0', 'period': 2}
 {'value': 0.0, 'displayValue': '0', 'period': 3}
 {'value': 0.0, 'displayValue': '0', 'period': 4}]","[{'name': 'overall', 'abbreviation': 'Game', 'type': 'total', 'summary': '1-3'}
 {'name': 'Home', 'abbreviation': None, 'type': 'home', 'summary': '1-0'}
 {'name': 'Road', 'abbreviation': None, 'type': 'road', 'summary': '0-3'}
 {'name': 'vs. Conf.', 'abbreviation': None, 'type': 'vsconf', 'summary': '0-0'}]",302680254,2010,2,4,
302680012,s:20~l:23~e:302680012~c:302680012,2010-09-26T02:00Z,0,True,False,False,False,True,False,2010-09-26T02:00Z,,[],,,,,1,STD,3619,Casino Del Sol Stadium,Tucson,AZ,USA,False,29.0,0:29,4,3,STATUS_FINAL,post,True,Final,Final,Final,4,12,s:20~l:23~t:12,Arizona,Wildcats,ARIZ,Arizona Wildcats,Arizona,cc0033,003366,True,3619,https://a.espncdn.com/i/teamlogos/ncaa/500/12.png,4,10,True,14,"[{'value': 0.0, 'displayValue': '0', 'period': 1}
 {'value': 0.0, 'displayValue': '0', 'period': 2}
 {'value': 3.0, 'displayValue': '3', 'period': 3}
 {'value': 7.0, 'displayValue': '7', 'period': 4}]","[{'name': 'overall', 'abbreviation': 'Game', 'type': 'total', 'summary': '4-0'}
 {'name': 'Home', 'abbreviation': None, 'type': 'home', 'summary': '3-0'}
 {'name': 'Road', 'abbreviation': None, 'type': 'road', 'summary': '1-0'}
 {'name': 'vs. Conf.', 'abbreviation': None, 'type': 'vsconf', 'summary': '1-0'}]",25,s:20~l:23~t:25,California,Golden Bears,CAL,California Golden Bears,California,041e42,ffc72c,True,3831,https://a.espncdn.com/i/teamlogos/ncaa/500/25.png,1,9,False,99,"[{'value': 0.0, 'displayValue': '0', 'period': 1}
 {'value': 6.0, 'displayValue': '6', 'period': 2}
 {'value': 0.0, 'displayValue': '0', 'period': 3}
 {'value': 3.0, 'displayValue': '3', 'period': 4}]","[{'name': 'overall', 'abbreviation': 'Game', 'type': 'total', 'summary': '2-2'}
 {'name': 'Home', 'abbreviation': None, 'type': 'home', 'summary': '2-0'}
 {'name': 'Road', 'abbreviation': None, 'type': 'road', 'summary': '0-2'}
 {'name': 'vs. Conf.', 'abbreviation': None, 'type': 'vsconf', 'summary': '0-1'}]",302680012,2010,2,4,
302680099,s:20~l:23~e:302680099~c:302680099,2010-09-26T01:00Z,0,True,False,False,False,True,False,2010-09-26T01:00Z,ESPN3/ESPN2,[],,,national,ESPN3,1,STD,3958,Tiger Stadium (LA),Baton Rouge,LA,USA,False,0.0,0:00,4,3,STATUS_FINAL,post,True,Final,Final,Final,4,99,s:20~l:23~t:99,LSU,Tigers,LSU,LSU Tigers,LSU,461d76,fdd023,True,3958,https://a.espncdn.com/i/teamlogos/ncaa/500/99.png,8,20,True,15,"[{'value': 7.0, 'displayValue': '7', 'period': 1}
 {'value': 10.0, 'displayValue': '10', 'period': 2}
 {'value': 0.0, 'displayValue': '0', 'period': 3}
 {'value': 3.0, 'displayValue': '3', 'period': 4}]","[{'name': 'overall', 'abbreviation': 'Game', 'type': 'total', 'summary': '4-0'}
 {'name': 'Home', 'abbreviation': None, 'type': 'home', 'summary': '2-0'}
 {'name': 'Road', 'abbreviation': None, 'type': 'road', 'summary': '2-0'}
 {'name': 'vs. Conf.', 'abbreviation': None, 'type': 'vsconf', 'summary': '2-0'}]",277,s:20~l:23~t:277,West Virginia,Mountaineers,WVU,West Virginia Mountaineers,West Virginia,eaaa00,002855,True,3842,https://a.espncdn.com/i/teamlogos/ncaa/500/277.png,10,14,False,22,"[{'value': 0.0, 'displayValue': '0', 'period': 1}
 {'value': 7.0, 'displayValue': '7', 'period': 2}
 {'value': 7.0, 'displayValue': '7', 'period': 3}
 {'value': 0.0, 'displayValue': '0', 'period': 4}]","[{'name': 'overall', 'abbreviation': 'Game', 'type': 'total', 'summary': '3-1'}
 {'name': 'Home', 'abbreviation': None, 'type': 'home', 'summary': '2-0'}
 {'name': 'Road', 'abbreviation': None, 'type': 'road', 'summary': '1-1'}
 {'name': 'vs. Conf.', 'abbreviation': None, 'type': 'vsconf', 'summary': '0-0'}]",302680099,2010,2,4,
302680087,s:20~l:23~e:302680087~c:302680087,2010-09-25T19:30Z,0,True,False,False,False,True,False,2010-09-25T19:30Z,NBC,[],,,national,NBC,1,STD,3855,Notre Dame Stadium,Notre Dame,IN,USA,False,0.0,0:00,4,3,STATUS_FINAL,post,True,Final,Final,Final,4,87,s:20~l:23~t:87,Notre Dame,Fighting Irish,ND,Notre Dame Fighting Irish,Notre Dame,062340,c99700,True,3855,https://a.espncdn.com/i/teamlogos/ncaa/500/87.png,18,14,False,99,"[{'value': 3.0, 'displayValue': '3', 'period': 1}
 {'value': 3.0, 'displayValue': '3', 'period': 2}
 {'value': 0.0, 'displayValue': '0', 'period': 3}
 {'value': 8.0, 'displayValue': '8', 'period': 4}]","[{'name': 'overall', 'abbreviation': 'Game', 'type': 'total', 'summary': '1-3'}
 {'name': 'Home', 'abbreviation': None, 'type': 'home', 'summary': '1-2'}
 {'name': 'Road', 'abbreviation': None, 'type': 'road', 'summary': '0-1'}
 {'name': 'vs. Conf.', 'abbreviation': None, 'type': 'vsconf', 'summary': '0-0'}]",24,s:20~l:23~t:24,Stanford,Cardinal,STAN,Stanford Cardinal,Stanford,8c1515,ffffff,True,3940,https://a.espncdn.com/i/teamlogos/ncaa/500/24.png,1,37,True,16,"[{'value': 10.0, 'displayValue': '10', 'period': 1}
 {'value': 6.0, 'displayValue': '6', 'period': 2}
 {'value': 3.0, 'displayValue': '3', 'period': 3}
 {'value': 18.0, 'displayValue': '18', 'period': 4}]","[{'name': 'overall', 'abbreviation': 'Game', 'type': 'total', 'summary': '4-0'}
 {'name': 'Home', 'abbreviation': None, 'type': 'home', 'summary': '2-0'}
 {'name': 'Road', 'abbreviation': None, 'type': 'road', 'summary': '2-0'}
 {'name': 'vs. Conf.', 'abbreviation': None, 'type': 'vsconf', 'summary': '1-0'}]",302680087,2010,2,4,
302682294,s:20~l:23~e:302682294~c:302682294,2010-09-25T16:00Z,0,True,False,False,False,True,False,2010-09-25T16:00Z,BTN,[],,,national,BTN,1,STD,3793,Kinnick Stadium,Iowa City,IA,USA,False,0.0,0:00,4,3,STATUS_FINAL,post,True,Final,Final,Final,4,2294,s:20~l:23~t:2294,Iowa,Hawkeyes,IOWA,Iowa Hawkeyes,Iowa,231f20,fcd116,True,3793,https://a.espncdn.com/i/teamlogos/ncaa/500/2294.png,5,45,True,18,"[{'value': 7.0, 'displayValue': '7', 'period': 1}
 {'value': 14.0, 'displayValue': '14', 'period': 2}
 {'value': 14.0, 'displayValue': '14', 'period': 3}
 {'value': 10.0, 'displayValue': '10', 'period': 4}]","[{'name': 'overall', 'abbreviation': 'Game', 'type': 'total', 'summary': '3-1'}
 {'name': 'Home', 'abbreviation': None, 'type': 'home', 'summary': '3-0'}
 {'name': 'Road', 'abbreviation': None, 'type': 'road', 'summary': '0-1'}
 {'name': 'vs. Conf.', 'abbreviation': None, 'type': 'vsconf', 'summary': '0-0'}]",2050,s:20~l:23~t:2050,Ball State,Cardinals,BALL,Ball State Cardinals,Ball State,ba0c2f,ffffff,True,3919,https://a.espncdn.com/i/teamlogos/ncaa/500/2050.png,15,0,False,99,"[{'value': 0.0, 'displayValue': '0', 'period': 1}
 {'value': 0.0, 'displayValue': '0', 'period': 2}
 {'value': 0.0, 'displayValue': '0', 'period': 3}
 {'value': 0.0, 'displayValue': '0', 'period': 4}]","[{'name': 'overall', 'abbreviation': 'Game', 'type': 'total', 'summary': '1-3'}
 {'name': 'Home', 'abbreviation': None, 'type': 'home', 'summary': '1-1'}
 {'name': 'Road', 'abbreviation': None, 'type': 'road', 'summary': '0-2'}
 {'name': 'vs. Conf.', 'abbreviation': None, 'type': 'vsconf', 'summary': '0-0'}]",302682294,2010,2,4,
302680265,s:20~l:23~e:302680265~c:302680265,2010-09-25T19:00Z,0,True,False,False,False,True,False,2010-09-25T19:00Z,,[],,,,,1,STD,3820,Martin Stadium,Pullman,WA,USA,False,0.0,0:00,4,3,STATUS_FINAL,post,True,Final,Final,Final,4,265,s:20~l:23~t:265,Washington State,Cougars,WSU,Washington State Cougars,Washington St,a60f2d,4d4d4d,True,3820,https://a.espncdn.com/i/teamlogos/ncaa/500/265.png,9,16,False,99,"[{'value': 7.0, 'displayValue': '7', 'period': 1}
 {'value': 6.0, 'displayValue': '6', 'period': 2}
 {'value': 0.0, 'displayValue': '0', 'period': 3}
 {'value': 3.0, 'displayValue': '3', 'period': 4}]","[{'name': 'overall', 'abbreviation': 'Game', 'type': 'total', 'summary': '1-3'}
 {'name': 'Home', 'abbreviation': None, 'type': 'home', 'summary': '1-1'}
 {'name': 'Road', 'abbreviation': None, 'type': 'road', 'summary': '0-2'}
 {'name': 'vs. Conf.', 'abbreviation': None, 'type': 'vsconf', 'summary': '0-1'}]",30,s:20~l:23~t:30,USC,Trojans,USC,USC Trojans,USC,9d2235,ffc72c,True,477,https://a.espncdn.com/i/teamlogos/ncaa/500/30.png,5,50,True,20,"[{'value': 21.0, 'displayValue': '21', 'period': 1}
 {'value': 7.0, 'displayValue': '7', 'period': 2}
 {'value': 15.0, 'displayValue': '15', 'period': 3}
 {'value': 7.0, 'displayValue': '7', 'period': 4}]","[{'name': 'overall', 'abbreviation': 'Game', 'type': 'total', 'summary': '4-0'}
 {'name': 'Home', 'abbreviation': None, 'type': 'home', 'summary': '1-0'}
 {'name': 'Road', 'abbreviation': None, 'type': 'road', 'summary': '3-0'}
 {'name': 'vs. Conf.', 'abbreviation': None, 'type': 'vsconf', 'summary': '1-0'}]",302680265,2010,2,4,
302680130,s:20~l:23~e:302680130~c:302680130,2010-09-25T16:00Z,0,True,False,False,False,True,False,2010-09-25T16:00Z,ESPN3/ESPN2,[],,,national,ESPN3,1,STD,3558,Michigan Stadium,Ann Arbor,MI,USA,False,45.0,0:45,4,3,STATUS_FINAL,post,True,Final,Final,Final,4,130,s:20~l:23~t:130,Michigan,Wolverines,MICH,Michigan Wolverines,Michigan,00274c,ffcb05,True,3558,https://a.espncdn.com/i/teamlogos/ncaa/500/130.png,5,65,True,21,"[{'value': 21.0, 'displayValue': '21', 'period': 1}
 {'value': 7.0, 'displayValue': '7', 'period': 2}
 {'value': 16.0, 'displayValue': '16', 'period': 3}
 {'value': 21.0, 'displayValue': '21', 'period': 4}]","[{'name': 'overall', 'abbreviation': 'Game', 'type': 'total', 'summary': '4-0'}
 {'name': 'Home', 'abbreviation': None, 'type': 'home', 'summary': '3-0'}
 {'name': 'Road', 'abbreviation': None, 'type': 'road', 'summary': '1-0'}
 {'name': 'vs. Conf.', 'abbreviation': None, 'type': 'vsconf', 'summary': '0-0'}]",189,s:20~l:23~t:189,Bowling Green,Falcons,BGSU,Bowling Green Falcons,Bowling Green,fd5000,4f2c1d,True,3700,https://a.espncdn.com/i/teamlogos/ncaa/500/189.png,15,21,False,99,"[{'value': 0.0, 'displayValue': '0', 'period': 1}
 {'value': 14.0, 'displayValue': '14', 'period': 2}
 {'value': 7.0, 'displayValue': '7', 'period': 3}
 {'value': 0.0, 'displayValue': '0', 'period': 4}]","[{'name': 'overall', 'abbreviation': 'Game', 'type': 'total', 'summary': '1-3'}
 {'name': 'Home', 'abbreviation': None, 'type': 'home', 'summary': '1-0'}
 {'name': 'Road', 'abbreviation': None, 'type': 'road', 'summary': '0-3'}
 {'name': 'vs. Conf.', 'abbreviation': None, 'type': 'vsconf', 'summary': '0-0'}]",302680130,2010,2,4,
302680213,s:20~l:23~e:302680213~c:302680213,2010-09-25T19:30Z,0,True,False,False,False,True,False,2010-09-25T19:30Z,BTN,[],,,national,BTN,1,STD,3632,Beaver Stadium,University Park,PA,USA,False,19.0,0:19,4,3,STATUS_FINAL,post,True,Final,Final,Final,4,213,s:20~l:23~t:213,Penn State,Nittany Lions,PSU,Penn State Nittany Lions,Penn State,061440,ffffff,True,3632,https://a.espncdn.com/i/teamlogos/ncaa/500/213.png,5,22,True,23,"[{'value': 6.0, 'displayValue': '6', 'period': 1}
 {'value': 3.0, 'displayValue': '3', 'period': 2}
 {'value': 6.0, 'displayValue': '6', 'period': 3}
 {'value': 7.0, 'displayValue': '7', 'period': 4}]","[{'name': 'overall', 'abbreviation': 'Game', 'type': 'total', 'summary': '3-1'}
 {'name': 'Home', 'abbreviation': None, 'type': 'home', 'summary': '3-0'}
 {'name': 'Road', 'abbreviation': None, 'type': 'road', 'summary': '0-1'}
 {'name': 'vs. Conf.', 'abbreviation': None, 'type': 'vsconf', 'summary': '0-0'}]",218,s:20~l:23~t:218,Temple,Owls,TEM,Temple Owls,Temple,a41e35,ffffff,True,3806,https://a.espncdn.com/i/teamlogos/ncaa/500/218.png,15,13,False,99,"[{'value': 13.0, 'displayValue': '13', 'period': 1}
 {'value': 0.0, 'displayValue': '0', 'period': 2}
 {'value': 0.0, 'displayValue': '0', 'period': 3}
 {'value': 0.0, 'displayValue': '0', 'period': 4}]","[{'name': 'overall', 'abbreviation': 'Game', 'type': 'total', 'summary': '3-1'}
 {'name': 'Home', 'abbreviation': None, 'type': 'home', 'summary': '3-0'}
 {'name': 'Road', 'abbreviation': None, 'type': 'road', 'summary': '0-1'}
 {'name': 'vs. Conf.', 'abbreviation': None, 'type': 'vsconf', 'summary': '1-0'}]",302680213,2010,2,4,
302680127,s:20~l:23~e:302680127~c:302680127,2010-09-25T16:00Z,0,True,False,False,False,True,False,2010-09-25T16:00Z,BTN,[],,,national,BTN,1,STD,3936,Spartan Stadium,East Lansing,MI,USA,False,0.0,0:00,4,3,STATUS_FINAL,post,True,Final,Final,Final,4,127,s:20~l:23~t:127,Michigan State,Spartans,MSU,Michigan State Spartans,Michigan St,173f35,ffffff,True,3936,https://a.espncdn.com/i/teamlogos/ncaa/500/127.png,5,45,True,25,"[{'value': 14.0, 'displayValue': '14', 'period': 1}
 {'value': 21.0, 'displayValue': '21', 'period': 2}
 {'value': 7.0, 'displayValue': '7', 'period': 3}
 {'value': 3.0, 'displayValue': '3', 'period': 4}]","[{'name': 'overall', 'abbreviation': 'Game', 'type': 'total', 'summary': '4-0'}
 {'name': 'Home', 'abbreviation': None, 'type': 'home', 'summary': '3-0'}
 {'name': 'Road', 'abbreviation': None, 'type': 'road', 'summary': '1-0'}
 {'name': 'vs. Conf.', 'abbreviation': None, 'type': 'vsconf', 'summary': '0-0'}]",2458,s:20~l:23~t:2458,Northern Colorado,Bears,UNCO,Northern Colorado Bears,N Colorado,13558D,ffc533,True,3856,https://a.espncdn.com/i/teamlogos/ncaa/500/2458.png,20,7,False,99,"[{'value': 0.0, 'displayValue': '0', 'period': 1}
 {'value': 0.0, 'displayValue': '0', 'period': 2}
 {'value': 0.0, 'displayValue': '0', 'period': 3}
 {'value': 7.0, 'displayValue': '7', 'period': 4}]","[{'name': 'overall', 'abbreviation': 'Game', 'type': 'total', 'summary': '2-2'}
 {'name': 'Home', 'abbreviation': None, 'type': 'home', 'summary': '2-0'}
 {'name': 'Road', 'abbreviation': None, 'type': 'road', 'summary': '0-2'}
 {'name': 'vs. Conf.', 'abbreviation': None, 'type': 'vsconf', 'summary': '1-1'}]",302680127,2010,2,4,
302680041,s:20~l:23~e:302680041~c:302680041,2010-09-25T16:00Z,0,True,False,False,False,True,False,2010-09-25T16:00Z,,[],,,home,ESPN3,1,STD,3892,Pratt & Whitney Stadium,East Hartford,CT,USA,False,241.0,4:01,4,3,STATUS_FINAL,post,True,Final,Final,Final,4,41,s:20~l:23~t:41,Connecticut,Huskies,CONN,Connecticut Huskies,UConn,0c2340,a2aaad,False,3892,https://a.espncdn.com/i/teamlogos/ncaa/500/41.png,10,45,True,99,"[{'value': 14.0, 'displayValue': '14', 'period': 1}
 {'value': 0.0, 'displayValue': '0', 'period': 2}
 {'value': 17.0, 'displayValue': '17', 'period': 3}
 {'value': 14.0, 'displayValue': '14', 'period': 4}]","[{'name': 'overall', 'abbreviation': 'Game', 'type': 'total', 'summary': '2-2'}
 {'name': 'Home', 'abbreviation': None, 'type': 'home', 'summary': '2-0'}
 {'name': 'Road', 'abbreviation': None, 'type': 'road', 'summary': '0-2'}
 {'name': 'vs. Conf.', 'abbreviation': None, 'type': 'vsconf', 'summary': '0-0'}]",2084,s:20~l:23~t:2084,Buffalo,Bulls,BUFF,Buffalo Bulls,Buffalo,005bbb,ffffff,True,3965,https://a.espncdn.com/i/teamlogos/ncaa/500/2084.png,15,21,False,99,"[{'value': 0.0, 'displayValue': '0', 'period': 1}
 {'value': 14.0, 'displayValue': '14', 'period': 2}
 {'value': 7.0, 'displayValue': '7', 'period': 3}
 {'value': 0.0, 'displayValue': '0', 'period': 4}]","[{'name': 'overall', 'abbreviation': 'Game', 'type': 'total', 'summary': '1-3'}
 {'name': 'Home', 'abbreviation': None, 'type': 'home', 'summary': '1-1'}
 {'name': 'Road', 'abbreviation': None, 'type': 'road', 'summary': '0-2'}
 {'name': 'vs. Conf.', 'abbreviation': None, 'type': 'vsconf', 'summary': '0-0'}]",302680041,2010,2,4,
302680059,s:20~l:23~e:302680059~c:302680059,2010-09-25T16:00Z,0,True,False,False,False,True,False,2010-09-25T16:00Z,ESPN3/ESPN,[],,,national,ESPN3,1,STD,721,Bobby Dodd Stadium,Atlanta,GA,USA,False,0.0,0:00,4,3,STATUS_FINAL,post,True,Final,Final,Final,4,59,s:20~l:23~t:59,Georgia Tech,Yellow Jackets,GT,Georgia Tech Yellow Jackets,Georgia Tech,b3a369,ffffff,True,721,https://a.espncdn.com/i/teamlogos/ncaa/500/59.png,1,28,False,99,"[{'value': 0.0, 'displayValue': '0', 'period': 1}
 {'value': 7.0, 'displayValue': '7', 'period': 2}
 {'value': 7.0, 'displayValue': '7', 'period': 3}
 {'value': 14.0, 'displayValue': '14', 'period': 4}]","[{'name': 'overall', 'abbreviation': 'Game', 'type': 'total', 'summary': '2-2'}
 {'name': 'Home', 'abbreviation': None, 'type': 'home', 'summary': '1-1'}
 {'name': 'Road', 'abbreviation': None, 'type': 'road', 'summary': '1-1'}
 {'name': 'vs. Conf.', 'abbreviation': None, 'type': 'vsconf', 'summary': '1-1'}]",152,s:20~l:23~t:152,NC State,Wolfpack,NCST,NC State Wolfpack,NC State,cc0000,ffffff,True,3670,https://a.espncdn.com/i/teamlogos/ncaa/500/152.png,1,45,True,99,"[{'value': 7.0, 'displayValue': '7', 'period': 1}
 {'value': 10.0, 'displayValue': '10', 'period': 2}
 {'value': 14.0, 'displayValue': '14', 'period': 3}
 {'value': 14.0, 'displayValue': '14', 'period': 4}]","[{'name': 'overall', 'abbreviation': 'Game', 'type': 'total', 'summary': '4-0'}
 {'name': 'Home', 'abbreviation': None, 'type': 'home', 'summary': '2-0'}
 {'name': 'Road', 'abbreviation': None, 'type': 'road', 'summary': '2-0'}
 {'name': 'vs. Conf.', 'abbreviation': None, 'type': 'vsconf', 'summary': '1-0'}]",302680059,2010,2,4,
302680077,s:20~l:23~e:302680077~c:302680077,2010-09-25T16:00Z,0,True,False,False,False,False,False,2010-09-25T16:00Z,BTN,[],,,national,BTN,1,STD,3911,Ryan Field (1926),Evanston,IL,USA,False,0.0,0:00,4,3,STATUS_FINAL,post,True,Final,Final,Final,4,77,s:20~l:23~t:77,Northwestern,Wildcats,NU,Northwestern Wildcats,Northwestern,492f92,ffffff,True,5960,https://a.espncdn.com/i/teamlogos/ncaa/500/77.png,5,30,True,99,"[{'value': 6.0, 'displayValue': '6', 'period': 1}
 {'value': 7.0, 'displayValue': '7', 'period': 2}
 {'value': 10.0, 'displayValue': '10', 'period': 3}
 {'value': 7.0, 'displayValue': '7', 'period': 4}]","[{'name': 'overall', 'abbreviation': 'Game', 'type': 'total', 'summary': '4-0'}
 {'name': 'Home', 'abbreviation': None, 'type': 'home', 'summary': '2-0'}
 {'name': 'Road', 'abbreviation': None, 'type': 'road', 'summary': '2-0'}
 {'name': 'vs. Conf.', 'abbreviation': None, 'type': 'vsconf', 'summary': '0-0'}]",2117,s:20~l:23~t:2117,Central Michigan,Chippewas,CMU,Central Michigan Chippewas,Cent Michigan,4c0027,fbab18,True,3786,https://a.espncdn.com/i/teamlogos/ncaa/500/2117.png,15,25,False,99,"[{'value': 6.0, 'displayValue': '6', 'period': 1}
 {'value': 7.0, 'displayValue': '7', 'period': 2}
 {'value': 0.0, 'displayValue': '0', 'period': 3}
 {'value': 12.0, 'displayValue': '12', 'period': 4}]","[{'name': 'overall', 'abbreviation': 'Game', 'type': 'total', 'summary': '2-2'}
 {'name': 'Home', 'abbreviation': None, 'type': 'home', 'summary': '1-0'}
 {'name': 'Road', 'abbreviation': None, 'type': 'road', 'summary': '1-2'}
 {'name': 'vs. Conf.', 'abbreviation': None, 'type': 'vsconf', 'summary': '1-1'}]",302680077,2010,2,4,
302680103,s:20~l:23~e:302680103~c:302680103,2010-09-25T16:00Z,0,True,False,False,False,True,False,2010-09-25T16:00Z,,[],,,home,ESPN3,1,STD,3615,"Alumni Stadium (Chestnut Hill, MA)",Chestnut Hill,MA,USA,False,0.0,0:00,4,3,STATUS_FINAL,post,True,Final,Final,Final,4,103,s:20~l:23~t:103,Boston College,Eagles,BC,Boston College Eagles,Boston College,8c2232,dbcca6,True,3615,https://a.espncdn.com/i/teamlogos/ncaa/500/103.png,1,0,False,99,"[{'value': 0.0, 'displayValue': '0', 'period': 1}
 {'value': 0.0, 'displayValue': '0', 'period': 2}
 {'value': 0.0, 'displayValue': '0', 'period': 3}
 {'value': 0.0, 'displayValue': '0', 'period': 4}]","[{'name': 'overall', 'abbreviation': 'Game', 'type': 'total', 'summary': '2-1'}
 {'name': 'Home', 'abbreviation': None, 'type': 'home', 'summary': '2-1'}
 {'name': 'Road', 'abbreviation': None, 'type': 'road', 'summary': '0-0'}
 {'name': 'vs. Conf.', 'abbreviation': None, 'type': 'vsconf', 'summary': '0-1'}]",259,s:20~l:23~t:259,Virginia Tech,Hokies,VT,Virginia Tech Hokies,Virginia Tech,6a2c3e,cf4520,True,3799,https://a.espncdn.com/i/teamlogos/ncaa/500/259.png,1,19,True,99,"[{'value': 0.0, 'displayValue': '0', 'period': 1}
 {'value': 7.0, 'displayValue': '7', 'period': 2}
 {'value': 9.0, 'displayValue': '9', 'period': 3}
 {'value': 3.0, 'displayValue': '3', 'period': 4}]","[{'name': 'overall', 'abbreviation': 'Game', 'type': 'total', 'summary': '2-2'}
 {'name': 'Home', 'abbreviation': None, 'type': 'home', 'summary': '1-2'}
 {'name': 'Road', 'abbreviation': None, 'type': 'road', 'summary': '1-0'}
 {'name': 'vs. Conf.', 'abbreviation': None, 'type': 'vsconf', 'summary': '1-0'}]",302680103,2010,2,4,
302680120,s:20~l:23~e:302680120~c:302680120,2010-09-25T16:00Z,0,True,False,False,False,True,False,2010-09-25T16:00Z,ESPNU,[],,,national,ESPNU,1,STD,3665,SECU Stadium,College Park,MD,USA,False,0.0,0:00,4,3,STATUS_FINAL,post,True,Final,Final,Final,4,120,s:20~l:23~t:120,Maryland,Terrapins,MD,Maryland Terrapins,Maryland,ce1126,ffffff,True,3665,https://a.espncdn.com/i/teamlogos/ncaa/500/120.png,1,42,True,99,"[{'value': 0.0, 'displayValue': '0', 'period': 1}
 {'value': 21.0, 'displayValue': '21', 'period': 2}
 {'value': 7.0, 'displayValue': '7', 'period': 3}
 {'value': 14.0, 'displayValue': '14', 'period': 4}]","[{'name': 'overall', 'abbreviation': 'Game', 'type': 'total', 'summary': '3-1'}
 {'name': 'Home', 'abbreviation': None, 'type': 'home', 'summary': '3-0'}
 {'name': 'Road', 'abbreviation': None, 'type': 'road', 'summary': '0-1'}
 {'name': 'vs. Conf.', 'abbreviation': None, 'type': 'vsconf', 'summary': '0-0'}]",2229,s:20~l:23~t:2229,Florida Intl,Golden Panthers,FIU,Florida Intl Golden Panthers,FIU,091f3f,c3993f,False,218,https://a.espncdn.com/i/teamlogos/ncaa/500/2229.png,37,28,False,99,"[{'value': 7.0, 'displayValue': '7', 'period': 1}
 {'value': 7.0, 'displayValue': '7', 'period': 2}
 {'value': 7.0, 'displayValue': '7', 'period': 3}
 {'value': 7.0, 'displayValue': '7', 'period': 4}]","[{'name': 'overall', 'abbreviation': 'Game', 'type': 'total', 'summary': '0-3'}
 {'name': 'Home', 'abbreviation': None, 'type': 'home', 'summary': '0-1'}
 {'name': 'Road', 'abbreviation': None, 'type': 'road', 'summary': '0-2'}
 {'name': 'vs. Conf.', 'abbreviation': None, 'type': 'vsconf', 'summary': '0-0'}]",302680120,2010,2,4,
302682509,s:20~l:23~e:302682509~c:302682509,2010-09-25T16:00Z,0,True,False,False,False,True,False,2010-09-25T16:00Z,BTN,[],,,national,BTN,1,STD,3907,Ross-Ade Stadium,West Lafayette,IN,USA,False,120.0,2:00,4,3,STATUS_FINAL,post,True,Final,Final,Final,4,2509,s:20~l:23~t:2509,Purdue,Boilermakers,PUR,Purdue Boilermakers,Purdue,ceb888,000000,True,3907,https://a.espncdn.com/i/teamlogos/ncaa/500/2509.png,5,20,False,99,"[{'value': 0.0, 'displayValue': '0', 'period': 1}
 {'value': 0.0, 'displayValue': '0', 'period': 2}
 {'value': 17.0, 'displayValue': '17', 'period': 3}
 {'value': 3.0, 'displayValue': '3', 'period': 4}]","[{'name': 'overall', 'abbreviation': 'Game', 'type': 'total', 'summary': '2-2'}
 {'name': 'Home', 'abbreviation': None, 'type': 'home', 'summary': '2-1'}
 {'name': 'Road', 'abbreviation': None, 'type': 'road', 'summary': '0-1'}
 {'name': 'vs. Conf.', 'abbreviation': None, 'type': 'vsconf', 'summary': '0-0'}]",2649,s:20~l:23~t:2649,Toledo,Rockets,TOL,Toledo Rockets,Toledo,0b2240,ffcd00,True,3739,https://a.espncdn.com/i/teamlogos/ncaa/500/2649.png,15,31,True,99,"[{'value': 14.0, 'displayValue': '14', 'period': 1}
 {'value': 3.0, 'displayValue': '3', 'period': 2}
 {'value': 7.0, 'displayValue': '7', 'period': 3}
 {'value': 7.0, 'displayValue': '7', 'period': 4}]","[{'name': 'overall', 'abbreviation': 'Game', 'type': 'total', 'summary': '3-1'}
 {'name': 'Home', 'abbreviation': None, 'type': 'home', 'summary': '0-1'}
 {'name': 'Road', 'abbreviation': None, 'type': 'road', 'summary': '3-0'}
 {'name': 'vs. Conf.', 'abbreviation': None, 'type': 'vsconf', 'summary': '2-0'}]",302682509,2010,2,4,
302682633,s:20~l:23~e:302682633~c:302682633,2010-09-25T16:21Z,0,True,False,False,False,True,False,2010-09-25T16:21Z,,[],,,home,ESPN3,1,STD,3853,Neyland Stadium,Knoxville,TN,USA,False,900.0,15:00,5,3,STATUS_FINAL,post,True,Final,Final/OT,Final/OT,4,2633,s:20~l:23~t:2633,Tennessee,Volunteers,TENN,Tennessee Volunteers,Tennessee,ff8200,ffffff,True,3853,https://a.espncdn.com/i/teamlogos/ncaa/500/2633.png,8,32,True,99,"[{'value': 14.0, 'displayValue': '14', 'period': 1}
 {'value': 9.0, 'displayValue': '9', 'period': 2}
 {'value': 0.0, 'displayValue': '0', 'period': 3}
 {'value': 0.0, 'displayValue': '0', 'period': 4}
 {'value': 3.0, 'displayValue': '3', 'period': 5}
 {'value': 6.0, 'displayValue': '6', 'period': 6}]","[{'name': 'overall', 'abbreviation': 'Game', 'type': 'total', 'summary': '2-2'}
 {'name': 'Home', 'abbreviation': None, 'type': 'home', 'summary': '2-2'}
 {'name': 'Road', 'abbreviation': None, 'type': 'road', 'summary': '0-0'}
 {'name': 'vs. Conf.', 'abbreviation': None, 'type': 'vsconf', 'summary': '0-1'}]",5,s:20~l:23~t:5,UAB,Blazers,UAB,UAB Blazers,UAB,1a5632,fdb913,True,3803,https://a.espncdn.com/i/teamlogos/ncaa/500/5.png,12,29,False,99,"[{'value': 7.0, 'displayValue': '7', 'period': 1}
 {'value': 0.0, 'displayValue': '0', 'period': 2}
 {'value': 8.0, 'displayValue': '8', 'period': 3}
 {'value': 8.0, 'displayValue': '8', 'period': 4}
 {'value': 3.0, 'displayValue': '3', 'period': 5}
 {'value': 3.0, 'displayValue': '3', 'period': 6}]","[{'name': 'overall', 'abbreviation': 'Game', 'type': 'total', 'summary': '1-3'}
 {'name': 'Home', 'abbreviation': None, 'type': 'home', 'summary': '1-1'}
 {'name': 'Road', 'abbreviation': None, 'type': 'road', 'summary': '0-2'}
 {'name': 'vs. Conf.', 'abbreviation': None, 'type': 'vsconf', 'summary': '0-1'}]",302682633,2010,2,4,OT
302682306,s:20~l:23~e:302682306~c:302682306,2010-09-25T16:30Z,0,True,False,False,False,True,False,2010-09-25T16:30Z,,[],,,,,1,STD,3636,Bill Snyder Family Stadium,Manhattan,KS,USA,False,0.0,0:00,4,3,STATUS_FINAL,post,True,Final,Final,Final,4,2306,s:20~l:23~t:2306,Kansas State,Wildcats,KSU,Kansas State Wildcats,Kansas State,330a57,e2e3e4,True,3636,https://a.espncdn.com/i/teamlogos/ncaa/500/2306.png,4,17,True,99,"[{'value': 0.0, 'displayValue': '0', 'period': 1}
 {'value': 0.0, 'displayValue': '0', 'period': 2}
 {'value': 3.0, 'displayValue': '3', 'period': 3}
 {'value': 14.0, 'displayValue': '14', 'period': 4}]","[{'name': 'overall', 'abbreviation': 'Game', 'type': 'total', 'summary': '4-0'}
 {'name': 'Home', 'abbreviation': None, 'type': 'home', 'summary': '4-0'}
 {'name': 'Road', 'abbreviation': None, 'type': 'road', 'summary': '0-0'}
 {'name': 'vs. Conf.', 'abbreviation': None, 'type': 'vsconf', 'summary': '1-0'}]",2116,s:20~l:23~t:2116,UCF,Knights,UCF,UCF Knights,UCF,000000,b4a169,True,3652,https://a.espncdn.com/i/teamlogos/ncaa/500/2116.png,12,13,False,99,"[{'value': 7.0, 'displayValue': '7', 'period': 1}
 {'value': 0.0, 'displayValue': '0', 'period': 2}
 {'value': 0.0, 'displayValue': '0', 'period': 3}
 {'value': 6.0, 'displayValue': '6', 'period': 4}]","[{'name': 'overall', 'abbreviation': 'Game', 'type': 'total', 'summary': '2-2'}
 {'name': 'Home', 'abbreviation': None, 'type': 'home', 'summary': '1-1'}
 {'name': 'Road', 'abbreviation': None, 'type': 'road', 'summary': '1-1'}
 {'name': 'vs. Conf.', 'abbreviation': None, 'type': 'vsconf', 'summary': '0-0'}]",302682306,2010,2,4,
302682097,s:20~l:23~e:302682097~c:302682097,2010-09-25T17:00Z,0,True,False,False,False,True,False,2010-09-25T17:00Z,,[],,,,,1,STD,3629,Barker-Lane Stadium,Buies Creek,NC,USA,False,0.0,0:00,4,3,STATUS_FINAL,post,True,Final,Final,Final,4,2097,s:20~l:23~t:2097,Campbell,Camels,CAMP,Campbell Camels,Campbell,000000,,False,3629,https://a.espncdn.com/i/teamlogos/ncaa/500/2097.png,28,21,False,99,"[{'value': 7.0, 'displayValue': '7', 'period': 1}
 {'value': 7.0, 'displayValue': '7', 'period': 2}
 {'value': 0.0, 'displayValue': '0', 'period': 3}
 {'value': 7.0, 'displayValue': '7', 'period': 4}]","[{'name': 'overall', 'abbreviation': 'Game', 'type': 'total', 'summary': '1-3'}
 {'name': 'Home', 'abbreviation': None, 'type': 'home', 'summary': '0-3'}
 {'name': 'Road', 'abbreviation': None, 'type': 'road', 'summary': '1-0'}
 {'name': 'vs. Conf.', 'abbreviation': None, 'type': 'vsconf', 'summary': '0-1'}]",2247,s:20~l:23~t:2247,Georgia State,Panthers,GAST,Georgia State Panthers,Georgia State,0039a6,ffffff,True,4246,https://a.espncdn.com/i/teamlogos/ncaa/500/2247.png,32,24,True,99,"[{'value': 14.0, 'displayValue': '14', 'period': 1}
 {'value': 0.0, 'displayValue': '0', 'period': 2}
 {'value': 0.0, 'displayValue': '0', 'period': 3}
 {'value': 10.0, 'displayValue': '10', 'period': 4}]","[{'name': 'overall', 'abbreviation': 'Game', 'type': 'total', 'summary': '2-2'}
 {'name': 'Home', 'abbreviation': None, 'type': 'home', 'summary': '1-2'}
 {'name': 'Road', 'abbreviation': None, 'type': 'road', 'summary': '1-0'}
 {'name': 'vs. Conf.', 'abbreviation': None, 'type': 'vsconf', 'summary': '0-0'}]",302682097,2010,2,4,
302682405,s:20~l:23~e:302682405~c:302682405,2010-09-25T17:00Z,0,True,False,False,False,True,False,2010-09-25T17:00Z,,[],,,,,1,STD,3790,Kessler Field,West Long Branch,NJ,USA,False,0.0,0:00,4,3,STATUS_FINAL,post,True,Final,Final,Final,4,2405,s:20~l:23~t:2405,Monmouth,Hawks,MONM,Monmouth Hawks,Monmouth,051844,,True,3790,https://a.espncdn.com/i/teamlogos/ncaa/500/2405.png,25,21,False,99,"[{'value': 7.0, 'displayValue': '7', 'period': 1}
 {'value': 0.0, 'displayValue': '0', 'period': 2}
 {'value': 7.0, 'displayValue': '7', 'period': 3}
 {'value': 7.0, 'displayValue': '7', 'period': 4}]","[{'name': 'overall', 'abbreviation': 'Game', 'type': 'total', 'summary': '0-3'}
 {'name': 'Home', 'abbreviation': None, 'type': 'home', 'summary': '0-2'}
 {'name': 'Road', 'abbreviation': None, 'type': 'road', 'summary': '0-1'}
 {'name': 'vs. Conf.', 'abbreviation': None, 'type': 'vsconf', 'summary': '0-0'}]",295,s:20~l:23~t:295,Old Dominion,Monarchs,ODU,Old Dominion Monarchs,Old Dominion,003768,a1d2f1,True,3918,https://a.espncdn.com/i/teamlogos/ncaa/500/295.png,32,35,True,99,"[{'value': 3.0, 'displayValue': '3', 'period': 1}
 {'value': 24.0, 'displayValue': '24', 'period': 2}
 {'value': 0.0, 'displayValue': '0', 'period': 3}
 {'value': 8.0, 'displayValue': '8', 'period': 4}]","[{'name': 'overall', 'abbreviation': 'Game', 'type': 'total', 'summary': '2-2'}
 {'name': 'Home', 'abbreviation': None, 'type': 'home', 'summary': '0-2'}
 {'name': 'Road', 'abbreviation': None, 'type': 'road', 'summary': '2-0'}
 {'name': 'vs. Conf.', 'abbreviation': None, 'type': 'vsconf', 'summary': '0-0'}]",302682405,2010,2,4,
302680258,s:20~l:23~e:302680258~c:302680258,2010-09-25T17:30Z,0,True,False,False,False,True,False,2010-09-25T17:30Z,,[],,,home,ESPN3,1,STD,3923,Scott Stadium,Charlottesville,VA,USA,False,227.0,3:47,4,3,STATUS_FINAL,post,True,Final,Final,Final,4,258,s:20~l:23~t:258,Virginia,Cavaliers,UVA,Virginia Cavaliers,UVA,232d4b,f84c1e,True,3923,https://a.espncdn.com/i/teamlogos/ncaa/500/258.png,1,48,True,99,"[{'value': 14.0, 'displayValue': '14', 'period': 1}
 {'value': 17.0, 'displayValue': '17', 'period': 2}
 {'value': 10.0, 'displayValue': '10', 'period': 3}
 {'value': 7.0, 'displayValue': '7', 'period': 4}]","[{'name': 'overall', 'abbreviation': 'Game', 'type': 'total', 'summary': '2-1'}
 {'name': 'Home', 'abbreviation': None, 'type': 'home', 'summary': '2-0'}
 {'name': 'Road', 'abbreviation': None, 'type': 'road', 'summary': '0-1'}
 {'name': 'vs. Conf.', 'abbreviation': None, 'type': 'vsconf', 'summary': '0-0'}]",2678,s:20~l:23~t:2678,VMI,Keydets,VMI,VMI Keydets,VMI,ae122a,ffd619,True,3597,https://a.espncdn.com/i/teamlogos/ncaa/500/2678.png,40,7,False,99,"[{'value': 7.0, 'displayValue': '7', 'period': 1}
 {'value': 0.0, 'displayValue': '0', 'period': 2}
 {'value': 0.0, 'displayValue': '0', 'period': 3}
 {'value': 0.0, 'displayValue': '0', 'period': 4}]","[{'name': 'overall', 'abbreviation': 'Game', 'type': 'total', 'summary': '1-2'}
 {'name': 'Home', 'abbreviation': None, 'type': 'home', 'summary': '1-0'}
 {'name': 'Road', 'abbreviation': None, 'type': 'road', 'summary': '0-2'}
 {'name': 'vs. Conf.', 'abbreviation': None, 'type': 'vsconf', 'summary': '0-0'}]",302680258,2010,2,4,
302680142,s:20~l:23~e:302680142~c:302680142,2010-09-25T18:00Z,0,True,False,False,False,True,False,2010-09-25T18:00Z,,[],,,,,1,STD,3838,Memorial Stadium,Columbia,MO,USA,False,0.0,0:00,4,3,STATUS_FINAL,post,True,Final,Final,Final,4,142,s:20~l:23~t:142,Missouri,Tigers,MIZ,Missouri Tigers,Missouri,f1b82d,000000,True,3838,https://a.espncdn.com/i/teamlogos/ncaa/500/142.png,4,51,True,99,"[{'value': 21.0, 'displayValue': '21', 'period': 1}
 {'value': 7.0, 'displayValue': '7', 'period': 2}
 {'value': 23.0, 'displayValue': '23', 'period': 3}
 {'value': 0.0, 'displayValue': '0', 'period': 4}]","[{'name': 'overall', 'abbreviation': 'Game', 'type': 'total', 'summary': '4-0'}
 {'name': 'Home', 'abbreviation': None, 'type': 'home', 'summary': '4-0'}
 {'name': 'Road', 'abbreviation': None, 'type': 'road', 'summary': '0-0'}
 {'name': 'vs. Conf.', 'abbreviation': None, 'type': 'vsconf', 'summary': '0-0'}]",193,s:20~l:23~t:193,Miami (OH),RedHawks,M-OH,Miami (OH) RedHawks,Miami (OH),c41230,ffffff,True,3996,https://a.espncdn.com/i/teamlogos/ncaa/500/193.png,15,13,False,99,"[{'value': 0.0, 'displayValue': '0', 'period': 1}
 {'value': 3.0, 'displayValue': '3', 'period': 2}
 {'value': 3.0, 'displayValue': '3', 'period': 3}
 {'value': 7.0, 'displayValue': '7', 'period': 4}]","[{'name': 'overall', 'abbreviation': 'Game', 'type': 'total', 'summary': '2-2'}
 {'name': 'Home', 'abbreviation': None, 'type': 'home', 'summary': '2-0'}
 {'name': 'Road', 'abbreviation': None, 'type': 'road', 'summary': '0-2'}
 {'name': 'vs. Conf.', 'abbreviation': None, 'type': 'vsconf', 'summary': '1-0'}]",302680142,2010,2,4,
302682751,s:20~l:23~e:302682751~c:302682751,2010-09-25T18:00Z,0,True,False,False,False,True,False,2010-09-25T18:00Z,,[],,,,,1,STD,3984,War Memorial Stadium,Laramie,WY,USA,False,0.0,0:00,4,3,STATUS_FINAL,post,True,Final,Final,Final,4,2751,s:20~l:23~t:2751,Wyoming,Cowboys,WYO,Wyoming Cowboys,Wyoming,492f24,ffc425,True,3984,https://a.espncdn.com/i/teamlogos/ncaa/500/2751.png,17,14,False,99,"[{'value': 0.0, 'displayValue': '0', 'period': 1}
 {'value': 7.0, 'displayValue': '7', 'period': 2}
 {'value': 7.0, 'displayValue': '7', 'period': 3}
 {'value': 0.0, 'displayValue': '0', 'period': 4}]","[{'name': 'overall', 'abbreviation': 'Game', 'type': 'total', 'summary': '1-3'}
 {'name': 'Home', 'abbreviation': None, 'type': 'home', 'summary': '1-2'}
 {'name': 'Road', 'abbreviation': None, 'type': 'road', 'summary': '0-1'}
 {'name': 'vs. Conf.', 'abbreviation': None, 'type': 'vsconf', 'summary': '0-1'}]",2005,s:20~l:23~t:2005,Air Force,Falcons,AF,Air Force Falcons,Air Force,003594,ffffff,True,3713,https://a.espncdn.com/i/teamlogos/ncaa/500/2005.png,17,20,True,99,"[{'value': 0.0, 'displayValue': '0', 'period': 1}
 {'value': 7.0, 'displayValue': '7', 'period': 2}
 {'value': 0.0, 'displayValue': '0', 'period': 3}
 {'value': 13.0, 'displayValue': '13', 'period': 4}]","[{'name': 'overall', 'abbreviation': 'Game', 'type': 'total', 'summary': '3-1'}
 {'name': 'Home', 'abbreviation': None, 'type': 'home', 'summary': '2-0'}
 {'name': 'Road', 'abbreviation': None, 'type': 'road', 'summary': '1-1'}
 {'name': 'vs. Conf.', 'abbreviation': None, 'type': 'vsconf', 'summary': '2-0'}]",302682751,2010,2,4,
302682197,s:20~l:23~e:302682197~c:302682197,2010-09-25T18:30Z,0,True,False,False,False,True,False,2010-09-25T18:30Z,,[],,,,,1,STD,3858,O'Brien Field,Charleston,IL,USA,False,0.0,0:00,4,3,STATUS_FINAL,post,True,Final,Final,Final,4,2197,s:20~l:23~t:2197,Eastern Illinois,Panthers,EIU,Eastern Illinois Panthers,E Illinois,000000,bebab9,True,3858,https://a.espncdn.com/i/teamlogos/ncaa/500/2197.png,26,23,False,99,"[{'value': 9.0, 'displayValue': '9', 'period': 1}
 {'value': 0.0, 'displayValue': '0', 'period': 2}
 {'value': 0.0, 'displayValue': '0', 'period': 3}
 {'value': 14.0, 'displayValue': '14', 'period': 4}]","[{'name': 'overall', 'abbreviation': 'Game', 'type': 'total', 'summary': '0-4'}
 {'name': 'Home', 'abbreviation': None, 'type': 'home', 'summary': '0-2'}
 {'name': 'Road', 'abbreviation': None, 'type': 'road', 'summary': '0-2'}
 {'name': 'vs. Conf.', 'abbreviation': None, 'type': 'vsconf', 'summary': '0-2'}]",55,s:20~l:23~t:55,Jacksonville State,Gamecocks,JVST,Jacksonville State Gamecocks,Jacksonville St,cc0000,000000,True,3662,https://a.espncdn.com/i/teamlogos/ncaa/500/55.png,26,28,True,99,"[{'value': 0.0, 'displayValue': '0', 'period': 1}
 {'value': 21.0, 'displayValue': '21', 'period': 2}
 {'value': 0.0, 'displayValue': '0', 'period': 3}
 {'value': 7.0, 'displayValue': '7', 'period': 4}]","[{'name': 'overall', 'abbreviation': 'Game', 'type': 'total', 'summary': '4-0'}
 {'name': 'Home', 'abbreviation': None, 'type': 'home', 'summary': '1-0'}
 {'name': 'Road', 'abbreviation': None, 'type': 'road', 'summary': '3-0'}
 {'name': 'vs. Conf.', 'abbreviation': None, 'type': 'vsconf', 'summary': '1-0'}]",302682197,2010,2,4,
302680150,s:20~l:23~e:302680150~c:302680150,2010-09-25T19:00Z,0,True,False,False,False,True,False,2010-09-25T19:00Z,,[],,,home,ESPN3,1,STD,3982,Wallace Wade Stadium,Durham,NC,USA,False,0.0,0:00,4,3,STATUS_FINAL,post,True,Final,Final,Final,4,150,s:20~l:23~t:150,Duke,Blue Devils,DUKE,Duke Blue Devils,Duke,00539b,ffffff,True,3982,https://a.espncdn.com/i/teamlogos/ncaa/500/150.png,1,21,False,99,"[{'value': 7.0, 'displayValue': '7', 'period': 1}
 {'value': 0.0, 'displayValue': '0', 'period': 2}
 {'value': 0.0, 'displayValue': '0', 'period': 3}
 {'value': 14.0, 'displayValue': '14', 'period': 4}]","[{'name': 'overall', 'abbreviation': 'Game', 'type': 'total', 'summary': '1-3'}
 {'name': 'Home', 'abbreviation': None, 'type': 'home', 'summary': '1-2'}
 {'name': 'Road', 'abbreviation': None, 'type': 'road', 'summary': '0-1'}
 {'name': 'vs. Conf.', 'abbreviation': None, 'type': 'vsconf', 'summary': '0-1'}]",349,s:20~l:23~t:349,Army,Black Knights,ARMY,Army Black Knights,Army,000000,d3bc8d,True,3841,https://a.espncdn.com/i/teamlogos/ncaa/500/349.png,18,35,True,99,"[{'value': 14.0, 'displayValue': '14', 'period': 1}
 {'value': 7.0, 'displayValue': '7', 'period': 2}
 {'value': 14.0, 'displayValue': '14', 'period': 3}
 {'value': 0.0, 'displayValue': '0', 'period': 4}]","[{'name': 'overall', 'abbreviation': 'Game', 'type': 'total', 'summary': '3-1'}
 {'name': 'Home', 'abbreviation': None, 'type': 'home', 'summary': '1-1'}
 {'name': 'Road', 'abbreviation': None, 'type': 'road', 'summary': '2-0'}
 {'name': 'vs. Conf.', 'abbreviation': None, 'type': 'vsconf', 'summary': '0-0'}]",302680150,2010,2,4,
302682535,s:20~l:23~e:302682535~c:302682535,2010-09-25T19:00Z,0,True,False,False,False,True,False,2010-09-25T19:00Z,,[],,,,,1,STD,3925,Seibert Stadium,Birmingham,AL,USA,False,0.0,0:00,4,3,STATUS_FINAL,post,True,Final,Final,Final,4,2535,s:20~l:23~t:2535,Samford,Bulldogs,SAM,Samford Bulldogs,Samford,005485,bc0023,True,3925,https://a.espncdn.com/i/teamlogos/ncaa/500/2535.png,29,17,False,99,"[{'value': 0.0, 'displayValue': '0', 'period': 1}
 {'value': 10.0, 'displayValue': '10', 'period': 2}
 {'value': 0.0, 'displayValue': '0', 'period': 3}
 {'value': 7.0, 'displayValue': '7', 'period': 4}]","[{'name': 'overall', 'abbreviation': 'Game', 'type': 'total', 'summary': '2-2'}
 {'name': 'Home', 'abbreviation': None, 'type': 'home', 'summary': '1-1'}
 {'name': 'Road', 'abbreviation': None, 'type': 'road', 'summary': '1-1'}
 {'name': 'vs. Conf.', 'abbreviation': None, 'type': 'vsconf', 'summary': '0-1'}]",2026,s:20~l:23~t:2026,Appalachian State,Mountaineers,APP,Appalachian State Mountaineers,Appalachian St,000000,ffcd00,False,3792,https://a.espncdn.com/i/teamlogos/ncaa/500/2026.png,29,35,True,99,"[{'value': 7.0, 'displayValue': '7', 'period': 1}
 {'value': 21.0, 'displayValue': '21', 'period': 2}
 {'value': 7.0, 'displayValue': '7', 'period': 3}
 {'value': 0.0, 'displayValue': '0', 'period': 4}]","[{'name': 'overall', 'abbreviation': 'Game', 'type': 'total', 'summary': '4-0'}
 {'name': 'Home', 'abbreviation': None, 'type': 'home', 'summary': '2-0'}
 {'name': 'Road', 'abbreviation': None, 'type': 'road', 'summary': '2-0'}
 {'name': 'vs. Conf.', 'abbreviation': None, 'type': 'vsconf', 'summary': '2-0'}]",302682535,2010,2,4,
302680149,s:20~l:23~e:302680149~c:302680149,2010-09-25T19:05Z,0,True,False,False,False,True,False,2010-09-25T19:05Z,,[],,,,,1,STD,3987,Washington-Grizzly Stadium,Missoula,MT,USA,False,0.0,0:00,4,3,STATUS_FINAL,post,True,Final,Final,Final,4,149,s:20~l:23~t:149,Montana,Grizzlies,MONT,Montana Grizzlies,Montana,751D4A,666666,True,3987,https://a.espncdn.com/i/teamlogos/ncaa/500/149.png,20,28,True,99,"[{'value': 7.0, 'displayValue': '7', 'period': 1}
 {'value': 7.0, 'displayValue': '7', 'period': 2}
 {'value': 7.0, 'displayValue': '7', 'period': 3}
 {'value': 7.0, 'displayValue': '7', 'period': 4}]","[{'name': 'overall', 'abbreviation': 'Game', 'type': 'total', 'summary': '2-2'}
 {'name': 'Home', 'abbreviation': None, 'type': 'home', 'summary': '2-0'}
 {'name': 'Road', 'abbreviation': None, 'type': 'road', 'summary': '0-2'}
 {'name': 'vs. Conf.', 'abbreviation': None, 'type': 'vsconf', 'summary': '1-1'}]",16,s:20~l:23~t:16,Sacramento State,Hornets,SAC,Sacramento State Hornets,Sacramento St,00573C,cdb97d,True,3757,https://a.espncdn.com/i/teamlogos/ncaa/500/16.png,20,25,False,99,"[{'value': 6.0, 'displayValue': '6', 'period': 1}
 {'value': 10.0, 'displayValue': '10', 'period': 2}
 {'value': 3.0, 'displayValue': '3', 'period': 3}
 {'value': 6.0, 'displayValue': '6', 'period': 4}]","[{'name': 'overall', 'abbreviation': 'Game', 'type': 'total', 'summary': '2-2'}
 {'name': 'Home', 'abbreviation': None, 'type': 'home', 'summary': '2-0'}
 {'name': 'Road', 'abbreviation': None, 'type': 'road', 'summary': '0-2'}
 {'name': 'vs. Conf.', 'abbreviation': None, 'type': 'vsconf', 'summary': '1-1'}]",302680149,2010,2,4,
302680052,s:20~l:23~e:302680052~c:302680052,2010-09-25T19:30Z,0,True,False,False,False,True,False,2010-09-25T19:30Z,ABC/ESPN3,[],,,national,ABC,1,STD,3697,Doak Campbell Stadium,Tallahassee,FL,USA,False,0.0,0:00,4,3,STATUS_FINAL,post,True,Final,Final,Final,4,52,s:20~l:23~t:52,Florida State,Seminoles,FSU,Florida State Seminoles,FSU,782f40,ceb888,True,3697,https://a.espncdn.com/i/teamlogos/ncaa/500/52.png,1,31,True,99,"[{'value': 0.0, 'displayValue': '0', 'period': 1}
 {'value': 10.0, 'displayValue': '10', 'period': 2}
 {'value': 7.0, 'displayValue': '7', 'period': 3}
 {'value': 14.0, 'displayValue': '14', 'period': 4}]","[{'name': 'overall', 'abbreviation': 'Game', 'type': 'total', 'summary': '3-1'}
 {'name': 'Home', 'abbreviation': None, 'type': 'home', 'summary': '3-0'}
 {'name': 'Road', 'abbreviation': None, 'type': 'road', 'summary': '0-1'}
 {'name': 'vs. Conf.', 'abbreviation': None, 'type': 'vsconf', 'summary': '1-0'}]",154,s:20~l:23~t:154,Wake Forest,Demon Deacons,WAKE,Wake Forest Demon Deacons,Wake Forest,ceb888,2c2a29,True,3630,https://a.espncdn.com/i/teamlogos/ncaa/500/154.png,1,0,False,99,"[{'value': 0.0, 'displayValue': '0', 'period': 1}
 {'value': 0.0, 'displayValue': '0', 'period': 2}
 {'value': 0.0, 'displayValue': '0', 'period': 3}
 {'value': 0.0, 'displayValue': '0', 'period': 4}]","[{'name': 'overall', 'abbreviation': 'Game', 'type': 'total', 'summary': '2-2'}
 {'name': 'Home', 'abbreviation': None, 'type': 'home', 'summary': '2-0'}
 {'name': 'Road', 'abbreviation': None, 'type': 'road', 'summary': '0-2'}
 {'name': 'vs. Conf.', 'abbreviation': None, 'type': 'vsconf', 'summary': '1-1'}]",302680052,2010,2,4,
302680164,s:20~l:23~e:302680164~c:302680164,2010-09-25T19:30Z,0,True,False,False,False,True,False,2010-09-25T19:30Z,ESPNU,[],,,national,ESPNU,1,STD,3754,HighPoint.com Stadium,Piscataway,NJ,USA,False,0.0,0:00,4,3,STATUS_FINAL,post,True,Final,Final,Final,4,164,s:20~l:23~t:164,Rutgers,Scarlet Knights,RUTG,Rutgers Scarlet Knights,Rutgers,ce0e2d,ffffff,True,3754,https://a.espncdn.com/i/teamlogos/ncaa/500/164.png,10,13,False,99,"[{'value': 10.0, 'displayValue': '10', 'period': 1}
 {'value': 0.0, 'displayValue': '0', 'period': 2}
 {'value': 3.0, 'displayValue': '3', 'period': 3}
 {'value': 0.0, 'displayValue': '0', 'period': 4}]","[{'name': 'overall', 'abbreviation': 'Game', 'type': 'total', 'summary': '2-1'}
 {'name': 'Home', 'abbreviation': None, 'type': 'home', 'summary': '1-1'}
 {'name': 'Road', 'abbreviation': None, 'type': 'road', 'summary': '1-0'}
 {'name': 'vs. Conf.', 'abbreviation': None, 'type': 'vsconf', 'summary': '0-0'}]",153,s:20~l:23~t:153,North Carolina,Tar Heels,UNC,North Carolina Tar Heels,UNC,7bafd4,13294b,True,3787,https://a.espncdn.com/i/teamlogos/ncaa/500/153.png,1,17,True,99,"[{'value': 0.0, 'displayValue': '0', 'period': 1}
 {'value': 7.0, 'displayValue': '7', 'period': 2}
 {'value': 7.0, 'displayValue': '7', 'period': 3}
 {'value': 3.0, 'displayValue': '3', 'period': 4}]","[{'name': 'overall', 'abbreviation': 'Game', 'type': 'total', 'summary': '1-2'}
 {'name': 'Home', 'abbreviation': None, 'type': 'home', 'summary': '0-2'}
 {'name': 'Road', 'abbreviation': None, 'type': 'road', 'summary': '1-0'}
 {'name': 'vs. Conf.', 'abbreviation': None, 'type': 'vsconf', 'summary': '0-1'}]",302680164,2010,2,4,
302680183,s:20~l:23~e:302680183~c:302680183,2010-09-25T19:30Z,0,True,False,False,False,False,False,2010-09-25T19:30Z,,[],,,home,ESPN3,1,STD,1964,JMA Wireless Dome,Syracuse,NY,USA,True,0.0,0:00,4,3,STATUS_FINAL,post,True,Final,Final,Final,4,183,s:20~l:23~t:183,Syracuse,Orange,SYR,Syracuse Orange,Syracuse,000e54,ff431b,True,1964,https://a.espncdn.com/i/teamlogos/ncaa/500/183.png,10,42,True,99,"[{'value': 7.0, 'displayValue': '7', 'period': 1}
 {'value': 7.0, 'displayValue': '7', 'period': 2}
 {'value': 14.0, 'displayValue': '14', 'period': 3}
 {'value': 14.0, 'displayValue': '14', 'period': 4}]","[{'name': 'overall', 'abbreviation': 'Game', 'type': 'total', 'summary': '3-1'}
 {'name': 'Home', 'abbreviation': None, 'type': 'home', 'summary': '2-0'}
 {'name': 'Road', 'abbreviation': None, 'type': 'road', 'summary': '1-1'}
 {'name': 'vs. Conf.', 'abbreviation': None, 'type': 'vsconf', 'summary': '0-0'}]",2142,s:20~l:23~t:2142,Colgate,Raiders,COLG,Colgate Raiders,Colgate,821019,ffffff,True,3617,https://a.espncdn.com/i/teamlogos/ncaa/500/2142.png,27,7,False,99,"[{'value': 0.0, 'displayValue': '0', 'period': 1}
 {'value': 0.0, 'displayValue': '0', 'period': 2}
 {'value': 0.0, 'displayValue': '0', 'period': 3}
 {'value': 7.0, 'displayValue': '7', 'period': 4}]","[{'name': 'overall', 'abbreviation': 'Game', 'type': 'total', 'summary': '1-2'}
 {'name': 'Home', 'abbreviation': None, 'type': 'home', 'summary': '1-0'}
 {'name': 'Road', 'abbreviation': None, 'type': 'road', 'summary': '0-2'}
 {'name': 'vs. Conf.', 'abbreviation': None, 'type': 'vsconf', 'summary': '0-0'}]",302680183,2010,2,4,
302680248,s:20~l:23~e:302680248~c:302680248,2010-09-25T19:30Z,0,True,False,False,False,True,False,2010-09-25T19:30Z,,[],,,,,1,STD,453,Robertson Stadium,Houston,TX,USA,True,41.0,0:41,4,3,STATUS_FINAL,post,True,Final,Final,Final,4,248,s:20~l:23~t:248,Houston,Cougars,HOU,Houston Cougars,Houston,c8102e,ffffff,True,453,https://a.espncdn.com/i/teamlogos/ncaa/500/248.png,12,42,True,99,"[{'value': 7.0, 'displayValue': '7', 'period': 1}
 {'value': 21.0, 'displayValue': '21', 'period': 2}
 {'value': 0.0, 'displayValue': '0', 'period': 3}
 {'value': 14.0, 'displayValue': '14', 'period': 4}]","[{'name': 'overall', 'abbreviation': 'Game', 'type': 'total', 'summary': '3-1'}
 {'name': 'Home', 'abbreviation': None, 'type': 'home', 'summary': '3-0'}
 {'name': 'Road', 'abbreviation': None, 'type': 'road', 'summary': '0-1'}
 {'name': 'vs. Conf.', 'abbreviation': None, 'type': 'vsconf', 'summary': '2-0'}]",2655,s:20~l:23~t:2655,Tulane,Green Wave,TULN,Tulane Green Wave,Tulane,006747,418fde,True,3493,https://a.espncdn.com/i/teamlogos/ncaa/500/2655.png,12,23,False,99,"[{'value': 0.0, 'displayValue': '0', 'period': 1}
 {'value': 14.0, 'displayValue': '14', 'period': 2}
 {'value': 3.0, 'displayValue': '3', 'period': 3}
 {'value': 6.0, 'displayValue': '6', 'period': 4}]","[{'name': 'overall', 'abbreviation': 'Game', 'type': 'total', 'summary': '1-2'}
 {'name': 'Home', 'abbreviation': None, 'type': 'home', 'summary': '1-1'}
 {'name': 'Road', 'abbreviation': None, 'type': 'road', 'summary': '0-1'}
 {'name': 'vs. Conf.', 'abbreviation': None, 'type': 'vsconf', 'summary': '0-1'}]",302680248,2010,2,4,
302680257,s:20~l:23~e:302680257~c:302680257,2010-09-25T19:30Z,0,True,False,False,False,True,False,2010-09-25T19:30Z,,[],,,,,1,STD,,,,,,,0.0,0:00,4,3,STATUS_FINAL,post,True,Final,Final,Final,4,257,s:20~l:23~t:257,Richmond,Spiders,RICH,Richmond Spiders,Richmond,9e0712,b90b2e,True,2068,https://a.espncdn.com/i/teamlogos/ncaa/500/257.png,48,13,False,99,"[{'value': 0.0, 'displayValue': '0', 'period': 1}
 {'value': 6.0, 'displayValue': '6', 'period': 2}
 {'value': 7.0, 'displayValue': '7', 'period': 3}
 {'value': 0.0, 'displayValue': '0', 'period': 4}]","[{'name': 'overall', 'abbreviation': 'Game', 'type': 'total', 'summary': '1-2'}
 {'name': 'Home', 'abbreviation': None, 'type': 'home', 'summary': '1-1'}
 {'name': 'Road', 'abbreviation': None, 'type': 'road', 'summary': '0-1'}
 {'name': 'vs. Conf.', 'abbreviation': None, 'type': 'vsconf', 'summary': '0-1'}]",48,s:20~l:23~t:48,Delaware,Blue Hens,DEL,Delaware Blue Hens,Delaware,00539f,ffd200,True,3695,https://a.espncdn.com/i/teamlogos/ncaa/500/48.png,48,34,True,99,"[{'value': 6.0, 'displayValue': '6', 'period': 1}
 {'value': 7.0, 'displayValue': '7', 'period': 2}
 {'value': 7.0, 'displayValue': '7', 'period': 3}
 {'value': 14.0, 'displayValue': '14', 'period': 4}]","[{'name': 'overall', 'abbreviation': 'Game', 'type': 'total', 'summary': '4-0'}
 {'name': 'Home', 'abbreviation': None, 'type': 'home', 'summary': '3-0'}
 {'name': 'Road', 'abbreviation': None, 'type': 'road', 'summary': '1-0'}
 {'name': 'vs. Conf.', 'abbreviation': None, 'type': 'vsconf', 'summary': '1-0'}]",302680257,2010,2,4,
302682653,s:20~l:23~e:302682653~c:302682653,2010-09-25T19:30Z,0,True,False,False,False,True,False,2010-09-25T19:30Z,,[],,,home,ESPN3,1,STD,3975,Veterans Memorial Stadium (AL),Troy,AL,USA,False,0.0,0:00,4,3,STATUS_FINAL,post,True,Final,Final,Final,4,2653,s:20~l:23~t:2653,Troy,Trojans,TROY,Troy Trojans,Troy,862633,b1b1b1,True,3975,https://a.espncdn.com/i/teamlogos/ncaa/500/2653.png,37,35,True,99,"[{'value': 14.0, 'displayValue': '14', 'period': 1}
 {'value': 10.0, 'displayValue': '10', 'period': 2}
 {'value': 0.0, 'displayValue': '0', 'period': 3}
 {'value': 11.0, 'displayValue': '11', 'period': 4}]","[{'name': 'overall', 'abbreviation': 'Game', 'type': 'total', 'summary': '2-2'}
 {'name': 'Home', 'abbreviation': None, 'type': 'home', 'summary': '2-0'}
 {'name': 'Road', 'abbreviation': None, 'type': 'road', 'summary': '0-2'}
 {'name': 'vs. Conf.', 'abbreviation': None, 'type': 'vsconf', 'summary': '1-0'}]",2032,s:20~l:23~t:2032,Arkansas State,Red Wolves,ARST,Arkansas State Red Wolves,Arkansas State,cc092f,000000,True,3625,https://a.espncdn.com/i/teamlogos/ncaa/500/2032.png,37,28,False,99,"[{'value': 7.0, 'displayValue': '7', 'period': 1}
 {'value': 7.0, 'displayValue': '7', 'period': 2}
 {'value': 0.0, 'displayValue': '0', 'period': 3}
 {'value': 14.0, 'displayValue': '14', 'period': 4}]","[{'name': 'overall', 'abbreviation': 'Game', 'type': 'total', 'summary': '1-3'}
 {'name': 'Home', 'abbreviation': None, 'type': 'home', 'summary': '1-0'}
 {'name': 'Road', 'abbreviation': None, 'type': 'road', 'summary': '0-3'}
 {'name': 'vs. Conf.', 'abbreviation': None, 'type': 'vsconf', 'summary': '1-2'}]",302682653,2010,2,4,
302680036,s:20~l:23~e:302680036~c:302680036,2010-09-25T20:00Z,0,True,False,False,False,True,False,2010-09-25T20:00Z,,[],,,,,1,STD,3761,Hughes Stadium (CO),Fort Collins,CO,USA,False,0.0,0:00,4,3,STATUS_FINAL,post,True,Final,Final,Final,4,36,s:20~l:23~t:36,Colorado State,Rams,CSU,Colorado State Rams,Colorado St,004c23,c8c372,True,5388,https://a.espncdn.com/i/teamlogos/ncaa/500/36.png,9,36,True,99,"[{'value': 0.0, 'displayValue': '0', 'period': 1}
 {'value': 14.0, 'displayValue': '14', 'period': 2}
 {'value': 10.0, 'displayValue': '10', 'period': 3}
 {'value': 12.0, 'displayValue': '12', 'period': 4}]","[{'name': 'overall', 'abbreviation': 'Game', 'type': 'total', 'summary': '1-3'}
 {'name': 'Home', 'abbreviation': None, 'type': 'home', 'summary': '1-1'}
 {'name': 'Road', 'abbreviation': None, 'type': 'road', 'summary': '0-2'}
 {'name': 'vs. Conf.', 'abbreviation': None, 'type': 'vsconf', 'summary': '0-0'}]",70,s:20~l:23~t:70,Idaho,Vandals,IDHO,Idaho Vandals,Idaho,000000,8c6e4a,True,3791,https://a.espncdn.com/i/teamlogos/ncaa/500/70.png,16,34,False,99,"[{'value': 3.0, 'displayValue': '3', 'period': 1}
 {'value': 10.0, 'displayValue': '10', 'period': 2}
 {'value': 14.0, 'displayValue': '14', 'period': 3}
 {'value': 7.0, 'displayValue': '7', 'period': 4}]","[{'name': 'overall', 'abbreviation': 'Game', 'type': 'total', 'summary': '2-2'}
 {'name': 'Home', 'abbreviation': None, 'type': 'home', 'summary': '2-0'}
 {'name': 'Road', 'abbreviation': None, 'type': 'road', 'summary': '0-2'}
 {'name': 'vs. Conf.', 'abbreviation': None, 'type': 'vsconf', 'summary': '0-0'}]",302680036,2010,2,4,
302680252,s:20~l:23~e:302680252~c:302680252,2010-09-25T22:00Z,0,True,False,False,False,True,False,2010-09-25T22:00Z,,[],,,,,1,STD,3801,LaVell Edwards Stadium,Provo,UT,USA,False,84.0,1:24,4,3,STATUS_FINAL,post,True,Final,Final,Final,4,252,s:20~l:23~t:252,BYU,Cougars,BYU,BYU Cougars,BYU,0047ba,002e5d,True,3801,https://a.espncdn.com/i/teamlogos/ncaa/500/252.png,4,13,False,99,"[{'value': 7.0, 'displayValue': '7', 'period': 1}
 {'value': 3.0, 'displayValue': '3', 'period': 2}
 {'value': 0.0, 'displayValue': '0', 'period': 3}
 {'value': 3.0, 'displayValue': '3', 'period': 4}]","[{'name': 'overall', 'abbreviation': 'Game', 'type': 'total', 'summary': '1-3'}
 {'name': 'Home', 'abbreviation': None, 'type': 'home', 'summary': '1-1'}
 {'name': 'Road', 'abbreviation': None, 'type': 'road', 'summary': '0-2'}
 {'name': 'vs. Conf.', 'abbreviation': None, 'type': 'vsconf', 'summary': '0-1'}]",2440,s:20~l:23~t:2440,Nevada,Wolf Pack,NEV,Nevada Wolf Pack,Nevada,041e42,8a8d8f,True,3816,https://a.espncdn.com/i/teamlogos/ncaa/500/2440.png,16,27,True,99,"[{'value': 14.0, 'displayValue': '14', 'period': 1}
 {'value': 10.0, 'displayValue': '10', 'period': 2}
 {'value': 0.0, 'displayValue': '0', 'period': 3}
 {'value': 3.0, 'displayValue': '3', 'period': 4}]","[{'name': 'overall', 'abbreviation': 'Game', 'type': 'total', 'summary': '4-0'}
 {'name': 'Home', 'abbreviation': None, 'type': 'home', 'summary': '3-0'}
 {'name': 'Road', 'abbreviation': None, 'type': 'road', 'summary': '1-0'}
 {'name': 'vs. Conf.', 'abbreviation': None, 'type': 'vsconf', 'summary': '0-0'}]",302680252,2010,2,4,
302680256,s:20~l:23~e:302680256~c:302680256,2010-09-25T22:00Z,0,True,False,False,False,True,False,2010-09-25T22:00Z,,[],,,,,1,STD,3651,Bridgeforth Stadium,Harrisonburg,VA,USA,False,79.0,1:19,4,3,STATUS_FINAL,post,True,Final,Final,Final,4,256,s:20~l:23~t:256,James Madison,Dukes,JMU,James Madison Dukes,JMU,450084,cbb677,True,3651,https://a.espncdn.com/i/teamlogos/ncaa/500/256.png,48,10,True,99,"[{'value': 0.0, 'displayValue': '0', 'period': 1}
 {'value': 7.0, 'displayValue': '7', 'period': 2}
 {'value': 3.0, 'displayValue': '3', 'period': 3}
 {'value': 0.0, 'displayValue': '0', 'period': 4}]","[{'name': 'overall', 'abbreviation': 'Game', 'type': 'total', 'summary': '3-0'}
 {'name': 'Home', 'abbreviation': None, 'type': 'home', 'summary': '2-0'}
 {'name': 'Road', 'abbreviation': None, 'type': 'road', 'summary': '1-0'}
 {'name': 'vs. Conf.', 'abbreviation': None, 'type': 'vsconf', 'summary': '0-0'}]",2335,s:20~l:23~t:2335,Liberty,Flames,LIB,Liberty Flames,Liberty,0a254e,b72025,True,3992,https://a.espncdn.com/i/teamlogos/ncaa/500/2335.png,40,3,False,99,"[{'value': 0.0, 'displayValue': '0', 'period': 1}
 {'value': 3.0, 'displayValue': '3', 'period': 2}
 {'value': 0.0, 'displayValue': '0', 'period': 3}
 {'value': 0.0, 'displayValue': '0', 'period': 4}]","[{'name': 'overall', 'abbreviation': 'Game', 'type': 'total', 'summary': '2-2'}
 {'name': 'Home', 'abbreviation': None, 'type': 'home', 'summary': '1-0'}
 {'name': 'Road', 'abbreviation': None, 'type': 'road', 'summary': '1-2'}
 {'name': 'vs. Conf.', 'abbreviation': None, 'type': 'vsconf', 'summary': '0-0'}]",302680256,2010,2,4,
302680290,s:20~l:23~e:302680290~c:302680290,2010-09-25T22:00Z,0,True,False,False,False,True,False,2010-09-25T22:00Z,,[],,,,,1,STD,3608,Allen E. Paulson Stadium,Statesboro,GA,USA,False,66.0,1:06,4,3,STATUS_FINAL,post,True,Final,Final,Final,4,290,s:20~l:23~t:290,Georgia Southern,Eagles,GASO,Georgia Southern Eagles,Ga Southern,041e42,a3aaae,True,3608,https://a.espncdn.com/i/teamlogos/ncaa/500/290.png,29,38,True,99,"[{'value': 0.0, 'displayValue': '0', 'period': 1}
 {'value': 14.0, 'displayValue': '14', 'period': 2}
 {'value': 7.0, 'displayValue': '7', 'period': 3}
 {'value': 17.0, 'displayValue': '17', 'period': 4}]","[{'name': 'overall', 'abbreviation': 'Game', 'type': 'total', 'summary': '3-1'}
 {'name': 'Home', 'abbreviation': None, 'type': 'home', 'summary': '2-0'}
 {'name': 'Road', 'abbreviation': None, 'type': 'road', 'summary': '1-1'}
 {'name': 'vs. Conf.', 'abbreviation': None, 'type': 'vsconf', 'summary': '1-0'}]",2210,s:20~l:23~t:2210,Elon,Phoenix,ELON,Elon Phoenix,Elon,020303,b59a57,True,3894,https://a.espncdn.com/i/teamlogos/ncaa/500/2210.png,29,21,False,99,"[{'value': 7.0, 'displayValue': '7', 'period': 1}
 {'value': 7.0, 'displayValue': '7', 'period': 2}
 {'value': 0.0, 'displayValue': '0', 'period': 3}
 {'value': 7.0, 'displayValue': '7', 'period': 4}]","[{'name': 'overall', 'abbreviation': 'Game', 'type': 'total', 'summary': '1-3'}
 {'name': 'Home', 'abbreviation': None, 'type': 'home', 'summary': '1-0'}
 {'name': 'Road', 'abbreviation': None, 'type': 'road', 'summary': '0-3'}
 {'name': 'vs. Conf.', 'abbreviation': None, 'type': 'vsconf', 'summary': '0-1'}]",302680290,2010,2,4,
302680324,s:20~l:23~e:302680324~c:302680324,2010-09-25T22:00Z,0,True,False,False,False,False,False,2010-09-25T22:00Z,,[],,,,,1,STD,3654,Brooks Stadium (SC),Conway,SC,USA,False,0.0,0:00,4,3,STATUS_FINAL,post,True,Final,Final,Final,4,324,s:20~l:23~t:324,Coastal Carolina,Chanticleers,CCAR,Coastal Carolina Chanticleers,Coast Carolina,006f71,a27752,True,3654,https://a.espncdn.com/i/teamlogos/ncaa/500/324.png,40,34,True,99,"[{'value': 14.0, 'displayValue': '14', 'period': 1}
 {'value': 17.0, 'displayValue': '17', 'period': 2}
 {'value': 0.0, 'displayValue': '0', 'period': 3}
 {'value': 3.0, 'displayValue': '3', 'period': 4}]","[{'name': 'overall', 'abbreviation': 'Game', 'type': 'total', 'summary': '1-3'}
 {'name': 'Home', 'abbreviation': None, 'type': 'home', 'summary': '1-1'}
 {'name': 'Road', 'abbreviation': None, 'type': 'road', 'summary': '0-2'}
 {'name': 'vs. Conf.', 'abbreviation': None, 'type': 'vsconf', 'summary': '0-0'}]",2169,s:20~l:23~t:2169,Delaware State,Hornets,DSU,Delaware State Hornets,Delaware State,009cdb,d51c28,True,3613,https://a.espncdn.com/i/teamlogos/ncaa/500/2169.png,24,14,False,99,"[{'value': 0.0, 'displayValue': '0', 'period': 1}
 {'value': 0.0, 'displayValue': '0', 'period': 2}
 {'value': 0.0, 'displayValue': '0', 'period': 3}
 {'value': 14.0, 'displayValue': '14', 'period': 4}]","[{'name': 'overall', 'abbreviation': 'Game', 'type': 'total', 'summary': '0-3'}
 {'name': 'Home', 'abbreviation': None, 'type': 'home', 'summary': '0-2'}
 {'name': 'Road', 'abbreviation': None, 'type': 'road', 'summary': '0-1'}
 {'name': 'vs. Conf.', 'abbreviation': None, 'type': 'vsconf', 'summary': '0-1'}]",302680324,2010,2,4,
302682619,s:20~l:23~e:302682619~c:302682619,2010-09-25T22:00Z,0,True,False,False,False,True,False,2010-09-25T22:00Z,,[],,,,,1,STD,3788,Kenneth P. LaValle Stadium,Stony Brook,NY,USA,False,0.0,0:00,4,3,STATUS_FINAL,post,True,Final,Final,Final,4,2619,s:20~l:23~t:2619,Stony Brook,Seawolves,STON,Stony Brook Seawolves,Stony Brook,990000,,True,3788,https://a.espncdn.com/i/teamlogos/ncaa/500/2619.png,40,21,False,99,"[{'value': 7.0, 'displayValue': '7', 'period': 1}
 {'value': 7.0, 'displayValue': '7', 'period': 2}
 {'value': 7.0, 'displayValue': '7', 'period': 3}
 {'value': 0.0, 'displayValue': '0', 'period': 4}]","[{'name': 'overall', 'abbreviation': 'Game', 'type': 'total', 'summary': '1-3'}
 {'name': 'Home', 'abbreviation': None, 'type': 'home', 'summary': '1-1'}
 {'name': 'Road', 'abbreviation': None, 'type': 'road', 'summary': '0-2'}
 {'name': 'vs. Conf.', 'abbreviation': None, 'type': 'vsconf', 'summary': '0-0'}]",113,s:20~l:23~t:113,Massachusetts,Minutemen,UMASS,Massachusetts Minutemen,UMass,881c1c,ffffff,True,3985,https://a.espncdn.com/i/teamlogos/ncaa/500/113.png,48,26,True,99,"[{'value': 7.0, 'displayValue': '7', 'period': 1}
 {'value': 10.0, 'displayValue': '10', 'period': 2}
 {'value': 3.0, 'displayValue': '3', 'period': 3}
 {'value': 6.0, 'displayValue': '6', 'period': 4}]","[{'name': 'overall', 'abbreviation': 'Game', 'type': 'total', 'summary': '3-1'}
 {'name': 'Home', 'abbreviation': None, 'type': 'home', 'summary': '2-0'}
 {'name': 'Road', 'abbreviation': None, 'type': 'road', 'summary': '1-1'}
 {'name': 'vs. Conf.', 'abbreviation': None, 'type': 'vsconf', 'summary': '1-0'}]",302682619,2010,2,4,
302680066,s:20~l:23~e:302680066~c:302680066,2010-09-25T23:00Z,0,True,False,False,False,True,False,2010-09-25T23:00Z,,[],,,,,1,STD,3772,Jack Trice Stadium,Ames,IA,USA,False,0.0,0:00,4,3,STATUS_FINAL,post,True,Final,Final,Final,4,66,s:20~l:23~t:66,Iowa State,Cyclones,ISU,Iowa State Cyclones,Iowa State,ae192d,ffc72a,True,3772,https://a.espncdn.com/i/teamlogos/ncaa/500/66.png,4,27,True,99,"[{'value': 3.0, 'displayValue': '3', 'period': 1}
 {'value': 10.0, 'displayValue': '10', 'period': 2}
 {'value': 14.0, 'displayValue': '14', 'period': 3}
 {'value': 0.0, 'displayValue': '0', 'period': 4}]","[{'name': 'overall', 'abbreviation': 'Game', 'type': 'total', 'summary': '2-2'}
 {'name': 'Home', 'abbreviation': None, 'type': 'home', 'summary': '2-0'}
 {'name': 'Road', 'abbreviation': None, 'type': 'road', 'summary': '0-2'}
 {'name': 'vs. Conf.', 'abbreviation': None, 'type': 'vsconf', 'summary': '0-1'}]",2460,s:20~l:23~t:2460,Northern Iowa,Panthers,UNI,Northern Iowa Panthers,Northern Iowa,473282,ffffff,True,3967,https://a.espncdn.com/i/teamlogos/ncaa/500/2460.png,21,0,False,99,"[{'value': 0.0, 'displayValue': '0', 'period': 1}
 {'value': 0.0, 'displayValue': '0', 'period': 2}
 {'value': 0.0, 'displayValue': '0', 'period': 3}
 {'value': 0.0, 'displayValue': '0', 'period': 4}]","[{'name': 'overall', 'abbreviation': 'Game', 'type': 'total', 'summary': '1-2'}
 {'name': 'Home', 'abbreviation': None, 'type': 'home', 'summary': '1-1'}
 {'name': 'Road', 'abbreviation': None, 'type': 'road', 'summary': '0-1'}
 {'name': 'vs. Conf.', 'abbreviation': None, 'type': 'vsconf', 'summary': '1-0'}]",302680066,2010,2,4,
302680084,s:20~l:23~e:302680084~c:302680084,2010-09-25T23:00Z,0,True,False,False,False,True,False,2010-09-25T23:00Z,BTN,[],,,national,BTN,1,STD,3830,"Memorial Stadium (Bloomington, IN)",Bloomington,IN,USA,False,0.0,0:00,4,3,STATUS_FINAL,post,True,Final,Final,Final,4,84,s:20~l:23~t:84,Indiana,Hoosiers,IU,Indiana Hoosiers,Indiana,970310,ffffff,True,3830,https://a.espncdn.com/i/teamlogos/ncaa/500/84.png,5,35,True,99,"[{'value': 14.0, 'displayValue': '14', 'period': 1}
 {'value': 14.0, 'displayValue': '14', 'period': 2}
 {'value': 7.0, 'displayValue': '7', 'period': 3}
 {'value': 0.0, 'displayValue': '0', 'period': 4}]","[{'name': 'overall', 'abbreviation': 'Game', 'type': 'total', 'summary': '3-0'}
 {'name': 'Home', 'abbreviation': None, 'type': 'home', 'summary': '2-0'}
 {'name': 'Road', 'abbreviation': None, 'type': 'road', 'summary': '1-0'}
 {'name': 'vs. Conf.', 'abbreviation': None, 'type': 'vsconf', 'summary': '0-0'}]",2006,s:20~l:23~t:2006,Akron,Zips,AKR,Akron Zips,Akron,041e42,c5b783,True,3768,https://a.espncdn.com/i/teamlogos/ncaa/500/2006.png,15,20,False,99,"[{'value': 3.0, 'displayValue': '3', 'period': 1}
 {'value': 10.0, 'displayValue': '10', 'period': 2}
 {'value': 0.0, 'displayValue': '0', 'period': 3}
 {'value': 7.0, 'displayValue': '7', 'period': 4}]","[{'name': 'overall', 'abbreviation': 'Game', 'type': 'total', 'summary': '0-4'}
 {'name': 'Home', 'abbreviation': None, 'type': 'home', 'summary': '0-2'}
 {'name': 'Road', 'abbreviation': None, 'type': 'road', 'summary': '0-2'}
 {'name': 'vs. Conf.', 'abbreviation': None, 'type': 'vsconf', 'summary': '0-0'}]",302680084,2010,2,4,
302680202,s:20~l:23~e:302680202~c:302680202,2010-09-25T23:00Z,0,True,False,False,False,True,False,2010-09-25T23:00Z,,[],,,,,1,STD,3674,H. A. Chapman Stadium,Tulsa,OK,USA,False,0.0,0:00,4,3,STATUS_FINAL,post,True,Final,Final,Final,4,202,s:20~l:23~t:202,Tulsa,Golden Hurricane,TLSA,Tulsa Golden Hurricane,Tulsa,003595,d0b787,True,3674,https://a.espncdn.com/i/teamlogos/ncaa/500/202.png,12,41,True,99,"[{'value': 7.0, 'displayValue': '7', 'period': 1}
 {'value': 17.0, 'displayValue': '17', 'period': 2}
 {'value': 3.0, 'displayValue': '3', 'period': 3}
 {'value': 14.0, 'displayValue': '14', 'period': 4}]","[{'name': 'overall', 'abbreviation': 'Game', 'type': 'total', 'summary': '2-2'}
 {'name': 'Home', 'abbreviation': None, 'type': 'home', 'summary': '2-0'}
 {'name': 'Road', 'abbreviation': None, 'type': 'road', 'summary': '0-2'}
 {'name': 'vs. Conf.', 'abbreviation': None, 'type': 'vsconf', 'summary': '0-1'}]",2110,s:20~l:23~t:2110,Central Arkansas,Bears,UCA,Central Arkansas Bears,Cent Arkansas,a7a9ac,8e959a,True,3711,https://a.espncdn.com/i/teamlogos/ncaa/500/2110.png,30,14,False,99,"[{'value': 0.0, 'displayValue': '0', 'period': 1}
 {'value': 7.0, 'displayValue': '7', 'period': 2}
 {'value': 0.0, 'displayValue': '0', 'period': 3}
 {'value': 7.0, 'displayValue': '7', 'period': 4}]","[{'name': 'overall', 'abbreviation': 'Game', 'type': 'total', 'summary': '3-1'}
 {'name': 'Home', 'abbreviation': None, 'type': 'home', 'summary': '2-0'}
 {'name': 'Road', 'abbreviation': None, 'type': 'road', 'summary': '1-1'}
 {'name': 'vs. Conf.', 'abbreviation': None, 'type': 'vsconf', 'summary': '0-0'}]",302680202,2010,2,4,
302680276,s:20~l:23~e:302680276~c:302680276,2010-09-25T23:00Z,0,True,False,False,False,True,False,2010-09-25T23:00Z,,[],,,,,1,STD,3775,Joan C. Edwards Stadium,Huntington,WV,USA,False,0.0,0:00,4,3,STATUS_FINAL,post,True,Final,Final,Final,4,276,s:20~l:23~t:276,Marshall,Thundering Herd,MRSH,Marshall Thundering Herd,Marshall,00b140,000000,True,3775,https://a.espncdn.com/i/teamlogos/ncaa/500/276.png,12,24,True,99,"[{'value': 7.0, 'displayValue': '7', 'period': 1}
 {'value': 6.0, 'displayValue': '6', 'period': 2}
 {'value': 3.0, 'displayValue': '3', 'period': 3}
 {'value': 8.0, 'displayValue': '8', 'period': 4}]","[{'name': 'overall', 'abbreviation': 'Game', 'type': 'total', 'summary': '1-3'}
 {'name': 'Home', 'abbreviation': None, 'type': 'home', 'summary': '1-1'}
 {'name': 'Road', 'abbreviation': None, 'type': 'road', 'summary': '0-2'}
 {'name': 'vs. Conf.', 'abbreviation': None, 'type': 'vsconf', 'summary': '0-0'}]",195,s:20~l:23~t:195,Ohio,Bobcats,OHIO,Ohio Bobcats,Ohio,154734,ffffff,True,3876,https://a.espncdn.com/i/teamlogos/ncaa/500/195.png,15,23,False,99,"[{'value': 0.0, 'displayValue': '0', 'period': 1}
 {'value': 3.0, 'displayValue': '3', 'period': 2}
 {'value': 14.0, 'displayValue': '14', 'period': 3}
 {'value': 6.0, 'displayValue': '6', 'period': 4}]","[{'name': 'overall', 'abbreviation': 'Game', 'type': 'total', 'summary': '1-3'}
 {'name': 'Home', 'abbreviation': None, 'type': 'home', 'summary': '1-1'}
 {'name': 'Road', 'abbreviation': None, 'type': 'road', 'summary': '0-2'}
 {'name': 'vs. Conf.', 'abbreviation': None, 'type': 'vsconf', 'summary': '0-1'}]",302680276,2010,2,4,
302680309,s:20~l:23~e:302680309~c:302680309,2010-09-25T23:00Z,0,True,False,False,False,True,False,2010-09-25T23:00Z,,[],,,,,1,STD,3666,Our Lady of Lourdes Stadium,Lafayette,LA,USA,False,0.0,0:00,4,3,STATUS_FINAL,post,True,Final,Final,Final,4,309,s:20~l:23~t:309,Louisiana,Ragin' Cajuns,ULL,Louisiana Ragin' Cajuns,Louisiana,ce181e,000000,True,3666,https://a.espncdn.com/i/teamlogos/ncaa/500/309.png,37,14,False,99,"[{'value': 0.0, 'displayValue': '0', 'period': 1}
 {'value': 14.0, 'displayValue': '14', 'period': 2}
 {'value': 0.0, 'displayValue': '0', 'period': 3}
 {'value': 0.0, 'displayValue': '0', 'period': 4}]","[{'name': 'overall', 'abbreviation': 'Game', 'type': 'total', 'summary': '1-2'}
 {'name': 'Home', 'abbreviation': None, 'type': 'home', 'summary': '1-1'}
 {'name': 'Road', 'abbreviation': None, 'type': 'road', 'summary': '0-1'}
 {'name': 'vs. Conf.', 'abbreviation': None, 'type': 'vsconf', 'summary': '1-1'}]",2393,s:20~l:23~t:2393,Middle Tennessee,Blue Raiders,MTSU,Middle Tennessee Blue Raiders,Mid Tennessee,036eb7,ffffff,True,3725,https://a.espncdn.com/i/teamlogos/ncaa/500/2393.png,37,34,True,99,"[{'value': 3.0, 'displayValue': '3', 'period': 1}
 {'value': 17.0, 'displayValue': '17', 'period': 2}
 {'value': 14.0, 'displayValue': '14', 'period': 3}
 {'value': 0.0, 'displayValue': '0', 'period': 4}]","[{'name': 'overall', 'abbreviation': 'Game', 'type': 'total', 'summary': '2-2'}
 {'name': 'Home', 'abbreviation': None, 'type': 'home', 'summary': '1-1'}
 {'name': 'Road', 'abbreviation': None, 'type': 'road', 'summary': '1-1'}
 {'name': 'vs. Conf.', 'abbreviation': None, 'type': 'vsconf', 'summary': '1-0'}]",302680309,2010,2,4,
302680326,s:20~l:23~e:302680326~c:302680326,2010-09-25T23:00Z,0,True,False,False,False,False,False,2010-09-25T23:00Z,,[],,,,,1,STD,3644,UFCU Stadium,San Marcos,TX,USA,False,0.0,0:00,4,3,STATUS_FINAL,post,True,Final,Final,Final,4,326,s:20~l:23~t:326,Texas State,Bobcats,TXST,Texas State Bobcats,Texas State,501214,6a5638,True,3644,https://a.espncdn.com/i/teamlogos/ncaa/500/326.png,30,42,True,99,"[{'value': 0.0, 'displayValue': '0', 'period': 1}
 {'value': 21.0, 'displayValue': '21', 'period': 2}
 {'value': 7.0, 'displayValue': '7', 'period': 3}
 {'value': 14.0, 'displayValue': '14', 'period': 4}]","[{'name': 'overall', 'abbreviation': 'Game', 'type': 'total', 'summary': '3-1'}
 {'name': 'Home', 'abbreviation': None, 'type': 'home', 'summary': '3-0'}
 {'name': 'Road', 'abbreviation': None, 'type': 'road', 'summary': '0-1'}
 {'name': 'vs. Conf.', 'abbreviation': None, 'type': 'vsconf', 'summary': '0-0'}]",253,s:20~l:23~t:253,Southern Utah,Thunderbirds,SUU,Southern Utah Thunderbirds,Southern Utah,c72026,000000,True,3706,https://a.espncdn.com/i/teamlogos/ncaa/500/253.png,43,28,False,99,"[{'value': 7.0, 'displayValue': '7', 'period': 1}
 {'value': 0.0, 'displayValue': '0', 'period': 2}
 {'value': 7.0, 'displayValue': '7', 'period': 3}
 {'value': 14.0, 'displayValue': '14', 'period': 4}]","[{'name': 'overall', 'abbreviation': 'Game', 'type': 'total', 'summary': '1-3'}
 {'name': 'Home', 'abbreviation': None, 'type': 'home', 'summary': '1-0'}
 {'name': 'Road', 'abbreviation': None, 'type': 'road', 'summary': '0-3'}
 {'name': 'vs. Conf.', 'abbreviation': None, 'type': 'vsconf', 'summary': '0-0'}]",302680326,2010,2,4,
302680344,s:20~l:23~e:302680344~c:302680344,2010-09-25T23:00Z,0,True,False,False,False,True,False,2010-09-25T23:00Z,,[],,,home,ESPN3,1,STD,3693,Davis Wade Stadium,Starkville,MS,USA,False,0.0,0:00,4,3,STATUS_FINAL,post,True,Final,Final,Final,4,344,s:20~l:23~t:344,Mississippi State,Bulldogs,MSST,Mississippi State Bulldogs,Miss St,5d1725,c1c6c8,True,3693,https://a.espncdn.com/i/teamlogos/ncaa/500/344.png,8,24,True,99,"[{'value': 7.0, 'displayValue': '7', 'period': 1}
 {'value': 0.0, 'displayValue': '0', 'period': 2}
 {'value': 0.0, 'displayValue': '0', 'period': 3}
 {'value': 17.0, 'displayValue': '17', 'period': 4}]","[{'name': 'overall', 'abbreviation': 'Game', 'type': 'total', 'summary': '2-2'}
 {'name': 'Home', 'abbreviation': None, 'type': 'home', 'summary': '2-1'}
 {'name': 'Road', 'abbreviation': None, 'type': 'road', 'summary': '0-1'}
 {'name': 'vs. Conf.', 'abbreviation': None, 'type': 'vsconf', 'summary': '1-2'}]",61,s:20~l:23~t:61,Georgia,Bulldogs,UGA,Georgia Bulldogs,Georgia,ba0c2f,2c2a29,True,3917,https://a.espncdn.com/i/teamlogos/ncaa/500/61.png,8,12,False,99,"[{'value': 0.0, 'displayValue': '0', 'period': 1}
 {'value': 6.0, 'displayValue': '6', 'period': 2}
 {'value': 0.0, 'displayValue': '0', 'period': 3}
 {'value': 6.0, 'displayValue': '6', 'period': 4}]","[{'name': 'overall', 'abbreviation': 'Game', 'type': 'total', 'summary': '1-3'}
 {'name': 'Home', 'abbreviation': None, 'type': 'home', 'summary': '1-1'}
 {'name': 'Road', 'abbreviation': None, 'type': 'road', 'summary': '0-2'}
 {'name': 'vs. Conf.', 'abbreviation': None, 'type': 'vsconf', 'summary': '0-3'}]",302680344,2010,2,4,
302682226,s:20~l:23~e:302682226~c:302682226,2010-09-25T23:00Z,0,True,False,False,False,True,False,2010-09-25T23:00Z,,[],,,,,1,STD,,,,,,,0.0,0:00,4,3,STATUS_FINAL,post,True,Final,Final,Final,4,2226,s:20~l:23~t:2226,Florida Atlantic,Owls,FAU,Florida Atlantic Owls,FAU,003366,cc0000,True,3715,https://a.espncdn.com/i/teamlogos/ncaa/500/2226.png,37,17,False,99,"[{'value': 7.0, 'displayValue': '7', 'period': 1}
 {'value': 3.0, 'displayValue': '3', 'period': 2}
 {'value': 0.0, 'displayValue': '0', 'period': 3}
 {'value': 7.0, 'displayValue': '7', 'period': 4}]","[{'name': 'overall', 'abbreviation': 'Game', 'type': 'total', 'summary': '1-2'}
 {'name': 'Home', 'abbreviation': None, 'type': 'home', 'summary': '0-2'}
 {'name': 'Road', 'abbreviation': None, 'type': 'road', 'summary': '1-0'}
 {'name': 'vs. Conf.', 'abbreviation': None, 'type': 'vsconf', 'summary': '0-1'}]",249,s:20~l:23~t:249,North Texas,Mean Green,UNT,North Texas Mean Green,North Texas,068f33,ffffff,True,3825,https://a.espncdn.com/i/teamlogos/ncaa/500/249.png,37,21,True,99,"[{'value': 7.0, 'displayValue': '7', 'period': 1}
 {'value': 7.0, 'displayValue': '7', 'period': 2}
 {'value': 0.0, 'displayValue': '0', 'period': 3}
 {'value': 7.0, 'displayValue': '7', 'period': 4}]","[{'name': 'overall', 'abbreviation': 'Game', 'type': 'total', 'summary': '1-3'}
 {'name': 'Home', 'abbreviation': None, 'type': 'home', 'summary': '0-1'}
 {'name': 'Road', 'abbreviation': None, 'type': 'road', 'summary': '1-2'}
 {'name': 'vs. Conf.', 'abbreviation': None, 'type': 'vsconf', 'summary': '1-0'}]",302682226,2010,2,4,
302682287,s:20~l:23~e:302682287~c:302682287,2010-09-25T23:00Z,0,True,False,False,False,True,False,2010-09-25T23:00Z,,[],,,,,1,STD,3744,Hancock Stadium,Normal,IL,USA,False,0.0,0:00,6,3,STATUS_FINAL,post,True,Final,Final/2OT,Final/2OT,4,2287,s:20~l:23~t:2287,Illinois State,Redbirds,ILST,Illinois State Redbirds,Illinois State,CE1126,ffe716,True,3744,https://a.espncdn.com/i/teamlogos/ncaa/500/2287.png,21,44,True,99,"[{'value': 13.0, 'displayValue': '13', 'period': 1}
 {'value': 10.0, 'displayValue': '10', 'period': 2}
 {'value': 0.0, 'displayValue': '0', 'period': 3}
 {'value': 11.0, 'displayValue': '11', 'period': 4}
 {'value': 7.0, 'displayValue': '7', 'period': 5}
 {'value': 3.0, 'displayValue': '3', 'period': 6}]","[{'name': 'overall', 'abbreviation': 'Game', 'type': 'total', 'summary': '3-1'}
 {'name': 'Home', 'abbreviation': None, 'type': 'home', 'summary': '2-0'}
 {'name': 'Road', 'abbreviation': None, 'type': 'road', 'summary': '1-1'}
 {'name': 'vs. Conf.', 'abbreviation': None, 'type': 'vsconf', 'summary': '2-0'}]",2623,s:20~l:23~t:2623,Missouri State,Bears,MOST,Missouri State Bears,Missouri State,5e0009,ffffff,True,3878,https://a.espncdn.com/i/teamlogos/ncaa/500/2623.png,21,41,False,99,"[{'value': 7.0, 'displayValue': '7', 'period': 1}
 {'value': 17.0, 'displayValue': '17', 'period': 2}
 {'value': 7.0, 'displayValue': '7', 'period': 3}
 {'value': 3.0, 'displayValue': '3', 'period': 4}
 {'value': 7.0, 'displayValue': '7', 'period': 5}
 {'value': 0.0, 'displayValue': '0', 'period': 6}]","[{'name': 'overall', 'abbreviation': 'Game', 'type': 'total', 'summary': '1-2'}
 {'name': 'Home', 'abbreviation': None, 'type': 'home', 'summary': '1-0'}
 {'name': 'Road', 'abbreviation': None, 'type': 'road', 'summary': '0-2'}
 {'name': 'vs. Conf.', 'abbreviation': None, 'type': 'vsconf', 'summary': '0-1'}]",302682287,2010,2,4,2OT
302682305,s:20~l:23~e:302682305~c:302682305,2010-09-25T23:00Z,0,True,False,False,False,True,False,2010-09-25T23:00Z,,[],,,,,1,STD,3833,David Booth Kansas Memorial Stadium,Lawrence,KS,USA,False,0.0,0:00,4,3,STATUS_FINAL,post,True,Final,Final,Final,4,2305,s:20~l:23~t:2305,Kansas,Jayhawks,KU,Kansas Jayhawks,Kansas,0051ba,e8000d,True,3833,https://a.espncdn.com/i/teamlogos/ncaa/500/2305.png,4,42,True,99,"[{'value': 7.0, 'displayValue': '7', 'period': 1}
 {'value': 14.0, 'displayValue': '14', 'period': 2}
 {'value': 14.0, 'displayValue': '14', 'period': 3}
 {'value': 7.0, 'displayValue': '7', 'period': 4}]","[{'name': 'overall', 'abbreviation': 'Game', 'type': 'total', 'summary': '2-2'}
 {'name': 'Home', 'abbreviation': None, 'type': 'home', 'summary': '2-1'}
 {'name': 'Road', 'abbreviation': None, 'type': 'road', 'summary': '0-1'}
 {'name': 'vs. Conf.', 'abbreviation': None, 'type': 'vsconf', 'summary': '0-0'}]",166,s:20~l:23~t:166,New Mexico State,Aggies,NMSU,New Mexico State Aggies,New Mexico St,7e141b,231f20,True,3601,https://a.espncdn.com/i/teamlogos/ncaa/500/166.png,16,16,False,99,"[{'value': 0.0, 'displayValue': '0', 'period': 1}
 {'value': 7.0, 'displayValue': '7', 'period': 2}
 {'value': 0.0, 'displayValue': '0', 'period': 3}
 {'value': 9.0, 'displayValue': '9', 'period': 4}]","[{'name': 'overall', 'abbreviation': 'Game', 'type': 'total', 'summary': '0-3'}
 {'name': 'Home', 'abbreviation': None, 'type': 'home', 'summary': '0-1'}
 {'name': 'Road', 'abbreviation': None, 'type': 'road', 'summary': '0-2'}
 {'name': 'vs. Conf.', 'abbreviation': None, 'type': 'vsconf', 'summary': '0-0'}]",302682305,2010,2,4,
302682348,s:20~l:23~e:302682348~c:302682348,2010-09-25T23:00Z,0,True,False,False,False,True,False,2010-09-25T23:00Z,,[],,,home,ESPN3,1,STD,3776,Joe Aillet Stadium,Ruston,LA,USA,False,0.0,0:00,4,3,STATUS_FINAL,post,True,Final,Final,Final,4,2348,s:20~l:23~t:2348,Louisiana Tech,Bulldogs,LT,Louisiana Tech Bulldogs,LA Tech,003087,cb333b,True,3776,https://a.espncdn.com/i/teamlogos/ncaa/500/2348.png,16,12,False,99,"[{'value': 3.0, 'displayValue': '3', 'period': 1}
 {'value': 0.0, 'displayValue': '0', 'period': 2}
 {'value': 0.0, 'displayValue': '0', 'period': 3}
 {'value': 9.0, 'displayValue': '9', 'period': 4}]","[{'name': 'overall', 'abbreviation': 'Game', 'type': 'total', 'summary': '1-3'}
 {'name': 'Home', 'abbreviation': None, 'type': 'home', 'summary': '0-2'}
 {'name': 'Road', 'abbreviation': None, 'type': 'road', 'summary': '1-1'}
 {'name': 'vs. Conf.', 'abbreviation': None, 'type': 'vsconf', 'summary': '0-0'}]",2572,s:20~l:23~t:2572,Southern Mississippi,Golden Eagles,USM,Southern Mississippi Golden Eagles,Southern Miss,ffc72c,231f20,False,3815,https://a.espncdn.com/i/teamlogos/ncaa/500/2572.png,12,13,True,99,"[{'value': 3.0, 'displayValue': '3', 'period': 1}
 {'value': 0.0, 'displayValue': '0', 'period': 2}
 {'value': 10.0, 'displayValue': '10', 'period': 3}
 {'value': 0.0, 'displayValue': '0', 'period': 4}]","[{'name': 'overall', 'abbreviation': 'Game', 'type': 'total', 'summary': '3-1'}
 {'name': 'Home', 'abbreviation': None, 'type': 'home', 'summary': '2-0'}
 {'name': 'Road', 'abbreviation': None, 'type': 'road', 'summary': '1-1'}
 {'name': 'vs. Conf.', 'abbreviation': None, 'type': 'vsconf', 'summary': '0-0'}]",302682348,2010,2,4,
302682433,s:20~l:23~e:302682433~c:302682433,2010-09-25T23:00Z,0,True,False,False,False,True,False,2010-09-25T23:00Z,,[],,,,,1,STD,3817,Malone Stadium,Monroe,LA,USA,False,0.0,0:00,4,3,STATUS_FINAL,post,True,Final,Final,Final,4,2433,s:20~l:23~t:2433,Louisiana Monroe,Warhawks,ULM,Louisiana Monroe Warhawks,UL Monroe,840029,fdb913,False,3817,https://a.espncdn.com/i/teamlogos/ncaa/500/2433.png,37,21,True,99,"[{'value': 0.0, 'displayValue': '0', 'period': 1}
 {'value': 14.0, 'displayValue': '14', 'period': 2}
 {'value': 0.0, 'displayValue': '0', 'period': 3}
 {'value': 7.0, 'displayValue': '7', 'period': 4}]","[{'name': 'overall', 'abbreviation': 'Game', 'type': 'total', 'summary': '1-2'}
 {'name': 'Home', 'abbreviation': None, 'type': 'home', 'summary': '1-1'}
 {'name': 'Road', 'abbreviation': None, 'type': 'road', 'summary': '0-1'}
 {'name': 'vs. Conf.', 'abbreviation': None, 'type': 'vsconf', 'summary': '0-1'}]",2545,s:20~l:23~t:2545,Southeastern Louisiana,Lions,SELA,Southeastern Louisiana Lions,SE Louisiana,215732,ffc72c,False,3944,https://a.espncdn.com/i/teamlogos/ncaa/500/2545.png,30,20,False,99,"[{'value': 7.0, 'displayValue': '7', 'period': 1}
 {'value': 0.0, 'displayValue': '0', 'period': 2}
 {'value': 13.0, 'displayValue': '13', 'period': 3}
 {'value': 0.0, 'displayValue': '0', 'period': 4}]","[{'name': 'overall', 'abbreviation': 'Game', 'type': 'total', 'summary': '1-3'}
 {'name': 'Home', 'abbreviation': None, 'type': 'home', 'summary': '1-1'}
 {'name': 'Road', 'abbreviation': None, 'type': 'road', 'summary': '0-2'}
 {'name': 'vs. Conf.', 'abbreviation': None, 'type': 'vsconf', 'summary': '0-0'}]",302682433,2010,2,4,
302682449,s:20~l:23~e:302682449~c:302682449,2010-09-25T23:00Z,0,True,False,False,False,True,False,2010-09-25T23:00Z,,[],,,,,1,STD,3714,Fargodome,Fargo,ND,USA,True,0.0,0:00,4,3,STATUS_FINAL,post,True,Final,Final,Final,4,2449,s:20~l:23~t:2449,North Dakota State,Bison,NDSU,North Dakota State Bison,North Dakota St,01402A,ffffff,True,3714,https://a.espncdn.com/i/teamlogos/ncaa/500/2449.png,21,38,True,99,"[{'value': 7.0, 'displayValue': '7', 'period': 1}
 {'value': 0.0, 'displayValue': '0', 'period': 2}
 {'value': 21.0, 'displayValue': '21', 'period': 3}
 {'value': 10.0, 'displayValue': '10', 'period': 4}]","[{'name': 'overall', 'abbreviation': 'Game', 'type': 'total', 'summary': '3-1'}
 {'name': 'Home', 'abbreviation': None, 'type': 'home', 'summary': '2-0'}
 {'name': 'Road', 'abbreviation': None, 'type': 'road', 'summary': '1-1'}
 {'name': 'vs. Conf.', 'abbreviation': None, 'type': 'vsconf', 'summary': '0-1'}]",233,s:20~l:23~t:233,South Dakota,Coyotes,SDAK,South Dakota Coyotes,South Dakota,CD1241,f0f0f0,True,1905,https://a.espncdn.com/i/teamlogos/ncaa/500/233.png,43,16,False,99,"[{'value': 7.0, 'displayValue': '7', 'period': 1}
 {'value': 6.0, 'displayValue': '6', 'period': 2}
 {'value': 0.0, 'displayValue': '0', 'period': 3}
 {'value': 3.0, 'displayValue': '3', 'period': 4}]","[{'name': 'overall', 'abbreviation': 'Game', 'type': 'total', 'summary': '2-2'}
 {'name': 'Home', 'abbreviation': None, 'type': 'home', 'summary': '1-0'}
 {'name': 'Road', 'abbreviation': None, 'type': 'road', 'summary': '1-2'}
 {'name': 'vs. Conf.', 'abbreviation': None, 'type': 'vsconf', 'summary': '0-0'}]",302682449,2010,2,4,
302682534,s:20~l:23~e:302682534~c:302682534,2010-09-25T23:00Z,0,True,False,False,False,True,False,2010-09-25T23:00Z,,[],,,,,1,STD,3647,Elliott T. Bowers Stadium,Huntsville,TX,USA,False,0.0,0:00,4,3,STATUS_FINAL,post,True,Final,Final,Final,4,2534,s:20~l:23~t:2534,Sam Houston State,Bearkats,SHSU,Sam Houston State Bearkats,Sam Houston,f56423,ffffff,False,3647,https://a.espncdn.com/i/teamlogos/ncaa/500/2534.png,30,30,True,99,"[{'value': 7.0, 'displayValue': '7', 'period': 1}
 {'value': 17.0, 'displayValue': '17', 'period': 2}
 {'value': 3.0, 'displayValue': '3', 'period': 3}
 {'value': 3.0, 'displayValue': '3', 'period': 4}]","[{'name': 'overall', 'abbreviation': 'Game', 'type': 'total', 'summary': '1-2'}
 {'name': 'Home', 'abbreviation': None, 'type': 'home', 'summary': '1-0'}
 {'name': 'Road', 'abbreviation': None, 'type': 'road', 'summary': '0-2'}
 {'name': 'vs. Conf.', 'abbreviation': None, 'type': 'vsconf', 'summary': '0-0'}]",2241,s:20~l:23~t:2241,Gardner-Webb,Bulldogs,WEBB,Gardner-Webb Bulldogs,Gardner-Webb,c12535,909090,False,3710,https://a.espncdn.com/i/teamlogos/ncaa/500/2241.png,40,14,False,99,"[{'value': 0.0, 'displayValue': '0', 'period': 1}
 {'value': 7.0, 'displayValue': '7', 'period': 2}
 {'value': 0.0, 'displayValue': '0', 'period': 3}
 {'value': 7.0, 'displayValue': '7', 'period': 4}]","[{'name': 'overall', 'abbreviation': 'Game', 'type': 'total', 'summary': '2-2'}
 {'name': 'Home', 'abbreviation': None, 'type': 'home', 'summary': '1-1'}
 {'name': 'Road', 'abbreviation': None, 'type': 'road', 'summary': '1-1'}
 {'name': 'vs. Conf.', 'abbreviation': None, 'type': 'vsconf', 'summary': '0-0'}]",302682534,2010,2,4,
302680058,s:20~l:23~e:302680058~c:302680058,2010-09-25T23:05Z,0,True,False,False,False,True,False,2010-09-25T23:05Z,,[],,,home,ESPN3,1,STD,3886,Raymond James Stadium,Tampa,FL,USA,False,0.0,0:00,4,3,STATUS_FINAL,post,True,Final,Final,Final,4,58,s:20~l:23~t:58,South Florida,Bulls,USF,South Florida Bulls,USF,006747,cfc493,True,3886,https://a.espncdn.com/i/teamlogos/ncaa/500/58.png,10,24,True,99,"[{'value': 0.0, 'displayValue': '0', 'period': 1}
 {'value': 7.0, 'displayValue': '7', 'period': 2}
 {'value': 14.0, 'displayValue': '14', 'period': 3}
 {'value': 3.0, 'displayValue': '3', 'period': 4}]","[{'name': 'overall', 'abbreviation': 'Game', 'type': 'total', 'summary': '2-1'}
 {'name': 'Home', 'abbreviation': None, 'type': 'home', 'summary': '2-0'}
 {'name': 'Road', 'abbreviation': None, 'type': 'road', 'summary': '0-1'}
 {'name': 'vs. Conf.', 'abbreviation': None, 'type': 'vsconf', 'summary': '0-0'}]",98,s:20~l:23~t:98,Western Kentucky,Hilltoppers,WKU,Western Kentucky Hilltoppers,W Kentucky,e13a3e,ffffff,True,3796,https://a.espncdn.com/i/teamlogos/ncaa/500/98.png,37,12,False,99,"[{'value': 0.0, 'displayValue': '0', 'period': 1}
 {'value': 0.0, 'displayValue': '0', 'period': 2}
 {'value': 0.0, 'displayValue': '0', 'period': 3}
 {'value': 12.0, 'displayValue': '12', 'period': 4}]","[{'name': 'overall', 'abbreviation': 'Game', 'type': 'total', 'summary': '0-4'}
 {'name': 'Home', 'abbreviation': None, 'type': 'home', 'summary': '0-1'}
 {'name': 'Road', 'abbreviation': None, 'type': 'road', 'summary': '0-3'}
 {'name': 'vs. Conf.', 'abbreviation': None, 'type': 'vsconf', 'summary': '0-0'}]",302680058,2010,2,4,
302680145,s:20~l:23~e:302680145~c:302680145,2010-09-25T23:30Z,0,True,False,False,False,True,False,2010-09-25T23:30Z,,[],,,home,ESPN3,1,STD,3974,Vaught-Hemingway Stadium,Oxford,MS,USA,False,0.0,0:00,4,3,STATUS_FINAL,post,True,Final,Final,Final,4,145,s:20~l:23~t:145,Ole Miss,Rebels,MISS,Ole Miss Rebels,Ole Miss,13294b,cf142b,True,3974,https://a.espncdn.com/i/teamlogos/ncaa/500/145.png,8,55,True,99,"[{'value': 14.0, 'displayValue': '14', 'period': 1}
 {'value': 13.0, 'displayValue': '13', 'period': 2}
 {'value': 14.0, 'displayValue': '14', 'period': 3}
 {'value': 14.0, 'displayValue': '14', 'period': 4}]","[{'name': 'overall', 'abbreviation': 'Game', 'type': 'total', 'summary': '2-2'}
 {'name': 'Home', 'abbreviation': None, 'type': 'home', 'summary': '1-2'}
 {'name': 'Road', 'abbreviation': None, 'type': 'road', 'summary': '1-0'}
 {'name': 'vs. Conf.', 'abbreviation': None, 'type': 'vsconf', 'summary': '0-1'}]",278,s:20~l:23~t:278,Fresno State,Bulldogs,FRES,Fresno State Bulldogs,Fresno State,b1102b,13284c,True,3660,https://a.espncdn.com/i/teamlogos/ncaa/500/278.png,16,38,False,99,"[{'value': 7.0, 'displayValue': '7', 'period': 1}
 {'value': 3.0, 'displayValue': '3', 'period': 2}
 {'value': 14.0, 'displayValue': '14', 'period': 3}
 {'value': 14.0, 'displayValue': '14', 'period': 4}]","[{'name': 'overall', 'abbreviation': 'Game', 'type': 'total', 'summary': '2-1'}
 {'name': 'Home', 'abbreviation': None, 'type': 'home', 'summary': '1-0'}
 {'name': 'Road', 'abbreviation': None, 'type': 'road', 'summary': '1-1'}
 {'name': 'vs. Conf.', 'abbreviation': None, 'type': 'vsconf', 'summary': '1-0'}]",302680145,2010,2,4,
302680021,s:20~l:23~e:302680021~c:302680021,2010-09-26T00:00Z,0,True,False,False,False,True,False,2010-09-26T00:00Z,,[],,,,,1,STD,3932,SDCCU Stadium,San Diego,CA,USA,False,30.0,0:30,4,3,STATUS_FINAL,post,True,Final,Final,Final,4,21,s:20~l:23~t:21,San Diego State,Aztecs,SDSU,San Diego State Aztecs,San Diego St,a6192e,000000,True,7311,https://a.espncdn.com/i/teamlogos/ncaa/500/21.png,9,41,True,99,"[{'value': 21.0, 'displayValue': '21', 'period': 1}
 {'value': 7.0, 'displayValue': '7', 'period': 2}
 {'value': 10.0, 'displayValue': '10', 'period': 3}
 {'value': 3.0, 'displayValue': '3', 'period': 4}]","[{'name': 'overall', 'abbreviation': 'Game', 'type': 'total', 'summary': '3-1'}
 {'name': 'Home', 'abbreviation': None, 'type': 'home', 'summary': '2-0'}
 {'name': 'Road', 'abbreviation': None, 'type': 'road', 'summary': '1-1'}
 {'name': 'vs. Conf.', 'abbreviation': None, 'type': 'vsconf', 'summary': '0-0'}]",328,s:20~l:23~t:328,Utah State,Aggies,USU,Utah State Aggies,Utah State,0f2439,ffffff,True,3905,https://a.espncdn.com/i/teamlogos/ncaa/500/328.png,16,7,False,99,"[{'value': 0.0, 'displayValue': '0', 'period': 1}
 {'value': 0.0, 'displayValue': '0', 'period': 2}
 {'value': 7.0, 'displayValue': '7', 'period': 3}
 {'value': 0.0, 'displayValue': '0', 'period': 4}]","[{'name': 'overall', 'abbreviation': 'Game', 'type': 'total', 'summary': '1-3'}
 {'name': 'Home', 'abbreviation': None, 'type': 'home', 'summary': '1-1'}
 {'name': 'Road', 'abbreviation': None, 'type': 'road', 'summary': '0-2'}
 {'name': 'vs. Conf.', 'abbreviation': None, 'type': 'vsconf', 'summary': '0-1'}]",302680021,2010,2,4,
302680242,s:20~l:23~e:302680242~c:302680242,2010-09-26T00:00Z,0,True,False,False,False,True,False,2010-09-26T00:00Z,,[],,,,,1,STD,3895,Rice Stadium,Houston,TX,USA,False,61.0,1:01,4,3,STATUS_FINAL,post,True,Final,Final,Final,4,242,s:20~l:23~t:242,Rice,Owls,RICE,Rice Owls,Rice,00205b,c1c6c8,True,3895,https://a.espncdn.com/i/teamlogos/ncaa/500/242.png,12,13,False,99,"[{'value': 3.0, 'displayValue': '3', 'period': 1}
 {'value': 0.0, 'displayValue': '0', 'period': 2}
 {'value': 3.0, 'displayValue': '3', 'period': 3}
 {'value': 7.0, 'displayValue': '7', 'period': 4}]","[{'name': 'overall', 'abbreviation': 'Game', 'type': 'total', 'summary': '1-3'}
 {'name': 'Home', 'abbreviation': None, 'type': 'home', 'summary': '0-3'}
 {'name': 'Road', 'abbreviation': None, 'type': 'road', 'summary': '1-0'}
 {'name': 'vs. Conf.', 'abbreviation': None, 'type': 'vsconf', 'summary': '0-0'}]",239,s:20~l:23~t:239,Baylor,Bears,BAY,Baylor Bears,Baylor,154734,ffb81c,True,3724,https://a.espncdn.com/i/teamlogos/ncaa/500/239.png,4,30,True,99,"[{'value': 7.0, 'displayValue': '7', 'period': 1}
 {'value': 13.0, 'displayValue': '13', 'period': 2}
 {'value': 7.0, 'displayValue': '7', 'period': 3}
 {'value': 3.0, 'displayValue': '3', 'period': 4}]","[{'name': 'overall', 'abbreviation': 'Game', 'type': 'total', 'summary': '3-1'}
 {'name': 'Home', 'abbreviation': None, 'type': 'home', 'summary': '2-0'}
 {'name': 'Road', 'abbreviation': None, 'type': 'road', 'summary': '1-1'}
 {'name': 'vs. Conf.', 'abbreviation': None, 'type': 'vsconf', 'summary': '0-0'}]",302680242,2010,2,4,
302680135,s:20~l:23~e:302680135~c:302680135,2010-09-26T00:30Z,0,True,False,False,False,True,False,2010-09-26T00:30Z,BTN,[],,,national,BTN,1,STD,3953,Huntington Bank Stadium,Minneapolis,MN,USA,False,6.0,0:06,4,3,STATUS_FINAL,post,True,Final,Final,Final,4,135,s:20~l:23~t:135,Minnesota,Golden Gophers,MINN,Minnesota Golden Gophers,Minnesota,5e0a2f,fab41c,True,3953,https://a.espncdn.com/i/teamlogos/ncaa/500/135.png,5,23,False,99,"[{'value': 3.0, 'displayValue': '3', 'period': 1}
 {'value': 10.0, 'displayValue': '10', 'period': 2}
 {'value': 3.0, 'displayValue': '3', 'period': 3}
 {'value': 7.0, 'displayValue': '7', 'period': 4}]","[{'name': 'overall', 'abbreviation': 'Game', 'type': 'total', 'summary': '1-3'}
 {'name': 'Home', 'abbreviation': None, 'type': 'home', 'summary': '0-3'}
 {'name': 'Road', 'abbreviation': None, 'type': 'road', 'summary': '1-0'}
 {'name': 'vs. Conf.', 'abbreviation': None, 'type': 'vsconf', 'summary': '0-0'}]",2459,s:20~l:23~t:2459,Northern Illinois,Huskies,NIU,Northern Illinois Huskies,N Illinois,c8102e,000000,True,3764,https://a.espncdn.com/i/teamlogos/ncaa/500/2459.png,15,34,True,99,"[{'value': 7.0, 'displayValue': '7', 'period': 1}
 {'value': 13.0, 'displayValue': '13', 'period': 2}
 {'value': 0.0, 'displayValue': '0', 'period': 3}
 {'value': 14.0, 'displayValue': '14', 'period': 4}]","[{'name': 'overall', 'abbreviation': 'Game', 'type': 'total', 'summary': '2-2'}
 {'name': 'Home', 'abbreviation': None, 'type': 'home', 'summary': '1-0'}
 {'name': 'Road', 'abbreviation': None, 'type': 'road', 'summary': '1-2'}
 {'name': 'vs. Conf.', 'abbreviation': None, 'type': 'vsconf', 'summary': '0-0'}]",302680135,2010,2,4,
302682638,s:20~l:23~e:302682638~c:302682638,2010-09-26T01:05Z,0,True,False,False,False,True,False,2010-09-26T01:05Z,,[],,,,,1,STD,3946,Sun Bowl,El Paso,TX,USA,False,0.0,0:00,4,3,STATUS_FINAL,post,True,Final,Final,Final,4,2638,s:20~l:23~t:2638,UTEP,Miners,UTEP,UTEP Miners,UTEP,ff8200,041e42,True,3946,https://a.espncdn.com/i/teamlogos/ncaa/500/2638.png,12,16,True,99,"[{'value': 0.0, 'displayValue': '0', 'period': 1}
 {'value': 3.0, 'displayValue': '3', 'period': 2}
 {'value': 7.0, 'displayValue': '7', 'period': 3}
 {'value': 6.0, 'displayValue': '6', 'period': 4}]","[{'name': 'overall', 'abbreviation': 'Game', 'type': 'total', 'summary': '3-1'}
 {'name': 'Home', 'abbreviation': None, 'type': 'home', 'summary': '3-0'}
 {'name': 'Road', 'abbreviation': None, 'type': 'road', 'summary': '0-1'}
 {'name': 'vs. Conf.', 'abbreviation': None, 'type': 'vsconf', 'summary': '1-1'}]",235,s:20~l:23~t:235,Memphis,Tigers,MEM,Memphis Tigers,Memphis,004991,8e908f,True,3805,https://a.espncdn.com/i/teamlogos/ncaa/500/235.png,12,13,False,99,"[{'value': 3.0, 'displayValue': '3', 'period': 1}
 {'value': 7.0, 'displayValue': '7', 'period': 2}
 {'value': 0.0, 'displayValue': '0', 'period': 3}
 {'value': 3.0, 'displayValue': '3', 'period': 4}]","[{'name': 'overall', 'abbreviation': 'Game', 'type': 'total', 'summary': '1-3'}
 {'name': 'Home', 'abbreviation': None, 'type': 'home', 'summary': '1-0'}
 {'name': 'Road', 'abbreviation': None, 'type': 'road', 'summary': '0-3'}
 {'name': 'vs. Conf.', 'abbreviation': None, 'type': 'vsconf', 'summary': '0-2'}]",302682638,2010,2,4,
302682439,s:20~l:23~e:302682439~c:302682439,2010-09-26T02:00Z,0,True,False,False,False,True,False,2010-09-26T02:00Z,,[],,,,,1,STD,3914,Sam Boyd Stadium,Las Vegas,NV,USA,False,20.0,0:20,4,3,STATUS_FINAL,post,True,Final,Final,Final,4,2439,s:20~l:23~t:2439,UNLV,Rebels,UNLV,UNLV Rebels,UNLV,cf0a2c,cac8c8,True,6501,https://a.espncdn.com/i/teamlogos/ncaa/500/2439.png,17,45,True,99,"[{'value': 14.0, 'displayValue': '14', 'period': 1}
 {'value': 14.0, 'displayValue': '14', 'period': 2}
 {'value': 14.0, 'displayValue': '14', 'period': 3}
 {'value': 3.0, 'displayValue': '3', 'period': 4}]","[{'name': 'overall', 'abbreviation': 'Game', 'type': 'total', 'summary': '1-3'}
 {'name': 'Home', 'abbreviation': None, 'type': 'home', 'summary': '1-1'}
 {'name': 'Road', 'abbreviation': None, 'type': 'road', 'summary': '0-2'}
 {'name': 'vs. Conf.', 'abbreviation': None, 'type': 'vsconf', 'summary': '1-1'}]",167,s:20~l:23~t:167,New Mexico,Lobos,UNM,New Mexico Lobos,New Mexico,ba0c2f,a7a8aa,True,3971,https://a.espncdn.com/i/teamlogos/ncaa/500/167.png,17,10,False,99,"[{'value': 7.0, 'displayValue': '7', 'period': 1}
 {'value': 0.0, 'displayValue': '0', 'period': 2}
 {'value': 0.0, 'displayValue': '0', 'period': 3}
 {'value': 3.0, 'displayValue': '3', 'period': 4}]","[{'name': 'overall', 'abbreviation': 'Game', 'type': 'total', 'summary': '0-4'}
 {'name': 'Home', 'abbreviation': None, 'type': 'home', 'summary': '0-2'}
 {'name': 'Road', 'abbreviation': None, 'type': 'road', 'summary': '0-2'}
 {'name': 'vs. Conf.', 'abbreviation': None, 'type': 'vsconf', 'summary': '0-2'}]",302682439,2010,2,4,
302680062,s:20~l:23~e:302680062~c:302680062,2010-09-26T03:30Z,0,True,False,False,False,True,False,2010-09-26T03:30Z,ESPN3,[],,,national,ESPN3,1,STD,3610,Aloha Stadium,Honolulu,HI,USA,False,0.0,0:00,4,3,STATUS_FINAL,post,True,Final,Final,Final,4,62,s:20~l:23~t:62,Hawai'i,Rainbow Warriors,HAW,Hawai'i Rainbow Warriors,Hawaii,005737,000000,True,3610,https://a.espncdn.com/i/teamlogos/ncaa/500/62.png,16,66,True,99,"[{'value': 21.0, 'displayValue': '21', 'period': 1}
 {'value': 28.0, 'displayValue': '28', 'period': 2}
 {'value': 7.0, 'displayValue': '7', 'period': 3}
 {'value': 10.0, 'displayValue': '10', 'period': 4}]","[{'name': 'overall', 'abbreviation': 'Game', 'type': 'total', 'summary': '2-2'}
 {'name': 'Home', 'abbreviation': None, 'type': 'home', 'summary': '1-1'}
 {'name': 'Road', 'abbreviation': None, 'type': 'road', 'summary': '1-1'}
 {'name': 'vs. Conf.', 'abbreviation': None, 'type': 'vsconf', 'summary': '0-0'}]",2127,s:20~l:23~t:2127,Charleston Southern,Buccaneers,CHSO,Charleston Southern Buccaneers,Charleston So,2e3192,ded090,True,3658,https://a.espncdn.com/i/teamlogos/ncaa/500/2127.png,40,7,False,99,"[{'value': 7.0, 'displayValue': '7', 'period': 1}
 {'value': 0.0, 'displayValue': '0', 'period': 2}
 {'value': 0.0, 'displayValue': '0', 'period': 3}
 {'value': 0.0, 'displayValue': '0', 'period': 4}]","[{'name': 'overall', 'abbreviation': 'Game', 'type': 'total', 'summary': '2-2'}
 {'name': 'Home', 'abbreviation': None, 'type': 'home', 'summary': '2-1'}
 {'name': 'Road', 'abbreviation': None, 'type': 'road', 'summary': '0-1'}
 {'name': 'vs. Conf.', 'abbreviation': None, 'type': 'vsconf', 'summary': '0-0'}]",302680062,2010,2,4,
302730197,s:20~l:23~e:302730197~c:302730197,2010-09-30T23:30Z,0,True,False,False,False,True,False,2010-09-30T23:30Z,ESPN3/ESPN,[],,,national,ESPN3,1,STD,3646,Boone Pickens Stadium,Stillwater,OK,USA,False,0.0,0:00,4,3,STATUS_FINAL,post,True,Final,Final,Final,4,197,s:20~l:23~t:197,Oklahoma State,Cowboys,OKST,Oklahoma State Cowboys,Oklahoma State,fe5c00,000000,True,3646,https://a.espncdn.com/i/teamlogos/ncaa/500/197.png,4,38,True,99,"[{'value': 0.0, 'displayValue': '0', 'period': 1}
 {'value': 7.0, 'displayValue': '7', 'period': 2}
 {'value': 21.0, 'displayValue': '21', 'period': 3}
 {'value': 10.0, 'displayValue': '10', 'period': 4}]","[{'name': 'overall', 'abbreviation': 'Game', 'type': 'total', 'summary': '4-0'}
 {'name': 'Home', 'abbreviation': None, 'type': 'home', 'summary': '4-0'}
 {'name': 'Road', 'abbreviation': None, 'type': 'road', 'summary': '0-0'}
 {'name': 'vs. Conf.', 'abbreviation': None, 'type': 'vsconf', 'summary': '1-0'}]",245,s:20~l:23~t:245,Texas A&M,Aggies,TA&M,Texas A&M Aggies,Texas A&M,500000,ffffff,True,3795,https://a.espncdn.com/i/teamlogos/ncaa/500/245.png,4,35,False,99,"[{'value': 14.0, 'displayValue': '14', 'period': 1}
 {'value': 7.0, 'displayValue': '7', 'period': 2}
 {'value': 0.0, 'displayValue': '0', 'period': 3}
 {'value': 14.0, 'displayValue': '14', 'period': 4}]","[{'name': 'overall', 'abbreviation': 'Game', 'type': 'total', 'summary': '3-1'}
 {'name': 'Home', 'abbreviation': None, 'type': 'home', 'summary': '3-0'}
 {'name': 'Road', 'abbreviation': None, 'type': 'road', 'summary': '0-1'}
 {'name': 'vs. Conf.', 'abbreviation': None, 'type': 'vsconf', 'summary': '0-1'}]",302730197,2010,2,5,
302740328,s:20~l:23~e:302740328~c:302740328,2010-10-02T00:00Z,0,True,False,False,False,True,False,2010-10-02T00:00Z,ESPN3/ESPN,[],,,national,ESPN3,1,STD,3905,Maverik Stadium,Logan,UT,USA,False,0.0,0:00,4,3,STATUS_FINAL,post,True,Final,Final,Final,4,328,s:20~l:23~t:328,Utah State,Aggies,USU,Utah State Aggies,Utah State,0f2439,ffffff,True,3905,https://a.espncdn.com/i/teamlogos/ncaa/500/328.png,16,31,True,99,"[{'value': 10.0, 'displayValue': '10', 'period': 1}
 {'value': 14.0, 'displayValue': '14', 'period': 2}
 {'value': 7.0, 'displayValue': '7', 'period': 3}
 {'value': 0.0, 'displayValue': '0', 'period': 4}]","[{'name': 'overall', 'abbreviation': 'Game', 'type': 'total', 'summary': '2-3'}
 {'name': 'Home', 'abbreviation': None, 'type': 'home', 'summary': '2-1'}
 {'name': 'Road', 'abbreviation': None, 'type': 'road', 'summary': '0-2'}
 {'name': 'vs. Conf.', 'abbreviation': None, 'type': 'vsconf', 'summary': '0-1'}]",252,s:20~l:23~t:252,BYU,Cougars,BYU,BYU Cougars,BYU,0047ba,002e5d,True,3801,https://a.espncdn.com/i/teamlogos/ncaa/500/252.png,4,16,False,99,"[{'value': 0.0, 'displayValue': '0', 'period': 1}
 {'value': 3.0, 'displayValue': '3', 'period': 2}
 {'value': 7.0, 'displayValue': '7', 'period': 3}
 {'value': 6.0, 'displayValue': '6', 'period': 4}]","[{'name': 'overall', 'abbreviation': 'Game', 'type': 'total', 'summary': '1-4'}
 {'name': 'Home', 'abbreviation': None, 'type': 'home', 'summary': '1-1'}
 {'name': 'Road', 'abbreviation': None, 'type': 'road', 'summary': '0-3'}
 {'name': 'vs. Conf.', 'abbreviation': None, 'type': 'vsconf', 'summary': '0-1'}]",302740328,2010,2,5,
302750333,s:20~l:23~e:302750333~c:302750333,2010-10-03T00:00Z,0,True,False,False,False,True,False,2010-10-03T00:00Z,CBS,[],,,national,CBS,1,STD,3657,Bryant-Denny Stadium,Tuscaloosa,AL,USA,False,39.0,0:39,4,3,STATUS_FINAL,post,True,Final,Final,Final,4,333,s:20~l:23~t:333,Alabama,Crimson Tide,ALA,Alabama Crimson Tide,Alabama,9e1b32,ffffff,True,3657,https://a.espncdn.com/i/teamlogos/ncaa/500/333.png,8,31,True,1,"[{'value': 3.0, 'displayValue': '3', 'period': 1}
 {'value': 21.0, 'displayValue': '21', 'period': 2}
 {'value': 7.0, 'displayValue': '7', 'period': 3}
 {'value': 0.0, 'displayValue': '0', 'period': 4}]","[{'name': 'overall', 'abbreviation': 'Game', 'type': 'total', 'summary': '5-0'}
 {'name': 'Home', 'abbreviation': None, 'type': 'home', 'summary': '3-0'}
 {'name': 'Road', 'abbreviation': None, 'type': 'road', 'summary': '2-0'}
 {'name': 'vs. Conf.', 'abbreviation': None, 'type': 'vsconf', 'summary': '2-0'}]",57,s:20~l:23~t:57,Florida,Gators,FLA,Florida Gators,Florida,0021a5,fa4616,True,3634,https://a.espncdn.com/i/teamlogos/ncaa/500/57.png,8,6,False,7,"[{'value': 0.0, 'displayValue': '0', 'period': 1}
 {'value': 3.0, 'displayValue': '3', 'period': 2}
 {'value': 3.0, 'displayValue': '3', 'period': 3}
 {'value': 0.0, 'displayValue': '0', 'period': 4}]","[{'name': 'overall', 'abbreviation': 'Game', 'type': 'total', 'summary': '4-1'}
 {'name': 'Home', 'abbreviation': None, 'type': 'home', 'summary': '3-0'}
 {'name': 'Road', 'abbreviation': None, 'type': 'road', 'summary': '1-1'}
 {'name': 'vs. Conf.', 'abbreviation': None, 'type': 'vsconf', 'summary': '2-1'}]",302750333,2010,2,5,
302750356,s:20~l:23~e:302750356~c:302750356,2010-10-02T16:00Z,0,True,False,False,False,True,False,2010-10-02T16:00Z,BTN,[],,,national,BTN,1,STD,3832,Gies Memorial Stadium,Champaign,IL,USA,False,0.0,0:00,4,3,STATUS_FINAL,post,True,Final,Final,Final,4,356,s:20~l:23~t:356,Illinois,Fighting Illini,ILL,Illinois Fighting Illini,Illinois,ff5f05,13294b,True,3832,https://a.espncdn.com/i/teamlogos/ncaa/500/356.png,5,13,False,99,"[{'value': 7.0, 'displayValue': '7', 'period': 1}
 {'value': 3.0, 'displayValue': '3', 'period': 2}
 {'value': 0.0, 'displayValue': '0', 'period': 3}
 {'value': 3.0, 'displayValue': '3', 'period': 4}]","[{'name': 'overall', 'abbreviation': 'Game', 'type': 'total', 'summary': '2-2'}
 {'name': 'Home', 'abbreviation': None, 'type': 'home', 'summary': '2-1'}
 {'name': 'Road', 'abbreviation': None, 'type': 'road', 'summary': '0-1'}
 {'name': 'vs. Conf.', 'abbreviation': None, 'type': 'vsconf', 'summary': '0-1'}]",194,s:20~l:23~t:194,Ohio State,Buckeyes,OSU,Ohio State Buckeyes,Ohio State,ba0c2f,a8adb4,True,3861,https://a.espncdn.com/i/teamlogos/ncaa/500/194.png,5,24,True,2,"[{'value': 7.0, 'displayValue': '7', 'period': 1}
 {'value': 7.0, 'displayValue': '7', 'period': 2}
 {'value': 0.0, 'displayValue': '0', 'period': 3}
 {'value': 10.0, 'displayValue': '10', 'period': 4}]","[{'name': 'overall', 'abbreviation': 'Game', 'type': 'total', 'summary': '5-0'}
 {'name': 'Home', 'abbreviation': None, 'type': 'home', 'summary': '4-0'}
 {'name': 'Road', 'abbreviation': None, 'type': 'road', 'summary': '1-0'}
 {'name': 'vs. Conf.', 'abbreviation': None, 'type': 'vsconf', 'summary': '1-0'}]",302750356,2010,2,5,
302750166,s:20~l:23~e:302750166~c:302750166,2010-10-03T00:00Z,0,True,False,False,False,True,False,2010-10-03T00:00Z,ESPN3,[],,,national,ESPN3,1,STD,3601,Aggie Memorial Stadium,Las Cruces,NM,USA,False,0.0,0:00,4,3,STATUS_FINAL,post,True,Final,Final,Final,4,166,s:20~l:23~t:166,New Mexico State,Aggies,NMSU,New Mexico State Aggies,New Mexico St,7e141b,231f20,True,3601,https://a.espncdn.com/i/teamlogos/ncaa/500/166.png,16,0,False,99,"[{'value': 0.0, 'displayValue': '0', 'period': 1}
 {'value': 0.0, 'displayValue': '0', 'period': 2}
 {'value': 0.0, 'displayValue': '0', 'period': 3}
 {'value': 0.0, 'displayValue': '0', 'period': 4}]","[{'name': 'overall', 'abbreviation': 'Game', 'type': 'total', 'summary': '0-4'}
 {'name': 'Home', 'abbreviation': None, 'type': 'home', 'summary': '0-2'}
 {'name': 'Road', 'abbreviation': None, 'type': 'road', 'summary': '0-2'}
 {'name': 'vs. Conf.', 'abbreviation': None, 'type': 'vsconf', 'summary': '0-1'}]",68,s:20~l:23~t:68,Boise State,Broncos,BSU,Boise State Broncos,Boise St,0033a0,d64309,True,3653,https://a.espncdn.com/i/teamlogos/ncaa/500/68.png,16,59,True,3,"[{'value': 24.0, 'displayValue': '24', 'period': 1}
 {'value': 14.0, 'displayValue': '14', 'period': 2}
 {'value': 14.0, 'displayValue': '14', 'period': 3}
 {'value': 7.0, 'displayValue': '7', 'period': 4}]","[{'name': 'overall', 'abbreviation': 'Game', 'type': 'total', 'summary': '4-0'}
 {'name': 'Home', 'abbreviation': None, 'type': 'home', 'summary': '1-0'}
 {'name': 'Road', 'abbreviation': None, 'type': 'road', 'summary': '3-0'}
 {'name': 'vs. Conf.', 'abbreviation': None, 'type': 'vsconf', 'summary': '1-0'}]",302750166,2010,2,5,
302752483,s:20~l:23~e:302752483~c:302752483,2010-10-03T00:00Z,0,True,False,False,False,True,False,2010-10-03T00:00Z,ABC/ESPN3,[],,,national,ABC,1,STD,3626,Autzen Stadium,Eugene,OR,USA,False,0.0,0:00,4,3,STATUS_FINAL,post,True,Final,Final,Final,4,2483,s:20~l:23~t:2483,Oregon,Ducks,ORE,Oregon Ducks,Oregon,00934b,fff41b,True,3626,https://a.espncdn.com/i/teamlogos/ncaa/500/2483.png,5,52,True,4,"[{'value': 3.0, 'displayValue': '3', 'period': 1}
 {'value': 21.0, 'displayValue': '21', 'period': 2}
 {'value': 14.0, 'displayValue': '14', 'period': 3}
 {'value': 14.0, 'displayValue': '14', 'period': 4}]","[{'name': 'overall', 'abbreviation': 'Game', 'type': 'total', 'summary': '5-0'}
 {'name': 'Home', 'abbreviation': None, 'type': 'home', 'summary': '3-0'}
 {'name': 'Road', 'abbreviation': None, 'type': 'road', 'summary': '2-0'}
 {'name': 'vs. Conf.', 'abbreviation': None, 'type': 'vsconf', 'summary': '2-0'}]",24,s:20~l:23~t:24,Stanford,Cardinal,STAN,Stanford Cardinal,Stanford,8c1515,ffffff,True,3940,https://a.espncdn.com/i/teamlogos/ncaa/500/24.png,1,31,False,9,"[{'value': 21.0, 'displayValue': '21', 'period': 1}
 {'value': 10.0, 'displayValue': '10', 'period': 2}
 {'value': 0.0, 'displayValue': '0', 'period': 3}
 {'value': 0.0, 'displayValue': '0', 'period': 4}]","[{'name': 'overall', 'abbreviation': 'Game', 'type': 'total', 'summary': '4-1'}
 {'name': 'Home', 'abbreviation': None, 'type': 'home', 'summary': '2-0'}
 {'name': 'Road', 'abbreviation': None, 'type': 'road', 'summary': '2-1'}
 {'name': 'vs. Conf.', 'abbreviation': None, 'type': 'vsconf', 'summary': '1-1'}]",302752483,2010,2,5,
302750036,s:20~l:23~e:302750036~c:302750036,2010-10-02T18:00Z,0,True,False,False,False,True,False,2010-10-02T18:00Z,,[],,,,,1,STD,3761,Hughes Stadium (CO),Fort Collins,CO,USA,False,10.0,0:10,4,3,STATUS_FINAL,post,True,Final,Final,Final,4,36,s:20~l:23~t:36,Colorado State,Rams,CSU,Colorado State Rams,Colorado St,004c23,c8c372,True,5388,https://a.espncdn.com/i/teamlogos/ncaa/500/36.png,9,0,False,99,"[{'value': 0.0, 'displayValue': '0', 'period': 1}
 {'value': 0.0, 'displayValue': '0', 'period': 2}
 {'value': 0.0, 'displayValue': '0', 'period': 3}
 {'value': 0.0, 'displayValue': '0', 'period': 4}]","[{'name': 'overall', 'abbreviation': 'Game', 'type': 'total', 'summary': '1-4'}
 {'name': 'Home', 'abbreviation': None, 'type': 'home', 'summary': '1-2'}
 {'name': 'Road', 'abbreviation': None, 'type': 'road', 'summary': '0-2'}
 {'name': 'vs. Conf.', 'abbreviation': None, 'type': 'vsconf', 'summary': '0-1'}]",2628,s:20~l:23~t:2628,TCU,Horned Frogs,TCU,TCU Horned Frogs,TCU,4d1979,ffffff,True,3616,https://a.espncdn.com/i/teamlogos/ncaa/500/2628.png,4,27,True,5,"[{'value': 3.0, 'displayValue': '3', 'period': 1}
 {'value': 3.0, 'displayValue': '3', 'period': 2}
 {'value': 14.0, 'displayValue': '14', 'period': 3}
 {'value': 7.0, 'displayValue': '7', 'period': 4}]","[{'name': 'overall', 'abbreviation': 'Game', 'type': 'total', 'summary': '5-0'}
 {'name': 'Home', 'abbreviation': None, 'type': 'home', 'summary': '3-0'}
 {'name': 'Road', 'abbreviation': None, 'type': 'road', 'summary': '2-0'}
 {'name': 'vs. Conf.', 'abbreviation': None, 'type': 'vsconf', 'summary': '1-0'}]",302750036,2010,2,5,
302750201,s:20~l:23~e:302750201~c:302750201,2010-10-02T19:30Z,0,True,False,True,False,True,False,2010-10-02T19:30Z,ABC/ESPN3,[],event,AT DALLAS TX,national,ABC,1,STD,,,,,,,0.0,0:00,4,3,STATUS_FINAL,post,True,Final,Final,Final,4,201,s:20~l:23~t:201,Oklahoma,Sooners,OKLA,Oklahoma Sooners,Oklahoma,990000,ffffff,True,3835,https://a.espncdn.com/i/teamlogos/ncaa/500/201.png,4,28,True,8,"[{'value': 14.0, 'displayValue': '14', 'period': 1}
 {'value': 7.0, 'displayValue': '7', 'period': 2}
 {'value': 0.0, 'displayValue': '0', 'period': 3}
 {'value': 7.0, 'displayValue': '7', 'period': 4}]","[{'name': 'overall', 'abbreviation': 'Game', 'type': 'total', 'summary': '5-0'}
 {'name': 'Home', 'abbreviation': None, 'type': 'home', 'summary': '4-0'}
 {'name': 'Road', 'abbreviation': None, 'type': 'road', 'summary': '1-0'}
 {'name': 'vs. Conf.', 'abbreviation': None, 'type': 'vsconf', 'summary': '1-0'}]",251,s:20~l:23~t:251,Texas,Longhorns,TEX,Texas Longhorns,Texas,af5c37,ffffff,True,3910,https://a.espncdn.com/i/teamlogos/ncaa/500/251.png,4,20,False,21,"[{'value': 7.0, 'displayValue': '7', 'period': 1}
 {'value': 0.0, 'displayValue': '0', 'period': 2}
 {'value': 3.0, 'displayValue': '3', 'period': 3}
 {'value': 10.0, 'displayValue': '10', 'period': 4}]","[{'name': 'overall', 'abbreviation': 'Game', 'type': 'total', 'summary': '3-2'}
 {'name': 'Home', 'abbreviation': None, 'type': 'home', 'summary': '1-1'}
 {'name': 'Road', 'abbreviation': None, 'type': 'road', 'summary': '2-1'}
 {'name': 'vs. Conf.', 'abbreviation': None, 'type': 'vsconf', 'summary': '1-1'}]",302750201,2010,2,5,
302750002,s:20~l:23~e:302750002~c:302750002,2010-10-02T16:00Z,0,True,False,False,False,True,False,2010-10-02T16:00Z,ESPNU,[],,,national,ESPNU,1,STD,3785,Jordan-Hare Stadium,Auburn,AL,USA,False,0.0,0:00,4,3,STATUS_FINAL,post,True,Final,Final,Final,4,2,s:20~l:23~t:2,Auburn,Tigers,AUB,Auburn Tigers,Auburn,002b5c,f26522,True,3785,https://a.espncdn.com/i/teamlogos/ncaa/500/2.png,8,52,True,10,"[{'value': 17.0, 'displayValue': '17', 'period': 1}
 {'value': 14.0, 'displayValue': '14', 'period': 2}
 {'value': 7.0, 'displayValue': '7', 'period': 3}
 {'value': 14.0, 'displayValue': '14', 'period': 4}]","[{'name': 'overall', 'abbreviation': 'Game', 'type': 'total', 'summary': '5-0'}
 {'name': 'Home', 'abbreviation': None, 'type': 'home', 'summary': '4-0'}
 {'name': 'Road', 'abbreviation': None, 'type': 'road', 'summary': '1-0'}
 {'name': 'vs. Conf.', 'abbreviation': None, 'type': 'vsconf', 'summary': '2-0'}]",2433,s:20~l:23~t:2433,Louisiana Monroe,Warhawks,ULM,Louisiana Monroe Warhawks,UL Monroe,840029,fdb913,False,3817,https://a.espncdn.com/i/teamlogos/ncaa/500/2433.png,37,3,False,99,"[{'value': 3.0, 'displayValue': '3', 'period': 1}
 {'value': 0.0, 'displayValue': '0', 'period': 2}
 {'value': 0.0, 'displayValue': '0', 'period': 3}
 {'value': 0.0, 'displayValue': '0', 'period': 4}]","[{'name': 'overall', 'abbreviation': 'Game', 'type': 'total', 'summary': '1-3'}
 {'name': 'Home', 'abbreviation': None, 'type': 'home', 'summary': '1-1'}
 {'name': 'Road', 'abbreviation': None, 'type': 'road', 'summary': '0-2'}
 {'name': 'vs. Conf.', 'abbreviation': None, 'type': 'vsconf', 'summary': '0-1'}]",302750002,2010,2,5,
302750127,s:20~l:23~e:302750127~c:302750127,2010-10-02T19:30Z,0,True,False,False,False,True,False,2010-10-02T19:30Z,ABC/ESPN3,[],,,national,ABC,1,STD,3936,Spartan Stadium,East Lansing,MI,USA,False,0.0,0:00,4,3,STATUS_FINAL,post,True,Final,Final,Final,4,127,s:20~l:23~t:127,Michigan State,Spartans,MSU,Michigan State Spartans,Michigan St,173f35,ffffff,True,3936,https://a.espncdn.com/i/teamlogos/ncaa/500/127.png,5,34,True,24,"[{'value': 3.0, 'displayValue': '3', 'period': 1}
 {'value': 17.0, 'displayValue': '17', 'period': 2}
 {'value': 7.0, 'displayValue': '7', 'period': 3}
 {'value': 7.0, 'displayValue': '7', 'period': 4}]","[{'name': 'overall', 'abbreviation': 'Game', 'type': 'total', 'summary': '5-0'}
 {'name': 'Home', 'abbreviation': None, 'type': 'home', 'summary': '4-0'}
 {'name': 'Road', 'abbreviation': None, 'type': 'road', 'summary': '1-0'}
 {'name': 'vs. Conf.', 'abbreviation': None, 'type': 'vsconf', 'summary': '1-0'}]",275,s:20~l:23~t:275,Wisconsin,Badgers,WIS,Wisconsin Badgers,Wisconsin,a00000,ffffff,True,347,https://a.espncdn.com/i/teamlogos/ncaa/500/275.png,5,24,False,11,"[{'value': 0.0, 'displayValue': '0', 'period': 1}
 {'value': 10.0, 'displayValue': '10', 'period': 2}
 {'value': 7.0, 'displayValue': '7', 'period': 3}
 {'value': 7.0, 'displayValue': '7', 'period': 4}]","[{'name': 'overall', 'abbreviation': 'Game', 'type': 'total', 'summary': '4-1'}
 {'name': 'Home', 'abbreviation': None, 'type': 'home', 'summary': '3-0'}
 {'name': 'Road', 'abbreviation': None, 'type': 'road', 'summary': '1-1'}
 {'name': 'vs. Conf.', 'abbreviation': None, 'type': 'vsconf', 'summary': '0-1'}]",302750127,2010,2,5,
302750099,s:20~l:23~e:302750099~c:302750099,2010-10-02T19:30Z,0,True,False,False,False,True,False,2010-10-02T19:30Z,CBS,[],,,national,CBS,1,STD,3958,Tiger Stadium (LA),Baton Rouge,LA,USA,False,0.0,0:00,4,3,STATUS_FINAL,post,True,Final,Final,Final,4,99,s:20~l:23~t:99,LSU,Tigers,LSU,LSU Tigers,LSU,461d76,fdd023,True,3958,https://a.espncdn.com/i/teamlogos/ncaa/500/99.png,8,16,True,12,"[{'value': 7.0, 'displayValue': '7', 'period': 1}
 {'value': 0.0, 'displayValue': '0', 'period': 2}
 {'value': 0.0, 'displayValue': '0', 'period': 3}
 {'value': 9.0, 'displayValue': '9', 'period': 4}]","[{'name': 'overall', 'abbreviation': 'Game', 'type': 'total', 'summary': '5-0'}
 {'name': 'Home', 'abbreviation': None, 'type': 'home', 'summary': '3-0'}
 {'name': 'Road', 'abbreviation': None, 'type': 'road', 'summary': '2-0'}
 {'name': 'vs. Conf.', 'abbreviation': None, 'type': 'vsconf', 'summary': '3-0'}]",2633,s:20~l:23~t:2633,Tennessee,Volunteers,TENN,Tennessee Volunteers,Tennessee,ff8200,ffffff,True,3853,https://a.espncdn.com/i/teamlogos/ncaa/500/2633.png,8,14,False,99,"[{'value': 7.0, 'displayValue': '7', 'period': 1}
 {'value': 0.0, 'displayValue': '0', 'period': 2}
 {'value': 0.0, 'displayValue': '0', 'period': 3}
 {'value': 7.0, 'displayValue': '7', 'period': 4}]","[{'name': 'overall', 'abbreviation': 'Game', 'type': 'total', 'summary': '2-3'}
 {'name': 'Home', 'abbreviation': None, 'type': 'home', 'summary': '2-2'}
 {'name': 'Road', 'abbreviation': None, 'type': 'road', 'summary': '0-1'}
 {'name': 'vs. Conf.', 'abbreviation': None, 'type': 'vsconf', 'summary': '0-2'}]",302750099,2010,2,5,
302750228,s:20~l:23~e:302750228~c:302750228,2010-10-02T16:00Z,0,True,False,False,False,True,False,2010-10-02T16:00Z,ESPN3/ESPN2,[],,,national,ESPN3,1,STD,3836,"Memorial Stadium (Clemson, SC)",Clemson,SC,USA,False,0.0,0:00,4,3,STATUS_FINAL,post,True,Final,Final,Final,4,228,s:20~l:23~t:228,Clemson,Tigers,CLEM,Clemson Tigers,Clemson,f56600,ffffff,True,3836,https://a.espncdn.com/i/teamlogos/ncaa/500/228.png,1,21,False,99,"[{'value': 7.0, 'displayValue': '7', 'period': 1}
 {'value': 7.0, 'displayValue': '7', 'period': 2}
 {'value': 7.0, 'displayValue': '7', 'period': 3}
 {'value': 0.0, 'displayValue': '0', 'period': 4}]","[{'name': 'overall', 'abbreviation': 'Game', 'type': 'total', 'summary': '2-2'}
 {'name': 'Home', 'abbreviation': None, 'type': 'home', 'summary': '2-1'}
 {'name': 'Road', 'abbreviation': None, 'type': 'road', 'summary': '0-1'}
 {'name': 'vs. Conf.', 'abbreviation': None, 'type': 'vsconf', 'summary': '0-1'}]",2390,s:20~l:23~t:2390,Miami,Hurricanes,MIAMI,Miami Hurricanes,Miami,f47423,035131,True,3948,https://a.espncdn.com/i/teamlogos/ncaa/500/2390.png,1,30,True,16,"[{'value': 7.0, 'displayValue': '7', 'period': 1}
 {'value': 20.0, 'displayValue': '20', 'period': 2}
 {'value': 0.0, 'displayValue': '0', 'period': 3}
 {'value': 3.0, 'displayValue': '3', 'period': 4}]","[{'name': 'overall', 'abbreviation': 'Game', 'type': 'total', 'summary': '3-1'}
 {'name': 'Home', 'abbreviation': None, 'type': 'home', 'summary': '1-0'}
 {'name': 'Road', 'abbreviation': None, 'type': 'road', 'summary': '2-1'}
 {'name': 'vs. Conf.', 'abbreviation': None, 'type': 'vsconf', 'summary': '1-0'}]",302750228,2010,2,5,
302752294,s:20~l:23~e:302752294~c:302752294,2010-10-03T00:05Z,0,True,False,False,False,True,False,2010-10-03T00:05Z,ESPN3/ESPN,[],,,national,ESPN3,1,STD,3793,Kinnick Stadium,Iowa City,IA,USA,False,0.0,0:00,4,3,STATUS_FINAL,post,True,Final,Final,Final,4,2294,s:20~l:23~t:2294,Iowa,Hawkeyes,IOWA,Iowa Hawkeyes,Iowa,231f20,fcd116,True,3793,https://a.espncdn.com/i/teamlogos/ncaa/500/2294.png,5,24,True,17,"[{'value': 10.0, 'displayValue': '10', 'period': 1}
 {'value': 7.0, 'displayValue': '7', 'period': 2}
 {'value': 0.0, 'displayValue': '0', 'period': 3}
 {'value': 7.0, 'displayValue': '7', 'period': 4}]","[{'name': 'overall', 'abbreviation': 'Game', 'type': 'total', 'summary': '4-1'}
 {'name': 'Home', 'abbreviation': None, 'type': 'home', 'summary': '4-0'}
 {'name': 'Road', 'abbreviation': None, 'type': 'road', 'summary': '0-1'}
 {'name': 'vs. Conf.', 'abbreviation': None, 'type': 'vsconf', 'summary': '1-0'}]",213,s:20~l:23~t:213,Penn State,Nittany Lions,PSU,Penn State Nittany Lions,Penn State,061440,ffffff,True,3632,https://a.espncdn.com/i/teamlogos/ncaa/500/213.png,5,3,False,22,"[{'value': 0.0, 'displayValue': '0', 'period': 1}
 {'value': 3.0, 'displayValue': '3', 'period': 2}
 {'value': 0.0, 'displayValue': '0', 'period': 3}
 {'value': 0.0, 'displayValue': '0', 'period': 4}]","[{'name': 'overall', 'abbreviation': 'Game', 'type': 'total', 'summary': '3-2'}
 {'name': 'Home', 'abbreviation': None, 'type': 'home', 'summary': '3-0'}
 {'name': 'Road', 'abbreviation': None, 'type': 'road', 'summary': '0-2'}
 {'name': 'vs. Conf.', 'abbreviation': None, 'type': 'vsconf', 'summary': '0-1'}]",302752294,2010,2,5,
302750030,s:20~l:23~e:302750030~c:302750030,2010-10-03T00:00Z,0,True,False,False,False,True,False,2010-10-03T00:00Z,ESPN3/ESPN2,[],,,national,ESPN3,1,STD,477,Los Angeles Memorial Coliseum,Los Angeles,CA,USA,False,0.0,0:00,4,3,STATUS_FINAL,post,True,Final,Final,Final,4,30,s:20~l:23~t:30,USC,Trojans,USC,USC Trojans,USC,9d2235,ffc72c,True,477,https://a.espncdn.com/i/teamlogos/ncaa/500/30.png,5,31,False,18,"[{'value': 7.0, 'displayValue': '7', 'period': 1}
 {'value': 14.0, 'displayValue': '14', 'period': 2}
 {'value': 7.0, 'displayValue': '7', 'period': 3}
 {'value': 3.0, 'displayValue': '3', 'period': 4}]","[{'name': 'overall', 'abbreviation': 'Game', 'type': 'total', 'summary': '4-1'}
 {'name': 'Home', 'abbreviation': None, 'type': 'home', 'summary': '1-1'}
 {'name': 'Road', 'abbreviation': None, 'type': 'road', 'summary': '3-0'}
 {'name': 'vs. Conf.', 'abbreviation': None, 'type': 'vsconf', 'summary': '1-1'}]",264,s:20~l:23~t:264,Washington,Huskies,WASH,Washington Huskies,Washington,33006f,e8d3a2,True,3765,https://a.espncdn.com/i/teamlogos/ncaa/500/264.png,5,32,True,99,"[{'value': 3.0, 'displayValue': '3', 'period': 1}
 {'value': 17.0, 'displayValue': '17', 'period': 2}
 {'value': 3.0, 'displayValue': '3', 'period': 3}
 {'value': 9.0, 'displayValue': '9', 'period': 4}]","[{'name': 'overall', 'abbreviation': 'Game', 'type': 'total', 'summary': '2-2'}
 {'name': 'Home', 'abbreviation': None, 'type': 'home', 'summary': '1-1'}
 {'name': 'Road', 'abbreviation': None, 'type': 'road', 'summary': '1-1'}
 {'name': 'vs. Conf.', 'abbreviation': None, 'type': 'vsconf', 'summary': '1-0'}]",302750030,2010,2,5,
302750084,s:20~l:23~e:302750084~c:302750084,2010-10-02T19:30Z,0,True,False,False,False,True,False,2010-10-02T19:30Z,ESPNU,[],,,national,ESPNU,1,STD,3830,"Memorial Stadium (Bloomington, IN)",Bloomington,IN,USA,False,0.0,0:00,4,3,STATUS_FINAL,post,True,Final,Final,Final,4,84,s:20~l:23~t:84,Indiana,Hoosiers,IU,Indiana Hoosiers,Indiana,970310,ffffff,True,3830,https://a.espncdn.com/i/teamlogos/ncaa/500/84.png,5,35,False,99,"[{'value': 7.0, 'displayValue': '7', 'period': 1}
 {'value': 14.0, 'displayValue': '14', 'period': 2}
 {'value': 7.0, 'displayValue': '7', 'period': 3}
 {'value': 7.0, 'displayValue': '7', 'period': 4}]","[{'name': 'overall', 'abbreviation': 'Game', 'type': 'total', 'summary': '3-1'}
 {'name': 'Home', 'abbreviation': None, 'type': 'home', 'summary': '2-1'}
 {'name': 'Road', 'abbreviation': None, 'type': 'road', 'summary': '1-0'}
 {'name': 'vs. Conf.', 'abbreviation': None, 'type': 'vsconf', 'summary': '0-1'}]",130,s:20~l:23~t:130,Michigan,Wolverines,MICH,Michigan Wolverines,Michigan,00274c,ffcb05,True,3558,https://a.espncdn.com/i/teamlogos/ncaa/500/130.png,5,42,True,19,"[{'value': 14.0, 'displayValue': '14', 'period': 1}
 {'value': 7.0, 'displayValue': '7', 'period': 2}
 {'value': 14.0, 'displayValue': '14', 'period': 3}
 {'value': 7.0, 'displayValue': '7', 'period': 4}]","[{'name': 'overall', 'abbreviation': 'Game', 'type': 'total', 'summary': '5-0'}
 {'name': 'Home', 'abbreviation': None, 'type': 'home', 'summary': '3-0'}
 {'name': 'Road', 'abbreviation': None, 'type': 'road', 'summary': '2-0'}
 {'name': 'vs. Conf.', 'abbreviation': None, 'type': 'vsconf', 'summary': '1-0'}]",302750084,2010,2,5,
302750152,s:20~l:23~e:302750152~c:302750152,2010-10-02T19:30Z,0,True,False,False,False,True,False,2010-10-02T19:30Z,ABC/ESPN3,[],,,national,ABC,1,STD,3670,Carter-Finley Stadium,Raleigh,NC,USA,False,0.0,0:00,4,3,STATUS_FINAL,post,True,Final,Final,Final,4,152,s:20~l:23~t:152,NC State,Wolfpack,NCST,NC State Wolfpack,NC State,cc0000,ffffff,True,3670,https://a.espncdn.com/i/teamlogos/ncaa/500/152.png,1,30,False,23,"[{'value': 14.0, 'displayValue': '14', 'period': 1}
 {'value': 3.0, 'displayValue': '3', 'period': 2}
 {'value': 10.0, 'displayValue': '10', 'period': 3}
 {'value': 3.0, 'displayValue': '3', 'period': 4}]","[{'name': 'overall', 'abbreviation': 'Game', 'type': 'total', 'summary': '4-1'}
 {'name': 'Home', 'abbreviation': None, 'type': 'home', 'summary': '2-1'}
 {'name': 'Road', 'abbreviation': None, 'type': 'road', 'summary': '2-0'}
 {'name': 'vs. Conf.', 'abbreviation': None, 'type': 'vsconf', 'summary': '1-1'}]",259,s:20~l:23~t:259,Virginia Tech,Hokies,VT,Virginia Tech Hokies,Virginia Tech,6a2c3e,cf4520,True,3799,https://a.espncdn.com/i/teamlogos/ncaa/500/259.png,1,41,True,99,"[{'value': 0.0, 'displayValue': '0', 'period': 1}
 {'value': 7.0, 'displayValue': '7', 'period': 2}
 {'value': 14.0, 'displayValue': '14', 'period': 3}
 {'value': 20.0, 'displayValue': '20', 'period': 4}]","[{'name': 'overall', 'abbreviation': 'Game', 'type': 'total', 'summary': '3-2'}
 {'name': 'Home', 'abbreviation': None, 'type': 'home', 'summary': '1-2'}
 {'name': 'Road', 'abbreviation': None, 'type': 'road', 'summary': '2-0'}
 {'name': 'vs. Conf.', 'abbreviation': None, 'type': 'vsconf', 'summary': '2-0'}]",302750152,2010,2,5,
302752439,s:20~l:23~e:302752439~c:302752439,2010-10-03T02:00Z,0,True,False,False,False,True,False,2010-10-03T02:00Z,,[],,,,,1,STD,3914,Sam Boyd Stadium,Las Vegas,NV,USA,False,0.0,0:00,4,3,STATUS_FINAL,post,True,Final,Final,Final,4,2439,s:20~l:23~t:2439,UNLV,Rebels,UNLV,UNLV Rebels,UNLV,cf0a2c,cac8c8,True,6501,https://a.espncdn.com/i/teamlogos/ncaa/500/2439.png,17,26,False,99,"[{'value': 7.0, 'displayValue': '7', 'period': 1}
 {'value': 7.0, 'displayValue': '7', 'period': 2}
 {'value': 3.0, 'displayValue': '3', 'period': 3}
 {'value': 9.0, 'displayValue': '9', 'period': 4}]","[{'name': 'overall', 'abbreviation': 'Game', 'type': 'total', 'summary': '1-4'}
 {'name': 'Home', 'abbreviation': None, 'type': 'home', 'summary': '1-2'}
 {'name': 'Road', 'abbreviation': None, 'type': 'road', 'summary': '0-2'}
 {'name': 'vs. Conf.', 'abbreviation': None, 'type': 'vsconf', 'summary': '1-1'}]",2440,s:20~l:23~t:2440,Nevada,Wolf Pack,NEV,Nevada Wolf Pack,Nevada,041e42,8a8d8f,True,3816,https://a.espncdn.com/i/teamlogos/ncaa/500/2440.png,16,44,True,25,"[{'value': 7.0, 'displayValue': '7', 'period': 1}
 {'value': 21.0, 'displayValue': '21', 'period': 2}
 {'value': 10.0, 'displayValue': '10', 'period': 3}
 {'value': 6.0, 'displayValue': '6', 'period': 4}]","[{'name': 'overall', 'abbreviation': 'Game', 'type': 'total', 'summary': '5-0'}
 {'name': 'Home', 'abbreviation': None, 'type': 'home', 'summary': '3-0'}
 {'name': 'Road', 'abbreviation': None, 'type': 'road', 'summary': '2-0'}
 {'name': 'vs. Conf.', 'abbreviation': None, 'type': 'vsconf', 'summary': '0-0'}]",302752439,2010,2,5,
302750041,s:20~l:23~e:302750041~c:302750041,2010-10-02T16:00Z,0,True,False,False,False,True,False,2010-10-02T16:00Z,ESPN3,[],,,national,ESPN3,1,STD,3892,Pratt & Whitney Stadium,East Hartford,CT,USA,False,4.0,0:04,4,3,STATUS_FINAL,post,True,Final,Final,Final,4,41,s:20~l:23~t:41,Connecticut,Huskies,CONN,Connecticut Huskies,UConn,0c2340,a2aaad,False,3892,https://a.espncdn.com/i/teamlogos/ncaa/500/41.png,10,40,True,99,"[{'value': 7.0, 'displayValue': '7', 'period': 1}
 {'value': 14.0, 'displayValue': '14', 'period': 2}
 {'value': 10.0, 'displayValue': '10', 'period': 3}
 {'value': 9.0, 'displayValue': '9', 'period': 4}]","[{'name': 'overall', 'abbreviation': 'Game', 'type': 'total', 'summary': '3-2'}
 {'name': 'Home', 'abbreviation': None, 'type': 'home', 'summary': '3-0'}
 {'name': 'Road', 'abbreviation': None, 'type': 'road', 'summary': '0-2'}
 {'name': 'vs. Conf.', 'abbreviation': None, 'type': 'vsconf', 'summary': '0-0'}]",238,s:20~l:23~t:238,Vanderbilt,Commodores,VAN,Vanderbilt Commodores,Vanderbilt,000000,cfae70,True,3973,https://a.espncdn.com/i/teamlogos/ncaa/500/238.png,8,21,False,99,"[{'value': 0.0, 'displayValue': '0', 'period': 1}
 {'value': 21.0, 'displayValue': '21', 'period': 2}
 {'value': 0.0, 'displayValue': '0', 'period': 3}
 {'value': 0.0, 'displayValue': '0', 'period': 4}]","[{'name': 'overall', 'abbreviation': 'Game', 'type': 'total', 'summary': '1-3'}
 {'name': 'Home', 'abbreviation': None, 'type': 'home', 'summary': '0-2'}
 {'name': 'Road', 'abbreviation': None, 'type': 'road', 'summary': '1-1'}
 {'name': 'vs. Conf.', 'abbreviation': None, 'type': 'vsconf', 'summary': '1-1'}]",302750041,2010,2,5,
302750135,s:20~l:23~e:302750135~c:302750135,2010-10-02T16:00Z,0,True,False,False,False,True,False,2010-10-02T16:00Z,ESPN3/ESPN,[],,,national,ESPN3,1,STD,3953,Huntington Bank Stadium,Minneapolis,MN,USA,False,0.0,0:00,4,3,STATUS_FINAL,post,True,Final,Final,Final,4,135,s:20~l:23~t:135,Minnesota,Golden Gophers,MINN,Minnesota Golden Gophers,Minnesota,5e0a2f,fab41c,True,3953,https://a.espncdn.com/i/teamlogos/ncaa/500/135.png,5,28,False,99,"[{'value': 7.0, 'displayValue': '7', 'period': 1}
 {'value': 14.0, 'displayValue': '14', 'period': 2}
 {'value': 0.0, 'displayValue': '0', 'period': 3}
 {'value': 7.0, 'displayValue': '7', 'period': 4}]","[{'name': 'overall', 'abbreviation': 'Game', 'type': 'total', 'summary': '1-4'}
 {'name': 'Home', 'abbreviation': None, 'type': 'home', 'summary': '0-4'}
 {'name': 'Road', 'abbreviation': None, 'type': 'road', 'summary': '1-0'}
 {'name': 'vs. Conf.', 'abbreviation': None, 'type': 'vsconf', 'summary': '0-1'}]",77,s:20~l:23~t:77,Northwestern,Wildcats,NU,Northwestern Wildcats,Northwestern,492f92,ffffff,True,5960,https://a.espncdn.com/i/teamlogos/ncaa/500/77.png,5,29,True,99,"[{'value': 14.0, 'displayValue': '14', 'period': 1}
 {'value': 0.0, 'displayValue': '0', 'period': 2}
 {'value': 6.0, 'displayValue': '6', 'period': 3}
 {'value': 9.0, 'displayValue': '9', 'period': 4}]","[{'name': 'overall', 'abbreviation': 'Game', 'type': 'total', 'summary': '5-0'}
 {'name': 'Home', 'abbreviation': None, 'type': 'home', 'summary': '2-0'}
 {'name': 'Road', 'abbreviation': None, 'type': 'road', 'summary': '3-0'}
 {'name': 'vs. Conf.', 'abbreviation': None, 'type': 'vsconf', 'summary': '1-0'}]",302750135,2010,2,5,
302750239,s:20~l:23~e:302750239~c:302750239,2010-10-02T16:00Z,0,True,False,False,False,True,False,2010-10-02T16:00Z,,[],,,,,1,STD,3724,Floyd Casey Stadium,Waco,TX,USA,True,24.0,0:24,4,3,STATUS_FINAL,post,True,Final,Final,Final,4,239,s:20~l:23~t:239,Baylor,Bears,BAY,Baylor Bears,Baylor,154734,ffb81c,True,3724,https://a.espncdn.com/i/teamlogos/ncaa/500/239.png,4,55,True,99,"[{'value': 10.0, 'displayValue': '10', 'period': 1}
 {'value': 17.0, 'displayValue': '17', 'period': 2}
 {'value': 21.0, 'displayValue': '21', 'period': 3}
 {'value': 7.0, 'displayValue': '7', 'period': 4}]","[{'name': 'overall', 'abbreviation': 'Game', 'type': 'total', 'summary': '4-1'}
 {'name': 'Home', 'abbreviation': None, 'type': 'home', 'summary': '3-0'}
 {'name': 'Road', 'abbreviation': None, 'type': 'road', 'summary': '1-1'}
 {'name': 'vs. Conf.', 'abbreviation': None, 'type': 'vsconf', 'summary': '1-0'}]",2305,s:20~l:23~t:2305,Kansas,Jayhawks,KU,Kansas Jayhawks,Kansas,0051ba,e8000d,True,3833,https://a.espncdn.com/i/teamlogos/ncaa/500/2305.png,4,7,False,99,"[{'value': 0.0, 'displayValue': '0', 'period': 1}
 {'value': 7.0, 'displayValue': '7', 'period': 2}
 {'value': 0.0, 'displayValue': '0', 'period': 3}
 {'value': 0.0, 'displayValue': '0', 'period': 4}]","[{'name': 'overall', 'abbreviation': 'Game', 'type': 'total', 'summary': '2-3'}
 {'name': 'Home', 'abbreviation': None, 'type': 'home', 'summary': '2-1'}
 {'name': 'Road', 'abbreviation': None, 'type': 'road', 'summary': '0-2'}
 {'name': 'vs. Conf.', 'abbreviation': None, 'type': 'vsconf', 'summary': '0-1'}]",302750239,2010,2,5,
302750256,s:20~l:23~e:302750256~c:302750256,2010-10-02T16:00Z,0,True,False,False,False,True,False,2010-10-02T16:00Z,,[],,,,,1,STD,3651,Bridgeforth Stadium,Harrisonburg,VA,USA,False,0.0,0:00,4,3,STATUS_FINAL,post,True,Final,Final,Final,4,256,s:20~l:23~t:256,James Madison,Dukes,JMU,James Madison Dukes,JMU,450084,cbb677,True,3651,https://a.espncdn.com/i/teamlogos/ncaa/500/256.png,48,10,False,99,"[{'value': 0.0, 'displayValue': '0', 'period': 1}
 {'value': 10.0, 'displayValue': '10', 'period': 2}
 {'value': 0.0, 'displayValue': '0', 'period': 3}
 {'value': 0.0, 'displayValue': '0', 'period': 4}]","[{'name': 'overall', 'abbreviation': 'Game', 'type': 'total', 'summary': '3-1'}
 {'name': 'Home', 'abbreviation': None, 'type': 'home', 'summary': '2-1'}
 {'name': 'Road', 'abbreviation': None, 'type': 'road', 'summary': '1-0'}
 {'name': 'vs. Conf.', 'abbreviation': None, 'type': 'vsconf', 'summary': '0-1'}]",48,s:20~l:23~t:48,Delaware,Blue Hens,DEL,Delaware Blue Hens,Delaware,00539f,ffd200,True,3695,https://a.espncdn.com/i/teamlogos/ncaa/500/48.png,48,13,True,99,"[{'value': 0.0, 'displayValue': '0', 'period': 1}
 {'value': 7.0, 'displayValue': '7', 'period': 2}
 {'value': 0.0, 'displayValue': '0', 'period': 3}
 {'value': 6.0, 'displayValue': '6', 'period': 4}]","[{'name': 'overall', 'abbreviation': 'Game', 'type': 'total', 'summary': '5-0'}
 {'name': 'Home', 'abbreviation': None, 'type': 'home', 'summary': '3-0'}
 {'name': 'Road', 'abbreviation': None, 'type': 'road', 'summary': '2-0'}
 {'name': 'vs. Conf.', 'abbreviation': None, 'type': 'vsconf', 'summary': '2-0'}]",302750256,2010,2,5,
302750258,s:20~l:23~e:302750258~c:302750258,2010-10-02T16:00Z,0,True,False,False,False,True,False,2010-10-02T16:00Z,ESPN3,[],,,national,ESPN3,1,STD,3923,Scott Stadium,Charlottesville,VA,USA,False,99.0,1:39,4,3,STATUS_FINAL,post,True,Final,Final,Final,4,258,s:20~l:23~t:258,Virginia,Cavaliers,UVA,Virginia Cavaliers,UVA,232d4b,f84c1e,True,3923,https://a.espncdn.com/i/teamlogos/ncaa/500/258.png,1,14,False,99,"[{'value': 0.0, 'displayValue': '0', 'period': 1}
 {'value': 0.0, 'displayValue': '0', 'period': 2}
 {'value': 7.0, 'displayValue': '7', 'period': 3}
 {'value': 7.0, 'displayValue': '7', 'period': 4}]","[{'name': 'overall', 'abbreviation': 'Game', 'type': 'total', 'summary': '2-2'}
 {'name': 'Home', 'abbreviation': None, 'type': 'home', 'summary': '2-1'}
 {'name': 'Road', 'abbreviation': None, 'type': 'road', 'summary': '0-1'}
 {'name': 'vs. Conf.', 'abbreviation': None, 'type': 'vsconf', 'summary': '0-1'}]",52,s:20~l:23~t:52,Florida State,Seminoles,FSU,Florida State Seminoles,FSU,782f40,ceb888,True,3697,https://a.espncdn.com/i/teamlogos/ncaa/500/52.png,1,34,True,99,"[{'value': 10.0, 'displayValue': '10', 'period': 1}
 {'value': 17.0, 'displayValue': '17', 'period': 2}
 {'value': 7.0, 'displayValue': '7', 'period': 3}
 {'value': 0.0, 'displayValue': '0', 'period': 4}]","[{'name': 'overall', 'abbreviation': 'Game', 'type': 'total', 'summary': '4-1'}
 {'name': 'Home', 'abbreviation': None, 'type': 'home', 'summary': '3-0'}
 {'name': 'Road', 'abbreviation': None, 'type': 'road', 'summary': '1-1'}
 {'name': 'vs. Conf.', 'abbreviation': None, 'type': 'vsconf', 'summary': '2-0'}]",302750258,2010,2,5,
302750344,s:20~l:23~e:302750344~c:302750344,2010-10-02T16:00Z,0,True,False,False,False,True,False,2010-10-02T16:00Z,ESPN3,[],,,national,ESPN3,1,STD,3693,Davis Wade Stadium,Starkville,MS,USA,False,0.0,0:00,4,3,STATUS_FINAL,post,True,Final,Final,Final,4,344,s:20~l:23~t:344,Mississippi State,Bulldogs,MSST,Mississippi State Bulldogs,Miss St,5d1725,c1c6c8,True,3693,https://a.espncdn.com/i/teamlogos/ncaa/500/344.png,8,49,True,99,"[{'value': 7.0, 'displayValue': '7', 'period': 1}
 {'value': 28.0, 'displayValue': '28', 'period': 2}
 {'value': 0.0, 'displayValue': '0', 'period': 3}
 {'value': 14.0, 'displayValue': '14', 'period': 4}]","[{'name': 'overall', 'abbreviation': 'Game', 'type': 'total', 'summary': '3-2'}
 {'name': 'Home', 'abbreviation': None, 'type': 'home', 'summary': '3-1'}
 {'name': 'Road', 'abbreviation': None, 'type': 'road', 'summary': '0-1'}
 {'name': 'vs. Conf.', 'abbreviation': None, 'type': 'vsconf', 'summary': '1-2'}]",2016,s:20~l:23~t:2016,Alcorn State,Braves,ALCN,Alcorn State Braves,Alcorn State,4b0058,46166a,True,3771,https://a.espncdn.com/i/teamlogos/ncaa/500/2016.png,31,16,False,99,"[{'value': 0.0, 'displayValue': '0', 'period': 1}
 {'value': 16.0, 'displayValue': '16', 'period': 2}
 {'value': 0.0, 'displayValue': '0', 'period': 3}
 {'value': 0.0, 'displayValue': '0', 'period': 4}]","[{'name': 'overall', 'abbreviation': 'Game', 'type': 'total', 'summary': '3-1'}
 {'name': 'Home', 'abbreviation': None, 'type': 'home', 'summary': '2-0'}
 {'name': 'Road', 'abbreviation': None, 'type': 'road', 'summary': '1-1'}
 {'name': 'vs. Conf.', 'abbreviation': None, 'type': 'vsconf', 'summary': '2-0'}]",302750344,2010,2,5,
302750349,s:20~l:23~e:302750349~c:302750349,2010-10-02T16:00Z,0,True,False,False,False,True,False,2010-10-02T16:00Z,,[],,,,,1,STD,3841,Michie Stadium,West Point,NY,USA,False,0.0,0:00,4,3,STATUS_FINAL,post,True,Final,Final,Final,4,349,s:20~l:23~t:349,Army,Black Knights,ARMY,Army Black Knights,Army,000000,d3bc8d,True,3841,https://a.espncdn.com/i/teamlogos/ncaa/500/349.png,18,35,False,99,"[{'value': 7.0, 'displayValue': '7', 'period': 1}
 {'value': 14.0, 'displayValue': '14', 'period': 2}
 {'value': 7.0, 'displayValue': '7', 'period': 3}
 {'value': 7.0, 'displayValue': '7', 'period': 4}]","[{'name': 'overall', 'abbreviation': 'Game', 'type': 'total', 'summary': '3-2'}
 {'name': 'Home', 'abbreviation': None, 'type': 'home', 'summary': '1-2'}
 {'name': 'Road', 'abbreviation': None, 'type': 'road', 'summary': '2-0'}
 {'name': 'vs. Conf.', 'abbreviation': None, 'type': 'vsconf', 'summary': '0-0'}]",218,s:20~l:23~t:218,Temple,Owls,TEM,Temple Owls,Temple,a41e35,ffffff,True,3806,https://a.espncdn.com/i/teamlogos/ncaa/500/218.png,15,42,True,99,"[{'value': 13.0, 'displayValue': '13', 'period': 1}
 {'value': 0.0, 'displayValue': '0', 'period': 2}
 {'value': 8.0, 'displayValue': '8', 'period': 3}
 {'value': 21.0, 'displayValue': '21', 'period': 4}]","[{'name': 'overall', 'abbreviation': 'Game', 'type': 'total', 'summary': '4-1'}
 {'name': 'Home', 'abbreviation': None, 'type': 'home', 'summary': '3-0'}
 {'name': 'Road', 'abbreviation': None, 'type': 'road', 'summary': '1-1'}
 {'name': 'vs. Conf.', 'abbreviation': None, 'type': 'vsconf', 'summary': '1-0'}]",302750349,2010,2,5,
302752199,s:20~l:23~e:302752199~c:302752199,2010-10-02T16:00Z,0,True,False,False,False,True,False,2010-10-02T16:00Z,ESPN3,[],,,national,ESPN3,1,STD,3912,Rynearson Stadium,Ypsilanti,MI,USA,False,57.0,0:57,4,3,STATUS_FINAL,post,True,Final,Final,Final,4,2199,s:20~l:23~t:2199,Eastern Michigan,Eagles,EMU,Eastern Michigan Eagles,E Michigan,006938,ffffff,True,3912,https://a.espncdn.com/i/teamlogos/ncaa/500/2199.png,15,17,False,99,"[{'value': 7.0, 'displayValue': '7', 'period': 1}
 {'value': 3.0, 'displayValue': '3', 'period': 2}
 {'value': 0.0, 'displayValue': '0', 'period': 3}
 {'value': 7.0, 'displayValue': '7', 'period': 4}]","[{'name': 'overall', 'abbreviation': 'Game', 'type': 'total', 'summary': '0-5'}
 {'name': 'Home', 'abbreviation': None, 'type': 'home', 'summary': '0-3'}
 {'name': 'Road', 'abbreviation': None, 'type': 'road', 'summary': '0-2'}
 {'name': 'vs. Conf.', 'abbreviation': None, 'type': 'vsconf', 'summary': '0-3'}]",195,s:20~l:23~t:195,Ohio,Bobcats,OHIO,Ohio Bobcats,Ohio,154734,ffffff,True,3876,https://a.espncdn.com/i/teamlogos/ncaa/500/195.png,15,30,True,99,"[{'value': 3.0, 'displayValue': '3', 'period': 1}
 {'value': 7.0, 'displayValue': '7', 'period': 2}
 {'value': 20.0, 'displayValue': '20', 'period': 3}
 {'value': 0.0, 'displayValue': '0', 'period': 4}]","[{'name': 'overall', 'abbreviation': 'Game', 'type': 'total', 'summary': '2-3'}
 {'name': 'Home', 'abbreviation': None, 'type': 'home', 'summary': '1-1'}
 {'name': 'Road', 'abbreviation': None, 'type': 'road', 'summary': '1-2'}
 {'name': 'vs. Conf.', 'abbreviation': None, 'type': 'vsconf', 'summary': '1-1'}]",302752199,2010,2,5,
302750145,s:20~l:23~e:302750145~c:302750145,2010-10-02T16:21Z,0,True,False,False,False,True,False,2010-10-02T16:21Z,ESPN3,[],,,national,ESPN3,1,STD,3974,Vaught-Hemingway Stadium,Oxford,MS,USA,False,65.0,1:05,4,3,STATUS_FINAL,post,True,Final,Final,Final,4,145,s:20~l:23~t:145,Ole Miss,Rebels,MISS,Ole Miss Rebels,Ole Miss,13294b,cf142b,True,3974,https://a.espncdn.com/i/teamlogos/ncaa/500/145.png,8,42,True,99,"[{'value': 7.0, 'displayValue': '7', 'period': 1}
 {'value': 14.0, 'displayValue': '14', 'period': 2}
 {'value': 14.0, 'displayValue': '14', 'period': 3}
 {'value': 7.0, 'displayValue': '7', 'period': 4}]","[{'name': 'overall', 'abbreviation': 'Game', 'type': 'total', 'summary': '3-2'}
 {'name': 'Home', 'abbreviation': None, 'type': 'home', 'summary': '2-2'}
 {'name': 'Road', 'abbreviation': None, 'type': 'road', 'summary': '1-0'}
 {'name': 'vs. Conf.', 'abbreviation': None, 'type': 'vsconf', 'summary': '1-1'}]",96,s:20~l:23~t:96,Kentucky,Wildcats,UK,Kentucky Wildcats,Kentucky,0033a0,ffffff,True,3683,https://a.espncdn.com/i/teamlogos/ncaa/500/96.png,8,35,False,99,"[{'value': 7.0, 'displayValue': '7', 'period': 1}
 {'value': 10.0, 'displayValue': '10', 'period': 2}
 {'value': 3.0, 'displayValue': '3', 'period': 3}
 {'value': 15.0, 'displayValue': '15', 'period': 4}]","[{'name': 'overall', 'abbreviation': 'Game', 'type': 'total', 'summary': '3-2'}
 {'name': 'Home', 'abbreviation': None, 'type': 'home', 'summary': '2-0'}
 {'name': 'Road', 'abbreviation': None, 'type': 'road', 'summary': '1-2'}
 {'name': 'vs. Conf.', 'abbreviation': None, 'type': 'vsconf', 'summary': '0-2'}]",302750145,2010,2,5,
302750193,s:20~l:23~e:302750193~c:302750193,2010-10-02T17:00Z,0,True,False,False,False,True,False,2010-10-02T17:00Z,,[],,,,,1,STD,3996,Yager Stadium,Oxford,OH,USA,False,0.0,0:00,4,3,STATUS_FINAL,post,True,Final,Final,Final,4,193,s:20~l:23~t:193,Miami (OH),RedHawks,M-OH,Miami (OH) RedHawks,Miami (OH),c41230,ffffff,True,3996,https://a.espncdn.com/i/teamlogos/ncaa/500/193.png,15,27,True,99,"[{'value': 3.0, 'displayValue': '3', 'period': 1}
 {'value': 7.0, 'displayValue': '7', 'period': 2}
 {'value': 0.0, 'displayValue': '0', 'period': 3}
 {'value': 17.0, 'displayValue': '17', 'period': 4}]","[{'name': 'overall', 'abbreviation': 'Game', 'type': 'total', 'summary': '3-2'}
 {'name': 'Home', 'abbreviation': None, 'type': 'home', 'summary': '3-0'}
 {'name': 'Road', 'abbreviation': None, 'type': 'road', 'summary': '0-2'}
 {'name': 'vs. Conf.', 'abbreviation': None, 'type': 'vsconf', 'summary': '2-0'}]",2309,s:20~l:23~t:2309,Kent State,Golden Flashes,KENT,Kent State Golden Flashes,Kent State,002664,eaab00,True,3696,https://a.espncdn.com/i/teamlogos/ncaa/500/2309.png,15,21,False,99,"[{'value': 7.0, 'displayValue': '7', 'period': 1}
 {'value': 7.0, 'displayValue': '7', 'period': 2}
 {'value': 0.0, 'displayValue': '0', 'period': 3}
 {'value': 7.0, 'displayValue': '7', 'period': 4}]","[{'name': 'overall', 'abbreviation': 'Game', 'type': 'total', 'summary': '1-3'}
 {'name': 'Home', 'abbreviation': None, 'type': 'home', 'summary': '1-0'}
 {'name': 'Road', 'abbreviation': None, 'type': 'road', 'summary': '0-3'}
 {'name': 'vs. Conf.', 'abbreviation': None, 'type': 'vsconf', 'summary': '0-1'}]",302750193,2010,2,5,
302750257,s:20~l:23~e:302750257~c:302750257,2010-10-02T17:00Z,0,True,False,False,False,True,False,2010-10-02T17:00Z,,[],,,,,1,STD,,,,,,,0.0,0:00,4,3,STATUS_FINAL,post,True,Final,Final,Final,4,257,s:20~l:23~t:257,Richmond,Spiders,RICH,Richmond Spiders,Richmond,9e0712,b90b2e,True,2068,https://a.espncdn.com/i/teamlogos/ncaa/500/257.png,48,41,True,99,"[{'value': 13.0, 'displayValue': '13', 'period': 1}
 {'value': 14.0, 'displayValue': '14', 'period': 2}
 {'value': 0.0, 'displayValue': '0', 'period': 3}
 {'value': 14.0, 'displayValue': '14', 'period': 4}]","[{'name': 'overall', 'abbreviation': 'Game', 'type': 'total', 'summary': '2-2'}
 {'name': 'Home', 'abbreviation': None, 'type': 'home', 'summary': '2-1'}
 {'name': 'Road', 'abbreviation': None, 'type': 'road', 'summary': '0-1'}
 {'name': 'vs. Conf.', 'abbreviation': None, 'type': 'vsconf', 'summary': '0-1'}]",324,s:20~l:23~t:324,Coastal Carolina,Chanticleers,CCAR,Coastal Carolina Chanticleers,Coast Carolina,006f71,a27752,True,3654,https://a.espncdn.com/i/teamlogos/ncaa/500/324.png,40,19,False,99,"[{'value': 0.0, 'displayValue': '0', 'period': 1}
 {'value': 13.0, 'displayValue': '13', 'period': 2}
 {'value': 0.0, 'displayValue': '0', 'period': 3}
 {'value': 6.0, 'displayValue': '6', 'period': 4}]","[{'name': 'overall', 'abbreviation': 'Game', 'type': 'total', 'summary': '1-4'}
 {'name': 'Home', 'abbreviation': None, 'type': 'home', 'summary': '1-1'}
 {'name': 'Road', 'abbreviation': None, 'type': 'road', 'summary': '0-3'}
 {'name': 'vs. Conf.', 'abbreviation': None, 'type': 'vsconf', 'summary': '0-0'}]",302750257,2010,2,5,
302752247,s:20~l:23~e:302752247~c:302752247,2010-10-02T17:00Z,0,True,False,False,False,True,False,2010-10-02T17:00Z,,[],,,,,1,STD,3495,Georgia Dome,Atlanta,GA,USA,True,532.0,8:52,4,3,STATUS_FINAL,post,True,Final,Final,Final,4,2247,s:20~l:23~t:2247,Georgia State,Panthers,GAST,Georgia State Panthers,Georgia State,0039a6,ffffff,True,4246,https://a.espncdn.com/i/teamlogos/ncaa/500/2247.png,32,37,True,99,"[{'value': 14.0, 'displayValue': '14', 'period': 1}
 {'value': 16.0, 'displayValue': '16', 'period': 2}
 {'value': 7.0, 'displayValue': '7', 'period': 3}
 {'value': 0.0, 'displayValue': '0', 'period': 4}]","[{'name': 'overall', 'abbreviation': 'Game', 'type': 'total', 'summary': '3-2'}
 {'name': 'Home', 'abbreviation': None, 'type': 'home', 'summary': '2-2'}
 {'name': 'Road', 'abbreviation': None, 'type': 'road', 'summary': '1-0'}
 {'name': 'vs. Conf.', 'abbreviation': None, 'type': 'vsconf', 'summary': '0-0'}]",2413,s:20~l:23~t:2413,Morehead State,Eagles,MORE,Morehead State Eagles,Morehead State,094FA3,fed91a,True,3774,https://a.espncdn.com/i/teamlogos/ncaa/500/2413.png,28,10,False,99,"[{'value': 3.0, 'displayValue': '3', 'period': 1}
 {'value': 0.0, 'displayValue': '0', 'period': 2}
 {'value': 0.0, 'displayValue': '0', 'period': 3}
 {'value': 7.0, 'displayValue': '7', 'period': 4}]","[{'name': 'overall', 'abbreviation': 'Game', 'type': 'total', 'summary': '2-3'}
 {'name': 'Home', 'abbreviation': None, 'type': 'home', 'summary': '1-0'}
 {'name': 'Road', 'abbreviation': None, 'type': 'road', 'summary': '1-3'}
 {'name': 'vs. Conf.', 'abbreviation': None, 'type': 'vsconf', 'summary': '1-1'}]",302752247,2010,2,5,
302750164,s:20~l:23~e:302750164~c:302750164,2010-10-02T18:00Z,0,True,False,False,False,True,False,2010-10-02T18:00Z,,[],,,home,ESPN3,1,STD,3754,HighPoint.com Stadium,Piscataway,NJ,USA,False,0.0,0:00,4,3,STATUS_FINAL,post,True,Final,Final,Final,4,164,s:20~l:23~t:164,Rutgers,Scarlet Knights,RUTG,Rutgers Scarlet Knights,Rutgers,ce0e2d,ffffff,True,3754,https://a.espncdn.com/i/teamlogos/ncaa/500/164.png,10,14,False,99,"[{'value': 7.0, 'displayValue': '7', 'period': 1}
 {'value': 0.0, 'displayValue': '0', 'period': 2}
 {'value': 7.0, 'displayValue': '7', 'period': 3}
 {'value': 0.0, 'displayValue': '0', 'period': 4}]","[{'name': 'overall', 'abbreviation': 'Game', 'type': 'total', 'summary': '2-2'}
 {'name': 'Home', 'abbreviation': None, 'type': 'home', 'summary': '1-2'}
 {'name': 'Road', 'abbreviation': None, 'type': 'road', 'summary': '1-0'}
 {'name': 'vs. Conf.', 'abbreviation': None, 'type': 'vsconf', 'summary': '0-0'}]",2655,s:20~l:23~t:2655,Tulane,Green Wave,TULN,Tulane Green Wave,Tulane,006747,418fde,True,3493,https://a.espncdn.com/i/teamlogos/ncaa/500/2655.png,12,17,True,99,"[{'value': 0.0, 'displayValue': '0', 'period': 1}
 {'value': 10.0, 'displayValue': '10', 'period': 2}
 {'value': 7.0, 'displayValue': '7', 'period': 3}
 {'value': 0.0, 'displayValue': '0', 'period': 4}]","[{'name': 'overall', 'abbreviation': 'Game', 'type': 'total', 'summary': '2-2'}
 {'name': 'Home', 'abbreviation': None, 'type': 'home', 'summary': '1-1'}
 {'name': 'Road', 'abbreviation': None, 'type': 'road', 'summary': '1-1'}
 {'name': 'vs. Conf.', 'abbreviation': None, 'type': 'vsconf', 'summary': '0-1'}]",302750164,2010,2,5,
302752449,s:20~l:23~e:302752449~c:302752449,2010-10-02T18:00Z,0,True,False,False,False,True,False,2010-10-02T18:00Z,,[],,,,,1,STD,3714,Fargodome,Fargo,ND,USA,True,0.0,0:00,4,3,STATUS_FINAL,post,True,Final,Final,Final,4,2449,s:20~l:23~t:2449,North Dakota State,Bison,NDSU,North Dakota State Bison,North Dakota St,01402A,ffffff,True,3714,https://a.espncdn.com/i/teamlogos/ncaa/500/2449.png,21,16,False,99,"[{'value': 3.0, 'displayValue': '3', 'period': 1}
 {'value': 3.0, 'displayValue': '3', 'period': 2}
 {'value': 10.0, 'displayValue': '10', 'period': 3}
 {'value': 0.0, 'displayValue': '0', 'period': 4}]","[{'name': 'overall', 'abbreviation': 'Game', 'type': 'total', 'summary': '3-2'}
 {'name': 'Home', 'abbreviation': None, 'type': 'home', 'summary': '2-1'}
 {'name': 'Road', 'abbreviation': None, 'type': 'road', 'summary': '1-1'}
 {'name': 'vs. Conf.', 'abbreviation': None, 'type': 'vsconf', 'summary': '0-2'}]",2710,s:20~l:23~t:2710,Western Illinois,Leathernecks,WIU,Western Illinois Leathernecks,W Illinois,4e1e8a,ffc90a,True,3746,https://a.espncdn.com/i/teamlogos/ncaa/500/2710.png,21,28,True,99,"[{'value': 7.0, 'displayValue': '7', 'period': 1}
 {'value': 14.0, 'displayValue': '14', 'period': 2}
 {'value': 7.0, 'displayValue': '7', 'period': 3}
 {'value': 0.0, 'displayValue': '0', 'period': 4}]","[{'name': 'overall', 'abbreviation': 'Game', 'type': 'total', 'summary': '4-1'}
 {'name': 'Home', 'abbreviation': None, 'type': 'home', 'summary': '3-0'}
 {'name': 'Road', 'abbreviation': None, 'type': 'road', 'summary': '1-1'}
 {'name': 'vs. Conf.', 'abbreviation': None, 'type': 'vsconf', 'summary': '2-0'}]",302752449,2010,2,5,
302752623,s:20~l:23~e:302752623~c:302752623,2010-10-02T18:00Z,0,True,False,False,False,True,False,2010-10-02T18:00Z,,[],,,,,1,STD,3878,Robert W. Plaster Stadium,Springfield,MO,USA,False,0.0,0:00,4,3,STATUS_FINAL,post,True,Final,Final,Final,4,2623,s:20~l:23~t:2623,Missouri State,Bears,MOST,Missouri State Bears,Missouri State,5e0009,ffffff,True,3878,https://a.espncdn.com/i/teamlogos/ncaa/500/2623.png,21,35,True,99,"[{'value': 0.0, 'displayValue': '0', 'period': 1}
 {'value': 7.0, 'displayValue': '7', 'period': 2}
 {'value': 14.0, 'displayValue': '14', 'period': 3}
 {'value': 14.0, 'displayValue': '14', 'period': 4}]","[{'name': 'overall', 'abbreviation': 'Game', 'type': 'total', 'summary': '2-2'}
 {'name': 'Home', 'abbreviation': None, 'type': 'home', 'summary': '2-0'}
 {'name': 'Road', 'abbreviation': None, 'type': 'road', 'summary': '0-2'}
 {'name': 'vs. Conf.', 'abbreviation': None, 'type': 'vsconf', 'summary': '1-1'}]",2754,s:20~l:23~t:2754,Youngstown State,Penguins,YSU,Youngstown State Penguins,Youngstown St,E51936,690717,True,844,https://a.espncdn.com/i/teamlogos/ncaa/500/2754.png,21,25,False,99,"[{'value': 17.0, 'displayValue': '17', 'period': 1}
 {'value': 0.0, 'displayValue': '0', 'period': 2}
 {'value': 0.0, 'displayValue': '0', 'period': 3}
 {'value': 8.0, 'displayValue': '8', 'period': 4}]","[{'name': 'overall', 'abbreviation': 'Game', 'type': 'total', 'summary': '3-2'}
 {'name': 'Home', 'abbreviation': None, 'type': 'home', 'summary': '3-0'}
 {'name': 'Road', 'abbreviation': None, 'type': 'road', 'summary': '0-2'}
 {'name': 'vs. Conf.', 'abbreviation': None, 'type': 'vsconf', 'summary': '1-1'}]",302752623,2010,2,5,
302752711,s:20~l:23~e:302752711~c:302752711,2010-10-02T18:00Z,0,True,False,False,False,True,False,2010-10-02T18:00Z,ESPN3,[],,,national,ESPN3,1,STD,3980,Waldo Stadium,Kalamazoo,MI,USA,False,235.0,3:55,4,3,STATUS_FINAL,post,True,Final,Final,Final,4,2711,s:20~l:23~t:2711,Western Michigan,Broncos,WMU,Western Michigan Broncos,W Michigan,532e1f,f1c500,True,3980,https://a.espncdn.com/i/teamlogos/ncaa/500/2711.png,15,13,False,99,"[{'value': 0.0, 'displayValue': '0', 'period': 1}
 {'value': 10.0, 'displayValue': '10', 'period': 2}
 {'value': 3.0, 'displayValue': '3', 'period': 3}
 {'value': 0.0, 'displayValue': '0', 'period': 4}]","[{'name': 'overall', 'abbreviation': 'Game', 'type': 'total', 'summary': '1-3'}
 {'name': 'Home', 'abbreviation': None, 'type': 'home', 'summary': '1-2'}
 {'name': 'Road', 'abbreviation': None, 'type': 'road', 'summary': '0-1'}
 {'name': 'vs. Conf.', 'abbreviation': None, 'type': 'vsconf', 'summary': '0-1'}]",70,s:20~l:23~t:70,Idaho,Vandals,IDHO,Idaho Vandals,Idaho,000000,8c6e4a,True,3791,https://a.espncdn.com/i/teamlogos/ncaa/500/70.png,16,33,True,99,"[{'value': 3.0, 'displayValue': '3', 'period': 1}
 {'value': 14.0, 'displayValue': '14', 'period': 2}
 {'value': 6.0, 'displayValue': '6', 'period': 3}
 {'value': 10.0, 'displayValue': '10', 'period': 4}]","[{'name': 'overall', 'abbreviation': 'Game', 'type': 'total', 'summary': '3-2'}
 {'name': 'Home', 'abbreviation': None, 'type': 'home', 'summary': '2-0'}
 {'name': 'Road', 'abbreviation': None, 'type': 'road', 'summary': '1-2'}
 {'name': 'vs. Conf.', 'abbreviation': None, 'type': 'vsconf', 'summary': '0-0'}]",302752711,2010,2,5,
302752005,s:20~l:23~e:302752005~c:302752005,2010-10-02T18:30Z,0,True,False,False,False,True,False,2010-10-02T18:30Z,NBCSN,[],,,national,NBCSN,1,STD,3713,Falcon Stadium,USAF Academy,CO,USA,False,25.0,0:25,4,3,STATUS_FINAL,post,True,Final,Final,Final,4,2005,s:20~l:23~t:2005,Air Force,Falcons,AF,Air Force Falcons,Air Force,003594,ffffff,True,3713,https://a.espncdn.com/i/teamlogos/ncaa/500/2005.png,17,14,True,99,"[{'value': 7.0, 'displayValue': '7', 'period': 1}
 {'value': 0.0, 'displayValue': '0', 'period': 2}
 {'value': 0.0, 'displayValue': '0', 'period': 3}
 {'value': 7.0, 'displayValue': '7', 'period': 4}]","[{'name': 'overall', 'abbreviation': 'Game', 'type': 'total', 'summary': '4-1'}
 {'name': 'Home', 'abbreviation': None, 'type': 'home', 'summary': '3-0'}
 {'name': 'Road', 'abbreviation': None, 'type': 'road', 'summary': '1-1'}
 {'name': 'vs. Conf.', 'abbreviation': None, 'type': 'vsconf', 'summary': '2-0'}]",2426,s:20~l:23~t:2426,Navy,Midshipmen,NAVY,Navy Midshipmen,Navy,00225b,b5a67c,True,3852,https://a.espncdn.com/i/teamlogos/ncaa/500/2426.png,18,6,False,99,"[{'value': 0.0, 'displayValue': '0', 'period': 1}
 {'value': 3.0, 'displayValue': '3', 'period': 2}
 {'value': 3.0, 'displayValue': '3', 'period': 3}
 {'value': 0.0, 'displayValue': '0', 'period': 4}]","[{'name': 'overall', 'abbreviation': 'Game', 'type': 'total', 'summary': '2-2'}
 {'name': 'Home', 'abbreviation': None, 'type': 'home', 'summary': '1-0'}
 {'name': 'Road', 'abbreviation': None, 'type': 'road', 'summary': '1-2'}
 {'name': 'vs. Conf.', 'abbreviation': None, 'type': 'vsconf', 'summary': '0-0'}]",302752005,2010,2,5,
302750026,s:20~l:23~e:302750026~c:302750026,2010-10-02T19:30Z,0,True,False,False,False,True,False,2010-10-02T19:30Z,,[],,,,,1,STD,1056,Rose Bowl,Pasadena,CA,USA,False,67.0,1:07,4,3,STATUS_FINAL,post,True,Final,Final,Final,4,26,s:20~l:23~t:26,UCLA,Bruins,UCLA,UCLA Bruins,UCLA,2774ae,f2a900,True,1056,https://a.espncdn.com/i/teamlogos/ncaa/500/26.png,5,42,True,99,"[{'value': 7.0, 'displayValue': '7', 'period': 1}
 {'value': 13.0, 'displayValue': '13', 'period': 2}
 {'value': 8.0, 'displayValue': '8', 'period': 3}
 {'value': 14.0, 'displayValue': '14', 'period': 4}]","[{'name': 'overall', 'abbreviation': 'Game', 'type': 'total', 'summary': '3-2'}
 {'name': 'Home', 'abbreviation': None, 'type': 'home', 'summary': '2-1'}
 {'name': 'Road', 'abbreviation': None, 'type': 'road', 'summary': '1-1'}
 {'name': 'vs. Conf.', 'abbreviation': None, 'type': 'vsconf', 'summary': '1-1'}]",265,s:20~l:23~t:265,Washington State,Cougars,WSU,Washington State Cougars,Washington St,a60f2d,4d4d4d,True,3820,https://a.espncdn.com/i/teamlogos/ncaa/500/265.png,9,28,False,99,"[{'value': 0.0, 'displayValue': '0', 'period': 1}
 {'value': 14.0, 'displayValue': '14', 'period': 2}
 {'value': 14.0, 'displayValue': '14', 'period': 3}
 {'value': 0.0, 'displayValue': '0', 'period': 4}]","[{'name': 'overall', 'abbreviation': 'Game', 'type': 'total', 'summary': '1-4'}
 {'name': 'Home', 'abbreviation': None, 'type': 'home', 'summary': '1-1'}
 {'name': 'Road', 'abbreviation': None, 'type': 'road', 'summary': '0-3'}
 {'name': 'vs. Conf.', 'abbreviation': None, 'type': 'vsconf', 'summary': '0-2'}]",302750026,2010,2,5,
302750153,s:20~l:23~e:302750153~c:302750153,2010-10-02T19:30Z,0,True,False,False,False,True,False,2010-10-02T19:30Z,,[],,,home,ESPN3,1,STD,3787,Kenan Stadium,Chapel Hill,NC,USA,False,0.0,0:00,4,3,STATUS_FINAL,post,True,Final,Final,Final,4,153,s:20~l:23~t:153,North Carolina,Tar Heels,UNC,North Carolina Tar Heels,UNC,7bafd4,13294b,True,3787,https://a.espncdn.com/i/teamlogos/ncaa/500/153.png,1,42,True,99,"[{'value': 7.0, 'displayValue': '7', 'period': 1}
 {'value': 7.0, 'displayValue': '7', 'period': 2}
 {'value': 14.0, 'displayValue': '14', 'period': 3}
 {'value': 14.0, 'displayValue': '14', 'period': 4}]","[{'name': 'overall', 'abbreviation': 'Game', 'type': 'total', 'summary': '2-2'}
 {'name': 'Home', 'abbreviation': None, 'type': 'home', 'summary': '1-2'}
 {'name': 'Road', 'abbreviation': None, 'type': 'road', 'summary': '1-0'}
 {'name': 'vs. Conf.', 'abbreviation': None, 'type': 'vsconf', 'summary': '0-1'}]",151,s:20~l:23~t:151,East Carolina,Pirates,ECU,East Carolina Pirates,ECU,582c83,ffc72c,True,3699,https://a.espncdn.com/i/teamlogos/ncaa/500/151.png,12,17,False,99,"[{'value': 7.0, 'displayValue': '7', 'period': 1}
 {'value': 7.0, 'displayValue': '7', 'period': 2}
 {'value': 3.0, 'displayValue': '3', 'period': 3}
 {'value': 0.0, 'displayValue': '0', 'period': 4}]","[{'name': 'overall', 'abbreviation': 'Game', 'type': 'total', 'summary': '2-2'}
 {'name': 'Home', 'abbreviation': None, 'type': 'home', 'summary': '2-0'}
 {'name': 'Road', 'abbreviation': None, 'type': 'road', 'summary': '0-2'}
 {'name': 'vs. Conf.', 'abbreviation': None, 'type': 'vsconf', 'summary': '2-0'}]",302750153,2010,2,5,
302750189,s:20~l:23~e:302750189~c:302750189,2010-10-02T19:30Z,0,True,False,False,False,True,False,2010-10-02T19:30Z,,[],,,,,1,STD,3700,Doyt L. Perry Stadium,Bowling Green,OH,USA,False,0.0,0:00,4,3,STATUS_FINAL,post,True,Final,Final,Final,4,189,s:20~l:23~t:189,Bowling Green,Falcons,BGSU,Bowling Green Falcons,Bowling Green,fd5000,4f2c1d,True,3700,https://a.espncdn.com/i/teamlogos/ncaa/500/189.png,15,26,False,99,"[{'value': 6.0, 'displayValue': '6', 'period': 1}
 {'value': 7.0, 'displayValue': '7', 'period': 2}
 {'value': 0.0, 'displayValue': '0', 'period': 3}
 {'value': 13.0, 'displayValue': '13', 'period': 4}]","[{'name': 'overall', 'abbreviation': 'Game', 'type': 'total', 'summary': '1-4'}
 {'name': 'Home', 'abbreviation': None, 'type': 'home', 'summary': '1-1'}
 {'name': 'Road', 'abbreviation': None, 'type': 'road', 'summary': '0-3'}
 {'name': 'vs. Conf.', 'abbreviation': None, 'type': 'vsconf', 'summary': '0-1'}]",2084,s:20~l:23~t:2084,Buffalo,Bulls,BUFF,Buffalo Bulls,Buffalo,005bbb,ffffff,True,3965,https://a.espncdn.com/i/teamlogos/ncaa/500/2084.png,15,28,True,99,"[{'value': 0.0, 'displayValue': '0', 'period': 1}
 {'value': 14.0, 'displayValue': '14', 'period': 2}
 {'value': 14.0, 'displayValue': '14', 'period': 3}
 {'value': 0.0, 'displayValue': '0', 'period': 4}]","[{'name': 'overall', 'abbreviation': 'Game', 'type': 'total', 'summary': '2-3'}
 {'name': 'Home', 'abbreviation': None, 'type': 'home', 'summary': '1-1'}
 {'name': 'Road', 'abbreviation': None, 'type': 'road', 'summary': '1-2'}
 {'name': 'vs. Conf.', 'abbreviation': None, 'type': 'vsconf', 'summary': '1-0'}]",302750189,2010,2,5,
302750221,s:20~l:23~e:302750221~c:302750221,2010-10-02T19:30Z,0,True,False,False,False,True,False,2010-10-02T19:30Z,,[],,,home,ESPN3,1,STD,3752,Acrisure Stadium,Pittsburgh,PA,USA,False,92.0,1:32,4,3,STATUS_FINAL,post,True,Final,Final,Final,4,221,s:20~l:23~t:221,Pittsburgh,Panthers,PITT,Pittsburgh Panthers,Pitt,003594,ffb81c,True,3752,https://a.espncdn.com/i/teamlogos/ncaa/500/221.png,10,44,True,99,"[{'value': 0.0, 'displayValue': '0', 'period': 1}
 {'value': 13.0, 'displayValue': '13', 'period': 2}
 {'value': 3.0, 'displayValue': '3', 'period': 3}
 {'value': 28.0, 'displayValue': '28', 'period': 4}]","[{'name': 'overall', 'abbreviation': 'Game', 'type': 'total', 'summary': '2-2'}
 {'name': 'Home', 'abbreviation': None, 'type': 'home', 'summary': '2-1'}
 {'name': 'Road', 'abbreviation': None, 'type': 'road', 'summary': '0-1'}
 {'name': 'vs. Conf.', 'abbreviation': None, 'type': 'vsconf', 'summary': '0-0'}]",2229,s:20~l:23~t:2229,Florida Intl,Golden Panthers,FIU,Florida Intl Golden Panthers,FIU,091f3f,c3993f,False,218,https://a.espncdn.com/i/teamlogos/ncaa/500/2229.png,37,17,False,99,"[{'value': 0.0, 'displayValue': '0', 'period': 1}
 {'value': 10.0, 'displayValue': '10', 'period': 2}
 {'value': 0.0, 'displayValue': '0', 'period': 3}
 {'value': 7.0, 'displayValue': '7', 'period': 4}]","[{'name': 'overall', 'abbreviation': 'Game', 'type': 'total', 'summary': '0-4'}
 {'name': 'Home', 'abbreviation': None, 'type': 'home', 'summary': '0-1'}
 {'name': 'Road', 'abbreviation': None, 'type': 'road', 'summary': '0-3'}
 {'name': 'vs. Conf.', 'abbreviation': None, 'type': 'vsconf', 'summary': '0-0'}]",302750221,2010,2,5,
302752117,s:20~l:23~e:302752117~c:302752117,2010-10-02T19:30Z,0,True,False,False,False,True,False,2010-10-02T19:30Z,,[],,,,,1,STD,3786,Kelly/Shorts Stadium,Mount Pleasant,MI,USA,False,0.0,0:00,4,3,STATUS_FINAL,post,True,Final,Final,Final,4,2117,s:20~l:23~t:2117,Central Michigan,Chippewas,CMU,Central Michigan Chippewas,Cent Michigan,4c0027,fbab18,True,3786,https://a.espncdn.com/i/teamlogos/ncaa/500/2117.png,15,17,False,99,"[{'value': 3.0, 'displayValue': '3', 'period': 1}
 {'value': 0.0, 'displayValue': '0', 'period': 2}
 {'value': 0.0, 'displayValue': '0', 'period': 3}
 {'value': 14.0, 'displayValue': '14', 'period': 4}]","[{'name': 'overall', 'abbreviation': 'Game', 'type': 'total', 'summary': '2-3'}
 {'name': 'Home', 'abbreviation': None, 'type': 'home', 'summary': '1-1'}
 {'name': 'Road', 'abbreviation': None, 'type': 'road', 'summary': '1-2'}
 {'name': 'vs. Conf.', 'abbreviation': None, 'type': 'vsconf', 'summary': '1-2'}]",2050,s:20~l:23~t:2050,Ball State,Cardinals,BALL,Ball State Cardinals,Ball State,ba0c2f,ffffff,True,3919,https://a.espncdn.com/i/teamlogos/ncaa/500/2050.png,15,31,True,99,"[{'value': 7.0, 'displayValue': '7', 'period': 1}
 {'value': 7.0, 'displayValue': '7', 'period': 2}
 {'value': 14.0, 'displayValue': '14', 'period': 3}
 {'value': 3.0, 'displayValue': '3', 'period': 4}]","[{'name': 'overall', 'abbreviation': 'Game', 'type': 'total', 'summary': '2-3'}
 {'name': 'Home', 'abbreviation': None, 'type': 'home', 'summary': '1-1'}
 {'name': 'Road', 'abbreviation': None, 'type': 'road', 'summary': '1-2'}
 {'name': 'vs. Conf.', 'abbreviation': None, 'type': 'vsconf', 'summary': '1-0'}]",302752117,2010,2,5,
302750016,s:20~l:23~e:302750016~c:302750016,2010-10-02T20:05Z,0,True,False,False,False,False,False,2010-10-02T20:05Z,,[],,,,,1,STD,3757,Hornet Stadium,Sacramento,CA,USA,False,0.0,0:00,5,3,STATUS_FINAL,post,True,Final,Final/OT,Final/OT,4,16,s:20~l:23~t:16,Sacramento State,Hornets,SAC,Sacramento State Hornets,Sacramento St,00573C,cdb97d,True,3757,https://a.espncdn.com/i/teamlogos/ncaa/500/16.png,20,61,False,99,"[{'value': 7.0, 'displayValue': '7', 'period': 1}
 {'value': 3.0, 'displayValue': '3', 'period': 2}
 {'value': 35.0, 'displayValue': '35', 'period': 3}
 {'value': 16.0, 'displayValue': '16', 'period': 4}
 {'value': 0.0, 'displayValue': '0', 'period': 5}]","[{'name': 'overall', 'abbreviation': 'Game', 'type': 'total', 'summary': '2-3'}
 {'name': 'Home', 'abbreviation': None, 'type': 'home', 'summary': '2-1'}
 {'name': 'Road', 'abbreviation': None, 'type': 'road', 'summary': '0-2'}
 {'name': 'vs. Conf.', 'abbreviation': None, 'type': 'vsconf', 'summary': '1-2'}]",147,s:20~l:23~t:147,Montana State,Bobcats,MTST,Montana State Bobcats,Montana State,00205c,bc955c,True,3643,https://a.espncdn.com/i/teamlogos/ncaa/500/147.png,20,64,True,99,"[{'value': 13.0, 'displayValue': '13', 'period': 1}
 {'value': 24.0, 'displayValue': '24', 'period': 2}
 {'value': 7.0, 'displayValue': '7', 'period': 3}
 {'value': 17.0, 'displayValue': '17', 'period': 4}
 {'value': 3.0, 'displayValue': '3', 'period': 5}]","[{'name': 'overall', 'abbreviation': 'Game', 'type': 'total', 'summary': '4-1'}
 {'name': 'Home', 'abbreviation': None, 'type': 'home', 'summary': '3-0'}
 {'name': 'Road', 'abbreviation': None, 'type': 'road', 'summary': '1-1'}
 {'name': 'vs. Conf.', 'abbreviation': None, 'type': 'vsconf', 'summary': '2-0'}]",302750016,2010,2,5,OT
302750120,s:20~l:23~e:302750120~c:302750120,2010-10-02T22:00Z,0,True,False,False,False,True,False,2010-10-02T22:00Z,,[],,,home,ESPN3,1,STD,3665,SECU Stadium,College Park,MD,USA,False,0.0,0:00,4,3,STATUS_FINAL,post,True,Final,Final,Final,4,120,s:20~l:23~t:120,Maryland,Terrapins,MD,Maryland Terrapins,Maryland,ce1126,ffffff,True,3665,https://a.espncdn.com/i/teamlogos/ncaa/500/120.png,1,21,True,99,"[{'value': 0.0, 'displayValue': '0', 'period': 1}
 {'value': 7.0, 'displayValue': '7', 'period': 2}
 {'value': 7.0, 'displayValue': '7', 'period': 3}
 {'value': 7.0, 'displayValue': '7', 'period': 4}]","[{'name': 'overall', 'abbreviation': 'Game', 'type': 'total', 'summary': '4-1'}
 {'name': 'Home', 'abbreviation': None, 'type': 'home', 'summary': '4-0'}
 {'name': 'Road', 'abbreviation': None, 'type': 'road', 'summary': '0-1'}
 {'name': 'vs. Conf.', 'abbreviation': None, 'type': 'vsconf', 'summary': '1-0'}]",150,s:20~l:23~t:150,Duke,Blue Devils,DUKE,Duke Blue Devils,Duke,00539b,ffffff,True,3982,https://a.espncdn.com/i/teamlogos/ncaa/500/150.png,1,16,False,99,"[{'value': 3.0, 'displayValue': '3', 'period': 1}
 {'value': 6.0, 'displayValue': '6', 'period': 2}
 {'value': 0.0, 'displayValue': '0', 'period': 3}
 {'value': 7.0, 'displayValue': '7', 'period': 4}]","[{'name': 'overall', 'abbreviation': 'Game', 'type': 'total', 'summary': '1-4'}
 {'name': 'Home', 'abbreviation': None, 'type': 'home', 'summary': '1-2'}
 {'name': 'Road', 'abbreviation': None, 'type': 'road', 'summary': '0-2'}
 {'name': 'vs. Conf.', 'abbreviation': None, 'type': 'vsconf', 'summary': '0-2'}]",302750120,2010,2,5,
302750167,s:20~l:23~e:302750167~c:302750167,2010-10-02T22:00Z,0,True,False,False,False,True,False,2010-10-02T22:00Z,,[],,,,,1,STD,3971,University Stadium (NM),Albuquerque,NM,USA,False,0.0,0:00,4,3,STATUS_FINAL,post,True,Final,Final,Final,4,167,s:20~l:23~t:167,New Mexico,Lobos,UNM,New Mexico Lobos,New Mexico,ba0c2f,a7a8aa,True,3971,https://a.espncdn.com/i/teamlogos/ncaa/500/167.png,17,20,False,99,"[{'value': 14.0, 'displayValue': '14', 'period': 1}
 {'value': 0.0, 'displayValue': '0', 'period': 2}
 {'value': 0.0, 'displayValue': '0', 'period': 3}
 {'value': 6.0, 'displayValue': '6', 'period': 4}]","[{'name': 'overall', 'abbreviation': 'Game', 'type': 'total', 'summary': '0-5'}
 {'name': 'Home', 'abbreviation': None, 'type': 'home', 'summary': '0-3'}
 {'name': 'Road', 'abbreviation': None, 'type': 'road', 'summary': '0-2'}
 {'name': 'vs. Conf.', 'abbreviation': None, 'type': 'vsconf', 'summary': '0-2'}]",2638,s:20~l:23~t:2638,UTEP,Miners,UTEP,UTEP Miners,UTEP,ff8200,041e42,True,3946,https://a.espncdn.com/i/teamlogos/ncaa/500/2638.png,12,38,True,99,"[{'value': 14.0, 'displayValue': '14', 'period': 1}
 {'value': 10.0, 'displayValue': '10', 'period': 2}
 {'value': 7.0, 'displayValue': '7', 'period': 3}
 {'value': 7.0, 'displayValue': '7', 'period': 4}]","[{'name': 'overall', 'abbreviation': 'Game', 'type': 'total', 'summary': '4-1'}
 {'name': 'Home', 'abbreviation': None, 'type': 'home', 'summary': '3-0'}
 {'name': 'Road', 'abbreviation': None, 'type': 'road', 'summary': '1-1'}
 {'name': 'vs. Conf.', 'abbreviation': None, 'type': 'vsconf', 'summary': '1-1'}]",302750167,2010,2,5,
302750295,s:20~l:23~e:302750295~c:302750295,2010-10-02T22:00Z,0,True,False,False,False,True,False,2010-10-02T22:00Z,,[],,,,,1,STD,3918,S.B. Ballard Stadium,Norfolk,VA,USA,False,0.0,0:00,4,3,STATUS_FINAL,post,True,Final,Final,Final,4,295,s:20~l:23~t:295,Old Dominion,Monarchs,ODU,Old Dominion Monarchs,Old Dominion,003768,a1d2f1,True,3918,https://a.espncdn.com/i/teamlogos/ncaa/500/295.png,32,14,True,99,"[{'value': 7.0, 'displayValue': '7', 'period': 1}
 {'value': 0.0, 'displayValue': '0', 'period': 2}
 {'value': 0.0, 'displayValue': '0', 'period': 3}
 {'value': 7.0, 'displayValue': '7', 'period': 4}]","[{'name': 'overall', 'abbreviation': 'Game', 'type': 'total', 'summary': '3-2'}
 {'name': 'Home', 'abbreviation': None, 'type': 'home', 'summary': '1-2'}
 {'name': 'Road', 'abbreviation': None, 'type': 'road', 'summary': '2-0'}
 {'name': 'vs. Conf.', 'abbreviation': None, 'type': 'vsconf', 'summary': '0-0'}]",2241,s:20~l:23~t:2241,Gardner-Webb,Bulldogs,WEBB,Gardner-Webb Bulldogs,Gardner-Webb,c12535,909090,False,3710,https://a.espncdn.com/i/teamlogos/ncaa/500/2241.png,40,7,False,99,"[{'value': 7.0, 'displayValue': '7', 'period': 1}
 {'value': 0.0, 'displayValue': '0', 'period': 2}
 {'value': 0.0, 'displayValue': '0', 'period': 3}
 {'value': 0.0, 'displayValue': '0', 'period': 4}]","[{'name': 'overall', 'abbreviation': 'Game', 'type': 'total', 'summary': '2-3'}
 {'name': 'Home', 'abbreviation': None, 'type': 'home', 'summary': '1-1'}
 {'name': 'Road', 'abbreviation': None, 'type': 'road', 'summary': '1-2'}
 {'name': 'vs. Conf.', 'abbreviation': None, 'type': 'vsconf', 'summary': '0-0'}]",302750295,2010,2,5,
302752006,s:20~l:23~e:302752006~c:302752006,2010-10-02T22:00Z,0,True,False,False,False,True,False,2010-10-02T22:00Z,,[],,,,,1,STD,3768,InfoCision Stadium,Akron,OH,USA,False,0.0,0:00,4,3,STATUS_FINAL,post,True,Final,Final,Final,4,2006,s:20~l:23~t:2006,Akron,Zips,AKR,Akron Zips,Akron,041e42,c5b783,True,3768,https://a.espncdn.com/i/teamlogos/ncaa/500/2006.png,15,14,False,99,"[{'value': 7.0, 'displayValue': '7', 'period': 1}
 {'value': 0.0, 'displayValue': '0', 'period': 2}
 {'value': 7.0, 'displayValue': '7', 'period': 3}
 {'value': 0.0, 'displayValue': '0', 'period': 4}]","[{'name': 'overall', 'abbreviation': 'Game', 'type': 'total', 'summary': '0-5'}
 {'name': 'Home', 'abbreviation': None, 'type': 'home', 'summary': '0-3'}
 {'name': 'Road', 'abbreviation': None, 'type': 'road', 'summary': '0-2'}
 {'name': 'vs. Conf.', 'abbreviation': None, 'type': 'vsconf', 'summary': '0-1'}]",2459,s:20~l:23~t:2459,Northern Illinois,Huskies,NIU,Northern Illinois Huskies,N Illinois,c8102e,000000,True,3764,https://a.espncdn.com/i/teamlogos/ncaa/500/2459.png,15,50,True,99,"[{'value': 6.0, 'displayValue': '6', 'period': 1}
 {'value': 23.0, 'displayValue': '23', 'period': 2}
 {'value': 14.0, 'displayValue': '14', 'period': 3}
 {'value': 7.0, 'displayValue': '7', 'period': 4}]","[{'name': 'overall', 'abbreviation': 'Game', 'type': 'total', 'summary': '3-2'}
 {'name': 'Home', 'abbreviation': None, 'type': 'home', 'summary': '1-0'}
 {'name': 'Road', 'abbreviation': None, 'type': 'road', 'summary': '2-2'}
 {'name': 'vs. Conf.', 'abbreviation': None, 'type': 'vsconf', 'summary': '1-0'}]",302752006,2010,2,5,
302750204,s:20~l:23~e:302750204~c:302750204,2010-10-02T22:30Z,0,True,False,False,False,True,False,2010-10-02T22:30Z,,[],,,,,1,STD,3893,Reser Stadium,Corvallis,OR,USA,False,0.0,0:00,4,3,STATUS_FINAL,post,True,Final,Final,Final,4,204,s:20~l:23~t:204,Oregon State,Beavers,ORST,Oregon State Beavers,Oregon St,dc4405,000000,True,3893,https://a.espncdn.com/i/teamlogos/ncaa/500/204.png,9,31,True,99,"[{'value': 10.0, 'displayValue': '10', 'period': 1}
 {'value': 14.0, 'displayValue': '14', 'period': 2}
 {'value': 0.0, 'displayValue': '0', 'period': 3}
 {'value': 7.0, 'displayValue': '7', 'period': 4}]","[{'name': 'overall', 'abbreviation': 'Game', 'type': 'total', 'summary': '2-2'}
 {'name': 'Home', 'abbreviation': None, 'type': 'home', 'summary': '2-0'}
 {'name': 'Road', 'abbreviation': None, 'type': 'road', 'summary': '0-2'}
 {'name': 'vs. Conf.', 'abbreviation': None, 'type': 'vsconf', 'summary': '1-0'}]",9,s:20~l:23~t:9,Arizona State,Sun Devils,ASU,Arizona State Sun Devils,Arizona St,ffc627,8c1d40,True,3947,https://a.espncdn.com/i/teamlogos/ncaa/500/9.png,4,28,False,99,"[{'value': 7.0, 'displayValue': '7', 'period': 1}
 {'value': 7.0, 'displayValue': '7', 'period': 2}
 {'value': 3.0, 'displayValue': '3', 'period': 3}
 {'value': 11.0, 'displayValue': '11', 'period': 4}]","[{'name': 'overall', 'abbreviation': 'Game', 'type': 'total', 'summary': '2-3'}
 {'name': 'Home', 'abbreviation': None, 'type': 'home', 'summary': '2-1'}
 {'name': 'Road', 'abbreviation': None, 'type': 'road', 'summary': '0-2'}
 {'name': 'vs. Conf.', 'abbreviation': None, 'type': 'vsconf', 'summary': '0-2'}]",302750204,2010,2,5,
302750038,s:20~l:23~e:302750038~c:302750038,2010-10-02T23:00Z,0,True,False,False,False,True,False,2010-10-02T23:00Z,,[],,,,,1,STD,3726,Folsom Field,Boulder,CO,USA,False,103.0,1:43,4,3,STATUS_FINAL,post,True,Final,Final,Final,4,38,s:20~l:23~t:38,Colorado,Buffaloes,COLO,Colorado Buffaloes,Colorado,cfb87c,000000,True,3726,https://a.espncdn.com/i/teamlogos/ncaa/500/38.png,4,29,True,99,"[{'value': 7.0, 'displayValue': '7', 'period': 1}
 {'value': 7.0, 'displayValue': '7', 'period': 2}
 {'value': 15.0, 'displayValue': '15', 'period': 3}
 {'value': 0.0, 'displayValue': '0', 'period': 4}]","[{'name': 'overall', 'abbreviation': 'Game', 'type': 'total', 'summary': '3-1'}
 {'name': 'Home', 'abbreviation': None, 'type': 'home', 'summary': '2-0'}
 {'name': 'Road', 'abbreviation': None, 'type': 'road', 'summary': '1-1'}
 {'name': 'vs. Conf.', 'abbreviation': None, 'type': 'vsconf', 'summary': '0-0'}]",61,s:20~l:23~t:61,Georgia,Bulldogs,UGA,Georgia Bulldogs,Georgia,ba0c2f,2c2a29,True,3917,https://a.espncdn.com/i/teamlogos/ncaa/500/61.png,8,27,False,99,"[{'value': 3.0, 'displayValue': '3', 'period': 1}
 {'value': 14.0, 'displayValue': '14', 'period': 2}
 {'value': 7.0, 'displayValue': '7', 'period': 3}
 {'value': 3.0, 'displayValue': '3', 'period': 4}]","[{'name': 'overall', 'abbreviation': 'Game', 'type': 'total', 'summary': '1-4'}
 {'name': 'Home', 'abbreviation': None, 'type': 'home', 'summary': '1-1'}
 {'name': 'Road', 'abbreviation': None, 'type': 'road', 'summary': '0-3'}
 {'name': 'vs. Conf.', 'abbreviation': None, 'type': 'vsconf', 'summary': '0-3'}]",302750038,2010,2,5,
302750055,s:20~l:23~e:302750055~c:302750055,2010-10-02T23:00Z,0,True,False,False,False,True,False,2010-10-02T23:00Z,,[],,,,,1,STD,3662,AmFirst Stadium,Jacksonville,AL,USA,False,0.0,0:00,4,3,STATUS_FINAL,post,True,Final,Final,Final,4,55,s:20~l:23~t:55,Jacksonville State,Gamecocks,JVST,Jacksonville State Gamecocks,Jacksonville St,cc0000,000000,True,3662,https://a.espncdn.com/i/teamlogos/ncaa/500/55.png,26,40,True,99,"[{'value': 7.0, 'displayValue': '7', 'period': 1}
 {'value': 23.0, 'displayValue': '23', 'period': 2}
 {'value': 3.0, 'displayValue': '3', 'period': 3}
 {'value': 7.0, 'displayValue': '7', 'period': 4}]","[{'name': 'overall', 'abbreviation': 'Game', 'type': 'total', 'summary': '5-0'}
 {'name': 'Home', 'abbreviation': None, 'type': 'home', 'summary': '2-0'}
 {'name': 'Road', 'abbreviation': None, 'type': 'road', 'summary': '3-0'}
 {'name': 'vs. Conf.', 'abbreviation': None, 'type': 'vsconf', 'summary': '2-0'}]",93,s:20~l:23~t:93,Murray State,Racers,MURR,Murray State Racers,Murray State,002148,000e00,True,3909,https://a.espncdn.com/i/teamlogos/ncaa/500/93.png,26,34,False,99,"[{'value': 14.0, 'displayValue': '14', 'period': 1}
 {'value': 0.0, 'displayValue': '0', 'period': 2}
 {'value': 6.0, 'displayValue': '6', 'period': 3}
 {'value': 14.0, 'displayValue': '14', 'period': 4}]","[{'name': 'overall', 'abbreviation': 'Game', 'type': 'total', 'summary': '1-4'}
 {'name': 'Home', 'abbreviation': None, 'type': 'home', 'summary': '1-1'}
 {'name': 'Road', 'abbreviation': None, 'type': 'road', 'summary': '0-3'}
 {'name': 'vs. Conf.', 'abbreviation': None, 'type': 'vsconf', 'summary': '1-2'}]",302750055,2010,2,5,
302750058,s:20~l:23~e:302750058~c:302750058,2010-10-02T23:00Z,0,True,False,False,False,True,False,2010-10-02T23:00Z,,[],,,home,ESPN3,1,STD,3886,Raymond James Stadium,Tampa,FL,USA,False,720.0,12:00,4,3,STATUS_FINAL,post,True,Final,Final,Final,4,58,s:20~l:23~t:58,South Florida,Bulls,USF,South Florida Bulls,USF,006747,cfc493,True,3886,https://a.espncdn.com/i/teamlogos/ncaa/500/58.png,10,31,True,99,"[{'value': 14.0, 'displayValue': '14', 'period': 1}
 {'value': 0.0, 'displayValue': '0', 'period': 2}
 {'value': 10.0, 'displayValue': '10', 'period': 3}
 {'value': 7.0, 'displayValue': '7', 'period': 4}]","[{'name': 'overall', 'abbreviation': 'Game', 'type': 'total', 'summary': '3-1'}
 {'name': 'Home', 'abbreviation': None, 'type': 'home', 'summary': '3-0'}
 {'name': 'Road', 'abbreviation': None, 'type': 'road', 'summary': '0-1'}
 {'name': 'vs. Conf.', 'abbreviation': None, 'type': 'vsconf', 'summary': '0-0'}]",2226,s:20~l:23~t:2226,Florida Atlantic,Owls,FAU,Florida Atlantic Owls,FAU,003366,cc0000,True,3715,https://a.espncdn.com/i/teamlogos/ncaa/500/2226.png,37,3,False,99,"[{'value': 0.0, 'displayValue': '0', 'period': 1}
 {'value': 3.0, 'displayValue': '3', 'period': 2}
 {'value': 0.0, 'displayValue': '0', 'period': 3}
 {'value': 0.0, 'displayValue': '0', 'period': 4}]","[{'name': 'overall', 'abbreviation': 'Game', 'type': 'total', 'summary': '1-3'}
 {'name': 'Home', 'abbreviation': None, 'type': 'home', 'summary': '0-2'}
 {'name': 'Road', 'abbreviation': None, 'type': 'road', 'summary': '1-1'}
 {'name': 'vs. Conf.', 'abbreviation': None, 'type': 'vsconf', 'summary': '0-1'}]",302750058,2010,2,5,
302750066,s:20~l:23~e:302750066~c:302750066,2010-10-02T23:00Z,0,True,False,False,False,True,False,2010-10-02T23:00Z,,[],,,,,1,STD,3772,Jack Trice Stadium,Ames,IA,USA,False,77.0,1:17,4,3,STATUS_FINAL,post,True,Final,Final,Final,4,66,s:20~l:23~t:66,Iowa State,Cyclones,ISU,Iowa State Cyclones,Iowa State,ae192d,ffc72a,True,3772,https://a.espncdn.com/i/teamlogos/ncaa/500/66.png,4,52,True,99,"[{'value': 0.0, 'displayValue': '0', 'period': 1}
 {'value': 24.0, 'displayValue': '24', 'period': 2}
 {'value': 0.0, 'displayValue': '0', 'period': 3}
 {'value': 28.0, 'displayValue': '28', 'period': 4}]","[{'name': 'overall', 'abbreviation': 'Game', 'type': 'total', 'summary': '3-2'}
 {'name': 'Home', 'abbreviation': None, 'type': 'home', 'summary': '3-0'}
 {'name': 'Road', 'abbreviation': None, 'type': 'road', 'summary': '0-2'}
 {'name': 'vs. Conf.', 'abbreviation': None, 'type': 'vsconf', 'summary': '1-1'}]",2641,s:20~l:23~t:2641,Texas Tech,Red Raiders,TTU,Texas Tech Red Raiders,Texas Tech,da291c,000000,True,3784,https://a.espncdn.com/i/teamlogos/ncaa/500/2641.png,4,38,False,99,"[{'value': 0.0, 'displayValue': '0', 'period': 1}
 {'value': 14.0, 'displayValue': '14', 'period': 2}
 {'value': 10.0, 'displayValue': '10', 'period': 3}
 {'value': 14.0, 'displayValue': '14', 'period': 4}]","[{'name': 'overall', 'abbreviation': 'Game', 'type': 'total', 'summary': '2-2'}
 {'name': 'Home', 'abbreviation': None, 'type': 'home', 'summary': '1-1'}
 {'name': 'Road', 'abbreviation': None, 'type': 'road', 'summary': '1-1'}
 {'name': 'vs. Conf.', 'abbreviation': None, 'type': 'vsconf', 'summary': '0-2'}]",302750066,2010,2,5,
302750119,s:20~l:23~e:302750119~c:302750119,2010-10-02T23:00Z,0,True,False,False,False,True,False,2010-10-02T23:00Z,,[],,,,,1,STD,3781,Johnny Unitas Stadium,Towson,MD,USA,False,0.0,0:00,4,3,STATUS_FINAL,post,True,Final,Final,Final,4,119,s:20~l:23~t:119,Towson,Tigers,TOWS,Towson Tigers,Towson,FFC229,,True,3781,https://a.espncdn.com/i/teamlogos/ncaa/500/119.png,48,14,False,99,"[{'value': 7.0, 'displayValue': '7', 'period': 1}
 {'value': 7.0, 'displayValue': '7', 'period': 2}
 {'value': 0.0, 'displayValue': '0', 'period': 3}
 {'value': 0.0, 'displayValue': '0', 'period': 4}]","[{'name': 'overall', 'abbreviation': 'Game', 'type': 'total', 'summary': '1-4'}
 {'name': 'Home', 'abbreviation': None, 'type': 'home', 'summary': '1-1'}
 {'name': 'Road', 'abbreviation': None, 'type': 'road', 'summary': '0-3'}
 {'name': 'vs. Conf.', 'abbreviation': None, 'type': 'vsconf', 'summary': '0-2'}]",113,s:20~l:23~t:113,Massachusetts,Minutemen,UMASS,Massachusetts Minutemen,UMass,881c1c,ffffff,True,3985,https://a.espncdn.com/i/teamlogos/ncaa/500/113.png,48,27,True,99,"[{'value': 7.0, 'displayValue': '7', 'period': 1}
 {'value': 10.0, 'displayValue': '10', 'period': 2}
 {'value': 3.0, 'displayValue': '3', 'period': 3}
 {'value': 7.0, 'displayValue': '7', 'period': 4}]","[{'name': 'overall', 'abbreviation': 'Game', 'type': 'total', 'summary': '4-1'}
 {'name': 'Home', 'abbreviation': None, 'type': 'home', 'summary': '2-0'}
 {'name': 'Road', 'abbreviation': None, 'type': 'road', 'summary': '2-1'}
 {'name': 'vs. Conf.', 'abbreviation': None, 'type': 'vsconf', 'summary': '2-0'}]",302750119,2010,2,5,
302750154,s:20~l:23~e:302750154~c:302750154,2010-10-02T23:00Z,0,True,False,False,False,True,False,2010-10-02T23:00Z,ESPNU,[],,,national,ESPNU,1,STD,3630,Allegacy Federal Credit Union Stadium,Winston-Salem,NC,USA,False,15.0,0:15,4,3,STATUS_FINAL,post,True,Final,Final,Final,4,154,s:20~l:23~t:154,Wake Forest,Demon Deacons,WAKE,Wake Forest Demon Deacons,Wake Forest,ceb888,2c2a29,True,3630,https://a.espncdn.com/i/teamlogos/ncaa/500/154.png,1,20,False,99,"[{'value': 3.0, 'displayValue': '3', 'period': 1}
 {'value': 7.0, 'displayValue': '7', 'period': 2}
 {'value': 7.0, 'displayValue': '7', 'period': 3}
 {'value': 3.0, 'displayValue': '3', 'period': 4}]","[{'name': 'overall', 'abbreviation': 'Game', 'type': 'total', 'summary': '2-3'}
 {'name': 'Home', 'abbreviation': None, 'type': 'home', 'summary': '2-1'}
 {'name': 'Road', 'abbreviation': None, 'type': 'road', 'summary': '0-2'}
 {'name': 'vs. Conf.', 'abbreviation': None, 'type': 'vsconf', 'summary': '1-2'}]",59,s:20~l:23~t:59,Georgia Tech,Yellow Jackets,GT,Georgia Tech Yellow Jackets,Georgia Tech,b3a369,ffffff,True,721,https://a.espncdn.com/i/teamlogos/ncaa/500/59.png,1,24,True,99,"[{'value': 3.0, 'displayValue': '3', 'period': 1}
 {'value': 3.0, 'displayValue': '3', 'period': 2}
 {'value': 0.0, 'displayValue': '0', 'period': 3}
 {'value': 18.0, 'displayValue': '18', 'period': 4}]","[{'name': 'overall', 'abbreviation': 'Game', 'type': 'total', 'summary': '3-2'}
 {'name': 'Home', 'abbreviation': None, 'type': 'home', 'summary': '1-1'}
 {'name': 'Road', 'abbreviation': None, 'type': 'road', 'summary': '2-1'}
 {'name': 'vs. Conf.', 'abbreviation': None, 'type': 'vsconf', 'summary': '2-1'}]",302750154,2010,2,5,
302750235,s:20~l:23~e:302750235~c:302750235,2010-10-02T23:00Z,0,True,False,False,False,True,False,2010-10-02T23:00Z,,[],,,,,1,STD,3805,Simmons Bank Liberty Stadium,Memphis,TN,USA,False,0.0,0:00,4,3,STATUS_FINAL,post,True,Final,Final,Final,4,235,s:20~l:23~t:235,Memphis,Tigers,MEM,Memphis Tigers,Memphis,004991,8e908f,True,3805,https://a.espncdn.com/i/teamlogos/ncaa/500/235.png,12,7,False,99,"[{'value': 0.0, 'displayValue': '0', 'period': 1}
 {'value': 7.0, 'displayValue': '7', 'period': 2}
 {'value': 0.0, 'displayValue': '0', 'period': 3}
 {'value': 0.0, 'displayValue': '0', 'period': 4}]","[{'name': 'overall', 'abbreviation': 'Game', 'type': 'total', 'summary': '1-4'}
 {'name': 'Home', 'abbreviation': None, 'type': 'home', 'summary': '1-1'}
 {'name': 'Road', 'abbreviation': None, 'type': 'road', 'summary': '0-3'}
 {'name': 'vs. Conf.', 'abbreviation': None, 'type': 'vsconf', 'summary': '0-3'}]",202,s:20~l:23~t:202,Tulsa,Golden Hurricane,TLSA,Tulsa Golden Hurricane,Tulsa,003595,d0b787,True,3674,https://a.espncdn.com/i/teamlogos/ncaa/500/202.png,12,48,True,99,"[{'value': 14.0, 'displayValue': '14', 'period': 1}
 {'value': 6.0, 'displayValue': '6', 'period': 2}
 {'value': 14.0, 'displayValue': '14', 'period': 3}
 {'value': 14.0, 'displayValue': '14', 'period': 4}]","[{'name': 'overall', 'abbreviation': 'Game', 'type': 'total', 'summary': '3-2'}
 {'name': 'Home', 'abbreviation': None, 'type': 'home', 'summary': '2-0'}
 {'name': 'Road', 'abbreviation': None, 'type': 'road', 'summary': '1-2'}
 {'name': 'vs. Conf.', 'abbreviation': None, 'type': 'vsconf', 'summary': '1-1'}]",302750235,2010,2,5,
302750242,s:20~l:23~e:302750242~c:302750242,2010-10-02T23:00Z,0,True,False,False,False,True,False,2010-10-02T23:00Z,,[],,,,,1,STD,3895,Rice Stadium,Houston,TX,USA,False,0.0,0:00,4,3,STATUS_FINAL,post,True,Final,Final,Final,4,242,s:20~l:23~t:242,Rice,Owls,RICE,Rice Owls,Rice,00205b,c1c6c8,True,3895,https://a.espncdn.com/i/teamlogos/ncaa/500/242.png,12,31,False,99,"[{'value': 0.0, 'displayValue': '0', 'period': 1}
 {'value': 3.0, 'displayValue': '3', 'period': 2}
 {'value': 7.0, 'displayValue': '7', 'period': 3}
 {'value': 21.0, 'displayValue': '21', 'period': 4}]","[{'name': 'overall', 'abbreviation': 'Game', 'type': 'total', 'summary': '1-4'}
 {'name': 'Home', 'abbreviation': None, 'type': 'home', 'summary': '0-4'}
 {'name': 'Road', 'abbreviation': None, 'type': 'road', 'summary': '1-0'}
 {'name': 'vs. Conf.', 'abbreviation': None, 'type': 'vsconf', 'summary': '0-1'}]",2567,s:20~l:23~t:2567,SMU,Mustangs,SMU,SMU Mustangs,SMU,a80000,0033a1,True,3735,https://a.espncdn.com/i/teamlogos/ncaa/500/2567.png,12,42,True,99,"[{'value': 7.0, 'displayValue': '7', 'period': 1}
 {'value': 7.0, 'displayValue': '7', 'period': 2}
 {'value': 14.0, 'displayValue': '14', 'period': 3}
 {'value': 14.0, 'displayValue': '14', 'period': 4}]","[{'name': 'overall', 'abbreviation': 'Game', 'type': 'total', 'summary': '3-2'}
 {'name': 'Home', 'abbreviation': None, 'type': 'home', 'summary': '2-1'}
 {'name': 'Road', 'abbreviation': None, 'type': 'road', 'summary': '1-1'}
 {'name': 'vs. Conf.', 'abbreviation': None, 'type': 'vsconf', 'summary': '2-0'}]",302750242,2010,2,5,
302752032,s:20~l:23~e:302752032~c:302752032,2010-10-02T23:00Z,0,True,False,False,False,True,False,2010-10-02T23:00Z,,[],,,home,ESPN3,1,STD,3625,Centennial Bank Stadium,Jonesboro,AR,USA,False,0.0,0:00,4,3,STATUS_FINAL,post,True,Final,Final,Final,4,2032,s:20~l:23~t:2032,Arkansas State,Red Wolves,ARST,Arkansas State Red Wolves,Arkansas State,cc092f,000000,True,3625,https://a.espncdn.com/i/teamlogos/ncaa/500/2032.png,37,24,False,99,"[{'value': 0.0, 'displayValue': '0', 'period': 1}
 {'value': 7.0, 'displayValue': '7', 'period': 2}
 {'value': 14.0, 'displayValue': '14', 'period': 3}
 {'value': 3.0, 'displayValue': '3', 'period': 4}]","[{'name': 'overall', 'abbreviation': 'Game', 'type': 'total', 'summary': '1-4'}
 {'name': 'Home', 'abbreviation': None, 'type': 'home', 'summary': '1-1'}
 {'name': 'Road', 'abbreviation': None, 'type': 'road', 'summary': '0-3'}
 {'name': 'vs. Conf.', 'abbreviation': None, 'type': 'vsconf', 'summary': '1-2'}]",97,s:20~l:23~t:97,Louisville,Cardinals,LOU,Louisville Cardinals,Louisville,c9001f,ffffff,True,3873,https://a.espncdn.com/i/teamlogos/ncaa/500/97.png,10,34,True,99,"[{'value': 10.0, 'displayValue': '10', 'period': 1}
 {'value': 21.0, 'displayValue': '21', 'period': 2}
 {'value': 0.0, 'displayValue': '0', 'period': 3}
 {'value': 3.0, 'displayValue': '3', 'period': 4}]","[{'name': 'overall', 'abbreviation': 'Game', 'type': 'total', 'summary': '2-2'}
 {'name': 'Home', 'abbreviation': None, 'type': 'home', 'summary': '1-1'}
 {'name': 'Road', 'abbreviation': None, 'type': 'road', 'summary': '1-1'}
 {'name': 'vs. Conf.', 'abbreviation': None, 'type': 'vsconf', 'summary': '0-0'}]",302752032,2010,2,5,
302752320,s:20~l:23~e:302752320~c:302752320,2010-10-02T23:00Z,0,True,False,False,False,True,False,2010-10-02T23:00Z,,[],,,,,1,STD,,,,,,,0.0,0:00,4,3,STATUS_FINAL,post,True,Final,Final,Final,4,2320,s:20~l:23~t:2320,Lamar,Cardinals,LAM,Lamar Cardinals,Lamar,000000,ebebeb,True,3882,https://a.espncdn.com/i/teamlogos/ncaa/500/2320.png,30,10,False,99,"[{'value': 0.0, 'displayValue': '0', 'period': 1}
 {'value': 3.0, 'displayValue': '3', 'period': 2}
 {'value': 7.0, 'displayValue': '7', 'period': 3}
 {'value': 0.0, 'displayValue': '0', 'period': 4}]","[{'name': 'overall', 'abbreviation': 'Game', 'type': 'total', 'summary': '2-3'}
 {'name': 'Home', 'abbreviation': None, 'type': 'home', 'summary': '1-1'}
 {'name': 'Road', 'abbreviation': None, 'type': 'road', 'summary': '1-2'}
 {'name': 'vs. Conf.', 'abbreviation': None, 'type': 'vsconf', 'summary': '0-0'}]",2534,s:20~l:23~t:2534,Sam Houston State,Bearkats,SHSU,Sam Houston State Bearkats,Sam Houston,f56423,ffffff,False,3647,https://a.espncdn.com/i/teamlogos/ncaa/500/2534.png,30,38,True,99,"[{'value': 14.0, 'displayValue': '14', 'period': 1}
 {'value': 14.0, 'displayValue': '14', 'period': 2}
 {'value': 10.0, 'displayValue': '10', 'period': 3}
 {'value': 0.0, 'displayValue': '0', 'period': 4}]","[{'name': 'overall', 'abbreviation': 'Game', 'type': 'total', 'summary': '2-2'}
 {'name': 'Home', 'abbreviation': None, 'type': 'home', 'summary': '1-0'}
 {'name': 'Road', 'abbreviation': None, 'type': 'road', 'summary': '1-2'}
 {'name': 'vs. Conf.', 'abbreviation': None, 'type': 'vsconf', 'summary': '0-0'}]",302752320,2010,2,5,
302752335,s:20~l:23~e:302752335~c:302752335,2010-10-02T23:00Z,0,True,False,False,False,True,False,2010-10-02T23:00Z,,[],,,,,1,STD,3992,Williams Stadium (VA),Lynchburg,VA,USA,False,0.0,0:00,4,3,STATUS_FINAL,post,True,Final,Final,Final,4,2335,s:20~l:23~t:2335,Liberty,Flames,LIB,Liberty Flames,Liberty,0a254e,b72025,True,3992,https://a.espncdn.com/i/teamlogos/ncaa/500/2335.png,40,52,True,99,"[{'value': 21.0, 'displayValue': '21', 'period': 1}
 {'value': 14.0, 'displayValue': '14', 'period': 2}
 {'value': 3.0, 'displayValue': '3', 'period': 3}
 {'value': 14.0, 'displayValue': '14', 'period': 4}]","[{'name': 'overall', 'abbreviation': 'Game', 'type': 'total', 'summary': '3-2'}
 {'name': 'Home', 'abbreviation': None, 'type': 'home', 'summary': '2-0'}
 {'name': 'Road', 'abbreviation': None, 'type': 'road', 'summary': '1-2'}
 {'name': 'vs. Conf.', 'abbreviation': None, 'type': 'vsconf', 'summary': '0-0'}]",2542,s:20~l:23~t:2542,Savannah State,Tigers,SAV,Savannah State Tigers,Savannah State,280298,f78f1e,True,3952,https://a.espncdn.com/i/teamlogos/ncaa/500/2542.png,24,14,False,99,"[{'value': 7.0, 'displayValue': '7', 'period': 1}
 {'value': 0.0, 'displayValue': '0', 'period': 2}
 {'value': 7.0, 'displayValue': '7', 'period': 3}
 {'value': 0.0, 'displayValue': '0', 'period': 4}]","[{'name': 'overall', 'abbreviation': 'Game', 'type': 'total', 'summary': '0-5'}
 {'name': 'Home', 'abbreviation': None, 'type': 'home', 'summary': '0-2'}
 {'name': 'Road', 'abbreviation': None, 'type': 'road', 'summary': '0-3'}
 {'name': 'vs. Conf.', 'abbreviation': None, 'type': 'vsconf', 'summary': '0-0'}]",302752335,2010,2,5,
302752649,s:20~l:23~e:302752649~c:302752649,2010-10-02T23:00Z,0,True,False,False,False,True,False,2010-10-02T23:00Z,,[],,,,,1,STD,3739,Glass Bowl,Toledo,OH,USA,False,0.0,0:00,4,3,STATUS_FINAL,post,True,Final,Final,Final,4,2649,s:20~l:23~t:2649,Toledo,Rockets,TOL,Toledo Rockets,Toledo,0b2240,ffcd00,True,3739,https://a.espncdn.com/i/teamlogos/ncaa/500/2649.png,15,15,False,99,"[{'value': 0.0, 'displayValue': '0', 'period': 1}
 {'value': 0.0, 'displayValue': '0', 'period': 2}
 {'value': 2.0, 'displayValue': '2', 'period': 3}
 {'value': 13.0, 'displayValue': '13', 'period': 4}]","[{'name': 'overall', 'abbreviation': 'Game', 'type': 'total', 'summary': '3-2'}
 {'name': 'Home', 'abbreviation': None, 'type': 'home', 'summary': '0-2'}
 {'name': 'Road', 'abbreviation': None, 'type': 'road', 'summary': '3-0'}
 {'name': 'vs. Conf.', 'abbreviation': None, 'type': 'vsconf', 'summary': '2-0'}]",2751,s:20~l:23~t:2751,Wyoming,Cowboys,WYO,Wyoming Cowboys,Wyoming,492f24,ffc425,True,3984,https://a.espncdn.com/i/teamlogos/ncaa/500/2751.png,17,20,True,99,"[{'value': 7.0, 'displayValue': '7', 'period': 1}
 {'value': 10.0, 'displayValue': '10', 'period': 2}
 {'value': 3.0, 'displayValue': '3', 'period': 3}
 {'value': 0.0, 'displayValue': '0', 'period': 4}]","[{'name': 'overall', 'abbreviation': 'Game', 'type': 'total', 'summary': '2-3'}
 {'name': 'Home', 'abbreviation': None, 'type': 'home', 'summary': '1-2'}
 {'name': 'Road', 'abbreviation': None, 'type': 'road', 'summary': '1-1'}
 {'name': 'vs. Conf.', 'abbreviation': None, 'type': 'vsconf', 'summary': '0-1'}]",302752649,2010,2,5,
302750249,s:20~l:23~e:302750249~c:302750249,2010-10-02T23:30Z,0,True,False,False,False,True,False,2010-10-02T23:30Z,ESPN3,[],,,national,ESPN3,1,STD,,,,,,,0.0,0:00,4,3,STATUS_FINAL,post,True,Final,Final,Final,4,249,s:20~l:23~t:249,North Texas,Mean Green,UNT,North Texas Mean Green,North Texas,068f33,ffffff,True,3825,https://a.espncdn.com/i/teamlogos/ncaa/500/249.png,37,27,False,99,"[{'value': 0.0, 'displayValue': '0', 'period': 1}
 {'value': 14.0, 'displayValue': '14', 'period': 2}
 {'value': 0.0, 'displayValue': '0', 'period': 3}
 {'value': 13.0, 'displayValue': '13', 'period': 4}]","[{'name': 'overall', 'abbreviation': 'Game', 'type': 'total', 'summary': '1-4'}
 {'name': 'Home', 'abbreviation': None, 'type': 'home', 'summary': '0-2'}
 {'name': 'Road', 'abbreviation': None, 'type': 'road', 'summary': '1-2'}
 {'name': 'vs. Conf.', 'abbreviation': None, 'type': 'vsconf', 'summary': '1-1'}]",309,s:20~l:23~t:309,Louisiana,Ragin' Cajuns,ULL,Louisiana Ragin' Cajuns,Louisiana,ce181e,000000,True,3666,https://a.espncdn.com/i/teamlogos/ncaa/500/309.png,37,28,True,99,"[{'value': 7.0, 'displayValue': '7', 'period': 1}
 {'value': 14.0, 'displayValue': '14', 'period': 2}
 {'value': 7.0, 'displayValue': '7', 'period': 3}
 {'value': 0.0, 'displayValue': '0', 'period': 4}]","[{'name': 'overall', 'abbreviation': 'Game', 'type': 'total', 'summary': '2-2'}
 {'name': 'Home', 'abbreviation': None, 'type': 'home', 'summary': '1-1'}
 {'name': 'Road', 'abbreviation': None, 'type': 'road', 'summary': '1-1'}
 {'name': 'vs. Conf.', 'abbreviation': None, 'type': 'vsconf', 'summary': '2-1'}]",302750249,2010,2,5,
302750023,s:20~l:23~e:302750023~c:302750023,2010-10-03T00:00Z,0,True,False,False,False,True,False,2010-10-03T00:00Z,,[],,,,,1,STD,3935,CEFCU Stadium,San Jose,CA,USA,False,0.0,0:00,4,3,STATUS_FINAL,post,True,Final,Final,Final,4,23,s:20~l:23~t:23,San Jose State,Spartans,SJSU,San Jose State Spartans,San Jose State,0038a8,ffb81a,False,3935,https://a.espncdn.com/i/teamlogos/ncaa/500/23.png,16,13,False,99,"[{'value': 10.0, 'displayValue': '10', 'period': 1}
 {'value': 3.0, 'displayValue': '3', 'period': 2}
 {'value': 0.0, 'displayValue': '0', 'period': 3}
 {'value': 0.0, 'displayValue': '0', 'period': 4}]","[{'name': 'overall', 'abbreviation': 'Game', 'type': 'total', 'summary': '1-4'}
 {'name': 'Home', 'abbreviation': None, 'type': 'home', 'summary': '1-1'}
 {'name': 'Road', 'abbreviation': None, 'type': 'road', 'summary': '0-3'}
 {'name': 'vs. Conf.', 'abbreviation': None, 'type': 'vsconf', 'summary': '0-0'}]",302,s:20~l:23~t:302,UC Davis,Aggies,UCD,UC Davis Aggies,UC Davis,002855,c3c4c6,True,3602,https://a.espncdn.com/i/teamlogos/ncaa/500/302.png,43,14,True,99,"[{'value': 0.0, 'displayValue': '0', 'period': 1}
 {'value': 0.0, 'displayValue': '0', 'period': 2}
 {'value': 14.0, 'displayValue': '14', 'period': 3}
 {'value': 0.0, 'displayValue': '0', 'period': 4}]","[{'name': 'overall', 'abbreviation': 'Game', 'type': 'total', 'summary': '2-3'}
 {'name': 'Home', 'abbreviation': None, 'type': 'home', 'summary': '0-1'}
 {'name': 'Road', 'abbreviation': None, 'type': 'road', 'summary': '2-2'}
 {'name': 'vs. Conf.', 'abbreviation': None, 'type': 'vsconf', 'summary': '0-0'}]",302750023,2010,2,5,
302750103,s:20~l:23~e:302750103~c:302750103,2010-10-03T00:00Z,0,True,False,False,False,True,False,2010-10-03T00:00Z,ABC/ESPN3,[],,,national,ABC,1,STD,3615,"Alumni Stadium (Chestnut Hill, MA)",Chestnut Hill,MA,USA,False,0.0,0:00,4,3,STATUS_FINAL,post,True,Final,Final,Final,4,103,s:20~l:23~t:103,Boston College,Eagles,BC,Boston College Eagles,Boston College,8c2232,dbcca6,True,3615,https://a.espncdn.com/i/teamlogos/ncaa/500/103.png,1,13,False,99,"[{'value': 7.0, 'displayValue': '7', 'period': 1}
 {'value': 6.0, 'displayValue': '6', 'period': 2}
 {'value': 0.0, 'displayValue': '0', 'period': 3}
 {'value': 0.0, 'displayValue': '0', 'period': 4}]","[{'name': 'overall', 'abbreviation': 'Game', 'type': 'total', 'summary': '2-2'}
 {'name': 'Home', 'abbreviation': None, 'type': 'home', 'summary': '2-2'}
 {'name': 'Road', 'abbreviation': None, 'type': 'road', 'summary': '0-0'}
 {'name': 'vs. Conf.', 'abbreviation': None, 'type': 'vsconf', 'summary': '0-1'}]",87,s:20~l:23~t:87,Notre Dame,Fighting Irish,ND,Notre Dame Fighting Irish,Notre Dame,062340,c99700,True,3855,https://a.espncdn.com/i/teamlogos/ncaa/500/87.png,18,31,True,99,"[{'value': 21.0, 'displayValue': '21', 'period': 1}
 {'value': 3.0, 'displayValue': '3', 'period': 2}
 {'value': 7.0, 'displayValue': '7', 'period': 3}
 {'value': 0.0, 'displayValue': '0', 'period': 4}]","[{'name': 'overall', 'abbreviation': 'Game', 'type': 'total', 'summary': '2-3'}
 {'name': 'Home', 'abbreviation': None, 'type': 'home', 'summary': '1-2'}
 {'name': 'Road', 'abbreviation': None, 'type': 'road', 'summary': '1-1'}
 {'name': 'vs. Conf.', 'abbreviation': None, 'type': 'vsconf', 'summary': '0-0'}]",302750103,2010,2,5,
302752572,s:20~l:23~e:302752572~c:302752572,2010-10-03T00:00Z,0,True,False,False,False,True,False,2010-10-03T00:00Z,,[],,,,,1,STD,3815,M. M. Roberts Stadium,Hattiesburg,MS,USA,False,0.0,0:00,4,3,STATUS_FINAL,post,True,Final,Final,Final,4,2572,s:20~l:23~t:2572,Southern Mississippi,Golden Eagles,USM,Southern Mississippi Golden Eagles,Southern Miss,ffc72c,231f20,False,3815,https://a.espncdn.com/i/teamlogos/ncaa/500/2572.png,12,41,True,99,"[{'value': 14.0, 'displayValue': '14', 'period': 1}
 {'value': 14.0, 'displayValue': '14', 'period': 2}
 {'value': 6.0, 'displayValue': '6', 'period': 3}
 {'value': 7.0, 'displayValue': '7', 'period': 4}]","[{'name': 'overall', 'abbreviation': 'Game', 'type': 'total', 'summary': '4-1'}
 {'name': 'Home', 'abbreviation': None, 'type': 'home', 'summary': '3-0'}
 {'name': 'Road', 'abbreviation': None, 'type': 'road', 'summary': '1-1'}
 {'name': 'vs. Conf.', 'abbreviation': None, 'type': 'vsconf', 'summary': '1-0'}]",276,s:20~l:23~t:276,Marshall,Thundering Herd,MRSH,Marshall Thundering Herd,Marshall,00b140,000000,True,3775,https://a.espncdn.com/i/teamlogos/ncaa/500/276.png,12,16,False,99,"[{'value': 0.0, 'displayValue': '0', 'period': 1}
 {'value': 0.0, 'displayValue': '0', 'period': 2}
 {'value': 7.0, 'displayValue': '7', 'period': 3}
 {'value': 9.0, 'displayValue': '9', 'period': 4}]","[{'name': 'overall', 'abbreviation': 'Game', 'type': 'total', 'summary': '1-4'}
 {'name': 'Home', 'abbreviation': None, 'type': 'home', 'summary': '1-1'}
 {'name': 'Road', 'abbreviation': None, 'type': 'road', 'summary': '0-3'}
 {'name': 'vs. Conf.', 'abbreviation': None, 'type': 'vsconf', 'summary': '0-1'}]",302752572,2010,2,5,
302750278,s:20~l:23~e:302750278~c:302750278,2010-10-03T02:00Z,0,True,False,False,False,True,False,2010-10-03T02:00Z,,[],,,,,1,STD,3660,Valley Children's Stadium,Fresno,CA,USA,False,0.0,0:00,4,3,STATUS_FINAL,post,True,Final,Final,Final,4,278,s:20~l:23~t:278,Fresno State,Bulldogs,FRES,Fresno State Bulldogs,Fresno State,b1102b,13284c,True,3660,https://a.espncdn.com/i/teamlogos/ncaa/500/278.png,16,38,True,99,"[{'value': 14.0, 'displayValue': '14', 'period': 1}
 {'value': 7.0, 'displayValue': '7', 'period': 2}
 {'value': 10.0, 'displayValue': '10', 'period': 3}
 {'value': 7.0, 'displayValue': '7', 'period': 4}]","[{'name': 'overall', 'abbreviation': 'Game', 'type': 'total', 'summary': '3-1'}
 {'name': 'Home', 'abbreviation': None, 'type': 'home', 'summary': '2-0'}
 {'name': 'Road', 'abbreviation': None, 'type': 'road', 'summary': '1-1'}
 {'name': 'vs. Conf.', 'abbreviation': None, 'type': 'vsconf', 'summary': '1-0'}]",13,s:20~l:23~t:13,Cal Poly,Mustangs,CP,Cal Poly Mustangs,Cal Poly,1E4D2B,eed897,True,3851,https://a.espncdn.com/i/teamlogos/ncaa/500/13.png,43,17,False,99,"[{'value': 3.0, 'displayValue': '3', 'period': 1}
 {'value': 14.0, 'displayValue': '14', 'period': 2}
 {'value': 0.0, 'displayValue': '0', 'period': 3}
 {'value': 0.0, 'displayValue': '0', 'period': 4}]","[{'name': 'overall', 'abbreviation': 'Game', 'type': 'total', 'summary': '3-2'}
 {'name': 'Home', 'abbreviation': None, 'type': 'home', 'summary': '2-0'}
 {'name': 'Road', 'abbreviation': None, 'type': 'road', 'summary': '1-2'}
 {'name': 'vs. Conf.', 'abbreviation': None, 'type': 'vsconf', 'summary': '0-0'}]",302750278,2010,2,5,
302750062,s:20~l:23~e:302750062~c:302750062,2010-10-03T03:30Z,0,True,False,False,False,True,False,2010-10-03T03:30Z,,[],,,,,1,STD,3610,Aloha Stadium,Honolulu,HI,USA,False,0.0,0:00,4,3,STATUS_FINAL,post,True,Final,Final,Final,4,62,s:20~l:23~t:62,Hawai'i,Rainbow Warriors,HAW,Hawai'i Rainbow Warriors,Hawaii,005737,000000,True,3610,https://a.espncdn.com/i/teamlogos/ncaa/500/62.png,16,41,True,99,"[{'value': 10.0, 'displayValue': '10', 'period': 1}
 {'value': 14.0, 'displayValue': '14', 'period': 2}
 {'value': 10.0, 'displayValue': '10', 'period': 3}
 {'value': 7.0, 'displayValue': '7', 'period': 4}]","[{'name': 'overall', 'abbreviation': 'Game', 'type': 'total', 'summary': '3-2'}
 {'name': 'Home', 'abbreviation': None, 'type': 'home', 'summary': '2-1'}
 {'name': 'Road', 'abbreviation': None, 'type': 'road', 'summary': '1-1'}
 {'name': 'vs. Conf.', 'abbreviation': None, 'type': 'vsconf', 'summary': '1-0'}]",2348,s:20~l:23~t:2348,Louisiana Tech,Bulldogs,LT,Louisiana Tech Bulldogs,LA Tech,003087,cb333b,True,3776,https://a.espncdn.com/i/teamlogos/ncaa/500/2348.png,16,21,False,99,"[{'value': 0.0, 'displayValue': '0', 'period': 1}
 {'value': 7.0, 'displayValue': '7', 'period': 2}
 {'value': 14.0, 'displayValue': '14', 'period': 3}
 {'value': 0.0, 'displayValue': '0', 'period': 4}]","[{'name': 'overall', 'abbreviation': 'Game', 'type': 'total', 'summary': '1-4'}
 {'name': 'Home', 'abbreviation': None, 'type': 'home', 'summary': '0-2'}
 {'name': 'Road', 'abbreviation': None, 'type': 'road', 'summary': '1-2'}
 {'name': 'vs. Conf.', 'abbreviation': None, 'type': 'vsconf', 'summary': '0-1'}]",302750062,2010,2,5,
302782393,s:20~l:23~e:302782393~c:302782393,2010-10-06T00:00Z,0,True,False,False,False,True,False,2010-10-06T00:00Z,ESPN3/ESPN2,[],,,national,ESPN3,1,STD,3725,"Johnny ""Red"" Floyd Stadium",Murfreesboro,TN,USA,False,0.0,0:00,4,3,STATUS_FINAL,post,True,Final,Final,Final,4,2393,s:20~l:23~t:2393,Middle Tennessee,Blue Raiders,MTSU,Middle Tennessee Blue Raiders,Mid Tennessee,036eb7,ffffff,True,3725,https://a.espncdn.com/i/teamlogos/ncaa/500/2393.png,37,13,False,99,"[{'value': 0.0, 'displayValue': '0', 'period': 1}
 {'value': 7.0, 'displayValue': '7', 'period': 2}
 {'value': 0.0, 'displayValue': '0', 'period': 3}
 {'value': 6.0, 'displayValue': '6', 'period': 4}]","[{'name': 'overall', 'abbreviation': 'Game', 'type': 'total', 'summary': '2-3'}
 {'name': 'Home', 'abbreviation': None, 'type': 'home', 'summary': '1-2'}
 {'name': 'Road', 'abbreviation': None, 'type': 'road', 'summary': '1-1'}
 {'name': 'vs. Conf.', 'abbreviation': None, 'type': 'vsconf', 'summary': '1-1'}]",2653,s:20~l:23~t:2653,Troy,Trojans,TROY,Troy Trojans,Troy,862633,b1b1b1,True,3975,https://a.espncdn.com/i/teamlogos/ncaa/500/2653.png,37,42,True,99,"[{'value': 14.0, 'displayValue': '14', 'period': 1}
 {'value': 7.0, 'displayValue': '7', 'period': 2}
 {'value': 7.0, 'displayValue': '7', 'period': 3}
 {'value': 14.0, 'displayValue': '14', 'period': 4}]","[{'name': 'overall', 'abbreviation': 'Game', 'type': 'total', 'summary': '3-2'}
 {'name': 'Home', 'abbreviation': None, 'type': 'home', 'summary': '2-0'}
 {'name': 'Road', 'abbreviation': None, 'type': 'road', 'summary': '1-2'}
 {'name': 'vs. Conf.', 'abbreviation': None, 'type': 'vsconf', 'summary': '2-0'}]",302782393,2010,2,6,
302792116,s:20~l:23~e:302792116~c:302792116,2010-10-07T00:00Z,0,True,False,False,False,True,False,2010-10-07T00:00Z,ESPN3/ESPN,[],,,national,ESPN3,1,STD,3652,Acrisure Bounce House,Orlando,FL,USA,False,0.0,0:00,4,3,STATUS_FINAL,post,True,Final,Final,Final,4,2116,s:20~l:23~t:2116,UCF,Knights,UCF,UCF Knights,UCF,000000,b4a169,True,3652,https://a.espncdn.com/i/teamlogos/ncaa/500/2116.png,12,42,True,99,"[{'value': 7.0, 'displayValue': '7', 'period': 1}
 {'value': 14.0, 'displayValue': '14', 'period': 2}
 {'value': 7.0, 'displayValue': '7', 'period': 3}
 {'value': 14.0, 'displayValue': '14', 'period': 4}]","[{'name': 'overall', 'abbreviation': 'Game', 'type': 'total', 'summary': '3-2'}
 {'name': 'Home', 'abbreviation': None, 'type': 'home', 'summary': '2-1'}
 {'name': 'Road', 'abbreviation': None, 'type': 'road', 'summary': '1-1'}
 {'name': 'vs. Conf.', 'abbreviation': None, 'type': 'vsconf', 'summary': '1-0'}]",5,s:20~l:23~t:5,UAB,Blazers,UAB,UAB Blazers,UAB,1a5632,fdb913,True,3803,https://a.espncdn.com/i/teamlogos/ncaa/500/5.png,12,7,False,99,"[{'value': 0.0, 'displayValue': '0', 'period': 1}
 {'value': 0.0, 'displayValue': '0', 'period': 2}
 {'value': 7.0, 'displayValue': '7', 'period': 3}
 {'value': 0.0, 'displayValue': '0', 'period': 4}]","[{'name': 'overall', 'abbreviation': 'Game', 'type': 'total', 'summary': '1-4'}
 {'name': 'Home', 'abbreviation': None, 'type': 'home', 'summary': '1-1'}
 {'name': 'Road', 'abbreviation': None, 'type': 'road', 'summary': '0-3'}
 {'name': 'vs. Conf.', 'abbreviation': None, 'type': 'vsconf', 'summary': '0-2'}]",302792116,2010,2,6,
302802306,s:20~l:23~e:302802306~c:302802306,2010-10-07T23:30Z,0,True,False,False,False,True,False,2010-10-07T23:30Z,ESPN3/ESPN,[],,,national,ESPN3,1,STD,3636,Bill Snyder Family Stadium,Manhattan,KS,USA,False,0.0,0:00,4,3,STATUS_FINAL,post,True,Final,Final,Final,4,2306,s:20~l:23~t:2306,Kansas State,Wildcats,KSU,Kansas State Wildcats,Kansas State,330a57,e2e3e4,True,3636,https://a.espncdn.com/i/teamlogos/ncaa/500/2306.png,4,13,False,99,"[{'value': 0.0, 'displayValue': '0', 'period': 1}
 {'value': 3.0, 'displayValue': '3', 'period': 2}
 {'value': 3.0, 'displayValue': '3', 'period': 3}
 {'value': 7.0, 'displayValue': '7', 'period': 4}]","[{'name': 'overall', 'abbreviation': 'Game', 'type': 'total', 'summary': '4-1'}
 {'name': 'Home', 'abbreviation': None, 'type': 'home', 'summary': '4-1'}
 {'name': 'Road', 'abbreviation': None, 'type': 'road', 'summary': '0-0'}
 {'name': 'vs. Conf.', 'abbreviation': None, 'type': 'vsconf', 'summary': '1-1'}]",158,s:20~l:23~t:158,Nebraska,Cornhuskers,NEB,Nebraska Cornhuskers,Nebraska,e31937,ffffff,True,3834,https://a.espncdn.com/i/teamlogos/ncaa/500/158.png,4,48,True,7,"[{'value': 7.0, 'displayValue': '7', 'period': 1}
 {'value': 10.0, 'displayValue': '10', 'period': 2}
 {'value': 21.0, 'displayValue': '21', 'period': 3}
 {'value': 10.0, 'displayValue': '10', 'period': 4}]","[{'name': 'overall', 'abbreviation': 'Game', 'type': 'total', 'summary': '5-0'}
 {'name': 'Home', 'abbreviation': None, 'type': 'home', 'summary': '3-0'}
 {'name': 'Road', 'abbreviation': None, 'type': 'road', 'summary': '2-0'}
 {'name': 'vs. Conf.', 'abbreviation': None, 'type': 'vsconf', 'summary': '1-0'}]",302802306,2010,2,6,
302810309,s:20~l:23~e:302810309~c:302810309,2010-10-09T01:00Z,0,True,False,False,False,True,False,2010-10-09T01:00Z,ESPN3/ESPN2,[],,,national,ESPN3,1,STD,3666,Our Lady of Lourdes Stadium,Lafayette,LA,USA,False,0.0,0:00,4,3,STATUS_FINAL,post,True,Final,Final,Final,4,309,s:20~l:23~t:309,Louisiana,Ragin' Cajuns,ULL,Louisiana Ragin' Cajuns,Louisiana,ce181e,000000,True,3666,https://a.espncdn.com/i/teamlogos/ncaa/500/309.png,37,28,False,99,"[{'value': 0.0, 'displayValue': '0', 'period': 1}
 {'value': 21.0, 'displayValue': '21', 'period': 2}
 {'value': 7.0, 'displayValue': '7', 'period': 3}
 {'value': 0.0, 'displayValue': '0', 'period': 4}]","[{'name': 'overall', 'abbreviation': 'Game', 'type': 'total', 'summary': '2-3'}
 {'name': 'Home', 'abbreviation': None, 'type': 'home', 'summary': '1-2'}
 {'name': 'Road', 'abbreviation': None, 'type': 'road', 'summary': '1-1'}
 {'name': 'vs. Conf.', 'abbreviation': None, 'type': 'vsconf', 'summary': '2-1'}]",197,s:20~l:23~t:197,Oklahoma State,Cowboys,OKST,Oklahoma State Cowboys,Oklahoma State,fe5c00,000000,True,3646,https://a.espncdn.com/i/teamlogos/ncaa/500/197.png,4,54,True,22,"[{'value': 10.0, 'displayValue': '10', 'period': 1}
 {'value': 7.0, 'displayValue': '7', 'period': 2}
 {'value': 24.0, 'displayValue': '24', 'period': 3}
 {'value': 13.0, 'displayValue': '13', 'period': 4}]","[{'name': 'overall', 'abbreviation': 'Game', 'type': 'total', 'summary': '5-0'}
 {'name': 'Home', 'abbreviation': None, 'type': 'home', 'summary': '4-0'}
 {'name': 'Road', 'abbreviation': None, 'type': 'road', 'summary': '1-0'}
 {'name': 'vs. Conf.', 'abbreviation': None, 'type': 'vsconf', 'summary': '1-0'}]",302810309,2010,2,6,
302810164,s:20~l:23~e:302810164~c:302810164,2010-10-08T23:30Z,0,True,False,False,False,True,False,2010-10-08T23:30Z,ESPN3/ESPN,[],,,national,ESPN3,1,STD,3754,HighPoint.com Stadium,Piscataway,NJ,USA,False,4.0,0:04,4,3,STATUS_FINAL,post,True,Final,Final,Final,4,164,s:20~l:23~t:164,Rutgers,Scarlet Knights,RUTG,Rutgers Scarlet Knights,Rutgers,ce0e2d,ffffff,True,3754,https://a.espncdn.com/i/teamlogos/ncaa/500/164.png,10,27,True,99,"[{'value': 14.0, 'displayValue': '14', 'period': 1}
 {'value': 3.0, 'displayValue': '3', 'period': 2}
 {'value': 0.0, 'displayValue': '0', 'period': 3}
 {'value': 10.0, 'displayValue': '10', 'period': 4}]","[{'name': 'overall', 'abbreviation': 'Game', 'type': 'total', 'summary': '3-2'}
 {'name': 'Home', 'abbreviation': None, 'type': 'home', 'summary': '2-2'}
 {'name': 'Road', 'abbreviation': None, 'type': 'road', 'summary': '1-0'}
 {'name': 'vs. Conf.', 'abbreviation': None, 'type': 'vsconf', 'summary': '1-0'}]",41,s:20~l:23~t:41,Connecticut,Huskies,CONN,Connecticut Huskies,UConn,0c2340,a2aaad,False,3892,https://a.espncdn.com/i/teamlogos/ncaa/500/41.png,10,24,False,99,"[{'value': 7.0, 'displayValue': '7', 'period': 1}
 {'value': 17.0, 'displayValue': '17', 'period': 2}
 {'value': 0.0, 'displayValue': '0', 'period': 3}
 {'value': 0.0, 'displayValue': '0', 'period': 4}]","[{'name': 'overall', 'abbreviation': 'Game', 'type': 'total', 'summary': '3-3'}
 {'name': 'Home', 'abbreviation': None, 'type': 'home', 'summary': '3-0'}
 {'name': 'Road', 'abbreviation': None, 'type': 'road', 'summary': '0-3'}
 {'name': 'vs. Conf.', 'abbreviation': None, 'type': 'vsconf', 'summary': '0-1'}]",302810164,2010,2,6,
302822579,s:20~l:23~e:302822579~c:302822579,2010-10-09T19:30Z,0,True,False,False,False,True,False,2010-10-09T19:30Z,CBS,[],,,national,CBS,1,STD,3994,Williams-Brice Stadium,Columbia,SC,USA,False,0.0,0:00,4,3,STATUS_FINAL,post,True,Final,Final,Final,4,2579,s:20~l:23~t:2579,South Carolina,Gamecocks,SC,South Carolina Gamecocks,South Carolina,73000a,000000,True,3994,https://a.espncdn.com/i/teamlogos/ncaa/500/2579.png,8,35,True,19,"[{'value': 14.0, 'displayValue': '14', 'period': 1}
 {'value': 7.0, 'displayValue': '7', 'period': 2}
 {'value': 7.0, 'displayValue': '7', 'period': 3}
 {'value': 7.0, 'displayValue': '7', 'period': 4}]","[{'name': 'overall', 'abbreviation': 'Game', 'type': 'total', 'summary': '4-1'}
 {'name': 'Home', 'abbreviation': None, 'type': 'home', 'summary': '4-0'}
 {'name': 'Road', 'abbreviation': None, 'type': 'road', 'summary': '0-1'}
 {'name': 'vs. Conf.', 'abbreviation': None, 'type': 'vsconf', 'summary': '2-1'}]",333,s:20~l:23~t:333,Alabama,Crimson Tide,ALA,Alabama Crimson Tide,Alabama,9e1b32,ffffff,True,3657,https://a.espncdn.com/i/teamlogos/ncaa/500/333.png,8,21,False,1,"[{'value': 3.0, 'displayValue': '3', 'period': 1}
 {'value': 6.0, 'displayValue': '6', 'period': 2}
 {'value': 5.0, 'displayValue': '5', 'period': 3}
 {'value': 7.0, 'displayValue': '7', 'period': 4}]","[{'name': 'overall', 'abbreviation': 'Game', 'type': 'total', 'summary': '5-1'}
 {'name': 'Home', 'abbreviation': None, 'type': 'home', 'summary': '3-0'}
 {'name': 'Road', 'abbreviation': None, 'type': 'road', 'summary': '2-1'}
 {'name': 'vs. Conf.', 'abbreviation': None, 'type': 'vsconf', 'summary': '2-1'}]",302822579,2010,2,6,
302820194,s:20~l:23~e:302820194~c:302820194,2010-10-09T16:00Z,0,True,False,False,False,True,False,2010-10-09T16:00Z,ESPN3/ESPN,[],,,national,ESPN3,1,STD,3861,Ohio Stadium,Columbus,OH,USA,False,0.0,0:00,4,3,STATUS_FINAL,post,True,Final,Final,Final,4,194,s:20~l:23~t:194,Ohio State,Buckeyes,OSU,Ohio State Buckeyes,Ohio State,ba0c2f,a8adb4,True,3861,https://a.espncdn.com/i/teamlogos/ncaa/500/194.png,5,38,True,2,"[{'value': 14.0, 'displayValue': '14', 'period': 1}
 {'value': 17.0, 'displayValue': '17', 'period': 2}
 {'value': 7.0, 'displayValue': '7', 'period': 3}
 {'value': 0.0, 'displayValue': '0', 'period': 4}]","[{'name': 'overall', 'abbreviation': 'Game', 'type': 'total', 'summary': '6-0'}
 {'name': 'Home', 'abbreviation': None, 'type': 'home', 'summary': '5-0'}
 {'name': 'Road', 'abbreviation': None, 'type': 'road', 'summary': '1-0'}
 {'name': 'vs. Conf.', 'abbreviation': None, 'type': 'vsconf', 'summary': '2-0'}]",84,s:20~l:23~t:84,Indiana,Hoosiers,IU,Indiana Hoosiers,Indiana,970310,ffffff,True,3830,https://a.espncdn.com/i/teamlogos/ncaa/500/84.png,5,10,False,99,"[{'value': 0.0, 'displayValue': '0', 'period': 1}
 {'value': 0.0, 'displayValue': '0', 'period': 2}
 {'value': 3.0, 'displayValue': '3', 'period': 3}
 {'value': 7.0, 'displayValue': '7', 'period': 4}]","[{'name': 'overall', 'abbreviation': 'Game', 'type': 'total', 'summary': '3-2'}
 {'name': 'Home', 'abbreviation': None, 'type': 'home', 'summary': '2-1'}
 {'name': 'Road', 'abbreviation': None, 'type': 'road', 'summary': '1-1'}
 {'name': 'vs. Conf.', 'abbreviation': None, 'type': 'vsconf', 'summary': '0-2'}]",302820194,2010,2,6,
302820265,s:20~l:23~e:302820265~c:302820265,2010-10-09T21:00Z,0,True,False,False,False,True,False,2010-10-09T21:00Z,,[],,,,,1,STD,3820,Martin Stadium,Pullman,WA,USA,False,0.0,0:00,4,3,STATUS_FINAL,post,True,Final,Final,Final,4,265,s:20~l:23~t:265,Washington State,Cougars,WSU,Washington State Cougars,Washington St,a60f2d,4d4d4d,True,3820,https://a.espncdn.com/i/teamlogos/ncaa/500/265.png,9,23,False,99,"[{'value': 14.0, 'displayValue': '14', 'period': 1}
 {'value': 3.0, 'displayValue': '3', 'period': 2}
 {'value': 6.0, 'displayValue': '6', 'period': 3}
 {'value': 0.0, 'displayValue': '0', 'period': 4}]","[{'name': 'overall', 'abbreviation': 'Game', 'type': 'total', 'summary': '1-5'}
 {'name': 'Home', 'abbreviation': None, 'type': 'home', 'summary': '1-2'}
 {'name': 'Road', 'abbreviation': None, 'type': 'road', 'summary': '0-3'}
 {'name': 'vs. Conf.', 'abbreviation': None, 'type': 'vsconf', 'summary': '0-3'}]",2483,s:20~l:23~t:2483,Oregon,Ducks,ORE,Oregon Ducks,Oregon,00934b,fff41b,True,3626,https://a.espncdn.com/i/teamlogos/ncaa/500/2483.png,5,43,True,3,"[{'value': 15.0, 'displayValue': '15', 'period': 1}
 {'value': 14.0, 'displayValue': '14', 'period': 2}
 {'value': 7.0, 'displayValue': '7', 'period': 3}
 {'value': 7.0, 'displayValue': '7', 'period': 4}]","[{'name': 'overall', 'abbreviation': 'Game', 'type': 'total', 'summary': '6-0'}
 {'name': 'Home', 'abbreviation': None, 'type': 'home', 'summary': '3-0'}
 {'name': 'Road', 'abbreviation': None, 'type': 'road', 'summary': '3-0'}
 {'name': 'vs. Conf.', 'abbreviation': None, 'type': 'vsconf', 'summary': '3-0'}]",302820265,2010,2,6,
302820068,s:20~l:23~e:302820068~c:302820068,2010-10-10T00:00Z,0,True,False,False,False,True,False,2010-10-10T00:00Z,ESPN3,[],,,national,ESPN3,1,STD,3653,Albertsons Stadium,Boise,ID,USA,False,0.0,0:00,4,3,STATUS_FINAL,post,True,Final,Final,Final,4,68,s:20~l:23~t:68,Boise State,Broncos,BSU,Boise State Broncos,Boise St,0033a0,d64309,True,3653,https://a.espncdn.com/i/teamlogos/ncaa/500/68.png,16,57,True,4,"[{'value': 15.0, 'displayValue': '15', 'period': 1}
 {'value': 21.0, 'displayValue': '21', 'period': 2}
 {'value': 21.0, 'displayValue': '21', 'period': 3}
 {'value': 0.0, 'displayValue': '0', 'period': 4}]","[{'name': 'overall', 'abbreviation': 'Game', 'type': 'total', 'summary': '5-0'}
 {'name': 'Home', 'abbreviation': None, 'type': 'home', 'summary': '2-0'}
 {'name': 'Road', 'abbreviation': None, 'type': 'road', 'summary': '3-0'}
 {'name': 'vs. Conf.', 'abbreviation': None, 'type': 'vsconf', 'summary': '1-0'}]",2649,s:20~l:23~t:2649,Toledo,Rockets,TOL,Toledo Rockets,Toledo,0b2240,ffcd00,True,3739,https://a.espncdn.com/i/teamlogos/ncaa/500/2649.png,15,14,False,99,"[{'value': 7.0, 'displayValue': '7', 'period': 1}
 {'value': 0.0, 'displayValue': '0', 'period': 2}
 {'value': 0.0, 'displayValue': '0', 'period': 3}
 {'value': 7.0, 'displayValue': '7', 'period': 4}]","[{'name': 'overall', 'abbreviation': 'Game', 'type': 'total', 'summary': '3-3'}
 {'name': 'Home', 'abbreviation': None, 'type': 'home', 'summary': '0-2'}
 {'name': 'Road', 'abbreviation': None, 'type': 'road', 'summary': '3-1'}
 {'name': 'vs. Conf.', 'abbreviation': None, 'type': 'vsconf', 'summary': '2-0'}]",302820068,2010,2,6,
302822628,s:20~l:23~e:302822628~c:302822628,2010-10-09T19:30Z,0,True,False,False,False,True,False,2010-10-09T19:30Z,,[],,,,,1,STD,3616,Amon G. Carter Stadium,Fort Worth,TX,USA,False,0.0,0:00,4,3,STATUS_FINAL,post,True,Final,Final,Final,4,2628,s:20~l:23~t:2628,TCU,Horned Frogs,TCU,TCU Horned Frogs,TCU,4d1979,ffffff,True,3616,https://a.espncdn.com/i/teamlogos/ncaa/500/2628.png,4,45,True,5,"[{'value': 14.0, 'displayValue': '14', 'period': 1}
 {'value': 17.0, 'displayValue': '17', 'period': 2}
 {'value': 7.0, 'displayValue': '7', 'period': 3}
 {'value': 7.0, 'displayValue': '7', 'period': 4}]","[{'name': 'overall', 'abbreviation': 'Game', 'type': 'total', 'summary': '6-0'}
 {'name': 'Home', 'abbreviation': None, 'type': 'home', 'summary': '4-0'}
 {'name': 'Road', 'abbreviation': None, 'type': 'road', 'summary': '2-0'}
 {'name': 'vs. Conf.', 'abbreviation': None, 'type': 'vsconf', 'summary': '2-0'}]",2751,s:20~l:23~t:2751,Wyoming,Cowboys,WYO,Wyoming Cowboys,Wyoming,492f24,ffc425,True,3984,https://a.espncdn.com/i/teamlogos/ncaa/500/2751.png,17,0,False,99,"[{'value': 0.0, 'displayValue': '0', 'period': 1}
 {'value': 0.0, 'displayValue': '0', 'period': 2}
 {'value': 0.0, 'displayValue': '0', 'period': 3}
 {'value': 0.0, 'displayValue': '0', 'period': 4}]","[{'name': 'overall', 'abbreviation': 'Game', 'type': 'total', 'summary': '2-4'}
 {'name': 'Home', 'abbreviation': None, 'type': 'home', 'summary': '1-2'}
 {'name': 'Road', 'abbreviation': None, 'type': 'road', 'summary': '1-2'}
 {'name': 'vs. Conf.', 'abbreviation': None, 'type': 'vsconf', 'summary': '0-2'}]",302822628,2010,2,6,
302820096,s:20~l:23~e:302820096~c:302820096,2010-10-09T23:30Z,0,True,False,False,False,True,False,2010-10-09T23:30Z,ESPN3/ESPN2,[],,,national,ESPN3,1,STD,3683,Kroger Field,Lexington,KY,USA,False,0.0,0:00,4,3,STATUS_FINAL,post,True,Final,Final,Final,4,96,s:20~l:23~t:96,Kentucky,Wildcats,UK,Kentucky Wildcats,Kentucky,0033a0,ffffff,True,3683,https://a.espncdn.com/i/teamlogos/ncaa/500/96.png,8,34,False,99,"[{'value': 7.0, 'displayValue': '7', 'period': 1}
 {'value': 10.0, 'displayValue': '10', 'period': 2}
 {'value': 14.0, 'displayValue': '14', 'period': 3}
 {'value': 3.0, 'displayValue': '3', 'period': 4}]","[{'name': 'overall', 'abbreviation': 'Game', 'type': 'total', 'summary': '3-3'}
 {'name': 'Home', 'abbreviation': None, 'type': 'home', 'summary': '2-1'}
 {'name': 'Road', 'abbreviation': None, 'type': 'road', 'summary': '1-2'}
 {'name': 'vs. Conf.', 'abbreviation': None, 'type': 'vsconf', 'summary': '0-3'}]",2,s:20~l:23~t:2,Auburn,Tigers,AUB,Auburn Tigers,Auburn,002b5c,f26522,True,3785,https://a.espncdn.com/i/teamlogos/ncaa/500/2.png,8,37,True,8,"[{'value': 14.0, 'displayValue': '14', 'period': 1}
 {'value': 17.0, 'displayValue': '17', 'period': 2}
 {'value': 0.0, 'displayValue': '0', 'period': 3}
 {'value': 6.0, 'displayValue': '6', 'period': 4}]","[{'name': 'overall', 'abbreviation': 'Game', 'type': 'total', 'summary': '6-0'}
 {'name': 'Home', 'abbreviation': None, 'type': 'home', 'summary': '4-0'}
 {'name': 'Road', 'abbreviation': None, 'type': 'road', 'summary': '2-0'}
 {'name': 'vs. Conf.', 'abbreviation': None, 'type': 'vsconf', 'summary': '3-0'}]",302820096,2010,2,6,
302820012,s:20~l:23~e:302820012~c:302820012,2010-10-09T23:00Z,0,True,False,False,False,True,False,2010-10-09T23:00Z,NBCSN,[],,,national,NBCSN,1,STD,3619,Casino Del Sol Stadium,Tucson,AZ,USA,False,0.0,0:00,4,3,STATUS_FINAL,post,True,Final,Final,Final,4,12,s:20~l:23~t:12,Arizona,Wildcats,ARIZ,Arizona Wildcats,Arizona,cc0033,003366,True,3619,https://a.espncdn.com/i/teamlogos/ncaa/500/12.png,4,27,False,9,"[{'value': 7.0, 'displayValue': '7', 'period': 1}
 {'value': 0.0, 'displayValue': '0', 'period': 2}
 {'value': 13.0, 'displayValue': '13', 'period': 3}
 {'value': 7.0, 'displayValue': '7', 'period': 4}]","[{'name': 'overall', 'abbreviation': 'Game', 'type': 'total', 'summary': '4-1'}
 {'name': 'Home', 'abbreviation': None, 'type': 'home', 'summary': '3-1'}
 {'name': 'Road', 'abbreviation': None, 'type': 'road', 'summary': '1-0'}
 {'name': 'vs. Conf.', 'abbreviation': None, 'type': 'vsconf', 'summary': '1-1'}]",204,s:20~l:23~t:204,Oregon State,Beavers,ORST,Oregon State Beavers,Oregon St,dc4405,000000,True,3893,https://a.espncdn.com/i/teamlogos/ncaa/500/204.png,9,29,True,99,"[{'value': 10.0, 'displayValue': '10', 'period': 1}
 {'value': 7.0, 'displayValue': '7', 'period': 2}
 {'value': 6.0, 'displayValue': '6', 'period': 3}
 {'value': 6.0, 'displayValue': '6', 'period': 4}]","[{'name': 'overall', 'abbreviation': 'Game', 'type': 'total', 'summary': '3-2'}
 {'name': 'Home', 'abbreviation': None, 'type': 'home', 'summary': '2-0'}
 {'name': 'Road', 'abbreviation': None, 'type': 'road', 'summary': '1-2'}
 {'name': 'vs. Conf.', 'abbreviation': None, 'type': 'vsconf', 'summary': '2-0'}]",302820012,2010,2,6,
302820066,s:20~l:23~e:302820066~c:302820066,2010-10-09T23:00Z,0,True,False,False,False,True,False,2010-10-09T23:00Z,,[],,,,,1,STD,3772,Jack Trice Stadium,Ames,IA,USA,False,0.0,0:00,4,3,STATUS_FINAL,post,True,Final,Final,Final,4,66,s:20~l:23~t:66,Iowa State,Cyclones,ISU,Iowa State Cyclones,Iowa State,ae192d,ffc72a,True,3772,https://a.espncdn.com/i/teamlogos/ncaa/500/66.png,4,27,False,99,"[{'value': 14.0, 'displayValue': '14', 'period': 1}
 {'value': 0.0, 'displayValue': '0', 'period': 2}
 {'value': 6.0, 'displayValue': '6', 'period': 3}
 {'value': 7.0, 'displayValue': '7', 'period': 4}]","[{'name': 'overall', 'abbreviation': 'Game', 'type': 'total', 'summary': '3-3'}
 {'name': 'Home', 'abbreviation': None, 'type': 'home', 'summary': '3-1'}
 {'name': 'Road', 'abbreviation': None, 'type': 'road', 'summary': '0-2'}
 {'name': 'vs. Conf.', 'abbreviation': None, 'type': 'vsconf', 'summary': '1-1'}]",254,s:20~l:23~t:254,Utah,Utes,UTAH,Utah Utes,Utah,be0000,ffffff,True,587,https://a.espncdn.com/i/teamlogos/ncaa/500/254.png,4,68,True,10,"[{'value': 10.0, 'displayValue': '10', 'period': 1}
 {'value': 31.0, 'displayValue': '31', 'period': 2}
 {'value': 17.0, 'displayValue': '17', 'period': 3}
 {'value': 10.0, 'displayValue': '10', 'period': 4}]","[{'name': 'overall', 'abbreviation': 'Game', 'type': 'total', 'summary': '5-0'}
 {'name': 'Home', 'abbreviation': None, 'type': 'home', 'summary': '3-0'}
 {'name': 'Road', 'abbreviation': None, 'type': 'road', 'summary': '2-0'}
 {'name': 'vs. Conf.', 'abbreviation': None, 'type': 'vsconf', 'summary': '2-0'}]",302820066,2010,2,6,
302820245,s:20~l:23~e:302820245~c:302820245,2010-10-09T19:30Z,0,True,False,True,False,True,False,2010-10-09T19:30Z,ABC/ESPN3,[],event,AT ARLINGTON TX,national,ABC,1,STD,,,,,,,6.0,0:06,4,3,STATUS_FINAL,post,True,Final,Final,Final,4,245,s:20~l:23~t:245,Texas A&M,Aggies,TA&M,Texas A&M Aggies,Texas A&M,500000,ffffff,True,3795,https://a.espncdn.com/i/teamlogos/ncaa/500/245.png,4,17,False,99,"[{'value': 7.0, 'displayValue': '7', 'period': 1}
 {'value': 7.0, 'displayValue': '7', 'period': 2}
 {'value': 3.0, 'displayValue': '3', 'period': 3}
 {'value': 0.0, 'displayValue': '0', 'period': 4}]","[{'name': 'overall', 'abbreviation': 'Game', 'type': 'total', 'summary': '3-2'}
 {'name': 'Home', 'abbreviation': None, 'type': 'home', 'summary': '3-1'}
 {'name': 'Road', 'abbreviation': None, 'type': 'road', 'summary': '0-1'}
 {'name': 'vs. Conf.', 'abbreviation': None, 'type': 'vsconf', 'summary': '0-1'}]",8,s:20~l:23~t:8,Arkansas,Razorbacks,ARK,Arkansas Razorbacks,Arkansas,a32136,ffffff,True,3887,https://a.espncdn.com/i/teamlogos/ncaa/500/8.png,8,24,True,11,"[{'value': 14.0, 'displayValue': '14', 'period': 1}
 {'value': 7.0, 'displayValue': '7', 'period': 2}
 {'value': 3.0, 'displayValue': '3', 'period': 3}
 {'value': 0.0, 'displayValue': '0', 'period': 4}]","[{'name': 'overall', 'abbreviation': 'Game', 'type': 'total', 'summary': '4-1'}
 {'name': 'Home', 'abbreviation': None, 'type': 'home', 'summary': '1-1'}
 {'name': 'Road', 'abbreviation': None, 'type': 'road', 'summary': '3-0'}
 {'name': 'vs. Conf.', 'abbreviation': None, 'type': 'vsconf', 'summary': '1-1'}]",302820245,2010,2,6,
302820057,s:20~l:23~e:302820057~c:302820057,2010-10-09T23:30Z,0,True,False,False,False,True,False,2010-10-09T23:30Z,ESPN3/ESPN,[],,,national,ESPN3,1,STD,3634,Ben Hill Griffin Stadium,Gainesville,FL,USA,False,0.0,0:00,4,3,STATUS_FINAL,post,True,Final,Final,Final,4,57,s:20~l:23~t:57,Florida,Gators,FLA,Florida Gators,Florida,0021a5,fa4616,True,3634,https://a.espncdn.com/i/teamlogos/ncaa/500/57.png,8,29,False,14,"[{'value': 0.0, 'displayValue': '0', 'period': 1}
 {'value': 14.0, 'displayValue': '14', 'period': 2}
 {'value': 0.0, 'displayValue': '0', 'period': 3}
 {'value': 15.0, 'displayValue': '15', 'period': 4}]","[{'name': 'overall', 'abbreviation': 'Game', 'type': 'total', 'summary': '4-2'}
 {'name': 'Home', 'abbreviation': None, 'type': 'home', 'summary': '3-1'}
 {'name': 'Road', 'abbreviation': None, 'type': 'road', 'summary': '1-1'}
 {'name': 'vs. Conf.', 'abbreviation': None, 'type': 'vsconf', 'summary': '2-2'}]",99,s:20~l:23~t:99,LSU,Tigers,LSU,LSU Tigers,LSU,461d76,fdd023,True,3958,https://a.espncdn.com/i/teamlogos/ncaa/500/99.png,8,33,True,12,"[{'value': 3.0, 'displayValue': '3', 'period': 1}
 {'value': 17.0, 'displayValue': '17', 'period': 2}
 {'value': 0.0, 'displayValue': '0', 'period': 3}
 {'value': 13.0, 'displayValue': '13', 'period': 4}]","[{'name': 'overall', 'abbreviation': 'Game', 'type': 'total', 'summary': '6-0'}
 {'name': 'Home', 'abbreviation': None, 'type': 'home', 'summary': '3-0'}
 {'name': 'Road', 'abbreviation': None, 'type': 'road', 'summary': '3-0'}
 {'name': 'vs. Conf.', 'abbreviation': None, 'type': 'vsconf', 'summary': '4-0'}]",302820057,2010,2,6,
302822390,s:20~l:23~e:302822390~c:302822390,2010-10-10T00:00Z,0,True,False,False,False,True,False,2010-10-10T00:00Z,ABC/ESPN3,[],,,national,ABC,1,STD,3948,Hard Rock Stadium,Miami Gardens,FL,USA,False,6.0,0:06,4,3,STATUS_FINAL,post,True,Final,Final,Final,4,2390,s:20~l:23~t:2390,Miami,Hurricanes,MIAMI,Miami Hurricanes,Miami,f47423,035131,True,3948,https://a.espncdn.com/i/teamlogos/ncaa/500/2390.png,1,17,False,13,"[{'value': 0.0, 'displayValue': '0', 'period': 1}
 {'value': 7.0, 'displayValue': '7', 'period': 2}
 {'value': 10.0, 'displayValue': '10', 'period': 3}
 {'value': 0.0, 'displayValue': '0', 'period': 4}]","[{'name': 'overall', 'abbreviation': 'Game', 'type': 'total', 'summary': '3-2'}
 {'name': 'Home', 'abbreviation': None, 'type': 'home', 'summary': '1-1'}
 {'name': 'Road', 'abbreviation': None, 'type': 'road', 'summary': '2-1'}
 {'name': 'vs. Conf.', 'abbreviation': None, 'type': 'vsconf', 'summary': '1-1'}]",52,s:20~l:23~t:52,Florida State,Seminoles,FSU,Florida State Seminoles,FSU,782f40,ceb888,True,3697,https://a.espncdn.com/i/teamlogos/ncaa/500/52.png,1,45,True,23,"[{'value': 7.0, 'displayValue': '7', 'period': 1}
 {'value': 17.0, 'displayValue': '17', 'period': 2}
 {'value': 7.0, 'displayValue': '7', 'period': 3}
 {'value': 14.0, 'displayValue': '14', 'period': 4}]","[{'name': 'overall', 'abbreviation': 'Game', 'type': 'total', 'summary': '5-1'}
 {'name': 'Home', 'abbreviation': None, 'type': 'home', 'summary': '3-0'}
 {'name': 'Road', 'abbreviation': None, 'type': 'road', 'summary': '2-1'}
 {'name': 'vs. Conf.', 'abbreviation': None, 'type': 'vsconf', 'summary': '3-0'}]",302822390,2010,2,6,
302820024,s:20~l:23~e:302820024~c:302820024,2010-10-10T00:00Z,0,True,False,False,False,True,False,2010-10-10T00:00Z,ABC/ESPN3,[],,,national,ABC,1,STD,3940,Stanford Stadium,Stanford,CA,USA,False,0.0,0:00,4,3,STATUS_FINAL,post,True,Final,Final,Final,4,24,s:20~l:23~t:24,Stanford,Cardinal,STAN,Stanford Cardinal,Stanford,8c1515,ffffff,True,3940,https://a.espncdn.com/i/teamlogos/ncaa/500/24.png,1,37,True,16,"[{'value': 7.0, 'displayValue': '7', 'period': 1}
 {'value': 7.0, 'displayValue': '7', 'period': 2}
 {'value': 7.0, 'displayValue': '7', 'period': 3}
 {'value': 16.0, 'displayValue': '16', 'period': 4}]","[{'name': 'overall', 'abbreviation': 'Game', 'type': 'total', 'summary': '5-1'}
 {'name': 'Home', 'abbreviation': None, 'type': 'home', 'summary': '3-0'}
 {'name': 'Road', 'abbreviation': None, 'type': 'road', 'summary': '2-1'}
 {'name': 'vs. Conf.', 'abbreviation': None, 'type': 'vsconf', 'summary': '2-1'}]",30,s:20~l:23~t:30,USC,Trojans,USC,USC Trojans,USC,9d2235,ffc72c,True,477,https://a.espncdn.com/i/teamlogos/ncaa/500/30.png,5,35,False,99,"[{'value': 7.0, 'displayValue': '7', 'period': 1}
 {'value': 7.0, 'displayValue': '7', 'period': 2}
 {'value': 7.0, 'displayValue': '7', 'period': 3}
 {'value': 14.0, 'displayValue': '14', 'period': 4}]","[{'name': 'overall', 'abbreviation': 'Game', 'type': 'total', 'summary': '4-2'}
 {'name': 'Home', 'abbreviation': None, 'type': 'home', 'summary': '1-1'}
 {'name': 'Road', 'abbreviation': None, 'type': 'road', 'summary': '3-1'}
 {'name': 'vs. Conf.', 'abbreviation': None, 'type': 'vsconf', 'summary': '1-2'}]",302820024,2010,2,6,
302820130,s:20~l:23~e:302820130~c:302820130,2010-10-09T19:30Z,0,True,False,False,False,True,False,2010-10-09T19:30Z,ABC/ESPN3,[],,,national,ABC,1,STD,3558,Michigan Stadium,Ann Arbor,MI,USA,False,0.0,0:00,4,3,STATUS_FINAL,post,True,Final,Final,Final,4,130,s:20~l:23~t:130,Michigan,Wolverines,MICH,Michigan Wolverines,Michigan,00274c,ffcb05,True,3558,https://a.espncdn.com/i/teamlogos/ncaa/500/130.png,5,17,False,18,"[{'value': 3.0, 'displayValue': '3', 'period': 1}
 {'value': 7.0, 'displayValue': '7', 'period': 2}
 {'value': 0.0, 'displayValue': '0', 'period': 3}
 {'value': 7.0, 'displayValue': '7', 'period': 4}]","[{'name': 'overall', 'abbreviation': 'Game', 'type': 'total', 'summary': '5-1'}
 {'name': 'Home', 'abbreviation': None, 'type': 'home', 'summary': '3-1'}
 {'name': 'Road', 'abbreviation': None, 'type': 'road', 'summary': '2-0'}
 {'name': 'vs. Conf.', 'abbreviation': None, 'type': 'vsconf', 'summary': '1-1'}]",127,s:20~l:23~t:127,Michigan State,Spartans,MSU,Michigan State Spartans,Michigan St,173f35,ffffff,True,3936,https://a.espncdn.com/i/teamlogos/ncaa/500/127.png,5,34,True,17,"[{'value': 0.0, 'displayValue': '0', 'period': 1}
 {'value': 17.0, 'displayValue': '17', 'period': 2}
 {'value': 14.0, 'displayValue': '14', 'period': 3}
 {'value': 3.0, 'displayValue': '3', 'period': 4}]","[{'name': 'overall', 'abbreviation': 'Game', 'type': 'total', 'summary': '6-0'}
 {'name': 'Home', 'abbreviation': None, 'type': 'home', 'summary': '4-0'}
 {'name': 'Road', 'abbreviation': None, 'type': 'road', 'summary': '2-0'}
 {'name': 'vs. Conf.', 'abbreviation': None, 'type': 'vsconf', 'summary': '2-0'}]",302820130,2010,2,6,
302820275,s:20~l:23~e:302820275~c:302820275,2010-10-09T16:00Z,0,True,False,False,False,True,False,2010-10-09T16:00Z,BTN,[],,,national,BTN,1,STD,347,Camp Randall Stadium,Madison,WI,USA,False,0.0,0:00,4,3,STATUS_FINAL,post,True,Final,Final,Final,4,275,s:20~l:23~t:275,Wisconsin,Badgers,WIS,Wisconsin Badgers,Wisconsin,a00000,ffffff,True,347,https://a.espncdn.com/i/teamlogos/ncaa/500/275.png,5,41,True,20,"[{'value': 14.0, 'displayValue': '14', 'period': 1}
 {'value': 0.0, 'displayValue': '0', 'period': 2}
 {'value': 14.0, 'displayValue': '14', 'period': 3}
 {'value': 13.0, 'displayValue': '13', 'period': 4}]","[{'name': 'overall', 'abbreviation': 'Game', 'type': 'total', 'summary': '5-1'}
 {'name': 'Home', 'abbreviation': None, 'type': 'home', 'summary': '4-0'}
 {'name': 'Road', 'abbreviation': None, 'type': 'road', 'summary': '1-1'}
 {'name': 'vs. Conf.', 'abbreviation': None, 'type': 'vsconf', 'summary': '1-1'}]",135,s:20~l:23~t:135,Minnesota,Golden Gophers,MINN,Minnesota Golden Gophers,Minnesota,5e0a2f,fab41c,True,3953,https://a.espncdn.com/i/teamlogos/ncaa/500/135.png,5,23,False,99,"[{'value': 0.0, 'displayValue': '0', 'period': 1}
 {'value': 9.0, 'displayValue': '9', 'period': 2}
 {'value': 0.0, 'displayValue': '0', 'period': 3}
 {'value': 14.0, 'displayValue': '14', 'period': 4}]","[{'name': 'overall', 'abbreviation': 'Game', 'type': 'total', 'summary': '1-5'}
 {'name': 'Home', 'abbreviation': None, 'type': 'home', 'summary': '0-4'}
 {'name': 'Road', 'abbreviation': None, 'type': 'road', 'summary': '1-1'}
 {'name': 'vs. Conf.', 'abbreviation': None, 'type': 'vsconf', 'summary': '0-2'}]",302820275,2010,2,6,
302822440,s:20~l:23~e:302822440~c:302822440,2010-10-10T02:30Z,0,True,False,False,False,True,False,2010-10-10T02:30Z,ESPNU,[],,,national,ESPNU,1,STD,3816,Mackay Stadium,Reno,NV,USA,False,0.0,0:00,4,3,STATUS_FINAL,post,True,Final,Final,Final,4,2440,s:20~l:23~t:2440,Nevada,Wolf Pack,NEV,Nevada Wolf Pack,Nevada,041e42,8a8d8f,True,3816,https://a.espncdn.com/i/teamlogos/ncaa/500/2440.png,16,35,True,21,"[{'value': 14.0, 'displayValue': '14', 'period': 1}
 {'value': 7.0, 'displayValue': '7', 'period': 2}
 {'value': 7.0, 'displayValue': '7', 'period': 3}
 {'value': 7.0, 'displayValue': '7', 'period': 4}]","[{'name': 'overall', 'abbreviation': 'Game', 'type': 'total', 'summary': '6-0'}
 {'name': 'Home', 'abbreviation': None, 'type': 'home', 'summary': '4-0'}
 {'name': 'Road', 'abbreviation': None, 'type': 'road', 'summary': '2-0'}
 {'name': 'vs. Conf.', 'abbreviation': None, 'type': 'vsconf', 'summary': '1-0'}]",23,s:20~l:23~t:23,San Jose State,Spartans,SJSU,San Jose State Spartans,San Jose State,0038a8,ffb81a,False,3935,https://a.espncdn.com/i/teamlogos/ncaa/500/23.png,16,13,False,99,"[{'value': 10.0, 'displayValue': '10', 'period': 1}
 {'value': 3.0, 'displayValue': '3', 'period': 2}
 {'value': 0.0, 'displayValue': '0', 'period': 3}
 {'value': 0.0, 'displayValue': '0', 'period': 4}]","[{'name': 'overall', 'abbreviation': 'Game', 'type': 'total', 'summary': '1-5'}
 {'name': 'Home', 'abbreviation': None, 'type': 'home', 'summary': '1-1'}
 {'name': 'Road', 'abbreviation': None, 'type': 'road', 'summary': '0-4'}
 {'name': 'vs. Conf.', 'abbreviation': None, 'type': 'vsconf', 'summary': '0-1'}]",302822440,2010,2,6,
302820142,s:20~l:23~e:302820142~c:302820142,2010-10-09T23:00Z,0,True,False,False,False,True,False,2010-10-09T23:00Z,,[],,,,,1,STD,3838,Memorial Stadium,Columbia,MO,USA,False,0.0,0:00,4,3,STATUS_FINAL,post,True,Final,Final,Final,4,142,s:20~l:23~t:142,Missouri,Tigers,MIZ,Missouri Tigers,Missouri,f1b82d,000000,True,3838,https://a.espncdn.com/i/teamlogos/ncaa/500/142.png,4,26,True,24,"[{'value': 5.0, 'displayValue': '5', 'period': 1}
 {'value': 14.0, 'displayValue': '14', 'period': 2}
 {'value': 0.0, 'displayValue': '0', 'period': 3}
 {'value': 7.0, 'displayValue': '7', 'period': 4}]","[{'name': 'overall', 'abbreviation': 'Game', 'type': 'total', 'summary': '5-0'}
 {'name': 'Home', 'abbreviation': None, 'type': 'home', 'summary': '5-0'}
 {'name': 'Road', 'abbreviation': None, 'type': 'road', 'summary': '0-0'}
 {'name': 'vs. Conf.', 'abbreviation': None, 'type': 'vsconf', 'summary': '1-0'}]",38,s:20~l:23~t:38,Colorado,Buffaloes,COLO,Colorado Buffaloes,Colorado,cfb87c,000000,True,3726,https://a.espncdn.com/i/teamlogos/ncaa/500/38.png,4,0,False,99,"[{'value': 0.0, 'displayValue': '0', 'period': 1}
 {'value': 0.0, 'displayValue': '0', 'period': 2}
 {'value': 0.0, 'displayValue': '0', 'period': 3}
 {'value': 0.0, 'displayValue': '0', 'period': 4}]","[{'name': 'overall', 'abbreviation': 'Game', 'type': 'total', 'summary': '3-2'}
 {'name': 'Home', 'abbreviation': None, 'type': 'home', 'summary': '2-0'}
 {'name': 'Road', 'abbreviation': None, 'type': 'road', 'summary': '1-2'}
 {'name': 'vs. Conf.', 'abbreviation': None, 'type': 'vsconf', 'summary': '0-1'}]",302820142,2010,2,6,
302822005,s:20~l:23~e:302822005~c:302822005,2010-10-09T18:00Z,0,True,False,False,False,True,False,2010-10-09T18:00Z,,[],,,,,1,STD,3713,Falcon Stadium,USAF Academy,CO,USA,False,41.0,0:41,4,3,STATUS_FINAL,post,True,Final,Final,Final,4,2005,s:20~l:23~t:2005,Air Force,Falcons,AF,Air Force Falcons,Air Force,003594,ffffff,True,3713,https://a.espncdn.com/i/teamlogos/ncaa/500/2005.png,17,49,True,25,"[{'value': 14.0, 'displayValue': '14', 'period': 1}
 {'value': 14.0, 'displayValue': '14', 'period': 2}
 {'value': 21.0, 'displayValue': '21', 'period': 3}
 {'value': 0.0, 'displayValue': '0', 'period': 4}]","[{'name': 'overall', 'abbreviation': 'Game', 'type': 'total', 'summary': '5-1'}
 {'name': 'Home', 'abbreviation': None, 'type': 'home', 'summary': '4-0'}
 {'name': 'Road', 'abbreviation': None, 'type': 'road', 'summary': '1-1'}
 {'name': 'vs. Conf.', 'abbreviation': None, 'type': 'vsconf', 'summary': '3-0'}]",36,s:20~l:23~t:36,Colorado State,Rams,CSU,Colorado State Rams,Colorado St,004c23,c8c372,True,5388,https://a.espncdn.com/i/teamlogos/ncaa/500/36.png,9,27,False,99,"[{'value': 0.0, 'displayValue': '0', 'period': 1}
 {'value': 7.0, 'displayValue': '7', 'period': 2}
 {'value': 6.0, 'displayValue': '6', 'period': 3}
 {'value': 14.0, 'displayValue': '14', 'period': 4}]","[{'name': 'overall', 'abbreviation': 'Game', 'type': 'total', 'summary': '1-5'}
 {'name': 'Home', 'abbreviation': None, 'type': 'home', 'summary': '1-2'}
 {'name': 'Road', 'abbreviation': None, 'type': 'road', 'summary': '0-3'}
 {'name': 'vs. Conf.', 'abbreviation': None, 'type': 'vsconf', 'summary': '0-2'}]",302822005,2010,2,6,
302820058,s:20~l:23~e:302820058~c:302820058,2010-10-09T16:00Z,0,True,False,False,False,True,False,2010-10-09T16:00Z,ESPN3,[],,,national,ESPN3,1,STD,3886,Raymond James Stadium,Tampa,FL,USA,False,43.0,0:43,4,3,STATUS_FINAL,post,True,Final,Final,Final,4,58,s:20~l:23~t:58,South Florida,Bulls,USF,South Florida Bulls,USF,006747,cfc493,True,3886,https://a.espncdn.com/i/teamlogos/ncaa/500/58.png,10,9,False,99,"[{'value': 0.0, 'displayValue': '0', 'period': 1}
 {'value': 3.0, 'displayValue': '3', 'period': 2}
 {'value': 6.0, 'displayValue': '6', 'period': 3}
 {'value': 0.0, 'displayValue': '0', 'period': 4}]","[{'name': 'overall', 'abbreviation': 'Game', 'type': 'total', 'summary': '3-2'}
 {'name': 'Home', 'abbreviation': None, 'type': 'home', 'summary': '3-1'}
 {'name': 'Road', 'abbreviation': None, 'type': 'road', 'summary': '0-1'}
 {'name': 'vs. Conf.', 'abbreviation': None, 'type': 'vsconf', 'summary': '0-1'}]",183,s:20~l:23~t:183,Syracuse,Orange,SYR,Syracuse Orange,Syracuse,000e54,ff431b,True,1964,https://a.espncdn.com/i/teamlogos/ncaa/500/183.png,10,13,True,99,"[{'value': 0.0, 'displayValue': '0', 'period': 1}
 {'value': 3.0, 'displayValue': '3', 'period': 2}
 {'value': 3.0, 'displayValue': '3', 'period': 3}
 {'value': 7.0, 'displayValue': '7', 'period': 4}]","[{'name': 'overall', 'abbreviation': 'Game', 'type': 'total', 'summary': '4-1'}
 {'name': 'Home', 'abbreviation': None, 'type': 'home', 'summary': '2-0'}
 {'name': 'Road', 'abbreviation': None, 'type': 'road', 'summary': '2-1'}
 {'name': 'vs. Conf.', 'abbreviation': None, 'type': 'vsconf', 'summary': '1-0'}]",302820058,2010,2,6,
302820152,s:20~l:23~e:302820152~c:302820152,2010-10-09T16:00Z,0,True,False,False,False,True,False,2010-10-09T16:00Z,ESPN3,[],,,national,ESPN3,1,STD,3670,Carter-Finley Stadium,Raleigh,NC,USA,False,0.0,0:00,4,3,STATUS_FINAL,post,True,Final,Final,Final,4,152,s:20~l:23~t:152,NC State,Wolfpack,NCST,NC State Wolfpack,NC State,cc0000,ffffff,True,3670,https://a.espncdn.com/i/teamlogos/ncaa/500/152.png,1,44,True,99,"[{'value': 10.0, 'displayValue': '10', 'period': 1}
 {'value': 17.0, 'displayValue': '17', 'period': 2}
 {'value': 7.0, 'displayValue': '7', 'period': 3}
 {'value': 10.0, 'displayValue': '10', 'period': 4}]","[{'name': 'overall', 'abbreviation': 'Game', 'type': 'total', 'summary': '5-1'}
 {'name': 'Home', 'abbreviation': None, 'type': 'home', 'summary': '3-1'}
 {'name': 'Road', 'abbreviation': None, 'type': 'road', 'summary': '2-0'}
 {'name': 'vs. Conf.', 'abbreviation': None, 'type': 'vsconf', 'summary': '2-1'}]",103,s:20~l:23~t:103,Boston College,Eagles,BC,Boston College Eagles,Boston College,8c2232,dbcca6,True,3615,https://a.espncdn.com/i/teamlogos/ncaa/500/103.png,1,17,False,99,"[{'value': 0.0, 'displayValue': '0', 'period': 1}
 {'value': 10.0, 'displayValue': '10', 'period': 2}
 {'value': 0.0, 'displayValue': '0', 'period': 3}
 {'value': 7.0, 'displayValue': '7', 'period': 4}]","[{'name': 'overall', 'abbreviation': 'Game', 'type': 'total', 'summary': '2-3'}
 {'name': 'Home', 'abbreviation': None, 'type': 'home', 'summary': '2-2'}
 {'name': 'Road', 'abbreviation': None, 'type': 'road', 'summary': '0-1'}
 {'name': 'vs. Conf.', 'abbreviation': None, 'type': 'vsconf', 'summary': '0-2'}]",302820152,2010,2,6,
302820213,s:20~l:23~e:302820213~c:302820213,2010-10-09T16:00Z,0,True,False,False,False,True,False,2010-10-09T16:00Z,ESPN3/ESPN2,[],,,national,ESPN3,1,STD,3632,Beaver Stadium,University Park,PA,USA,False,0.0,0:00,4,3,STATUS_FINAL,post,True,Final,Final,Final,4,213,s:20~l:23~t:213,Penn State,Nittany Lions,PSU,Penn State Nittany Lions,Penn State,061440,ffffff,True,3632,https://a.espncdn.com/i/teamlogos/ncaa/500/213.png,5,13,False,99,"[{'value': 3.0, 'displayValue': '3', 'period': 1}
 {'value': 10.0, 'displayValue': '10', 'period': 2}
 {'value': 0.0, 'displayValue': '0', 'period': 3}
 {'value': 0.0, 'displayValue': '0', 'period': 4}]","[{'name': 'overall', 'abbreviation': 'Game', 'type': 'total', 'summary': '3-3'}
 {'name': 'Home', 'abbreviation': None, 'type': 'home', 'summary': '3-1'}
 {'name': 'Road', 'abbreviation': None, 'type': 'road', 'summary': '0-2'}
 {'name': 'vs. Conf.', 'abbreviation': None, 'type': 'vsconf', 'summary': '0-2'}]",356,s:20~l:23~t:356,Illinois,Fighting Illini,ILL,Illinois Fighting Illini,Illinois,ff5f05,13294b,True,3832,https://a.espncdn.com/i/teamlogos/ncaa/500/356.png,5,33,True,99,"[{'value': 0.0, 'displayValue': '0', 'period': 1}
 {'value': 20.0, 'displayValue': '20', 'period': 2}
 {'value': 10.0, 'displayValue': '10', 'period': 3}
 {'value': 3.0, 'displayValue': '3', 'period': 4}]","[{'name': 'overall', 'abbreviation': 'Game', 'type': 'total', 'summary': '3-2'}
 {'name': 'Home', 'abbreviation': None, 'type': 'home', 'summary': '2-1'}
 {'name': 'Road', 'abbreviation': None, 'type': 'road', 'summary': '1-1'}
 {'name': 'vs. Conf.', 'abbreviation': None, 'type': 'vsconf', 'summary': '1-1'}]",302820213,2010,2,6,
302820259,s:20~l:23~e:302820259~c:302820259,2010-10-09T16:00Z,0,True,False,False,False,True,False,2010-10-09T16:00Z,ESPNU,[],,,national,ESPNU,1,STD,3799,Lane Stadium,Blacksburg,VA,USA,False,0.0,0:00,4,3,STATUS_FINAL,post,True,Final,Final,Final,4,259,s:20~l:23~t:259,Virginia Tech,Hokies,VT,Virginia Tech Hokies,Virginia Tech,6a2c3e,cf4520,True,3799,https://a.espncdn.com/i/teamlogos/ncaa/500/259.png,1,45,True,99,"[{'value': 7.0, 'displayValue': '7', 'period': 1}
 {'value': 17.0, 'displayValue': '17', 'period': 2}
 {'value': 7.0, 'displayValue': '7', 'period': 3}
 {'value': 14.0, 'displayValue': '14', 'period': 4}]","[{'name': 'overall', 'abbreviation': 'Game', 'type': 'total', 'summary': '4-2'}
 {'name': 'Home', 'abbreviation': None, 'type': 'home', 'summary': '2-2'}
 {'name': 'Road', 'abbreviation': None, 'type': 'road', 'summary': '2-0'}
 {'name': 'vs. Conf.', 'abbreviation': None, 'type': 'vsconf', 'summary': '2-0'}]",2117,s:20~l:23~t:2117,Central Michigan,Chippewas,CMU,Central Michigan Chippewas,Cent Michigan,4c0027,fbab18,True,3786,https://a.espncdn.com/i/teamlogos/ncaa/500/2117.png,15,21,False,99,"[{'value': 7.0, 'displayValue': '7', 'period': 1}
 {'value': 0.0, 'displayValue': '0', 'period': 2}
 {'value': 0.0, 'displayValue': '0', 'period': 3}
 {'value': 14.0, 'displayValue': '14', 'period': 4}]","[{'name': 'overall', 'abbreviation': 'Game', 'type': 'total', 'summary': '2-4'}
 {'name': 'Home', 'abbreviation': None, 'type': 'home', 'summary': '1-1'}
 {'name': 'Road', 'abbreviation': None, 'type': 'road', 'summary': '1-3'}
 {'name': 'vs. Conf.', 'abbreviation': None, 'type': 'vsconf', 'summary': '1-2'}]",302820259,2010,2,6,
302822050,s:20~l:23~e:302822050~c:302822050,2010-10-09T16:00Z,0,True,False,False,False,True,False,2010-10-09T16:00Z,ESPN3,[],,,national,ESPN3,1,STD,3919,Scheumann Stadium,Muncie,IN,USA,False,0.0,0:00,4,3,STATUS_FINAL,post,True,Final,Final,Final,4,2050,s:20~l:23~t:2050,Ball State,Cardinals,BALL,Ball State Cardinals,Ball State,ba0c2f,ffffff,True,3919,https://a.espncdn.com/i/teamlogos/ncaa/500/2050.png,15,16,False,99,"[{'value': 0.0, 'displayValue': '0', 'period': 1}
 {'value': 6.0, 'displayValue': '6', 'period': 2}
 {'value': 3.0, 'displayValue': '3', 'period': 3}
 {'value': 7.0, 'displayValue': '7', 'period': 4}]","[{'name': 'overall', 'abbreviation': 'Game', 'type': 'total', 'summary': '2-4'}
 {'name': 'Home', 'abbreviation': None, 'type': 'home', 'summary': '1-2'}
 {'name': 'Road', 'abbreviation': None, 'type': 'road', 'summary': '1-2'}
 {'name': 'vs. Conf.', 'abbreviation': None, 'type': 'vsconf', 'summary': '1-1'}]",2711,s:20~l:23~t:2711,Western Michigan,Broncos,WMU,Western Michigan Broncos,W Michigan,532e1f,f1c500,True,3980,https://a.espncdn.com/i/teamlogos/ncaa/500/2711.png,15,45,True,99,"[{'value': 21.0, 'displayValue': '21', 'period': 1}
 {'value': 10.0, 'displayValue': '10', 'period': 2}
 {'value': 14.0, 'displayValue': '14', 'period': 3}
 {'value': 0.0, 'displayValue': '0', 'period': 4}]","[{'name': 'overall', 'abbreviation': 'Game', 'type': 'total', 'summary': '2-3'}
 {'name': 'Home', 'abbreviation': None, 'type': 'home', 'summary': '1-2'}
 {'name': 'Road', 'abbreviation': None, 'type': 'road', 'summary': '1-1'}
 {'name': 'vs. Conf.', 'abbreviation': None, 'type': 'vsconf', 'summary': '1-1'}]",302822050,2010,2,6,
302822459,s:20~l:23~e:302822459~c:302822459,2010-10-09T16:00Z,0,True,False,False,False,True,False,2010-10-09T16:00Z,ESPN3,[],,,national,ESPN3,1,STD,3764,Huskie Stadium,Dekalb,IL,USA,False,61.0,1:01,4,3,STATUS_FINAL,post,True,Final,Final,Final,4,2459,s:20~l:23~t:2459,Northern Illinois,Huskies,NIU,Northern Illinois Huskies,N Illinois,c8102e,000000,True,3764,https://a.espncdn.com/i/teamlogos/ncaa/500/2459.png,15,31,True,99,"[{'value': 7.0, 'displayValue': '7', 'period': 1}
 {'value': 10.0, 'displayValue': '10', 'period': 2}
 {'value': 7.0, 'displayValue': '7', 'period': 3}
 {'value': 7.0, 'displayValue': '7', 'period': 4}]","[{'name': 'overall', 'abbreviation': 'Game', 'type': 'total', 'summary': '4-2'}
 {'name': 'Home', 'abbreviation': None, 'type': 'home', 'summary': '2-0'}
 {'name': 'Road', 'abbreviation': None, 'type': 'road', 'summary': '2-2'}
 {'name': 'vs. Conf.', 'abbreviation': None, 'type': 'vsconf', 'summary': '2-0'}]",218,s:20~l:23~t:218,Temple,Owls,TEM,Temple Owls,Temple,a41e35,ffffff,True,3806,https://a.espncdn.com/i/teamlogos/ncaa/500/218.png,15,17,False,99,"[{'value': 7.0, 'displayValue': '7', 'period': 1}
 {'value': 10.0, 'displayValue': '10', 'period': 2}
 {'value': 0.0, 'displayValue': '0', 'period': 3}
 {'value': 0.0, 'displayValue': '0', 'period': 4}]","[{'name': 'overall', 'abbreviation': 'Game', 'type': 'total', 'summary': '4-2'}
 {'name': 'Home', 'abbreviation': None, 'type': 'home', 'summary': '3-0'}
 {'name': 'Road', 'abbreviation': None, 'type': 'road', 'summary': '1-2'}
 {'name': 'vs. Conf.', 'abbreviation': None, 'type': 'vsconf', 'summary': '1-1'}]",302822459,2010,2,6,
302822641,s:20~l:23~e:302822641~c:302822641,2010-10-09T16:00Z,0,True,False,True,False,True,False,2010-10-09T16:00Z,,[],event,AT DALLAS TX,,,1,STD,,,,,,,0.0,0:00,4,3,STATUS_FINAL,post,True,Final,Final,Final,4,2641,s:20~l:23~t:2641,Texas Tech,Red Raiders,TTU,Texas Tech Red Raiders,Texas Tech,da291c,000000,True,3784,https://a.espncdn.com/i/teamlogos/ncaa/500/2641.png,4,45,True,99,"[{'value': 14.0, 'displayValue': '14', 'period': 1}
 {'value': 21.0, 'displayValue': '21', 'period': 2}
 {'value': 10.0, 'displayValue': '10', 'period': 3}
 {'value': 0.0, 'displayValue': '0', 'period': 4}]","[{'name': 'overall', 'abbreviation': 'Game', 'type': 'total', 'summary': '3-2'}
 {'name': 'Home', 'abbreviation': None, 'type': 'home', 'summary': '2-1'}
 {'name': 'Road', 'abbreviation': None, 'type': 'road', 'summary': '1-1'}
 {'name': 'vs. Conf.', 'abbreviation': None, 'type': 'vsconf', 'summary': '1-2'}]",239,s:20~l:23~t:239,Baylor,Bears,BAY,Baylor Bears,Baylor,154734,ffb81c,True,3724,https://a.espncdn.com/i/teamlogos/ncaa/500/239.png,4,38,False,99,"[{'value': 14.0, 'displayValue': '14', 'period': 1}
 {'value': 14.0, 'displayValue': '14', 'period': 2}
 {'value': 3.0, 'displayValue': '3', 'period': 3}
 {'value': 7.0, 'displayValue': '7', 'period': 4}]","[{'name': 'overall', 'abbreviation': 'Game', 'type': 'total', 'summary': '4-2'}
 {'name': 'Home', 'abbreviation': None, 'type': 'home', 'summary': '3-0'}
 {'name': 'Road', 'abbreviation': None, 'type': 'road', 'summary': '1-2'}
 {'name': 'vs. Conf.', 'abbreviation': None, 'type': 'vsconf', 'summary': '1-1'}]",302822641,2010,2,6,
302820061,s:20~l:23~e:302820061~c:302820061,2010-10-09T16:21Z,0,True,False,False,False,True,False,2010-10-09T16:21Z,ESPN3,[],,,national,ESPN3,1,STD,3917,Sanford Stadium,Athens,GA,USA,False,0.0,0:00,4,3,STATUS_FINAL,post,True,Final,Final,Final,4,61,s:20~l:23~t:61,Georgia,Bulldogs,UGA,Georgia Bulldogs,Georgia,ba0c2f,2c2a29,True,3917,https://a.espncdn.com/i/teamlogos/ncaa/500/61.png,8,41,True,99,"[{'value': 17.0, 'displayValue': '17', 'period': 1}
 {'value': 10.0, 'displayValue': '10', 'period': 2}
 {'value': 14.0, 'displayValue': '14', 'period': 3}
 {'value': 0.0, 'displayValue': '0', 'period': 4}]","[{'name': 'overall', 'abbreviation': 'Game', 'type': 'total', 'summary': '2-4'}
 {'name': 'Home', 'abbreviation': None, 'type': 'home', 'summary': '2-1'}
 {'name': 'Road', 'abbreviation': None, 'type': 'road', 'summary': '0-3'}
 {'name': 'vs. Conf.', 'abbreviation': None, 'type': 'vsconf', 'summary': '1-3'}]",2633,s:20~l:23~t:2633,Tennessee,Volunteers,TENN,Tennessee Volunteers,Tennessee,ff8200,ffffff,True,3853,https://a.espncdn.com/i/teamlogos/ncaa/500/2633.png,8,14,False,99,"[{'value': 0.0, 'displayValue': '0', 'period': 1}
 {'value': 7.0, 'displayValue': '7', 'period': 2}
 {'value': 7.0, 'displayValue': '7', 'period': 3}
 {'value': 0.0, 'displayValue': '0', 'period': 4}]","[{'name': 'overall', 'abbreviation': 'Game', 'type': 'total', 'summary': '2-4'}
 {'name': 'Home', 'abbreviation': None, 'type': 'home', 'summary': '2-2'}
 {'name': 'Road', 'abbreviation': None, 'type': 'road', 'summary': '0-2'}
 {'name': 'vs. Conf.', 'abbreviation': None, 'type': 'vsconf', 'summary': '0-3'}]",302820061,2010,2,6,
302820048,s:20~l:23~e:302820048~c:302820048,2010-10-09T17:00Z,0,True,False,False,False,True,False,2010-10-09T17:00Z,,[],,,,,1,STD,3695,Delaware Stadium,Newark,DE,USA,False,0.0,0:00,4,3,STATUS_FINAL,post,True,Final,Final,Final,4,48,s:20~l:23~t:48,Delaware,Blue Hens,DEL,Delaware Blue Hens,Delaware,00539f,ffd200,True,3695,https://a.espncdn.com/i/teamlogos/ncaa/500/48.png,48,26,True,99,"[{'value': 13.0, 'displayValue': '13', 'period': 1}
 {'value': 6.0, 'displayValue': '6', 'period': 2}
 {'value': 7.0, 'displayValue': '7', 'period': 3}
 {'value': 0.0, 'displayValue': '0', 'period': 4}]","[{'name': 'overall', 'abbreviation': 'Game', 'type': 'total', 'summary': '6-0'}
 {'name': 'Home', 'abbreviation': None, 'type': 'home', 'summary': '4-0'}
 {'name': 'Road', 'abbreviation': None, 'type': 'road', 'summary': '2-0'}
 {'name': 'vs. Conf.', 'abbreviation': None, 'type': 'vsconf', 'summary': '3-0'}]",311,s:20~l:23~t:311,Maine,Black Bears,MAINE,Maine Black Bears,Maine,127dbe,,True,3607,https://a.espncdn.com/i/teamlogos/ncaa/500/311.png,48,7,False,99,"[{'value': 0.0, 'displayValue': '0', 'period': 1}
 {'value': 0.0, 'displayValue': '0', 'period': 2}
 {'value': 7.0, 'displayValue': '7', 'period': 3}
 {'value': 0.0, 'displayValue': '0', 'period': 4}]","[{'name': 'overall', 'abbreviation': 'Game', 'type': 'total', 'summary': '2-4'}
 {'name': 'Home', 'abbreviation': None, 'type': 'home', 'summary': '1-2'}
 {'name': 'Road', 'abbreviation': None, 'type': 'road', 'summary': '1-2'}
 {'name': 'vs. Conf.', 'abbreviation': None, 'type': 'vsconf', 'summary': '1-2'}]",302820048,2010,2,6,
302822247,s:20~l:23~e:302822247~c:302822247,2010-10-09T17:00Z,0,True,False,False,False,True,False,2010-10-09T17:00Z,,[],,,,,1,STD,3495,Georgia Dome,Atlanta,GA,USA,True,0.0,0:00,4,3,STATUS_FINAL,post,True,Final,Final,Final,4,2247,s:20~l:23~t:2247,Georgia State,Panthers,GAST,Georgia State Panthers,Georgia State,0039a6,ffffff,True,4246,https://a.espncdn.com/i/teamlogos/ncaa/500/2247.png,32,55,True,99,"[{'value': 14.0, 'displayValue': '14', 'period': 1}
 {'value': 20.0, 'displayValue': '20', 'period': 2}
 {'value': 7.0, 'displayValue': '7', 'period': 3}
 {'value': 14.0, 'displayValue': '14', 'period': 4}]","[{'name': 'overall', 'abbreviation': 'Game', 'type': 'total', 'summary': '4-2'}
 {'name': 'Home', 'abbreviation': None, 'type': 'home', 'summary': '3-2'}
 {'name': 'Road', 'abbreviation': None, 'type': 'road', 'summary': '1-0'}
 {'name': 'vs. Conf.', 'abbreviation': None, 'type': 'vsconf', 'summary': '0-0'}]",2542,s:20~l:23~t:2542,Savannah State,Tigers,SAV,Savannah State Tigers,Savannah State,280298,f78f1e,True,3952,https://a.espncdn.com/i/teamlogos/ncaa/500/2542.png,24,21,False,99,"[{'value': 0.0, 'displayValue': '0', 'period': 1}
 {'value': 7.0, 'displayValue': '7', 'period': 2}
 {'value': 7.0, 'displayValue': '7', 'period': 3}
 {'value': 7.0, 'displayValue': '7', 'period': 4}]","[{'name': 'overall', 'abbreviation': 'Game', 'type': 'total', 'summary': '0-6'}
 {'name': 'Home', 'abbreviation': None, 'type': 'home', 'summary': '0-2'}
 {'name': 'Road', 'abbreviation': None, 'type': 'road', 'summary': '0-4'}
 {'name': 'vs. Conf.', 'abbreviation': None, 'type': 'vsconf', 'summary': '0-0'}]",302822247,2010,2,6,
302820097,s:20~l:23~e:302820097~c:302820097,2010-10-09T18:00Z,0,True,False,False,False,True,False,2010-10-09T18:00Z,,[],,,home,ESPN3,1,STD,3873,L&N Federal Credit Union Stadium,Louisville,KY,USA,False,0.0,0:00,4,3,STATUS_FINAL,post,True,Final,Final,Final,4,97,s:20~l:23~t:97,Louisville,Cardinals,LOU,Louisville Cardinals,Louisville,c9001f,ffffff,True,3873,https://a.espncdn.com/i/teamlogos/ncaa/500/97.png,10,56,True,99,"[{'value': 7.0, 'displayValue': '7', 'period': 1}
 {'value': 28.0, 'displayValue': '28', 'period': 2}
 {'value': 14.0, 'displayValue': '14', 'period': 3}
 {'value': 7.0, 'displayValue': '7', 'period': 4}]","[{'name': 'overall', 'abbreviation': 'Game', 'type': 'total', 'summary': '3-2'}
 {'name': 'Home', 'abbreviation': None, 'type': 'home', 'summary': '2-1'}
 {'name': 'Road', 'abbreviation': None, 'type': 'road', 'summary': '1-1'}
 {'name': 'vs. Conf.', 'abbreviation': None, 'type': 'vsconf', 'summary': '0-0'}]",235,s:20~l:23~t:235,Memphis,Tigers,MEM,Memphis Tigers,Memphis,004991,8e908f,True,3805,https://a.espncdn.com/i/teamlogos/ncaa/500/235.png,12,0,False,99,"[{'value': 0.0, 'displayValue': '0', 'period': 1}
 {'value': 0.0, 'displayValue': '0', 'period': 2}
 {'value': 0.0, 'displayValue': '0', 'period': 3}
 {'value': 0.0, 'displayValue': '0', 'period': 4}]","[{'name': 'overall', 'abbreviation': 'Game', 'type': 'total', 'summary': '1-5'}
 {'name': 'Home', 'abbreviation': None, 'type': 'home', 'summary': '1-1'}
 {'name': 'Road', 'abbreviation': None, 'type': 'road', 'summary': '0-4'}
 {'name': 'vs. Conf.', 'abbreviation': None, 'type': 'vsconf', 'summary': '0-3'}]",302820097,2010,2,6,
302820195,s:20~l:23~e:302820195~c:302820195,2010-10-09T18:00Z,0,True,False,False,False,False,False,2010-10-09T18:00Z,,[],,,,,1,STD,3876,Peden Stadium,Athens,OH,USA,False,0.0,0:00,4,3,STATUS_FINAL,post,True,Final,Final,Final,4,195,s:20~l:23~t:195,Ohio,Bobcats,OHIO,Ohio Bobcats,Ohio,154734,ffffff,True,3876,https://a.espncdn.com/i/teamlogos/ncaa/500/195.png,15,49,True,99,"[{'value': 14.0, 'displayValue': '14', 'period': 1}
 {'value': 14.0, 'displayValue': '14', 'period': 2}
 {'value': 14.0, 'displayValue': '14', 'period': 3}
 {'value': 7.0, 'displayValue': '7', 'period': 4}]","[{'name': 'overall', 'abbreviation': 'Game', 'type': 'total', 'summary': '3-3'}
 {'name': 'Home', 'abbreviation': None, 'type': 'home', 'summary': '2-1'}
 {'name': 'Road', 'abbreviation': None, 'type': 'road', 'summary': '1-2'}
 {'name': 'vs. Conf.', 'abbreviation': None, 'type': 'vsconf', 'summary': '2-1'}]",189,s:20~l:23~t:189,Bowling Green,Falcons,BGSU,Bowling Green Falcons,Bowling Green,fd5000,4f2c1d,True,3700,https://a.espncdn.com/i/teamlogos/ncaa/500/189.png,15,25,False,99,"[{'value': 3.0, 'displayValue': '3', 'period': 1}
 {'value': 0.0, 'displayValue': '0', 'period': 2}
 {'value': 8.0, 'displayValue': '8', 'period': 3}
 {'value': 14.0, 'displayValue': '14', 'period': 4}]","[{'name': 'overall', 'abbreviation': 'Game', 'type': 'total', 'summary': '1-5'}
 {'name': 'Home', 'abbreviation': None, 'type': 'home', 'summary': '1-1'}
 {'name': 'Road', 'abbreviation': None, 'type': 'road', 'summary': '0-4'}
 {'name': 'vs. Conf.', 'abbreviation': None, 'type': 'vsconf', 'summary': '0-2'}]",302820195,2010,2,6,
302822630,s:20~l:23~e:302822630~c:302822630,2010-10-09T18:00Z,0,True,False,False,False,False,False,2010-10-09T18:00Z,,[],,,,,1,STD,3748,Hardy M. Graham Stadium,Martin,TN,USA,False,0.0,0:00,4,3,STATUS_FINAL,post,True,Final,Final,Final,4,2630,s:20~l:23~t:2630,Tennessee-Martin,Skyhawks,UTM,Tennessee-Martin Skyhawks,UT Martin,FF6700,102a5c,False,3748,https://a.espncdn.com/i/teamlogos/ncaa/500/2630.png,26,20,False,99,"[{'value': 0.0, 'displayValue': '0', 'period': 1}
 {'value': 6.0, 'displayValue': '6', 'period': 2}
 {'value': 7.0, 'displayValue': '7', 'period': 3}
 {'value': 7.0, 'displayValue': '7', 'period': 4}]","[{'name': 'overall', 'abbreviation': 'Game', 'type': 'total', 'summary': '2-4'}
 {'name': 'Home', 'abbreviation': None, 'type': 'home', 'summary': '1-1'}
 {'name': 'Road', 'abbreviation': None, 'type': 'road', 'summary': '1-3'}
 {'name': 'vs. Conf.', 'abbreviation': None, 'type': 'vsconf', 'summary': '2-2'}]",55,s:20~l:23~t:55,Jacksonville State,Gamecocks,JVST,Jacksonville State Gamecocks,Jacksonville St,cc0000,000000,True,3662,https://a.espncdn.com/i/teamlogos/ncaa/500/55.png,26,30,True,99,"[{'value': 10.0, 'displayValue': '10', 'period': 1}
 {'value': 13.0, 'displayValue': '13', 'period': 2}
 {'value': 7.0, 'displayValue': '7', 'period': 3}
 {'value': 0.0, 'displayValue': '0', 'period': 4}]","[{'name': 'overall', 'abbreviation': 'Game', 'type': 'total', 'summary': '6-0'}
 {'name': 'Home', 'abbreviation': None, 'type': 'home', 'summary': '2-0'}
 {'name': 'Road', 'abbreviation': None, 'type': 'road', 'summary': '4-0'}
 {'name': 'vs. Conf.', 'abbreviation': None, 'type': 'vsconf', 'summary': '3-0'}]",302822630,2010,2,6,
302822026,s:20~l:23~e:302822026~c:302822026,2010-10-09T19:00Z,0,True,False,False,False,True,False,2010-10-09T19:00Z,,[],,,,,1,STD,3792,Kidd Brewer Stadium,Boone,NC,USA,False,0.0,0:00,4,3,STATUS_FINAL,post,True,Final,Final,Final,4,2026,s:20~l:23~t:2026,Appalachian State,Mountaineers,APP,Appalachian State Mountaineers,Appalachian St,000000,ffcd00,False,3792,https://a.espncdn.com/i/teamlogos/ncaa/500/2026.png,29,34,True,99,"[{'value': 7.0, 'displayValue': '7', 'period': 1}
 {'value': 13.0, 'displayValue': '13', 'period': 2}
 {'value': 7.0, 'displayValue': '7', 'period': 3}
 {'value': 7.0, 'displayValue': '7', 'period': 4}]","[{'name': 'overall', 'abbreviation': 'Game', 'type': 'total', 'summary': '5-0'}
 {'name': 'Home', 'abbreviation': None, 'type': 'home', 'summary': '3-0'}
 {'name': 'Road', 'abbreviation': None, 'type': 'road', 'summary': '2-0'}
 {'name': 'vs. Conf.', 'abbreviation': None, 'type': 'vsconf', 'summary': '3-0'}]",2210,s:20~l:23~t:2210,Elon,Phoenix,ELON,Elon Phoenix,Elon,020303,b59a57,True,3894,https://a.espncdn.com/i/teamlogos/ncaa/500/2210.png,29,31,False,99,"[{'value': 7.0, 'displayValue': '7', 'period': 1}
 {'value': 10.0, 'displayValue': '10', 'period': 2}
 {'value': 7.0, 'displayValue': '7', 'period': 3}
 {'value': 7.0, 'displayValue': '7', 'period': 4}]","[{'name': 'overall', 'abbreviation': 'Game', 'type': 'total', 'summary': '2-4'}
 {'name': 'Home', 'abbreviation': None, 'type': 'home', 'summary': '2-0'}
 {'name': 'Road', 'abbreviation': None, 'type': 'road', 'summary': '0-4'}
 {'name': 'vs. Conf.', 'abbreviation': None, 'type': 'vsconf', 'summary': '1-2'}]",302822026,2010,2,6,
302822545,s:20~l:23~e:302822545~c:302822545,2010-10-09T19:00Z,0,True,False,False,False,True,False,2010-10-09T19:00Z,,[],,,,,1,STD,3944,Strawberry Stadium,Hammond,LA,USA,False,0.0,0:00,4,3,STATUS_FINAL,post,True,Final,Final,Final,4,2545,s:20~l:23~t:2545,Southeastern Louisiana,Lions,SELA,Southeastern Louisiana Lions,SE Louisiana,215732,ffc72c,False,3944,https://a.espncdn.com/i/teamlogos/ncaa/500/2545.png,30,49,True,99,"[{'value': 7.0, 'displayValue': '7', 'period': 1}
 {'value': 21.0, 'displayValue': '21', 'period': 2}
 {'value': 7.0, 'displayValue': '7', 'period': 3}
 {'value': 14.0, 'displayValue': '14', 'period': 4}]","[{'name': 'overall', 'abbreviation': 'Game', 'type': 'total', 'summary': '2-3'}
 {'name': 'Home', 'abbreviation': None, 'type': 'home', 'summary': '2-1'}
 {'name': 'Road', 'abbreviation': None, 'type': 'road', 'summary': '0-2'}
 {'name': 'vs. Conf.', 'abbreviation': None, 'type': 'vsconf', 'summary': '1-0'}]",326,s:20~l:23~t:326,Texas State,Bobcats,TXST,Texas State Bobcats,Texas State,501214,6a5638,True,3644,https://a.espncdn.com/i/teamlogos/ncaa/500/326.png,30,24,False,99,"[{'value': 7.0, 'displayValue': '7', 'period': 1}
 {'value': 14.0, 'displayValue': '14', 'period': 2}
 {'value': 3.0, 'displayValue': '3', 'period': 3}
 {'value': 0.0, 'displayValue': '0', 'period': 4}]","[{'name': 'overall', 'abbreviation': 'Game', 'type': 'total', 'summary': '3-2'}
 {'name': 'Home', 'abbreviation': None, 'type': 'home', 'summary': '3-0'}
 {'name': 'Road', 'abbreviation': None, 'type': 'road', 'summary': '0-2'}
 {'name': 'vs. Conf.', 'abbreviation': None, 'type': 'vsconf', 'summary': '0-1'}]",302822545,2010,2,6,
302820025,s:20~l:23~e:302820025~c:302820025,2010-10-09T19:30Z,0,True,False,False,False,True,False,2010-10-09T19:30Z,,[],,,,,1,STD,3831,California Memorial Stadium,Berkeley,CA,USA,False,137.0,2:17,4,3,STATUS_FINAL,post,True,Final,Final,Final,4,25,s:20~l:23~t:25,California,Golden Bears,CAL,California Golden Bears,California,041e42,ffc72c,True,3831,https://a.espncdn.com/i/teamlogos/ncaa/500/25.png,1,35,True,99,"[{'value': 14.0, 'displayValue': '14', 'period': 1}
 {'value': 14.0, 'displayValue': '14', 'period': 2}
 {'value': 0.0, 'displayValue': '0', 'period': 3}
 {'value': 7.0, 'displayValue': '7', 'period': 4}]","[{'name': 'overall', 'abbreviation': 'Game', 'type': 'total', 'summary': '3-2'}
 {'name': 'Home', 'abbreviation': None, 'type': 'home', 'summary': '3-0'}
 {'name': 'Road', 'abbreviation': None, 'type': 'road', 'summary': '0-2'}
 {'name': 'vs. Conf.', 'abbreviation': None, 'type': 'vsconf', 'summary': '1-1'}]",26,s:20~l:23~t:26,UCLA,Bruins,UCLA,UCLA Bruins,UCLA,2774ae,f2a900,True,1056,https://a.espncdn.com/i/teamlogos/ncaa/500/26.png,5,7,False,99,"[{'value': 0.0, 'displayValue': '0', 'period': 1}
 {'value': 0.0, 'displayValue': '0', 'period': 2}
 {'value': 7.0, 'displayValue': '7', 'period': 3}
 {'value': 0.0, 'displayValue': '0', 'period': 4}]","[{'name': 'overall', 'abbreviation': 'Game', 'type': 'total', 'summary': '3-3'}
 {'name': 'Home', 'abbreviation': None, 'type': 'home', 'summary': '2-1'}
 {'name': 'Road', 'abbreviation': None, 'type': 'road', 'summary': '1-2'}
 {'name': 'vs. Conf.', 'abbreviation': None, 'type': 'vsconf', 'summary': '1-2'}]",302820025,2010,2,6,
302820059,s:20~l:23~e:302820059~c:302820059,2010-10-09T19:30Z,0,True,False,False,False,True,False,2010-10-09T19:30Z,ESPNU,[],,,national,ESPNU,1,STD,721,Bobby Dodd Stadium,Atlanta,GA,USA,False,49.0,0:49,4,3,STATUS_FINAL,post,True,Final,Final,Final,4,59,s:20~l:23~t:59,Georgia Tech,Yellow Jackets,GT,Georgia Tech Yellow Jackets,Georgia Tech,b3a369,ffffff,True,721,https://a.espncdn.com/i/teamlogos/ncaa/500/59.png,1,33,True,99,"[{'value': 3.0, 'displayValue': '3', 'period': 1}
 {'value': 10.0, 'displayValue': '10', 'period': 2}
 {'value': 14.0, 'displayValue': '14', 'period': 3}
 {'value': 6.0, 'displayValue': '6', 'period': 4}]","[{'name': 'overall', 'abbreviation': 'Game', 'type': 'total', 'summary': '4-2'}
 {'name': 'Home', 'abbreviation': None, 'type': 'home', 'summary': '2-1'}
 {'name': 'Road', 'abbreviation': None, 'type': 'road', 'summary': '2-1'}
 {'name': 'vs. Conf.', 'abbreviation': None, 'type': 'vsconf', 'summary': '3-1'}]",258,s:20~l:23~t:258,Virginia,Cavaliers,UVA,Virginia Cavaliers,UVA,232d4b,f84c1e,True,3923,https://a.espncdn.com/i/teamlogos/ncaa/500/258.png,1,21,False,99,"[{'value': 0.0, 'displayValue': '0', 'period': 1}
 {'value': 7.0, 'displayValue': '7', 'period': 2}
 {'value': 7.0, 'displayValue': '7', 'period': 3}
 {'value': 7.0, 'displayValue': '7', 'period': 4}]","[{'name': 'overall', 'abbreviation': 'Game', 'type': 'total', 'summary': '2-3'}
 {'name': 'Home', 'abbreviation': None, 'type': 'home', 'summary': '2-1'}
 {'name': 'Road', 'abbreviation': None, 'type': 'road', 'summary': '0-2'}
 {'name': 'vs. Conf.', 'abbreviation': None, 'type': 'vsconf', 'summary': '0-2'}]",302820059,2010,2,6,
302820087,s:20~l:23~e:302820087~c:302820087,2010-10-09T19:30Z,0,True,False,False,False,True,False,2010-10-09T19:30Z,NBC,[],,,national,NBC,1,STD,3855,Notre Dame Stadium,Notre Dame,IN,USA,False,71.0,1:11,4,3,STATUS_FINAL,post,True,Final,Final,Final,4,87,s:20~l:23~t:87,Notre Dame,Fighting Irish,ND,Notre Dame Fighting Irish,Notre Dame,062340,c99700,True,3855,https://a.espncdn.com/i/teamlogos/ncaa/500/87.png,18,23,True,99,"[{'value': 7.0, 'displayValue': '7', 'period': 1}
 {'value': 10.0, 'displayValue': '10', 'period': 2}
 {'value': 3.0, 'displayValue': '3', 'period': 3}
 {'value': 3.0, 'displayValue': '3', 'period': 4}]","[{'name': 'overall', 'abbreviation': 'Game', 'type': 'total', 'summary': '3-3'}
 {'name': 'Home', 'abbreviation': None, 'type': 'home', 'summary': '2-2'}
 {'name': 'Road', 'abbreviation': None, 'type': 'road', 'summary': '1-1'}
 {'name': 'vs. Conf.', 'abbreviation': None, 'type': 'vsconf', 'summary': '0-0'}]",221,s:20~l:23~t:221,Pittsburgh,Panthers,PITT,Pittsburgh Panthers,Pitt,003594,ffb81c,True,3752,https://a.espncdn.com/i/teamlogos/ncaa/500/221.png,10,17,False,99,"[{'value': 3.0, 'displayValue': '3', 'period': 1}
 {'value': 0.0, 'displayValue': '0', 'period': 2}
 {'value': 7.0, 'displayValue': '7', 'period': 3}
 {'value': 7.0, 'displayValue': '7', 'period': 4}]","[{'name': 'overall', 'abbreviation': 'Game', 'type': 'total', 'summary': '2-3'}
 {'name': 'Home', 'abbreviation': None, 'type': 'home', 'summary': '2-1'}
 {'name': 'Road', 'abbreviation': None, 'type': 'road', 'summary': '0-2'}
 {'name': 'vs. Conf.', 'abbreviation': None, 'type': 'vsconf', 'summary': '0-0'}]",302820087,2010,2,6,
302820153,s:20~l:23~e:302820153~c:302820153,2010-10-09T19:30Z,0,True,False,False,False,True,False,2010-10-09T19:30Z,ABC/ESPN3,[],,,national,ABC,1,STD,3787,Kenan Stadium,Chapel Hill,NC,USA,False,0.0,0:00,4,3,STATUS_FINAL,post,True,Final,Final,Final,4,153,s:20~l:23~t:153,North Carolina,Tar Heels,UNC,North Carolina Tar Heels,UNC,7bafd4,13294b,True,3787,https://a.espncdn.com/i/teamlogos/ncaa/500/153.png,1,21,True,99,"[{'value': 7.0, 'displayValue': '7', 'period': 1}
 {'value': 7.0, 'displayValue': '7', 'period': 2}
 {'value': 0.0, 'displayValue': '0', 'period': 3}
 {'value': 7.0, 'displayValue': '7', 'period': 4}]","[{'name': 'overall', 'abbreviation': 'Game', 'type': 'total', 'summary': '3-2'}
 {'name': 'Home', 'abbreviation': None, 'type': 'home', 'summary': '2-2'}
 {'name': 'Road', 'abbreviation': None, 'type': 'road', 'summary': '1-0'}
 {'name': 'vs. Conf.', 'abbreviation': None, 'type': 'vsconf', 'summary': '1-1'}]",228,s:20~l:23~t:228,Clemson,Tigers,CLEM,Clemson Tigers,Clemson,f56600,ffffff,True,3836,https://a.espncdn.com/i/teamlogos/ncaa/500/228.png,1,16,False,99,"[{'value': 0.0, 'displayValue': '0', 'period': 1}
 {'value': 3.0, 'displayValue': '3', 'period': 2}
 {'value': 7.0, 'displayValue': '7', 'period': 3}
 {'value': 6.0, 'displayValue': '6', 'period': 4}]","[{'name': 'overall', 'abbreviation': 'Game', 'type': 'total', 'summary': '2-3'}
 {'name': 'Home', 'abbreviation': None, 'type': 'home', 'summary': '2-1'}
 {'name': 'Road', 'abbreviation': None, 'type': 'road', 'summary': '0-2'}
 {'name': 'vs. Conf.', 'abbreviation': None, 'type': 'vsconf', 'summary': '0-2'}]",302820153,2010,2,6,
302820277,s:20~l:23~e:302820277~c:302820277,2010-10-09T19:30Z,0,True,False,False,False,True,False,2010-10-09T19:30Z,ESPN3,[],,,national,ESPN3,1,STD,3842,Milan Puskar Stadium,Morgantown,WV,USA,False,0.0,0:00,4,3,STATUS_FINAL,post,True,Final,Final,Final,4,277,s:20~l:23~t:277,West Virginia,Mountaineers,WVU,West Virginia Mountaineers,West Virginia,eaaa00,002855,True,3842,https://a.espncdn.com/i/teamlogos/ncaa/500/277.png,10,49,True,99,"[{'value': 21.0, 'displayValue': '21', 'period': 1}
 {'value': 14.0, 'displayValue': '14', 'period': 2}
 {'value': 7.0, 'displayValue': '7', 'period': 3}
 {'value': 7.0, 'displayValue': '7', 'period': 4}]","[{'name': 'overall', 'abbreviation': 'Game', 'type': 'total', 'summary': '4-1'}
 {'name': 'Home', 'abbreviation': None, 'type': 'home', 'summary': '3-0'}
 {'name': 'Road', 'abbreviation': None, 'type': 'road', 'summary': '1-1'}
 {'name': 'vs. Conf.', 'abbreviation': None, 'type': 'vsconf', 'summary': '0-0'}]",2439,s:20~l:23~t:2439,UNLV,Rebels,UNLV,UNLV Rebels,UNLV,cf0a2c,cac8c8,True,6501,https://a.espncdn.com/i/teamlogos/ncaa/500/2439.png,17,10,False,99,"[{'value': 0.0, 'displayValue': '0', 'period': 1}
 {'value': 0.0, 'displayValue': '0', 'period': 2}
 {'value': 3.0, 'displayValue': '3', 'period': 3}
 {'value': 7.0, 'displayValue': '7', 'period': 4}]","[{'name': 'overall', 'abbreviation': 'Game', 'type': 'total', 'summary': '1-5'}
 {'name': 'Home', 'abbreviation': None, 'type': 'home', 'summary': '1-2'}
 {'name': 'Road', 'abbreviation': None, 'type': 'road', 'summary': '0-3'}
 {'name': 'vs. Conf.', 'abbreviation': None, 'type': 'vsconf', 'summary': '1-1'}]",302820277,2010,2,6,
302822229,s:20~l:23~e:302822229~c:302822229,2010-10-09T19:30Z,0,True,False,False,False,True,False,2010-10-09T19:30Z,ESPN3,[],,,national,ESPN3,1,STD,218,Riccardo Silva Stadium,Miami,FL,USA,False,0.0,0:00,4,3,STATUS_FINAL,post,True,Final,Final,Final,4,2229,s:20~l:23~t:2229,Florida Intl,Golden Panthers,FIU,Florida Intl Golden Panthers,FIU,091f3f,c3993f,False,218,https://a.espncdn.com/i/teamlogos/ncaa/500/2229.png,37,28,True,99,"[{'value': 7.0, 'displayValue': '7', 'period': 1}
 {'value': 14.0, 'displayValue': '14', 'period': 2}
 {'value': 0.0, 'displayValue': '0', 'period': 3}
 {'value': 7.0, 'displayValue': '7', 'period': 4}]","[{'name': 'overall', 'abbreviation': 'Game', 'type': 'total', 'summary': '1-4'}
 {'name': 'Home', 'abbreviation': None, 'type': 'home', 'summary': '1-1'}
 {'name': 'Road', 'abbreviation': None, 'type': 'road', 'summary': '0-3'}
 {'name': 'vs. Conf.', 'abbreviation': None, 'type': 'vsconf', 'summary': '1-0'}]",98,s:20~l:23~t:98,Western Kentucky,Hilltoppers,WKU,Western Kentucky Hilltoppers,W Kentucky,e13a3e,ffffff,True,3796,https://a.espncdn.com/i/teamlogos/ncaa/500/98.png,37,21,False,99,"[{'value': 0.0, 'displayValue': '0', 'period': 1}
 {'value': 7.0, 'displayValue': '7', 'period': 2}
 {'value': 7.0, 'displayValue': '7', 'period': 3}
 {'value': 7.0, 'displayValue': '7', 'period': 4}]","[{'name': 'overall', 'abbreviation': 'Game', 'type': 'total', 'summary': '0-5'}
 {'name': 'Home', 'abbreviation': None, 'type': 'home', 'summary': '0-1'}
 {'name': 'Road', 'abbreviation': None, 'type': 'road', 'summary': '0-4'}
 {'name': 'vs. Conf.', 'abbreviation': None, 'type': 'vsconf', 'summary': '0-1'}]",302822229,2010,2,6,
302822309,s:20~l:23~e:302822309~c:302822309,2010-10-09T19:30Z,0,True,False,False,False,True,False,2010-10-09T19:30Z,,[],,,home,ESPN3,1,STD,3696,Dix Stadium,Kent,OH,USA,False,54.0,0:54,4,3,STATUS_FINAL,post,True,Final,Final,Final,4,2309,s:20~l:23~t:2309,Kent State,Golden Flashes,KENT,Kent State Golden Flashes,Kent State,002664,eaab00,True,3696,https://a.espncdn.com/i/teamlogos/ncaa/500/2309.png,15,28,True,99,"[{'value': 7.0, 'displayValue': '7', 'period': 1}
 {'value': 14.0, 'displayValue': '14', 'period': 2}
 {'value': 0.0, 'displayValue': '0', 'period': 3}
 {'value': 7.0, 'displayValue': '7', 'period': 4}]","[{'name': 'overall', 'abbreviation': 'Game', 'type': 'total', 'summary': '2-3'}
 {'name': 'Home', 'abbreviation': None, 'type': 'home', 'summary': '2-0'}
 {'name': 'Road', 'abbreviation': None, 'type': 'road', 'summary': '0-3'}
 {'name': 'vs. Conf.', 'abbreviation': None, 'type': 'vsconf', 'summary': '1-1'}]",2006,s:20~l:23~t:2006,Akron,Zips,AKR,Akron Zips,Akron,041e42,c5b783,True,3768,https://a.espncdn.com/i/teamlogos/ncaa/500/2006.png,15,17,False,99,"[{'value': 7.0, 'displayValue': '7', 'period': 1}
 {'value': 3.0, 'displayValue': '3', 'period': 2}
 {'value': 7.0, 'displayValue': '7', 'period': 3}
 {'value': 0.0, 'displayValue': '0', 'period': 4}]","[{'name': 'overall', 'abbreviation': 'Game', 'type': 'total', 'summary': '0-6'}
 {'name': 'Home', 'abbreviation': None, 'type': 'home', 'summary': '0-3'}
 {'name': 'Road', 'abbreviation': None, 'type': 'road', 'summary': '0-3'}
 {'name': 'vs. Conf.', 'abbreviation': None, 'type': 'vsconf', 'summary': '0-2'}]",302822309,2010,2,6,
302822335,s:20~l:23~e:302822335~c:302822335,2010-10-09T19:30Z,0,True,False,False,False,True,False,2010-10-09T19:30Z,,[],,,,,1,STD,3992,Williams Stadium (VA),Lynchburg,VA,USA,False,0.0,0:00,4,3,STATUS_FINAL,post,True,Final,Final,Final,4,2335,s:20~l:23~t:2335,Liberty,Flames,LIB,Liberty Flames,Liberty,0a254e,b72025,True,3992,https://a.espncdn.com/i/teamlogos/ncaa/500/2335.png,40,44,True,99,"[{'value': 0.0, 'displayValue': '0', 'period': 1}
 {'value': 16.0, 'displayValue': '16', 'period': 2}
 {'value': 0.0, 'displayValue': '0', 'period': 3}
 {'value': 28.0, 'displayValue': '28', 'period': 4}]","[{'name': 'overall', 'abbreviation': 'Game', 'type': 'total', 'summary': '4-2'}
 {'name': 'Home', 'abbreviation': None, 'type': 'home', 'summary': '3-0'}
 {'name': 'Road', 'abbreviation': None, 'type': 'road', 'summary': '1-2'}
 {'name': 'vs. Conf.', 'abbreviation': None, 'type': 'vsconf', 'summary': '1-0'}]",2127,s:20~l:23~t:2127,Charleston Southern,Buccaneers,CHSO,Charleston Southern Buccaneers,Charleston So,2e3192,ded090,True,3658,https://a.espncdn.com/i/teamlogos/ncaa/500/2127.png,40,20,False,99,"[{'value': 0.0, 'displayValue': '0', 'period': 1}
 {'value': 7.0, 'displayValue': '7', 'period': 2}
 {'value': 7.0, 'displayValue': '7', 'period': 3}
 {'value': 6.0, 'displayValue': '6', 'period': 4}]","[{'name': 'overall', 'abbreviation': 'Game', 'type': 'total', 'summary': '2-3'}
 {'name': 'Home', 'abbreviation': None, 'type': 'home', 'summary': '2-1'}
 {'name': 'Road', 'abbreviation': None, 'type': 'road', 'summary': '0-2'}
 {'name': 'vs. Conf.', 'abbreviation': None, 'type': 'vsconf', 'summary': '0-1'}]",302822335,2010,2,6,
302822655,s:20~l:23~e:302822655~c:302822655,2010-10-09T19:30Z,0,True,False,False,False,True,False,2010-10-09T19:30Z,,[],,,,,1,STD,3493,Caesars Superdome,New Orleans,LA,USA,True,0.0,0:00,4,3,STATUS_FINAL,post,True,Final,Final,Final,4,2655,s:20~l:23~t:2655,Tulane,Green Wave,TULN,Tulane Green Wave,Tulane,006747,418fde,True,3493,https://a.espncdn.com/i/teamlogos/ncaa/500/2655.png,12,23,False,99,"[{'value': 7.0, 'displayValue': '7', 'period': 1}
 {'value': 0.0, 'displayValue': '0', 'period': 2}
 {'value': 0.0, 'displayValue': '0', 'period': 3}
 {'value': 16.0, 'displayValue': '16', 'period': 4}]","[{'name': 'overall', 'abbreviation': 'Game', 'type': 'total', 'summary': '2-3'}
 {'name': 'Home', 'abbreviation': None, 'type': 'home', 'summary': '1-2'}
 {'name': 'Road', 'abbreviation': None, 'type': 'road', 'summary': '1-1'}
 {'name': 'vs. Conf.', 'abbreviation': None, 'type': 'vsconf', 'summary': '0-1'}]",349,s:20~l:23~t:349,Army,Black Knights,ARMY,Army Black Knights,Army,000000,d3bc8d,True,3841,https://a.espncdn.com/i/teamlogos/ncaa/500/349.png,18,41,True,99,"[{'value': 7.0, 'displayValue': '7', 'period': 1}
 {'value': 17.0, 'displayValue': '17', 'period': 2}
 {'value': 7.0, 'displayValue': '7', 'period': 3}
 {'value': 10.0, 'displayValue': '10', 'period': 4}]","[{'name': 'overall', 'abbreviation': 'Game', 'type': 'total', 'summary': '4-2'}
 {'name': 'Home', 'abbreviation': None, 'type': 'home', 'summary': '1-2'}
 {'name': 'Road', 'abbreviation': None, 'type': 'road', 'summary': '3-0'}
 {'name': 'vs. Conf.', 'abbreviation': None, 'type': 'vsconf', 'summary': '0-0'}]",302822655,2010,2,6,
302820093,s:20~l:23~e:302820093~c:302820093,2010-10-09T20:00Z,0,True,False,False,False,False,False,2010-10-09T20:00Z,,[],,,,,1,STD,3909,Roy Stewart Stadium,Murray,KY,USA,False,0.0,0:00,4,3,STATUS_FINAL,post,True,Final,Final,Final,4,93,s:20~l:23~t:93,Murray State,Racers,MURR,Murray State Racers,Murray State,002148,000e00,True,3909,https://a.espncdn.com/i/teamlogos/ncaa/500/93.png,26,72,True,99,"[{'value': 10.0, 'displayValue': '10', 'period': 1}
 {'value': 21.0, 'displayValue': '21', 'period': 2}
 {'value': 14.0, 'displayValue': '14', 'period': 3}
 {'value': 27.0, 'displayValue': '27', 'period': 4}]","[{'name': 'overall', 'abbreviation': 'Game', 'type': 'total', 'summary': '2-4'}
 {'name': 'Home', 'abbreviation': None, 'type': 'home', 'summary': '2-1'}
 {'name': 'Road', 'abbreviation': None, 'type': 'road', 'summary': '0-3'}
 {'name': 'vs. Conf.', 'abbreviation': None, 'type': 'vsconf', 'summary': '1-2'}]",2623,s:20~l:23~t:2623,Missouri State,Bears,MOST,Missouri State Bears,Missouri State,5e0009,ffffff,True,3878,https://a.espncdn.com/i/teamlogos/ncaa/500/2623.png,21,59,False,99,"[{'value': 21.0, 'displayValue': '21', 'period': 1}
 {'value': 17.0, 'displayValue': '17', 'period': 2}
 {'value': 14.0, 'displayValue': '14', 'period': 3}
 {'value': 7.0, 'displayValue': '7', 'period': 4}]","[{'name': 'overall', 'abbreviation': 'Game', 'type': 'total', 'summary': '2-3'}
 {'name': 'Home', 'abbreviation': None, 'type': 'home', 'summary': '2-0'}
 {'name': 'Road', 'abbreviation': None, 'type': 'road', 'summary': '0-3'}
 {'name': 'vs. Conf.', 'abbreviation': None, 'type': 'vsconf', 'summary': '1-1'}]",302820093,2010,2,6,
302822348,s:20~l:23~e:302822348~c:302822348,2010-10-09T20:00Z,0,True,False,False,False,True,False,2010-10-09T20:00Z,ESPN3,[],,,national,ESPN3,1,STD,3776,Joe Aillet Stadium,Ruston,LA,USA,False,175.0,2:55,4,3,STATUS_FINAL,post,True,Final,Final,Final,4,2348,s:20~l:23~t:2348,Louisiana Tech,Bulldogs,LT,Louisiana Tech Bulldogs,LA Tech,003087,cb333b,True,3776,https://a.espncdn.com/i/teamlogos/ncaa/500/2348.png,16,24,True,99,"[{'value': 7.0, 'displayValue': '7', 'period': 1}
 {'value': 10.0, 'displayValue': '10', 'period': 2}
 {'value': 0.0, 'displayValue': '0', 'period': 3}
 {'value': 7.0, 'displayValue': '7', 'period': 4}]","[{'name': 'overall', 'abbreviation': 'Game', 'type': 'total', 'summary': '2-4'}
 {'name': 'Home', 'abbreviation': None, 'type': 'home', 'summary': '1-2'}
 {'name': 'Road', 'abbreviation': None, 'type': 'road', 'summary': '1-2'}
 {'name': 'vs. Conf.', 'abbreviation': None, 'type': 'vsconf', 'summary': '1-1'}]",328,s:20~l:23~t:328,Utah State,Aggies,USU,Utah State Aggies,Utah State,0f2439,ffffff,True,3905,https://a.espncdn.com/i/teamlogos/ncaa/500/328.png,16,6,False,99,"[{'value': 0.0, 'displayValue': '0', 'period': 1}
 {'value': 3.0, 'displayValue': '3', 'period': 2}
 {'value': 3.0, 'displayValue': '3', 'period': 3}
 {'value': 0.0, 'displayValue': '0', 'period': 4}]","[{'name': 'overall', 'abbreviation': 'Game', 'type': 'total', 'summary': '2-4'}
 {'name': 'Home', 'abbreviation': None, 'type': 'home', 'summary': '2-1'}
 {'name': 'Road', 'abbreviation': None, 'type': 'road', 'summary': '0-3'}
 {'name': 'vs. Conf.', 'abbreviation': None, 'type': 'vsconf', 'summary': '0-2'}]",302822348,2010,2,6,
302822754,s:20~l:23~e:302822754~c:302822754,2010-10-09T20:00Z,0,True,False,False,False,True,False,2010-10-09T20:00Z,,[],,,,,1,STD,844,Stambaugh Stadium,Youngstown,OH,USA,False,34.0,0:34,4,3,STATUS_FINAL,post,True,Final,Final,Final,4,2754,s:20~l:23~t:2754,Youngstown State,Penguins,YSU,Youngstown State Penguins,Youngstown St,E51936,690717,True,844,https://a.espncdn.com/i/teamlogos/ncaa/500/2754.png,21,29,False,99,"[{'value': 10.0, 'displayValue': '10', 'period': 1}
 {'value': 10.0, 'displayValue': '10', 'period': 2}
 {'value': 0.0, 'displayValue': '0', 'period': 3}
 {'value': 9.0, 'displayValue': '9', 'period': 4}]","[{'name': 'overall', 'abbreviation': 'Game', 'type': 'total', 'summary': '3-3'}
 {'name': 'Home', 'abbreviation': None, 'type': 'home', 'summary': '3-1'}
 {'name': 'Road', 'abbreviation': None, 'type': 'road', 'summary': '0-2'}
 {'name': 'vs. Conf.', 'abbreviation': None, 'type': 'vsconf', 'summary': '1-2'}]",2449,s:20~l:23~t:2449,North Dakota State,Bison,NDSU,North Dakota State Bison,North Dakota St,01402A,ffffff,True,3714,https://a.espncdn.com/i/teamlogos/ncaa/500/2449.png,21,34,True,99,"[{'value': 0.0, 'displayValue': '0', 'period': 1}
 {'value': 21.0, 'displayValue': '21', 'period': 2}
 {'value': 7.0, 'displayValue': '7', 'period': 3}
 {'value': 6.0, 'displayValue': '6', 'period': 4}]","[{'name': 'overall', 'abbreviation': 'Game', 'type': 'total', 'summary': '4-2'}
 {'name': 'Home', 'abbreviation': None, 'type': 'home', 'summary': '2-1'}
 {'name': 'Road', 'abbreviation': None, 'type': 'road', 'summary': '2-1'}
 {'name': 'vs. Conf.', 'abbreviation': None, 'type': 'vsconf', 'summary': '1-2'}]",302822754,2010,2,6,
302822447,s:20~l:23~e:302822447~c:302822447,2010-10-09T21:00Z,0,True,False,False,False,False,False,2010-10-09T21:00Z,,[],,,,,1,STD,3779,John L. Guidry Stadium,Thibodaux,LA,USA,False,0.0,0:00,4,3,STATUS_FINAL,post,True,Final,Final,Final,4,2447,s:20~l:23~t:2447,Nicholls State,Colonels,NICH,Nicholls State Colonels,Nicholls State,C41230,f0f0f0,False,3779,https://a.espncdn.com/i/teamlogos/ncaa/500/2447.png,30,7,False,99,"[{'value': 0.0, 'displayValue': '0', 'period': 1}
 {'value': 7.0, 'displayValue': '7', 'period': 2}
 {'value': 0.0, 'displayValue': '0', 'period': 3}
 {'value': 0.0, 'displayValue': '0', 'period': 4}]","[{'name': 'overall', 'abbreviation': 'Game', 'type': 'total', 'summary': '1-4'}
 {'name': 'Home', 'abbreviation': None, 'type': 'home', 'summary': '1-1'}
 {'name': 'Road', 'abbreviation': None, 'type': 'road', 'summary': '0-3'}
 {'name': 'vs. Conf.', 'abbreviation': None, 'type': 'vsconf', 'summary': '0-1'}]",2534,s:20~l:23~t:2534,Sam Houston State,Bearkats,SHSU,Sam Houston State Bearkats,Sam Houston,f56423,ffffff,False,3647,https://a.espncdn.com/i/teamlogos/ncaa/500/2534.png,30,26,True,99,"[{'value': 0.0, 'displayValue': '0', 'period': 1}
 {'value': 10.0, 'displayValue': '10', 'period': 2}
 {'value': 3.0, 'displayValue': '3', 'period': 3}
 {'value': 13.0, 'displayValue': '13', 'period': 4}]","[{'name': 'overall', 'abbreviation': 'Game', 'type': 'total', 'summary': '3-2'}
 {'name': 'Home', 'abbreviation': None, 'type': 'home', 'summary': '1-0'}
 {'name': 'Road', 'abbreviation': None, 'type': 'road', 'summary': '2-2'}
 {'name': 'vs. Conf.', 'abbreviation': None, 'type': 'vsconf', 'summary': '1-0'}]",302822447,2010,2,6,
302820016,s:20~l:23~e:302820016~c:302820016,2010-10-09T21:05Z,0,True,False,False,False,False,False,2010-10-09T21:05Z,,[],,,,,1,STD,3757,Hornet Stadium,Sacramento,CA,USA,False,0.0,0:00,4,3,STATUS_FINAL,post,True,Final,Final,Final,4,16,s:20~l:23~t:16,Sacramento State,Hornets,SAC,Sacramento State Hornets,Sacramento St,00573C,cdb97d,True,3757,https://a.espncdn.com/i/teamlogos/ncaa/500/16.png,20,42,True,99,"[{'value': 14.0, 'displayValue': '14', 'period': 1}
 {'value': 0.0, 'displayValue': '0', 'period': 2}
 {'value': 14.0, 'displayValue': '14', 'period': 3}
 {'value': 14.0, 'displayValue': '14', 'period': 4}]","[{'name': 'overall', 'abbreviation': 'Game', 'type': 'total', 'summary': '3-3'}
 {'name': 'Home', 'abbreviation': None, 'type': 'home', 'summary': '3-1'}
 {'name': 'Road', 'abbreviation': None, 'type': 'road', 'summary': '0-2'}
 {'name': 'vs. Conf.', 'abbreviation': None, 'type': 'vsconf', 'summary': '2-2'}]",2458,s:20~l:23~t:2458,Northern Colorado,Bears,UNCO,Northern Colorado Bears,N Colorado,13558D,ffc533,True,3856,https://a.espncdn.com/i/teamlogos/ncaa/500/2458.png,20,7,False,99,"[{'value': 0.0, 'displayValue': '0', 'period': 1}
 {'value': 7.0, 'displayValue': '7', 'period': 2}
 {'value': 0.0, 'displayValue': '0', 'period': 3}
 {'value': 0.0, 'displayValue': '0', 'period': 4}]","[{'name': 'overall', 'abbreviation': 'Game', 'type': 'total', 'summary': '2-4'}
 {'name': 'Home', 'abbreviation': None, 'type': 'home', 'summary': '2-1'}
 {'name': 'Road', 'abbreviation': None, 'type': 'road', 'summary': '0-3'}
 {'name': 'vs. Conf.', 'abbreviation': None, 'type': 'vsconf', 'summary': '1-3'}]",302820016,2010,2,6,
302820252,s:20~l:23~e:302820252~c:302820252,2010-10-09T22:00Z,0,True,False,False,False,True,False,2010-10-09T22:00Z,,[],,,,,1,STD,3801,LaVell Edwards Stadium,Provo,UT,USA,False,0.0,0:00,4,3,STATUS_FINAL,post,True,Final,Final,Final,4,252,s:20~l:23~t:252,BYU,Cougars,BYU,BYU Cougars,BYU,0047ba,002e5d,True,3801,https://a.espncdn.com/i/teamlogos/ncaa/500/252.png,4,24,True,99,"[{'value': 14.0, 'displayValue': '14', 'period': 1}
 {'value': 0.0, 'displayValue': '0', 'period': 2}
 {'value': 3.0, 'displayValue': '3', 'period': 3}
 {'value': 7.0, 'displayValue': '7', 'period': 4}]","[{'name': 'overall', 'abbreviation': 'Game', 'type': 'total', 'summary': '2-4'}
 {'name': 'Home', 'abbreviation': None, 'type': 'home', 'summary': '2-1'}
 {'name': 'Road', 'abbreviation': None, 'type': 'road', 'summary': '0-3'}
 {'name': 'vs. Conf.', 'abbreviation': None, 'type': 'vsconf', 'summary': '1-1'}]",21,s:20~l:23~t:21,San Diego State,Aztecs,SDSU,San Diego State Aztecs,San Diego St,a6192e,000000,True,7311,https://a.espncdn.com/i/teamlogos/ncaa/500/21.png,9,21,False,99,"[{'value': 0.0, 'displayValue': '0', 'period': 1}
 {'value': 7.0, 'displayValue': '7', 'period': 2}
 {'value': 7.0, 'displayValue': '7', 'period': 3}
 {'value': 7.0, 'displayValue': '7', 'period': 4}]","[{'name': 'overall', 'abbreviation': 'Game', 'type': 'total', 'summary': '3-2'}
 {'name': 'Home', 'abbreviation': None, 'type': 'home', 'summary': '2-0'}
 {'name': 'Road', 'abbreviation': None, 'type': 'road', 'summary': '1-2'}
 {'name': 'vs. Conf.', 'abbreviation': None, 'type': 'vsconf', 'summary': '0-1'}]",302820252,2010,2,6,
302820290,s:20~l:23~e:302820290~c:302820290,2010-10-09T22:00Z,0,True,False,False,False,True,False,2010-10-09T22:00Z,,[],,,,,1,STD,3608,Allen E. Paulson Stadium,Statesboro,GA,USA,False,0.0,0:00,4,3,STATUS_FINAL,post,True,Final,Final,Final,4,290,s:20~l:23~t:290,Georgia Southern,Eagles,GASO,Georgia Southern Eagles,Ga Southern,041e42,a3aaae,True,3608,https://a.espncdn.com/i/teamlogos/ncaa/500/290.png,29,31,False,99,"[{'value': 2.0, 'displayValue': '2', 'period': 1}
 {'value': 10.0, 'displayValue': '10', 'period': 2}
 {'value': 7.0, 'displayValue': '7', 'period': 3}
 {'value': 12.0, 'displayValue': '12', 'period': 4}]","[{'name': 'overall', 'abbreviation': 'Game', 'type': 'total', 'summary': '3-2'}
 {'name': 'Home', 'abbreviation': None, 'type': 'home', 'summary': '2-1'}
 {'name': 'Road', 'abbreviation': None, 'type': 'road', 'summary': '1-1'}
 {'name': 'vs. Conf.', 'abbreviation': None, 'type': 'vsconf', 'summary': '1-1'}]",2747,s:20~l:23~t:2747,Wofford,Terriers,WOF,Wofford Terriers,Wofford,533B23,f0f0f0,True,3737,https://a.espncdn.com/i/teamlogos/ncaa/500/2747.png,29,33,True,99,"[{'value': 14.0, 'displayValue': '14', 'period': 1}
 {'value': 0.0, 'displayValue': '0', 'period': 2}
 {'value': 7.0, 'displayValue': '7', 'period': 3}
 {'value': 12.0, 'displayValue': '12', 'period': 4}]","[{'name': 'overall', 'abbreviation': 'Game', 'type': 'total', 'summary': '4-1'}
 {'name': 'Home', 'abbreviation': None, 'type': 'home', 'summary': '2-0'}
 {'name': 'Road', 'abbreviation': None, 'type': 'road', 'summary': '2-1'}
 {'name': 'vs. Conf.', 'abbreviation': None, 'type': 'vsconf', 'summary': '2-0'}]",302820290,2010,2,6,
302820295,s:20~l:23~e:302820295~c:302820295,2010-10-09T22:00Z,0,True,False,False,False,True,False,2010-10-09T22:00Z,,[],,,,,1,STD,3918,S.B. Ballard Stadium,Norfolk,VA,USA,False,0.0,0:00,4,3,STATUS_FINAL,post,True,Final,Final,Final,4,295,s:20~l:23~t:295,Old Dominion,Monarchs,ODU,Old Dominion Monarchs,Old Dominion,003768,a1d2f1,True,3918,https://a.espncdn.com/i/teamlogos/ncaa/500/295.png,32,37,False,99,"[{'value': 7.0, 'displayValue': '7', 'period': 1}
 {'value': 13.0, 'displayValue': '13', 'period': 2}
 {'value': 0.0, 'displayValue': '0', 'period': 3}
 {'value': 17.0, 'displayValue': '17', 'period': 4}]","[{'name': 'overall', 'abbreviation': 'Game', 'type': 'total', 'summary': '3-3'}
 {'name': 'Home', 'abbreviation': None, 'type': 'home', 'summary': '1-3'}
 {'name': 'Road', 'abbreviation': None, 'type': 'road', 'summary': '2-0'}
 {'name': 'vs. Conf.', 'abbreviation': None, 'type': 'vsconf', 'summary': '0-0'}]",13,s:20~l:23~t:13,Cal Poly,Mustangs,CP,Cal Poly Mustangs,Cal Poly,1E4D2B,eed897,True,3851,https://a.espncdn.com/i/teamlogos/ncaa/500/13.png,43,50,True,99,"[{'value': 17.0, 'displayValue': '17', 'period': 1}
 {'value': 10.0, 'displayValue': '10', 'period': 2}
 {'value': 0.0, 'displayValue': '0', 'period': 3}
 {'value': 23.0, 'displayValue': '23', 'period': 4}]","[{'name': 'overall', 'abbreviation': 'Game', 'type': 'total', 'summary': '4-2'}
 {'name': 'Home', 'abbreviation': None, 'type': 'home', 'summary': '2-0'}
 {'name': 'Road', 'abbreviation': None, 'type': 'road', 'summary': '2-2'}
 {'name': 'vs. Conf.', 'abbreviation': None, 'type': 'vsconf', 'summary': '0-0'}]",302820295,2010,2,6,
302820154,s:20~l:23~e:302820154~c:302820154,2010-10-09T22:30Z,0,True,False,False,False,True,False,2010-10-09T22:30Z,,[],,,home,ESPN3,1,STD,3630,Allegacy Federal Credit Union Stadium,Winston-Salem,NC,USA,False,0.0,0:00,4,3,STATUS_FINAL,post,True,Final,Final,Final,4,154,s:20~l:23~t:154,Wake Forest,Demon Deacons,WAKE,Wake Forest Demon Deacons,Wake Forest,ceb888,2c2a29,True,3630,https://a.espncdn.com/i/teamlogos/ncaa/500/154.png,1,27,False,99,"[{'value': 7.0, 'displayValue': '7', 'period': 1}
 {'value': 10.0, 'displayValue': '10', 'period': 2}
 {'value': 7.0, 'displayValue': '7', 'period': 3}
 {'value': 3.0, 'displayValue': '3', 'period': 4}]","[{'name': 'overall', 'abbreviation': 'Game', 'type': 'total', 'summary': '2-4'}
 {'name': 'Home', 'abbreviation': None, 'type': 'home', 'summary': '2-2'}
 {'name': 'Road', 'abbreviation': None, 'type': 'road', 'summary': '0-2'}
 {'name': 'vs. Conf.', 'abbreviation': None, 'type': 'vsconf', 'summary': '1-2'}]",2426,s:20~l:23~t:2426,Navy,Midshipmen,NAVY,Navy Midshipmen,Navy,00225b,b5a67c,True,3852,https://a.espncdn.com/i/teamlogos/ncaa/500/2426.png,18,28,True,99,"[{'value': 7.0, 'displayValue': '7', 'period': 1}
 {'value': 7.0, 'displayValue': '7', 'period': 2}
 {'value': 7.0, 'displayValue': '7', 'period': 3}
 {'value': 7.0, 'displayValue': '7', 'period': 4}]","[{'name': 'overall', 'abbreviation': 'Game', 'type': 'total', 'summary': '3-2'}
 {'name': 'Home', 'abbreviation': None, 'type': 'home', 'summary': '1-0'}
 {'name': 'Road', 'abbreviation': None, 'type': 'road', 'summary': '2-2'}
 {'name': 'vs. Conf.', 'abbreviation': None, 'type': 'vsconf', 'summary': '0-0'}]",302820154,2010,2,6,
302820119,s:20~l:23~e:302820119~c:302820119,2010-10-09T23:00Z,0,True,False,False,False,True,False,2010-10-09T23:00Z,,[],,,,,1,STD,3781,Johnny Unitas Stadium,Towson,MD,USA,False,222.0,3:42,4,3,STATUS_FINAL,post,True,Final,Final,Final,4,119,s:20~l:23~t:119,Towson,Tigers,TOWS,Towson Tigers,Towson,FFC229,,True,3781,https://a.espncdn.com/i/teamlogos/ncaa/500/119.png,48,13,False,99,"[{'value': 3.0, 'displayValue': '3', 'period': 1}
 {'value': 7.0, 'displayValue': '7', 'period': 2}
 {'value': 3.0, 'displayValue': '3', 'period': 3}
 {'value': 0.0, 'displayValue': '0', 'period': 4}]","[{'name': 'overall', 'abbreviation': 'Game', 'type': 'total', 'summary': '1-5'}
 {'name': 'Home', 'abbreviation': None, 'type': 'home', 'summary': '1-2'}
 {'name': 'Road', 'abbreviation': None, 'type': 'road', 'summary': '0-3'}
 {'name': 'vs. Conf.', 'abbreviation': None, 'type': 'vsconf', 'summary': '0-3'}]",256,s:20~l:23~t:256,James Madison,Dukes,JMU,James Madison Dukes,JMU,450084,cbb677,True,3651,https://a.espncdn.com/i/teamlogos/ncaa/500/256.png,48,17,True,99,"[{'value': 14.0, 'displayValue': '14', 'period': 1}
 {'value': 0.0, 'displayValue': '0', 'period': 2}
 {'value': 0.0, 'displayValue': '0', 'period': 3}
 {'value': 3.0, 'displayValue': '3', 'period': 4}]","[{'name': 'overall', 'abbreviation': 'Game', 'type': 'total', 'summary': '4-1'}
 {'name': 'Home', 'abbreviation': None, 'type': 'home', 'summary': '2-1'}
 {'name': 'Road', 'abbreviation': None, 'type': 'road', 'summary': '2-0'}
 {'name': 'vs. Conf.', 'abbreviation': None, 'type': 'vsconf', 'summary': '1-1'}]",302820119,2010,2,6,
302820238,s:20~l:23~e:302820238~c:302820238,2010-10-09T23:00Z,0,True,False,False,False,True,False,2010-10-09T23:00Z,ESPNU,[],,,national,ESPNU,1,STD,3973,FirstBank Stadium,Nashville,TN,USA,False,0.0,0:00,4,3,STATUS_FINAL,post,True,Final,Final,Final,4,238,s:20~l:23~t:238,Vanderbilt,Commodores,VAN,Vanderbilt Commodores,Vanderbilt,000000,cfae70,True,3973,https://a.espncdn.com/i/teamlogos/ncaa/500/238.png,8,52,True,99,"[{'value': 7.0, 'displayValue': '7', 'period': 1}
 {'value': 24.0, 'displayValue': '24', 'period': 2}
 {'value': 14.0, 'displayValue': '14', 'period': 3}
 {'value': 7.0, 'displayValue': '7', 'period': 4}]","[{'name': 'overall', 'abbreviation': 'Game', 'type': 'total', 'summary': '2-3'}
 {'name': 'Home', 'abbreviation': None, 'type': 'home', 'summary': '1-2'}
 {'name': 'Road', 'abbreviation': None, 'type': 'road', 'summary': '1-1'}
 {'name': 'vs. Conf.', 'abbreviation': None, 'type': 'vsconf', 'summary': '1-1'}]",2199,s:20~l:23~t:2199,Eastern Michigan,Eagles,EMU,Eastern Michigan Eagles,E Michigan,006938,ffffff,True,3912,https://a.espncdn.com/i/teamlogos/ncaa/500/2199.png,15,6,False,99,"[{'value': 3.0, 'displayValue': '3', 'period': 1}
 {'value': 0.0, 'displayValue': '0', 'period': 2}
 {'value': 3.0, 'displayValue': '3', 'period': 3}
 {'value': 0.0, 'displayValue': '0', 'period': 4}]","[{'name': 'overall', 'abbreviation': 'Game', 'type': 'total', 'summary': '0-6'}
 {'name': 'Home', 'abbreviation': None, 'type': 'home', 'summary': '0-3'}
 {'name': 'Road', 'abbreviation': None, 'type': 'road', 'summary': '0-3'}
 {'name': 'vs. Conf.', 'abbreviation': None, 'type': 'vsconf', 'summary': '0-3'}]",302820238,2010,2,6,
302820249,s:20~l:23~e:302820249~c:302820249,2010-10-09T23:00Z,0,True,False,False,False,False,False,2010-10-09T23:00Z,,[],,,,,1,STD,,,,,,,0.0,0:00,4,3,STATUS_FINAL,post,True,Final,Final,Final,4,249,s:20~l:23~t:249,North Texas,Mean Green,UNT,North Texas Mean Green,North Texas,068f33,ffffff,True,3825,https://a.espncdn.com/i/teamlogos/ncaa/500/249.png,37,19,False,99,"[{'value': 3.0, 'displayValue': '3', 'period': 1}
 {'value': 13.0, 'displayValue': '13', 'period': 2}
 {'value': 0.0, 'displayValue': '0', 'period': 3}
 {'value': 3.0, 'displayValue': '3', 'period': 4}]","[{'name': 'overall', 'abbreviation': 'Game', 'type': 'total', 'summary': '1-5'}
 {'name': 'Home', 'abbreviation': None, 'type': 'home', 'summary': '0-3'}
 {'name': 'Road', 'abbreviation': None, 'type': 'road', 'summary': '1-2'}
 {'name': 'vs. Conf.', 'abbreviation': None, 'type': 'vsconf', 'summary': '1-2'}]",2032,s:20~l:23~t:2032,Arkansas State,Red Wolves,ARST,Arkansas State Red Wolves,Arkansas State,cc092f,000000,True,3625,https://a.espncdn.com/i/teamlogos/ncaa/500/2032.png,37,24,True,99,"[{'value': 14.0, 'displayValue': '14', 'period': 1}
 {'value': 7.0, 'displayValue': '7', 'period': 2}
 {'value': 0.0, 'displayValue': '0', 'period': 3}
 {'value': 3.0, 'displayValue': '3', 'period': 4}]","[{'name': 'overall', 'abbreviation': 'Game', 'type': 'total', 'summary': '2-4'}
 {'name': 'Home', 'abbreviation': None, 'type': 'home', 'summary': '1-1'}
 {'name': 'Road', 'abbreviation': None, 'type': 'road', 'summary': '1-3'}
 {'name': 'vs. Conf.', 'abbreviation': None, 'type': 'vsconf', 'summary': '2-2'}]",302820249,2010,2,6,
302822132,s:20~l:23~e:302822132~c:302822132,2010-10-09T23:00Z,0,True,False,False,False,True,False,2010-10-09T23:00Z,,[],,,home,ESPN3,1,STD,3854,Nippert Stadium,Cincinnati,OH,USA,False,320.0,5:20,4,3,STATUS_FINAL,post,True,Final,Final,Final,4,2132,s:20~l:23~t:2132,Cincinnati,Bearcats,CIN,Cincinnati Bearcats,Cincinnati,000000,e00122,True,3854,https://a.espncdn.com/i/teamlogos/ncaa/500/2132.png,10,45,True,99,"[{'value': 28.0, 'displayValue': '28', 'period': 1}
 {'value': 17.0, 'displayValue': '17', 'period': 2}
 {'value': 0.0, 'displayValue': '0', 'period': 3}
 {'value': 0.0, 'displayValue': '0', 'period': 4}]","[{'name': 'overall', 'abbreviation': 'Game', 'type': 'total', 'summary': '2-3'}
 {'name': 'Home', 'abbreviation': None, 'type': 'home', 'summary': '2-1'}
 {'name': 'Road', 'abbreviation': None, 'type': 'road', 'summary': '0-2'}
 {'name': 'vs. Conf.', 'abbreviation': None, 'type': 'vsconf', 'summary': '0-0'}]",193,s:20~l:23~t:193,Miami (OH),RedHawks,M-OH,Miami (OH) RedHawks,Miami (OH),c41230,ffffff,True,3996,https://a.espncdn.com/i/teamlogos/ncaa/500/193.png,15,3,False,99,"[{'value': 0.0, 'displayValue': '0', 'period': 1}
 {'value': 3.0, 'displayValue': '3', 'period': 2}
 {'value': 0.0, 'displayValue': '0', 'period': 3}
 {'value': 0.0, 'displayValue': '0', 'period': 4}]","[{'name': 'overall', 'abbreviation': 'Game', 'type': 'total', 'summary': '3-3'}
 {'name': 'Home', 'abbreviation': None, 'type': 'home', 'summary': '3-0'}
 {'name': 'Road', 'abbreviation': None, 'type': 'road', 'summary': '0-3'}
 {'name': 'vs. Conf.', 'abbreviation': None, 'type': 'vsconf', 'summary': '2-0'}]",302822132,2010,2,6,
302822433,s:20~l:23~e:302822433~c:302822433,2010-10-09T23:00Z,0,True,False,False,False,True,False,2010-10-09T23:00Z,,[],,,,,1,STD,3817,Malone Stadium,Monroe,LA,USA,False,0.0,0:00,4,3,STATUS_FINAL,post,True,Final,Final,Final,4,2433,s:20~l:23~t:2433,Louisiana Monroe,Warhawks,ULM,Louisiana Monroe Warhawks,UL Monroe,840029,fdb913,False,3817,https://a.espncdn.com/i/teamlogos/ncaa/500/2433.png,37,20,True,99,"[{'value': 0.0, 'displayValue': '0', 'period': 1}
 {'value': 12.0, 'displayValue': '12', 'period': 2}
 {'value': 0.0, 'displayValue': '0', 'period': 3}
 {'value': 8.0, 'displayValue': '8', 'period': 4}]","[{'name': 'overall', 'abbreviation': 'Game', 'type': 'total', 'summary': '2-3'}
 {'name': 'Home', 'abbreviation': None, 'type': 'home', 'summary': '2-1'}
 {'name': 'Road', 'abbreviation': None, 'type': 'road', 'summary': '0-2'}
 {'name': 'vs. Conf.', 'abbreviation': None, 'type': 'vsconf', 'summary': '1-1'}]",2226,s:20~l:23~t:2226,Florida Atlantic,Owls,FAU,Florida Atlantic Owls,FAU,003366,cc0000,True,3715,https://a.espncdn.com/i/teamlogos/ncaa/500/2226.png,37,17,False,99,"[{'value': 0.0, 'displayValue': '0', 'period': 1}
 {'value': 0.0, 'displayValue': '0', 'period': 2}
 {'value': 10.0, 'displayValue': '10', 'period': 3}
 {'value': 7.0, 'displayValue': '7', 'period': 4}]","[{'name': 'overall', 'abbreviation': 'Game', 'type': 'total', 'summary': '1-4'}
 {'name': 'Home', 'abbreviation': None, 'type': 'home', 'summary': '0-2'}
 {'name': 'Road', 'abbreviation': None, 'type': 'road', 'summary': '1-2'}
 {'name': 'vs. Conf.', 'abbreviation': None, 'type': 'vsconf', 'summary': '0-2'}]",302822433,2010,2,6,
302820077,s:20~l:23~e:302820077~c:302820077,2010-10-09T23:30Z,0,True,False,False,False,True,False,2010-10-09T23:30Z,BTN,[],,,national,BTN,1,STD,3911,Ryan Field (1926),Evanston,IL,USA,False,53.0,0:53,4,3,STATUS_FINAL,post,True,Final,Final,Final,4,77,s:20~l:23~t:77,Northwestern,Wildcats,NU,Northwestern Wildcats,Northwestern,492f92,ffffff,True,5960,https://a.espncdn.com/i/teamlogos/ncaa/500/77.png,5,17,False,99,"[{'value': 7.0, 'displayValue': '7', 'period': 1}
 {'value': 3.0, 'displayValue': '3', 'period': 2}
 {'value': 7.0, 'displayValue': '7', 'period': 3}
 {'value': 0.0, 'displayValue': '0', 'period': 4}]","[{'name': 'overall', 'abbreviation': 'Game', 'type': 'total', 'summary': '5-1'}
 {'name': 'Home', 'abbreviation': None, 'type': 'home', 'summary': '2-1'}
 {'name': 'Road', 'abbreviation': None, 'type': 'road', 'summary': '3-0'}
 {'name': 'vs. Conf.', 'abbreviation': None, 'type': 'vsconf', 'summary': '1-1'}]",2509,s:20~l:23~t:2509,Purdue,Boilermakers,PUR,Purdue Boilermakers,Purdue,ceb888,000000,True,3907,https://a.espncdn.com/i/teamlogos/ncaa/500/2509.png,5,20,True,99,"[{'value': 0.0, 'displayValue': '0', 'period': 1}
 {'value': 10.0, 'displayValue': '10', 'period': 2}
 {'value': 3.0, 'displayValue': '3', 'period': 3}
 {'value': 7.0, 'displayValue': '7', 'period': 4}]","[{'name': 'overall', 'abbreviation': 'Game', 'type': 'total', 'summary': '3-2'}
 {'name': 'Home', 'abbreviation': None, 'type': 'home', 'summary': '2-1'}
 {'name': 'Road', 'abbreviation': None, 'type': 'road', 'summary': '1-1'}
 {'name': 'vs. Conf.', 'abbreviation': None, 'type': 'vsconf', 'summary': '1-0'}]",302820077,2010,2,6,
302822572,s:20~l:23~e:302822572~c:302822572,2010-10-09T23:30Z,0,True,False,False,False,True,False,2010-10-09T23:30Z,,[],,,,,1,STD,3815,M. M. Roberts Stadium,Hattiesburg,MS,USA,False,0.0,0:00,4,3,STATUS_FINAL,post,True,Final,Final,Final,4,2572,s:20~l:23~t:2572,Southern Mississippi,Golden Eagles,USM,Southern Mississippi Golden Eagles,Southern Miss,ffc72c,231f20,False,3815,https://a.espncdn.com/i/teamlogos/ncaa/500/2572.png,12,43,False,99,"[{'value': 20.0, 'displayValue': '20', 'period': 1}
 {'value': 0.0, 'displayValue': '0', 'period': 2}
 {'value': 13.0, 'displayValue': '13', 'period': 3}
 {'value': 10.0, 'displayValue': '10', 'period': 4}]","[{'name': 'overall', 'abbreviation': 'Game', 'type': 'total', 'summary': '4-2'}
 {'name': 'Home', 'abbreviation': None, 'type': 'home', 'summary': '3-1'}
 {'name': 'Road', 'abbreviation': None, 'type': 'road', 'summary': '1-1'}
 {'name': 'vs. Conf.', 'abbreviation': None, 'type': 'vsconf', 'summary': '1-1'}]",151,s:20~l:23~t:151,East Carolina,Pirates,ECU,East Carolina Pirates,ECU,582c83,ffc72c,True,3699,https://a.espncdn.com/i/teamlogos/ncaa/500/151.png,12,44,True,99,"[{'value': 0.0, 'displayValue': '0', 'period': 1}
 {'value': 17.0, 'displayValue': '17', 'period': 2}
 {'value': 21.0, 'displayValue': '21', 'period': 3}
 {'value': 6.0, 'displayValue': '6', 'period': 4}]","[{'name': 'overall', 'abbreviation': 'Game', 'type': 'total', 'summary': '3-2'}
 {'name': 'Home', 'abbreviation': None, 'type': 'home', 'summary': '2-0'}
 {'name': 'Road', 'abbreviation': None, 'type': 'road', 'summary': '1-2'}
 {'name': 'vs. Conf.', 'abbreviation': None, 'type': 'vsconf', 'summary': '3-0'}]",302822572,2010,2,6,
302820166,s:20~l:23~e:302820166~c:302820166,2010-10-10T00:00Z,0,True,False,False,False,True,False,2010-10-10T00:00Z,ESPN3,[],,,national,ESPN3,1,STD,3601,Aggie Memorial Stadium,Las Cruces,NM,USA,False,0.0,0:00,4,3,STATUS_FINAL,post,True,Final,Final,Final,4,166,s:20~l:23~t:166,New Mexico State,Aggies,NMSU,New Mexico State Aggies,New Mexico St,7e141b,231f20,True,3601,https://a.espncdn.com/i/teamlogos/ncaa/500/166.png,16,16,True,99,"[{'value': 6.0, 'displayValue': '6', 'period': 1}
 {'value': 7.0, 'displayValue': '7', 'period': 2}
 {'value': 0.0, 'displayValue': '0', 'period': 3}
 {'value': 3.0, 'displayValue': '3', 'period': 4}]","[{'name': 'overall', 'abbreviation': 'Game', 'type': 'total', 'summary': '1-4'}
 {'name': 'Home', 'abbreviation': None, 'type': 'home', 'summary': '1-2'}
 {'name': 'Road', 'abbreviation': None, 'type': 'road', 'summary': '0-2'}
 {'name': 'vs. Conf.', 'abbreviation': None, 'type': 'vsconf', 'summary': '0-1'}]",167,s:20~l:23~t:167,New Mexico,Lobos,UNM,New Mexico Lobos,New Mexico,ba0c2f,a7a8aa,True,3971,https://a.espncdn.com/i/teamlogos/ncaa/500/167.png,17,14,False,99,"[{'value': 7.0, 'displayValue': '7', 'period': 1}
 {'value': 7.0, 'displayValue': '7', 'period': 2}
 {'value': 0.0, 'displayValue': '0', 'period': 3}
 {'value': 0.0, 'displayValue': '0', 'period': 4}]","[{'name': 'overall', 'abbreviation': 'Game', 'type': 'total', 'summary': '0-6'}
 {'name': 'Home', 'abbreviation': None, 'type': 'home', 'summary': '0-3'}
 {'name': 'Road', 'abbreviation': None, 'type': 'road', 'summary': '0-3'}
 {'name': 'vs. Conf.', 'abbreviation': None, 'type': 'vsconf', 'summary': '0-2'}]",302820166,2010,2,6,
302820248,s:20~l:23~e:302820248~c:302820248,2010-10-10T00:00Z,0,True,False,False,False,True,False,2010-10-10T00:00Z,,[],,,,,1,STD,453,Robertson Stadium,Houston,TX,USA,True,0.0,0:00,4,3,STATUS_FINAL,post,True,Final,Final,Final,4,248,s:20~l:23~t:248,Houston,Cougars,HOU,Houston Cougars,Houston,c8102e,ffffff,True,453,https://a.espncdn.com/i/teamlogos/ncaa/500/248.png,12,24,False,99,"[{'value': 7.0, 'displayValue': '7', 'period': 1}
 {'value': 3.0, 'displayValue': '3', 'period': 2}
 {'value': 7.0, 'displayValue': '7', 'period': 3}
 {'value': 7.0, 'displayValue': '7', 'period': 4}]","[{'name': 'overall', 'abbreviation': 'Game', 'type': 'total', 'summary': '3-2'}
 {'name': 'Home', 'abbreviation': None, 'type': 'home', 'summary': '3-1'}
 {'name': 'Road', 'abbreviation': None, 'type': 'road', 'summary': '0-1'}
 {'name': 'vs. Conf.', 'abbreviation': None, 'type': 'vsconf', 'summary': '2-0'}]",344,s:20~l:23~t:344,Mississippi State,Bulldogs,MSST,Mississippi State Bulldogs,Miss St,5d1725,c1c6c8,True,3693,https://a.espncdn.com/i/teamlogos/ncaa/500/344.png,8,47,True,99,"[{'value': 23.0, 'displayValue': '23', 'period': 1}
 {'value': 10.0, 'displayValue': '10', 'period': 2}
 {'value': 7.0, 'displayValue': '7', 'period': 3}
 {'value': 7.0, 'displayValue': '7', 'period': 4}]","[{'name': 'overall', 'abbreviation': 'Game', 'type': 'total', 'summary': '4-2'}
 {'name': 'Home', 'abbreviation': None, 'type': 'home', 'summary': '3-1'}
 {'name': 'Road', 'abbreviation': None, 'type': 'road', 'summary': '1-1'}
 {'name': 'vs. Conf.', 'abbreviation': None, 'type': 'vsconf', 'summary': '1-2'}]",302820248,2010,2,6,
302822567,s:20~l:23~e:302822567~c:302822567,2010-10-10T00:00Z,0,True,False,False,False,True,False,2010-10-10T00:00Z,,[],,,,,1,STD,3735,Gerald J. Ford Stadium,Dallas,TX,USA,False,0.0,0:00,4,3,STATUS_FINAL,post,True,Final,Final,Final,4,2567,s:20~l:23~t:2567,SMU,Mustangs,SMU,SMU Mustangs,SMU,a80000,0033a1,True,3735,https://a.espncdn.com/i/teamlogos/ncaa/500/2567.png,12,21,True,99,"[{'value': 7.0, 'displayValue': '7', 'period': 1}
 {'value': 7.0, 'displayValue': '7', 'period': 2}
 {'value': 7.0, 'displayValue': '7', 'period': 3}
 {'value': 0.0, 'displayValue': '0', 'period': 4}]","[{'name': 'overall', 'abbreviation': 'Game', 'type': 'total', 'summary': '4-2'}
 {'name': 'Home', 'abbreviation': None, 'type': 'home', 'summary': '3-1'}
 {'name': 'Road', 'abbreviation': None, 'type': 'road', 'summary': '1-1'}
 {'name': 'vs. Conf.', 'abbreviation': None, 'type': 'vsconf', 'summary': '3-0'}]",202,s:20~l:23~t:202,Tulsa,Golden Hurricane,TLSA,Tulsa Golden Hurricane,Tulsa,003595,d0b787,True,3674,https://a.espncdn.com/i/teamlogos/ncaa/500/202.png,12,18,False,99,"[{'value': 7.0, 'displayValue': '7', 'period': 1}
 {'value': 0.0, 'displayValue': '0', 'period': 2}
 {'value': 3.0, 'displayValue': '3', 'period': 3}
 {'value': 8.0, 'displayValue': '8', 'period': 4}]","[{'name': 'overall', 'abbreviation': 'Game', 'type': 'total', 'summary': '3-3'}
 {'name': 'Home', 'abbreviation': None, 'type': 'home', 'summary': '2-0'}
 {'name': 'Road', 'abbreviation': None, 'type': 'road', 'summary': '1-3'}
 {'name': 'vs. Conf.', 'abbreviation': None, 'type': 'vsconf', 'summary': '1-2'}]",302822567,2010,2,6,
302822638,s:20~l:23~e:302822638~c:302822638,2010-10-10T01:05Z,0,True,False,False,False,True,False,2010-10-10T01:05Z,,[],,,,,1,STD,3946,Sun Bowl,El Paso,TX,USA,False,0.0,0:00,4,3,STATUS_FINAL,post,True,Final,Final,Final,4,2638,s:20~l:23~t:2638,UTEP,Miners,UTEP,UTEP Miners,UTEP,ff8200,041e42,True,3946,https://a.espncdn.com/i/teamlogos/ncaa/500/2638.png,12,44,True,99,"[{'value': 9.0, 'displayValue': '9', 'period': 1}
 {'value': 21.0, 'displayValue': '21', 'period': 2}
 {'value': 7.0, 'displayValue': '7', 'period': 3}
 {'value': 7.0, 'displayValue': '7', 'period': 4}]","[{'name': 'overall', 'abbreviation': 'Game', 'type': 'total', 'summary': '5-1'}
 {'name': 'Home', 'abbreviation': None, 'type': 'home', 'summary': '4-0'}
 {'name': 'Road', 'abbreviation': None, 'type': 'road', 'summary': '1-1'}
 {'name': 'vs. Conf.', 'abbreviation': None, 'type': 'vsconf', 'summary': '2-1'}]",242,s:20~l:23~t:242,Rice,Owls,RICE,Rice Owls,Rice,00205b,c1c6c8,True,3895,https://a.espncdn.com/i/teamlogos/ncaa/500/242.png,12,24,False,99,"[{'value': 7.0, 'displayValue': '7', 'period': 1}
 {'value': 3.0, 'displayValue': '3', 'period': 2}
 {'value': 0.0, 'displayValue': '0', 'period': 3}
 {'value': 14.0, 'displayValue': '14', 'period': 4}]","[{'name': 'overall', 'abbreviation': 'Game', 'type': 'total', 'summary': '1-5'}
 {'name': 'Home', 'abbreviation': None, 'type': 'home', 'summary': '0-4'}
 {'name': 'Road', 'abbreviation': None, 'type': 'road', 'summary': '1-1'}
 {'name': 'vs. Conf.', 'abbreviation': None, 'type': 'vsconf', 'summary': '0-2'}]",302822638,2010,2,6,
302820264,s:20~l:23~e:302820264~c:302820264,2010-10-10T02:00Z,0,True,False,False,False,True,False,2010-10-10T02:00Z,,[],,,,,1,STD,3765,Husky Stadium,Seattle,WA,USA,False,0.0,0:00,4,3,STATUS_FINAL,post,True,Final,Final,Final,4,264,s:20~l:23~t:264,Washington,Huskies,WASH,Washington Huskies,Washington,33006f,e8d3a2,True,3765,https://a.espncdn.com/i/teamlogos/ncaa/500/264.png,5,14,False,99,"[{'value': 7.0, 'displayValue': '7', 'period': 1}
 {'value': 0.0, 'displayValue': '0', 'period': 2}
 {'value': 0.0, 'displayValue': '0', 'period': 3}
 {'value': 7.0, 'displayValue': '7', 'period': 4}]","[{'name': 'overall', 'abbreviation': 'Game', 'type': 'total', 'summary': '2-3'}
 {'name': 'Home', 'abbreviation': None, 'type': 'home', 'summary': '1-2'}
 {'name': 'Road', 'abbreviation': None, 'type': 'road', 'summary': '1-1'}
 {'name': 'vs. Conf.', 'abbreviation': None, 'type': 'vsconf', 'summary': '1-1'}]",9,s:20~l:23~t:9,Arizona State,Sun Devils,ASU,Arizona State Sun Devils,Arizona St,ffc627,8c1d40,True,3947,https://a.espncdn.com/i/teamlogos/ncaa/500/9.png,4,24,True,99,"[{'value': 14.0, 'displayValue': '14', 'period': 1}
 {'value': 7.0, 'displayValue': '7', 'period': 2}
 {'value': 0.0, 'displayValue': '0', 'period': 3}
 {'value': 3.0, 'displayValue': '3', 'period': 4}]","[{'name': 'overall', 'abbreviation': 'Game', 'type': 'total', 'summary': '3-3'}
 {'name': 'Home', 'abbreviation': None, 'type': 'home', 'summary': '2-1'}
 {'name': 'Road', 'abbreviation': None, 'type': 'road', 'summary': '1-2'}
 {'name': 'vs. Conf.', 'abbreviation': None, 'type': 'vsconf', 'summary': '1-2'}]",302820264,2010,2,6,
302820278,s:20~l:23~e:302820278~c:302820278,2010-10-10T02:00Z,0,True,False,False,False,True,False,2010-10-10T02:00Z,,[],,,home,ESPN3,1,STD,3660,Valley Children's Stadium,Fresno,CA,USA,False,0.0,0:00,4,3,STATUS_FINAL,post,True,Final,Final,Final,4,278,s:20~l:23~t:278,Fresno State,Bulldogs,FRES,Fresno State Bulldogs,Fresno State,b1102b,13284c,True,3660,https://a.espncdn.com/i/teamlogos/ncaa/500/278.png,16,27,False,99,"[{'value': 0.0, 'displayValue': '0', 'period': 1}
 {'value': 10.0, 'displayValue': '10', 'period': 2}
 {'value': 10.0, 'displayValue': '10', 'period': 3}
 {'value': 7.0, 'displayValue': '7', 'period': 4}]","[{'name': 'overall', 'abbreviation': 'Game', 'type': 'total', 'summary': '3-2'}
 {'name': 'Home', 'abbreviation': None, 'type': 'home', 'summary': '2-1'}
 {'name': 'Road', 'abbreviation': None, 'type': 'road', 'summary': '1-1'}
 {'name': 'vs. Conf.', 'abbreviation': None, 'type': 'vsconf', 'summary': '1-1'}]",62,s:20~l:23~t:62,Hawai'i,Rainbow Warriors,HAW,Hawai'i Rainbow Warriors,Hawaii,005737,000000,True,3610,https://a.espncdn.com/i/teamlogos/ncaa/500/62.png,16,49,True,99,"[{'value': 7.0, 'displayValue': '7', 'period': 1}
 {'value': 7.0, 'displayValue': '7', 'period': 2}
 {'value': 21.0, 'displayValue': '21', 'period': 3}
 {'value': 14.0, 'displayValue': '14', 'period': 4}]","[{'name': 'overall', 'abbreviation': 'Game', 'type': 'total', 'summary': '4-2'}
 {'name': 'Home', 'abbreviation': None, 'type': 'home', 'summary': '2-1'}
 {'name': 'Road', 'abbreviation': None, 'type': 'road', 'summary': '2-1'}
 {'name': 'vs. Conf.', 'abbreviation': None, 'type': 'vsconf', 'summary': '2-0'}]",302820278,2010,2,6,
302860276,s:20~l:23~e:302860276~c:302860276,2010-10-14T00:00Z,0,True,False,False,False,True,False,2010-10-14T00:00Z,ESPN3/ESPN,[],,,national,ESPN3,1,STD,3775,Joan C. Edwards Stadium,Huntington,WV,USA,False,0.0,0:00,4,3,STATUS_FINAL,post,True,Final,Final,Final,4,276,s:20~l:23~t:276,Marshall,Thundering Herd,MRSH,Marshall Thundering Herd,Marshall,00b140,000000,True,3775,https://a.espncdn.com/i/teamlogos/ncaa/500/276.png,12,14,False,99,"[{'value': 0.0, 'displayValue': '0', 'period': 1}
 {'value': 7.0, 'displayValue': '7', 'period': 2}
 {'value': 7.0, 'displayValue': '7', 'period': 3}
 {'value': 0.0, 'displayValue': '0', 'period': 4}]","[{'name': 'overall', 'abbreviation': 'Game', 'type': 'total', 'summary': '1-5'}
 {'name': 'Home', 'abbreviation': None, 'type': 'home', 'summary': '1-2'}
 {'name': 'Road', 'abbreviation': None, 'type': 'road', 'summary': '0-3'}
 {'name': 'vs. Conf.', 'abbreviation': None, 'type': 'vsconf', 'summary': '0-2'}]",2116,s:20~l:23~t:2116,UCF,Knights,UCF,UCF Knights,UCF,000000,b4a169,True,3652,https://a.espncdn.com/i/teamlogos/ncaa/500/2116.png,12,35,True,99,"[{'value': 7.0, 'displayValue': '7', 'period': 1}
 {'value': 7.0, 'displayValue': '7', 'period': 2}
 {'value': 14.0, 'displayValue': '14', 'period': 3}
 {'value': 7.0, 'displayValue': '7', 'period': 4}]","[{'name': 'overall', 'abbreviation': 'Game', 'type': 'total', 'summary': '4-2'}
 {'name': 'Home', 'abbreviation': None, 'type': 'home', 'summary': '2-1'}
 {'name': 'Road', 'abbreviation': None, 'type': 'road', 'summary': '2-1'}
 {'name': 'vs. Conf.', 'abbreviation': None, 'type': 'vsconf', 'summary': '2-0'}]",302860276,2010,2,7,
302870277,s:20~l:23~e:302870277~c:302870277,2010-10-14T23:30Z,0,True,False,False,False,True,False,2010-10-14T23:30Z,ESPN3/ESPN,[],,,national,ESPN3,1,STD,3842,Milan Puskar Stadium,Morgantown,WV,USA,False,0.0,0:00,4,3,STATUS_FINAL,post,True,Final,Final,Final,4,277,s:20~l:23~t:277,West Virginia,Mountaineers,WVU,West Virginia Mountaineers,West Virginia,eaaa00,002855,True,3842,https://a.espncdn.com/i/teamlogos/ncaa/500/277.png,10,20,True,25,"[{'value': 10.0, 'displayValue': '10', 'period': 1}
 {'value': 7.0, 'displayValue': '7', 'period': 2}
 {'value': 3.0, 'displayValue': '3', 'period': 3}
 {'value': 0.0, 'displayValue': '0', 'period': 4}]","[{'name': 'overall', 'abbreviation': 'Game', 'type': 'total', 'summary': '5-1'}
 {'name': 'Home', 'abbreviation': None, 'type': 'home', 'summary': '4-0'}
 {'name': 'Road', 'abbreviation': None, 'type': 'road', 'summary': '1-1'}
 {'name': 'vs. Conf.', 'abbreviation': None, 'type': 'vsconf', 'summary': '1-0'}]",58,s:20~l:23~t:58,South Florida,Bulls,USF,South Florida Bulls,USF,006747,cfc493,True,3886,https://a.espncdn.com/i/teamlogos/ncaa/500/58.png,10,6,False,99,"[{'value': 0.0, 'displayValue': '0', 'period': 1}
 {'value': 3.0, 'displayValue': '3', 'period': 2}
 {'value': 3.0, 'displayValue': '3', 'period': 3}
 {'value': 0.0, 'displayValue': '0', 'period': 4}]","[{'name': 'overall', 'abbreviation': 'Game', 'type': 'total', 'summary': '3-3'}
 {'name': 'Home', 'abbreviation': None, 'type': 'home', 'summary': '3-1'}
 {'name': 'Road', 'abbreviation': None, 'type': 'road', 'summary': '0-2'}
 {'name': 'vs. Conf.', 'abbreviation': None, 'type': 'vsconf', 'summary': '0-2'}]",302870277,2010,2,7,
302872305,s:20~l:23~e:302872305~c:302872305,2010-10-14T23:30Z,0,True,False,False,False,True,False,2010-10-14T23:30Z,,[],,,,,1,STD,3833,David Booth Kansas Memorial Stadium,Lawrence,KS,USA,False,0.0,0:00,4,3,STATUS_FINAL,post,True,Final,Final,Final,4,2305,s:20~l:23~t:2305,Kansas,Jayhawks,KU,Kansas Jayhawks,Kansas,0051ba,e8000d,True,3833,https://a.espncdn.com/i/teamlogos/ncaa/500/2305.png,4,7,False,99,"[{'value': 0.0, 'displayValue': '0', 'period': 1}
 {'value': 0.0, 'displayValue': '0', 'period': 2}
 {'value': 0.0, 'displayValue': '0', 'period': 3}
 {'value': 7.0, 'displayValue': '7', 'period': 4}]","[{'name': 'overall', 'abbreviation': 'Game', 'type': 'total', 'summary': '2-4'}
 {'name': 'Home', 'abbreviation': None, 'type': 'home', 'summary': '2-2'}
 {'name': 'Road', 'abbreviation': None, 'type': 'road', 'summary': '0-2'}
 {'name': 'vs. Conf.', 'abbreviation': None, 'type': 'vsconf', 'summary': '0-2'}]",2306,s:20~l:23~t:2306,Kansas State,Wildcats,KSU,Kansas State Wildcats,Kansas State,330a57,e2e3e4,True,3636,https://a.espncdn.com/i/teamlogos/ncaa/500/2306.png,4,59,True,99,"[{'value': 3.0, 'displayValue': '3', 'period': 1}
 {'value': 28.0, 'displayValue': '28', 'period': 2}
 {'value': 21.0, 'displayValue': '21', 'period': 3}
 {'value': 7.0, 'displayValue': '7', 'period': 4}]","[{'name': 'overall', 'abbreviation': 'Game', 'type': 'total', 'summary': '5-1'}
 {'name': 'Home', 'abbreviation': None, 'type': 'home', 'summary': '4-1'}
 {'name': 'Road', 'abbreviation': None, 'type': 'road', 'summary': '1-0'}
 {'name': 'vs. Conf.', 'abbreviation': None, 'type': 'vsconf', 'summary': '2-1'}]",302872305,2010,2,7,
302880097,s:20~l:23~e:302880097~c:302880097,2010-10-16T00:00Z,0,True,False,False,False,True,False,2010-10-16T00:00Z,ESPN3/ESPN,[],,,national,ESPN3,1,STD,3873,L&N Federal Credit Union Stadium,Louisville,KY,USA,False,0.0,0:00,4,3,STATUS_FINAL,post,True,Final,Final,Final,4,97,s:20~l:23~t:97,Louisville,Cardinals,LOU,Louisville Cardinals,Louisville,c9001f,ffffff,True,3873,https://a.espncdn.com/i/teamlogos/ncaa/500/97.png,10,27,False,99,"[{'value': 14.0, 'displayValue': '14', 'period': 1}
 {'value': 10.0, 'displayValue': '10', 'period': 2}
 {'value': 0.0, 'displayValue': '0', 'period': 3}
 {'value': 3.0, 'displayValue': '3', 'period': 4}]","[{'name': 'overall', 'abbreviation': 'Game', 'type': 'total', 'summary': '3-3'}
 {'name': 'Home', 'abbreviation': None, 'type': 'home', 'summary': '2-2'}
 {'name': 'Road', 'abbreviation': None, 'type': 'road', 'summary': '1-1'}
 {'name': 'vs. Conf.', 'abbreviation': None, 'type': 'vsconf', 'summary': '0-1'}]",2132,s:20~l:23~t:2132,Cincinnati,Bearcats,CIN,Cincinnati Bearcats,Cincinnati,000000,e00122,True,3854,https://a.espncdn.com/i/teamlogos/ncaa/500/2132.png,10,35,True,99,"[{'value': 14.0, 'displayValue': '14', 'period': 1}
 {'value': 7.0, 'displayValue': '7', 'period': 2}
 {'value': 7.0, 'displayValue': '7', 'period': 3}
 {'value': 7.0, 'displayValue': '7', 'period': 4}]","[{'name': 'overall', 'abbreviation': 'Game', 'type': 'total', 'summary': '3-3'}
 {'name': 'Home', 'abbreviation': None, 'type': 'home', 'summary': '2-1'}
 {'name': 'Road', 'abbreviation': None, 'type': 'road', 'summary': '1-2'}
 {'name': 'vs. Conf.', 'abbreviation': None, 'type': 'vsconf', 'summary': '1-0'}]",302880097,2010,2,7,
302890275,s:20~l:23~e:302890275~c:302890275,2010-10-16T23:00Z,0,True,False,False,False,True,False,2010-10-16T23:00Z,ESPN3/ESPN,[],,,national,ESPN3,1,STD,347,Camp Randall Stadium,Madison,WI,USA,False,0.0,0:00,4,3,STATUS_FINAL,post,True,Final,Final,Final,4,275,s:20~l:23~t:275,Wisconsin,Badgers,WIS,Wisconsin Badgers,Wisconsin,a00000,ffffff,True,347,https://a.espncdn.com/i/teamlogos/ncaa/500/275.png,5,31,True,18,"[{'value': 14.0, 'displayValue': '14', 'period': 1}
 {'value': 7.0, 'displayValue': '7', 'period': 2}
 {'value': 0.0, 'displayValue': '0', 'period': 3}
 {'value': 10.0, 'displayValue': '10', 'period': 4}]","[{'name': 'overall', 'abbreviation': 'Game', 'type': 'total', 'summary': '6-1'}
 {'name': 'Home', 'abbreviation': None, 'type': 'home', 'summary': '5-0'}
 {'name': 'Road', 'abbreviation': None, 'type': 'road', 'summary': '1-1'}
 {'name': 'vs. Conf.', 'abbreviation': None, 'type': 'vsconf', 'summary': '2-1'}]",194,s:20~l:23~t:194,Ohio State,Buckeyes,OSU,Ohio State Buckeyes,Ohio State,ba0c2f,a8adb4,True,3861,https://a.espncdn.com/i/teamlogos/ncaa/500/194.png,5,18,False,1,"[{'value': 0.0, 'displayValue': '0', 'period': 1}
 {'value': 3.0, 'displayValue': '3', 'period': 2}
 {'value': 7.0, 'displayValue': '7', 'period': 3}
 {'value': 8.0, 'displayValue': '8', 'period': 4}]","[{'name': 'overall', 'abbreviation': 'Game', 'type': 'total', 'summary': '6-1'}
 {'name': 'Home', 'abbreviation': None, 'type': 'home', 'summary': '5-0'}
 {'name': 'Road', 'abbreviation': None, 'type': 'road', 'summary': '1-1'}
 {'name': 'vs. Conf.', 'abbreviation': None, 'type': 'vsconf', 'summary': '2-1'}]",302890275,2010,2,7,
302890023,s:20~l:23~e:302890023~c:302890023,2010-10-17T00:00Z,0,True,False,False,False,True,False,2010-10-17T00:00Z,,[],,,home,ESPN3,1,STD,3935,CEFCU Stadium,San Jose,CA,USA,False,0.0,0:00,4,3,STATUS_FINAL,post,True,Final,Final,Final,4,23,s:20~l:23~t:23,San Jose State,Spartans,SJSU,San Jose State Spartans,San Jose State,0038a8,ffb81a,False,3935,https://a.espncdn.com/i/teamlogos/ncaa/500/23.png,16,0,False,99,"[{'value': 0.0, 'displayValue': '0', 'period': 1}
 {'value': 0.0, 'displayValue': '0', 'period': 2}
 {'value': 0.0, 'displayValue': '0', 'period': 3}
 {'value': 0.0, 'displayValue': '0', 'period': 4}]","[{'name': 'overall', 'abbreviation': 'Game', 'type': 'total', 'summary': '1-6'}
 {'name': 'Home', 'abbreviation': None, 'type': 'home', 'summary': '1-2'}
 {'name': 'Road', 'abbreviation': None, 'type': 'road', 'summary': '0-4'}
 {'name': 'vs. Conf.', 'abbreviation': None, 'type': 'vsconf', 'summary': '0-2'}]",68,s:20~l:23~t:68,Boise State,Broncos,BSU,Boise State Broncos,Boise St,0033a0,d64309,True,3653,https://a.espncdn.com/i/teamlogos/ncaa/500/68.png,16,48,True,3,"[{'value': 21.0, 'displayValue': '21', 'period': 1}
 {'value': 20.0, 'displayValue': '20', 'period': 2}
 {'value': 7.0, 'displayValue': '7', 'period': 3}
 {'value': 0.0, 'displayValue': '0', 'period': 4}]","[{'name': 'overall', 'abbreviation': 'Game', 'type': 'total', 'summary': '6-0'}
 {'name': 'Home', 'abbreviation': None, 'type': 'home', 'summary': '2-0'}
 {'name': 'Road', 'abbreviation': None, 'type': 'road', 'summary': '4-0'}
 {'name': 'vs. Conf.', 'abbreviation': None, 'type': 'vsconf', 'summary': '2-0'}]",302890023,2010,2,7,
302892628,s:20~l:23~e:302892628~c:302892628,2010-10-16T20:00Z,0,True,False,False,False,True,False,2010-10-16T20:00Z,NBCSN,[],,,national,NBCSN,1,STD,3616,Amon G. Carter Stadium,Fort Worth,TX,USA,False,0.0,0:00,4,3,STATUS_FINAL,post,True,Final,Final,Final,4,2628,s:20~l:23~t:2628,TCU,Horned Frogs,TCU,TCU Horned Frogs,TCU,4d1979,ffffff,True,3616,https://a.espncdn.com/i/teamlogos/ncaa/500/2628.png,4,31,True,4,"[{'value': 3.0, 'displayValue': '3', 'period': 1}
 {'value': 14.0, 'displayValue': '14', 'period': 2}
 {'value': 0.0, 'displayValue': '0', 'period': 3}
 {'value': 14.0, 'displayValue': '14', 'period': 4}]","[{'name': 'overall', 'abbreviation': 'Game', 'type': 'total', 'summary': '7-0'}
 {'name': 'Home', 'abbreviation': None, 'type': 'home', 'summary': '5-0'}
 {'name': 'Road', 'abbreviation': None, 'type': 'road', 'summary': '2-0'}
 {'name': 'vs. Conf.', 'abbreviation': None, 'type': 'vsconf', 'summary': '3-0'}]",252,s:20~l:23~t:252,BYU,Cougars,BYU,BYU Cougars,BYU,0047ba,002e5d,True,3801,https://a.espncdn.com/i/teamlogos/ncaa/500/252.png,4,3,False,99,"[{'value': 0.0, 'displayValue': '0', 'period': 1}
 {'value': 0.0, 'displayValue': '0', 'period': 2}
 {'value': 3.0, 'displayValue': '3', 'period': 3}
 {'value': 0.0, 'displayValue': '0', 'period': 4}]","[{'name': 'overall', 'abbreviation': 'Game', 'type': 'total', 'summary': '2-5'}
 {'name': 'Home', 'abbreviation': None, 'type': 'home', 'summary': '2-1'}
 {'name': 'Road', 'abbreviation': None, 'type': 'road', 'summary': '0-4'}
 {'name': 'vs. Conf.', 'abbreviation': None, 'type': 'vsconf', 'summary': '1-2'}]",302892628,2010,2,7,
302890158,s:20~l:23~e:302890158~c:302890158,2010-10-16T19:30Z,0,True,False,False,False,True,False,2010-10-16T19:30Z,ABC/ESPN3,[],,,national,ABC,1,STD,3834,"Memorial Stadium (Lincoln, NE)",Lincoln,NE,USA,False,0.0,0:00,4,3,STATUS_FINAL,post,True,Final,Final,Final,4,158,s:20~l:23~t:158,Nebraska,Cornhuskers,NEB,Nebraska Cornhuskers,Nebraska,e31937,ffffff,True,3834,https://a.espncdn.com/i/teamlogos/ncaa/500/158.png,4,13,False,5,"[{'value': 0.0, 'displayValue': '0', 'period': 1}
 {'value': 3.0, 'displayValue': '3', 'period': 2}
 {'value': 3.0, 'displayValue': '3', 'period': 3}
 {'value': 7.0, 'displayValue': '7', 'period': 4}]","[{'name': 'overall', 'abbreviation': 'Game', 'type': 'total', 'summary': '5-1'}
 {'name': 'Home', 'abbreviation': None, 'type': 'home', 'summary': '3-1'}
 {'name': 'Road', 'abbreviation': None, 'type': 'road', 'summary': '2-0'}
 {'name': 'vs. Conf.', 'abbreviation': None, 'type': 'vsconf', 'summary': '1-1'}]",251,s:20~l:23~t:251,Texas,Longhorns,TEX,Texas Longhorns,Texas,af5c37,ffffff,True,3910,https://a.espncdn.com/i/teamlogos/ncaa/500/251.png,4,20,True,99,"[{'value': 10.0, 'displayValue': '10', 'period': 1}
 {'value': 7.0, 'displayValue': '7', 'period': 2}
 {'value': 3.0, 'displayValue': '3', 'period': 3}
 {'value': 0.0, 'displayValue': '0', 'period': 4}]","[{'name': 'overall', 'abbreviation': 'Game', 'type': 'total', 'summary': '4-2'}
 {'name': 'Home', 'abbreviation': None, 'type': 'home', 'summary': '1-1'}
 {'name': 'Road', 'abbreviation': None, 'type': 'road', 'summary': '3-1'}
 {'name': 'vs. Conf.', 'abbreviation': None, 'type': 'vsconf', 'summary': '2-1'}]",302890158,2010,2,7,
302890201,s:20~l:23~e:302890201~c:302890201,2010-10-16T23:00Z,0,True,False,False,False,True,False,2010-10-16T23:00Z,,[],,,,,1,STD,3835,"Memorial Stadium (Norman, OK)",Norman,OK,USA,False,0.0,0:00,4,3,STATUS_FINAL,post,True,Final,Final,Final,4,201,s:20~l:23~t:201,Oklahoma,Sooners,OKLA,Oklahoma Sooners,Oklahoma,990000,ffffff,True,3835,https://a.espncdn.com/i/teamlogos/ncaa/500/201.png,4,52,True,6,"[{'value': 10.0, 'displayValue': '10', 'period': 1}
 {'value': 21.0, 'displayValue': '21', 'period': 2}
 {'value': 14.0, 'displayValue': '14', 'period': 3}
 {'value': 7.0, 'displayValue': '7', 'period': 4}]","[{'name': 'overall', 'abbreviation': 'Game', 'type': 'total', 'summary': '6-0'}
 {'name': 'Home', 'abbreviation': None, 'type': 'home', 'summary': '5-0'}
 {'name': 'Road', 'abbreviation': None, 'type': 'road', 'summary': '1-0'}
 {'name': 'vs. Conf.', 'abbreviation': None, 'type': 'vsconf', 'summary': '2-0'}]",66,s:20~l:23~t:66,Iowa State,Cyclones,ISU,Iowa State Cyclones,Iowa State,ae192d,ffc72a,True,3772,https://a.espncdn.com/i/teamlogos/ncaa/500/66.png,4,0,False,99,"[{'value': 0.0, 'displayValue': '0', 'period': 1}
 {'value': 0.0, 'displayValue': '0', 'period': 2}
 {'value': 0.0, 'displayValue': '0', 'period': 3}
 {'value': 0.0, 'displayValue': '0', 'period': 4}]","[{'name': 'overall', 'abbreviation': 'Game', 'type': 'total', 'summary': '3-4'}
 {'name': 'Home', 'abbreviation': None, 'type': 'home', 'summary': '3-1'}
 {'name': 'Road', 'abbreviation': None, 'type': 'road', 'summary': '0-3'}
 {'name': 'vs. Conf.', 'abbreviation': None, 'type': 'vsconf', 'summary': '1-2'}]",302890201,2010,2,7,
302890002,s:20~l:23~e:302890002~c:302890002,2010-10-16T19:30Z,0,True,False,False,False,True,False,2010-10-16T19:30Z,CBS,[],,,national,CBS,1,STD,3785,Jordan-Hare Stadium,Auburn,AL,USA,False,0.0,0:00,4,3,STATUS_FINAL,post,True,Final,Final,Final,4,2,s:20~l:23~t:2,Auburn,Tigers,AUB,Auburn Tigers,Auburn,002b5c,f26522,True,3785,https://a.espncdn.com/i/teamlogos/ncaa/500/2.png,8,65,True,7,"[{'value': 7.0, 'displayValue': '7', 'period': 1}
 {'value': 20.0, 'displayValue': '20', 'period': 2}
 {'value': 10.0, 'displayValue': '10', 'period': 3}
 {'value': 28.0, 'displayValue': '28', 'period': 4}]","[{'name': 'overall', 'abbreviation': 'Game', 'type': 'total', 'summary': '7-0'}
 {'name': 'Home', 'abbreviation': None, 'type': 'home', 'summary': '5-0'}
 {'name': 'Road', 'abbreviation': None, 'type': 'road', 'summary': '2-0'}
 {'name': 'vs. Conf.', 'abbreviation': None, 'type': 'vsconf', 'summary': '4-0'}]",8,s:20~l:23~t:8,Arkansas,Razorbacks,ARK,Arkansas Razorbacks,Arkansas,a32136,ffffff,True,3887,https://a.espncdn.com/i/teamlogos/ncaa/500/8.png,8,43,False,12,"[{'value': 7.0, 'displayValue': '7', 'period': 1}
 {'value': 14.0, 'displayValue': '14', 'period': 2}
 {'value': 14.0, 'displayValue': '14', 'period': 3}
 {'value': 8.0, 'displayValue': '8', 'period': 4}]","[{'name': 'overall', 'abbreviation': 'Game', 'type': 'total', 'summary': '4-2'}
 {'name': 'Home', 'abbreviation': None, 'type': 'home', 'summary': '1-1'}
 {'name': 'Road', 'abbreviation': None, 'type': 'road', 'summary': '3-1'}
 {'name': 'vs. Conf.', 'abbreviation': None, 'type': 'vsconf', 'summary': '1-2'}]",302890002,2010,2,7,
302890333,s:20~l:23~e:302890333~c:302890333,2010-10-17T01:00Z,0,True,False,False,False,True,False,2010-10-17T01:00Z,ESPN3/ESPN2,[],,,national,ESPN3,1,STD,3657,Bryant-Denny Stadium,Tuscaloosa,AL,USA,False,0.0,0:00,4,3,STATUS_FINAL,post,True,Final,Final,Final,4,333,s:20~l:23~t:333,Alabama,Crimson Tide,ALA,Alabama Crimson Tide,Alabama,9e1b32,ffffff,True,3657,https://a.espncdn.com/i/teamlogos/ncaa/500/333.png,8,23,True,8,"[{'value': 10.0, 'displayValue': '10', 'period': 1}
 {'value': 6.0, 'displayValue': '6', 'period': 2}
 {'value': 7.0, 'displayValue': '7', 'period': 3}
 {'value': 0.0, 'displayValue': '0', 'period': 4}]","[{'name': 'overall', 'abbreviation': 'Game', 'type': 'total', 'summary': '6-1'}
 {'name': 'Home', 'abbreviation': None, 'type': 'home', 'summary': '4-0'}
 {'name': 'Road', 'abbreviation': None, 'type': 'road', 'summary': '2-1'}
 {'name': 'vs. Conf.', 'abbreviation': None, 'type': 'vsconf', 'summary': '3-1'}]",145,s:20~l:23~t:145,Ole Miss,Rebels,MISS,Ole Miss Rebels,Ole Miss,13294b,cf142b,True,3974,https://a.espncdn.com/i/teamlogos/ncaa/500/145.png,8,10,False,99,"[{'value': 0.0, 'displayValue': '0', 'period': 1}
 {'value': 3.0, 'displayValue': '3', 'period': 2}
 {'value': 7.0, 'displayValue': '7', 'period': 3}
 {'value': 0.0, 'displayValue': '0', 'period': 4}]","[{'name': 'overall', 'abbreviation': 'Game', 'type': 'total', 'summary': '3-3'}
 {'name': 'Home', 'abbreviation': None, 'type': 'home', 'summary': '2-2'}
 {'name': 'Road', 'abbreviation': None, 'type': 'road', 'summary': '1-1'}
 {'name': 'vs. Conf.', 'abbreviation': None, 'type': 'vsconf', 'summary': '1-2'}]",302890333,2010,2,7,
302890099,s:20~l:23~e:302890099~c:302890099,2010-10-16T23:00Z,0,True,False,False,False,True,False,2010-10-16T23:00Z,,[],,,home,ESPN3,1,STD,3958,Tiger Stadium (LA),Baton Rouge,LA,USA,False,0.0,0:00,4,3,STATUS_FINAL,post,True,Final,Final,Final,4,99,s:20~l:23~t:99,LSU,Tigers,LSU,LSU Tigers,LSU,461d76,fdd023,True,3958,https://a.espncdn.com/i/teamlogos/ncaa/500/99.png,8,32,True,9,"[{'value': 7.0, 'displayValue': '7', 'period': 1}
 {'value': 9.0, 'displayValue': '9', 'period': 2}
 {'value': 6.0, 'displayValue': '6', 'period': 3}
 {'value': 10.0, 'displayValue': '10', 'period': 4}]","[{'name': 'overall', 'abbreviation': 'Game', 'type': 'total', 'summary': '7-0'}
 {'name': 'Home', 'abbreviation': None, 'type': 'home', 'summary': '4-0'}
 {'name': 'Road', 'abbreviation': None, 'type': 'road', 'summary': '3-0'}
 {'name': 'vs. Conf.', 'abbreviation': None, 'type': 'vsconf', 'summary': '4-0'}]",2377,s:20~l:23~t:2377,McNeese State,Cowboys,MCNS,McNeese State Cowboys,McNeese State,00529C,,False,3686,https://a.espncdn.com/i/teamlogos/ncaa/500/2377.png,30,10,False,99,"[{'value': 7.0, 'displayValue': '7', 'period': 1}
 {'value': 3.0, 'displayValue': '3', 'period': 2}
 {'value': 0.0, 'displayValue': '0', 'period': 3}
 {'value': 0.0, 'displayValue': '0', 'period': 4}]","[{'name': 'overall', 'abbreviation': 'Game', 'type': 'total', 'summary': '2-4'}
 {'name': 'Home', 'abbreviation': None, 'type': 'home', 'summary': '1-2'}
 {'name': 'Road', 'abbreviation': None, 'type': 'road', 'summary': '1-2'}
 {'name': 'vs. Conf.', 'abbreviation': None, 'type': 'vsconf', 'summary': '1-1'}]",302890099,2010,2,7,
302890096,s:20~l:23~e:302890096~c:302890096,2010-10-16T22:00Z,0,True,False,False,False,True,False,2010-10-16T22:00Z,ESPN3/ESPN2,[],,,national,ESPN3,1,STD,3683,Kroger Field,Lexington,KY,USA,False,0.0,0:00,4,3,STATUS_FINAL,post,True,Final,Final,Final,4,96,s:20~l:23~t:96,Kentucky,Wildcats,UK,Kentucky Wildcats,Kentucky,0033a0,ffffff,True,3683,https://a.espncdn.com/i/teamlogos/ncaa/500/96.png,8,31,True,99,"[{'value': 0.0, 'displayValue': '0', 'period': 1}
 {'value': 10.0, 'displayValue': '10', 'period': 2}
 {'value': 7.0, 'displayValue': '7', 'period': 3}
 {'value': 14.0, 'displayValue': '14', 'period': 4}]","[{'name': 'overall', 'abbreviation': 'Game', 'type': 'total', 'summary': '4-3'}
 {'name': 'Home', 'abbreviation': None, 'type': 'home', 'summary': '3-1'}
 {'name': 'Road', 'abbreviation': None, 'type': 'road', 'summary': '1-2'}
 {'name': 'vs. Conf.', 'abbreviation': None, 'type': 'vsconf', 'summary': '1-3'}]",2579,s:20~l:23~t:2579,South Carolina,Gamecocks,SC,South Carolina Gamecocks,South Carolina,73000a,000000,True,3994,https://a.espncdn.com/i/teamlogos/ncaa/500/2579.png,8,28,False,10,"[{'value': 14.0, 'displayValue': '14', 'period': 1}
 {'value': 14.0, 'displayValue': '14', 'period': 2}
 {'value': 0.0, 'displayValue': '0', 'period': 3}
 {'value': 0.0, 'displayValue': '0', 'period': 4}]","[{'name': 'overall', 'abbreviation': 'Game', 'type': 'total', 'summary': '4-2'}
 {'name': 'Home', 'abbreviation': None, 'type': 'home', 'summary': '4-0'}
 {'name': 'Road', 'abbreviation': None, 'type': 'road', 'summary': '0-2'}
 {'name': 'vs. Conf.', 'abbreviation': None, 'type': 'vsconf', 'summary': '2-2'}]",302890096,2010,2,7,
302892751,s:20~l:23~e:302892751~c:302892751,2010-10-16T22:00Z,0,True,False,False,False,True,False,2010-10-16T22:00Z,,[],,,,,1,STD,3984,War Memorial Stadium,Laramie,WY,USA,False,0.0,0:00,4,3,STATUS_FINAL,post,True,Final,Final,Final,4,2751,s:20~l:23~t:2751,Wyoming,Cowboys,WYO,Wyoming Cowboys,Wyoming,492f24,ffc425,True,3984,https://a.espncdn.com/i/teamlogos/ncaa/500/2751.png,17,6,False,99,"[{'value': 0.0, 'displayValue': '0', 'period': 1}
 {'value': 0.0, 'displayValue': '0', 'period': 2}
 {'value': 0.0, 'displayValue': '0', 'period': 3}
 {'value': 6.0, 'displayValue': '6', 'period': 4}]","[{'name': 'overall', 'abbreviation': 'Game', 'type': 'total', 'summary': '2-5'}
 {'name': 'Home', 'abbreviation': None, 'type': 'home', 'summary': '1-3'}
 {'name': 'Road', 'abbreviation': None, 'type': 'road', 'summary': '1-2'}
 {'name': 'vs. Conf.', 'abbreviation': None, 'type': 'vsconf', 'summary': '0-3'}]",254,s:20~l:23~t:254,Utah,Utes,UTAH,Utah Utes,Utah,be0000,ffffff,True,587,https://a.espncdn.com/i/teamlogos/ncaa/500/254.png,4,30,True,11,"[{'value': 7.0, 'displayValue': '7', 'period': 1}
 {'value': 16.0, 'displayValue': '16', 'period': 2}
 {'value': 7.0, 'displayValue': '7', 'period': 3}
 {'value': 0.0, 'displayValue': '0', 'period': 4}]","[{'name': 'overall', 'abbreviation': 'Game', 'type': 'total', 'summary': '6-0'}
 {'name': 'Home', 'abbreviation': None, 'type': 'home', 'summary': '3-0'}
 {'name': 'Road', 'abbreviation': None, 'type': 'road', 'summary': '3-0'}
 {'name': 'vs. Conf.', 'abbreviation': None, 'type': 'vsconf', 'summary': '3-0'}]",302892751,2010,2,7,
302890127,s:20~l:23~e:302890127~c:302890127,2010-10-16T16:00Z,0,True,False,False,False,True,False,2010-10-16T16:00Z,BTN,[],,,national,BTN,1,STD,3936,Spartan Stadium,East Lansing,MI,USA,False,0.0,0:00,4,3,STATUS_FINAL,post,True,Final,Final,Final,4,127,s:20~l:23~t:127,Michigan State,Spartans,MSU,Michigan State Spartans,Michigan St,173f35,ffffff,True,3936,https://a.espncdn.com/i/teamlogos/ncaa/500/127.png,5,26,True,13,"[{'value': 0.0, 'displayValue': '0', 'period': 1}
 {'value': 3.0, 'displayValue': '3', 'period': 2}
 {'value': 13.0, 'displayValue': '13', 'period': 3}
 {'value': 10.0, 'displayValue': '10', 'period': 4}]","[{'name': 'overall', 'abbreviation': 'Game', 'type': 'total', 'summary': '7-0'}
 {'name': 'Home', 'abbreviation': None, 'type': 'home', 'summary': '5-0'}
 {'name': 'Road', 'abbreviation': None, 'type': 'road', 'summary': '2-0'}
 {'name': 'vs. Conf.', 'abbreviation': None, 'type': 'vsconf', 'summary': '3-0'}]",356,s:20~l:23~t:356,Illinois,Fighting Illini,ILL,Illinois Fighting Illini,Illinois,ff5f05,13294b,True,3832,https://a.espncdn.com/i/teamlogos/ncaa/500/356.png,5,6,False,99,"[{'value': 3.0, 'displayValue': '3', 'period': 1}
 {'value': 3.0, 'displayValue': '3', 'period': 2}
 {'value': 0.0, 'displayValue': '0', 'period': 3}
 {'value': 0.0, 'displayValue': '0', 'period': 4}]","[{'name': 'overall', 'abbreviation': 'Game', 'type': 'total', 'summary': '3-3'}
 {'name': 'Home', 'abbreviation': None, 'type': 'home', 'summary': '2-1'}
 {'name': 'Road', 'abbreviation': None, 'type': 'road', 'summary': '1-2'}
 {'name': 'vs. Conf.', 'abbreviation': None, 'type': 'vsconf', 'summary': '1-2'}]",302890127,2010,2,7,
302890130,s:20~l:23~e:302890130~c:302890130,2010-10-16T19:30Z,0,True,False,False,False,True,False,2010-10-16T19:30Z,ABC/ESPN3,[],,,national,ABC,1,STD,3558,Michigan Stadium,Ann Arbor,MI,USA,False,0.0,0:00,4,3,STATUS_FINAL,post,True,Final,Final,Final,4,130,s:20~l:23~t:130,Michigan,Wolverines,MICH,Michigan Wolverines,Michigan,00274c,ffcb05,True,3558,https://a.espncdn.com/i/teamlogos/ncaa/500/130.png,5,28,False,99,"[{'value': 7.0, 'displayValue': '7', 'period': 1}
 {'value': 0.0, 'displayValue': '0', 'period': 2}
 {'value': 0.0, 'displayValue': '0', 'period': 3}
 {'value': 21.0, 'displayValue': '21', 'period': 4}]","[{'name': 'overall', 'abbreviation': 'Game', 'type': 'total', 'summary': '5-2'}
 {'name': 'Home', 'abbreviation': None, 'type': 'home', 'summary': '3-2'}
 {'name': 'Road', 'abbreviation': None, 'type': 'road', 'summary': '2-0'}
 {'name': 'vs. Conf.', 'abbreviation': None, 'type': 'vsconf', 'summary': '1-2'}]",2294,s:20~l:23~t:2294,Iowa,Hawkeyes,IOWA,Iowa Hawkeyes,Iowa,231f20,fcd116,True,3793,https://a.espncdn.com/i/teamlogos/ncaa/500/2294.png,5,38,True,15,"[{'value': 7.0, 'displayValue': '7', 'period': 1}
 {'value': 14.0, 'displayValue': '14', 'period': 2}
 {'value': 7.0, 'displayValue': '7', 'period': 3}
 {'value': 10.0, 'displayValue': '10', 'period': 4}]","[{'name': 'overall', 'abbreviation': 'Game', 'type': 'total', 'summary': '5-1'}
 {'name': 'Home', 'abbreviation': None, 'type': 'home', 'summary': '4-0'}
 {'name': 'Road', 'abbreviation': None, 'type': 'road', 'summary': '1-1'}
 {'name': 'vs. Conf.', 'abbreviation': None, 'type': 'vsconf', 'summary': '2-0'}]",302890130,2010,2,7,
302890052,s:20~l:23~e:302890052~c:302890052,2010-10-16T16:00Z,0,True,False,False,False,True,False,2010-10-16T16:00Z,ESPN3/ESPN,[],,,national,ESPN3,1,STD,3697,Doak Campbell Stadium,Tallahassee,FL,USA,False,0.0,0:00,4,3,STATUS_FINAL,post,True,Final,Final,Final,4,52,s:20~l:23~t:52,Florida State,Seminoles,FSU,Florida State Seminoles,FSU,782f40,ceb888,True,3697,https://a.espncdn.com/i/teamlogos/ncaa/500/52.png,1,24,True,16,"[{'value': 7.0, 'displayValue': '7', 'period': 1}
 {'value': 7.0, 'displayValue': '7', 'period': 2}
 {'value': 3.0, 'displayValue': '3', 'period': 3}
 {'value': 7.0, 'displayValue': '7', 'period': 4}]","[{'name': 'overall', 'abbreviation': 'Game', 'type': 'total', 'summary': '6-1'}
 {'name': 'Home', 'abbreviation': None, 'type': 'home', 'summary': '4-0'}
 {'name': 'Road', 'abbreviation': None, 'type': 'road', 'summary': '2-1'}
 {'name': 'vs. Conf.', 'abbreviation': None, 'type': 'vsconf', 'summary': '4-0'}]",103,s:20~l:23~t:103,Boston College,Eagles,BC,Boston College Eagles,Boston College,8c2232,dbcca6,True,3615,https://a.espncdn.com/i/teamlogos/ncaa/500/103.png,1,19,False,99,"[{'value': 6.0, 'displayValue': '6', 'period': 1}
 {'value': 0.0, 'displayValue': '0', 'period': 2}
 {'value': 10.0, 'displayValue': '10', 'period': 3}
 {'value': 3.0, 'displayValue': '3', 'period': 4}]","[{'name': 'overall', 'abbreviation': 'Game', 'type': 'total', 'summary': '2-4'}
 {'name': 'Home', 'abbreviation': None, 'type': 'home', 'summary': '2-2'}
 {'name': 'Road', 'abbreviation': None, 'type': 'road', 'summary': '0-2'}
 {'name': 'vs. Conf.', 'abbreviation': None, 'type': 'vsconf', 'summary': '0-3'}]",302890052,2010,2,7,
302890265,s:20~l:23~e:302890265~c:302890265,2010-10-16T23:30Z,0,True,False,False,False,True,False,2010-10-16T23:30Z,NBCSN,[],,,national,NBCSN,1,STD,3820,Martin Stadium,Pullman,WA,USA,False,711.0,11:51,4,3,STATUS_FINAL,post,True,Final,Final,Final,4,265,s:20~l:23~t:265,Washington State,Cougars,WSU,Washington State Cougars,Washington St,a60f2d,4d4d4d,True,3820,https://a.espncdn.com/i/teamlogos/ncaa/500/265.png,9,7,False,99,"[{'value': 0.0, 'displayValue': '0', 'period': 1}
 {'value': 0.0, 'displayValue': '0', 'period': 2}
 {'value': 7.0, 'displayValue': '7', 'period': 3}
 {'value': 0.0, 'displayValue': '0', 'period': 4}]","[{'name': 'overall', 'abbreviation': 'Game', 'type': 'total', 'summary': '1-6'}
 {'name': 'Home', 'abbreviation': None, 'type': 'home', 'summary': '1-3'}
 {'name': 'Road', 'abbreviation': None, 'type': 'road', 'summary': '0-3'}
 {'name': 'vs. Conf.', 'abbreviation': None, 'type': 'vsconf', 'summary': '0-4'}]",12,s:20~l:23~t:12,Arizona,Wildcats,ARIZ,Arizona Wildcats,Arizona,cc0033,003366,True,3619,https://a.espncdn.com/i/teamlogos/ncaa/500/12.png,4,24,True,17,"[{'value': 7.0, 'displayValue': '7', 'period': 1}
 {'value': 7.0, 'displayValue': '7', 'period': 2}
 {'value': 7.0, 'displayValue': '7', 'period': 3}
 {'value': 3.0, 'displayValue': '3', 'period': 4}]","[{'name': 'overall', 'abbreviation': 'Game', 'type': 'total', 'summary': '5-1'}
 {'name': 'Home', 'abbreviation': None, 'type': 'home', 'summary': '3-1'}
 {'name': 'Road', 'abbreviation': None, 'type': 'road', 'summary': '2-0'}
 {'name': 'vs. Conf.', 'abbreviation': None, 'type': 'vsconf', 'summary': '2-1'}]",302890265,2010,2,7,
302890062,s:20~l:23~e:302890062~c:302890062,2010-10-17T03:30Z,0,True,False,False,False,True,False,2010-10-17T03:30Z,,[],,,home,ESPN3,1,STD,3610,Aloha Stadium,Honolulu,HI,USA,False,0.0,0:00,4,3,STATUS_FINAL,post,True,Final,Final,Final,4,62,s:20~l:23~t:62,Hawai'i,Rainbow Warriors,HAW,Hawai'i Rainbow Warriors,Hawaii,005737,000000,True,3610,https://a.espncdn.com/i/teamlogos/ncaa/500/62.png,16,27,True,99,"[{'value': 14.0, 'displayValue': '14', 'period': 1}
 {'value': 3.0, 'displayValue': '3', 'period': 2}
 {'value': 0.0, 'displayValue': '0', 'period': 3}
 {'value': 10.0, 'displayValue': '10', 'period': 4}]","[{'name': 'overall', 'abbreviation': 'Game', 'type': 'total', 'summary': '5-2'}
 {'name': 'Home', 'abbreviation': None, 'type': 'home', 'summary': '3-1'}
 {'name': 'Road', 'abbreviation': None, 'type': 'road', 'summary': '2-1'}
 {'name': 'vs. Conf.', 'abbreviation': None, 'type': 'vsconf', 'summary': '3-0'}]",2440,s:20~l:23~t:2440,Nevada,Wolf Pack,NEV,Nevada Wolf Pack,Nevada,041e42,8a8d8f,True,3816,https://a.espncdn.com/i/teamlogos/ncaa/500/2440.png,16,21,False,19,"[{'value': 0.0, 'displayValue': '0', 'period': 1}
 {'value': 0.0, 'displayValue': '0', 'period': 2}
 {'value': 7.0, 'displayValue': '7', 'period': 3}
 {'value': 14.0, 'displayValue': '14', 'period': 4}]","[{'name': 'overall', 'abbreviation': 'Game', 'type': 'total', 'summary': '6-1'}
 {'name': 'Home', 'abbreviation': None, 'type': 'home', 'summary': '4-0'}
 {'name': 'Road', 'abbreviation': None, 'type': 'road', 'summary': '2-1'}
 {'name': 'vs. Conf.', 'abbreviation': None, 'type': 'vsconf', 'summary': '1-1'}]",302890062,2010,2,7,
302892641,s:20~l:23~e:302892641~c:302892641,2010-10-16T19:30Z,0,True,False,False,False,True,False,2010-10-16T19:30Z,,[],,,,,1,STD,3784,Jones AT&T Stadium,Lubbock,TX,USA,False,0.0,0:00,4,3,STATUS_FINAL,post,True,Final,Final,Final,4,2641,s:20~l:23~t:2641,Texas Tech,Red Raiders,TTU,Texas Tech Red Raiders,Texas Tech,da291c,000000,True,3784,https://a.espncdn.com/i/teamlogos/ncaa/500/2641.png,4,17,False,99,"[{'value': 0.0, 'displayValue': '0', 'period': 1}
 {'value': 14.0, 'displayValue': '14', 'period': 2}
 {'value': 3.0, 'displayValue': '3', 'period': 3}
 {'value': 0.0, 'displayValue': '0', 'period': 4}]","[{'name': 'overall', 'abbreviation': 'Game', 'type': 'total', 'summary': '3-3'}
 {'name': 'Home', 'abbreviation': None, 'type': 'home', 'summary': '2-2'}
 {'name': 'Road', 'abbreviation': None, 'type': 'road', 'summary': '1-1'}
 {'name': 'vs. Conf.', 'abbreviation': None, 'type': 'vsconf', 'summary': '1-3'}]",197,s:20~l:23~t:197,Oklahoma State,Cowboys,OKST,Oklahoma State Cowboys,Oklahoma State,fe5c00,000000,True,3646,https://a.espncdn.com/i/teamlogos/ncaa/500/197.png,4,34,True,20,"[{'value': 21.0, 'displayValue': '21', 'period': 1}
 {'value': 3.0, 'displayValue': '3', 'period': 2}
 {'value': 7.0, 'displayValue': '7', 'period': 3}
 {'value': 3.0, 'displayValue': '3', 'period': 4}]","[{'name': 'overall', 'abbreviation': 'Game', 'type': 'total', 'summary': '6-0'}
 {'name': 'Home', 'abbreviation': None, 'type': 'home', 'summary': '4-0'}
 {'name': 'Road', 'abbreviation': None, 'type': 'road', 'summary': '2-0'}
 {'name': 'vs. Conf.', 'abbreviation': None, 'type': 'vsconf', 'summary': '2-0'}]",302892641,2010,2,7,
302890245,s:20~l:23~e:302890245~c:302890245,2010-10-16T16:00Z,0,True,False,False,False,True,False,2010-10-16T16:00Z,,[],,,,,1,STD,3795,Kyle Field,College Station,TX,USA,False,0.0,0:00,4,3,STATUS_FINAL,post,True,Final,Final,Final,4,245,s:20~l:23~t:245,Texas A&M,Aggies,TA&M,Texas A&M Aggies,Texas A&M,500000,ffffff,True,3795,https://a.espncdn.com/i/teamlogos/ncaa/500/245.png,4,9,False,99,"[{'value': 0.0, 'displayValue': '0', 'period': 1}
 {'value': 0.0, 'displayValue': '0', 'period': 2}
 {'value': 3.0, 'displayValue': '3', 'period': 3}
 {'value': 6.0, 'displayValue': '6', 'period': 4}]","[{'name': 'overall', 'abbreviation': 'Game', 'type': 'total', 'summary': '3-3'}
 {'name': 'Home', 'abbreviation': None, 'type': 'home', 'summary': '3-2'}
 {'name': 'Road', 'abbreviation': None, 'type': 'road', 'summary': '0-1'}
 {'name': 'vs. Conf.', 'abbreviation': None, 'type': 'vsconf', 'summary': '0-2'}]",142,s:20~l:23~t:142,Missouri,Tigers,MIZ,Missouri Tigers,Missouri,f1b82d,000000,True,3838,https://a.espncdn.com/i/teamlogos/ncaa/500/142.png,4,30,True,21,"[{'value': 6.0, 'displayValue': '6', 'period': 1}
 {'value': 10.0, 'displayValue': '10', 'period': 2}
 {'value': 14.0, 'displayValue': '14', 'period': 3}
 {'value': 0.0, 'displayValue': '0', 'period': 4}]","[{'name': 'overall', 'abbreviation': 'Game', 'type': 'total', 'summary': '6-0'}
 {'name': 'Home', 'abbreviation': None, 'type': 'home', 'summary': '5-0'}
 {'name': 'Road', 'abbreviation': None, 'type': 'road', 'summary': '1-0'}
 {'name': 'vs. Conf.', 'abbreviation': None, 'type': 'vsconf', 'summary': '2-0'}]",302890245,2010,2,7,
302890057,s:20~l:23~e:302890057~c:302890057,2010-10-16T23:00Z,0,True,False,False,False,True,False,2010-10-16T23:00Z,ESPNU,[],,,national,ESPNU,1,STD,3634,Ben Hill Griffin Stadium,Gainesville,FL,USA,False,4.0,0:04,4,3,STATUS_FINAL,post,True,Final,Final,Final,4,57,s:20~l:23~t:57,Florida,Gators,FLA,Florida Gators,Florida,0021a5,fa4616,True,3634,https://a.espncdn.com/i/teamlogos/ncaa/500/57.png,8,7,False,22,"[{'value': 0.0, 'displayValue': '0', 'period': 1}
 {'value': 0.0, 'displayValue': '0', 'period': 2}
 {'value': 7.0, 'displayValue': '7', 'period': 3}
 {'value': 0.0, 'displayValue': '0', 'period': 4}]","[{'name': 'overall', 'abbreviation': 'Game', 'type': 'total', 'summary': '4-3'}
 {'name': 'Home', 'abbreviation': None, 'type': 'home', 'summary': '3-2'}
 {'name': 'Road', 'abbreviation': None, 'type': 'road', 'summary': '1-1'}
 {'name': 'vs. Conf.', 'abbreviation': None, 'type': 'vsconf', 'summary': '2-3'}]",344,s:20~l:23~t:344,Mississippi State,Bulldogs,MSST,Mississippi State Bulldogs,Miss St,5d1725,c1c6c8,True,3693,https://a.espncdn.com/i/teamlogos/ncaa/500/344.png,8,10,True,99,"[{'value': 10.0, 'displayValue': '10', 'period': 1}
 {'value': 0.0, 'displayValue': '0', 'period': 2}
 {'value': 0.0, 'displayValue': '0', 'period': 3}
 {'value': 0.0, 'displayValue': '0', 'period': 4}]","[{'name': 'overall', 'abbreviation': 'Game', 'type': 'total', 'summary': '5-2'}
 {'name': 'Home', 'abbreviation': None, 'type': 'home', 'summary': '3-1'}
 {'name': 'Road', 'abbreviation': None, 'type': 'road', 'summary': '2-1'}
 {'name': 'vs. Conf.', 'abbreviation': None, 'type': 'vsconf', 'summary': '2-2'}]",302890057,2010,2,7,
302890021,s:20~l:23~e:302890021~c:302890021,2010-10-17T00:00Z,0,True,False,False,False,True,False,2010-10-17T00:00Z,,[],,,,,1,STD,3932,SDCCU Stadium,San Diego,CA,USA,False,0.0,0:00,4,3,STATUS_FINAL,post,True,Final,Final,Final,4,21,s:20~l:23~t:21,San Diego State,Aztecs,SDSU,San Diego State Aztecs,San Diego St,a6192e,000000,True,7311,https://a.espncdn.com/i/teamlogos/ncaa/500/21.png,9,27,True,99,"[{'value': 0.0, 'displayValue': '0', 'period': 1}
 {'value': 10.0, 'displayValue': '10', 'period': 2}
 {'value': 7.0, 'displayValue': '7', 'period': 3}
 {'value': 10.0, 'displayValue': '10', 'period': 4}]","[{'name': 'overall', 'abbreviation': 'Game', 'type': 'total', 'summary': '4-2'}
 {'name': 'Home', 'abbreviation': None, 'type': 'home', 'summary': '3-0'}
 {'name': 'Road', 'abbreviation': None, 'type': 'road', 'summary': '1-2'}
 {'name': 'vs. Conf.', 'abbreviation': None, 'type': 'vsconf', 'summary': '1-1'}]",2005,s:20~l:23~t:2005,Air Force,Falcons,AF,Air Force Falcons,Air Force,003594,ffffff,True,3713,https://a.espncdn.com/i/teamlogos/ncaa/500/2005.png,17,25,False,23,"[{'value': 0.0, 'displayValue': '0', 'period': 1}
 {'value': 6.0, 'displayValue': '6', 'period': 2}
 {'value': 6.0, 'displayValue': '6', 'period': 3}
 {'value': 13.0, 'displayValue': '13', 'period': 4}]","[{'name': 'overall', 'abbreviation': 'Game', 'type': 'total', 'summary': '5-2'}
 {'name': 'Home', 'abbreviation': None, 'type': 'home', 'summary': '4-0'}
 {'name': 'Road', 'abbreviation': None, 'type': 'road', 'summary': '1-2'}
 {'name': 'vs. Conf.', 'abbreviation': None, 'type': 'vsconf', 'summary': '3-1'}]",302890021,2010,2,7,
302890264,s:20~l:23~e:302890264~c:302890264,2010-10-17T02:15Z,0,True,False,False,False,True,False,2010-10-17T02:15Z,ESPN3/ESPN,[],,,national,ESPN3,1,STD,3765,Husky Stadium,Seattle,WA,USA,False,900.0,15:00,6,3,STATUS_FINAL,post,True,Final,Final/2OT,Final/2OT,4,264,s:20~l:23~t:264,Washington,Huskies,WASH,Washington Huskies,Washington,33006f,e8d3a2,True,3765,https://a.espncdn.com/i/teamlogos/ncaa/500/264.png,5,35,True,99,"[{'value': 7.0, 'displayValue': '7', 'period': 1}
 {'value': 14.0, 'displayValue': '14', 'period': 2}
 {'value': 0.0, 'displayValue': '0', 'period': 3}
 {'value': 0.0, 'displayValue': '0', 'period': 4}
 {'value': 7.0, 'displayValue': '7', 'period': 5}
 {'value': 7.0, 'displayValue': '7', 'period': 6}]","[{'name': 'overall', 'abbreviation': 'Game', 'type': 'total', 'summary': '3-3'}
 {'name': 'Home', 'abbreviation': None, 'type': 'home', 'summary': '2-2'}
 {'name': 'Road', 'abbreviation': None, 'type': 'road', 'summary': '1-1'}
 {'name': 'vs. Conf.', 'abbreviation': None, 'type': 'vsconf', 'summary': '2-1'}]",204,s:20~l:23~t:204,Oregon State,Beavers,ORST,Oregon State Beavers,Oregon St,dc4405,000000,True,3893,https://a.espncdn.com/i/teamlogos/ncaa/500/204.png,9,34,False,24,"[{'value': 0.0, 'displayValue': '0', 'period': 1}
 {'value': 14.0, 'displayValue': '14', 'period': 2}
 {'value': 7.0, 'displayValue': '7', 'period': 3}
 {'value': 0.0, 'displayValue': '0', 'period': 4}
 {'value': 7.0, 'displayValue': '7', 'period': 5}
 {'value': 6.0, 'displayValue': '6', 'period': 6}]","[{'name': 'overall', 'abbreviation': 'Game', 'type': 'total', 'summary': '3-3'}
 {'name': 'Home', 'abbreviation': None, 'type': 'home', 'summary': '2-0'}
 {'name': 'Road', 'abbreviation': None, 'type': 'road', 'summary': '1-3'}
 {'name': 'vs. Conf.', 'abbreviation': None, 'type': 'vsconf', 'summary': '2-1'}]",302890264,2010,2,7,2OT
302890084,s:20~l:23~e:302890084~c:302890084,2010-10-16T16:00Z,0,True,False,False,False,True,False,2010-10-16T16:00Z,ESPNU,[],,,national,ESPNU,1,STD,3830,"Memorial Stadium (Bloomington, IN)",Bloomington,IN,USA,False,0.0,0:00,4,3,STATUS_FINAL,post,True,Final,Final,Final,4,84,s:20~l:23~t:84,Indiana,Hoosiers,IU,Indiana Hoosiers,Indiana,970310,ffffff,True,3830,https://a.espncdn.com/i/teamlogos/ncaa/500/84.png,5,36,True,99,"[{'value': 3.0, 'displayValue': '3', 'period': 1}
 {'value': 9.0, 'displayValue': '9', 'period': 2}
 {'value': 7.0, 'displayValue': '7', 'period': 3}
 {'value': 17.0, 'displayValue': '17', 'period': 4}]","[{'name': 'overall', 'abbreviation': 'Game', 'type': 'total', 'summary': '4-2'}
 {'name': 'Home', 'abbreviation': None, 'type': 'home', 'summary': '3-1'}
 {'name': 'Road', 'abbreviation': None, 'type': 'road', 'summary': '1-1'}
 {'name': 'vs. Conf.', 'abbreviation': None, 'type': 'vsconf', 'summary': '0-2'}]",2032,s:20~l:23~t:2032,Arkansas State,Red Wolves,ARST,Arkansas State Red Wolves,Arkansas State,cc092f,000000,True,3625,https://a.espncdn.com/i/teamlogos/ncaa/500/2032.png,37,34,False,99,"[{'value': 7.0, 'displayValue': '7', 'period': 1}
 {'value': 7.0, 'displayValue': '7', 'period': 2}
 {'value': 0.0, 'displayValue': '0', 'period': 3}
 {'value': 20.0, 'displayValue': '20', 'period': 4}]","[{'name': 'overall', 'abbreviation': 'Game', 'type': 'total', 'summary': '2-5'}
 {'name': 'Home', 'abbreviation': None, 'type': 'home', 'summary': '1-1'}
 {'name': 'Road', 'abbreviation': None, 'type': 'road', 'summary': '1-4'}
 {'name': 'vs. Conf.', 'abbreviation': None, 'type': 'vsconf', 'summary': '2-2'}]",302890084,2010,2,7,
302890151,s:20~l:23~e:302890151~c:302890151,2010-10-16T16:00Z,0,True,False,False,False,True,False,2010-10-16T16:00Z,,[],,,,,1,STD,3699,Dowdy-Ficklen Stadium,Greenville,NC,USA,False,0.0,0:00,5,3,STATUS_FINAL,post,True,Final,Final/OT,Final/OT,4,151,s:20~l:23~t:151,East Carolina,Pirates,ECU,East Carolina Pirates,ECU,582c83,ffc72c,True,3699,https://a.espncdn.com/i/teamlogos/ncaa/500/151.png,12,33,True,99,"[{'value': 21.0, 'displayValue': '21', 'period': 1}
 {'value': 3.0, 'displayValue': '3', 'period': 2}
 {'value': 0.0, 'displayValue': '0', 'period': 3}
 {'value': 3.0, 'displayValue': '3', 'period': 4}
 {'value': 6.0, 'displayValue': '6', 'period': 5}]","[{'name': 'overall', 'abbreviation': 'Game', 'type': 'total', 'summary': '4-2'}
 {'name': 'Home', 'abbreviation': None, 'type': 'home', 'summary': '3-0'}
 {'name': 'Road', 'abbreviation': None, 'type': 'road', 'summary': '1-2'}
 {'name': 'vs. Conf.', 'abbreviation': None, 'type': 'vsconf', 'summary': '3-0'}]",152,s:20~l:23~t:152,NC State,Wolfpack,NCST,NC State Wolfpack,NC State,cc0000,ffffff,True,3670,https://a.espncdn.com/i/teamlogos/ncaa/500/152.png,1,27,False,99,"[{'value': 0.0, 'displayValue': '0', 'period': 1}
 {'value': 21.0, 'displayValue': '21', 'period': 2}
 {'value': 0.0, 'displayValue': '0', 'period': 3}
 {'value': 6.0, 'displayValue': '6', 'period': 4}
 {'value': 0.0, 'displayValue': '0', 'period': 5}]","[{'name': 'overall', 'abbreviation': 'Game', 'type': 'total', 'summary': '5-2'}
 {'name': 'Home', 'abbreviation': None, 'type': 'home', 'summary': '3-1'}
 {'name': 'Road', 'abbreviation': None, 'type': 'road', 'summary': '2-1'}
 {'name': 'vs. Conf.', 'abbreviation': None, 'type': 'vsconf', 'summary': '2-1'}]",302890151,2010,2,7,OT
302890183,s:20~l:23~e:302890183~c:302890183,2010-10-16T16:00Z,0,True,False,False,False,True,False,2010-10-16T16:00Z,,[],,,home,ESPN3,1,STD,1964,JMA Wireless Dome,Syracuse,NY,USA,True,0.0,0:00,4,3,STATUS_FINAL,post,True,Final,Final,Final,4,183,s:20~l:23~t:183,Syracuse,Orange,SYR,Syracuse Orange,Syracuse,000e54,ff431b,True,1964,https://a.espncdn.com/i/teamlogos/ncaa/500/183.png,10,14,False,99,"[{'value': 7.0, 'displayValue': '7', 'period': 1}
 {'value': 0.0, 'displayValue': '0', 'period': 2}
 {'value': 0.0, 'displayValue': '0', 'period': 3}
 {'value': 7.0, 'displayValue': '7', 'period': 4}]","[{'name': 'overall', 'abbreviation': 'Game', 'type': 'total', 'summary': '4-2'}
 {'name': 'Home', 'abbreviation': None, 'type': 'home', 'summary': '2-1'}
 {'name': 'Road', 'abbreviation': None, 'type': 'road', 'summary': '2-1'}
 {'name': 'vs. Conf.', 'abbreviation': None, 'type': 'vsconf', 'summary': '1-1'}]",221,s:20~l:23~t:221,Pittsburgh,Panthers,PITT,Pittsburgh Panthers,Pitt,003594,ffb81c,True,3752,https://a.espncdn.com/i/teamlogos/ncaa/500/221.png,10,45,True,99,"[{'value': 14.0, 'displayValue': '14', 'period': 1}
 {'value': 14.0, 'displayValue': '14', 'period': 2}
 {'value': 7.0, 'displayValue': '7', 'period': 3}
 {'value': 10.0, 'displayValue': '10', 'period': 4}]","[{'name': 'overall', 'abbreviation': 'Game', 'type': 'total', 'summary': '3-3'}
 {'name': 'Home', 'abbreviation': None, 'type': 'home', 'summary': '2-1'}
 {'name': 'Road', 'abbreviation': None, 'type': 'road', 'summary': '1-2'}
 {'name': 'vs. Conf.', 'abbreviation': None, 'type': 'vsconf', 'summary': '1-0'}]",302890183,2010,2,7,
302890228,s:20~l:23~e:302890228~c:302890228,2010-10-16T16:00Z,0,True,False,False,False,True,False,2010-10-16T16:00Z,,[],,,home,ESPN3,1,STD,3836,"Memorial Stadium (Clemson, SC)",Clemson,SC,USA,False,163.0,2:43,4,3,STATUS_FINAL,post,True,Final,Final,Final,4,228,s:20~l:23~t:228,Clemson,Tigers,CLEM,Clemson Tigers,Clemson,f56600,ffffff,True,3836,https://a.espncdn.com/i/teamlogos/ncaa/500/228.png,1,31,True,99,"[{'value': 3.0, 'displayValue': '3', 'period': 1}
 {'value': 14.0, 'displayValue': '14', 'period': 2}
 {'value': 7.0, 'displayValue': '7', 'period': 3}
 {'value': 7.0, 'displayValue': '7', 'period': 4}]","[{'name': 'overall', 'abbreviation': 'Game', 'type': 'total', 'summary': '3-3'}
 {'name': 'Home', 'abbreviation': None, 'type': 'home', 'summary': '3-1'}
 {'name': 'Road', 'abbreviation': None, 'type': 'road', 'summary': '0-2'}
 {'name': 'vs. Conf.', 'abbreviation': None, 'type': 'vsconf', 'summary': '1-2'}]",120,s:20~l:23~t:120,Maryland,Terrapins,MD,Maryland Terrapins,Maryland,ce1126,ffffff,True,3665,https://a.espncdn.com/i/teamlogos/ncaa/500/120.png,1,7,False,99,"[{'value': 0.0, 'displayValue': '0', 'period': 1}
 {'value': 7.0, 'displayValue': '7', 'period': 2}
 {'value': 0.0, 'displayValue': '0', 'period': 3}
 {'value': 0.0, 'displayValue': '0', 'period': 4}]","[{'name': 'overall', 'abbreviation': 'Game', 'type': 'total', 'summary': '4-2'}
 {'name': 'Home', 'abbreviation': None, 'type': 'home', 'summary': '4-0'}
 {'name': 'Road', 'abbreviation': None, 'type': 'road', 'summary': '0-2'}
 {'name': 'vs. Conf.', 'abbreviation': None, 'type': 'vsconf', 'summary': '1-1'}]",302890228,2010,2,7,
302890235,s:20~l:23~e:302890235~c:302890235,2010-10-16T16:00Z,0,True,False,False,False,True,False,2010-10-16T16:00Z,,[],,,,,1,STD,3805,Simmons Bank Liberty Stadium,Memphis,TN,USA,False,0.0,0:00,4,3,STATUS_FINAL,post,True,Final,Final,Final,4,235,s:20~l:23~t:235,Memphis,Tigers,MEM,Memphis Tigers,Memphis,004991,8e908f,True,3805,https://a.espncdn.com/i/teamlogos/ncaa/500/235.png,12,19,False,99,"[{'value': 6.0, 'displayValue': '6', 'period': 1}
 {'value': 0.0, 'displayValue': '0', 'period': 2}
 {'value': 3.0, 'displayValue': '3', 'period': 3}
 {'value': 10.0, 'displayValue': '10', 'period': 4}]","[{'name': 'overall', 'abbreviation': 'Game', 'type': 'total', 'summary': '1-6'}
 {'name': 'Home', 'abbreviation': None, 'type': 'home', 'summary': '1-2'}
 {'name': 'Road', 'abbreviation': None, 'type': 'road', 'summary': '0-4'}
 {'name': 'vs. Conf.', 'abbreviation': None, 'type': 'vsconf', 'summary': '0-4'}]",2572,s:20~l:23~t:2572,Southern Mississippi,Golden Eagles,USM,Southern Mississippi Golden Eagles,Southern Miss,ffc72c,231f20,False,3815,https://a.espncdn.com/i/teamlogos/ncaa/500/2572.png,12,41,True,99,"[{'value': 17.0, 'displayValue': '17', 'period': 1}
 {'value': 7.0, 'displayValue': '7', 'period': 2}
 {'value': 3.0, 'displayValue': '3', 'period': 3}
 {'value': 14.0, 'displayValue': '14', 'period': 4}]","[{'name': 'overall', 'abbreviation': 'Game', 'type': 'total', 'summary': '5-2'}
 {'name': 'Home', 'abbreviation': None, 'type': 'home', 'summary': '3-1'}
 {'name': 'Road', 'abbreviation': None, 'type': 'road', 'summary': '2-1'}
 {'name': 'vs. Conf.', 'abbreviation': None, 'type': 'vsconf', 'summary': '2-1'}]",302890235,2010,2,7,
302892117,s:20~l:23~e:302892117~c:302892117,2010-10-16T16:00Z,0,True,False,False,False,True,False,2010-10-16T16:00Z,,[],,,home,ESPN3,1,STD,3786,Kelly/Shorts Stadium,Mount Pleasant,MI,USA,False,0.0,0:00,4,3,STATUS_FINAL,post,True,Final,Final,Final,4,2117,s:20~l:23~t:2117,Central Michigan,Chippewas,CMU,Central Michigan Chippewas,Cent Michigan,4c0027,fbab18,True,3786,https://a.espncdn.com/i/teamlogos/ncaa/500/2117.png,15,20,False,99,"[{'value': 0.0, 'displayValue': '0', 'period': 1}
 {'value': 7.0, 'displayValue': '7', 'period': 2}
 {'value': 7.0, 'displayValue': '7', 'period': 3}
 {'value': 6.0, 'displayValue': '6', 'period': 4}]","[{'name': 'overall', 'abbreviation': 'Game', 'type': 'total', 'summary': '2-5'}
 {'name': 'Home', 'abbreviation': None, 'type': 'home', 'summary': '1-2'}
 {'name': 'Road', 'abbreviation': None, 'type': 'road', 'summary': '1-3'}
 {'name': 'vs. Conf.', 'abbreviation': None, 'type': 'vsconf', 'summary': '1-3'}]",193,s:20~l:23~t:193,Miami (OH),RedHawks,M-OH,Miami (OH) RedHawks,Miami (OH),c41230,ffffff,True,3996,https://a.espncdn.com/i/teamlogos/ncaa/500/193.png,15,27,True,99,"[{'value': 0.0, 'displayValue': '0', 'period': 1}
 {'value': 10.0, 'displayValue': '10', 'period': 2}
 {'value': 7.0, 'displayValue': '7', 'period': 3}
 {'value': 10.0, 'displayValue': '10', 'period': 4}]","[{'name': 'overall', 'abbreviation': 'Game', 'type': 'total', 'summary': '4-3'}
 {'name': 'Home', 'abbreviation': None, 'type': 'home', 'summary': '3-0'}
 {'name': 'Road', 'abbreviation': None, 'type': 'road', 'summary': '1-3'}
 {'name': 'vs. Conf.', 'abbreviation': None, 'type': 'vsconf', 'summary': '3-0'}]",302892117,2010,2,7,
302892509,s:20~l:23~e:302892509~c:302892509,2010-10-16T16:00Z,0,True,False,False,False,True,False,2010-10-16T16:00Z,ESPN3/ESPN2,[],,,national,ESPN3,1,STD,3907,Ross-Ade Stadium,West Lafayette,IN,USA,False,0.0,0:00,4,3,STATUS_FINAL,post,True,Final,Final,Final,4,2509,s:20~l:23~t:2509,Purdue,Boilermakers,PUR,Purdue Boilermakers,Purdue,ceb888,000000,True,3907,https://a.espncdn.com/i/teamlogos/ncaa/500/2509.png,5,28,True,99,"[{'value': 7.0, 'displayValue': '7', 'period': 1}
 {'value': 7.0, 'displayValue': '7', 'period': 2}
 {'value': 7.0, 'displayValue': '7', 'period': 3}
 {'value': 7.0, 'displayValue': '7', 'period': 4}]","[{'name': 'overall', 'abbreviation': 'Game', 'type': 'total', 'summary': '4-2'}
 {'name': 'Home', 'abbreviation': None, 'type': 'home', 'summary': '3-1'}
 {'name': 'Road', 'abbreviation': None, 'type': 'road', 'summary': '1-1'}
 {'name': 'vs. Conf.', 'abbreviation': None, 'type': 'vsconf', 'summary': '2-0'}]",135,s:20~l:23~t:135,Minnesota,Golden Gophers,MINN,Minnesota Golden Gophers,Minnesota,5e0a2f,fab41c,True,3953,https://a.espncdn.com/i/teamlogos/ncaa/500/135.png,5,17,False,99,"[{'value': 0.0, 'displayValue': '0', 'period': 1}
 {'value': 0.0, 'displayValue': '0', 'period': 2}
 {'value': 3.0, 'displayValue': '3', 'period': 3}
 {'value': 14.0, 'displayValue': '14', 'period': 4}]","[{'name': 'overall', 'abbreviation': 'Game', 'type': 'total', 'summary': '1-6'}
 {'name': 'Home', 'abbreviation': None, 'type': 'home', 'summary': '0-4'}
 {'name': 'Road', 'abbreviation': None, 'type': 'road', 'summary': '1-2'}
 {'name': 'vs. Conf.', 'abbreviation': None, 'type': 'vsconf', 'summary': '0-3'}]",302892509,2010,2,7,
302890061,s:20~l:23~e:302890061~c:302890061,2010-10-16T16:21Z,0,True,False,False,False,True,False,2010-10-16T16:21Z,,[],,,home,ESPN3,1,STD,3917,Sanford Stadium,Athens,GA,USA,False,0.0,0:00,4,3,STATUS_FINAL,post,True,Final,Final,Final,4,61,s:20~l:23~t:61,Georgia,Bulldogs,UGA,Georgia Bulldogs,Georgia,ba0c2f,2c2a29,True,3917,https://a.espncdn.com/i/teamlogos/ncaa/500/61.png,8,43,True,99,"[{'value': 12.0, 'displayValue': '12', 'period': 1}
 {'value': 10.0, 'displayValue': '10', 'period': 2}
 {'value': 21.0, 'displayValue': '21', 'period': 3}
 {'value': 0.0, 'displayValue': '0', 'period': 4}]","[{'name': 'overall', 'abbreviation': 'Game', 'type': 'total', 'summary': '3-4'}
 {'name': 'Home', 'abbreviation': None, 'type': 'home', 'summary': '3-1'}
 {'name': 'Road', 'abbreviation': None, 'type': 'road', 'summary': '0-3'}
 {'name': 'vs. Conf.', 'abbreviation': None, 'type': 'vsconf', 'summary': '2-3'}]",238,s:20~l:23~t:238,Vanderbilt,Commodores,VAN,Vanderbilt Commodores,Vanderbilt,000000,cfae70,True,3973,https://a.espncdn.com/i/teamlogos/ncaa/500/238.png,8,0,False,99,"[{'value': 0.0, 'displayValue': '0', 'period': 1}
 {'value': 0.0, 'displayValue': '0', 'period': 2}
 {'value': 0.0, 'displayValue': '0', 'period': 3}
 {'value': 0.0, 'displayValue': '0', 'period': 4}]","[{'name': 'overall', 'abbreviation': 'Game', 'type': 'total', 'summary': '2-4'}
 {'name': 'Home', 'abbreviation': None, 'type': 'home', 'summary': '1-2'}
 {'name': 'Road', 'abbreviation': None, 'type': 'road', 'summary': '1-2'}
 {'name': 'vs. Conf.', 'abbreviation': None, 'type': 'vsconf', 'summary': '1-2'}]",302890061,2010,2,7,
302890150,s:20~l:23~e:302890150~c:302890150,2010-10-16T17:00Z,0,True,False,False,False,True,False,2010-10-16T17:00Z,,[],,,home,ESPN3,1,STD,3982,Wallace Wade Stadium,Durham,NC,USA,False,0.0,0:00,4,3,STATUS_FINAL,post,True,Final,Final,Final,4,150,s:20~l:23~t:150,Duke,Blue Devils,DUKE,Duke Blue Devils,Duke,00539b,ffffff,True,3982,https://a.espncdn.com/i/teamlogos/ncaa/500/150.png,1,13,False,99,"[{'value': 3.0, 'displayValue': '3', 'period': 1}
 {'value': 0.0, 'displayValue': '0', 'period': 2}
 {'value': 7.0, 'displayValue': '7', 'period': 3}
 {'value': 3.0, 'displayValue': '3', 'period': 4}]","[{'name': 'overall', 'abbreviation': 'Game', 'type': 'total', 'summary': '1-5'}
 {'name': 'Home', 'abbreviation': None, 'type': 'home', 'summary': '1-3'}
 {'name': 'Road', 'abbreviation': None, 'type': 'road', 'summary': '0-2'}
 {'name': 'vs. Conf.', 'abbreviation': None, 'type': 'vsconf', 'summary': '0-3'}]",2390,s:20~l:23~t:2390,Miami,Hurricanes,MIAMI,Miami Hurricanes,Miami,f47423,035131,True,3948,https://a.espncdn.com/i/teamlogos/ncaa/500/2390.png,1,28,True,99,"[{'value': 0.0, 'displayValue': '0', 'period': 1}
 {'value': 14.0, 'displayValue': '14', 'period': 2}
 {'value': 14.0, 'displayValue': '14', 'period': 3}
 {'value': 0.0, 'displayValue': '0', 'period': 4}]","[{'name': 'overall', 'abbreviation': 'Game', 'type': 'total', 'summary': '4-2'}
 {'name': 'Home', 'abbreviation': None, 'type': 'home', 'summary': '1-1'}
 {'name': 'Road', 'abbreviation': None, 'type': 'road', 'summary': '3-1'}
 {'name': 'vs. Conf.', 'abbreviation': None, 'type': 'vsconf', 'summary': '2-1'}]",302890150,2010,2,7,
302890218,s:20~l:23~e:302890218~c:302890218,2010-10-16T17:00Z,0,True,False,False,False,True,False,2010-10-16T17:00Z,,[],,,,,1,STD,3806,Lincoln Financial Field,Philadelphia,PA,USA,False,0.0,0:00,4,3,STATUS_FINAL,post,True,Final,Final,Final,4,218,s:20~l:23~t:218,Temple,Owls,TEM,Temple Owls,Temple,a41e35,ffffff,True,3806,https://a.espncdn.com/i/teamlogos/ncaa/500/218.png,15,28,True,99,"[{'value': 0.0, 'displayValue': '0', 'period': 1}
 {'value': 14.0, 'displayValue': '14', 'period': 2}
 {'value': 14.0, 'displayValue': '14', 'period': 3}
 {'value': 0.0, 'displayValue': '0', 'period': 4}]","[{'name': 'overall', 'abbreviation': 'Game', 'type': 'total', 'summary': '5-2'}
 {'name': 'Home', 'abbreviation': None, 'type': 'home', 'summary': '4-0'}
 {'name': 'Road', 'abbreviation': None, 'type': 'road', 'summary': '1-2'}
 {'name': 'vs. Conf.', 'abbreviation': None, 'type': 'vsconf', 'summary': '2-1'}]",189,s:20~l:23~t:189,Bowling Green,Falcons,BGSU,Bowling Green Falcons,Bowling Green,fd5000,4f2c1d,True,3700,https://a.espncdn.com/i/teamlogos/ncaa/500/189.png,15,27,False,99,"[{'value': 6.0, 'displayValue': '6', 'period': 1}
 {'value': 0.0, 'displayValue': '0', 'period': 2}
 {'value': 8.0, 'displayValue': '8', 'period': 3}
 {'value': 13.0, 'displayValue': '13', 'period': 4}]","[{'name': 'overall', 'abbreviation': 'Game', 'type': 'total', 'summary': '1-6'}
 {'name': 'Home', 'abbreviation': None, 'type': 'home', 'summary': '1-1'}
 {'name': 'Road', 'abbreviation': None, 'type': 'road', 'summary': '0-5'}
 {'name': 'vs. Conf.', 'abbreviation': None, 'type': 'vsconf', 'summary': '0-3'}]",302890218,2010,2,7,
302892050,s:20~l:23~e:302892050~c:302892050,2010-10-16T17:00Z,0,True,False,False,False,True,False,2010-10-16T17:00Z,,[],,,,,1,STD,3919,Scheumann Stadium,Muncie,IN,USA,False,0.0,0:00,5,3,STATUS_FINAL,post,True,Final,Final/OT,Final/OT,4,2050,s:20~l:23~t:2050,Ball State,Cardinals,BALL,Ball State Cardinals,Ball State,ba0c2f,ffffff,True,3919,https://a.espncdn.com/i/teamlogos/ncaa/500/2050.png,15,38,False,99,"[{'value': 7.0, 'displayValue': '7', 'period': 1}
 {'value': 21.0, 'displayValue': '21', 'period': 2}
 {'value': 0.0, 'displayValue': '0', 'period': 3}
 {'value': 7.0, 'displayValue': '7', 'period': 4}
 {'value': 3.0, 'displayValue': '3', 'period': 5}]","[{'name': 'overall', 'abbreviation': 'Game', 'type': 'total', 'summary': '2-5'}
 {'name': 'Home', 'abbreviation': None, 'type': 'home', 'summary': '1-3'}
 {'name': 'Road', 'abbreviation': None, 'type': 'road', 'summary': '1-2'}
 {'name': 'vs. Conf.', 'abbreviation': None, 'type': 'vsconf', 'summary': '1-2'}]",2199,s:20~l:23~t:2199,Eastern Michigan,Eagles,EMU,Eastern Michigan Eagles,E Michigan,006938,ffffff,True,3912,https://a.espncdn.com/i/teamlogos/ncaa/500/2199.png,15,41,True,99,"[{'value': 0.0, 'displayValue': '0', 'period': 1}
 {'value': 14.0, 'displayValue': '14', 'period': 2}
 {'value': 14.0, 'displayValue': '14', 'period': 3}
 {'value': 7.0, 'displayValue': '7', 'period': 4}
 {'value': 6.0, 'displayValue': '6', 'period': 5}]","[{'name': 'overall', 'abbreviation': 'Game', 'type': 'total', 'summary': '1-6'}
 {'name': 'Home', 'abbreviation': None, 'type': 'home', 'summary': '0-3'}
 {'name': 'Road', 'abbreviation': None, 'type': 'road', 'summary': '1-3'}
 {'name': 'vs. Conf.', 'abbreviation': None, 'type': 'vsconf', 'summary': '1-3'}]",302892050,2010,2,7,OT
302892247,s:20~l:23~e:302892247~c:302892247,2010-10-16T17:00Z,0,True,False,False,False,True,False,2010-10-16T17:00Z,,[],,,,,1,STD,3495,Georgia Dome,Atlanta,GA,USA,True,0.0,0:00,5,3,STATUS_FINAL,post,True,Final,Final/OT,Final/OT,4,2247,s:20~l:23~t:2247,Georgia State,Panthers,GAST,Georgia State Panthers,Georgia State,0039a6,ffffff,True,4246,https://a.espncdn.com/i/teamlogos/ncaa/500/2247.png,32,20,True,99,"[{'value': 0.0, 'displayValue': '0', 'period': 1}
 {'value': 3.0, 'displayValue': '3', 'period': 2}
 {'value': 7.0, 'displayValue': '7', 'period': 3}
 {'value': 7.0, 'displayValue': '7', 'period': 4}
 {'value': 3.0, 'displayValue': '3', 'period': 5}]","[{'name': 'overall', 'abbreviation': 'Game', 'type': 'total', 'summary': '5-2'}
 {'name': 'Home', 'abbreviation': None, 'type': 'home', 'summary': '4-2'}
 {'name': 'Road', 'abbreviation': None, 'type': 'road', 'summary': '1-0'}
 {'name': 'vs. Conf.', 'abbreviation': None, 'type': 'vsconf', 'summary': '0-0'}]",2428,s:20~l:23~t:2428,North Carolina Central,Eagles,NCCU,North Carolina Central Eagles,NC Central,880023,c2c3c0,True,3862,https://a.espncdn.com/i/teamlogos/ncaa/500/2428.png,24,17,False,99,"[{'value': 0.0, 'displayValue': '0', 'period': 1}
 {'value': 7.0, 'displayValue': '7', 'period': 2}
 {'value': 0.0, 'displayValue': '0', 'period': 3}
 {'value': 10.0, 'displayValue': '10', 'period': 4}
 {'value': 0.0, 'displayValue': '0', 'period': 5}]","[{'name': 'overall', 'abbreviation': 'Game', 'type': 'total', 'summary': '2-4'}
 {'name': 'Home', 'abbreviation': None, 'type': 'home', 'summary': '2-2'}
 {'name': 'Road', 'abbreviation': None, 'type': 'road', 'summary': '0-2'}
 {'name': 'vs. Conf.', 'abbreviation': None, 'type': 'vsconf', 'summary': '0-0'}]",302892247,2010,2,7,OT
302892678,s:20~l:23~e:302892678~c:302892678,2010-10-16T17:30Z,0,True,False,False,False,False,False,2010-10-16T17:30Z,,[],,,home,ESPN3,1,STD,3597,Foster Stadium,Lexington,VA,USA,False,0.0,0:00,4,3,STATUS_FINAL,post,True,Final,Final,Final,4,2678,s:20~l:23~t:2678,VMI,Keydets,VMI,VMI Keydets,VMI,ae122a,ffd619,True,3597,https://a.espncdn.com/i/teamlogos/ncaa/500/2678.png,40,7,False,99,"[{'value': 0.0, 'displayValue': '0', 'period': 1}
 {'value': 0.0, 'displayValue': '0', 'period': 2}
 {'value': 0.0, 'displayValue': '0', 'period': 3}
 {'value': 7.0, 'displayValue': '7', 'period': 4}]","[{'name': 'overall', 'abbreviation': 'Game', 'type': 'total', 'summary': '2-4'}
 {'name': 'Home', 'abbreviation': None, 'type': 'home', 'summary': '2-1'}
 {'name': 'Road', 'abbreviation': None, 'type': 'road', 'summary': '0-3'}
 {'name': 'vs. Conf.', 'abbreviation': None, 'type': 'vsconf', 'summary': '1-2'}]",2335,s:20~l:23~t:2335,Liberty,Flames,LIB,Liberty Flames,Liberty,0a254e,b72025,True,3992,https://a.espncdn.com/i/teamlogos/ncaa/500/2335.png,40,41,True,99,"[{'value': 14.0, 'displayValue': '14', 'period': 1}
 {'value': 17.0, 'displayValue': '17', 'period': 2}
 {'value': 7.0, 'displayValue': '7', 'period': 3}
 {'value': 3.0, 'displayValue': '3', 'period': 4}]","[{'name': 'overall', 'abbreviation': 'Game', 'type': 'total', 'summary': '5-2'}
 {'name': 'Home', 'abbreviation': None, 'type': 'home', 'summary': '3-0'}
 {'name': 'Road', 'abbreviation': None, 'type': 'road', 'summary': '2-2'}
 {'name': 'vs. Conf.', 'abbreviation': None, 'type': 'vsconf', 'summary': '2-0'}]",302892678,2010,2,7,
302890036,s:20~l:23~e:302890036~c:302890036,2010-10-16T18:00Z,0,True,False,False,False,True,False,2010-10-16T18:00Z,,[],,,,,1,STD,3761,Hughes Stadium (CO),Fort Collins,CO,USA,False,0.0,0:00,4,3,STATUS_FINAL,post,True,Final,Final,Final,4,36,s:20~l:23~t:36,Colorado State,Rams,CSU,Colorado State Rams,Colorado St,004c23,c8c372,True,5388,https://a.espncdn.com/i/teamlogos/ncaa/500/36.png,9,43,True,99,"[{'value': 14.0, 'displayValue': '14', 'period': 1}
 {'value': 20.0, 'displayValue': '20', 'period': 2}
 {'value': 3.0, 'displayValue': '3', 'period': 3}
 {'value': 6.0, 'displayValue': '6', 'period': 4}]","[{'name': 'overall', 'abbreviation': 'Game', 'type': 'total', 'summary': '2-5'}
 {'name': 'Home', 'abbreviation': None, 'type': 'home', 'summary': '2-2'}
 {'name': 'Road', 'abbreviation': None, 'type': 'road', 'summary': '0-3'}
 {'name': 'vs. Conf.', 'abbreviation': None, 'type': 'vsconf', 'summary': '1-2'}]",2439,s:20~l:23~t:2439,UNLV,Rebels,UNLV,UNLV Rebels,UNLV,cf0a2c,cac8c8,True,6501,https://a.espncdn.com/i/teamlogos/ncaa/500/2439.png,17,10,False,99,"[{'value': 3.0, 'displayValue': '3', 'period': 1}
 {'value': 7.0, 'displayValue': '7', 'period': 2}
 {'value': 0.0, 'displayValue': '0', 'period': 3}
 {'value': 0.0, 'displayValue': '0', 'period': 4}]","[{'name': 'overall', 'abbreviation': 'Game', 'type': 'total', 'summary': '1-6'}
 {'name': 'Home', 'abbreviation': None, 'type': 'home', 'summary': '1-2'}
 {'name': 'Road', 'abbreviation': None, 'type': 'road', 'summary': '0-4'}
 {'name': 'vs. Conf.', 'abbreviation': None, 'type': 'vsconf', 'summary': '1-2'}]",302890036,2010,2,7,
302890164,s:20~l:23~e:302890164~c:302890164,2010-10-16T18:00Z,0,True,False,False,False,True,False,2010-10-16T18:00Z,,[],,,home,ESPN3,1,STD,3754,HighPoint.com Stadium,Piscataway,NJ,USA,False,0.0,0:00,5,3,STATUS_FINAL,post,True,Final,Final/OT,Final/OT,4,164,s:20~l:23~t:164,Rutgers,Scarlet Knights,RUTG,Rutgers Scarlet Knights,Rutgers,ce0e2d,ffffff,True,3754,https://a.espncdn.com/i/teamlogos/ncaa/500/164.png,10,23,True,99,"[{'value': 0.0, 'displayValue': '0', 'period': 1}
 {'value': 3.0, 'displayValue': '3', 'period': 2}
 {'value': 0.0, 'displayValue': '0', 'period': 3}
 {'value': 14.0, 'displayValue': '14', 'period': 4}
 {'value': 6.0, 'displayValue': '6', 'period': 5}]","[{'name': 'overall', 'abbreviation': 'Game', 'type': 'total', 'summary': '4-2'}
 {'name': 'Home', 'abbreviation': None, 'type': 'home', 'summary': '3-2'}
 {'name': 'Road', 'abbreviation': None, 'type': 'road', 'summary': '1-0'}
 {'name': 'vs. Conf.', 'abbreviation': None, 'type': 'vsconf', 'summary': '1-0'}]",349,s:20~l:23~t:349,Army,Black Knights,ARMY,Army Black Knights,Army,000000,d3bc8d,True,3841,https://a.espncdn.com/i/teamlogos/ncaa/500/349.png,18,20,False,99,"[{'value': 7.0, 'displayValue': '7', 'period': 1}
 {'value': 10.0, 'displayValue': '10', 'period': 2}
 {'value': 0.0, 'displayValue': '0', 'period': 3}
 {'value': 0.0, 'displayValue': '0', 'period': 4}
 {'value': 3.0, 'displayValue': '3', 'period': 5}]","[{'name': 'overall', 'abbreviation': 'Game', 'type': 'total', 'summary': '4-3'}
 {'name': 'Home', 'abbreviation': None, 'type': 'home', 'summary': '1-2'}
 {'name': 'Road', 'abbreviation': None, 'type': 'road', 'summary': '3-1'}
 {'name': 'vs. Conf.', 'abbreviation': None, 'type': 'vsconf', 'summary': '0-0'}]",302890164,2010,2,7,OT
302890195,s:20~l:23~e:302890195~c:302890195,2010-10-16T18:00Z,0,True,False,False,False,True,False,2010-10-16T18:00Z,,[],,,,,1,STD,3876,Peden Stadium,Athens,OH,USA,False,0.0,0:00,4,3,STATUS_FINAL,post,True,Final,Final,Final,4,195,s:20~l:23~t:195,Ohio,Bobcats,OHIO,Ohio Bobcats,Ohio,154734,ffffff,True,3876,https://a.espncdn.com/i/teamlogos/ncaa/500/195.png,15,38,True,99,"[{'value': 17.0, 'displayValue': '17', 'period': 1}
 {'value': 7.0, 'displayValue': '7', 'period': 2}
 {'value': 7.0, 'displayValue': '7', 'period': 3}
 {'value': 7.0, 'displayValue': '7', 'period': 4}]","[{'name': 'overall', 'abbreviation': 'Game', 'type': 'total', 'summary': '4-3'}
 {'name': 'Home', 'abbreviation': None, 'type': 'home', 'summary': '3-1'}
 {'name': 'Road', 'abbreviation': None, 'type': 'road', 'summary': '1-2'}
 {'name': 'vs. Conf.', 'abbreviation': None, 'type': 'vsconf', 'summary': '3-1'}]",2006,s:20~l:23~t:2006,Akron,Zips,AKR,Akron Zips,Akron,041e42,c5b783,True,3768,https://a.espncdn.com/i/teamlogos/ncaa/500/2006.png,15,10,False,99,"[{'value': 0.0, 'displayValue': '0', 'period': 1}
 {'value': 3.0, 'displayValue': '3', 'period': 2}
 {'value': 0.0, 'displayValue': '0', 'period': 3}
 {'value': 7.0, 'displayValue': '7', 'period': 4}]","[{'name': 'overall', 'abbreviation': 'Game', 'type': 'total', 'summary': '0-7'}
 {'name': 'Home', 'abbreviation': None, 'type': 'home', 'summary': '0-3'}
 {'name': 'Road', 'abbreviation': None, 'type': 'road', 'summary': '0-4'}
 {'name': 'vs. Conf.', 'abbreviation': None, 'type': 'vsconf', 'summary': '0-3'}]",302890195,2010,2,7,
302892506,s:20~l:23~e:302892506~c:302892506,2010-10-16T18:00Z,0,True,False,False,False,True,False,2010-10-16T18:00Z,,[],,,,,1,STD,3627,Bailey Memorial Stadium,Clinton,SC,USA,False,0.0,0:00,4,3,STATUS_FINAL,post,True,Final,Final,Final,4,2506,s:20~l:23~t:2506,Presbyterian College,Blue Hose,PRE,Presbyterian College Blue Hose,Presbyterian,194896,990134,False,3627,https://a.espncdn.com/i/teamlogos/ncaa/500/2506.png,40,7,False,99,"[{'value': 0.0, 'displayValue': '0', 'period': 1}
 {'value': 0.0, 'displayValue': '0', 'period': 2}
 {'value': 7.0, 'displayValue': '7', 'period': 3}
 {'value': 0.0, 'displayValue': '0', 'period': 4}]","[{'name': 'overall', 'abbreviation': 'Game', 'type': 'total', 'summary': '0-6'}
 {'name': 'Home', 'abbreviation': None, 'type': 'home', 'summary': '0-2'}
 {'name': 'Road', 'abbreviation': None, 'type': 'road', 'summary': '0-4'}
 {'name': 'vs. Conf.', 'abbreviation': None, 'type': 'vsconf', 'summary': '0-2'}]",324,s:20~l:23~t:324,Coastal Carolina,Chanticleers,CCAR,Coastal Carolina Chanticleers,Coast Carolina,006f71,a27752,True,3654,https://a.espncdn.com/i/teamlogos/ncaa/500/324.png,40,35,True,99,"[{'value': 7.0, 'displayValue': '7', 'period': 1}
 {'value': 14.0, 'displayValue': '14', 'period': 2}
 {'value': 7.0, 'displayValue': '7', 'period': 3}
 {'value': 7.0, 'displayValue': '7', 'period': 4}]","[{'name': 'overall', 'abbreviation': 'Game', 'type': 'total', 'summary': '2-4'}
 {'name': 'Home', 'abbreviation': None, 'type': 'home', 'summary': '1-1'}
 {'name': 'Road', 'abbreviation': None, 'type': 'road', 'summary': '1-3'}
 {'name': 'vs. Conf.', 'abbreviation': None, 'type': 'vsconf', 'summary': '1-0'}]",302892506,2010,2,7,
302890087,s:20~l:23~e:302890087~c:302890087,2010-10-16T18:30Z,0,True,False,False,False,True,False,2010-10-16T18:30Z,NBC,[],,,national,NBC,1,STD,3855,Notre Dame Stadium,Notre Dame,IN,USA,False,310.0,5:10,4,3,STATUS_FINAL,post,True,Final,Final,Final,4,87,s:20~l:23~t:87,Notre Dame,Fighting Irish,ND,Notre Dame Fighting Irish,Notre Dame,062340,c99700,True,3855,https://a.espncdn.com/i/teamlogos/ncaa/500/87.png,18,44,True,99,"[{'value': 7.0, 'displayValue': '7', 'period': 1}
 {'value': 20.0, 'displayValue': '20', 'period': 2}
 {'value': 14.0, 'displayValue': '14', 'period': 3}
 {'value': 3.0, 'displayValue': '3', 'period': 4}]","[{'name': 'overall', 'abbreviation': 'Game', 'type': 'total', 'summary': '4-3'}
 {'name': 'Home', 'abbreviation': None, 'type': 'home', 'summary': '3-2'}
 {'name': 'Road', 'abbreviation': None, 'type': 'road', 'summary': '1-1'}
 {'name': 'vs. Conf.', 'abbreviation': None, 'type': 'vsconf', 'summary': '0-0'}]",2711,s:20~l:23~t:2711,Western Michigan,Broncos,WMU,Western Michigan Broncos,W Michigan,532e1f,f1c500,True,3980,https://a.espncdn.com/i/teamlogos/ncaa/500/2711.png,15,20,False,99,"[{'value': 7.0, 'displayValue': '7', 'period': 1}
 {'value': 10.0, 'displayValue': '10', 'period': 2}
 {'value': 0.0, 'displayValue': '0', 'period': 3}
 {'value': 3.0, 'displayValue': '3', 'period': 4}]","[{'name': 'overall', 'abbreviation': 'Game', 'type': 'total', 'summary': '2-4'}
 {'name': 'Home', 'abbreviation': None, 'type': 'home', 'summary': '1-2'}
 {'name': 'Road', 'abbreviation': None, 'type': 'road', 'summary': '1-2'}
 {'name': 'vs. Conf.', 'abbreviation': None, 'type': 'vsconf', 'summary': '1-1'}]",302890087,2010,2,7,
302892287,s:20~l:23~e:302892287~c:302892287,2010-10-16T19:00Z,0,True,False,False,False,True,False,2010-10-16T19:00Z,,[],,,,,1,STD,3744,Hancock Stadium,Normal,IL,USA,False,0.0,0:00,4,3,STATUS_FINAL,post,True,Final,Final,Final,4,2287,s:20~l:23~t:2287,Illinois State,Redbirds,ILST,Illinois State Redbirds,Illinois State,CE1126,ffe716,True,3744,https://a.espncdn.com/i/teamlogos/ncaa/500/2287.png,21,34,True,99,"[{'value': 7.0, 'displayValue': '7', 'period': 1}
 {'value': 3.0, 'displayValue': '3', 'period': 2}
 {'value': 14.0, 'displayValue': '14', 'period': 3}
 {'value': 10.0, 'displayValue': '10', 'period': 4}]","[{'name': 'overall', 'abbreviation': 'Game', 'type': 'total', 'summary': '4-3'}
 {'name': 'Home', 'abbreviation': None, 'type': 'home', 'summary': '3-1'}
 {'name': 'Road', 'abbreviation': None, 'type': 'road', 'summary': '1-2'}
 {'name': 'vs. Conf.', 'abbreviation': None, 'type': 'vsconf', 'summary': '3-2'}]",2449,s:20~l:23~t:2449,North Dakota State,Bison,NDSU,North Dakota State Bison,North Dakota St,01402A,ffffff,True,3714,https://a.espncdn.com/i/teamlogos/ncaa/500/2449.png,21,24,False,99,"[{'value': 10.0, 'displayValue': '10', 'period': 1}
 {'value': 7.0, 'displayValue': '7', 'period': 2}
 {'value': 0.0, 'displayValue': '0', 'period': 3}
 {'value': 7.0, 'displayValue': '7', 'period': 4}]","[{'name': 'overall', 'abbreviation': 'Game', 'type': 'total', 'summary': '4-3'}
 {'name': 'Home', 'abbreviation': None, 'type': 'home', 'summary': '2-1'}
 {'name': 'Road', 'abbreviation': None, 'type': 'road', 'summary': '2-2'}
 {'name': 'vs. Conf.', 'abbreviation': None, 'type': 'vsconf', 'summary': '1-3'}]",302892287,2010,2,7,
302892534,s:20~l:23~e:302892534~c:302892534,2010-10-16T19:00Z,0,True,False,False,False,True,False,2010-10-16T19:00Z,,[],,,,,1,STD,3647,Elliott T. Bowers Stadium,Huntsville,TX,USA,False,0.0,0:00,4,3,STATUS_FINAL,post,True,Final,Final,Final,4,2534,s:20~l:23~t:2534,Sam Houston State,Bearkats,SHSU,Sam Houston State Bearkats,Sam Houston,f56423,ffffff,False,3647,https://a.espncdn.com/i/teamlogos/ncaa/500/2534.png,30,57,True,99,"[{'value': 21.0, 'displayValue': '21', 'period': 1}
 {'value': 13.0, 'displayValue': '13', 'period': 2}
 {'value': 7.0, 'displayValue': '7', 'period': 3}
 {'value': 16.0, 'displayValue': '16', 'period': 4}]","[{'name': 'overall', 'abbreviation': 'Game', 'type': 'total', 'summary': '4-2'}
 {'name': 'Home', 'abbreviation': None, 'type': 'home', 'summary': '2-0'}
 {'name': 'Road', 'abbreviation': None, 'type': 'road', 'summary': '2-2'}
 {'name': 'vs. Conf.', 'abbreviation': None, 'type': 'vsconf', 'summary': '2-0'}]",2545,s:20~l:23~t:2545,Southeastern Louisiana,Lions,SELA,Southeastern Louisiana Lions,SE Louisiana,215732,ffc72c,False,3944,https://a.espncdn.com/i/teamlogos/ncaa/500/2545.png,30,7,False,99,"[{'value': 0.0, 'displayValue': '0', 'period': 1}
 {'value': 0.0, 'displayValue': '0', 'period': 2}
 {'value': 7.0, 'displayValue': '7', 'period': 3}
 {'value': 0.0, 'displayValue': '0', 'period': 4}]","[{'name': 'overall', 'abbreviation': 'Game', 'type': 'total', 'summary': '2-4'}
 {'name': 'Home', 'abbreviation': None, 'type': 'home', 'summary': '2-1'}
 {'name': 'Road', 'abbreviation': None, 'type': 'road', 'summary': '0-3'}
 {'name': 'vs. Conf.', 'abbreviation': None, 'type': 'vsconf', 'summary': '1-1'}]",302892534,2010,2,7,
302890030,s:20~l:23~e:302890030~c:302890030,2010-10-16T19:30Z,0,True,False,False,False,True,False,2010-10-16T19:30Z,,[],,,,,1,STD,477,Los Angeles Memorial Coliseum,Los Angeles,CA,USA,False,0.0,0:00,4,3,STATUS_FINAL,post,True,Final,Final,Final,4,30,s:20~l:23~t:30,USC,Trojans,USC,USC Trojans,USC,9d2235,ffc72c,True,477,https://a.espncdn.com/i/teamlogos/ncaa/500/30.png,5,48,True,99,"[{'value': 14.0, 'displayValue': '14', 'period': 1}
 {'value': 28.0, 'displayValue': '28', 'period': 2}
 {'value': 3.0, 'displayValue': '3', 'period': 3}
 {'value': 3.0, 'displayValue': '3', 'period': 4}]","[{'name': 'overall', 'abbreviation': 'Game', 'type': 'total', 'summary': '5-2'}
 {'name': 'Home', 'abbreviation': None, 'type': 'home', 'summary': '2-1'}
 {'name': 'Road', 'abbreviation': None, 'type': 'road', 'summary': '3-1'}
 {'name': 'vs. Conf.', 'abbreviation': None, 'type': 'vsconf', 'summary': '2-2'}]",25,s:20~l:23~t:25,California,Golden Bears,CAL,California Golden Bears,California,041e42,ffc72c,True,3831,https://a.espncdn.com/i/teamlogos/ncaa/500/25.png,1,14,False,99,"[{'value': 0.0, 'displayValue': '0', 'period': 1}
 {'value': 0.0, 'displayValue': '0', 'period': 2}
 {'value': 7.0, 'displayValue': '7', 'period': 3}
 {'value': 7.0, 'displayValue': '7', 'period': 4}]","[{'name': 'overall', 'abbreviation': 'Game', 'type': 'total', 'summary': '3-3'}
 {'name': 'Home', 'abbreviation': None, 'type': 'home', 'summary': '3-0'}
 {'name': 'Road', 'abbreviation': None, 'type': 'road', 'summary': '0-3'}
 {'name': 'vs. Conf.', 'abbreviation': None, 'type': 'vsconf', 'summary': '1-2'}]",302890030,2010,2,7,
