2026-06-16 12:14:55,769 INFO season 2020: 213 games to scrape (rescrape=False)
cfb 2020:   0%|          | 0/213 [00:00<?, ?it/s]2026-06-16 12:14:58,915 ERROR extra fetch failed: _rosters(401248995,)
Traceback (most recent call last):
  File "C:\Users\saiem\Documents\GitHub-Data\sdv-dev\cfbfastR-dev\cfbfastR-cfb-raw\python\_cfb_raw_utils.py", line 93, in _safe
    return fn(*args, **kwargs)
           ^^^^^^^^^^^^^^^^^^^
  File "C:\Users\saiem\Documents\GitHub-Data\sdv-dev\cfbfastR-dev\cfbfastR-cfb-raw\python\scrape_cfb_json.py", line 31, in _rosters
    return sdv.cfb.espn_cfb_game_rosters(game_id=gid, return_as_pandas=True).to_dict("records")
           ^^^^^^^^^^^^^^^^^^^^^^^^^^^^^^^^^^^^^^^^^^^^^^^^^^^^^^^^^^^^^^^^^
  File "C:\Users\saiem\Documents\GitHub-Data\sdv-dev\cfbfastR-dev\cfbfastR-cfb-raw\.venv\Lib\site-packages\sportsdataverse\cfb\cfb_game_rosters.py", line 65, in espn_cfb_game_rosters
    items = helper_cfb_game_items(summary)
            ^^^^^^^^^^^^^^^^^^^^^^^^^^^^^^
  File "C:\Users\saiem\Documents\GitHub-Data\sdv-dev\cfbfastR-dev\cfbfastR-cfb-raw\.venv\Lib\site-packages\sportsdataverse\cfb\cfb_game_rosters.py", line 97, in helper_cfb_game_items
    items = items.rename({"id": "team_id", "uid": "team_uid", "statistics_href": "team_statistics_href"})
            ^^^^^^^^^^^^^^^^^^^^^^^^^^^^^^^^^^^^^^^^^^^^^^^^^^^^^^^^^^^^^^^^^^^^^^^^^^^^^^^^^^^^^^^^^^^^^
  File "C:\Users\saiem\Documents\GitHub-Data\sdv-dev\cfbfastR-dev\cfbfastR-cfb-raw\.venv\Lib\site-packages\polars\dataframe\frame.py", line 5275, in rename
    .collect(optimizations=QueryOptFlags._eager())
     ^^^^^^^^^^^^^^^^^^^^^^^^^^^^^^^^^^^^^^^^^^^^^
  File "C:\Users\saiem\Documents\GitHub-Data\sdv-dev\cfbfastR-dev\cfbfastR-cfb-raw\.venv\Lib\site-packages\polars\_utils\deprecation.py", line 97, in wrapper
    return function(*args, **kwargs)
           ^^^^^^^^^^^^^^^^^^^^^^^^^
  File "C:\Users\saiem\Documents\GitHub-Data\sdv-dev\cfbfastR-dev\cfbfastR-cfb-raw\.venv\Lib\site-packages\polars\lazyframe\opt_flags.py", line 343, in wrapper
    return function(*args, **kwargs)
           ^^^^^^^^^^^^^^^^^^^^^^^^^
  File "C:\Users\saiem\Documents\GitHub-Data\sdv-dev\cfbfastR-dev\cfbfastR-cfb-raw\.venv\Lib\site-packages\polars\lazyframe\frame.py", line 2630, in collect
    return wrap_df(ldf.collect(engine, callback))
                   ^^^^^^^^^^^^^^^^^^^^^^^^^^^^^
polars.exceptions.ColumnNotFoundError: "statistics_href" not found
ERROR:cfb_json_2020:extra fetch failed: _rosters(401248995,)
Traceback (most recent call last):
  File "C:\Users\saiem\Documents\GitHub-Data\sdv-dev\cfbfastR-dev\cfbfastR-cfb-raw\python\_cfb_raw_utils.py", line 93, in _safe
    return fn(*args, **kwargs)
           ^^^^^^^^^^^^^^^^^^^
  File "C:\Users\saiem\Documents\GitHub-Data\sdv-dev\cfbfastR-dev\cfbfastR-cfb-raw\python\scrape_cfb_json.py", line 31, in _rosters
    return sdv.cfb.espn_cfb_game_rosters(game_id=gid, return_as_pandas=True).to_dict("records")
           ^^^^^^^^^^^^^^^^^^^^^^^^^^^^^^^^^^^^^^^^^^^^^^^^^^^^^^^^^^^^^^^^^
  File "C:\Users\saiem\Documents\GitHub-Data\sdv-dev\cfbfastR-dev\cfbfastR-cfb-raw\.venv\Lib\site-packages\sportsdataverse\cfb\cfb_game_rosters.py", line 65, in espn_cfb_game_rosters
    items = helper_cfb_game_items(summary)
            ^^^^^^^^^^^^^^^^^^^^^^^^^^^^^^
  File "C:\Users\saiem\Documents\GitHub-Data\sdv-dev\cfbfastR-dev\cfbfastR-cfb-raw\.venv\Lib\site-packages\sportsdataverse\cfb\cfb_game_rosters.py", line 97, in helper_cfb_game_items
    items = items.rename({"id": "team_id", "uid": "team_uid", "statistics_href": "team_statistics_href"})
            ^^^^^^^^^^^^^^^^^^^^^^^^^^^^^^^^^^^^^^^^^^^^^^^^^^^^^^^^^^^^^^^^^^^^^^^^^^^^^^^^^^^^^^^^^^^^^
  File "C:\Users\saiem\Documents\GitHub-Data\sdv-dev\cfbfastR-dev\cfbfastR-cfb-raw\.venv\Lib\site-packages\polars\dataframe\frame.py", line 5275, in rename
    .collect(optimizations=QueryOptFlags._eager())
     ^^^^^^^^^^^^^^^^^^^^^^^^^^^^^^^^^^^^^^^^^^^^^
  File "C:\Users\saiem\Documents\GitHub-Data\sdv-dev\cfbfastR-dev\cfbfastR-cfb-raw\.venv\Lib\site-packages\polars\_utils\deprecation.py", line 97, in wrapper
    return function(*args, **kwargs)
           ^^^^^^^^^^^^^^^^^^^^^^^^^
  File "C:\Users\saiem\Documents\GitHub-Data\sdv-dev\cfbfastR-dev\cfbfastR-cfb-raw\.venv\Lib\site-packages\polars\lazyframe\opt_flags.py", line 343, in wrapper
    return function(*args, **kwargs)
           ^^^^^^^^^^^^^^^^^^^^^^^^^
  File "C:\Users\saiem\Documents\GitHub-Data\sdv-dev\cfbfastR-dev\cfbfastR-cfb-raw\.venv\Lib\site-packages\polars\lazyframe\frame.py", line 2630, in collect
    return wrap_df(ldf.collect(engine, callback))
                   ^^^^^^^^^^^^^^^^^^^^^^^^^^^^^
polars.exceptions.ColumnNotFoundError: "statistics_href" not found
2026-06-16 12:14:58,998 ERROR extra fetch failed: _rosters(401235433,)
Traceback (most recent call last):
  File "C:\Users\saiem\Documents\GitHub-Data\sdv-dev\cfbfastR-dev\cfbfastR-cfb-raw\python\_cfb_raw_utils.py", line 93, in _safe
    return fn(*args, **kwargs)
           ^^^^^^^^^^^^^^^^^^^
  File "C:\Users\saiem\Documents\GitHub-Data\sdv-dev\cfbfastR-dev\cfbfastR-cfb-raw\python\scrape_cfb_json.py", line 31, in _rosters
    return sdv.cfb.espn_cfb_game_rosters(game_id=gid, return_as_pandas=True).to_dict("records")
           ^^^^^^^^^^^^^^^^^^^^^^^^^^^^^^^^^^^^^^^^^^^^^^^^^^^^^^^^^^^^^^^^^
  File "C:\Users\saiem\Documents\GitHub-Data\sdv-dev\cfbfastR-dev\cfbfastR-cfb-raw\.venv\Lib\site-packages\sportsdataverse\cfb\cfb_game_rosters.py", line 65, in espn_cfb_game_rosters
    items = helper_cfb_game_items(summary)
            ^^^^^^^^^^^^^^^^^^^^^^^^^^^^^^
  File "C:\Users\saiem\Documents\GitHub-Data\sdv-dev\cfbfastR-dev\cfbfastR-cfb-raw\.venv\Lib\site-packages\sportsdataverse\cfb\cfb_game_rosters.py", line 97, in helper_cfb_game_items
    items = items.rename({"id": "team_id", "uid": "team_uid", "statistics_href": "team_statistics_href"})
            ^^^^^^^^^^^^^^^^^^^^^^^^^^^^^^^^^^^^^^^^^^^^^^^^^^^^^^^^^^^^^^^^^^^^^^^^^^^^^^^^^^^^^^^^^^^^^
  File "C:\Users\saiem\Documents\GitHub-Data\sdv-dev\cfbfastR-dev\cfbfastR-cfb-raw\.venv\Lib\site-packages\polars\dataframe\frame.py", line 5275, in rename
    .collect(optimizations=QueryOptFlags._eager())
     ^^^^^^^^^^^^^^^^^^^^^^^^^^^^^^^^^^^^^^^^^^^^^
  File "C:\Users\saiem\Documents\GitHub-Data\sdv-dev\cfbfastR-dev\cfbfastR-cfb-raw\.venv\Lib\site-packages\polars\_utils\deprecation.py", line 97, in wrapper
    return function(*args, **kwargs)
           ^^^^^^^^^^^^^^^^^^^^^^^^^
  File "C:\Users\saiem\Documents\GitHub-Data\sdv-dev\cfbfastR-dev\cfbfastR-cfb-raw\.venv\Lib\site-packages\polars\lazyframe\opt_flags.py", line 343, in wrapper
    return function(*args, **kwargs)
           ^^^^^^^^^^^^^^^^^^^^^^^^^
  File "C:\Users\saiem\Documents\GitHub-Data\sdv-dev\cfbfastR-dev\cfbfastR-cfb-raw\.venv\Lib\site-packages\polars\lazyframe\frame.py", line 2630, in collect
    return wrap_df(ldf.collect(engine, callback))
                   ^^^^^^^^^^^^^^^^^^^^^^^^^^^^^
polars.exceptions.ColumnNotFoundError: "statistics_href" not found
ERROR:cfb_json_2020:extra fetch failed: _rosters(401235433,)
Traceback (most recent call last):
  File "C:\Users\saiem\Documents\GitHub-Data\sdv-dev\cfbfastR-dev\cfbfastR-cfb-raw\python\_cfb_raw_utils.py", line 93, in _safe
    return fn(*args, **kwargs)
           ^^^^^^^^^^^^^^^^^^^
  File "C:\Users\saiem\Documents\GitHub-Data\sdv-dev\cfbfastR-dev\cfbfastR-cfb-raw\python\scrape_cfb_json.py", line 31, in _rosters
    return sdv.cfb.espn_cfb_game_rosters(game_id=gid, return_as_pandas=True).to_dict("records")
           ^^^^^^^^^^^^^^^^^^^^^^^^^^^^^^^^^^^^^^^^^^^^^^^^^^^^^^^^^^^^^^^^^
  File "C:\Users\saiem\Documents\GitHub-Data\sdv-dev\cfbfastR-dev\cfbfastR-cfb-raw\.venv\Lib\site-packages\sportsdataverse\cfb\cfb_game_rosters.py", line 65, in espn_cfb_game_rosters
    items = helper_cfb_game_items(summary)
            ^^^^^^^^^^^^^^^^^^^^^^^^^^^^^^
  File "C:\Users\saiem\Documents\GitHub-Data\sdv-dev\cfbfastR-dev\cfbfastR-cfb-raw\.venv\Lib\site-packages\sportsdataverse\cfb\cfb_game_rosters.py", line 97, in helper_cfb_game_items
    items = items.rename({"id": "team_id", "uid": "team_uid", "statistics_href": "team_statistics_href"})
            ^^^^^^^^^^^^^^^^^^^^^^^^^^^^^^^^^^^^^^^^^^^^^^^^^^^^^^^^^^^^^^^^^^^^^^^^^^^^^^^^^^^^^^^^^^^^^
  File "C:\Users\saiem\Documents\GitHub-Data\sdv-dev\cfbfastR-dev\cfbfastR-cfb-raw\.venv\Lib\site-packages\polars\dataframe\frame.py", line 5275, in rename
    .collect(optimizations=QueryOptFlags._eager())
     ^^^^^^^^^^^^^^^^^^^^^^^^^^^^^^^^^^^^^^^^^^^^^
  File "C:\Users\saiem\Documents\GitHub-Data\sdv-dev\cfbfastR-dev\cfbfastR-cfb-raw\.venv\Lib\site-packages\polars\_utils\deprecation.py", line 97, in wrapper
    return function(*args, **kwargs)
           ^^^^^^^^^^^^^^^^^^^^^^^^^
  File "C:\Users\saiem\Documents\GitHub-Data\sdv-dev\cfbfastR-dev\cfbfastR-cfb-raw\.venv\Lib\site-packages\polars\lazyframe\opt_flags.py", line 343, in wrapper
    return function(*args, **kwargs)
           ^^^^^^^^^^^^^^^^^^^^^^^^^
  File "C:\Users\saiem\Documents\GitHub-Data\sdv-dev\cfbfastR-dev\cfbfastR-cfb-raw\.venv\Lib\site-packages\polars\lazyframe\frame.py", line 2630, in collect
    return wrap_df(ldf.collect(engine, callback))
                   ^^^^^^^^^^^^^^^^^^^^^^^^^^^^^
polars.exceptions.ColumnNotFoundError: "statistics_href" not found
cfb 2020:   0%|          | 1/213 [00:03<11:40,  3.30s/it]2026-06-16 12:14:59,782 ERROR extra fetch failed: _rosters(401247304,)
Traceback (most recent call last):
  File "C:\Users\saiem\Documents\GitHub-Data\sdv-dev\cfbfastR-dev\cfbfastR-cfb-raw\python\_cfb_raw_utils.py", line 93, in _safe
    return fn(*args, **kwargs)
           ^^^^^^^^^^^^^^^^^^^
  File "C:\Users\saiem\Documents\GitHub-Data\sdv-dev\cfbfastR-dev\cfbfastR-cfb-raw\python\scrape_cfb_json.py", line 31, in _rosters
    return sdv.cfb.espn_cfb_game_rosters(game_id=gid, return_as_pandas=True).to_dict("records")
           ^^^^^^^^^^^^^^^^^^^^^^^^^^^^^^^^^^^^^^^^^^^^^^^^^^^^^^^^^^^^^^^^^
  File "C:\Users\saiem\Documents\GitHub-Data\sdv-dev\cfbfastR-dev\cfbfastR-cfb-raw\.venv\Lib\site-packages\sportsdataverse\cfb\cfb_game_rosters.py", line 65, in espn_cfb_game_rosters
    items = helper_cfb_game_items(summary)
            ^^^^^^^^^^^^^^^^^^^^^^^^^^^^^^
  File "C:\Users\saiem\Documents\GitHub-Data\sdv-dev\cfbfastR-dev\cfbfastR-cfb-raw\.venv\Lib\site-packages\sportsdataverse\cfb\cfb_game_rosters.py", line 97, in helper_cfb_game_items
    items = items.rename({"id": "team_id", "uid": "team_uid", "statistics_href": "team_statistics_href"})
            ^^^^^^^^^^^^^^^^^^^^^^^^^^^^^^^^^^^^^^^^^^^^^^^^^^^^^^^^^^^^^^^^^^^^^^^^^^^^^^^^^^^^^^^^^^^^^
  File "C:\Users\saiem\Documents\GitHub-Data\sdv-dev\cfbfastR-dev\cfbfastR-cfb-raw\.venv\Lib\site-packages\polars\dataframe\frame.py", line 5275, in rename
    .collect(optimizations=QueryOptFlags._eager())
     ^^^^^^^^^^^^^^^^^^^^^^^^^^^^^^^^^^^^^^^^^^^^^
  File "C:\Users\saiem\Documents\GitHub-Data\sdv-dev\cfbfastR-dev\cfbfastR-cfb-raw\.venv\Lib\site-packages\polars\_utils\deprecation.py", line 97, in wrapper
    return function(*args, **kwargs)
           ^^^^^^^^^^^^^^^^^^^^^^^^^
  File "C:\Users\saiem\Documents\GitHub-Data\sdv-dev\cfbfastR-dev\cfbfastR-cfb-raw\.venv\Lib\site-packages\polars\lazyframe\opt_flags.py", line 343, in wrapper
    return function(*args, **kwargs)
           ^^^^^^^^^^^^^^^^^^^^^^^^^
  File "C:\Users\saiem\Documents\GitHub-Data\sdv-dev\cfbfastR-dev\cfbfastR-cfb-raw\.venv\Lib\site-packages\polars\lazyframe\frame.py", line 2630, in collect
    return wrap_df(ldf.collect(engine, callback))
                   ^^^^^^^^^^^^^^^^^^^^^^^^^^^^^
polars.exceptions.ColumnNotFoundError: "statistics_href" not found
ERROR:cfb_json_2020:extra fetch failed: _rosters(401247304,)
Traceback (most recent call last):
  File "C:\Users\saiem\Documents\GitHub-Data\sdv-dev\cfbfastR-dev\cfbfastR-cfb-raw\python\_cfb_raw_utils.py", line 93, in _safe
    return fn(*args, **kwargs)
           ^^^^^^^^^^^^^^^^^^^
  File "C:\Users\saiem\Documents\GitHub-Data\sdv-dev\cfbfastR-dev\cfbfastR-cfb-raw\python\scrape_cfb_json.py", line 31, in _rosters
    return sdv.cfb.espn_cfb_game_rosters(game_id=gid, return_as_pandas=True).to_dict("records")
           ^^^^^^^^^^^^^^^^^^^^^^^^^^^^^^^^^^^^^^^^^^^^^^^^^^^^^^^^^^^^^^^^^
  File "C:\Users\saiem\Documents\GitHub-Data\sdv-dev\cfbfastR-dev\cfbfastR-cfb-raw\.venv\Lib\site-packages\sportsdataverse\cfb\cfb_game_rosters.py", line 65, in espn_cfb_game_rosters
    items = helper_cfb_game_items(summary)
            ^^^^^^^^^^^^^^^^^^^^^^^^^^^^^^
  File "C:\Users\saiem\Documents\GitHub-Data\sdv-dev\cfbfastR-dev\cfbfastR-cfb-raw\.venv\Lib\site-packages\sportsdataverse\cfb\cfb_game_rosters.py", line 97, in helper_cfb_game_items
    items = items.rename({"id": "team_id", "uid": "team_uid", "statistics_href": "team_statistics_href"})
            ^^^^^^^^^^^^^^^^^^^^^^^^^^^^^^^^^^^^^^^^^^^^^^^^^^^^^^^^^^^^^^^^^^^^^^^^^^^^^^^^^^^^^^^^^^^^^
  File "C:\Users\saiem\Documents\GitHub-Data\sdv-dev\cfbfastR-dev\cfbfastR-cfb-raw\.venv\Lib\site-packages\polars\dataframe\frame.py", line 5275, in rename
    .collect(optimizations=QueryOptFlags._eager())
     ^^^^^^^^^^^^^^^^^^^^^^^^^^^^^^^^^^^^^^^^^^^^^
  File "C:\Users\saiem\Documents\GitHub-Data\sdv-dev\cfbfastR-dev\cfbfastR-cfb-raw\.venv\Lib\site-packages\polars\_utils\deprecation.py", line 97, in wrapper
    return function(*args, **kwargs)
           ^^^^^^^^^^^^^^^^^^^^^^^^^
  File "C:\Users\saiem\Documents\GitHub-Data\sdv-dev\cfbfastR-dev\cfbfastR-cfb-raw\.venv\Lib\site-packages\polars\lazyframe\opt_flags.py", line 343, in wrapper
    return function(*args, **kwargs)
           ^^^^^^^^^^^^^^^^^^^^^^^^^
  File "C:\Users\saiem\Documents\GitHub-Data\sdv-dev\cfbfastR-dev\cfbfastR-cfb-raw\.venv\Lib\site-packages\polars\lazyframe\frame.py", line 2630, in collect
    return wrap_df(ldf.collect(engine, callback))
                   ^^^^^^^^^^^^^^^^^^^^^^^^^^^^^
polars.exceptions.ColumnNotFoundError: "statistics_href" not found
2026-06-16 12:14:59,861 ERROR extra fetch failed: _rosters(401247311,)
Traceback (most recent call last):
  File "C:\Users\saiem\Documents\GitHub-Data\sdv-dev\cfbfastR-dev\cfbfastR-cfb-raw\python\_cfb_raw_utils.py", line 93, in _safe
    return fn(*args, **kwargs)
           ^^^^^^^^^^^^^^^^^^^
  File "C:\Users\saiem\Documents\GitHub-Data\sdv-dev\cfbfastR-dev\cfbfastR-cfb-raw\python\scrape_cfb_json.py", line 31, in _rosters
    return sdv.cfb.espn_cfb_game_rosters(game_id=gid, return_as_pandas=True).to_dict("records")
           ^^^^^^^^^^^^^^^^^^^^^^^^^^^^^^^^^^^^^^^^^^^^^^^^^^^^^^^^^^^^^^^^^
  File "C:\Users\saiem\Documents\GitHub-Data\sdv-dev\cfbfastR-dev\cfbfastR-cfb-raw\.venv\Lib\site-packages\sportsdataverse\cfb\cfb_game_rosters.py", line 65, in espn_cfb_game_rosters
    items = helper_cfb_game_items(summary)
            ^^^^^^^^^^^^^^^^^^^^^^^^^^^^^^
  File "C:\Users\saiem\Documents\GitHub-Data\sdv-dev\cfbfastR-dev\cfbfastR-cfb-raw\.venv\Lib\site-packages\sportsdataverse\cfb\cfb_game_rosters.py", line 97, in helper_cfb_game_items
    items = items.rename({"id": "team_id", "uid": "team_uid", "statistics_href": "team_statistics_href"})
            ^^^^^^^^^^^^^^^^^^^^^^^^^^^^^^^^^^^^^^^^^^^^^^^^^^^^^^^^^^^^^^^^^^^^^^^^^^^^^^^^^^^^^^^^^^^^^
  File "C:\Users\saiem\Documents\GitHub-Data\sdv-dev\cfbfastR-dev\cfbfastR-cfb-raw\.venv\Lib\site-packages\polars\dataframe\frame.py", line 5275, in rename
    .collect(optimizations=QueryOptFlags._eager())
     ^^^^^^^^^^^^^^^^^^^^^^^^^^^^^^^^^^^^^^^^^^^^^
  File "C:\Users\saiem\Documents\GitHub-Data\sdv-dev\cfbfastR-dev\cfbfastR-cfb-raw\.venv\Lib\site-packages\polars\_utils\deprecation.py", line 97, in wrapper
    return function(*args, **kwargs)
           ^^^^^^^^^^^^^^^^^^^^^^^^^
  File "C:\Users\saiem\Documents\GitHub-Data\sdv-dev\cfbfastR-dev\cfbfastR-cfb-raw\.venv\Lib\site-packages\polars\lazyframe\opt_flags.py", line 343, in wrapper
    return function(*args, **kwargs)
           ^^^^^^^^^^^^^^^^^^^^^^^^^
  File "C:\Users\saiem\Documents\GitHub-Data\sdv-dev\cfbfastR-dev\cfbfastR-cfb-raw\.venv\Lib\site-packages\polars\lazyframe\frame.py", line 2630, in collect
    return wrap_df(ldf.collect(engine, callback))
                   ^^^^^^^^^^^^^^^^^^^^^^^^^^^^^
polars.exceptions.ColumnNotFoundError: "statistics_href" not found
ERROR:cfb_json_2020:extra fetch failed: _rosters(401247311,)
Traceback (most recent call last):
  File "C:\Users\saiem\Documents\GitHub-Data\sdv-dev\cfbfastR-dev\cfbfastR-cfb-raw\python\_cfb_raw_utils.py", line 93, in _safe
    return fn(*args, **kwargs)
           ^^^^^^^^^^^^^^^^^^^
  File "C:\Users\saiem\Documents\GitHub-Data\sdv-dev\cfbfastR-dev\cfbfastR-cfb-raw\python\scrape_cfb_json.py", line 31, in _rosters
    return sdv.cfb.espn_cfb_game_rosters(game_id=gid, return_as_pandas=True).to_dict("records")
           ^^^^^^^^^^^^^^^^^^^^^^^^^^^^^^^^^^^^^^^^^^^^^^^^^^^^^^^^^^^^^^^^^
  File "C:\Users\saiem\Documents\GitHub-Data\sdv-dev\cfbfastR-dev\cfbfastR-cfb-raw\.venv\Lib\site-packages\sportsdataverse\cfb\cfb_game_rosters.py", line 65, in espn_cfb_game_rosters
    items = helper_cfb_game_items(summary)
            ^^^^^^^^^^^^^^^^^^^^^^^^^^^^^^
  File "C:\Users\saiem\Documents\GitHub-Data\sdv-dev\cfbfastR-dev\cfbfastR-cfb-raw\.venv\Lib\site-packages\sportsdataverse\cfb\cfb_game_rosters.py", line 97, in helper_cfb_game_items
    items = items.rename({"id": "team_id", "uid": "team_uid", "statistics_href": "team_statistics_href"})
            ^^^^^^^^^^^^^^^^^^^^^^^^^^^^^^^^^^^^^^^^^^^^^^^^^^^^^^^^^^^^^^^^^^^^^^^^^^^^^^^^^^^^^^^^^^^^^
  File "C:\Users\saiem\Documents\GitHub-Data\sdv-dev\cfbfastR-dev\cfbfastR-cfb-raw\.venv\Lib\site-packages\polars\dataframe\frame.py", line 5275, in rename
    .collect(optimizations=QueryOptFlags._eager())
     ^^^^^^^^^^^^^^^^^^^^^^^^^^^^^^^^^^^^^^^^^^^^^
  File "C:\Users\saiem\Documents\GitHub-Data\sdv-dev\cfbfastR-dev\cfbfastR-cfb-raw\.venv\Lib\site-packages\polars\_utils\deprecation.py", line 97, in wrapper
    return function(*args, **kwargs)
           ^^^^^^^^^^^^^^^^^^^^^^^^^
  File "C:\Users\saiem\Documents\GitHub-Data\sdv-dev\cfbfastR-dev\cfbfastR-cfb-raw\.venv\Lib\site-packages\polars\lazyframe\opt_flags.py", line 343, in wrapper
    return function(*args, **kwargs)
           ^^^^^^^^^^^^^^^^^^^^^^^^^
  File "C:\Users\saiem\Documents\GitHub-Data\sdv-dev\cfbfastR-dev\cfbfastR-cfb-raw\.venv\Lib\site-packages\polars\lazyframe\frame.py", line 2630, in collect
    return wrap_df(ldf.collect(engine, callback))
                   ^^^^^^^^^^^^^^^^^^^^^^^^^^^^^
polars.exceptions.ColumnNotFoundError: "statistics_href" not found
cfb 2020:   1%|1         | 3/213 [00:04<04:05,  1.17s/it]2026-06-16 12:15:00,443 ERROR extra fetch failed: _rosters(401207168,)
Traceback (most recent call last):
  File "C:\Users\saiem\Documents\GitHub-Data\sdv-dev\cfbfastR-dev\cfbfastR-cfb-raw\python\_cfb_raw_utils.py", line 93, in _safe
    return fn(*args, **kwargs)
           ^^^^^^^^^^^^^^^^^^^
  File "C:\Users\saiem\Documents\GitHub-Data\sdv-dev\cfbfastR-dev\cfbfastR-cfb-raw\python\scrape_cfb_json.py", line 31, in _rosters
    return sdv.cfb.espn_cfb_game_rosters(game_id=gid, return_as_pandas=True).to_dict("records")
           ^^^^^^^^^^^^^^^^^^^^^^^^^^^^^^^^^^^^^^^^^^^^^^^^^^^^^^^^^^^^^^^^^
  File "C:\Users\saiem\Documents\GitHub-Data\sdv-dev\cfbfastR-dev\cfbfastR-cfb-raw\.venv\Lib\site-packages\sportsdataverse\cfb\cfb_game_rosters.py", line 65, in espn_cfb_game_rosters
    items = helper_cfb_game_items(summary)
            ^^^^^^^^^^^^^^^^^^^^^^^^^^^^^^
  File "C:\Users\saiem\Documents\GitHub-Data\sdv-dev\cfbfastR-dev\cfbfastR-cfb-raw\.venv\Lib\site-packages\sportsdataverse\cfb\cfb_game_rosters.py", line 97, in helper_cfb_game_items
    items = items.rename({"id": "team_id", "uid": "team_uid", "statistics_href": "team_statistics_href"})
            ^^^^^^^^^^^^^^^^^^^^^^^^^^^^^^^^^^^^^^^^^^^^^^^^^^^^^^^^^^^^^^^^^^^^^^^^^^^^^^^^^^^^^^^^^^^^^
  File "C:\Users\saiem\Documents\GitHub-Data\sdv-dev\cfbfastR-dev\cfbfastR-cfb-raw\.venv\Lib\site-packages\polars\dataframe\frame.py", line 5275, in rename
    .collect(optimizations=QueryOptFlags._eager())
     ^^^^^^^^^^^^^^^^^^^^^^^^^^^^^^^^^^^^^^^^^^^^^
  File "C:\Users\saiem\Documents\GitHub-Data\sdv-dev\cfbfastR-dev\cfbfastR-cfb-raw\.venv\Lib\site-packages\polars\_utils\deprecation.py", line 97, in wrapper
    return function(*args, **kwargs)
           ^^^^^^^^^^^^^^^^^^^^^^^^^
  File "C:\Users\saiem\Documents\GitHub-Data\sdv-dev\cfbfastR-dev\cfbfastR-cfb-raw\.venv\Lib\site-packages\polars\lazyframe\opt_flags.py", line 343, in wrapper
    return function(*args, **kwargs)
           ^^^^^^^^^^^^^^^^^^^^^^^^^
  File "C:\Users\saiem\Documents\GitHub-Data\sdv-dev\cfbfastR-dev\cfbfastR-cfb-raw\.venv\Lib\site-packages\polars\lazyframe\frame.py", line 2630, in collect
    return wrap_df(ldf.collect(engine, callback))
                   ^^^^^^^^^^^^^^^^^^^^^^^^^^^^^
polars.exceptions.ColumnNotFoundError: "statistics_href" not found
ERROR:cfb_json_2020:extra fetch failed: _rosters(401207168,)
Traceback (most recent call last):
  File "C:\Users\saiem\Documents\GitHub-Data\sdv-dev\cfbfastR-dev\cfbfastR-cfb-raw\python\_cfb_raw_utils.py", line 93, in _safe
    return fn(*args, **kwargs)
           ^^^^^^^^^^^^^^^^^^^
  File "C:\Users\saiem\Documents\GitHub-Data\sdv-dev\cfbfastR-dev\cfbfastR-cfb-raw\python\scrape_cfb_json.py", line 31, in _rosters
    return sdv.cfb.espn_cfb_game_rosters(game_id=gid, return_as_pandas=True).to_dict("records")
           ^^^^^^^^^^^^^^^^^^^^^^^^^^^^^^^^^^^^^^^^^^^^^^^^^^^^^^^^^^^^^^^^^
  File "C:\Users\saiem\Documents\GitHub-Data\sdv-dev\cfbfastR-dev\cfbfastR-cfb-raw\.venv\Lib\site-packages\sportsdataverse\cfb\cfb_game_rosters.py", line 65, in espn_cfb_game_rosters
    items = helper_cfb_game_items(summary)
            ^^^^^^^^^^^^^^^^^^^^^^^^^^^^^^
  File "C:\Users\saiem\Documents\GitHub-Data\sdv-dev\cfbfastR-dev\cfbfastR-cfb-raw\.venv\Lib\site-packages\sportsdataverse\cfb\cfb_game_rosters.py", line 97, in helper_cfb_game_items
    items = items.rename({"id": "team_id", "uid": "team_uid", "statistics_href": "team_statistics_href"})
            ^^^^^^^^^^^^^^^^^^^^^^^^^^^^^^^^^^^^^^^^^^^^^^^^^^^^^^^^^^^^^^^^^^^^^^^^^^^^^^^^^^^^^^^^^^^^^
  File "C:\Users\saiem\Documents\GitHub-Data\sdv-dev\cfbfastR-dev\cfbfastR-cfb-raw\.venv\Lib\site-packages\polars\dataframe\frame.py", line 5275, in rename
    .collect(optimizations=QueryOptFlags._eager())
     ^^^^^^^^^^^^^^^^^^^^^^^^^^^^^^^^^^^^^^^^^^^^^
  File "C:\Users\saiem\Documents\GitHub-Data\sdv-dev\cfbfastR-dev\cfbfastR-cfb-raw\.venv\Lib\site-packages\polars\_utils\deprecation.py", line 97, in wrapper
    return function(*args, **kwargs)
           ^^^^^^^^^^^^^^^^^^^^^^^^^
  File "C:\Users\saiem\Documents\GitHub-Data\sdv-dev\cfbfastR-dev\cfbfastR-cfb-raw\.venv\Lib\site-packages\polars\lazyframe\opt_flags.py", line 343, in wrapper
    return function(*args, **kwargs)
           ^^^^^^^^^^^^^^^^^^^^^^^^^
  File "C:\Users\saiem\Documents\GitHub-Data\sdv-dev\cfbfastR-dev\cfbfastR-cfb-raw\.venv\Lib\site-packages\polars\lazyframe\frame.py", line 2630, in collect
    return wrap_df(ldf.collect(engine, callback))
                   ^^^^^^^^^^^^^^^^^^^^^^^^^^^^^
polars.exceptions.ColumnNotFoundError: "statistics_href" not found
cfb 2020:   2%|2         | 5/213 [00:04<02:33,  1.36it/s]2026-06-16 12:15:00,929 ERROR extra fetch failed: _rosters(401249401,)
Traceback (most recent call last):
  File "C:\Users\saiem\Documents\GitHub-Data\sdv-dev\cfbfastR-dev\cfbfastR-cfb-raw\python\_cfb_raw_utils.py", line 93, in _safe
    return fn(*args, **kwargs)
           ^^^^^^^^^^^^^^^^^^^
  File "C:\Users\saiem\Documents\GitHub-Data\sdv-dev\cfbfastR-dev\cfbfastR-cfb-raw\python\scrape_cfb_json.py", line 31, in _rosters
    return sdv.cfb.espn_cfb_game_rosters(game_id=gid, return_as_pandas=True).to_dict("records")
           ^^^^^^^^^^^^^^^^^^^^^^^^^^^^^^^^^^^^^^^^^^^^^^^^^^^^^^^^^^^^^^^^^
  File "C:\Users\saiem\Documents\GitHub-Data\sdv-dev\cfbfastR-dev\cfbfastR-cfb-raw\.venv\Lib\site-packages\sportsdataverse\cfb\cfb_game_rosters.py", line 65, in espn_cfb_game_rosters
    items = helper_cfb_game_items(summary)
            ^^^^^^^^^^^^^^^^^^^^^^^^^^^^^^
  File "C:\Users\saiem\Documents\GitHub-Data\sdv-dev\cfbfastR-dev\cfbfastR-cfb-raw\.venv\Lib\site-packages\sportsdataverse\cfb\cfb_game_rosters.py", line 97, in helper_cfb_game_items
    items = items.rename({"id": "team_id", "uid": "team_uid", "statistics_href": "team_statistics_href"})
            ^^^^^^^^^^^^^^^^^^^^^^^^^^^^^^^^^^^^^^^^^^^^^^^^^^^^^^^^^^^^^^^^^^^^^^^^^^^^^^^^^^^^^^^^^^^^^
  File "C:\Users\saiem\Documents\GitHub-Data\sdv-dev\cfbfastR-dev\cfbfastR-cfb-raw\.venv\Lib\site-packages\polars\dataframe\frame.py", line 5275, in rename
    .collect(optimizations=QueryOptFlags._eager())
     ^^^^^^^^^^^^^^^^^^^^^^^^^^^^^^^^^^^^^^^^^^^^^
  File "C:\Users\saiem\Documents\GitHub-Data\sdv-dev\cfbfastR-dev\cfbfastR-cfb-raw\.venv\Lib\site-packages\polars\_utils\deprecation.py", line 97, in wrapper
    return function(*args, **kwargs)
           ^^^^^^^^^^^^^^^^^^^^^^^^^
  File "C:\Users\saiem\Documents\GitHub-Data\sdv-dev\cfbfastR-dev\cfbfastR-cfb-raw\.venv\Lib\site-packages\polars\lazyframe\opt_flags.py", line 343, in wrapper
    return function(*args, **kwargs)
           ^^^^^^^^^^^^^^^^^^^^^^^^^
  File "C:\Users\saiem\Documents\GitHub-Data\sdv-dev\cfbfastR-dev\cfbfastR-cfb-raw\.venv\Lib\site-packages\polars\lazyframe\frame.py", line 2630, in collect
    return wrap_df(ldf.collect(engine, callback))
                   ^^^^^^^^^^^^^^^^^^^^^^^^^^^^^
polars.exceptions.ColumnNotFoundError: "statistics_href" not found
ERROR:cfb_json_2020:extra fetch failed: _rosters(401249401,)
Traceback (most recent call last):
  File "C:\Users\saiem\Documents\GitHub-Data\sdv-dev\cfbfastR-dev\cfbfastR-cfb-raw\python\_cfb_raw_utils.py", line 93, in _safe
    return fn(*args, **kwargs)
           ^^^^^^^^^^^^^^^^^^^
  File "C:\Users\saiem\Documents\GitHub-Data\sdv-dev\cfbfastR-dev\cfbfastR-cfb-raw\python\scrape_cfb_json.py", line 31, in _rosters
    return sdv.cfb.espn_cfb_game_rosters(game_id=gid, return_as_pandas=True).to_dict("records")
           ^^^^^^^^^^^^^^^^^^^^^^^^^^^^^^^^^^^^^^^^^^^^^^^^^^^^^^^^^^^^^^^^^
  File "C:\Users\saiem\Documents\GitHub-Data\sdv-dev\cfbfastR-dev\cfbfastR-cfb-raw\.venv\Lib\site-packages\sportsdataverse\cfb\cfb_game_rosters.py", line 65, in espn_cfb_game_rosters
    items = helper_cfb_game_items(summary)
            ^^^^^^^^^^^^^^^^^^^^^^^^^^^^^^
  File "C:\Users\saiem\Documents\GitHub-Data\sdv-dev\cfbfastR-dev\cfbfastR-cfb-raw\.venv\Lib\site-packages\sportsdataverse\cfb\cfb_game_rosters.py", line 97, in helper_cfb_game_items
    items = items.rename({"id": "team_id", "uid": "team_uid", "statistics_href": "team_statistics_href"})
            ^^^^^^^^^^^^^^^^^^^^^^^^^^^^^^^^^^^^^^^^^^^^^^^^^^^^^^^^^^^^^^^^^^^^^^^^^^^^^^^^^^^^^^^^^^^^^
  File "C:\Users\saiem\Documents\GitHub-Data\sdv-dev\cfbfastR-dev\cfbfastR-cfb-raw\.venv\Lib\site-packages\polars\dataframe\frame.py", line 5275, in rename
    .collect(optimizations=QueryOptFlags._eager())
     ^^^^^^^^^^^^^^^^^^^^^^^^^^^^^^^^^^^^^^^^^^^^^
  File "C:\Users\saiem\Documents\GitHub-Data\sdv-dev\cfbfastR-dev\cfbfastR-cfb-raw\.venv\Lib\site-packages\polars\_utils\deprecation.py", line 97, in wrapper
    return function(*args, **kwargs)
           ^^^^^^^^^^^^^^^^^^^^^^^^^
  File "C:\Users\saiem\Documents\GitHub-Data\sdv-dev\cfbfastR-dev\cfbfastR-cfb-raw\.venv\Lib\site-packages\polars\lazyframe\opt_flags.py", line 343, in wrapper
    return function(*args, **kwargs)
           ^^^^^^^^^^^^^^^^^^^^^^^^^
  File "C:\Users\saiem\Documents\GitHub-Data\sdv-dev\cfbfastR-dev\cfbfastR-cfb-raw\.venv\Lib\site-packages\polars\lazyframe\frame.py", line 2630, in collect
    return wrap_df(ldf.collect(engine, callback))
                   ^^^^^^^^^^^^^^^^^^^^^^^^^^^^^
polars.exceptions.ColumnNotFoundError: "statistics_href" not found
cfb 2020:   3%|2         | 6/213 [00:05<02:22,  1.45it/s]2026-06-16 12:15:01,229 ERROR extra fetch failed: _rosters(401249398,)
Traceback (most recent call last):
  File "C:\Users\saiem\Documents\GitHub-Data\sdv-dev\cfbfastR-dev\cfbfastR-cfb-raw\python\_cfb_raw_utils.py", line 93, in _safe
    return fn(*args, **kwargs)
           ^^^^^^^^^^^^^^^^^^^
  File "C:\Users\saiem\Documents\GitHub-Data\sdv-dev\cfbfastR-dev\cfbfastR-cfb-raw\python\scrape_cfb_json.py", line 31, in _rosters
    return sdv.cfb.espn_cfb_game_rosters(game_id=gid, return_as_pandas=True).to_dict("records")
           ^^^^^^^^^^^^^^^^^^^^^^^^^^^^^^^^^^^^^^^^^^^^^^^^^^^^^^^^^^^^^^^^^
  File "C:\Users\saiem\Documents\GitHub-Data\sdv-dev\cfbfastR-dev\cfbfastR-cfb-raw\.venv\Lib\site-packages\sportsdataverse\cfb\cfb_game_rosters.py", line 65, in espn_cfb_game_rosters
    items = helper_cfb_game_items(summary)
            ^^^^^^^^^^^^^^^^^^^^^^^^^^^^^^
  File "C:\Users\saiem\Documents\GitHub-Data\sdv-dev\cfbfastR-dev\cfbfastR-cfb-raw\.venv\Lib\site-packages\sportsdataverse\cfb\cfb_game_rosters.py", line 97, in helper_cfb_game_items
    items = items.rename({"id": "team_id", "uid": "team_uid", "statistics_href": "team_statistics_href"})
            ^^^^^^^^^^^^^^^^^^^^^^^^^^^^^^^^^^^^^^^^^^^^^^^^^^^^^^^^^^^^^^^^^^^^^^^^^^^^^^^^^^^^^^^^^^^^^
  File "C:\Users\saiem\Documents\GitHub-Data\sdv-dev\cfbfastR-dev\cfbfastR-cfb-raw\.venv\Lib\site-packages\polars\dataframe\frame.py", line 5275, in rename
    .collect(optimizations=QueryOptFlags._eager())
     ^^^^^^^^^^^^^^^^^^^^^^^^^^^^^^^^^^^^^^^^^^^^^
  File "C:\Users\saiem\Documents\GitHub-Data\sdv-dev\cfbfastR-dev\cfbfastR-cfb-raw\.venv\Lib\site-packages\polars\_utils\deprecation.py", line 97, in wrapper
    return function(*args, **kwargs)
           ^^^^^^^^^^^^^^^^^^^^^^^^^
  File "C:\Users\saiem\Documents\GitHub-Data\sdv-dev\cfbfastR-dev\cfbfastR-cfb-raw\.venv\Lib\site-packages\polars\lazyframe\opt_flags.py", line 343, in wrapper
    return function(*args, **kwargs)
           ^^^^^^^^^^^^^^^^^^^^^^^^^
  File "C:\Users\saiem\Documents\GitHub-Data\sdv-dev\cfbfastR-dev\cfbfastR-cfb-raw\.venv\Lib\site-packages\polars\lazyframe\frame.py", line 2630, in collect
    return wrap_df(ldf.collect(engine, callback))
                   ^^^^^^^^^^^^^^^^^^^^^^^^^^^^^
polars.exceptions.ColumnNotFoundError: "statistics_href" not found
ERROR:cfb_json_2020:extra fetch failed: _rosters(401249398,)
Traceback (most recent call last):
  File "C:\Users\saiem\Documents\GitHub-Data\sdv-dev\cfbfastR-dev\cfbfastR-cfb-raw\python\_cfb_raw_utils.py", line 93, in _safe
    return fn(*args, **kwargs)
           ^^^^^^^^^^^^^^^^^^^
  File "C:\Users\saiem\Documents\GitHub-Data\sdv-dev\cfbfastR-dev\cfbfastR-cfb-raw\python\scrape_cfb_json.py", line 31, in _rosters
    return sdv.cfb.espn_cfb_game_rosters(game_id=gid, return_as_pandas=True).to_dict("records")
           ^^^^^^^^^^^^^^^^^^^^^^^^^^^^^^^^^^^^^^^^^^^^^^^^^^^^^^^^^^^^^^^^^
  File "C:\Users\saiem\Documents\GitHub-Data\sdv-dev\cfbfastR-dev\cfbfastR-cfb-raw\.venv\Lib\site-packages\sportsdataverse\cfb\cfb_game_rosters.py", line 65, in espn_cfb_game_rosters
    items = helper_cfb_game_items(summary)
            ^^^^^^^^^^^^^^^^^^^^^^^^^^^^^^
  File "C:\Users\saiem\Documents\GitHub-Data\sdv-dev\cfbfastR-dev\cfbfastR-cfb-raw\.venv\Lib\site-packages\sportsdataverse\cfb\cfb_game_rosters.py", line 97, in helper_cfb_game_items
    items = items.rename({"id": "team_id", "uid": "team_uid", "statistics_href": "team_statistics_href"})
            ^^^^^^^^^^^^^^^^^^^^^^^^^^^^^^^^^^^^^^^^^^^^^^^^^^^^^^^^^^^^^^^^^^^^^^^^^^^^^^^^^^^^^^^^^^^^^
  File "C:\Users\saiem\Documents\GitHub-Data\sdv-dev\cfbfastR-dev\cfbfastR-cfb-raw\.venv\Lib\site-packages\polars\dataframe\frame.py", line 5275, in rename
    .collect(optimizations=QueryOptFlags._eager())
     ^^^^^^^^^^^^^^^^^^^^^^^^^^^^^^^^^^^^^^^^^^^^^
  File "C:\Users\saiem\Documents\GitHub-Data\sdv-dev\cfbfastR-dev\cfbfastR-cfb-raw\.venv\Lib\site-packages\polars\_utils\deprecation.py", line 97, in wrapper
    return function(*args, **kwargs)
           ^^^^^^^^^^^^^^^^^^^^^^^^^
  File "C:\Users\saiem\Documents\GitHub-Data\sdv-dev\cfbfastR-dev\cfbfastR-cfb-raw\.venv\Lib\site-packages\polars\lazyframe\opt_flags.py", line 343, in wrapper
    return function(*args, **kwargs)
           ^^^^^^^^^^^^^^^^^^^^^^^^^
  File "C:\Users\saiem\Documents\GitHub-Data\sdv-dev\cfbfastR-dev\cfbfastR-cfb-raw\.venv\Lib\site-packages\polars\lazyframe\frame.py", line 2630, in collect
    return wrap_df(ldf.collect(engine, callback))
                   ^^^^^^^^^^^^^^^^^^^^^^^^^^^^^
polars.exceptions.ColumnNotFoundError: "statistics_href" not found
cfb 2020:   3%|3         | 7/213 [00:05<01:55,  1.78it/s]2026-06-16 12:15:01,805 ERROR extra fetch failed: _rosters(401247318,)
Traceback (most recent call last):
  File "C:\Users\saiem\Documents\GitHub-Data\sdv-dev\cfbfastR-dev\cfbfastR-cfb-raw\python\_cfb_raw_utils.py", line 93, in _safe
    return fn(*args, **kwargs)
           ^^^^^^^^^^^^^^^^^^^
  File "C:\Users\saiem\Documents\GitHub-Data\sdv-dev\cfbfastR-dev\cfbfastR-cfb-raw\python\scrape_cfb_json.py", line 31, in _rosters
    return sdv.cfb.espn_cfb_game_rosters(game_id=gid, return_as_pandas=True).to_dict("records")
           ^^^^^^^^^^^^^^^^^^^^^^^^^^^^^^^^^^^^^^^^^^^^^^^^^^^^^^^^^^^^^^^^^
  File "C:\Users\saiem\Documents\GitHub-Data\sdv-dev\cfbfastR-dev\cfbfastR-cfb-raw\.venv\Lib\site-packages\sportsdataverse\cfb\cfb_game_rosters.py", line 65, in espn_cfb_game_rosters
    items = helper_cfb_game_items(summary)
            ^^^^^^^^^^^^^^^^^^^^^^^^^^^^^^
  File "C:\Users\saiem\Documents\GitHub-Data\sdv-dev\cfbfastR-dev\cfbfastR-cfb-raw\.venv\Lib\site-packages\sportsdataverse\cfb\cfb_game_rosters.py", line 97, in helper_cfb_game_items
    items = items.rename({"id": "team_id", "uid": "team_uid", "statistics_href": "team_statistics_href"})
            ^^^^^^^^^^^^^^^^^^^^^^^^^^^^^^^^^^^^^^^^^^^^^^^^^^^^^^^^^^^^^^^^^^^^^^^^^^^^^^^^^^^^^^^^^^^^^
  File "C:\Users\saiem\Documents\GitHub-Data\sdv-dev\cfbfastR-dev\cfbfastR-cfb-raw\.venv\Lib\site-packages\polars\dataframe\frame.py", line 5275, in rename
    .collect(optimizations=QueryOptFlags._eager())
     ^^^^^^^^^^^^^^^^^^^^^^^^^^^^^^^^^^^^^^^^^^^^^
  File "C:\Users\saiem\Documents\GitHub-Data\sdv-dev\cfbfastR-dev\cfbfastR-cfb-raw\.venv\Lib\site-packages\polars\_utils\deprecation.py", line 97, in wrapper
    return function(*args, **kwargs)
           ^^^^^^^^^^^^^^^^^^^^^^^^^
  File "C:\Users\saiem\Documents\GitHub-Data\sdv-dev\cfbfastR-dev\cfbfastR-cfb-raw\.venv\Lib\site-packages\polars\lazyframe\opt_flags.py", line 343, in wrapper
    return function(*args, **kwargs)
           ^^^^^^^^^^^^^^^^^^^^^^^^^
  File "C:\Users\saiem\Documents\GitHub-Data\sdv-dev\cfbfastR-dev\cfbfastR-cfb-raw\.venv\Lib\site-packages\polars\lazyframe\frame.py", line 2630, in collect
    return wrap_df(ldf.collect(engine, callback))
                   ^^^^^^^^^^^^^^^^^^^^^^^^^^^^^
polars.exceptions.ColumnNotFoundError: "statistics_href" not found
ERROR:cfb_json_2020:extra fetch failed: _rosters(401247318,)
Traceback (most recent call last):
  File "C:\Users\saiem\Documents\GitHub-Data\sdv-dev\cfbfastR-dev\cfbfastR-cfb-raw\python\_cfb_raw_utils.py", line 93, in _safe
    return fn(*args, **kwargs)
           ^^^^^^^^^^^^^^^^^^^
  File "C:\Users\saiem\Documents\GitHub-Data\sdv-dev\cfbfastR-dev\cfbfastR-cfb-raw\python\scrape_cfb_json.py", line 31, in _rosters
    return sdv.cfb.espn_cfb_game_rosters(game_id=gid, return_as_pandas=True).to_dict("records")
           ^^^^^^^^^^^^^^^^^^^^^^^^^^^^^^^^^^^^^^^^^^^^^^^^^^^^^^^^^^^^^^^^^
  File "C:\Users\saiem\Documents\GitHub-Data\sdv-dev\cfbfastR-dev\cfbfastR-cfb-raw\.venv\Lib\site-packages\sportsdataverse\cfb\cfb_game_rosters.py", line 65, in espn_cfb_game_rosters
    items = helper_cfb_game_items(summary)
            ^^^^^^^^^^^^^^^^^^^^^^^^^^^^^^
  File "C:\Users\saiem\Documents\GitHub-Data\sdv-dev\cfbfastR-dev\cfbfastR-cfb-raw\.venv\Lib\site-packages\sportsdataverse\cfb\cfb_game_rosters.py", line 97, in helper_cfb_game_items
    items = items.rename({"id": "team_id", "uid": "team_uid", "statistics_href": "team_statistics_href"})
            ^^^^^^^^^^^^^^^^^^^^^^^^^^^^^^^^^^^^^^^^^^^^^^^^^^^^^^^^^^^^^^^^^^^^^^^^^^^^^^^^^^^^^^^^^^^^^
  File "C:\Users\saiem\Documents\GitHub-Data\sdv-dev\cfbfastR-dev\cfbfastR-cfb-raw\.venv\Lib\site-packages\polars\dataframe\frame.py", line 5275, in rename
    .collect(optimizations=QueryOptFlags._eager())
     ^^^^^^^^^^^^^^^^^^^^^^^^^^^^^^^^^^^^^^^^^^^^^
  File "C:\Users\saiem\Documents\GitHub-Data\sdv-dev\cfbfastR-dev\cfbfastR-cfb-raw\.venv\Lib\site-packages\polars\_utils\deprecation.py", line 97, in wrapper
    return function(*args, **kwargs)
           ^^^^^^^^^^^^^^^^^^^^^^^^^
  File "C:\Users\saiem\Documents\GitHub-Data\sdv-dev\cfbfastR-dev\cfbfastR-cfb-raw\.venv\Lib\site-packages\polars\lazyframe\opt_flags.py", line 343, in wrapper
    return function(*args, **kwargs)
           ^^^^^^^^^^^^^^^^^^^^^^^^^
  File "C:\Users\saiem\Documents\GitHub-Data\sdv-dev\cfbfastR-dev\cfbfastR-cfb-raw\.venv\Lib\site-packages\polars\lazyframe\frame.py", line 2630, in collect
    return wrap_df(ldf.collect(engine, callback))
                   ^^^^^^^^^^^^^^^^^^^^^^^^^^^^^
polars.exceptions.ColumnNotFoundError: "statistics_href" not found
cfb 2020:   4%|3         | 8/213 [00:06<01:55,  1.77it/s]2026-06-16 12:15:02,113 ERROR extra fetch failed: _rosters(401257933,)
Traceback (most recent call last):
  File "C:\Users\saiem\Documents\GitHub-Data\sdv-dev\cfbfastR-dev\cfbfastR-cfb-raw\python\_cfb_raw_utils.py", line 93, in _safe
    return fn(*args, **kwargs)
           ^^^^^^^^^^^^^^^^^^^
  File "C:\Users\saiem\Documents\GitHub-Data\sdv-dev\cfbfastR-dev\cfbfastR-cfb-raw\python\scrape_cfb_json.py", line 31, in _rosters
    return sdv.cfb.espn_cfb_game_rosters(game_id=gid, return_as_pandas=True).to_dict("records")
           ^^^^^^^^^^^^^^^^^^^^^^^^^^^^^^^^^^^^^^^^^^^^^^^^^^^^^^^^^^^^^^^^^
  File "C:\Users\saiem\Documents\GitHub-Data\sdv-dev\cfbfastR-dev\cfbfastR-cfb-raw\.venv\Lib\site-packages\sportsdataverse\cfb\cfb_game_rosters.py", line 65, in espn_cfb_game_rosters
    items = helper_cfb_game_items(summary)
            ^^^^^^^^^^^^^^^^^^^^^^^^^^^^^^
  File "C:\Users\saiem\Documents\GitHub-Data\sdv-dev\cfbfastR-dev\cfbfastR-cfb-raw\.venv\Lib\site-packages\sportsdataverse\cfb\cfb_game_rosters.py", line 97, in helper_cfb_game_items
    items = items.rename({"id": "team_id", "uid": "team_uid", "statistics_href": "team_statistics_href"})
            ^^^^^^^^^^^^^^^^^^^^^^^^^^^^^^^^^^^^^^^^^^^^^^^^^^^^^^^^^^^^^^^^^^^^^^^^^^^^^^^^^^^^^^^^^^^^^
  File "C:\Users\saiem\Documents\GitHub-Data\sdv-dev\cfbfastR-dev\cfbfastR-cfb-raw\.venv\Lib\site-packages\polars\dataframe\frame.py", line 5275, in rename
    .collect(optimizations=QueryOptFlags._eager())
     ^^^^^^^^^^^^^^^^^^^^^^^^^^^^^^^^^^^^^^^^^^^^^
  File "C:\Users\saiem\Documents\GitHub-Data\sdv-dev\cfbfastR-dev\cfbfastR-cfb-raw\.venv\Lib\site-packages\polars\_utils\deprecation.py", line 97, in wrapper
    return function(*args, **kwargs)
           ^^^^^^^^^^^^^^^^^^^^^^^^^
  File "C:\Users\saiem\Documents\GitHub-Data\sdv-dev\cfbfastR-dev\cfbfastR-cfb-raw\.venv\Lib\site-packages\polars\lazyframe\opt_flags.py", line 343, in wrapper
    return function(*args, **kwargs)
           ^^^^^^^^^^^^^^^^^^^^^^^^^
  File "C:\Users\saiem\Documents\GitHub-Data\sdv-dev\cfbfastR-dev\cfbfastR-cfb-raw\.venv\Lib\site-packages\polars\lazyframe\frame.py", line 2630, in collect
    return wrap_df(ldf.collect(engine, callback))
                   ^^^^^^^^^^^^^^^^^^^^^^^^^^^^^
polars.exceptions.ColumnNotFoundError: "statistics_href" not found
ERROR:cfb_json_2020:extra fetch failed: _rosters(401257933,)
Traceback (most recent call last):
  File "C:\Users\saiem\Documents\GitHub-Data\sdv-dev\cfbfastR-dev\cfbfastR-cfb-raw\python\_cfb_raw_utils.py", line 93, in _safe
    return fn(*args, **kwargs)
           ^^^^^^^^^^^^^^^^^^^
  File "C:\Users\saiem\Documents\GitHub-Data\sdv-dev\cfbfastR-dev\cfbfastR-cfb-raw\python\scrape_cfb_json.py", line 31, in _rosters
    return sdv.cfb.espn_cfb_game_rosters(game_id=gid, return_as_pandas=True).to_dict("records")
           ^^^^^^^^^^^^^^^^^^^^^^^^^^^^^^^^^^^^^^^^^^^^^^^^^^^^^^^^^^^^^^^^^
  File "C:\Users\saiem\Documents\GitHub-Data\sdv-dev\cfbfastR-dev\cfbfastR-cfb-raw\.venv\Lib\site-packages\sportsdataverse\cfb\cfb_game_rosters.py", line 65, in espn_cfb_game_rosters
    items = helper_cfb_game_items(summary)
            ^^^^^^^^^^^^^^^^^^^^^^^^^^^^^^
  File "C:\Users\saiem\Documents\GitHub-Data\sdv-dev\cfbfastR-dev\cfbfastR-cfb-raw\.venv\Lib\site-packages\sportsdataverse\cfb\cfb_game_rosters.py", line 97, in helper_cfb_game_items
    items = items.rename({"id": "team_id", "uid": "team_uid", "statistics_href": "team_statistics_href"})
            ^^^^^^^^^^^^^^^^^^^^^^^^^^^^^^^^^^^^^^^^^^^^^^^^^^^^^^^^^^^^^^^^^^^^^^^^^^^^^^^^^^^^^^^^^^^^^
  File "C:\Users\saiem\Documents\GitHub-Data\sdv-dev\cfbfastR-dev\cfbfastR-cfb-raw\.venv\Lib\site-packages\polars\dataframe\frame.py", line 5275, in rename
    .collect(optimizations=QueryOptFlags._eager())
     ^^^^^^^^^^^^^^^^^^^^^^^^^^^^^^^^^^^^^^^^^^^^^
  File "C:\Users\saiem\Documents\GitHub-Data\sdv-dev\cfbfastR-dev\cfbfastR-cfb-raw\.venv\Lib\site-packages\polars\_utils\deprecation.py", line 97, in wrapper
    return function(*args, **kwargs)
           ^^^^^^^^^^^^^^^^^^^^^^^^^
  File "C:\Users\saiem\Documents\GitHub-Data\sdv-dev\cfbfastR-dev\cfbfastR-cfb-raw\.venv\Lib\site-packages\polars\lazyframe\opt_flags.py", line 343, in wrapper
    return function(*args, **kwargs)
           ^^^^^^^^^^^^^^^^^^^^^^^^^
  File "C:\Users\saiem\Documents\GitHub-Data\sdv-dev\cfbfastR-dev\cfbfastR-cfb-raw\.venv\Lib\site-packages\polars\lazyframe\frame.py", line 2630, in collect
    return wrap_df(ldf.collect(engine, callback))
                   ^^^^^^^^^^^^^^^^^^^^^^^^^^^^^
polars.exceptions.ColumnNotFoundError: "statistics_href" not found
cfb 2020:   4%|4         | 9/213 [00:06<01:39,  2.05it/s]2026-06-16 12:15:02,558 ERROR extra fetch failed: _rosters(401207177,)
Traceback (most recent call last):
  File "C:\Users\saiem\Documents\GitHub-Data\sdv-dev\cfbfastR-dev\cfbfastR-cfb-raw\python\_cfb_raw_utils.py", line 93, in _safe
    return fn(*args, **kwargs)
           ^^^^^^^^^^^^^^^^^^^
  File "C:\Users\saiem\Documents\GitHub-Data\sdv-dev\cfbfastR-dev\cfbfastR-cfb-raw\python\scrape_cfb_json.py", line 31, in _rosters
    return sdv.cfb.espn_cfb_game_rosters(game_id=gid, return_as_pandas=True).to_dict("records")
           ^^^^^^^^^^^^^^^^^^^^^^^^^^^^^^^^^^^^^^^^^^^^^^^^^^^^^^^^^^^^^^^^^
  File "C:\Users\saiem\Documents\GitHub-Data\sdv-dev\cfbfastR-dev\cfbfastR-cfb-raw\.venv\Lib\site-packages\sportsdataverse\cfb\cfb_game_rosters.py", line 65, in espn_cfb_game_rosters
    items = helper_cfb_game_items(summary)
            ^^^^^^^^^^^^^^^^^^^^^^^^^^^^^^
  File "C:\Users\saiem\Documents\GitHub-Data\sdv-dev\cfbfastR-dev\cfbfastR-cfb-raw\.venv\Lib\site-packages\sportsdataverse\cfb\cfb_game_rosters.py", line 97, in helper_cfb_game_items
    items = items.rename({"id": "team_id", "uid": "team_uid", "statistics_href": "team_statistics_href"})
            ^^^^^^^^^^^^^^^^^^^^^^^^^^^^^^^^^^^^^^^^^^^^^^^^^^^^^^^^^^^^^^^^^^^^^^^^^^^^^^^^^^^^^^^^^^^^^
  File "C:\Users\saiem\Documents\GitHub-Data\sdv-dev\cfbfastR-dev\cfbfastR-cfb-raw\.venv\Lib\site-packages\polars\dataframe\frame.py", line 5275, in rename
    .collect(optimizations=QueryOptFlags._eager())
     ^^^^^^^^^^^^^^^^^^^^^^^^^^^^^^^^^^^^^^^^^^^^^
  File "C:\Users\saiem\Documents\GitHub-Data\sdv-dev\cfbfastR-dev\cfbfastR-cfb-raw\.venv\Lib\site-packages\polars\_utils\deprecation.py", line 97, in wrapper
    return function(*args, **kwargs)
           ^^^^^^^^^^^^^^^^^^^^^^^^^
  File "C:\Users\saiem\Documents\GitHub-Data\sdv-dev\cfbfastR-dev\cfbfastR-cfb-raw\.venv\Lib\site-packages\polars\lazyframe\opt_flags.py", line 343, in wrapper
    return function(*args, **kwargs)
           ^^^^^^^^^^^^^^^^^^^^^^^^^
  File "C:\Users\saiem\Documents\GitHub-Data\sdv-dev\cfbfastR-dev\cfbfastR-cfb-raw\.venv\Lib\site-packages\polars\lazyframe\frame.py", line 2630, in collect
    return wrap_df(ldf.collect(engine, callback))
                   ^^^^^^^^^^^^^^^^^^^^^^^^^^^^^
polars.exceptions.ColumnNotFoundError: "statistics_href" not found
ERROR:cfb_json_2020:extra fetch failed: _rosters(401207177,)
Traceback (most recent call last):
  File "C:\Users\saiem\Documents\GitHub-Data\sdv-dev\cfbfastR-dev\cfbfastR-cfb-raw\python\_cfb_raw_utils.py", line 93, in _safe
    return fn(*args, **kwargs)
           ^^^^^^^^^^^^^^^^^^^
  File "C:\Users\saiem\Documents\GitHub-Data\sdv-dev\cfbfastR-dev\cfbfastR-cfb-raw\python\scrape_cfb_json.py", line 31, in _rosters
    return sdv.cfb.espn_cfb_game_rosters(game_id=gid, return_as_pandas=True).to_dict("records")
           ^^^^^^^^^^^^^^^^^^^^^^^^^^^^^^^^^^^^^^^^^^^^^^^^^^^^^^^^^^^^^^^^^
  File "C:\Users\saiem\Documents\GitHub-Data\sdv-dev\cfbfastR-dev\cfbfastR-cfb-raw\.venv\Lib\site-packages\sportsdataverse\cfb\cfb_game_rosters.py", line 65, in espn_cfb_game_rosters
    items = helper_cfb_game_items(summary)
            ^^^^^^^^^^^^^^^^^^^^^^^^^^^^^^
  File "C:\Users\saiem\Documents\GitHub-Data\sdv-dev\cfbfastR-dev\cfbfastR-cfb-raw\.venv\Lib\site-packages\sportsdataverse\cfb\cfb_game_rosters.py", line 97, in helper_cfb_game_items
    items = items.rename({"id": "team_id", "uid": "team_uid", "statistics_href": "team_statistics_href"})
            ^^^^^^^^^^^^^^^^^^^^^^^^^^^^^^^^^^^^^^^^^^^^^^^^^^^^^^^^^^^^^^^^^^^^^^^^^^^^^^^^^^^^^^^^^^^^^
  File "C:\Users\saiem\Documents\GitHub-Data\sdv-dev\cfbfastR-dev\cfbfastR-cfb-raw\.venv\Lib\site-packages\polars\dataframe\frame.py", line 5275, in rename
    .collect(optimizations=QueryOptFlags._eager())
     ^^^^^^^^^^^^^^^^^^^^^^^^^^^^^^^^^^^^^^^^^^^^^
  File "C:\Users\saiem\Documents\GitHub-Data\sdv-dev\cfbfastR-dev\cfbfastR-cfb-raw\.venv\Lib\site-packages\polars\_utils\deprecation.py", line 97, in wrapper
    return function(*args, **kwargs)
           ^^^^^^^^^^^^^^^^^^^^^^^^^
  File "C:\Users\saiem\Documents\GitHub-Data\sdv-dev\cfbfastR-dev\cfbfastR-cfb-raw\.venv\Lib\site-packages\polars\lazyframe\opt_flags.py", line 343, in wrapper
    return function(*args, **kwargs)
           ^^^^^^^^^^^^^^^^^^^^^^^^^
  File "C:\Users\saiem\Documents\GitHub-Data\sdv-dev\cfbfastR-dev\cfbfastR-cfb-raw\.venv\Lib\site-packages\polars\lazyframe\frame.py", line 2630, in collect
    return wrap_df(ldf.collect(engine, callback))
                   ^^^^^^^^^^^^^^^^^^^^^^^^^^^^^
polars.exceptions.ColumnNotFoundError: "statistics_href" not found
cfb 2020:   5%|4         | 10/213 [00:06<01:37,  2.09it/s]2026-06-16 12:15:02,915 ERROR extra fetch failed: _rosters(401249011,)
Traceback (most recent call last):
  File "C:\Users\saiem\Documents\GitHub-Data\sdv-dev\cfbfastR-dev\cfbfastR-cfb-raw\python\_cfb_raw_utils.py", line 93, in _safe
    return fn(*args, **kwargs)
           ^^^^^^^^^^^^^^^^^^^
  File "C:\Users\saiem\Documents\GitHub-Data\sdv-dev\cfbfastR-dev\cfbfastR-cfb-raw\python\scrape_cfb_json.py", line 31, in _rosters
    return sdv.cfb.espn_cfb_game_rosters(game_id=gid, return_as_pandas=True).to_dict("records")
           ^^^^^^^^^^^^^^^^^^^^^^^^^^^^^^^^^^^^^^^^^^^^^^^^^^^^^^^^^^^^^^^^^
  File "C:\Users\saiem\Documents\GitHub-Data\sdv-dev\cfbfastR-dev\cfbfastR-cfb-raw\.venv\Lib\site-packages\sportsdataverse\cfb\cfb_game_rosters.py", line 65, in espn_cfb_game_rosters
    items = helper_cfb_game_items(summary)
            ^^^^^^^^^^^^^^^^^^^^^^^^^^^^^^
  File "C:\Users\saiem\Documents\GitHub-Data\sdv-dev\cfbfastR-dev\cfbfastR-cfb-raw\.venv\Lib\site-packages\sportsdataverse\cfb\cfb_game_rosters.py", line 97, in helper_cfb_game_items
    items = items.rename({"id": "team_id", "uid": "team_uid", "statistics_href": "team_statistics_href"})
            ^^^^^^^^^^^^^^^^^^^^^^^^^^^^^^^^^^^^^^^^^^^^^^^^^^^^^^^^^^^^^^^^^^^^^^^^^^^^^^^^^^^^^^^^^^^^^
  File "C:\Users\saiem\Documents\GitHub-Data\sdv-dev\cfbfastR-dev\cfbfastR-cfb-raw\.venv\Lib\site-packages\polars\dataframe\frame.py", line 5275, in rename
    .collect(optimizations=QueryOptFlags._eager())
     ^^^^^^^^^^^^^^^^^^^^^^^^^^^^^^^^^^^^^^^^^^^^^
  File "C:\Users\saiem\Documents\GitHub-Data\sdv-dev\cfbfastR-dev\cfbfastR-cfb-raw\.venv\Lib\site-packages\polars\_utils\deprecation.py", line 97, in wrapper
    return function(*args, **kwargs)
           ^^^^^^^^^^^^^^^^^^^^^^^^^
  File "C:\Users\saiem\Documents\GitHub-Data\sdv-dev\cfbfastR-dev\cfbfastR-cfb-raw\.venv\Lib\site-packages\polars\lazyframe\opt_flags.py", line 343, in wrapper
    return function(*args, **kwargs)
           ^^^^^^^^^^^^^^^^^^^^^^^^^
  File "C:\Users\saiem\Documents\GitHub-Data\sdv-dev\cfbfastR-dev\cfbfastR-cfb-raw\.venv\Lib\site-packages\polars\lazyframe\frame.py", line 2630, in collect
    return wrap_df(ldf.collect(engine, callback))
                   ^^^^^^^^^^^^^^^^^^^^^^^^^^^^^
polars.exceptions.ColumnNotFoundError: "statistics_href" not found
ERROR:cfb_json_2020:extra fetch failed: _rosters(401249011,)
Traceback (most recent call last):
  File "C:\Users\saiem\Documents\GitHub-Data\sdv-dev\cfbfastR-dev\cfbfastR-cfb-raw\python\_cfb_raw_utils.py", line 93, in _safe
    return fn(*args, **kwargs)
           ^^^^^^^^^^^^^^^^^^^
  File "C:\Users\saiem\Documents\GitHub-Data\sdv-dev\cfbfastR-dev\cfbfastR-cfb-raw\python\scrape_cfb_json.py", line 31, in _rosters
    return sdv.cfb.espn_cfb_game_rosters(game_id=gid, return_as_pandas=True).to_dict("records")
           ^^^^^^^^^^^^^^^^^^^^^^^^^^^^^^^^^^^^^^^^^^^^^^^^^^^^^^^^^^^^^^^^^
  File "C:\Users\saiem\Documents\GitHub-Data\sdv-dev\cfbfastR-dev\cfbfastR-cfb-raw\.venv\Lib\site-packages\sportsdataverse\cfb\cfb_game_rosters.py", line 65, in espn_cfb_game_rosters
    items = helper_cfb_game_items(summary)
            ^^^^^^^^^^^^^^^^^^^^^^^^^^^^^^
  File "C:\Users\saiem\Documents\GitHub-Data\sdv-dev\cfbfastR-dev\cfbfastR-cfb-raw\.venv\Lib\site-packages\sportsdataverse\cfb\cfb_game_rosters.py", line 97, in helper_cfb_game_items
    items = items.rename({"id": "team_id", "uid": "team_uid", "statistics_href": "team_statistics_href"})
            ^^^^^^^^^^^^^^^^^^^^^^^^^^^^^^^^^^^^^^^^^^^^^^^^^^^^^^^^^^^^^^^^^^^^^^^^^^^^^^^^^^^^^^^^^^^^^
  File "C:\Users\saiem\Documents\GitHub-Data\sdv-dev\cfbfastR-dev\cfbfastR-cfb-raw\.venv\Lib\site-packages\polars\dataframe\frame.py", line 5275, in rename
    .collect(optimizations=QueryOptFlags._eager())
     ^^^^^^^^^^^^^^^^^^^^^^^^^^^^^^^^^^^^^^^^^^^^^
  File "C:\Users\saiem\Documents\GitHub-Data\sdv-dev\cfbfastR-dev\cfbfastR-cfb-raw\.venv\Lib\site-packages\polars\_utils\deprecation.py", line 97, in wrapper
    return function(*args, **kwargs)
           ^^^^^^^^^^^^^^^^^^^^^^^^^
  File "C:\Users\saiem\Documents\GitHub-Data\sdv-dev\cfbfastR-dev\cfbfastR-cfb-raw\.venv\Lib\site-packages\polars\lazyframe\opt_flags.py", line 343, in wrapper
    return function(*args, **kwargs)
           ^^^^^^^^^^^^^^^^^^^^^^^^^
  File "C:\Users\saiem\Documents\GitHub-Data\sdv-dev\cfbfastR-dev\cfbfastR-cfb-raw\.venv\Lib\site-packages\polars\lazyframe\frame.py", line 2630, in collect
    return wrap_df(ldf.collect(engine, callback))
                   ^^^^^^^^^^^^^^^^^^^^^^^^^^^^^
polars.exceptions.ColumnNotFoundError: "statistics_href" not found
cfb 2020:   5%|5         | 11/213 [00:07<01:28,  2.28it/s]2026-06-16 12:15:03,441 ERROR extra fetch failed: _rosters(401249407,)
Traceback (most recent call last):
  File "C:\Users\saiem\Documents\GitHub-Data\sdv-dev\cfbfastR-dev\cfbfastR-cfb-raw\python\_cfb_raw_utils.py", line 93, in _safe
    return fn(*args, **kwargs)
           ^^^^^^^^^^^^^^^^^^^
  File "C:\Users\saiem\Documents\GitHub-Data\sdv-dev\cfbfastR-dev\cfbfastR-cfb-raw\python\scrape_cfb_json.py", line 31, in _rosters
    return sdv.cfb.espn_cfb_game_rosters(game_id=gid, return_as_pandas=True).to_dict("records")
           ^^^^^^^^^^^^^^^^^^^^^^^^^^^^^^^^^^^^^^^^^^^^^^^^^^^^^^^^^^^^^^^^^
  File "C:\Users\saiem\Documents\GitHub-Data\sdv-dev\cfbfastR-dev\cfbfastR-cfb-raw\.venv\Lib\site-packages\sportsdataverse\cfb\cfb_game_rosters.py", line 65, in espn_cfb_game_rosters
    items = helper_cfb_game_items(summary)
            ^^^^^^^^^^^^^^^^^^^^^^^^^^^^^^
  File "C:\Users\saiem\Documents\GitHub-Data\sdv-dev\cfbfastR-dev\cfbfastR-cfb-raw\.venv\Lib\site-packages\sportsdataverse\cfb\cfb_game_rosters.py", line 97, in helper_cfb_game_items
    items = items.rename({"id": "team_id", "uid": "team_uid", "statistics_href": "team_statistics_href"})
            ^^^^^^^^^^^^^^^^^^^^^^^^^^^^^^^^^^^^^^^^^^^^^^^^^^^^^^^^^^^^^^^^^^^^^^^^^^^^^^^^^^^^^^^^^^^^^
  File "C:\Users\saiem\Documents\GitHub-Data\sdv-dev\cfbfastR-dev\cfbfastR-cfb-raw\.venv\Lib\site-packages\polars\dataframe\frame.py", line 5275, in rename
    .collect(optimizations=QueryOptFlags._eager())
     ^^^^^^^^^^^^^^^^^^^^^^^^^^^^^^^^^^^^^^^^^^^^^
  File "C:\Users\saiem\Documents\GitHub-Data\sdv-dev\cfbfastR-dev\cfbfastR-cfb-raw\.venv\Lib\site-packages\polars\_utils\deprecation.py", line 97, in wrapper
    return function(*args, **kwargs)
           ^^^^^^^^^^^^^^^^^^^^^^^^^
  File "C:\Users\saiem\Documents\GitHub-Data\sdv-dev\cfbfastR-dev\cfbfastR-cfb-raw\.venv\Lib\site-packages\polars\lazyframe\opt_flags.py", line 343, in wrapper
    return function(*args, **kwargs)
           ^^^^^^^^^^^^^^^^^^^^^^^^^
  File "C:\Users\saiem\Documents\GitHub-Data\sdv-dev\cfbfastR-dev\cfbfastR-cfb-raw\.venv\Lib\site-packages\polars\lazyframe\frame.py", line 2630, in collect
    return wrap_df(ldf.collect(engine, callback))
                   ^^^^^^^^^^^^^^^^^^^^^^^^^^^^^
polars.exceptions.ColumnNotFoundError: "statistics_href" not found
ERROR:cfb_json_2020:extra fetch failed: _rosters(401249407,)
Traceback (most recent call last):
  File "C:\Users\saiem\Documents\GitHub-Data\sdv-dev\cfbfastR-dev\cfbfastR-cfb-raw\python\_cfb_raw_utils.py", line 93, in _safe
    return fn(*args, **kwargs)
           ^^^^^^^^^^^^^^^^^^^
  File "C:\Users\saiem\Documents\GitHub-Data\sdv-dev\cfbfastR-dev\cfbfastR-cfb-raw\python\scrape_cfb_json.py", line 31, in _rosters
    return sdv.cfb.espn_cfb_game_rosters(game_id=gid, return_as_pandas=True).to_dict("records")
           ^^^^^^^^^^^^^^^^^^^^^^^^^^^^^^^^^^^^^^^^^^^^^^^^^^^^^^^^^^^^^^^^^
  File "C:\Users\saiem\Documents\GitHub-Data\sdv-dev\cfbfastR-dev\cfbfastR-cfb-raw\.venv\Lib\site-packages\sportsdataverse\cfb\cfb_game_rosters.py", line 65, in espn_cfb_game_rosters
    items = helper_cfb_game_items(summary)
            ^^^^^^^^^^^^^^^^^^^^^^^^^^^^^^
  File "C:\Users\saiem\Documents\GitHub-Data\sdv-dev\cfbfastR-dev\cfbfastR-cfb-raw\.venv\Lib\site-packages\sportsdataverse\cfb\cfb_game_rosters.py", line 97, in helper_cfb_game_items
    items = items.rename({"id": "team_id", "uid": "team_uid", "statistics_href": "team_statistics_href"})
            ^^^^^^^^^^^^^^^^^^^^^^^^^^^^^^^^^^^^^^^^^^^^^^^^^^^^^^^^^^^^^^^^^^^^^^^^^^^^^^^^^^^^^^^^^^^^^
  File "C:\Users\saiem\Documents\GitHub-Data\sdv-dev\cfbfastR-dev\cfbfastR-cfb-raw\.venv\Lib\site-packages\polars\dataframe\frame.py", line 5275, in rename
    .collect(optimizations=QueryOptFlags._eager())
     ^^^^^^^^^^^^^^^^^^^^^^^^^^^^^^^^^^^^^^^^^^^^^
  File "C:\Users\saiem\Documents\GitHub-Data\sdv-dev\cfbfastR-dev\cfbfastR-cfb-raw\.venv\Lib\site-packages\polars\_utils\deprecation.py", line 97, in wrapper
    return function(*args, **kwargs)
           ^^^^^^^^^^^^^^^^^^^^^^^^^
  File "C:\Users\saiem\Documents\GitHub-Data\sdv-dev\cfbfastR-dev\cfbfastR-cfb-raw\.venv\Lib\site-packages\polars\lazyframe\opt_flags.py", line 343, in wrapper
    return function(*args, **kwargs)
           ^^^^^^^^^^^^^^^^^^^^^^^^^
  File "C:\Users\saiem\Documents\GitHub-Data\sdv-dev\cfbfastR-dev\cfbfastR-cfb-raw\.venv\Lib\site-packages\polars\lazyframe\frame.py", line 2630, in collect
    return wrap_df(ldf.collect(engine, callback))
                   ^^^^^^^^^^^^^^^^^^^^^^^^^^^^^
polars.exceptions.ColumnNotFoundError: "statistics_href" not found
cfb 2020:   6%|5         | 12/213 [00:07<01:34,  2.13it/s]2026-06-16 12:15:03,708 ERROR extra fetch failed: _rosters(401249408,)
Traceback (most recent call last):
  File "C:\Users\saiem\Documents\GitHub-Data\sdv-dev\cfbfastR-dev\cfbfastR-cfb-raw\python\_cfb_raw_utils.py", line 93, in _safe
    return fn(*args, **kwargs)
           ^^^^^^^^^^^^^^^^^^^
  File "C:\Users\saiem\Documents\GitHub-Data\sdv-dev\cfbfastR-dev\cfbfastR-cfb-raw\python\scrape_cfb_json.py", line 31, in _rosters
    return sdv.cfb.espn_cfb_game_rosters(game_id=gid, return_as_pandas=True).to_dict("records")
           ^^^^^^^^^^^^^^^^^^^^^^^^^^^^^^^^^^^^^^^^^^^^^^^^^^^^^^^^^^^^^^^^^
  File "C:\Users\saiem\Documents\GitHub-Data\sdv-dev\cfbfastR-dev\cfbfastR-cfb-raw\.venv\Lib\site-packages\sportsdataverse\cfb\cfb_game_rosters.py", line 65, in espn_cfb_game_rosters
    items = helper_cfb_game_items(summary)
            ^^^^^^^^^^^^^^^^^^^^^^^^^^^^^^
  File "C:\Users\saiem\Documents\GitHub-Data\sdv-dev\cfbfastR-dev\cfbfastR-cfb-raw\.venv\Lib\site-packages\sportsdataverse\cfb\cfb_game_rosters.py", line 97, in helper_cfb_game_items
    items = items.rename({"id": "team_id", "uid": "team_uid", "statistics_href": "team_statistics_href"})
            ^^^^^^^^^^^^^^^^^^^^^^^^^^^^^^^^^^^^^^^^^^^^^^^^^^^^^^^^^^^^^^^^^^^^^^^^^^^^^^^^^^^^^^^^^^^^^
  File "C:\Users\saiem\Documents\GitHub-Data\sdv-dev\cfbfastR-dev\cfbfastR-cfb-raw\.venv\Lib\site-packages\polars\dataframe\frame.py", line 5275, in rename
    .collect(optimizations=QueryOptFlags._eager())
     ^^^^^^^^^^^^^^^^^^^^^^^^^^^^^^^^^^^^^^^^^^^^^
  File "C:\Users\saiem\Documents\GitHub-Data\sdv-dev\cfbfastR-dev\cfbfastR-cfb-raw\.venv\Lib\site-packages\polars\_utils\deprecation.py", line 97, in wrapper
    return function(*args, **kwargs)
           ^^^^^^^^^^^^^^^^^^^^^^^^^
  File "C:\Users\saiem\Documents\GitHub-Data\sdv-dev\cfbfastR-dev\cfbfastR-cfb-raw\.venv\Lib\site-packages\polars\lazyframe\opt_flags.py", line 343, in wrapper
    return function(*args, **kwargs)
           ^^^^^^^^^^^^^^^^^^^^^^^^^
  File "C:\Users\saiem\Documents\GitHub-Data\sdv-dev\cfbfastR-dev\cfbfastR-cfb-raw\.venv\Lib\site-packages\polars\lazyframe\frame.py", line 2630, in collect
    return wrap_df(ldf.collect(engine, callback))
                   ^^^^^^^^^^^^^^^^^^^^^^^^^^^^^
polars.exceptions.ColumnNotFoundError: "statistics_href" not found
ERROR:cfb_json_2020:extra fetch failed: _rosters(401249408,)
Traceback (most recent call last):
  File "C:\Users\saiem\Documents\GitHub-Data\sdv-dev\cfbfastR-dev\cfbfastR-cfb-raw\python\_cfb_raw_utils.py", line 93, in _safe
    return fn(*args, **kwargs)
           ^^^^^^^^^^^^^^^^^^^
  File "C:\Users\saiem\Documents\GitHub-Data\sdv-dev\cfbfastR-dev\cfbfastR-cfb-raw\python\scrape_cfb_json.py", line 31, in _rosters
    return sdv.cfb.espn_cfb_game_rosters(game_id=gid, return_as_pandas=True).to_dict("records")
           ^^^^^^^^^^^^^^^^^^^^^^^^^^^^^^^^^^^^^^^^^^^^^^^^^^^^^^^^^^^^^^^^^
  File "C:\Users\saiem\Documents\GitHub-Data\sdv-dev\cfbfastR-dev\cfbfastR-cfb-raw\.venv\Lib\site-packages\sportsdataverse\cfb\cfb_game_rosters.py", line 65, in espn_cfb_game_rosters
    items = helper_cfb_game_items(summary)
            ^^^^^^^^^^^^^^^^^^^^^^^^^^^^^^
  File "C:\Users\saiem\Documents\GitHub-Data\sdv-dev\cfbfastR-dev\cfbfastR-cfb-raw\.venv\Lib\site-packages\sportsdataverse\cfb\cfb_game_rosters.py", line 97, in helper_cfb_game_items
    items = items.rename({"id": "team_id", "uid": "team_uid", "statistics_href": "team_statistics_href"})
            ^^^^^^^^^^^^^^^^^^^^^^^^^^^^^^^^^^^^^^^^^^^^^^^^^^^^^^^^^^^^^^^^^^^^^^^^^^^^^^^^^^^^^^^^^^^^^
  File "C:\Users\saiem\Documents\GitHub-Data\sdv-dev\cfbfastR-dev\cfbfastR-cfb-raw\.venv\Lib\site-packages\polars\dataframe\frame.py", line 5275, in rename
    .collect(optimizations=QueryOptFlags._eager())
     ^^^^^^^^^^^^^^^^^^^^^^^^^^^^^^^^^^^^^^^^^^^^^
  File "C:\Users\saiem\Documents\GitHub-Data\sdv-dev\cfbfastR-dev\cfbfastR-cfb-raw\.venv\Lib\site-packages\polars\_utils\deprecation.py", line 97, in wrapper
    return function(*args, **kwargs)
           ^^^^^^^^^^^^^^^^^^^^^^^^^
  File "C:\Users\saiem\Documents\GitHub-Data\sdv-dev\cfbfastR-dev\cfbfastR-cfb-raw\.venv\Lib\site-packages\polars\lazyframe\opt_flags.py", line 343, in wrapper
    return function(*args, **kwargs)
           ^^^^^^^^^^^^^^^^^^^^^^^^^
  File "C:\Users\saiem\Documents\GitHub-Data\sdv-dev\cfbfastR-dev\cfbfastR-cfb-raw\.venv\Lib\site-packages\polars\lazyframe\frame.py", line 2630, in collect
    return wrap_df(ldf.collect(engine, callback))
                   ^^^^^^^^^^^^^^^^^^^^^^^^^^^^^
polars.exceptions.ColumnNotFoundError: "statistics_href" not found
cfb 2020:   6%|6         | 13/213 [00:08<01:21,  2.46it/s]2026-06-16 12:15:04,241 ERROR extra fetch failed: _rosters(401249891,)
Traceback (most recent call last):
  File "C:\Users\saiem\Documents\GitHub-Data\sdv-dev\cfbfastR-dev\cfbfastR-cfb-raw\python\_cfb_raw_utils.py", line 93, in _safe
    return fn(*args, **kwargs)
           ^^^^^^^^^^^^^^^^^^^
  File "C:\Users\saiem\Documents\GitHub-Data\sdv-dev\cfbfastR-dev\cfbfastR-cfb-raw\python\scrape_cfb_json.py", line 31, in _rosters
    return sdv.cfb.espn_cfb_game_rosters(game_id=gid, return_as_pandas=True).to_dict("records")
           ^^^^^^^^^^^^^^^^^^^^^^^^^^^^^^^^^^^^^^^^^^^^^^^^^^^^^^^^^^^^^^^^^
  File "C:\Users\saiem\Documents\GitHub-Data\sdv-dev\cfbfastR-dev\cfbfastR-cfb-raw\.venv\Lib\site-packages\sportsdataverse\cfb\cfb_game_rosters.py", line 65, in espn_cfb_game_rosters
    items = helper_cfb_game_items(summary)
            ^^^^^^^^^^^^^^^^^^^^^^^^^^^^^^
  File "C:\Users\saiem\Documents\GitHub-Data\sdv-dev\cfbfastR-dev\cfbfastR-cfb-raw\.venv\Lib\site-packages\sportsdataverse\cfb\cfb_game_rosters.py", line 97, in helper_cfb_game_items
    items = items.rename({"id": "team_id", "uid": "team_uid", "statistics_href": "team_statistics_href"})
            ^^^^^^^^^^^^^^^^^^^^^^^^^^^^^^^^^^^^^^^^^^^^^^^^^^^^^^^^^^^^^^^^^^^^^^^^^^^^^^^^^^^^^^^^^^^^^
  File "C:\Users\saiem\Documents\GitHub-Data\sdv-dev\cfbfastR-dev\cfbfastR-cfb-raw\.venv\Lib\site-packages\polars\dataframe\frame.py", line 5275, in rename
    .collect(optimizations=QueryOptFlags._eager())
     ^^^^^^^^^^^^^^^^^^^^^^^^^^^^^^^^^^^^^^^^^^^^^
  File "C:\Users\saiem\Documents\GitHub-Data\sdv-dev\cfbfastR-dev\cfbfastR-cfb-raw\.venv\Lib\site-packages\polars\_utils\deprecation.py", line 97, in wrapper
    return function(*args, **kwargs)
           ^^^^^^^^^^^^^^^^^^^^^^^^^
  File "C:\Users\saiem\Documents\GitHub-Data\sdv-dev\cfbfastR-dev\cfbfastR-cfb-raw\.venv\Lib\site-packages\polars\lazyframe\opt_flags.py", line 343, in wrapper
    return function(*args, **kwargs)
           ^^^^^^^^^^^^^^^^^^^^^^^^^
  File "C:\Users\saiem\Documents\GitHub-Data\sdv-dev\cfbfastR-dev\cfbfastR-cfb-raw\.venv\Lib\site-packages\polars\lazyframe\frame.py", line 2630, in collect
    return wrap_df(ldf.collect(engine, callback))
                   ^^^^^^^^^^^^^^^^^^^^^^^^^^^^^
polars.exceptions.ColumnNotFoundError: "statistics_href" not found
ERROR:cfb_json_2020:extra fetch failed: _rosters(401249891,)
Traceback (most recent call last):
  File "C:\Users\saiem\Documents\GitHub-Data\sdv-dev\cfbfastR-dev\cfbfastR-cfb-raw\python\_cfb_raw_utils.py", line 93, in _safe
    return fn(*args, **kwargs)
           ^^^^^^^^^^^^^^^^^^^
  File "C:\Users\saiem\Documents\GitHub-Data\sdv-dev\cfbfastR-dev\cfbfastR-cfb-raw\python\scrape_cfb_json.py", line 31, in _rosters
    return sdv.cfb.espn_cfb_game_rosters(game_id=gid, return_as_pandas=True).to_dict("records")
           ^^^^^^^^^^^^^^^^^^^^^^^^^^^^^^^^^^^^^^^^^^^^^^^^^^^^^^^^^^^^^^^^^
  File "C:\Users\saiem\Documents\GitHub-Data\sdv-dev\cfbfastR-dev\cfbfastR-cfb-raw\.venv\Lib\site-packages\sportsdataverse\cfb\cfb_game_rosters.py", line 65, in espn_cfb_game_rosters
    items = helper_cfb_game_items(summary)
            ^^^^^^^^^^^^^^^^^^^^^^^^^^^^^^
  File "C:\Users\saiem\Documents\GitHub-Data\sdv-dev\cfbfastR-dev\cfbfastR-cfb-raw\.venv\Lib\site-packages\sportsdataverse\cfb\cfb_game_rosters.py", line 97, in helper_cfb_game_items
    items = items.rename({"id": "team_id", "uid": "team_uid", "statistics_href": "team_statistics_href"})
            ^^^^^^^^^^^^^^^^^^^^^^^^^^^^^^^^^^^^^^^^^^^^^^^^^^^^^^^^^^^^^^^^^^^^^^^^^^^^^^^^^^^^^^^^^^^^^
  File "C:\Users\saiem\Documents\GitHub-Data\sdv-dev\cfbfastR-dev\cfbfastR-cfb-raw\.venv\Lib\site-packages\polars\dataframe\frame.py", line 5275, in rename
    .collect(optimizations=QueryOptFlags._eager())
     ^^^^^^^^^^^^^^^^^^^^^^^^^^^^^^^^^^^^^^^^^^^^^
  File "C:\Users\saiem\Documents\GitHub-Data\sdv-dev\cfbfastR-dev\cfbfastR-cfb-raw\.venv\Lib\site-packages\polars\_utils\deprecation.py", line 97, in wrapper
    return function(*args, **kwargs)
           ^^^^^^^^^^^^^^^^^^^^^^^^^
  File "C:\Users\saiem\Documents\GitHub-Data\sdv-dev\cfbfastR-dev\cfbfastR-cfb-raw\.venv\Lib\site-packages\polars\lazyframe\opt_flags.py", line 343, in wrapper
    return function(*args, **kwargs)
           ^^^^^^^^^^^^^^^^^^^^^^^^^
  File "C:\Users\saiem\Documents\GitHub-Data\sdv-dev\cfbfastR-dev\cfbfastR-cfb-raw\.venv\Lib\site-packages\polars\lazyframe\frame.py", line 2630, in collect
    return wrap_df(ldf.collect(engine, callback))
                   ^^^^^^^^^^^^^^^^^^^^^^^^^^^^^
polars.exceptions.ColumnNotFoundError: "statistics_href" not found
cfb 2020:   7%|6         | 14/213 [00:08<01:28,  2.24it/s]2026-06-16 12:15:04,527 ERROR extra fetch failed: _rosters(401249022,)
Traceback (most recent call last):
  File "C:\Users\saiem\Documents\GitHub-Data\sdv-dev\cfbfastR-dev\cfbfastR-cfb-raw\python\_cfb_raw_utils.py", line 93, in _safe
    return fn(*args, **kwargs)
           ^^^^^^^^^^^^^^^^^^^
  File "C:\Users\saiem\Documents\GitHub-Data\sdv-dev\cfbfastR-dev\cfbfastR-cfb-raw\python\scrape_cfb_json.py", line 31, in _rosters
    return sdv.cfb.espn_cfb_game_rosters(game_id=gid, return_as_pandas=True).to_dict("records")
           ^^^^^^^^^^^^^^^^^^^^^^^^^^^^^^^^^^^^^^^^^^^^^^^^^^^^^^^^^^^^^^^^^
  File "C:\Users\saiem\Documents\GitHub-Data\sdv-dev\cfbfastR-dev\cfbfastR-cfb-raw\.venv\Lib\site-packages\sportsdataverse\cfb\cfb_game_rosters.py", line 65, in espn_cfb_game_rosters
    items = helper_cfb_game_items(summary)
            ^^^^^^^^^^^^^^^^^^^^^^^^^^^^^^
  File "C:\Users\saiem\Documents\GitHub-Data\sdv-dev\cfbfastR-dev\cfbfastR-cfb-raw\.venv\Lib\site-packages\sportsdataverse\cfb\cfb_game_rosters.py", line 97, in helper_cfb_game_items
    items = items.rename({"id": "team_id", "uid": "team_uid", "statistics_href": "team_statistics_href"})
            ^^^^^^^^^^^^^^^^^^^^^^^^^^^^^^^^^^^^^^^^^^^^^^^^^^^^^^^^^^^^^^^^^^^^^^^^^^^^^^^^^^^^^^^^^^^^^
  File "C:\Users\saiem\Documents\GitHub-Data\sdv-dev\cfbfastR-dev\cfbfastR-cfb-raw\.venv\Lib\site-packages\polars\dataframe\frame.py", line 5275, in rename
    .collect(optimizations=QueryOptFlags._eager())
     ^^^^^^^^^^^^^^^^^^^^^^^^^^^^^^^^^^^^^^^^^^^^^
  File "C:\Users\saiem\Documents\GitHub-Data\sdv-dev\cfbfastR-dev\cfbfastR-cfb-raw\.venv\Lib\site-packages\polars\_utils\deprecation.py", line 97, in wrapper
    return function(*args, **kwargs)
           ^^^^^^^^^^^^^^^^^^^^^^^^^
  File "C:\Users\saiem\Documents\GitHub-Data\sdv-dev\cfbfastR-dev\cfbfastR-cfb-raw\.venv\Lib\site-packages\polars\lazyframe\opt_flags.py", line 343, in wrapper
    return function(*args, **kwargs)
           ^^^^^^^^^^^^^^^^^^^^^^^^^
  File "C:\Users\saiem\Documents\GitHub-Data\sdv-dev\cfbfastR-dev\cfbfastR-cfb-raw\.venv\Lib\site-packages\polars\lazyframe\frame.py", line 2630, in collect
    return wrap_df(ldf.collect(engine, callback))
                   ^^^^^^^^^^^^^^^^^^^^^^^^^^^^^
polars.exceptions.ColumnNotFoundError: "statistics_href" not found
ERROR:cfb_json_2020:extra fetch failed: _rosters(401249022,)
Traceback (most recent call last):
  File "C:\Users\saiem\Documents\GitHub-Data\sdv-dev\cfbfastR-dev\cfbfastR-cfb-raw\python\_cfb_raw_utils.py", line 93, in _safe
    return fn(*args, **kwargs)
           ^^^^^^^^^^^^^^^^^^^
  File "C:\Users\saiem\Documents\GitHub-Data\sdv-dev\cfbfastR-dev\cfbfastR-cfb-raw\python\scrape_cfb_json.py", line 31, in _rosters
    return sdv.cfb.espn_cfb_game_rosters(game_id=gid, return_as_pandas=True).to_dict("records")
           ^^^^^^^^^^^^^^^^^^^^^^^^^^^^^^^^^^^^^^^^^^^^^^^^^^^^^^^^^^^^^^^^^
  File "C:\Users\saiem\Documents\GitHub-Data\sdv-dev\cfbfastR-dev\cfbfastR-cfb-raw\.venv\Lib\site-packages\sportsdataverse\cfb\cfb_game_rosters.py", line 65, in espn_cfb_game_rosters
    items = helper_cfb_game_items(summary)
            ^^^^^^^^^^^^^^^^^^^^^^^^^^^^^^
  File "C:\Users\saiem\Documents\GitHub-Data\sdv-dev\cfbfastR-dev\cfbfastR-cfb-raw\.venv\Lib\site-packages\sportsdataverse\cfb\cfb_game_rosters.py", line 97, in helper_cfb_game_items
    items = items.rename({"id": "team_id", "uid": "team_uid", "statistics_href": "team_statistics_href"})
            ^^^^^^^^^^^^^^^^^^^^^^^^^^^^^^^^^^^^^^^^^^^^^^^^^^^^^^^^^^^^^^^^^^^^^^^^^^^^^^^^^^^^^^^^^^^^^
  File "C:\Users\saiem\Documents\GitHub-Data\sdv-dev\cfbfastR-dev\cfbfastR-cfb-raw\.venv\Lib\site-packages\polars\dataframe\frame.py", line 5275, in rename
    .collect(optimizations=QueryOptFlags._eager())
     ^^^^^^^^^^^^^^^^^^^^^^^^^^^^^^^^^^^^^^^^^^^^^
  File "C:\Users\saiem\Documents\GitHub-Data\sdv-dev\cfbfastR-dev\cfbfastR-cfb-raw\.venv\Lib\site-packages\polars\_utils\deprecation.py", line 97, in wrapper
    return function(*args, **kwargs)
           ^^^^^^^^^^^^^^^^^^^^^^^^^
  File "C:\Users\saiem\Documents\GitHub-Data\sdv-dev\cfbfastR-dev\cfbfastR-cfb-raw\.venv\Lib\site-packages\polars\lazyframe\opt_flags.py", line 343, in wrapper
    return function(*args, **kwargs)
           ^^^^^^^^^^^^^^^^^^^^^^^^^
  File "C:\Users\saiem\Documents\GitHub-Data\sdv-dev\cfbfastR-dev\cfbfastR-cfb-raw\.venv\Lib\site-packages\polars\lazyframe\frame.py", line 2630, in collect
    return wrap_df(ldf.collect(engine, callback))
                   ^^^^^^^^^^^^^^^^^^^^^^^^^^^^^
polars.exceptions.ColumnNotFoundError: "statistics_href" not found
cfb 2020:   7%|7         | 15/213 [00:08<01:18,  2.51it/s]2026-06-16 12:15:05,101 ERROR extra fetch failed: _rosters(401207186,)
Traceback (most recent call last):
  File "C:\Users\saiem\Documents\GitHub-Data\sdv-dev\cfbfastR-dev\cfbfastR-cfb-raw\python\_cfb_raw_utils.py", line 93, in _safe
    return fn(*args, **kwargs)
           ^^^^^^^^^^^^^^^^^^^
  File "C:\Users\saiem\Documents\GitHub-Data\sdv-dev\cfbfastR-dev\cfbfastR-cfb-raw\python\scrape_cfb_json.py", line 31, in _rosters
    return sdv.cfb.espn_cfb_game_rosters(game_id=gid, return_as_pandas=True).to_dict("records")
           ^^^^^^^^^^^^^^^^^^^^^^^^^^^^^^^^^^^^^^^^^^^^^^^^^^^^^^^^^^^^^^^^^
  File "C:\Users\saiem\Documents\GitHub-Data\sdv-dev\cfbfastR-dev\cfbfastR-cfb-raw\.venv\Lib\site-packages\sportsdataverse\cfb\cfb_game_rosters.py", line 65, in espn_cfb_game_rosters
    items = helper_cfb_game_items(summary)
            ^^^^^^^^^^^^^^^^^^^^^^^^^^^^^^
  File "C:\Users\saiem\Documents\GitHub-Data\sdv-dev\cfbfastR-dev\cfbfastR-cfb-raw\.venv\Lib\site-packages\sportsdataverse\cfb\cfb_game_rosters.py", line 97, in helper_cfb_game_items
    items = items.rename({"id": "team_id", "uid": "team_uid", "statistics_href": "team_statistics_href"})
            ^^^^^^^^^^^^^^^^^^^^^^^^^^^^^^^^^^^^^^^^^^^^^^^^^^^^^^^^^^^^^^^^^^^^^^^^^^^^^^^^^^^^^^^^^^^^^
  File "C:\Users\saiem\Documents\GitHub-Data\sdv-dev\cfbfastR-dev\cfbfastR-cfb-raw\.venv\Lib\site-packages\polars\dataframe\frame.py", line 5275, in rename
    .collect(optimizations=QueryOptFlags._eager())
     ^^^^^^^^^^^^^^^^^^^^^^^^^^^^^^^^^^^^^^^^^^^^^
  File "C:\Users\saiem\Documents\GitHub-Data\sdv-dev\cfbfastR-dev\cfbfastR-cfb-raw\.venv\Lib\site-packages\polars\_utils\deprecation.py", line 97, in wrapper
    return function(*args, **kwargs)
           ^^^^^^^^^^^^^^^^^^^^^^^^^
  File "C:\Users\saiem\Documents\GitHub-Data\sdv-dev\cfbfastR-dev\cfbfastR-cfb-raw\.venv\Lib\site-packages\polars\lazyframe\opt_flags.py", line 343, in wrapper
    return function(*args, **kwargs)
           ^^^^^^^^^^^^^^^^^^^^^^^^^
  File "C:\Users\saiem\Documents\GitHub-Data\sdv-dev\cfbfastR-dev\cfbfastR-cfb-raw\.venv\Lib\site-packages\polars\lazyframe\frame.py", line 2630, in collect
    return wrap_df(ldf.collect(engine, callback))
                   ^^^^^^^^^^^^^^^^^^^^^^^^^^^^^
polars.exceptions.ColumnNotFoundError: "statistics_href" not found
ERROR:cfb_json_2020:extra fetch failed: _rosters(401207186,)
Traceback (most recent call last):
  File "C:\Users\saiem\Documents\GitHub-Data\sdv-dev\cfbfastR-dev\cfbfastR-cfb-raw\python\_cfb_raw_utils.py", line 93, in _safe
    return fn(*args, **kwargs)
           ^^^^^^^^^^^^^^^^^^^
  File "C:\Users\saiem\Documents\GitHub-Data\sdv-dev\cfbfastR-dev\cfbfastR-cfb-raw\python\scrape_cfb_json.py", line 31, in _rosters
    return sdv.cfb.espn_cfb_game_rosters(game_id=gid, return_as_pandas=True).to_dict("records")
           ^^^^^^^^^^^^^^^^^^^^^^^^^^^^^^^^^^^^^^^^^^^^^^^^^^^^^^^^^^^^^^^^^
  File "C:\Users\saiem\Documents\GitHub-Data\sdv-dev\cfbfastR-dev\cfbfastR-cfb-raw\.venv\Lib\site-packages\sportsdataverse\cfb\cfb_game_rosters.py", line 65, in espn_cfb_game_rosters
    items = helper_cfb_game_items(summary)
            ^^^^^^^^^^^^^^^^^^^^^^^^^^^^^^
  File "C:\Users\saiem\Documents\GitHub-Data\sdv-dev\cfbfastR-dev\cfbfastR-cfb-raw\.venv\Lib\site-packages\sportsdataverse\cfb\cfb_game_rosters.py", line 97, in helper_cfb_game_items
    items = items.rename({"id": "team_id", "uid": "team_uid", "statistics_href": "team_statistics_href"})
            ^^^^^^^^^^^^^^^^^^^^^^^^^^^^^^^^^^^^^^^^^^^^^^^^^^^^^^^^^^^^^^^^^^^^^^^^^^^^^^^^^^^^^^^^^^^^^
  File "C:\Users\saiem\Documents\GitHub-Data\sdv-dev\cfbfastR-dev\cfbfastR-cfb-raw\.venv\Lib\site-packages\polars\dataframe\frame.py", line 5275, in rename
    .collect(optimizations=QueryOptFlags._eager())
     ^^^^^^^^^^^^^^^^^^^^^^^^^^^^^^^^^^^^^^^^^^^^^
  File "C:\Users\saiem\Documents\GitHub-Data\sdv-dev\cfbfastR-dev\cfbfastR-cfb-raw\.venv\Lib\site-packages\polars\_utils\deprecation.py", line 97, in wrapper
    return function(*args, **kwargs)
           ^^^^^^^^^^^^^^^^^^^^^^^^^
  File "C:\Users\saiem\Documents\GitHub-Data\sdv-dev\cfbfastR-dev\cfbfastR-cfb-raw\.venv\Lib\site-packages\polars\lazyframe\opt_flags.py", line 343, in wrapper
    return function(*args, **kwargs)
           ^^^^^^^^^^^^^^^^^^^^^^^^^
  File "C:\Users\saiem\Documents\GitHub-Data\sdv-dev\cfbfastR-dev\cfbfastR-cfb-raw\.venv\Lib\site-packages\polars\lazyframe\frame.py", line 2630, in collect
    return wrap_df(ldf.collect(engine, callback))
                   ^^^^^^^^^^^^^^^^^^^^^^^^^^^^^
polars.exceptions.ColumnNotFoundError: "statistics_href" not found
cfb 2020:   8%|7         | 16/213 [00:09<01:27,  2.25it/s]2026-06-16 12:15:05,369 ERROR extra fetch failed: _rosters(401240061,)
Traceback (most recent call last):
  File "C:\Users\saiem\Documents\GitHub-Data\sdv-dev\cfbfastR-dev\cfbfastR-cfb-raw\python\_cfb_raw_utils.py", line 93, in _safe
    return fn(*args, **kwargs)
           ^^^^^^^^^^^^^^^^^^^
  File "C:\Users\saiem\Documents\GitHub-Data\sdv-dev\cfbfastR-dev\cfbfastR-cfb-raw\python\scrape_cfb_json.py", line 31, in _rosters
    return sdv.cfb.espn_cfb_game_rosters(game_id=gid, return_as_pandas=True).to_dict("records")
           ^^^^^^^^^^^^^^^^^^^^^^^^^^^^^^^^^^^^^^^^^^^^^^^^^^^^^^^^^^^^^^^^^
  File "C:\Users\saiem\Documents\GitHub-Data\sdv-dev\cfbfastR-dev\cfbfastR-cfb-raw\.venv\Lib\site-packages\sportsdataverse\cfb\cfb_game_rosters.py", line 65, in espn_cfb_game_rosters
    items = helper_cfb_game_items(summary)
            ^^^^^^^^^^^^^^^^^^^^^^^^^^^^^^
  File "C:\Users\saiem\Documents\GitHub-Data\sdv-dev\cfbfastR-dev\cfbfastR-cfb-raw\.venv\Lib\site-packages\sportsdataverse\cfb\cfb_game_rosters.py", line 97, in helper_cfb_game_items
    items = items.rename({"id": "team_id", "uid": "team_uid", "statistics_href": "team_statistics_href"})
            ^^^^^^^^^^^^^^^^^^^^^^^^^^^^^^^^^^^^^^^^^^^^^^^^^^^^^^^^^^^^^^^^^^^^^^^^^^^^^^^^^^^^^^^^^^^^^
  File "C:\Users\saiem\Documents\GitHub-Data\sdv-dev\cfbfastR-dev\cfbfastR-cfb-raw\.venv\Lib\site-packages\polars\dataframe\frame.py", line 5275, in rename
    .collect(optimizations=QueryOptFlags._eager())
     ^^^^^^^^^^^^^^^^^^^^^^^^^^^^^^^^^^^^^^^^^^^^^
  File "C:\Users\saiem\Documents\GitHub-Data\sdv-dev\cfbfastR-dev\cfbfastR-cfb-raw\.venv\Lib\site-packages\polars\_utils\deprecation.py", line 97, in wrapper
    return function(*args, **kwargs)
           ^^^^^^^^^^^^^^^^^^^^^^^^^
  File "C:\Users\saiem\Documents\GitHub-Data\sdv-dev\cfbfastR-dev\cfbfastR-cfb-raw\.venv\Lib\site-packages\polars\lazyframe\opt_flags.py", line 343, in wrapper
    return function(*args, **kwargs)
           ^^^^^^^^^^^^^^^^^^^^^^^^^
  File "C:\Users\saiem\Documents\GitHub-Data\sdv-dev\cfbfastR-dev\cfbfastR-cfb-raw\.venv\Lib\site-packages\polars\lazyframe\frame.py", line 2630, in collect
    return wrap_df(ldf.collect(engine, callback))
                   ^^^^^^^^^^^^^^^^^^^^^^^^^^^^^
polars.exceptions.ColumnNotFoundError: "statistics_href" not found
ERROR:cfb_json_2020:extra fetch failed: _rosters(401240061,)
Traceback (most recent call last):
  File "C:\Users\saiem\Documents\GitHub-Data\sdv-dev\cfbfastR-dev\cfbfastR-cfb-raw\python\_cfb_raw_utils.py", line 93, in _safe
    return fn(*args, **kwargs)
           ^^^^^^^^^^^^^^^^^^^
  File "C:\Users\saiem\Documents\GitHub-Data\sdv-dev\cfbfastR-dev\cfbfastR-cfb-raw\python\scrape_cfb_json.py", line 31, in _rosters
    return sdv.cfb.espn_cfb_game_rosters(game_id=gid, return_as_pandas=True).to_dict("records")
           ^^^^^^^^^^^^^^^^^^^^^^^^^^^^^^^^^^^^^^^^^^^^^^^^^^^^^^^^^^^^^^^^^
  File "C:\Users\saiem\Documents\GitHub-Data\sdv-dev\cfbfastR-dev\cfbfastR-cfb-raw\.venv\Lib\site-packages\sportsdataverse\cfb\cfb_game_rosters.py", line 65, in espn_cfb_game_rosters
    items = helper_cfb_game_items(summary)
            ^^^^^^^^^^^^^^^^^^^^^^^^^^^^^^
  File "C:\Users\saiem\Documents\GitHub-Data\sdv-dev\cfbfastR-dev\cfbfastR-cfb-raw\.venv\Lib\site-packages\sportsdataverse\cfb\cfb_game_rosters.py", line 97, in helper_cfb_game_items
    items = items.rename({"id": "team_id", "uid": "team_uid", "statistics_href": "team_statistics_href"})
            ^^^^^^^^^^^^^^^^^^^^^^^^^^^^^^^^^^^^^^^^^^^^^^^^^^^^^^^^^^^^^^^^^^^^^^^^^^^^^^^^^^^^^^^^^^^^^
  File "C:\Users\saiem\Documents\GitHub-Data\sdv-dev\cfbfastR-dev\cfbfastR-cfb-raw\.venv\Lib\site-packages\polars\dataframe\frame.py", line 5275, in rename
    .collect(optimizations=QueryOptFlags._eager())
     ^^^^^^^^^^^^^^^^^^^^^^^^^^^^^^^^^^^^^^^^^^^^^
  File "C:\Users\saiem\Documents\GitHub-Data\sdv-dev\cfbfastR-dev\cfbfastR-cfb-raw\.venv\Lib\site-packages\polars\_utils\deprecation.py", line 97, in wrapper
    return function(*args, **kwargs)
           ^^^^^^^^^^^^^^^^^^^^^^^^^
  File "C:\Users\saiem\Documents\GitHub-Data\sdv-dev\cfbfastR-dev\cfbfastR-cfb-raw\.venv\Lib\site-packages\polars\lazyframe\opt_flags.py", line 343, in wrapper
    return function(*args, **kwargs)
           ^^^^^^^^^^^^^^^^^^^^^^^^^
  File "C:\Users\saiem\Documents\GitHub-Data\sdv-dev\cfbfastR-dev\cfbfastR-cfb-raw\.venv\Lib\site-packages\polars\lazyframe\frame.py", line 2630, in collect
    return wrap_df(ldf.collect(engine, callback))
                   ^^^^^^^^^^^^^^^^^^^^^^^^^^^^^
polars.exceptions.ColumnNotFoundError: "statistics_href" not found
cfb 2020:   8%|7         | 17/213 [00:09<01:17,  2.53it/s]2026-06-16 12:15:06,070 ERROR extra fetch failed: _rosters(401234645,)
Traceback (most recent call last):
  File "C:\Users\saiem\Documents\GitHub-Data\sdv-dev\cfbfastR-dev\cfbfastR-cfb-raw\python\_cfb_raw_utils.py", line 93, in _safe
    return fn(*args, **kwargs)
           ^^^^^^^^^^^^^^^^^^^
  File "C:\Users\saiem\Documents\GitHub-Data\sdv-dev\cfbfastR-dev\cfbfastR-cfb-raw\python\scrape_cfb_json.py", line 31, in _rosters
    return sdv.cfb.espn_cfb_game_rosters(game_id=gid, return_as_pandas=True).to_dict("records")
           ^^^^^^^^^^^^^^^^^^^^^^^^^^^^^^^^^^^^^^^^^^^^^^^^^^^^^^^^^^^^^^^^^
  File "C:\Users\saiem\Documents\GitHub-Data\sdv-dev\cfbfastR-dev\cfbfastR-cfb-raw\.venv\Lib\site-packages\sportsdataverse\cfb\cfb_game_rosters.py", line 65, in espn_cfb_game_rosters
    items = helper_cfb_game_items(summary)
            ^^^^^^^^^^^^^^^^^^^^^^^^^^^^^^
  File "C:\Users\saiem\Documents\GitHub-Data\sdv-dev\cfbfastR-dev\cfbfastR-cfb-raw\.venv\Lib\site-packages\sportsdataverse\cfb\cfb_game_rosters.py", line 97, in helper_cfb_game_items
    items = items.rename({"id": "team_id", "uid": "team_uid", "statistics_href": "team_statistics_href"})
            ^^^^^^^^^^^^^^^^^^^^^^^^^^^^^^^^^^^^^^^^^^^^^^^^^^^^^^^^^^^^^^^^^^^^^^^^^^^^^^^^^^^^^^^^^^^^^
  File "C:\Users\saiem\Documents\GitHub-Data\sdv-dev\cfbfastR-dev\cfbfastR-cfb-raw\.venv\Lib\site-packages\polars\dataframe\frame.py", line 5275, in rename
    .collect(optimizations=QueryOptFlags._eager())
     ^^^^^^^^^^^^^^^^^^^^^^^^^^^^^^^^^^^^^^^^^^^^^
  File "C:\Users\saiem\Documents\GitHub-Data\sdv-dev\cfbfastR-dev\cfbfastR-cfb-raw\.venv\Lib\site-packages\polars\_utils\deprecation.py", line 97, in wrapper
    return function(*args, **kwargs)
           ^^^^^^^^^^^^^^^^^^^^^^^^^
  File "C:\Users\saiem\Documents\GitHub-Data\sdv-dev\cfbfastR-dev\cfbfastR-cfb-raw\.venv\Lib\site-packages\polars\lazyframe\opt_flags.py", line 343, in wrapper
    return function(*args, **kwargs)
           ^^^^^^^^^^^^^^^^^^^^^^^^^
  File "C:\Users\saiem\Documents\GitHub-Data\sdv-dev\cfbfastR-dev\cfbfastR-cfb-raw\.venv\Lib\site-packages\polars\lazyframe\frame.py", line 2630, in collect
    return wrap_df(ldf.collect(engine, callback))
                   ^^^^^^^^^^^^^^^^^^^^^^^^^^^^^
polars.exceptions.ColumnNotFoundError: "statistics_href" not found
ERROR:cfb_json_2020:extra fetch failed: _rosters(401234645,)
Traceback (most recent call last):
  File "C:\Users\saiem\Documents\GitHub-Data\sdv-dev\cfbfastR-dev\cfbfastR-cfb-raw\python\_cfb_raw_utils.py", line 93, in _safe
    return fn(*args, **kwargs)
           ^^^^^^^^^^^^^^^^^^^
  File "C:\Users\saiem\Documents\GitHub-Data\sdv-dev\cfbfastR-dev\cfbfastR-cfb-raw\python\scrape_cfb_json.py", line 31, in _rosters
    return sdv.cfb.espn_cfb_game_rosters(game_id=gid, return_as_pandas=True).to_dict("records")
           ^^^^^^^^^^^^^^^^^^^^^^^^^^^^^^^^^^^^^^^^^^^^^^^^^^^^^^^^^^^^^^^^^
  File "C:\Users\saiem\Documents\GitHub-Data\sdv-dev\cfbfastR-dev\cfbfastR-cfb-raw\.venv\Lib\site-packages\sportsdataverse\cfb\cfb_game_rosters.py", line 65, in espn_cfb_game_rosters
    items = helper_cfb_game_items(summary)
            ^^^^^^^^^^^^^^^^^^^^^^^^^^^^^^
  File "C:\Users\saiem\Documents\GitHub-Data\sdv-dev\cfbfastR-dev\cfbfastR-cfb-raw\.venv\Lib\site-packages\sportsdataverse\cfb\cfb_game_rosters.py", line 97, in helper_cfb_game_items
    items = items.rename({"id": "team_id", "uid": "team_uid", "statistics_href": "team_statistics_href"})
            ^^^^^^^^^^^^^^^^^^^^^^^^^^^^^^^^^^^^^^^^^^^^^^^^^^^^^^^^^^^^^^^^^^^^^^^^^^^^^^^^^^^^^^^^^^^^^
  File "C:\Users\saiem\Documents\GitHub-Data\sdv-dev\cfbfastR-dev\cfbfastR-cfb-raw\.venv\Lib\site-packages\polars\dataframe\frame.py", line 5275, in rename
    .collect(optimizations=QueryOptFlags._eager())
     ^^^^^^^^^^^^^^^^^^^^^^^^^^^^^^^^^^^^^^^^^^^^^
  File "C:\Users\saiem\Documents\GitHub-Data\sdv-dev\cfbfastR-dev\cfbfastR-cfb-raw\.venv\Lib\site-packages\polars\_utils\deprecation.py", line 97, in wrapper
    return function(*args, **kwargs)
           ^^^^^^^^^^^^^^^^^^^^^^^^^
  File "C:\Users\saiem\Documents\GitHub-Data\sdv-dev\cfbfastR-dev\cfbfastR-cfb-raw\.venv\Lib\site-packages\polars\lazyframe\opt_flags.py", line 343, in wrapper
    return function(*args, **kwargs)
           ^^^^^^^^^^^^^^^^^^^^^^^^^
  File "C:\Users\saiem\Documents\GitHub-Data\sdv-dev\cfbfastR-dev\cfbfastR-cfb-raw\.venv\Lib\site-packages\polars\lazyframe\frame.py", line 2630, in collect
    return wrap_df(ldf.collect(engine, callback))
                   ^^^^^^^^^^^^^^^^^^^^^^^^^^^^^
polars.exceptions.ColumnNotFoundError: "statistics_href" not found
cfb 2020:   8%|8         | 18/213 [00:10<01:35,  2.03it/s]2026-06-16 12:15:06,258 ERROR extra fetch failed: _rosters(401247322,)
Traceback (most recent call last):
  File "C:\Users\saiem\Documents\GitHub-Data\sdv-dev\cfbfastR-dev\cfbfastR-cfb-raw\python\_cfb_raw_utils.py", line 93, in _safe
    return fn(*args, **kwargs)
           ^^^^^^^^^^^^^^^^^^^
  File "C:\Users\saiem\Documents\GitHub-Data\sdv-dev\cfbfastR-dev\cfbfastR-cfb-raw\python\scrape_cfb_json.py", line 31, in _rosters
    return sdv.cfb.espn_cfb_game_rosters(game_id=gid, return_as_pandas=True).to_dict("records")
           ^^^^^^^^^^^^^^^^^^^^^^^^^^^^^^^^^^^^^^^^^^^^^^^^^^^^^^^^^^^^^^^^^
  File "C:\Users\saiem\Documents\GitHub-Data\sdv-dev\cfbfastR-dev\cfbfastR-cfb-raw\.venv\Lib\site-packages\sportsdataverse\cfb\cfb_game_rosters.py", line 65, in espn_cfb_game_rosters
    items = helper_cfb_game_items(summary)
            ^^^^^^^^^^^^^^^^^^^^^^^^^^^^^^
  File "C:\Users\saiem\Documents\GitHub-Data\sdv-dev\cfbfastR-dev\cfbfastR-cfb-raw\.venv\Lib\site-packages\sportsdataverse\cfb\cfb_game_rosters.py", line 97, in helper_cfb_game_items
    items = items.rename({"id": "team_id", "uid": "team_uid", "statistics_href": "team_statistics_href"})
            ^^^^^^^^^^^^^^^^^^^^^^^^^^^^^^^^^^^^^^^^^^^^^^^^^^^^^^^^^^^^^^^^^^^^^^^^^^^^^^^^^^^^^^^^^^^^^
  File "C:\Users\saiem\Documents\GitHub-Data\sdv-dev\cfbfastR-dev\cfbfastR-cfb-raw\.venv\Lib\site-packages\polars\dataframe\frame.py", line 5275, in rename
    .collect(optimizations=QueryOptFlags._eager())
     ^^^^^^^^^^^^^^^^^^^^^^^^^^^^^^^^^^^^^^^^^^^^^
  File "C:\Users\saiem\Documents\GitHub-Data\sdv-dev\cfbfastR-dev\cfbfastR-cfb-raw\.venv\Lib\site-packages\polars\_utils\deprecation.py", line 97, in wrapper
    return function(*args, **kwargs)
           ^^^^^^^^^^^^^^^^^^^^^^^^^
  File "C:\Users\saiem\Documents\GitHub-Data\sdv-dev\cfbfastR-dev\cfbfastR-cfb-raw\.venv\Lib\site-packages\polars\lazyframe\opt_flags.py", line 343, in wrapper
    return function(*args, **kwargs)
           ^^^^^^^^^^^^^^^^^^^^^^^^^
  File "C:\Users\saiem\Documents\GitHub-Data\sdv-dev\cfbfastR-dev\cfbfastR-cfb-raw\.venv\Lib\site-packages\polars\lazyframe\frame.py", line 2630, in collect
    return wrap_df(ldf.collect(engine, callback))
                   ^^^^^^^^^^^^^^^^^^^^^^^^^^^^^
polars.exceptions.ColumnNotFoundError: "statistics_href" not found
ERROR:cfb_json_2020:extra fetch failed: _rosters(401247322,)
Traceback (most recent call last):
  File "C:\Users\saiem\Documents\GitHub-Data\sdv-dev\cfbfastR-dev\cfbfastR-cfb-raw\python\_cfb_raw_utils.py", line 93, in _safe
    return fn(*args, **kwargs)
           ^^^^^^^^^^^^^^^^^^^
  File "C:\Users\saiem\Documents\GitHub-Data\sdv-dev\cfbfastR-dev\cfbfastR-cfb-raw\python\scrape_cfb_json.py", line 31, in _rosters
    return sdv.cfb.espn_cfb_game_rosters(game_id=gid, return_as_pandas=True).to_dict("records")
           ^^^^^^^^^^^^^^^^^^^^^^^^^^^^^^^^^^^^^^^^^^^^^^^^^^^^^^^^^^^^^^^^^
  File "C:\Users\saiem\Documents\GitHub-Data\sdv-dev\cfbfastR-dev\cfbfastR-cfb-raw\.venv\Lib\site-packages\sportsdataverse\cfb\cfb_game_rosters.py", line 65, in espn_cfb_game_rosters
    items = helper_cfb_game_items(summary)
            ^^^^^^^^^^^^^^^^^^^^^^^^^^^^^^
  File "C:\Users\saiem\Documents\GitHub-Data\sdv-dev\cfbfastR-dev\cfbfastR-cfb-raw\.venv\Lib\site-packages\sportsdataverse\cfb\cfb_game_rosters.py", line 97, in helper_cfb_game_items
    items = items.rename({"id": "team_id", "uid": "team_uid", "statistics_href": "team_statistics_href"})
            ^^^^^^^^^^^^^^^^^^^^^^^^^^^^^^^^^^^^^^^^^^^^^^^^^^^^^^^^^^^^^^^^^^^^^^^^^^^^^^^^^^^^^^^^^^^^^
  File "C:\Users\saiem\Documents\GitHub-Data\sdv-dev\cfbfastR-dev\cfbfastR-cfb-raw\.venv\Lib\site-packages\polars\dataframe\frame.py", line 5275, in rename
    .collect(optimizations=QueryOptFlags._eager())
     ^^^^^^^^^^^^^^^^^^^^^^^^^^^^^^^^^^^^^^^^^^^^^
  File "C:\Users\saiem\Documents\GitHub-Data\sdv-dev\cfbfastR-dev\cfbfastR-cfb-raw\.venv\Lib\site-packages\polars\_utils\deprecation.py", line 97, in wrapper
    return function(*args, **kwargs)
           ^^^^^^^^^^^^^^^^^^^^^^^^^
  File "C:\Users\saiem\Documents\GitHub-Data\sdv-dev\cfbfastR-dev\cfbfastR-cfb-raw\.venv\Lib\site-packages\polars\lazyframe\opt_flags.py", line 343, in wrapper
    return function(*args, **kwargs)
           ^^^^^^^^^^^^^^^^^^^^^^^^^
  File "C:\Users\saiem\Documents\GitHub-Data\sdv-dev\cfbfastR-dev\cfbfastR-cfb-raw\.venv\Lib\site-packages\polars\lazyframe\frame.py", line 2630, in collect
    return wrap_df(ldf.collect(engine, callback))
                   ^^^^^^^^^^^^^^^^^^^^^^^^^^^^^
polars.exceptions.ColumnNotFoundError: "statistics_href" not found
cfb 2020:   9%|8         | 19/213 [00:10<01:16,  2.52it/s]2026-06-16 12:15:06,980 ERROR extra fetch failed: _rosters(401240639,)
Traceback (most recent call last):
  File "C:\Users\saiem\Documents\GitHub-Data\sdv-dev\cfbfastR-dev\cfbfastR-cfb-raw\python\_cfb_raw_utils.py", line 93, in _safe
    return fn(*args, **kwargs)
           ^^^^^^^^^^^^^^^^^^^
  File "C:\Users\saiem\Documents\GitHub-Data\sdv-dev\cfbfastR-dev\cfbfastR-cfb-raw\python\scrape_cfb_json.py", line 31, in _rosters
    return sdv.cfb.espn_cfb_game_rosters(game_id=gid, return_as_pandas=True).to_dict("records")
           ^^^^^^^^^^^^^^^^^^^^^^^^^^^^^^^^^^^^^^^^^^^^^^^^^^^^^^^^^^^^^^^^^
  File "C:\Users\saiem\Documents\GitHub-Data\sdv-dev\cfbfastR-dev\cfbfastR-cfb-raw\.venv\Lib\site-packages\sportsdataverse\cfb\cfb_game_rosters.py", line 65, in espn_cfb_game_rosters
    items = helper_cfb_game_items(summary)
            ^^^^^^^^^^^^^^^^^^^^^^^^^^^^^^
  File "C:\Users\saiem\Documents\GitHub-Data\sdv-dev\cfbfastR-dev\cfbfastR-cfb-raw\.venv\Lib\site-packages\sportsdataverse\cfb\cfb_game_rosters.py", line 97, in helper_cfb_game_items
    items = items.rename({"id": "team_id", "uid": "team_uid", "statistics_href": "team_statistics_href"})
            ^^^^^^^^^^^^^^^^^^^^^^^^^^^^^^^^^^^^^^^^^^^^^^^^^^^^^^^^^^^^^^^^^^^^^^^^^^^^^^^^^^^^^^^^^^^^^
  File "C:\Users\saiem\Documents\GitHub-Data\sdv-dev\cfbfastR-dev\cfbfastR-cfb-raw\.venv\Lib\site-packages\polars\dataframe\frame.py", line 5275, in rename
    .collect(optimizations=QueryOptFlags._eager())
     ^^^^^^^^^^^^^^^^^^^^^^^^^^^^^^^^^^^^^^^^^^^^^
  File "C:\Users\saiem\Documents\GitHub-Data\sdv-dev\cfbfastR-dev\cfbfastR-cfb-raw\.venv\Lib\site-packages\polars\_utils\deprecation.py", line 97, in wrapper
    return function(*args, **kwargs)
           ^^^^^^^^^^^^^^^^^^^^^^^^^
  File "C:\Users\saiem\Documents\GitHub-Data\sdv-dev\cfbfastR-dev\cfbfastR-cfb-raw\.venv\Lib\site-packages\polars\lazyframe\opt_flags.py", line 343, in wrapper
    return function(*args, **kwargs)
           ^^^^^^^^^^^^^^^^^^^^^^^^^
  File "C:\Users\saiem\Documents\GitHub-Data\sdv-dev\cfbfastR-dev\cfbfastR-cfb-raw\.venv\Lib\site-packages\polars\lazyframe\frame.py", line 2630, in collect
    return wrap_df(ldf.collect(engine, callback))
                   ^^^^^^^^^^^^^^^^^^^^^^^^^^^^^
polars.exceptions.ColumnNotFoundError: "statistics_href" not found
ERROR:cfb_json_2020:extra fetch failed: _rosters(401240639,)
Traceback (most recent call last):
  File "C:\Users\saiem\Documents\GitHub-Data\sdv-dev\cfbfastR-dev\cfbfastR-cfb-raw\python\_cfb_raw_utils.py", line 93, in _safe
    return fn(*args, **kwargs)
           ^^^^^^^^^^^^^^^^^^^
  File "C:\Users\saiem\Documents\GitHub-Data\sdv-dev\cfbfastR-dev\cfbfastR-cfb-raw\python\scrape_cfb_json.py", line 31, in _rosters
    return sdv.cfb.espn_cfb_game_rosters(game_id=gid, return_as_pandas=True).to_dict("records")
           ^^^^^^^^^^^^^^^^^^^^^^^^^^^^^^^^^^^^^^^^^^^^^^^^^^^^^^^^^^^^^^^^^
  File "C:\Users\saiem\Documents\GitHub-Data\sdv-dev\cfbfastR-dev\cfbfastR-cfb-raw\.venv\Lib\site-packages\sportsdataverse\cfb\cfb_game_rosters.py", line 65, in espn_cfb_game_rosters
    items = helper_cfb_game_items(summary)
            ^^^^^^^^^^^^^^^^^^^^^^^^^^^^^^
  File "C:\Users\saiem\Documents\GitHub-Data\sdv-dev\cfbfastR-dev\cfbfastR-cfb-raw\.venv\Lib\site-packages\sportsdataverse\cfb\cfb_game_rosters.py", line 97, in helper_cfb_game_items
    items = items.rename({"id": "team_id", "uid": "team_uid", "statistics_href": "team_statistics_href"})
            ^^^^^^^^^^^^^^^^^^^^^^^^^^^^^^^^^^^^^^^^^^^^^^^^^^^^^^^^^^^^^^^^^^^^^^^^^^^^^^^^^^^^^^^^^^^^^
  File "C:\Users\saiem\Documents\GitHub-Data\sdv-dev\cfbfastR-dev\cfbfastR-cfb-raw\.venv\Lib\site-packages\polars\dataframe\frame.py", line 5275, in rename
    .collect(optimizations=QueryOptFlags._eager())
     ^^^^^^^^^^^^^^^^^^^^^^^^^^^^^^^^^^^^^^^^^^^^^
  File "C:\Users\saiem\Documents\GitHub-Data\sdv-dev\cfbfastR-dev\cfbfastR-cfb-raw\.venv\Lib\site-packages\polars\_utils\deprecation.py", line 97, in wrapper
    return function(*args, **kwargs)
           ^^^^^^^^^^^^^^^^^^^^^^^^^
  File "C:\Users\saiem\Documents\GitHub-Data\sdv-dev\cfbfastR-dev\cfbfastR-cfb-raw\.venv\Lib\site-packages\polars\lazyframe\opt_flags.py", line 343, in wrapper
    return function(*args, **kwargs)
           ^^^^^^^^^^^^^^^^^^^^^^^^^
  File "C:\Users\saiem\Documents\GitHub-Data\sdv-dev\cfbfastR-dev\cfbfastR-cfb-raw\.venv\Lib\site-packages\polars\lazyframe\frame.py", line 2630, in collect
    return wrap_df(ldf.collect(engine, callback))
                   ^^^^^^^^^^^^^^^^^^^^^^^^^^^^^
polars.exceptions.ColumnNotFoundError: "statistics_href" not found
cfb 2020:   9%|9         | 20/213 [00:11<01:36,  2.00it/s]2026-06-16 12:15:07,249 ERROR extra fetch failed: _rosters(401249021,)
Traceback (most recent call last):
  File "C:\Users\saiem\Documents\GitHub-Data\sdv-dev\cfbfastR-dev\cfbfastR-cfb-raw\python\_cfb_raw_utils.py", line 93, in _safe
    return fn(*args, **kwargs)
           ^^^^^^^^^^^^^^^^^^^
  File "C:\Users\saiem\Documents\GitHub-Data\sdv-dev\cfbfastR-dev\cfbfastR-cfb-raw\python\scrape_cfb_json.py", line 31, in _rosters
    return sdv.cfb.espn_cfb_game_rosters(game_id=gid, return_as_pandas=True).to_dict("records")
           ^^^^^^^^^^^^^^^^^^^^^^^^^^^^^^^^^^^^^^^^^^^^^^^^^^^^^^^^^^^^^^^^^
  File "C:\Users\saiem\Documents\GitHub-Data\sdv-dev\cfbfastR-dev\cfbfastR-cfb-raw\.venv\Lib\site-packages\sportsdataverse\cfb\cfb_game_rosters.py", line 65, in espn_cfb_game_rosters
    items = helper_cfb_game_items(summary)
            ^^^^^^^^^^^^^^^^^^^^^^^^^^^^^^
  File "C:\Users\saiem\Documents\GitHub-Data\sdv-dev\cfbfastR-dev\cfbfastR-cfb-raw\.venv\Lib\site-packages\sportsdataverse\cfb\cfb_game_rosters.py", line 97, in helper_cfb_game_items
    items = items.rename({"id": "team_id", "uid": "team_uid", "statistics_href": "team_statistics_href"})
            ^^^^^^^^^^^^^^^^^^^^^^^^^^^^^^^^^^^^^^^^^^^^^^^^^^^^^^^^^^^^^^^^^^^^^^^^^^^^^^^^^^^^^^^^^^^^^
  File "C:\Users\saiem\Documents\GitHub-Data\sdv-dev\cfbfastR-dev\cfbfastR-cfb-raw\.venv\Lib\site-packages\polars\dataframe\frame.py", line 5275, in rename
    .collect(optimizations=QueryOptFlags._eager())
     ^^^^^^^^^^^^^^^^^^^^^^^^^^^^^^^^^^^^^^^^^^^^^
  File "C:\Users\saiem\Documents\GitHub-Data\sdv-dev\cfbfastR-dev\cfbfastR-cfb-raw\.venv\Lib\site-packages\polars\_utils\deprecation.py", line 97, in wrapper
    return function(*args, **kwargs)
           ^^^^^^^^^^^^^^^^^^^^^^^^^
  File "C:\Users\saiem\Documents\GitHub-Data\sdv-dev\cfbfastR-dev\cfbfastR-cfb-raw\.venv\Lib\site-packages\polars\lazyframe\opt_flags.py", line 343, in wrapper
    return function(*args, **kwargs)
           ^^^^^^^^^^^^^^^^^^^^^^^^^
  File "C:\Users\saiem\Documents\GitHub-Data\sdv-dev\cfbfastR-dev\cfbfastR-cfb-raw\.venv\Lib\site-packages\polars\lazyframe\frame.py", line 2630, in collect
    return wrap_df(ldf.collect(engine, callback))
                   ^^^^^^^^^^^^^^^^^^^^^^^^^^^^^
polars.exceptions.ColumnNotFoundError: "statistics_href" not found
ERROR:cfb_json_2020:extra fetch failed: _rosters(401249021,)
Traceback (most recent call last):
  File "C:\Users\saiem\Documents\GitHub-Data\sdv-dev\cfbfastR-dev\cfbfastR-cfb-raw\python\_cfb_raw_utils.py", line 93, in _safe
    return fn(*args, **kwargs)
           ^^^^^^^^^^^^^^^^^^^
  File "C:\Users\saiem\Documents\GitHub-Data\sdv-dev\cfbfastR-dev\cfbfastR-cfb-raw\python\scrape_cfb_json.py", line 31, in _rosters
    return sdv.cfb.espn_cfb_game_rosters(game_id=gid, return_as_pandas=True).to_dict("records")
           ^^^^^^^^^^^^^^^^^^^^^^^^^^^^^^^^^^^^^^^^^^^^^^^^^^^^^^^^^^^^^^^^^
  File "C:\Users\saiem\Documents\GitHub-Data\sdv-dev\cfbfastR-dev\cfbfastR-cfb-raw\.venv\Lib\site-packages\sportsdataverse\cfb\cfb_game_rosters.py", line 65, in espn_cfb_game_rosters
    items = helper_cfb_game_items(summary)
            ^^^^^^^^^^^^^^^^^^^^^^^^^^^^^^
  File "C:\Users\saiem\Documents\GitHub-Data\sdv-dev\cfbfastR-dev\cfbfastR-cfb-raw\.venv\Lib\site-packages\sportsdataverse\cfb\cfb_game_rosters.py", line 97, in helper_cfb_game_items
    items = items.rename({"id": "team_id", "uid": "team_uid", "statistics_href": "team_statistics_href"})
            ^^^^^^^^^^^^^^^^^^^^^^^^^^^^^^^^^^^^^^^^^^^^^^^^^^^^^^^^^^^^^^^^^^^^^^^^^^^^^^^^^^^^^^^^^^^^^
  File "C:\Users\saiem\Documents\GitHub-Data\sdv-dev\cfbfastR-dev\cfbfastR-cfb-raw\.venv\Lib\site-packages\polars\dataframe\frame.py", line 5275, in rename
    .collect(optimizations=QueryOptFlags._eager())
     ^^^^^^^^^^^^^^^^^^^^^^^^^^^^^^^^^^^^^^^^^^^^^
  File "C:\Users\saiem\Documents\GitHub-Data\sdv-dev\cfbfastR-dev\cfbfastR-cfb-raw\.venv\Lib\site-packages\polars\_utils\deprecation.py", line 97, in wrapper
    return function(*args, **kwargs)
           ^^^^^^^^^^^^^^^^^^^^^^^^^
  File "C:\Users\saiem\Documents\GitHub-Data\sdv-dev\cfbfastR-dev\cfbfastR-cfb-raw\.venv\Lib\site-packages\polars\lazyframe\opt_flags.py", line 343, in wrapper
    return function(*args, **kwargs)
           ^^^^^^^^^^^^^^^^^^^^^^^^^
  File "C:\Users\saiem\Documents\GitHub-Data\sdv-dev\cfbfastR-dev\cfbfastR-cfb-raw\.venv\Lib\site-packages\polars\lazyframe\frame.py", line 2630, in collect
    return wrap_df(ldf.collect(engine, callback))
                   ^^^^^^^^^^^^^^^^^^^^^^^^^^^^^
polars.exceptions.ColumnNotFoundError: "statistics_href" not found
cfb 2020:  10%|9         | 21/213 [00:11<01:21,  2.35it/s]2026-06-16 12:15:07,860 ERROR extra fetch failed: _rosters(401249020,)
Traceback (most recent call last):
  File "C:\Users\saiem\Documents\GitHub-Data\sdv-dev\cfbfastR-dev\cfbfastR-cfb-raw\python\_cfb_raw_utils.py", line 93, in _safe
    return fn(*args, **kwargs)
           ^^^^^^^^^^^^^^^^^^^
  File "C:\Users\saiem\Documents\GitHub-Data\sdv-dev\cfbfastR-dev\cfbfastR-cfb-raw\python\scrape_cfb_json.py", line 31, in _rosters
    return sdv.cfb.espn_cfb_game_rosters(game_id=gid, return_as_pandas=True).to_dict("records")
           ^^^^^^^^^^^^^^^^^^^^^^^^^^^^^^^^^^^^^^^^^^^^^^^^^^^^^^^^^^^^^^^^^
  File "C:\Users\saiem\Documents\GitHub-Data\sdv-dev\cfbfastR-dev\cfbfastR-cfb-raw\.venv\Lib\site-packages\sportsdataverse\cfb\cfb_game_rosters.py", line 65, in espn_cfb_game_rosters
    items = helper_cfb_game_items(summary)
            ^^^^^^^^^^^^^^^^^^^^^^^^^^^^^^
  File "C:\Users\saiem\Documents\GitHub-Data\sdv-dev\cfbfastR-dev\cfbfastR-cfb-raw\.venv\Lib\site-packages\sportsdataverse\cfb\cfb_game_rosters.py", line 97, in helper_cfb_game_items
    items = items.rename({"id": "team_id", "uid": "team_uid", "statistics_href": "team_statistics_href"})
            ^^^^^^^^^^^^^^^^^^^^^^^^^^^^^^^^^^^^^^^^^^^^^^^^^^^^^^^^^^^^^^^^^^^^^^^^^^^^^^^^^^^^^^^^^^^^^
  File "C:\Users\saiem\Documents\GitHub-Data\sdv-dev\cfbfastR-dev\cfbfastR-cfb-raw\.venv\Lib\site-packages\polars\dataframe\frame.py", line 5275, in rename
    .collect(optimizations=QueryOptFlags._eager())
     ^^^^^^^^^^^^^^^^^^^^^^^^^^^^^^^^^^^^^^^^^^^^^
  File "C:\Users\saiem\Documents\GitHub-Data\sdv-dev\cfbfastR-dev\cfbfastR-cfb-raw\.venv\Lib\site-packages\polars\_utils\deprecation.py", line 97, in wrapper
    return function(*args, **kwargs)
           ^^^^^^^^^^^^^^^^^^^^^^^^^
  File "C:\Users\saiem\Documents\GitHub-Data\sdv-dev\cfbfastR-dev\cfbfastR-cfb-raw\.venv\Lib\site-packages\polars\lazyframe\opt_flags.py", line 343, in wrapper
    return function(*args, **kwargs)
           ^^^^^^^^^^^^^^^^^^^^^^^^^
  File "C:\Users\saiem\Documents\GitHub-Data\sdv-dev\cfbfastR-dev\cfbfastR-cfb-raw\.venv\Lib\site-packages\polars\lazyframe\frame.py", line 2630, in collect
    return wrap_df(ldf.collect(engine, callback))
                   ^^^^^^^^^^^^^^^^^^^^^^^^^^^^^
polars.exceptions.ColumnNotFoundError: "statistics_href" not found
ERROR:cfb_json_2020:extra fetch failed: _rosters(401249020,)
Traceback (most recent call last):
  File "C:\Users\saiem\Documents\GitHub-Data\sdv-dev\cfbfastR-dev\cfbfastR-cfb-raw\python\_cfb_raw_utils.py", line 93, in _safe
    return fn(*args, **kwargs)
           ^^^^^^^^^^^^^^^^^^^
  File "C:\Users\saiem\Documents\GitHub-Data\sdv-dev\cfbfastR-dev\cfbfastR-cfb-raw\python\scrape_cfb_json.py", line 31, in _rosters
    return sdv.cfb.espn_cfb_game_rosters(game_id=gid, return_as_pandas=True).to_dict("records")
           ^^^^^^^^^^^^^^^^^^^^^^^^^^^^^^^^^^^^^^^^^^^^^^^^^^^^^^^^^^^^^^^^^
  File "C:\Users\saiem\Documents\GitHub-Data\sdv-dev\cfbfastR-dev\cfbfastR-cfb-raw\.venv\Lib\site-packages\sportsdataverse\cfb\cfb_game_rosters.py", line 65, in espn_cfb_game_rosters
    items = helper_cfb_game_items(summary)
            ^^^^^^^^^^^^^^^^^^^^^^^^^^^^^^
  File "C:\Users\saiem\Documents\GitHub-Data\sdv-dev\cfbfastR-dev\cfbfastR-cfb-raw\.venv\Lib\site-packages\sportsdataverse\cfb\cfb_game_rosters.py", line 97, in helper_cfb_game_items
    items = items.rename({"id": "team_id", "uid": "team_uid", "statistics_href": "team_statistics_href"})
            ^^^^^^^^^^^^^^^^^^^^^^^^^^^^^^^^^^^^^^^^^^^^^^^^^^^^^^^^^^^^^^^^^^^^^^^^^^^^^^^^^^^^^^^^^^^^^
  File "C:\Users\saiem\Documents\GitHub-Data\sdv-dev\cfbfastR-dev\cfbfastR-cfb-raw\.venv\Lib\site-packages\polars\dataframe\frame.py", line 5275, in rename
    .collect(optimizations=QueryOptFlags._eager())
     ^^^^^^^^^^^^^^^^^^^^^^^^^^^^^^^^^^^^^^^^^^^^^
  File "C:\Users\saiem\Documents\GitHub-Data\sdv-dev\cfbfastR-dev\cfbfastR-cfb-raw\.venv\Lib\site-packages\polars\_utils\deprecation.py", line 97, in wrapper
    return function(*args, **kwargs)
           ^^^^^^^^^^^^^^^^^^^^^^^^^
  File "C:\Users\saiem\Documents\GitHub-Data\sdv-dev\cfbfastR-dev\cfbfastR-cfb-raw\.venv\Lib\site-packages\polars\lazyframe\opt_flags.py", line 343, in wrapper
    return function(*args, **kwargs)
           ^^^^^^^^^^^^^^^^^^^^^^^^^
  File "C:\Users\saiem\Documents\GitHub-Data\sdv-dev\cfbfastR-dev\cfbfastR-cfb-raw\.venv\Lib\site-packages\polars\lazyframe\frame.py", line 2630, in collect
    return wrap_df(ldf.collect(engine, callback))
                   ^^^^^^^^^^^^^^^^^^^^^^^^^^^^^
polars.exceptions.ColumnNotFoundError: "statistics_href" not found
cfb 2020:  10%|#         | 22/213 [00:12<01:31,  2.08it/s]2026-06-16 12:15:08,206 ERROR extra fetch failed: _rosters(401249412,)
Traceback (most recent call last):
  File "C:\Users\saiem\Documents\GitHub-Data\sdv-dev\cfbfastR-dev\cfbfastR-cfb-raw\python\_cfb_raw_utils.py", line 93, in _safe
    return fn(*args, **kwargs)
           ^^^^^^^^^^^^^^^^^^^
  File "C:\Users\saiem\Documents\GitHub-Data\sdv-dev\cfbfastR-dev\cfbfastR-cfb-raw\python\scrape_cfb_json.py", line 31, in _rosters
    return sdv.cfb.espn_cfb_game_rosters(game_id=gid, return_as_pandas=True).to_dict("records")
           ^^^^^^^^^^^^^^^^^^^^^^^^^^^^^^^^^^^^^^^^^^^^^^^^^^^^^^^^^^^^^^^^^
  File "C:\Users\saiem\Documents\GitHub-Data\sdv-dev\cfbfastR-dev\cfbfastR-cfb-raw\.venv\Lib\site-packages\sportsdataverse\cfb\cfb_game_rosters.py", line 65, in espn_cfb_game_rosters
    items = helper_cfb_game_items(summary)
            ^^^^^^^^^^^^^^^^^^^^^^^^^^^^^^
  File "C:\Users\saiem\Documents\GitHub-Data\sdv-dev\cfbfastR-dev\cfbfastR-cfb-raw\.venv\Lib\site-packages\sportsdataverse\cfb\cfb_game_rosters.py", line 97, in helper_cfb_game_items
    items = items.rename({"id": "team_id", "uid": "team_uid", "statistics_href": "team_statistics_href"})
            ^^^^^^^^^^^^^^^^^^^^^^^^^^^^^^^^^^^^^^^^^^^^^^^^^^^^^^^^^^^^^^^^^^^^^^^^^^^^^^^^^^^^^^^^^^^^^
  File "C:\Users\saiem\Documents\GitHub-Data\sdv-dev\cfbfastR-dev\cfbfastR-cfb-raw\.venv\Lib\site-packages\polars\dataframe\frame.py", line 5275, in rename
    .collect(optimizations=QueryOptFlags._eager())
     ^^^^^^^^^^^^^^^^^^^^^^^^^^^^^^^^^^^^^^^^^^^^^
  File "C:\Users\saiem\Documents\GitHub-Data\sdv-dev\cfbfastR-dev\cfbfastR-cfb-raw\.venv\Lib\site-packages\polars\_utils\deprecation.py", line 97, in wrapper
    return function(*args, **kwargs)
           ^^^^^^^^^^^^^^^^^^^^^^^^^
  File "C:\Users\saiem\Documents\GitHub-Data\sdv-dev\cfbfastR-dev\cfbfastR-cfb-raw\.venv\Lib\site-packages\polars\lazyframe\opt_flags.py", line 343, in wrapper
    return function(*args, **kwargs)
           ^^^^^^^^^^^^^^^^^^^^^^^^^
  File "C:\Users\saiem\Documents\GitHub-Data\sdv-dev\cfbfastR-dev\cfbfastR-cfb-raw\.venv\Lib\site-packages\polars\lazyframe\frame.py", line 2630, in collect
    return wrap_df(ldf.collect(engine, callback))
                   ^^^^^^^^^^^^^^^^^^^^^^^^^^^^^
polars.exceptions.ColumnNotFoundError: "statistics_href" not found
ERROR:cfb_json_2020:extra fetch failed: _rosters(401249412,)
Traceback (most recent call last):
  File "C:\Users\saiem\Documents\GitHub-Data\sdv-dev\cfbfastR-dev\cfbfastR-cfb-raw\python\_cfb_raw_utils.py", line 93, in _safe
    return fn(*args, **kwargs)
           ^^^^^^^^^^^^^^^^^^^
  File "C:\Users\saiem\Documents\GitHub-Data\sdv-dev\cfbfastR-dev\cfbfastR-cfb-raw\python\scrape_cfb_json.py", line 31, in _rosters
    return sdv.cfb.espn_cfb_game_rosters(game_id=gid, return_as_pandas=True).to_dict("records")
           ^^^^^^^^^^^^^^^^^^^^^^^^^^^^^^^^^^^^^^^^^^^^^^^^^^^^^^^^^^^^^^^^^
  File "C:\Users\saiem\Documents\GitHub-Data\sdv-dev\cfbfastR-dev\cfbfastR-cfb-raw\.venv\Lib\site-packages\sportsdataverse\cfb\cfb_game_rosters.py", line 65, in espn_cfb_game_rosters
    items = helper_cfb_game_items(summary)
            ^^^^^^^^^^^^^^^^^^^^^^^^^^^^^^
  File "C:\Users\saiem\Documents\GitHub-Data\sdv-dev\cfbfastR-dev\cfbfastR-cfb-raw\.venv\Lib\site-packages\sportsdataverse\cfb\cfb_game_rosters.py", line 97, in helper_cfb_game_items
    items = items.rename({"id": "team_id", "uid": "team_uid", "statistics_href": "team_statistics_href"})
            ^^^^^^^^^^^^^^^^^^^^^^^^^^^^^^^^^^^^^^^^^^^^^^^^^^^^^^^^^^^^^^^^^^^^^^^^^^^^^^^^^^^^^^^^^^^^^
  File "C:\Users\saiem\Documents\GitHub-Data\sdv-dev\cfbfastR-dev\cfbfastR-cfb-raw\.venv\Lib\site-packages\polars\dataframe\frame.py", line 5275, in rename
    .collect(optimizations=QueryOptFlags._eager())
     ^^^^^^^^^^^^^^^^^^^^^^^^^^^^^^^^^^^^^^^^^^^^^
  File "C:\Users\saiem\Documents\GitHub-Data\sdv-dev\cfbfastR-dev\cfbfastR-cfb-raw\.venv\Lib\site-packages\polars\_utils\deprecation.py", line 97, in wrapper
    return function(*args, **kwargs)
           ^^^^^^^^^^^^^^^^^^^^^^^^^
  File "C:\Users\saiem\Documents\GitHub-Data\sdv-dev\cfbfastR-dev\cfbfastR-cfb-raw\.venv\Lib\site-packages\polars\lazyframe\opt_flags.py", line 343, in wrapper
    return function(*args, **kwargs)
           ^^^^^^^^^^^^^^^^^^^^^^^^^
  File "C:\Users\saiem\Documents\GitHub-Data\sdv-dev\cfbfastR-dev\cfbfastR-cfb-raw\.venv\Lib\site-packages\polars\lazyframe\frame.py", line 2630, in collect
    return wrap_df(ldf.collect(engine, callback))
                   ^^^^^^^^^^^^^^^^^^^^^^^^^^^^^
polars.exceptions.ColumnNotFoundError: "statistics_href" not found
cfb 2020:  11%|#         | 23/213 [00:12<01:23,  2.27it/s]2026-06-16 12:15:08,794 ERROR extra fetch failed: _rosters(401249409,)
Traceback (most recent call last):
  File "C:\Users\saiem\Documents\GitHub-Data\sdv-dev\cfbfastR-dev\cfbfastR-cfb-raw\python\_cfb_raw_utils.py", line 93, in _safe
    return fn(*args, **kwargs)
           ^^^^^^^^^^^^^^^^^^^
  File "C:\Users\saiem\Documents\GitHub-Data\sdv-dev\cfbfastR-dev\cfbfastR-cfb-raw\python\scrape_cfb_json.py", line 31, in _rosters
    return sdv.cfb.espn_cfb_game_rosters(game_id=gid, return_as_pandas=True).to_dict("records")
           ^^^^^^^^^^^^^^^^^^^^^^^^^^^^^^^^^^^^^^^^^^^^^^^^^^^^^^^^^^^^^^^^^
  File "C:\Users\saiem\Documents\GitHub-Data\sdv-dev\cfbfastR-dev\cfbfastR-cfb-raw\.venv\Lib\site-packages\sportsdataverse\cfb\cfb_game_rosters.py", line 65, in espn_cfb_game_rosters
    items = helper_cfb_game_items(summary)
            ^^^^^^^^^^^^^^^^^^^^^^^^^^^^^^
  File "C:\Users\saiem\Documents\GitHub-Data\sdv-dev\cfbfastR-dev\cfbfastR-cfb-raw\.venv\Lib\site-packages\sportsdataverse\cfb\cfb_game_rosters.py", line 97, in helper_cfb_game_items
    items = items.rename({"id": "team_id", "uid": "team_uid", "statistics_href": "team_statistics_href"})
            ^^^^^^^^^^^^^^^^^^^^^^^^^^^^^^^^^^^^^^^^^^^^^^^^^^^^^^^^^^^^^^^^^^^^^^^^^^^^^^^^^^^^^^^^^^^^^
  File "C:\Users\saiem\Documents\GitHub-Data\sdv-dev\cfbfastR-dev\cfbfastR-cfb-raw\.venv\Lib\site-packages\polars\dataframe\frame.py", line 5275, in rename
    .collect(optimizations=QueryOptFlags._eager())
     ^^^^^^^^^^^^^^^^^^^^^^^^^^^^^^^^^^^^^^^^^^^^^
  File "C:\Users\saiem\Documents\GitHub-Data\sdv-dev\cfbfastR-dev\cfbfastR-cfb-raw\.venv\Lib\site-packages\polars\_utils\deprecation.py", line 97, in wrapper
    return function(*args, **kwargs)
           ^^^^^^^^^^^^^^^^^^^^^^^^^
  File "C:\Users\saiem\Documents\GitHub-Data\sdv-dev\cfbfastR-dev\cfbfastR-cfb-raw\.venv\Lib\site-packages\polars\lazyframe\opt_flags.py", line 343, in wrapper
    return function(*args, **kwargs)
           ^^^^^^^^^^^^^^^^^^^^^^^^^
  File "C:\Users\saiem\Documents\GitHub-Data\sdv-dev\cfbfastR-dev\cfbfastR-cfb-raw\.venv\Lib\site-packages\polars\lazyframe\frame.py", line 2630, in collect
    return wrap_df(ldf.collect(engine, callback))
                   ^^^^^^^^^^^^^^^^^^^^^^^^^^^^^
polars.exceptions.ColumnNotFoundError: "statistics_href" not found
ERROR:cfb_json_2020:extra fetch failed: _rosters(401249409,)
Traceback (most recent call last):
  File "C:\Users\saiem\Documents\GitHub-Data\sdv-dev\cfbfastR-dev\cfbfastR-cfb-raw\python\_cfb_raw_utils.py", line 93, in _safe
    return fn(*args, **kwargs)
           ^^^^^^^^^^^^^^^^^^^
  File "C:\Users\saiem\Documents\GitHub-Data\sdv-dev\cfbfastR-dev\cfbfastR-cfb-raw\python\scrape_cfb_json.py", line 31, in _rosters
    return sdv.cfb.espn_cfb_game_rosters(game_id=gid, return_as_pandas=True).to_dict("records")
           ^^^^^^^^^^^^^^^^^^^^^^^^^^^^^^^^^^^^^^^^^^^^^^^^^^^^^^^^^^^^^^^^^
  File "C:\Users\saiem\Documents\GitHub-Data\sdv-dev\cfbfastR-dev\cfbfastR-cfb-raw\.venv\Lib\site-packages\sportsdataverse\cfb\cfb_game_rosters.py", line 65, in espn_cfb_game_rosters
    items = helper_cfb_game_items(summary)
            ^^^^^^^^^^^^^^^^^^^^^^^^^^^^^^
  File "C:\Users\saiem\Documents\GitHub-Data\sdv-dev\cfbfastR-dev\cfbfastR-cfb-raw\.venv\Lib\site-packages\sportsdataverse\cfb\cfb_game_rosters.py", line 97, in helper_cfb_game_items
    items = items.rename({"id": "team_id", "uid": "team_uid", "statistics_href": "team_statistics_href"})
            ^^^^^^^^^^^^^^^^^^^^^^^^^^^^^^^^^^^^^^^^^^^^^^^^^^^^^^^^^^^^^^^^^^^^^^^^^^^^^^^^^^^^^^^^^^^^^
  File "C:\Users\saiem\Documents\GitHub-Data\sdv-dev\cfbfastR-dev\cfbfastR-cfb-raw\.venv\Lib\site-packages\polars\dataframe\frame.py", line 5275, in rename
    .collect(optimizations=QueryOptFlags._eager())
     ^^^^^^^^^^^^^^^^^^^^^^^^^^^^^^^^^^^^^^^^^^^^^
  File "C:\Users\saiem\Documents\GitHub-Data\sdv-dev\cfbfastR-dev\cfbfastR-cfb-raw\.venv\Lib\site-packages\polars\_utils\deprecation.py", line 97, in wrapper
    return function(*args, **kwargs)
           ^^^^^^^^^^^^^^^^^^^^^^^^^
  File "C:\Users\saiem\Documents\GitHub-Data\sdv-dev\cfbfastR-dev\cfbfastR-cfb-raw\.venv\Lib\site-packages\polars\lazyframe\opt_flags.py", line 343, in wrapper
    return function(*args, **kwargs)
           ^^^^^^^^^^^^^^^^^^^^^^^^^
  File "C:\Users\saiem\Documents\GitHub-Data\sdv-dev\cfbfastR-dev\cfbfastR-cfb-raw\.venv\Lib\site-packages\polars\lazyframe\frame.py", line 2630, in collect
    return wrap_df(ldf.collect(engine, callback))
                   ^^^^^^^^^^^^^^^^^^^^^^^^^^^^^
polars.exceptions.ColumnNotFoundError: "statistics_href" not found
cfb 2020:  11%|#1        | 24/213 [00:13<01:31,  2.06it/s]2026-06-16 12:15:09,064 ERROR extra fetch failed: _rosters(401249023,)
Traceback (most recent call last):
  File "C:\Users\saiem\Documents\GitHub-Data\sdv-dev\cfbfastR-dev\cfbfastR-cfb-raw\python\_cfb_raw_utils.py", line 93, in _safe
    return fn(*args, **kwargs)
           ^^^^^^^^^^^^^^^^^^^
  File "C:\Users\saiem\Documents\GitHub-Data\sdv-dev\cfbfastR-dev\cfbfastR-cfb-raw\python\scrape_cfb_json.py", line 31, in _rosters
    return sdv.cfb.espn_cfb_game_rosters(game_id=gid, return_as_pandas=True).to_dict("records")
           ^^^^^^^^^^^^^^^^^^^^^^^^^^^^^^^^^^^^^^^^^^^^^^^^^^^^^^^^^^^^^^^^^
  File "C:\Users\saiem\Documents\GitHub-Data\sdv-dev\cfbfastR-dev\cfbfastR-cfb-raw\.venv\Lib\site-packages\sportsdataverse\cfb\cfb_game_rosters.py", line 65, in espn_cfb_game_rosters
    items = helper_cfb_game_items(summary)
            ^^^^^^^^^^^^^^^^^^^^^^^^^^^^^^
  File "C:\Users\saiem\Documents\GitHub-Data\sdv-dev\cfbfastR-dev\cfbfastR-cfb-raw\.venv\Lib\site-packages\sportsdataverse\cfb\cfb_game_rosters.py", line 97, in helper_cfb_game_items
    items = items.rename({"id": "team_id", "uid": "team_uid", "statistics_href": "team_statistics_href"})
            ^^^^^^^^^^^^^^^^^^^^^^^^^^^^^^^^^^^^^^^^^^^^^^^^^^^^^^^^^^^^^^^^^^^^^^^^^^^^^^^^^^^^^^^^^^^^^
  File "C:\Users\saiem\Documents\GitHub-Data\sdv-dev\cfbfastR-dev\cfbfastR-cfb-raw\.venv\Lib\site-packages\polars\dataframe\frame.py", line 5275, in rename
    .collect(optimizations=QueryOptFlags._eager())
     ^^^^^^^^^^^^^^^^^^^^^^^^^^^^^^^^^^^^^^^^^^^^^
  File "C:\Users\saiem\Documents\GitHub-Data\sdv-dev\cfbfastR-dev\cfbfastR-cfb-raw\.venv\Lib\site-packages\polars\_utils\deprecation.py", line 97, in wrapper
    return function(*args, **kwargs)
           ^^^^^^^^^^^^^^^^^^^^^^^^^
  File "C:\Users\saiem\Documents\GitHub-Data\sdv-dev\cfbfastR-dev\cfbfastR-cfb-raw\.venv\Lib\site-packages\polars\lazyframe\opt_flags.py", line 343, in wrapper
    return function(*args, **kwargs)
           ^^^^^^^^^^^^^^^^^^^^^^^^^
  File "C:\Users\saiem\Documents\GitHub-Data\sdv-dev\cfbfastR-dev\cfbfastR-cfb-raw\.venv\Lib\site-packages\polars\lazyframe\frame.py", line 2630, in collect
    return wrap_df(ldf.collect(engine, callback))
                   ^^^^^^^^^^^^^^^^^^^^^^^^^^^^^
polars.exceptions.ColumnNotFoundError: "statistics_href" not found
ERROR:cfb_json_2020:extra fetch failed: _rosters(401249023,)
Traceback (most recent call last):
  File "C:\Users\saiem\Documents\GitHub-Data\sdv-dev\cfbfastR-dev\cfbfastR-cfb-raw\python\_cfb_raw_utils.py", line 93, in _safe
    return fn(*args, **kwargs)
           ^^^^^^^^^^^^^^^^^^^
  File "C:\Users\saiem\Documents\GitHub-Data\sdv-dev\cfbfastR-dev\cfbfastR-cfb-raw\python\scrape_cfb_json.py", line 31, in _rosters
    return sdv.cfb.espn_cfb_game_rosters(game_id=gid, return_as_pandas=True).to_dict("records")
           ^^^^^^^^^^^^^^^^^^^^^^^^^^^^^^^^^^^^^^^^^^^^^^^^^^^^^^^^^^^^^^^^^
  File "C:\Users\saiem\Documents\GitHub-Data\sdv-dev\cfbfastR-dev\cfbfastR-cfb-raw\.venv\Lib\site-packages\sportsdataverse\cfb\cfb_game_rosters.py", line 65, in espn_cfb_game_rosters
    items = helper_cfb_game_items(summary)
            ^^^^^^^^^^^^^^^^^^^^^^^^^^^^^^
  File "C:\Users\saiem\Documents\GitHub-Data\sdv-dev\cfbfastR-dev\cfbfastR-cfb-raw\.venv\Lib\site-packages\sportsdataverse\cfb\cfb_game_rosters.py", line 97, in helper_cfb_game_items
    items = items.rename({"id": "team_id", "uid": "team_uid", "statistics_href": "team_statistics_href"})
            ^^^^^^^^^^^^^^^^^^^^^^^^^^^^^^^^^^^^^^^^^^^^^^^^^^^^^^^^^^^^^^^^^^^^^^^^^^^^^^^^^^^^^^^^^^^^^
  File "C:\Users\saiem\Documents\GitHub-Data\sdv-dev\cfbfastR-dev\cfbfastR-cfb-raw\.venv\Lib\site-packages\polars\dataframe\frame.py", line 5275, in rename
    .collect(optimizations=QueryOptFlags._eager())
     ^^^^^^^^^^^^^^^^^^^^^^^^^^^^^^^^^^^^^^^^^^^^^
  File "C:\Users\saiem\Documents\GitHub-Data\sdv-dev\cfbfastR-dev\cfbfastR-cfb-raw\.venv\Lib\site-packages\polars\_utils\deprecation.py", line 97, in wrapper
    return function(*args, **kwargs)
           ^^^^^^^^^^^^^^^^^^^^^^^^^
  File "C:\Users\saiem\Documents\GitHub-Data\sdv-dev\cfbfastR-dev\cfbfastR-cfb-raw\.venv\Lib\site-packages\polars\lazyframe\opt_flags.py", line 343, in wrapper
    return function(*args, **kwargs)
           ^^^^^^^^^^^^^^^^^^^^^^^^^
  File "C:\Users\saiem\Documents\GitHub-Data\sdv-dev\cfbfastR-dev\cfbfastR-cfb-raw\.venv\Lib\site-packages\polars\lazyframe\frame.py", line 2630, in collect
    return wrap_df(ldf.collect(engine, callback))
                   ^^^^^^^^^^^^^^^^^^^^^^^^^^^^^
polars.exceptions.ColumnNotFoundError: "statistics_href" not found
cfb 2020:  12%|#1        | 25/213 [00:13<01:19,  2.38it/s]2026-06-16 12:15:09,695 ERROR extra fetch failed: _rosters(401207193,)
Traceback (most recent call last):
  File "C:\Users\saiem\Documents\GitHub-Data\sdv-dev\cfbfastR-dev\cfbfastR-cfb-raw\python\_cfb_raw_utils.py", line 93, in _safe
    return fn(*args, **kwargs)
           ^^^^^^^^^^^^^^^^^^^
  File "C:\Users\saiem\Documents\GitHub-Data\sdv-dev\cfbfastR-dev\cfbfastR-cfb-raw\python\scrape_cfb_json.py", line 31, in _rosters
    return sdv.cfb.espn_cfb_game_rosters(game_id=gid, return_as_pandas=True).to_dict("records")
           ^^^^^^^^^^^^^^^^^^^^^^^^^^^^^^^^^^^^^^^^^^^^^^^^^^^^^^^^^^^^^^^^^
  File "C:\Users\saiem\Documents\GitHub-Data\sdv-dev\cfbfastR-dev\cfbfastR-cfb-raw\.venv\Lib\site-packages\sportsdataverse\cfb\cfb_game_rosters.py", line 65, in espn_cfb_game_rosters
    items = helper_cfb_game_items(summary)
            ^^^^^^^^^^^^^^^^^^^^^^^^^^^^^^
  File "C:\Users\saiem\Documents\GitHub-Data\sdv-dev\cfbfastR-dev\cfbfastR-cfb-raw\.venv\Lib\site-packages\sportsdataverse\cfb\cfb_game_rosters.py", line 97, in helper_cfb_game_items
    items = items.rename({"id": "team_id", "uid": "team_uid", "statistics_href": "team_statistics_href"})
            ^^^^^^^^^^^^^^^^^^^^^^^^^^^^^^^^^^^^^^^^^^^^^^^^^^^^^^^^^^^^^^^^^^^^^^^^^^^^^^^^^^^^^^^^^^^^^
  File "C:\Users\saiem\Documents\GitHub-Data\sdv-dev\cfbfastR-dev\cfbfastR-cfb-raw\.venv\Lib\site-packages\polars\dataframe\frame.py", line 5275, in rename
    .collect(optimizations=QueryOptFlags._eager())
     ^^^^^^^^^^^^^^^^^^^^^^^^^^^^^^^^^^^^^^^^^^^^^
  File "C:\Users\saiem\Documents\GitHub-Data\sdv-dev\cfbfastR-dev\cfbfastR-cfb-raw\.venv\Lib\site-packages\polars\_utils\deprecation.py", line 97, in wrapper
    return function(*args, **kwargs)
           ^^^^^^^^^^^^^^^^^^^^^^^^^
  File "C:\Users\saiem\Documents\GitHub-Data\sdv-dev\cfbfastR-dev\cfbfastR-cfb-raw\.venv\Lib\site-packages\polars\lazyframe\opt_flags.py", line 343, in wrapper
    return function(*args, **kwargs)
           ^^^^^^^^^^^^^^^^^^^^^^^^^
  File "C:\Users\saiem\Documents\GitHub-Data\sdv-dev\cfbfastR-dev\cfbfastR-cfb-raw\.venv\Lib\site-packages\polars\lazyframe\frame.py", line 2630, in collect
    return wrap_df(ldf.collect(engine, callback))
                   ^^^^^^^^^^^^^^^^^^^^^^^^^^^^^
polars.exceptions.ColumnNotFoundError: "statistics_href" not found
ERROR:cfb_json_2020:extra fetch failed: _rosters(401207193,)
Traceback (most recent call last):
  File "C:\Users\saiem\Documents\GitHub-Data\sdv-dev\cfbfastR-dev\cfbfastR-cfb-raw\python\_cfb_raw_utils.py", line 93, in _safe
    return fn(*args, **kwargs)
           ^^^^^^^^^^^^^^^^^^^
  File "C:\Users\saiem\Documents\GitHub-Data\sdv-dev\cfbfastR-dev\cfbfastR-cfb-raw\python\scrape_cfb_json.py", line 31, in _rosters
    return sdv.cfb.espn_cfb_game_rosters(game_id=gid, return_as_pandas=True).to_dict("records")
           ^^^^^^^^^^^^^^^^^^^^^^^^^^^^^^^^^^^^^^^^^^^^^^^^^^^^^^^^^^^^^^^^^
  File "C:\Users\saiem\Documents\GitHub-Data\sdv-dev\cfbfastR-dev\cfbfastR-cfb-raw\.venv\Lib\site-packages\sportsdataverse\cfb\cfb_game_rosters.py", line 65, in espn_cfb_game_rosters
    items = helper_cfb_game_items(summary)
            ^^^^^^^^^^^^^^^^^^^^^^^^^^^^^^
  File "C:\Users\saiem\Documents\GitHub-Data\sdv-dev\cfbfastR-dev\cfbfastR-cfb-raw\.venv\Lib\site-packages\sportsdataverse\cfb\cfb_game_rosters.py", line 97, in helper_cfb_game_items
    items = items.rename({"id": "team_id", "uid": "team_uid", "statistics_href": "team_statistics_href"})
            ^^^^^^^^^^^^^^^^^^^^^^^^^^^^^^^^^^^^^^^^^^^^^^^^^^^^^^^^^^^^^^^^^^^^^^^^^^^^^^^^^^^^^^^^^^^^^
  File "C:\Users\saiem\Documents\GitHub-Data\sdv-dev\cfbfastR-dev\cfbfastR-cfb-raw\.venv\Lib\site-packages\polars\dataframe\frame.py", line 5275, in rename
    .collect(optimizations=QueryOptFlags._eager())
     ^^^^^^^^^^^^^^^^^^^^^^^^^^^^^^^^^^^^^^^^^^^^^
  File "C:\Users\saiem\Documents\GitHub-Data\sdv-dev\cfbfastR-dev\cfbfastR-cfb-raw\.venv\Lib\site-packages\polars\_utils\deprecation.py", line 97, in wrapper
    return function(*args, **kwargs)
           ^^^^^^^^^^^^^^^^^^^^^^^^^
  File "C:\Users\saiem\Documents\GitHub-Data\sdv-dev\cfbfastR-dev\cfbfastR-cfb-raw\.venv\Lib\site-packages\polars\lazyframe\opt_flags.py", line 343, in wrapper
    return function(*args, **kwargs)
           ^^^^^^^^^^^^^^^^^^^^^^^^^
  File "C:\Users\saiem\Documents\GitHub-Data\sdv-dev\cfbfastR-dev\cfbfastR-cfb-raw\.venv\Lib\site-packages\polars\lazyframe\frame.py", line 2630, in collect
    return wrap_df(ldf.collect(engine, callback))
                   ^^^^^^^^^^^^^^^^^^^^^^^^^^^^^
polars.exceptions.ColumnNotFoundError: "statistics_href" not found
2026-06-16 12:15:09,836 ERROR extra fetch failed: _rosters(401249026,)
Traceback (most recent call last):
  File "C:\Users\saiem\Documents\GitHub-Data\sdv-dev\cfbfastR-dev\cfbfastR-cfb-raw\python\_cfb_raw_utils.py", line 93, in _safe
    return fn(*args, **kwargs)
           ^^^^^^^^^^^^^^^^^^^
  File "C:\Users\saiem\Documents\GitHub-Data\sdv-dev\cfbfastR-dev\cfbfastR-cfb-raw\python\scrape_cfb_json.py", line 31, in _rosters
    return sdv.cfb.espn_cfb_game_rosters(game_id=gid, return_as_pandas=True).to_dict("records")
           ^^^^^^^^^^^^^^^^^^^^^^^^^^^^^^^^^^^^^^^^^^^^^^^^^^^^^^^^^^^^^^^^^
  File "C:\Users\saiem\Documents\GitHub-Data\sdv-dev\cfbfastR-dev\cfbfastR-cfb-raw\.venv\Lib\site-packages\sportsdataverse\cfb\cfb_game_rosters.py", line 65, in espn_cfb_game_rosters
    items = helper_cfb_game_items(summary)
            ^^^^^^^^^^^^^^^^^^^^^^^^^^^^^^
  File "C:\Users\saiem\Documents\GitHub-Data\sdv-dev\cfbfastR-dev\cfbfastR-cfb-raw\.venv\Lib\site-packages\sportsdataverse\cfb\cfb_game_rosters.py", line 97, in helper_cfb_game_items
    items = items.rename({"id": "team_id", "uid": "team_uid", "statistics_href": "team_statistics_href"})
            ^^^^^^^^^^^^^^^^^^^^^^^^^^^^^^^^^^^^^^^^^^^^^^^^^^^^^^^^^^^^^^^^^^^^^^^^^^^^^^^^^^^^^^^^^^^^^
  File "C:\Users\saiem\Documents\GitHub-Data\sdv-dev\cfbfastR-dev\cfbfastR-cfb-raw\.venv\Lib\site-packages\polars\dataframe\frame.py", line 5275, in rename
    .collect(optimizations=QueryOptFlags._eager())
     ^^^^^^^^^^^^^^^^^^^^^^^^^^^^^^^^^^^^^^^^^^^^^
  File "C:\Users\saiem\Documents\GitHub-Data\sdv-dev\cfbfastR-dev\cfbfastR-cfb-raw\.venv\Lib\site-packages\polars\_utils\deprecation.py", line 97, in wrapper
    return function(*args, **kwargs)
           ^^^^^^^^^^^^^^^^^^^^^^^^^
  File "C:\Users\saiem\Documents\GitHub-Data\sdv-dev\cfbfastR-dev\cfbfastR-cfb-raw\.venv\Lib\site-packages\polars\lazyframe\opt_flags.py", line 343, in wrapper
    return function(*args, **kwargs)
           ^^^^^^^^^^^^^^^^^^^^^^^^^
  File "C:\Users\saiem\Documents\GitHub-Data\sdv-dev\cfbfastR-dev\cfbfastR-cfb-raw\.venv\Lib\site-packages\polars\lazyframe\frame.py", line 2630, in collect
    return wrap_df(ldf.collect(engine, callback))
                   ^^^^^^^^^^^^^^^^^^^^^^^^^^^^^
polars.exceptions.ColumnNotFoundError: "statistics_href" not found
ERROR:cfb_json_2020:extra fetch failed: _rosters(401249026,)
Traceback (most recent call last):
  File "C:\Users\saiem\Documents\GitHub-Data\sdv-dev\cfbfastR-dev\cfbfastR-cfb-raw\python\_cfb_raw_utils.py", line 93, in _safe
    return fn(*args, **kwargs)
           ^^^^^^^^^^^^^^^^^^^
  File "C:\Users\saiem\Documents\GitHub-Data\sdv-dev\cfbfastR-dev\cfbfastR-cfb-raw\python\scrape_cfb_json.py", line 31, in _rosters
    return sdv.cfb.espn_cfb_game_rosters(game_id=gid, return_as_pandas=True).to_dict("records")
           ^^^^^^^^^^^^^^^^^^^^^^^^^^^^^^^^^^^^^^^^^^^^^^^^^^^^^^^^^^^^^^^^^
  File "C:\Users\saiem\Documents\GitHub-Data\sdv-dev\cfbfastR-dev\cfbfastR-cfb-raw\.venv\Lib\site-packages\sportsdataverse\cfb\cfb_game_rosters.py", line 65, in espn_cfb_game_rosters
    items = helper_cfb_game_items(summary)
            ^^^^^^^^^^^^^^^^^^^^^^^^^^^^^^
  File "C:\Users\saiem\Documents\GitHub-Data\sdv-dev\cfbfastR-dev\cfbfastR-cfb-raw\.venv\Lib\site-packages\sportsdataverse\cfb\cfb_game_rosters.py", line 97, in helper_cfb_game_items
    items = items.rename({"id": "team_id", "uid": "team_uid", "statistics_href": "team_statistics_href"})
            ^^^^^^^^^^^^^^^^^^^^^^^^^^^^^^^^^^^^^^^^^^^^^^^^^^^^^^^^^^^^^^^^^^^^^^^^^^^^^^^^^^^^^^^^^^^^^
  File "C:\Users\saiem\Documents\GitHub-Data\sdv-dev\cfbfastR-dev\cfbfastR-cfb-raw\.venv\Lib\site-packages\polars\dataframe\frame.py", line 5275, in rename
    .collect(optimizations=QueryOptFlags._eager())
     ^^^^^^^^^^^^^^^^^^^^^^^^^^^^^^^^^^^^^^^^^^^^^
  File "C:\Users\saiem\Documents\GitHub-Data\sdv-dev\cfbfastR-dev\cfbfastR-cfb-raw\.venv\Lib\site-packages\polars\_utils\deprecation.py", line 97, in wrapper
    return function(*args, **kwargs)
           ^^^^^^^^^^^^^^^^^^^^^^^^^
  File "C:\Users\saiem\Documents\GitHub-Data\sdv-dev\cfbfastR-dev\cfbfastR-cfb-raw\.venv\Lib\site-packages\polars\lazyframe\opt_flags.py", line 343, in wrapper
    return function(*args, **kwargs)
           ^^^^^^^^^^^^^^^^^^^^^^^^^
  File "C:\Users\saiem\Documents\GitHub-Data\sdv-dev\cfbfastR-dev\cfbfastR-cfb-raw\.venv\Lib\site-packages\polars\lazyframe\frame.py", line 2630, in collect
    return wrap_df(ldf.collect(engine, callback))
                   ^^^^^^^^^^^^^^^^^^^^^^^^^^^^^
polars.exceptions.ColumnNotFoundError: "statistics_href" not found
cfb 2020:  12%|#2        | 26/213 [00:14<01:31,  2.05it/s]cfb 2020:  13%|#2        | 27/213 [00:14<01:10,  2.65it/s]cfb 2020:  13%|#3        | 28/213 [00:36<21:46,  7.06s/it]cfb 2020:  14%|#3        | 29/213 [00:37<15:36,  5.09s/it]cfb 2020:  14%|#4        | 30/213 [00:57<29:18,  9.61s/it]cfb 2020:  15%|#4        | 31/213 [00:57<20:51,  6.88s/it]cfb 2020:  15%|#5        | 32/213 [01:16<31:28, 10.43s/it]cfb 2020:  15%|#5        | 33/213 [01:21<25:57,  8.66s/it]cfb 2020:  16%|#5        | 34/213 [01:40<35:23, 11.86s/it]2026-06-16 12:16:37,010 ERROR extra fetch failed: _rosters(401247331,)
Traceback (most recent call last):
  File "C:\Users\saiem\Documents\GitHub-Data\sdv-dev\cfbfastR-dev\cfbfastR-cfb-raw\python\_cfb_raw_utils.py", line 93, in _safe
    return fn(*args, **kwargs)
           ^^^^^^^^^^^^^^^^^^^
  File "C:\Users\saiem\Documents\GitHub-Data\sdv-dev\cfbfastR-dev\cfbfastR-cfb-raw\python\scrape_cfb_json.py", line 31, in _rosters
    return sdv.cfb.espn_cfb_game_rosters(game_id=gid, return_as_pandas=True).to_dict("records")
           ^^^^^^^^^^^^^^^^^^^^^^^^^^^^^^^^^^^^^^^^^^^^^^^^^^^^^^^^^^^^^^^^^
  File "C:\Users\saiem\Documents\GitHub-Data\sdv-dev\cfbfastR-dev\cfbfastR-cfb-raw\.venv\Lib\site-packages\sportsdataverse\cfb\cfb_game_rosters.py", line 65, in espn_cfb_game_rosters
    items = helper_cfb_game_items(summary)
            ^^^^^^^^^^^^^^^^^^^^^^^^^^^^^^
  File "C:\Users\saiem\Documents\GitHub-Data\sdv-dev\cfbfastR-dev\cfbfastR-cfb-raw\.venv\Lib\site-packages\sportsdataverse\cfb\cfb_game_rosters.py", line 97, in helper_cfb_game_items
    items = items.rename({"id": "team_id", "uid": "team_uid", "statistics_href": "team_statistics_href"})
            ^^^^^^^^^^^^^^^^^^^^^^^^^^^^^^^^^^^^^^^^^^^^^^^^^^^^^^^^^^^^^^^^^^^^^^^^^^^^^^^^^^^^^^^^^^^^^
  File "C:\Users\saiem\Documents\GitHub-Data\sdv-dev\cfbfastR-dev\cfbfastR-cfb-raw\.venv\Lib\site-packages\polars\dataframe\frame.py", line 5275, in rename
    .collect(optimizations=QueryOptFlags._eager())
     ^^^^^^^^^^^^^^^^^^^^^^^^^^^^^^^^^^^^^^^^^^^^^
  File "C:\Users\saiem\Documents\GitHub-Data\sdv-dev\cfbfastR-dev\cfbfastR-cfb-raw\.venv\Lib\site-packages\polars\_utils\deprecation.py", line 97, in wrapper
    return function(*args, **kwargs)
           ^^^^^^^^^^^^^^^^^^^^^^^^^
  File "C:\Users\saiem\Documents\GitHub-Data\sdv-dev\cfbfastR-dev\cfbfastR-cfb-raw\.venv\Lib\site-packages\polars\lazyframe\opt_flags.py", line 343, in wrapper
    return function(*args, **kwargs)
           ^^^^^^^^^^^^^^^^^^^^^^^^^
  File "C:\Users\saiem\Documents\GitHub-Data\sdv-dev\cfbfastR-dev\cfbfastR-cfb-raw\.venv\Lib\site-packages\polars\lazyframe\frame.py", line 2630, in collect
    return wrap_df(ldf.collect(engine, callback))
                   ^^^^^^^^^^^^^^^^^^^^^^^^^^^^^
polars.exceptions.ColumnNotFoundError: "statistics_href" not found
ERROR:cfb_json_2020:extra fetch failed: _rosters(401247331,)
Traceback (most recent call last):
  File "C:\Users\saiem\Documents\GitHub-Data\sdv-dev\cfbfastR-dev\cfbfastR-cfb-raw\python\_cfb_raw_utils.py", line 93, in _safe
    return fn(*args, **kwargs)
           ^^^^^^^^^^^^^^^^^^^
  File "C:\Users\saiem\Documents\GitHub-Data\sdv-dev\cfbfastR-dev\cfbfastR-cfb-raw\python\scrape_cfb_json.py", line 31, in _rosters
    return sdv.cfb.espn_cfb_game_rosters(game_id=gid, return_as_pandas=True).to_dict("records")
           ^^^^^^^^^^^^^^^^^^^^^^^^^^^^^^^^^^^^^^^^^^^^^^^^^^^^^^^^^^^^^^^^^
  File "C:\Users\saiem\Documents\GitHub-Data\sdv-dev\cfbfastR-dev\cfbfastR-cfb-raw\.venv\Lib\site-packages\sportsdataverse\cfb\cfb_game_rosters.py", line 65, in espn_cfb_game_rosters
    items = helper_cfb_game_items(summary)
            ^^^^^^^^^^^^^^^^^^^^^^^^^^^^^^
  File "C:\Users\saiem\Documents\GitHub-Data\sdv-dev\cfbfastR-dev\cfbfastR-cfb-raw\.venv\Lib\site-packages\sportsdataverse\cfb\cfb_game_rosters.py", line 97, in helper_cfb_game_items
    items = items.rename({"id": "team_id", "uid": "team_uid", "statistics_href": "team_statistics_href"})
            ^^^^^^^^^^^^^^^^^^^^^^^^^^^^^^^^^^^^^^^^^^^^^^^^^^^^^^^^^^^^^^^^^^^^^^^^^^^^^^^^^^^^^^^^^^^^^
  File "C:\Users\saiem\Documents\GitHub-Data\sdv-dev\cfbfastR-dev\cfbfastR-cfb-raw\.venv\Lib\site-packages\polars\dataframe\frame.py", line 5275, in rename
    .collect(optimizations=QueryOptFlags._eager())
     ^^^^^^^^^^^^^^^^^^^^^^^^^^^^^^^^^^^^^^^^^^^^^
  File "C:\Users\saiem\Documents\GitHub-Data\sdv-dev\cfbfastR-dev\cfbfastR-cfb-raw\.venv\Lib\site-packages\polars\_utils\deprecation.py", line 97, in wrapper
    return function(*args, **kwargs)
           ^^^^^^^^^^^^^^^^^^^^^^^^^
  File "C:\Users\saiem\Documents\GitHub-Data\sdv-dev\cfbfastR-dev\cfbfastR-cfb-raw\.venv\Lib\site-packages\polars\lazyframe\opt_flags.py", line 343, in wrapper
    return function(*args, **kwargs)
           ^^^^^^^^^^^^^^^^^^^^^^^^^
  File "C:\Users\saiem\Documents\GitHub-Data\sdv-dev\cfbfastR-dev\cfbfastR-cfb-raw\.venv\Lib\site-packages\polars\lazyframe\frame.py", line 2630, in collect
    return wrap_df(ldf.collect(engine, callback))
                   ^^^^^^^^^^^^^^^^^^^^^^^^^^^^^
polars.exceptions.ColumnNotFoundError: "statistics_href" not found
cfb 2020:  16%|#6        | 35/213 [01:41<25:21,  8.55s/it]2026-06-16 12:16:37,823 ERROR extra fetch failed: _rosters(401212520,)
Traceback (most recent call last):
  File "C:\Users\saiem\Documents\GitHub-Data\sdv-dev\cfbfastR-dev\cfbfastR-cfb-raw\python\_cfb_raw_utils.py", line 93, in _safe
    return fn(*args, **kwargs)
           ^^^^^^^^^^^^^^^^^^^
  File "C:\Users\saiem\Documents\GitHub-Data\sdv-dev\cfbfastR-dev\cfbfastR-cfb-raw\python\scrape_cfb_json.py", line 31, in _rosters
    return sdv.cfb.espn_cfb_game_rosters(game_id=gid, return_as_pandas=True).to_dict("records")
           ^^^^^^^^^^^^^^^^^^^^^^^^^^^^^^^^^^^^^^^^^^^^^^^^^^^^^^^^^^^^^^^^^
  File "C:\Users\saiem\Documents\GitHub-Data\sdv-dev\cfbfastR-dev\cfbfastR-cfb-raw\.venv\Lib\site-packages\sportsdataverse\cfb\cfb_game_rosters.py", line 65, in espn_cfb_game_rosters
    items = helper_cfb_game_items(summary)
            ^^^^^^^^^^^^^^^^^^^^^^^^^^^^^^
  File "C:\Users\saiem\Documents\GitHub-Data\sdv-dev\cfbfastR-dev\cfbfastR-cfb-raw\.venv\Lib\site-packages\sportsdataverse\cfb\cfb_game_rosters.py", line 97, in helper_cfb_game_items
    items = items.rename({"id": "team_id", "uid": "team_uid", "statistics_href": "team_statistics_href"})
            ^^^^^^^^^^^^^^^^^^^^^^^^^^^^^^^^^^^^^^^^^^^^^^^^^^^^^^^^^^^^^^^^^^^^^^^^^^^^^^^^^^^^^^^^^^^^^
  File "C:\Users\saiem\Documents\GitHub-Data\sdv-dev\cfbfastR-dev\cfbfastR-cfb-raw\.venv\Lib\site-packages\polars\dataframe\frame.py", line 5275, in rename
    .collect(optimizations=QueryOptFlags._eager())
     ^^^^^^^^^^^^^^^^^^^^^^^^^^^^^^^^^^^^^^^^^^^^^
  File "C:\Users\saiem\Documents\GitHub-Data\sdv-dev\cfbfastR-dev\cfbfastR-cfb-raw\.venv\Lib\site-packages\polars\_utils\deprecation.py", line 97, in wrapper
    return function(*args, **kwargs)
           ^^^^^^^^^^^^^^^^^^^^^^^^^
  File "C:\Users\saiem\Documents\GitHub-Data\sdv-dev\cfbfastR-dev\cfbfastR-cfb-raw\.venv\Lib\site-packages\polars\lazyframe\opt_flags.py", line 343, in wrapper
    return function(*args, **kwargs)
           ^^^^^^^^^^^^^^^^^^^^^^^^^
  File "C:\Users\saiem\Documents\GitHub-Data\sdv-dev\cfbfastR-dev\cfbfastR-cfb-raw\.venv\Lib\site-packages\polars\lazyframe\frame.py", line 2630, in collect
    return wrap_df(ldf.collect(engine, callback))
                   ^^^^^^^^^^^^^^^^^^^^^^^^^^^^^
polars.exceptions.ColumnNotFoundError: "statistics_href" not found
ERROR:cfb_json_2020:extra fetch failed: _rosters(401212520,)
Traceback (most recent call last):
  File "C:\Users\saiem\Documents\GitHub-Data\sdv-dev\cfbfastR-dev\cfbfastR-cfb-raw\python\_cfb_raw_utils.py", line 93, in _safe
    return fn(*args, **kwargs)
           ^^^^^^^^^^^^^^^^^^^
  File "C:\Users\saiem\Documents\GitHub-Data\sdv-dev\cfbfastR-dev\cfbfastR-cfb-raw\python\scrape_cfb_json.py", line 31, in _rosters
    return sdv.cfb.espn_cfb_game_rosters(game_id=gid, return_as_pandas=True).to_dict("records")
           ^^^^^^^^^^^^^^^^^^^^^^^^^^^^^^^^^^^^^^^^^^^^^^^^^^^^^^^^^^^^^^^^^
  File "C:\Users\saiem\Documents\GitHub-Data\sdv-dev\cfbfastR-dev\cfbfastR-cfb-raw\.venv\Lib\site-packages\sportsdataverse\cfb\cfb_game_rosters.py", line 65, in espn_cfb_game_rosters
    items = helper_cfb_game_items(summary)
            ^^^^^^^^^^^^^^^^^^^^^^^^^^^^^^
  File "C:\Users\saiem\Documents\GitHub-Data\sdv-dev\cfbfastR-dev\cfbfastR-cfb-raw\.venv\Lib\site-packages\sportsdataverse\cfb\cfb_game_rosters.py", line 97, in helper_cfb_game_items
    items = items.rename({"id": "team_id", "uid": "team_uid", "statistics_href": "team_statistics_href"})
            ^^^^^^^^^^^^^^^^^^^^^^^^^^^^^^^^^^^^^^^^^^^^^^^^^^^^^^^^^^^^^^^^^^^^^^^^^^^^^^^^^^^^^^^^^^^^^
  File "C:\Users\saiem\Documents\GitHub-Data\sdv-dev\cfbfastR-dev\cfbfastR-cfb-raw\.venv\Lib\site-packages\polars\dataframe\frame.py", line 5275, in rename
    .collect(optimizations=QueryOptFlags._eager())
     ^^^^^^^^^^^^^^^^^^^^^^^^^^^^^^^^^^^^^^^^^^^^^
  File "C:\Users\saiem\Documents\GitHub-Data\sdv-dev\cfbfastR-dev\cfbfastR-cfb-raw\.venv\Lib\site-packages\polars\_utils\deprecation.py", line 97, in wrapper
    return function(*args, **kwargs)
           ^^^^^^^^^^^^^^^^^^^^^^^^^
  File "C:\Users\saiem\Documents\GitHub-Data\sdv-dev\cfbfastR-dev\cfbfastR-cfb-raw\.venv\Lib\site-packages\polars\lazyframe\opt_flags.py", line 343, in wrapper
    return function(*args, **kwargs)
           ^^^^^^^^^^^^^^^^^^^^^^^^^
  File "C:\Users\saiem\Documents\GitHub-Data\sdv-dev\cfbfastR-dev\cfbfastR-cfb-raw\.venv\Lib\site-packages\polars\lazyframe\frame.py", line 2630, in collect
    return wrap_df(ldf.collect(engine, callback))
                   ^^^^^^^^^^^^^^^^^^^^^^^^^^^^^
polars.exceptions.ColumnNotFoundError: "statistics_href" not found
cfb 2020:  17%|#6        | 36/213 [01:42<18:21,  6.22s/it]2026-06-16 12:16:38,517 ERROR extra fetch failed: _rosters(401236031,)
Traceback (most recent call last):
  File "C:\Users\saiem\Documents\GitHub-Data\sdv-dev\cfbfastR-dev\cfbfastR-cfb-raw\python\_cfb_raw_utils.py", line 93, in _safe
    return fn(*args, **kwargs)
           ^^^^^^^^^^^^^^^^^^^
  File "C:\Users\saiem\Documents\GitHub-Data\sdv-dev\cfbfastR-dev\cfbfastR-cfb-raw\python\scrape_cfb_json.py", line 31, in _rosters
    return sdv.cfb.espn_cfb_game_rosters(game_id=gid, return_as_pandas=True).to_dict("records")
           ^^^^^^^^^^^^^^^^^^^^^^^^^^^^^^^^^^^^^^^^^^^^^^^^^^^^^^^^^^^^^^^^^
  File "C:\Users\saiem\Documents\GitHub-Data\sdv-dev\cfbfastR-dev\cfbfastR-cfb-raw\.venv\Lib\site-packages\sportsdataverse\cfb\cfb_game_rosters.py", line 65, in espn_cfb_game_rosters
    items = helper_cfb_game_items(summary)
            ^^^^^^^^^^^^^^^^^^^^^^^^^^^^^^
  File "C:\Users\saiem\Documents\GitHub-Data\sdv-dev\cfbfastR-dev\cfbfastR-cfb-raw\.venv\Lib\site-packages\sportsdataverse\cfb\cfb_game_rosters.py", line 97, in helper_cfb_game_items
    items = items.rename({"id": "team_id", "uid": "team_uid", "statistics_href": "team_statistics_href"})
            ^^^^^^^^^^^^^^^^^^^^^^^^^^^^^^^^^^^^^^^^^^^^^^^^^^^^^^^^^^^^^^^^^^^^^^^^^^^^^^^^^^^^^^^^^^^^^
  File "C:\Users\saiem\Documents\GitHub-Data\sdv-dev\cfbfastR-dev\cfbfastR-cfb-raw\.venv\Lib\site-packages\polars\dataframe\frame.py", line 5275, in rename
    .collect(optimizations=QueryOptFlags._eager())
     ^^^^^^^^^^^^^^^^^^^^^^^^^^^^^^^^^^^^^^^^^^^^^
  File "C:\Users\saiem\Documents\GitHub-Data\sdv-dev\cfbfastR-dev\cfbfastR-cfb-raw\.venv\Lib\site-packages\polars\_utils\deprecation.py", line 97, in wrapper
    return function(*args, **kwargs)
           ^^^^^^^^^^^^^^^^^^^^^^^^^
  File "C:\Users\saiem\Documents\GitHub-Data\sdv-dev\cfbfastR-dev\cfbfastR-cfb-raw\.venv\Lib\site-packages\polars\lazyframe\opt_flags.py", line 343, in wrapper
    return function(*args, **kwargs)
           ^^^^^^^^^^^^^^^^^^^^^^^^^
  File "C:\Users\saiem\Documents\GitHub-Data\sdv-dev\cfbfastR-dev\cfbfastR-cfb-raw\.venv\Lib\site-packages\polars\lazyframe\frame.py", line 2630, in collect
    return wrap_df(ldf.collect(engine, callback))
                   ^^^^^^^^^^^^^^^^^^^^^^^^^^^^^
polars.exceptions.ColumnNotFoundError: "statistics_href" not found
ERROR:cfb_json_2020:extra fetch failed: _rosters(401236031,)
Traceback (most recent call last):
  File "C:\Users\saiem\Documents\GitHub-Data\sdv-dev\cfbfastR-dev\cfbfastR-cfb-raw\python\_cfb_raw_utils.py", line 93, in _safe
    return fn(*args, **kwargs)
           ^^^^^^^^^^^^^^^^^^^
  File "C:\Users\saiem\Documents\GitHub-Data\sdv-dev\cfbfastR-dev\cfbfastR-cfb-raw\python\scrape_cfb_json.py", line 31, in _rosters
    return sdv.cfb.espn_cfb_game_rosters(game_id=gid, return_as_pandas=True).to_dict("records")
           ^^^^^^^^^^^^^^^^^^^^^^^^^^^^^^^^^^^^^^^^^^^^^^^^^^^^^^^^^^^^^^^^^
  File "C:\Users\saiem\Documents\GitHub-Data\sdv-dev\cfbfastR-dev\cfbfastR-cfb-raw\.venv\Lib\site-packages\sportsdataverse\cfb\cfb_game_rosters.py", line 65, in espn_cfb_game_rosters
    items = helper_cfb_game_items(summary)
            ^^^^^^^^^^^^^^^^^^^^^^^^^^^^^^
  File "C:\Users\saiem\Documents\GitHub-Data\sdv-dev\cfbfastR-dev\cfbfastR-cfb-raw\.venv\Lib\site-packages\sportsdataverse\cfb\cfb_game_rosters.py", line 97, in helper_cfb_game_items
    items = items.rename({"id": "team_id", "uid": "team_uid", "statistics_href": "team_statistics_href"})
            ^^^^^^^^^^^^^^^^^^^^^^^^^^^^^^^^^^^^^^^^^^^^^^^^^^^^^^^^^^^^^^^^^^^^^^^^^^^^^^^^^^^^^^^^^^^^^
  File "C:\Users\saiem\Documents\GitHub-Data\sdv-dev\cfbfastR-dev\cfbfastR-cfb-raw\.venv\Lib\site-packages\polars\dataframe\frame.py", line 5275, in rename
    .collect(optimizations=QueryOptFlags._eager())
     ^^^^^^^^^^^^^^^^^^^^^^^^^^^^^^^^^^^^^^^^^^^^^
  File "C:\Users\saiem\Documents\GitHub-Data\sdv-dev\cfbfastR-dev\cfbfastR-cfb-raw\.venv\Lib\site-packages\polars\_utils\deprecation.py", line 97, in wrapper
    return function(*args, **kwargs)
           ^^^^^^^^^^^^^^^^^^^^^^^^^
  File "C:\Users\saiem\Documents\GitHub-Data\sdv-dev\cfbfastR-dev\cfbfastR-cfb-raw\.venv\Lib\site-packages\polars\lazyframe\opt_flags.py", line 343, in wrapper
    return function(*args, **kwargs)
           ^^^^^^^^^^^^^^^^^^^^^^^^^
  File "C:\Users\saiem\Documents\GitHub-Data\sdv-dev\cfbfastR-dev\cfbfastR-cfb-raw\.venv\Lib\site-packages\polars\lazyframe\frame.py", line 2630, in collect
    return wrap_df(ldf.collect(engine, callback))
                   ^^^^^^^^^^^^^^^^^^^^^^^^^^^^^
polars.exceptions.ColumnNotFoundError: "statistics_href" not found
cfb 2020:  17%|#7        | 37/213 [01:42<13:22,  4.56s/it]2026-06-16 12:16:39,241 ERROR extra fetch failed: _rosters(401212535,)
Traceback (most recent call last):
  File "C:\Users\saiem\Documents\GitHub-Data\sdv-dev\cfbfastR-dev\cfbfastR-cfb-raw\python\_cfb_raw_utils.py", line 93, in _safe
    return fn(*args, **kwargs)
           ^^^^^^^^^^^^^^^^^^^
  File "C:\Users\saiem\Documents\GitHub-Data\sdv-dev\cfbfastR-dev\cfbfastR-cfb-raw\python\scrape_cfb_json.py", line 31, in _rosters
    return sdv.cfb.espn_cfb_game_rosters(game_id=gid, return_as_pandas=True).to_dict("records")
           ^^^^^^^^^^^^^^^^^^^^^^^^^^^^^^^^^^^^^^^^^^^^^^^^^^^^^^^^^^^^^^^^^
  File "C:\Users\saiem\Documents\GitHub-Data\sdv-dev\cfbfastR-dev\cfbfastR-cfb-raw\.venv\Lib\site-packages\sportsdataverse\cfb\cfb_game_rosters.py", line 65, in espn_cfb_game_rosters
    items = helper_cfb_game_items(summary)
            ^^^^^^^^^^^^^^^^^^^^^^^^^^^^^^
  File "C:\Users\saiem\Documents\GitHub-Data\sdv-dev\cfbfastR-dev\cfbfastR-cfb-raw\.venv\Lib\site-packages\sportsdataverse\cfb\cfb_game_rosters.py", line 97, in helper_cfb_game_items
    items = items.rename({"id": "team_id", "uid": "team_uid", "statistics_href": "team_statistics_href"})
            ^^^^^^^^^^^^^^^^^^^^^^^^^^^^^^^^^^^^^^^^^^^^^^^^^^^^^^^^^^^^^^^^^^^^^^^^^^^^^^^^^^^^^^^^^^^^^
  File "C:\Users\saiem\Documents\GitHub-Data\sdv-dev\cfbfastR-dev\cfbfastR-cfb-raw\.venv\Lib\site-packages\polars\dataframe\frame.py", line 5275, in rename
    .collect(optimizations=QueryOptFlags._eager())
     ^^^^^^^^^^^^^^^^^^^^^^^^^^^^^^^^^^^^^^^^^^^^^
  File "C:\Users\saiem\Documents\GitHub-Data\sdv-dev\cfbfastR-dev\cfbfastR-cfb-raw\.venv\Lib\site-packages\polars\_utils\deprecation.py", line 97, in wrapper
    return function(*args, **kwargs)
           ^^^^^^^^^^^^^^^^^^^^^^^^^
  File "C:\Users\saiem\Documents\GitHub-Data\sdv-dev\cfbfastR-dev\cfbfastR-cfb-raw\.venv\Lib\site-packages\polars\lazyframe\opt_flags.py", line 343, in wrapper
    return function(*args, **kwargs)
           ^^^^^^^^^^^^^^^^^^^^^^^^^
  File "C:\Users\saiem\Documents\GitHub-Data\sdv-dev\cfbfastR-dev\cfbfastR-cfb-raw\.venv\Lib\site-packages\polars\lazyframe\frame.py", line 2630, in collect
    return wrap_df(ldf.collect(engine, callback))
                   ^^^^^^^^^^^^^^^^^^^^^^^^^^^^^
polars.exceptions.ColumnNotFoundError: "statistics_href" not found
ERROR:cfb_json_2020:extra fetch failed: _rosters(401212535,)
Traceback (most recent call last):
  File "C:\Users\saiem\Documents\GitHub-Data\sdv-dev\cfbfastR-dev\cfbfastR-cfb-raw\python\_cfb_raw_utils.py", line 93, in _safe
    return fn(*args, **kwargs)
           ^^^^^^^^^^^^^^^^^^^
  File "C:\Users\saiem\Documents\GitHub-Data\sdv-dev\cfbfastR-dev\cfbfastR-cfb-raw\python\scrape_cfb_json.py", line 31, in _rosters
    return sdv.cfb.espn_cfb_game_rosters(game_id=gid, return_as_pandas=True).to_dict("records")
           ^^^^^^^^^^^^^^^^^^^^^^^^^^^^^^^^^^^^^^^^^^^^^^^^^^^^^^^^^^^^^^^^^
  File "C:\Users\saiem\Documents\GitHub-Data\sdv-dev\cfbfastR-dev\cfbfastR-cfb-raw\.venv\Lib\site-packages\sportsdataverse\cfb\cfb_game_rosters.py", line 65, in espn_cfb_game_rosters
    items = helper_cfb_game_items(summary)
            ^^^^^^^^^^^^^^^^^^^^^^^^^^^^^^
  File "C:\Users\saiem\Documents\GitHub-Data\sdv-dev\cfbfastR-dev\cfbfastR-cfb-raw\.venv\Lib\site-packages\sportsdataverse\cfb\cfb_game_rosters.py", line 97, in helper_cfb_game_items
    items = items.rename({"id": "team_id", "uid": "team_uid", "statistics_href": "team_statistics_href"})
            ^^^^^^^^^^^^^^^^^^^^^^^^^^^^^^^^^^^^^^^^^^^^^^^^^^^^^^^^^^^^^^^^^^^^^^^^^^^^^^^^^^^^^^^^^^^^^
  File "C:\Users\saiem\Documents\GitHub-Data\sdv-dev\cfbfastR-dev\cfbfastR-cfb-raw\.venv\Lib\site-packages\polars\dataframe\frame.py", line 5275, in rename
    .collect(optimizations=QueryOptFlags._eager())
     ^^^^^^^^^^^^^^^^^^^^^^^^^^^^^^^^^^^^^^^^^^^^^
  File "C:\Users\saiem\Documents\GitHub-Data\sdv-dev\cfbfastR-dev\cfbfastR-cfb-raw\.venv\Lib\site-packages\polars\_utils\deprecation.py", line 97, in wrapper
    return function(*args, **kwargs)
           ^^^^^^^^^^^^^^^^^^^^^^^^^
  File "C:\Users\saiem\Documents\GitHub-Data\sdv-dev\cfbfastR-dev\cfbfastR-cfb-raw\.venv\Lib\site-packages\polars\lazyframe\opt_flags.py", line 343, in wrapper
    return function(*args, **kwargs)
           ^^^^^^^^^^^^^^^^^^^^^^^^^
  File "C:\Users\saiem\Documents\GitHub-Data\sdv-dev\cfbfastR-dev\cfbfastR-cfb-raw\.venv\Lib\site-packages\polars\lazyframe\frame.py", line 2630, in collect
    return wrap_df(ldf.collect(engine, callback))
                   ^^^^^^^^^^^^^^^^^^^^^^^^^^^^^
polars.exceptions.ColumnNotFoundError: "statistics_href" not found
2026-06-16 12:16:39,362 ERROR extra fetch failed: _rosters(401247334,)
Traceback (most recent call last):
  File "C:\Users\saiem\Documents\GitHub-Data\sdv-dev\cfbfastR-dev\cfbfastR-cfb-raw\python\_cfb_raw_utils.py", line 93, in _safe
    return fn(*args, **kwargs)
           ^^^^^^^^^^^^^^^^^^^
  File "C:\Users\saiem\Documents\GitHub-Data\sdv-dev\cfbfastR-dev\cfbfastR-cfb-raw\python\scrape_cfb_json.py", line 31, in _rosters
    return sdv.cfb.espn_cfb_game_rosters(game_id=gid, return_as_pandas=True).to_dict("records")
           ^^^^^^^^^^^^^^^^^^^^^^^^^^^^^^^^^^^^^^^^^^^^^^^^^^^^^^^^^^^^^^^^^
  File "C:\Users\saiem\Documents\GitHub-Data\sdv-dev\cfbfastR-dev\cfbfastR-cfb-raw\.venv\Lib\site-packages\sportsdataverse\cfb\cfb_game_rosters.py", line 65, in espn_cfb_game_rosters
    items = helper_cfb_game_items(summary)
            ^^^^^^^^^^^^^^^^^^^^^^^^^^^^^^
  File "C:\Users\saiem\Documents\GitHub-Data\sdv-dev\cfbfastR-dev\cfbfastR-cfb-raw\.venv\Lib\site-packages\sportsdataverse\cfb\cfb_game_rosters.py", line 97, in helper_cfb_game_items
    items = items.rename({"id": "team_id", "uid": "team_uid", "statistics_href": "team_statistics_href"})
            ^^^^^^^^^^^^^^^^^^^^^^^^^^^^^^^^^^^^^^^^^^^^^^^^^^^^^^^^^^^^^^^^^^^^^^^^^^^^^^^^^^^^^^^^^^^^^
  File "C:\Users\saiem\Documents\GitHub-Data\sdv-dev\cfbfastR-dev\cfbfastR-cfb-raw\.venv\Lib\site-packages\polars\dataframe\frame.py", line 5275, in rename
    .collect(optimizations=QueryOptFlags._eager())
     ^^^^^^^^^^^^^^^^^^^^^^^^^^^^^^^^^^^^^^^^^^^^^
  File "C:\Users\saiem\Documents\GitHub-Data\sdv-dev\cfbfastR-dev\cfbfastR-cfb-raw\.venv\Lib\site-packages\polars\_utils\deprecation.py", line 97, in wrapper
    return function(*args, **kwargs)
           ^^^^^^^^^^^^^^^^^^^^^^^^^
  File "C:\Users\saiem\Documents\GitHub-Data\sdv-dev\cfbfastR-dev\cfbfastR-cfb-raw\.venv\Lib\site-packages\polars\lazyframe\opt_flags.py", line 343, in wrapper
    return function(*args, **kwargs)
           ^^^^^^^^^^^^^^^^^^^^^^^^^
  File "C:\Users\saiem\Documents\GitHub-Data\sdv-dev\cfbfastR-dev\cfbfastR-cfb-raw\.venv\Lib\site-packages\polars\lazyframe\frame.py", line 2630, in collect
    return wrap_df(ldf.collect(engine, callback))
                   ^^^^^^^^^^^^^^^^^^^^^^^^^^^^^
polars.exceptions.ColumnNotFoundError: "statistics_href" not found
ERROR:cfb_json_2020:extra fetch failed: _rosters(401247334,)
Traceback (most recent call last):
  File "C:\Users\saiem\Documents\GitHub-Data\sdv-dev\cfbfastR-dev\cfbfastR-cfb-raw\python\_cfb_raw_utils.py", line 93, in _safe
    return fn(*args, **kwargs)
           ^^^^^^^^^^^^^^^^^^^
  File "C:\Users\saiem\Documents\GitHub-Data\sdv-dev\cfbfastR-dev\cfbfastR-cfb-raw\python\scrape_cfb_json.py", line 31, in _rosters
    return sdv.cfb.espn_cfb_game_rosters(game_id=gid, return_as_pandas=True).to_dict("records")
           ^^^^^^^^^^^^^^^^^^^^^^^^^^^^^^^^^^^^^^^^^^^^^^^^^^^^^^^^^^^^^^^^^
  File "C:\Users\saiem\Documents\GitHub-Data\sdv-dev\cfbfastR-dev\cfbfastR-cfb-raw\.venv\Lib\site-packages\sportsdataverse\cfb\cfb_game_rosters.py", line 65, in espn_cfb_game_rosters
    items = helper_cfb_game_items(summary)
            ^^^^^^^^^^^^^^^^^^^^^^^^^^^^^^
  File "C:\Users\saiem\Documents\GitHub-Data\sdv-dev\cfbfastR-dev\cfbfastR-cfb-raw\.venv\Lib\site-packages\sportsdataverse\cfb\cfb_game_rosters.py", line 97, in helper_cfb_game_items
    items = items.rename({"id": "team_id", "uid": "team_uid", "statistics_href": "team_statistics_href"})
            ^^^^^^^^^^^^^^^^^^^^^^^^^^^^^^^^^^^^^^^^^^^^^^^^^^^^^^^^^^^^^^^^^^^^^^^^^^^^^^^^^^^^^^^^^^^^^
  File "C:\Users\saiem\Documents\GitHub-Data\sdv-dev\cfbfastR-dev\cfbfastR-cfb-raw\.venv\Lib\site-packages\polars\dataframe\frame.py", line 5275, in rename
    .collect(optimizations=QueryOptFlags._eager())
     ^^^^^^^^^^^^^^^^^^^^^^^^^^^^^^^^^^^^^^^^^^^^^
  File "C:\Users\saiem\Documents\GitHub-Data\sdv-dev\cfbfastR-dev\cfbfastR-cfb-raw\.venv\Lib\site-packages\polars\_utils\deprecation.py", line 97, in wrapper
    return function(*args, **kwargs)
           ^^^^^^^^^^^^^^^^^^^^^^^^^
  File "C:\Users\saiem\Documents\GitHub-Data\sdv-dev\cfbfastR-dev\cfbfastR-cfb-raw\.venv\Lib\site-packages\polars\lazyframe\opt_flags.py", line 343, in wrapper
    return function(*args, **kwargs)
           ^^^^^^^^^^^^^^^^^^^^^^^^^
  File "C:\Users\saiem\Documents\GitHub-Data\sdv-dev\cfbfastR-dev\cfbfastR-cfb-raw\.venv\Lib\site-packages\polars\lazyframe\frame.py", line 2630, in collect
    return wrap_df(ldf.collect(engine, callback))
                   ^^^^^^^^^^^^^^^^^^^^^^^^^^^^^
polars.exceptions.ColumnNotFoundError: "statistics_href" not found
cfb 2020:  18%|#8        | 39/213 [01:43<07:36,  2.63s/it]cfb 2020:  19%|#8        | 40/213 [01:43<05:46,  2.00s/it]2026-06-16 12:16:40,141 ERROR extra fetch failed: _rosters(401207188,)
Traceback (most recent call last):
  File "C:\Users\saiem\Documents\GitHub-Data\sdv-dev\cfbfastR-dev\cfbfastR-cfb-raw\python\_cfb_raw_utils.py", line 93, in _safe
    return fn(*args, **kwargs)
           ^^^^^^^^^^^^^^^^^^^
  File "C:\Users\saiem\Documents\GitHub-Data\sdv-dev\cfbfastR-dev\cfbfastR-cfb-raw\python\scrape_cfb_json.py", line 31, in _rosters
    return sdv.cfb.espn_cfb_game_rosters(game_id=gid, return_as_pandas=True).to_dict("records")
           ^^^^^^^^^^^^^^^^^^^^^^^^^^^^^^^^^^^^^^^^^^^^^^^^^^^^^^^^^^^^^^^^^
  File "C:\Users\saiem\Documents\GitHub-Data\sdv-dev\cfbfastR-dev\cfbfastR-cfb-raw\.venv\Lib\site-packages\sportsdataverse\cfb\cfb_game_rosters.py", line 65, in espn_cfb_game_rosters
    items = helper_cfb_game_items(summary)
            ^^^^^^^^^^^^^^^^^^^^^^^^^^^^^^
  File "C:\Users\saiem\Documents\GitHub-Data\sdv-dev\cfbfastR-dev\cfbfastR-cfb-raw\.venv\Lib\site-packages\sportsdataverse\cfb\cfb_game_rosters.py", line 97, in helper_cfb_game_items
    items = items.rename({"id": "team_id", "uid": "team_uid", "statistics_href": "team_statistics_href"})
            ^^^^^^^^^^^^^^^^^^^^^^^^^^^^^^^^^^^^^^^^^^^^^^^^^^^^^^^^^^^^^^^^^^^^^^^^^^^^^^^^^^^^^^^^^^^^^
  File "C:\Users\saiem\Documents\GitHub-Data\sdv-dev\cfbfastR-dev\cfbfastR-cfb-raw\.venv\Lib\site-packages\polars\dataframe\frame.py", line 5275, in rename
    .collect(optimizations=QueryOptFlags._eager())
     ^^^^^^^^^^^^^^^^^^^^^^^^^^^^^^^^^^^^^^^^^^^^^
  File "C:\Users\saiem\Documents\GitHub-Data\sdv-dev\cfbfastR-dev\cfbfastR-cfb-raw\.venv\Lib\site-packages\polars\_utils\deprecation.py", line 97, in wrapper
    return function(*args, **kwargs)
           ^^^^^^^^^^^^^^^^^^^^^^^^^
  File "C:\Users\saiem\Documents\GitHub-Data\sdv-dev\cfbfastR-dev\cfbfastR-cfb-raw\.venv\Lib\site-packages\polars\lazyframe\opt_flags.py", line 343, in wrapper
    return function(*args, **kwargs)
           ^^^^^^^^^^^^^^^^^^^^^^^^^
  File "C:\Users\saiem\Documents\GitHub-Data\sdv-dev\cfbfastR-dev\cfbfastR-cfb-raw\.venv\Lib\site-packages\polars\lazyframe\frame.py", line 2630, in collect
    return wrap_df(ldf.collect(engine, callback))
                   ^^^^^^^^^^^^^^^^^^^^^^^^^^^^^
polars.exceptions.ColumnNotFoundError: "statistics_href" not found
ERROR:cfb_json_2020:extra fetch failed: _rosters(401207188,)
Traceback (most recent call last):
  File "C:\Users\saiem\Documents\GitHub-Data\sdv-dev\cfbfastR-dev\cfbfastR-cfb-raw\python\_cfb_raw_utils.py", line 93, in _safe
    return fn(*args, **kwargs)
           ^^^^^^^^^^^^^^^^^^^
  File "C:\Users\saiem\Documents\GitHub-Data\sdv-dev\cfbfastR-dev\cfbfastR-cfb-raw\python\scrape_cfb_json.py", line 31, in _rosters
    return sdv.cfb.espn_cfb_game_rosters(game_id=gid, return_as_pandas=True).to_dict("records")
           ^^^^^^^^^^^^^^^^^^^^^^^^^^^^^^^^^^^^^^^^^^^^^^^^^^^^^^^^^^^^^^^^^
  File "C:\Users\saiem\Documents\GitHub-Data\sdv-dev\cfbfastR-dev\cfbfastR-cfb-raw\.venv\Lib\site-packages\sportsdataverse\cfb\cfb_game_rosters.py", line 65, in espn_cfb_game_rosters
    items = helper_cfb_game_items(summary)
            ^^^^^^^^^^^^^^^^^^^^^^^^^^^^^^
  File "C:\Users\saiem\Documents\GitHub-Data\sdv-dev\cfbfastR-dev\cfbfastR-cfb-raw\.venv\Lib\site-packages\sportsdataverse\cfb\cfb_game_rosters.py", line 97, in helper_cfb_game_items
    items = items.rename({"id": "team_id", "uid": "team_uid", "statistics_href": "team_statistics_href"})
            ^^^^^^^^^^^^^^^^^^^^^^^^^^^^^^^^^^^^^^^^^^^^^^^^^^^^^^^^^^^^^^^^^^^^^^^^^^^^^^^^^^^^^^^^^^^^^
  File "C:\Users\saiem\Documents\GitHub-Data\sdv-dev\cfbfastR-dev\cfbfastR-cfb-raw\.venv\Lib\site-packages\polars\dataframe\frame.py", line 5275, in rename
    .collect(optimizations=QueryOptFlags._eager())
     ^^^^^^^^^^^^^^^^^^^^^^^^^^^^^^^^^^^^^^^^^^^^^
  File "C:\Users\saiem\Documents\GitHub-Data\sdv-dev\cfbfastR-dev\cfbfastR-cfb-raw\.venv\Lib\site-packages\polars\_utils\deprecation.py", line 97, in wrapper
    return function(*args, **kwargs)
           ^^^^^^^^^^^^^^^^^^^^^^^^^
  File "C:\Users\saiem\Documents\GitHub-Data\sdv-dev\cfbfastR-dev\cfbfastR-cfb-raw\.venv\Lib\site-packages\polars\lazyframe\opt_flags.py", line 343, in wrapper
    return function(*args, **kwargs)
           ^^^^^^^^^^^^^^^^^^^^^^^^^
  File "C:\Users\saiem\Documents\GitHub-Data\sdv-dev\cfbfastR-dev\cfbfastR-cfb-raw\.venv\Lib\site-packages\polars\lazyframe\frame.py", line 2630, in collect
    return wrap_df(ldf.collect(engine, callback))
                   ^^^^^^^^^^^^^^^^^^^^^^^^^^^^^
polars.exceptions.ColumnNotFoundError: "statistics_href" not found
2026-06-16 12:16:40,239 ERROR extra fetch failed: _rosters(401207192,)
Traceback (most recent call last):
  File "C:\Users\saiem\Documents\GitHub-Data\sdv-dev\cfbfastR-dev\cfbfastR-cfb-raw\python\_cfb_raw_utils.py", line 93, in _safe
    return fn(*args, **kwargs)
           ^^^^^^^^^^^^^^^^^^^
  File "C:\Users\saiem\Documents\GitHub-Data\sdv-dev\cfbfastR-dev\cfbfastR-cfb-raw\python\scrape_cfb_json.py", line 31, in _rosters
    return sdv.cfb.espn_cfb_game_rosters(game_id=gid, return_as_pandas=True).to_dict("records")
           ^^^^^^^^^^^^^^^^^^^^^^^^^^^^^^^^^^^^^^^^^^^^^^^^^^^^^^^^^^^^^^^^^
  File "C:\Users\saiem\Documents\GitHub-Data\sdv-dev\cfbfastR-dev\cfbfastR-cfb-raw\.venv\Lib\site-packages\sportsdataverse\cfb\cfb_game_rosters.py", line 65, in espn_cfb_game_rosters
    items = helper_cfb_game_items(summary)
            ^^^^^^^^^^^^^^^^^^^^^^^^^^^^^^
  File "C:\Users\saiem\Documents\GitHub-Data\sdv-dev\cfbfastR-dev\cfbfastR-cfb-raw\.venv\Lib\site-packages\sportsdataverse\cfb\cfb_game_rosters.py", line 97, in helper_cfb_game_items
    items = items.rename({"id": "team_id", "uid": "team_uid", "statistics_href": "team_statistics_href"})
            ^^^^^^^^^^^^^^^^^^^^^^^^^^^^^^^^^^^^^^^^^^^^^^^^^^^^^^^^^^^^^^^^^^^^^^^^^^^^^^^^^^^^^^^^^^^^^
  File "C:\Users\saiem\Documents\GitHub-Data\sdv-dev\cfbfastR-dev\cfbfastR-cfb-raw\.venv\Lib\site-packages\polars\dataframe\frame.py", line 5275, in rename
    .collect(optimizations=QueryOptFlags._eager())
     ^^^^^^^^^^^^^^^^^^^^^^^^^^^^^^^^^^^^^^^^^^^^^
  File "C:\Users\saiem\Documents\GitHub-Data\sdv-dev\cfbfastR-dev\cfbfastR-cfb-raw\.venv\Lib\site-packages\polars\_utils\deprecation.py", line 97, in wrapper
    return function(*args, **kwargs)
           ^^^^^^^^^^^^^^^^^^^^^^^^^
  File "C:\Users\saiem\Documents\GitHub-Data\sdv-dev\cfbfastR-dev\cfbfastR-cfb-raw\.venv\Lib\site-packages\polars\lazyframe\opt_flags.py", line 343, in wrapper
    return function(*args, **kwargs)
           ^^^^^^^^^^^^^^^^^^^^^^^^^
  File "C:\Users\saiem\Documents\GitHub-Data\sdv-dev\cfbfastR-dev\cfbfastR-cfb-raw\.venv\Lib\site-packages\polars\lazyframe\frame.py", line 2630, in collect
    return wrap_df(ldf.collect(engine, callback))
                   ^^^^^^^^^^^^^^^^^^^^^^^^^^^^^
polars.exceptions.ColumnNotFoundError: "statistics_href" not found
ERROR:cfb_json_2020:extra fetch failed: _rosters(401207192,)
Traceback (most recent call last):
  File "C:\Users\saiem\Documents\GitHub-Data\sdv-dev\cfbfastR-dev\cfbfastR-cfb-raw\python\_cfb_raw_utils.py", line 93, in _safe
    return fn(*args, **kwargs)
           ^^^^^^^^^^^^^^^^^^^
  File "C:\Users\saiem\Documents\GitHub-Data\sdv-dev\cfbfastR-dev\cfbfastR-cfb-raw\python\scrape_cfb_json.py", line 31, in _rosters
    return sdv.cfb.espn_cfb_game_rosters(game_id=gid, return_as_pandas=True).to_dict("records")
           ^^^^^^^^^^^^^^^^^^^^^^^^^^^^^^^^^^^^^^^^^^^^^^^^^^^^^^^^^^^^^^^^^
  File "C:\Users\saiem\Documents\GitHub-Data\sdv-dev\cfbfastR-dev\cfbfastR-cfb-raw\.venv\Lib\site-packages\sportsdataverse\cfb\cfb_game_rosters.py", line 65, in espn_cfb_game_rosters
    items = helper_cfb_game_items(summary)
            ^^^^^^^^^^^^^^^^^^^^^^^^^^^^^^
  File "C:\Users\saiem\Documents\GitHub-Data\sdv-dev\cfbfastR-dev\cfbfastR-cfb-raw\.venv\Lib\site-packages\sportsdataverse\cfb\cfb_game_rosters.py", line 97, in helper_cfb_game_items
    items = items.rename({"id": "team_id", "uid": "team_uid", "statistics_href": "team_statistics_href"})
            ^^^^^^^^^^^^^^^^^^^^^^^^^^^^^^^^^^^^^^^^^^^^^^^^^^^^^^^^^^^^^^^^^^^^^^^^^^^^^^^^^^^^^^^^^^^^^
  File "C:\Users\saiem\Documents\GitHub-Data\sdv-dev\cfbfastR-dev\cfbfastR-cfb-raw\.venv\Lib\site-packages\polars\dataframe\frame.py", line 5275, in rename
    .collect(optimizations=QueryOptFlags._eager())
     ^^^^^^^^^^^^^^^^^^^^^^^^^^^^^^^^^^^^^^^^^^^^^
  File "C:\Users\saiem\Documents\GitHub-Data\sdv-dev\cfbfastR-dev\cfbfastR-cfb-raw\.venv\Lib\site-packages\polars\_utils\deprecation.py", line 97, in wrapper
    return function(*args, **kwargs)
           ^^^^^^^^^^^^^^^^^^^^^^^^^
  File "C:\Users\saiem\Documents\GitHub-Data\sdv-dev\cfbfastR-dev\cfbfastR-cfb-raw\.venv\Lib\site-packages\polars\lazyframe\opt_flags.py", line 343, in wrapper
    return function(*args, **kwargs)
           ^^^^^^^^^^^^^^^^^^^^^^^^^
  File "C:\Users\saiem\Documents\GitHub-Data\sdv-dev\cfbfastR-dev\cfbfastR-cfb-raw\.venv\Lib\site-packages\polars\lazyframe\frame.py", line 2630, in collect
    return wrap_df(ldf.collect(engine, callback))
                   ^^^^^^^^^^^^^^^^^^^^^^^^^^^^^
polars.exceptions.ColumnNotFoundError: "statistics_href" not found
cfb 2020:  19%|#9        | 41/213 [01:44<04:49,  1.68s/it]cfb 2020:  20%|#9        | 42/213 [01:44<03:35,  1.26s/it]2026-06-16 12:16:41,118 ERROR extra fetch failed: _rosters(401249027,)
Traceback (most recent call last):
  File "C:\Users\saiem\Documents\GitHub-Data\sdv-dev\cfbfastR-dev\cfbfastR-cfb-raw\python\_cfb_raw_utils.py", line 93, in _safe
    return fn(*args, **kwargs)
           ^^^^^^^^^^^^^^^^^^^
  File "C:\Users\saiem\Documents\GitHub-Data\sdv-dev\cfbfastR-dev\cfbfastR-cfb-raw\python\scrape_cfb_json.py", line 31, in _rosters
    return sdv.cfb.espn_cfb_game_rosters(game_id=gid, return_as_pandas=True).to_dict("records")
           ^^^^^^^^^^^^^^^^^^^^^^^^^^^^^^^^^^^^^^^^^^^^^^^^^^^^^^^^^^^^^^^^^
  File "C:\Users\saiem\Documents\GitHub-Data\sdv-dev\cfbfastR-dev\cfbfastR-cfb-raw\.venv\Lib\site-packages\sportsdataverse\cfb\cfb_game_rosters.py", line 65, in espn_cfb_game_rosters
    items = helper_cfb_game_items(summary)
            ^^^^^^^^^^^^^^^^^^^^^^^^^^^^^^
  File "C:\Users\saiem\Documents\GitHub-Data\sdv-dev\cfbfastR-dev\cfbfastR-cfb-raw\.venv\Lib\site-packages\sportsdataverse\cfb\cfb_game_rosters.py", line 97, in helper_cfb_game_items
    items = items.rename({"id": "team_id", "uid": "team_uid", "statistics_href": "team_statistics_href"})
            ^^^^^^^^^^^^^^^^^^^^^^^^^^^^^^^^^^^^^^^^^^^^^^^^^^^^^^^^^^^^^^^^^^^^^^^^^^^^^^^^^^^^^^^^^^^^^
  File "C:\Users\saiem\Documents\GitHub-Data\sdv-dev\cfbfastR-dev\cfbfastR-cfb-raw\.venv\Lib\site-packages\polars\dataframe\frame.py", line 5275, in rename
    .collect(optimizations=QueryOptFlags._eager())
     ^^^^^^^^^^^^^^^^^^^^^^^^^^^^^^^^^^^^^^^^^^^^^
  File "C:\Users\saiem\Documents\GitHub-Data\sdv-dev\cfbfastR-dev\cfbfastR-cfb-raw\.venv\Lib\site-packages\polars\_utils\deprecation.py", line 97, in wrapper
    return function(*args, **kwargs)
           ^^^^^^^^^^^^^^^^^^^^^^^^^
  File "C:\Users\saiem\Documents\GitHub-Data\sdv-dev\cfbfastR-dev\cfbfastR-cfb-raw\.venv\Lib\site-packages\polars\lazyframe\opt_flags.py", line 343, in wrapper
    return function(*args, **kwargs)
           ^^^^^^^^^^^^^^^^^^^^^^^^^
  File "C:\Users\saiem\Documents\GitHub-Data\sdv-dev\cfbfastR-dev\cfbfastR-cfb-raw\.venv\Lib\site-packages\polars\lazyframe\frame.py", line 2630, in collect
    return wrap_df(ldf.collect(engine, callback))
                   ^^^^^^^^^^^^^^^^^^^^^^^^^^^^^
polars.exceptions.ColumnNotFoundError: "statistics_href" not found
ERROR:cfb_json_2020:extra fetch failed: _rosters(401249027,)
Traceback (most recent call last):
  File "C:\Users\saiem\Documents\GitHub-Data\sdv-dev\cfbfastR-dev\cfbfastR-cfb-raw\python\_cfb_raw_utils.py", line 93, in _safe
    return fn(*args, **kwargs)
           ^^^^^^^^^^^^^^^^^^^
  File "C:\Users\saiem\Documents\GitHub-Data\sdv-dev\cfbfastR-dev\cfbfastR-cfb-raw\python\scrape_cfb_json.py", line 31, in _rosters
    return sdv.cfb.espn_cfb_game_rosters(game_id=gid, return_as_pandas=True).to_dict("records")
           ^^^^^^^^^^^^^^^^^^^^^^^^^^^^^^^^^^^^^^^^^^^^^^^^^^^^^^^^^^^^^^^^^
  File "C:\Users\saiem\Documents\GitHub-Data\sdv-dev\cfbfastR-dev\cfbfastR-cfb-raw\.venv\Lib\site-packages\sportsdataverse\cfb\cfb_game_rosters.py", line 65, in espn_cfb_game_rosters
    items = helper_cfb_game_items(summary)
            ^^^^^^^^^^^^^^^^^^^^^^^^^^^^^^
  File "C:\Users\saiem\Documents\GitHub-Data\sdv-dev\cfbfastR-dev\cfbfastR-cfb-raw\.venv\Lib\site-packages\sportsdataverse\cfb\cfb_game_rosters.py", line 97, in helper_cfb_game_items
    items = items.rename({"id": "team_id", "uid": "team_uid", "statistics_href": "team_statistics_href"})
            ^^^^^^^^^^^^^^^^^^^^^^^^^^^^^^^^^^^^^^^^^^^^^^^^^^^^^^^^^^^^^^^^^^^^^^^^^^^^^^^^^^^^^^^^^^^^^
  File "C:\Users\saiem\Documents\GitHub-Data\sdv-dev\cfbfastR-dev\cfbfastR-cfb-raw\.venv\Lib\site-packages\polars\dataframe\frame.py", line 5275, in rename
    .collect(optimizations=QueryOptFlags._eager())
     ^^^^^^^^^^^^^^^^^^^^^^^^^^^^^^^^^^^^^^^^^^^^^
  File "C:\Users\saiem\Documents\GitHub-Data\sdv-dev\cfbfastR-dev\cfbfastR-cfb-raw\.venv\Lib\site-packages\polars\_utils\deprecation.py", line 97, in wrapper
    return function(*args, **kwargs)
           ^^^^^^^^^^^^^^^^^^^^^^^^^
  File "C:\Users\saiem\Documents\GitHub-Data\sdv-dev\cfbfastR-dev\cfbfastR-cfb-raw\.venv\Lib\site-packages\polars\lazyframe\opt_flags.py", line 343, in wrapper
    return function(*args, **kwargs)
           ^^^^^^^^^^^^^^^^^^^^^^^^^
  File "C:\Users\saiem\Documents\GitHub-Data\sdv-dev\cfbfastR-dev\cfbfastR-cfb-raw\.venv\Lib\site-packages\polars\lazyframe\frame.py", line 2630, in collect
    return wrap_df(ldf.collect(engine, callback))
                   ^^^^^^^^^^^^^^^^^^^^^^^^^^^^^
polars.exceptions.ColumnNotFoundError: "statistics_href" not found
2026-06-16 12:16:41,154 ERROR extra fetch failed: _rosters(401207189,)
Traceback (most recent call last):
  File "C:\Users\saiem\Documents\GitHub-Data\sdv-dev\cfbfastR-dev\cfbfastR-cfb-raw\python\_cfb_raw_utils.py", line 93, in _safe
    return fn(*args, **kwargs)
           ^^^^^^^^^^^^^^^^^^^
  File "C:\Users\saiem\Documents\GitHub-Data\sdv-dev\cfbfastR-dev\cfbfastR-cfb-raw\python\scrape_cfb_json.py", line 31, in _rosters
    return sdv.cfb.espn_cfb_game_rosters(game_id=gid, return_as_pandas=True).to_dict("records")
           ^^^^^^^^^^^^^^^^^^^^^^^^^^^^^^^^^^^^^^^^^^^^^^^^^^^^^^^^^^^^^^^^^
  File "C:\Users\saiem\Documents\GitHub-Data\sdv-dev\cfbfastR-dev\cfbfastR-cfb-raw\.venv\Lib\site-packages\sportsdataverse\cfb\cfb_game_rosters.py", line 65, in espn_cfb_game_rosters
    items = helper_cfb_game_items(summary)
            ^^^^^^^^^^^^^^^^^^^^^^^^^^^^^^
  File "C:\Users\saiem\Documents\GitHub-Data\sdv-dev\cfbfastR-dev\cfbfastR-cfb-raw\.venv\Lib\site-packages\sportsdataverse\cfb\cfb_game_rosters.py", line 97, in helper_cfb_game_items
    items = items.rename({"id": "team_id", "uid": "team_uid", "statistics_href": "team_statistics_href"})
            ^^^^^^^^^^^^^^^^^^^^^^^^^^^^^^^^^^^^^^^^^^^^^^^^^^^^^^^^^^^^^^^^^^^^^^^^^^^^^^^^^^^^^^^^^^^^^
  File "C:\Users\saiem\Documents\GitHub-Data\sdv-dev\cfbfastR-dev\cfbfastR-cfb-raw\.venv\Lib\site-packages\polars\dataframe\frame.py", line 5275, in rename
    .collect(optimizations=QueryOptFlags._eager())
     ^^^^^^^^^^^^^^^^^^^^^^^^^^^^^^^^^^^^^^^^^^^^^
  File "C:\Users\saiem\Documents\GitHub-Data\sdv-dev\cfbfastR-dev\cfbfastR-cfb-raw\.venv\Lib\site-packages\polars\_utils\deprecation.py", line 97, in wrapper
    return function(*args, **kwargs)
           ^^^^^^^^^^^^^^^^^^^^^^^^^
  File "C:\Users\saiem\Documents\GitHub-Data\sdv-dev\cfbfastR-dev\cfbfastR-cfb-raw\.venv\Lib\site-packages\polars\lazyframe\opt_flags.py", line 343, in wrapper
    return function(*args, **kwargs)
           ^^^^^^^^^^^^^^^^^^^^^^^^^
  File "C:\Users\saiem\Documents\GitHub-Data\sdv-dev\cfbfastR-dev\cfbfastR-cfb-raw\.venv\Lib\site-packages\polars\lazyframe\frame.py", line 2630, in collect
    return wrap_df(ldf.collect(engine, callback))
                   ^^^^^^^^^^^^^^^^^^^^^^^^^^^^^
polars.exceptions.ColumnNotFoundError: "statistics_href" not found
ERROR:cfb_json_2020:extra fetch failed: _rosters(401207189,)
Traceback (most recent call last):
  File "C:\Users\saiem\Documents\GitHub-Data\sdv-dev\cfbfastR-dev\cfbfastR-cfb-raw\python\_cfb_raw_utils.py", line 93, in _safe
    return fn(*args, **kwargs)
           ^^^^^^^^^^^^^^^^^^^
  File "C:\Users\saiem\Documents\GitHub-Data\sdv-dev\cfbfastR-dev\cfbfastR-cfb-raw\python\scrape_cfb_json.py", line 31, in _rosters
    return sdv.cfb.espn_cfb_game_rosters(game_id=gid, return_as_pandas=True).to_dict("records")
           ^^^^^^^^^^^^^^^^^^^^^^^^^^^^^^^^^^^^^^^^^^^^^^^^^^^^^^^^^^^^^^^^^
  File "C:\Users\saiem\Documents\GitHub-Data\sdv-dev\cfbfastR-dev\cfbfastR-cfb-raw\.venv\Lib\site-packages\sportsdataverse\cfb\cfb_game_rosters.py", line 65, in espn_cfb_game_rosters
    items = helper_cfb_game_items(summary)
            ^^^^^^^^^^^^^^^^^^^^^^^^^^^^^^
  File "C:\Users\saiem\Documents\GitHub-Data\sdv-dev\cfbfastR-dev\cfbfastR-cfb-raw\.venv\Lib\site-packages\sportsdataverse\cfb\cfb_game_rosters.py", line 97, in helper_cfb_game_items
    items = items.rename({"id": "team_id", "uid": "team_uid", "statistics_href": "team_statistics_href"})
            ^^^^^^^^^^^^^^^^^^^^^^^^^^^^^^^^^^^^^^^^^^^^^^^^^^^^^^^^^^^^^^^^^^^^^^^^^^^^^^^^^^^^^^^^^^^^^
  File "C:\Users\saiem\Documents\GitHub-Data\sdv-dev\cfbfastR-dev\cfbfastR-cfb-raw\.venv\Lib\site-packages\polars\dataframe\frame.py", line 5275, in rename
    .collect(optimizations=QueryOptFlags._eager())
     ^^^^^^^^^^^^^^^^^^^^^^^^^^^^^^^^^^^^^^^^^^^^^
  File "C:\Users\saiem\Documents\GitHub-Data\sdv-dev\cfbfastR-dev\cfbfastR-cfb-raw\.venv\Lib\site-packages\polars\_utils\deprecation.py", line 97, in wrapper
    return function(*args, **kwargs)
           ^^^^^^^^^^^^^^^^^^^^^^^^^
  File "C:\Users\saiem\Documents\GitHub-Data\sdv-dev\cfbfastR-dev\cfbfastR-cfb-raw\.venv\Lib\site-packages\polars\lazyframe\opt_flags.py", line 343, in wrapper
    return function(*args, **kwargs)
           ^^^^^^^^^^^^^^^^^^^^^^^^^
  File "C:\Users\saiem\Documents\GitHub-Data\sdv-dev\cfbfastR-dev\cfbfastR-cfb-raw\.venv\Lib\site-packages\polars\lazyframe\frame.py", line 2630, in collect
    return wrap_df(ldf.collect(engine, callback))
                   ^^^^^^^^^^^^^^^^^^^^^^^^^^^^^
polars.exceptions.ColumnNotFoundError: "statistics_href" not found
cfb 2020:  20%|##        | 43/213 [01:45<03:15,  1.15s/it]2026-06-16 12:16:41,799 ERROR extra fetch failed: _rosters(401207187,)
Traceback (most recent call last):
  File "C:\Users\saiem\Documents\GitHub-Data\sdv-dev\cfbfastR-dev\cfbfastR-cfb-raw\python\_cfb_raw_utils.py", line 93, in _safe
    return fn(*args, **kwargs)
           ^^^^^^^^^^^^^^^^^^^
  File "C:\Users\saiem\Documents\GitHub-Data\sdv-dev\cfbfastR-dev\cfbfastR-cfb-raw\python\scrape_cfb_json.py", line 31, in _rosters
    return sdv.cfb.espn_cfb_game_rosters(game_id=gid, return_as_pandas=True).to_dict("records")
           ^^^^^^^^^^^^^^^^^^^^^^^^^^^^^^^^^^^^^^^^^^^^^^^^^^^^^^^^^^^^^^^^^
  File "C:\Users\saiem\Documents\GitHub-Data\sdv-dev\cfbfastR-dev\cfbfastR-cfb-raw\.venv\Lib\site-packages\sportsdataverse\cfb\cfb_game_rosters.py", line 65, in espn_cfb_game_rosters
    items = helper_cfb_game_items(summary)
            ^^^^^^^^^^^^^^^^^^^^^^^^^^^^^^
  File "C:\Users\saiem\Documents\GitHub-Data\sdv-dev\cfbfastR-dev\cfbfastR-cfb-raw\.venv\Lib\site-packages\sportsdataverse\cfb\cfb_game_rosters.py", line 97, in helper_cfb_game_items
    items = items.rename({"id": "team_id", "uid": "team_uid", "statistics_href": "team_statistics_href"})
            ^^^^^^^^^^^^^^^^^^^^^^^^^^^^^^^^^^^^^^^^^^^^^^^^^^^^^^^^^^^^^^^^^^^^^^^^^^^^^^^^^^^^^^^^^^^^^
  File "C:\Users\saiem\Documents\GitHub-Data\sdv-dev\cfbfastR-dev\cfbfastR-cfb-raw\.venv\Lib\site-packages\polars\dataframe\frame.py", line 5275, in rename
    .collect(optimizations=QueryOptFlags._eager())
     ^^^^^^^^^^^^^^^^^^^^^^^^^^^^^^^^^^^^^^^^^^^^^
  File "C:\Users\saiem\Documents\GitHub-Data\sdv-dev\cfbfastR-dev\cfbfastR-cfb-raw\.venv\Lib\site-packages\polars\_utils\deprecation.py", line 97, in wrapper
    return function(*args, **kwargs)
           ^^^^^^^^^^^^^^^^^^^^^^^^^
  File "C:\Users\saiem\Documents\GitHub-Data\sdv-dev\cfbfastR-dev\cfbfastR-cfb-raw\.venv\Lib\site-packages\polars\lazyframe\opt_flags.py", line 343, in wrapper
    return function(*args, **kwargs)
           ^^^^^^^^^^^^^^^^^^^^^^^^^
  File "C:\Users\saiem\Documents\GitHub-Data\sdv-dev\cfbfastR-dev\cfbfastR-cfb-raw\.venv\Lib\site-packages\polars\lazyframe\frame.py", line 2630, in collect
    return wrap_df(ldf.collect(engine, callback))
                   ^^^^^^^^^^^^^^^^^^^^^^^^^^^^^
polars.exceptions.ColumnNotFoundError: "statistics_href" not found
ERROR:cfb_json_2020:extra fetch failed: _rosters(401207187,)
Traceback (most recent call last):
  File "C:\Users\saiem\Documents\GitHub-Data\sdv-dev\cfbfastR-dev\cfbfastR-cfb-raw\python\_cfb_raw_utils.py", line 93, in _safe
    return fn(*args, **kwargs)
           ^^^^^^^^^^^^^^^^^^^
  File "C:\Users\saiem\Documents\GitHub-Data\sdv-dev\cfbfastR-dev\cfbfastR-cfb-raw\python\scrape_cfb_json.py", line 31, in _rosters
    return sdv.cfb.espn_cfb_game_rosters(game_id=gid, return_as_pandas=True).to_dict("records")
           ^^^^^^^^^^^^^^^^^^^^^^^^^^^^^^^^^^^^^^^^^^^^^^^^^^^^^^^^^^^^^^^^^
  File "C:\Users\saiem\Documents\GitHub-Data\sdv-dev\cfbfastR-dev\cfbfastR-cfb-raw\.venv\Lib\site-packages\sportsdataverse\cfb\cfb_game_rosters.py", line 65, in espn_cfb_game_rosters
    items = helper_cfb_game_items(summary)
            ^^^^^^^^^^^^^^^^^^^^^^^^^^^^^^
  File "C:\Users\saiem\Documents\GitHub-Data\sdv-dev\cfbfastR-dev\cfbfastR-cfb-raw\.venv\Lib\site-packages\sportsdataverse\cfb\cfb_game_rosters.py", line 97, in helper_cfb_game_items
    items = items.rename({"id": "team_id", "uid": "team_uid", "statistics_href": "team_statistics_href"})
            ^^^^^^^^^^^^^^^^^^^^^^^^^^^^^^^^^^^^^^^^^^^^^^^^^^^^^^^^^^^^^^^^^^^^^^^^^^^^^^^^^^^^^^^^^^^^^
  File "C:\Users\saiem\Documents\GitHub-Data\sdv-dev\cfbfastR-dev\cfbfastR-cfb-raw\.venv\Lib\site-packages\polars\dataframe\frame.py", line 5275, in rename
    .collect(optimizations=QueryOptFlags._eager())
     ^^^^^^^^^^^^^^^^^^^^^^^^^^^^^^^^^^^^^^^^^^^^^
  File "C:\Users\saiem\Documents\GitHub-Data\sdv-dev\cfbfastR-dev\cfbfastR-cfb-raw\.venv\Lib\site-packages\polars\_utils\deprecation.py", line 97, in wrapper
    return function(*args, **kwargs)
           ^^^^^^^^^^^^^^^^^^^^^^^^^
  File "C:\Users\saiem\Documents\GitHub-Data\sdv-dev\cfbfastR-dev\cfbfastR-cfb-raw\.venv\Lib\site-packages\polars\lazyframe\opt_flags.py", line 343, in wrapper
    return function(*args, **kwargs)
           ^^^^^^^^^^^^^^^^^^^^^^^^^
  File "C:\Users\saiem\Documents\GitHub-Data\sdv-dev\cfbfastR-dev\cfbfastR-cfb-raw\.venv\Lib\site-packages\polars\lazyframe\frame.py", line 2630, in collect
    return wrap_df(ldf.collect(engine, callback))
                   ^^^^^^^^^^^^^^^^^^^^^^^^^^^^^
polars.exceptions.ColumnNotFoundError: "statistics_href" not found
2026-06-16 12:16:41,822 ERROR extra fetch failed: _rosters(401234653,)
Traceback (most recent call last):
  File "C:\Users\saiem\Documents\GitHub-Data\sdv-dev\cfbfastR-dev\cfbfastR-cfb-raw\python\_cfb_raw_utils.py", line 93, in _safe
    return fn(*args, **kwargs)
           ^^^^^^^^^^^^^^^^^^^
  File "C:\Users\saiem\Documents\GitHub-Data\sdv-dev\cfbfastR-dev\cfbfastR-cfb-raw\python\scrape_cfb_json.py", line 31, in _rosters
    return sdv.cfb.espn_cfb_game_rosters(game_id=gid, return_as_pandas=True).to_dict("records")
           ^^^^^^^^^^^^^^^^^^^^^^^^^^^^^^^^^^^^^^^^^^^^^^^^^^^^^^^^^^^^^^^^^
  File "C:\Users\saiem\Documents\GitHub-Data\sdv-dev\cfbfastR-dev\cfbfastR-cfb-raw\.venv\Lib\site-packages\sportsdataverse\cfb\cfb_game_rosters.py", line 65, in espn_cfb_game_rosters
    items = helper_cfb_game_items(summary)
            ^^^^^^^^^^^^^^^^^^^^^^^^^^^^^^
  File "C:\Users\saiem\Documents\GitHub-Data\sdv-dev\cfbfastR-dev\cfbfastR-cfb-raw\.venv\Lib\site-packages\sportsdataverse\cfb\cfb_game_rosters.py", line 97, in helper_cfb_game_items
    items = items.rename({"id": "team_id", "uid": "team_uid", "statistics_href": "team_statistics_href"})
            ^^^^^^^^^^^^^^^^^^^^^^^^^^^^^^^^^^^^^^^^^^^^^^^^^^^^^^^^^^^^^^^^^^^^^^^^^^^^^^^^^^^^^^^^^^^^^
  File "C:\Users\saiem\Documents\GitHub-Data\sdv-dev\cfbfastR-dev\cfbfastR-cfb-raw\.venv\Lib\site-packages\polars\dataframe\frame.py", line 5275, in rename
    .collect(optimizations=QueryOptFlags._eager())
     ^^^^^^^^^^^^^^^^^^^^^^^^^^^^^^^^^^^^^^^^^^^^^
  File "C:\Users\saiem\Documents\GitHub-Data\sdv-dev\cfbfastR-dev\cfbfastR-cfb-raw\.venv\Lib\site-packages\polars\_utils\deprecation.py", line 97, in wrapper
    return function(*args, **kwargs)
           ^^^^^^^^^^^^^^^^^^^^^^^^^
  File "C:\Users\saiem\Documents\GitHub-Data\sdv-dev\cfbfastR-dev\cfbfastR-cfb-raw\.venv\Lib\site-packages\polars\lazyframe\opt_flags.py", line 343, in wrapper
    return function(*args, **kwargs)
           ^^^^^^^^^^^^^^^^^^^^^^^^^
  File "C:\Users\saiem\Documents\GitHub-Data\sdv-dev\cfbfastR-dev\cfbfastR-cfb-raw\.venv\Lib\site-packages\polars\lazyframe\frame.py", line 2630, in collect
    return wrap_df(ldf.collect(engine, callback))
                   ^^^^^^^^^^^^^^^^^^^^^^^^^^^^^
polars.exceptions.ColumnNotFoundError: "statistics_href" not found
ERROR:cfb_json_2020:extra fetch failed: _rosters(401234653,)
Traceback (most recent call last):
  File "C:\Users\saiem\Documents\GitHub-Data\sdv-dev\cfbfastR-dev\cfbfastR-cfb-raw\python\_cfb_raw_utils.py", line 93, in _safe
    return fn(*args, **kwargs)
           ^^^^^^^^^^^^^^^^^^^
  File "C:\Users\saiem\Documents\GitHub-Data\sdv-dev\cfbfastR-dev\cfbfastR-cfb-raw\python\scrape_cfb_json.py", line 31, in _rosters
    return sdv.cfb.espn_cfb_game_rosters(game_id=gid, return_as_pandas=True).to_dict("records")
           ^^^^^^^^^^^^^^^^^^^^^^^^^^^^^^^^^^^^^^^^^^^^^^^^^^^^^^^^^^^^^^^^^
  File "C:\Users\saiem\Documents\GitHub-Data\sdv-dev\cfbfastR-dev\cfbfastR-cfb-raw\.venv\Lib\site-packages\sportsdataverse\cfb\cfb_game_rosters.py", line 65, in espn_cfb_game_rosters
    items = helper_cfb_game_items(summary)
            ^^^^^^^^^^^^^^^^^^^^^^^^^^^^^^
  File "C:\Users\saiem\Documents\GitHub-Data\sdv-dev\cfbfastR-dev\cfbfastR-cfb-raw\.venv\Lib\site-packages\sportsdataverse\cfb\cfb_game_rosters.py", line 97, in helper_cfb_game_items
    items = items.rename({"id": "team_id", "uid": "team_uid", "statistics_href": "team_statistics_href"})
            ^^^^^^^^^^^^^^^^^^^^^^^^^^^^^^^^^^^^^^^^^^^^^^^^^^^^^^^^^^^^^^^^^^^^^^^^^^^^^^^^^^^^^^^^^^^^^
  File "C:\Users\saiem\Documents\GitHub-Data\sdv-dev\cfbfastR-dev\cfbfastR-cfb-raw\.venv\Lib\site-packages\polars\dataframe\frame.py", line 5275, in rename
    .collect(optimizations=QueryOptFlags._eager())
     ^^^^^^^^^^^^^^^^^^^^^^^^^^^^^^^^^^^^^^^^^^^^^
  File "C:\Users\saiem\Documents\GitHub-Data\sdv-dev\cfbfastR-dev\cfbfastR-cfb-raw\.venv\Lib\site-packages\polars\_utils\deprecation.py", line 97, in wrapper
    return function(*args, **kwargs)
           ^^^^^^^^^^^^^^^^^^^^^^^^^
  File "C:\Users\saiem\Documents\GitHub-Data\sdv-dev\cfbfastR-dev\cfbfastR-cfb-raw\.venv\Lib\site-packages\polars\lazyframe\opt_flags.py", line 343, in wrapper
    return function(*args, **kwargs)
           ^^^^^^^^^^^^^^^^^^^^^^^^^
  File "C:\Users\saiem\Documents\GitHub-Data\sdv-dev\cfbfastR-dev\cfbfastR-cfb-raw\.venv\Lib\site-packages\polars\lazyframe\frame.py", line 2630, in collect
    return wrap_df(ldf.collect(engine, callback))
                   ^^^^^^^^^^^^^^^^^^^^^^^^^^^^^
polars.exceptions.ColumnNotFoundError: "statistics_href" not found
cfb 2020:  21%|##1       | 45/213 [01:46<02:12,  1.27it/s]cfb 2020:  22%|##2       | 47/213 [02:05<11:33,  4.18s/it]cfb 2020:  23%|##2       | 48/213 [02:07<10:39,  3.87s/it]2026-06-16 12:17:04,470 ERROR extra fetch failed: _rosters(401257811,)
Traceback (most recent call last):
  File "C:\Users\saiem\Documents\GitHub-Data\sdv-dev\cfbfastR-dev\cfbfastR-cfb-raw\python\_cfb_raw_utils.py", line 93, in _safe
    return fn(*args, **kwargs)
           ^^^^^^^^^^^^^^^^^^^
  File "C:\Users\saiem\Documents\GitHub-Data\sdv-dev\cfbfastR-dev\cfbfastR-cfb-raw\python\scrape_cfb_json.py", line 31, in _rosters
    return sdv.cfb.espn_cfb_game_rosters(game_id=gid, return_as_pandas=True).to_dict("records")
           ^^^^^^^^^^^^^^^^^^^^^^^^^^^^^^^^^^^^^^^^^^^^^^^^^^^^^^^^^^^^^^^^^
  File "C:\Users\saiem\Documents\GitHub-Data\sdv-dev\cfbfastR-dev\cfbfastR-cfb-raw\.venv\Lib\site-packages\sportsdataverse\cfb\cfb_game_rosters.py", line 65, in espn_cfb_game_rosters
    items = helper_cfb_game_items(summary)
            ^^^^^^^^^^^^^^^^^^^^^^^^^^^^^^
  File "C:\Users\saiem\Documents\GitHub-Data\sdv-dev\cfbfastR-dev\cfbfastR-cfb-raw\.venv\Lib\site-packages\sportsdataverse\cfb\cfb_game_rosters.py", line 97, in helper_cfb_game_items
    items = items.rename({"id": "team_id", "uid": "team_uid", "statistics_href": "team_statistics_href"})
            ^^^^^^^^^^^^^^^^^^^^^^^^^^^^^^^^^^^^^^^^^^^^^^^^^^^^^^^^^^^^^^^^^^^^^^^^^^^^^^^^^^^^^^^^^^^^^
  File "C:\Users\saiem\Documents\GitHub-Data\sdv-dev\cfbfastR-dev\cfbfastR-cfb-raw\.venv\Lib\site-packages\polars\dataframe\frame.py", line 5275, in rename
    .collect(optimizations=QueryOptFlags._eager())
     ^^^^^^^^^^^^^^^^^^^^^^^^^^^^^^^^^^^^^^^^^^^^^
  File "C:\Users\saiem\Documents\GitHub-Data\sdv-dev\cfbfastR-dev\cfbfastR-cfb-raw\.venv\Lib\site-packages\polars\_utils\deprecation.py", line 97, in wrapper
    return function(*args, **kwargs)
           ^^^^^^^^^^^^^^^^^^^^^^^^^
  File "C:\Users\saiem\Documents\GitHub-Data\sdv-dev\cfbfastR-dev\cfbfastR-cfb-raw\.venv\Lib\site-packages\polars\lazyframe\opt_flags.py", line 343, in wrapper
    return function(*args, **kwargs)
           ^^^^^^^^^^^^^^^^^^^^^^^^^
  File "C:\Users\saiem\Documents\GitHub-Data\sdv-dev\cfbfastR-dev\cfbfastR-cfb-raw\.venv\Lib\site-packages\polars\lazyframe\frame.py", line 2630, in collect
    return wrap_df(ldf.collect(engine, callback))
                   ^^^^^^^^^^^^^^^^^^^^^^^^^^^^^
polars.exceptions.ColumnNotFoundError: "statistics_href" not found
ERROR:cfb_json_2020:extra fetch failed: _rosters(401257811,)
Traceback (most recent call last):
  File "C:\Users\saiem\Documents\GitHub-Data\sdv-dev\cfbfastR-dev\cfbfastR-cfb-raw\python\_cfb_raw_utils.py", line 93, in _safe
    return fn(*args, **kwargs)
           ^^^^^^^^^^^^^^^^^^^
  File "C:\Users\saiem\Documents\GitHub-Data\sdv-dev\cfbfastR-dev\cfbfastR-cfb-raw\python\scrape_cfb_json.py", line 31, in _rosters
    return sdv.cfb.espn_cfb_game_rosters(game_id=gid, return_as_pandas=True).to_dict("records")
           ^^^^^^^^^^^^^^^^^^^^^^^^^^^^^^^^^^^^^^^^^^^^^^^^^^^^^^^^^^^^^^^^^
  File "C:\Users\saiem\Documents\GitHub-Data\sdv-dev\cfbfastR-dev\cfbfastR-cfb-raw\.venv\Lib\site-packages\sportsdataverse\cfb\cfb_game_rosters.py", line 65, in espn_cfb_game_rosters
    items = helper_cfb_game_items(summary)
            ^^^^^^^^^^^^^^^^^^^^^^^^^^^^^^
  File "C:\Users\saiem\Documents\GitHub-Data\sdv-dev\cfbfastR-dev\cfbfastR-cfb-raw\.venv\Lib\site-packages\sportsdataverse\cfb\cfb_game_rosters.py", line 97, in helper_cfb_game_items
    items = items.rename({"id": "team_id", "uid": "team_uid", "statistics_href": "team_statistics_href"})
            ^^^^^^^^^^^^^^^^^^^^^^^^^^^^^^^^^^^^^^^^^^^^^^^^^^^^^^^^^^^^^^^^^^^^^^^^^^^^^^^^^^^^^^^^^^^^^
  File "C:\Users\saiem\Documents\GitHub-Data\sdv-dev\cfbfastR-dev\cfbfastR-cfb-raw\.venv\Lib\site-packages\polars\dataframe\frame.py", line 5275, in rename
    .collect(optimizations=QueryOptFlags._eager())
     ^^^^^^^^^^^^^^^^^^^^^^^^^^^^^^^^^^^^^^^^^^^^^
  File "C:\Users\saiem\Documents\GitHub-Data\sdv-dev\cfbfastR-dev\cfbfastR-cfb-raw\.venv\Lib\site-packages\polars\_utils\deprecation.py", line 97, in wrapper
    return function(*args, **kwargs)
           ^^^^^^^^^^^^^^^^^^^^^^^^^
  File "C:\Users\saiem\Documents\GitHub-Data\sdv-dev\cfbfastR-dev\cfbfastR-cfb-raw\.venv\Lib\site-packages\polars\lazyframe\opt_flags.py", line 343, in wrapper
    return function(*args, **kwargs)
           ^^^^^^^^^^^^^^^^^^^^^^^^^
  File "C:\Users\saiem\Documents\GitHub-Data\sdv-dev\cfbfastR-dev\cfbfastR-cfb-raw\.venv\Lib\site-packages\polars\lazyframe\frame.py", line 2630, in collect
    return wrap_df(ldf.collect(engine, callback))
                   ^^^^^^^^^^^^^^^^^^^^^^^^^^^^^
polars.exceptions.ColumnNotFoundError: "statistics_href" not found
cfb 2020:  23%|##3       | 49/213 [02:08<08:37,  3.16s/it]2026-06-16 12:17:05,302 ERROR extra fetch failed: _rosters(401249030,)
Traceback (most recent call last):
  File "C:\Users\saiem\Documents\GitHub-Data\sdv-dev\cfbfastR-dev\cfbfastR-cfb-raw\python\_cfb_raw_utils.py", line 93, in _safe
    return fn(*args, **kwargs)
           ^^^^^^^^^^^^^^^^^^^
  File "C:\Users\saiem\Documents\GitHub-Data\sdv-dev\cfbfastR-dev\cfbfastR-cfb-raw\python\scrape_cfb_json.py", line 31, in _rosters
    return sdv.cfb.espn_cfb_game_rosters(game_id=gid, return_as_pandas=True).to_dict("records")
           ^^^^^^^^^^^^^^^^^^^^^^^^^^^^^^^^^^^^^^^^^^^^^^^^^^^^^^^^^^^^^^^^^
  File "C:\Users\saiem\Documents\GitHub-Data\sdv-dev\cfbfastR-dev\cfbfastR-cfb-raw\.venv\Lib\site-packages\sportsdataverse\cfb\cfb_game_rosters.py", line 65, in espn_cfb_game_rosters
    items = helper_cfb_game_items(summary)
            ^^^^^^^^^^^^^^^^^^^^^^^^^^^^^^
  File "C:\Users\saiem\Documents\GitHub-Data\sdv-dev\cfbfastR-dev\cfbfastR-cfb-raw\.venv\Lib\site-packages\sportsdataverse\cfb\cfb_game_rosters.py", line 97, in helper_cfb_game_items
    items = items.rename({"id": "team_id", "uid": "team_uid", "statistics_href": "team_statistics_href"})
            ^^^^^^^^^^^^^^^^^^^^^^^^^^^^^^^^^^^^^^^^^^^^^^^^^^^^^^^^^^^^^^^^^^^^^^^^^^^^^^^^^^^^^^^^^^^^^
  File "C:\Users\saiem\Documents\GitHub-Data\sdv-dev\cfbfastR-dev\cfbfastR-cfb-raw\.venv\Lib\site-packages\polars\dataframe\frame.py", line 5275, in rename
    .collect(optimizations=QueryOptFlags._eager())
     ^^^^^^^^^^^^^^^^^^^^^^^^^^^^^^^^^^^^^^^^^^^^^
  File "C:\Users\saiem\Documents\GitHub-Data\sdv-dev\cfbfastR-dev\cfbfastR-cfb-raw\.venv\Lib\site-packages\polars\_utils\deprecation.py", line 97, in wrapper
    return function(*args, **kwargs)
           ^^^^^^^^^^^^^^^^^^^^^^^^^
  File "C:\Users\saiem\Documents\GitHub-Data\sdv-dev\cfbfastR-dev\cfbfastR-cfb-raw\.venv\Lib\site-packages\polars\lazyframe\opt_flags.py", line 343, in wrapper
    return function(*args, **kwargs)
           ^^^^^^^^^^^^^^^^^^^^^^^^^
  File "C:\Users\saiem\Documents\GitHub-Data\sdv-dev\cfbfastR-dev\cfbfastR-cfb-raw\.venv\Lib\site-packages\polars\lazyframe\frame.py", line 2630, in collect
    return wrap_df(ldf.collect(engine, callback))
                   ^^^^^^^^^^^^^^^^^^^^^^^^^^^^^
polars.exceptions.ColumnNotFoundError: "statistics_href" not found
ERROR:cfb_json_2020:extra fetch failed: _rosters(401249030,)
Traceback (most recent call last):
  File "C:\Users\saiem\Documents\GitHub-Data\sdv-dev\cfbfastR-dev\cfbfastR-cfb-raw\python\_cfb_raw_utils.py", line 93, in _safe
    return fn(*args, **kwargs)
           ^^^^^^^^^^^^^^^^^^^
  File "C:\Users\saiem\Documents\GitHub-Data\sdv-dev\cfbfastR-dev\cfbfastR-cfb-raw\python\scrape_cfb_json.py", line 31, in _rosters
    return sdv.cfb.espn_cfb_game_rosters(game_id=gid, return_as_pandas=True).to_dict("records")
           ^^^^^^^^^^^^^^^^^^^^^^^^^^^^^^^^^^^^^^^^^^^^^^^^^^^^^^^^^^^^^^^^^
  File "C:\Users\saiem\Documents\GitHub-Data\sdv-dev\cfbfastR-dev\cfbfastR-cfb-raw\.venv\Lib\site-packages\sportsdataverse\cfb\cfb_game_rosters.py", line 65, in espn_cfb_game_rosters
    items = helper_cfb_game_items(summary)
            ^^^^^^^^^^^^^^^^^^^^^^^^^^^^^^
  File "C:\Users\saiem\Documents\GitHub-Data\sdv-dev\cfbfastR-dev\cfbfastR-cfb-raw\.venv\Lib\site-packages\sportsdataverse\cfb\cfb_game_rosters.py", line 97, in helper_cfb_game_items
    items = items.rename({"id": "team_id", "uid": "team_uid", "statistics_href": "team_statistics_href"})
            ^^^^^^^^^^^^^^^^^^^^^^^^^^^^^^^^^^^^^^^^^^^^^^^^^^^^^^^^^^^^^^^^^^^^^^^^^^^^^^^^^^^^^^^^^^^^^
  File "C:\Users\saiem\Documents\GitHub-Data\sdv-dev\cfbfastR-dev\cfbfastR-cfb-raw\.venv\Lib\site-packages\polars\dataframe\frame.py", line 5275, in rename
    .collect(optimizations=QueryOptFlags._eager())
     ^^^^^^^^^^^^^^^^^^^^^^^^^^^^^^^^^^^^^^^^^^^^^
  File "C:\Users\saiem\Documents\GitHub-Data\sdv-dev\cfbfastR-dev\cfbfastR-cfb-raw\.venv\Lib\site-packages\polars\_utils\deprecation.py", line 97, in wrapper
    return function(*args, **kwargs)
           ^^^^^^^^^^^^^^^^^^^^^^^^^
  File "C:\Users\saiem\Documents\GitHub-Data\sdv-dev\cfbfastR-dev\cfbfastR-cfb-raw\.venv\Lib\site-packages\polars\lazyframe\opt_flags.py", line 343, in wrapper
    return function(*args, **kwargs)
           ^^^^^^^^^^^^^^^^^^^^^^^^^
  File "C:\Users\saiem\Documents\GitHub-Data\sdv-dev\cfbfastR-dev\cfbfastR-cfb-raw\.venv\Lib\site-packages\polars\lazyframe\frame.py", line 2630, in collect
    return wrap_df(ldf.collect(engine, callback))
                   ^^^^^^^^^^^^^^^^^^^^^^^^^^^^^
polars.exceptions.ColumnNotFoundError: "statistics_href" not found
cfb 2020:  23%|##3       | 50/213 [02:09<06:59,  2.57s/it]cfb 2020:  24%|##3       | 51/213 [02:24<15:53,  5.89s/it]cfb 2020:  24%|##4       | 52/213 [02:30<15:39,  5.84s/it]cfb 2020:  25%|##4       | 53/213 [02:43<21:13,  7.96s/it]cfb 2020:  25%|##5       | 54/213 [02:50<19:51,  7.49s/it]cfb 2020:  26%|##5       | 55/213 [03:04<25:22,  9.64s/it]cfb 2020:  26%|##6       | 56/213 [03:11<22:28,  8.59s/it]