2026-06-13 20:21:55,621 INFO season 2004: 498 games to scrape (rescrape=False)
2026-06-13 20:22:08,708 ERROR extra fetch failed: _rosters(242412449,)
Traceback (most recent call last):
  File "C:\Users\saiem\Documents\GitHub-Data\sdv-dev\cfbfastR-dev\cfbfastR-cfb-raw\python\_cfb_raw_utils.py", line 93, in _safe
    return fn(*args, **kwargs)
           ^^^^^^^^^^^^^^^^^^^
  File "C:\Users\saiem\Documents\GitHub-Data\sdv-dev\cfbfastR-dev\cfbfastR-cfb-raw\python\scrape_cfb_json.py", line 31, in _rosters
    return sdv.cfb.espn_cfb_game_rosters(game_id=gid, return_as_pandas=True).to_dict("records")
           ^^^^^^^^^^^^^^^^^^^^^^^^^^^^^^^^^^^^^^^^^^^^^^^^^^^^^^^^^^^^^^^^^
  File "C:\Users\saiem\Documents\GitHub-Data\sdv-dev\cfbfastR-dev\cfbfastR-cfb-raw\.venv\Lib\site-packages\sportsdataverse\cfb\cfb_game_rosters.py", line 65, in espn_cfb_game_rosters
    items = helper_cfb_game_items(summary)
            ^^^^^^^^^^^^^^^^^^^^^^^^^^^^^^
  File "C:\Users\saiem\Documents\GitHub-Data\sdv-dev\cfbfastR-dev\cfbfastR-cfb-raw\.venv\Lib\site-packages\sportsdataverse\cfb\cfb_game_rosters.py", line 97, in helper_cfb_game_items
    items = items.rename({"id": "team_id", "uid": "team_uid", "statistics_href": "team_statistics_href"})
            ^^^^^^^^^^^^^^^^^^^^^^^^^^^^^^^^^^^^^^^^^^^^^^^^^^^^^^^^^^^^^^^^^^^^^^^^^^^^^^^^^^^^^^^^^^^^^
  File "C:\Users\saiem\Documents\GitHub-Data\sdv-dev\cfbfastR-dev\cfbfastR-cfb-raw\.venv\Lib\site-packages\polars\dataframe\frame.py", line 5275, in rename
    .collect(optimizations=QueryOptFlags._eager())
     ^^^^^^^^^^^^^^^^^^^^^^^^^^^^^^^^^^^^^^^^^^^^^
  File "C:\Users\saiem\Documents\GitHub-Data\sdv-dev\cfbfastR-dev\cfbfastR-cfb-raw\.venv\Lib\site-packages\polars\_utils\deprecation.py", line 97, in wrapper
    return function(*args, **kwargs)
           ^^^^^^^^^^^^^^^^^^^^^^^^^
  File "C:\Users\saiem\Documents\GitHub-Data\sdv-dev\cfbfastR-dev\cfbfastR-cfb-raw\.venv\Lib\site-packages\polars\lazyframe\opt_flags.py", line 343, in wrapper
    return function(*args, **kwargs)
           ^^^^^^^^^^^^^^^^^^^^^^^^^
  File "C:\Users\saiem\Documents\GitHub-Data\sdv-dev\cfbfastR-dev\cfbfastR-cfb-raw\.venv\Lib\site-packages\polars\lazyframe\frame.py", line 2630, in collect
    return wrap_df(ldf.collect(engine, callback))
                   ^^^^^^^^^^^^^^^^^^^^^^^^^^^^^
polars.exceptions.ColumnNotFoundError: "statistics_href" not found
2026-06-13 20:22:08,926 ERROR extra fetch failed: _rosters(242462199,)
Traceback (most recent call last):
  File "C:\Users\saiem\Documents\GitHub-Data\sdv-dev\cfbfastR-dev\cfbfastR-cfb-raw\python\_cfb_raw_utils.py", line 93, in _safe
    return fn(*args, **kwargs)
           ^^^^^^^^^^^^^^^^^^^
  File "C:\Users\saiem\Documents\GitHub-Data\sdv-dev\cfbfastR-dev\cfbfastR-cfb-raw\python\scrape_cfb_json.py", line 31, in _rosters
    return sdv.cfb.espn_cfb_game_rosters(game_id=gid, return_as_pandas=True).to_dict("records")
           ^^^^^^^^^^^^^^^^^^^^^^^^^^^^^^^^^^^^^^^^^^^^^^^^^^^^^^^^^^^^^^^^^
  File "C:\Users\saiem\Documents\GitHub-Data\sdv-dev\cfbfastR-dev\cfbfastR-cfb-raw\.venv\Lib\site-packages\sportsdataverse\cfb\cfb_game_rosters.py", line 65, in espn_cfb_game_rosters
    items = helper_cfb_game_items(summary)
            ^^^^^^^^^^^^^^^^^^^^^^^^^^^^^^
  File "C:\Users\saiem\Documents\GitHub-Data\sdv-dev\cfbfastR-dev\cfbfastR-cfb-raw\.venv\Lib\site-packages\sportsdataverse\cfb\cfb_game_rosters.py", line 97, in helper_cfb_game_items
    items = items.rename({"id": "team_id", "uid": "team_uid", "statistics_href": "team_statistics_href"})
            ^^^^^^^^^^^^^^^^^^^^^^^^^^^^^^^^^^^^^^^^^^^^^^^^^^^^^^^^^^^^^^^^^^^^^^^^^^^^^^^^^^^^^^^^^^^^^
  File "C:\Users\saiem\Documents\GitHub-Data\sdv-dev\cfbfastR-dev\cfbfastR-cfb-raw\.venv\Lib\site-packages\polars\dataframe\frame.py", line 5275, in rename
    .collect(optimizations=QueryOptFlags._eager())
     ^^^^^^^^^^^^^^^^^^^^^^^^^^^^^^^^^^^^^^^^^^^^^
  File "C:\Users\saiem\Documents\GitHub-Data\sdv-dev\cfbfastR-dev\cfbfastR-cfb-raw\.venv\Lib\site-packages\polars\_utils\deprecation.py", line 97, in wrapper
    return function(*args, **kwargs)
           ^^^^^^^^^^^^^^^^^^^^^^^^^
  File "C:\Users\saiem\Documents\GitHub-Data\sdv-dev\cfbfastR-dev\cfbfastR-cfb-raw\.venv\Lib\site-packages\polars\lazyframe\opt_flags.py", line 343, in wrapper
    return function(*args, **kwargs)
           ^^^^^^^^^^^^^^^^^^^^^^^^^
  File "C:\Users\saiem\Documents\GitHub-Data\sdv-dev\cfbfastR-dev\cfbfastR-cfb-raw\.venv\Lib\site-packages\polars\lazyframe\frame.py", line 2630, in collect
    return wrap_df(ldf.collect(engine, callback))
                   ^^^^^^^^^^^^^^^^^^^^^^^^^^^^^
polars.exceptions.ColumnNotFoundError: "statistics_href" not found
2026-06-13 20:22:09,334 ERROR extra fetch failed: _rosters(242462229,)
Traceback (most recent call last):
  File "C:\Users\saiem\Documents\GitHub-Data\sdv-dev\cfbfastR-dev\cfbfastR-cfb-raw\python\_cfb_raw_utils.py", line 93, in _safe
    return fn(*args, **kwargs)
           ^^^^^^^^^^^^^^^^^^^
  File "C:\Users\saiem\Documents\GitHub-Data\sdv-dev\cfbfastR-dev\cfbfastR-cfb-raw\python\scrape_cfb_json.py", line 31, in _rosters
    return sdv.cfb.espn_cfb_game_rosters(game_id=gid, return_as_pandas=True).to_dict("records")
           ^^^^^^^^^^^^^^^^^^^^^^^^^^^^^^^^^^^^^^^^^^^^^^^^^^^^^^^^^^^^^^^^^
  File "C:\Users\saiem\Documents\GitHub-Data\sdv-dev\cfbfastR-dev\cfbfastR-cfb-raw\.venv\Lib\site-packages\sportsdataverse\cfb\cfb_game_rosters.py", line 65, in espn_cfb_game_rosters
    items = helper_cfb_game_items(summary)
            ^^^^^^^^^^^^^^^^^^^^^^^^^^^^^^
  File "C:\Users\saiem\Documents\GitHub-Data\sdv-dev\cfbfastR-dev\cfbfastR-cfb-raw\.venv\Lib\site-packages\sportsdataverse\cfb\cfb_game_rosters.py", line 97, in helper_cfb_game_items
    items = items.rename({"id": "team_id", "uid": "team_uid", "statistics_href": "team_statistics_href"})
            ^^^^^^^^^^^^^^^^^^^^^^^^^^^^^^^^^^^^^^^^^^^^^^^^^^^^^^^^^^^^^^^^^^^^^^^^^^^^^^^^^^^^^^^^^^^^^
  File "C:\Users\saiem\Documents\GitHub-Data\sdv-dev\cfbfastR-dev\cfbfastR-cfb-raw\.venv\Lib\site-packages\polars\dataframe\frame.py", line 5275, in rename
    .collect(optimizations=QueryOptFlags._eager())
     ^^^^^^^^^^^^^^^^^^^^^^^^^^^^^^^^^^^^^^^^^^^^^
  File "C:\Users\saiem\Documents\GitHub-Data\sdv-dev\cfbfastR-dev\cfbfastR-cfb-raw\.venv\Lib\site-packages\polars\_utils\deprecation.py", line 97, in wrapper
    return function(*args, **kwargs)
           ^^^^^^^^^^^^^^^^^^^^^^^^^
  File "C:\Users\saiem\Documents\GitHub-Data\sdv-dev\cfbfastR-dev\cfbfastR-cfb-raw\.venv\Lib\site-packages\polars\lazyframe\opt_flags.py", line 343, in wrapper
    return function(*args, **kwargs)
           ^^^^^^^^^^^^^^^^^^^^^^^^^
  File "C:\Users\saiem\Documents\GitHub-Data\sdv-dev\cfbfastR-dev\cfbfastR-cfb-raw\.venv\Lib\site-packages\polars\lazyframe\frame.py", line 2630, in collect
    return wrap_df(ldf.collect(engine, callback))
                   ^^^^^^^^^^^^^^^^^^^^^^^^^^^^^
polars.exceptions.ColumnNotFoundError: "statistics_href" not found
2026-06-13 20:22:46,466 ERROR extra fetch failed: _rosters(242480057,)
Traceback (most recent call last):
  File "C:\Users\saiem\Documents\GitHub-Data\sdv-dev\cfbfastR-dev\cfbfastR-cfb-raw\python\_cfb_raw_utils.py", line 93, in _safe
    return fn(*args, **kwargs)
           ^^^^^^^^^^^^^^^^^^^
  File "C:\Users\saiem\Documents\GitHub-Data\sdv-dev\cfbfastR-dev\cfbfastR-cfb-raw\python\scrape_cfb_json.py", line 31, in _rosters
    return sdv.cfb.espn_cfb_game_rosters(game_id=gid, return_as_pandas=True).to_dict("records")
           ^^^^^^^^^^^^^^^^^^^^^^^^^^^^^^^^^^^^^^^^^^^^^^^^^^^^^^^^^^^^^^^^^
  File "C:\Users\saiem\Documents\GitHub-Data\sdv-dev\cfbfastR-dev\cfbfastR-cfb-raw\.venv\Lib\site-packages\sportsdataverse\cfb\cfb_game_rosters.py", line 65, in espn_cfb_game_rosters
    items = helper_cfb_game_items(summary)
            ^^^^^^^^^^^^^^^^^^^^^^^^^^^^^^
  File "C:\Users\saiem\Documents\GitHub-Data\sdv-dev\cfbfastR-dev\cfbfastR-cfb-raw\.venv\Lib\site-packages\sportsdataverse\cfb\cfb_game_rosters.py", line 97, in helper_cfb_game_items
    items = items.rename({"id": "team_id", "uid": "team_uid", "statistics_href": "team_statistics_href"})
            ^^^^^^^^^^^^^^^^^^^^^^^^^^^^^^^^^^^^^^^^^^^^^^^^^^^^^^^^^^^^^^^^^^^^^^^^^^^^^^^^^^^^^^^^^^^^^
  File "C:\Users\saiem\Documents\GitHub-Data\sdv-dev\cfbfastR-dev\cfbfastR-cfb-raw\.venv\Lib\site-packages\polars\dataframe\frame.py", line 5275, in rename
    .collect(optimizations=QueryOptFlags._eager())
     ^^^^^^^^^^^^^^^^^^^^^^^^^^^^^^^^^^^^^^^^^^^^^
  File "C:\Users\saiem\Documents\GitHub-Data\sdv-dev\cfbfastR-dev\cfbfastR-cfb-raw\.venv\Lib\site-packages\polars\_utils\deprecation.py", line 97, in wrapper
    return function(*args, **kwargs)
           ^^^^^^^^^^^^^^^^^^^^^^^^^
  File "C:\Users\saiem\Documents\GitHub-Data\sdv-dev\cfbfastR-dev\cfbfastR-cfb-raw\.venv\Lib\site-packages\polars\lazyframe\opt_flags.py", line 343, in wrapper
    return function(*args, **kwargs)
           ^^^^^^^^^^^^^^^^^^^^^^^^^
  File "C:\Users\saiem\Documents\GitHub-Data\sdv-dev\cfbfastR-dev\cfbfastR-cfb-raw\.venv\Lib\site-packages\polars\lazyframe\frame.py", line 2630, in collect
    return wrap_df(ldf.collect(engine, callback))
                   ^^^^^^^^^^^^^^^^^^^^^^^^^^^^^
polars.exceptions.ColumnNotFoundError: "statistics_href" not found
2026-06-13 20:22:50,414 ERROR extra fetch failed: _rosters(242502390,)
Traceback (most recent call last):
  File "C:\Users\saiem\Documents\GitHub-Data\sdv-dev\cfbfastR-dev\cfbfastR-cfb-raw\python\_cfb_raw_utils.py", line 93, in _safe
    return fn(*args, **kwargs)
           ^^^^^^^^^^^^^^^^^^^
  File "C:\Users\saiem\Documents\GitHub-Data\sdv-dev\cfbfastR-dev\cfbfastR-cfb-raw\python\scrape_cfb_json.py", line 31, in _rosters
    return sdv.cfb.espn_cfb_game_rosters(game_id=gid, return_as_pandas=True).to_dict("records")
           ^^^^^^^^^^^^^^^^^^^^^^^^^^^^^^^^^^^^^^^^^^^^^^^^^^^^^^^^^^^^^^^^^
  File "C:\Users\saiem\Documents\GitHub-Data\sdv-dev\cfbfastR-dev\cfbfastR-cfb-raw\.venv\Lib\site-packages\sportsdataverse\cfb\cfb_game_rosters.py", line 65, in espn_cfb_game_rosters
    items = helper_cfb_game_items(summary)
            ^^^^^^^^^^^^^^^^^^^^^^^^^^^^^^
  File "C:\Users\saiem\Documents\GitHub-Data\sdv-dev\cfbfastR-dev\cfbfastR-cfb-raw\.venv\Lib\site-packages\sportsdataverse\cfb\cfb_game_rosters.py", line 97, in helper_cfb_game_items
    items = items.rename({"id": "team_id", "uid": "team_uid", "statistics_href": "team_statistics_href"})
            ^^^^^^^^^^^^^^^^^^^^^^^^^^^^^^^^^^^^^^^^^^^^^^^^^^^^^^^^^^^^^^^^^^^^^^^^^^^^^^^^^^^^^^^^^^^^^
  File "C:\Users\saiem\Documents\GitHub-Data\sdv-dev\cfbfastR-dev\cfbfastR-cfb-raw\.venv\Lib\site-packages\polars\dataframe\frame.py", line 5275, in rename
    .collect(optimizations=QueryOptFlags._eager())
     ^^^^^^^^^^^^^^^^^^^^^^^^^^^^^^^^^^^^^^^^^^^^^
  File "C:\Users\saiem\Documents\GitHub-Data\sdv-dev\cfbfastR-dev\cfbfastR-cfb-raw\.venv\Lib\site-packages\polars\_utils\deprecation.py", line 97, in wrapper
    return function(*args, **kwargs)
           ^^^^^^^^^^^^^^^^^^^^^^^^^
  File "C:\Users\saiem\Documents\GitHub-Data\sdv-dev\cfbfastR-dev\cfbfastR-cfb-raw\.venv\Lib\site-packages\polars\lazyframe\opt_flags.py", line 343, in wrapper
    return function(*args, **kwargs)
           ^^^^^^^^^^^^^^^^^^^^^^^^^
  File "C:\Users\saiem\Documents\GitHub-Data\sdv-dev\cfbfastR-dev\cfbfastR-cfb-raw\.venv\Lib\site-packages\polars\lazyframe\frame.py", line 2630, in collect
    return wrap_df(ldf.collect(engine, callback))
                   ^^^^^^^^^^^^^^^^^^^^^^^^^^^^^
polars.exceptions.ColumnNotFoundError: "statistics_href" not found
2026-06-13 20:22:51,896 ERROR extra fetch failed: _rosters(242500058,)
Traceback (most recent call last):
  File "C:\Users\saiem\Documents\GitHub-Data\sdv-dev\cfbfastR-dev\cfbfastR-cfb-raw\python\_cfb_raw_utils.py", line 93, in _safe
    return fn(*args, **kwargs)
           ^^^^^^^^^^^^^^^^^^^
  File "C:\Users\saiem\Documents\GitHub-Data\sdv-dev\cfbfastR-dev\cfbfastR-cfb-raw\python\scrape_cfb_json.py", line 31, in _rosters
    return sdv.cfb.espn_cfb_game_rosters(game_id=gid, return_as_pandas=True).to_dict("records")
           ^^^^^^^^^^^^^^^^^^^^^^^^^^^^^^^^^^^^^^^^^^^^^^^^^^^^^^^^^^^^^^^^^
  File "C:\Users\saiem\Documents\GitHub-Data\sdv-dev\cfbfastR-dev\cfbfastR-cfb-raw\.venv\Lib\site-packages\sportsdataverse\cfb\cfb_game_rosters.py", line 65, in espn_cfb_game_rosters
    items = helper_cfb_game_items(summary)
            ^^^^^^^^^^^^^^^^^^^^^^^^^^^^^^
  File "C:\Users\saiem\Documents\GitHub-Data\sdv-dev\cfbfastR-dev\cfbfastR-cfb-raw\.venv\Lib\site-packages\sportsdataverse\cfb\cfb_game_rosters.py", line 97, in helper_cfb_game_items
    items = items.rename({"id": "team_id", "uid": "team_uid", "statistics_href": "team_statistics_href"})
            ^^^^^^^^^^^^^^^^^^^^^^^^^^^^^^^^^^^^^^^^^^^^^^^^^^^^^^^^^^^^^^^^^^^^^^^^^^^^^^^^^^^^^^^^^^^^^
  File "C:\Users\saiem\Documents\GitHub-Data\sdv-dev\cfbfastR-dev\cfbfastR-cfb-raw\.venv\Lib\site-packages\polars\dataframe\frame.py", line 5275, in rename
    .collect(optimizations=QueryOptFlags._eager())
     ^^^^^^^^^^^^^^^^^^^^^^^^^^^^^^^^^^^^^^^^^^^^^
  File "C:\Users\saiem\Documents\GitHub-Data\sdv-dev\cfbfastR-dev\cfbfastR-cfb-raw\.venv\Lib\site-packages\polars\_utils\deprecation.py", line 97, in wrapper
    return function(*args, **kwargs)
           ^^^^^^^^^^^^^^^^^^^^^^^^^
  File "C:\Users\saiem\Documents\GitHub-Data\sdv-dev\cfbfastR-dev\cfbfastR-cfb-raw\.venv\Lib\site-packages\polars\lazyframe\opt_flags.py", line 343, in wrapper
    return function(*args, **kwargs)
           ^^^^^^^^^^^^^^^^^^^^^^^^^
  File "C:\Users\saiem\Documents\GitHub-Data\sdv-dev\cfbfastR-dev\cfbfastR-cfb-raw\.venv\Lib\site-packages\polars\lazyframe\frame.py", line 2630, in collect
    return wrap_df(ldf.collect(engine, callback))
                   ^^^^^^^^^^^^^^^^^^^^^^^^^^^^^
polars.exceptions.ColumnNotFoundError: "statistics_href" not found
2026-06-13 20:22:58,688 ERROR extra fetch failed: _rosters(242480055,)
Traceback (most recent call last):
  File "C:\Users\saiem\Documents\GitHub-Data\sdv-dev\cfbfastR-dev\cfbfastR-cfb-raw\python\_cfb_raw_utils.py", line 93, in _safe
    return fn(*args, **kwargs)
           ^^^^^^^^^^^^^^^^^^^
  File "C:\Users\saiem\Documents\GitHub-Data\sdv-dev\cfbfastR-dev\cfbfastR-cfb-raw\python\scrape_cfb_json.py", line 31, in _rosters
    return sdv.cfb.espn_cfb_game_rosters(game_id=gid, return_as_pandas=True).to_dict("records")
           ^^^^^^^^^^^^^^^^^^^^^^^^^^^^^^^^^^^^^^^^^^^^^^^^^^^^^^^^^^^^^^^^^
  File "C:\Users\saiem\Documents\GitHub-Data\sdv-dev\cfbfastR-dev\cfbfastR-cfb-raw\.venv\Lib\site-packages\sportsdataverse\cfb\cfb_game_rosters.py", line 66, in espn_cfb_game_rosters
    team_rosters = helper_cfb_roster_items(items=items, summary_url=summary_url, **kwargs)
                   ^^^^^^^^^^^^^^^^^^^^^^^^^^^^^^^^^^^^^^^^^^^^^^^^^^^^^^^^^^^^^^^^^^^^^^^
  File "C:\Users\saiem\Documents\GitHub-Data\sdv-dev\cfbfastR-dev\cfbfastR-cfb-raw\.venv\Lib\site-packages\sportsdataverse\cfb\cfb_game_rosters.py", line 200, in helper_cfb_roster_items
    team_roster_resp = download(team_roster_url, **kwargs)
                       ^^^^^^^^^^^^^^^^^^^^^^^^^^^^^^^^^^^
  File "C:\Users\saiem\Documents\GitHub-Data\sdv-dev\cfbfastR-dev\cfbfastR-cfb-raw\.venv\Lib\site-packages\sportsdataverse\dl_utils.py", line 171, in download
    raise last_exc
  File "C:\Users\saiem\Documents\GitHub-Data\sdv-dev\cfbfastR-dev\cfbfastR-cfb-raw\.venv\Lib\site-packages\sportsdataverse\dl_utils.py", line 121, in download
    response = no_espn_data(response)
               ^^^^^^^^^^^^^^^^^^^^^^
  File "C:\Users\saiem\Documents\GitHub-Data\sdv-dev\cfbfastR-dev\cfbfastR-cfb-raw\.venv\Lib\site-packages\sportsdataverse\errors.py", line 116, in no_espn_data
    raise NoESPNDataError(_format_404(response.url))
sportsdataverse.errors.NoESPNDataError: NoESPNDataError: No data found for https://sports.core.api.espn.com/v2/sports/football/leagues/college-football/events/242480055/competitions/242480055/competitors/2214/roster

  Suggestion: Try `find_event(date, league='cfb', home=..., away=...)` to look up a valid event_id.
  (from `sportsdataverse import find_team, find_athlete, find_event`)
2026-06-13 20:23:01,900 ERROR extra fetch failed: _rosters(242480256,)
Traceback (most recent call last):
  File "C:\Users\saiem\Documents\GitHub-Data\sdv-dev\cfbfastR-dev\cfbfastR-cfb-raw\python\_cfb_raw_utils.py", line 93, in _safe
    return fn(*args, **kwargs)
           ^^^^^^^^^^^^^^^^^^^
  File "C:\Users\saiem\Documents\GitHub-Data\sdv-dev\cfbfastR-dev\cfbfastR-cfb-raw\python\scrape_cfb_json.py", line 31, in _rosters
    return sdv.cfb.espn_cfb_game_rosters(game_id=gid, return_as_pandas=True).to_dict("records")
           ^^^^^^^^^^^^^^^^^^^^^^^^^^^^^^^^^^^^^^^^^^^^^^^^^^^^^^^^^^^^^^^^^
  File "C:\Users\saiem\Documents\GitHub-Data\sdv-dev\cfbfastR-dev\cfbfastR-cfb-raw\.venv\Lib\site-packages\sportsdataverse\cfb\cfb_game_rosters.py", line 66, in espn_cfb_game_rosters
    team_rosters = helper_cfb_roster_items(items=items, summary_url=summary_url, **kwargs)
                   ^^^^^^^^^^^^^^^^^^^^^^^^^^^^^^^^^^^^^^^^^^^^^^^^^^^^^^^^^^^^^^^^^^^^^^^
  File "C:\Users\saiem\Documents\GitHub-Data\sdv-dev\cfbfastR-dev\cfbfastR-cfb-raw\.venv\Lib\site-packages\sportsdataverse\cfb\cfb_game_rosters.py", line 200, in helper_cfb_roster_items
    team_roster_resp = download(team_roster_url, **kwargs)
                       ^^^^^^^^^^^^^^^^^^^^^^^^^^^^^^^^^^^
  File "C:\Users\saiem\Documents\GitHub-Data\sdv-dev\cfbfastR-dev\cfbfastR-cfb-raw\.venv\Lib\site-packages\sportsdataverse\dl_utils.py", line 171, in download
    raise last_exc
  File "C:\Users\saiem\Documents\GitHub-Data\sdv-dev\cfbfastR-dev\cfbfastR-cfb-raw\.venv\Lib\site-packages\sportsdataverse\dl_utils.py", line 121, in download
    response = no_espn_data(response)
               ^^^^^^^^^^^^^^^^^^^^^^
  File "C:\Users\saiem\Documents\GitHub-Data\sdv-dev\cfbfastR-dev\cfbfastR-cfb-raw\.venv\Lib\site-packages\sportsdataverse\errors.py", line 116, in no_espn_data
    raise NoESPNDataError(_format_404(response.url))
sportsdataverse.errors.NoESPNDataError: NoESPNDataError: No data found for https://sports.core.api.espn.com/v2/sports/football/leagues/college-football/events/242480256/competitions/242480256/competitors/209/roster

  Suggestion: Try `find_event(date, league='cfb', home=..., away=...)` to look up a valid event_id.
  (from `sportsdataverse import find_team, find_athlete, find_event`)
2026-06-13 20:23:09,091 ERROR extra fetch failed: _rosters(242480326,)
Traceback (most recent call last):
  File "C:\Users\saiem\Documents\GitHub-Data\sdv-dev\cfbfastR-dev\cfbfastR-cfb-raw\python\_cfb_raw_utils.py", line 93, in _safe
    return fn(*args, **kwargs)
           ^^^^^^^^^^^^^^^^^^^
  File "C:\Users\saiem\Documents\GitHub-Data\sdv-dev\cfbfastR-dev\cfbfastR-cfb-raw\python\scrape_cfb_json.py", line 31, in _rosters
    return sdv.cfb.espn_cfb_game_rosters(game_id=gid, return_as_pandas=True).to_dict("records")
           ^^^^^^^^^^^^^^^^^^^^^^^^^^^^^^^^^^^^^^^^^^^^^^^^^^^^^^^^^^^^^^^^^
  File "C:\Users\saiem\Documents\GitHub-Data\sdv-dev\cfbfastR-dev\cfbfastR-cfb-raw\.venv\Lib\site-packages\sportsdataverse\cfb\cfb_game_rosters.py", line 66, in espn_cfb_game_rosters
    team_rosters = helper_cfb_roster_items(items=items, summary_url=summary_url, **kwargs)
                   ^^^^^^^^^^^^^^^^^^^^^^^^^^^^^^^^^^^^^^^^^^^^^^^^^^^^^^^^^^^^^^^^^^^^^^^
  File "C:\Users\saiem\Documents\GitHub-Data\sdv-dev\cfbfastR-dev\cfbfastR-cfb-raw\.venv\Lib\site-packages\sportsdataverse\cfb\cfb_game_rosters.py", line 200, in helper_cfb_roster_items
    team_roster_resp = download(team_roster_url, **kwargs)
                       ^^^^^^^^^^^^^^^^^^^^^^^^^^^^^^^^^^^
  File "C:\Users\saiem\Documents\GitHub-Data\sdv-dev\cfbfastR-dev\cfbfastR-cfb-raw\.venv\Lib\site-packages\sportsdataverse\dl_utils.py", line 171, in download
    raise last_exc
  File "C:\Users\saiem\Documents\GitHub-Data\sdv-dev\cfbfastR-dev\cfbfastR-cfb-raw\.venv\Lib\site-packages\sportsdataverse\dl_utils.py", line 121, in download
    response = no_espn_data(response)
               ^^^^^^^^^^^^^^^^^^^^^^
  File "C:\Users\saiem\Documents\GitHub-Data\sdv-dev\cfbfastR-dev\cfbfastR-cfb-raw\.venv\Lib\site-packages\sportsdataverse\errors.py", line 116, in no_espn_data
    raise NoESPNDataError(_format_404(response.url))
sportsdataverse.errors.NoESPNDataError: NoESPNDataError: No data found for https://sports.core.api.espn.com/v2/sports/football/leagues/college-football/events/242480326/competitions/242480326/competitors/2025/roster

  Suggestion: Try `find_event(date, league='cfb', home=..., away=...)` to look up a valid event_id.
  (from `sportsdataverse import find_team, find_athlete, find_event`)
2026-06-13 20:23:10,423 ERROR extra fetch failed: _rosters(242482335,)
Traceback (most recent call last):
  File "C:\Users\saiem\Documents\GitHub-Data\sdv-dev\cfbfastR-dev\cfbfastR-cfb-raw\python\_cfb_raw_utils.py", line 93, in _safe
    return fn(*args, **kwargs)
           ^^^^^^^^^^^^^^^^^^^
  File "C:\Users\saiem\Documents\GitHub-Data\sdv-dev\cfbfastR-dev\cfbfastR-cfb-raw\python\scrape_cfb_json.py", line 31, in _rosters
    return sdv.cfb.espn_cfb_game_rosters(game_id=gid, return_as_pandas=True).to_dict("records")
           ^^^^^^^^^^^^^^^^^^^^^^^^^^^^^^^^^^^^^^^^^^^^^^^^^^^^^^^^^^^^^^^^^
  File "C:\Users\saiem\Documents\GitHub-Data\sdv-dev\cfbfastR-dev\cfbfastR-cfb-raw\.venv\Lib\site-packages\sportsdataverse\cfb\cfb_game_rosters.py", line 66, in espn_cfb_game_rosters
    team_rosters = helper_cfb_roster_items(items=items, summary_url=summary_url, **kwargs)
                   ^^^^^^^^^^^^^^^^^^^^^^^^^^^^^^^^^^^^^^^^^^^^^^^^^^^^^^^^^^^^^^^^^^^^^^^
  File "C:\Users\saiem\Documents\GitHub-Data\sdv-dev\cfbfastR-dev\cfbfastR-cfb-raw\.venv\Lib\site-packages\sportsdataverse\cfb\cfb_game_rosters.py", line 200, in helper_cfb_roster_items
    team_roster_resp = download(team_roster_url, **kwargs)
                       ^^^^^^^^^^^^^^^^^^^^^^^^^^^^^^^^^^^
  File "C:\Users\saiem\Documents\GitHub-Data\sdv-dev\cfbfastR-dev\cfbfastR-cfb-raw\.venv\Lib\site-packages\sportsdataverse\dl_utils.py", line 171, in download
    raise last_exc
  File "C:\Users\saiem\Documents\GitHub-Data\sdv-dev\cfbfastR-dev\cfbfastR-cfb-raw\.venv\Lib\site-packages\sportsdataverse\dl_utils.py", line 121, in download
    response = no_espn_data(response)
               ^^^^^^^^^^^^^^^^^^^^^^
  File "C:\Users\saiem\Documents\GitHub-Data\sdv-dev\cfbfastR-dev\cfbfastR-cfb-raw\.venv\Lib\site-packages\sportsdataverse\errors.py", line 116, in no_espn_data
    raise NoESPNDataError(_format_404(response.url))
sportsdataverse.errors.NoESPNDataError: NoESPNDataError: No data found for https://sports.core.api.espn.com/v2/sports/football/leagues/college-football/events/242482335/competitions/242482335/competitors/2706/roster

  Suggestion: Try `find_event(date, league='cfb', home=..., away=...)` to look up a valid event_id.
  (from `sportsdataverse import find_team, find_athlete, find_event`)
2026-06-13 20:23:11,112 ERROR extra fetch failed: _rosters(242482534,)
Traceback (most recent call last):
  File "C:\Users\saiem\Documents\GitHub-Data\sdv-dev\cfbfastR-dev\cfbfastR-cfb-raw\python\_cfb_raw_utils.py", line 93, in _safe
    return fn(*args, **kwargs)
           ^^^^^^^^^^^^^^^^^^^
  File "C:\Users\saiem\Documents\GitHub-Data\sdv-dev\cfbfastR-dev\cfbfastR-cfb-raw\python\scrape_cfb_json.py", line 31, in _rosters
    return sdv.cfb.espn_cfb_game_rosters(game_id=gid, return_as_pandas=True).to_dict("records")
           ^^^^^^^^^^^^^^^^^^^^^^^^^^^^^^^^^^^^^^^^^^^^^^^^^^^^^^^^^^^^^^^^^
  File "C:\Users\saiem\Documents\GitHub-Data\sdv-dev\cfbfastR-dev\cfbfastR-cfb-raw\.venv\Lib\site-packages\sportsdataverse\cfb\cfb_game_rosters.py", line 66, in espn_cfb_game_rosters
    team_rosters = helper_cfb_roster_items(items=items, summary_url=summary_url, **kwargs)
                   ^^^^^^^^^^^^^^^^^^^^^^^^^^^^^^^^^^^^^^^^^^^^^^^^^^^^^^^^^^^^^^^^^^^^^^^
  File "C:\Users\saiem\Documents\GitHub-Data\sdv-dev\cfbfastR-dev\cfbfastR-cfb-raw\.venv\Lib\site-packages\sportsdataverse\cfb\cfb_game_rosters.py", line 200, in helper_cfb_roster_items
    team_roster_resp = download(team_roster_url, **kwargs)
                       ^^^^^^^^^^^^^^^^^^^^^^^^^^^^^^^^^^^
  File "C:\Users\saiem\Documents\GitHub-Data\sdv-dev\cfbfastR-dev\cfbfastR-cfb-raw\.venv\Lib\site-packages\sportsdataverse\dl_utils.py", line 171, in download
    raise last_exc
  File "C:\Users\saiem\Documents\GitHub-Data\sdv-dev\cfbfastR-dev\cfbfastR-cfb-raw\.venv\Lib\site-packages\sportsdataverse\dl_utils.py", line 121, in download
    response = no_espn_data(response)
               ^^^^^^^^^^^^^^^^^^^^^^
  File "C:\Users\saiem\Documents\GitHub-Data\sdv-dev\cfbfastR-dev\cfbfastR-cfb-raw\.venv\Lib\site-packages\sportsdataverse\errors.py", line 116, in no_espn_data
    raise NoESPNDataError(_format_404(response.url))
sportsdataverse.errors.NoESPNDataError: NoESPNDataError: No data found for https://sports.core.api.espn.com/v2/sports/football/leagues/college-football/events/242482534/competitions/242482534/competitors/2888/roster

  Suggestion: Try `find_event(date, league='cfb', home=..., away=...)` to look up a valid event_id.
  (from `sportsdataverse import find_team, find_athlete, find_event`)
2026-06-13 20:23:14,327 ERROR extra fetch failed: _rosters(242552426,)
Traceback (most recent call last):
  File "C:\Users\saiem\Documents\GitHub-Data\sdv-dev\cfbfastR-dev\cfbfastR-cfb-raw\python\_cfb_raw_utils.py", line 93, in _safe
    return fn(*args, **kwargs)
           ^^^^^^^^^^^^^^^^^^^
  File "C:\Users\saiem\Documents\GitHub-Data\sdv-dev\cfbfastR-dev\cfbfastR-cfb-raw\python\scrape_cfb_json.py", line 31, in _rosters
    return sdv.cfb.espn_cfb_game_rosters(game_id=gid, return_as_pandas=True).to_dict("records")
           ^^^^^^^^^^^^^^^^^^^^^^^^^^^^^^^^^^^^^^^^^^^^^^^^^^^^^^^^^^^^^^^^^
  File "C:\Users\saiem\Documents\GitHub-Data\sdv-dev\cfbfastR-dev\cfbfastR-cfb-raw\.venv\Lib\site-packages\sportsdataverse\cfb\cfb_game_rosters.py", line 68, in espn_cfb_game_rosters
    teams_df = helper_cfb_team_items(items=items, **kwargs)
               ^^^^^^^^^^^^^^^^^^^^^^^^^^^^^^^^^^^^^^^^^^^^
  File "C:\Users\saiem\Documents\GitHub-Data\sdv-dev\cfbfastR-dev\cfbfastR-cfb-raw\.venv\Lib\site-packages\sportsdataverse\cfb\cfb_game_rosters.py", line 146, in helper_cfb_team_items
    teams_df = pl.concat([teams_df, team_row], how="vertical")
               ^^^^^^^^^^^^^^^^^^^^^^^^^^^^^^^^^^^^^^^^^^^^^^^
  File "C:\Users\saiem\Documents\GitHub-Data\sdv-dev\cfbfastR-dev\cfbfastR-cfb-raw\.venv\Lib\site-packages\polars\functions\eager.py", line 246, in concat
    out = wrap_df(plr.concat_df(elems))
                  ^^^^^^^^^^^^^^^^^^^^
polars.exceptions.ShapeError: unable to append to a DataFrame of width 16 with a DataFrame of width 14
2026-06-13 20:23:20,706 ERROR extra fetch failed: _rosters(242550048,)
Traceback (most recent call last):
  File "C:\Users\saiem\Documents\GitHub-Data\sdv-dev\cfbfastR-dev\cfbfastR-cfb-raw\python\_cfb_raw_utils.py", line 93, in _safe
    return fn(*args, **kwargs)
           ^^^^^^^^^^^^^^^^^^^
  File "C:\Users\saiem\Documents\GitHub-Data\sdv-dev\cfbfastR-dev\cfbfastR-cfb-raw\python\scrape_cfb_json.py", line 31, in _rosters
    return sdv.cfb.espn_cfb_game_rosters(game_id=gid, return_as_pandas=True).to_dict("records")
           ^^^^^^^^^^^^^^^^^^^^^^^^^^^^^^^^^^^^^^^^^^^^^^^^^^^^^^^^^^^^^^^^^
  File "C:\Users\saiem\Documents\GitHub-Data\sdv-dev\cfbfastR-dev\cfbfastR-cfb-raw\.venv\Lib\site-packages\sportsdataverse\cfb\cfb_game_rosters.py", line 68, in espn_cfb_game_rosters
    teams_df = helper_cfb_team_items(items=items, **kwargs)
               ^^^^^^^^^^^^^^^^^^^^^^^^^^^^^^^^^^^^^^^^^^^^
  File "C:\Users\saiem\Documents\GitHub-Data\sdv-dev\cfbfastR-dev\cfbfastR-cfb-raw\.venv\Lib\site-packages\sportsdataverse\cfb\cfb_game_rosters.py", line 146, in helper_cfb_team_items
    teams_df = pl.concat([teams_df, team_row], how="vertical")
               ^^^^^^^^^^^^^^^^^^^^^^^^^^^^^^^^^^^^^^^^^^^^^^^
  File "C:\Users\saiem\Documents\GitHub-Data\sdv-dev\cfbfastR-dev\cfbfastR-cfb-raw\.venv\Lib\site-packages\polars\functions\eager.py", line 246, in concat
    out = wrap_df(plr.concat_df(elems))
                  ^^^^^^^^^^^^^^^^^^^^
polars.exceptions.ShapeError: unable to append to a DataFrame of width 16 with a DataFrame of width 15
2026-06-13 20:23:27,100 ERROR extra fetch failed: _rosters(242550098,)
Traceback (most recent call last):
  File "C:\Users\saiem\Documents\GitHub-Data\sdv-dev\cfbfastR-dev\cfbfastR-cfb-raw\python\_cfb_raw_utils.py", line 93, in _safe
    return fn(*args, **kwargs)
           ^^^^^^^^^^^^^^^^^^^
  File "C:\Users\saiem\Documents\GitHub-Data\sdv-dev\cfbfastR-dev\cfbfastR-cfb-raw\python\scrape_cfb_json.py", line 31, in _rosters
    return sdv.cfb.espn_cfb_game_rosters(game_id=gid, return_as_pandas=True).to_dict("records")
           ^^^^^^^^^^^^^^^^^^^^^^^^^^^^^^^^^^^^^^^^^^^^^^^^^^^^^^^^^^^^^^^^^
  File "C:\Users\saiem\Documents\GitHub-Data\sdv-dev\cfbfastR-dev\cfbfastR-cfb-raw\.venv\Lib\site-packages\sportsdataverse\cfb\cfb_game_rosters.py", line 65, in espn_cfb_game_rosters
    items = helper_cfb_game_items(summary)
            ^^^^^^^^^^^^^^^^^^^^^^^^^^^^^^
  File "C:\Users\saiem\Documents\GitHub-Data\sdv-dev\cfbfastR-dev\cfbfastR-cfb-raw\.venv\Lib\site-packages\sportsdataverse\cfb\cfb_game_rosters.py", line 97, in helper_cfb_game_items
    items = items.rename({"id": "team_id", "uid": "team_uid", "statistics_href": "team_statistics_href"})
            ^^^^^^^^^^^^^^^^^^^^^^^^^^^^^^^^^^^^^^^^^^^^^^^^^^^^^^^^^^^^^^^^^^^^^^^^^^^^^^^^^^^^^^^^^^^^^
  File "C:\Users\saiem\Documents\GitHub-Data\sdv-dev\cfbfastR-dev\cfbfastR-cfb-raw\.venv\Lib\site-packages\polars\dataframe\frame.py", line 5275, in rename
    .collect(optimizations=QueryOptFlags._eager())
     ^^^^^^^^^^^^^^^^^^^^^^^^^^^^^^^^^^^^^^^^^^^^^
  File "C:\Users\saiem\Documents\GitHub-Data\sdv-dev\cfbfastR-dev\cfbfastR-cfb-raw\.venv\Lib\site-packages\polars\_utils\deprecation.py", line 97, in wrapper
    return function(*args, **kwargs)
           ^^^^^^^^^^^^^^^^^^^^^^^^^
  File "C:\Users\saiem\Documents\GitHub-Data\sdv-dev\cfbfastR-dev\cfbfastR-cfb-raw\.venv\Lib\site-packages\polars\lazyframe\opt_flags.py", line 343, in wrapper
    return function(*args, **kwargs)
           ^^^^^^^^^^^^^^^^^^^^^^^^^
  File "C:\Users\saiem\Documents\GitHub-Data\sdv-dev\cfbfastR-dev\cfbfastR-cfb-raw\.venv\Lib\site-packages\polars\lazyframe\frame.py", line 2630, in collect
    return wrap_df(ldf.collect(engine, callback))
                   ^^^^^^^^^^^^^^^^^^^^^^^^^^^^^
polars.exceptions.ColumnNotFoundError: "statistics_href" not found
2026-06-13 20:23:31,125 ERROR extra fetch failed: _rosters(242602572,)
Traceback (most recent call last):
  File "C:\Users\saiem\Documents\GitHub-Data\sdv-dev\cfbfastR-dev\cfbfastR-cfb-raw\python\_cfb_raw_utils.py", line 93, in _safe
    return fn(*args, **kwargs)
           ^^^^^^^^^^^^^^^^^^^
  File "C:\Users\saiem\Documents\GitHub-Data\sdv-dev\cfbfastR-dev\cfbfastR-cfb-raw\python\scrape_cfb_json.py", line 31, in _rosters
    return sdv.cfb.espn_cfb_game_rosters(game_id=gid, return_as_pandas=True).to_dict("records")
           ^^^^^^^^^^^^^^^^^^^^^^^^^^^^^^^^^^^^^^^^^^^^^^^^^^^^^^^^^^^^^^^^^
  File "C:\Users\saiem\Documents\GitHub-Data\sdv-dev\cfbfastR-dev\cfbfastR-cfb-raw\.venv\Lib\site-packages\sportsdataverse\cfb\cfb_game_rosters.py", line 65, in espn_cfb_game_rosters
    items = helper_cfb_game_items(summary)
            ^^^^^^^^^^^^^^^^^^^^^^^^^^^^^^
  File "C:\Users\saiem\Documents\GitHub-Data\sdv-dev\cfbfastR-dev\cfbfastR-cfb-raw\.venv\Lib\site-packages\sportsdataverse\cfb\cfb_game_rosters.py", line 97, in helper_cfb_game_items
    items = items.rename({"id": "team_id", "uid": "team_uid", "statistics_href": "team_statistics_href"})
            ^^^^^^^^^^^^^^^^^^^^^^^^^^^^^^^^^^^^^^^^^^^^^^^^^^^^^^^^^^^^^^^^^^^^^^^^^^^^^^^^^^^^^^^^^^^^^
  File "C:\Users\saiem\Documents\GitHub-Data\sdv-dev\cfbfastR-dev\cfbfastR-cfb-raw\.venv\Lib\site-packages\polars\dataframe\frame.py", line 5275, in rename
    .collect(optimizations=QueryOptFlags._eager())
     ^^^^^^^^^^^^^^^^^^^^^^^^^^^^^^^^^^^^^^^^^^^^^
  File "C:\Users\saiem\Documents\GitHub-Data\sdv-dev\cfbfastR-dev\cfbfastR-cfb-raw\.venv\Lib\site-packages\polars\_utils\deprecation.py", line 97, in wrapper
    return function(*args, **kwargs)
           ^^^^^^^^^^^^^^^^^^^^^^^^^
  File "C:\Users\saiem\Documents\GitHub-Data\sdv-dev\cfbfastR-dev\cfbfastR-cfb-raw\.venv\Lib\site-packages\polars\lazyframe\opt_flags.py", line 343, in wrapper
    return function(*args, **kwargs)
           ^^^^^^^^^^^^^^^^^^^^^^^^^
  File "C:\Users\saiem\Documents\GitHub-Data\sdv-dev\cfbfastR-dev\cfbfastR-cfb-raw\.venv\Lib\site-packages\polars\lazyframe\frame.py", line 2630, in collect
    return wrap_df(ldf.collect(engine, callback))
                   ^^^^^^^^^^^^^^^^^^^^^^^^^^^^^
polars.exceptions.ColumnNotFoundError: "statistics_href" not found
2026-06-13 20:23:47,540 ERROR extra fetch failed: _rosters(242552754,)
Traceback (most recent call last):
  File "C:\Users\saiem\Documents\GitHub-Data\sdv-dev\cfbfastR-dev\cfbfastR-cfb-raw\python\_cfb_raw_utils.py", line 93, in _safe
    return fn(*args, **kwargs)
           ^^^^^^^^^^^^^^^^^^^
  File "C:\Users\saiem\Documents\GitHub-Data\sdv-dev\cfbfastR-dev\cfbfastR-cfb-raw\python\scrape_cfb_json.py", line 31, in _rosters
    return sdv.cfb.espn_cfb_game_rosters(game_id=gid, return_as_pandas=True).to_dict("records")
           ^^^^^^^^^^^^^^^^^^^^^^^^^^^^^^^^^^^^^^^^^^^^^^^^^^^^^^^^^^^^^^^^^
  File "C:\Users\saiem\Documents\GitHub-Data\sdv-dev\cfbfastR-dev\cfbfastR-cfb-raw\.venv\Lib\site-packages\sportsdataverse\cfb\cfb_game_rosters.py", line 66, in espn_cfb_game_rosters
    team_rosters = helper_cfb_roster_items(items=items, summary_url=summary_url, **kwargs)
                   ^^^^^^^^^^^^^^^^^^^^^^^^^^^^^^^^^^^^^^^^^^^^^^^^^^^^^^^^^^^^^^^^^^^^^^^
  File "C:\Users\saiem\Documents\GitHub-Data\sdv-dev\cfbfastR-dev\cfbfastR-cfb-raw\.venv\Lib\site-packages\sportsdataverse\cfb\cfb_game_rosters.py", line 200, in helper_cfb_roster_items
    team_roster_resp = download(team_roster_url, **kwargs)
                       ^^^^^^^^^^^^^^^^^^^^^^^^^^^^^^^^^^^
  File "C:\Users\saiem\Documents\GitHub-Data\sdv-dev\cfbfastR-dev\cfbfastR-cfb-raw\.venv\Lib\site-packages\sportsdataverse\dl_utils.py", line 171, in download
    raise last_exc
  File "C:\Users\saiem\Documents\GitHub-Data\sdv-dev\cfbfastR-dev\cfbfastR-cfb-raw\.venv\Lib\site-packages\sportsdataverse\dl_utils.py", line 121, in download
    response = no_espn_data(response)
               ^^^^^^^^^^^^^^^^^^^^^^
  File "C:\Users\saiem\Documents\GitHub-Data\sdv-dev\cfbfastR-dev\cfbfastR-cfb-raw\.venv\Lib\site-packages\sportsdataverse\errors.py", line 116, in no_espn_data
    raise NoESPNDataError(_format_404(response.url))
sportsdataverse.errors.NoESPNDataError: NoESPNDataError: No data found for https://sports.core.api.espn.com/v2/sports/football/leagues/college-football/events/242552754/competitions/242552754/competitors/2229/roster

  Suggestion: Try `find_event(date, league='cfb', home=..., away=...)` to look up a valid event_id.
  (from `sportsdataverse import find_team, find_athlete, find_event`)
2026-06-13 20:23:50,012 ERROR extra fetch failed: _rosters(242550290,)
Traceback (most recent call last):
  File "C:\Users\saiem\Documents\GitHub-Data\sdv-dev\cfbfastR-dev\cfbfastR-cfb-raw\python\_cfb_raw_utils.py", line 93, in _safe
    return fn(*args, **kwargs)
           ^^^^^^^^^^^^^^^^^^^
  File "C:\Users\saiem\Documents\GitHub-Data\sdv-dev\cfbfastR-dev\cfbfastR-cfb-raw\python\scrape_cfb_json.py", line 31, in _rosters
    return sdv.cfb.espn_cfb_game_rosters(game_id=gid, return_as_pandas=True).to_dict("records")
           ^^^^^^^^^^^^^^^^^^^^^^^^^^^^^^^^^^^^^^^^^^^^^^^^^^^^^^^^^^^^^^^^^
  File "C:\Users\saiem\Documents\GitHub-Data\sdv-dev\cfbfastR-dev\cfbfastR-cfb-raw\.venv\Lib\site-packages\sportsdataverse\cfb\cfb_game_rosters.py", line 66, in espn_cfb_game_rosters
    team_rosters = helper_cfb_roster_items(items=items, summary_url=summary_url, **kwargs)
                   ^^^^^^^^^^^^^^^^^^^^^^^^^^^^^^^^^^^^^^^^^^^^^^^^^^^^^^^^^^^^^^^^^^^^^^^
  File "C:\Users\saiem\Documents\GitHub-Data\sdv-dev\cfbfastR-dev\cfbfastR-cfb-raw\.venv\Lib\site-packages\sportsdataverse\cfb\cfb_game_rosters.py", line 200, in helper_cfb_roster_items
    team_roster_resp = download(team_roster_url, **kwargs)
                       ^^^^^^^^^^^^^^^^^^^^^^^^^^^^^^^^^^^
  File "C:\Users\saiem\Documents\GitHub-Data\sdv-dev\cfbfastR-dev\cfbfastR-cfb-raw\.venv\Lib\site-packages\sportsdataverse\dl_utils.py", line 171, in download
    raise last_exc
  File "C:\Users\saiem\Documents\GitHub-Data\sdv-dev\cfbfastR-dev\cfbfastR-cfb-raw\.venv\Lib\site-packages\sportsdataverse\dl_utils.py", line 121, in download
    response = no_espn_data(response)
               ^^^^^^^^^^^^^^^^^^^^^^
  File "C:\Users\saiem\Documents\GitHub-Data\sdv-dev\cfbfastR-dev\cfbfastR-cfb-raw\.venv\Lib\site-packages\sportsdataverse\errors.py", line 116, in no_espn_data
    raise NoESPNDataError(_format_404(response.url))
sportsdataverse.errors.NoESPNDataError: NoESPNDataError: No data found for https://sports.core.api.espn.com/v2/sports/football/leagues/college-football/events/242550290/competitions/242550290/competitors/2304/roster

  Suggestion: Try `find_event(date, league='cfb', home=..., away=...)` to look up a valid event_id.
  (from `sportsdataverse import find_team, find_athlete, find_event`)
2026-06-13 20:23:55,985 ERROR extra fetch failed: _rosters(242552449,)
Traceback (most recent call last):
  File "C:\Users\saiem\Documents\GitHub-Data\sdv-dev\cfbfastR-dev\cfbfastR-cfb-raw\python\_cfb_raw_utils.py", line 93, in _safe
    return fn(*args, **kwargs)
           ^^^^^^^^^^^^^^^^^^^
  File "C:\Users\saiem\Documents\GitHub-Data\sdv-dev\cfbfastR-dev\cfbfastR-cfb-raw\python\scrape_cfb_json.py", line 31, in _rosters
    return sdv.cfb.espn_cfb_game_rosters(game_id=gid, return_as_pandas=True).to_dict("records")
           ^^^^^^^^^^^^^^^^^^^^^^^^^^^^^^^^^^^^^^^^^^^^^^^^^^^^^^^^^^^^^^^^^
  File "C:\Users\saiem\Documents\GitHub-Data\sdv-dev\cfbfastR-dev\cfbfastR-cfb-raw\.venv\Lib\site-packages\sportsdataverse\cfb\cfb_game_rosters.py", line 66, in espn_cfb_game_rosters
    team_rosters = helper_cfb_roster_items(items=items, summary_url=summary_url, **kwargs)
                   ^^^^^^^^^^^^^^^^^^^^^^^^^^^^^^^^^^^^^^^^^^^^^^^^^^^^^^^^^^^^^^^^^^^^^^^
  File "C:\Users\saiem\Documents\GitHub-Data\sdv-dev\cfbfastR-dev\cfbfastR-cfb-raw\.venv\Lib\site-packages\sportsdataverse\cfb\cfb_game_rosters.py", line 200, in helper_cfb_roster_items
    team_roster_resp = download(team_roster_url, **kwargs)
                       ^^^^^^^^^^^^^^^^^^^^^^^^^^^^^^^^^^^
  File "C:\Users\saiem\Documents\GitHub-Data\sdv-dev\cfbfastR-dev\cfbfastR-cfb-raw\.venv\Lib\site-packages\sportsdataverse\dl_utils.py", line 171, in download
    raise last_exc
  File "C:\Users\saiem\Documents\GitHub-Data\sdv-dev\cfbfastR-dev\cfbfastR-cfb-raw\.venv\Lib\site-packages\sportsdataverse\dl_utils.py", line 121, in download
    response = no_espn_data(response)
               ^^^^^^^^^^^^^^^^^^^^^^
  File "C:\Users\saiem\Documents\GitHub-Data\sdv-dev\cfbfastR-dev\cfbfastR-cfb-raw\.venv\Lib\site-packages\sportsdataverse\errors.py", line 116, in no_espn_data
    raise NoESPNDataError(_format_404(response.url))
sportsdataverse.errors.NoESPNDataError: NoESPNDataError: No data found for https://sports.core.api.espn.com/v2/sports/football/leagues/college-football/events/242552449/competitions/242552449/competitors/148/roster

  Suggestion: Try `find_event(date, league='cfb', home=..., away=...)` to look up a valid event_id.
  (from `sportsdataverse import find_team, find_athlete, find_event`)
2026-06-13 20:24:03,080 ERROR extra fetch failed: _rosters(242622449,)
Traceback (most recent call last):
  File "C:\Users\saiem\Documents\GitHub-Data\sdv-dev\cfbfastR-dev\cfbfastR-cfb-raw\python\_cfb_raw_utils.py", line 93, in _safe
    return fn(*args, **kwargs)
           ^^^^^^^^^^^^^^^^^^^
  File "C:\Users\saiem\Documents\GitHub-Data\sdv-dev\cfbfastR-dev\cfbfastR-cfb-raw\python\scrape_cfb_json.py", line 31, in _rosters
    return sdv.cfb.espn_cfb_game_rosters(game_id=gid, return_as_pandas=True).to_dict("records")
           ^^^^^^^^^^^^^^^^^^^^^^^^^^^^^^^^^^^^^^^^^^^^^^^^^^^^^^^^^^^^^^^^^
  File "C:\Users\saiem\Documents\GitHub-Data\sdv-dev\cfbfastR-dev\cfbfastR-cfb-raw\.venv\Lib\site-packages\sportsdataverse\cfb\cfb_game_rosters.py", line 65, in espn_cfb_game_rosters
    items = helper_cfb_game_items(summary)
            ^^^^^^^^^^^^^^^^^^^^^^^^^^^^^^
  File "C:\Users\saiem\Documents\GitHub-Data\sdv-dev\cfbfastR-dev\cfbfastR-cfb-raw\.venv\Lib\site-packages\sportsdataverse\cfb\cfb_game_rosters.py", line 97, in helper_cfb_game_items
    items = items.rename({"id": "team_id", "uid": "team_uid", "statistics_href": "team_statistics_href"})
            ^^^^^^^^^^^^^^^^^^^^^^^^^^^^^^^^^^^^^^^^^^^^^^^^^^^^^^^^^^^^^^^^^^^^^^^^^^^^^^^^^^^^^^^^^^^^^
  File "C:\Users\saiem\Documents\GitHub-Data\sdv-dev\cfbfastR-dev\cfbfastR-cfb-raw\.venv\Lib\site-packages\polars\dataframe\frame.py", line 5275, in rename
    .collect(optimizations=QueryOptFlags._eager())
     ^^^^^^^^^^^^^^^^^^^^^^^^^^^^^^^^^^^^^^^^^^^^^
  File "C:\Users\saiem\Documents\GitHub-Data\sdv-dev\cfbfastR-dev\cfbfastR-cfb-raw\.venv\Lib\site-packages\polars\_utils\deprecation.py", line 97, in wrapper
    return function(*args, **kwargs)
           ^^^^^^^^^^^^^^^^^^^^^^^^^
  File "C:\Users\saiem\Documents\GitHub-Data\sdv-dev\cfbfastR-dev\cfbfastR-cfb-raw\.venv\Lib\site-packages\polars\lazyframe\opt_flags.py", line 343, in wrapper
    return function(*args, **kwargs)
           ^^^^^^^^^^^^^^^^^^^^^^^^^
  File "C:\Users\saiem\Documents\GitHub-Data\sdv-dev\cfbfastR-dev\cfbfastR-cfb-raw\.venv\Lib\site-packages\polars\lazyframe\frame.py", line 2630, in collect
    return wrap_df(ldf.collect(engine, callback))
                   ^^^^^^^^^^^^^^^^^^^^^^^^^^^^^
polars.exceptions.ColumnNotFoundError: "statistics_href" not found
2026-06-13 20:24:04,996 ERROR extra fetch failed: _rosters(242620344,)
Traceback (most recent call last):
  File "C:\Users\saiem\Documents\GitHub-Data\sdv-dev\cfbfastR-dev\cfbfastR-cfb-raw\python\_cfb_raw_utils.py", line 93, in _safe
    return fn(*args, **kwargs)
           ^^^^^^^^^^^^^^^^^^^
  File "C:\Users\saiem\Documents\GitHub-Data\sdv-dev\cfbfastR-dev\cfbfastR-cfb-raw\python\scrape_cfb_json.py", line 31, in _rosters
    return sdv.cfb.espn_cfb_game_rosters(game_id=gid, return_as_pandas=True).to_dict("records")
           ^^^^^^^^^^^^^^^^^^^^^^^^^^^^^^^^^^^^^^^^^^^^^^^^^^^^^^^^^^^^^^^^^
  File "C:\Users\saiem\Documents\GitHub-Data\sdv-dev\cfbfastR-dev\cfbfastR-cfb-raw\.venv\Lib\site-packages\sportsdataverse\cfb\cfb_game_rosters.py", line 68, in espn_cfb_game_rosters
    teams_df = helper_cfb_team_items(items=items, **kwargs)
               ^^^^^^^^^^^^^^^^^^^^^^^^^^^^^^^^^^^^^^^^^^^^
  File "C:\Users\saiem\Documents\GitHub-Data\sdv-dev\cfbfastR-dev\cfbfastR-cfb-raw\.venv\Lib\site-packages\sportsdataverse\cfb\cfb_game_rosters.py", line 146, in helper_cfb_team_items
    teams_df = pl.concat([teams_df, team_row], how="vertical")
               ^^^^^^^^^^^^^^^^^^^^^^^^^^^^^^^^^^^^^^^^^^^^^^^
  File "C:\Users\saiem\Documents\GitHub-Data\sdv-dev\cfbfastR-dev\cfbfastR-cfb-raw\.venv\Lib\site-packages\polars\functions\eager.py", line 246, in concat
    out = wrap_df(plr.concat_df(elems))
                  ^^^^^^^^^^^^^^^^^^^^
polars.exceptions.ShapeError: unable to append to a DataFrame of width 16 with a DataFrame of width 15
2026-06-13 20:24:09,486 ERROR extra fetch failed: _rosters(242622655,)
Traceback (most recent call last):
  File "C:\Users\saiem\Documents\GitHub-Data\sdv-dev\cfbfastR-dev\cfbfastR-cfb-raw\python\_cfb_raw_utils.py", line 93, in _safe
    return fn(*args, **kwargs)
           ^^^^^^^^^^^^^^^^^^^
  File "C:\Users\saiem\Documents\GitHub-Data\sdv-dev\cfbfastR-dev\cfbfastR-cfb-raw\python\scrape_cfb_json.py", line 31, in _rosters
    return sdv.cfb.espn_cfb_game_rosters(game_id=gid, return_as_pandas=True).to_dict("records")
           ^^^^^^^^^^^^^^^^^^^^^^^^^^^^^^^^^^^^^^^^^^^^^^^^^^^^^^^^^^^^^^^^^
  File "C:\Users\saiem\Documents\GitHub-Data\sdv-dev\cfbfastR-dev\cfbfastR-cfb-raw\.venv\Lib\site-packages\sportsdataverse\cfb\cfb_game_rosters.py", line 65, in espn_cfb_game_rosters
    items = helper_cfb_game_items(summary)
            ^^^^^^^^^^^^^^^^^^^^^^^^^^^^^^
  File "C:\Users\saiem\Documents\GitHub-Data\sdv-dev\cfbfastR-dev\cfbfastR-cfb-raw\.venv\Lib\site-packages\sportsdataverse\cfb\cfb_game_rosters.py", line 97, in helper_cfb_game_items
    items = items.rename({"id": "team_id", "uid": "team_uid", "statistics_href": "team_statistics_href"})
            ^^^^^^^^^^^^^^^^^^^^^^^^^^^^^^^^^^^^^^^^^^^^^^^^^^^^^^^^^^^^^^^^^^^^^^^^^^^^^^^^^^^^^^^^^^^^^
  File "C:\Users\saiem\Documents\GitHub-Data\sdv-dev\cfbfastR-dev\cfbfastR-cfb-raw\.venv\Lib\site-packages\polars\dataframe\frame.py", line 5275, in rename
    .collect(optimizations=QueryOptFlags._eager())
     ^^^^^^^^^^^^^^^^^^^^^^^^^^^^^^^^^^^^^^^^^^^^^
  File "C:\Users\saiem\Documents\GitHub-Data\sdv-dev\cfbfastR-dev\cfbfastR-cfb-raw\.venv\Lib\site-packages\polars\_utils\deprecation.py", line 97, in wrapper
    return function(*args, **kwargs)
           ^^^^^^^^^^^^^^^^^^^^^^^^^
  File "C:\Users\saiem\Documents\GitHub-Data\sdv-dev\cfbfastR-dev\cfbfastR-cfb-raw\.venv\Lib\site-packages\polars\lazyframe\opt_flags.py", line 343, in wrapper
    return function(*args, **kwargs)
           ^^^^^^^^^^^^^^^^^^^^^^^^^
  File "C:\Users\saiem\Documents\GitHub-Data\sdv-dev\cfbfastR-dev\cfbfastR-cfb-raw\.venv\Lib\site-packages\polars\lazyframe\frame.py", line 2630, in collect
    return wrap_df(ldf.collect(engine, callback))
                   ^^^^^^^^^^^^^^^^^^^^^^^^^^^^^
polars.exceptions.ColumnNotFoundError: "statistics_href" not found
2026-06-13 20:24:29,426 ERROR extra fetch failed: _rosters(242620048,)
Traceback (most recent call last):
  File "C:\Users\saiem\Documents\GitHub-Data\sdv-dev\cfbfastR-dev\cfbfastR-cfb-raw\python\_cfb_raw_utils.py", line 93, in _safe
    return fn(*args, **kwargs)
           ^^^^^^^^^^^^^^^^^^^
  File "C:\Users\saiem\Documents\GitHub-Data\sdv-dev\cfbfastR-dev\cfbfastR-cfb-raw\python\scrape_cfb_json.py", line 31, in _rosters
    return sdv.cfb.espn_cfb_game_rosters(game_id=gid, return_as_pandas=True).to_dict("records")
           ^^^^^^^^^^^^^^^^^^^^^^^^^^^^^^^^^^^^^^^^^^^^^^^^^^^^^^^^^^^^^^^^^
  File "C:\Users\saiem\Documents\GitHub-Data\sdv-dev\cfbfastR-dev\cfbfastR-cfb-raw\.venv\Lib\site-packages\sportsdataverse\cfb\cfb_game_rosters.py", line 66, in espn_cfb_game_rosters
    team_rosters = helper_cfb_roster_items(items=items, summary_url=summary_url, **kwargs)
                   ^^^^^^^^^^^^^^^^^^^^^^^^^^^^^^^^^^^^^^^^^^^^^^^^^^^^^^^^^^^^^^^^^^^^^^^
  File "C:\Users\saiem\Documents\GitHub-Data\sdv-dev\cfbfastR-dev\cfbfastR-cfb-raw\.venv\Lib\site-packages\sportsdataverse\cfb\cfb_game_rosters.py", line 200, in helper_cfb_roster_items
    team_roster_resp = download(team_roster_url, **kwargs)
                       ^^^^^^^^^^^^^^^^^^^^^^^^^^^^^^^^^^^
  File "C:\Users\saiem\Documents\GitHub-Data\sdv-dev\cfbfastR-dev\cfbfastR-cfb-raw\.venv\Lib\site-packages\sportsdataverse\dl_utils.py", line 171, in download
    raise last_exc
  File "C:\Users\saiem\Documents\GitHub-Data\sdv-dev\cfbfastR-dev\cfbfastR-cfb-raw\.venv\Lib\site-packages\sportsdataverse\dl_utils.py", line 121, in download
    response = no_espn_data(response)
               ^^^^^^^^^^^^^^^^^^^^^^
  File "C:\Users\saiem\Documents\GitHub-Data\sdv-dev\cfbfastR-dev\cfbfastR-cfb-raw\.venv\Lib\site-packages\sportsdataverse\errors.py", line 116, in no_espn_data
    raise NoESPNDataError(_format_404(response.url))
sportsdataverse.errors.NoESPNDataError: NoESPNDataError: No data found for https://sports.core.api.espn.com/v2/sports/football/leagues/college-football/events/242620048/competitions/242620048/competitors/223/roster

  Suggestion: Try `find_event(date, league='cfb', home=..., away=...)` to look up a valid event_id.
  (from `sportsdataverse import find_team, find_athlete, find_event`)
2026-06-13 20:24:34,338 ERROR extra fetch failed: _rosters(242622444,)
Traceback (most recent call last):
  File "C:\Users\saiem\Documents\GitHub-Data\sdv-dev\cfbfastR-dev\cfbfastR-cfb-raw\python\_cfb_raw_utils.py", line 93, in _safe
    return fn(*args, **kwargs)
           ^^^^^^^^^^^^^^^^^^^
  File "C:\Users\saiem\Documents\GitHub-Data\sdv-dev\cfbfastR-dev\cfbfastR-cfb-raw\python\scrape_cfb_json.py", line 31, in _rosters
    return sdv.cfb.espn_cfb_game_rosters(game_id=gid, return_as_pandas=True).to_dict("records")
           ^^^^^^^^^^^^^^^^^^^^^^^^^^^^^^^^^^^^^^^^^^^^^^^^^^^^^^^^^^^^^^^^^
  File "C:\Users\saiem\Documents\GitHub-Data\sdv-dev\cfbfastR-dev\cfbfastR-cfb-raw\.venv\Lib\site-packages\sportsdataverse\cfb\cfb_game_rosters.py", line 66, in espn_cfb_game_rosters
    team_rosters = helper_cfb_roster_items(items=items, summary_url=summary_url, **kwargs)
                   ^^^^^^^^^^^^^^^^^^^^^^^^^^^^^^^^^^^^^^^^^^^^^^^^^^^^^^^^^^^^^^^^^^^^^^^
  File "C:\Users\saiem\Documents\GitHub-Data\sdv-dev\cfbfastR-dev\cfbfastR-cfb-raw\.venv\Lib\site-packages\sportsdataverse\cfb\cfb_game_rosters.py", line 200, in helper_cfb_roster_items
    team_roster_resp = download(team_roster_url, **kwargs)
                       ^^^^^^^^^^^^^^^^^^^^^^^^^^^^^^^^^^^
  File "C:\Users\saiem\Documents\GitHub-Data\sdv-dev\cfbfastR-dev\cfbfastR-cfb-raw\.venv\Lib\site-packages\sportsdataverse\dl_utils.py", line 171, in download
    raise last_exc
  File "C:\Users\saiem\Documents\GitHub-Data\sdv-dev\cfbfastR-dev\cfbfastR-cfb-raw\.venv\Lib\site-packages\sportsdataverse\dl_utils.py", line 121, in download
    response = no_espn_data(response)
               ^^^^^^^^^^^^^^^^^^^^^^
  File "C:\Users\saiem\Documents\GitHub-Data\sdv-dev\cfbfastR-dev\cfbfastR-cfb-raw\.venv\Lib\site-packages\sportsdataverse\errors.py", line 116, in no_espn_data
    raise NoESPNDataError(_format_404(response.url))
sportsdataverse.errors.NoESPNDataError: NoESPNDataError: No data found for https://sports.core.api.espn.com/v2/sports/football/leagues/college-football/events/242622444/competitions/242622444/competitors/2444/roster

  Suggestion: Try `find_event(date, league='cfb', home=..., away=...)` to look up a valid event_id.
  (from `sportsdataverse import find_team, find_athlete, find_event`)
2026-06-13 20:24:35,836 ERROR extra fetch failed: _rosters(242622623,)
Traceback (most recent call last):
  File "C:\Users\saiem\Documents\GitHub-Data\sdv-dev\cfbfastR-dev\cfbfastR-cfb-raw\python\_cfb_raw_utils.py", line 93, in _safe
    return fn(*args, **kwargs)
           ^^^^^^^^^^^^^^^^^^^
  File "C:\Users\saiem\Documents\GitHub-Data\sdv-dev\cfbfastR-dev\cfbfastR-cfb-raw\python\scrape_cfb_json.py", line 31, in _rosters
    return sdv.cfb.espn_cfb_game_rosters(game_id=gid, return_as_pandas=True).to_dict("records")
           ^^^^^^^^^^^^^^^^^^^^^^^^^^^^^^^^^^^^^^^^^^^^^^^^^^^^^^^^^^^^^^^^^
  File "C:\Users\saiem\Documents\GitHub-Data\sdv-dev\cfbfastR-dev\cfbfastR-cfb-raw\.venv\Lib\site-packages\sportsdataverse\cfb\cfb_game_rosters.py", line 66, in espn_cfb_game_rosters
    team_rosters = helper_cfb_roster_items(items=items, summary_url=summary_url, **kwargs)
                   ^^^^^^^^^^^^^^^^^^^^^^^^^^^^^^^^^^^^^^^^^^^^^^^^^^^^^^^^^^^^^^^^^^^^^^^
  File "C:\Users\saiem\Documents\GitHub-Data\sdv-dev\cfbfastR-dev\cfbfastR-cfb-raw\.venv\Lib\site-packages\sportsdataverse\cfb\cfb_game_rosters.py", line 200, in helper_cfb_roster_items
    team_roster_resp = download(team_roster_url, **kwargs)
                       ^^^^^^^^^^^^^^^^^^^^^^^^^^^^^^^^^^^
  File "C:\Users\saiem\Documents\GitHub-Data\sdv-dev\cfbfastR-dev\cfbfastR-cfb-raw\.venv\Lib\site-packages\sportsdataverse\dl_utils.py", line 171, in download
    raise last_exc
  File "C:\Users\saiem\Documents\GitHub-Data\sdv-dev\cfbfastR-dev\cfbfastR-cfb-raw\.venv\Lib\site-packages\sportsdataverse\dl_utils.py", line 121, in download
    response = no_espn_data(response)
               ^^^^^^^^^^^^^^^^^^^^^^
  File "C:\Users\saiem\Documents\GitHub-Data\sdv-dev\cfbfastR-dev\cfbfastR-cfb-raw\.venv\Lib\site-packages\sportsdataverse\errors.py", line 116, in no_espn_data
    raise NoESPNDataError(_format_404(response.url))
sportsdataverse.errors.NoESPNDataError: NoESPNDataError: No data found for https://sports.core.api.espn.com/v2/sports/football/leagues/college-football/events/242622623/competitions/242622623/competitors/2841/roster

  Suggestion: Try `find_event(date, league='cfb', home=..., away=...)` to look up a valid event_id.
  (from `sportsdataverse import find_team, find_athlete, find_event`)
2026-06-13 20:24:36,385 ERROR extra fetch failed: _rosters(242690005,)
Traceback (most recent call last):
  File "C:\Users\saiem\Documents\GitHub-Data\sdv-dev\cfbfastR-dev\cfbfastR-cfb-raw\python\_cfb_raw_utils.py", line 93, in _safe
    return fn(*args, **kwargs)
           ^^^^^^^^^^^^^^^^^^^
  File "C:\Users\saiem\Documents\GitHub-Data\sdv-dev\cfbfastR-dev\cfbfastR-cfb-raw\python\scrape_cfb_json.py", line 31, in _rosters
    return sdv.cfb.espn_cfb_game_rosters(game_id=gid, return_as_pandas=True).to_dict("records")
           ^^^^^^^^^^^^^^^^^^^^^^^^^^^^^^^^^^^^^^^^^^^^^^^^^^^^^^^^^^^^^^^^^
  File "C:\Users\saiem\Documents\GitHub-Data\sdv-dev\cfbfastR-dev\cfbfastR-cfb-raw\.venv\Lib\site-packages\sportsdataverse\cfb\cfb_game_rosters.py", line 65, in espn_cfb_game_rosters
    items = helper_cfb_game_items(summary)
            ^^^^^^^^^^^^^^^^^^^^^^^^^^^^^^
  File "C:\Users\saiem\Documents\GitHub-Data\sdv-dev\cfbfastR-dev\cfbfastR-cfb-raw\.venv\Lib\site-packages\sportsdataverse\cfb\cfb_game_rosters.py", line 97, in helper_cfb_game_items
    items = items.rename({"id": "team_id", "uid": "team_uid", "statistics_href": "team_statistics_href"})
            ^^^^^^^^^^^^^^^^^^^^^^^^^^^^^^^^^^^^^^^^^^^^^^^^^^^^^^^^^^^^^^^^^^^^^^^^^^^^^^^^^^^^^^^^^^^^^
  File "C:\Users\saiem\Documents\GitHub-Data\sdv-dev\cfbfastR-dev\cfbfastR-cfb-raw\.venv\Lib\site-packages\polars\dataframe\frame.py", line 5275, in rename
    .collect(optimizations=QueryOptFlags._eager())
     ^^^^^^^^^^^^^^^^^^^^^^^^^^^^^^^^^^^^^^^^^^^^^
  File "C:\Users\saiem\Documents\GitHub-Data\sdv-dev\cfbfastR-dev\cfbfastR-cfb-raw\.venv\Lib\site-packages\polars\_utils\deprecation.py", line 97, in wrapper
    return function(*args, **kwargs)
           ^^^^^^^^^^^^^^^^^^^^^^^^^
  File "C:\Users\saiem\Documents\GitHub-Data\sdv-dev\cfbfastR-dev\cfbfastR-cfb-raw\.venv\Lib\site-packages\polars\lazyframe\opt_flags.py", line 343, in wrapper
    return function(*args, **kwargs)
           ^^^^^^^^^^^^^^^^^^^^^^^^^
  File "C:\Users\saiem\Documents\GitHub-Data\sdv-dev\cfbfastR-dev\cfbfastR-cfb-raw\.venv\Lib\site-packages\polars\lazyframe\frame.py", line 2630, in collect
    return wrap_df(ldf.collect(engine, callback))
                   ^^^^^^^^^^^^^^^^^^^^^^^^^^^^^
polars.exceptions.ColumnNotFoundError: "statistics_href" not found
2026-06-13 20:24:37,169 ERROR extra fetch failed: _rosters(242690195,)
Traceback (most recent call last):
  File "C:\Users\saiem\Documents\GitHub-Data\sdv-dev\cfbfastR-dev\cfbfastR-cfb-raw\python\_cfb_raw_utils.py", line 93, in _safe
    return fn(*args, **kwargs)
           ^^^^^^^^^^^^^^^^^^^
  File "C:\Users\saiem\Documents\GitHub-Data\sdv-dev\cfbfastR-dev\cfbfastR-cfb-raw\python\scrape_cfb_json.py", line 31, in _rosters
    return sdv.cfb.espn_cfb_game_rosters(game_id=gid, return_as_pandas=True).to_dict("records")
           ^^^^^^^^^^^^^^^^^^^^^^^^^^^^^^^^^^^^^^^^^^^^^^^^^^^^^^^^^^^^^^^^^
  File "C:\Users\saiem\Documents\GitHub-Data\sdv-dev\cfbfastR-dev\cfbfastR-cfb-raw\.venv\Lib\site-packages\sportsdataverse\cfb\cfb_game_rosters.py", line 65, in espn_cfb_game_rosters
    items = helper_cfb_game_items(summary)
            ^^^^^^^^^^^^^^^^^^^^^^^^^^^^^^
  File "C:\Users\saiem\Documents\GitHub-Data\sdv-dev\cfbfastR-dev\cfbfastR-cfb-raw\.venv\Lib\site-packages\sportsdataverse\cfb\cfb_game_rosters.py", line 97, in helper_cfb_game_items
    items = items.rename({"id": "team_id", "uid": "team_uid", "statistics_href": "team_statistics_href"})
            ^^^^^^^^^^^^^^^^^^^^^^^^^^^^^^^^^^^^^^^^^^^^^^^^^^^^^^^^^^^^^^^^^^^^^^^^^^^^^^^^^^^^^^^^^^^^^
  File "C:\Users\saiem\Documents\GitHub-Data\sdv-dev\cfbfastR-dev\cfbfastR-cfb-raw\.venv\Lib\site-packages\polars\dataframe\frame.py", line 5275, in rename
    .collect(optimizations=QueryOptFlags._eager())
     ^^^^^^^^^^^^^^^^^^^^^^^^^^^^^^^^^^^^^^^^^^^^^
  File "C:\Users\saiem\Documents\GitHub-Data\sdv-dev\cfbfastR-dev\cfbfastR-cfb-raw\.venv\Lib\site-packages\polars\_utils\deprecation.py", line 97, in wrapper
    return function(*args, **kwargs)
           ^^^^^^^^^^^^^^^^^^^^^^^^^
  File "C:\Users\saiem\Documents\GitHub-Data\sdv-dev\cfbfastR-dev\cfbfastR-cfb-raw\.venv\Lib\site-packages\polars\lazyframe\opt_flags.py", line 343, in wrapper
    return function(*args, **kwargs)
           ^^^^^^^^^^^^^^^^^^^^^^^^^
  File "C:\Users\saiem\Documents\GitHub-Data\sdv-dev\cfbfastR-dev\cfbfastR-cfb-raw\.venv\Lib\site-packages\polars\lazyframe\frame.py", line 2630, in collect
    return wrap_df(ldf.collect(engine, callback))
                   ^^^^^^^^^^^^^^^^^^^^^^^^^^^^^
polars.exceptions.ColumnNotFoundError: "statistics_href" not found
2026-06-13 20:24:37,884 ERROR extra fetch failed: _rosters(242622198,)
Traceback (most recent call last):
  File "C:\Users\saiem\Documents\GitHub-Data\sdv-dev\cfbfastR-dev\cfbfastR-cfb-raw\python\_cfb_raw_utils.py", line 93, in _safe
    return fn(*args, **kwargs)
           ^^^^^^^^^^^^^^^^^^^
  File "C:\Users\saiem\Documents\GitHub-Data\sdv-dev\cfbfastR-dev\cfbfastR-cfb-raw\python\scrape_cfb_json.py", line 31, in _rosters
    return sdv.cfb.espn_cfb_game_rosters(game_id=gid, return_as_pandas=True).to_dict("records")
           ^^^^^^^^^^^^^^^^^^^^^^^^^^^^^^^^^^^^^^^^^^^^^^^^^^^^^^^^^^^^^^^^^
  File "C:\Users\saiem\Documents\GitHub-Data\sdv-dev\cfbfastR-dev\cfbfastR-cfb-raw\.venv\Lib\site-packages\sportsdataverse\cfb\cfb_game_rosters.py", line 66, in espn_cfb_game_rosters
    team_rosters = helper_cfb_roster_items(items=items, summary_url=summary_url, **kwargs)
                   ^^^^^^^^^^^^^^^^^^^^^^^^^^^^^^^^^^^^^^^^^^^^^^^^^^^^^^^^^^^^^^^^^^^^^^^
  File "C:\Users\saiem\Documents\GitHub-Data\sdv-dev\cfbfastR-dev\cfbfastR-cfb-raw\.venv\Lib\site-packages\sportsdataverse\cfb\cfb_game_rosters.py", line 200, in helper_cfb_roster_items
    team_roster_resp = download(team_roster_url, **kwargs)
                       ^^^^^^^^^^^^^^^^^^^^^^^^^^^^^^^^^^^
  File "C:\Users\saiem\Documents\GitHub-Data\sdv-dev\cfbfastR-dev\cfbfastR-cfb-raw\.venv\Lib\site-packages\sportsdataverse\dl_utils.py", line 171, in download
    raise last_exc
  File "C:\Users\saiem\Documents\GitHub-Data\sdv-dev\cfbfastR-dev\cfbfastR-cfb-raw\.venv\Lib\site-packages\sportsdataverse\dl_utils.py", line 121, in download
    response = no_espn_data(response)
               ^^^^^^^^^^^^^^^^^^^^^^
  File "C:\Users\saiem\Documents\GitHub-Data\sdv-dev\cfbfastR-dev\cfbfastR-cfb-raw\.venv\Lib\site-packages\sportsdataverse\errors.py", line 116, in no_espn_data
    raise NoESPNDataError(_format_404(response.url))
sportsdataverse.errors.NoESPNDataError: NoESPNDataError: No data found for https://sports.core.api.espn.com/v2/sports/football/leagues/college-football/events/242622198/competitions/242622198/competitors/98/roster

  Suggestion: Try `find_event(date, league='cfb', home=..., away=...)` to look up a valid event_id.
  (from `sportsdataverse import find_team, find_athlete, find_event`)
2026-06-13 20:24:58,530 ERROR extra fetch failed: _rosters(242760048,)
Traceback (most recent call last):
  File "C:\Users\saiem\Documents\GitHub-Data\sdv-dev\cfbfastR-dev\cfbfastR-cfb-raw\python\_cfb_raw_utils.py", line 93, in _safe
    return fn(*args, **kwargs)
           ^^^^^^^^^^^^^^^^^^^
  File "C:\Users\saiem\Documents\GitHub-Data\sdv-dev\cfbfastR-dev\cfbfastR-cfb-raw\python\scrape_cfb_json.py", line 31, in _rosters
    return sdv.cfb.espn_cfb_game_rosters(game_id=gid, return_as_pandas=True).to_dict("records")
           ^^^^^^^^^^^^^^^^^^^^^^^^^^^^^^^^^^^^^^^^^^^^^^^^^^^^^^^^^^^^^^^^^
  File "C:\Users\saiem\Documents\GitHub-Data\sdv-dev\cfbfastR-dev\cfbfastR-cfb-raw\.venv\Lib\site-packages\sportsdataverse\cfb\cfb_game_rosters.py", line 68, in espn_cfb_game_rosters
    teams_df = helper_cfb_team_items(items=items, **kwargs)
               ^^^^^^^^^^^^^^^^^^^^^^^^^^^^^^^^^^^^^^^^^^^^
  File "C:\Users\saiem\Documents\GitHub-Data\sdv-dev\cfbfastR-dev\cfbfastR-cfb-raw\.venv\Lib\site-packages\sportsdataverse\cfb\cfb_game_rosters.py", line 146, in helper_cfb_team_items
    teams_df = pl.concat([teams_df, team_row], how="vertical")
               ^^^^^^^^^^^^^^^^^^^^^^^^^^^^^^^^^^^^^^^^^^^^^^^
  File "C:\Users\saiem\Documents\GitHub-Data\sdv-dev\cfbfastR-dev\cfbfastR-cfb-raw\.venv\Lib\site-packages\polars\functions\eager.py", line 246, in concat
    out = wrap_df(plr.concat_df(elems))
                  ^^^^^^^^^^^^^^^^^^^^
polars.exceptions.ShapeError: unable to append to a DataFrame of width 16 with a DataFrame of width 15
2026-06-13 20:25:10,371 ERROR extra fetch failed: _rosters(242690324,)
Traceback (most recent call last):
  File "C:\Users\saiem\Documents\GitHub-Data\sdv-dev\cfbfastR-dev\cfbfastR-cfb-raw\python\_cfb_raw_utils.py", line 93, in _safe
    return fn(*args, **kwargs)
           ^^^^^^^^^^^^^^^^^^^
  File "C:\Users\saiem\Documents\GitHub-Data\sdv-dev\cfbfastR-dev\cfbfastR-cfb-raw\python\scrape_cfb_json.py", line 31, in _rosters
    return sdv.cfb.espn_cfb_game_rosters(game_id=gid, return_as_pandas=True).to_dict("records")
           ^^^^^^^^^^^^^^^^^^^^^^^^^^^^^^^^^^^^^^^^^^^^^^^^^^^^^^^^^^^^^^^^^
  File "C:\Users\saiem\Documents\GitHub-Data\sdv-dev\cfbfastR-dev\cfbfastR-cfb-raw\.venv\Lib\site-packages\sportsdataverse\cfb\cfb_game_rosters.py", line 66, in espn_cfb_game_rosters
    team_rosters = helper_cfb_roster_items(items=items, summary_url=summary_url, **kwargs)
                   ^^^^^^^^^^^^^^^^^^^^^^^^^^^^^^^^^^^^^^^^^^^^^^^^^^^^^^^^^^^^^^^^^^^^^^^
  File "C:\Users\saiem\Documents\GitHub-Data\sdv-dev\cfbfastR-dev\cfbfastR-cfb-raw\.venv\Lib\site-packages\sportsdataverse\cfb\cfb_game_rosters.py", line 200, in helper_cfb_roster_items
    team_roster_resp = download(team_roster_url, **kwargs)
                       ^^^^^^^^^^^^^^^^^^^^^^^^^^^^^^^^^^^
  File "C:\Users\saiem\Documents\GitHub-Data\sdv-dev\cfbfastR-dev\cfbfastR-cfb-raw\.venv\Lib\site-packages\sportsdataverse\dl_utils.py", line 171, in download
    raise last_exc
  File "C:\Users\saiem\Documents\GitHub-Data\sdv-dev\cfbfastR-dev\cfbfastR-cfb-raw\.venv\Lib\site-packages\sportsdataverse\dl_utils.py", line 121, in download
    response = no_espn_data(response)
               ^^^^^^^^^^^^^^^^^^^^^^
  File "C:\Users\saiem\Documents\GitHub-Data\sdv-dev\cfbfastR-dev\cfbfastR-cfb-raw\.venv\Lib\site-packages\sportsdataverse\errors.py", line 116, in no_espn_data
    raise NoESPNDataError(_format_404(response.url))
sportsdataverse.errors.NoESPNDataError: NoESPNDataError: No data found for https://sports.core.api.espn.com/v2/sports/football/leagues/college-football/events/242690324/competitions/242690324/competitors/2822/roster

  Suggestion: Try `find_event(date, league='cfb', home=..., away=...)` to look up a valid event_id.
  (from `sportsdataverse import find_team, find_athlete, find_event`)
2026-06-13 20:25:12,129 ERROR extra fetch failed: _rosters(242760256,)
Traceback (most recent call last):
  File "C:\Users\saiem\Documents\GitHub-Data\sdv-dev\cfbfastR-dev\cfbfastR-cfb-raw\python\_cfb_raw_utils.py", line 93, in _safe
    return fn(*args, **kwargs)
           ^^^^^^^^^^^^^^^^^^^
  File "C:\Users\saiem\Documents\GitHub-Data\sdv-dev\cfbfastR-dev\cfbfastR-cfb-raw\python\scrape_cfb_json.py", line 31, in _rosters
    return sdv.cfb.espn_cfb_game_rosters(game_id=gid, return_as_pandas=True).to_dict("records")
           ^^^^^^^^^^^^^^^^^^^^^^^^^^^^^^^^^^^^^^^^^^^^^^^^^^^^^^^^^^^^^^^^^
  File "C:\Users\saiem\Documents\GitHub-Data\sdv-dev\cfbfastR-dev\cfbfastR-cfb-raw\.venv\Lib\site-packages\sportsdataverse\cfb\cfb_game_rosters.py", line 68, in espn_cfb_game_rosters
    teams_df = helper_cfb_team_items(items=items, **kwargs)
               ^^^^^^^^^^^^^^^^^^^^^^^^^^^^^^^^^^^^^^^^^^^^
  File "C:\Users\saiem\Documents\GitHub-Data\sdv-dev\cfbfastR-dev\cfbfastR-cfb-raw\.venv\Lib\site-packages\sportsdataverse\cfb\cfb_game_rosters.py", line 146, in helper_cfb_team_items
    teams_df = pl.concat([teams_df, team_row], how="vertical")
               ^^^^^^^^^^^^^^^^^^^^^^^^^^^^^^^^^^^^^^^^^^^^^^^
  File "C:\Users\saiem\Documents\GitHub-Data\sdv-dev\cfbfastR-dev\cfbfastR-cfb-raw\.venv\Lib\site-packages\polars\functions\eager.py", line 246, in concat
    out = wrap_df(plr.concat_df(elems))
                  ^^^^^^^^^^^^^^^^^^^^
polars.exceptions.ShapeError: unable to append to a DataFrame of width 16 with a DataFrame of width 15
2026-06-13 20:25:49,029 ERROR extra fetch failed: _rosters(242760098,)
Traceback (most recent call last):
  File "C:\Users\saiem\Documents\GitHub-Data\sdv-dev\cfbfastR-dev\cfbfastR-cfb-raw\python\_cfb_raw_utils.py", line 93, in _safe
    return fn(*args, **kwargs)
           ^^^^^^^^^^^^^^^^^^^
  File "C:\Users\saiem\Documents\GitHub-Data\sdv-dev\cfbfastR-dev\cfbfastR-cfb-raw\python\scrape_cfb_json.py", line 31, in _rosters
    return sdv.cfb.espn_cfb_game_rosters(game_id=gid, return_as_pandas=True).to_dict("records")
           ^^^^^^^^^^^^^^^^^^^^^^^^^^^^^^^^^^^^^^^^^^^^^^^^^^^^^^^^^^^^^^^^^
  File "C:\Users\saiem\Documents\GitHub-Data\sdv-dev\cfbfastR-dev\cfbfastR-cfb-raw\.venv\Lib\site-packages\sportsdataverse\cfb\cfb_game_rosters.py", line 66, in espn_cfb_game_rosters
    team_rosters = helper_cfb_roster_items(items=items, summary_url=summary_url, **kwargs)
                   ^^^^^^^^^^^^^^^^^^^^^^^^^^^^^^^^^^^^^^^^^^^^^^^^^^^^^^^^^^^^^^^^^^^^^^^
  File "C:\Users\saiem\Documents\GitHub-Data\sdv-dev\cfbfastR-dev\cfbfastR-cfb-raw\.venv\Lib\site-packages\sportsdataverse\cfb\cfb_game_rosters.py", line 200, in helper_cfb_roster_items
    team_roster_resp = download(team_roster_url, **kwargs)
                       ^^^^^^^^^^^^^^^^^^^^^^^^^^^^^^^^^^^
  File "C:\Users\saiem\Documents\GitHub-Data\sdv-dev\cfbfastR-dev\cfbfastR-cfb-raw\.venv\Lib\site-packages\sportsdataverse\dl_utils.py", line 171, in download
    raise last_exc
  File "C:\Users\saiem\Documents\GitHub-Data\sdv-dev\cfbfastR-dev\cfbfastR-cfb-raw\.venv\Lib\site-packages\sportsdataverse\dl_utils.py", line 121, in download
    response = no_espn_data(response)
               ^^^^^^^^^^^^^^^^^^^^^^
  File "C:\Users\saiem\Documents\GitHub-Data\sdv-dev\cfbfastR-dev\cfbfastR-cfb-raw\.venv\Lib\site-packages\sportsdataverse\errors.py", line 116, in no_espn_data
    raise NoESPNDataError(_format_404(response.url))
sportsdataverse.errors.NoESPNDataError: NoESPNDataError: No data found for https://sports.core.api.espn.com/v2/sports/football/leagues/college-football/events/242760098/competitions/242760098/competitors/98/roster

  Suggestion: Try `find_event(date, league='cfb', home=..., away=...)` to look up a valid event_id.
  (from `sportsdataverse import find_team, find_athlete, find_event`)
2026-06-13 20:25:51,491 ERROR extra fetch failed: _rosters(242830153,)
Traceback (most recent call last):
  File "C:\Users\saiem\Documents\GitHub-Data\sdv-dev\cfbfastR-dev\cfbfastR-cfb-raw\.venv\Lib\site-packages\requests\models.py", line 1116, in json
    return complexjson.loads(self.text, **kwargs)
           ^^^^^^^^^^^^^^^^^^^^^^^^^^^^^^^^^^^^^^
  File "C:\Users\saiem\AppData\Local\Programs\Python\Python311\Lib\json\__init__.py", line 346, in loads
    return _default_decoder.decode(s)
           ^^^^^^^^^^^^^^^^^^^^^^^^^^
  File "C:\Users\saiem\AppData\Local\Programs\Python\Python311\Lib\json\decoder.py", line 337, in decode
    obj, end = self.raw_decode(s, idx=_w(s, 0).end())
               ^^^^^^^^^^^^^^^^^^^^^^^^^^^^^^^^^^^^^^
  File "C:\Users\saiem\AppData\Local\Programs\Python\Python311\Lib\json\decoder.py", line 355, in raw_decode
    raise JSONDecodeError("Expecting value", s, err.value) from None
json.decoder.JSONDecodeError: Expecting value: line 1 column 1 (char 0)

During handling of the above exception, another exception occurred:

Traceback (most recent call last):
  File "C:\Users\saiem\Documents\GitHub-Data\sdv-dev\cfbfastR-dev\cfbfastR-cfb-raw\python\_cfb_raw_utils.py", line 93, in _safe
    return fn(*args, **kwargs)
           ^^^^^^^^^^^^^^^^^^^
  File "C:\Users\saiem\Documents\GitHub-Data\sdv-dev\cfbfastR-dev\cfbfastR-cfb-raw\python\scrape_cfb_json.py", line 31, in _rosters
    return sdv.cfb.espn_cfb_game_rosters(game_id=gid, return_as_pandas=True).to_dict("records")
           ^^^^^^^^^^^^^^^^^^^^^^^^^^^^^^^^^^^^^^^^^^^^^^^^^^^^^^^^^^^^^^^^^
  File "C:\Users\saiem\Documents\GitHub-Data\sdv-dev\cfbfastR-dev\cfbfastR-cfb-raw\.venv\Lib\site-packages\sportsdataverse\cfb\cfb_game_rosters.py", line 70, in espn_cfb_game_rosters
    athletes = helper_cfb_athlete_items(teams_rosters=team_rosters, **kwargs)
               ^^^^^^^^^^^^^^^^^^^^^^^^^^^^^^^^^^^^^^^^^^^^^^^^^^^^^^^^^^^^^^
  File "C:\Users\saiem\Documents\GitHub-Data\sdv-dev\cfbfastR-dev\cfbfastR-cfb-raw\.venv\Lib\site-packages\sportsdataverse\cfb\cfb_game_rosters.py", line 249, in helper_cfb_athlete_items
    athlete_resp = athlete_res.json()
                   ^^^^^^^^^^^^^^^^^^
  File "C:\Users\saiem\Documents\GitHub-Data\sdv-dev\cfbfastR-dev\cfbfastR-cfb-raw\.venv\Lib\site-packages\requests\models.py", line 1120, in json
    raise RequestsJSONDecodeError(e.msg, e.doc, e.pos)
requests.exceptions.JSONDecodeError: Expecting value: line 1 column 1 (char 0)
2026-06-13 20:25:51,494 ERROR extra fetch failed: _rosters(242832571,)
Traceback (most recent call last):
  File "C:\Users\saiem\Documents\GitHub-Data\sdv-dev\cfbfastR-dev\cfbfastR-cfb-raw\.venv\Lib\site-packages\requests\models.py", line 1116, in json
    return complexjson.loads(self.text, **kwargs)
           ^^^^^^^^^^^^^^^^^^^^^^^^^^^^^^^^^^^^^^
  File "C:\Users\saiem\AppData\Local\Programs\Python\Python311\Lib\json\__init__.py", line 346, in loads
    return _default_decoder.decode(s)
           ^^^^^^^^^^^^^^^^^^^^^^^^^^
  File "C:\Users\saiem\AppData\Local\Programs\Python\Python311\Lib\json\decoder.py", line 337, in decode
    obj, end = self.raw_decode(s, idx=_w(s, 0).end())
               ^^^^^^^^^^^^^^^^^^^^^^^^^^^^^^^^^^^^^^
  File "C:\Users\saiem\AppData\Local\Programs\Python\Python311\Lib\json\decoder.py", line 355, in raw_decode
    raise JSONDecodeError("Expecting value", s, err.value) from None
json.decoder.JSONDecodeError: Expecting value: line 1 column 1 (char 0)

During handling of the above exception, another exception occurred:

Traceback (most recent call last):
  File "C:\Users\saiem\Documents\GitHub-Data\sdv-dev\cfbfastR-dev\cfbfastR-cfb-raw\python\_cfb_raw_utils.py", line 93, in _safe
    return fn(*args, **kwargs)
           ^^^^^^^^^^^^^^^^^^^
  File "C:\Users\saiem\Documents\GitHub-Data\sdv-dev\cfbfastR-dev\cfbfastR-cfb-raw\python\scrape_cfb_json.py", line 31, in _rosters
    return sdv.cfb.espn_cfb_game_rosters(game_id=gid, return_as_pandas=True).to_dict("records")
           ^^^^^^^^^^^^^^^^^^^^^^^^^^^^^^^^^^^^^^^^^^^^^^^^^^^^^^^^^^^^^^^^^
  File "C:\Users\saiem\Documents\GitHub-Data\sdv-dev\cfbfastR-dev\cfbfastR-cfb-raw\.venv\Lib\site-packages\sportsdataverse\cfb\cfb_game_rosters.py", line 70, in espn_cfb_game_rosters
    athletes = helper_cfb_athlete_items(teams_rosters=team_rosters, **kwargs)
               ^^^^^^^^^^^^^^^^^^^^^^^^^^^^^^^^^^^^^^^^^^^^^^^^^^^^^^^^^^^^^^
  File "C:\Users\saiem\Documents\GitHub-Data\sdv-dev\cfbfastR-dev\cfbfastR-cfb-raw\.venv\Lib\site-packages\sportsdataverse\cfb\cfb_game_rosters.py", line 249, in helper_cfb_athlete_items
    athlete_resp = athlete_res.json()
                   ^^^^^^^^^^^^^^^^^^
  File "C:\Users\saiem\Documents\GitHub-Data\sdv-dev\cfbfastR-dev\cfbfastR-cfb-raw\.venv\Lib\site-packages\requests\models.py", line 1120, in json
    raise RequestsJSONDecodeError(e.msg, e.doc, e.pos)
requests.exceptions.JSONDecodeError: Expecting value: line 1 column 1 (char 0)
2026-06-13 20:25:51,497 ERROR extra fetch failed: _rosters(242830066,)
Traceback (most recent call last):
  File "C:\Users\saiem\Documents\GitHub-Data\sdv-dev\cfbfastR-dev\cfbfastR-cfb-raw\.venv\Lib\site-packages\requests\models.py", line 1116, in json
    return complexjson.loads(self.text, **kwargs)
           ^^^^^^^^^^^^^^^^^^^^^^^^^^^^^^^^^^^^^^
  File "C:\Users\saiem\AppData\Local\Programs\Python\Python311\Lib\json\__init__.py", line 346, in loads
    return _default_decoder.decode(s)
           ^^^^^^^^^^^^^^^^^^^^^^^^^^
  File "C:\Users\saiem\AppData\Local\Programs\Python\Python311\Lib\json\decoder.py", line 337, in decode
    obj, end = self.raw_decode(s, idx=_w(s, 0).end())
               ^^^^^^^^^^^^^^^^^^^^^^^^^^^^^^^^^^^^^^
  File "C:\Users\saiem\AppData\Local\Programs\Python\Python311\Lib\json\decoder.py", line 355, in raw_decode
    raise JSONDecodeError("Expecting value", s, err.value) from None
json.decoder.JSONDecodeError: Expecting value: line 1 column 1 (char 0)

During handling of the above exception, another exception occurred:

Traceback (most recent call last):
  File "C:\Users\saiem\Documents\GitHub-Data\sdv-dev\cfbfastR-dev\cfbfastR-cfb-raw\python\_cfb_raw_utils.py", line 93, in _safe
    return fn(*args, **kwargs)
           ^^^^^^^^^^^^^^^^^^^
  File "C:\Users\saiem\Documents\GitHub-Data\sdv-dev\cfbfastR-dev\cfbfastR-cfb-raw\python\scrape_cfb_json.py", line 31, in _rosters
    return sdv.cfb.espn_cfb_game_rosters(game_id=gid, return_as_pandas=True).to_dict("records")
           ^^^^^^^^^^^^^^^^^^^^^^^^^^^^^^^^^^^^^^^^^^^^^^^^^^^^^^^^^^^^^^^^^
  File "C:\Users\saiem\Documents\GitHub-Data\sdv-dev\cfbfastR-dev\cfbfastR-cfb-raw\.venv\Lib\site-packages\sportsdataverse\cfb\cfb_game_rosters.py", line 70, in espn_cfb_game_rosters
    athletes = helper_cfb_athlete_items(teams_rosters=team_rosters, **kwargs)
               ^^^^^^^^^^^^^^^^^^^^^^^^^^^^^^^^^^^^^^^^^^^^^^^^^^^^^^^^^^^^^^
  File "C:\Users\saiem\Documents\GitHub-Data\sdv-dev\cfbfastR-dev\cfbfastR-cfb-raw\.venv\Lib\site-packages\sportsdataverse\cfb\cfb_game_rosters.py", line 249, in helper_cfb_athlete_items
    athlete_resp = athlete_res.json()
                   ^^^^^^^^^^^^^^^^^^
  File "C:\Users\saiem\Documents\GitHub-Data\sdv-dev\cfbfastR-dev\cfbfastR-cfb-raw\.venv\Lib\site-packages\requests\models.py", line 1120, in json
    raise RequestsJSONDecodeError(e.msg, e.doc, e.pos)
requests.exceptions.JSONDecodeError: Expecting value: line 1 column 1 (char 0)
2026-06-13 20:25:51,511 ERROR extra fetch failed: _rosters(242832006,)
Traceback (most recent call last):
  File "C:\Users\saiem\Documents\GitHub-Data\sdv-dev\cfbfastR-dev\cfbfastR-cfb-raw\.venv\Lib\site-packages\requests\models.py", line 1116, in json
    return complexjson.loads(self.text, **kwargs)
           ^^^^^^^^^^^^^^^^^^^^^^^^^^^^^^^^^^^^^^
  File "C:\Users\saiem\AppData\Local\Programs\Python\Python311\Lib\json\__init__.py", line 346, in loads
    return _default_decoder.decode(s)
           ^^^^^^^^^^^^^^^^^^^^^^^^^^
  File "C:\Users\saiem\AppData\Local\Programs\Python\Python311\Lib\json\decoder.py", line 337, in decode
    obj, end = self.raw_decode(s, idx=_w(s, 0).end())
               ^^^^^^^^^^^^^^^^^^^^^^^^^^^^^^^^^^^^^^
  File "C:\Users\saiem\AppData\Local\Programs\Python\Python311\Lib\json\decoder.py", line 355, in raw_decode
    raise JSONDecodeError("Expecting value", s, err.value) from None
json.decoder.JSONDecodeError: Expecting value: line 1 column 1 (char 0)

During handling of the above exception, another exception occurred:

Traceback (most recent call last):
  File "C:\Users\saiem\Documents\GitHub-Data\sdv-dev\cfbfastR-dev\cfbfastR-cfb-raw\python\_cfb_raw_utils.py", line 93, in _safe
    return fn(*args, **kwargs)
           ^^^^^^^^^^^^^^^^^^^
  File "C:\Users\saiem\Documents\GitHub-Data\sdv-dev\cfbfastR-dev\cfbfastR-cfb-raw\python\scrape_cfb_json.py", line 31, in _rosters
    return sdv.cfb.espn_cfb_game_rosters(game_id=gid, return_as_pandas=True).to_dict("records")
           ^^^^^^^^^^^^^^^^^^^^^^^^^^^^^^^^^^^^^^^^^^^^^^^^^^^^^^^^^^^^^^^^^
  File "C:\Users\saiem\Documents\GitHub-Data\sdv-dev\cfbfastR-dev\cfbfastR-cfb-raw\.venv\Lib\site-packages\sportsdataverse\cfb\cfb_game_rosters.py", line 70, in espn_cfb_game_rosters
    athletes = helper_cfb_athlete_items(teams_rosters=team_rosters, **kwargs)
               ^^^^^^^^^^^^^^^^^^^^^^^^^^^^^^^^^^^^^^^^^^^^^^^^^^^^^^^^^^^^^^
  File "C:\Users\saiem\Documents\GitHub-Data\sdv-dev\cfbfastR-dev\cfbfastR-cfb-raw\.venv\Lib\site-packages\sportsdataverse\cfb\cfb_game_rosters.py", line 249, in helper_cfb_athlete_items
    athlete_resp = athlete_res.json()
                   ^^^^^^^^^^^^^^^^^^
  File "C:\Users\saiem\Documents\GitHub-Data\sdv-dev\cfbfastR-dev\cfbfastR-cfb-raw\.venv\Lib\site-packages\requests\models.py", line 1120, in json
    raise RequestsJSONDecodeError(e.msg, e.doc, e.pos)
requests.exceptions.JSONDecodeError: Expecting value: line 1 column 1 (char 0)
2026-06-13 20:25:51,543 ERROR extra fetch failed: _rosters(242832005,)
Traceback (most recent call last):
  File "C:\Users\saiem\Documents\GitHub-Data\sdv-dev\cfbfastR-dev\cfbfastR-cfb-raw\.venv\Lib\site-packages\requests\models.py", line 1116, in json
    return complexjson.loads(self.text, **kwargs)
           ^^^^^^^^^^^^^^^^^^^^^^^^^^^^^^^^^^^^^^
  File "C:\Users\saiem\AppData\Local\Programs\Python\Python311\Lib\json\__init__.py", line 346, in loads
    return _default_decoder.decode(s)
           ^^^^^^^^^^^^^^^^^^^^^^^^^^
  File "C:\Users\saiem\AppData\Local\Programs\Python\Python311\Lib\json\decoder.py", line 337, in decode
    obj, end = self.raw_decode(s, idx=_w(s, 0).end())
               ^^^^^^^^^^^^^^^^^^^^^^^^^^^^^^^^^^^^^^
  File "C:\Users\saiem\AppData\Local\Programs\Python\Python311\Lib\json\decoder.py", line 355, in raw_decode
    raise JSONDecodeError("Expecting value", s, err.value) from None
json.decoder.JSONDecodeError: Expecting value: line 1 column 1 (char 0)

During handling of the above exception, another exception occurred:

Traceback (most recent call last):
  File "C:\Users\saiem\Documents\GitHub-Data\sdv-dev\cfbfastR-dev\cfbfastR-cfb-raw\python\_cfb_raw_utils.py", line 93, in _safe
    return fn(*args, **kwargs)
           ^^^^^^^^^^^^^^^^^^^
  File "C:\Users\saiem\Documents\GitHub-Data\sdv-dev\cfbfastR-dev\cfbfastR-cfb-raw\python\scrape_cfb_json.py", line 31, in _rosters
    return sdv.cfb.espn_cfb_game_rosters(game_id=gid, return_as_pandas=True).to_dict("records")
           ^^^^^^^^^^^^^^^^^^^^^^^^^^^^^^^^^^^^^^^^^^^^^^^^^^^^^^^^^^^^^^^^^
  File "C:\Users\saiem\Documents\GitHub-Data\sdv-dev\cfbfastR-dev\cfbfastR-cfb-raw\.venv\Lib\site-packages\sportsdataverse\cfb\cfb_game_rosters.py", line 70, in espn_cfb_game_rosters
    athletes = helper_cfb_athlete_items(teams_rosters=team_rosters, **kwargs)
               ^^^^^^^^^^^^^^^^^^^^^^^^^^^^^^^^^^^^^^^^^^^^^^^^^^^^^^^^^^^^^^
  File "C:\Users\saiem\Documents\GitHub-Data\sdv-dev\cfbfastR-dev\cfbfastR-cfb-raw\.venv\Lib\site-packages\sportsdataverse\cfb\cfb_game_rosters.py", line 249, in helper_cfb_athlete_items
    athlete_resp = athlete_res.json()
                   ^^^^^^^^^^^^^^^^^^
  File "C:\Users\saiem\Documents\GitHub-Data\sdv-dev\cfbfastR-dev\cfbfastR-cfb-raw\.venv\Lib\site-packages\requests\models.py", line 1120, in json
    raise RequestsJSONDecodeError(e.msg, e.doc, e.pos)
requests.exceptions.JSONDecodeError: Expecting value: line 1 column 1 (char 0)
2026-06-13 20:25:51,544 ERROR extra fetch failed: _rosters(242832711,)
Traceback (most recent call last):
  File "C:\Users\saiem\Documents\GitHub-Data\sdv-dev\cfbfastR-dev\cfbfastR-cfb-raw\.venv\Lib\site-packages\requests\models.py", line 1116, in json
    return complexjson.loads(self.text, **kwargs)
           ^^^^^^^^^^^^^^^^^^^^^^^^^^^^^^^^^^^^^^
  File "C:\Users\saiem\AppData\Local\Programs\Python\Python311\Lib\json\__init__.py", line 346, in loads
    return _default_decoder.decode(s)
           ^^^^^^^^^^^^^^^^^^^^^^^^^^
  File "C:\Users\saiem\AppData\Local\Programs\Python\Python311\Lib\json\decoder.py", line 337, in decode
    obj, end = self.raw_decode(s, idx=_w(s, 0).end())
               ^^^^^^^^^^^^^^^^^^^^^^^^^^^^^^^^^^^^^^
  File "C:\Users\saiem\AppData\Local\Programs\Python\Python311\Lib\json\decoder.py", line 355, in raw_decode
    raise JSONDecodeError("Expecting value", s, err.value) from None
json.decoder.JSONDecodeError: Expecting value: line 1 column 1 (char 0)

During handling of the above exception, another exception occurred:

Traceback (most recent call last):
  File "C:\Users\saiem\Documents\GitHub-Data\sdv-dev\cfbfastR-dev\cfbfastR-cfb-raw\python\_cfb_raw_utils.py", line 93, in _safe
    return fn(*args, **kwargs)
           ^^^^^^^^^^^^^^^^^^^
  File "C:\Users\saiem\Documents\GitHub-Data\sdv-dev\cfbfastR-dev\cfbfastR-cfb-raw\python\scrape_cfb_json.py", line 31, in _rosters
    return sdv.cfb.espn_cfb_game_rosters(game_id=gid, return_as_pandas=True).to_dict("records")
           ^^^^^^^^^^^^^^^^^^^^^^^^^^^^^^^^^^^^^^^^^^^^^^^^^^^^^^^^^^^^^^^^^
  File "C:\Users\saiem\Documents\GitHub-Data\sdv-dev\cfbfastR-dev\cfbfastR-cfb-raw\.venv\Lib\site-packages\sportsdataverse\cfb\cfb_game_rosters.py", line 70, in espn_cfb_game_rosters
    athletes = helper_cfb_athlete_items(teams_rosters=team_rosters, **kwargs)
               ^^^^^^^^^^^^^^^^^^^^^^^^^^^^^^^^^^^^^^^^^^^^^^^^^^^^^^^^^^^^^^
  File "C:\Users\saiem\Documents\GitHub-Data\sdv-dev\cfbfastR-dev\cfbfastR-cfb-raw\.venv\Lib\site-packages\sportsdataverse\cfb\cfb_game_rosters.py", line 249, in helper_cfb_athlete_items
    athlete_resp = athlete_res.json()
                   ^^^^^^^^^^^^^^^^^^
  File "C:\Users\saiem\Documents\GitHub-Data\sdv-dev\cfbfastR-dev\cfbfastR-cfb-raw\.venv\Lib\site-packages\requests\models.py", line 1120, in json
    raise RequestsJSONDecodeError(e.msg, e.doc, e.pos)
requests.exceptions.JSONDecodeError: Expecting value: line 1 column 1 (char 0)
2026-06-13 20:25:51,572 ERROR extra fetch failed: _rosters(242830026,)
Traceback (most recent call last):
  File "C:\Users\saiem\Documents\GitHub-Data\sdv-dev\cfbfastR-dev\cfbfastR-cfb-raw\.venv\Lib\site-packages\requests\models.py", line 1116, in json
    return complexjson.loads(self.text, **kwargs)
           ^^^^^^^^^^^^^^^^^^^^^^^^^^^^^^^^^^^^^^
  File "C:\Users\saiem\AppData\Local\Programs\Python\Python311\Lib\json\__init__.py", line 346, in loads
    return _default_decoder.decode(s)
           ^^^^^^^^^^^^^^^^^^^^^^^^^^
  File "C:\Users\saiem\AppData\Local\Programs\Python\Python311\Lib\json\decoder.py", line 337, in decode
    obj, end = self.raw_decode(s, idx=_w(s, 0).end())
               ^^^^^^^^^^^^^^^^^^^^^^^^^^^^^^^^^^^^^^
  File "C:\Users\saiem\AppData\Local\Programs\Python\Python311\Lib\json\decoder.py", line 355, in raw_decode
    raise JSONDecodeError("Expecting value", s, err.value) from None
json.decoder.JSONDecodeError: Expecting value: line 1 column 1 (char 0)

During handling of the above exception, another exception occurred:

Traceback (most recent call last):
  File "C:\Users\saiem\Documents\GitHub-Data\sdv-dev\cfbfastR-dev\cfbfastR-cfb-raw\python\_cfb_raw_utils.py", line 93, in _safe
    return fn(*args, **kwargs)
           ^^^^^^^^^^^^^^^^^^^
  File "C:\Users\saiem\Documents\GitHub-Data\sdv-dev\cfbfastR-dev\cfbfastR-cfb-raw\python\scrape_cfb_json.py", line 31, in _rosters
    return sdv.cfb.espn_cfb_game_rosters(game_id=gid, return_as_pandas=True).to_dict("records")
           ^^^^^^^^^^^^^^^^^^^^^^^^^^^^^^^^^^^^^^^^^^^^^^^^^^^^^^^^^^^^^^^^^
  File "C:\Users\saiem\Documents\GitHub-Data\sdv-dev\cfbfastR-dev\cfbfastR-cfb-raw\.venv\Lib\site-packages\sportsdataverse\cfb\cfb_game_rosters.py", line 70, in espn_cfb_game_rosters
    athletes = helper_cfb_athlete_items(teams_rosters=team_rosters, **kwargs)
               ^^^^^^^^^^^^^^^^^^^^^^^^^^^^^^^^^^^^^^^^^^^^^^^^^^^^^^^^^^^^^^
  File "C:\Users\saiem\Documents\GitHub-Data\sdv-dev\cfbfastR-dev\cfbfastR-cfb-raw\.venv\Lib\site-packages\sportsdataverse\cfb\cfb_game_rosters.py", line 249, in helper_cfb_athlete_items
    athlete_resp = athlete_res.json()
                   ^^^^^^^^^^^^^^^^^^
  File "C:\Users\saiem\Documents\GitHub-Data\sdv-dev\cfbfastR-dev\cfbfastR-cfb-raw\.venv\Lib\site-packages\requests\models.py", line 1120, in json
    raise RequestsJSONDecodeError(e.msg, e.doc, e.pos)
requests.exceptions.JSONDecodeError: Expecting value: line 1 column 1 (char 0)
2026-06-13 20:25:51,580 ERROR extra fetch failed: _rosters(242832305,)
Traceback (most recent call last):
  File "C:\Users\saiem\Documents\GitHub-Data\sdv-dev\cfbfastR-dev\cfbfastR-cfb-raw\.venv\Lib\site-packages\requests\models.py", line 1116, in json
    return complexjson.loads(self.text, **kwargs)
           ^^^^^^^^^^^^^^^^^^^^^^^^^^^^^^^^^^^^^^
  File "C:\Users\saiem\AppData\Local\Programs\Python\Python311\Lib\json\__init__.py", line 346, in loads
    return _default_decoder.decode(s)
           ^^^^^^^^^^^^^^^^^^^^^^^^^^
  File "C:\Users\saiem\AppData\Local\Programs\Python\Python311\Lib\json\decoder.py", line 337, in decode
    obj, end = self.raw_decode(s, idx=_w(s, 0).end())
               ^^^^^^^^^^^^^^^^^^^^^^^^^^^^^^^^^^^^^^
  File "C:\Users\saiem\AppData\Local\Programs\Python\Python311\Lib\json\decoder.py", line 355, in raw_decode
    raise JSONDecodeError("Expecting value", s, err.value) from None
json.decoder.JSONDecodeError: Expecting value: line 1 column 1 (char 0)

During handling of the above exception, another exception occurred:

Traceback (most recent call last):
  File "C:\Users\saiem\Documents\GitHub-Data\sdv-dev\cfbfastR-dev\cfbfastR-cfb-raw\python\_cfb_raw_utils.py", line 93, in _safe
    return fn(*args, **kwargs)
           ^^^^^^^^^^^^^^^^^^^
  File "C:\Users\saiem\Documents\GitHub-Data\sdv-dev\cfbfastR-dev\cfbfastR-cfb-raw\python\scrape_cfb_json.py", line 31, in _rosters
    return sdv.cfb.espn_cfb_game_rosters(game_id=gid, return_as_pandas=True).to_dict("records")
           ^^^^^^^^^^^^^^^^^^^^^^^^^^^^^^^^^^^^^^^^^^^^^^^^^^^^^^^^^^^^^^^^^
  File "C:\Users\saiem\Documents\GitHub-Data\sdv-dev\cfbfastR-dev\cfbfastR-cfb-raw\.venv\Lib\site-packages\sportsdataverse\cfb\cfb_game_rosters.py", line 68, in espn_cfb_game_rosters
    teams_df = helper_cfb_team_items(items=items, **kwargs)
               ^^^^^^^^^^^^^^^^^^^^^^^^^^^^^^^^^^^^^^^^^^^^
  File "C:\Users\saiem\Documents\GitHub-Data\sdv-dev\cfbfastR-dev\cfbfastR-cfb-raw\.venv\Lib\site-packages\sportsdataverse\cfb\cfb_game_rosters.py", line 142, in helper_cfb_team_items
    team = download(x, **kwargs).json()
           ^^^^^^^^^^^^^^^^^^^^^^^^^^^^
  File "C:\Users\saiem\Documents\GitHub-Data\sdv-dev\cfbfastR-dev\cfbfastR-cfb-raw\.venv\Lib\site-packages\requests\models.py", line 1120, in json
    raise RequestsJSONDecodeError(e.msg, e.doc, e.pos)
requests.exceptions.JSONDecodeError: Expecting value: line 1 column 1 (char 0)
2026-06-13 20:25:51,639 ERROR extra fetch failed: _rosters(242832641,)
Traceback (most recent call last):
  File "C:\Users\saiem\Documents\GitHub-Data\sdv-dev\cfbfastR-dev\cfbfastR-cfb-raw\.venv\Lib\site-packages\requests\models.py", line 1116, in json
    return complexjson.loads(self.text, **kwargs)
           ^^^^^^^^^^^^^^^^^^^^^^^^^^^^^^^^^^^^^^
  File "C:\Users\saiem\AppData\Local\Programs\Python\Python311\Lib\json\__init__.py", line 346, in loads
    return _default_decoder.decode(s)
           ^^^^^^^^^^^^^^^^^^^^^^^^^^
  File "C:\Users\saiem\AppData\Local\Programs\Python\Python311\Lib\json\decoder.py", line 337, in decode
    obj, end = self.raw_decode(s, idx=_w(s, 0).end())
               ^^^^^^^^^^^^^^^^^^^^^^^^^^^^^^^^^^^^^^
  File "C:\Users\saiem\AppData\Local\Programs\Python\Python311\Lib\json\decoder.py", line 355, in raw_decode
    raise JSONDecodeError("Expecting value", s, err.value) from None
json.decoder.JSONDecodeError: Expecting value: line 1 column 1 (char 0)

During handling of the above exception, another exception occurred:

Traceback (most recent call last):
  File "C:\Users\saiem\Documents\GitHub-Data\sdv-dev\cfbfastR-dev\cfbfastR-cfb-raw\python\_cfb_raw_utils.py", line 93, in _safe
    return fn(*args, **kwargs)
           ^^^^^^^^^^^^^^^^^^^
  File "C:\Users\saiem\Documents\GitHub-Data\sdv-dev\cfbfastR-dev\cfbfastR-cfb-raw\python\scrape_cfb_json.py", line 31, in _rosters
    return sdv.cfb.espn_cfb_game_rosters(game_id=gid, return_as_pandas=True).to_dict("records")
           ^^^^^^^^^^^^^^^^^^^^^^^^^^^^^^^^^^^^^^^^^^^^^^^^^^^^^^^^^^^^^^^^^
  File "C:\Users\saiem\Documents\GitHub-Data\sdv-dev\cfbfastR-dev\cfbfastR-cfb-raw\.venv\Lib\site-packages\sportsdataverse\cfb\cfb_game_rosters.py", line 66, in espn_cfb_game_rosters
    team_rosters = helper_cfb_roster_items(items=items, summary_url=summary_url, **kwargs)
                   ^^^^^^^^^^^^^^^^^^^^^^^^^^^^^^^^^^^^^^^^^^^^^^^^^^^^^^^^^^^^^^^^^^^^^^^
  File "C:\Users\saiem\Documents\GitHub-Data\sdv-dev\cfbfastR-dev\cfbfastR-cfb-raw\.venv\Lib\site-packages\sportsdataverse\cfb\cfb_game_rosters.py", line 201, in helper_cfb_roster_items
    team_roster = pl.from_pandas(pd.json_normalize(team_roster_resp.json().get("entries", []), sep="_"))
                                                   ^^^^^^^^^^^^^^^^^^^^^^^
  File "C:\Users\saiem\Documents\GitHub-Data\sdv-dev\cfbfastR-dev\cfbfastR-cfb-raw\.venv\Lib\site-packages\requests\models.py", line 1120, in json
    raise RequestsJSONDecodeError(e.msg, e.doc, e.pos)
requests.exceptions.JSONDecodeError: Expecting value: line 1 column 1 (char 0)
2026-06-13 20:25:51,728 ERROR extra fetch failed: _participants(242830328,)
Traceback (most recent call last):
  File "C:\Users\saiem\Documents\GitHub-Data\sdv-dev\cfbfastR-dev\cfbfastR-cfb-raw\.venv\Lib\site-packages\requests\models.py", line 1116, in json
    return complexjson.loads(self.text, **kwargs)
           ^^^^^^^^^^^^^^^^^^^^^^^^^^^^^^^^^^^^^^
  File "C:\Users\saiem\AppData\Local\Programs\Python\Python311\Lib\json\__init__.py", line 346, in loads
    return _default_decoder.decode(s)
           ^^^^^^^^^^^^^^^^^^^^^^^^^^
  File "C:\Users\saiem\AppData\Local\Programs\Python\Python311\Lib\json\decoder.py", line 337, in decode
    obj, end = self.raw_decode(s, idx=_w(s, 0).end())
               ^^^^^^^^^^^^^^^^^^^^^^^^^^^^^^^^^^^^^^
  File "C:\Users\saiem\AppData\Local\Programs\Python\Python311\Lib\json\decoder.py", line 355, in raw_decode
    raise JSONDecodeError("Expecting value", s, err.value) from None
json.decoder.JSONDecodeError: Expecting value: line 1 column 1 (char 0)

During handling of the above exception, another exception occurred:

Traceback (most recent call last):
  File "C:\Users\saiem\Documents\GitHub-Data\sdv-dev\cfbfastR-dev\cfbfastR-cfb-raw\python\_cfb_raw_utils.py", line 93, in _safe
    return fn(*args, **kwargs)
           ^^^^^^^^^^^^^^^^^^^
  File "C:\Users\saiem\Documents\GitHub-Data\sdv-dev\cfbfastR-dev\cfbfastR-cfb-raw\python\scrape_cfb_json.py", line 27, in _participants
    return sdv.cfb.espn_cfb_play_participants(game_id=gid, return_as_pandas=True).to_dict("records")
           ^^^^^^^^^^^^^^^^^^^^^^^^^^^^^^^^^^^^^^^^^^^^^^^^^^^^^^^^^^^^^^^^^^^^^^
  File "C:\Users\saiem\Documents\GitHub-Data\sdv-dev\cfbfastR-dev\cfbfastR-cfb-raw\.venv\Lib\site-packages\sportsdataverse\cfb\cfb_play_participants.py", line 184, in espn_cfb_play_participants
    plays_raw = _download_plays(game_id, **kwargs)
                ^^^^^^^^^^^^^^^^^^^^^^^^^^^^^^^^^^
  File "C:\Users\saiem\Documents\GitHub-Data\sdv-dev\cfbfastR-dev\cfbfastR-cfb-raw\.venv\Lib\site-packages\sportsdataverse\cfb\cfb_play_participants.py", line 215, in _download_plays
    body = resp.json()
           ^^^^^^^^^^^
  File "C:\Users\saiem\Documents\GitHub-Data\sdv-dev\cfbfastR-dev\cfbfastR-cfb-raw\.venv\Lib\site-packages\requests\models.py", line 1120, in json
    raise RequestsJSONDecodeError(e.msg, e.doc, e.pos)
requests.exceptions.JSONDecodeError: Expecting value: line 1 column 1 (char 0)
2026-06-13 20:25:51,866 ERROR extra fetch failed: _rosters(242830238,)
Traceback (most recent call last):
  File "C:\Users\saiem\Documents\GitHub-Data\sdv-dev\cfbfastR-dev\cfbfastR-cfb-raw\.venv\Lib\site-packages\requests\models.py", line 1116, in json
    return complexjson.loads(self.text, **kwargs)
           ^^^^^^^^^^^^^^^^^^^^^^^^^^^^^^^^^^^^^^
  File "C:\Users\saiem\AppData\Local\Programs\Python\Python311\Lib\json\__init__.py", line 346, in loads
    return _default_decoder.decode(s)
           ^^^^^^^^^^^^^^^^^^^^^^^^^^
  File "C:\Users\saiem\AppData\Local\Programs\Python\Python311\Lib\json\decoder.py", line 337, in decode
    obj, end = self.raw_decode(s, idx=_w(s, 0).end())
               ^^^^^^^^^^^^^^^^^^^^^^^^^^^^^^^^^^^^^^
  File "C:\Users\saiem\AppData\Local\Programs\Python\Python311\Lib\json\decoder.py", line 355, in raw_decode
    raise JSONDecodeError("Expecting value", s, err.value) from None
json.decoder.JSONDecodeError: Expecting value: line 1 column 1 (char 0)

During handling of the above exception, another exception occurred:

Traceback (most recent call last):
  File "C:\Users\saiem\Documents\GitHub-Data\sdv-dev\cfbfastR-dev\cfbfastR-cfb-raw\python\_cfb_raw_utils.py", line 93, in _safe
    return fn(*args, **kwargs)
           ^^^^^^^^^^^^^^^^^^^
  File "C:\Users\saiem\Documents\GitHub-Data\sdv-dev\cfbfastR-dev\cfbfastR-cfb-raw\python\scrape_cfb_json.py", line 31, in _rosters
    return sdv.cfb.espn_cfb_game_rosters(game_id=gid, return_as_pandas=True).to_dict("records")
           ^^^^^^^^^^^^^^^^^^^^^^^^^^^^^^^^^^^^^^^^^^^^^^^^^^^^^^^^^^^^^^^^^
  File "C:\Users\saiem\Documents\GitHub-Data\sdv-dev\cfbfastR-dev\cfbfastR-cfb-raw\.venv\Lib\site-packages\sportsdataverse\cfb\cfb_game_rosters.py", line 64, in espn_cfb_game_rosters
    summary = summary_resp.json()
              ^^^^^^^^^^^^^^^^^^^
  File "C:\Users\saiem\Documents\GitHub-Data\sdv-dev\cfbfastR-dev\cfbfastR-cfb-raw\.venv\Lib\site-packages\requests\models.py", line 1120, in json
    raise RequestsJSONDecodeError(e.msg, e.doc, e.pos)
requests.exceptions.JSONDecodeError: Expecting value: line 1 column 1 (char 0)
2026-06-13 20:25:51,943 ERROR extra fetch failed: _participants(242830016,)
Traceback (most recent call last):
  File "C:\Users\saiem\Documents\GitHub-Data\sdv-dev\cfbfastR-dev\cfbfastR-cfb-raw\.venv\Lib\site-packages\requests\models.py", line 1116, in json
    return complexjson.loads(self.text, **kwargs)
           ^^^^^^^^^^^^^^^^^^^^^^^^^^^^^^^^^^^^^^
  File "C:\Users\saiem\AppData\Local\Programs\Python\Python311\Lib\json\__init__.py", line 346, in loads
    return _default_decoder.decode(s)
           ^^^^^^^^^^^^^^^^^^^^^^^^^^
  File "C:\Users\saiem\AppData\Local\Programs\Python\Python311\Lib\json\decoder.py", line 337, in decode
    obj, end = self.raw_decode(s, idx=_w(s, 0).end())
               ^^^^^^^^^^^^^^^^^^^^^^^^^^^^^^^^^^^^^^
  File "C:\Users\saiem\AppData\Local\Programs\Python\Python311\Lib\json\decoder.py", line 355, in raw_decode
    raise JSONDecodeError("Expecting value", s, err.value) from None
json.decoder.JSONDecodeError: Expecting value: line 1 column 1 (char 0)

During handling of the above exception, another exception occurred:

Traceback (most recent call last):
  File "C:\Users\saiem\Documents\GitHub-Data\sdv-dev\cfbfastR-dev\cfbfastR-cfb-raw\python\_cfb_raw_utils.py", line 93, in _safe
    return fn(*args, **kwargs)
           ^^^^^^^^^^^^^^^^^^^
  File "C:\Users\saiem\Documents\GitHub-Data\sdv-dev\cfbfastR-dev\cfbfastR-cfb-raw\python\scrape_cfb_json.py", line 27, in _participants
    return sdv.cfb.espn_cfb_play_participants(game_id=gid, return_as_pandas=True).to_dict("records")
           ^^^^^^^^^^^^^^^^^^^^^^^^^^^^^^^^^^^^^^^^^^^^^^^^^^^^^^^^^^^^^^^^^^^^^^
  File "C:\Users\saiem\Documents\GitHub-Data\sdv-dev\cfbfastR-dev\cfbfastR-cfb-raw\.venv\Lib\site-packages\sportsdataverse\cfb\cfb_play_participants.py", line 184, in espn_cfb_play_participants
    plays_raw = _download_plays(game_id, **kwargs)
                ^^^^^^^^^^^^^^^^^^^^^^^^^^^^^^^^^^
  File "C:\Users\saiem\Documents\GitHub-Data\sdv-dev\cfbfastR-dev\cfbfastR-cfb-raw\.venv\Lib\site-packages\sportsdataverse\cfb\cfb_play_participants.py", line 215, in _download_plays
    body = resp.json()
           ^^^^^^^^^^^
  File "C:\Users\saiem\Documents\GitHub-Data\sdv-dev\cfbfastR-dev\cfbfastR-cfb-raw\.venv\Lib\site-packages\requests\models.py", line 1120, in json
    raise RequestsJSONDecodeError(e.msg, e.doc, e.pos)
requests.exceptions.JSONDecodeError: Expecting value: line 1 column 1 (char 0)
2026-06-13 20:25:52,104 ERROR extra fetch failed: _rosters(242832617,)
Traceback (most recent call last):
  File "C:\Users\saiem\Documents\GitHub-Data\sdv-dev\cfbfastR-dev\cfbfastR-cfb-raw\.venv\Lib\site-packages\requests\models.py", line 1116, in json
    return complexjson.loads(self.text, **kwargs)
           ^^^^^^^^^^^^^^^^^^^^^^^^^^^^^^^^^^^^^^
  File "C:\Users\saiem\AppData\Local\Programs\Python\Python311\Lib\json\__init__.py", line 346, in loads
    return _default_decoder.decode(s)
           ^^^^^^^^^^^^^^^^^^^^^^^^^^
  File "C:\Users\saiem\AppData\Local\Programs\Python\Python311\Lib\json\decoder.py", line 337, in decode
    obj, end = self.raw_decode(s, idx=_w(s, 0).end())
               ^^^^^^^^^^^^^^^^^^^^^^^^^^^^^^^^^^^^^^
  File "C:\Users\saiem\AppData\Local\Programs\Python\Python311\Lib\json\decoder.py", line 355, in raw_decode
    raise JSONDecodeError("Expecting value", s, err.value) from None
json.decoder.JSONDecodeError: Expecting value: line 1 column 1 (char 0)

During handling of the above exception, another exception occurred:

Traceback (most recent call last):
  File "C:\Users\saiem\Documents\GitHub-Data\sdv-dev\cfbfastR-dev\cfbfastR-cfb-raw\python\_cfb_raw_utils.py", line 93, in _safe
    return fn(*args, **kwargs)
           ^^^^^^^^^^^^^^^^^^^
  File "C:\Users\saiem\Documents\GitHub-Data\sdv-dev\cfbfastR-dev\cfbfastR-cfb-raw\python\scrape_cfb_json.py", line 31, in _rosters
    return sdv.cfb.espn_cfb_game_rosters(game_id=gid, return_as_pandas=True).to_dict("records")
           ^^^^^^^^^^^^^^^^^^^^^^^^^^^^^^^^^^^^^^^^^^^^^^^^^^^^^^^^^^^^^^^^^
  File "C:\Users\saiem\Documents\GitHub-Data\sdv-dev\cfbfastR-dev\cfbfastR-cfb-raw\.venv\Lib\site-packages\sportsdataverse\cfb\cfb_game_rosters.py", line 64, in espn_cfb_game_rosters
    summary = summary_resp.json()
              ^^^^^^^^^^^^^^^^^^^
  File "C:\Users\saiem\Documents\GitHub-Data\sdv-dev\cfbfastR-dev\cfbfastR-cfb-raw\.venv\Lib\site-packages\requests\models.py", line 1120, in json
    raise RequestsJSONDecodeError(e.msg, e.doc, e.pos)
requests.exceptions.JSONDecodeError: Expecting value: line 1 column 1 (char 0)
2026-06-13 20:25:52,189 ERROR extra fetch failed: _rosters(242830242,)
Traceback (most recent call last):
  File "C:\Users\saiem\Documents\GitHub-Data\sdv-dev\cfbfastR-dev\cfbfastR-cfb-raw\.venv\Lib\site-packages\requests\models.py", line 1116, in json
    return complexjson.loads(self.text, **kwargs)
           ^^^^^^^^^^^^^^^^^^^^^^^^^^^^^^^^^^^^^^
  File "C:\Users\saiem\AppData\Local\Programs\Python\Python311\Lib\json\__init__.py", line 346, in loads
    return _default_decoder.decode(s)
           ^^^^^^^^^^^^^^^^^^^^^^^^^^
  File "C:\Users\saiem\AppData\Local\Programs\Python\Python311\Lib\json\decoder.py", line 337, in decode
    obj, end = self.raw_decode(s, idx=_w(s, 0).end())
               ^^^^^^^^^^^^^^^^^^^^^^^^^^^^^^^^^^^^^^
  File "C:\Users\saiem\AppData\Local\Programs\Python\Python311\Lib\json\decoder.py", line 355, in raw_decode
    raise JSONDecodeError("Expecting value", s, err.value) from None
json.decoder.JSONDecodeError: Expecting value: line 1 column 1 (char 0)

During handling of the above exception, another exception occurred:

Traceback (most recent call last):
  File "C:\Users\saiem\Documents\GitHub-Data\sdv-dev\cfbfastR-dev\cfbfastR-cfb-raw\python\_cfb_raw_utils.py", line 93, in _safe
    return fn(*args, **kwargs)
           ^^^^^^^^^^^^^^^^^^^
  File "C:\Users\saiem\Documents\GitHub-Data\sdv-dev\cfbfastR-dev\cfbfastR-cfb-raw\python\scrape_cfb_json.py", line 31, in _rosters
    return sdv.cfb.espn_cfb_game_rosters(game_id=gid, return_as_pandas=True).to_dict("records")
           ^^^^^^^^^^^^^^^^^^^^^^^^^^^^^^^^^^^^^^^^^^^^^^^^^^^^^^^^^^^^^^^^^
  File "C:\Users\saiem\Documents\GitHub-Data\sdv-dev\cfbfastR-dev\cfbfastR-cfb-raw\.venv\Lib\site-packages\sportsdataverse\cfb\cfb_game_rosters.py", line 64, in espn_cfb_game_rosters
    summary = summary_resp.json()
              ^^^^^^^^^^^^^^^^^^^
  File "C:\Users\saiem\Documents\GitHub-Data\sdv-dev\cfbfastR-dev\cfbfastR-cfb-raw\.venv\Lib\site-packages\requests\models.py", line 1120, in json
    raise RequestsJSONDecodeError(e.msg, e.doc, e.pos)
requests.exceptions.JSONDecodeError: Expecting value: line 1 column 1 (char 0)
2026-06-13 20:25:52,236 ERROR extra fetch failed: _rosters(242830166,)
Traceback (most recent call last):
  File "C:\Users\saiem\Documents\GitHub-Data\sdv-dev\cfbfastR-dev\cfbfastR-cfb-raw\.venv\Lib\site-packages\requests\models.py", line 1116, in json
    return complexjson.loads(self.text, **kwargs)
           ^^^^^^^^^^^^^^^^^^^^^^^^^^^^^^^^^^^^^^
  File "C:\Users\saiem\AppData\Local\Programs\Python\Python311\Lib\json\__init__.py", line 346, in loads
    return _default_decoder.decode(s)
           ^^^^^^^^^^^^^^^^^^^^^^^^^^
  File "C:\Users\saiem\AppData\Local\Programs\Python\Python311\Lib\json\decoder.py", line 337, in decode
    obj, end = self.raw_decode(s, idx=_w(s, 0).end())
               ^^^^^^^^^^^^^^^^^^^^^^^^^^^^^^^^^^^^^^
  File "C:\Users\saiem\AppData\Local\Programs\Python\Python311\Lib\json\decoder.py", line 355, in raw_decode
    raise JSONDecodeError("Expecting value", s, err.value) from None
json.decoder.JSONDecodeError: Expecting value: line 1 column 1 (char 0)

During handling of the above exception, another exception occurred:

Traceback (most recent call last):
  File "C:\Users\saiem\Documents\GitHub-Data\sdv-dev\cfbfastR-dev\cfbfastR-cfb-raw\python\_cfb_raw_utils.py", line 93, in _safe
    return fn(*args, **kwargs)
           ^^^^^^^^^^^^^^^^^^^
  File "C:\Users\saiem\Documents\GitHub-Data\sdv-dev\cfbfastR-dev\cfbfastR-cfb-raw\python\scrape_cfb_json.py", line 31, in _rosters
    return sdv.cfb.espn_cfb_game_rosters(game_id=gid, return_as_pandas=True).to_dict("records")
           ^^^^^^^^^^^^^^^^^^^^^^^^^^^^^^^^^^^^^^^^^^^^^^^^^^^^^^^^^^^^^^^^^
  File "C:\Users\saiem\Documents\GitHub-Data\sdv-dev\cfbfastR-dev\cfbfastR-cfb-raw\.venv\Lib\site-packages\sportsdataverse\cfb\cfb_game_rosters.py", line 64, in espn_cfb_game_rosters
    summary = summary_resp.json()
              ^^^^^^^^^^^^^^^^^^^
  File "C:\Users\saiem\Documents\GitHub-Data\sdv-dev\cfbfastR-dev\cfbfastR-cfb-raw\.venv\Lib\site-packages\requests\models.py", line 1120, in json
    raise RequestsJSONDecodeError(e.msg, e.doc, e.pos)
requests.exceptions.JSONDecodeError: Expecting value: line 1 column 1 (char 0)
2026-06-13 20:25:52,416 ERROR extra fetch failed: _rosters(242830326,)
Traceback (most recent call last):
  File "C:\Users\saiem\Documents\GitHub-Data\sdv-dev\cfbfastR-dev\cfbfastR-cfb-raw\.venv\Lib\site-packages\requests\models.py", line 1116, in json
    return complexjson.loads(self.text, **kwargs)
           ^^^^^^^^^^^^^^^^^^^^^^^^^^^^^^^^^^^^^^
  File "C:\Users\saiem\AppData\Local\Programs\Python\Python311\Lib\json\__init__.py", line 346, in loads
    return _default_decoder.decode(s)
           ^^^^^^^^^^^^^^^^^^^^^^^^^^
  File "C:\Users\saiem\AppData\Local\Programs\Python\Python311\Lib\json\decoder.py", line 337, in decode
    obj, end = self.raw_decode(s, idx=_w(s, 0).end())
               ^^^^^^^^^^^^^^^^^^^^^^^^^^^^^^^^^^^^^^
  File "C:\Users\saiem\AppData\Local\Programs\Python\Python311\Lib\json\decoder.py", line 355, in raw_decode
    raise JSONDecodeError("Expecting value", s, err.value) from None
json.decoder.JSONDecodeError: Expecting value: line 1 column 1 (char 0)

During handling of the above exception, another exception occurred:

Traceback (most recent call last):
  File "C:\Users\saiem\Documents\GitHub-Data\sdv-dev\cfbfastR-dev\cfbfastR-cfb-raw\python\_cfb_raw_utils.py", line 93, in _safe
    return fn(*args, **kwargs)
           ^^^^^^^^^^^^^^^^^^^
  File "C:\Users\saiem\Documents\GitHub-Data\sdv-dev\cfbfastR-dev\cfbfastR-cfb-raw\python\scrape_cfb_json.py", line 31, in _rosters
    return sdv.cfb.espn_cfb_game_rosters(game_id=gid, return_as_pandas=True).to_dict("records")
           ^^^^^^^^^^^^^^^^^^^^^^^^^^^^^^^^^^^^^^^^^^^^^^^^^^^^^^^^^^^^^^^^^
  File "C:\Users\saiem\Documents\GitHub-Data\sdv-dev\cfbfastR-dev\cfbfastR-cfb-raw\.venv\Lib\site-packages\sportsdataverse\cfb\cfb_game_rosters.py", line 66, in espn_cfb_game_rosters
    team_rosters = helper_cfb_roster_items(items=items, summary_url=summary_url, **kwargs)
                   ^^^^^^^^^^^^^^^^^^^^^^^^^^^^^^^^^^^^^^^^^^^^^^^^^^^^^^^^^^^^^^^^^^^^^^^
  File "C:\Users\saiem\Documents\GitHub-Data\sdv-dev\cfbfastR-dev\cfbfastR-cfb-raw\.venv\Lib\site-packages\sportsdataverse\cfb\cfb_game_rosters.py", line 201, in helper_cfb_roster_items
    team_roster = pl.from_pandas(pd.json_normalize(team_roster_resp.json().get("entries", []), sep="_"))
                                                   ^^^^^^^^^^^^^^^^^^^^^^^
  File "C:\Users\saiem\Documents\GitHub-Data\sdv-dev\cfbfastR-dev\cfbfastR-cfb-raw\.venv\Lib\site-packages\requests\models.py", line 1120, in json
    raise RequestsJSONDecodeError(e.msg, e.doc, e.pos)
requests.exceptions.JSONDecodeError: Expecting value: line 1 column 1 (char 0)
2026-06-13 20:25:52,436 ERROR extra fetch failed: _rosters(242832460,)
Traceback (most recent call last):
  File "C:\Users\saiem\Documents\GitHub-Data\sdv-dev\cfbfastR-dev\cfbfastR-cfb-raw\.venv\Lib\site-packages\requests\models.py", line 1116, in json
    return complexjson.loads(self.text, **kwargs)
           ^^^^^^^^^^^^^^^^^^^^^^^^^^^^^^^^^^^^^^
  File "C:\Users\saiem\AppData\Local\Programs\Python\Python311\Lib\json\__init__.py", line 346, in loads
    return _default_decoder.decode(s)
           ^^^^^^^^^^^^^^^^^^^^^^^^^^
  File "C:\Users\saiem\AppData\Local\Programs\Python\Python311\Lib\json\decoder.py", line 337, in decode
    obj, end = self.raw_decode(s, idx=_w(s, 0).end())
               ^^^^^^^^^^^^^^^^^^^^^^^^^^^^^^^^^^^^^^
  File "C:\Users\saiem\AppData\Local\Programs\Python\Python311\Lib\json\decoder.py", line 355, in raw_decode
    raise JSONDecodeError("Expecting value", s, err.value) from None
json.decoder.JSONDecodeError: Expecting value: line 1 column 1 (char 0)

During handling of the above exception, another exception occurred:

Traceback (most recent call last):
  File "C:\Users\saiem\Documents\GitHub-Data\sdv-dev\cfbfastR-dev\cfbfastR-cfb-raw\python\_cfb_raw_utils.py", line 93, in _safe
    return fn(*args, **kwargs)
           ^^^^^^^^^^^^^^^^^^^
  File "C:\Users\saiem\Documents\GitHub-Data\sdv-dev\cfbfastR-dev\cfbfastR-cfb-raw\python\scrape_cfb_json.py", line 31, in _rosters
    return sdv.cfb.espn_cfb_game_rosters(game_id=gid, return_as_pandas=True).to_dict("records")
           ^^^^^^^^^^^^^^^^^^^^^^^^^^^^^^^^^^^^^^^^^^^^^^^^^^^^^^^^^^^^^^^^^
  File "C:\Users\saiem\Documents\GitHub-Data\sdv-dev\cfbfastR-dev\cfbfastR-cfb-raw\.venv\Lib\site-packages\sportsdataverse\cfb\cfb_game_rosters.py", line 66, in espn_cfb_game_rosters
    team_rosters = helper_cfb_roster_items(items=items, summary_url=summary_url, **kwargs)
                   ^^^^^^^^^^^^^^^^^^^^^^^^^^^^^^^^^^^^^^^^^^^^^^^^^^^^^^^^^^^^^^^^^^^^^^^
  File "C:\Users\saiem\Documents\GitHub-Data\sdv-dev\cfbfastR-dev\cfbfastR-cfb-raw\.venv\Lib\site-packages\sportsdataverse\cfb\cfb_game_rosters.py", line 201, in helper_cfb_roster_items
    team_roster = pl.from_pandas(pd.json_normalize(team_roster_resp.json().get("entries", []), sep="_"))
                                                   ^^^^^^^^^^^^^^^^^^^^^^^
  File "C:\Users\saiem\Documents\GitHub-Data\sdv-dev\cfbfastR-dev\cfbfastR-cfb-raw\.venv\Lib\site-packages\requests\models.py", line 1120, in json
    raise RequestsJSONDecodeError(e.msg, e.doc, e.pos)
requests.exceptions.JSONDecodeError: Expecting value: line 1 column 1 (char 0)
2026-06-13 20:25:52,443 ERROR extra fetch failed: _rosters(242830328,)
Traceback (most recent call last):
  File "C:\Users\saiem\Documents\GitHub-Data\sdv-dev\cfbfastR-dev\cfbfastR-cfb-raw\.venv\Lib\site-packages\requests\models.py", line 1116, in json
    return complexjson.loads(self.text, **kwargs)
           ^^^^^^^^^^^^^^^^^^^^^^^^^^^^^^^^^^^^^^
  File "C:\Users\saiem\AppData\Local\Programs\Python\Python311\Lib\json\__init__.py", line 346, in loads
    return _default_decoder.decode(s)
           ^^^^^^^^^^^^^^^^^^^^^^^^^^
  File "C:\Users\saiem\AppData\Local\Programs\Python\Python311\Lib\json\decoder.py", line 337, in decode
    obj, end = self.raw_decode(s, idx=_w(s, 0).end())
               ^^^^^^^^^^^^^^^^^^^^^^^^^^^^^^^^^^^^^^
  File "C:\Users\saiem\AppData\Local\Programs\Python\Python311\Lib\json\decoder.py", line 355, in raw_decode
    raise JSONDecodeError("Expecting value", s, err.value) from None
json.decoder.JSONDecodeError: Expecting value: line 1 column 1 (char 0)

During handling of the above exception, another exception occurred:

Traceback (most recent call last):
  File "C:\Users\saiem\Documents\GitHub-Data\sdv-dev\cfbfastR-dev\cfbfastR-cfb-raw\python\_cfb_raw_utils.py", line 93, in _safe
    return fn(*args, **kwargs)
           ^^^^^^^^^^^^^^^^^^^
  File "C:\Users\saiem\Documents\GitHub-Data\sdv-dev\cfbfastR-dev\cfbfastR-cfb-raw\python\scrape_cfb_json.py", line 31, in _rosters
    return sdv.cfb.espn_cfb_game_rosters(game_id=gid, return_as_pandas=True).to_dict("records")
           ^^^^^^^^^^^^^^^^^^^^^^^^^^^^^^^^^^^^^^^^^^^^^^^^^^^^^^^^^^^^^^^^^
  File "C:\Users\saiem\Documents\GitHub-Data\sdv-dev\cfbfastR-dev\cfbfastR-cfb-raw\.venv\Lib\site-packages\sportsdataverse\cfb\cfb_game_rosters.py", line 64, in espn_cfb_game_rosters
    summary = summary_resp.json()
              ^^^^^^^^^^^^^^^^^^^
  File "C:\Users\saiem\Documents\GitHub-Data\sdv-dev\cfbfastR-dev\cfbfastR-cfb-raw\.venv\Lib\site-packages\requests\models.py", line 1120, in json
    raise RequestsJSONDecodeError(e.msg, e.doc, e.pos)
requests.exceptions.JSONDecodeError: Expecting value: line 1 column 1 (char 0)
2026-06-13 20:25:52,469 ERROR extra fetch failed: _participants(242830278,)
Traceback (most recent call last):
  File "C:\Users\saiem\Documents\GitHub-Data\sdv-dev\cfbfastR-dev\cfbfastR-cfb-raw\.venv\Lib\site-packages\requests\models.py", line 1116, in json
    return complexjson.loads(self.text, **kwargs)
           ^^^^^^^^^^^^^^^^^^^^^^^^^^^^^^^^^^^^^^
  File "C:\Users\saiem\AppData\Local\Programs\Python\Python311\Lib\json\__init__.py", line 346, in loads
    return _default_decoder.decode(s)
           ^^^^^^^^^^^^^^^^^^^^^^^^^^
  File "C:\Users\saiem\AppData\Local\Programs\Python\Python311\Lib\json\decoder.py", line 337, in decode
    obj, end = self.raw_decode(s, idx=_w(s, 0).end())
               ^^^^^^^^^^^^^^^^^^^^^^^^^^^^^^^^^^^^^^
  File "C:\Users\saiem\AppData\Local\Programs\Python\Python311\Lib\json\decoder.py", line 355, in raw_decode
    raise JSONDecodeError("Expecting value", s, err.value) from None
json.decoder.JSONDecodeError: Expecting value: line 1 column 1 (char 0)

During handling of the above exception, another exception occurred:

Traceback (most recent call last):
  File "C:\Users\saiem\Documents\GitHub-Data\sdv-dev\cfbfastR-dev\cfbfastR-cfb-raw\python\_cfb_raw_utils.py", line 93, in _safe
    return fn(*args, **kwargs)
           ^^^^^^^^^^^^^^^^^^^
  File "C:\Users\saiem\Documents\GitHub-Data\sdv-dev\cfbfastR-dev\cfbfastR-cfb-raw\python\scrape_cfb_json.py", line 27, in _participants
    return sdv.cfb.espn_cfb_play_participants(game_id=gid, return_as_pandas=True).to_dict("records")
           ^^^^^^^^^^^^^^^^^^^^^^^^^^^^^^^^^^^^^^^^^^^^^^^^^^^^^^^^^^^^^^^^^^^^^^
  File "C:\Users\saiem\Documents\GitHub-Data\sdv-dev\cfbfastR-dev\cfbfastR-cfb-raw\.venv\Lib\site-packages\sportsdataverse\cfb\cfb_play_participants.py", line 184, in espn_cfb_play_participants
    plays_raw = _download_plays(game_id, **kwargs)
                ^^^^^^^^^^^^^^^^^^^^^^^^^^^^^^^^^^
  File "C:\Users\saiem\Documents\GitHub-Data\sdv-dev\cfbfastR-dev\cfbfastR-cfb-raw\.venv\Lib\site-packages\sportsdataverse\cfb\cfb_play_participants.py", line 215, in _download_plays
    body = resp.json()
           ^^^^^^^^^^^
  File "C:\Users\saiem\Documents\GitHub-Data\sdv-dev\cfbfastR-dev\cfbfastR-cfb-raw\.venv\Lib\site-packages\requests\models.py", line 1120, in json
    raise RequestsJSONDecodeError(e.msg, e.doc, e.pos)
requests.exceptions.JSONDecodeError: Expecting value: line 1 column 1 (char 0)
2026-06-13 20:25:52,725 ERROR extra fetch failed: _rosters(242830016,)
Traceback (most recent call last):
  File "C:\Users\saiem\Documents\GitHub-Data\sdv-dev\cfbfastR-dev\cfbfastR-cfb-raw\.venv\Lib\site-packages\requests\models.py", line 1116, in json
    return complexjson.loads(self.text, **kwargs)
           ^^^^^^^^^^^^^^^^^^^^^^^^^^^^^^^^^^^^^^
  File "C:\Users\saiem\AppData\Local\Programs\Python\Python311\Lib\json\__init__.py", line 346, in loads
    return _default_decoder.decode(s)
           ^^^^^^^^^^^^^^^^^^^^^^^^^^
  File "C:\Users\saiem\AppData\Local\Programs\Python\Python311\Lib\json\decoder.py", line 337, in decode
    obj, end = self.raw_decode(s, idx=_w(s, 0).end())
               ^^^^^^^^^^^^^^^^^^^^^^^^^^^^^^^^^^^^^^
  File "C:\Users\saiem\AppData\Local\Programs\Python\Python311\Lib\json\decoder.py", line 355, in raw_decode
    raise JSONDecodeError("Expecting value", s, err.value) from None
json.decoder.JSONDecodeError: Expecting value: line 1 column 1 (char 0)

During handling of the above exception, another exception occurred:

Traceback (most recent call last):
  File "C:\Users\saiem\Documents\GitHub-Data\sdv-dev\cfbfastR-dev\cfbfastR-cfb-raw\python\_cfb_raw_utils.py", line 93, in _safe
    return fn(*args, **kwargs)
           ^^^^^^^^^^^^^^^^^^^
  File "C:\Users\saiem\Documents\GitHub-Data\sdv-dev\cfbfastR-dev\cfbfastR-cfb-raw\python\scrape_cfb_json.py", line 31, in _rosters
    return sdv.cfb.espn_cfb_game_rosters(game_id=gid, return_as_pandas=True).to_dict("records")
           ^^^^^^^^^^^^^^^^^^^^^^^^^^^^^^^^^^^^^^^^^^^^^^^^^^^^^^^^^^^^^^^^^
  File "C:\Users\saiem\Documents\GitHub-Data\sdv-dev\cfbfastR-dev\cfbfastR-cfb-raw\.venv\Lib\site-packages\sportsdataverse\cfb\cfb_game_rosters.py", line 64, in espn_cfb_game_rosters
    summary = summary_resp.json()
              ^^^^^^^^^^^^^^^^^^^
  File "C:\Users\saiem\Documents\GitHub-Data\sdv-dev\cfbfastR-dev\cfbfastR-cfb-raw\.venv\Lib\site-packages\requests\models.py", line 1120, in json
    raise RequestsJSONDecodeError(e.msg, e.doc, e.pos)
requests.exceptions.JSONDecodeError: Expecting value: line 1 column 1 (char 0)
2026-06-13 20:25:53,174 ERROR extra fetch failed: _rosters(242830324,)
Traceback (most recent call last):
  File "C:\Users\saiem\Documents\GitHub-Data\sdv-dev\cfbfastR-dev\cfbfastR-cfb-raw\.venv\Lib\site-packages\requests\models.py", line 1116, in json
    return complexjson.loads(self.text, **kwargs)
           ^^^^^^^^^^^^^^^^^^^^^^^^^^^^^^^^^^^^^^
  File "C:\Users\saiem\AppData\Local\Programs\Python\Python311\Lib\json\__init__.py", line 346, in loads
    return _default_decoder.decode(s)
           ^^^^^^^^^^^^^^^^^^^^^^^^^^
  File "C:\Users\saiem\AppData\Local\Programs\Python\Python311\Lib\json\decoder.py", line 337, in decode
    obj, end = self.raw_decode(s, idx=_w(s, 0).end())
               ^^^^^^^^^^^^^^^^^^^^^^^^^^^^^^^^^^^^^^
  File "C:\Users\saiem\AppData\Local\Programs\Python\Python311\Lib\json\decoder.py", line 355, in raw_decode
    raise JSONDecodeError("Expecting value", s, err.value) from None
json.decoder.JSONDecodeError: Expecting value: line 1 column 1 (char 0)

During handling of the above exception, another exception occurred:

Traceback (most recent call last):
  File "C:\Users\saiem\Documents\GitHub-Data\sdv-dev\cfbfastR-dev\cfbfastR-cfb-raw\python\_cfb_raw_utils.py", line 93, in _safe
    return fn(*args, **kwargs)
           ^^^^^^^^^^^^^^^^^^^
  File "C:\Users\saiem\Documents\GitHub-Data\sdv-dev\cfbfastR-dev\cfbfastR-cfb-raw\python\scrape_cfb_json.py", line 31, in _rosters
    return sdv.cfb.espn_cfb_game_rosters(game_id=gid, return_as_pandas=True).to_dict("records")
           ^^^^^^^^^^^^^^^^^^^^^^^^^^^^^^^^^^^^^^^^^^^^^^^^^^^^^^^^^^^^^^^^^
  File "C:\Users\saiem\Documents\GitHub-Data\sdv-dev\cfbfastR-dev\cfbfastR-cfb-raw\.venv\Lib\site-packages\sportsdataverse\cfb\cfb_game_rosters.py", line 66, in espn_cfb_game_rosters
    team_rosters = helper_cfb_roster_items(items=items, summary_url=summary_url, **kwargs)
                   ^^^^^^^^^^^^^^^^^^^^^^^^^^^^^^^^^^^^^^^^^^^^^^^^^^^^^^^^^^^^^^^^^^^^^^^
  File "C:\Users\saiem\Documents\GitHub-Data\sdv-dev\cfbfastR-dev\cfbfastR-cfb-raw\.venv\Lib\site-packages\sportsdataverse\cfb\cfb_game_rosters.py", line 201, in helper_cfb_roster_items
    team_roster = pl.from_pandas(pd.json_normalize(team_roster_resp.json().get("entries", []), sep="_"))
                                                   ^^^^^^^^^^^^^^^^^^^^^^^
  File "C:\Users\saiem\Documents\GitHub-Data\sdv-dev\cfbfastR-dev\cfbfastR-cfb-raw\.venv\Lib\site-packages\requests\models.py", line 1120, in json
    raise RequestsJSONDecodeError(e.msg, e.doc, e.pos)
requests.exceptions.JSONDecodeError: Expecting value: line 1 column 1 (char 0)
2026-06-13 20:25:53,323 ERROR extra fetch failed: _rosters(242812534,)
Traceback (most recent call last):
  File "C:\Users\saiem\Documents\GitHub-Data\sdv-dev\cfbfastR-dev\cfbfastR-cfb-raw\.venv\Lib\site-packages\requests\models.py", line 1116, in json
    return complexjson.loads(self.text, **kwargs)
           ^^^^^^^^^^^^^^^^^^^^^^^^^^^^^^^^^^^^^^
  File "C:\Users\saiem\AppData\Local\Programs\Python\Python311\Lib\json\__init__.py", line 346, in loads
    return _default_decoder.decode(s)
           ^^^^^^^^^^^^^^^^^^^^^^^^^^
  File "C:\Users\saiem\AppData\Local\Programs\Python\Python311\Lib\json\decoder.py", line 337, in decode
    obj, end = self.raw_decode(s, idx=_w(s, 0).end())
               ^^^^^^^^^^^^^^^^^^^^^^^^^^^^^^^^^^^^^^
  File "C:\Users\saiem\AppData\Local\Programs\Python\Python311\Lib\json\decoder.py", line 355, in raw_decode
    raise JSONDecodeError("Expecting value", s, err.value) from None
json.decoder.JSONDecodeError: Expecting value: line 1 column 1 (char 0)

During handling of the above exception, another exception occurred:

Traceback (most recent call last):
  File "C:\Users\saiem\Documents\GitHub-Data\sdv-dev\cfbfastR-dev\cfbfastR-cfb-raw\python\_cfb_raw_utils.py", line 93, in _safe
    return fn(*args, **kwargs)
           ^^^^^^^^^^^^^^^^^^^
  File "C:\Users\saiem\Documents\GitHub-Data\sdv-dev\cfbfastR-dev\cfbfastR-cfb-raw\python\scrape_cfb_json.py", line 31, in _rosters
    return sdv.cfb.espn_cfb_game_rosters(game_id=gid, return_as_pandas=True).to_dict("records")
           ^^^^^^^^^^^^^^^^^^^^^^^^^^^^^^^^^^^^^^^^^^^^^^^^^^^^^^^^^^^^^^^^^
  File "C:\Users\saiem\Documents\GitHub-Data\sdv-dev\cfbfastR-dev\cfbfastR-cfb-raw\.venv\Lib\site-packages\sportsdataverse\cfb\cfb_game_rosters.py", line 66, in espn_cfb_game_rosters
    team_rosters = helper_cfb_roster_items(items=items, summary_url=summary_url, **kwargs)
                   ^^^^^^^^^^^^^^^^^^^^^^^^^^^^^^^^^^^^^^^^^^^^^^^^^^^^^^^^^^^^^^^^^^^^^^^
  File "C:\Users\saiem\Documents\GitHub-Data\sdv-dev\cfbfastR-dev\cfbfastR-cfb-raw\.venv\Lib\site-packages\sportsdataverse\cfb\cfb_game_rosters.py", line 201, in helper_cfb_roster_items
    team_roster = pl.from_pandas(pd.json_normalize(team_roster_resp.json().get("entries", []), sep="_"))
                                                   ^^^^^^^^^^^^^^^^^^^^^^^
  File "C:\Users\saiem\Documents\GitHub-Data\sdv-dev\cfbfastR-dev\cfbfastR-cfb-raw\.venv\Lib\site-packages\requests\models.py", line 1120, in json
    raise RequestsJSONDecodeError(e.msg, e.doc, e.pos)
requests.exceptions.JSONDecodeError: Expecting value: line 1 column 1 (char 0)
2026-06-13 20:25:53,492 ERROR extra fetch failed: _rosters(242830278,)
Traceback (most recent call last):
  File "C:\Users\saiem\Documents\GitHub-Data\sdv-dev\cfbfastR-dev\cfbfastR-cfb-raw\.venv\Lib\site-packages\requests\models.py", line 1116, in json
    return complexjson.loads(self.text, **kwargs)
           ^^^^^^^^^^^^^^^^^^^^^^^^^^^^^^^^^^^^^^
  File "C:\Users\saiem\AppData\Local\Programs\Python\Python311\Lib\json\__init__.py", line 346, in loads
    return _default_decoder.decode(s)
           ^^^^^^^^^^^^^^^^^^^^^^^^^^
  File "C:\Users\saiem\AppData\Local\Programs\Python\Python311\Lib\json\decoder.py", line 337, in decode
    obj, end = self.raw_decode(s, idx=_w(s, 0).end())
               ^^^^^^^^^^^^^^^^^^^^^^^^^^^^^^^^^^^^^^
  File "C:\Users\saiem\AppData\Local\Programs\Python\Python311\Lib\json\decoder.py", line 355, in raw_decode
    raise JSONDecodeError("Expecting value", s, err.value) from None
json.decoder.JSONDecodeError: Expecting value: line 1 column 1 (char 0)

During handling of the above exception, another exception occurred:

Traceback (most recent call last):
  File "C:\Users\saiem\Documents\GitHub-Data\sdv-dev\cfbfastR-dev\cfbfastR-cfb-raw\python\_cfb_raw_utils.py", line 93, in _safe
    return fn(*args, **kwargs)
           ^^^^^^^^^^^^^^^^^^^
  File "C:\Users\saiem\Documents\GitHub-Data\sdv-dev\cfbfastR-dev\cfbfastR-cfb-raw\python\scrape_cfb_json.py", line 31, in _rosters
    return sdv.cfb.espn_cfb_game_rosters(game_id=gid, return_as_pandas=True).to_dict("records")
           ^^^^^^^^^^^^^^^^^^^^^^^^^^^^^^^^^^^^^^^^^^^^^^^^^^^^^^^^^^^^^^^^^
  File "C:\Users\saiem\Documents\GitHub-Data\sdv-dev\cfbfastR-dev\cfbfastR-cfb-raw\.venv\Lib\site-packages\sportsdataverse\cfb\cfb_game_rosters.py", line 64, in espn_cfb_game_rosters
    summary = summary_resp.json()
              ^^^^^^^^^^^^^^^^^^^
  File "C:\Users\saiem\Documents\GitHub-Data\sdv-dev\cfbfastR-dev\cfbfastR-cfb-raw\.venv\Lib\site-packages\requests\models.py", line 1120, in json
    raise RequestsJSONDecodeError(e.msg, e.doc, e.pos)
requests.exceptions.JSONDecodeError: Expecting value: line 1 column 1 (char 0)
2026-06-13 20:25:53,635 ERROR extra fetch failed: _participants(242830239,)
Traceback (most recent call last):
  File "C:\Users\saiem\Documents\GitHub-Data\sdv-dev\cfbfastR-dev\cfbfastR-cfb-raw\.venv\Lib\site-packages\requests\models.py", line 1116, in json
    return complexjson.loads(self.text, **kwargs)
           ^^^^^^^^^^^^^^^^^^^^^^^^^^^^^^^^^^^^^^
  File "C:\Users\saiem\AppData\Local\Programs\Python\Python311\Lib\json\__init__.py", line 346, in loads
    return _default_decoder.decode(s)
           ^^^^^^^^^^^^^^^^^^^^^^^^^^
  File "C:\Users\saiem\AppData\Local\Programs\Python\Python311\Lib\json\decoder.py", line 337, in decode
    obj, end = self.raw_decode(s, idx=_w(s, 0).end())
               ^^^^^^^^^^^^^^^^^^^^^^^^^^^^^^^^^^^^^^
  File "C:\Users\saiem\AppData\Local\Programs\Python\Python311\Lib\json\decoder.py", line 355, in raw_decode
    raise JSONDecodeError("Expecting value", s, err.value) from None
json.decoder.JSONDecodeError: Expecting value: line 1 column 1 (char 0)

During handling of the above exception, another exception occurred:

Traceback (most recent call last):
  File "C:\Users\saiem\Documents\GitHub-Data\sdv-dev\cfbfastR-dev\cfbfastR-cfb-raw\python\_cfb_raw_utils.py", line 93, in _safe
    return fn(*args, **kwargs)
           ^^^^^^^^^^^^^^^^^^^
  File "C:\Users\saiem\Documents\GitHub-Data\sdv-dev\cfbfastR-dev\cfbfastR-cfb-raw\python\scrape_cfb_json.py", line 27, in _participants
    return sdv.cfb.espn_cfb_play_participants(game_id=gid, return_as_pandas=True).to_dict("records")
           ^^^^^^^^^^^^^^^^^^^^^^^^^^^^^^^^^^^^^^^^^^^^^^^^^^^^^^^^^^^^^^^^^^^^^^
  File "C:\Users\saiem\Documents\GitHub-Data\sdv-dev\cfbfastR-dev\cfbfastR-cfb-raw\.venv\Lib\site-packages\sportsdataverse\cfb\cfb_play_participants.py", line 184, in espn_cfb_play_participants
    plays_raw = _download_plays(game_id, **kwargs)
                ^^^^^^^^^^^^^^^^^^^^^^^^^^^^^^^^^^
  File "C:\Users\saiem\Documents\GitHub-Data\sdv-dev\cfbfastR-dev\cfbfastR-cfb-raw\.venv\Lib\site-packages\sportsdataverse\cfb\cfb_play_participants.py", line 215, in _download_plays
    body = resp.json()
           ^^^^^^^^^^^
  File "C:\Users\saiem\Documents\GitHub-Data\sdv-dev\cfbfastR-dev\cfbfastR-cfb-raw\.venv\Lib\site-packages\requests\models.py", line 1120, in json
    raise RequestsJSONDecodeError(e.msg, e.doc, e.pos)
requests.exceptions.JSONDecodeError: Expecting value: line 1 column 1 (char 0)
2026-06-13 20:25:54,019 ERROR extra fetch failed: _participants(242830062,)
Traceback (most recent call last):
  File "C:\Users\saiem\Documents\GitHub-Data\sdv-dev\cfbfastR-dev\cfbfastR-cfb-raw\.venv\Lib\site-packages\requests\models.py", line 1116, in json
    return complexjson.loads(self.text, **kwargs)
           ^^^^^^^^^^^^^^^^^^^^^^^^^^^^^^^^^^^^^^
  File "C:\Users\saiem\AppData\Local\Programs\Python\Python311\Lib\json\__init__.py", line 346, in loads
    return _default_decoder.decode(s)
           ^^^^^^^^^^^^^^^^^^^^^^^^^^
  File "C:\Users\saiem\AppData\Local\Programs\Python\Python311\Lib\json\decoder.py", line 337, in decode
    obj, end = self.raw_decode(s, idx=_w(s, 0).end())
               ^^^^^^^^^^^^^^^^^^^^^^^^^^^^^^^^^^^^^^
  File "C:\Users\saiem\AppData\Local\Programs\Python\Python311\Lib\json\decoder.py", line 355, in raw_decode
    raise JSONDecodeError("Expecting value", s, err.value) from None
json.decoder.JSONDecodeError: Expecting value: line 1 column 1 (char 0)

During handling of the above exception, another exception occurred:

Traceback (most recent call last):
  File "C:\Users\saiem\Documents\GitHub-Data\sdv-dev\cfbfastR-dev\cfbfastR-cfb-raw\python\_cfb_raw_utils.py", line 93, in _safe
    return fn(*args, **kwargs)
           ^^^^^^^^^^^^^^^^^^^
  File "C:\Users\saiem\Documents\GitHub-Data\sdv-dev\cfbfastR-dev\cfbfastR-cfb-raw\python\scrape_cfb_json.py", line 27, in _participants
    return sdv.cfb.espn_cfb_play_participants(game_id=gid, return_as_pandas=True).to_dict("records")
           ^^^^^^^^^^^^^^^^^^^^^^^^^^^^^^^^^^^^^^^^^^^^^^^^^^^^^^^^^^^^^^^^^^^^^^
  File "C:\Users\saiem\Documents\GitHub-Data\sdv-dev\cfbfastR-dev\cfbfastR-cfb-raw\.venv\Lib\site-packages\sportsdataverse\cfb\cfb_play_participants.py", line 184, in espn_cfb_play_participants
    plays_raw = _download_plays(game_id, **kwargs)
                ^^^^^^^^^^^^^^^^^^^^^^^^^^^^^^^^^^
  File "C:\Users\saiem\Documents\GitHub-Data\sdv-dev\cfbfastR-dev\cfbfastR-cfb-raw\.venv\Lib\site-packages\sportsdataverse\cfb\cfb_play_participants.py", line 215, in _download_plays
    body = resp.json()
           ^^^^^^^^^^^
  File "C:\Users\saiem\Documents\GitHub-Data\sdv-dev\cfbfastR-dev\cfbfastR-cfb-raw\.venv\Lib\site-packages\requests\models.py", line 1120, in json
    raise RequestsJSONDecodeError(e.msg, e.doc, e.pos)
requests.exceptions.JSONDecodeError: Expecting value: line 1 column 1 (char 0)
2026-06-13 20:25:54,114 ERROR extra fetch failed: _participants(242890005,)
Traceback (most recent call last):
  File "C:\Users\saiem\Documents\GitHub-Data\sdv-dev\cfbfastR-dev\cfbfastR-cfb-raw\.venv\Lib\site-packages\requests\models.py", line 1116, in json
    return complexjson.loads(self.text, **kwargs)
           ^^^^^^^^^^^^^^^^^^^^^^^^^^^^^^^^^^^^^^
  File "C:\Users\saiem\AppData\Local\Programs\Python\Python311\Lib\json\__init__.py", line 346, in loads
    return _default_decoder.decode(s)
           ^^^^^^^^^^^^^^^^^^^^^^^^^^
  File "C:\Users\saiem\AppData\Local\Programs\Python\Python311\Lib\json\decoder.py", line 337, in decode
    obj, end = self.raw_decode(s, idx=_w(s, 0).end())
               ^^^^^^^^^^^^^^^^^^^^^^^^^^^^^^^^^^^^^^
  File "C:\Users\saiem\AppData\Local\Programs\Python\Python311\Lib\json\decoder.py", line 355, in raw_decode
    raise JSONDecodeError("Expecting value", s, err.value) from None
json.decoder.JSONDecodeError: Expecting value: line 1 column 1 (char 0)

During handling of the above exception, another exception occurred:

Traceback (most recent call last):
  File "C:\Users\saiem\Documents\GitHub-Data\sdv-dev\cfbfastR-dev\cfbfastR-cfb-raw\python\_cfb_raw_utils.py", line 93, in _safe
    return fn(*args, **kwargs)
           ^^^^^^^^^^^^^^^^^^^
  File "C:\Users\saiem\Documents\GitHub-Data\sdv-dev\cfbfastR-dev\cfbfastR-cfb-raw\python\scrape_cfb_json.py", line 27, in _participants
    return sdv.cfb.espn_cfb_play_participants(game_id=gid, return_as_pandas=True).to_dict("records")
           ^^^^^^^^^^^^^^^^^^^^^^^^^^^^^^^^^^^^^^^^^^^^^^^^^^^^^^^^^^^^^^^^^^^^^^
  File "C:\Users\saiem\Documents\GitHub-Data\sdv-dev\cfbfastR-dev\cfbfastR-cfb-raw\.venv\Lib\site-packages\sportsdataverse\cfb\cfb_play_participants.py", line 184, in espn_cfb_play_participants
    plays_raw = _download_plays(game_id, **kwargs)
                ^^^^^^^^^^^^^^^^^^^^^^^^^^^^^^^^^^
  File "C:\Users\saiem\Documents\GitHub-Data\sdv-dev\cfbfastR-dev\cfbfastR-cfb-raw\.venv\Lib\site-packages\sportsdataverse\cfb\cfb_play_participants.py", line 215, in _download_plays
    body = resp.json()
           ^^^^^^^^^^^
  File "C:\Users\saiem\Documents\GitHub-Data\sdv-dev\cfbfastR-dev\cfbfastR-cfb-raw\.venv\Lib\site-packages\requests\models.py", line 1120, in json
    raise RequestsJSONDecodeError(e.msg, e.doc, e.pos)
requests.exceptions.JSONDecodeError: Expecting value: line 1 column 1 (char 0)
2026-06-13 20:25:54,573 ERROR extra fetch failed: _rosters(242830239,)
Traceback (most recent call last):
  File "C:\Users\saiem\Documents\GitHub-Data\sdv-dev\cfbfastR-dev\cfbfastR-cfb-raw\.venv\Lib\site-packages\requests\models.py", line 1116, in json
    return complexjson.loads(self.text, **kwargs)
           ^^^^^^^^^^^^^^^^^^^^^^^^^^^^^^^^^^^^^^
  File "C:\Users\saiem\AppData\Local\Programs\Python\Python311\Lib\json\__init__.py", line 346, in loads
    return _default_decoder.decode(s)
           ^^^^^^^^^^^^^^^^^^^^^^^^^^
  File "C:\Users\saiem\AppData\Local\Programs\Python\Python311\Lib\json\decoder.py", line 337, in decode
    obj, end = self.raw_decode(s, idx=_w(s, 0).end())
               ^^^^^^^^^^^^^^^^^^^^^^^^^^^^^^^^^^^^^^
  File "C:\Users\saiem\AppData\Local\Programs\Python\Python311\Lib\json\decoder.py", line 355, in raw_decode
    raise JSONDecodeError("Expecting value", s, err.value) from None
json.decoder.JSONDecodeError: Expecting value: line 1 column 1 (char 0)

During handling of the above exception, another exception occurred:

Traceback (most recent call last):
  File "C:\Users\saiem\Documents\GitHub-Data\sdv-dev\cfbfastR-dev\cfbfastR-cfb-raw\python\_cfb_raw_utils.py", line 93, in _safe
    return fn(*args, **kwargs)
           ^^^^^^^^^^^^^^^^^^^
  File "C:\Users\saiem\Documents\GitHub-Data\sdv-dev\cfbfastR-dev\cfbfastR-cfb-raw\python\scrape_cfb_json.py", line 31, in _rosters
    return sdv.cfb.espn_cfb_game_rosters(game_id=gid, return_as_pandas=True).to_dict("records")
           ^^^^^^^^^^^^^^^^^^^^^^^^^^^^^^^^^^^^^^^^^^^^^^^^^^^^^^^^^^^^^^^^^
  File "C:\Users\saiem\Documents\GitHub-Data\sdv-dev\cfbfastR-dev\cfbfastR-cfb-raw\.venv\Lib\site-packages\sportsdataverse\cfb\cfb_game_rosters.py", line 64, in espn_cfb_game_rosters
    summary = summary_resp.json()
              ^^^^^^^^^^^^^^^^^^^
  File "C:\Users\saiem\Documents\GitHub-Data\sdv-dev\cfbfastR-dev\cfbfastR-cfb-raw\.venv\Lib\site-packages\requests\models.py", line 1120, in json
    raise RequestsJSONDecodeError(e.msg, e.doc, e.pos)
requests.exceptions.JSONDecodeError: Expecting value: line 1 column 1 (char 0)
2026-06-13 20:25:54,765 ERROR extra fetch failed: _rosters(242830062,)
Traceback (most recent call last):
  File "C:\Users\saiem\Documents\GitHub-Data\sdv-dev\cfbfastR-dev\cfbfastR-cfb-raw\.venv\Lib\site-packages\requests\models.py", line 1116, in json
    return complexjson.loads(self.text, **kwargs)
           ^^^^^^^^^^^^^^^^^^^^^^^^^^^^^^^^^^^^^^
  File "C:\Users\saiem\AppData\Local\Programs\Python\Python311\Lib\json\__init__.py", line 346, in loads
    return _default_decoder.decode(s)
           ^^^^^^^^^^^^^^^^^^^^^^^^^^
  File "C:\Users\saiem\AppData\Local\Programs\Python\Python311\Lib\json\decoder.py", line 337, in decode
    obj, end = self.raw_decode(s, idx=_w(s, 0).end())
               ^^^^^^^^^^^^^^^^^^^^^^^^^^^^^^^^^^^^^^
  File "C:\Users\saiem\AppData\Local\Programs\Python\Python311\Lib\json\decoder.py", line 355, in raw_decode
    raise JSONDecodeError("Expecting value", s, err.value) from None
json.decoder.JSONDecodeError: Expecting value: line 1 column 1 (char 0)

During handling of the above exception, another exception occurred:

Traceback (most recent call last):
  File "C:\Users\saiem\Documents\GitHub-Data\sdv-dev\cfbfastR-dev\cfbfastR-cfb-raw\python\_cfb_raw_utils.py", line 93, in _safe
    return fn(*args, **kwargs)
           ^^^^^^^^^^^^^^^^^^^
  File "C:\Users\saiem\Documents\GitHub-Data\sdv-dev\cfbfastR-dev\cfbfastR-cfb-raw\python\scrape_cfb_json.py", line 31, in _rosters
    return sdv.cfb.espn_cfb_game_rosters(game_id=gid, return_as_pandas=True).to_dict("records")
           ^^^^^^^^^^^^^^^^^^^^^^^^^^^^^^^^^^^^^^^^^^^^^^^^^^^^^^^^^^^^^^^^^
  File "C:\Users\saiem\Documents\GitHub-Data\sdv-dev\cfbfastR-dev\cfbfastR-cfb-raw\.venv\Lib\site-packages\sportsdataverse\cfb\cfb_game_rosters.py", line 64, in espn_cfb_game_rosters
    summary = summary_resp.json()
              ^^^^^^^^^^^^^^^^^^^
  File "C:\Users\saiem\Documents\GitHub-Data\sdv-dev\cfbfastR-dev\cfbfastR-cfb-raw\.venv\Lib\site-packages\requests\models.py", line 1120, in json
    raise RequestsJSONDecodeError(e.msg, e.doc, e.pos)
requests.exceptions.JSONDecodeError: Expecting value: line 1 column 1 (char 0)
2026-06-13 20:25:54,885 ERROR extra fetch failed: _rosters(242890005,)
Traceback (most recent call last):
  File "C:\Users\saiem\Documents\GitHub-Data\sdv-dev\cfbfastR-dev\cfbfastR-cfb-raw\.venv\Lib\site-packages\requests\models.py", line 1116, in json
    return complexjson.loads(self.text, **kwargs)
           ^^^^^^^^^^^^^^^^^^^^^^^^^^^^^^^^^^^^^^
  File "C:\Users\saiem\AppData\Local\Programs\Python\Python311\Lib\json\__init__.py", line 346, in loads
    return _default_decoder.decode(s)
           ^^^^^^^^^^^^^^^^^^^^^^^^^^
  File "C:\Users\saiem\AppData\Local\Programs\Python\Python311\Lib\json\decoder.py", line 337, in decode
    obj, end = self.raw_decode(s, idx=_w(s, 0).end())
               ^^^^^^^^^^^^^^^^^^^^^^^^^^^^^^^^^^^^^^
  File "C:\Users\saiem\AppData\Local\Programs\Python\Python311\Lib\json\decoder.py", line 355, in raw_decode
    raise JSONDecodeError("Expecting value", s, err.value) from None
json.decoder.JSONDecodeError: Expecting value: line 1 column 1 (char 0)

During handling of the above exception, another exception occurred:

Traceback (most recent call last):
  File "C:\Users\saiem\Documents\GitHub-Data\sdv-dev\cfbfastR-dev\cfbfastR-cfb-raw\python\_cfb_raw_utils.py", line 93, in _safe
    return fn(*args, **kwargs)
           ^^^^^^^^^^^^^^^^^^^
  File "C:\Users\saiem\Documents\GitHub-Data\sdv-dev\cfbfastR-dev\cfbfastR-cfb-raw\python\scrape_cfb_json.py", line 31, in _rosters
    return sdv.cfb.espn_cfb_game_rosters(game_id=gid, return_as_pandas=True).to_dict("records")
           ^^^^^^^^^^^^^^^^^^^^^^^^^^^^^^^^^^^^^^^^^^^^^^^^^^^^^^^^^^^^^^^^^
  File "C:\Users\saiem\Documents\GitHub-Data\sdv-dev\cfbfastR-dev\cfbfastR-cfb-raw\.venv\Lib\site-packages\sportsdataverse\cfb\cfb_game_rosters.py", line 64, in espn_cfb_game_rosters
    summary = summary_resp.json()
              ^^^^^^^^^^^^^^^^^^^
  File "C:\Users\saiem\Documents\GitHub-Data\sdv-dev\cfbfastR-dev\cfbfastR-cfb-raw\.venv\Lib\site-packages\requests\models.py", line 1120, in json
    raise RequestsJSONDecodeError(e.msg, e.doc, e.pos)
requests.exceptions.JSONDecodeError: Expecting value: line 1 column 1 (char 0)
2026-06-13 20:25:56,274 ERROR extra fetch failed: _participants(242900160,)
Traceback (most recent call last):
  File "C:\Users\saiem\Documents\GitHub-Data\sdv-dev\cfbfastR-dev\cfbfastR-cfb-raw\.venv\Lib\site-packages\requests\models.py", line 1116, in json
    return complexjson.loads(self.text, **kwargs)
           ^^^^^^^^^^^^^^^^^^^^^^^^^^^^^^^^^^^^^^
  File "C:\Users\saiem\AppData\Local\Programs\Python\Python311\Lib\json\__init__.py", line 346, in loads
    return _default_decoder.decode(s)
           ^^^^^^^^^^^^^^^^^^^^^^^^^^
  File "C:\Users\saiem\AppData\Local\Programs\Python\Python311\Lib\json\decoder.py", line 337, in decode
    obj, end = self.raw_decode(s, idx=_w(s, 0).end())
               ^^^^^^^^^^^^^^^^^^^^^^^^^^^^^^^^^^^^^^
  File "C:\Users\saiem\AppData\Local\Programs\Python\Python311\Lib\json\decoder.py", line 355, in raw_decode
    raise JSONDecodeError("Expecting value", s, err.value) from None
json.decoder.JSONDecodeError: Expecting value: line 1 column 1 (char 0)

During handling of the above exception, another exception occurred:

Traceback (most recent call last):
  File "C:\Users\saiem\Documents\GitHub-Data\sdv-dev\cfbfastR-dev\cfbfastR-cfb-raw\python\_cfb_raw_utils.py", line 93, in _safe
    return fn(*args, **kwargs)
           ^^^^^^^^^^^^^^^^^^^
  File "C:\Users\saiem\Documents\GitHub-Data\sdv-dev\cfbfastR-dev\cfbfastR-cfb-raw\python\scrape_cfb_json.py", line 27, in _participants
    return sdv.cfb.espn_cfb_play_participants(game_id=gid, return_as_pandas=True).to_dict("records")
           ^^^^^^^^^^^^^^^^^^^^^^^^^^^^^^^^^^^^^^^^^^^^^^^^^^^^^^^^^^^^^^^^^^^^^^
  File "C:\Users\saiem\Documents\GitHub-Data\sdv-dev\cfbfastR-dev\cfbfastR-cfb-raw\.venv\Lib\site-packages\sportsdataverse\cfb\cfb_play_participants.py", line 184, in espn_cfb_play_participants
    plays_raw = _download_plays(game_id, **kwargs)
                ^^^^^^^^^^^^^^^^^^^^^^^^^^^^^^^^^^
  File "C:\Users\saiem\Documents\GitHub-Data\sdv-dev\cfbfastR-dev\cfbfastR-cfb-raw\.venv\Lib\site-packages\sportsdataverse\cfb\cfb_play_participants.py", line 215, in _download_plays
    body = resp.json()
           ^^^^^^^^^^^
  File "C:\Users\saiem\Documents\GitHub-Data\sdv-dev\cfbfastR-dev\cfbfastR-cfb-raw\.venv\Lib\site-packages\requests\models.py", line 1120, in json
    raise RequestsJSONDecodeError(e.msg, e.doc, e.pos)
requests.exceptions.JSONDecodeError: Expecting value: line 1 column 1 (char 0)
2026-06-13 20:25:56,826 ERROR extra fetch failed: _rosters(242900160,)
Traceback (most recent call last):
  File "C:\Users\saiem\Documents\GitHub-Data\sdv-dev\cfbfastR-dev\cfbfastR-cfb-raw\.venv\Lib\site-packages\requests\models.py", line 1116, in json
    return complexjson.loads(self.text, **kwargs)
           ^^^^^^^^^^^^^^^^^^^^^^^^^^^^^^^^^^^^^^
  File "C:\Users\saiem\AppData\Local\Programs\Python\Python311\Lib\json\__init__.py", line 346, in loads
    return _default_decoder.decode(s)
           ^^^^^^^^^^^^^^^^^^^^^^^^^^
  File "C:\Users\saiem\AppData\Local\Programs\Python\Python311\Lib\json\decoder.py", line 337, in decode
    obj, end = self.raw_decode(s, idx=_w(s, 0).end())
               ^^^^^^^^^^^^^^^^^^^^^^^^^^^^^^^^^^^^^^
  File "C:\Users\saiem\AppData\Local\Programs\Python\Python311\Lib\json\decoder.py", line 355, in raw_decode
    raise JSONDecodeError("Expecting value", s, err.value) from None
json.decoder.JSONDecodeError: Expecting value: line 1 column 1 (char 0)

During handling of the above exception, another exception occurred:

Traceback (most recent call last):
  File "C:\Users\saiem\Documents\GitHub-Data\sdv-dev\cfbfastR-dev\cfbfastR-cfb-raw\python\_cfb_raw_utils.py", line 93, in _safe
    return fn(*args, **kwargs)
           ^^^^^^^^^^^^^^^^^^^
  File "C:\Users\saiem\Documents\GitHub-Data\sdv-dev\cfbfastR-dev\cfbfastR-cfb-raw\python\scrape_cfb_json.py", line 31, in _rosters
    return sdv.cfb.espn_cfb_game_rosters(game_id=gid, return_as_pandas=True).to_dict("records")
           ^^^^^^^^^^^^^^^^^^^^^^^^^^^^^^^^^^^^^^^^^^^^^^^^^^^^^^^^^^^^^^^^^
  File "C:\Users\saiem\Documents\GitHub-Data\sdv-dev\cfbfastR-dev\cfbfastR-cfb-raw\.venv\Lib\site-packages\sportsdataverse\cfb\cfb_game_rosters.py", line 64, in espn_cfb_game_rosters
    summary = summary_resp.json()
              ^^^^^^^^^^^^^^^^^^^
  File "C:\Users\saiem\Documents\GitHub-Data\sdv-dev\cfbfastR-dev\cfbfastR-cfb-raw\.venv\Lib\site-packages\requests\models.py", line 1120, in json
    raise RequestsJSONDecodeError(e.msg, e.doc, e.pos)
requests.exceptions.JSONDecodeError: Expecting value: line 1 column 1 (char 0)
2026-06-13 20:25:57,447 ERROR extra fetch failed: _participants(242882390,)
Traceback (most recent call last):
  File "C:\Users\saiem\Documents\GitHub-Data\sdv-dev\cfbfastR-dev\cfbfastR-cfb-raw\.venv\Lib\site-packages\requests\models.py", line 1116, in json
    return complexjson.loads(self.text, **kwargs)
           ^^^^^^^^^^^^^^^^^^^^^^^^^^^^^^^^^^^^^^
  File "C:\Users\saiem\AppData\Local\Programs\Python\Python311\Lib\json\__init__.py", line 346, in loads
    return _default_decoder.decode(s)
           ^^^^^^^^^^^^^^^^^^^^^^^^^^
  File "C:\Users\saiem\AppData\Local\Programs\Python\Python311\Lib\json\decoder.py", line 337, in decode
    obj, end = self.raw_decode(s, idx=_w(s, 0).end())
               ^^^^^^^^^^^^^^^^^^^^^^^^^^^^^^^^^^^^^^
  File "C:\Users\saiem\AppData\Local\Programs\Python\Python311\Lib\json\decoder.py", line 355, in raw_decode
    raise JSONDecodeError("Expecting value", s, err.value) from None
json.decoder.JSONDecodeError: Expecting value: line 1 column 1 (char 0)

During handling of the above exception, another exception occurred:

Traceback (most recent call last):
  File "C:\Users\saiem\Documents\GitHub-Data\sdv-dev\cfbfastR-dev\cfbfastR-cfb-raw\python\_cfb_raw_utils.py", line 93, in _safe
    return fn(*args, **kwargs)
           ^^^^^^^^^^^^^^^^^^^
  File "C:\Users\saiem\Documents\GitHub-Data\sdv-dev\cfbfastR-dev\cfbfastR-cfb-raw\python\scrape_cfb_json.py", line 27, in _participants
    return sdv.cfb.espn_cfb_play_participants(game_id=gid, return_as_pandas=True).to_dict("records")
           ^^^^^^^^^^^^^^^^^^^^^^^^^^^^^^^^^^^^^^^^^^^^^^^^^^^^^^^^^^^^^^^^^^^^^^
  File "C:\Users\saiem\Documents\GitHub-Data\sdv-dev\cfbfastR-dev\cfbfastR-cfb-raw\.venv\Lib\site-packages\sportsdataverse\cfb\cfb_play_participants.py", line 184, in espn_cfb_play_participants
    plays_raw = _download_plays(game_id, **kwargs)
                ^^^^^^^^^^^^^^^^^^^^^^^^^^^^^^^^^^
  File "C:\Users\saiem\Documents\GitHub-Data\sdv-dev\cfbfastR-dev\cfbfastR-cfb-raw\.venv\Lib\site-packages\sportsdataverse\cfb\cfb_play_participants.py", line 215, in _download_plays
    body = resp.json()
           ^^^^^^^^^^^
  File "C:\Users\saiem\Documents\GitHub-Data\sdv-dev\cfbfastR-dev\cfbfastR-cfb-raw\.venv\Lib\site-packages\requests\models.py", line 1120, in json
    raise RequestsJSONDecodeError(e.msg, e.doc, e.pos)
requests.exceptions.JSONDecodeError: Expecting value: line 1 column 1 (char 0)
2026-06-13 20:25:57,723 ERROR extra fetch failed: _participants(242870041,)
Traceback (most recent call last):
  File "C:\Users\saiem\Documents\GitHub-Data\sdv-dev\cfbfastR-dev\cfbfastR-cfb-raw\.venv\Lib\site-packages\requests\models.py", line 1116, in json
    return complexjson.loads(self.text, **kwargs)
           ^^^^^^^^^^^^^^^^^^^^^^^^^^^^^^^^^^^^^^
  File "C:\Users\saiem\AppData\Local\Programs\Python\Python311\Lib\json\__init__.py", line 346, in loads
    return _default_decoder.decode(s)
           ^^^^^^^^^^^^^^^^^^^^^^^^^^
  File "C:\Users\saiem\AppData\Local\Programs\Python\Python311\Lib\json\decoder.py", line 337, in decode
    obj, end = self.raw_decode(s, idx=_w(s, 0).end())
               ^^^^^^^^^^^^^^^^^^^^^^^^^^^^^^^^^^^^^^
  File "C:\Users\saiem\AppData\Local\Programs\Python\Python311\Lib\json\decoder.py", line 355, in raw_decode
    raise JSONDecodeError("Expecting value", s, err.value) from None
json.decoder.JSONDecodeError: Expecting value: line 1 column 1 (char 0)

During handling of the above exception, another exception occurred:

Traceback (most recent call last):
  File "C:\Users\saiem\Documents\GitHub-Data\sdv-dev\cfbfastR-dev\cfbfastR-cfb-raw\python\_cfb_raw_utils.py", line 93, in _safe
    return fn(*args, **kwargs)
           ^^^^^^^^^^^^^^^^^^^
  File "C:\Users\saiem\Documents\GitHub-Data\sdv-dev\cfbfastR-dev\cfbfastR-cfb-raw\python\scrape_cfb_json.py", line 27, in _participants
    return sdv.cfb.espn_cfb_play_participants(game_id=gid, return_as_pandas=True).to_dict("records")
           ^^^^^^^^^^^^^^^^^^^^^^^^^^^^^^^^^^^^^^^^^^^^^^^^^^^^^^^^^^^^^^^^^^^^^^
  File "C:\Users\saiem\Documents\GitHub-Data\sdv-dev\cfbfastR-dev\cfbfastR-cfb-raw\.venv\Lib\site-packages\sportsdataverse\cfb\cfb_play_participants.py", line 184, in espn_cfb_play_participants
    plays_raw = _download_plays(game_id, **kwargs)
                ^^^^^^^^^^^^^^^^^^^^^^^^^^^^^^^^^^
  File "C:\Users\saiem\Documents\GitHub-Data\sdv-dev\cfbfastR-dev\cfbfastR-cfb-raw\.venv\Lib\site-packages\sportsdataverse\cfb\cfb_play_participants.py", line 215, in _download_plays
    body = resp.json()
           ^^^^^^^^^^^
  File "C:\Users\saiem\Documents\GitHub-Data\sdv-dev\cfbfastR-dev\cfbfastR-cfb-raw\.venv\Lib\site-packages\requests\models.py", line 1120, in json
    raise RequestsJSONDecodeError(e.msg, e.doc, e.pos)
requests.exceptions.JSONDecodeError: Expecting value: line 1 column 1 (char 0)
2026-06-13 20:25:57,760 ERROR extra fetch failed: _participants(242900002,)
Traceback (most recent call last):
  File "C:\Users\saiem\Documents\GitHub-Data\sdv-dev\cfbfastR-dev\cfbfastR-cfb-raw\.venv\Lib\site-packages\requests\models.py", line 1116, in json
    return complexjson.loads(self.text, **kwargs)
           ^^^^^^^^^^^^^^^^^^^^^^^^^^^^^^^^^^^^^^
  File "C:\Users\saiem\AppData\Local\Programs\Python\Python311\Lib\json\__init__.py", line 346, in loads
    return _default_decoder.decode(s)
           ^^^^^^^^^^^^^^^^^^^^^^^^^^
  File "C:\Users\saiem\AppData\Local\Programs\Python\Python311\Lib\json\decoder.py", line 337, in decode
    obj, end = self.raw_decode(s, idx=_w(s, 0).end())
               ^^^^^^^^^^^^^^^^^^^^^^^^^^^^^^^^^^^^^^
  File "C:\Users\saiem\AppData\Local\Programs\Python\Python311\Lib\json\decoder.py", line 355, in raw_decode
    raise JSONDecodeError("Expecting value", s, err.value) from None
json.decoder.JSONDecodeError: Expecting value: line 1 column 1 (char 0)

During handling of the above exception, another exception occurred:

Traceback (most recent call last):
  File "C:\Users\saiem\Documents\GitHub-Data\sdv-dev\cfbfastR-dev\cfbfastR-cfb-raw\python\_cfb_raw_utils.py", line 93, in _safe
    return fn(*args, **kwargs)
           ^^^^^^^^^^^^^^^^^^^
  File "C:\Users\saiem\Documents\GitHub-Data\sdv-dev\cfbfastR-dev\cfbfastR-cfb-raw\python\scrape_cfb_json.py", line 27, in _participants
    return sdv.cfb.espn_cfb_play_participants(game_id=gid, return_as_pandas=True).to_dict("records")
           ^^^^^^^^^^^^^^^^^^^^^^^^^^^^^^^^^^^^^^^^^^^^^^^^^^^^^^^^^^^^^^^^^^^^^^
  File "C:\Users\saiem\Documents\GitHub-Data\sdv-dev\cfbfastR-dev\cfbfastR-cfb-raw\.venv\Lib\site-packages\sportsdataverse\cfb\cfb_play_participants.py", line 184, in espn_cfb_play_participants
    plays_raw = _download_plays(game_id, **kwargs)
                ^^^^^^^^^^^^^^^^^^^^^^^^^^^^^^^^^^
  File "C:\Users\saiem\Documents\GitHub-Data\sdv-dev\cfbfastR-dev\cfbfastR-cfb-raw\.venv\Lib\site-packages\sportsdataverse\cfb\cfb_play_participants.py", line 215, in _download_plays
    body = resp.json()
           ^^^^^^^^^^^
  File "C:\Users\saiem\Documents\GitHub-Data\sdv-dev\cfbfastR-dev\cfbfastR-cfb-raw\.venv\Lib\site-packages\requests\models.py", line 1120, in json
    raise RequestsJSONDecodeError(e.msg, e.doc, e.pos)
requests.exceptions.JSONDecodeError: Expecting value: line 1 column 1 (char 0)
2026-06-13 20:25:57,879 ERROR extra fetch failed: _participants(242900030,)
Traceback (most recent call last):
  File "C:\Users\saiem\Documents\GitHub-Data\sdv-dev\cfbfastR-dev\cfbfastR-cfb-raw\.venv\Lib\site-packages\requests\models.py", line 1116, in json
    return complexjson.loads(self.text, **kwargs)
           ^^^^^^^^^^^^^^^^^^^^^^^^^^^^^^^^^^^^^^
  File "C:\Users\saiem\AppData\Local\Programs\Python\Python311\Lib\json\__init__.py", line 346, in loads
    return _default_decoder.decode(s)
           ^^^^^^^^^^^^^^^^^^^^^^^^^^
  File "C:\Users\saiem\AppData\Local\Programs\Python\Python311\Lib\json\decoder.py", line 337, in decode
    obj, end = self.raw_decode(s, idx=_w(s, 0).end())
               ^^^^^^^^^^^^^^^^^^^^^^^^^^^^^^^^^^^^^^
  File "C:\Users\saiem\AppData\Local\Programs\Python\Python311\Lib\json\decoder.py", line 355, in raw_decode
    raise JSONDecodeError("Expecting value", s, err.value) from None
json.decoder.JSONDecodeError: Expecting value: line 1 column 1 (char 0)

During handling of the above exception, another exception occurred:

Traceback (most recent call last):
  File "C:\Users\saiem\Documents\GitHub-Data\sdv-dev\cfbfastR-dev\cfbfastR-cfb-raw\python\_cfb_raw_utils.py", line 93, in _safe
    return fn(*args, **kwargs)
           ^^^^^^^^^^^^^^^^^^^
  File "C:\Users\saiem\Documents\GitHub-Data\sdv-dev\cfbfastR-dev\cfbfastR-cfb-raw\python\scrape_cfb_json.py", line 27, in _participants
    return sdv.cfb.espn_cfb_play_participants(game_id=gid, return_as_pandas=True).to_dict("records")
           ^^^^^^^^^^^^^^^^^^^^^^^^^^^^^^^^^^^^^^^^^^^^^^^^^^^^^^^^^^^^^^^^^^^^^^
  File "C:\Users\saiem\Documents\GitHub-Data\sdv-dev\cfbfastR-dev\cfbfastR-cfb-raw\.venv\Lib\site-packages\sportsdataverse\cfb\cfb_play_participants.py", line 184, in espn_cfb_play_participants
    plays_raw = _download_plays(game_id, **kwargs)
                ^^^^^^^^^^^^^^^^^^^^^^^^^^^^^^^^^^
  File "C:\Users\saiem\Documents\GitHub-Data\sdv-dev\cfbfastR-dev\cfbfastR-cfb-raw\.venv\Lib\site-packages\sportsdataverse\cfb\cfb_play_participants.py", line 215, in _download_plays
    body = resp.json()
           ^^^^^^^^^^^
  File "C:\Users\saiem\Documents\GitHub-Data\sdv-dev\cfbfastR-dev\cfbfastR-cfb-raw\.venv\Lib\site-packages\requests\models.py", line 1120, in json
    raise RequestsJSONDecodeError(e.msg, e.doc, e.pos)
requests.exceptions.JSONDecodeError: Expecting value: line 1 column 1 (char 0)
2026-06-13 20:25:58,035 ERROR extra fetch failed: _participants(242900052,)
Traceback (most recent call last):
  File "C:\Users\saiem\Documents\GitHub-Data\sdv-dev\cfbfastR-dev\cfbfastR-cfb-raw\.venv\Lib\site-packages\requests\models.py", line 1116, in json
    return complexjson.loads(self.text, **kwargs)
           ^^^^^^^^^^^^^^^^^^^^^^^^^^^^^^^^^^^^^^
  File "C:\Users\saiem\AppData\Local\Programs\Python\Python311\Lib\json\__init__.py", line 346, in loads
    return _default_decoder.decode(s)
           ^^^^^^^^^^^^^^^^^^^^^^^^^^
  File "C:\Users\saiem\AppData\Local\Programs\Python\Python311\Lib\json\decoder.py", line 337, in decode
    obj, end = self.raw_decode(s, idx=_w(s, 0).end())
               ^^^^^^^^^^^^^^^^^^^^^^^^^^^^^^^^^^^^^^
  File "C:\Users\saiem\AppData\Local\Programs\Python\Python311\Lib\json\decoder.py", line 355, in raw_decode
    raise JSONDecodeError("Expecting value", s, err.value) from None
json.decoder.JSONDecodeError: Expecting value: line 1 column 1 (char 0)

During handling of the above exception, another exception occurred:

Traceback (most recent call last):
  File "C:\Users\saiem\Documents\GitHub-Data\sdv-dev\cfbfastR-dev\cfbfastR-cfb-raw\python\_cfb_raw_utils.py", line 93, in _safe
    return fn(*args, **kwargs)
           ^^^^^^^^^^^^^^^^^^^
  File "C:\Users\saiem\Documents\GitHub-Data\sdv-dev\cfbfastR-dev\cfbfastR-cfb-raw\python\scrape_cfb_json.py", line 27, in _participants
    return sdv.cfb.espn_cfb_play_participants(game_id=gid, return_as_pandas=True).to_dict("records")
           ^^^^^^^^^^^^^^^^^^^^^^^^^^^^^^^^^^^^^^^^^^^^^^^^^^^^^^^^^^^^^^^^^^^^^^
  File "C:\Users\saiem\Documents\GitHub-Data\sdv-dev\cfbfastR-dev\cfbfastR-cfb-raw\.venv\Lib\site-packages\sportsdataverse\cfb\cfb_play_participants.py", line 184, in espn_cfb_play_participants
    plays_raw = _download_plays(game_id, **kwargs)
                ^^^^^^^^^^^^^^^^^^^^^^^^^^^^^^^^^^
  File "C:\Users\saiem\Documents\GitHub-Data\sdv-dev\cfbfastR-dev\cfbfastR-cfb-raw\.venv\Lib\site-packages\sportsdataverse\cfb\cfb_play_participants.py", line 215, in _download_plays
    body = resp.json()
           ^^^^^^^^^^^
  File "C:\Users\saiem\Documents\GitHub-Data\sdv-dev\cfbfastR-dev\cfbfastR-cfb-raw\.venv\Lib\site-packages\requests\models.py", line 1120, in json
    raise RequestsJSONDecodeError(e.msg, e.doc, e.pos)
requests.exceptions.JSONDecodeError: Expecting value: line 1 column 1 (char 0)
2026-06-13 20:25:58,244 ERROR extra fetch failed: _participants(242900025,)
Traceback (most recent call last):
  File "C:\Users\saiem\Documents\GitHub-Data\sdv-dev\cfbfastR-dev\cfbfastR-cfb-raw\.venv\Lib\site-packages\requests\models.py", line 1116, in json
    return complexjson.loads(self.text, **kwargs)
           ^^^^^^^^^^^^^^^^^^^^^^^^^^^^^^^^^^^^^^
  File "C:\Users\saiem\AppData\Local\Programs\Python\Python311\Lib\json\__init__.py", line 346, in loads
    return _default_decoder.decode(s)
           ^^^^^^^^^^^^^^^^^^^^^^^^^^
  File "C:\Users\saiem\AppData\Local\Programs\Python\Python311\Lib\json\decoder.py", line 337, in decode
    obj, end = self.raw_decode(s, idx=_w(s, 0).end())
               ^^^^^^^^^^^^^^^^^^^^^^^^^^^^^^^^^^^^^^
  File "C:\Users\saiem\AppData\Local\Programs\Python\Python311\Lib\json\decoder.py", line 355, in raw_decode
    raise JSONDecodeError("Expecting value", s, err.value) from None
json.decoder.JSONDecodeError: Expecting value: line 1 column 1 (char 0)

During handling of the above exception, another exception occurred:

Traceback (most recent call last):
  File "C:\Users\saiem\Documents\GitHub-Data\sdv-dev\cfbfastR-dev\cfbfastR-cfb-raw\python\_cfb_raw_utils.py", line 93, in _safe
    return fn(*args, **kwargs)
           ^^^^^^^^^^^^^^^^^^^
  File "C:\Users\saiem\Documents\GitHub-Data\sdv-dev\cfbfastR-dev\cfbfastR-cfb-raw\python\scrape_cfb_json.py", line 27, in _participants
    return sdv.cfb.espn_cfb_play_participants(game_id=gid, return_as_pandas=True).to_dict("records")
           ^^^^^^^^^^^^^^^^^^^^^^^^^^^^^^^^^^^^^^^^^^^^^^^^^^^^^^^^^^^^^^^^^^^^^^
  File "C:\Users\saiem\Documents\GitHub-Data\sdv-dev\cfbfastR-dev\cfbfastR-cfb-raw\.venv\Lib\site-packages\sportsdataverse\cfb\cfb_play_participants.py", line 184, in espn_cfb_play_participants
    plays_raw = _download_plays(game_id, **kwargs)
                ^^^^^^^^^^^^^^^^^^^^^^^^^^^^^^^^^^
  File "C:\Users\saiem\Documents\GitHub-Data\sdv-dev\cfbfastR-dev\cfbfastR-cfb-raw\.venv\Lib\site-packages\sportsdataverse\cfb\cfb_play_participants.py", line 215, in _download_plays
    body = resp.json()
           ^^^^^^^^^^^
  File "C:\Users\saiem\Documents\GitHub-Data\sdv-dev\cfbfastR-dev\cfbfastR-cfb-raw\.venv\Lib\site-packages\requests\models.py", line 1120, in json
    raise RequestsJSONDecodeError(e.msg, e.doc, e.pos)
requests.exceptions.JSONDecodeError: Expecting value: line 1 column 1 (char 0)
2026-06-13 20:25:58,338 ERROR extra fetch failed: _participants(242902509,)
Traceback (most recent call last):
  File "C:\Users\saiem\Documents\GitHub-Data\sdv-dev\cfbfastR-dev\cfbfastR-cfb-raw\.venv\Lib\site-packages\requests\models.py", line 1116, in json
    return complexjson.loads(self.text, **kwargs)
           ^^^^^^^^^^^^^^^^^^^^^^^^^^^^^^^^^^^^^^
  File "C:\Users\saiem\AppData\Local\Programs\Python\Python311\Lib\json\__init__.py", line 346, in loads
    return _default_decoder.decode(s)
           ^^^^^^^^^^^^^^^^^^^^^^^^^^
  File "C:\Users\saiem\AppData\Local\Programs\Python\Python311\Lib\json\decoder.py", line 337, in decode
    obj, end = self.raw_decode(s, idx=_w(s, 0).end())
               ^^^^^^^^^^^^^^^^^^^^^^^^^^^^^^^^^^^^^^
  File "C:\Users\saiem\AppData\Local\Programs\Python\Python311\Lib\json\decoder.py", line 355, in raw_decode
    raise JSONDecodeError("Expecting value", s, err.value) from None
json.decoder.JSONDecodeError: Expecting value: line 1 column 1 (char 0)

During handling of the above exception, another exception occurred:

Traceback (most recent call last):
  File "C:\Users\saiem\Documents\GitHub-Data\sdv-dev\cfbfastR-dev\cfbfastR-cfb-raw\python\_cfb_raw_utils.py", line 93, in _safe
    return fn(*args, **kwargs)
           ^^^^^^^^^^^^^^^^^^^
  File "C:\Users\saiem\Documents\GitHub-Data\sdv-dev\cfbfastR-dev\cfbfastR-cfb-raw\python\scrape_cfb_json.py", line 27, in _participants
    return sdv.cfb.espn_cfb_play_participants(game_id=gid, return_as_pandas=True).to_dict("records")
           ^^^^^^^^^^^^^^^^^^^^^^^^^^^^^^^^^^^^^^^^^^^^^^^^^^^^^^^^^^^^^^^^^^^^^^
  File "C:\Users\saiem\Documents\GitHub-Data\sdv-dev\cfbfastR-dev\cfbfastR-cfb-raw\.venv\Lib\site-packages\sportsdataverse\cfb\cfb_play_participants.py", line 184, in espn_cfb_play_participants
    plays_raw = _download_plays(game_id, **kwargs)
                ^^^^^^^^^^^^^^^^^^^^^^^^^^^^^^^^^^
  File "C:\Users\saiem\Documents\GitHub-Data\sdv-dev\cfbfastR-dev\cfbfastR-cfb-raw\.venv\Lib\site-packages\sportsdataverse\cfb\cfb_play_participants.py", line 215, in _download_plays
    body = resp.json()
           ^^^^^^^^^^^
  File "C:\Users\saiem\Documents\GitHub-Data\sdv-dev\cfbfastR-dev\cfbfastR-cfb-raw\.venv\Lib\site-packages\requests\models.py", line 1120, in json
    raise RequestsJSONDecodeError(e.msg, e.doc, e.pos)
requests.exceptions.JSONDecodeError: Expecting value: line 1 column 1 (char 0)
2026-06-13 20:25:58,366 ERROR extra fetch failed: _participants(242900254,)
Traceback (most recent call last):
  File "C:\Users\saiem\Documents\GitHub-Data\sdv-dev\cfbfastR-dev\cfbfastR-cfb-raw\.venv\Lib\site-packages\requests\models.py", line 1116, in json
    return complexjson.loads(self.text, **kwargs)
           ^^^^^^^^^^^^^^^^^^^^^^^^^^^^^^^^^^^^^^
  File "C:\Users\saiem\AppData\Local\Programs\Python\Python311\Lib\json\__init__.py", line 346, in loads
    return _default_decoder.decode(s)
           ^^^^^^^^^^^^^^^^^^^^^^^^^^
  File "C:\Users\saiem\AppData\Local\Programs\Python\Python311\Lib\json\decoder.py", line 337, in decode
    obj, end = self.raw_decode(s, idx=_w(s, 0).end())
               ^^^^^^^^^^^^^^^^^^^^^^^^^^^^^^^^^^^^^^
  File "C:\Users\saiem\AppData\Local\Programs\Python\Python311\Lib\json\decoder.py", line 355, in raw_decode
    raise JSONDecodeError("Expecting value", s, err.value) from None
json.decoder.JSONDecodeError: Expecting value: line 1 column 1 (char 0)

During handling of the above exception, another exception occurred:

Traceback (most recent call last):
  File "C:\Users\saiem\Documents\GitHub-Data\sdv-dev\cfbfastR-dev\cfbfastR-cfb-raw\python\_cfb_raw_utils.py", line 93, in _safe
    return fn(*args, **kwargs)
           ^^^^^^^^^^^^^^^^^^^
  File "C:\Users\saiem\Documents\GitHub-Data\sdv-dev\cfbfastR-dev\cfbfastR-cfb-raw\python\scrape_cfb_json.py", line 27, in _participants
    return sdv.cfb.espn_cfb_play_participants(game_id=gid, return_as_pandas=True).to_dict("records")
           ^^^^^^^^^^^^^^^^^^^^^^^^^^^^^^^^^^^^^^^^^^^^^^^^^^^^^^^^^^^^^^^^^^^^^^
  File "C:\Users\saiem\Documents\GitHub-Data\sdv-dev\cfbfastR-dev\cfbfastR-cfb-raw\.venv\Lib\site-packages\sportsdataverse\cfb\cfb_play_participants.py", line 184, in espn_cfb_play_participants
    plays_raw = _download_plays(game_id, **kwargs)
                ^^^^^^^^^^^^^^^^^^^^^^^^^^^^^^^^^^
  File "C:\Users\saiem\Documents\GitHub-Data\sdv-dev\cfbfastR-dev\cfbfastR-cfb-raw\.venv\Lib\site-packages\sportsdataverse\cfb\cfb_play_participants.py", line 215, in _download_plays
    body = resp.json()
           ^^^^^^^^^^^
  File "C:\Users\saiem\Documents\GitHub-Data\sdv-dev\cfbfastR-dev\cfbfastR-cfb-raw\.venv\Lib\site-packages\requests\models.py", line 1120, in json
    raise RequestsJSONDecodeError(e.msg, e.doc, e.pos)
requests.exceptions.JSONDecodeError: Expecting value: line 1 column 1 (char 0)
2026-06-13 20:25:58,628 ERROR extra fetch failed: _participants(242902306,)
Traceback (most recent call last):
  File "C:\Users\saiem\Documents\GitHub-Data\sdv-dev\cfbfastR-dev\cfbfastR-cfb-raw\.venv\Lib\site-packages\requests\models.py", line 1116, in json
    return complexjson.loads(self.text, **kwargs)
           ^^^^^^^^^^^^^^^^^^^^^^^^^^^^^^^^^^^^^^
  File "C:\Users\saiem\AppData\Local\Programs\Python\Python311\Lib\json\__init__.py", line 346, in loads
    return _default_decoder.decode(s)
           ^^^^^^^^^^^^^^^^^^^^^^^^^^
  File "C:\Users\saiem\AppData\Local\Programs\Python\Python311\Lib\json\decoder.py", line 337, in decode
    obj, end = self.raw_decode(s, idx=_w(s, 0).end())
               ^^^^^^^^^^^^^^^^^^^^^^^^^^^^^^^^^^^^^^
  File "C:\Users\saiem\AppData\Local\Programs\Python\Python311\Lib\json\decoder.py", line 355, in raw_decode
    raise JSONDecodeError("Expecting value", s, err.value) from None
json.decoder.JSONDecodeError: Expecting value: line 1 column 1 (char 0)

During handling of the above exception, another exception occurred:

Traceback (most recent call last):
  File "C:\Users\saiem\Documents\GitHub-Data\sdv-dev\cfbfastR-dev\cfbfastR-cfb-raw\python\_cfb_raw_utils.py", line 93, in _safe
    return fn(*args, **kwargs)
           ^^^^^^^^^^^^^^^^^^^
  File "C:\Users\saiem\Documents\GitHub-Data\sdv-dev\cfbfastR-dev\cfbfastR-cfb-raw\python\scrape_cfb_json.py", line 27, in _participants
    return sdv.cfb.espn_cfb_play_participants(game_id=gid, return_as_pandas=True).to_dict("records")
           ^^^^^^^^^^^^^^^^^^^^^^^^^^^^^^^^^^^^^^^^^^^^^^^^^^^^^^^^^^^^^^^^^^^^^^
  File "C:\Users\saiem\Documents\GitHub-Data\sdv-dev\cfbfastR-dev\cfbfastR-cfb-raw\.venv\Lib\site-packages\sportsdataverse\cfb\cfb_play_participants.py", line 184, in espn_cfb_play_participants
    plays_raw = _download_plays(game_id, **kwargs)
                ^^^^^^^^^^^^^^^^^^^^^^^^^^^^^^^^^^
  File "C:\Users\saiem\Documents\GitHub-Data\sdv-dev\cfbfastR-dev\cfbfastR-cfb-raw\.venv\Lib\site-packages\sportsdataverse\cfb\cfb_play_participants.py", line 215, in _download_plays
    body = resp.json()
           ^^^^^^^^^^^
  File "C:\Users\saiem\Documents\GitHub-Data\sdv-dev\cfbfastR-dev\cfbfastR-cfb-raw\.venv\Lib\site-packages\requests\models.py", line 1120, in json
    raise RequestsJSONDecodeError(e.msg, e.doc, e.pos)
requests.exceptions.JSONDecodeError: Expecting value: line 1 column 1 (char 0)
2026-06-13 20:25:58,650 ERROR extra fetch failed: _participants(242900061,)
Traceback (most recent call last):
  File "C:\Users\saiem\Documents\GitHub-Data\sdv-dev\cfbfastR-dev\cfbfastR-cfb-raw\.venv\Lib\site-packages\requests\models.py", line 1116, in json
    return complexjson.loads(self.text, **kwargs)
           ^^^^^^^^^^^^^^^^^^^^^^^^^^^^^^^^^^^^^^
  File "C:\Users\saiem\AppData\Local\Programs\Python\Python311\Lib\json\__init__.py", line 346, in loads
    return _default_decoder.decode(s)
           ^^^^^^^^^^^^^^^^^^^^^^^^^^
  File "C:\Users\saiem\AppData\Local\Programs\Python\Python311\Lib\json\decoder.py", line 337, in decode
    obj, end = self.raw_decode(s, idx=_w(s, 0).end())
               ^^^^^^^^^^^^^^^^^^^^^^^^^^^^^^^^^^^^^^
  File "C:\Users\saiem\AppData\Local\Programs\Python\Python311\Lib\json\decoder.py", line 355, in raw_decode
    raise JSONDecodeError("Expecting value", s, err.value) from None
json.decoder.JSONDecodeError: Expecting value: line 1 column 1 (char 0)

During handling of the above exception, another exception occurred:

Traceback (most recent call last):
  File "C:\Users\saiem\Documents\GitHub-Data\sdv-dev\cfbfastR-dev\cfbfastR-cfb-raw\python\_cfb_raw_utils.py", line 93, in _safe
    return fn(*args, **kwargs)
           ^^^^^^^^^^^^^^^^^^^
  File "C:\Users\saiem\Documents\GitHub-Data\sdv-dev\cfbfastR-dev\cfbfastR-cfb-raw\python\scrape_cfb_json.py", line 27, in _participants
    return sdv.cfb.espn_cfb_play_participants(game_id=gid, return_as_pandas=True).to_dict("records")
           ^^^^^^^^^^^^^^^^^^^^^^^^^^^^^^^^^^^^^^^^^^^^^^^^^^^^^^^^^^^^^^^^^^^^^^
  File "C:\Users\saiem\Documents\GitHub-Data\sdv-dev\cfbfastR-dev\cfbfastR-cfb-raw\.venv\Lib\site-packages\sportsdataverse\cfb\cfb_play_participants.py", line 184, in espn_cfb_play_participants
    plays_raw = _download_plays(game_id, **kwargs)
                ^^^^^^^^^^^^^^^^^^^^^^^^^^^^^^^^^^
  File "C:\Users\saiem\Documents\GitHub-Data\sdv-dev\cfbfastR-dev\cfbfastR-cfb-raw\.venv\Lib\site-packages\sportsdataverse\cfb\cfb_play_participants.py", line 215, in _download_plays
    body = resp.json()
           ^^^^^^^^^^^
  File "C:\Users\saiem\Documents\GitHub-Data\sdv-dev\cfbfastR-dev\cfbfastR-cfb-raw\.venv\Lib\site-packages\requests\models.py", line 1120, in json
    raise RequestsJSONDecodeError(e.msg, e.doc, e.pos)
requests.exceptions.JSONDecodeError: Expecting value: line 1 column 1 (char 0)
2026-06-13 20:25:58,720 ERROR extra fetch failed: _participants(242900127,)
Traceback (most recent call last):
  File "C:\Users\saiem\Documents\GitHub-Data\sdv-dev\cfbfastR-dev\cfbfastR-cfb-raw\.venv\Lib\site-packages\requests\models.py", line 1116, in json
    return complexjson.loads(self.text, **kwargs)
           ^^^^^^^^^^^^^^^^^^^^^^^^^^^^^^^^^^^^^^
  File "C:\Users\saiem\AppData\Local\Programs\Python\Python311\Lib\json\__init__.py", line 346, in loads
    return _default_decoder.decode(s)
           ^^^^^^^^^^^^^^^^^^^^^^^^^^
  File "C:\Users\saiem\AppData\Local\Programs\Python\Python311\Lib\json\decoder.py", line 337, in decode
    obj, end = self.raw_decode(s, idx=_w(s, 0).end())
               ^^^^^^^^^^^^^^^^^^^^^^^^^^^^^^^^^^^^^^
  File "C:\Users\saiem\AppData\Local\Programs\Python\Python311\Lib\json\decoder.py", line 355, in raw_decode
    raise JSONDecodeError("Expecting value", s, err.value) from None
json.decoder.JSONDecodeError: Expecting value: line 1 column 1 (char 0)

During handling of the above exception, another exception occurred:

Traceback (most recent call last):
  File "C:\Users\saiem\Documents\GitHub-Data\sdv-dev\cfbfastR-dev\cfbfastR-cfb-raw\python\_cfb_raw_utils.py", line 93, in _safe
    return fn(*args, **kwargs)
           ^^^^^^^^^^^^^^^^^^^
  File "C:\Users\saiem\Documents\GitHub-Data\sdv-dev\cfbfastR-dev\cfbfastR-cfb-raw\python\scrape_cfb_json.py", line 27, in _participants
    return sdv.cfb.espn_cfb_play_participants(game_id=gid, return_as_pandas=True).to_dict("records")
           ^^^^^^^^^^^^^^^^^^^^^^^^^^^^^^^^^^^^^^^^^^^^^^^^^^^^^^^^^^^^^^^^^^^^^^
  File "C:\Users\saiem\Documents\GitHub-Data\sdv-dev\cfbfastR-dev\cfbfastR-cfb-raw\.venv\Lib\site-packages\sportsdataverse\cfb\cfb_play_participants.py", line 184, in espn_cfb_play_participants
    plays_raw = _download_plays(game_id, **kwargs)
                ^^^^^^^^^^^^^^^^^^^^^^^^^^^^^^^^^^
  File "C:\Users\saiem\Documents\GitHub-Data\sdv-dev\cfbfastR-dev\cfbfastR-cfb-raw\.venv\Lib\site-packages\sportsdataverse\cfb\cfb_play_participants.py", line 215, in _download_plays
    body = resp.json()
           ^^^^^^^^^^^
  File "C:\Users\saiem\Documents\GitHub-Data\sdv-dev\cfbfastR-dev\cfbfastR-cfb-raw\.venv\Lib\site-packages\requests\models.py", line 1120, in json
    raise RequestsJSONDecodeError(e.msg, e.doc, e.pos)
requests.exceptions.JSONDecodeError: Expecting value: line 1 column 1 (char 0)
2026-06-13 20:25:58,749 ERROR extra fetch failed: _participants(242900145,)
Traceback (most recent call last):
  File "C:\Users\saiem\Documents\GitHub-Data\sdv-dev\cfbfastR-dev\cfbfastR-cfb-raw\.venv\Lib\site-packages\requests\models.py", line 1116, in json
    return complexjson.loads(self.text, **kwargs)
           ^^^^^^^^^^^^^^^^^^^^^^^^^^^^^^^^^^^^^^
  File "C:\Users\saiem\AppData\Local\Programs\Python\Python311\Lib\json\__init__.py", line 346, in loads
    return _default_decoder.decode(s)
           ^^^^^^^^^^^^^^^^^^^^^^^^^^
  File "C:\Users\saiem\AppData\Local\Programs\Python\Python311\Lib\json\decoder.py", line 337, in decode
    obj, end = self.raw_decode(s, idx=_w(s, 0).end())
               ^^^^^^^^^^^^^^^^^^^^^^^^^^^^^^^^^^^^^^
  File "C:\Users\saiem\AppData\Local\Programs\Python\Python311\Lib\json\decoder.py", line 355, in raw_decode
    raise JSONDecodeError("Expecting value", s, err.value) from None
json.decoder.JSONDecodeError: Expecting value: line 1 column 1 (char 0)

During handling of the above exception, another exception occurred:

Traceback (most recent call last):
  File "C:\Users\saiem\Documents\GitHub-Data\sdv-dev\cfbfastR-dev\cfbfastR-cfb-raw\python\_cfb_raw_utils.py", line 93, in _safe
    return fn(*args, **kwargs)
           ^^^^^^^^^^^^^^^^^^^
  File "C:\Users\saiem\Documents\GitHub-Data\sdv-dev\cfbfastR-dev\cfbfastR-cfb-raw\python\scrape_cfb_json.py", line 27, in _participants
    return sdv.cfb.espn_cfb_play_participants(game_id=gid, return_as_pandas=True).to_dict("records")
           ^^^^^^^^^^^^^^^^^^^^^^^^^^^^^^^^^^^^^^^^^^^^^^^^^^^^^^^^^^^^^^^^^^^^^^
  File "C:\Users\saiem\Documents\GitHub-Data\sdv-dev\cfbfastR-dev\cfbfastR-cfb-raw\.venv\Lib\site-packages\sportsdataverse\cfb\cfb_play_participants.py", line 184, in espn_cfb_play_participants
    plays_raw = _download_plays(game_id, **kwargs)
                ^^^^^^^^^^^^^^^^^^^^^^^^^^^^^^^^^^
  File "C:\Users\saiem\Documents\GitHub-Data\sdv-dev\cfbfastR-dev\cfbfastR-cfb-raw\.venv\Lib\site-packages\sportsdataverse\cfb\cfb_play_participants.py", line 215, in _download_plays
    body = resp.json()
           ^^^^^^^^^^^
  File "C:\Users\saiem\Documents\GitHub-Data\sdv-dev\cfbfastR-dev\cfbfastR-cfb-raw\.venv\Lib\site-packages\requests\models.py", line 1120, in json
    raise RequestsJSONDecodeError(e.msg, e.doc, e.pos)
requests.exceptions.JSONDecodeError: Expecting value: line 1 column 1 (char 0)
2026-06-13 20:25:58,764 ERROR extra fetch failed: _participants(242900202,)
Traceback (most recent call last):
  File "C:\Users\saiem\Documents\GitHub-Data\sdv-dev\cfbfastR-dev\cfbfastR-cfb-raw\.venv\Lib\site-packages\requests\models.py", line 1116, in json
    return complexjson.loads(self.text, **kwargs)
           ^^^^^^^^^^^^^^^^^^^^^^^^^^^^^^^^^^^^^^
  File "C:\Users\saiem\AppData\Local\Programs\Python\Python311\Lib\json\__init__.py", line 346, in loads
    return _default_decoder.decode(s)
           ^^^^^^^^^^^^^^^^^^^^^^^^^^
  File "C:\Users\saiem\AppData\Local\Programs\Python\Python311\Lib\json\decoder.py", line 337, in decode
    obj, end = self.raw_decode(s, idx=_w(s, 0).end())
               ^^^^^^^^^^^^^^^^^^^^^^^^^^^^^^^^^^^^^^
  File "C:\Users\saiem\AppData\Local\Programs\Python\Python311\Lib\json\decoder.py", line 355, in raw_decode
    raise JSONDecodeError("Expecting value", s, err.value) from None
json.decoder.JSONDecodeError: Expecting value: line 1 column 1 (char 0)

During handling of the above exception, another exception occurred:

Traceback (most recent call last):
  File "C:\Users\saiem\Documents\GitHub-Data\sdv-dev\cfbfastR-dev\cfbfastR-cfb-raw\python\_cfb_raw_utils.py", line 93, in _safe
    return fn(*args, **kwargs)
           ^^^^^^^^^^^^^^^^^^^
  File "C:\Users\saiem\Documents\GitHub-Data\sdv-dev\cfbfastR-dev\cfbfastR-cfb-raw\python\scrape_cfb_json.py", line 27, in _participants
    return sdv.cfb.espn_cfb_play_participants(game_id=gid, return_as_pandas=True).to_dict("records")
           ^^^^^^^^^^^^^^^^^^^^^^^^^^^^^^^^^^^^^^^^^^^^^^^^^^^^^^^^^^^^^^^^^^^^^^
  File "C:\Users\saiem\Documents\GitHub-Data\sdv-dev\cfbfastR-dev\cfbfastR-cfb-raw\.venv\Lib\site-packages\sportsdataverse\cfb\cfb_play_participants.py", line 184, in espn_cfb_play_participants
    plays_raw = _download_plays(game_id, **kwargs)
                ^^^^^^^^^^^^^^^^^^^^^^^^^^^^^^^^^^
  File "C:\Users\saiem\Documents\GitHub-Data\sdv-dev\cfbfastR-dev\cfbfastR-cfb-raw\.venv\Lib\site-packages\sportsdataverse\cfb\cfb_play_participants.py", line 215, in _download_plays
    body = resp.json()
           ^^^^^^^^^^^
  File "C:\Users\saiem\Documents\GitHub-Data\sdv-dev\cfbfastR-dev\cfbfastR-cfb-raw\.venv\Lib\site-packages\requests\models.py", line 1120, in json
    raise RequestsJSONDecodeError(e.msg, e.doc, e.pos)
requests.exceptions.JSONDecodeError: Expecting value: line 1 column 1 (char 0)
2026-06-13 20:25:58,823 ERROR extra fetch failed: _participants(242900356,)
Traceback (most recent call last):
  File "C:\Users\saiem\Documents\GitHub-Data\sdv-dev\cfbfastR-dev\cfbfastR-cfb-raw\.venv\Lib\site-packages\requests\models.py", line 1116, in json
    return complexjson.loads(self.text, **kwargs)
           ^^^^^^^^^^^^^^^^^^^^^^^^^^^^^^^^^^^^^^
  File "C:\Users\saiem\AppData\Local\Programs\Python\Python311\Lib\json\__init__.py", line 346, in loads
    return _default_decoder.decode(s)
           ^^^^^^^^^^^^^^^^^^^^^^^^^^
  File "C:\Users\saiem\AppData\Local\Programs\Python\Python311\Lib\json\decoder.py", line 337, in decode
    obj, end = self.raw_decode(s, idx=_w(s, 0).end())
               ^^^^^^^^^^^^^^^^^^^^^^^^^^^^^^^^^^^^^^
  File "C:\Users\saiem\AppData\Local\Programs\Python\Python311\Lib\json\decoder.py", line 355, in raw_decode
    raise JSONDecodeError("Expecting value", s, err.value) from None
json.decoder.JSONDecodeError: Expecting value: line 1 column 1 (char 0)

During handling of the above exception, another exception occurred:

Traceback (most recent call last):
  File "C:\Users\saiem\Documents\GitHub-Data\sdv-dev\cfbfastR-dev\cfbfastR-cfb-raw\python\_cfb_raw_utils.py", line 93, in _safe
    return fn(*args, **kwargs)
           ^^^^^^^^^^^^^^^^^^^
  File "C:\Users\saiem\Documents\GitHub-Data\sdv-dev\cfbfastR-dev\cfbfastR-cfb-raw\python\scrape_cfb_json.py", line 27, in _participants
    return sdv.cfb.espn_cfb_play_participants(game_id=gid, return_as_pandas=True).to_dict("records")
           ^^^^^^^^^^^^^^^^^^^^^^^^^^^^^^^^^^^^^^^^^^^^^^^^^^^^^^^^^^^^^^^^^^^^^^
  File "C:\Users\saiem\Documents\GitHub-Data\sdv-dev\cfbfastR-dev\cfbfastR-cfb-raw\.venv\Lib\site-packages\sportsdataverse\cfb\cfb_play_participants.py", line 184, in espn_cfb_play_participants
    plays_raw = _download_plays(game_id, **kwargs)
                ^^^^^^^^^^^^^^^^^^^^^^^^^^^^^^^^^^
  File "C:\Users\saiem\Documents\GitHub-Data\sdv-dev\cfbfastR-dev\cfbfastR-cfb-raw\.venv\Lib\site-packages\sportsdataverse\cfb\cfb_play_participants.py", line 215, in _download_plays
    body = resp.json()
           ^^^^^^^^^^^
  File "C:\Users\saiem\Documents\GitHub-Data\sdv-dev\cfbfastR-dev\cfbfastR-cfb-raw\.venv\Lib\site-packages\requests\models.py", line 1120, in json
    raise RequestsJSONDecodeError(e.msg, e.doc, e.pos)
requests.exceptions.JSONDecodeError: Expecting value: line 1 column 1 (char 0)
2026-06-13 20:25:58,829 ERROR extra fetch failed: _participants(242900251,)
Traceback (most recent call last):
  File "C:\Users\saiem\Documents\GitHub-Data\sdv-dev\cfbfastR-dev\cfbfastR-cfb-raw\.venv\Lib\site-packages\requests\models.py", line 1116, in json
    return complexjson.loads(self.text, **kwargs)
           ^^^^^^^^^^^^^^^^^^^^^^^^^^^^^^^^^^^^^^
  File "C:\Users\saiem\AppData\Local\Programs\Python\Python311\Lib\json\__init__.py", line 346, in loads
    return _default_decoder.decode(s)
           ^^^^^^^^^^^^^^^^^^^^^^^^^^
  File "C:\Users\saiem\AppData\Local\Programs\Python\Python311\Lib\json\decoder.py", line 337, in decode
    obj, end = self.raw_decode(s, idx=_w(s, 0).end())
               ^^^^^^^^^^^^^^^^^^^^^^^^^^^^^^^^^^^^^^
  File "C:\Users\saiem\AppData\Local\Programs\Python\Python311\Lib\json\decoder.py", line 355, in raw_decode
    raise JSONDecodeError("Expecting value", s, err.value) from None
json.decoder.JSONDecodeError: Expecting value: line 1 column 1 (char 0)

During handling of the above exception, another exception occurred:

Traceback (most recent call last):
  File "C:\Users\saiem\Documents\GitHub-Data\sdv-dev\cfbfastR-dev\cfbfastR-cfb-raw\python\_cfb_raw_utils.py", line 93, in _safe
    return fn(*args, **kwargs)
           ^^^^^^^^^^^^^^^^^^^
  File "C:\Users\saiem\Documents\GitHub-Data\sdv-dev\cfbfastR-dev\cfbfastR-cfb-raw\python\scrape_cfb_json.py", line 27, in _participants
    return sdv.cfb.espn_cfb_play_participants(game_id=gid, return_as_pandas=True).to_dict("records")
           ^^^^^^^^^^^^^^^^^^^^^^^^^^^^^^^^^^^^^^^^^^^^^^^^^^^^^^^^^^^^^^^^^^^^^^
  File "C:\Users\saiem\Documents\GitHub-Data\sdv-dev\cfbfastR-dev\cfbfastR-cfb-raw\.venv\Lib\site-packages\sportsdataverse\cfb\cfb_play_participants.py", line 184, in espn_cfb_play_participants
    plays_raw = _download_plays(game_id, **kwargs)
                ^^^^^^^^^^^^^^^^^^^^^^^^^^^^^^^^^^
  File "C:\Users\saiem\Documents\GitHub-Data\sdv-dev\cfbfastR-dev\cfbfastR-cfb-raw\.venv\Lib\site-packages\sportsdataverse\cfb\cfb_play_participants.py", line 215, in _download_plays
    body = resp.json()
           ^^^^^^^^^^^
  File "C:\Users\saiem\Documents\GitHub-Data\sdv-dev\cfbfastR-dev\cfbfastR-cfb-raw\.venv\Lib\site-packages\requests\models.py", line 1120, in json
    raise RequestsJSONDecodeError(e.msg, e.doc, e.pos)
requests.exceptions.JSONDecodeError: Expecting value: line 1 column 1 (char 0)
2026-06-13 20:25:58,918 ERROR extra fetch failed: _participants(242900333,)
Traceback (most recent call last):
  File "C:\Users\saiem\Documents\GitHub-Data\sdv-dev\cfbfastR-dev\cfbfastR-cfb-raw\.venv\Lib\site-packages\requests\models.py", line 1116, in json
    return complexjson.loads(self.text, **kwargs)
           ^^^^^^^^^^^^^^^^^^^^^^^^^^^^^^^^^^^^^^
  File "C:\Users\saiem\AppData\Local\Programs\Python\Python311\Lib\json\__init__.py", line 346, in loads
    return _default_decoder.decode(s)
           ^^^^^^^^^^^^^^^^^^^^^^^^^^
  File "C:\Users\saiem\AppData\Local\Programs\Python\Python311\Lib\json\decoder.py", line 337, in decode
    obj, end = self.raw_decode(s, idx=_w(s, 0).end())
               ^^^^^^^^^^^^^^^^^^^^^^^^^^^^^^^^^^^^^^
  File "C:\Users\saiem\AppData\Local\Programs\Python\Python311\Lib\json\decoder.py", line 355, in raw_decode
    raise JSONDecodeError("Expecting value", s, err.value) from None
json.decoder.JSONDecodeError: Expecting value: line 1 column 1 (char 0)

During handling of the above exception, another exception occurred:

Traceback (most recent call last):
  File "C:\Users\saiem\Documents\GitHub-Data\sdv-dev\cfbfastR-dev\cfbfastR-cfb-raw\python\_cfb_raw_utils.py", line 93, in _safe
    return fn(*args, **kwargs)
           ^^^^^^^^^^^^^^^^^^^
  File "C:\Users\saiem\Documents\GitHub-Data\sdv-dev\cfbfastR-dev\cfbfastR-cfb-raw\python\scrape_cfb_json.py", line 27, in _participants
    return sdv.cfb.espn_cfb_play_participants(game_id=gid, return_as_pandas=True).to_dict("records")
           ^^^^^^^^^^^^^^^^^^^^^^^^^^^^^^^^^^^^^^^^^^^^^^^^^^^^^^^^^^^^^^^^^^^^^^
  File "C:\Users\saiem\Documents\GitHub-Data\sdv-dev\cfbfastR-dev\cfbfastR-cfb-raw\.venv\Lib\site-packages\sportsdataverse\cfb\cfb_play_participants.py", line 184, in espn_cfb_play_participants
    plays_raw = _download_plays(game_id, **kwargs)
                ^^^^^^^^^^^^^^^^^^^^^^^^^^^^^^^^^^
  File "C:\Users\saiem\Documents\GitHub-Data\sdv-dev\cfbfastR-dev\cfbfastR-cfb-raw\.venv\Lib\site-packages\sportsdataverse\cfb\cfb_play_participants.py", line 215, in _download_plays
    body = resp.json()
           ^^^^^^^^^^^
  File "C:\Users\saiem\Documents\GitHub-Data\sdv-dev\cfbfastR-dev\cfbfastR-cfb-raw\.venv\Lib\site-packages\requests\models.py", line 1120, in json
    raise RequestsJSONDecodeError(e.msg, e.doc, e.pos)
requests.exceptions.JSONDecodeError: Expecting value: line 1 column 1 (char 0)
2026-06-13 20:25:58,919 ERROR extra fetch failed: _rosters(242882390,)
Traceback (most recent call last):
  File "C:\Users\saiem\Documents\GitHub-Data\sdv-dev\cfbfastR-dev\cfbfastR-cfb-raw\.venv\Lib\site-packages\requests\models.py", line 1116, in json
    return complexjson.loads(self.text, **kwargs)
           ^^^^^^^^^^^^^^^^^^^^^^^^^^^^^^^^^^^^^^
  File "C:\Users\saiem\AppData\Local\Programs\Python\Python311\Lib\json\__init__.py", line 346, in loads
    return _default_decoder.decode(s)
           ^^^^^^^^^^^^^^^^^^^^^^^^^^
  File "C:\Users\saiem\AppData\Local\Programs\Python\Python311\Lib\json\decoder.py", line 337, in decode
    obj, end = self.raw_decode(s, idx=_w(s, 0).end())
               ^^^^^^^^^^^^^^^^^^^^^^^^^^^^^^^^^^^^^^
  File "C:\Users\saiem\AppData\Local\Programs\Python\Python311\Lib\json\decoder.py", line 355, in raw_decode
    raise JSONDecodeError("Expecting value", s, err.value) from None
json.decoder.JSONDecodeError: Expecting value: line 1 column 1 (char 0)

During handling of the above exception, another exception occurred:

Traceback (most recent call last):
  File "C:\Users\saiem\Documents\GitHub-Data\sdv-dev\cfbfastR-dev\cfbfastR-cfb-raw\python\_cfb_raw_utils.py", line 93, in _safe
    return fn(*args, **kwargs)
           ^^^^^^^^^^^^^^^^^^^
  File "C:\Users\saiem\Documents\GitHub-Data\sdv-dev\cfbfastR-dev\cfbfastR-cfb-raw\python\scrape_cfb_json.py", line 31, in _rosters
    return sdv.cfb.espn_cfb_game_rosters(game_id=gid, return_as_pandas=True).to_dict("records")
           ^^^^^^^^^^^^^^^^^^^^^^^^^^^^^^^^^^^^^^^^^^^^^^^^^^^^^^^^^^^^^^^^^
  File "C:\Users\saiem\Documents\GitHub-Data\sdv-dev\cfbfastR-dev\cfbfastR-cfb-raw\.venv\Lib\site-packages\sportsdataverse\cfb\cfb_game_rosters.py", line 64, in espn_cfb_game_rosters
    summary = summary_resp.json()
              ^^^^^^^^^^^^^^^^^^^
  File "C:\Users\saiem\Documents\GitHub-Data\sdv-dev\cfbfastR-dev\cfbfastR-cfb-raw\.venv\Lib\site-packages\requests\models.py", line 1120, in json
    raise RequestsJSONDecodeError(e.msg, e.doc, e.pos)
requests.exceptions.JSONDecodeError: Expecting value: line 1 column 1 (char 0)
2026-06-13 20:25:59,038 ERROR extra fetch failed: _participants(242900197,)
Traceback (most recent call last):
  File "C:\Users\saiem\Documents\GitHub-Data\sdv-dev\cfbfastR-dev\cfbfastR-cfb-raw\.venv\Lib\site-packages\requests\models.py", line 1116, in json
    return complexjson.loads(self.text, **kwargs)
           ^^^^^^^^^^^^^^^^^^^^^^^^^^^^^^^^^^^^^^
  File "C:\Users\saiem\AppData\Local\Programs\Python\Python311\Lib\json\__init__.py", line 346, in loads
    return _default_decoder.decode(s)
           ^^^^^^^^^^^^^^^^^^^^^^^^^^
  File "C:\Users\saiem\AppData\Local\Programs\Python\Python311\Lib\json\decoder.py", line 337, in decode
    obj, end = self.raw_decode(s, idx=_w(s, 0).end())
               ^^^^^^^^^^^^^^^^^^^^^^^^^^^^^^^^^^^^^^
  File "C:\Users\saiem\AppData\Local\Programs\Python\Python311\Lib\json\decoder.py", line 355, in raw_decode
    raise JSONDecodeError("Expecting value", s, err.value) from None
json.decoder.JSONDecodeError: Expecting value: line 1 column 1 (char 0)

During handling of the above exception, another exception occurred:

Traceback (most recent call last):
  File "C:\Users\saiem\Documents\GitHub-Data\sdv-dev\cfbfastR-dev\cfbfastR-cfb-raw\python\_cfb_raw_utils.py", line 93, in _safe
    return fn(*args, **kwargs)
           ^^^^^^^^^^^^^^^^^^^
  File "C:\Users\saiem\Documents\GitHub-Data\sdv-dev\cfbfastR-dev\cfbfastR-cfb-raw\python\scrape_cfb_json.py", line 27, in _participants
    return sdv.cfb.espn_cfb_play_participants(game_id=gid, return_as_pandas=True).to_dict("records")
           ^^^^^^^^^^^^^^^^^^^^^^^^^^^^^^^^^^^^^^^^^^^^^^^^^^^^^^^^^^^^^^^^^^^^^^
  File "C:\Users\saiem\Documents\GitHub-Data\sdv-dev\cfbfastR-dev\cfbfastR-cfb-raw\.venv\Lib\site-packages\sportsdataverse\cfb\cfb_play_participants.py", line 184, in espn_cfb_play_participants
    plays_raw = _download_plays(game_id, **kwargs)
                ^^^^^^^^^^^^^^^^^^^^^^^^^^^^^^^^^^
  File "C:\Users\saiem\Documents\GitHub-Data\sdv-dev\cfbfastR-dev\cfbfastR-cfb-raw\.venv\Lib\site-packages\sportsdataverse\cfb\cfb_play_participants.py", line 215, in _download_plays
    body = resp.json()
           ^^^^^^^^^^^
  File "C:\Users\saiem\Documents\GitHub-Data\sdv-dev\cfbfastR-dev\cfbfastR-cfb-raw\.venv\Lib\site-packages\requests\models.py", line 1120, in json
    raise RequestsJSONDecodeError(e.msg, e.doc, e.pos)
requests.exceptions.JSONDecodeError: Expecting value: line 1 column 1 (char 0)
2026-06-13 20:25:59,116 ERROR extra fetch failed: _rosters(242900002,)
Traceback (most recent call last):
  File "C:\Users\saiem\Documents\GitHub-Data\sdv-dev\cfbfastR-dev\cfbfastR-cfb-raw\.venv\Lib\site-packages\requests\models.py", line 1116, in json
    return complexjson.loads(self.text, **kwargs)
           ^^^^^^^^^^^^^^^^^^^^^^^^^^^^^^^^^^^^^^
  File "C:\Users\saiem\AppData\Local\Programs\Python\Python311\Lib\json\__init__.py", line 346, in loads
    return _default_decoder.decode(s)
           ^^^^^^^^^^^^^^^^^^^^^^^^^^
  File "C:\Users\saiem\AppData\Local\Programs\Python\Python311\Lib\json\decoder.py", line 337, in decode
    obj, end = self.raw_decode(s, idx=_w(s, 0).end())
               ^^^^^^^^^^^^^^^^^^^^^^^^^^^^^^^^^^^^^^
  File "C:\Users\saiem\AppData\Local\Programs\Python\Python311\Lib\json\decoder.py", line 355, in raw_decode
    raise JSONDecodeError("Expecting value", s, err.value) from None
json.decoder.JSONDecodeError: Expecting value: line 1 column 1 (char 0)

During handling of the above exception, another exception occurred:

Traceback (most recent call last):
  File "C:\Users\saiem\Documents\GitHub-Data\sdv-dev\cfbfastR-dev\cfbfastR-cfb-raw\python\_cfb_raw_utils.py", line 93, in _safe
    return fn(*args, **kwargs)
           ^^^^^^^^^^^^^^^^^^^
  File "C:\Users\saiem\Documents\GitHub-Data\sdv-dev\cfbfastR-dev\cfbfastR-cfb-raw\python\scrape_cfb_json.py", line 31, in _rosters
    return sdv.cfb.espn_cfb_game_rosters(game_id=gid, return_as_pandas=True).to_dict("records")
           ^^^^^^^^^^^^^^^^^^^^^^^^^^^^^^^^^^^^^^^^^^^^^^^^^^^^^^^^^^^^^^^^^
  File "C:\Users\saiem\Documents\GitHub-Data\sdv-dev\cfbfastR-dev\cfbfastR-cfb-raw\.venv\Lib\site-packages\sportsdataverse\cfb\cfb_game_rosters.py", line 64, in espn_cfb_game_rosters
    summary = summary_resp.json()
              ^^^^^^^^^^^^^^^^^^^
  File "C:\Users\saiem\Documents\GitHub-Data\sdv-dev\cfbfastR-dev\cfbfastR-cfb-raw\.venv\Lib\site-packages\requests\models.py", line 1120, in json
    raise RequestsJSONDecodeError(e.msg, e.doc, e.pos)
requests.exceptions.JSONDecodeError: Expecting value: line 1 column 1 (char 0)
2026-06-13 20:25:59,131 ERROR extra fetch failed: _rosters(242870041,)
Traceback (most recent call last):
  File "C:\Users\saiem\Documents\GitHub-Data\sdv-dev\cfbfastR-dev\cfbfastR-cfb-raw\.venv\Lib\site-packages\requests\models.py", line 1116, in json
    return complexjson.loads(self.text, **kwargs)
           ^^^^^^^^^^^^^^^^^^^^^^^^^^^^^^^^^^^^^^
  File "C:\Users\saiem\AppData\Local\Programs\Python\Python311\Lib\json\__init__.py", line 346, in loads
    return _default_decoder.decode(s)
           ^^^^^^^^^^^^^^^^^^^^^^^^^^
  File "C:\Users\saiem\AppData\Local\Programs\Python\Python311\Lib\json\decoder.py", line 337, in decode
    obj, end = self.raw_decode(s, idx=_w(s, 0).end())
               ^^^^^^^^^^^^^^^^^^^^^^^^^^^^^^^^^^^^^^
  File "C:\Users\saiem\AppData\Local\Programs\Python\Python311\Lib\json\decoder.py", line 355, in raw_decode
    raise JSONDecodeError("Expecting value", s, err.value) from None
json.decoder.JSONDecodeError: Expecting value: line 1 column 1 (char 0)

During handling of the above exception, another exception occurred:

Traceback (most recent call last):
  File "C:\Users\saiem\Documents\GitHub-Data\sdv-dev\cfbfastR-dev\cfbfastR-cfb-raw\python\_cfb_raw_utils.py", line 93, in _safe
    return fn(*args, **kwargs)
           ^^^^^^^^^^^^^^^^^^^
  File "C:\Users\saiem\Documents\GitHub-Data\sdv-dev\cfbfastR-dev\cfbfastR-cfb-raw\python\scrape_cfb_json.py", line 31, in _rosters
    return sdv.cfb.espn_cfb_game_rosters(game_id=gid, return_as_pandas=True).to_dict("records")
           ^^^^^^^^^^^^^^^^^^^^^^^^^^^^^^^^^^^^^^^^^^^^^^^^^^^^^^^^^^^^^^^^^
  File "C:\Users\saiem\Documents\GitHub-Data\sdv-dev\cfbfastR-dev\cfbfastR-cfb-raw\.venv\Lib\site-packages\sportsdataverse\cfb\cfb_game_rosters.py", line 64, in espn_cfb_game_rosters
    summary = summary_resp.json()
              ^^^^^^^^^^^^^^^^^^^
  File "C:\Users\saiem\Documents\GitHub-Data\sdv-dev\cfbfastR-dev\cfbfastR-cfb-raw\.venv\Lib\site-packages\requests\models.py", line 1120, in json
    raise RequestsJSONDecodeError(e.msg, e.doc, e.pos)
requests.exceptions.JSONDecodeError: Expecting value: line 1 column 1 (char 0)
2026-06-13 20:25:59,131 ERROR extra fetch failed: _participants(242900057,)
Traceback (most recent call last):
  File "C:\Users\saiem\Documents\GitHub-Data\sdv-dev\cfbfastR-dev\cfbfastR-cfb-raw\.venv\Lib\site-packages\requests\models.py", line 1116, in json
    return complexjson.loads(self.text, **kwargs)
           ^^^^^^^^^^^^^^^^^^^^^^^^^^^^^^^^^^^^^^
  File "C:\Users\saiem\AppData\Local\Programs\Python\Python311\Lib\json\__init__.py", line 346, in loads
    return _default_decoder.decode(s)
           ^^^^^^^^^^^^^^^^^^^^^^^^^^
  File "C:\Users\saiem\AppData\Local\Programs\Python\Python311\Lib\json\decoder.py", line 337, in decode
    obj, end = self.raw_decode(s, idx=_w(s, 0).end())
               ^^^^^^^^^^^^^^^^^^^^^^^^^^^^^^^^^^^^^^
  File "C:\Users\saiem\AppData\Local\Programs\Python\Python311\Lib\json\decoder.py", line 355, in raw_decode
    raise JSONDecodeError("Expecting value", s, err.value) from None
json.decoder.JSONDecodeError: Expecting value: line 1 column 1 (char 0)

During handling of the above exception, another exception occurred:

Traceback (most recent call last):
  File "C:\Users\saiem\Documents\GitHub-Data\sdv-dev\cfbfastR-dev\cfbfastR-cfb-raw\python\_cfb_raw_utils.py", line 93, in _safe
    return fn(*args, **kwargs)
           ^^^^^^^^^^^^^^^^^^^
  File "C:\Users\saiem\Documents\GitHub-Data\sdv-dev\cfbfastR-dev\cfbfastR-cfb-raw\python\scrape_cfb_json.py", line 27, in _participants
    return sdv.cfb.espn_cfb_play_participants(game_id=gid, return_as_pandas=True).to_dict("records")
           ^^^^^^^^^^^^^^^^^^^^^^^^^^^^^^^^^^^^^^^^^^^^^^^^^^^^^^^^^^^^^^^^^^^^^^
  File "C:\Users\saiem\Documents\GitHub-Data\sdv-dev\cfbfastR-dev\cfbfastR-cfb-raw\.venv\Lib\site-packages\sportsdataverse\cfb\cfb_play_participants.py", line 184, in espn_cfb_play_participants
    plays_raw = _download_plays(game_id, **kwargs)
                ^^^^^^^^^^^^^^^^^^^^^^^^^^^^^^^^^^
  File "C:\Users\saiem\Documents\GitHub-Data\sdv-dev\cfbfastR-dev\cfbfastR-cfb-raw\.venv\Lib\site-packages\sportsdataverse\cfb\cfb_play_participants.py", line 215, in _download_plays
    body = resp.json()
           ^^^^^^^^^^^
  File "C:\Users\saiem\Documents\GitHub-Data\sdv-dev\cfbfastR-dev\cfbfastR-cfb-raw\.venv\Lib\site-packages\requests\models.py", line 1120, in json
    raise RequestsJSONDecodeError(e.msg, e.doc, e.pos)
requests.exceptions.JSONDecodeError: Expecting value: line 1 column 1 (char 0)
2026-06-13 20:25:59,147 ERROR extra fetch failed: _rosters(242900030,)
Traceback (most recent call last):
  File "C:\Users\saiem\Documents\GitHub-Data\sdv-dev\cfbfastR-dev\cfbfastR-cfb-raw\.venv\Lib\site-packages\requests\models.py", line 1116, in json
    return complexjson.loads(self.text, **kwargs)
           ^^^^^^^^^^^^^^^^^^^^^^^^^^^^^^^^^^^^^^
  File "C:\Users\saiem\AppData\Local\Programs\Python\Python311\Lib\json\__init__.py", line 346, in loads
    return _default_decoder.decode(s)
           ^^^^^^^^^^^^^^^^^^^^^^^^^^
  File "C:\Users\saiem\AppData\Local\Programs\Python\Python311\Lib\json\decoder.py", line 337, in decode
    obj, end = self.raw_decode(s, idx=_w(s, 0).end())
               ^^^^^^^^^^^^^^^^^^^^^^^^^^^^^^^^^^^^^^
  File "C:\Users\saiem\AppData\Local\Programs\Python\Python311\Lib\json\decoder.py", line 355, in raw_decode
    raise JSONDecodeError("Expecting value", s, err.value) from None
json.decoder.JSONDecodeError: Expecting value: line 1 column 1 (char 0)

During handling of the above exception, another exception occurred:

Traceback (most recent call last):
  File "C:\Users\saiem\Documents\GitHub-Data\sdv-dev\cfbfastR-dev\cfbfastR-cfb-raw\python\_cfb_raw_utils.py", line 93, in _safe
    return fn(*args, **kwargs)
           ^^^^^^^^^^^^^^^^^^^
  File "C:\Users\saiem\Documents\GitHub-Data\sdv-dev\cfbfastR-dev\cfbfastR-cfb-raw\python\scrape_cfb_json.py", line 31, in _rosters
    return sdv.cfb.espn_cfb_game_rosters(game_id=gid, return_as_pandas=True).to_dict("records")
           ^^^^^^^^^^^^^^^^^^^^^^^^^^^^^^^^^^^^^^^^^^^^^^^^^^^^^^^^^^^^^^^^^
  File "C:\Users\saiem\Documents\GitHub-Data\sdv-dev\cfbfastR-dev\cfbfastR-cfb-raw\.venv\Lib\site-packages\sportsdataverse\cfb\cfb_game_rosters.py", line 64, in espn_cfb_game_rosters
    summary = summary_resp.json()
              ^^^^^^^^^^^^^^^^^^^
  File "C:\Users\saiem\Documents\GitHub-Data\sdv-dev\cfbfastR-dev\cfbfastR-cfb-raw\.venv\Lib\site-packages\requests\models.py", line 1120, in json
    raise RequestsJSONDecodeError(e.msg, e.doc, e.pos)
requests.exceptions.JSONDecodeError: Expecting value: line 1 column 1 (char 0)
2026-06-13 20:25:59,386 ERROR extra fetch failed: _participants(242902294,)
Traceback (most recent call last):
  File "C:\Users\saiem\Documents\GitHub-Data\sdv-dev\cfbfastR-dev\cfbfastR-cfb-raw\.venv\Lib\site-packages\requests\models.py", line 1116, in json
    return complexjson.loads(self.text, **kwargs)
           ^^^^^^^^^^^^^^^^^^^^^^^^^^^^^^^^^^^^^^
  File "C:\Users\saiem\AppData\Local\Programs\Python\Python311\Lib\json\__init__.py", line 346, in loads
    return _default_decoder.decode(s)
           ^^^^^^^^^^^^^^^^^^^^^^^^^^
  File "C:\Users\saiem\AppData\Local\Programs\Python\Python311\Lib\json\decoder.py", line 337, in decode
    obj, end = self.raw_decode(s, idx=_w(s, 0).end())
               ^^^^^^^^^^^^^^^^^^^^^^^^^^^^^^^^^^^^^^
  File "C:\Users\saiem\AppData\Local\Programs\Python\Python311\Lib\json\decoder.py", line 355, in raw_decode
    raise JSONDecodeError("Expecting value", s, err.value) from None
json.decoder.JSONDecodeError: Expecting value: line 1 column 1 (char 0)

During handling of the above exception, another exception occurred:

Traceback (most recent call last):
  File "C:\Users\saiem\Documents\GitHub-Data\sdv-dev\cfbfastR-dev\cfbfastR-cfb-raw\python\_cfb_raw_utils.py", line 93, in _safe
    return fn(*args, **kwargs)
           ^^^^^^^^^^^^^^^^^^^
  File "C:\Users\saiem\Documents\GitHub-Data\sdv-dev\cfbfastR-dev\cfbfastR-cfb-raw\python\scrape_cfb_json.py", line 27, in _participants
    return sdv.cfb.espn_cfb_play_participants(game_id=gid, return_as_pandas=True).to_dict("records")
           ^^^^^^^^^^^^^^^^^^^^^^^^^^^^^^^^^^^^^^^^^^^^^^^^^^^^^^^^^^^^^^^^^^^^^^
  File "C:\Users\saiem\Documents\GitHub-Data\sdv-dev\cfbfastR-dev\cfbfastR-cfb-raw\.venv\Lib\site-packages\sportsdataverse\cfb\cfb_play_participants.py", line 184, in espn_cfb_play_participants
    plays_raw = _download_plays(game_id, **kwargs)
                ^^^^^^^^^^^^^^^^^^^^^^^^^^^^^^^^^^
  File "C:\Users\saiem\Documents\GitHub-Data\sdv-dev\cfbfastR-dev\cfbfastR-cfb-raw\.venv\Lib\site-packages\sportsdataverse\cfb\cfb_play_participants.py", line 215, in _download_plays
    body = resp.json()
           ^^^^^^^^^^^
  File "C:\Users\saiem\Documents\GitHub-Data\sdv-dev\cfbfastR-dev\cfbfastR-cfb-raw\.venv\Lib\site-packages\requests\models.py", line 1120, in json
    raise RequestsJSONDecodeError(e.msg, e.doc, e.pos)
requests.exceptions.JSONDecodeError: Expecting value: line 1 column 1 (char 0)
2026-06-13 20:25:59,431 ERROR extra fetch failed: _rosters(242900052,)
Traceback (most recent call last):
  File "C:\Users\saiem\Documents\GitHub-Data\sdv-dev\cfbfastR-dev\cfbfastR-cfb-raw\.venv\Lib\site-packages\requests\models.py", line 1116, in json
    return complexjson.loads(self.text, **kwargs)
           ^^^^^^^^^^^^^^^^^^^^^^^^^^^^^^^^^^^^^^
  File "C:\Users\saiem\AppData\Local\Programs\Python\Python311\Lib\json\__init__.py", line 346, in loads
    return _default_decoder.decode(s)
           ^^^^^^^^^^^^^^^^^^^^^^^^^^
  File "C:\Users\saiem\AppData\Local\Programs\Python\Python311\Lib\json\decoder.py", line 337, in decode
    obj, end = self.raw_decode(s, idx=_w(s, 0).end())
               ^^^^^^^^^^^^^^^^^^^^^^^^^^^^^^^^^^^^^^
  File "C:\Users\saiem\AppData\Local\Programs\Python\Python311\Lib\json\decoder.py", line 355, in raw_decode
    raise JSONDecodeError("Expecting value", s, err.value) from None
json.decoder.JSONDecodeError: Expecting value: line 1 column 1 (char 0)

During handling of the above exception, another exception occurred:

Traceback (most recent call last):
  File "C:\Users\saiem\Documents\GitHub-Data\sdv-dev\cfbfastR-dev\cfbfastR-cfb-raw\python\_cfb_raw_utils.py", line 93, in _safe
    return fn(*args, **kwargs)
           ^^^^^^^^^^^^^^^^^^^
  File "C:\Users\saiem\Documents\GitHub-Data\sdv-dev\cfbfastR-dev\cfbfastR-cfb-raw\python\scrape_cfb_json.py", line 31, in _rosters
    return sdv.cfb.espn_cfb_game_rosters(game_id=gid, return_as_pandas=True).to_dict("records")
           ^^^^^^^^^^^^^^^^^^^^^^^^^^^^^^^^^^^^^^^^^^^^^^^^^^^^^^^^^^^^^^^^^
  File "C:\Users\saiem\Documents\GitHub-Data\sdv-dev\cfbfastR-dev\cfbfastR-cfb-raw\.venv\Lib\site-packages\sportsdataverse\cfb\cfb_game_rosters.py", line 64, in espn_cfb_game_rosters
    summary = summary_resp.json()
              ^^^^^^^^^^^^^^^^^^^
  File "C:\Users\saiem\Documents\GitHub-Data\sdv-dev\cfbfastR-dev\cfbfastR-cfb-raw\.venv\Lib\site-packages\requests\models.py", line 1120, in json
    raise RequestsJSONDecodeError(e.msg, e.doc, e.pos)
requests.exceptions.JSONDecodeError: Expecting value: line 1 column 1 (char 0)
2026-06-13 20:25:59,559 ERROR extra fetch failed: _rosters(242900025,)
Traceback (most recent call last):
  File "C:\Users\saiem\Documents\GitHub-Data\sdv-dev\cfbfastR-dev\cfbfastR-cfb-raw\.venv\Lib\site-packages\requests\models.py", line 1116, in json
    return complexjson.loads(self.text, **kwargs)
           ^^^^^^^^^^^^^^^^^^^^^^^^^^^^^^^^^^^^^^
  File "C:\Users\saiem\AppData\Local\Programs\Python\Python311\Lib\json\__init__.py", line 346, in loads
    return _default_decoder.decode(s)
           ^^^^^^^^^^^^^^^^^^^^^^^^^^
  File "C:\Users\saiem\AppData\Local\Programs\Python\Python311\Lib\json\decoder.py", line 337, in decode
    obj, end = self.raw_decode(s, idx=_w(s, 0).end())
               ^^^^^^^^^^^^^^^^^^^^^^^^^^^^^^^^^^^^^^
  File "C:\Users\saiem\AppData\Local\Programs\Python\Python311\Lib\json\decoder.py", line 355, in raw_decode
    raise JSONDecodeError("Expecting value", s, err.value) from None
json.decoder.JSONDecodeError: Expecting value: line 1 column 1 (char 0)

During handling of the above exception, another exception occurred:

Traceback (most recent call last):
  File "C:\Users\saiem\Documents\GitHub-Data\sdv-dev\cfbfastR-dev\cfbfastR-cfb-raw\python\_cfb_raw_utils.py", line 93, in _safe
    return fn(*args, **kwargs)
           ^^^^^^^^^^^^^^^^^^^
  File "C:\Users\saiem\Documents\GitHub-Data\sdv-dev\cfbfastR-dev\cfbfastR-cfb-raw\python\scrape_cfb_json.py", line 31, in _rosters
    return sdv.cfb.espn_cfb_game_rosters(game_id=gid, return_as_pandas=True).to_dict("records")
           ^^^^^^^^^^^^^^^^^^^^^^^^^^^^^^^^^^^^^^^^^^^^^^^^^^^^^^^^^^^^^^^^^
  File "C:\Users\saiem\Documents\GitHub-Data\sdv-dev\cfbfastR-dev\cfbfastR-cfb-raw\.venv\Lib\site-packages\sportsdataverse\cfb\cfb_game_rosters.py", line 64, in espn_cfb_game_rosters
    summary = summary_resp.json()
              ^^^^^^^^^^^^^^^^^^^
  File "C:\Users\saiem\Documents\GitHub-Data\sdv-dev\cfbfastR-dev\cfbfastR-cfb-raw\.venv\Lib\site-packages\requests\models.py", line 1120, in json
    raise RequestsJSONDecodeError(e.msg, e.doc, e.pos)
requests.exceptions.JSONDecodeError: Expecting value: line 1 column 1 (char 0)
2026-06-13 20:25:59,653 ERROR extra fetch failed: _rosters(242900254,)
Traceback (most recent call last):
  File "C:\Users\saiem\Documents\GitHub-Data\sdv-dev\cfbfastR-dev\cfbfastR-cfb-raw\.venv\Lib\site-packages\requests\models.py", line 1116, in json
    return complexjson.loads(self.text, **kwargs)
           ^^^^^^^^^^^^^^^^^^^^^^^^^^^^^^^^^^^^^^
  File "C:\Users\saiem\AppData\Local\Programs\Python\Python311\Lib\json\__init__.py", line 346, in loads
    return _default_decoder.decode(s)
           ^^^^^^^^^^^^^^^^^^^^^^^^^^
  File "C:\Users\saiem\AppData\Local\Programs\Python\Python311\Lib\json\decoder.py", line 337, in decode
    obj, end = self.raw_decode(s, idx=_w(s, 0).end())
               ^^^^^^^^^^^^^^^^^^^^^^^^^^^^^^^^^^^^^^
  File "C:\Users\saiem\AppData\Local\Programs\Python\Python311\Lib\json\decoder.py", line 355, in raw_decode
    raise JSONDecodeError("Expecting value", s, err.value) from None
json.decoder.JSONDecodeError: Expecting value: line 1 column 1 (char 0)

During handling of the above exception, another exception occurred:

Traceback (most recent call last):
  File "C:\Users\saiem\Documents\GitHub-Data\sdv-dev\cfbfastR-dev\cfbfastR-cfb-raw\python\_cfb_raw_utils.py", line 93, in _safe
    return fn(*args, **kwargs)
           ^^^^^^^^^^^^^^^^^^^
  File "C:\Users\saiem\Documents\GitHub-Data\sdv-dev\cfbfastR-dev\cfbfastR-cfb-raw\python\scrape_cfb_json.py", line 31, in _rosters
    return sdv.cfb.espn_cfb_game_rosters(game_id=gid, return_as_pandas=True).to_dict("records")
           ^^^^^^^^^^^^^^^^^^^^^^^^^^^^^^^^^^^^^^^^^^^^^^^^^^^^^^^^^^^^^^^^^
  File "C:\Users\saiem\Documents\GitHub-Data\sdv-dev\cfbfastR-dev\cfbfastR-cfb-raw\.venv\Lib\site-packages\sportsdataverse\cfb\cfb_game_rosters.py", line 64, in espn_cfb_game_rosters
    summary = summary_resp.json()
              ^^^^^^^^^^^^^^^^^^^
  File "C:\Users\saiem\Documents\GitHub-Data\sdv-dev\cfbfastR-dev\cfbfastR-cfb-raw\.venv\Lib\site-packages\requests\models.py", line 1120, in json
    raise RequestsJSONDecodeError(e.msg, e.doc, e.pos)
requests.exceptions.JSONDecodeError: Expecting value: line 1 column 1 (char 0)
2026-06-13 20:25:59,698 ERROR extra fetch failed: _rosters(242902509,)
Traceback (most recent call last):
  File "C:\Users\saiem\Documents\GitHub-Data\sdv-dev\cfbfastR-dev\cfbfastR-cfb-raw\.venv\Lib\site-packages\requests\models.py", line 1116, in json
    return complexjson.loads(self.text, **kwargs)
           ^^^^^^^^^^^^^^^^^^^^^^^^^^^^^^^^^^^^^^
  File "C:\Users\saiem\AppData\Local\Programs\Python\Python311\Lib\json\__init__.py", line 346, in loads
    return _default_decoder.decode(s)
           ^^^^^^^^^^^^^^^^^^^^^^^^^^
  File "C:\Users\saiem\AppData\Local\Programs\Python\Python311\Lib\json\decoder.py", line 337, in decode
    obj, end = self.raw_decode(s, idx=_w(s, 0).end())
               ^^^^^^^^^^^^^^^^^^^^^^^^^^^^^^^^^^^^^^
  File "C:\Users\saiem\AppData\Local\Programs\Python\Python311\Lib\json\decoder.py", line 355, in raw_decode
    raise JSONDecodeError("Expecting value", s, err.value) from None
json.decoder.JSONDecodeError: Expecting value: line 1 column 1 (char 0)

During handling of the above exception, another exception occurred:

Traceback (most recent call last):
  File "C:\Users\saiem\Documents\GitHub-Data\sdv-dev\cfbfastR-dev\cfbfastR-cfb-raw\python\_cfb_raw_utils.py", line 93, in _safe
    return fn(*args, **kwargs)
           ^^^^^^^^^^^^^^^^^^^
  File "C:\Users\saiem\Documents\GitHub-Data\sdv-dev\cfbfastR-dev\cfbfastR-cfb-raw\python\scrape_cfb_json.py", line 31, in _rosters
    return sdv.cfb.espn_cfb_game_rosters(game_id=gid, return_as_pandas=True).to_dict("records")
           ^^^^^^^^^^^^^^^^^^^^^^^^^^^^^^^^^^^^^^^^^^^^^^^^^^^^^^^^^^^^^^^^^
  File "C:\Users\saiem\Documents\GitHub-Data\sdv-dev\cfbfastR-dev\cfbfastR-cfb-raw\.venv\Lib\site-packages\sportsdataverse\cfb\cfb_game_rosters.py", line 64, in espn_cfb_game_rosters
    summary = summary_resp.json()
              ^^^^^^^^^^^^^^^^^^^
  File "C:\Users\saiem\Documents\GitHub-Data\sdv-dev\cfbfastR-dev\cfbfastR-cfb-raw\.venv\Lib\site-packages\requests\models.py", line 1120, in json
    raise RequestsJSONDecodeError(e.msg, e.doc, e.pos)
requests.exceptions.JSONDecodeError: Expecting value: line 1 column 1 (char 0)
2026-06-13 20:25:59,889 ERROR extra fetch failed: _rosters(242900127,)
Traceback (most recent call last):
  File "C:\Users\saiem\Documents\GitHub-Data\sdv-dev\cfbfastR-dev\cfbfastR-cfb-raw\.venv\Lib\site-packages\requests\models.py", line 1116, in json
    return complexjson.loads(self.text, **kwargs)
           ^^^^^^^^^^^^^^^^^^^^^^^^^^^^^^^^^^^^^^
  File "C:\Users\saiem\AppData\Local\Programs\Python\Python311\Lib\json\__init__.py", line 346, in loads
    return _default_decoder.decode(s)
           ^^^^^^^^^^^^^^^^^^^^^^^^^^
  File "C:\Users\saiem\AppData\Local\Programs\Python\Python311\Lib\json\decoder.py", line 337, in decode
    obj, end = self.raw_decode(s, idx=_w(s, 0).end())
               ^^^^^^^^^^^^^^^^^^^^^^^^^^^^^^^^^^^^^^
  File "C:\Users\saiem\AppData\Local\Programs\Python\Python311\Lib\json\decoder.py", line 355, in raw_decode
    raise JSONDecodeError("Expecting value", s, err.value) from None
json.decoder.JSONDecodeError: Expecting value: line 1 column 1 (char 0)

During handling of the above exception, another exception occurred:

Traceback (most recent call last):
  File "C:\Users\saiem\Documents\GitHub-Data\sdv-dev\cfbfastR-dev\cfbfastR-cfb-raw\python\_cfb_raw_utils.py", line 93, in _safe
    return fn(*args, **kwargs)
           ^^^^^^^^^^^^^^^^^^^
  File "C:\Users\saiem\Documents\GitHub-Data\sdv-dev\cfbfastR-dev\cfbfastR-cfb-raw\python\scrape_cfb_json.py", line 31, in _rosters
    return sdv.cfb.espn_cfb_game_rosters(game_id=gid, return_as_pandas=True).to_dict("records")
           ^^^^^^^^^^^^^^^^^^^^^^^^^^^^^^^^^^^^^^^^^^^^^^^^^^^^^^^^^^^^^^^^^
  File "C:\Users\saiem\Documents\GitHub-Data\sdv-dev\cfbfastR-dev\cfbfastR-cfb-raw\.venv\Lib\site-packages\sportsdataverse\cfb\cfb_game_rosters.py", line 64, in espn_cfb_game_rosters
    summary = summary_resp.json()
              ^^^^^^^^^^^^^^^^^^^
  File "C:\Users\saiem\Documents\GitHub-Data\sdv-dev\cfbfastR-dev\cfbfastR-cfb-raw\.venv\Lib\site-packages\requests\models.py", line 1120, in json
    raise RequestsJSONDecodeError(e.msg, e.doc, e.pos)
requests.exceptions.JSONDecodeError: Expecting value: line 1 column 1 (char 0)
2026-06-13 20:25:59,986 ERROR extra fetch failed: _rosters(242900061,)
Traceback (most recent call last):
  File "C:\Users\saiem\Documents\GitHub-Data\sdv-dev\cfbfastR-dev\cfbfastR-cfb-raw\.venv\Lib\site-packages\requests\models.py", line 1116, in json
    return complexjson.loads(self.text, **kwargs)
           ^^^^^^^^^^^^^^^^^^^^^^^^^^^^^^^^^^^^^^
  File "C:\Users\saiem\AppData\Local\Programs\Python\Python311\Lib\json\__init__.py", line 346, in loads
    return _default_decoder.decode(s)
           ^^^^^^^^^^^^^^^^^^^^^^^^^^
  File "C:\Users\saiem\AppData\Local\Programs\Python\Python311\Lib\json\decoder.py", line 337, in decode
    obj, end = self.raw_decode(s, idx=_w(s, 0).end())
               ^^^^^^^^^^^^^^^^^^^^^^^^^^^^^^^^^^^^^^
  File "C:\Users\saiem\AppData\Local\Programs\Python\Python311\Lib\json\decoder.py", line 355, in raw_decode
    raise JSONDecodeError("Expecting value", s, err.value) from None
json.decoder.JSONDecodeError: Expecting value: line 1 column 1 (char 0)

During handling of the above exception, another exception occurred:

Traceback (most recent call last):
  File "C:\Users\saiem\Documents\GitHub-Data\sdv-dev\cfbfastR-dev\cfbfastR-cfb-raw\python\_cfb_raw_utils.py", line 93, in _safe
    return fn(*args, **kwargs)
           ^^^^^^^^^^^^^^^^^^^
  File "C:\Users\saiem\Documents\GitHub-Data\sdv-dev\cfbfastR-dev\cfbfastR-cfb-raw\python\scrape_cfb_json.py", line 31, in _rosters
    return sdv.cfb.espn_cfb_game_rosters(game_id=gid, return_as_pandas=True).to_dict("records")
           ^^^^^^^^^^^^^^^^^^^^^^^^^^^^^^^^^^^^^^^^^^^^^^^^^^^^^^^^^^^^^^^^^
  File "C:\Users\saiem\Documents\GitHub-Data\sdv-dev\cfbfastR-dev\cfbfastR-cfb-raw\.venv\Lib\site-packages\sportsdataverse\cfb\cfb_game_rosters.py", line 64, in espn_cfb_game_rosters
    summary = summary_resp.json()
              ^^^^^^^^^^^^^^^^^^^
  File "C:\Users\saiem\Documents\GitHub-Data\sdv-dev\cfbfastR-dev\cfbfastR-cfb-raw\.venv\Lib\site-packages\requests\models.py", line 1120, in json
    raise RequestsJSONDecodeError(e.msg, e.doc, e.pos)
requests.exceptions.JSONDecodeError: Expecting value: line 1 column 1 (char 0)
2026-06-13 20:26:00,031 ERROR extra fetch failed: _rosters(242902306,)
Traceback (most recent call last):
  File "C:\Users\saiem\Documents\GitHub-Data\sdv-dev\cfbfastR-dev\cfbfastR-cfb-raw\.venv\Lib\site-packages\requests\models.py", line 1116, in json
    return complexjson.loads(self.text, **kwargs)
           ^^^^^^^^^^^^^^^^^^^^^^^^^^^^^^^^^^^^^^
  File "C:\Users\saiem\AppData\Local\Programs\Python\Python311\Lib\json\__init__.py", line 346, in loads
    return _default_decoder.decode(s)
           ^^^^^^^^^^^^^^^^^^^^^^^^^^
  File "C:\Users\saiem\AppData\Local\Programs\Python\Python311\Lib\json\decoder.py", line 337, in decode
    obj, end = self.raw_decode(s, idx=_w(s, 0).end())
               ^^^^^^^^^^^^^^^^^^^^^^^^^^^^^^^^^^^^^^
  File "C:\Users\saiem\AppData\Local\Programs\Python\Python311\Lib\json\decoder.py", line 355, in raw_decode
    raise JSONDecodeError("Expecting value", s, err.value) from None
json.decoder.JSONDecodeError: Expecting value: line 1 column 1 (char 0)

During handling of the above exception, another exception occurred:

Traceback (most recent call last):
  File "C:\Users\saiem\Documents\GitHub-Data\sdv-dev\cfbfastR-dev\cfbfastR-cfb-raw\python\_cfb_raw_utils.py", line 93, in _safe
    return fn(*args, **kwargs)
           ^^^^^^^^^^^^^^^^^^^
  File "C:\Users\saiem\Documents\GitHub-Data\sdv-dev\cfbfastR-dev\cfbfastR-cfb-raw\python\scrape_cfb_json.py", line 31, in _rosters
    return sdv.cfb.espn_cfb_game_rosters(game_id=gid, return_as_pandas=True).to_dict("records")
           ^^^^^^^^^^^^^^^^^^^^^^^^^^^^^^^^^^^^^^^^^^^^^^^^^^^^^^^^^^^^^^^^^
  File "C:\Users\saiem\Documents\GitHub-Data\sdv-dev\cfbfastR-dev\cfbfastR-cfb-raw\.venv\Lib\site-packages\sportsdataverse\cfb\cfb_game_rosters.py", line 64, in espn_cfb_game_rosters
    summary = summary_resp.json()
              ^^^^^^^^^^^^^^^^^^^
  File "C:\Users\saiem\Documents\GitHub-Data\sdv-dev\cfbfastR-dev\cfbfastR-cfb-raw\.venv\Lib\site-packages\requests\models.py", line 1120, in json
    raise RequestsJSONDecodeError(e.msg, e.doc, e.pos)
requests.exceptions.JSONDecodeError: Expecting value: line 1 column 1 (char 0)
2026-06-13 20:26:00,052 ERROR extra fetch failed: _participants(242900059,)
Traceback (most recent call last):
  File "C:\Users\saiem\Documents\GitHub-Data\sdv-dev\cfbfastR-dev\cfbfastR-cfb-raw\.venv\Lib\site-packages\requests\models.py", line 1116, in json
    return complexjson.loads(self.text, **kwargs)
           ^^^^^^^^^^^^^^^^^^^^^^^^^^^^^^^^^^^^^^
  File "C:\Users\saiem\AppData\Local\Programs\Python\Python311\Lib\json\__init__.py", line 346, in loads
    return _default_decoder.decode(s)
           ^^^^^^^^^^^^^^^^^^^^^^^^^^
  File "C:\Users\saiem\AppData\Local\Programs\Python\Python311\Lib\json\decoder.py", line 337, in decode
    obj, end = self.raw_decode(s, idx=_w(s, 0).end())
               ^^^^^^^^^^^^^^^^^^^^^^^^^^^^^^^^^^^^^^
  File "C:\Users\saiem\AppData\Local\Programs\Python\Python311\Lib\json\decoder.py", line 355, in raw_decode
    raise JSONDecodeError("Expecting value", s, err.value) from None
json.decoder.JSONDecodeError: Expecting value: line 1 column 1 (char 0)

During handling of the above exception, another exception occurred:

Traceback (most recent call last):
  File "C:\Users\saiem\Documents\GitHub-Data\sdv-dev\cfbfastR-dev\cfbfastR-cfb-raw\python\_cfb_raw_utils.py", line 93, in _safe
    return fn(*args, **kwargs)
           ^^^^^^^^^^^^^^^^^^^
  File "C:\Users\saiem\Documents\GitHub-Data\sdv-dev\cfbfastR-dev\cfbfastR-cfb-raw\python\scrape_cfb_json.py", line 27, in _participants
    return sdv.cfb.espn_cfb_play_participants(game_id=gid, return_as_pandas=True).to_dict("records")
           ^^^^^^^^^^^^^^^^^^^^^^^^^^^^^^^^^^^^^^^^^^^^^^^^^^^^^^^^^^^^^^^^^^^^^^
  File "C:\Users\saiem\Documents\GitHub-Data\sdv-dev\cfbfastR-dev\cfbfastR-cfb-raw\.venv\Lib\site-packages\sportsdataverse\cfb\cfb_play_participants.py", line 184, in espn_cfb_play_participants
    plays_raw = _download_plays(game_id, **kwargs)
                ^^^^^^^^^^^^^^^^^^^^^^^^^^^^^^^^^^
  File "C:\Users\saiem\Documents\GitHub-Data\sdv-dev\cfbfastR-dev\cfbfastR-cfb-raw\.venv\Lib\site-packages\sportsdataverse\cfb\cfb_play_participants.py", line 215, in _download_plays
    body = resp.json()
           ^^^^^^^^^^^
  File "C:\Users\saiem\Documents\GitHub-Data\sdv-dev\cfbfastR-dev\cfbfastR-cfb-raw\.venv\Lib\site-packages\requests\models.py", line 1120, in json
    raise RequestsJSONDecodeError(e.msg, e.doc, e.pos)
requests.exceptions.JSONDecodeError: Expecting value: line 1 column 1 (char 0)
2026-06-13 20:26:00,106 ERROR extra fetch failed: _participants(242900164,)
Traceback (most recent call last):
  File "C:\Users\saiem\Documents\GitHub-Data\sdv-dev\cfbfastR-dev\cfbfastR-cfb-raw\.venv\Lib\site-packages\requests\models.py", line 1116, in json
    return complexjson.loads(self.text, **kwargs)
           ^^^^^^^^^^^^^^^^^^^^^^^^^^^^^^^^^^^^^^
  File "C:\Users\saiem\AppData\Local\Programs\Python\Python311\Lib\json\__init__.py", line 346, in loads
    return _default_decoder.decode(s)
           ^^^^^^^^^^^^^^^^^^^^^^^^^^
  File "C:\Users\saiem\AppData\Local\Programs\Python\Python311\Lib\json\decoder.py", line 337, in decode
    obj, end = self.raw_decode(s, idx=_w(s, 0).end())
               ^^^^^^^^^^^^^^^^^^^^^^^^^^^^^^^^^^^^^^
  File "C:\Users\saiem\AppData\Local\Programs\Python\Python311\Lib\json\decoder.py", line 355, in raw_decode
    raise JSONDecodeError("Expecting value", s, err.value) from None
json.decoder.JSONDecodeError: Expecting value: line 1 column 1 (char 0)

During handling of the above exception, another exception occurred:

Traceback (most recent call last):
  File "C:\Users\saiem\Documents\GitHub-Data\sdv-dev\cfbfastR-dev\cfbfastR-cfb-raw\python\_cfb_raw_utils.py", line 93, in _safe
    return fn(*args, **kwargs)
           ^^^^^^^^^^^^^^^^^^^
  File "C:\Users\saiem\Documents\GitHub-Data\sdv-dev\cfbfastR-dev\cfbfastR-cfb-raw\python\scrape_cfb_json.py", line 27, in _participants
    return sdv.cfb.espn_cfb_play_participants(game_id=gid, return_as_pandas=True).to_dict("records")
           ^^^^^^^^^^^^^^^^^^^^^^^^^^^^^^^^^^^^^^^^^^^^^^^^^^^^^^^^^^^^^^^^^^^^^^
  File "C:\Users\saiem\Documents\GitHub-Data\sdv-dev\cfbfastR-dev\cfbfastR-cfb-raw\.venv\Lib\site-packages\sportsdataverse\cfb\cfb_play_participants.py", line 184, in espn_cfb_play_participants
    plays_raw = _download_plays(game_id, **kwargs)
                ^^^^^^^^^^^^^^^^^^^^^^^^^^^^^^^^^^
  File "C:\Users\saiem\Documents\GitHub-Data\sdv-dev\cfbfastR-dev\cfbfastR-cfb-raw\.venv\Lib\site-packages\sportsdataverse\cfb\cfb_play_participants.py", line 215, in _download_plays
    body = resp.json()
           ^^^^^^^^^^^
  File "C:\Users\saiem\Documents\GitHub-Data\sdv-dev\cfbfastR-dev\cfbfastR-cfb-raw\.venv\Lib\site-packages\requests\models.py", line 1120, in json
    raise RequestsJSONDecodeError(e.msg, e.doc, e.pos)
requests.exceptions.JSONDecodeError: Expecting value: line 1 column 1 (char 0)
2026-06-13 20:26:00,107 ERROR extra fetch failed: _rosters(242900356,)
Traceback (most recent call last):
  File "C:\Users\saiem\Documents\GitHub-Data\sdv-dev\cfbfastR-dev\cfbfastR-cfb-raw\.venv\Lib\site-packages\requests\models.py", line 1116, in json
    return complexjson.loads(self.text, **kwargs)
           ^^^^^^^^^^^^^^^^^^^^^^^^^^^^^^^^^^^^^^
  File "C:\Users\saiem\AppData\Local\Programs\Python\Python311\Lib\json\__init__.py", line 346, in loads
    return _default_decoder.decode(s)
           ^^^^^^^^^^^^^^^^^^^^^^^^^^
  File "C:\Users\saiem\AppData\Local\Programs\Python\Python311\Lib\json\decoder.py", line 337, in decode
    obj, end = self.raw_decode(s, idx=_w(s, 0).end())
               ^^^^^^^^^^^^^^^^^^^^^^^^^^^^^^^^^^^^^^
  File "C:\Users\saiem\AppData\Local\Programs\Python\Python311\Lib\json\decoder.py", line 355, in raw_decode
    raise JSONDecodeError("Expecting value", s, err.value) from None
json.decoder.JSONDecodeError: Expecting value: line 1 column 1 (char 0)

During handling of the above exception, another exception occurred:

Traceback (most recent call last):
  File "C:\Users\saiem\Documents\GitHub-Data\sdv-dev\cfbfastR-dev\cfbfastR-cfb-raw\python\_cfb_raw_utils.py", line 93, in _safe
    return fn(*args, **kwargs)
           ^^^^^^^^^^^^^^^^^^^
  File "C:\Users\saiem\Documents\GitHub-Data\sdv-dev\cfbfastR-dev\cfbfastR-cfb-raw\python\scrape_cfb_json.py", line 31, in _rosters
    return sdv.cfb.espn_cfb_game_rosters(game_id=gid, return_as_pandas=True).to_dict("records")
           ^^^^^^^^^^^^^^^^^^^^^^^^^^^^^^^^^^^^^^^^^^^^^^^^^^^^^^^^^^^^^^^^^
  File "C:\Users\saiem\Documents\GitHub-Data\sdv-dev\cfbfastR-dev\cfbfastR-cfb-raw\.venv\Lib\site-packages\sportsdataverse\cfb\cfb_game_rosters.py", line 64, in espn_cfb_game_rosters
    summary = summary_resp.json()
              ^^^^^^^^^^^^^^^^^^^
  File "C:\Users\saiem\Documents\GitHub-Data\sdv-dev\cfbfastR-dev\cfbfastR-cfb-raw\.venv\Lib\site-packages\requests\models.py", line 1120, in json
    raise RequestsJSONDecodeError(e.msg, e.doc, e.pos)
requests.exceptions.JSONDecodeError: Expecting value: line 1 column 1 (char 0)
2026-06-13 20:26:00,125 ERROR extra fetch failed: _rosters(242900202,)
Traceback (most recent call last):
  File "C:\Users\saiem\Documents\GitHub-Data\sdv-dev\cfbfastR-dev\cfbfastR-cfb-raw\.venv\Lib\site-packages\requests\models.py", line 1116, in json
    return complexjson.loads(self.text, **kwargs)
           ^^^^^^^^^^^^^^^^^^^^^^^^^^^^^^^^^^^^^^
  File "C:\Users\saiem\AppData\Local\Programs\Python\Python311\Lib\json\__init__.py", line 346, in loads
    return _default_decoder.decode(s)
           ^^^^^^^^^^^^^^^^^^^^^^^^^^
  File "C:\Users\saiem\AppData\Local\Programs\Python\Python311\Lib\json\decoder.py", line 337, in decode
    obj, end = self.raw_decode(s, idx=_w(s, 0).end())
               ^^^^^^^^^^^^^^^^^^^^^^^^^^^^^^^^^^^^^^
  File "C:\Users\saiem\AppData\Local\Programs\Python\Python311\Lib\json\decoder.py", line 355, in raw_decode
    raise JSONDecodeError("Expecting value", s, err.value) from None
json.decoder.JSONDecodeError: Expecting value: line 1 column 1 (char 0)

During handling of the above exception, another exception occurred:

Traceback (most recent call last):
  File "C:\Users\saiem\Documents\GitHub-Data\sdv-dev\cfbfastR-dev\cfbfastR-cfb-raw\python\_cfb_raw_utils.py", line 93, in _safe
    return fn(*args, **kwargs)
           ^^^^^^^^^^^^^^^^^^^
  File "C:\Users\saiem\Documents\GitHub-Data\sdv-dev\cfbfastR-dev\cfbfastR-cfb-raw\python\scrape_cfb_json.py", line 31, in _rosters
    return sdv.cfb.espn_cfb_game_rosters(game_id=gid, return_as_pandas=True).to_dict("records")
           ^^^^^^^^^^^^^^^^^^^^^^^^^^^^^^^^^^^^^^^^^^^^^^^^^^^^^^^^^^^^^^^^^
  File "C:\Users\saiem\Documents\GitHub-Data\sdv-dev\cfbfastR-dev\cfbfastR-cfb-raw\.venv\Lib\site-packages\sportsdataverse\cfb\cfb_game_rosters.py", line 64, in espn_cfb_game_rosters
    summary = summary_resp.json()
              ^^^^^^^^^^^^^^^^^^^
  File "C:\Users\saiem\Documents\GitHub-Data\sdv-dev\cfbfastR-dev\cfbfastR-cfb-raw\.venv\Lib\site-packages\requests\models.py", line 1120, in json
    raise RequestsJSONDecodeError(e.msg, e.doc, e.pos)
requests.exceptions.JSONDecodeError: Expecting value: line 1 column 1 (char 0)
2026-06-13 20:26:00,139 ERROR extra fetch failed: _rosters(242900145,)
Traceback (most recent call last):
  File "C:\Users\saiem\Documents\GitHub-Data\sdv-dev\cfbfastR-dev\cfbfastR-cfb-raw\.venv\Lib\site-packages\requests\models.py", line 1116, in json
    return complexjson.loads(self.text, **kwargs)
           ^^^^^^^^^^^^^^^^^^^^^^^^^^^^^^^^^^^^^^
  File "C:\Users\saiem\AppData\Local\Programs\Python\Python311\Lib\json\__init__.py", line 346, in loads
    return _default_decoder.decode(s)
           ^^^^^^^^^^^^^^^^^^^^^^^^^^
  File "C:\Users\saiem\AppData\Local\Programs\Python\Python311\Lib\json\decoder.py", line 337, in decode
    obj, end = self.raw_decode(s, idx=_w(s, 0).end())
               ^^^^^^^^^^^^^^^^^^^^^^^^^^^^^^^^^^^^^^
  File "C:\Users\saiem\AppData\Local\Programs\Python\Python311\Lib\json\decoder.py", line 355, in raw_decode
    raise JSONDecodeError("Expecting value", s, err.value) from None
json.decoder.JSONDecodeError: Expecting value: line 1 column 1 (char 0)

During handling of the above exception, another exception occurred:

Traceback (most recent call last):
  File "C:\Users\saiem\Documents\GitHub-Data\sdv-dev\cfbfastR-dev\cfbfastR-cfb-raw\python\_cfb_raw_utils.py", line 93, in _safe
    return fn(*args, **kwargs)
           ^^^^^^^^^^^^^^^^^^^
  File "C:\Users\saiem\Documents\GitHub-Data\sdv-dev\cfbfastR-dev\cfbfastR-cfb-raw\python\scrape_cfb_json.py", line 31, in _rosters
    return sdv.cfb.espn_cfb_game_rosters(game_id=gid, return_as_pandas=True).to_dict("records")
           ^^^^^^^^^^^^^^^^^^^^^^^^^^^^^^^^^^^^^^^^^^^^^^^^^^^^^^^^^^^^^^^^^
  File "C:\Users\saiem\Documents\GitHub-Data\sdv-dev\cfbfastR-dev\cfbfastR-cfb-raw\.venv\Lib\site-packages\sportsdataverse\cfb\cfb_game_rosters.py", line 64, in espn_cfb_game_rosters
    summary = summary_resp.json()
              ^^^^^^^^^^^^^^^^^^^
  File "C:\Users\saiem\Documents\GitHub-Data\sdv-dev\cfbfastR-dev\cfbfastR-cfb-raw\.venv\Lib\site-packages\requests\models.py", line 1120, in json
    raise RequestsJSONDecodeError(e.msg, e.doc, e.pos)
requests.exceptions.JSONDecodeError: Expecting value: line 1 column 1 (char 0)
2026-06-13 20:26:00,181 ERROR extra fetch failed: _rosters(242900197,)
Traceback (most recent call last):
  File "C:\Users\saiem\Documents\GitHub-Data\sdv-dev\cfbfastR-dev\cfbfastR-cfb-raw\.venv\Lib\site-packages\requests\models.py", line 1116, in json
    return complexjson.loads(self.text, **kwargs)
           ^^^^^^^^^^^^^^^^^^^^^^^^^^^^^^^^^^^^^^
  File "C:\Users\saiem\AppData\Local\Programs\Python\Python311\Lib\json\__init__.py", line 346, in loads
    return _default_decoder.decode(s)
           ^^^^^^^^^^^^^^^^^^^^^^^^^^
  File "C:\Users\saiem\AppData\Local\Programs\Python\Python311\Lib\json\decoder.py", line 337, in decode
    obj, end = self.raw_decode(s, idx=_w(s, 0).end())
               ^^^^^^^^^^^^^^^^^^^^^^^^^^^^^^^^^^^^^^
  File "C:\Users\saiem\AppData\Local\Programs\Python\Python311\Lib\json\decoder.py", line 355, in raw_decode
    raise JSONDecodeError("Expecting value", s, err.value) from None
json.decoder.JSONDecodeError: Expecting value: line 1 column 1 (char 0)

During handling of the above exception, another exception occurred:

Traceback (most recent call last):
  File "C:\Users\saiem\Documents\GitHub-Data\sdv-dev\cfbfastR-dev\cfbfastR-cfb-raw\python\_cfb_raw_utils.py", line 93, in _safe
    return fn(*args, **kwargs)
           ^^^^^^^^^^^^^^^^^^^
  File "C:\Users\saiem\Documents\GitHub-Data\sdv-dev\cfbfastR-dev\cfbfastR-cfb-raw\python\scrape_cfb_json.py", line 31, in _rosters
    return sdv.cfb.espn_cfb_game_rosters(game_id=gid, return_as_pandas=True).to_dict("records")
           ^^^^^^^^^^^^^^^^^^^^^^^^^^^^^^^^^^^^^^^^^^^^^^^^^^^^^^^^^^^^^^^^^
  File "C:\Users\saiem\Documents\GitHub-Data\sdv-dev\cfbfastR-dev\cfbfastR-cfb-raw\.venv\Lib\site-packages\sportsdataverse\cfb\cfb_game_rosters.py", line 64, in espn_cfb_game_rosters
    summary = summary_resp.json()
              ^^^^^^^^^^^^^^^^^^^
  File "C:\Users\saiem\Documents\GitHub-Data\sdv-dev\cfbfastR-dev\cfbfastR-cfb-raw\.venv\Lib\site-packages\requests\models.py", line 1120, in json
    raise RequestsJSONDecodeError(e.msg, e.doc, e.pos)
requests.exceptions.JSONDecodeError: Expecting value: line 1 column 1 (char 0)
2026-06-13 20:26:00,187 ERROR extra fetch failed: _rosters(242900251,)
Traceback (most recent call last):
  File "C:\Users\saiem\Documents\GitHub-Data\sdv-dev\cfbfastR-dev\cfbfastR-cfb-raw\.venv\Lib\site-packages\requests\models.py", line 1116, in json
    return complexjson.loads(self.text, **kwargs)
           ^^^^^^^^^^^^^^^^^^^^^^^^^^^^^^^^^^^^^^
  File "C:\Users\saiem\AppData\Local\Programs\Python\Python311\Lib\json\__init__.py", line 346, in loads
    return _default_decoder.decode(s)
           ^^^^^^^^^^^^^^^^^^^^^^^^^^
  File "C:\Users\saiem\AppData\Local\Programs\Python\Python311\Lib\json\decoder.py", line 337, in decode
    obj, end = self.raw_decode(s, idx=_w(s, 0).end())
               ^^^^^^^^^^^^^^^^^^^^^^^^^^^^^^^^^^^^^^
  File "C:\Users\saiem\AppData\Local\Programs\Python\Python311\Lib\json\decoder.py", line 355, in raw_decode
    raise JSONDecodeError("Expecting value", s, err.value) from None
json.decoder.JSONDecodeError: Expecting value: line 1 column 1 (char 0)

During handling of the above exception, another exception occurred:

Traceback (most recent call last):
  File "C:\Users\saiem\Documents\GitHub-Data\sdv-dev\cfbfastR-dev\cfbfastR-cfb-raw\python\_cfb_raw_utils.py", line 93, in _safe
    return fn(*args, **kwargs)
           ^^^^^^^^^^^^^^^^^^^
  File "C:\Users\saiem\Documents\GitHub-Data\sdv-dev\cfbfastR-dev\cfbfastR-cfb-raw\python\scrape_cfb_json.py", line 31, in _rosters
    return sdv.cfb.espn_cfb_game_rosters(game_id=gid, return_as_pandas=True).to_dict("records")
           ^^^^^^^^^^^^^^^^^^^^^^^^^^^^^^^^^^^^^^^^^^^^^^^^^^^^^^^^^^^^^^^^^
  File "C:\Users\saiem\Documents\GitHub-Data\sdv-dev\cfbfastR-dev\cfbfastR-cfb-raw\.venv\Lib\site-packages\sportsdataverse\cfb\cfb_game_rosters.py", line 64, in espn_cfb_game_rosters
    summary = summary_resp.json()
              ^^^^^^^^^^^^^^^^^^^
  File "C:\Users\saiem\Documents\GitHub-Data\sdv-dev\cfbfastR-dev\cfbfastR-cfb-raw\.venv\Lib\site-packages\requests\models.py", line 1120, in json
    raise RequestsJSONDecodeError(e.msg, e.doc, e.pos)
requests.exceptions.JSONDecodeError: Expecting value: line 1 column 1 (char 0)
2026-06-13 20:26:00,228 ERROR extra fetch failed: _rosters(242900333,)
Traceback (most recent call last):
  File "C:\Users\saiem\Documents\GitHub-Data\sdv-dev\cfbfastR-dev\cfbfastR-cfb-raw\.venv\Lib\site-packages\requests\models.py", line 1116, in json
    return complexjson.loads(self.text, **kwargs)
           ^^^^^^^^^^^^^^^^^^^^^^^^^^^^^^^^^^^^^^
  File "C:\Users\saiem\AppData\Local\Programs\Python\Python311\Lib\json\__init__.py", line 346, in loads
    return _default_decoder.decode(s)
           ^^^^^^^^^^^^^^^^^^^^^^^^^^
  File "C:\Users\saiem\AppData\Local\Programs\Python\Python311\Lib\json\decoder.py", line 337, in decode
    obj, end = self.raw_decode(s, idx=_w(s, 0).end())
               ^^^^^^^^^^^^^^^^^^^^^^^^^^^^^^^^^^^^^^
  File "C:\Users\saiem\AppData\Local\Programs\Python\Python311\Lib\json\decoder.py", line 355, in raw_decode
    raise JSONDecodeError("Expecting value", s, err.value) from None
json.decoder.JSONDecodeError: Expecting value: line 1 column 1 (char 0)

During handling of the above exception, another exception occurred:

Traceback (most recent call last):
  File "C:\Users\saiem\Documents\GitHub-Data\sdv-dev\cfbfastR-dev\cfbfastR-cfb-raw\python\_cfb_raw_utils.py", line 93, in _safe
    return fn(*args, **kwargs)
           ^^^^^^^^^^^^^^^^^^^
  File "C:\Users\saiem\Documents\GitHub-Data\sdv-dev\cfbfastR-dev\cfbfastR-cfb-raw\python\scrape_cfb_json.py", line 31, in _rosters
    return sdv.cfb.espn_cfb_game_rosters(game_id=gid, return_as_pandas=True).to_dict("records")
           ^^^^^^^^^^^^^^^^^^^^^^^^^^^^^^^^^^^^^^^^^^^^^^^^^^^^^^^^^^^^^^^^^
  File "C:\Users\saiem\Documents\GitHub-Data\sdv-dev\cfbfastR-dev\cfbfastR-cfb-raw\.venv\Lib\site-packages\sportsdataverse\cfb\cfb_game_rosters.py", line 64, in espn_cfb_game_rosters
    summary = summary_resp.json()
              ^^^^^^^^^^^^^^^^^^^
  File "C:\Users\saiem\Documents\GitHub-Data\sdv-dev\cfbfastR-dev\cfbfastR-cfb-raw\.venv\Lib\site-packages\requests\models.py", line 1120, in json
    raise RequestsJSONDecodeError(e.msg, e.doc, e.pos)
requests.exceptions.JSONDecodeError: Expecting value: line 1 column 1 (char 0)
2026-06-13 20:26:00,262 ERROR extra fetch failed: _rosters(242900057,)
Traceback (most recent call last):
  File "C:\Users\saiem\Documents\GitHub-Data\sdv-dev\cfbfastR-dev\cfbfastR-cfb-raw\.venv\Lib\site-packages\requests\models.py", line 1116, in json
    return complexjson.loads(self.text, **kwargs)
           ^^^^^^^^^^^^^^^^^^^^^^^^^^^^^^^^^^^^^^
  File "C:\Users\saiem\AppData\Local\Programs\Python\Python311\Lib\json\__init__.py", line 346, in loads
    return _default_decoder.decode(s)
           ^^^^^^^^^^^^^^^^^^^^^^^^^^
  File "C:\Users\saiem\AppData\Local\Programs\Python\Python311\Lib\json\decoder.py", line 337, in decode
    obj, end = self.raw_decode(s, idx=_w(s, 0).end())
               ^^^^^^^^^^^^^^^^^^^^^^^^^^^^^^^^^^^^^^
  File "C:\Users\saiem\AppData\Local\Programs\Python\Python311\Lib\json\decoder.py", line 355, in raw_decode
    raise JSONDecodeError("Expecting value", s, err.value) from None
json.decoder.JSONDecodeError: Expecting value: line 1 column 1 (char 0)

During handling of the above exception, another exception occurred:

Traceback (most recent call last):
  File "C:\Users\saiem\Documents\GitHub-Data\sdv-dev\cfbfastR-dev\cfbfastR-cfb-raw\python\_cfb_raw_utils.py", line 93, in _safe
    return fn(*args, **kwargs)
           ^^^^^^^^^^^^^^^^^^^
  File "C:\Users\saiem\Documents\GitHub-Data\sdv-dev\cfbfastR-dev\cfbfastR-cfb-raw\python\scrape_cfb_json.py", line 31, in _rosters
    return sdv.cfb.espn_cfb_game_rosters(game_id=gid, return_as_pandas=True).to_dict("records")
           ^^^^^^^^^^^^^^^^^^^^^^^^^^^^^^^^^^^^^^^^^^^^^^^^^^^^^^^^^^^^^^^^^
  File "C:\Users\saiem\Documents\GitHub-Data\sdv-dev\cfbfastR-dev\cfbfastR-cfb-raw\.venv\Lib\site-packages\sportsdataverse\cfb\cfb_game_rosters.py", line 64, in espn_cfb_game_rosters
    summary = summary_resp.json()
              ^^^^^^^^^^^^^^^^^^^
  File "C:\Users\saiem\Documents\GitHub-Data\sdv-dev\cfbfastR-dev\cfbfastR-cfb-raw\.venv\Lib\site-packages\requests\models.py", line 1120, in json
    raise RequestsJSONDecodeError(e.msg, e.doc, e.pos)
requests.exceptions.JSONDecodeError: Expecting value: line 1 column 1 (char 0)
2026-06-13 20:26:00,415 ERROR extra fetch failed: _rosters(242902294,)
Traceback (most recent call last):
  File "C:\Users\saiem\Documents\GitHub-Data\sdv-dev\cfbfastR-dev\cfbfastR-cfb-raw\.venv\Lib\site-packages\requests\models.py", line 1116, in json
    return complexjson.loads(self.text, **kwargs)
           ^^^^^^^^^^^^^^^^^^^^^^^^^^^^^^^^^^^^^^
  File "C:\Users\saiem\AppData\Local\Programs\Python\Python311\Lib\json\__init__.py", line 346, in loads
    return _default_decoder.decode(s)
           ^^^^^^^^^^^^^^^^^^^^^^^^^^
  File "C:\Users\saiem\AppData\Local\Programs\Python\Python311\Lib\json\decoder.py", line 337, in decode
    obj, end = self.raw_decode(s, idx=_w(s, 0).end())
               ^^^^^^^^^^^^^^^^^^^^^^^^^^^^^^^^^^^^^^
  File "C:\Users\saiem\AppData\Local\Programs\Python\Python311\Lib\json\decoder.py", line 355, in raw_decode
    raise JSONDecodeError("Expecting value", s, err.value) from None
json.decoder.JSONDecodeError: Expecting value: line 1 column 1 (char 0)

During handling of the above exception, another exception occurred:

Traceback (most recent call last):
  File "C:\Users\saiem\Documents\GitHub-Data\sdv-dev\cfbfastR-dev\cfbfastR-cfb-raw\python\_cfb_raw_utils.py", line 93, in _safe
    return fn(*args, **kwargs)
           ^^^^^^^^^^^^^^^^^^^
  File "C:\Users\saiem\Documents\GitHub-Data\sdv-dev\cfbfastR-dev\cfbfastR-cfb-raw\python\scrape_cfb_json.py", line 31, in _rosters
    return sdv.cfb.espn_cfb_game_rosters(game_id=gid, return_as_pandas=True).to_dict("records")
           ^^^^^^^^^^^^^^^^^^^^^^^^^^^^^^^^^^^^^^^^^^^^^^^^^^^^^^^^^^^^^^^^^
  File "C:\Users\saiem\Documents\GitHub-Data\sdv-dev\cfbfastR-dev\cfbfastR-cfb-raw\.venv\Lib\site-packages\sportsdataverse\cfb\cfb_game_rosters.py", line 64, in espn_cfb_game_rosters
    summary = summary_resp.json()
              ^^^^^^^^^^^^^^^^^^^
  File "C:\Users\saiem\Documents\GitHub-Data\sdv-dev\cfbfastR-dev\cfbfastR-cfb-raw\.venv\Lib\site-packages\requests\models.py", line 1120, in json
    raise RequestsJSONDecodeError(e.msg, e.doc, e.pos)
requests.exceptions.JSONDecodeError: Expecting value: line 1 column 1 (char 0)
2026-06-13 20:26:00,798 ERROR extra fetch failed: _rosters(242900059,)
Traceback (most recent call last):
  File "C:\Users\saiem\Documents\GitHub-Data\sdv-dev\cfbfastR-dev\cfbfastR-cfb-raw\.venv\Lib\site-packages\requests\models.py", line 1116, in json
    return complexjson.loads(self.text, **kwargs)
           ^^^^^^^^^^^^^^^^^^^^^^^^^^^^^^^^^^^^^^
  File "C:\Users\saiem\AppData\Local\Programs\Python\Python311\Lib\json\__init__.py", line 346, in loads
    return _default_decoder.decode(s)
           ^^^^^^^^^^^^^^^^^^^^^^^^^^
  File "C:\Users\saiem\AppData\Local\Programs\Python\Python311\Lib\json\decoder.py", line 337, in decode
    obj, end = self.raw_decode(s, idx=_w(s, 0).end())
               ^^^^^^^^^^^^^^^^^^^^^^^^^^^^^^^^^^^^^^
  File "C:\Users\saiem\AppData\Local\Programs\Python\Python311\Lib\json\decoder.py", line 355, in raw_decode
    raise JSONDecodeError("Expecting value", s, err.value) from None
json.decoder.JSONDecodeError: Expecting value: line 1 column 1 (char 0)

During handling of the above exception, another exception occurred:

Traceback (most recent call last):
  File "C:\Users\saiem\Documents\GitHub-Data\sdv-dev\cfbfastR-dev\cfbfastR-cfb-raw\python\_cfb_raw_utils.py", line 93, in _safe
    return fn(*args, **kwargs)
           ^^^^^^^^^^^^^^^^^^^
  File "C:\Users\saiem\Documents\GitHub-Data\sdv-dev\cfbfastR-dev\cfbfastR-cfb-raw\python\scrape_cfb_json.py", line 31, in _rosters
    return sdv.cfb.espn_cfb_game_rosters(game_id=gid, return_as_pandas=True).to_dict("records")
           ^^^^^^^^^^^^^^^^^^^^^^^^^^^^^^^^^^^^^^^^^^^^^^^^^^^^^^^^^^^^^^^^^
  File "C:\Users\saiem\Documents\GitHub-Data\sdv-dev\cfbfastR-dev\cfbfastR-cfb-raw\.venv\Lib\site-packages\sportsdataverse\cfb\cfb_game_rosters.py", line 64, in espn_cfb_game_rosters
    summary = summary_resp.json()
              ^^^^^^^^^^^^^^^^^^^
  File "C:\Users\saiem\Documents\GitHub-Data\sdv-dev\cfbfastR-dev\cfbfastR-cfb-raw\.venv\Lib\site-packages\requests\models.py", line 1120, in json
    raise RequestsJSONDecodeError(e.msg, e.doc, e.pos)
requests.exceptions.JSONDecodeError: Expecting value: line 1 column 1 (char 0)
2026-06-13 20:26:00,889 ERROR extra fetch failed: _rosters(242900164,)
Traceback (most recent call last):
  File "C:\Users\saiem\Documents\GitHub-Data\sdv-dev\cfbfastR-dev\cfbfastR-cfb-raw\.venv\Lib\site-packages\requests\models.py", line 1116, in json
    return complexjson.loads(self.text, **kwargs)
           ^^^^^^^^^^^^^^^^^^^^^^^^^^^^^^^^^^^^^^
  File "C:\Users\saiem\AppData\Local\Programs\Python\Python311\Lib\json\__init__.py", line 346, in loads
    return _default_decoder.decode(s)
           ^^^^^^^^^^^^^^^^^^^^^^^^^^
  File "C:\Users\saiem\AppData\Local\Programs\Python\Python311\Lib\json\decoder.py", line 337, in decode
    obj, end = self.raw_decode(s, idx=_w(s, 0).end())
               ^^^^^^^^^^^^^^^^^^^^^^^^^^^^^^^^^^^^^^
  File "C:\Users\saiem\AppData\Local\Programs\Python\Python311\Lib\json\decoder.py", line 355, in raw_decode
    raise JSONDecodeError("Expecting value", s, err.value) from None
json.decoder.JSONDecodeError: Expecting value: line 1 column 1 (char 0)

During handling of the above exception, another exception occurred:

Traceback (most recent call last):
  File "C:\Users\saiem\Documents\GitHub-Data\sdv-dev\cfbfastR-dev\cfbfastR-cfb-raw\python\_cfb_raw_utils.py", line 93, in _safe
    return fn(*args, **kwargs)
           ^^^^^^^^^^^^^^^^^^^
  File "C:\Users\saiem\Documents\GitHub-Data\sdv-dev\cfbfastR-dev\cfbfastR-cfb-raw\python\scrape_cfb_json.py", line 31, in _rosters
    return sdv.cfb.espn_cfb_game_rosters(game_id=gid, return_as_pandas=True).to_dict("records")
           ^^^^^^^^^^^^^^^^^^^^^^^^^^^^^^^^^^^^^^^^^^^^^^^^^^^^^^^^^^^^^^^^^
  File "C:\Users\saiem\Documents\GitHub-Data\sdv-dev\cfbfastR-dev\cfbfastR-cfb-raw\.venv\Lib\site-packages\sportsdataverse\cfb\cfb_game_rosters.py", line 64, in espn_cfb_game_rosters
    summary = summary_resp.json()
              ^^^^^^^^^^^^^^^^^^^
  File "C:\Users\saiem\Documents\GitHub-Data\sdv-dev\cfbfastR-dev\cfbfastR-cfb-raw\.venv\Lib\site-packages\requests\models.py", line 1120, in json
    raise RequestsJSONDecodeError(e.msg, e.doc, e.pos)
requests.exceptions.JSONDecodeError: Expecting value: line 1 column 1 (char 0)
2026-06-13 20:26:01,675 ERROR extra fetch failed: _participants(242900290,)
Traceback (most recent call last):
  File "C:\Users\saiem\Documents\GitHub-Data\sdv-dev\cfbfastR-dev\cfbfastR-cfb-raw\.venv\Lib\site-packages\requests\models.py", line 1116, in json
    return complexjson.loads(self.text, **kwargs)
           ^^^^^^^^^^^^^^^^^^^^^^^^^^^^^^^^^^^^^^
  File "C:\Users\saiem\AppData\Local\Programs\Python\Python311\Lib\json\__init__.py", line 346, in loads
    return _default_decoder.decode(s)
           ^^^^^^^^^^^^^^^^^^^^^^^^^^
  File "C:\Users\saiem\AppData\Local\Programs\Python\Python311\Lib\json\decoder.py", line 337, in decode
    obj, end = self.raw_decode(s, idx=_w(s, 0).end())
               ^^^^^^^^^^^^^^^^^^^^^^^^^^^^^^^^^^^^^^
  File "C:\Users\saiem\AppData\Local\Programs\Python\Python311\Lib\json\decoder.py", line 355, in raw_decode
    raise JSONDecodeError("Expecting value", s, err.value) from None
json.decoder.JSONDecodeError: Expecting value: line 1 column 1 (char 0)

During handling of the above exception, another exception occurred:

Traceback (most recent call last):
  File "C:\Users\saiem\Documents\GitHub-Data\sdv-dev\cfbfastR-dev\cfbfastR-cfb-raw\python\_cfb_raw_utils.py", line 93, in _safe
    return fn(*args, **kwargs)
           ^^^^^^^^^^^^^^^^^^^
  File "C:\Users\saiem\Documents\GitHub-Data\sdv-dev\cfbfastR-dev\cfbfastR-cfb-raw\python\scrape_cfb_json.py", line 27, in _participants
    return sdv.cfb.espn_cfb_play_participants(game_id=gid, return_as_pandas=True).to_dict("records")
           ^^^^^^^^^^^^^^^^^^^^^^^^^^^^^^^^^^^^^^^^^^^^^^^^^^^^^^^^^^^^^^^^^^^^^^
  File "C:\Users\saiem\Documents\GitHub-Data\sdv-dev\cfbfastR-dev\cfbfastR-cfb-raw\.venv\Lib\site-packages\sportsdataverse\cfb\cfb_play_participants.py", line 184, in espn_cfb_play_participants
    plays_raw = _download_plays(game_id, **kwargs)
                ^^^^^^^^^^^^^^^^^^^^^^^^^^^^^^^^^^
  File "C:\Users\saiem\Documents\GitHub-Data\sdv-dev\cfbfastR-dev\cfbfastR-cfb-raw\.venv\Lib\site-packages\sportsdataverse\cfb\cfb_play_participants.py", line 215, in _download_plays
    body = resp.json()
           ^^^^^^^^^^^
  File "C:\Users\saiem\Documents\GitHub-Data\sdv-dev\cfbfastR-dev\cfbfastR-cfb-raw\.venv\Lib\site-packages\requests\models.py", line 1120, in json
    raise RequestsJSONDecodeError(e.msg, e.doc, e.pos)
requests.exceptions.JSONDecodeError: Expecting value: line 1 column 1 (char 0)
2026-06-13 20:26:01,827 ERROR extra fetch failed: _participants(242902426,)
Traceback (most recent call last):
  File "C:\Users\saiem\Documents\GitHub-Data\sdv-dev\cfbfastR-dev\cfbfastR-cfb-raw\.venv\Lib\site-packages\requests\models.py", line 1116, in json
    return complexjson.loads(self.text, **kwargs)
           ^^^^^^^^^^^^^^^^^^^^^^^^^^^^^^^^^^^^^^
  File "C:\Users\saiem\AppData\Local\Programs\Python\Python311\Lib\json\__init__.py", line 346, in loads
    return _default_decoder.decode(s)
           ^^^^^^^^^^^^^^^^^^^^^^^^^^
  File "C:\Users\saiem\AppData\Local\Programs\Python\Python311\Lib\json\decoder.py", line 337, in decode
    obj, end = self.raw_decode(s, idx=_w(s, 0).end())
               ^^^^^^^^^^^^^^^^^^^^^^^^^^^^^^^^^^^^^^
  File "C:\Users\saiem\AppData\Local\Programs\Python\Python311\Lib\json\decoder.py", line 355, in raw_decode
    raise JSONDecodeError("Expecting value", s, err.value) from None
json.decoder.JSONDecodeError: Expecting value: line 1 column 1 (char 0)

During handling of the above exception, another exception occurred:

Traceback (most recent call last):
  File "C:\Users\saiem\Documents\GitHub-Data\sdv-dev\cfbfastR-dev\cfbfastR-cfb-raw\python\_cfb_raw_utils.py", line 93, in _safe
    return fn(*args, **kwargs)
           ^^^^^^^^^^^^^^^^^^^
  File "C:\Users\saiem\Documents\GitHub-Data\sdv-dev\cfbfastR-dev\cfbfastR-cfb-raw\python\scrape_cfb_json.py", line 27, in _participants
    return sdv.cfb.espn_cfb_play_participants(game_id=gid, return_as_pandas=True).to_dict("records")
           ^^^^^^^^^^^^^^^^^^^^^^^^^^^^^^^^^^^^^^^^^^^^^^^^^^^^^^^^^^^^^^^^^^^^^^
  File "C:\Users\saiem\Documents\GitHub-Data\sdv-dev\cfbfastR-dev\cfbfastR-cfb-raw\.venv\Lib\site-packages\sportsdataverse\cfb\cfb_play_participants.py", line 184, in espn_cfb_play_participants
    plays_raw = _download_plays(game_id, **kwargs)
                ^^^^^^^^^^^^^^^^^^^^^^^^^^^^^^^^^^
  File "C:\Users\saiem\Documents\GitHub-Data\sdv-dev\cfbfastR-dev\cfbfastR-cfb-raw\.venv\Lib\site-packages\sportsdataverse\cfb\cfb_play_participants.py", line 215, in _download_plays
    body = resp.json()
           ^^^^^^^^^^^
  File "C:\Users\saiem\Documents\GitHub-Data\sdv-dev\cfbfastR-dev\cfbfastR-cfb-raw\.venv\Lib\site-packages\requests\models.py", line 1120, in json
    raise RequestsJSONDecodeError(e.msg, e.doc, e.pos)
requests.exceptions.JSONDecodeError: Expecting value: line 1 column 1 (char 0)
2026-06-13 20:26:01,908 ERROR extra fetch failed: _participants(242902711,)
Traceback (most recent call last):
  File "C:\Users\saiem\Documents\GitHub-Data\sdv-dev\cfbfastR-dev\cfbfastR-cfb-raw\.venv\Lib\site-packages\requests\models.py", line 1116, in json
    return complexjson.loads(self.text, **kwargs)
           ^^^^^^^^^^^^^^^^^^^^^^^^^^^^^^^^^^^^^^
  File "C:\Users\saiem\AppData\Local\Programs\Python\Python311\Lib\json\__init__.py", line 346, in loads
    return _default_decoder.decode(s)
           ^^^^^^^^^^^^^^^^^^^^^^^^^^
  File "C:\Users\saiem\AppData\Local\Programs\Python\Python311\Lib\json\decoder.py", line 337, in decode
    obj, end = self.raw_decode(s, idx=_w(s, 0).end())
               ^^^^^^^^^^^^^^^^^^^^^^^^^^^^^^^^^^^^^^
  File "C:\Users\saiem\AppData\Local\Programs\Python\Python311\Lib\json\decoder.py", line 355, in raw_decode
    raise JSONDecodeError("Expecting value", s, err.value) from None
json.decoder.JSONDecodeError: Expecting value: line 1 column 1 (char 0)

During handling of the above exception, another exception occurred:

Traceback (most recent call last):
  File "C:\Users\saiem\Documents\GitHub-Data\sdv-dev\cfbfastR-dev\cfbfastR-cfb-raw\python\_cfb_raw_utils.py", line 93, in _safe
    return fn(*args, **kwargs)
           ^^^^^^^^^^^^^^^^^^^
  File "C:\Users\saiem\Documents\GitHub-Data\sdv-dev\cfbfastR-dev\cfbfastR-cfb-raw\python\scrape_cfb_json.py", line 27, in _participants
    return sdv.cfb.espn_cfb_play_participants(game_id=gid, return_as_pandas=True).to_dict("records")
           ^^^^^^^^^^^^^^^^^^^^^^^^^^^^^^^^^^^^^^^^^^^^^^^^^^^^^^^^^^^^^^^^^^^^^^
  File "C:\Users\saiem\Documents\GitHub-Data\sdv-dev\cfbfastR-dev\cfbfastR-cfb-raw\.venv\Lib\site-packages\sportsdataverse\cfb\cfb_play_participants.py", line 184, in espn_cfb_play_participants
    plays_raw = _download_plays(game_id, **kwargs)
                ^^^^^^^^^^^^^^^^^^^^^^^^^^^^^^^^^^
  File "C:\Users\saiem\Documents\GitHub-Data\sdv-dev\cfbfastR-dev\cfbfastR-cfb-raw\.venv\Lib\site-packages\sportsdataverse\cfb\cfb_play_participants.py", line 215, in _download_plays
    body = resp.json()
           ^^^^^^^^^^^
  File "C:\Users\saiem\Documents\GitHub-Data\sdv-dev\cfbfastR-dev\cfbfastR-cfb-raw\.venv\Lib\site-packages\requests\models.py", line 1120, in json
    raise RequestsJSONDecodeError(e.msg, e.doc, e.pos)
requests.exceptions.JSONDecodeError: Expecting value: line 1 column 1 (char 0)
2026-06-13 20:26:01,933 ERROR extra fetch failed: _participants(242902649,)
Traceback (most recent call last):
  File "C:\Users\saiem\Documents\GitHub-Data\sdv-dev\cfbfastR-dev\cfbfastR-cfb-raw\.venv\Lib\site-packages\requests\models.py", line 1116, in json
    return complexjson.loads(self.text, **kwargs)
           ^^^^^^^^^^^^^^^^^^^^^^^^^^^^^^^^^^^^^^
  File "C:\Users\saiem\AppData\Local\Programs\Python\Python311\Lib\json\__init__.py", line 346, in loads
    return _default_decoder.decode(s)
           ^^^^^^^^^^^^^^^^^^^^^^^^^^
  File "C:\Users\saiem\AppData\Local\Programs\Python\Python311\Lib\json\decoder.py", line 337, in decode
    obj, end = self.raw_decode(s, idx=_w(s, 0).end())
               ^^^^^^^^^^^^^^^^^^^^^^^^^^^^^^^^^^^^^^
  File "C:\Users\saiem\AppData\Local\Programs\Python\Python311\Lib\json\decoder.py", line 355, in raw_decode
    raise JSONDecodeError("Expecting value", s, err.value) from None
json.decoder.JSONDecodeError: Expecting value: line 1 column 1 (char 0)

During handling of the above exception, another exception occurred:

Traceback (most recent call last):
  File "C:\Users\saiem\Documents\GitHub-Data\sdv-dev\cfbfastR-dev\cfbfastR-cfb-raw\python\_cfb_raw_utils.py", line 93, in _safe
    return fn(*args, **kwargs)
           ^^^^^^^^^^^^^^^^^^^
  File "C:\Users\saiem\Documents\GitHub-Data\sdv-dev\cfbfastR-dev\cfbfastR-cfb-raw\python\scrape_cfb_json.py", line 27, in _participants
    return sdv.cfb.espn_cfb_play_participants(game_id=gid, return_as_pandas=True).to_dict("records")
           ^^^^^^^^^^^^^^^^^^^^^^^^^^^^^^^^^^^^^^^^^^^^^^^^^^^^^^^^^^^^^^^^^^^^^^
  File "C:\Users\saiem\Documents\GitHub-Data\sdv-dev\cfbfastR-dev\cfbfastR-cfb-raw\.venv\Lib\site-packages\sportsdataverse\cfb\cfb_play_participants.py", line 184, in espn_cfb_play_participants
    plays_raw = _download_plays(game_id, **kwargs)
                ^^^^^^^^^^^^^^^^^^^^^^^^^^^^^^^^^^
  File "C:\Users\saiem\Documents\GitHub-Data\sdv-dev\cfbfastR-dev\cfbfastR-cfb-raw\.venv\Lib\site-packages\sportsdataverse\cfb\cfb_play_participants.py", line 215, in _download_plays
    body = resp.json()
           ^^^^^^^^^^^
  File "C:\Users\saiem\Documents\GitHub-Data\sdv-dev\cfbfastR-dev\cfbfastR-cfb-raw\.venv\Lib\site-packages\requests\models.py", line 1120, in json
    raise RequestsJSONDecodeError(e.msg, e.doc, e.pos)
requests.exceptions.JSONDecodeError: Expecting value: line 1 column 1 (char 0)
2026-06-13 20:26:01,951 ERROR extra fetch failed: _participants(242900221,)
Traceback (most recent call last):
  File "C:\Users\saiem\Documents\GitHub-Data\sdv-dev\cfbfastR-dev\cfbfastR-cfb-raw\.venv\Lib\site-packages\requests\models.py", line 1116, in json
    return complexjson.loads(self.text, **kwargs)
           ^^^^^^^^^^^^^^^^^^^^^^^^^^^^^^^^^^^^^^
  File "C:\Users\saiem\AppData\Local\Programs\Python\Python311\Lib\json\__init__.py", line 346, in loads
    return _default_decoder.decode(s)
           ^^^^^^^^^^^^^^^^^^^^^^^^^^
  File "C:\Users\saiem\AppData\Local\Programs\Python\Python311\Lib\json\decoder.py", line 337, in decode
    obj, end = self.raw_decode(s, idx=_w(s, 0).end())
               ^^^^^^^^^^^^^^^^^^^^^^^^^^^^^^^^^^^^^^
  File "C:\Users\saiem\AppData\Local\Programs\Python\Python311\Lib\json\decoder.py", line 355, in raw_decode
    raise JSONDecodeError("Expecting value", s, err.value) from None
json.decoder.JSONDecodeError: Expecting value: line 1 column 1 (char 0)

During handling of the above exception, another exception occurred:

Traceback (most recent call last):
  File "C:\Users\saiem\Documents\GitHub-Data\sdv-dev\cfbfastR-dev\cfbfastR-cfb-raw\python\_cfb_raw_utils.py", line 93, in _safe
    return fn(*args, **kwargs)
           ^^^^^^^^^^^^^^^^^^^
  File "C:\Users\saiem\Documents\GitHub-Data\sdv-dev\cfbfastR-dev\cfbfastR-cfb-raw\python\scrape_cfb_json.py", line 27, in _participants
    return sdv.cfb.espn_cfb_play_participants(game_id=gid, return_as_pandas=True).to_dict("records")
           ^^^^^^^^^^^^^^^^^^^^^^^^^^^^^^^^^^^^^^^^^^^^^^^^^^^^^^^^^^^^^^^^^^^^^^
  File "C:\Users\saiem\Documents\GitHub-Data\sdv-dev\cfbfastR-dev\cfbfastR-cfb-raw\.venv\Lib\site-packages\sportsdataverse\cfb\cfb_play_participants.py", line 184, in espn_cfb_play_participants
    plays_raw = _download_plays(game_id, **kwargs)
                ^^^^^^^^^^^^^^^^^^^^^^^^^^^^^^^^^^
  File "C:\Users\saiem\Documents\GitHub-Data\sdv-dev\cfbfastR-dev\cfbfastR-cfb-raw\.venv\Lib\site-packages\sportsdataverse\cfb\cfb_play_participants.py", line 215, in _download_plays
    body = resp.json()
           ^^^^^^^^^^^
  File "C:\Users\saiem\Documents\GitHub-Data\sdv-dev\cfbfastR-dev\cfbfastR-cfb-raw\.venv\Lib\site-packages\requests\models.py", line 1120, in json
    raise RequestsJSONDecodeError(e.msg, e.doc, e.pos)
requests.exceptions.JSONDecodeError: Expecting value: line 1 column 1 (char 0)
2026-06-13 20:26:02,376 ERROR extra fetch failed: _participants(242902678,)
Traceback (most recent call last):
  File "C:\Users\saiem\Documents\GitHub-Data\sdv-dev\cfbfastR-dev\cfbfastR-cfb-raw\.venv\Lib\site-packages\requests\models.py", line 1116, in json
    return complexjson.loads(self.text, **kwargs)
           ^^^^^^^^^^^^^^^^^^^^^^^^^^^^^^^^^^^^^^
  File "C:\Users\saiem\AppData\Local\Programs\Python\Python311\Lib\json\__init__.py", line 346, in loads
    return _default_decoder.decode(s)
           ^^^^^^^^^^^^^^^^^^^^^^^^^^
  File "C:\Users\saiem\AppData\Local\Programs\Python\Python311\Lib\json\decoder.py", line 337, in decode
    obj, end = self.raw_decode(s, idx=_w(s, 0).end())
               ^^^^^^^^^^^^^^^^^^^^^^^^^^^^^^^^^^^^^^
  File "C:\Users\saiem\AppData\Local\Programs\Python\Python311\Lib\json\decoder.py", line 355, in raw_decode
    raise JSONDecodeError("Expecting value", s, err.value) from None
json.decoder.JSONDecodeError: Expecting value: line 1 column 1 (char 0)

During handling of the above exception, another exception occurred:

Traceback (most recent call last):
  File "C:\Users\saiem\Documents\GitHub-Data\sdv-dev\cfbfastR-dev\cfbfastR-cfb-raw\python\_cfb_raw_utils.py", line 93, in _safe
    return fn(*args, **kwargs)
           ^^^^^^^^^^^^^^^^^^^
  File "C:\Users\saiem\Documents\GitHub-Data\sdv-dev\cfbfastR-dev\cfbfastR-cfb-raw\python\scrape_cfb_json.py", line 27, in _participants
    return sdv.cfb.espn_cfb_play_participants(game_id=gid, return_as_pandas=True).to_dict("records")
           ^^^^^^^^^^^^^^^^^^^^^^^^^^^^^^^^^^^^^^^^^^^^^^^^^^^^^^^^^^^^^^^^^^^^^^
  File "C:\Users\saiem\Documents\GitHub-Data\sdv-dev\cfbfastR-dev\cfbfastR-cfb-raw\.venv\Lib\site-packages\sportsdataverse\cfb\cfb_play_participants.py", line 184, in espn_cfb_play_participants
    plays_raw = _download_plays(game_id, **kwargs)
                ^^^^^^^^^^^^^^^^^^^^^^^^^^^^^^^^^^
  File "C:\Users\saiem\Documents\GitHub-Data\sdv-dev\cfbfastR-dev\cfbfastR-cfb-raw\.venv\Lib\site-packages\sportsdataverse\cfb\cfb_play_participants.py", line 215, in _download_plays
    body = resp.json()
           ^^^^^^^^^^^
  File "C:\Users\saiem\Documents\GitHub-Data\sdv-dev\cfbfastR-dev\cfbfastR-cfb-raw\.venv\Lib\site-packages\requests\models.py", line 1120, in json
    raise RequestsJSONDecodeError(e.msg, e.doc, e.pos)
requests.exceptions.JSONDecodeError: Expecting value: line 1 column 1 (char 0)
2026-06-13 20:26:03,008 ERROR extra fetch failed: _participants(242902084,)
Traceback (most recent call last):
  File "C:\Users\saiem\Documents\GitHub-Data\sdv-dev\cfbfastR-dev\cfbfastR-cfb-raw\.venv\Lib\site-packages\requests\models.py", line 1116, in json
    return complexjson.loads(self.text, **kwargs)
           ^^^^^^^^^^^^^^^^^^^^^^^^^^^^^^^^^^^^^^
  File "C:\Users\saiem\AppData\Local\Programs\Python\Python311\Lib\json\__init__.py", line 346, in loads
    return _default_decoder.decode(s)
           ^^^^^^^^^^^^^^^^^^^^^^^^^^
  File "C:\Users\saiem\AppData\Local\Programs\Python\Python311\Lib\json\decoder.py", line 337, in decode
    obj, end = self.raw_decode(s, idx=_w(s, 0).end())
               ^^^^^^^^^^^^^^^^^^^^^^^^^^^^^^^^^^^^^^
  File "C:\Users\saiem\AppData\Local\Programs\Python\Python311\Lib\json\decoder.py", line 355, in raw_decode
    raise JSONDecodeError("Expecting value", s, err.value) from None
json.decoder.JSONDecodeError: Expecting value: line 1 column 1 (char 0)

During handling of the above exception, another exception occurred:

Traceback (most recent call last):
  File "C:\Users\saiem\Documents\GitHub-Data\sdv-dev\cfbfastR-dev\cfbfastR-cfb-raw\python\_cfb_raw_utils.py", line 93, in _safe
    return fn(*args, **kwargs)
           ^^^^^^^^^^^^^^^^^^^
  File "C:\Users\saiem\Documents\GitHub-Data\sdv-dev\cfbfastR-dev\cfbfastR-cfb-raw\python\scrape_cfb_json.py", line 27, in _participants
    return sdv.cfb.espn_cfb_play_participants(game_id=gid, return_as_pandas=True).to_dict("records")
           ^^^^^^^^^^^^^^^^^^^^^^^^^^^^^^^^^^^^^^^^^^^^^^^^^^^^^^^^^^^^^^^^^^^^^^
  File "C:\Users\saiem\Documents\GitHub-Data\sdv-dev\cfbfastR-dev\cfbfastR-cfb-raw\.venv\Lib\site-packages\sportsdataverse\cfb\cfb_play_participants.py", line 184, in espn_cfb_play_participants
    plays_raw = _download_plays(game_id, **kwargs)
                ^^^^^^^^^^^^^^^^^^^^^^^^^^^^^^^^^^
  File "C:\Users\saiem\Documents\GitHub-Data\sdv-dev\cfbfastR-dev\cfbfastR-cfb-raw\.venv\Lib\site-packages\sportsdataverse\cfb\cfb_play_participants.py", line 215, in _download_plays
    body = resp.json()
           ^^^^^^^^^^^
  File "C:\Users\saiem\Documents\GitHub-Data\sdv-dev\cfbfastR-dev\cfbfastR-cfb-raw\.venv\Lib\site-packages\requests\models.py", line 1120, in json
    raise RequestsJSONDecodeError(e.msg, e.doc, e.pos)
requests.exceptions.JSONDecodeError: Expecting value: line 1 column 1 (char 0)
2026-06-13 20:26:03,129 ERROR extra fetch failed: _rosters(242902426,)
Traceback (most recent call last):
  File "C:\Users\saiem\Documents\GitHub-Data\sdv-dev\cfbfastR-dev\cfbfastR-cfb-raw\.venv\Lib\site-packages\requests\models.py", line 1116, in json
    return complexjson.loads(self.text, **kwargs)
           ^^^^^^^^^^^^^^^^^^^^^^^^^^^^^^^^^^^^^^
  File "C:\Users\saiem\AppData\Local\Programs\Python\Python311\Lib\json\__init__.py", line 346, in loads
    return _default_decoder.decode(s)
           ^^^^^^^^^^^^^^^^^^^^^^^^^^
  File "C:\Users\saiem\AppData\Local\Programs\Python\Python311\Lib\json\decoder.py", line 337, in decode
    obj, end = self.raw_decode(s, idx=_w(s, 0).end())
               ^^^^^^^^^^^^^^^^^^^^^^^^^^^^^^^^^^^^^^
  File "C:\Users\saiem\AppData\Local\Programs\Python\Python311\Lib\json\decoder.py", line 355, in raw_decode
    raise JSONDecodeError("Expecting value", s, err.value) from None
json.decoder.JSONDecodeError: Expecting value: line 1 column 1 (char 0)

During handling of the above exception, another exception occurred:

Traceback (most recent call last):
  File "C:\Users\saiem\Documents\GitHub-Data\sdv-dev\cfbfastR-dev\cfbfastR-cfb-raw\python\_cfb_raw_utils.py", line 93, in _safe
    return fn(*args, **kwargs)
           ^^^^^^^^^^^^^^^^^^^
  File "C:\Users\saiem\Documents\GitHub-Data\sdv-dev\cfbfastR-dev\cfbfastR-cfb-raw\python\scrape_cfb_json.py", line 31, in _rosters
    return sdv.cfb.espn_cfb_game_rosters(game_id=gid, return_as_pandas=True).to_dict("records")
           ^^^^^^^^^^^^^^^^^^^^^^^^^^^^^^^^^^^^^^^^^^^^^^^^^^^^^^^^^^^^^^^^^
  File "C:\Users\saiem\Documents\GitHub-Data\sdv-dev\cfbfastR-dev\cfbfastR-cfb-raw\.venv\Lib\site-packages\sportsdataverse\cfb\cfb_game_rosters.py", line 64, in espn_cfb_game_rosters
    summary = summary_resp.json()
              ^^^^^^^^^^^^^^^^^^^
  File "C:\Users\saiem\Documents\GitHub-Data\sdv-dev\cfbfastR-dev\cfbfastR-cfb-raw\.venv\Lib\site-packages\requests\models.py", line 1120, in json
    raise RequestsJSONDecodeError(e.msg, e.doc, e.pos)
requests.exceptions.JSONDecodeError: Expecting value: line 1 column 1 (char 0)
2026-06-13 20:26:03,144 ERROR extra fetch failed: _rosters(242902711,)
Traceback (most recent call last):
  File "C:\Users\saiem\Documents\GitHub-Data\sdv-dev\cfbfastR-dev\cfbfastR-cfb-raw\.venv\Lib\site-packages\requests\models.py", line 1116, in json
    return complexjson.loads(self.text, **kwargs)
           ^^^^^^^^^^^^^^^^^^^^^^^^^^^^^^^^^^^^^^
  File "C:\Users\saiem\AppData\Local\Programs\Python\Python311\Lib\json\__init__.py", line 346, in loads
    return _default_decoder.decode(s)
           ^^^^^^^^^^^^^^^^^^^^^^^^^^
  File "C:\Users\saiem\AppData\Local\Programs\Python\Python311\Lib\json\decoder.py", line 337, in decode
    obj, end = self.raw_decode(s, idx=_w(s, 0).end())
               ^^^^^^^^^^^^^^^^^^^^^^^^^^^^^^^^^^^^^^
  File "C:\Users\saiem\AppData\Local\Programs\Python\Python311\Lib\json\decoder.py", line 355, in raw_decode
    raise JSONDecodeError("Expecting value", s, err.value) from None
json.decoder.JSONDecodeError: Expecting value: line 1 column 1 (char 0)

During handling of the above exception, another exception occurred:

Traceback (most recent call last):
  File "C:\Users\saiem\Documents\GitHub-Data\sdv-dev\cfbfastR-dev\cfbfastR-cfb-raw\python\_cfb_raw_utils.py", line 93, in _safe
    return fn(*args, **kwargs)
           ^^^^^^^^^^^^^^^^^^^
  File "C:\Users\saiem\Documents\GitHub-Data\sdv-dev\cfbfastR-dev\cfbfastR-cfb-raw\python\scrape_cfb_json.py", line 31, in _rosters
    return sdv.cfb.espn_cfb_game_rosters(game_id=gid, return_as_pandas=True).to_dict("records")
           ^^^^^^^^^^^^^^^^^^^^^^^^^^^^^^^^^^^^^^^^^^^^^^^^^^^^^^^^^^^^^^^^^
  File "C:\Users\saiem\Documents\GitHub-Data\sdv-dev\cfbfastR-dev\cfbfastR-cfb-raw\.venv\Lib\site-packages\sportsdataverse\cfb\cfb_game_rosters.py", line 64, in espn_cfb_game_rosters
    summary = summary_resp.json()
              ^^^^^^^^^^^^^^^^^^^
  File "C:\Users\saiem\Documents\GitHub-Data\sdv-dev\cfbfastR-dev\cfbfastR-cfb-raw\.venv\Lib\site-packages\requests\models.py", line 1120, in json
    raise RequestsJSONDecodeError(e.msg, e.doc, e.pos)
requests.exceptions.JSONDecodeError: Expecting value: line 1 column 1 (char 0)
2026-06-13 20:26:03,165 ERROR extra fetch failed: _participants(242902275,)
Traceback (most recent call last):
  File "C:\Users\saiem\Documents\GitHub-Data\sdv-dev\cfbfastR-dev\cfbfastR-cfb-raw\.venv\Lib\site-packages\requests\models.py", line 1116, in json
    return complexjson.loads(self.text, **kwargs)
           ^^^^^^^^^^^^^^^^^^^^^^^^^^^^^^^^^^^^^^
  File "C:\Users\saiem\AppData\Local\Programs\Python\Python311\Lib\json\__init__.py", line 346, in loads
    return _default_decoder.decode(s)
           ^^^^^^^^^^^^^^^^^^^^^^^^^^
  File "C:\Users\saiem\AppData\Local\Programs\Python\Python311\Lib\json\decoder.py", line 337, in decode
    obj, end = self.raw_decode(s, idx=_w(s, 0).end())
               ^^^^^^^^^^^^^^^^^^^^^^^^^^^^^^^^^^^^^^
  File "C:\Users\saiem\AppData\Local\Programs\Python\Python311\Lib\json\decoder.py", line 355, in raw_decode
    raise JSONDecodeError("Expecting value", s, err.value) from None
json.decoder.JSONDecodeError: Expecting value: line 1 column 1 (char 0)

During handling of the above exception, another exception occurred:

Traceback (most recent call last):
  File "C:\Users\saiem\Documents\GitHub-Data\sdv-dev\cfbfastR-dev\cfbfastR-cfb-raw\python\_cfb_raw_utils.py", line 93, in _safe
    return fn(*args, **kwargs)
           ^^^^^^^^^^^^^^^^^^^
  File "C:\Users\saiem\Documents\GitHub-Data\sdv-dev\cfbfastR-dev\cfbfastR-cfb-raw\python\scrape_cfb_json.py", line 27, in _participants
    return sdv.cfb.espn_cfb_play_participants(game_id=gid, return_as_pandas=True).to_dict("records")
           ^^^^^^^^^^^^^^^^^^^^^^^^^^^^^^^^^^^^^^^^^^^^^^^^^^^^^^^^^^^^^^^^^^^^^^
  File "C:\Users\saiem\Documents\GitHub-Data\sdv-dev\cfbfastR-dev\cfbfastR-cfb-raw\.venv\Lib\site-packages\sportsdataverse\cfb\cfb_play_participants.py", line 184, in espn_cfb_play_participants
    plays_raw = _download_plays(game_id, **kwargs)
                ^^^^^^^^^^^^^^^^^^^^^^^^^^^^^^^^^^
  File "C:\Users\saiem\Documents\GitHub-Data\sdv-dev\cfbfastR-dev\cfbfastR-cfb-raw\.venv\Lib\site-packages\sportsdataverse\cfb\cfb_play_participants.py", line 215, in _download_plays
    body = resp.json()
           ^^^^^^^^^^^
  File "C:\Users\saiem\Documents\GitHub-Data\sdv-dev\cfbfastR-dev\cfbfastR-cfb-raw\.venv\Lib\site-packages\requests\models.py", line 1120, in json
    raise RequestsJSONDecodeError(e.msg, e.doc, e.pos)
requests.exceptions.JSONDecodeError: Expecting value: line 1 column 1 (char 0)
2026-06-13 20:26:03,190 ERROR extra fetch failed: _rosters(242902649,)
Traceback (most recent call last):
  File "C:\Users\saiem\Documents\GitHub-Data\sdv-dev\cfbfastR-dev\cfbfastR-cfb-raw\.venv\Lib\site-packages\requests\models.py", line 1116, in json
    return complexjson.loads(self.text, **kwargs)
           ^^^^^^^^^^^^^^^^^^^^^^^^^^^^^^^^^^^^^^
  File "C:\Users\saiem\AppData\Local\Programs\Python\Python311\Lib\json\__init__.py", line 346, in loads
    return _default_decoder.decode(s)
           ^^^^^^^^^^^^^^^^^^^^^^^^^^
  File "C:\Users\saiem\AppData\Local\Programs\Python\Python311\Lib\json\decoder.py", line 337, in decode
    obj, end = self.raw_decode(s, idx=_w(s, 0).end())
               ^^^^^^^^^^^^^^^^^^^^^^^^^^^^^^^^^^^^^^
  File "C:\Users\saiem\AppData\Local\Programs\Python\Python311\Lib\json\decoder.py", line 355, in raw_decode
    raise JSONDecodeError("Expecting value", s, err.value) from None
json.decoder.JSONDecodeError: Expecting value: line 1 column 1 (char 0)

During handling of the above exception, another exception occurred:

Traceback (most recent call last):
  File "C:\Users\saiem\Documents\GitHub-Data\sdv-dev\cfbfastR-dev\cfbfastR-cfb-raw\python\_cfb_raw_utils.py", line 93, in _safe
    return fn(*args, **kwargs)
           ^^^^^^^^^^^^^^^^^^^
  File "C:\Users\saiem\Documents\GitHub-Data\sdv-dev\cfbfastR-dev\cfbfastR-cfb-raw\python\scrape_cfb_json.py", line 31, in _rosters
    return sdv.cfb.espn_cfb_game_rosters(game_id=gid, return_as_pandas=True).to_dict("records")
           ^^^^^^^^^^^^^^^^^^^^^^^^^^^^^^^^^^^^^^^^^^^^^^^^^^^^^^^^^^^^^^^^^
  File "C:\Users\saiem\Documents\GitHub-Data\sdv-dev\cfbfastR-dev\cfbfastR-cfb-raw\.venv\Lib\site-packages\sportsdataverse\cfb\cfb_game_rosters.py", line 64, in espn_cfb_game_rosters
    summary = summary_resp.json()
              ^^^^^^^^^^^^^^^^^^^
  File "C:\Users\saiem\Documents\GitHub-Data\sdv-dev\cfbfastR-dev\cfbfastR-cfb-raw\.venv\Lib\site-packages\requests\models.py", line 1120, in json
    raise RequestsJSONDecodeError(e.msg, e.doc, e.pos)
requests.exceptions.JSONDecodeError: Expecting value: line 1 column 1 (char 0)
2026-06-13 20:26:03,205 ERROR extra fetch failed: _rosters(242900290,)
Traceback (most recent call last):
  File "C:\Users\saiem\Documents\GitHub-Data\sdv-dev\cfbfastR-dev\cfbfastR-cfb-raw\.venv\Lib\site-packages\requests\models.py", line 1116, in json
    return complexjson.loads(self.text, **kwargs)
           ^^^^^^^^^^^^^^^^^^^^^^^^^^^^^^^^^^^^^^
  File "C:\Users\saiem\AppData\Local\Programs\Python\Python311\Lib\json\__init__.py", line 346, in loads
    return _default_decoder.decode(s)
           ^^^^^^^^^^^^^^^^^^^^^^^^^^
  File "C:\Users\saiem\AppData\Local\Programs\Python\Python311\Lib\json\decoder.py", line 337, in decode
    obj, end = self.raw_decode(s, idx=_w(s, 0).end())
               ^^^^^^^^^^^^^^^^^^^^^^^^^^^^^^^^^^^^^^
  File "C:\Users\saiem\AppData\Local\Programs\Python\Python311\Lib\json\decoder.py", line 355, in raw_decode
    raise JSONDecodeError("Expecting value", s, err.value) from None
json.decoder.JSONDecodeError: Expecting value: line 1 column 1 (char 0)

During handling of the above exception, another exception occurred:

Traceback (most recent call last):
  File "C:\Users\saiem\Documents\GitHub-Data\sdv-dev\cfbfastR-dev\cfbfastR-cfb-raw\python\_cfb_raw_utils.py", line 93, in _safe
    return fn(*args, **kwargs)
           ^^^^^^^^^^^^^^^^^^^
  File "C:\Users\saiem\Documents\GitHub-Data\sdv-dev\cfbfastR-dev\cfbfastR-cfb-raw\python\scrape_cfb_json.py", line 31, in _rosters
    return sdv.cfb.espn_cfb_game_rosters(game_id=gid, return_as_pandas=True).to_dict("records")
           ^^^^^^^^^^^^^^^^^^^^^^^^^^^^^^^^^^^^^^^^^^^^^^^^^^^^^^^^^^^^^^^^^
  File "C:\Users\saiem\Documents\GitHub-Data\sdv-dev\cfbfastR-dev\cfbfastR-cfb-raw\.venv\Lib\site-packages\sportsdataverse\cfb\cfb_game_rosters.py", line 64, in espn_cfb_game_rosters
    summary = summary_resp.json()
              ^^^^^^^^^^^^^^^^^^^
  File "C:\Users\saiem\Documents\GitHub-Data\sdv-dev\cfbfastR-dev\cfbfastR-cfb-raw\.venv\Lib\site-packages\requests\models.py", line 1120, in json
    raise RequestsJSONDecodeError(e.msg, e.doc, e.pos)
requests.exceptions.JSONDecodeError: Expecting value: line 1 column 1 (char 0)
2026-06-13 20:26:03,231 ERROR extra fetch failed: _participants(242902449,)
Traceback (most recent call last):
  File "C:\Users\saiem\Documents\GitHub-Data\sdv-dev\cfbfastR-dev\cfbfastR-cfb-raw\.venv\Lib\site-packages\requests\models.py", line 1116, in json
    return complexjson.loads(self.text, **kwargs)
           ^^^^^^^^^^^^^^^^^^^^^^^^^^^^^^^^^^^^^^
  File "C:\Users\saiem\AppData\Local\Programs\Python\Python311\Lib\json\__init__.py", line 346, in loads
    return _default_decoder.decode(s)
           ^^^^^^^^^^^^^^^^^^^^^^^^^^
  File "C:\Users\saiem\AppData\Local\Programs\Python\Python311\Lib\json\decoder.py", line 337, in decode
    obj, end = self.raw_decode(s, idx=_w(s, 0).end())
               ^^^^^^^^^^^^^^^^^^^^^^^^^^^^^^^^^^^^^^
  File "C:\Users\saiem\AppData\Local\Programs\Python\Python311\Lib\json\decoder.py", line 355, in raw_decode
    raise JSONDecodeError("Expecting value", s, err.value) from None
json.decoder.JSONDecodeError: Expecting value: line 1 column 1 (char 0)

During handling of the above exception, another exception occurred:

Traceback (most recent call last):
  File "C:\Users\saiem\Documents\GitHub-Data\sdv-dev\cfbfastR-dev\cfbfastR-cfb-raw\python\_cfb_raw_utils.py", line 93, in _safe
    return fn(*args, **kwargs)
           ^^^^^^^^^^^^^^^^^^^
  File "C:\Users\saiem\Documents\GitHub-Data\sdv-dev\cfbfastR-dev\cfbfastR-cfb-raw\python\scrape_cfb_json.py", line 27, in _participants
    return sdv.cfb.espn_cfb_play_participants(game_id=gid, return_as_pandas=True).to_dict("records")
           ^^^^^^^^^^^^^^^^^^^^^^^^^^^^^^^^^^^^^^^^^^^^^^^^^^^^^^^^^^^^^^^^^^^^^^
  File "C:\Users\saiem\Documents\GitHub-Data\sdv-dev\cfbfastR-dev\cfbfastR-cfb-raw\.venv\Lib\site-packages\sportsdataverse\cfb\cfb_play_participants.py", line 184, in espn_cfb_play_participants
    plays_raw = _download_plays(game_id, **kwargs)
                ^^^^^^^^^^^^^^^^^^^^^^^^^^^^^^^^^^
  File "C:\Users\saiem\Documents\GitHub-Data\sdv-dev\cfbfastR-dev\cfbfastR-cfb-raw\.venv\Lib\site-packages\sportsdataverse\cfb\cfb_play_participants.py", line 215, in _download_plays
    body = resp.json()
           ^^^^^^^^^^^
  File "C:\Users\saiem\Documents\GitHub-Data\sdv-dev\cfbfastR-dev\cfbfastR-cfb-raw\.venv\Lib\site-packages\requests\models.py", line 1120, in json
    raise RequestsJSONDecodeError(e.msg, e.doc, e.pos)
requests.exceptions.JSONDecodeError: Expecting value: line 1 column 1 (char 0)
2026-06-13 20:26:03,250 ERROR extra fetch failed: _participants(242900311,)
Traceback (most recent call last):
  File "C:\Users\saiem\Documents\GitHub-Data\sdv-dev\cfbfastR-dev\cfbfastR-cfb-raw\.venv\Lib\site-packages\requests\models.py", line 1116, in json
    return complexjson.loads(self.text, **kwargs)
           ^^^^^^^^^^^^^^^^^^^^^^^^^^^^^^^^^^^^^^
  File "C:\Users\saiem\AppData\Local\Programs\Python\Python311\Lib\json\__init__.py", line 346, in loads
    return _default_decoder.decode(s)
           ^^^^^^^^^^^^^^^^^^^^^^^^^^
  File "C:\Users\saiem\AppData\Local\Programs\Python\Python311\Lib\json\decoder.py", line 337, in decode
    obj, end = self.raw_decode(s, idx=_w(s, 0).end())
               ^^^^^^^^^^^^^^^^^^^^^^^^^^^^^^^^^^^^^^
  File "C:\Users\saiem\AppData\Local\Programs\Python\Python311\Lib\json\decoder.py", line 355, in raw_decode
    raise JSONDecodeError("Expecting value", s, err.value) from None
json.decoder.JSONDecodeError: Expecting value: line 1 column 1 (char 0)

During handling of the above exception, another exception occurred:

Traceback (most recent call last):
  File "C:\Users\saiem\Documents\GitHub-Data\sdv-dev\cfbfastR-dev\cfbfastR-cfb-raw\python\_cfb_raw_utils.py", line 93, in _safe
    return fn(*args, **kwargs)
           ^^^^^^^^^^^^^^^^^^^
  File "C:\Users\saiem\Documents\GitHub-Data\sdv-dev\cfbfastR-dev\cfbfastR-cfb-raw\python\scrape_cfb_json.py", line 27, in _participants
    return sdv.cfb.espn_cfb_play_participants(game_id=gid, return_as_pandas=True).to_dict("records")
           ^^^^^^^^^^^^^^^^^^^^^^^^^^^^^^^^^^^^^^^^^^^^^^^^^^^^^^^^^^^^^^^^^^^^^^
  File "C:\Users\saiem\Documents\GitHub-Data\sdv-dev\cfbfastR-dev\cfbfastR-cfb-raw\.venv\Lib\site-packages\sportsdataverse\cfb\cfb_play_participants.py", line 184, in espn_cfb_play_participants
    plays_raw = _download_plays(game_id, **kwargs)
                ^^^^^^^^^^^^^^^^^^^^^^^^^^^^^^^^^^
  File "C:\Users\saiem\Documents\GitHub-Data\sdv-dev\cfbfastR-dev\cfbfastR-cfb-raw\.venv\Lib\site-packages\sportsdataverse\cfb\cfb_play_participants.py", line 215, in _download_plays
    body = resp.json()
           ^^^^^^^^^^^
  File "C:\Users\saiem\Documents\GitHub-Data\sdv-dev\cfbfastR-dev\cfbfastR-cfb-raw\.venv\Lib\site-packages\requests\models.py", line 1120, in json
    raise RequestsJSONDecodeError(e.msg, e.doc, e.pos)
requests.exceptions.JSONDecodeError: Expecting value: line 1 column 1 (char 0)
2026-06-13 20:26:03,297 ERROR extra fetch failed: _participants(242900235,)
Traceback (most recent call last):
  File "C:\Users\saiem\Documents\GitHub-Data\sdv-dev\cfbfastR-dev\cfbfastR-cfb-raw\.venv\Lib\site-packages\requests\models.py", line 1116, in json
    return complexjson.loads(self.text, **kwargs)
           ^^^^^^^^^^^^^^^^^^^^^^^^^^^^^^^^^^^^^^
  File "C:\Users\saiem\AppData\Local\Programs\Python\Python311\Lib\json\__init__.py", line 346, in loads
    return _default_decoder.decode(s)
           ^^^^^^^^^^^^^^^^^^^^^^^^^^
  File "C:\Users\saiem\AppData\Local\Programs\Python\Python311\Lib\json\decoder.py", line 337, in decode
    obj, end = self.raw_decode(s, idx=_w(s, 0).end())
               ^^^^^^^^^^^^^^^^^^^^^^^^^^^^^^^^^^^^^^
  File "C:\Users\saiem\AppData\Local\Programs\Python\Python311\Lib\json\decoder.py", line 355, in raw_decode
    raise JSONDecodeError("Expecting value", s, err.value) from None
json.decoder.JSONDecodeError: Expecting value: line 1 column 1 (char 0)

During handling of the above exception, another exception occurred:

Traceback (most recent call last):
  File "C:\Users\saiem\Documents\GitHub-Data\sdv-dev\cfbfastR-dev\cfbfastR-cfb-raw\python\_cfb_raw_utils.py", line 93, in _safe
    return fn(*args, **kwargs)
           ^^^^^^^^^^^^^^^^^^^
  File "C:\Users\saiem\Documents\GitHub-Data\sdv-dev\cfbfastR-dev\cfbfastR-cfb-raw\python\scrape_cfb_json.py", line 27, in _participants
    return sdv.cfb.espn_cfb_play_participants(game_id=gid, return_as_pandas=True).to_dict("records")
           ^^^^^^^^^^^^^^^^^^^^^^^^^^^^^^^^^^^^^^^^^^^^^^^^^^^^^^^^^^^^^^^^^^^^^^
  File "C:\Users\saiem\Documents\GitHub-Data\sdv-dev\cfbfastR-dev\cfbfastR-cfb-raw\.venv\Lib\site-packages\sportsdataverse\cfb\cfb_play_participants.py", line 184, in espn_cfb_play_participants
    plays_raw = _download_plays(game_id, **kwargs)
                ^^^^^^^^^^^^^^^^^^^^^^^^^^^^^^^^^^
  File "C:\Users\saiem\Documents\GitHub-Data\sdv-dev\cfbfastR-dev\cfbfastR-cfb-raw\.venv\Lib\site-packages\sportsdataverse\cfb\cfb_play_participants.py", line 215, in _download_plays
    body = resp.json()
           ^^^^^^^^^^^
  File "C:\Users\saiem\Documents\GitHub-Data\sdv-dev\cfbfastR-dev\cfbfastR-cfb-raw\.venv\Lib\site-packages\requests\models.py", line 1120, in json
    raise RequestsJSONDecodeError(e.msg, e.doc, e.pos)
requests.exceptions.JSONDecodeError: Expecting value: line 1 column 1 (char 0)
2026-06-13 20:26:03,313 ERROR extra fetch failed: _rosters(242900221,)
Traceback (most recent call last):
  File "C:\Users\saiem\Documents\GitHub-Data\sdv-dev\cfbfastR-dev\cfbfastR-cfb-raw\.venv\Lib\site-packages\requests\models.py", line 1116, in json
    return complexjson.loads(self.text, **kwargs)
           ^^^^^^^^^^^^^^^^^^^^^^^^^^^^^^^^^^^^^^
  File "C:\Users\saiem\AppData\Local\Programs\Python\Python311\Lib\json\__init__.py", line 346, in loads
    return _default_decoder.decode(s)
           ^^^^^^^^^^^^^^^^^^^^^^^^^^
  File "C:\Users\saiem\AppData\Local\Programs\Python\Python311\Lib\json\decoder.py", line 337, in decode
    obj, end = self.raw_decode(s, idx=_w(s, 0).end())
               ^^^^^^^^^^^^^^^^^^^^^^^^^^^^^^^^^^^^^^
  File "C:\Users\saiem\AppData\Local\Programs\Python\Python311\Lib\json\decoder.py", line 355, in raw_decode
    raise JSONDecodeError("Expecting value", s, err.value) from None
json.decoder.JSONDecodeError: Expecting value: line 1 column 1 (char 0)

During handling of the above exception, another exception occurred:

Traceback (most recent call last):
  File "C:\Users\saiem\Documents\GitHub-Data\sdv-dev\cfbfastR-dev\cfbfastR-cfb-raw\python\_cfb_raw_utils.py", line 93, in _safe
    return fn(*args, **kwargs)
           ^^^^^^^^^^^^^^^^^^^
  File "C:\Users\saiem\Documents\GitHub-Data\sdv-dev\cfbfastR-dev\cfbfastR-cfb-raw\python\scrape_cfb_json.py", line 31, in _rosters
    return sdv.cfb.espn_cfb_game_rosters(game_id=gid, return_as_pandas=True).to_dict("records")
           ^^^^^^^^^^^^^^^^^^^^^^^^^^^^^^^^^^^^^^^^^^^^^^^^^^^^^^^^^^^^^^^^^
  File "C:\Users\saiem\Documents\GitHub-Data\sdv-dev\cfbfastR-dev\cfbfastR-cfb-raw\.venv\Lib\site-packages\sportsdataverse\cfb\cfb_game_rosters.py", line 64, in espn_cfb_game_rosters
    summary = summary_resp.json()
              ^^^^^^^^^^^^^^^^^^^
  File "C:\Users\saiem\Documents\GitHub-Data\sdv-dev\cfbfastR-dev\cfbfastR-cfb-raw\.venv\Lib\site-packages\requests\models.py", line 1120, in json
    raise RequestsJSONDecodeError(e.msg, e.doc, e.pos)
requests.exceptions.JSONDecodeError: Expecting value: line 1 column 1 (char 0)
2026-06-13 20:26:03,313 ERROR extra fetch failed: _participants(242902534,)
Traceback (most recent call last):
  File "C:\Users\saiem\Documents\GitHub-Data\sdv-dev\cfbfastR-dev\cfbfastR-cfb-raw\.venv\Lib\site-packages\requests\models.py", line 1116, in json
    return complexjson.loads(self.text, **kwargs)
           ^^^^^^^^^^^^^^^^^^^^^^^^^^^^^^^^^^^^^^
  File "C:\Users\saiem\AppData\Local\Programs\Python\Python311\Lib\json\__init__.py", line 346, in loads
    return _default_decoder.decode(s)
           ^^^^^^^^^^^^^^^^^^^^^^^^^^
  File "C:\Users\saiem\AppData\Local\Programs\Python\Python311\Lib\json\decoder.py", line 337, in decode
    obj, end = self.raw_decode(s, idx=_w(s, 0).end())
               ^^^^^^^^^^^^^^^^^^^^^^^^^^^^^^^^^^^^^^
  File "C:\Users\saiem\AppData\Local\Programs\Python\Python311\Lib\json\decoder.py", line 355, in raw_decode
    raise JSONDecodeError("Expecting value", s, err.value) from None
json.decoder.JSONDecodeError: Expecting value: line 1 column 1 (char 0)

During handling of the above exception, another exception occurred:

Traceback (most recent call last):
  File "C:\Users\saiem\Documents\GitHub-Data\sdv-dev\cfbfastR-dev\cfbfastR-cfb-raw\python\_cfb_raw_utils.py", line 93, in _safe
    return fn(*args, **kwargs)
           ^^^^^^^^^^^^^^^^^^^
  File "C:\Users\saiem\Documents\GitHub-Data\sdv-dev\cfbfastR-dev\cfbfastR-cfb-raw\python\scrape_cfb_json.py", line 27, in _participants
    return sdv.cfb.espn_cfb_play_participants(game_id=gid, return_as_pandas=True).to_dict("records")
           ^^^^^^^^^^^^^^^^^^^^^^^^^^^^^^^^^^^^^^^^^^^^^^^^^^^^^^^^^^^^^^^^^^^^^^
  File "C:\Users\saiem\Documents\GitHub-Data\sdv-dev\cfbfastR-dev\cfbfastR-cfb-raw\.venv\Lib\site-packages\sportsdataverse\cfb\cfb_play_participants.py", line 184, in espn_cfb_play_participants
    plays_raw = _download_plays(game_id, **kwargs)
                ^^^^^^^^^^^^^^^^^^^^^^^^^^^^^^^^^^
  File "C:\Users\saiem\Documents\GitHub-Data\sdv-dev\cfbfastR-dev\cfbfastR-cfb-raw\.venv\Lib\site-packages\sportsdataverse\cfb\cfb_play_participants.py", line 215, in _download_plays
    body = resp.json()
           ^^^^^^^^^^^
  File "C:\Users\saiem\Documents\GitHub-Data\sdv-dev\cfbfastR-dev\cfbfastR-cfb-raw\.venv\Lib\site-packages\requests\models.py", line 1120, in json
    raise RequestsJSONDecodeError(e.msg, e.doc, e.pos)
requests.exceptions.JSONDecodeError: Expecting value: line 1 column 1 (char 0)
2026-06-13 20:26:03,419 ERROR extra fetch failed: _participants(242902433,)
Traceback (most recent call last):
  File "C:\Users\saiem\Documents\GitHub-Data\sdv-dev\cfbfastR-dev\cfbfastR-cfb-raw\.venv\Lib\site-packages\requests\models.py", line 1116, in json
    return complexjson.loads(self.text, **kwargs)
           ^^^^^^^^^^^^^^^^^^^^^^^^^^^^^^^^^^^^^^
  File "C:\Users\saiem\AppData\Local\Programs\Python\Python311\Lib\json\__init__.py", line 346, in loads
    return _default_decoder.decode(s)
           ^^^^^^^^^^^^^^^^^^^^^^^^^^
  File "C:\Users\saiem\AppData\Local\Programs\Python\Python311\Lib\json\decoder.py", line 337, in decode
    obj, end = self.raw_decode(s, idx=_w(s, 0).end())
               ^^^^^^^^^^^^^^^^^^^^^^^^^^^^^^^^^^^^^^
  File "C:\Users\saiem\AppData\Local\Programs\Python\Python311\Lib\json\decoder.py", line 355, in raw_decode
    raise JSONDecodeError("Expecting value", s, err.value) from None
json.decoder.JSONDecodeError: Expecting value: line 1 column 1 (char 0)

During handling of the above exception, another exception occurred:

Traceback (most recent call last):
  File "C:\Users\saiem\Documents\GitHub-Data\sdv-dev\cfbfastR-dev\cfbfastR-cfb-raw\python\_cfb_raw_utils.py", line 93, in _safe
    return fn(*args, **kwargs)
           ^^^^^^^^^^^^^^^^^^^
  File "C:\Users\saiem\Documents\GitHub-Data\sdv-dev\cfbfastR-dev\cfbfastR-cfb-raw\python\scrape_cfb_json.py", line 27, in _participants
    return sdv.cfb.espn_cfb_play_participants(game_id=gid, return_as_pandas=True).to_dict("records")
           ^^^^^^^^^^^^^^^^^^^^^^^^^^^^^^^^^^^^^^^^^^^^^^^^^^^^^^^^^^^^^^^^^^^^^^
  File "C:\Users\saiem\Documents\GitHub-Data\sdv-dev\cfbfastR-dev\cfbfastR-cfb-raw\.venv\Lib\site-packages\sportsdataverse\cfb\cfb_play_participants.py", line 184, in espn_cfb_play_participants
    plays_raw = _download_plays(game_id, **kwargs)
                ^^^^^^^^^^^^^^^^^^^^^^^^^^^^^^^^^^
  File "C:\Users\saiem\Documents\GitHub-Data\sdv-dev\cfbfastR-dev\cfbfastR-cfb-raw\.venv\Lib\site-packages\sportsdataverse\cfb\cfb_play_participants.py", line 215, in _download_plays
    body = resp.json()
           ^^^^^^^^^^^
  File "C:\Users\saiem\Documents\GitHub-Data\sdv-dev\cfbfastR-dev\cfbfastR-cfb-raw\.venv\Lib\site-packages\requests\models.py", line 1120, in json
    raise RequestsJSONDecodeError(e.msg, e.doc, e.pos)
requests.exceptions.JSONDecodeError: Expecting value: line 1 column 1 (char 0)
2026-06-13 20:26:03,483 ERROR extra fetch failed: _participants(242902439,)
Traceback (most recent call last):
  File "C:\Users\saiem\Documents\GitHub-Data\sdv-dev\cfbfastR-dev\cfbfastR-cfb-raw\.venv\Lib\site-packages\requests\models.py", line 1116, in json
    return complexjson.loads(self.text, **kwargs)
           ^^^^^^^^^^^^^^^^^^^^^^^^^^^^^^^^^^^^^^
  File "C:\Users\saiem\AppData\Local\Programs\Python\Python311\Lib\json\__init__.py", line 346, in loads
    return _default_decoder.decode(s)
           ^^^^^^^^^^^^^^^^^^^^^^^^^^
  File "C:\Users\saiem\AppData\Local\Programs\Python\Python311\Lib\json\decoder.py", line 337, in decode
    obj, end = self.raw_decode(s, idx=_w(s, 0).end())
               ^^^^^^^^^^^^^^^^^^^^^^^^^^^^^^^^^^^^^^
  File "C:\Users\saiem\AppData\Local\Programs\Python\Python311\Lib\json\decoder.py", line 355, in raw_decode
    raise JSONDecodeError("Expecting value", s, err.value) from None
json.decoder.JSONDecodeError: Expecting value: line 1 column 1 (char 0)

During handling of the above exception, another exception occurred:

Traceback (most recent call last):
  File "C:\Users\saiem\Documents\GitHub-Data\sdv-dev\cfbfastR-dev\cfbfastR-cfb-raw\python\_cfb_raw_utils.py", line 93, in _safe
    return fn(*args, **kwargs)
           ^^^^^^^^^^^^^^^^^^^
  File "C:\Users\saiem\Documents\GitHub-Data\sdv-dev\cfbfastR-dev\cfbfastR-cfb-raw\python\scrape_cfb_json.py", line 27, in _participants
    return sdv.cfb.espn_cfb_play_participants(game_id=gid, return_as_pandas=True).to_dict("records")
           ^^^^^^^^^^^^^^^^^^^^^^^^^^^^^^^^^^^^^^^^^^^^^^^^^^^^^^^^^^^^^^^^^^^^^^
  File "C:\Users\saiem\Documents\GitHub-Data\sdv-dev\cfbfastR-dev\cfbfastR-cfb-raw\.venv\Lib\site-packages\sportsdataverse\cfb\cfb_play_participants.py", line 184, in espn_cfb_play_participants
    plays_raw = _download_plays(game_id, **kwargs)
                ^^^^^^^^^^^^^^^^^^^^^^^^^^^^^^^^^^
  File "C:\Users\saiem\Documents\GitHub-Data\sdv-dev\cfbfastR-dev\cfbfastR-cfb-raw\.venv\Lib\site-packages\sportsdataverse\cfb\cfb_play_participants.py", line 215, in _download_plays
    body = resp.json()
           ^^^^^^^^^^^
  File "C:\Users\saiem\Documents\GitHub-Data\sdv-dev\cfbfastR-dev\cfbfastR-cfb-raw\.venv\Lib\site-packages\requests\models.py", line 1120, in json
    raise RequestsJSONDecodeError(e.msg, e.doc, e.pos)
requests.exceptions.JSONDecodeError: Expecting value: line 1 column 1 (char 0)
2026-06-13 20:26:03,602 ERROR extra fetch failed: _rosters(242902678,)
Traceback (most recent call last):
  File "C:\Users\saiem\Documents\GitHub-Data\sdv-dev\cfbfastR-dev\cfbfastR-cfb-raw\.venv\Lib\site-packages\requests\models.py", line 1116, in json
    return complexjson.loads(self.text, **kwargs)
           ^^^^^^^^^^^^^^^^^^^^^^^^^^^^^^^^^^^^^^
  File "C:\Users\saiem\AppData\Local\Programs\Python\Python311\Lib\json\__init__.py", line 346, in loads
    return _default_decoder.decode(s)
           ^^^^^^^^^^^^^^^^^^^^^^^^^^
  File "C:\Users\saiem\AppData\Local\Programs\Python\Python311\Lib\json\decoder.py", line 337, in decode
    obj, end = self.raw_decode(s, idx=_w(s, 0).end())
               ^^^^^^^^^^^^^^^^^^^^^^^^^^^^^^^^^^^^^^
  File "C:\Users\saiem\AppData\Local\Programs\Python\Python311\Lib\json\decoder.py", line 355, in raw_decode
    raise JSONDecodeError("Expecting value", s, err.value) from None
json.decoder.JSONDecodeError: Expecting value: line 1 column 1 (char 0)

During handling of the above exception, another exception occurred:

Traceback (most recent call last):
  File "C:\Users\saiem\Documents\GitHub-Data\sdv-dev\cfbfastR-dev\cfbfastR-cfb-raw\python\_cfb_raw_utils.py", line 93, in _safe
    return fn(*args, **kwargs)
           ^^^^^^^^^^^^^^^^^^^
  File "C:\Users\saiem\Documents\GitHub-Data\sdv-dev\cfbfastR-dev\cfbfastR-cfb-raw\python\scrape_cfb_json.py", line 31, in _rosters
    return sdv.cfb.espn_cfb_game_rosters(game_id=gid, return_as_pandas=True).to_dict("records")
           ^^^^^^^^^^^^^^^^^^^^^^^^^^^^^^^^^^^^^^^^^^^^^^^^^^^^^^^^^^^^^^^^^
  File "C:\Users\saiem\Documents\GitHub-Data\sdv-dev\cfbfastR-dev\cfbfastR-cfb-raw\.venv\Lib\site-packages\sportsdataverse\cfb\cfb_game_rosters.py", line 64, in espn_cfb_game_rosters
    summary = summary_resp.json()
              ^^^^^^^^^^^^^^^^^^^
  File "C:\Users\saiem\Documents\GitHub-Data\sdv-dev\cfbfastR-dev\cfbfastR-cfb-raw\.venv\Lib\site-packages\requests\models.py", line 1120, in json
    raise RequestsJSONDecodeError(e.msg, e.doc, e.pos)
requests.exceptions.JSONDecodeError: Expecting value: line 1 column 1 (char 0)
2026-06-13 20:26:03,880 ERROR extra fetch failed: _participants(242900189,)
Traceback (most recent call last):
  File "C:\Users\saiem\Documents\GitHub-Data\sdv-dev\cfbfastR-dev\cfbfastR-cfb-raw\.venv\Lib\site-packages\requests\models.py", line 1116, in json
    return complexjson.loads(self.text, **kwargs)
           ^^^^^^^^^^^^^^^^^^^^^^^^^^^^^^^^^^^^^^
  File "C:\Users\saiem\AppData\Local\Programs\Python\Python311\Lib\json\__init__.py", line 346, in loads
    return _default_decoder.decode(s)
           ^^^^^^^^^^^^^^^^^^^^^^^^^^
  File "C:\Users\saiem\AppData\Local\Programs\Python\Python311\Lib\json\decoder.py", line 337, in decode
    obj, end = self.raw_decode(s, idx=_w(s, 0).end())
               ^^^^^^^^^^^^^^^^^^^^^^^^^^^^^^^^^^^^^^
  File "C:\Users\saiem\AppData\Local\Programs\Python\Python311\Lib\json\decoder.py", line 355, in raw_decode
    raise JSONDecodeError("Expecting value", s, err.value) from None
json.decoder.JSONDecodeError: Expecting value: line 1 column 1 (char 0)

During handling of the above exception, another exception occurred:

Traceback (most recent call last):
  File "C:\Users\saiem\Documents\GitHub-Data\sdv-dev\cfbfastR-dev\cfbfastR-cfb-raw\python\_cfb_raw_utils.py", line 93, in _safe
    return fn(*args, **kwargs)
           ^^^^^^^^^^^^^^^^^^^
  File "C:\Users\saiem\Documents\GitHub-Data\sdv-dev\cfbfastR-dev\cfbfastR-cfb-raw\python\scrape_cfb_json.py", line 27, in _participants
    return sdv.cfb.espn_cfb_play_participants(game_id=gid, return_as_pandas=True).to_dict("records")
           ^^^^^^^^^^^^^^^^^^^^^^^^^^^^^^^^^^^^^^^^^^^^^^^^^^^^^^^^^^^^^^^^^^^^^^
  File "C:\Users\saiem\Documents\GitHub-Data\sdv-dev\cfbfastR-dev\cfbfastR-cfb-raw\.venv\Lib\site-packages\sportsdataverse\cfb\cfb_play_participants.py", line 184, in espn_cfb_play_participants
    plays_raw = _download_plays(game_id, **kwargs)
                ^^^^^^^^^^^^^^^^^^^^^^^^^^^^^^^^^^
  File "C:\Users\saiem\Documents\GitHub-Data\sdv-dev\cfbfastR-dev\cfbfastR-cfb-raw\.venv\Lib\site-packages\sportsdataverse\cfb\cfb_play_participants.py", line 215, in _download_plays
    body = resp.json()
           ^^^^^^^^^^^
  File "C:\Users\saiem\Documents\GitHub-Data\sdv-dev\cfbfastR-dev\cfbfastR-cfb-raw\.venv\Lib\site-packages\requests\models.py", line 1120, in json
    raise RequestsJSONDecodeError(e.msg, e.doc, e.pos)
requests.exceptions.JSONDecodeError: Expecting value: line 1 column 1 (char 0)
2026-06-13 20:26:04,207 ERROR extra fetch failed: _rosters(242902275,)
Traceback (most recent call last):
  File "C:\Users\saiem\Documents\GitHub-Data\sdv-dev\cfbfastR-dev\cfbfastR-cfb-raw\.venv\Lib\site-packages\requests\models.py", line 1116, in json
    return complexjson.loads(self.text, **kwargs)
           ^^^^^^^^^^^^^^^^^^^^^^^^^^^^^^^^^^^^^^
  File "C:\Users\saiem\AppData\Local\Programs\Python\Python311\Lib\json\__init__.py", line 346, in loads
    return _default_decoder.decode(s)
           ^^^^^^^^^^^^^^^^^^^^^^^^^^
  File "C:\Users\saiem\AppData\Local\Programs\Python\Python311\Lib\json\decoder.py", line 337, in decode
    obj, end = self.raw_decode(s, idx=_w(s, 0).end())
               ^^^^^^^^^^^^^^^^^^^^^^^^^^^^^^^^^^^^^^
  File "C:\Users\saiem\AppData\Local\Programs\Python\Python311\Lib\json\decoder.py", line 355, in raw_decode
    raise JSONDecodeError("Expecting value", s, err.value) from None
json.decoder.JSONDecodeError: Expecting value: line 1 column 1 (char 0)

During handling of the above exception, another exception occurred:

Traceback (most recent call last):
  File "C:\Users\saiem\Documents\GitHub-Data\sdv-dev\cfbfastR-dev\cfbfastR-cfb-raw\python\_cfb_raw_utils.py", line 93, in _safe
    return fn(*args, **kwargs)
           ^^^^^^^^^^^^^^^^^^^
  File "C:\Users\saiem\Documents\GitHub-Data\sdv-dev\cfbfastR-dev\cfbfastR-cfb-raw\python\scrape_cfb_json.py", line 31, in _rosters
    return sdv.cfb.espn_cfb_game_rosters(game_id=gid, return_as_pandas=True).to_dict("records")
           ^^^^^^^^^^^^^^^^^^^^^^^^^^^^^^^^^^^^^^^^^^^^^^^^^^^^^^^^^^^^^^^^^
  File "C:\Users\saiem\Documents\GitHub-Data\sdv-dev\cfbfastR-dev\cfbfastR-cfb-raw\.venv\Lib\site-packages\sportsdataverse\cfb\cfb_game_rosters.py", line 64, in espn_cfb_game_rosters
    summary = summary_resp.json()
              ^^^^^^^^^^^^^^^^^^^
  File "C:\Users\saiem\Documents\GitHub-Data\sdv-dev\cfbfastR-dev\cfbfastR-cfb-raw\.venv\Lib\site-packages\requests\models.py", line 1120, in json
    raise RequestsJSONDecodeError(e.msg, e.doc, e.pos)
requests.exceptions.JSONDecodeError: Expecting value: line 1 column 1 (char 0)
2026-06-13 20:26:04,314 ERROR extra fetch failed: _rosters(242902084,)
Traceback (most recent call last):
  File "C:\Users\saiem\Documents\GitHub-Data\sdv-dev\cfbfastR-dev\cfbfastR-cfb-raw\.venv\Lib\site-packages\requests\models.py", line 1116, in json
    return complexjson.loads(self.text, **kwargs)
           ^^^^^^^^^^^^^^^^^^^^^^^^^^^^^^^^^^^^^^
  File "C:\Users\saiem\AppData\Local\Programs\Python\Python311\Lib\json\__init__.py", line 346, in loads
    return _default_decoder.decode(s)
           ^^^^^^^^^^^^^^^^^^^^^^^^^^
  File "C:\Users\saiem\AppData\Local\Programs\Python\Python311\Lib\json\decoder.py", line 337, in decode
    obj, end = self.raw_decode(s, idx=_w(s, 0).end())
               ^^^^^^^^^^^^^^^^^^^^^^^^^^^^^^^^^^^^^^
  File "C:\Users\saiem\AppData\Local\Programs\Python\Python311\Lib\json\decoder.py", line 355, in raw_decode
    raise JSONDecodeError("Expecting value", s, err.value) from None
json.decoder.JSONDecodeError: Expecting value: line 1 column 1 (char 0)

During handling of the above exception, another exception occurred:

Traceback (most recent call last):
  File "C:\Users\saiem\Documents\GitHub-Data\sdv-dev\cfbfastR-dev\cfbfastR-cfb-raw\python\_cfb_raw_utils.py", line 93, in _safe
    return fn(*args, **kwargs)
           ^^^^^^^^^^^^^^^^^^^
  File "C:\Users\saiem\Documents\GitHub-Data\sdv-dev\cfbfastR-dev\cfbfastR-cfb-raw\python\scrape_cfb_json.py", line 31, in _rosters
    return sdv.cfb.espn_cfb_game_rosters(game_id=gid, return_as_pandas=True).to_dict("records")
           ^^^^^^^^^^^^^^^^^^^^^^^^^^^^^^^^^^^^^^^^^^^^^^^^^^^^^^^^^^^^^^^^^
  File "C:\Users\saiem\Documents\GitHub-Data\sdv-dev\cfbfastR-dev\cfbfastR-cfb-raw\.venv\Lib\site-packages\sportsdataverse\cfb\cfb_game_rosters.py", line 64, in espn_cfb_game_rosters
    summary = summary_resp.json()
              ^^^^^^^^^^^^^^^^^^^
  File "C:\Users\saiem\Documents\GitHub-Data\sdv-dev\cfbfastR-dev\cfbfastR-cfb-raw\.venv\Lib\site-packages\requests\models.py", line 1120, in json
    raise RequestsJSONDecodeError(e.msg, e.doc, e.pos)
requests.exceptions.JSONDecodeError: Expecting value: line 1 column 1 (char 0)
2026-06-13 20:26:04,344 ERROR extra fetch failed: _rosters(242900235,)
Traceback (most recent call last):
  File "C:\Users\saiem\Documents\GitHub-Data\sdv-dev\cfbfastR-dev\cfbfastR-cfb-raw\.venv\Lib\site-packages\requests\models.py", line 1116, in json
    return complexjson.loads(self.text, **kwargs)
           ^^^^^^^^^^^^^^^^^^^^^^^^^^^^^^^^^^^^^^
  File "C:\Users\saiem\AppData\Local\Programs\Python\Python311\Lib\json\__init__.py", line 346, in loads
    return _default_decoder.decode(s)
           ^^^^^^^^^^^^^^^^^^^^^^^^^^
  File "C:\Users\saiem\AppData\Local\Programs\Python\Python311\Lib\json\decoder.py", line 337, in decode
    obj, end = self.raw_decode(s, idx=_w(s, 0).end())
               ^^^^^^^^^^^^^^^^^^^^^^^^^^^^^^^^^^^^^^
  File "C:\Users\saiem\AppData\Local\Programs\Python\Python311\Lib\json\decoder.py", line 355, in raw_decode
    raise JSONDecodeError("Expecting value", s, err.value) from None
json.decoder.JSONDecodeError: Expecting value: line 1 column 1 (char 0)

During handling of the above exception, another exception occurred:

Traceback (most recent call last):
  File "C:\Users\saiem\Documents\GitHub-Data\sdv-dev\cfbfastR-dev\cfbfastR-cfb-raw\python\_cfb_raw_utils.py", line 93, in _safe
    return fn(*args, **kwargs)
           ^^^^^^^^^^^^^^^^^^^
  File "C:\Users\saiem\Documents\GitHub-Data\sdv-dev\cfbfastR-dev\cfbfastR-cfb-raw\python\scrape_cfb_json.py", line 31, in _rosters
    return sdv.cfb.espn_cfb_game_rosters(game_id=gid, return_as_pandas=True).to_dict("records")
           ^^^^^^^^^^^^^^^^^^^^^^^^^^^^^^^^^^^^^^^^^^^^^^^^^^^^^^^^^^^^^^^^^
  File "C:\Users\saiem\Documents\GitHub-Data\sdv-dev\cfbfastR-dev\cfbfastR-cfb-raw\.venv\Lib\site-packages\sportsdataverse\cfb\cfb_game_rosters.py", line 64, in espn_cfb_game_rosters
    summary = summary_resp.json()
              ^^^^^^^^^^^^^^^^^^^
  File "C:\Users\saiem\Documents\GitHub-Data\sdv-dev\cfbfastR-dev\cfbfastR-cfb-raw\.venv\Lib\site-packages\requests\models.py", line 1120, in json
    raise RequestsJSONDecodeError(e.msg, e.doc, e.pos)
requests.exceptions.JSONDecodeError: Expecting value: line 1 column 1 (char 0)
2026-06-13 20:26:04,376 ERROR extra fetch failed: _rosters(242902449,)
Traceback (most recent call last):
  File "C:\Users\saiem\Documents\GitHub-Data\sdv-dev\cfbfastR-dev\cfbfastR-cfb-raw\.venv\Lib\site-packages\requests\models.py", line 1116, in json
    return complexjson.loads(self.text, **kwargs)
           ^^^^^^^^^^^^^^^^^^^^^^^^^^^^^^^^^^^^^^
  File "C:\Users\saiem\AppData\Local\Programs\Python\Python311\Lib\json\__init__.py", line 346, in loads
    return _default_decoder.decode(s)
           ^^^^^^^^^^^^^^^^^^^^^^^^^^
  File "C:\Users\saiem\AppData\Local\Programs\Python\Python311\Lib\json\decoder.py", line 337, in decode
    obj, end = self.raw_decode(s, idx=_w(s, 0).end())
               ^^^^^^^^^^^^^^^^^^^^^^^^^^^^^^^^^^^^^^
  File "C:\Users\saiem\AppData\Local\Programs\Python\Python311\Lib\json\decoder.py", line 355, in raw_decode
    raise JSONDecodeError("Expecting value", s, err.value) from None
json.decoder.JSONDecodeError: Expecting value: line 1 column 1 (char 0)

During handling of the above exception, another exception occurred:

Traceback (most recent call last):
  File "C:\Users\saiem\Documents\GitHub-Data\sdv-dev\cfbfastR-dev\cfbfastR-cfb-raw\python\_cfb_raw_utils.py", line 93, in _safe
    return fn(*args, **kwargs)
           ^^^^^^^^^^^^^^^^^^^
  File "C:\Users\saiem\Documents\GitHub-Data\sdv-dev\cfbfastR-dev\cfbfastR-cfb-raw\python\scrape_cfb_json.py", line 31, in _rosters
    return sdv.cfb.espn_cfb_game_rosters(game_id=gid, return_as_pandas=True).to_dict("records")
           ^^^^^^^^^^^^^^^^^^^^^^^^^^^^^^^^^^^^^^^^^^^^^^^^^^^^^^^^^^^^^^^^^
  File "C:\Users\saiem\Documents\GitHub-Data\sdv-dev\cfbfastR-dev\cfbfastR-cfb-raw\.venv\Lib\site-packages\sportsdataverse\cfb\cfb_game_rosters.py", line 64, in espn_cfb_game_rosters
    summary = summary_resp.json()
              ^^^^^^^^^^^^^^^^^^^
  File "C:\Users\saiem\Documents\GitHub-Data\sdv-dev\cfbfastR-dev\cfbfastR-cfb-raw\.venv\Lib\site-packages\requests\models.py", line 1120, in json
    raise RequestsJSONDecodeError(e.msg, e.doc, e.pos)
requests.exceptions.JSONDecodeError: Expecting value: line 1 column 1 (char 0)
2026-06-13 20:26:04,472 ERROR extra fetch failed: _rosters(242900311,)
Traceback (most recent call last):
  File "C:\Users\saiem\Documents\GitHub-Data\sdv-dev\cfbfastR-dev\cfbfastR-cfb-raw\.venv\Lib\site-packages\requests\models.py", line 1116, in json
    return complexjson.loads(self.text, **kwargs)
           ^^^^^^^^^^^^^^^^^^^^^^^^^^^^^^^^^^^^^^
  File "C:\Users\saiem\AppData\Local\Programs\Python\Python311\Lib\json\__init__.py", line 346, in loads
    return _default_decoder.decode(s)
           ^^^^^^^^^^^^^^^^^^^^^^^^^^
  File "C:\Users\saiem\AppData\Local\Programs\Python\Python311\Lib\json\decoder.py", line 337, in decode
    obj, end = self.raw_decode(s, idx=_w(s, 0).end())
               ^^^^^^^^^^^^^^^^^^^^^^^^^^^^^^^^^^^^^^
  File "C:\Users\saiem\AppData\Local\Programs\Python\Python311\Lib\json\decoder.py", line 355, in raw_decode
    raise JSONDecodeError("Expecting value", s, err.value) from None
json.decoder.JSONDecodeError: Expecting value: line 1 column 1 (char 0)

During handling of the above exception, another exception occurred:

Traceback (most recent call last):
  File "C:\Users\saiem\Documents\GitHub-Data\sdv-dev\cfbfastR-dev\cfbfastR-cfb-raw\python\_cfb_raw_utils.py", line 93, in _safe
    return fn(*args, **kwargs)
           ^^^^^^^^^^^^^^^^^^^
  File "C:\Users\saiem\Documents\GitHub-Data\sdv-dev\cfbfastR-dev\cfbfastR-cfb-raw\python\scrape_cfb_json.py", line 31, in _rosters
    return sdv.cfb.espn_cfb_game_rosters(game_id=gid, return_as_pandas=True).to_dict("records")
           ^^^^^^^^^^^^^^^^^^^^^^^^^^^^^^^^^^^^^^^^^^^^^^^^^^^^^^^^^^^^^^^^^
  File "C:\Users\saiem\Documents\GitHub-Data\sdv-dev\cfbfastR-dev\cfbfastR-cfb-raw\.venv\Lib\site-packages\sportsdataverse\cfb\cfb_game_rosters.py", line 64, in espn_cfb_game_rosters
    summary = summary_resp.json()
              ^^^^^^^^^^^^^^^^^^^
  File "C:\Users\saiem\Documents\GitHub-Data\sdv-dev\cfbfastR-dev\cfbfastR-cfb-raw\.venv\Lib\site-packages\requests\models.py", line 1120, in json
    raise RequestsJSONDecodeError(e.msg, e.doc, e.pos)
requests.exceptions.JSONDecodeError: Expecting value: line 1 column 1 (char 0)
2026-06-13 20:26:04,483 ERROR extra fetch failed: _rosters(242902534,)
Traceback (most recent call last):
  File "C:\Users\saiem\Documents\GitHub-Data\sdv-dev\cfbfastR-dev\cfbfastR-cfb-raw\.venv\Lib\site-packages\requests\models.py", line 1116, in json
    return complexjson.loads(self.text, **kwargs)
           ^^^^^^^^^^^^^^^^^^^^^^^^^^^^^^^^^^^^^^
  File "C:\Users\saiem\AppData\Local\Programs\Python\Python311\Lib\json\__init__.py", line 346, in loads
    return _default_decoder.decode(s)
           ^^^^^^^^^^^^^^^^^^^^^^^^^^
  File "C:\Users\saiem\AppData\Local\Programs\Python\Python311\Lib\json\decoder.py", line 337, in decode
    obj, end = self.raw_decode(s, idx=_w(s, 0).end())
               ^^^^^^^^^^^^^^^^^^^^^^^^^^^^^^^^^^^^^^
  File "C:\Users\saiem\AppData\Local\Programs\Python\Python311\Lib\json\decoder.py", line 355, in raw_decode
    raise JSONDecodeError("Expecting value", s, err.value) from None
json.decoder.JSONDecodeError: Expecting value: line 1 column 1 (char 0)

During handling of the above exception, another exception occurred:

Traceback (most recent call last):
  File "C:\Users\saiem\Documents\GitHub-Data\sdv-dev\cfbfastR-dev\cfbfastR-cfb-raw\python\_cfb_raw_utils.py", line 93, in _safe
    return fn(*args, **kwargs)
           ^^^^^^^^^^^^^^^^^^^
  File "C:\Users\saiem\Documents\GitHub-Data\sdv-dev\cfbfastR-dev\cfbfastR-cfb-raw\python\scrape_cfb_json.py", line 31, in _rosters
    return sdv.cfb.espn_cfb_game_rosters(game_id=gid, return_as_pandas=True).to_dict("records")
           ^^^^^^^^^^^^^^^^^^^^^^^^^^^^^^^^^^^^^^^^^^^^^^^^^^^^^^^^^^^^^^^^^
  File "C:\Users\saiem\Documents\GitHub-Data\sdv-dev\cfbfastR-dev\cfbfastR-cfb-raw\.venv\Lib\site-packages\sportsdataverse\cfb\cfb_game_rosters.py", line 64, in espn_cfb_game_rosters
    summary = summary_resp.json()
              ^^^^^^^^^^^^^^^^^^^
  File "C:\Users\saiem\Documents\GitHub-Data\sdv-dev\cfbfastR-dev\cfbfastR-cfb-raw\.venv\Lib\site-packages\requests\models.py", line 1120, in json
    raise RequestsJSONDecodeError(e.msg, e.doc, e.pos)
requests.exceptions.JSONDecodeError: Expecting value: line 1 column 1 (char 0)
2026-06-13 20:26:04,573 ERROR extra fetch failed: _rosters(242902433,)
Traceback (most recent call last):
  File "C:\Users\saiem\Documents\GitHub-Data\sdv-dev\cfbfastR-dev\cfbfastR-cfb-raw\.venv\Lib\site-packages\requests\models.py", line 1116, in json
    return complexjson.loads(self.text, **kwargs)
           ^^^^^^^^^^^^^^^^^^^^^^^^^^^^^^^^^^^^^^
  File "C:\Users\saiem\AppData\Local\Programs\Python\Python311\Lib\json\__init__.py", line 346, in loads
    return _default_decoder.decode(s)
           ^^^^^^^^^^^^^^^^^^^^^^^^^^
  File "C:\Users\saiem\AppData\Local\Programs\Python\Python311\Lib\json\decoder.py", line 337, in decode
    obj, end = self.raw_decode(s, idx=_w(s, 0).end())
               ^^^^^^^^^^^^^^^^^^^^^^^^^^^^^^^^^^^^^^
  File "C:\Users\saiem\AppData\Local\Programs\Python\Python311\Lib\json\decoder.py", line 355, in raw_decode
    raise JSONDecodeError("Expecting value", s, err.value) from None
json.decoder.JSONDecodeError: Expecting value: line 1 column 1 (char 0)

During handling of the above exception, another exception occurred:

Traceback (most recent call last):
  File "C:\Users\saiem\Documents\GitHub-Data\sdv-dev\cfbfastR-dev\cfbfastR-cfb-raw\python\_cfb_raw_utils.py", line 93, in _safe
    return fn(*args, **kwargs)
           ^^^^^^^^^^^^^^^^^^^
  File "C:\Users\saiem\Documents\GitHub-Data\sdv-dev\cfbfastR-dev\cfbfastR-cfb-raw\python\scrape_cfb_json.py", line 31, in _rosters
    return sdv.cfb.espn_cfb_game_rosters(game_id=gid, return_as_pandas=True).to_dict("records")
           ^^^^^^^^^^^^^^^^^^^^^^^^^^^^^^^^^^^^^^^^^^^^^^^^^^^^^^^^^^^^^^^^^
  File "C:\Users\saiem\Documents\GitHub-Data\sdv-dev\cfbfastR-dev\cfbfastR-cfb-raw\.venv\Lib\site-packages\sportsdataverse\cfb\cfb_game_rosters.py", line 64, in espn_cfb_game_rosters
    summary = summary_resp.json()
              ^^^^^^^^^^^^^^^^^^^
  File "C:\Users\saiem\Documents\GitHub-Data\sdv-dev\cfbfastR-dev\cfbfastR-cfb-raw\.venv\Lib\site-packages\requests\models.py", line 1120, in json
    raise RequestsJSONDecodeError(e.msg, e.doc, e.pos)
requests.exceptions.JSONDecodeError: Expecting value: line 1 column 1 (char 0)
2026-06-13 20:26:04,628 ERROR extra fetch failed: _rosters(242902439,)
Traceback (most recent call last):
  File "C:\Users\saiem\Documents\GitHub-Data\sdv-dev\cfbfastR-dev\cfbfastR-cfb-raw\.venv\Lib\site-packages\requests\models.py", line 1116, in json
    return complexjson.loads(self.text, **kwargs)
           ^^^^^^^^^^^^^^^^^^^^^^^^^^^^^^^^^^^^^^
  File "C:\Users\saiem\AppData\Local\Programs\Python\Python311\Lib\json\__init__.py", line 346, in loads
    return _default_decoder.decode(s)
           ^^^^^^^^^^^^^^^^^^^^^^^^^^
  File "C:\Users\saiem\AppData\Local\Programs\Python\Python311\Lib\json\decoder.py", line 337, in decode
    obj, end = self.raw_decode(s, idx=_w(s, 0).end())
               ^^^^^^^^^^^^^^^^^^^^^^^^^^^^^^^^^^^^^^
  File "C:\Users\saiem\AppData\Local\Programs\Python\Python311\Lib\json\decoder.py", line 355, in raw_decode
    raise JSONDecodeError("Expecting value", s, err.value) from None
json.decoder.JSONDecodeError: Expecting value: line 1 column 1 (char 0)

During handling of the above exception, another exception occurred:

Traceback (most recent call last):
  File "C:\Users\saiem\Documents\GitHub-Data\sdv-dev\cfbfastR-dev\cfbfastR-cfb-raw\python\_cfb_raw_utils.py", line 93, in _safe
    return fn(*args, **kwargs)
           ^^^^^^^^^^^^^^^^^^^
  File "C:\Users\saiem\Documents\GitHub-Data\sdv-dev\cfbfastR-dev\cfbfastR-cfb-raw\python\scrape_cfb_json.py", line 31, in _rosters
    return sdv.cfb.espn_cfb_game_rosters(game_id=gid, return_as_pandas=True).to_dict("records")
           ^^^^^^^^^^^^^^^^^^^^^^^^^^^^^^^^^^^^^^^^^^^^^^^^^^^^^^^^^^^^^^^^^
  File "C:\Users\saiem\Documents\GitHub-Data\sdv-dev\cfbfastR-dev\cfbfastR-cfb-raw\.venv\Lib\site-packages\sportsdataverse\cfb\cfb_game_rosters.py", line 64, in espn_cfb_game_rosters
    summary = summary_resp.json()
              ^^^^^^^^^^^^^^^^^^^
  File "C:\Users\saiem\Documents\GitHub-Data\sdv-dev\cfbfastR-dev\cfbfastR-cfb-raw\.venv\Lib\site-packages\requests\models.py", line 1120, in json
    raise RequestsJSONDecodeError(e.msg, e.doc, e.pos)
requests.exceptions.JSONDecodeError: Expecting value: line 1 column 1 (char 0)
2026-06-13 20:26:04,742 ERROR extra fetch failed: _rosters(242900189,)
Traceback (most recent call last):
  File "C:\Users\saiem\Documents\GitHub-Data\sdv-dev\cfbfastR-dev\cfbfastR-cfb-raw\.venv\Lib\site-packages\requests\models.py", line 1116, in json
    return complexjson.loads(self.text, **kwargs)
           ^^^^^^^^^^^^^^^^^^^^^^^^^^^^^^^^^^^^^^
  File "C:\Users\saiem\AppData\Local\Programs\Python\Python311\Lib\json\__init__.py", line 346, in loads
    return _default_decoder.decode(s)
           ^^^^^^^^^^^^^^^^^^^^^^^^^^
  File "C:\Users\saiem\AppData\Local\Programs\Python\Python311\Lib\json\decoder.py", line 337, in decode
    obj, end = self.raw_decode(s, idx=_w(s, 0).end())
               ^^^^^^^^^^^^^^^^^^^^^^^^^^^^^^^^^^^^^^
  File "C:\Users\saiem\AppData\Local\Programs\Python\Python311\Lib\json\decoder.py", line 355, in raw_decode
    raise JSONDecodeError("Expecting value", s, err.value) from None
json.decoder.JSONDecodeError: Expecting value: line 1 column 1 (char 0)

During handling of the above exception, another exception occurred:

Traceback (most recent call last):
  File "C:\Users\saiem\Documents\GitHub-Data\sdv-dev\cfbfastR-dev\cfbfastR-cfb-raw\python\_cfb_raw_utils.py", line 93, in _safe
    return fn(*args, **kwargs)
           ^^^^^^^^^^^^^^^^^^^
  File "C:\Users\saiem\Documents\GitHub-Data\sdv-dev\cfbfastR-dev\cfbfastR-cfb-raw\python\scrape_cfb_json.py", line 31, in _rosters
    return sdv.cfb.espn_cfb_game_rosters(game_id=gid, return_as_pandas=True).to_dict("records")
           ^^^^^^^^^^^^^^^^^^^^^^^^^^^^^^^^^^^^^^^^^^^^^^^^^^^^^^^^^^^^^^^^^
  File "C:\Users\saiem\Documents\GitHub-Data\sdv-dev\cfbfastR-dev\cfbfastR-cfb-raw\.venv\Lib\site-packages\sportsdataverse\cfb\cfb_game_rosters.py", line 64, in espn_cfb_game_rosters
    summary = summary_resp.json()
              ^^^^^^^^^^^^^^^^^^^
  File "C:\Users\saiem\Documents\GitHub-Data\sdv-dev\cfbfastR-dev\cfbfastR-cfb-raw\.venv\Lib\site-packages\requests\models.py", line 1120, in json
    raise RequestsJSONDecodeError(e.msg, e.doc, e.pos)
requests.exceptions.JSONDecodeError: Expecting value: line 1 column 1 (char 0)
2026-06-13 20:26:05,561 ERROR extra fetch failed: _participants(242902458,)
Traceback (most recent call last):
  File "C:\Users\saiem\Documents\GitHub-Data\sdv-dev\cfbfastR-dev\cfbfastR-cfb-raw\.venv\Lib\site-packages\requests\models.py", line 1116, in json
    return complexjson.loads(self.text, **kwargs)
           ^^^^^^^^^^^^^^^^^^^^^^^^^^^^^^^^^^^^^^
  File "C:\Users\saiem\AppData\Local\Programs\Python\Python311\Lib\json\__init__.py", line 346, in loads
    return _default_decoder.decode(s)
           ^^^^^^^^^^^^^^^^^^^^^^^^^^
  File "C:\Users\saiem\AppData\Local\Programs\Python\Python311\Lib\json\decoder.py", line 337, in decode
    obj, end = self.raw_decode(s, idx=_w(s, 0).end())
               ^^^^^^^^^^^^^^^^^^^^^^^^^^^^^^^^^^^^^^
  File "C:\Users\saiem\AppData\Local\Programs\Python\Python311\Lib\json\decoder.py", line 355, in raw_decode
    raise JSONDecodeError("Expecting value", s, err.value) from None
json.decoder.JSONDecodeError: Expecting value: line 1 column 1 (char 0)

During handling of the above exception, another exception occurred:

Traceback (most recent call last):
  File "C:\Users\saiem\Documents\GitHub-Data\sdv-dev\cfbfastR-dev\cfbfastR-cfb-raw\python\_cfb_raw_utils.py", line 93, in _safe
    return fn(*args, **kwargs)
           ^^^^^^^^^^^^^^^^^^^
  File "C:\Users\saiem\Documents\GitHub-Data\sdv-dev\cfbfastR-dev\cfbfastR-cfb-raw\python\scrape_cfb_json.py", line 27, in _participants
    return sdv.cfb.espn_cfb_play_participants(game_id=gid, return_as_pandas=True).to_dict("records")
           ^^^^^^^^^^^^^^^^^^^^^^^^^^^^^^^^^^^^^^^^^^^^^^^^^^^^^^^^^^^^^^^^^^^^^^
  File "C:\Users\saiem\Documents\GitHub-Data\sdv-dev\cfbfastR-dev\cfbfastR-cfb-raw\.venv\Lib\site-packages\sportsdataverse\cfb\cfb_play_participants.py", line 184, in espn_cfb_play_participants
    plays_raw = _download_plays(game_id, **kwargs)
                ^^^^^^^^^^^^^^^^^^^^^^^^^^^^^^^^^^
  File "C:\Users\saiem\Documents\GitHub-Data\sdv-dev\cfbfastR-dev\cfbfastR-cfb-raw\.venv\Lib\site-packages\sportsdataverse\cfb\cfb_play_participants.py", line 215, in _download_plays
    body = resp.json()
           ^^^^^^^^^^^
  File "C:\Users\saiem\Documents\GitHub-Data\sdv-dev\cfbfastR-dev\cfbfastR-cfb-raw\.venv\Lib\site-packages\requests\models.py", line 1120, in json
    raise RequestsJSONDecodeError(e.msg, e.doc, e.pos)
requests.exceptions.JSONDecodeError: Expecting value: line 1 column 1 (char 0)
2026-06-13 20:26:05,561 ERROR extra fetch failed: _participants(242902459,)
Traceback (most recent call last):
  File "C:\Users\saiem\Documents\GitHub-Data\sdv-dev\cfbfastR-dev\cfbfastR-cfb-raw\.venv\Lib\site-packages\requests\models.py", line 1116, in json
    return complexjson.loads(self.text, **kwargs)
           ^^^^^^^^^^^^^^^^^^^^^^^^^^^^^^^^^^^^^^
  File "C:\Users\saiem\AppData\Local\Programs\Python\Python311\Lib\json\__init__.py", line 346, in loads
    return _default_decoder.decode(s)
           ^^^^^^^^^^^^^^^^^^^^^^^^^^
  File "C:\Users\saiem\AppData\Local\Programs\Python\Python311\Lib\json\decoder.py", line 337, in decode
    obj, end = self.raw_decode(s, idx=_w(s, 0).end())
               ^^^^^^^^^^^^^^^^^^^^^^^^^^^^^^^^^^^^^^
  File "C:\Users\saiem\AppData\Local\Programs\Python\Python311\Lib\json\decoder.py", line 355, in raw_decode
    raise JSONDecodeError("Expecting value", s, err.value) from None
json.decoder.JSONDecodeError: Expecting value: line 1 column 1 (char 0)

During handling of the above exception, another exception occurred:

Traceback (most recent call last):
  File "C:\Users\saiem\Documents\GitHub-Data\sdv-dev\cfbfastR-dev\cfbfastR-cfb-raw\python\_cfb_raw_utils.py", line 93, in _safe
    return fn(*args, **kwargs)
           ^^^^^^^^^^^^^^^^^^^
  File "C:\Users\saiem\Documents\GitHub-Data\sdv-dev\cfbfastR-dev\cfbfastR-cfb-raw\python\scrape_cfb_json.py", line 27, in _participants
    return sdv.cfb.espn_cfb_play_participants(game_id=gid, return_as_pandas=True).to_dict("records")
           ^^^^^^^^^^^^^^^^^^^^^^^^^^^^^^^^^^^^^^^^^^^^^^^^^^^^^^^^^^^^^^^^^^^^^^
  File "C:\Users\saiem\Documents\GitHub-Data\sdv-dev\cfbfastR-dev\cfbfastR-cfb-raw\.venv\Lib\site-packages\sportsdataverse\cfb\cfb_play_participants.py", line 184, in espn_cfb_play_participants
    plays_raw = _download_plays(game_id, **kwargs)
                ^^^^^^^^^^^^^^^^^^^^^^^^^^^^^^^^^^
  File "C:\Users\saiem\Documents\GitHub-Data\sdv-dev\cfbfastR-dev\cfbfastR-cfb-raw\.venv\Lib\site-packages\sportsdataverse\cfb\cfb_play_participants.py", line 215, in _download_plays
    body = resp.json()
           ^^^^^^^^^^^
  File "C:\Users\saiem\Documents\GitHub-Data\sdv-dev\cfbfastR-dev\cfbfastR-cfb-raw\.venv\Lib\site-packages\requests\models.py", line 1120, in json
    raise RequestsJSONDecodeError(e.msg, e.doc, e.pos)
requests.exceptions.JSONDecodeError: Expecting value: line 1 column 1 (char 0)
2026-06-13 20:26:05,670 ERROR extra fetch failed: _participants(242900070,)
Traceback (most recent call last):
  File "C:\Users\saiem\Documents\GitHub-Data\sdv-dev\cfbfastR-dev\cfbfastR-cfb-raw\.venv\Lib\site-packages\requests\models.py", line 1116, in json
    return complexjson.loads(self.text, **kwargs)
           ^^^^^^^^^^^^^^^^^^^^^^^^^^^^^^^^^^^^^^
  File "C:\Users\saiem\AppData\Local\Programs\Python\Python311\Lib\json\__init__.py", line 346, in loads
    return _default_decoder.decode(s)
           ^^^^^^^^^^^^^^^^^^^^^^^^^^
  File "C:\Users\saiem\AppData\Local\Programs\Python\Python311\Lib\json\decoder.py", line 337, in decode
    obj, end = self.raw_decode(s, idx=_w(s, 0).end())
               ^^^^^^^^^^^^^^^^^^^^^^^^^^^^^^^^^^^^^^
  File "C:\Users\saiem\AppData\Local\Programs\Python\Python311\Lib\json\decoder.py", line 355, in raw_decode
    raise JSONDecodeError("Expecting value", s, err.value) from None
json.decoder.JSONDecodeError: Expecting value: line 1 column 1 (char 0)

During handling of the above exception, another exception occurred:

Traceback (most recent call last):
  File "C:\Users\saiem\Documents\GitHub-Data\sdv-dev\cfbfastR-dev\cfbfastR-cfb-raw\python\_cfb_raw_utils.py", line 93, in _safe
    return fn(*args, **kwargs)
           ^^^^^^^^^^^^^^^^^^^
  File "C:\Users\saiem\Documents\GitHub-Data\sdv-dev\cfbfastR-dev\cfbfastR-cfb-raw\python\scrape_cfb_json.py", line 27, in _participants
    return sdv.cfb.espn_cfb_play_participants(game_id=gid, return_as_pandas=True).to_dict("records")
           ^^^^^^^^^^^^^^^^^^^^^^^^^^^^^^^^^^^^^^^^^^^^^^^^^^^^^^^^^^^^^^^^^^^^^^
  File "C:\Users\saiem\Documents\GitHub-Data\sdv-dev\cfbfastR-dev\cfbfastR-cfb-raw\.venv\Lib\site-packages\sportsdataverse\cfb\cfb_play_participants.py", line 184, in espn_cfb_play_participants
    plays_raw = _download_plays(game_id, **kwargs)
                ^^^^^^^^^^^^^^^^^^^^^^^^^^^^^^^^^^
  File "C:\Users\saiem\Documents\GitHub-Data\sdv-dev\cfbfastR-dev\cfbfastR-cfb-raw\.venv\Lib\site-packages\sportsdataverse\cfb\cfb_play_participants.py", line 215, in _download_plays
    body = resp.json()
           ^^^^^^^^^^^
  File "C:\Users\saiem\Documents\GitHub-Data\sdv-dev\cfbfastR-dev\cfbfastR-cfb-raw\.venv\Lib\site-packages\requests\models.py", line 1120, in json
    raise RequestsJSONDecodeError(e.msg, e.doc, e.pos)
requests.exceptions.JSONDecodeError: Expecting value: line 1 column 1 (char 0)
2026-06-13 20:26:05,695 ERROR extra fetch failed: _participants(242902309,)
Traceback (most recent call last):
  File "C:\Users\saiem\Documents\GitHub-Data\sdv-dev\cfbfastR-dev\cfbfastR-cfb-raw\.venv\Lib\site-packages\requests\models.py", line 1116, in json
    return complexjson.loads(self.text, **kwargs)
           ^^^^^^^^^^^^^^^^^^^^^^^^^^^^^^^^^^^^^^
  File "C:\Users\saiem\AppData\Local\Programs\Python\Python311\Lib\json\__init__.py", line 346, in loads
    return _default_decoder.decode(s)
           ^^^^^^^^^^^^^^^^^^^^^^^^^^
  File "C:\Users\saiem\AppData\Local\Programs\Python\Python311\Lib\json\decoder.py", line 337, in decode
    obj, end = self.raw_decode(s, idx=_w(s, 0).end())
               ^^^^^^^^^^^^^^^^^^^^^^^^^^^^^^^^^^^^^^
  File "C:\Users\saiem\AppData\Local\Programs\Python\Python311\Lib\json\decoder.py", line 355, in raw_decode
    raise JSONDecodeError("Expecting value", s, err.value) from None
json.decoder.JSONDecodeError: Expecting value: line 1 column 1 (char 0)

During handling of the above exception, another exception occurred:

Traceback (most recent call last):
  File "C:\Users\saiem\Documents\GitHub-Data\sdv-dev\cfbfastR-dev\cfbfastR-cfb-raw\python\_cfb_raw_utils.py", line 93, in _safe
    return fn(*args, **kwargs)
           ^^^^^^^^^^^^^^^^^^^
  File "C:\Users\saiem\Documents\GitHub-Data\sdv-dev\cfbfastR-dev\cfbfastR-cfb-raw\python\scrape_cfb_json.py", line 27, in _participants
    return sdv.cfb.espn_cfb_play_participants(game_id=gid, return_as_pandas=True).to_dict("records")
           ^^^^^^^^^^^^^^^^^^^^^^^^^^^^^^^^^^^^^^^^^^^^^^^^^^^^^^^^^^^^^^^^^^^^^^
  File "C:\Users\saiem\Documents\GitHub-Data\sdv-dev\cfbfastR-dev\cfbfastR-cfb-raw\.venv\Lib\site-packages\sportsdataverse\cfb\cfb_play_participants.py", line 184, in espn_cfb_play_participants
    plays_raw = _download_plays(game_id, **kwargs)
                ^^^^^^^^^^^^^^^^^^^^^^^^^^^^^^^^^^
  File "C:\Users\saiem\Documents\GitHub-Data\sdv-dev\cfbfastR-dev\cfbfastR-cfb-raw\.venv\Lib\site-packages\sportsdataverse\cfb\cfb_play_participants.py", line 215, in _download_plays
    body = resp.json()
           ^^^^^^^^^^^
  File "C:\Users\saiem\Documents\GitHub-Data\sdv-dev\cfbfastR-dev\cfbfastR-cfb-raw\.venv\Lib\site-packages\requests\models.py", line 1120, in json
    raise RequestsJSONDecodeError(e.msg, e.doc, e.pos)
requests.exceptions.JSONDecodeError: Expecting value: line 1 column 1 (char 0)
2026-06-13 20:26:06,094 ERROR extra fetch failed: _participants(242902116,)
Traceback (most recent call last):
  File "C:\Users\saiem\Documents\GitHub-Data\sdv-dev\cfbfastR-dev\cfbfastR-cfb-raw\.venv\Lib\site-packages\requests\models.py", line 1116, in json
    return complexjson.loads(self.text, **kwargs)
           ^^^^^^^^^^^^^^^^^^^^^^^^^^^^^^^^^^^^^^
  File "C:\Users\saiem\AppData\Local\Programs\Python\Python311\Lib\json\__init__.py", line 346, in loads
    return _default_decoder.decode(s)
           ^^^^^^^^^^^^^^^^^^^^^^^^^^
  File "C:\Users\saiem\AppData\Local\Programs\Python\Python311\Lib\json\decoder.py", line 337, in decode
    obj, end = self.raw_decode(s, idx=_w(s, 0).end())
               ^^^^^^^^^^^^^^^^^^^^^^^^^^^^^^^^^^^^^^
  File "C:\Users\saiem\AppData\Local\Programs\Python\Python311\Lib\json\decoder.py", line 355, in raw_decode
    raise JSONDecodeError("Expecting value", s, err.value) from None
json.decoder.JSONDecodeError: Expecting value: line 1 column 1 (char 0)

During handling of the above exception, another exception occurred:

Traceback (most recent call last):
  File "C:\Users\saiem\Documents\GitHub-Data\sdv-dev\cfbfastR-dev\cfbfastR-cfb-raw\python\_cfb_raw_utils.py", line 93, in _safe
    return fn(*args, **kwargs)
           ^^^^^^^^^^^^^^^^^^^
  File "C:\Users\saiem\Documents\GitHub-Data\sdv-dev\cfbfastR-dev\cfbfastR-cfb-raw\python\scrape_cfb_json.py", line 27, in _participants
    return sdv.cfb.espn_cfb_play_participants(game_id=gid, return_as_pandas=True).to_dict("records")
           ^^^^^^^^^^^^^^^^^^^^^^^^^^^^^^^^^^^^^^^^^^^^^^^^^^^^^^^^^^^^^^^^^^^^^^
  File "C:\Users\saiem\Documents\GitHub-Data\sdv-dev\cfbfastR-dev\cfbfastR-cfb-raw\.venv\Lib\site-packages\sportsdataverse\cfb\cfb_play_participants.py", line 184, in espn_cfb_play_participants
    plays_raw = _download_plays(game_id, **kwargs)
                ^^^^^^^^^^^^^^^^^^^^^^^^^^^^^^^^^^
  File "C:\Users\saiem\Documents\GitHub-Data\sdv-dev\cfbfastR-dev\cfbfastR-cfb-raw\.venv\Lib\site-packages\sportsdataverse\cfb\cfb_play_participants.py", line 215, in _download_plays
    body = resp.json()
           ^^^^^^^^^^^
  File "C:\Users\saiem\Documents\GitHub-Data\sdv-dev\cfbfastR-dev\cfbfastR-cfb-raw\.venv\Lib\site-packages\requests\models.py", line 1120, in json
    raise RequestsJSONDecodeError(e.msg, e.doc, e.pos)
requests.exceptions.JSONDecodeError: Expecting value: line 1 column 1 (char 0)
2026-06-13 20:26:06,259 ERROR extra fetch failed: _participants(242902567,)
Traceback (most recent call last):
  File "C:\Users\saiem\Documents\GitHub-Data\sdv-dev\cfbfastR-dev\cfbfastR-cfb-raw\.venv\Lib\site-packages\requests\models.py", line 1116, in json
    return complexjson.loads(self.text, **kwargs)
           ^^^^^^^^^^^^^^^^^^^^^^^^^^^^^^^^^^^^^^
  File "C:\Users\saiem\AppData\Local\Programs\Python\Python311\Lib\json\__init__.py", line 346, in loads
    return _default_decoder.decode(s)
           ^^^^^^^^^^^^^^^^^^^^^^^^^^
  File "C:\Users\saiem\AppData\Local\Programs\Python\Python311\Lib\json\decoder.py", line 337, in decode
    obj, end = self.raw_decode(s, idx=_w(s, 0).end())
               ^^^^^^^^^^^^^^^^^^^^^^^^^^^^^^^^^^^^^^
  File "C:\Users\saiem\AppData\Local\Programs\Python\Python311\Lib\json\decoder.py", line 355, in raw_decode
    raise JSONDecodeError("Expecting value", s, err.value) from None
json.decoder.JSONDecodeError: Expecting value: line 1 column 1 (char 0)

During handling of the above exception, another exception occurred:

Traceback (most recent call last):
  File "C:\Users\saiem\Documents\GitHub-Data\sdv-dev\cfbfastR-dev\cfbfastR-cfb-raw\python\_cfb_raw_utils.py", line 93, in _safe
    return fn(*args, **kwargs)
           ^^^^^^^^^^^^^^^^^^^
  File "C:\Users\saiem\Documents\GitHub-Data\sdv-dev\cfbfastR-dev\cfbfastR-cfb-raw\python\scrape_cfb_json.py", line 27, in _participants
    return sdv.cfb.espn_cfb_play_participants(game_id=gid, return_as_pandas=True).to_dict("records")
           ^^^^^^^^^^^^^^^^^^^^^^^^^^^^^^^^^^^^^^^^^^^^^^^^^^^^^^^^^^^^^^^^^^^^^^
  File "C:\Users\saiem\Documents\GitHub-Data\sdv-dev\cfbfastR-dev\cfbfastR-cfb-raw\.venv\Lib\site-packages\sportsdataverse\cfb\cfb_play_participants.py", line 184, in espn_cfb_play_participants
    plays_raw = _download_plays(game_id, **kwargs)
                ^^^^^^^^^^^^^^^^^^^^^^^^^^^^^^^^^^
  File "C:\Users\saiem\Documents\GitHub-Data\sdv-dev\cfbfastR-dev\cfbfastR-cfb-raw\.venv\Lib\site-packages\sportsdataverse\cfb\cfb_play_participants.py", line 215, in _download_plays
    body = resp.json()
           ^^^^^^^^^^^
  File "C:\Users\saiem\Documents\GitHub-Data\sdv-dev\cfbfastR-dev\cfbfastR-cfb-raw\.venv\Lib\site-packages\requests\models.py", line 1120, in json
    raise RequestsJSONDecodeError(e.msg, e.doc, e.pos)
requests.exceptions.JSONDecodeError: Expecting value: line 1 column 1 (char 0)
2026-06-13 20:26:06,424 ERROR extra fetch failed: _participants(242900228,)
Traceback (most recent call last):
  File "C:\Users\saiem\Documents\GitHub-Data\sdv-dev\cfbfastR-dev\cfbfastR-cfb-raw\.venv\Lib\site-packages\requests\models.py", line 1116, in json
    return complexjson.loads(self.text, **kwargs)
           ^^^^^^^^^^^^^^^^^^^^^^^^^^^^^^^^^^^^^^
  File "C:\Users\saiem\AppData\Local\Programs\Python\Python311\Lib\json\__init__.py", line 346, in loads
    return _default_decoder.decode(s)
           ^^^^^^^^^^^^^^^^^^^^^^^^^^
  File "C:\Users\saiem\AppData\Local\Programs\Python\Python311\Lib\json\decoder.py", line 337, in decode
    obj, end = self.raw_decode(s, idx=_w(s, 0).end())
               ^^^^^^^^^^^^^^^^^^^^^^^^^^^^^^^^^^^^^^
  File "C:\Users\saiem\AppData\Local\Programs\Python\Python311\Lib\json\decoder.py", line 355, in raw_decode
    raise JSONDecodeError("Expecting value", s, err.value) from None
json.decoder.JSONDecodeError: Expecting value: line 1 column 1 (char 0)

During handling of the above exception, another exception occurred:

Traceback (most recent call last):
  File "C:\Users\saiem\Documents\GitHub-Data\sdv-dev\cfbfastR-dev\cfbfastR-cfb-raw\python\_cfb_raw_utils.py", line 93, in _safe
    return fn(*args, **kwargs)
           ^^^^^^^^^^^^^^^^^^^
  File "C:\Users\saiem\Documents\GitHub-Data\sdv-dev\cfbfastR-dev\cfbfastR-cfb-raw\python\scrape_cfb_json.py", line 27, in _participants
    return sdv.cfb.espn_cfb_play_participants(game_id=gid, return_as_pandas=True).to_dict("records")
           ^^^^^^^^^^^^^^^^^^^^^^^^^^^^^^^^^^^^^^^^^^^^^^^^^^^^^^^^^^^^^^^^^^^^^^
  File "C:\Users\saiem\Documents\GitHub-Data\sdv-dev\cfbfastR-dev\cfbfastR-cfb-raw\.venv\Lib\site-packages\sportsdataverse\cfb\cfb_play_participants.py", line 184, in espn_cfb_play_participants
    plays_raw = _download_plays(game_id, **kwargs)
                ^^^^^^^^^^^^^^^^^^^^^^^^^^^^^^^^^^
  File "C:\Users\saiem\Documents\GitHub-Data\sdv-dev\cfbfastR-dev\cfbfastR-cfb-raw\.venv\Lib\site-packages\sportsdataverse\cfb\cfb_play_participants.py", line 215, in _download_plays
    body = resp.json()
           ^^^^^^^^^^^
  File "C:\Users\saiem\Documents\GitHub-Data\sdv-dev\cfbfastR-dev\cfbfastR-cfb-raw\.venv\Lib\site-packages\requests\models.py", line 1120, in json
    raise RequestsJSONDecodeError(e.msg, e.doc, e.pos)
requests.exceptions.JSONDecodeError: Expecting value: line 1 column 1 (char 0)
2026-06-13 20:26:06,481 ERROR extra fetch failed: _participants(242900038,)
Traceback (most recent call last):
  File "C:\Users\saiem\Documents\GitHub-Data\sdv-dev\cfbfastR-dev\cfbfastR-cfb-raw\.venv\Lib\site-packages\requests\models.py", line 1116, in json
    return complexjson.loads(self.text, **kwargs)
           ^^^^^^^^^^^^^^^^^^^^^^^^^^^^^^^^^^^^^^
  File "C:\Users\saiem\AppData\Local\Programs\Python\Python311\Lib\json\__init__.py", line 346, in loads
    return _default_decoder.decode(s)
           ^^^^^^^^^^^^^^^^^^^^^^^^^^
  File "C:\Users\saiem\AppData\Local\Programs\Python\Python311\Lib\json\decoder.py", line 337, in decode
    obj, end = self.raw_decode(s, idx=_w(s, 0).end())
               ^^^^^^^^^^^^^^^^^^^^^^^^^^^^^^^^^^^^^^
  File "C:\Users\saiem\AppData\Local\Programs\Python\Python311\Lib\json\decoder.py", line 355, in raw_decode
    raise JSONDecodeError("Expecting value", s, err.value) from None
json.decoder.JSONDecodeError: Expecting value: line 1 column 1 (char 0)

During handling of the above exception, another exception occurred:

Traceback (most recent call last):
  File "C:\Users\saiem\Documents\GitHub-Data\sdv-dev\cfbfastR-dev\cfbfastR-cfb-raw\python\_cfb_raw_utils.py", line 93, in _safe
    return fn(*args, **kwargs)
           ^^^^^^^^^^^^^^^^^^^
  File "C:\Users\saiem\Documents\GitHub-Data\sdv-dev\cfbfastR-dev\cfbfastR-cfb-raw\python\scrape_cfb_json.py", line 27, in _participants
    return sdv.cfb.espn_cfb_play_participants(game_id=gid, return_as_pandas=True).to_dict("records")
           ^^^^^^^^^^^^^^^^^^^^^^^^^^^^^^^^^^^^^^^^^^^^^^^^^^^^^^^^^^^^^^^^^^^^^^
  File "C:\Users\saiem\Documents\GitHub-Data\sdv-dev\cfbfastR-dev\cfbfastR-cfb-raw\.venv\Lib\site-packages\sportsdataverse\cfb\cfb_play_participants.py", line 184, in espn_cfb_play_participants
    plays_raw = _download_plays(game_id, **kwargs)
                ^^^^^^^^^^^^^^^^^^^^^^^^^^^^^^^^^^
  File "C:\Users\saiem\Documents\GitHub-Data\sdv-dev\cfbfastR-dev\cfbfastR-cfb-raw\.venv\Lib\site-packages\sportsdataverse\cfb\cfb_play_participants.py", line 215, in _download_plays
    body = resp.json()
           ^^^^^^^^^^^
  File "C:\Users\saiem\Documents\GitHub-Data\sdv-dev\cfbfastR-dev\cfbfastR-cfb-raw\.venv\Lib\site-packages\requests\models.py", line 1120, in json
    raise RequestsJSONDecodeError(e.msg, e.doc, e.pos)
requests.exceptions.JSONDecodeError: Expecting value: line 1 column 1 (char 0)
2026-06-13 20:26:06,856 ERROR extra fetch failed: _participants(242900259,)
Traceback (most recent call last):
  File "C:\Users\saiem\Documents\GitHub-Data\sdv-dev\cfbfastR-dev\cfbfastR-cfb-raw\.venv\Lib\site-packages\requests\models.py", line 1116, in json
    return complexjson.loads(self.text, **kwargs)
           ^^^^^^^^^^^^^^^^^^^^^^^^^^^^^^^^^^^^^^
  File "C:\Users\saiem\AppData\Local\Programs\Python\Python311\Lib\json\__init__.py", line 346, in loads
    return _default_decoder.decode(s)
           ^^^^^^^^^^^^^^^^^^^^^^^^^^
  File "C:\Users\saiem\AppData\Local\Programs\Python\Python311\Lib\json\decoder.py", line 337, in decode
    obj, end = self.raw_decode(s, idx=_w(s, 0).end())
               ^^^^^^^^^^^^^^^^^^^^^^^^^^^^^^^^^^^^^^
  File "C:\Users\saiem\AppData\Local\Programs\Python\Python311\Lib\json\decoder.py", line 355, in raw_decode
    raise JSONDecodeError("Expecting value", s, err.value) from None
json.decoder.JSONDecodeError: Expecting value: line 1 column 1 (char 0)

During handling of the above exception, another exception occurred:

Traceback (most recent call last):
  File "C:\Users\saiem\Documents\GitHub-Data\sdv-dev\cfbfastR-dev\cfbfastR-cfb-raw\python\_cfb_raw_utils.py", line 93, in _safe
    return fn(*args, **kwargs)
           ^^^^^^^^^^^^^^^^^^^
  File "C:\Users\saiem\Documents\GitHub-Data\sdv-dev\cfbfastR-dev\cfbfastR-cfb-raw\python\scrape_cfb_json.py", line 27, in _participants
    return sdv.cfb.espn_cfb_play_participants(game_id=gid, return_as_pandas=True).to_dict("records")
           ^^^^^^^^^^^^^^^^^^^^^^^^^^^^^^^^^^^^^^^^^^^^^^^^^^^^^^^^^^^^^^^^^^^^^^
  File "C:\Users\saiem\Documents\GitHub-Data\sdv-dev\cfbfastR-dev\cfbfastR-cfb-raw\.venv\Lib\site-packages\sportsdataverse\cfb\cfb_play_participants.py", line 184, in espn_cfb_play_participants
    plays_raw = _download_plays(game_id, **kwargs)
                ^^^^^^^^^^^^^^^^^^^^^^^^^^^^^^^^^^
  File "C:\Users\saiem\Documents\GitHub-Data\sdv-dev\cfbfastR-dev\cfbfastR-cfb-raw\.venv\Lib\site-packages\sportsdataverse\cfb\cfb_play_participants.py", line 215, in _download_plays
    body = resp.json()
           ^^^^^^^^^^^
  File "C:\Users\saiem\Documents\GitHub-Data\sdv-dev\cfbfastR-dev\cfbfastR-cfb-raw\.venv\Lib\site-packages\requests\models.py", line 1120, in json
    raise RequestsJSONDecodeError(e.msg, e.doc, e.pos)
requests.exceptions.JSONDecodeError: Expecting value: line 1 column 1 (char 0)
2026-06-13 20:26:06,928 ERROR extra fetch failed: _rosters(242902458,)
Traceback (most recent call last):
  File "C:\Users\saiem\Documents\GitHub-Data\sdv-dev\cfbfastR-dev\cfbfastR-cfb-raw\.venv\Lib\site-packages\requests\models.py", line 1116, in json
    return complexjson.loads(self.text, **kwargs)
           ^^^^^^^^^^^^^^^^^^^^^^^^^^^^^^^^^^^^^^
  File "C:\Users\saiem\AppData\Local\Programs\Python\Python311\Lib\json\__init__.py", line 346, in loads
    return _default_decoder.decode(s)
           ^^^^^^^^^^^^^^^^^^^^^^^^^^
  File "C:\Users\saiem\AppData\Local\Programs\Python\Python311\Lib\json\decoder.py", line 337, in decode
    obj, end = self.raw_decode(s, idx=_w(s, 0).end())
               ^^^^^^^^^^^^^^^^^^^^^^^^^^^^^^^^^^^^^^
  File "C:\Users\saiem\AppData\Local\Programs\Python\Python311\Lib\json\decoder.py", line 355, in raw_decode
    raise JSONDecodeError("Expecting value", s, err.value) from None
json.decoder.JSONDecodeError: Expecting value: line 1 column 1 (char 0)

During handling of the above exception, another exception occurred:

Traceback (most recent call last):
  File "C:\Users\saiem\Documents\GitHub-Data\sdv-dev\cfbfastR-dev\cfbfastR-cfb-raw\python\_cfb_raw_utils.py", line 93, in _safe
    return fn(*args, **kwargs)
           ^^^^^^^^^^^^^^^^^^^
  File "C:\Users\saiem\Documents\GitHub-Data\sdv-dev\cfbfastR-dev\cfbfastR-cfb-raw\python\scrape_cfb_json.py", line 31, in _rosters
    return sdv.cfb.espn_cfb_game_rosters(game_id=gid, return_as_pandas=True).to_dict("records")
           ^^^^^^^^^^^^^^^^^^^^^^^^^^^^^^^^^^^^^^^^^^^^^^^^^^^^^^^^^^^^^^^^^
  File "C:\Users\saiem\Documents\GitHub-Data\sdv-dev\cfbfastR-dev\cfbfastR-cfb-raw\.venv\Lib\site-packages\sportsdataverse\cfb\cfb_game_rosters.py", line 64, in espn_cfb_game_rosters
    summary = summary_resp.json()
              ^^^^^^^^^^^^^^^^^^^
  File "C:\Users\saiem\Documents\GitHub-Data\sdv-dev\cfbfastR-dev\cfbfastR-cfb-raw\.venv\Lib\site-packages\requests\models.py", line 1120, in json
    raise RequestsJSONDecodeError(e.msg, e.doc, e.pos)
requests.exceptions.JSONDecodeError: Expecting value: line 1 column 1 (char 0)
2026-06-13 20:26:06,993 ERROR extra fetch failed: _participants(242900013,)
Traceback (most recent call last):
  File "C:\Users\saiem\Documents\GitHub-Data\sdv-dev\cfbfastR-dev\cfbfastR-cfb-raw\.venv\Lib\site-packages\requests\models.py", line 1116, in json
    return complexjson.loads(self.text, **kwargs)
           ^^^^^^^^^^^^^^^^^^^^^^^^^^^^^^^^^^^^^^
  File "C:\Users\saiem\AppData\Local\Programs\Python\Python311\Lib\json\__init__.py", line 346, in loads
    return _default_decoder.decode(s)
           ^^^^^^^^^^^^^^^^^^^^^^^^^^
  File "C:\Users\saiem\AppData\Local\Programs\Python\Python311\Lib\json\decoder.py", line 337, in decode
    obj, end = self.raw_decode(s, idx=_w(s, 0).end())
               ^^^^^^^^^^^^^^^^^^^^^^^^^^^^^^^^^^^^^^
  File "C:\Users\saiem\AppData\Local\Programs\Python\Python311\Lib\json\decoder.py", line 355, in raw_decode
    raise JSONDecodeError("Expecting value", s, err.value) from None
json.decoder.JSONDecodeError: Expecting value: line 1 column 1 (char 0)

During handling of the above exception, another exception occurred:

Traceback (most recent call last):
  File "C:\Users\saiem\Documents\GitHub-Data\sdv-dev\cfbfastR-dev\cfbfastR-cfb-raw\python\_cfb_raw_utils.py", line 93, in _safe
    return fn(*args, **kwargs)
           ^^^^^^^^^^^^^^^^^^^
  File "C:\Users\saiem\Documents\GitHub-Data\sdv-dev\cfbfastR-dev\cfbfastR-cfb-raw\python\scrape_cfb_json.py", line 27, in _participants
    return sdv.cfb.espn_cfb_play_participants(game_id=gid, return_as_pandas=True).to_dict("records")
           ^^^^^^^^^^^^^^^^^^^^^^^^^^^^^^^^^^^^^^^^^^^^^^^^^^^^^^^^^^^^^^^^^^^^^^
  File "C:\Users\saiem\Documents\GitHub-Data\sdv-dev\cfbfastR-dev\cfbfastR-cfb-raw\.venv\Lib\site-packages\sportsdataverse\cfb\cfb_play_participants.py", line 184, in espn_cfb_play_participants
    plays_raw = _download_plays(game_id, **kwargs)
                ^^^^^^^^^^^^^^^^^^^^^^^^^^^^^^^^^^
  File "C:\Users\saiem\Documents\GitHub-Data\sdv-dev\cfbfastR-dev\cfbfastR-cfb-raw\.venv\Lib\site-packages\sportsdataverse\cfb\cfb_play_participants.py", line 215, in _download_plays
    body = resp.json()
           ^^^^^^^^^^^
  File "C:\Users\saiem\Documents\GitHub-Data\sdv-dev\cfbfastR-dev\cfbfastR-cfb-raw\.venv\Lib\site-packages\requests\models.py", line 1120, in json
    raise RequestsJSONDecodeError(e.msg, e.doc, e.pos)
requests.exceptions.JSONDecodeError: Expecting value: line 1 column 1 (char 0)
2026-06-13 20:26:07,008 ERROR extra fetch failed: _participants(242900158,)
Traceback (most recent call last):
  File "C:\Users\saiem\Documents\GitHub-Data\sdv-dev\cfbfastR-dev\cfbfastR-cfb-raw\.venv\Lib\site-packages\requests\models.py", line 1116, in json
    return complexjson.loads(self.text, **kwargs)
           ^^^^^^^^^^^^^^^^^^^^^^^^^^^^^^^^^^^^^^
  File "C:\Users\saiem\AppData\Local\Programs\Python\Python311\Lib\json\__init__.py", line 346, in loads
    return _default_decoder.decode(s)
           ^^^^^^^^^^^^^^^^^^^^^^^^^^
  File "C:\Users\saiem\AppData\Local\Programs\Python\Python311\Lib\json\decoder.py", line 337, in decode
    obj, end = self.raw_decode(s, idx=_w(s, 0).end())
               ^^^^^^^^^^^^^^^^^^^^^^^^^^^^^^^^^^^^^^
  File "C:\Users\saiem\AppData\Local\Programs\Python\Python311\Lib\json\decoder.py", line 355, in raw_decode
    raise JSONDecodeError("Expecting value", s, err.value) from None
json.decoder.JSONDecodeError: Expecting value: line 1 column 1 (char 0)

During handling of the above exception, another exception occurred:

Traceback (most recent call last):
  File "C:\Users\saiem\Documents\GitHub-Data\sdv-dev\cfbfastR-dev\cfbfastR-cfb-raw\python\_cfb_raw_utils.py", line 93, in _safe
    return fn(*args, **kwargs)
           ^^^^^^^^^^^^^^^^^^^
  File "C:\Users\saiem\Documents\GitHub-Data\sdv-dev\cfbfastR-dev\cfbfastR-cfb-raw\python\scrape_cfb_json.py", line 27, in _participants
    return sdv.cfb.espn_cfb_play_participants(game_id=gid, return_as_pandas=True).to_dict("records")
           ^^^^^^^^^^^^^^^^^^^^^^^^^^^^^^^^^^^^^^^^^^^^^^^^^^^^^^^^^^^^^^^^^^^^^^
  File "C:\Users\saiem\Documents\GitHub-Data\sdv-dev\cfbfastR-dev\cfbfastR-cfb-raw\.venv\Lib\site-packages\sportsdataverse\cfb\cfb_play_participants.py", line 184, in espn_cfb_play_participants
    plays_raw = _download_plays(game_id, **kwargs)
                ^^^^^^^^^^^^^^^^^^^^^^^^^^^^^^^^^^
  File "C:\Users\saiem\Documents\GitHub-Data\sdv-dev\cfbfastR-dev\cfbfastR-cfb-raw\.venv\Lib\site-packages\sportsdataverse\cfb\cfb_play_participants.py", line 215, in _download_plays
    body = resp.json()
           ^^^^^^^^^^^
  File "C:\Users\saiem\Documents\GitHub-Data\sdv-dev\cfbfastR-dev\cfbfastR-cfb-raw\.venv\Lib\site-packages\requests\models.py", line 1120, in json
    raise RequestsJSONDecodeError(e.msg, e.doc, e.pos)
requests.exceptions.JSONDecodeError: Expecting value: line 1 column 1 (char 0)
2026-06-13 20:26:07,071 ERROR extra fetch failed: _rosters(242902459,)
Traceback (most recent call last):
  File "C:\Users\saiem\Documents\GitHub-Data\sdv-dev\cfbfastR-dev\cfbfastR-cfb-raw\.venv\Lib\site-packages\requests\models.py", line 1116, in json
    return complexjson.loads(self.text, **kwargs)
           ^^^^^^^^^^^^^^^^^^^^^^^^^^^^^^^^^^^^^^
  File "C:\Users\saiem\AppData\Local\Programs\Python\Python311\Lib\json\__init__.py", line 346, in loads
    return _default_decoder.decode(s)
           ^^^^^^^^^^^^^^^^^^^^^^^^^^
  File "C:\Users\saiem\AppData\Local\Programs\Python\Python311\Lib\json\decoder.py", line 337, in decode
    obj, end = self.raw_decode(s, idx=_w(s, 0).end())
               ^^^^^^^^^^^^^^^^^^^^^^^^^^^^^^^^^^^^^^
  File "C:\Users\saiem\AppData\Local\Programs\Python\Python311\Lib\json\decoder.py", line 355, in raw_decode
    raise JSONDecodeError("Expecting value", s, err.value) from None
json.decoder.JSONDecodeError: Expecting value: line 1 column 1 (char 0)

During handling of the above exception, another exception occurred:

Traceback (most recent call last):
  File "C:\Users\saiem\Documents\GitHub-Data\sdv-dev\cfbfastR-dev\cfbfastR-cfb-raw\python\_cfb_raw_utils.py", line 93, in _safe
    return fn(*args, **kwargs)
           ^^^^^^^^^^^^^^^^^^^
  File "C:\Users\saiem\Documents\GitHub-Data\sdv-dev\cfbfastR-dev\cfbfastR-cfb-raw\python\scrape_cfb_json.py", line 31, in _rosters
    return sdv.cfb.espn_cfb_game_rosters(game_id=gid, return_as_pandas=True).to_dict("records")
           ^^^^^^^^^^^^^^^^^^^^^^^^^^^^^^^^^^^^^^^^^^^^^^^^^^^^^^^^^^^^^^^^^
  File "C:\Users\saiem\Documents\GitHub-Data\sdv-dev\cfbfastR-dev\cfbfastR-cfb-raw\.venv\Lib\site-packages\sportsdataverse\cfb\cfb_game_rosters.py", line 64, in espn_cfb_game_rosters
    summary = summary_resp.json()
              ^^^^^^^^^^^^^^^^^^^
  File "C:\Users\saiem\Documents\GitHub-Data\sdv-dev\cfbfastR-dev\cfbfastR-cfb-raw\.venv\Lib\site-packages\requests\models.py", line 1120, in json
    raise RequestsJSONDecodeError(e.msg, e.doc, e.pos)
requests.exceptions.JSONDecodeError: Expecting value: line 1 column 1 (char 0)
2026-06-13 20:26:07,131 ERROR extra fetch failed: _rosters(242900070,)
Traceback (most recent call last):
  File "C:\Users\saiem\Documents\GitHub-Data\sdv-dev\cfbfastR-dev\cfbfastR-cfb-raw\.venv\Lib\site-packages\requests\models.py", line 1116, in json
    return complexjson.loads(self.text, **kwargs)
           ^^^^^^^^^^^^^^^^^^^^^^^^^^^^^^^^^^^^^^
  File "C:\Users\saiem\AppData\Local\Programs\Python\Python311\Lib\json\__init__.py", line 346, in loads
    return _default_decoder.decode(s)
           ^^^^^^^^^^^^^^^^^^^^^^^^^^
  File "C:\Users\saiem\AppData\Local\Programs\Python\Python311\Lib\json\decoder.py", line 337, in decode
    obj, end = self.raw_decode(s, idx=_w(s, 0).end())
               ^^^^^^^^^^^^^^^^^^^^^^^^^^^^^^^^^^^^^^
  File "C:\Users\saiem\AppData\Local\Programs\Python\Python311\Lib\json\decoder.py", line 355, in raw_decode
    raise JSONDecodeError("Expecting value", s, err.value) from None
json.decoder.JSONDecodeError: Expecting value: line 1 column 1 (char 0)

During handling of the above exception, another exception occurred:

Traceback (most recent call last):
  File "C:\Users\saiem\Documents\GitHub-Data\sdv-dev\cfbfastR-dev\cfbfastR-cfb-raw\python\_cfb_raw_utils.py", line 93, in _safe
    return fn(*args, **kwargs)
           ^^^^^^^^^^^^^^^^^^^
  File "C:\Users\saiem\Documents\GitHub-Data\sdv-dev\cfbfastR-dev\cfbfastR-cfb-raw\python\scrape_cfb_json.py", line 31, in _rosters
    return sdv.cfb.espn_cfb_game_rosters(game_id=gid, return_as_pandas=True).to_dict("records")
           ^^^^^^^^^^^^^^^^^^^^^^^^^^^^^^^^^^^^^^^^^^^^^^^^^^^^^^^^^^^^^^^^^
  File "C:\Users\saiem\Documents\GitHub-Data\sdv-dev\cfbfastR-dev\cfbfastR-cfb-raw\.venv\Lib\site-packages\sportsdataverse\cfb\cfb_game_rosters.py", line 64, in espn_cfb_game_rosters
    summary = summary_resp.json()
              ^^^^^^^^^^^^^^^^^^^
  File "C:\Users\saiem\Documents\GitHub-Data\sdv-dev\cfbfastR-dev\cfbfastR-cfb-raw\.venv\Lib\site-packages\requests\models.py", line 1120, in json
    raise RequestsJSONDecodeError(e.msg, e.doc, e.pos)
requests.exceptions.JSONDecodeError: Expecting value: line 1 column 1 (char 0)
2026-06-13 20:26:07,162 ERROR extra fetch failed: _rosters(242902309,)
Traceback (most recent call last):
  File "C:\Users\saiem\Documents\GitHub-Data\sdv-dev\cfbfastR-dev\cfbfastR-cfb-raw\.venv\Lib\site-packages\requests\models.py", line 1116, in json
    return complexjson.loads(self.text, **kwargs)
           ^^^^^^^^^^^^^^^^^^^^^^^^^^^^^^^^^^^^^^
  File "C:\Users\saiem\AppData\Local\Programs\Python\Python311\Lib\json\__init__.py", line 346, in loads
    return _default_decoder.decode(s)
           ^^^^^^^^^^^^^^^^^^^^^^^^^^
  File "C:\Users\saiem\AppData\Local\Programs\Python\Python311\Lib\json\decoder.py", line 337, in decode
    obj, end = self.raw_decode(s, idx=_w(s, 0).end())
               ^^^^^^^^^^^^^^^^^^^^^^^^^^^^^^^^^^^^^^
  File "C:\Users\saiem\AppData\Local\Programs\Python\Python311\Lib\json\decoder.py", line 355, in raw_decode
    raise JSONDecodeError("Expecting value", s, err.value) from None
json.decoder.JSONDecodeError: Expecting value: line 1 column 1 (char 0)

During handling of the above exception, another exception occurred:

Traceback (most recent call last):
  File "C:\Users\saiem\Documents\GitHub-Data\sdv-dev\cfbfastR-dev\cfbfastR-cfb-raw\python\_cfb_raw_utils.py", line 93, in _safe
    return fn(*args, **kwargs)
           ^^^^^^^^^^^^^^^^^^^
  File "C:\Users\saiem\Documents\GitHub-Data\sdv-dev\cfbfastR-dev\cfbfastR-cfb-raw\python\scrape_cfb_json.py", line 31, in _rosters
    return sdv.cfb.espn_cfb_game_rosters(game_id=gid, return_as_pandas=True).to_dict("records")
           ^^^^^^^^^^^^^^^^^^^^^^^^^^^^^^^^^^^^^^^^^^^^^^^^^^^^^^^^^^^^^^^^^
  File "C:\Users\saiem\Documents\GitHub-Data\sdv-dev\cfbfastR-dev\cfbfastR-cfb-raw\.venv\Lib\site-packages\sportsdataverse\cfb\cfb_game_rosters.py", line 64, in espn_cfb_game_rosters
    summary = summary_resp.json()
              ^^^^^^^^^^^^^^^^^^^
  File "C:\Users\saiem\Documents\GitHub-Data\sdv-dev\cfbfastR-dev\cfbfastR-cfb-raw\.venv\Lib\site-packages\requests\models.py", line 1120, in json
    raise RequestsJSONDecodeError(e.msg, e.doc, e.pos)
requests.exceptions.JSONDecodeError: Expecting value: line 1 column 1 (char 0)
2026-06-13 20:26:07,222 ERROR extra fetch failed: _participants(242900021,)
Traceback (most recent call last):
  File "C:\Users\saiem\Documents\GitHub-Data\sdv-dev\cfbfastR-dev\cfbfastR-cfb-raw\.venv\Lib\site-packages\requests\models.py", line 1116, in json
    return complexjson.loads(self.text, **kwargs)
           ^^^^^^^^^^^^^^^^^^^^^^^^^^^^^^^^^^^^^^
  File "C:\Users\saiem\AppData\Local\Programs\Python\Python311\Lib\json\__init__.py", line 346, in loads
    return _default_decoder.decode(s)
           ^^^^^^^^^^^^^^^^^^^^^^^^^^
  File "C:\Users\saiem\AppData\Local\Programs\Python\Python311\Lib\json\decoder.py", line 337, in decode
    obj, end = self.raw_decode(s, idx=_w(s, 0).end())
               ^^^^^^^^^^^^^^^^^^^^^^^^^^^^^^^^^^^^^^
  File "C:\Users\saiem\AppData\Local\Programs\Python\Python311\Lib\json\decoder.py", line 355, in raw_decode
    raise JSONDecodeError("Expecting value", s, err.value) from None
json.decoder.JSONDecodeError: Expecting value: line 1 column 1 (char 0)

During handling of the above exception, another exception occurred:

Traceback (most recent call last):
  File "C:\Users\saiem\Documents\GitHub-Data\sdv-dev\cfbfastR-dev\cfbfastR-cfb-raw\python\_cfb_raw_utils.py", line 93, in _safe
    return fn(*args, **kwargs)
           ^^^^^^^^^^^^^^^^^^^
  File "C:\Users\saiem\Documents\GitHub-Data\sdv-dev\cfbfastR-dev\cfbfastR-cfb-raw\python\scrape_cfb_json.py", line 27, in _participants
    return sdv.cfb.espn_cfb_play_participants(game_id=gid, return_as_pandas=True).to_dict("records")
           ^^^^^^^^^^^^^^^^^^^^^^^^^^^^^^^^^^^^^^^^^^^^^^^^^^^^^^^^^^^^^^^^^^^^^^
  File "C:\Users\saiem\Documents\GitHub-Data\sdv-dev\cfbfastR-dev\cfbfastR-cfb-raw\.venv\Lib\site-packages\sportsdataverse\cfb\cfb_play_participants.py", line 184, in espn_cfb_play_participants
    plays_raw = _download_plays(game_id, **kwargs)
                ^^^^^^^^^^^^^^^^^^^^^^^^^^^^^^^^^^
  File "C:\Users\saiem\Documents\GitHub-Data\sdv-dev\cfbfastR-dev\cfbfastR-cfb-raw\.venv\Lib\site-packages\sportsdataverse\cfb\cfb_play_participants.py", line 215, in _download_plays
    body = resp.json()
           ^^^^^^^^^^^
  File "C:\Users\saiem\Documents\GitHub-Data\sdv-dev\cfbfastR-dev\cfbfastR-cfb-raw\.venv\Lib\site-packages\requests\models.py", line 1120, in json
    raise RequestsJSONDecodeError(e.msg, e.doc, e.pos)
requests.exceptions.JSONDecodeError: Expecting value: line 1 column 1 (char 0)
2026-06-13 20:26:07,333 ERROR extra fetch failed: _participants(242900055,)
Traceback (most recent call last):
  File "C:\Users\saiem\Documents\GitHub-Data\sdv-dev\cfbfastR-dev\cfbfastR-cfb-raw\.venv\Lib\site-packages\requests\models.py", line 1116, in json
    return complexjson.loads(self.text, **kwargs)
           ^^^^^^^^^^^^^^^^^^^^^^^^^^^^^^^^^^^^^^
  File "C:\Users\saiem\AppData\Local\Programs\Python\Python311\Lib\json\__init__.py", line 346, in loads
    return _default_decoder.decode(s)
           ^^^^^^^^^^^^^^^^^^^^^^^^^^
  File "C:\Users\saiem\AppData\Local\Programs\Python\Python311\Lib\json\decoder.py", line 337, in decode
    obj, end = self.raw_decode(s, idx=_w(s, 0).end())
               ^^^^^^^^^^^^^^^^^^^^^^^^^^^^^^^^^^^^^^
  File "C:\Users\saiem\AppData\Local\Programs\Python\Python311\Lib\json\decoder.py", line 355, in raw_decode
    raise JSONDecodeError("Expecting value", s, err.value) from None
json.decoder.JSONDecodeError: Expecting value: line 1 column 1 (char 0)

During handling of the above exception, another exception occurred:

Traceback (most recent call last):
  File "C:\Users\saiem\Documents\GitHub-Data\sdv-dev\cfbfastR-dev\cfbfastR-cfb-raw\python\_cfb_raw_utils.py", line 93, in _safe
    return fn(*args, **kwargs)
           ^^^^^^^^^^^^^^^^^^^
  File "C:\Users\saiem\Documents\GitHub-Data\sdv-dev\cfbfastR-dev\cfbfastR-cfb-raw\python\scrape_cfb_json.py", line 27, in _participants
    return sdv.cfb.espn_cfb_play_participants(game_id=gid, return_as_pandas=True).to_dict("records")
           ^^^^^^^^^^^^^^^^^^^^^^^^^^^^^^^^^^^^^^^^^^^^^^^^^^^^^^^^^^^^^^^^^^^^^^
  File "C:\Users\saiem\Documents\GitHub-Data\sdv-dev\cfbfastR-dev\cfbfastR-cfb-raw\.venv\Lib\site-packages\sportsdataverse\cfb\cfb_play_participants.py", line 184, in espn_cfb_play_participants
    plays_raw = _download_plays(game_id, **kwargs)
                ^^^^^^^^^^^^^^^^^^^^^^^^^^^^^^^^^^
  File "C:\Users\saiem\Documents\GitHub-Data\sdv-dev\cfbfastR-dev\cfbfastR-cfb-raw\.venv\Lib\site-packages\sportsdataverse\cfb\cfb_play_participants.py", line 215, in _download_plays
    body = resp.json()
           ^^^^^^^^^^^
  File "C:\Users\saiem\Documents\GitHub-Data\sdv-dev\cfbfastR-dev\cfbfastR-cfb-raw\.venv\Lib\site-packages\requests\models.py", line 1120, in json
    raise RequestsJSONDecodeError(e.msg, e.doc, e.pos)
requests.exceptions.JSONDecodeError: Expecting value: line 1 column 1 (char 0)
2026-06-13 20:26:07,417 ERROR extra fetch failed: _participants(242900120,)
Traceback (most recent call last):
  File "C:\Users\saiem\Documents\GitHub-Data\sdv-dev\cfbfastR-dev\cfbfastR-cfb-raw\.venv\Lib\site-packages\requests\models.py", line 1116, in json
    return complexjson.loads(self.text, **kwargs)
           ^^^^^^^^^^^^^^^^^^^^^^^^^^^^^^^^^^^^^^
  File "C:\Users\saiem\AppData\Local\Programs\Python\Python311\Lib\json\__init__.py", line 346, in loads
    return _default_decoder.decode(s)
           ^^^^^^^^^^^^^^^^^^^^^^^^^^
  File "C:\Users\saiem\AppData\Local\Programs\Python\Python311\Lib\json\decoder.py", line 337, in decode
    obj, end = self.raw_decode(s, idx=_w(s, 0).end())
               ^^^^^^^^^^^^^^^^^^^^^^^^^^^^^^^^^^^^^^
  File "C:\Users\saiem\AppData\Local\Programs\Python\Python311\Lib\json\decoder.py", line 355, in raw_decode
    raise JSONDecodeError("Expecting value", s, err.value) from None
json.decoder.JSONDecodeError: Expecting value: line 1 column 1 (char 0)

During handling of the above exception, another exception occurred:

Traceback (most recent call last):
  File "C:\Users\saiem\Documents\GitHub-Data\sdv-dev\cfbfastR-dev\cfbfastR-cfb-raw\python\_cfb_raw_utils.py", line 93, in _safe
    return fn(*args, **kwargs)
           ^^^^^^^^^^^^^^^^^^^
  File "C:\Users\saiem\Documents\GitHub-Data\sdv-dev\cfbfastR-dev\cfbfastR-cfb-raw\python\scrape_cfb_json.py", line 27, in _participants
    return sdv.cfb.espn_cfb_play_participants(game_id=gid, return_as_pandas=True).to_dict("records")
           ^^^^^^^^^^^^^^^^^^^^^^^^^^^^^^^^^^^^^^^^^^^^^^^^^^^^^^^^^^^^^^^^^^^^^^
  File "C:\Users\saiem\Documents\GitHub-Data\sdv-dev\cfbfastR-dev\cfbfastR-cfb-raw\.venv\Lib\site-packages\sportsdataverse\cfb\cfb_play_participants.py", line 184, in espn_cfb_play_participants
    plays_raw = _download_plays(game_id, **kwargs)
                ^^^^^^^^^^^^^^^^^^^^^^^^^^^^^^^^^^
  File "C:\Users\saiem\Documents\GitHub-Data\sdv-dev\cfbfastR-dev\cfbfastR-cfb-raw\.venv\Lib\site-packages\sportsdataverse\cfb\cfb_play_participants.py", line 215, in _download_plays
    body = resp.json()
           ^^^^^^^^^^^
  File "C:\Users\saiem\Documents\GitHub-Data\sdv-dev\cfbfastR-dev\cfbfastR-cfb-raw\.venv\Lib\site-packages\requests\models.py", line 1120, in json
    raise RequestsJSONDecodeError(e.msg, e.doc, e.pos)
requests.exceptions.JSONDecodeError: Expecting value: line 1 column 1 (char 0)
2026-06-13 20:26:07,418 ERROR extra fetch failed: _participants(242902483,)
Traceback (most recent call last):
  File "C:\Users\saiem\Documents\GitHub-Data\sdv-dev\cfbfastR-dev\cfbfastR-cfb-raw\.venv\Lib\site-packages\requests\models.py", line 1116, in json
    return complexjson.loads(self.text, **kwargs)
           ^^^^^^^^^^^^^^^^^^^^^^^^^^^^^^^^^^^^^^
  File "C:\Users\saiem\AppData\Local\Programs\Python\Python311\Lib\json\__init__.py", line 346, in loads
    return _default_decoder.decode(s)
           ^^^^^^^^^^^^^^^^^^^^^^^^^^
  File "C:\Users\saiem\AppData\Local\Programs\Python\Python311\Lib\json\decoder.py", line 337, in decode
    obj, end = self.raw_decode(s, idx=_w(s, 0).end())
               ^^^^^^^^^^^^^^^^^^^^^^^^^^^^^^^^^^^^^^
  File "C:\Users\saiem\AppData\Local\Programs\Python\Python311\Lib\json\decoder.py", line 355, in raw_decode
    raise JSONDecodeError("Expecting value", s, err.value) from None
json.decoder.JSONDecodeError: Expecting value: line 1 column 1 (char 0)

During handling of the above exception, another exception occurred:

Traceback (most recent call last):
  File "C:\Users\saiem\Documents\GitHub-Data\sdv-dev\cfbfastR-dev\cfbfastR-cfb-raw\python\_cfb_raw_utils.py", line 93, in _safe
    return fn(*args, **kwargs)
           ^^^^^^^^^^^^^^^^^^^
  File "C:\Users\saiem\Documents\GitHub-Data\sdv-dev\cfbfastR-dev\cfbfastR-cfb-raw\python\scrape_cfb_json.py", line 27, in _participants
    return sdv.cfb.espn_cfb_play_participants(game_id=gid, return_as_pandas=True).to_dict("records")
           ^^^^^^^^^^^^^^^^^^^^^^^^^^^^^^^^^^^^^^^^^^^^^^^^^^^^^^^^^^^^^^^^^^^^^^
  File "C:\Users\saiem\Documents\GitHub-Data\sdv-dev\cfbfastR-dev\cfbfastR-cfb-raw\.venv\Lib\site-packages\sportsdataverse\cfb\cfb_play_participants.py", line 184, in espn_cfb_play_participants
    plays_raw = _download_plays(game_id, **kwargs)
                ^^^^^^^^^^^^^^^^^^^^^^^^^^^^^^^^^^
  File "C:\Users\saiem\Documents\GitHub-Data\sdv-dev\cfbfastR-dev\cfbfastR-cfb-raw\.venv\Lib\site-packages\sportsdataverse\cfb\cfb_play_participants.py", line 215, in _download_plays
    body = resp.json()
           ^^^^^^^^^^^
  File "C:\Users\saiem\Documents\GitHub-Data\sdv-dev\cfbfastR-dev\cfbfastR-cfb-raw\.venv\Lib\site-packages\requests\models.py", line 1120, in json
    raise RequestsJSONDecodeError(e.msg, e.doc, e.pos)
requests.exceptions.JSONDecodeError: Expecting value: line 1 column 1 (char 0)
2026-06-13 20:26:07,477 ERROR extra fetch failed: _participants(242900058,)
Traceback (most recent call last):
  File "C:\Users\saiem\Documents\GitHub-Data\sdv-dev\cfbfastR-dev\cfbfastR-cfb-raw\.venv\Lib\site-packages\requests\models.py", line 1116, in json
    return complexjson.loads(self.text, **kwargs)
           ^^^^^^^^^^^^^^^^^^^^^^^^^^^^^^^^^^^^^^
  File "C:\Users\saiem\AppData\Local\Programs\Python\Python311\Lib\json\__init__.py", line 346, in loads
    return _default_decoder.decode(s)
           ^^^^^^^^^^^^^^^^^^^^^^^^^^
  File "C:\Users\saiem\AppData\Local\Programs\Python\Python311\Lib\json\decoder.py", line 337, in decode
    obj, end = self.raw_decode(s, idx=_w(s, 0).end())
               ^^^^^^^^^^^^^^^^^^^^^^^^^^^^^^^^^^^^^^
  File "C:\Users\saiem\AppData\Local\Programs\Python\Python311\Lib\json\decoder.py", line 355, in raw_decode
    raise JSONDecodeError("Expecting value", s, err.value) from None
json.decoder.JSONDecodeError: Expecting value: line 1 column 1 (char 0)

During handling of the above exception, another exception occurred:

Traceback (most recent call last):
  File "C:\Users\saiem\Documents\GitHub-Data\sdv-dev\cfbfastR-dev\cfbfastR-cfb-raw\python\_cfb_raw_utils.py", line 93, in _safe
    return fn(*args, **kwargs)
           ^^^^^^^^^^^^^^^^^^^
  File "C:\Users\saiem\Documents\GitHub-Data\sdv-dev\cfbfastR-dev\cfbfastR-cfb-raw\python\scrape_cfb_json.py", line 27, in _participants
    return sdv.cfb.espn_cfb_play_participants(game_id=gid, return_as_pandas=True).to_dict("records")
           ^^^^^^^^^^^^^^^^^^^^^^^^^^^^^^^^^^^^^^^^^^^^^^^^^^^^^^^^^^^^^^^^^^^^^^
  File "C:\Users\saiem\Documents\GitHub-Data\sdv-dev\cfbfastR-dev\cfbfastR-cfb-raw\.venv\Lib\site-packages\sportsdataverse\cfb\cfb_play_participants.py", line 184, in espn_cfb_play_participants
    plays_raw = _download_plays(game_id, **kwargs)
                ^^^^^^^^^^^^^^^^^^^^^^^^^^^^^^^^^^
  File "C:\Users\saiem\Documents\GitHub-Data\sdv-dev\cfbfastR-dev\cfbfastR-cfb-raw\.venv\Lib\site-packages\sportsdataverse\cfb\cfb_play_participants.py", line 215, in _download_plays
    body = resp.json()
           ^^^^^^^^^^^
  File "C:\Users\saiem\Documents\GitHub-Data\sdv-dev\cfbfastR-dev\cfbfastR-cfb-raw\.venv\Lib\site-packages\requests\models.py", line 1120, in json
    raise RequestsJSONDecodeError(e.msg, e.doc, e.pos)
requests.exceptions.JSONDecodeError: Expecting value: line 1 column 1 (char 0)
2026-06-13 20:26:07,521 ERROR extra fetch failed: _rosters(242902116,)
Traceback (most recent call last):
  File "C:\Users\saiem\Documents\GitHub-Data\sdv-dev\cfbfastR-dev\cfbfastR-cfb-raw\.venv\Lib\site-packages\requests\models.py", line 1116, in json
    return complexjson.loads(self.text, **kwargs)
           ^^^^^^^^^^^^^^^^^^^^^^^^^^^^^^^^^^^^^^
  File "C:\Users\saiem\AppData\Local\Programs\Python\Python311\Lib\json\__init__.py", line 346, in loads
    return _default_decoder.decode(s)
           ^^^^^^^^^^^^^^^^^^^^^^^^^^
  File "C:\Users\saiem\AppData\Local\Programs\Python\Python311\Lib\json\decoder.py", line 337, in decode
    obj, end = self.raw_decode(s, idx=_w(s, 0).end())
               ^^^^^^^^^^^^^^^^^^^^^^^^^^^^^^^^^^^^^^
  File "C:\Users\saiem\AppData\Local\Programs\Python\Python311\Lib\json\decoder.py", line 355, in raw_decode
    raise JSONDecodeError("Expecting value", s, err.value) from None
json.decoder.JSONDecodeError: Expecting value: line 1 column 1 (char 0)

During handling of the above exception, another exception occurred:

Traceback (most recent call last):
  File "C:\Users\saiem\Documents\GitHub-Data\sdv-dev\cfbfastR-dev\cfbfastR-cfb-raw\python\_cfb_raw_utils.py", line 93, in _safe
    return fn(*args, **kwargs)
           ^^^^^^^^^^^^^^^^^^^
  File "C:\Users\saiem\Documents\GitHub-Data\sdv-dev\cfbfastR-dev\cfbfastR-cfb-raw\python\scrape_cfb_json.py", line 31, in _rosters
    return sdv.cfb.espn_cfb_game_rosters(game_id=gid, return_as_pandas=True).to_dict("records")
           ^^^^^^^^^^^^^^^^^^^^^^^^^^^^^^^^^^^^^^^^^^^^^^^^^^^^^^^^^^^^^^^^^
  File "C:\Users\saiem\Documents\GitHub-Data\sdv-dev\cfbfastR-dev\cfbfastR-cfb-raw\.venv\Lib\site-packages\sportsdataverse\cfb\cfb_game_rosters.py", line 64, in espn_cfb_game_rosters
    summary = summary_resp.json()
              ^^^^^^^^^^^^^^^^^^^
  File "C:\Users\saiem\Documents\GitHub-Data\sdv-dev\cfbfastR-dev\cfbfastR-cfb-raw\.venv\Lib\site-packages\requests\models.py", line 1120, in json
    raise RequestsJSONDecodeError(e.msg, e.doc, e.pos)
requests.exceptions.JSONDecodeError: Expecting value: line 1 column 1 (char 0)
2026-06-13 20:26:07,531 ERROR extra fetch failed: _participants(242900079,)
Traceback (most recent call last):
  File "C:\Users\saiem\Documents\GitHub-Data\sdv-dev\cfbfastR-dev\cfbfastR-cfb-raw\.venv\Lib\site-packages\requests\models.py", line 1116, in json
    return complexjson.loads(self.text, **kwargs)
           ^^^^^^^^^^^^^^^^^^^^^^^^^^^^^^^^^^^^^^
  File "C:\Users\saiem\AppData\Local\Programs\Python\Python311\Lib\json\__init__.py", line 346, in loads
    return _default_decoder.decode(s)
           ^^^^^^^^^^^^^^^^^^^^^^^^^^
  File "C:\Users\saiem\AppData\Local\Programs\Python\Python311\Lib\json\decoder.py", line 337, in decode
    obj, end = self.raw_decode(s, idx=_w(s, 0).end())
               ^^^^^^^^^^^^^^^^^^^^^^^^^^^^^^^^^^^^^^
  File "C:\Users\saiem\AppData\Local\Programs\Python\Python311\Lib\json\decoder.py", line 355, in raw_decode
    raise JSONDecodeError("Expecting value", s, err.value) from None
json.decoder.JSONDecodeError: Expecting value: line 1 column 1 (char 0)

During handling of the above exception, another exception occurred:

Traceback (most recent call last):
  File "C:\Users\saiem\Documents\GitHub-Data\sdv-dev\cfbfastR-dev\cfbfastR-cfb-raw\python\_cfb_raw_utils.py", line 93, in _safe
    return fn(*args, **kwargs)
           ^^^^^^^^^^^^^^^^^^^
  File "C:\Users\saiem\Documents\GitHub-Data\sdv-dev\cfbfastR-dev\cfbfastR-cfb-raw\python\scrape_cfb_json.py", line 27, in _participants
    return sdv.cfb.espn_cfb_play_participants(game_id=gid, return_as_pandas=True).to_dict("records")
           ^^^^^^^^^^^^^^^^^^^^^^^^^^^^^^^^^^^^^^^^^^^^^^^^^^^^^^^^^^^^^^^^^^^^^^
  File "C:\Users\saiem\Documents\GitHub-Data\sdv-dev\cfbfastR-dev\cfbfastR-cfb-raw\.venv\Lib\site-packages\sportsdataverse\cfb\cfb_play_participants.py", line 184, in espn_cfb_play_participants
    plays_raw = _download_plays(game_id, **kwargs)
                ^^^^^^^^^^^^^^^^^^^^^^^^^^^^^^^^^^
  File "C:\Users\saiem\Documents\GitHub-Data\sdv-dev\cfbfastR-dev\cfbfastR-cfb-raw\.venv\Lib\site-packages\sportsdataverse\cfb\cfb_play_participants.py", line 215, in _download_plays
    body = resp.json()
           ^^^^^^^^^^^
  File "C:\Users\saiem\Documents\GitHub-Data\sdv-dev\cfbfastR-dev\cfbfastR-cfb-raw\.venv\Lib\site-packages\requests\models.py", line 1120, in json
    raise RequestsJSONDecodeError(e.msg, e.doc, e.pos)
requests.exceptions.JSONDecodeError: Expecting value: line 1 column 1 (char 0)
2026-06-13 20:26:07,575 ERROR extra fetch failed: _rosters(242902567,)
Traceback (most recent call last):
  File "C:\Users\saiem\Documents\GitHub-Data\sdv-dev\cfbfastR-dev\cfbfastR-cfb-raw\.venv\Lib\site-packages\requests\models.py", line 1116, in json
    return complexjson.loads(self.text, **kwargs)
           ^^^^^^^^^^^^^^^^^^^^^^^^^^^^^^^^^^^^^^
  File "C:\Users\saiem\AppData\Local\Programs\Python\Python311\Lib\json\__init__.py", line 346, in loads
    return _default_decoder.decode(s)
           ^^^^^^^^^^^^^^^^^^^^^^^^^^
  File "C:\Users\saiem\AppData\Local\Programs\Python\Python311\Lib\json\decoder.py", line 337, in decode
    obj, end = self.raw_decode(s, idx=_w(s, 0).end())
               ^^^^^^^^^^^^^^^^^^^^^^^^^^^^^^^^^^^^^^
  File "C:\Users\saiem\AppData\Local\Programs\Python\Python311\Lib\json\decoder.py", line 355, in raw_decode
    raise JSONDecodeError("Expecting value", s, err.value) from None
json.decoder.JSONDecodeError: Expecting value: line 1 column 1 (char 0)

During handling of the above exception, another exception occurred:

Traceback (most recent call last):
  File "C:\Users\saiem\Documents\GitHub-Data\sdv-dev\cfbfastR-dev\cfbfastR-cfb-raw\python\_cfb_raw_utils.py", line 93, in _safe
    return fn(*args, **kwargs)
           ^^^^^^^^^^^^^^^^^^^
  File "C:\Users\saiem\Documents\GitHub-Data\sdv-dev\cfbfastR-dev\cfbfastR-cfb-raw\python\scrape_cfb_json.py", line 31, in _rosters
    return sdv.cfb.espn_cfb_game_rosters(game_id=gid, return_as_pandas=True).to_dict("records")
           ^^^^^^^^^^^^^^^^^^^^^^^^^^^^^^^^^^^^^^^^^^^^^^^^^^^^^^^^^^^^^^^^^
  File "C:\Users\saiem\Documents\GitHub-Data\sdv-dev\cfbfastR-dev\cfbfastR-cfb-raw\.venv\Lib\site-packages\sportsdataverse\cfb\cfb_game_rosters.py", line 64, in espn_cfb_game_rosters
    summary = summary_resp.json()
              ^^^^^^^^^^^^^^^^^^^
  File "C:\Users\saiem\Documents\GitHub-Data\sdv-dev\cfbfastR-dev\cfbfastR-cfb-raw\.venv\Lib\site-packages\requests\models.py", line 1120, in json
    raise RequestsJSONDecodeError(e.msg, e.doc, e.pos)
requests.exceptions.JSONDecodeError: Expecting value: line 1 column 1 (char 0)
2026-06-13 20:26:07,577 ERROR extra fetch failed: _participants(242900264,)
Traceback (most recent call last):
  File "C:\Users\saiem\Documents\GitHub-Data\sdv-dev\cfbfastR-dev\cfbfastR-cfb-raw\.venv\Lib\site-packages\requests\models.py", line 1116, in json
    return complexjson.loads(self.text, **kwargs)
           ^^^^^^^^^^^^^^^^^^^^^^^^^^^^^^^^^^^^^^
  File "C:\Users\saiem\AppData\Local\Programs\Python\Python311\Lib\json\__init__.py", line 346, in loads
    return _default_decoder.decode(s)
           ^^^^^^^^^^^^^^^^^^^^^^^^^^
  File "C:\Users\saiem\AppData\Local\Programs\Python\Python311\Lib\json\decoder.py", line 337, in decode
    obj, end = self.raw_decode(s, idx=_w(s, 0).end())
               ^^^^^^^^^^^^^^^^^^^^^^^^^^^^^^^^^^^^^^
  File "C:\Users\saiem\AppData\Local\Programs\Python\Python311\Lib\json\decoder.py", line 355, in raw_decode
    raise JSONDecodeError("Expecting value", s, err.value) from None
json.decoder.JSONDecodeError: Expecting value: line 1 column 1 (char 0)

During handling of the above exception, another exception occurred:

Traceback (most recent call last):
  File "C:\Users\saiem\Documents\GitHub-Data\sdv-dev\cfbfastR-dev\cfbfastR-cfb-raw\python\_cfb_raw_utils.py", line 93, in _safe
    return fn(*args, **kwargs)
           ^^^^^^^^^^^^^^^^^^^
  File "C:\Users\saiem\Documents\GitHub-Data\sdv-dev\cfbfastR-dev\cfbfastR-cfb-raw\python\scrape_cfb_json.py", line 27, in _participants
    return sdv.cfb.espn_cfb_play_participants(game_id=gid, return_as_pandas=True).to_dict("records")
           ^^^^^^^^^^^^^^^^^^^^^^^^^^^^^^^^^^^^^^^^^^^^^^^^^^^^^^^^^^^^^^^^^^^^^^
  File "C:\Users\saiem\Documents\GitHub-Data\sdv-dev\cfbfastR-dev\cfbfastR-cfb-raw\.venv\Lib\site-packages\sportsdataverse\cfb\cfb_play_participants.py", line 184, in espn_cfb_play_participants
    plays_raw = _download_plays(game_id, **kwargs)
                ^^^^^^^^^^^^^^^^^^^^^^^^^^^^^^^^^^
  File "C:\Users\saiem\Documents\GitHub-Data\sdv-dev\cfbfastR-dev\cfbfastR-cfb-raw\.venv\Lib\site-packages\sportsdataverse\cfb\cfb_play_participants.py", line 215, in _download_plays
    body = resp.json()
           ^^^^^^^^^^^
  File "C:\Users\saiem\Documents\GitHub-Data\sdv-dev\cfbfastR-dev\cfbfastR-cfb-raw\.venv\Lib\site-packages\requests\models.py", line 1120, in json
    raise RequestsJSONDecodeError(e.msg, e.doc, e.pos)
requests.exceptions.JSONDecodeError: Expecting value: line 1 column 1 (char 0)
2026-06-13 20:26:07,695 ERROR extra fetch failed: _participants(242902032,)
Traceback (most recent call last):
  File "C:\Users\saiem\Documents\GitHub-Data\sdv-dev\cfbfastR-dev\cfbfastR-cfb-raw\.venv\Lib\site-packages\requests\models.py", line 1116, in json
    return complexjson.loads(self.text, **kwargs)
           ^^^^^^^^^^^^^^^^^^^^^^^^^^^^^^^^^^^^^^
  File "C:\Users\saiem\AppData\Local\Programs\Python\Python311\Lib\json\__init__.py", line 346, in loads
    return _default_decoder.decode(s)
           ^^^^^^^^^^^^^^^^^^^^^^^^^^
  File "C:\Users\saiem\AppData\Local\Programs\Python\Python311\Lib\json\decoder.py", line 337, in decode
    obj, end = self.raw_decode(s, idx=_w(s, 0).end())
               ^^^^^^^^^^^^^^^^^^^^^^^^^^^^^^^^^^^^^^
  File "C:\Users\saiem\AppData\Local\Programs\Python\Python311\Lib\json\decoder.py", line 355, in raw_decode
    raise JSONDecodeError("Expecting value", s, err.value) from None
json.decoder.JSONDecodeError: Expecting value: line 1 column 1 (char 0)

During handling of the above exception, another exception occurred:

Traceback (most recent call last):
  File "C:\Users\saiem\Documents\GitHub-Data\sdv-dev\cfbfastR-dev\cfbfastR-cfb-raw\python\_cfb_raw_utils.py", line 93, in _safe
    return fn(*args, **kwargs)
           ^^^^^^^^^^^^^^^^^^^
  File "C:\Users\saiem\Documents\GitHub-Data\sdv-dev\cfbfastR-dev\cfbfastR-cfb-raw\python\scrape_cfb_json.py", line 27, in _participants
    return sdv.cfb.espn_cfb_play_participants(game_id=gid, return_as_pandas=True).to_dict("records")
           ^^^^^^^^^^^^^^^^^^^^^^^^^^^^^^^^^^^^^^^^^^^^^^^^^^^^^^^^^^^^^^^^^^^^^^
  File "C:\Users\saiem\Documents\GitHub-Data\sdv-dev\cfbfastR-dev\cfbfastR-cfb-raw\.venv\Lib\site-packages\sportsdataverse\cfb\cfb_play_participants.py", line 184, in espn_cfb_play_participants
    plays_raw = _download_plays(game_id, **kwargs)
                ^^^^^^^^^^^^^^^^^^^^^^^^^^^^^^^^^^
  File "C:\Users\saiem\Documents\GitHub-Data\sdv-dev\cfbfastR-dev\cfbfastR-cfb-raw\.venv\Lib\site-packages\sportsdataverse\cfb\cfb_play_participants.py", line 215, in _download_plays
    body = resp.json()
           ^^^^^^^^^^^
  File "C:\Users\saiem\Documents\GitHub-Data\sdv-dev\cfbfastR-dev\cfbfastR-cfb-raw\.venv\Lib\site-packages\requests\models.py", line 1120, in json
    raise RequestsJSONDecodeError(e.msg, e.doc, e.pos)
requests.exceptions.JSONDecodeError: Expecting value: line 1 column 1 (char 0)
2026-06-13 20:26:07,714 ERROR extra fetch failed: _participants(242900016,)
Traceback (most recent call last):
  File "C:\Users\saiem\Documents\GitHub-Data\sdv-dev\cfbfastR-dev\cfbfastR-cfb-raw\.venv\Lib\site-packages\requests\models.py", line 1116, in json
    return complexjson.loads(self.text, **kwargs)
           ^^^^^^^^^^^^^^^^^^^^^^^^^^^^^^^^^^^^^^
  File "C:\Users\saiem\AppData\Local\Programs\Python\Python311\Lib\json\__init__.py", line 346, in loads
    return _default_decoder.decode(s)
           ^^^^^^^^^^^^^^^^^^^^^^^^^^
  File "C:\Users\saiem\AppData\Local\Programs\Python\Python311\Lib\json\decoder.py", line 337, in decode
    obj, end = self.raw_decode(s, idx=_w(s, 0).end())
               ^^^^^^^^^^^^^^^^^^^^^^^^^^^^^^^^^^^^^^
  File "C:\Users\saiem\AppData\Local\Programs\Python\Python311\Lib\json\decoder.py", line 355, in raw_decode
    raise JSONDecodeError("Expecting value", s, err.value) from None
json.decoder.JSONDecodeError: Expecting value: line 1 column 1 (char 0)

During handling of the above exception, another exception occurred:

Traceback (most recent call last):
  File "C:\Users\saiem\Documents\GitHub-Data\sdv-dev\cfbfastR-dev\cfbfastR-cfb-raw\python\_cfb_raw_utils.py", line 93, in _safe
    return fn(*args, **kwargs)
           ^^^^^^^^^^^^^^^^^^^
  File "C:\Users\saiem\Documents\GitHub-Data\sdv-dev\cfbfastR-dev\cfbfastR-cfb-raw\python\scrape_cfb_json.py", line 27, in _participants
    return sdv.cfb.espn_cfb_play_participants(game_id=gid, return_as_pandas=True).to_dict("records")
           ^^^^^^^^^^^^^^^^^^^^^^^^^^^^^^^^^^^^^^^^^^^^^^^^^^^^^^^^^^^^^^^^^^^^^^
  File "C:\Users\saiem\Documents\GitHub-Data\sdv-dev\cfbfastR-dev\cfbfastR-cfb-raw\.venv\Lib\site-packages\sportsdataverse\cfb\cfb_play_participants.py", line 184, in espn_cfb_play_participants
    plays_raw = _download_plays(game_id, **kwargs)
                ^^^^^^^^^^^^^^^^^^^^^^^^^^^^^^^^^^
  File "C:\Users\saiem\Documents\GitHub-Data\sdv-dev\cfbfastR-dev\cfbfastR-cfb-raw\.venv\Lib\site-packages\sportsdataverse\cfb\cfb_play_participants.py", line 215, in _download_plays
    body = resp.json()
           ^^^^^^^^^^^
  File "C:\Users\saiem\Documents\GitHub-Data\sdv-dev\cfbfastR-dev\cfbfastR-cfb-raw\.venv\Lib\site-packages\requests\models.py", line 1120, in json
    raise RequestsJSONDecodeError(e.msg, e.doc, e.pos)
requests.exceptions.JSONDecodeError: Expecting value: line 1 column 1 (char 0)
2026-06-13 20:26:07,730 ERROR extra fetch failed: _rosters(242900038,)
Traceback (most recent call last):
  File "C:\Users\saiem\Documents\GitHub-Data\sdv-dev\cfbfastR-dev\cfbfastR-cfb-raw\.venv\Lib\site-packages\requests\models.py", line 1116, in json
    return complexjson.loads(self.text, **kwargs)
           ^^^^^^^^^^^^^^^^^^^^^^^^^^^^^^^^^^^^^^
  File "C:\Users\saiem\AppData\Local\Programs\Python\Python311\Lib\json\__init__.py", line 346, in loads
    return _default_decoder.decode(s)
           ^^^^^^^^^^^^^^^^^^^^^^^^^^
  File "C:\Users\saiem\AppData\Local\Programs\Python\Python311\Lib\json\decoder.py", line 337, in decode
    obj, end = self.raw_decode(s, idx=_w(s, 0).end())
               ^^^^^^^^^^^^^^^^^^^^^^^^^^^^^^^^^^^^^^
  File "C:\Users\saiem\AppData\Local\Programs\Python\Python311\Lib\json\decoder.py", line 355, in raw_decode
    raise JSONDecodeError("Expecting value", s, err.value) from None
json.decoder.JSONDecodeError: Expecting value: line 1 column 1 (char 0)

During handling of the above exception, another exception occurred:

Traceback (most recent call last):
  File "C:\Users\saiem\Documents\GitHub-Data\sdv-dev\cfbfastR-dev\cfbfastR-cfb-raw\python\_cfb_raw_utils.py", line 93, in _safe
    return fn(*args, **kwargs)
           ^^^^^^^^^^^^^^^^^^^
  File "C:\Users\saiem\Documents\GitHub-Data\sdv-dev\cfbfastR-dev\cfbfastR-cfb-raw\python\scrape_cfb_json.py", line 31, in _rosters
    return sdv.cfb.espn_cfb_game_rosters(game_id=gid, return_as_pandas=True).to_dict("records")
           ^^^^^^^^^^^^^^^^^^^^^^^^^^^^^^^^^^^^^^^^^^^^^^^^^^^^^^^^^^^^^^^^^
  File "C:\Users\saiem\Documents\GitHub-Data\sdv-dev\cfbfastR-dev\cfbfastR-cfb-raw\.venv\Lib\site-packages\sportsdataverse\cfb\cfb_game_rosters.py", line 64, in espn_cfb_game_rosters
    summary = summary_resp.json()
              ^^^^^^^^^^^^^^^^^^^
  File "C:\Users\saiem\Documents\GitHub-Data\sdv-dev\cfbfastR-dev\cfbfastR-cfb-raw\.venv\Lib\site-packages\requests\models.py", line 1120, in json
    raise RequestsJSONDecodeError(e.msg, e.doc, e.pos)
requests.exceptions.JSONDecodeError: Expecting value: line 1 column 1 (char 0)
2026-06-13 20:26:07,740 ERROR extra fetch failed: _rosters(242900228,)
Traceback (most recent call last):
  File "C:\Users\saiem\Documents\GitHub-Data\sdv-dev\cfbfastR-dev\cfbfastR-cfb-raw\.venv\Lib\site-packages\requests\models.py", line 1116, in json
    return complexjson.loads(self.text, **kwargs)
           ^^^^^^^^^^^^^^^^^^^^^^^^^^^^^^^^^^^^^^
  File "C:\Users\saiem\AppData\Local\Programs\Python\Python311\Lib\json\__init__.py", line 346, in loads
    return _default_decoder.decode(s)
           ^^^^^^^^^^^^^^^^^^^^^^^^^^
  File "C:\Users\saiem\AppData\Local\Programs\Python\Python311\Lib\json\decoder.py", line 337, in decode
    obj, end = self.raw_decode(s, idx=_w(s, 0).end())
               ^^^^^^^^^^^^^^^^^^^^^^^^^^^^^^^^^^^^^^
  File "C:\Users\saiem\AppData\Local\Programs\Python\Python311\Lib\json\decoder.py", line 355, in raw_decode
    raise JSONDecodeError("Expecting value", s, err.value) from None
json.decoder.JSONDecodeError: Expecting value: line 1 column 1 (char 0)

During handling of the above exception, another exception occurred:

Traceback (most recent call last):
  File "C:\Users\saiem\Documents\GitHub-Data\sdv-dev\cfbfastR-dev\cfbfastR-cfb-raw\python\_cfb_raw_utils.py", line 93, in _safe
    return fn(*args, **kwargs)
           ^^^^^^^^^^^^^^^^^^^
  File "C:\Users\saiem\Documents\GitHub-Data\sdv-dev\cfbfastR-dev\cfbfastR-cfb-raw\python\scrape_cfb_json.py", line 31, in _rosters
    return sdv.cfb.espn_cfb_game_rosters(game_id=gid, return_as_pandas=True).to_dict("records")
           ^^^^^^^^^^^^^^^^^^^^^^^^^^^^^^^^^^^^^^^^^^^^^^^^^^^^^^^^^^^^^^^^^
  File "C:\Users\saiem\Documents\GitHub-Data\sdv-dev\cfbfastR-dev\cfbfastR-cfb-raw\.venv\Lib\site-packages\sportsdataverse\cfb\cfb_game_rosters.py", line 64, in espn_cfb_game_rosters
    summary = summary_resp.json()
              ^^^^^^^^^^^^^^^^^^^
  File "C:\Users\saiem\Documents\GitHub-Data\sdv-dev\cfbfastR-dev\cfbfastR-cfb-raw\.venv\Lib\site-packages\requests\models.py", line 1120, in json
    raise RequestsJSONDecodeError(e.msg, e.doc, e.pos)
requests.exceptions.JSONDecodeError: Expecting value: line 1 column 1 (char 0)
2026-06-13 20:26:07,824 ERROR extra fetch failed: _participants(242900282,)
Traceback (most recent call last):
  File "C:\Users\saiem\Documents\GitHub-Data\sdv-dev\cfbfastR-dev\cfbfastR-cfb-raw\.venv\Lib\site-packages\requests\models.py", line 1116, in json
    return complexjson.loads(self.text, **kwargs)
           ^^^^^^^^^^^^^^^^^^^^^^^^^^^^^^^^^^^^^^
  File "C:\Users\saiem\AppData\Local\Programs\Python\Python311\Lib\json\__init__.py", line 346, in loads
    return _default_decoder.decode(s)
           ^^^^^^^^^^^^^^^^^^^^^^^^^^
  File "C:\Users\saiem\AppData\Local\Programs\Python\Python311\Lib\json\decoder.py", line 337, in decode
    obj, end = self.raw_decode(s, idx=_w(s, 0).end())
               ^^^^^^^^^^^^^^^^^^^^^^^^^^^^^^^^^^^^^^
  File "C:\Users\saiem\AppData\Local\Programs\Python\Python311\Lib\json\decoder.py", line 355, in raw_decode
    raise JSONDecodeError("Expecting value", s, err.value) from None
json.decoder.JSONDecodeError: Expecting value: line 1 column 1 (char 0)

During handling of the above exception, another exception occurred:

Traceback (most recent call last):
  File "C:\Users\saiem\Documents\GitHub-Data\sdv-dev\cfbfastR-dev\cfbfastR-cfb-raw\python\_cfb_raw_utils.py", line 93, in _safe
    return fn(*args, **kwargs)
           ^^^^^^^^^^^^^^^^^^^
  File "C:\Users\saiem\Documents\GitHub-Data\sdv-dev\cfbfastR-dev\cfbfastR-cfb-raw\python\scrape_cfb_json.py", line 27, in _participants
    return sdv.cfb.espn_cfb_play_participants(game_id=gid, return_as_pandas=True).to_dict("records")
           ^^^^^^^^^^^^^^^^^^^^^^^^^^^^^^^^^^^^^^^^^^^^^^^^^^^^^^^^^^^^^^^^^^^^^^
  File "C:\Users\saiem\Documents\GitHub-Data\sdv-dev\cfbfastR-dev\cfbfastR-cfb-raw\.venv\Lib\site-packages\sportsdataverse\cfb\cfb_play_participants.py", line 184, in espn_cfb_play_participants
    plays_raw = _download_plays(game_id, **kwargs)
                ^^^^^^^^^^^^^^^^^^^^^^^^^^^^^^^^^^
  File "C:\Users\saiem\Documents\GitHub-Data\sdv-dev\cfbfastR-dev\cfbfastR-cfb-raw\.venv\Lib\site-packages\sportsdataverse\cfb\cfb_play_participants.py", line 215, in _download_plays
    body = resp.json()
           ^^^^^^^^^^^
  File "C:\Users\saiem\Documents\GitHub-Data\sdv-dev\cfbfastR-dev\cfbfastR-cfb-raw\.venv\Lib\site-packages\requests\models.py", line 1120, in json
    raise RequestsJSONDecodeError(e.msg, e.doc, e.pos)
requests.exceptions.JSONDecodeError: Expecting value: line 1 column 1 (char 0)
2026-06-13 20:26:08,055 ERROR extra fetch failed: _rosters(242900013,)
Traceback (most recent call last):
  File "C:\Users\saiem\Documents\GitHub-Data\sdv-dev\cfbfastR-dev\cfbfastR-cfb-raw\.venv\Lib\site-packages\requests\models.py", line 1116, in json
    return complexjson.loads(self.text, **kwargs)
           ^^^^^^^^^^^^^^^^^^^^^^^^^^^^^^^^^^^^^^
  File "C:\Users\saiem\AppData\Local\Programs\Python\Python311\Lib\json\__init__.py", line 346, in loads
    return _default_decoder.decode(s)
           ^^^^^^^^^^^^^^^^^^^^^^^^^^
  File "C:\Users\saiem\AppData\Local\Programs\Python\Python311\Lib\json\decoder.py", line 337, in decode
    obj, end = self.raw_decode(s, idx=_w(s, 0).end())
               ^^^^^^^^^^^^^^^^^^^^^^^^^^^^^^^^^^^^^^
  File "C:\Users\saiem\AppData\Local\Programs\Python\Python311\Lib\json\decoder.py", line 355, in raw_decode
    raise JSONDecodeError("Expecting value", s, err.value) from None
json.decoder.JSONDecodeError: Expecting value: line 1 column 1 (char 0)

During handling of the above exception, another exception occurred:

Traceback (most recent call last):
  File "C:\Users\saiem\Documents\GitHub-Data\sdv-dev\cfbfastR-dev\cfbfastR-cfb-raw\python\_cfb_raw_utils.py", line 93, in _safe
    return fn(*args, **kwargs)
           ^^^^^^^^^^^^^^^^^^^
  File "C:\Users\saiem\Documents\GitHub-Data\sdv-dev\cfbfastR-dev\cfbfastR-cfb-raw\python\scrape_cfb_json.py", line 31, in _rosters
    return sdv.cfb.espn_cfb_game_rosters(game_id=gid, return_as_pandas=True).to_dict("records")
           ^^^^^^^^^^^^^^^^^^^^^^^^^^^^^^^^^^^^^^^^^^^^^^^^^^^^^^^^^^^^^^^^^
  File "C:\Users\saiem\Documents\GitHub-Data\sdv-dev\cfbfastR-dev\cfbfastR-cfb-raw\.venv\Lib\site-packages\sportsdataverse\cfb\cfb_game_rosters.py", line 64, in espn_cfb_game_rosters
    summary = summary_resp.json()
              ^^^^^^^^^^^^^^^^^^^
  File "C:\Users\saiem\Documents\GitHub-Data\sdv-dev\cfbfastR-dev\cfbfastR-cfb-raw\.venv\Lib\site-packages\requests\models.py", line 1120, in json
    raise RequestsJSONDecodeError(e.msg, e.doc, e.pos)
requests.exceptions.JSONDecodeError: Expecting value: line 1 column 1 (char 0)
2026-06-13 20:26:08,084 ERROR extra fetch failed: _rosters(242900259,)
Traceback (most recent call last):
  File "C:\Users\saiem\Documents\GitHub-Data\sdv-dev\cfbfastR-dev\cfbfastR-cfb-raw\.venv\Lib\site-packages\requests\models.py", line 1116, in json
    return complexjson.loads(self.text, **kwargs)
           ^^^^^^^^^^^^^^^^^^^^^^^^^^^^^^^^^^^^^^
  File "C:\Users\saiem\AppData\Local\Programs\Python\Python311\Lib\json\__init__.py", line 346, in loads
    return _default_decoder.decode(s)
           ^^^^^^^^^^^^^^^^^^^^^^^^^^
  File "C:\Users\saiem\AppData\Local\Programs\Python\Python311\Lib\json\decoder.py", line 337, in decode
    obj, end = self.raw_decode(s, idx=_w(s, 0).end())
               ^^^^^^^^^^^^^^^^^^^^^^^^^^^^^^^^^^^^^^
  File "C:\Users\saiem\AppData\Local\Programs\Python\Python311\Lib\json\decoder.py", line 355, in raw_decode
    raise JSONDecodeError("Expecting value", s, err.value) from None
json.decoder.JSONDecodeError: Expecting value: line 1 column 1 (char 0)

During handling of the above exception, another exception occurred:

Traceback (most recent call last):
  File "C:\Users\saiem\Documents\GitHub-Data\sdv-dev\cfbfastR-dev\cfbfastR-cfb-raw\python\_cfb_raw_utils.py", line 93, in _safe
    return fn(*args, **kwargs)
           ^^^^^^^^^^^^^^^^^^^
  File "C:\Users\saiem\Documents\GitHub-Data\sdv-dev\cfbfastR-dev\cfbfastR-cfb-raw\python\scrape_cfb_json.py", line 31, in _rosters
    return sdv.cfb.espn_cfb_game_rosters(game_id=gid, return_as_pandas=True).to_dict("records")
           ^^^^^^^^^^^^^^^^^^^^^^^^^^^^^^^^^^^^^^^^^^^^^^^^^^^^^^^^^^^^^^^^^
  File "C:\Users\saiem\Documents\GitHub-Data\sdv-dev\cfbfastR-dev\cfbfastR-cfb-raw\.venv\Lib\site-packages\sportsdataverse\cfb\cfb_game_rosters.py", line 64, in espn_cfb_game_rosters
    summary = summary_resp.json()
              ^^^^^^^^^^^^^^^^^^^
  File "C:\Users\saiem\Documents\GitHub-Data\sdv-dev\cfbfastR-dev\cfbfastR-cfb-raw\.venv\Lib\site-packages\requests\models.py", line 1120, in json
    raise RequestsJSONDecodeError(e.msg, e.doc, e.pos)
requests.exceptions.JSONDecodeError: Expecting value: line 1 column 1 (char 0)
2026-06-13 20:26:08,241 ERROR extra fetch failed: _rosters(242900158,)
Traceback (most recent call last):
  File "C:\Users\saiem\Documents\GitHub-Data\sdv-dev\cfbfastR-dev\cfbfastR-cfb-raw\.venv\Lib\site-packages\requests\models.py", line 1116, in json
    return complexjson.loads(self.text, **kwargs)
           ^^^^^^^^^^^^^^^^^^^^^^^^^^^^^^^^^^^^^^
  File "C:\Users\saiem\AppData\Local\Programs\Python\Python311\Lib\json\__init__.py", line 346, in loads
    return _default_decoder.decode(s)
           ^^^^^^^^^^^^^^^^^^^^^^^^^^
  File "C:\Users\saiem\AppData\Local\Programs\Python\Python311\Lib\json\decoder.py", line 337, in decode
    obj, end = self.raw_decode(s, idx=_w(s, 0).end())
               ^^^^^^^^^^^^^^^^^^^^^^^^^^^^^^^^^^^^^^
  File "C:\Users\saiem\AppData\Local\Programs\Python\Python311\Lib\json\decoder.py", line 355, in raw_decode
    raise JSONDecodeError("Expecting value", s, err.value) from None
json.decoder.JSONDecodeError: Expecting value: line 1 column 1 (char 0)

During handling of the above exception, another exception occurred:

Traceback (most recent call last):
  File "C:\Users\saiem\Documents\GitHub-Data\sdv-dev\cfbfastR-dev\cfbfastR-cfb-raw\python\_cfb_raw_utils.py", line 93, in _safe
    return fn(*args, **kwargs)
           ^^^^^^^^^^^^^^^^^^^
  File "C:\Users\saiem\Documents\GitHub-Data\sdv-dev\cfbfastR-dev\cfbfastR-cfb-raw\python\scrape_cfb_json.py", line 31, in _rosters
    return sdv.cfb.espn_cfb_game_rosters(game_id=gid, return_as_pandas=True).to_dict("records")
           ^^^^^^^^^^^^^^^^^^^^^^^^^^^^^^^^^^^^^^^^^^^^^^^^^^^^^^^^^^^^^^^^^
  File "C:\Users\saiem\Documents\GitHub-Data\sdv-dev\cfbfastR-dev\cfbfastR-cfb-raw\.venv\Lib\site-packages\sportsdataverse\cfb\cfb_game_rosters.py", line 64, in espn_cfb_game_rosters
    summary = summary_resp.json()
              ^^^^^^^^^^^^^^^^^^^
  File "C:\Users\saiem\Documents\GitHub-Data\sdv-dev\cfbfastR-dev\cfbfastR-cfb-raw\.venv\Lib\site-packages\requests\models.py", line 1120, in json
    raise RequestsJSONDecodeError(e.msg, e.doc, e.pos)
requests.exceptions.JSONDecodeError: Expecting value: line 1 column 1 (char 0)
2026-06-13 20:26:08,395 ERROR extra fetch failed: _rosters(242900021,)
Traceback (most recent call last):
  File "C:\Users\saiem\Documents\GitHub-Data\sdv-dev\cfbfastR-dev\cfbfastR-cfb-raw\.venv\Lib\site-packages\requests\models.py", line 1116, in json
    return complexjson.loads(self.text, **kwargs)
           ^^^^^^^^^^^^^^^^^^^^^^^^^^^^^^^^^^^^^^
  File "C:\Users\saiem\AppData\Local\Programs\Python\Python311\Lib\json\__init__.py", line 346, in loads
    return _default_decoder.decode(s)
           ^^^^^^^^^^^^^^^^^^^^^^^^^^
  File "C:\Users\saiem\AppData\Local\Programs\Python\Python311\Lib\json\decoder.py", line 337, in decode
    obj, end = self.raw_decode(s, idx=_w(s, 0).end())
               ^^^^^^^^^^^^^^^^^^^^^^^^^^^^^^^^^^^^^^
  File "C:\Users\saiem\AppData\Local\Programs\Python\Python311\Lib\json\decoder.py", line 355, in raw_decode
    raise JSONDecodeError("Expecting value", s, err.value) from None
json.decoder.JSONDecodeError: Expecting value: line 1 column 1 (char 0)

During handling of the above exception, another exception occurred:

Traceback (most recent call last):
  File "C:\Users\saiem\Documents\GitHub-Data\sdv-dev\cfbfastR-dev\cfbfastR-cfb-raw\python\_cfb_raw_utils.py", line 93, in _safe
    return fn(*args, **kwargs)
           ^^^^^^^^^^^^^^^^^^^
  File "C:\Users\saiem\Documents\GitHub-Data\sdv-dev\cfbfastR-dev\cfbfastR-cfb-raw\python\scrape_cfb_json.py", line 31, in _rosters
    return sdv.cfb.espn_cfb_game_rosters(game_id=gid, return_as_pandas=True).to_dict("records")
           ^^^^^^^^^^^^^^^^^^^^^^^^^^^^^^^^^^^^^^^^^^^^^^^^^^^^^^^^^^^^^^^^^
  File "C:\Users\saiem\Documents\GitHub-Data\sdv-dev\cfbfastR-dev\cfbfastR-cfb-raw\.venv\Lib\site-packages\sportsdataverse\cfb\cfb_game_rosters.py", line 64, in espn_cfb_game_rosters
    summary = summary_resp.json()
              ^^^^^^^^^^^^^^^^^^^
  File "C:\Users\saiem\Documents\GitHub-Data\sdv-dev\cfbfastR-dev\cfbfastR-cfb-raw\.venv\Lib\site-packages\requests\models.py", line 1120, in json
    raise RequestsJSONDecodeError(e.msg, e.doc, e.pos)
requests.exceptions.JSONDecodeError: Expecting value: line 1 column 1 (char 0)
2026-06-13 20:26:08,565 ERROR extra fetch failed: _rosters(242900055,)
Traceback (most recent call last):
  File "C:\Users\saiem\Documents\GitHub-Data\sdv-dev\cfbfastR-dev\cfbfastR-cfb-raw\.venv\Lib\site-packages\requests\models.py", line 1116, in json
    return complexjson.loads(self.text, **kwargs)
           ^^^^^^^^^^^^^^^^^^^^^^^^^^^^^^^^^^^^^^
  File "C:\Users\saiem\AppData\Local\Programs\Python\Python311\Lib\json\__init__.py", line 346, in loads
    return _default_decoder.decode(s)
           ^^^^^^^^^^^^^^^^^^^^^^^^^^
  File "C:\Users\saiem\AppData\Local\Programs\Python\Python311\Lib\json\decoder.py", line 337, in decode
    obj, end = self.raw_decode(s, idx=_w(s, 0).end())
               ^^^^^^^^^^^^^^^^^^^^^^^^^^^^^^^^^^^^^^
  File "C:\Users\saiem\AppData\Local\Programs\Python\Python311\Lib\json\decoder.py", line 355, in raw_decode
    raise JSONDecodeError("Expecting value", s, err.value) from None
json.decoder.JSONDecodeError: Expecting value: line 1 column 1 (char 0)

During handling of the above exception, another exception occurred:

Traceback (most recent call last):
  File "C:\Users\saiem\Documents\GitHub-Data\sdv-dev\cfbfastR-dev\cfbfastR-cfb-raw\python\_cfb_raw_utils.py", line 93, in _safe
    return fn(*args, **kwargs)
           ^^^^^^^^^^^^^^^^^^^
  File "C:\Users\saiem\Documents\GitHub-Data\sdv-dev\cfbfastR-dev\cfbfastR-cfb-raw\python\scrape_cfb_json.py", line 31, in _rosters
    return sdv.cfb.espn_cfb_game_rosters(game_id=gid, return_as_pandas=True).to_dict("records")
           ^^^^^^^^^^^^^^^^^^^^^^^^^^^^^^^^^^^^^^^^^^^^^^^^^^^^^^^^^^^^^^^^^
  File "C:\Users\saiem\Documents\GitHub-Data\sdv-dev\cfbfastR-dev\cfbfastR-cfb-raw\.venv\Lib\site-packages\sportsdataverse\cfb\cfb_game_rosters.py", line 64, in espn_cfb_game_rosters
    summary = summary_resp.json()
              ^^^^^^^^^^^^^^^^^^^
  File "C:\Users\saiem\Documents\GitHub-Data\sdv-dev\cfbfastR-dev\cfbfastR-cfb-raw\.venv\Lib\site-packages\requests\models.py", line 1120, in json
    raise RequestsJSONDecodeError(e.msg, e.doc, e.pos)
requests.exceptions.JSONDecodeError: Expecting value: line 1 column 1 (char 0)
2026-06-13 20:26:08,637 ERROR extra fetch failed: _rosters(242902483,)
Traceback (most recent call last):
  File "C:\Users\saiem\Documents\GitHub-Data\sdv-dev\cfbfastR-dev\cfbfastR-cfb-raw\.venv\Lib\site-packages\requests\models.py", line 1116, in json
    return complexjson.loads(self.text, **kwargs)
           ^^^^^^^^^^^^^^^^^^^^^^^^^^^^^^^^^^^^^^
  File "C:\Users\saiem\AppData\Local\Programs\Python\Python311\Lib\json\__init__.py", line 346, in loads
    return _default_decoder.decode(s)
           ^^^^^^^^^^^^^^^^^^^^^^^^^^
  File "C:\Users\saiem\AppData\Local\Programs\Python\Python311\Lib\json\decoder.py", line 337, in decode
    obj, end = self.raw_decode(s, idx=_w(s, 0).end())
               ^^^^^^^^^^^^^^^^^^^^^^^^^^^^^^^^^^^^^^
  File "C:\Users\saiem\AppData\Local\Programs\Python\Python311\Lib\json\decoder.py", line 355, in raw_decode
    raise JSONDecodeError("Expecting value", s, err.value) from None
json.decoder.JSONDecodeError: Expecting value: line 1 column 1 (char 0)

During handling of the above exception, another exception occurred:

Traceback (most recent call last):
  File "C:\Users\saiem\Documents\GitHub-Data\sdv-dev\cfbfastR-dev\cfbfastR-cfb-raw\python\_cfb_raw_utils.py", line 93, in _safe
    return fn(*args, **kwargs)
           ^^^^^^^^^^^^^^^^^^^
  File "C:\Users\saiem\Documents\GitHub-Data\sdv-dev\cfbfastR-dev\cfbfastR-cfb-raw\python\scrape_cfb_json.py", line 31, in _rosters
    return sdv.cfb.espn_cfb_game_rosters(game_id=gid, return_as_pandas=True).to_dict("records")
           ^^^^^^^^^^^^^^^^^^^^^^^^^^^^^^^^^^^^^^^^^^^^^^^^^^^^^^^^^^^^^^^^^
  File "C:\Users\saiem\Documents\GitHub-Data\sdv-dev\cfbfastR-dev\cfbfastR-cfb-raw\.venv\Lib\site-packages\sportsdataverse\cfb\cfb_game_rosters.py", line 64, in espn_cfb_game_rosters
    summary = summary_resp.json()
              ^^^^^^^^^^^^^^^^^^^
  File "C:\Users\saiem\Documents\GitHub-Data\sdv-dev\cfbfastR-dev\cfbfastR-cfb-raw\.venv\Lib\site-packages\requests\models.py", line 1120, in json
    raise RequestsJSONDecodeError(e.msg, e.doc, e.pos)
requests.exceptions.JSONDecodeError: Expecting value: line 1 column 1 (char 0)
2026-06-13 20:26:08,665 ERROR extra fetch failed: _rosters(242900120,)
Traceback (most recent call last):
  File "C:\Users\saiem\Documents\GitHub-Data\sdv-dev\cfbfastR-dev\cfbfastR-cfb-raw\.venv\Lib\site-packages\requests\models.py", line 1116, in json
    return complexjson.loads(self.text, **kwargs)
           ^^^^^^^^^^^^^^^^^^^^^^^^^^^^^^^^^^^^^^
  File "C:\Users\saiem\AppData\Local\Programs\Python\Python311\Lib\json\__init__.py", line 346, in loads
    return _default_decoder.decode(s)
           ^^^^^^^^^^^^^^^^^^^^^^^^^^
  File "C:\Users\saiem\AppData\Local\Programs\Python\Python311\Lib\json\decoder.py", line 337, in decode
    obj, end = self.raw_decode(s, idx=_w(s, 0).end())
               ^^^^^^^^^^^^^^^^^^^^^^^^^^^^^^^^^^^^^^
  File "C:\Users\saiem\AppData\Local\Programs\Python\Python311\Lib\json\decoder.py", line 355, in raw_decode
    raise JSONDecodeError("Expecting value", s, err.value) from None
json.decoder.JSONDecodeError: Expecting value: line 1 column 1 (char 0)

During handling of the above exception, another exception occurred:

Traceback (most recent call last):
  File "C:\Users\saiem\Documents\GitHub-Data\sdv-dev\cfbfastR-dev\cfbfastR-cfb-raw\python\_cfb_raw_utils.py", line 93, in _safe
    return fn(*args, **kwargs)
           ^^^^^^^^^^^^^^^^^^^
  File "C:\Users\saiem\Documents\GitHub-Data\sdv-dev\cfbfastR-dev\cfbfastR-cfb-raw\python\scrape_cfb_json.py", line 31, in _rosters
    return sdv.cfb.espn_cfb_game_rosters(game_id=gid, return_as_pandas=True).to_dict("records")
           ^^^^^^^^^^^^^^^^^^^^^^^^^^^^^^^^^^^^^^^^^^^^^^^^^^^^^^^^^^^^^^^^^
  File "C:\Users\saiem\Documents\GitHub-Data\sdv-dev\cfbfastR-dev\cfbfastR-cfb-raw\.venv\Lib\site-packages\sportsdataverse\cfb\cfb_game_rosters.py", line 64, in espn_cfb_game_rosters
    summary = summary_resp.json()
              ^^^^^^^^^^^^^^^^^^^
  File "C:\Users\saiem\Documents\GitHub-Data\sdv-dev\cfbfastR-dev\cfbfastR-cfb-raw\.venv\Lib\site-packages\requests\models.py", line 1120, in json
    raise RequestsJSONDecodeError(e.msg, e.doc, e.pos)
requests.exceptions.JSONDecodeError: Expecting value: line 1 column 1 (char 0)
2026-06-13 20:26:08,686 ERROR extra fetch failed: _rosters(242900079,)
Traceback (most recent call last):
  File "C:\Users\saiem\Documents\GitHub-Data\sdv-dev\cfbfastR-dev\cfbfastR-cfb-raw\.venv\Lib\site-packages\requests\models.py", line 1116, in json
    return complexjson.loads(self.text, **kwargs)
           ^^^^^^^^^^^^^^^^^^^^^^^^^^^^^^^^^^^^^^
  File "C:\Users\saiem\AppData\Local\Programs\Python\Python311\Lib\json\__init__.py", line 346, in loads
    return _default_decoder.decode(s)
           ^^^^^^^^^^^^^^^^^^^^^^^^^^
  File "C:\Users\saiem\AppData\Local\Programs\Python\Python311\Lib\json\decoder.py", line 337, in decode
    obj, end = self.raw_decode(s, idx=_w(s, 0).end())
               ^^^^^^^^^^^^^^^^^^^^^^^^^^^^^^^^^^^^^^
  File "C:\Users\saiem\AppData\Local\Programs\Python\Python311\Lib\json\decoder.py", line 355, in raw_decode
    raise JSONDecodeError("Expecting value", s, err.value) from None
json.decoder.JSONDecodeError: Expecting value: line 1 column 1 (char 0)

During handling of the above exception, another exception occurred:

Traceback (most recent call last):
  File "C:\Users\saiem\Documents\GitHub-Data\sdv-dev\cfbfastR-dev\cfbfastR-cfb-raw\python\_cfb_raw_utils.py", line 93, in _safe
    return fn(*args, **kwargs)
           ^^^^^^^^^^^^^^^^^^^
  File "C:\Users\saiem\Documents\GitHub-Data\sdv-dev\cfbfastR-dev\cfbfastR-cfb-raw\python\scrape_cfb_json.py", line 31, in _rosters
    return sdv.cfb.espn_cfb_game_rosters(game_id=gid, return_as_pandas=True).to_dict("records")
           ^^^^^^^^^^^^^^^^^^^^^^^^^^^^^^^^^^^^^^^^^^^^^^^^^^^^^^^^^^^^^^^^^
  File "C:\Users\saiem\Documents\GitHub-Data\sdv-dev\cfbfastR-dev\cfbfastR-cfb-raw\.venv\Lib\site-packages\sportsdataverse\cfb\cfb_game_rosters.py", line 64, in espn_cfb_game_rosters
    summary = summary_resp.json()
              ^^^^^^^^^^^^^^^^^^^
  File "C:\Users\saiem\Documents\GitHub-Data\sdv-dev\cfbfastR-dev\cfbfastR-cfb-raw\.venv\Lib\site-packages\requests\models.py", line 1120, in json
    raise RequestsJSONDecodeError(e.msg, e.doc, e.pos)
requests.exceptions.JSONDecodeError: Expecting value: line 1 column 1 (char 0)
2026-06-13 20:26:08,718 ERROR extra fetch failed: _rosters(242900058,)
Traceback (most recent call last):
  File "C:\Users\saiem\Documents\GitHub-Data\sdv-dev\cfbfastR-dev\cfbfastR-cfb-raw\.venv\Lib\site-packages\requests\models.py", line 1116, in json
    return complexjson.loads(self.text, **kwargs)
           ^^^^^^^^^^^^^^^^^^^^^^^^^^^^^^^^^^^^^^
  File "C:\Users\saiem\AppData\Local\Programs\Python\Python311\Lib\json\__init__.py", line 346, in loads
    return _default_decoder.decode(s)
           ^^^^^^^^^^^^^^^^^^^^^^^^^^
  File "C:\Users\saiem\AppData\Local\Programs\Python\Python311\Lib\json\decoder.py", line 337, in decode
    obj, end = self.raw_decode(s, idx=_w(s, 0).end())
               ^^^^^^^^^^^^^^^^^^^^^^^^^^^^^^^^^^^^^^
  File "C:\Users\saiem\AppData\Local\Programs\Python\Python311\Lib\json\decoder.py", line 355, in raw_decode
    raise JSONDecodeError("Expecting value", s, err.value) from None
json.decoder.JSONDecodeError: Expecting value: line 1 column 1 (char 0)

During handling of the above exception, another exception occurred:

Traceback (most recent call last):
  File "C:\Users\saiem\Documents\GitHub-Data\sdv-dev\cfbfastR-dev\cfbfastR-cfb-raw\python\_cfb_raw_utils.py", line 93, in _safe
    return fn(*args, **kwargs)
           ^^^^^^^^^^^^^^^^^^^
  File "C:\Users\saiem\Documents\GitHub-Data\sdv-dev\cfbfastR-dev\cfbfastR-cfb-raw\python\scrape_cfb_json.py", line 31, in _rosters
    return sdv.cfb.espn_cfb_game_rosters(game_id=gid, return_as_pandas=True).to_dict("records")
           ^^^^^^^^^^^^^^^^^^^^^^^^^^^^^^^^^^^^^^^^^^^^^^^^^^^^^^^^^^^^^^^^^
  File "C:\Users\saiem\Documents\GitHub-Data\sdv-dev\cfbfastR-dev\cfbfastR-cfb-raw\.venv\Lib\site-packages\sportsdataverse\cfb\cfb_game_rosters.py", line 64, in espn_cfb_game_rosters
    summary = summary_resp.json()
              ^^^^^^^^^^^^^^^^^^^
  File "C:\Users\saiem\Documents\GitHub-Data\sdv-dev\cfbfastR-dev\cfbfastR-cfb-raw\.venv\Lib\site-packages\requests\models.py", line 1120, in json
    raise RequestsJSONDecodeError(e.msg, e.doc, e.pos)
requests.exceptions.JSONDecodeError: Expecting value: line 1 column 1 (char 0)
2026-06-13 20:26:08,733 ERROR extra fetch failed: _rosters(242900264,)
Traceback (most recent call last):
  File "C:\Users\saiem\Documents\GitHub-Data\sdv-dev\cfbfastR-dev\cfbfastR-cfb-raw\.venv\Lib\site-packages\requests\models.py", line 1116, in json
    return complexjson.loads(self.text, **kwargs)
           ^^^^^^^^^^^^^^^^^^^^^^^^^^^^^^^^^^^^^^
  File "C:\Users\saiem\AppData\Local\Programs\Python\Python311\Lib\json\__init__.py", line 346, in loads
    return _default_decoder.decode(s)
           ^^^^^^^^^^^^^^^^^^^^^^^^^^
  File "C:\Users\saiem\AppData\Local\Programs\Python\Python311\Lib\json\decoder.py", line 337, in decode
    obj, end = self.raw_decode(s, idx=_w(s, 0).end())
               ^^^^^^^^^^^^^^^^^^^^^^^^^^^^^^^^^^^^^^
  File "C:\Users\saiem\AppData\Local\Programs\Python\Python311\Lib\json\decoder.py", line 355, in raw_decode
    raise JSONDecodeError("Expecting value", s, err.value) from None
json.decoder.JSONDecodeError: Expecting value: line 1 column 1 (char 0)

During handling of the above exception, another exception occurred:

Traceback (most recent call last):
  File "C:\Users\saiem\Documents\GitHub-Data\sdv-dev\cfbfastR-dev\cfbfastR-cfb-raw\python\_cfb_raw_utils.py", line 93, in _safe
    return fn(*args, **kwargs)
           ^^^^^^^^^^^^^^^^^^^
  File "C:\Users\saiem\Documents\GitHub-Data\sdv-dev\cfbfastR-dev\cfbfastR-cfb-raw\python\scrape_cfb_json.py", line 31, in _rosters
    return sdv.cfb.espn_cfb_game_rosters(game_id=gid, return_as_pandas=True).to_dict("records")
           ^^^^^^^^^^^^^^^^^^^^^^^^^^^^^^^^^^^^^^^^^^^^^^^^^^^^^^^^^^^^^^^^^
  File "C:\Users\saiem\Documents\GitHub-Data\sdv-dev\cfbfastR-dev\cfbfastR-cfb-raw\.venv\Lib\site-packages\sportsdataverse\cfb\cfb_game_rosters.py", line 64, in espn_cfb_game_rosters
    summary = summary_resp.json()
              ^^^^^^^^^^^^^^^^^^^
  File "C:\Users\saiem\Documents\GitHub-Data\sdv-dev\cfbfastR-dev\cfbfastR-cfb-raw\.venv\Lib\site-packages\requests\models.py", line 1120, in json
    raise RequestsJSONDecodeError(e.msg, e.doc, e.pos)
requests.exceptions.JSONDecodeError: Expecting value: line 1 column 1 (char 0)
2026-06-13 20:26:08,808 ERROR extra fetch failed: _rosters(242902032,)
Traceback (most recent call last):
  File "C:\Users\saiem\Documents\GitHub-Data\sdv-dev\cfbfastR-dev\cfbfastR-cfb-raw\.venv\Lib\site-packages\requests\models.py", line 1116, in json
    return complexjson.loads(self.text, **kwargs)
           ^^^^^^^^^^^^^^^^^^^^^^^^^^^^^^^^^^^^^^
  File "C:\Users\saiem\AppData\Local\Programs\Python\Python311\Lib\json\__init__.py", line 346, in loads
    return _default_decoder.decode(s)
           ^^^^^^^^^^^^^^^^^^^^^^^^^^
  File "C:\Users\saiem\AppData\Local\Programs\Python\Python311\Lib\json\decoder.py", line 337, in decode
    obj, end = self.raw_decode(s, idx=_w(s, 0).end())
               ^^^^^^^^^^^^^^^^^^^^^^^^^^^^^^^^^^^^^^
  File "C:\Users\saiem\AppData\Local\Programs\Python\Python311\Lib\json\decoder.py", line 355, in raw_decode
    raise JSONDecodeError("Expecting value", s, err.value) from None
json.decoder.JSONDecodeError: Expecting value: line 1 column 1 (char 0)

During handling of the above exception, another exception occurred:

Traceback (most recent call last):
  File "C:\Users\saiem\Documents\GitHub-Data\sdv-dev\cfbfastR-dev\cfbfastR-cfb-raw\python\_cfb_raw_utils.py", line 93, in _safe
    return fn(*args, **kwargs)
           ^^^^^^^^^^^^^^^^^^^
  File "C:\Users\saiem\Documents\GitHub-Data\sdv-dev\cfbfastR-dev\cfbfastR-cfb-raw\python\scrape_cfb_json.py", line 31, in _rosters
    return sdv.cfb.espn_cfb_game_rosters(game_id=gid, return_as_pandas=True).to_dict("records")
           ^^^^^^^^^^^^^^^^^^^^^^^^^^^^^^^^^^^^^^^^^^^^^^^^^^^^^^^^^^^^^^^^^
  File "C:\Users\saiem\Documents\GitHub-Data\sdv-dev\cfbfastR-dev\cfbfastR-cfb-raw\.venv\Lib\site-packages\sportsdataverse\cfb\cfb_game_rosters.py", line 64, in espn_cfb_game_rosters
    summary = summary_resp.json()
              ^^^^^^^^^^^^^^^^^^^
  File "C:\Users\saiem\Documents\GitHub-Data\sdv-dev\cfbfastR-dev\cfbfastR-cfb-raw\.venv\Lib\site-packages\requests\models.py", line 1120, in json
    raise RequestsJSONDecodeError(e.msg, e.doc, e.pos)
requests.exceptions.JSONDecodeError: Expecting value: line 1 column 1 (char 0)
2026-06-13 20:26:08,836 ERROR extra fetch failed: _rosters(242900016,)
Traceback (most recent call last):
  File "C:\Users\saiem\Documents\GitHub-Data\sdv-dev\cfbfastR-dev\cfbfastR-cfb-raw\.venv\Lib\site-packages\requests\models.py", line 1116, in json
    return complexjson.loads(self.text, **kwargs)
           ^^^^^^^^^^^^^^^^^^^^^^^^^^^^^^^^^^^^^^
  File "C:\Users\saiem\AppData\Local\Programs\Python\Python311\Lib\json\__init__.py", line 346, in loads
    return _default_decoder.decode(s)
           ^^^^^^^^^^^^^^^^^^^^^^^^^^
  File "C:\Users\saiem\AppData\Local\Programs\Python\Python311\Lib\json\decoder.py", line 337, in decode
    obj, end = self.raw_decode(s, idx=_w(s, 0).end())
               ^^^^^^^^^^^^^^^^^^^^^^^^^^^^^^^^^^^^^^
  File "C:\Users\saiem\AppData\Local\Programs\Python\Python311\Lib\json\decoder.py", line 355, in raw_decode
    raise JSONDecodeError("Expecting value", s, err.value) from None
json.decoder.JSONDecodeError: Expecting value: line 1 column 1 (char 0)

During handling of the above exception, another exception occurred:

Traceback (most recent call last):
  File "C:\Users\saiem\Documents\GitHub-Data\sdv-dev\cfbfastR-dev\cfbfastR-cfb-raw\python\_cfb_raw_utils.py", line 93, in _safe
    return fn(*args, **kwargs)
           ^^^^^^^^^^^^^^^^^^^
  File "C:\Users\saiem\Documents\GitHub-Data\sdv-dev\cfbfastR-dev\cfbfastR-cfb-raw\python\scrape_cfb_json.py", line 31, in _rosters
    return sdv.cfb.espn_cfb_game_rosters(game_id=gid, return_as_pandas=True).to_dict("records")
           ^^^^^^^^^^^^^^^^^^^^^^^^^^^^^^^^^^^^^^^^^^^^^^^^^^^^^^^^^^^^^^^^^
  File "C:\Users\saiem\Documents\GitHub-Data\sdv-dev\cfbfastR-dev\cfbfastR-cfb-raw\.venv\Lib\site-packages\sportsdataverse\cfb\cfb_game_rosters.py", line 64, in espn_cfb_game_rosters
    summary = summary_resp.json()
              ^^^^^^^^^^^^^^^^^^^
  File "C:\Users\saiem\Documents\GitHub-Data\sdv-dev\cfbfastR-dev\cfbfastR-cfb-raw\.venv\Lib\site-packages\requests\models.py", line 1120, in json
    raise RequestsJSONDecodeError(e.msg, e.doc, e.pos)
requests.exceptions.JSONDecodeError: Expecting value: line 1 column 1 (char 0)
2026-06-13 20:26:08,899 ERROR extra fetch failed: _rosters(242900282,)
Traceback (most recent call last):
  File "C:\Users\saiem\Documents\GitHub-Data\sdv-dev\cfbfastR-dev\cfbfastR-cfb-raw\.venv\Lib\site-packages\requests\models.py", line 1116, in json
    return complexjson.loads(self.text, **kwargs)
           ^^^^^^^^^^^^^^^^^^^^^^^^^^^^^^^^^^^^^^
  File "C:\Users\saiem\AppData\Local\Programs\Python\Python311\Lib\json\__init__.py", line 346, in loads
    return _default_decoder.decode(s)
           ^^^^^^^^^^^^^^^^^^^^^^^^^^
  File "C:\Users\saiem\AppData\Local\Programs\Python\Python311\Lib\json\decoder.py", line 337, in decode
    obj, end = self.raw_decode(s, idx=_w(s, 0).end())
               ^^^^^^^^^^^^^^^^^^^^^^^^^^^^^^^^^^^^^^
  File "C:\Users\saiem\AppData\Local\Programs\Python\Python311\Lib\json\decoder.py", line 355, in raw_decode
    raise JSONDecodeError("Expecting value", s, err.value) from None
json.decoder.JSONDecodeError: Expecting value: line 1 column 1 (char 0)

During handling of the above exception, another exception occurred:

Traceback (most recent call last):
  File "C:\Users\saiem\Documents\GitHub-Data\sdv-dev\cfbfastR-dev\cfbfastR-cfb-raw\python\_cfb_raw_utils.py", line 93, in _safe
    return fn(*args, **kwargs)
           ^^^^^^^^^^^^^^^^^^^
  File "C:\Users\saiem\Documents\GitHub-Data\sdv-dev\cfbfastR-dev\cfbfastR-cfb-raw\python\scrape_cfb_json.py", line 31, in _rosters
    return sdv.cfb.espn_cfb_game_rosters(game_id=gid, return_as_pandas=True).to_dict("records")
           ^^^^^^^^^^^^^^^^^^^^^^^^^^^^^^^^^^^^^^^^^^^^^^^^^^^^^^^^^^^^^^^^^
  File "C:\Users\saiem\Documents\GitHub-Data\sdv-dev\cfbfastR-dev\cfbfastR-cfb-raw\.venv\Lib\site-packages\sportsdataverse\cfb\cfb_game_rosters.py", line 64, in espn_cfb_game_rosters
    summary = summary_resp.json()
              ^^^^^^^^^^^^^^^^^^^
  File "C:\Users\saiem\Documents\GitHub-Data\sdv-dev\cfbfastR-dev\cfbfastR-cfb-raw\.venv\Lib\site-packages\requests\models.py", line 1120, in json
    raise RequestsJSONDecodeError(e.msg, e.doc, e.pos)
requests.exceptions.JSONDecodeError: Expecting value: line 1 column 1 (char 0)
2026-06-13 20:26:09,395 ERROR extra fetch failed: _participants(242902440,)
Traceback (most recent call last):
  File "C:\Users\saiem\Documents\GitHub-Data\sdv-dev\cfbfastR-dev\cfbfastR-cfb-raw\.venv\Lib\site-packages\requests\models.py", line 1116, in json
    return complexjson.loads(self.text, **kwargs)
           ^^^^^^^^^^^^^^^^^^^^^^^^^^^^^^^^^^^^^^
  File "C:\Users\saiem\AppData\Local\Programs\Python\Python311\Lib\json\__init__.py", line 346, in loads
    return _default_decoder.decode(s)
           ^^^^^^^^^^^^^^^^^^^^^^^^^^
  File "C:\Users\saiem\AppData\Local\Programs\Python\Python311\Lib\json\decoder.py", line 337, in decode
    obj, end = self.raw_decode(s, idx=_w(s, 0).end())
               ^^^^^^^^^^^^^^^^^^^^^^^^^^^^^^^^^^^^^^
  File "C:\Users\saiem\AppData\Local\Programs\Python\Python311\Lib\json\decoder.py", line 355, in raw_decode
    raise JSONDecodeError("Expecting value", s, err.value) from None
json.decoder.JSONDecodeError: Expecting value: line 1 column 1 (char 0)

During handling of the above exception, another exception occurred:

Traceback (most recent call last):
  File "C:\Users\saiem\Documents\GitHub-Data\sdv-dev\cfbfastR-dev\cfbfastR-cfb-raw\python\_cfb_raw_utils.py", line 93, in _safe
    return fn(*args, **kwargs)
           ^^^^^^^^^^^^^^^^^^^
  File "C:\Users\saiem\Documents\GitHub-Data\sdv-dev\cfbfastR-dev\cfbfastR-cfb-raw\python\scrape_cfb_json.py", line 27, in _participants
    return sdv.cfb.espn_cfb_play_participants(game_id=gid, return_as_pandas=True).to_dict("records")
           ^^^^^^^^^^^^^^^^^^^^^^^^^^^^^^^^^^^^^^^^^^^^^^^^^^^^^^^^^^^^^^^^^^^^^^
  File "C:\Users\saiem\Documents\GitHub-Data\sdv-dev\cfbfastR-dev\cfbfastR-cfb-raw\.venv\Lib\site-packages\sportsdataverse\cfb\cfb_play_participants.py", line 184, in espn_cfb_play_participants
    plays_raw = _download_plays(game_id, **kwargs)
                ^^^^^^^^^^^^^^^^^^^^^^^^^^^^^^^^^^
  File "C:\Users\saiem\Documents\GitHub-Data\sdv-dev\cfbfastR-dev\cfbfastR-cfb-raw\.venv\Lib\site-packages\sportsdataverse\cfb\cfb_play_participants.py", line 215, in _download_plays
    body = resp.json()
           ^^^^^^^^^^^
  File "C:\Users\saiem\Documents\GitHub-Data\sdv-dev\cfbfastR-dev\cfbfastR-cfb-raw\.venv\Lib\site-packages\requests\models.py", line 1120, in json
    raise RequestsJSONDecodeError(e.msg, e.doc, e.pos)
requests.exceptions.JSONDecodeError: Expecting value: line 1 column 1 (char 0)
2026-06-13 20:26:09,457 ERROR extra fetch failed: _participants(242902638,)
Traceback (most recent call last):
  File "C:\Users\saiem\Documents\GitHub-Data\sdv-dev\cfbfastR-dev\cfbfastR-cfb-raw\.venv\Lib\site-packages\requests\models.py", line 1116, in json
    return complexjson.loads(self.text, **kwargs)
           ^^^^^^^^^^^^^^^^^^^^^^^^^^^^^^^^^^^^^^
  File "C:\Users\saiem\AppData\Local\Programs\Python\Python311\Lib\json\__init__.py", line 346, in loads
    return _default_decoder.decode(s)
           ^^^^^^^^^^^^^^^^^^^^^^^^^^
  File "C:\Users\saiem\AppData\Local\Programs\Python\Python311\Lib\json\decoder.py", line 337, in decode
    obj, end = self.raw_decode(s, idx=_w(s, 0).end())
               ^^^^^^^^^^^^^^^^^^^^^^^^^^^^^^^^^^^^^^
  File "C:\Users\saiem\AppData\Local\Programs\Python\Python311\Lib\json\decoder.py", line 355, in raw_decode
    raise JSONDecodeError("Expecting value", s, err.value) from None
json.decoder.JSONDecodeError: Expecting value: line 1 column 1 (char 0)

During handling of the above exception, another exception occurred:

Traceback (most recent call last):
  File "C:\Users\saiem\Documents\GitHub-Data\sdv-dev\cfbfastR-dev\cfbfastR-cfb-raw\python\_cfb_raw_utils.py", line 93, in _safe
    return fn(*args, **kwargs)
           ^^^^^^^^^^^^^^^^^^^
  File "C:\Users\saiem\Documents\GitHub-Data\sdv-dev\cfbfastR-dev\cfbfastR-cfb-raw\python\scrape_cfb_json.py", line 27, in _participants
    return sdv.cfb.espn_cfb_play_participants(game_id=gid, return_as_pandas=True).to_dict("records")
           ^^^^^^^^^^^^^^^^^^^^^^^^^^^^^^^^^^^^^^^^^^^^^^^^^^^^^^^^^^^^^^^^^^^^^^
  File "C:\Users\saiem\Documents\GitHub-Data\sdv-dev\cfbfastR-dev\cfbfastR-cfb-raw\.venv\Lib\site-packages\sportsdataverse\cfb\cfb_play_participants.py", line 184, in espn_cfb_play_participants
    plays_raw = _download_plays(game_id, **kwargs)
                ^^^^^^^^^^^^^^^^^^^^^^^^^^^^^^^^^^
  File "C:\Users\saiem\Documents\GitHub-Data\sdv-dev\cfbfastR-dev\cfbfastR-cfb-raw\.venv\Lib\site-packages\sportsdataverse\cfb\cfb_play_participants.py", line 215, in _download_plays
    body = resp.json()
           ^^^^^^^^^^^
  File "C:\Users\saiem\Documents\GitHub-Data\sdv-dev\cfbfastR-dev\cfbfastR-cfb-raw\.venv\Lib\site-packages\requests\models.py", line 1120, in json
    raise RequestsJSONDecodeError(e.msg, e.doc, e.pos)
requests.exceptions.JSONDecodeError: Expecting value: line 1 column 1 (char 0)
2026-06-13 20:26:09,473 ERROR extra fetch failed: _participants(242900252,)
Traceback (most recent call last):
  File "C:\Users\saiem\Documents\GitHub-Data\sdv-dev\cfbfastR-dev\cfbfastR-cfb-raw\.venv\Lib\site-packages\requests\models.py", line 1116, in json
    return complexjson.loads(self.text, **kwargs)
           ^^^^^^^^^^^^^^^^^^^^^^^^^^^^^^^^^^^^^^
  File "C:\Users\saiem\AppData\Local\Programs\Python\Python311\Lib\json\__init__.py", line 346, in loads
    return _default_decoder.decode(s)
           ^^^^^^^^^^^^^^^^^^^^^^^^^^
  File "C:\Users\saiem\AppData\Local\Programs\Python\Python311\Lib\json\decoder.py", line 337, in decode
    obj, end = self.raw_decode(s, idx=_w(s, 0).end())
               ^^^^^^^^^^^^^^^^^^^^^^^^^^^^^^^^^^^^^^
  File "C:\Users\saiem\AppData\Local\Programs\Python\Python311\Lib\json\decoder.py", line 355, in raw_decode
    raise JSONDecodeError("Expecting value", s, err.value) from None
json.decoder.JSONDecodeError: Expecting value: line 1 column 1 (char 0)

During handling of the above exception, another exception occurred:

Traceback (most recent call last):
  File "C:\Users\saiem\Documents\GitHub-Data\sdv-dev\cfbfastR-dev\cfbfastR-cfb-raw\python\_cfb_raw_utils.py", line 93, in _safe
    return fn(*args, **kwargs)
           ^^^^^^^^^^^^^^^^^^^
  File "C:\Users\saiem\Documents\GitHub-Data\sdv-dev\cfbfastR-dev\cfbfastR-cfb-raw\python\scrape_cfb_json.py", line 27, in _participants
    return sdv.cfb.espn_cfb_play_participants(game_id=gid, return_as_pandas=True).to_dict("records")
           ^^^^^^^^^^^^^^^^^^^^^^^^^^^^^^^^^^^^^^^^^^^^^^^^^^^^^^^^^^^^^^^^^^^^^^
  File "C:\Users\saiem\Documents\GitHub-Data\sdv-dev\cfbfastR-dev\cfbfastR-cfb-raw\.venv\Lib\site-packages\sportsdataverse\cfb\cfb_play_participants.py", line 184, in espn_cfb_play_participants
    plays_raw = _download_plays(game_id, **kwargs)
                ^^^^^^^^^^^^^^^^^^^^^^^^^^^^^^^^^^
  File "C:\Users\saiem\Documents\GitHub-Data\sdv-dev\cfbfastR-dev\cfbfastR-cfb-raw\.venv\Lib\site-packages\sportsdataverse\cfb\cfb_play_participants.py", line 215, in _download_plays
    body = resp.json()
           ^^^^^^^^^^^
  File "C:\Users\saiem\Documents\GitHub-Data\sdv-dev\cfbfastR-dev\cfbfastR-cfb-raw\.venv\Lib\site-packages\requests\models.py", line 1120, in json
    raise RequestsJSONDecodeError(e.msg, e.doc, e.pos)
requests.exceptions.JSONDecodeError: Expecting value: line 1 column 1 (char 0)
2026-06-13 20:26:09,513 ERROR extra fetch failed: _participants(242900096,)
Traceback (most recent call last):
  File "C:\Users\saiem\Documents\GitHub-Data\sdv-dev\cfbfastR-dev\cfbfastR-cfb-raw\.venv\Lib\site-packages\requests\models.py", line 1116, in json
    return complexjson.loads(self.text, **kwargs)
           ^^^^^^^^^^^^^^^^^^^^^^^^^^^^^^^^^^^^^^
  File "C:\Users\saiem\AppData\Local\Programs\Python\Python311\Lib\json\__init__.py", line 346, in loads
    return _default_decoder.decode(s)
           ^^^^^^^^^^^^^^^^^^^^^^^^^^
  File "C:\Users\saiem\AppData\Local\Programs\Python\Python311\Lib\json\decoder.py", line 337, in decode
    obj, end = self.raw_decode(s, idx=_w(s, 0).end())
               ^^^^^^^^^^^^^^^^^^^^^^^^^^^^^^^^^^^^^^
  File "C:\Users\saiem\AppData\Local\Programs\Python\Python311\Lib\json\decoder.py", line 355, in raw_decode
    raise JSONDecodeError("Expecting value", s, err.value) from None
json.decoder.JSONDecodeError: Expecting value: line 1 column 1 (char 0)

During handling of the above exception, another exception occurred:

Traceback (most recent call last):
  File "C:\Users\saiem\Documents\GitHub-Data\sdv-dev\cfbfastR-dev\cfbfastR-cfb-raw\python\_cfb_raw_utils.py", line 93, in _safe
    return fn(*args, **kwargs)
           ^^^^^^^^^^^^^^^^^^^
  File "C:\Users\saiem\Documents\GitHub-Data\sdv-dev\cfbfastR-dev\cfbfastR-cfb-raw\python\scrape_cfb_json.py", line 27, in _participants
    return sdv.cfb.espn_cfb_play_participants(game_id=gid, return_as_pandas=True).to_dict("records")
           ^^^^^^^^^^^^^^^^^^^^^^^^^^^^^^^^^^^^^^^^^^^^^^^^^^^^^^^^^^^^^^^^^^^^^^
  File "C:\Users\saiem\Documents\GitHub-Data\sdv-dev\cfbfastR-dev\cfbfastR-cfb-raw\.venv\Lib\site-packages\sportsdataverse\cfb\cfb_play_participants.py", line 184, in espn_cfb_play_participants
    plays_raw = _download_plays(game_id, **kwargs)
                ^^^^^^^^^^^^^^^^^^^^^^^^^^^^^^^^^^
  File "C:\Users\saiem\Documents\GitHub-Data\sdv-dev\cfbfastR-dev\cfbfastR-cfb-raw\.venv\Lib\site-packages\sportsdataverse\cfb\cfb_play_participants.py", line 215, in _download_plays
    body = resp.json()
           ^^^^^^^^^^^
  File "C:\Users\saiem\Documents\GitHub-Data\sdv-dev\cfbfastR-dev\cfbfastR-cfb-raw\.venv\Lib\site-packages\requests\models.py", line 1120, in json
    raise RequestsJSONDecodeError(e.msg, e.doc, e.pos)
requests.exceptions.JSONDecodeError: Expecting value: line 1 column 1 (char 0)
2026-06-13 20:26:10,254 ERROR extra fetch failed: _participants(242960036,)
Traceback (most recent call last):
  File "C:\Users\saiem\Documents\GitHub-Data\sdv-dev\cfbfastR-dev\cfbfastR-cfb-raw\.venv\Lib\site-packages\requests\models.py", line 1116, in json
    return complexjson.loads(self.text, **kwargs)
           ^^^^^^^^^^^^^^^^^^^^^^^^^^^^^^^^^^^^^^
  File "C:\Users\saiem\AppData\Local\Programs\Python\Python311\Lib\json\__init__.py", line 346, in loads
    return _default_decoder.decode(s)
           ^^^^^^^^^^^^^^^^^^^^^^^^^^
  File "C:\Users\saiem\AppData\Local\Programs\Python\Python311\Lib\json\decoder.py", line 337, in decode
    obj, end = self.raw_decode(s, idx=_w(s, 0).end())
               ^^^^^^^^^^^^^^^^^^^^^^^^^^^^^^^^^^^^^^
  File "C:\Users\saiem\AppData\Local\Programs\Python\Python311\Lib\json\decoder.py", line 355, in raw_decode
    raise JSONDecodeError("Expecting value", s, err.value) from None
json.decoder.JSONDecodeError: Expecting value: line 1 column 1 (char 0)

During handling of the above exception, another exception occurred:

Traceback (most recent call last):
  File "C:\Users\saiem\Documents\GitHub-Data\sdv-dev\cfbfastR-dev\cfbfastR-cfb-raw\python\_cfb_raw_utils.py", line 93, in _safe
    return fn(*args, **kwargs)
           ^^^^^^^^^^^^^^^^^^^
  File "C:\Users\saiem\Documents\GitHub-Data\sdv-dev\cfbfastR-dev\cfbfastR-cfb-raw\python\scrape_cfb_json.py", line 27, in _participants
    return sdv.cfb.espn_cfb_play_participants(game_id=gid, return_as_pandas=True).to_dict("records")
           ^^^^^^^^^^^^^^^^^^^^^^^^^^^^^^^^^^^^^^^^^^^^^^^^^^^^^^^^^^^^^^^^^^^^^^
  File "C:\Users\saiem\Documents\GitHub-Data\sdv-dev\cfbfastR-dev\cfbfastR-cfb-raw\.venv\Lib\site-packages\sportsdataverse\cfb\cfb_play_participants.py", line 184, in espn_cfb_play_participants
    plays_raw = _download_plays(game_id, **kwargs)
                ^^^^^^^^^^^^^^^^^^^^^^^^^^^^^^^^^^
  File "C:\Users\saiem\Documents\GitHub-Data\sdv-dev\cfbfastR-dev\cfbfastR-cfb-raw\.venv\Lib\site-packages\sportsdataverse\cfb\cfb_play_participants.py", line 215, in _download_plays
    body = resp.json()
           ^^^^^^^^^^^
  File "C:\Users\saiem\Documents\GitHub-Data\sdv-dev\cfbfastR-dev\cfbfastR-cfb-raw\.venv\Lib\site-packages\requests\models.py", line 1120, in json
    raise RequestsJSONDecodeError(e.msg, e.doc, e.pos)
requests.exceptions.JSONDecodeError: Expecting value: line 1 column 1 (char 0)
2026-06-13 20:26:10,710 ERROR extra fetch failed: _rosters(242902638,)
Traceback (most recent call last):
  File "C:\Users\saiem\Documents\GitHub-Data\sdv-dev\cfbfastR-dev\cfbfastR-cfb-raw\.venv\Lib\site-packages\requests\models.py", line 1116, in json
    return complexjson.loads(self.text, **kwargs)
           ^^^^^^^^^^^^^^^^^^^^^^^^^^^^^^^^^^^^^^
  File "C:\Users\saiem\AppData\Local\Programs\Python\Python311\Lib\json\__init__.py", line 346, in loads
    return _default_decoder.decode(s)
           ^^^^^^^^^^^^^^^^^^^^^^^^^^
  File "C:\Users\saiem\AppData\Local\Programs\Python\Python311\Lib\json\decoder.py", line 337, in decode
    obj, end = self.raw_decode(s, idx=_w(s, 0).end())
               ^^^^^^^^^^^^^^^^^^^^^^^^^^^^^^^^^^^^^^
  File "C:\Users\saiem\AppData\Local\Programs\Python\Python311\Lib\json\decoder.py", line 355, in raw_decode
    raise JSONDecodeError("Expecting value", s, err.value) from None
json.decoder.JSONDecodeError: Expecting value: line 1 column 1 (char 0)

During handling of the above exception, another exception occurred:

Traceback (most recent call last):
  File "C:\Users\saiem\Documents\GitHub-Data\sdv-dev\cfbfastR-dev\cfbfastR-cfb-raw\python\_cfb_raw_utils.py", line 93, in _safe
    return fn(*args, **kwargs)
           ^^^^^^^^^^^^^^^^^^^
  File "C:\Users\saiem\Documents\GitHub-Data\sdv-dev\cfbfastR-dev\cfbfastR-cfb-raw\python\scrape_cfb_json.py", line 31, in _rosters
    return sdv.cfb.espn_cfb_game_rosters(game_id=gid, return_as_pandas=True).to_dict("records")
           ^^^^^^^^^^^^^^^^^^^^^^^^^^^^^^^^^^^^^^^^^^^^^^^^^^^^^^^^^^^^^^^^^
  File "C:\Users\saiem\Documents\GitHub-Data\sdv-dev\cfbfastR-dev\cfbfastR-cfb-raw\.venv\Lib\site-packages\sportsdataverse\cfb\cfb_game_rosters.py", line 64, in espn_cfb_game_rosters
    summary = summary_resp.json()
              ^^^^^^^^^^^^^^^^^^^
  File "C:\Users\saiem\Documents\GitHub-Data\sdv-dev\cfbfastR-dev\cfbfastR-cfb-raw\.venv\Lib\site-packages\requests\models.py", line 1120, in json
    raise RequestsJSONDecodeError(e.msg, e.doc, e.pos)
requests.exceptions.JSONDecodeError: Expecting value: line 1 column 1 (char 0)
2026-06-13 20:26:10,714 ERROR extra fetch failed: _rosters(242900252,)
Traceback (most recent call last):
  File "C:\Users\saiem\Documents\GitHub-Data\sdv-dev\cfbfastR-dev\cfbfastR-cfb-raw\.venv\Lib\site-packages\requests\models.py", line 1116, in json
    return complexjson.loads(self.text, **kwargs)
           ^^^^^^^^^^^^^^^^^^^^^^^^^^^^^^^^^^^^^^
  File "C:\Users\saiem\AppData\Local\Programs\Python\Python311\Lib\json\__init__.py", line 346, in loads
    return _default_decoder.decode(s)
           ^^^^^^^^^^^^^^^^^^^^^^^^^^
  File "C:\Users\saiem\AppData\Local\Programs\Python\Python311\Lib\json\decoder.py", line 337, in decode
    obj, end = self.raw_decode(s, idx=_w(s, 0).end())
               ^^^^^^^^^^^^^^^^^^^^^^^^^^^^^^^^^^^^^^
  File "C:\Users\saiem\AppData\Local\Programs\Python\Python311\Lib\json\decoder.py", line 355, in raw_decode
    raise JSONDecodeError("Expecting value", s, err.value) from None
json.decoder.JSONDecodeError: Expecting value: line 1 column 1 (char 0)

During handling of the above exception, another exception occurred:

Traceback (most recent call last):
  File "C:\Users\saiem\Documents\GitHub-Data\sdv-dev\cfbfastR-dev\cfbfastR-cfb-raw\python\_cfb_raw_utils.py", line 93, in _safe
    return fn(*args, **kwargs)
           ^^^^^^^^^^^^^^^^^^^
  File "C:\Users\saiem\Documents\GitHub-Data\sdv-dev\cfbfastR-dev\cfbfastR-cfb-raw\python\scrape_cfb_json.py", line 31, in _rosters
    return sdv.cfb.espn_cfb_game_rosters(game_id=gid, return_as_pandas=True).to_dict("records")
           ^^^^^^^^^^^^^^^^^^^^^^^^^^^^^^^^^^^^^^^^^^^^^^^^^^^^^^^^^^^^^^^^^
  File "C:\Users\saiem\Documents\GitHub-Data\sdv-dev\cfbfastR-dev\cfbfastR-cfb-raw\.venv\Lib\site-packages\sportsdataverse\cfb\cfb_game_rosters.py", line 64, in espn_cfb_game_rosters
    summary = summary_resp.json()
              ^^^^^^^^^^^^^^^^^^^
  File "C:\Users\saiem\Documents\GitHub-Data\sdv-dev\cfbfastR-dev\cfbfastR-cfb-raw\.venv\Lib\site-packages\requests\models.py", line 1120, in json
    raise RequestsJSONDecodeError(e.msg, e.doc, e.pos)
requests.exceptions.JSONDecodeError: Expecting value: line 1 column 1 (char 0)
2026-06-13 20:26:10,740 ERROR extra fetch failed: _rosters(242902440,)
Traceback (most recent call last):
  File "C:\Users\saiem\Documents\GitHub-Data\sdv-dev\cfbfastR-dev\cfbfastR-cfb-raw\.venv\Lib\site-packages\requests\models.py", line 1116, in json
    return complexjson.loads(self.text, **kwargs)
           ^^^^^^^^^^^^^^^^^^^^^^^^^^^^^^^^^^^^^^
  File "C:\Users\saiem\AppData\Local\Programs\Python\Python311\Lib\json\__init__.py", line 346, in loads
    return _default_decoder.decode(s)
           ^^^^^^^^^^^^^^^^^^^^^^^^^^
  File "C:\Users\saiem\AppData\Local\Programs\Python\Python311\Lib\json\decoder.py", line 337, in decode
    obj, end = self.raw_decode(s, idx=_w(s, 0).end())
               ^^^^^^^^^^^^^^^^^^^^^^^^^^^^^^^^^^^^^^
  File "C:\Users\saiem\AppData\Local\Programs\Python\Python311\Lib\json\decoder.py", line 355, in raw_decode
    raise JSONDecodeError("Expecting value", s, err.value) from None
json.decoder.JSONDecodeError: Expecting value: line 1 column 1 (char 0)

During handling of the above exception, another exception occurred:

Traceback (most recent call last):
  File "C:\Users\saiem\Documents\GitHub-Data\sdv-dev\cfbfastR-dev\cfbfastR-cfb-raw\python\_cfb_raw_utils.py", line 93, in _safe
    return fn(*args, **kwargs)
           ^^^^^^^^^^^^^^^^^^^
  File "C:\Users\saiem\Documents\GitHub-Data\sdv-dev\cfbfastR-dev\cfbfastR-cfb-raw\python\scrape_cfb_json.py", line 31, in _rosters
    return sdv.cfb.espn_cfb_game_rosters(game_id=gid, return_as_pandas=True).to_dict("records")
           ^^^^^^^^^^^^^^^^^^^^^^^^^^^^^^^^^^^^^^^^^^^^^^^^^^^^^^^^^^^^^^^^^
  File "C:\Users\saiem\Documents\GitHub-Data\sdv-dev\cfbfastR-dev\cfbfastR-cfb-raw\.venv\Lib\site-packages\sportsdataverse\cfb\cfb_game_rosters.py", line 64, in espn_cfb_game_rosters
    summary = summary_resp.json()
              ^^^^^^^^^^^^^^^^^^^
  File "C:\Users\saiem\Documents\GitHub-Data\sdv-dev\cfbfastR-dev\cfbfastR-cfb-raw\.venv\Lib\site-packages\requests\models.py", line 1120, in json
    raise RequestsJSONDecodeError(e.msg, e.doc, e.pos)
requests.exceptions.JSONDecodeError: Expecting value: line 1 column 1 (char 0)
2026-06-13 20:26:10,803 ERROR extra fetch failed: _rosters(242900096,)
Traceback (most recent call last):
  File "C:\Users\saiem\Documents\GitHub-Data\sdv-dev\cfbfastR-dev\cfbfastR-cfb-raw\.venv\Lib\site-packages\requests\models.py", line 1116, in json
    return complexjson.loads(self.text, **kwargs)
           ^^^^^^^^^^^^^^^^^^^^^^^^^^^^^^^^^^^^^^
  File "C:\Users\saiem\AppData\Local\Programs\Python\Python311\Lib\json\__init__.py", line 346, in loads
    return _default_decoder.decode(s)
           ^^^^^^^^^^^^^^^^^^^^^^^^^^
  File "C:\Users\saiem\AppData\Local\Programs\Python\Python311\Lib\json\decoder.py", line 337, in decode
    obj, end = self.raw_decode(s, idx=_w(s, 0).end())
               ^^^^^^^^^^^^^^^^^^^^^^^^^^^^^^^^^^^^^^
  File "C:\Users\saiem\AppData\Local\Programs\Python\Python311\Lib\json\decoder.py", line 355, in raw_decode
    raise JSONDecodeError("Expecting value", s, err.value) from None
json.decoder.JSONDecodeError: Expecting value: line 1 column 1 (char 0)

During handling of the above exception, another exception occurred:

Traceback (most recent call last):
  File "C:\Users\saiem\Documents\GitHub-Data\sdv-dev\cfbfastR-dev\cfbfastR-cfb-raw\python\_cfb_raw_utils.py", line 93, in _safe
    return fn(*args, **kwargs)
           ^^^^^^^^^^^^^^^^^^^
  File "C:\Users\saiem\Documents\GitHub-Data\sdv-dev\cfbfastR-dev\cfbfastR-cfb-raw\python\scrape_cfb_json.py", line 31, in _rosters
    return sdv.cfb.espn_cfb_game_rosters(game_id=gid, return_as_pandas=True).to_dict("records")
           ^^^^^^^^^^^^^^^^^^^^^^^^^^^^^^^^^^^^^^^^^^^^^^^^^^^^^^^^^^^^^^^^^
  File "C:\Users\saiem\Documents\GitHub-Data\sdv-dev\cfbfastR-dev\cfbfastR-cfb-raw\.venv\Lib\site-packages\sportsdataverse\cfb\cfb_game_rosters.py", line 64, in espn_cfb_game_rosters
    summary = summary_resp.json()
              ^^^^^^^^^^^^^^^^^^^
  File "C:\Users\saiem\Documents\GitHub-Data\sdv-dev\cfbfastR-dev\cfbfastR-cfb-raw\.venv\Lib\site-packages\requests\models.py", line 1120, in json
    raise RequestsJSONDecodeError(e.msg, e.doc, e.pos)
requests.exceptions.JSONDecodeError: Expecting value: line 1 column 1 (char 0)
2026-06-13 20:26:10,993 ERROR extra fetch failed: _rosters(242960036,)
Traceback (most recent call last):
  File "C:\Users\saiem\Documents\GitHub-Data\sdv-dev\cfbfastR-dev\cfbfastR-cfb-raw\.venv\Lib\site-packages\requests\models.py", line 1116, in json
    return complexjson.loads(self.text, **kwargs)
           ^^^^^^^^^^^^^^^^^^^^^^^^^^^^^^^^^^^^^^
  File "C:\Users\saiem\AppData\Local\Programs\Python\Python311\Lib\json\__init__.py", line 346, in loads
    return _default_decoder.decode(s)
           ^^^^^^^^^^^^^^^^^^^^^^^^^^
  File "C:\Users\saiem\AppData\Local\Programs\Python\Python311\Lib\json\decoder.py", line 337, in decode
    obj, end = self.raw_decode(s, idx=_w(s, 0).end())
               ^^^^^^^^^^^^^^^^^^^^^^^^^^^^^^^^^^^^^^
  File "C:\Users\saiem\AppData\Local\Programs\Python\Python311\Lib\json\decoder.py", line 355, in raw_decode
    raise JSONDecodeError("Expecting value", s, err.value) from None
json.decoder.JSONDecodeError: Expecting value: line 1 column 1 (char 0)

During handling of the above exception, another exception occurred:

Traceback (most recent call last):
  File "C:\Users\saiem\Documents\GitHub-Data\sdv-dev\cfbfastR-dev\cfbfastR-cfb-raw\python\_cfb_raw_utils.py", line 93, in _safe
    return fn(*args, **kwargs)
           ^^^^^^^^^^^^^^^^^^^
  File "C:\Users\saiem\Documents\GitHub-Data\sdv-dev\cfbfastR-dev\cfbfastR-cfb-raw\python\scrape_cfb_json.py", line 31, in _rosters
    return sdv.cfb.espn_cfb_game_rosters(game_id=gid, return_as_pandas=True).to_dict("records")
           ^^^^^^^^^^^^^^^^^^^^^^^^^^^^^^^^^^^^^^^^^^^^^^^^^^^^^^^^^^^^^^^^^
  File "C:\Users\saiem\Documents\GitHub-Data\sdv-dev\cfbfastR-dev\cfbfastR-cfb-raw\.venv\Lib\site-packages\sportsdataverse\cfb\cfb_game_rosters.py", line 64, in espn_cfb_game_rosters
    summary = summary_resp.json()
              ^^^^^^^^^^^^^^^^^^^
  File "C:\Users\saiem\Documents\GitHub-Data\sdv-dev\cfbfastR-dev\cfbfastR-cfb-raw\.venv\Lib\site-packages\requests\models.py", line 1120, in json
    raise RequestsJSONDecodeError(e.msg, e.doc, e.pos)
requests.exceptions.JSONDecodeError: Expecting value: line 1 column 1 (char 0)
2026-06-13 20:26:11,393 ERROR extra fetch failed: _participants(242900265,)
Traceback (most recent call last):
  File "C:\Users\saiem\Documents\GitHub-Data\sdv-dev\cfbfastR-dev\cfbfastR-cfb-raw\.venv\Lib\site-packages\requests\models.py", line 1116, in json
    return complexjson.loads(self.text, **kwargs)
           ^^^^^^^^^^^^^^^^^^^^^^^^^^^^^^^^^^^^^^
  File "C:\Users\saiem\AppData\Local\Programs\Python\Python311\Lib\json\__init__.py", line 346, in loads
    return _default_decoder.decode(s)
           ^^^^^^^^^^^^^^^^^^^^^^^^^^
  File "C:\Users\saiem\AppData\Local\Programs\Python\Python311\Lib\json\decoder.py", line 337, in decode
    obj, end = self.raw_decode(s, idx=_w(s, 0).end())
               ^^^^^^^^^^^^^^^^^^^^^^^^^^^^^^^^^^^^^^
  File "C:\Users\saiem\AppData\Local\Programs\Python\Python311\Lib\json\decoder.py", line 355, in raw_decode
    raise JSONDecodeError("Expecting value", s, err.value) from None
json.decoder.JSONDecodeError: Expecting value: line 1 column 1 (char 0)

During handling of the above exception, another exception occurred:

Traceback (most recent call last):
  File "C:\Users\saiem\Documents\GitHub-Data\sdv-dev\cfbfastR-dev\cfbfastR-cfb-raw\python\_cfb_raw_utils.py", line 93, in _safe
    return fn(*args, **kwargs)
           ^^^^^^^^^^^^^^^^^^^
  File "C:\Users\saiem\Documents\GitHub-Data\sdv-dev\cfbfastR-dev\cfbfastR-cfb-raw\python\scrape_cfb_json.py", line 27, in _participants
    return sdv.cfb.espn_cfb_play_participants(game_id=gid, return_as_pandas=True).to_dict("records")
           ^^^^^^^^^^^^^^^^^^^^^^^^^^^^^^^^^^^^^^^^^^^^^^^^^^^^^^^^^^^^^^^^^^^^^^
  File "C:\Users\saiem\Documents\GitHub-Data\sdv-dev\cfbfastR-dev\cfbfastR-cfb-raw\.venv\Lib\site-packages\sportsdataverse\cfb\cfb_play_participants.py", line 184, in espn_cfb_play_participants
    plays_raw = _download_plays(game_id, **kwargs)
                ^^^^^^^^^^^^^^^^^^^^^^^^^^^^^^^^^^
  File "C:\Users\saiem\Documents\GitHub-Data\sdv-dev\cfbfastR-dev\cfbfastR-cfb-raw\.venv\Lib\site-packages\sportsdataverse\cfb\cfb_play_participants.py", line 215, in _download_plays
    body = resp.json()
           ^^^^^^^^^^^
  File "C:\Users\saiem\Documents\GitHub-Data\sdv-dev\cfbfastR-dev\cfbfastR-cfb-raw\.venv\Lib\site-packages\requests\models.py", line 1120, in json
    raise RequestsJSONDecodeError(e.msg, e.doc, e.pos)
requests.exceptions.JSONDecodeError: Expecting value: line 1 column 1 (char 0)
2026-06-13 20:26:12,013 ERROR extra fetch failed: _rosters(242900265,)
Traceback (most recent call last):
  File "C:\Users\saiem\Documents\GitHub-Data\sdv-dev\cfbfastR-dev\cfbfastR-cfb-raw\.venv\Lib\site-packages\requests\models.py", line 1116, in json
    return complexjson.loads(self.text, **kwargs)
           ^^^^^^^^^^^^^^^^^^^^^^^^^^^^^^^^^^^^^^
  File "C:\Users\saiem\AppData\Local\Programs\Python\Python311\Lib\json\__init__.py", line 346, in loads
    return _default_decoder.decode(s)
           ^^^^^^^^^^^^^^^^^^^^^^^^^^
  File "C:\Users\saiem\AppData\Local\Programs\Python\Python311\Lib\json\decoder.py", line 337, in decode
    obj, end = self.raw_decode(s, idx=_w(s, 0).end())
               ^^^^^^^^^^^^^^^^^^^^^^^^^^^^^^^^^^^^^^
  File "C:\Users\saiem\AppData\Local\Programs\Python\Python311\Lib\json\decoder.py", line 355, in raw_decode
    raise JSONDecodeError("Expecting value", s, err.value) from None
json.decoder.JSONDecodeError: Expecting value: line 1 column 1 (char 0)

During handling of the above exception, another exception occurred:

Traceback (most recent call last):
  File "C:\Users\saiem\Documents\GitHub-Data\sdv-dev\cfbfastR-dev\cfbfastR-cfb-raw\python\_cfb_raw_utils.py", line 93, in _safe
    return fn(*args, **kwargs)
           ^^^^^^^^^^^^^^^^^^^
  File "C:\Users\saiem\Documents\GitHub-Data\sdv-dev\cfbfastR-dev\cfbfastR-cfb-raw\python\scrape_cfb_json.py", line 31, in _rosters
    return sdv.cfb.espn_cfb_game_rosters(game_id=gid, return_as_pandas=True).to_dict("records")
           ^^^^^^^^^^^^^^^^^^^^^^^^^^^^^^^^^^^^^^^^^^^^^^^^^^^^^^^^^^^^^^^^^
  File "C:\Users\saiem\Documents\GitHub-Data\sdv-dev\cfbfastR-dev\cfbfastR-cfb-raw\.venv\Lib\site-packages\sportsdataverse\cfb\cfb_game_rosters.py", line 64, in espn_cfb_game_rosters
    summary = summary_resp.json()
              ^^^^^^^^^^^^^^^^^^^
  File "C:\Users\saiem\Documents\GitHub-Data\sdv-dev\cfbfastR-dev\cfbfastR-cfb-raw\.venv\Lib\site-packages\requests\models.py", line 1120, in json
    raise RequestsJSONDecodeError(e.msg, e.doc, e.pos)
requests.exceptions.JSONDecodeError: Expecting value: line 1 column 1 (char 0)
2026-06-13 20:26:12,810 ERROR extra fetch failed: _participants(242950277,)
Traceback (most recent call last):
  File "C:\Users\saiem\Documents\GitHub-Data\sdv-dev\cfbfastR-dev\cfbfastR-cfb-raw\.venv\Lib\site-packages\requests\models.py", line 1116, in json
    return complexjson.loads(self.text, **kwargs)
           ^^^^^^^^^^^^^^^^^^^^^^^^^^^^^^^^^^^^^^
  File "C:\Users\saiem\AppData\Local\Programs\Python\Python311\Lib\json\__init__.py", line 346, in loads
    return _default_decoder.decode(s)
           ^^^^^^^^^^^^^^^^^^^^^^^^^^
  File "C:\Users\saiem\AppData\Local\Programs\Python\Python311\Lib\json\decoder.py", line 337, in decode
    obj, end = self.raw_decode(s, idx=_w(s, 0).end())
               ^^^^^^^^^^^^^^^^^^^^^^^^^^^^^^^^^^^^^^
  File "C:\Users\saiem\AppData\Local\Programs\Python\Python311\Lib\json\decoder.py", line 355, in raw_decode
    raise JSONDecodeError("Expecting value", s, err.value) from None
json.decoder.JSONDecodeError: Expecting value: line 1 column 1 (char 0)

During handling of the above exception, another exception occurred:

Traceback (most recent call last):
  File "C:\Users\saiem\Documents\GitHub-Data\sdv-dev\cfbfastR-dev\cfbfastR-cfb-raw\python\_cfb_raw_utils.py", line 93, in _safe
    return fn(*args, **kwargs)
           ^^^^^^^^^^^^^^^^^^^
  File "C:\Users\saiem\Documents\GitHub-Data\sdv-dev\cfbfastR-dev\cfbfastR-cfb-raw\python\scrape_cfb_json.py", line 27, in _participants
    return sdv.cfb.espn_cfb_play_participants(game_id=gid, return_as_pandas=True).to_dict("records")
           ^^^^^^^^^^^^^^^^^^^^^^^^^^^^^^^^^^^^^^^^^^^^^^^^^^^^^^^^^^^^^^^^^^^^^^
  File "C:\Users\saiem\Documents\GitHub-Data\sdv-dev\cfbfastR-dev\cfbfastR-cfb-raw\.venv\Lib\site-packages\sportsdataverse\cfb\cfb_play_participants.py", line 184, in espn_cfb_play_participants
    plays_raw = _download_plays(game_id, **kwargs)
                ^^^^^^^^^^^^^^^^^^^^^^^^^^^^^^^^^^
  File "C:\Users\saiem\Documents\GitHub-Data\sdv-dev\cfbfastR-dev\cfbfastR-cfb-raw\.venv\Lib\site-packages\sportsdataverse\cfb\cfb_play_participants.py", line 215, in _download_plays
    body = resp.json()
           ^^^^^^^^^^^
  File "C:\Users\saiem\Documents\GitHub-Data\sdv-dev\cfbfastR-dev\cfbfastR-cfb-raw\.venv\Lib\site-packages\requests\models.py", line 1120, in json
    raise RequestsJSONDecodeError(e.msg, e.doc, e.pos)
requests.exceptions.JSONDecodeError: Expecting value: line 1 column 1 (char 0)
2026-06-13 20:26:12,816 ERROR extra fetch failed: _participants(242960097,)
Traceback (most recent call last):
  File "C:\Users\saiem\Documents\GitHub-Data\sdv-dev\cfbfastR-dev\cfbfastR-cfb-raw\.venv\Lib\site-packages\requests\models.py", line 1116, in json
    return complexjson.loads(self.text, **kwargs)
           ^^^^^^^^^^^^^^^^^^^^^^^^^^^^^^^^^^^^^^
  File "C:\Users\saiem\AppData\Local\Programs\Python\Python311\Lib\json\__init__.py", line 346, in loads
    return _default_decoder.decode(s)
           ^^^^^^^^^^^^^^^^^^^^^^^^^^
  File "C:\Users\saiem\AppData\Local\Programs\Python\Python311\Lib\json\decoder.py", line 337, in decode
    obj, end = self.raw_decode(s, idx=_w(s, 0).end())
               ^^^^^^^^^^^^^^^^^^^^^^^^^^^^^^^^^^^^^^
  File "C:\Users\saiem\AppData\Local\Programs\Python\Python311\Lib\json\decoder.py", line 355, in raw_decode
    raise JSONDecodeError("Expecting value", s, err.value) from None
json.decoder.JSONDecodeError: Expecting value: line 1 column 1 (char 0)

During handling of the above exception, another exception occurred:

Traceback (most recent call last):
  File "C:\Users\saiem\Documents\GitHub-Data\sdv-dev\cfbfastR-dev\cfbfastR-cfb-raw\python\_cfb_raw_utils.py", line 93, in _safe
    return fn(*args, **kwargs)
           ^^^^^^^^^^^^^^^^^^^
  File "C:\Users\saiem\Documents\GitHub-Data\sdv-dev\cfbfastR-dev\cfbfastR-cfb-raw\python\scrape_cfb_json.py", line 27, in _participants
    return sdv.cfb.espn_cfb_play_participants(game_id=gid, return_as_pandas=True).to_dict("records")
           ^^^^^^^^^^^^^^^^^^^^^^^^^^^^^^^^^^^^^^^^^^^^^^^^^^^^^^^^^^^^^^^^^^^^^^
  File "C:\Users\saiem\Documents\GitHub-Data\sdv-dev\cfbfastR-dev\cfbfastR-cfb-raw\.venv\Lib\site-packages\sportsdataverse\cfb\cfb_play_participants.py", line 184, in espn_cfb_play_participants
    plays_raw = _download_plays(game_id, **kwargs)
                ^^^^^^^^^^^^^^^^^^^^^^^^^^^^^^^^^^
  File "C:\Users\saiem\Documents\GitHub-Data\sdv-dev\cfbfastR-dev\cfbfastR-cfb-raw\.venv\Lib\site-packages\sportsdataverse\cfb\cfb_play_participants.py", line 215, in _download_plays
    body = resp.json()
           ^^^^^^^^^^^
  File "C:\Users\saiem\Documents\GitHub-Data\sdv-dev\cfbfastR-dev\cfbfastR-cfb-raw\.venv\Lib\site-packages\requests\models.py", line 1120, in json
    raise RequestsJSONDecodeError(e.msg, e.doc, e.pos)
requests.exceptions.JSONDecodeError: Expecting value: line 1 column 1 (char 0)
2026-06-13 20:26:12,943 ERROR extra fetch failed: _participants(242970030,)
Traceback (most recent call last):
  File "C:\Users\saiem\Documents\GitHub-Data\sdv-dev\cfbfastR-dev\cfbfastR-cfb-raw\.venv\Lib\site-packages\requests\models.py", line 1116, in json
    return complexjson.loads(self.text, **kwargs)
           ^^^^^^^^^^^^^^^^^^^^^^^^^^^^^^^^^^^^^^
  File "C:\Users\saiem\AppData\Local\Programs\Python\Python311\Lib\json\__init__.py", line 346, in loads
    return _default_decoder.decode(s)
           ^^^^^^^^^^^^^^^^^^^^^^^^^^
  File "C:\Users\saiem\AppData\Local\Programs\Python\Python311\Lib\json\decoder.py", line 337, in decode
    obj, end = self.raw_decode(s, idx=_w(s, 0).end())
               ^^^^^^^^^^^^^^^^^^^^^^^^^^^^^^^^^^^^^^
  File "C:\Users\saiem\AppData\Local\Programs\Python\Python311\Lib\json\decoder.py", line 355, in raw_decode
    raise JSONDecodeError("Expecting value", s, err.value) from None
json.decoder.JSONDecodeError: Expecting value: line 1 column 1 (char 0)

During handling of the above exception, another exception occurred:

Traceback (most recent call last):
  File "C:\Users\saiem\Documents\GitHub-Data\sdv-dev\cfbfastR-dev\cfbfastR-cfb-raw\python\_cfb_raw_utils.py", line 93, in _safe
    return fn(*args, **kwargs)
           ^^^^^^^^^^^^^^^^^^^
  File "C:\Users\saiem\Documents\GitHub-Data\sdv-dev\cfbfastR-dev\cfbfastR-cfb-raw\python\scrape_cfb_json.py", line 27, in _participants
    return sdv.cfb.espn_cfb_play_participants(game_id=gid, return_as_pandas=True).to_dict("records")
           ^^^^^^^^^^^^^^^^^^^^^^^^^^^^^^^^^^^^^^^^^^^^^^^^^^^^^^^^^^^^^^^^^^^^^^
  File "C:\Users\saiem\Documents\GitHub-Data\sdv-dev\cfbfastR-dev\cfbfastR-cfb-raw\.venv\Lib\site-packages\sportsdataverse\cfb\cfb_play_participants.py", line 184, in espn_cfb_play_participants
    plays_raw = _download_plays(game_id, **kwargs)
                ^^^^^^^^^^^^^^^^^^^^^^^^^^^^^^^^^^
  File "C:\Users\saiem\Documents\GitHub-Data\sdv-dev\cfbfastR-dev\cfbfastR-cfb-raw\.venv\Lib\site-packages\sportsdataverse\cfb\cfb_play_participants.py", line 215, in _download_plays
    body = resp.json()
           ^^^^^^^^^^^
  File "C:\Users\saiem\Documents\GitHub-Data\sdv-dev\cfbfastR-dev\cfbfastR-cfb-raw\.venv\Lib\site-packages\requests\models.py", line 1120, in json
    raise RequestsJSONDecodeError(e.msg, e.doc, e.pos)
requests.exceptions.JSONDecodeError: Expecting value: line 1 column 1 (char 0)
2026-06-13 20:26:13,508 ERROR extra fetch failed: _participants(242970201,)
Traceback (most recent call last):
  File "C:\Users\saiem\Documents\GitHub-Data\sdv-dev\cfbfastR-dev\cfbfastR-cfb-raw\.venv\Lib\site-packages\requests\models.py", line 1116, in json
    return complexjson.loads(self.text, **kwargs)
           ^^^^^^^^^^^^^^^^^^^^^^^^^^^^^^^^^^^^^^
  File "C:\Users\saiem\AppData\Local\Programs\Python\Python311\Lib\json\__init__.py", line 346, in loads
    return _default_decoder.decode(s)
           ^^^^^^^^^^^^^^^^^^^^^^^^^^
  File "C:\Users\saiem\AppData\Local\Programs\Python\Python311\Lib\json\decoder.py", line 337, in decode
    obj, end = self.raw_decode(s, idx=_w(s, 0).end())
               ^^^^^^^^^^^^^^^^^^^^^^^^^^^^^^^^^^^^^^
  File "C:\Users\saiem\AppData\Local\Programs\Python\Python311\Lib\json\decoder.py", line 355, in raw_decode
    raise JSONDecodeError("Expecting value", s, err.value) from None
json.decoder.JSONDecodeError: Expecting value: line 1 column 1 (char 0)

During handling of the above exception, another exception occurred:

Traceback (most recent call last):
  File "C:\Users\saiem\Documents\GitHub-Data\sdv-dev\cfbfastR-dev\cfbfastR-cfb-raw\python\_cfb_raw_utils.py", line 93, in _safe
    return fn(*args, **kwargs)
           ^^^^^^^^^^^^^^^^^^^
  File "C:\Users\saiem\Documents\GitHub-Data\sdv-dev\cfbfastR-dev\cfbfastR-cfb-raw\python\scrape_cfb_json.py", line 27, in _participants
    return sdv.cfb.espn_cfb_play_participants(game_id=gid, return_as_pandas=True).to_dict("records")
           ^^^^^^^^^^^^^^^^^^^^^^^^^^^^^^^^^^^^^^^^^^^^^^^^^^^^^^^^^^^^^^^^^^^^^^
  File "C:\Users\saiem\Documents\GitHub-Data\sdv-dev\cfbfastR-dev\cfbfastR-cfb-raw\.venv\Lib\site-packages\sportsdataverse\cfb\cfb_play_participants.py", line 184, in espn_cfb_play_participants
    plays_raw = _download_plays(game_id, **kwargs)
                ^^^^^^^^^^^^^^^^^^^^^^^^^^^^^^^^^^
  File "C:\Users\saiem\Documents\GitHub-Data\sdv-dev\cfbfastR-dev\cfbfastR-cfb-raw\.venv\Lib\site-packages\sportsdataverse\cfb\cfb_play_participants.py", line 215, in _download_plays
    body = resp.json()
           ^^^^^^^^^^^
  File "C:\Users\saiem\Documents\GitHub-Data\sdv-dev\cfbfastR-dev\cfbfastR-cfb-raw\.venv\Lib\site-packages\requests\models.py", line 1120, in json
    raise RequestsJSONDecodeError(e.msg, e.doc, e.pos)
requests.exceptions.JSONDecodeError: Expecting value: line 1 column 1 (char 0)
2026-06-13 20:26:13,586 ERROR extra fetch failed: _rosters(242950277,)
Traceback (most recent call last):
  File "C:\Users\saiem\Documents\GitHub-Data\sdv-dev\cfbfastR-dev\cfbfastR-cfb-raw\.venv\Lib\site-packages\requests\models.py", line 1116, in json
    return complexjson.loads(self.text, **kwargs)
           ^^^^^^^^^^^^^^^^^^^^^^^^^^^^^^^^^^^^^^
  File "C:\Users\saiem\AppData\Local\Programs\Python\Python311\Lib\json\__init__.py", line 346, in loads
    return _default_decoder.decode(s)
           ^^^^^^^^^^^^^^^^^^^^^^^^^^
  File "C:\Users\saiem\AppData\Local\Programs\Python\Python311\Lib\json\decoder.py", line 337, in decode
    obj, end = self.raw_decode(s, idx=_w(s, 0).end())
               ^^^^^^^^^^^^^^^^^^^^^^^^^^^^^^^^^^^^^^
  File "C:\Users\saiem\AppData\Local\Programs\Python\Python311\Lib\json\decoder.py", line 355, in raw_decode
    raise JSONDecodeError("Expecting value", s, err.value) from None
json.decoder.JSONDecodeError: Expecting value: line 1 column 1 (char 0)

During handling of the above exception, another exception occurred:

Traceback (most recent call last):
  File "C:\Users\saiem\Documents\GitHub-Data\sdv-dev\cfbfastR-dev\cfbfastR-cfb-raw\python\_cfb_raw_utils.py", line 93, in _safe
    return fn(*args, **kwargs)
           ^^^^^^^^^^^^^^^^^^^
  File "C:\Users\saiem\Documents\GitHub-Data\sdv-dev\cfbfastR-dev\cfbfastR-cfb-raw\python\scrape_cfb_json.py", line 31, in _rosters
    return sdv.cfb.espn_cfb_game_rosters(game_id=gid, return_as_pandas=True).to_dict("records")
           ^^^^^^^^^^^^^^^^^^^^^^^^^^^^^^^^^^^^^^^^^^^^^^^^^^^^^^^^^^^^^^^^^
  File "C:\Users\saiem\Documents\GitHub-Data\sdv-dev\cfbfastR-dev\cfbfastR-cfb-raw\.venv\Lib\site-packages\sportsdataverse\cfb\cfb_game_rosters.py", line 64, in espn_cfb_game_rosters
    summary = summary_resp.json()
              ^^^^^^^^^^^^^^^^^^^
  File "C:\Users\saiem\Documents\GitHub-Data\sdv-dev\cfbfastR-dev\cfbfastR-cfb-raw\.venv\Lib\site-packages\requests\models.py", line 1120, in json
    raise RequestsJSONDecodeError(e.msg, e.doc, e.pos)
requests.exceptions.JSONDecodeError: Expecting value: line 1 column 1 (char 0)
2026-06-13 20:26:13,678 ERROR extra fetch failed: _rosters(242960097,)
Traceback (most recent call last):
  File "C:\Users\saiem\Documents\GitHub-Data\sdv-dev\cfbfastR-dev\cfbfastR-cfb-raw\.venv\Lib\site-packages\requests\models.py", line 1116, in json
    return complexjson.loads(self.text, **kwargs)
           ^^^^^^^^^^^^^^^^^^^^^^^^^^^^^^^^^^^^^^
  File "C:\Users\saiem\AppData\Local\Programs\Python\Python311\Lib\json\__init__.py", line 346, in loads
    return _default_decoder.decode(s)
           ^^^^^^^^^^^^^^^^^^^^^^^^^^
  File "C:\Users\saiem\AppData\Local\Programs\Python\Python311\Lib\json\decoder.py", line 337, in decode
    obj, end = self.raw_decode(s, idx=_w(s, 0).end())
               ^^^^^^^^^^^^^^^^^^^^^^^^^^^^^^^^^^^^^^
  File "C:\Users\saiem\AppData\Local\Programs\Python\Python311\Lib\json\decoder.py", line 355, in raw_decode
    raise JSONDecodeError("Expecting value", s, err.value) from None
json.decoder.JSONDecodeError: Expecting value: line 1 column 1 (char 0)

During handling of the above exception, another exception occurred:

Traceback (most recent call last):
  File "C:\Users\saiem\Documents\GitHub-Data\sdv-dev\cfbfastR-dev\cfbfastR-cfb-raw\python\_cfb_raw_utils.py", line 93, in _safe
    return fn(*args, **kwargs)
           ^^^^^^^^^^^^^^^^^^^
  File "C:\Users\saiem\Documents\GitHub-Data\sdv-dev\cfbfastR-dev\cfbfastR-cfb-raw\python\scrape_cfb_json.py", line 31, in _rosters
    return sdv.cfb.espn_cfb_game_rosters(game_id=gid, return_as_pandas=True).to_dict("records")
           ^^^^^^^^^^^^^^^^^^^^^^^^^^^^^^^^^^^^^^^^^^^^^^^^^^^^^^^^^^^^^^^^^
  File "C:\Users\saiem\Documents\GitHub-Data\sdv-dev\cfbfastR-dev\cfbfastR-cfb-raw\.venv\Lib\site-packages\sportsdataverse\cfb\cfb_game_rosters.py", line 64, in espn_cfb_game_rosters
    summary = summary_resp.json()
              ^^^^^^^^^^^^^^^^^^^
  File "C:\Users\saiem\Documents\GitHub-Data\sdv-dev\cfbfastR-dev\cfbfastR-cfb-raw\.venv\Lib\site-packages\requests\models.py", line 1120, in json
    raise RequestsJSONDecodeError(e.msg, e.doc, e.pos)
requests.exceptions.JSONDecodeError: Expecting value: line 1 column 1 (char 0)
2026-06-13 20:26:13,832 ERROR extra fetch failed: _rosters(242970030,)
Traceback (most recent call last):
  File "C:\Users\saiem\Documents\GitHub-Data\sdv-dev\cfbfastR-dev\cfbfastR-cfb-raw\.venv\Lib\site-packages\requests\models.py", line 1116, in json
    return complexjson.loads(self.text, **kwargs)
           ^^^^^^^^^^^^^^^^^^^^^^^^^^^^^^^^^^^^^^
  File "C:\Users\saiem\AppData\Local\Programs\Python\Python311\Lib\json\__init__.py", line 346, in loads
    return _default_decoder.decode(s)
           ^^^^^^^^^^^^^^^^^^^^^^^^^^
  File "C:\Users\saiem\AppData\Local\Programs\Python\Python311\Lib\json\decoder.py", line 337, in decode
    obj, end = self.raw_decode(s, idx=_w(s, 0).end())
               ^^^^^^^^^^^^^^^^^^^^^^^^^^^^^^^^^^^^^^
  File "C:\Users\saiem\AppData\Local\Programs\Python\Python311\Lib\json\decoder.py", line 355, in raw_decode
    raise JSONDecodeError("Expecting value", s, err.value) from None
json.decoder.JSONDecodeError: Expecting value: line 1 column 1 (char 0)

During handling of the above exception, another exception occurred:

Traceback (most recent call last):
  File "C:\Users\saiem\Documents\GitHub-Data\sdv-dev\cfbfastR-dev\cfbfastR-cfb-raw\python\_cfb_raw_utils.py", line 93, in _safe
    return fn(*args, **kwargs)
           ^^^^^^^^^^^^^^^^^^^
  File "C:\Users\saiem\Documents\GitHub-Data\sdv-dev\cfbfastR-dev\cfbfastR-cfb-raw\python\scrape_cfb_json.py", line 31, in _rosters
    return sdv.cfb.espn_cfb_game_rosters(game_id=gid, return_as_pandas=True).to_dict("records")
           ^^^^^^^^^^^^^^^^^^^^^^^^^^^^^^^^^^^^^^^^^^^^^^^^^^^^^^^^^^^^^^^^^
  File "C:\Users\saiem\Documents\GitHub-Data\sdv-dev\cfbfastR-dev\cfbfastR-cfb-raw\.venv\Lib\site-packages\sportsdataverse\cfb\cfb_game_rosters.py", line 64, in espn_cfb_game_rosters
    summary = summary_resp.json()
              ^^^^^^^^^^^^^^^^^^^
  File "C:\Users\saiem\Documents\GitHub-Data\sdv-dev\cfbfastR-dev\cfbfastR-cfb-raw\.venv\Lib\site-packages\requests\models.py", line 1120, in json
    raise RequestsJSONDecodeError(e.msg, e.doc, e.pos)
requests.exceptions.JSONDecodeError: Expecting value: line 1 column 1 (char 0)
2026-06-13 20:26:13,895 ERROR extra fetch failed: _participants(242970152,)
Traceback (most recent call last):
  File "C:\Users\saiem\Documents\GitHub-Data\sdv-dev\cfbfastR-dev\cfbfastR-cfb-raw\.venv\Lib\site-packages\requests\models.py", line 1116, in json
    return complexjson.loads(self.text, **kwargs)
           ^^^^^^^^^^^^^^^^^^^^^^^^^^^^^^^^^^^^^^
  File "C:\Users\saiem\AppData\Local\Programs\Python\Python311\Lib\json\__init__.py", line 346, in loads
    return _default_decoder.decode(s)
           ^^^^^^^^^^^^^^^^^^^^^^^^^^
  File "C:\Users\saiem\AppData\Local\Programs\Python\Python311\Lib\json\decoder.py", line 337, in decode
    obj, end = self.raw_decode(s, idx=_w(s, 0).end())
               ^^^^^^^^^^^^^^^^^^^^^^^^^^^^^^^^^^^^^^
  File "C:\Users\saiem\AppData\Local\Programs\Python\Python311\Lib\json\decoder.py", line 355, in raw_decode
    raise JSONDecodeError("Expecting value", s, err.value) from None
json.decoder.JSONDecodeError: Expecting value: line 1 column 1 (char 0)

During handling of the above exception, another exception occurred:

Traceback (most recent call last):
  File "C:\Users\saiem\Documents\GitHub-Data\sdv-dev\cfbfastR-dev\cfbfastR-cfb-raw\python\_cfb_raw_utils.py", line 93, in _safe
    return fn(*args, **kwargs)
           ^^^^^^^^^^^^^^^^^^^
  File "C:\Users\saiem\Documents\GitHub-Data\sdv-dev\cfbfastR-dev\cfbfastR-cfb-raw\python\scrape_cfb_json.py", line 27, in _participants
    return sdv.cfb.espn_cfb_play_participants(game_id=gid, return_as_pandas=True).to_dict("records")
           ^^^^^^^^^^^^^^^^^^^^^^^^^^^^^^^^^^^^^^^^^^^^^^^^^^^^^^^^^^^^^^^^^^^^^^
  File "C:\Users\saiem\Documents\GitHub-Data\sdv-dev\cfbfastR-dev\cfbfastR-cfb-raw\.venv\Lib\site-packages\sportsdataverse\cfb\cfb_play_participants.py", line 184, in espn_cfb_play_participants
    plays_raw = _download_plays(game_id, **kwargs)
                ^^^^^^^^^^^^^^^^^^^^^^^^^^^^^^^^^^
  File "C:\Users\saiem\Documents\GitHub-Data\sdv-dev\cfbfastR-dev\cfbfastR-cfb-raw\.venv\Lib\site-packages\sportsdataverse\cfb\cfb_play_participants.py", line 215, in _download_plays
    body = resp.json()
           ^^^^^^^^^^^
  File "C:\Users\saiem\Documents\GitHub-Data\sdv-dev\cfbfastR-dev\cfbfastR-cfb-raw\.venv\Lib\site-packages\requests\models.py", line 1120, in json
    raise RequestsJSONDecodeError(e.msg, e.doc, e.pos)
requests.exceptions.JSONDecodeError: Expecting value: line 1 column 1 (char 0)
2026-06-13 20:26:14,045 ERROR extra fetch failed: _participants(242970002,)
Traceback (most recent call last):
  File "C:\Users\saiem\Documents\GitHub-Data\sdv-dev\cfbfastR-dev\cfbfastR-cfb-raw\.venv\Lib\site-packages\requests\models.py", line 1116, in json
    return complexjson.loads(self.text, **kwargs)
           ^^^^^^^^^^^^^^^^^^^^^^^^^^^^^^^^^^^^^^
  File "C:\Users\saiem\AppData\Local\Programs\Python\Python311\Lib\json\__init__.py", line 346, in loads
    return _default_decoder.decode(s)
           ^^^^^^^^^^^^^^^^^^^^^^^^^^
  File "C:\Users\saiem\AppData\Local\Programs\Python\Python311\Lib\json\decoder.py", line 337, in decode
    obj, end = self.raw_decode(s, idx=_w(s, 0).end())
               ^^^^^^^^^^^^^^^^^^^^^^^^^^^^^^^^^^^^^^
  File "C:\Users\saiem\AppData\Local\Programs\Python\Python311\Lib\json\decoder.py", line 355, in raw_decode
    raise JSONDecodeError("Expecting value", s, err.value) from None
json.decoder.JSONDecodeError: Expecting value: line 1 column 1 (char 0)

During handling of the above exception, another exception occurred:

Traceback (most recent call last):
  File "C:\Users\saiem\Documents\GitHub-Data\sdv-dev\cfbfastR-dev\cfbfastR-cfb-raw\python\_cfb_raw_utils.py", line 93, in _safe
    return fn(*args, **kwargs)
           ^^^^^^^^^^^^^^^^^^^
  File "C:\Users\saiem\Documents\GitHub-Data\sdv-dev\cfbfastR-dev\cfbfastR-cfb-raw\python\scrape_cfb_json.py", line 27, in _participants
    return sdv.cfb.espn_cfb_play_participants(game_id=gid, return_as_pandas=True).to_dict("records")
           ^^^^^^^^^^^^^^^^^^^^^^^^^^^^^^^^^^^^^^^^^^^^^^^^^^^^^^^^^^^^^^^^^^^^^^
  File "C:\Users\saiem\Documents\GitHub-Data\sdv-dev\cfbfastR-dev\cfbfastR-cfb-raw\.venv\Lib\site-packages\sportsdataverse\cfb\cfb_play_participants.py", line 184, in espn_cfb_play_participants
    plays_raw = _download_plays(game_id, **kwargs)
                ^^^^^^^^^^^^^^^^^^^^^^^^^^^^^^^^^^
  File "C:\Users\saiem\Documents\GitHub-Data\sdv-dev\cfbfastR-dev\cfbfastR-cfb-raw\.venv\Lib\site-packages\sportsdataverse\cfb\cfb_play_participants.py", line 215, in _download_plays
    body = resp.json()
           ^^^^^^^^^^^
  File "C:\Users\saiem\Documents\GitHub-Data\sdv-dev\cfbfastR-dev\cfbfastR-cfb-raw\.venv\Lib\site-packages\requests\models.py", line 1120, in json
    raise RequestsJSONDecodeError(e.msg, e.doc, e.pos)
requests.exceptions.JSONDecodeError: Expecting value: line 1 column 1 (char 0)
2026-06-13 20:26:14,242 ERROR extra fetch failed: _participants(242970154,)
Traceback (most recent call last):
  File "C:\Users\saiem\Documents\GitHub-Data\sdv-dev\cfbfastR-dev\cfbfastR-cfb-raw\.venv\Lib\site-packages\requests\models.py", line 1116, in json
    return complexjson.loads(self.text, **kwargs)
           ^^^^^^^^^^^^^^^^^^^^^^^^^^^^^^^^^^^^^^
  File "C:\Users\saiem\AppData\Local\Programs\Python\Python311\Lib\json\__init__.py", line 346, in loads
    return _default_decoder.decode(s)
           ^^^^^^^^^^^^^^^^^^^^^^^^^^
  File "C:\Users\saiem\AppData\Local\Programs\Python\Python311\Lib\json\decoder.py", line 337, in decode
    obj, end = self.raw_decode(s, idx=_w(s, 0).end())
               ^^^^^^^^^^^^^^^^^^^^^^^^^^^^^^^^^^^^^^
  File "C:\Users\saiem\AppData\Local\Programs\Python\Python311\Lib\json\decoder.py", line 355, in raw_decode
    raise JSONDecodeError("Expecting value", s, err.value) from None
json.decoder.JSONDecodeError: Expecting value: line 1 column 1 (char 0)

During handling of the above exception, another exception occurred:

Traceback (most recent call last):
  File "C:\Users\saiem\Documents\GitHub-Data\sdv-dev\cfbfastR-dev\cfbfastR-cfb-raw\python\_cfb_raw_utils.py", line 93, in _safe
    return fn(*args, **kwargs)
           ^^^^^^^^^^^^^^^^^^^
  File "C:\Users\saiem\Documents\GitHub-Data\sdv-dev\cfbfastR-dev\cfbfastR-cfb-raw\python\scrape_cfb_json.py", line 27, in _participants
    return sdv.cfb.espn_cfb_play_participants(game_id=gid, return_as_pandas=True).to_dict("records")
           ^^^^^^^^^^^^^^^^^^^^^^^^^^^^^^^^^^^^^^^^^^^^^^^^^^^^^^^^^^^^^^^^^^^^^^
  File "C:\Users\saiem\Documents\GitHub-Data\sdv-dev\cfbfastR-dev\cfbfastR-cfb-raw\.venv\Lib\site-packages\sportsdataverse\cfb\cfb_play_participants.py", line 184, in espn_cfb_play_participants
    plays_raw = _download_plays(game_id, **kwargs)
                ^^^^^^^^^^^^^^^^^^^^^^^^^^^^^^^^^^
  File "C:\Users\saiem\Documents\GitHub-Data\sdv-dev\cfbfastR-dev\cfbfastR-cfb-raw\.venv\Lib\site-packages\sportsdataverse\cfb\cfb_play_participants.py", line 215, in _download_plays
    body = resp.json()
           ^^^^^^^^^^^
  File "C:\Users\saiem\Documents\GitHub-Data\sdv-dev\cfbfastR-dev\cfbfastR-cfb-raw\.venv\Lib\site-packages\requests\models.py", line 1120, in json
    raise RequestsJSONDecodeError(e.msg, e.doc, e.pos)
requests.exceptions.JSONDecodeError: Expecting value: line 1 column 1 (char 0)
2026-06-13 20:26:14,261 ERROR extra fetch failed: _participants(242970012,)
Traceback (most recent call last):
  File "C:\Users\saiem\Documents\GitHub-Data\sdv-dev\cfbfastR-dev\cfbfastR-cfb-raw\.venv\Lib\site-packages\requests\models.py", line 1116, in json
    return complexjson.loads(self.text, **kwargs)
           ^^^^^^^^^^^^^^^^^^^^^^^^^^^^^^^^^^^^^^
  File "C:\Users\saiem\AppData\Local\Programs\Python\Python311\Lib\json\__init__.py", line 346, in loads
    return _default_decoder.decode(s)
           ^^^^^^^^^^^^^^^^^^^^^^^^^^
  File "C:\Users\saiem\AppData\Local\Programs\Python\Python311\Lib\json\decoder.py", line 337, in decode
    obj, end = self.raw_decode(s, idx=_w(s, 0).end())
               ^^^^^^^^^^^^^^^^^^^^^^^^^^^^^^^^^^^^^^
  File "C:\Users\saiem\AppData\Local\Programs\Python\Python311\Lib\json\decoder.py", line 355, in raw_decode
    raise JSONDecodeError("Expecting value", s, err.value) from None
json.decoder.JSONDecodeError: Expecting value: line 1 column 1 (char 0)

During handling of the above exception, another exception occurred:

Traceback (most recent call last):
  File "C:\Users\saiem\Documents\GitHub-Data\sdv-dev\cfbfastR-dev\cfbfastR-cfb-raw\python\_cfb_raw_utils.py", line 93, in _safe
    return fn(*args, **kwargs)
           ^^^^^^^^^^^^^^^^^^^
  File "C:\Users\saiem\Documents\GitHub-Data\sdv-dev\cfbfastR-dev\cfbfastR-cfb-raw\python\scrape_cfb_json.py", line 27, in _participants
    return sdv.cfb.espn_cfb_play_participants(game_id=gid, return_as_pandas=True).to_dict("records")
           ^^^^^^^^^^^^^^^^^^^^^^^^^^^^^^^^^^^^^^^^^^^^^^^^^^^^^^^^^^^^^^^^^^^^^^
  File "C:\Users\saiem\Documents\GitHub-Data\sdv-dev\cfbfastR-dev\cfbfastR-cfb-raw\.venv\Lib\site-packages\sportsdataverse\cfb\cfb_play_participants.py", line 184, in espn_cfb_play_participants
    plays_raw = _download_plays(game_id, **kwargs)
                ^^^^^^^^^^^^^^^^^^^^^^^^^^^^^^^^^^
  File "C:\Users\saiem\Documents\GitHub-Data\sdv-dev\cfbfastR-dev\cfbfastR-cfb-raw\.venv\Lib\site-packages\sportsdataverse\cfb\cfb_play_participants.py", line 215, in _download_plays
    body = resp.json()
           ^^^^^^^^^^^
  File "C:\Users\saiem\Documents\GitHub-Data\sdv-dev\cfbfastR-dev\cfbfastR-cfb-raw\.venv\Lib\site-packages\requests\models.py", line 1120, in json
    raise RequestsJSONDecodeError(e.msg, e.doc, e.pos)
requests.exceptions.JSONDecodeError: Expecting value: line 1 column 1 (char 0)
2026-06-13 20:26:14,268 ERROR extra fetch failed: _participants(242970254,)
Traceback (most recent call last):
  File "C:\Users\saiem\Documents\GitHub-Data\sdv-dev\cfbfastR-dev\cfbfastR-cfb-raw\.venv\Lib\site-packages\requests\models.py", line 1116, in json
    return complexjson.loads(self.text, **kwargs)
           ^^^^^^^^^^^^^^^^^^^^^^^^^^^^^^^^^^^^^^
  File "C:\Users\saiem\AppData\Local\Programs\Python\Python311\Lib\json\__init__.py", line 346, in loads
    return _default_decoder.decode(s)
           ^^^^^^^^^^^^^^^^^^^^^^^^^^
  File "C:\Users\saiem\AppData\Local\Programs\Python\Python311\Lib\json\decoder.py", line 337, in decode
    obj, end = self.raw_decode(s, idx=_w(s, 0).end())
               ^^^^^^^^^^^^^^^^^^^^^^^^^^^^^^^^^^^^^^
  File "C:\Users\saiem\AppData\Local\Programs\Python\Python311\Lib\json\decoder.py", line 355, in raw_decode
    raise JSONDecodeError("Expecting value", s, err.value) from None
json.decoder.JSONDecodeError: Expecting value: line 1 column 1 (char 0)

During handling of the above exception, another exception occurred:

Traceback (most recent call last):
  File "C:\Users\saiem\Documents\GitHub-Data\sdv-dev\cfbfastR-dev\cfbfastR-cfb-raw\python\_cfb_raw_utils.py", line 93, in _safe
    return fn(*args, **kwargs)
           ^^^^^^^^^^^^^^^^^^^
  File "C:\Users\saiem\Documents\GitHub-Data\sdv-dev\cfbfastR-dev\cfbfastR-cfb-raw\python\scrape_cfb_json.py", line 27, in _participants
    return sdv.cfb.espn_cfb_play_participants(game_id=gid, return_as_pandas=True).to_dict("records")
           ^^^^^^^^^^^^^^^^^^^^^^^^^^^^^^^^^^^^^^^^^^^^^^^^^^^^^^^^^^^^^^^^^^^^^^
  File "C:\Users\saiem\Documents\GitHub-Data\sdv-dev\cfbfastR-dev\cfbfastR-cfb-raw\.venv\Lib\site-packages\sportsdataverse\cfb\cfb_play_participants.py", line 184, in espn_cfb_play_participants
    plays_raw = _download_plays(game_id, **kwargs)
                ^^^^^^^^^^^^^^^^^^^^^^^^^^^^^^^^^^
  File "C:\Users\saiem\Documents\GitHub-Data\sdv-dev\cfbfastR-dev\cfbfastR-cfb-raw\.venv\Lib\site-packages\sportsdataverse\cfb\cfb_play_participants.py", line 215, in _download_plays
    body = resp.json()
           ^^^^^^^^^^^
  File "C:\Users\saiem\Documents\GitHub-Data\sdv-dev\cfbfastR-dev\cfbfastR-cfb-raw\.venv\Lib\site-packages\requests\models.py", line 1120, in json
    raise RequestsJSONDecodeError(e.msg, e.doc, e.pos)
requests.exceptions.JSONDecodeError: Expecting value: line 1 column 1 (char 0)
2026-06-13 20:26:14,280 ERROR extra fetch failed: _participants(242972641,)
Traceback (most recent call last):
  File "C:\Users\saiem\Documents\GitHub-Data\sdv-dev\cfbfastR-dev\cfbfastR-cfb-raw\.venv\Lib\site-packages\requests\models.py", line 1116, in json
    return complexjson.loads(self.text, **kwargs)
           ^^^^^^^^^^^^^^^^^^^^^^^^^^^^^^^^^^^^^^
  File "C:\Users\saiem\AppData\Local\Programs\Python\Python311\Lib\json\__init__.py", line 346, in loads
    return _default_decoder.decode(s)
           ^^^^^^^^^^^^^^^^^^^^^^^^^^
  File "C:\Users\saiem\AppData\Local\Programs\Python\Python311\Lib\json\decoder.py", line 337, in decode
    obj, end = self.raw_decode(s, idx=_w(s, 0).end())
               ^^^^^^^^^^^^^^^^^^^^^^^^^^^^^^^^^^^^^^
  File "C:\Users\saiem\AppData\Local\Programs\Python\Python311\Lib\json\decoder.py", line 355, in raw_decode
    raise JSONDecodeError("Expecting value", s, err.value) from None
json.decoder.JSONDecodeError: Expecting value: line 1 column 1 (char 0)

During handling of the above exception, another exception occurred:

Traceback (most recent call last):
  File "C:\Users\saiem\Documents\GitHub-Data\sdv-dev\cfbfastR-dev\cfbfastR-cfb-raw\python\_cfb_raw_utils.py", line 93, in _safe
    return fn(*args, **kwargs)
           ^^^^^^^^^^^^^^^^^^^
  File "C:\Users\saiem\Documents\GitHub-Data\sdv-dev\cfbfastR-dev\cfbfastR-cfb-raw\python\scrape_cfb_json.py", line 27, in _participants
    return sdv.cfb.espn_cfb_play_participants(game_id=gid, return_as_pandas=True).to_dict("records")
           ^^^^^^^^^^^^^^^^^^^^^^^^^^^^^^^^^^^^^^^^^^^^^^^^^^^^^^^^^^^^^^^^^^^^^^
  File "C:\Users\saiem\Documents\GitHub-Data\sdv-dev\cfbfastR-dev\cfbfastR-cfb-raw\.venv\Lib\site-packages\sportsdataverse\cfb\cfb_play_participants.py", line 184, in espn_cfb_play_participants
    plays_raw = _download_plays(game_id, **kwargs)
                ^^^^^^^^^^^^^^^^^^^^^^^^^^^^^^^^^^
  File "C:\Users\saiem\Documents\GitHub-Data\sdv-dev\cfbfastR-dev\cfbfastR-cfb-raw\.venv\Lib\site-packages\sportsdataverse\cfb\cfb_play_participants.py", line 215, in _download_plays
    body = resp.json()
           ^^^^^^^^^^^
  File "C:\Users\saiem\Documents\GitHub-Data\sdv-dev\cfbfastR-dev\cfbfastR-cfb-raw\.venv\Lib\site-packages\requests\models.py", line 1120, in json
    raise RequestsJSONDecodeError(e.msg, e.doc, e.pos)
requests.exceptions.JSONDecodeError: Expecting value: line 1 column 1 (char 0)
2026-06-13 20:26:14,323 ERROR extra fetch failed: _participants(242972633,)
Traceback (most recent call last):
  File "C:\Users\saiem\Documents\GitHub-Data\sdv-dev\cfbfastR-dev\cfbfastR-cfb-raw\.venv\Lib\site-packages\requests\models.py", line 1116, in json
    return complexjson.loads(self.text, **kwargs)
           ^^^^^^^^^^^^^^^^^^^^^^^^^^^^^^^^^^^^^^
  File "C:\Users\saiem\AppData\Local\Programs\Python\Python311\Lib\json\__init__.py", line 346, in loads
    return _default_decoder.decode(s)
           ^^^^^^^^^^^^^^^^^^^^^^^^^^
  File "C:\Users\saiem\AppData\Local\Programs\Python\Python311\Lib\json\decoder.py", line 337, in decode
    obj, end = self.raw_decode(s, idx=_w(s, 0).end())
               ^^^^^^^^^^^^^^^^^^^^^^^^^^^^^^^^^^^^^^
  File "C:\Users\saiem\AppData\Local\Programs\Python\Python311\Lib\json\decoder.py", line 355, in raw_decode
    raise JSONDecodeError("Expecting value", s, err.value) from None
json.decoder.JSONDecodeError: Expecting value: line 1 column 1 (char 0)

During handling of the above exception, another exception occurred:

Traceback (most recent call last):
  File "C:\Users\saiem\Documents\GitHub-Data\sdv-dev\cfbfastR-dev\cfbfastR-cfb-raw\python\_cfb_raw_utils.py", line 93, in _safe
    return fn(*args, **kwargs)
           ^^^^^^^^^^^^^^^^^^^
  File "C:\Users\saiem\Documents\GitHub-Data\sdv-dev\cfbfastR-dev\cfbfastR-cfb-raw\python\scrape_cfb_json.py", line 27, in _participants
    return sdv.cfb.espn_cfb_play_participants(game_id=gid, return_as_pandas=True).to_dict("records")
           ^^^^^^^^^^^^^^^^^^^^^^^^^^^^^^^^^^^^^^^^^^^^^^^^^^^^^^^^^^^^^^^^^^^^^^
  File "C:\Users\saiem\Documents\GitHub-Data\sdv-dev\cfbfastR-dev\cfbfastR-cfb-raw\.venv\Lib\site-packages\sportsdataverse\cfb\cfb_play_participants.py", line 184, in espn_cfb_play_participants
    plays_raw = _download_plays(game_id, **kwargs)
                ^^^^^^^^^^^^^^^^^^^^^^^^^^^^^^^^^^
  File "C:\Users\saiem\Documents\GitHub-Data\sdv-dev\cfbfastR-dev\cfbfastR-cfb-raw\.venv\Lib\site-packages\sportsdataverse\cfb\cfb_play_participants.py", line 215, in _download_plays
    body = resp.json()
           ^^^^^^^^^^^
  File "C:\Users\saiem\Documents\GitHub-Data\sdv-dev\cfbfastR-dev\cfbfastR-cfb-raw\.venv\Lib\site-packages\requests\models.py", line 1120, in json
    raise RequestsJSONDecodeError(e.msg, e.doc, e.pos)
requests.exceptions.JSONDecodeError: Expecting value: line 1 column 1 (char 0)
2026-06-13 20:26:14,352 ERROR extra fetch failed: _participants(242970150,)
Traceback (most recent call last):
  File "C:\Users\saiem\Documents\GitHub-Data\sdv-dev\cfbfastR-dev\cfbfastR-cfb-raw\.venv\Lib\site-packages\requests\models.py", line 1116, in json
    return complexjson.loads(self.text, **kwargs)
           ^^^^^^^^^^^^^^^^^^^^^^^^^^^^^^^^^^^^^^
  File "C:\Users\saiem\AppData\Local\Programs\Python\Python311\Lib\json\__init__.py", line 346, in loads
    return _default_decoder.decode(s)
           ^^^^^^^^^^^^^^^^^^^^^^^^^^
  File "C:\Users\saiem\AppData\Local\Programs\Python\Python311\Lib\json\decoder.py", line 337, in decode
    obj, end = self.raw_decode(s, idx=_w(s, 0).end())
               ^^^^^^^^^^^^^^^^^^^^^^^^^^^^^^^^^^^^^^
  File "C:\Users\saiem\AppData\Local\Programs\Python\Python311\Lib\json\decoder.py", line 355, in raw_decode
    raise JSONDecodeError("Expecting value", s, err.value) from None
json.decoder.JSONDecodeError: Expecting value: line 1 column 1 (char 0)

During handling of the above exception, another exception occurred:

Traceback (most recent call last):
  File "C:\Users\saiem\Documents\GitHub-Data\sdv-dev\cfbfastR-dev\cfbfastR-cfb-raw\python\_cfb_raw_utils.py", line 93, in _safe
    return fn(*args, **kwargs)
           ^^^^^^^^^^^^^^^^^^^
  File "C:\Users\saiem\Documents\GitHub-Data\sdv-dev\cfbfastR-dev\cfbfastR-cfb-raw\python\scrape_cfb_json.py", line 27, in _participants
    return sdv.cfb.espn_cfb_play_participants(game_id=gid, return_as_pandas=True).to_dict("records")
           ^^^^^^^^^^^^^^^^^^^^^^^^^^^^^^^^^^^^^^^^^^^^^^^^^^^^^^^^^^^^^^^^^^^^^^
  File "C:\Users\saiem\Documents\GitHub-Data\sdv-dev\cfbfastR-dev\cfbfastR-cfb-raw\.venv\Lib\site-packages\sportsdataverse\cfb\cfb_play_participants.py", line 184, in espn_cfb_play_participants
    plays_raw = _download_plays(game_id, **kwargs)
                ^^^^^^^^^^^^^^^^^^^^^^^^^^^^^^^^^^
  File "C:\Users\saiem\Documents\GitHub-Data\sdv-dev\cfbfastR-dev\cfbfastR-cfb-raw\.venv\Lib\site-packages\sportsdataverse\cfb\cfb_play_participants.py", line 215, in _download_plays
    body = resp.json()
           ^^^^^^^^^^^
  File "C:\Users\saiem\Documents\GitHub-Data\sdv-dev\cfbfastR-dev\cfbfastR-cfb-raw\.venv\Lib\site-packages\requests\models.py", line 1120, in json
    raise RequestsJSONDecodeError(e.msg, e.doc, e.pos)
requests.exceptions.JSONDecodeError: Expecting value: line 1 column 1 (char 0)
2026-06-13 20:26:14,366 ERROR extra fetch failed: _participants(242970275,)
Traceback (most recent call last):
  File "C:\Users\saiem\Documents\GitHub-Data\sdv-dev\cfbfastR-dev\cfbfastR-cfb-raw\.venv\Lib\site-packages\requests\models.py", line 1116, in json
    return complexjson.loads(self.text, **kwargs)
           ^^^^^^^^^^^^^^^^^^^^^^^^^^^^^^^^^^^^^^
  File "C:\Users\saiem\AppData\Local\Programs\Python\Python311\Lib\json\__init__.py", line 346, in loads
    return _default_decoder.decode(s)
           ^^^^^^^^^^^^^^^^^^^^^^^^^^
  File "C:\Users\saiem\AppData\Local\Programs\Python\Python311\Lib\json\decoder.py", line 337, in decode
    obj, end = self.raw_decode(s, idx=_w(s, 0).end())
               ^^^^^^^^^^^^^^^^^^^^^^^^^^^^^^^^^^^^^^
  File "C:\Users\saiem\AppData\Local\Programs\Python\Python311\Lib\json\decoder.py", line 355, in raw_decode
    raise JSONDecodeError("Expecting value", s, err.value) from None
json.decoder.JSONDecodeError: Expecting value: line 1 column 1 (char 0)

During handling of the above exception, another exception occurred:

Traceback (most recent call last):
  File "C:\Users\saiem\Documents\GitHub-Data\sdv-dev\cfbfastR-dev\cfbfastR-cfb-raw\python\_cfb_raw_utils.py", line 93, in _safe
    return fn(*args, **kwargs)
           ^^^^^^^^^^^^^^^^^^^
  File "C:\Users\saiem\Documents\GitHub-Data\sdv-dev\cfbfastR-dev\cfbfastR-cfb-raw\python\scrape_cfb_json.py", line 27, in _participants
    return sdv.cfb.espn_cfb_play_participants(game_id=gid, return_as_pandas=True).to_dict("records")
           ^^^^^^^^^^^^^^^^^^^^^^^^^^^^^^^^^^^^^^^^^^^^^^^^^^^^^^^^^^^^^^^^^^^^^^
  File "C:\Users\saiem\Documents\GitHub-Data\sdv-dev\cfbfastR-dev\cfbfastR-cfb-raw\.venv\Lib\site-packages\sportsdataverse\cfb\cfb_play_participants.py", line 184, in espn_cfb_play_participants
    plays_raw = _download_plays(game_id, **kwargs)
                ^^^^^^^^^^^^^^^^^^^^^^^^^^^^^^^^^^
  File "C:\Users\saiem\Documents\GitHub-Data\sdv-dev\cfbfastR-dev\cfbfastR-cfb-raw\.venv\Lib\site-packages\sportsdataverse\cfb\cfb_play_participants.py", line 215, in _download_plays
    body = resp.json()
           ^^^^^^^^^^^
  File "C:\Users\saiem\Documents\GitHub-Data\sdv-dev\cfbfastR-dev\cfbfastR-cfb-raw\.venv\Lib\site-packages\requests\models.py", line 1120, in json
    raise RequestsJSONDecodeError(e.msg, e.doc, e.pos)
requests.exceptions.JSONDecodeError: Expecting value: line 1 column 1 (char 0)
2026-06-13 20:26:14,483 ERROR extra fetch failed: _participants(242970245,)
Traceback (most recent call last):
  File "C:\Users\saiem\Documents\GitHub-Data\sdv-dev\cfbfastR-dev\cfbfastR-cfb-raw\.venv\Lib\site-packages\requests\models.py", line 1116, in json
    return complexjson.loads(self.text, **kwargs)
           ^^^^^^^^^^^^^^^^^^^^^^^^^^^^^^^^^^^^^^
  File "C:\Users\saiem\AppData\Local\Programs\Python\Python311\Lib\json\__init__.py", line 346, in loads
    return _default_decoder.decode(s)
           ^^^^^^^^^^^^^^^^^^^^^^^^^^
  File "C:\Users\saiem\AppData\Local\Programs\Python\Python311\Lib\json\decoder.py", line 337, in decode
    obj, end = self.raw_decode(s, idx=_w(s, 0).end())
               ^^^^^^^^^^^^^^^^^^^^^^^^^^^^^^^^^^^^^^
  File "C:\Users\saiem\AppData\Local\Programs\Python\Python311\Lib\json\decoder.py", line 355, in raw_decode
    raise JSONDecodeError("Expecting value", s, err.value) from None
json.decoder.JSONDecodeError: Expecting value: line 1 column 1 (char 0)

During handling of the above exception, another exception occurred:

Traceback (most recent call last):
  File "C:\Users\saiem\Documents\GitHub-Data\sdv-dev\cfbfastR-dev\cfbfastR-cfb-raw\python\_cfb_raw_utils.py", line 93, in _safe
    return fn(*args, **kwargs)
           ^^^^^^^^^^^^^^^^^^^
  File "C:\Users\saiem\Documents\GitHub-Data\sdv-dev\cfbfastR-dev\cfbfastR-cfb-raw\python\scrape_cfb_json.py", line 27, in _participants
    return sdv.cfb.espn_cfb_play_participants(game_id=gid, return_as_pandas=True).to_dict("records")
           ^^^^^^^^^^^^^^^^^^^^^^^^^^^^^^^^^^^^^^^^^^^^^^^^^^^^^^^^^^^^^^^^^^^^^^
  File "C:\Users\saiem\Documents\GitHub-Data\sdv-dev\cfbfastR-dev\cfbfastR-cfb-raw\.venv\Lib\site-packages\sportsdataverse\cfb\cfb_play_participants.py", line 184, in espn_cfb_play_participants
    plays_raw = _download_plays(game_id, **kwargs)
                ^^^^^^^^^^^^^^^^^^^^^^^^^^^^^^^^^^
  File "C:\Users\saiem\Documents\GitHub-Data\sdv-dev\cfbfastR-dev\cfbfastR-cfb-raw\.venv\Lib\site-packages\sportsdataverse\cfb\cfb_play_participants.py", line 215, in _download_plays
    body = resp.json()
           ^^^^^^^^^^^
  File "C:\Users\saiem\Documents\GitHub-Data\sdv-dev\cfbfastR-dev\cfbfastR-cfb-raw\.venv\Lib\site-packages\requests\models.py", line 1120, in json
    raise RequestsJSONDecodeError(e.msg, e.doc, e.pos)
requests.exceptions.JSONDecodeError: Expecting value: line 1 column 1 (char 0)
2026-06-13 20:26:14,493 ERROR extra fetch failed: _participants(242970008,)
Traceback (most recent call last):
  File "C:\Users\saiem\Documents\GitHub-Data\sdv-dev\cfbfastR-dev\cfbfastR-cfb-raw\.venv\Lib\site-packages\requests\models.py", line 1116, in json
    return complexjson.loads(self.text, **kwargs)
           ^^^^^^^^^^^^^^^^^^^^^^^^^^^^^^^^^^^^^^
  File "C:\Users\saiem\AppData\Local\Programs\Python\Python311\Lib\json\__init__.py", line 346, in loads
    return _default_decoder.decode(s)
           ^^^^^^^^^^^^^^^^^^^^^^^^^^
  File "C:\Users\saiem\AppData\Local\Programs\Python\Python311\Lib\json\decoder.py", line 337, in decode
    obj, end = self.raw_decode(s, idx=_w(s, 0).end())
               ^^^^^^^^^^^^^^^^^^^^^^^^^^^^^^^^^^^^^^
  File "C:\Users\saiem\AppData\Local\Programs\Python\Python311\Lib\json\decoder.py", line 355, in raw_decode
    raise JSONDecodeError("Expecting value", s, err.value) from None
json.decoder.JSONDecodeError: Expecting value: line 1 column 1 (char 0)

During handling of the above exception, another exception occurred:

Traceback (most recent call last):
  File "C:\Users\saiem\Documents\GitHub-Data\sdv-dev\cfbfastR-dev\cfbfastR-cfb-raw\python\_cfb_raw_utils.py", line 93, in _safe
    return fn(*args, **kwargs)
           ^^^^^^^^^^^^^^^^^^^
  File "C:\Users\saiem\Documents\GitHub-Data\sdv-dev\cfbfastR-dev\cfbfastR-cfb-raw\python\scrape_cfb_json.py", line 27, in _participants
    return sdv.cfb.espn_cfb_play_participants(game_id=gid, return_as_pandas=True).to_dict("records")
           ^^^^^^^^^^^^^^^^^^^^^^^^^^^^^^^^^^^^^^^^^^^^^^^^^^^^^^^^^^^^^^^^^^^^^^
  File "C:\Users\saiem\Documents\GitHub-Data\sdv-dev\cfbfastR-dev\cfbfastR-cfb-raw\.venv\Lib\site-packages\sportsdataverse\cfb\cfb_play_participants.py", line 184, in espn_cfb_play_participants
    plays_raw = _download_plays(game_id, **kwargs)
                ^^^^^^^^^^^^^^^^^^^^^^^^^^^^^^^^^^
  File "C:\Users\saiem\Documents\GitHub-Data\sdv-dev\cfbfastR-dev\cfbfastR-cfb-raw\.venv\Lib\site-packages\sportsdataverse\cfb\cfb_play_participants.py", line 215, in _download_plays
    body = resp.json()
           ^^^^^^^^^^^
  File "C:\Users\saiem\Documents\GitHub-Data\sdv-dev\cfbfastR-dev\cfbfastR-cfb-raw\.venv\Lib\site-packages\requests\models.py", line 1120, in json
    raise RequestsJSONDecodeError(e.msg, e.doc, e.pos)
requests.exceptions.JSONDecodeError: Expecting value: line 1 column 1 (char 0)
2026-06-13 20:26:14,504 ERROR extra fetch failed: _rosters(242970201,)
Traceback (most recent call last):
  File "C:\Users\saiem\Documents\GitHub-Data\sdv-dev\cfbfastR-dev\cfbfastR-cfb-raw\.venv\Lib\site-packages\requests\models.py", line 1116, in json
    return complexjson.loads(self.text, **kwargs)
           ^^^^^^^^^^^^^^^^^^^^^^^^^^^^^^^^^^^^^^
  File "C:\Users\saiem\AppData\Local\Programs\Python\Python311\Lib\json\__init__.py", line 346, in loads
    return _default_decoder.decode(s)
           ^^^^^^^^^^^^^^^^^^^^^^^^^^
  File "C:\Users\saiem\AppData\Local\Programs\Python\Python311\Lib\json\decoder.py", line 337, in decode
    obj, end = self.raw_decode(s, idx=_w(s, 0).end())
               ^^^^^^^^^^^^^^^^^^^^^^^^^^^^^^^^^^^^^^
  File "C:\Users\saiem\AppData\Local\Programs\Python\Python311\Lib\json\decoder.py", line 355, in raw_decode
    raise JSONDecodeError("Expecting value", s, err.value) from None
json.decoder.JSONDecodeError: Expecting value: line 1 column 1 (char 0)

During handling of the above exception, another exception occurred:

Traceback (most recent call last):
  File "C:\Users\saiem\Documents\GitHub-Data\sdv-dev\cfbfastR-dev\cfbfastR-cfb-raw\python\_cfb_raw_utils.py", line 93, in _safe
    return fn(*args, **kwargs)
           ^^^^^^^^^^^^^^^^^^^
  File "C:\Users\saiem\Documents\GitHub-Data\sdv-dev\cfbfastR-dev\cfbfastR-cfb-raw\python\scrape_cfb_json.py", line 31, in _rosters
    return sdv.cfb.espn_cfb_game_rosters(game_id=gid, return_as_pandas=True).to_dict("records")
           ^^^^^^^^^^^^^^^^^^^^^^^^^^^^^^^^^^^^^^^^^^^^^^^^^^^^^^^^^^^^^^^^^
  File "C:\Users\saiem\Documents\GitHub-Data\sdv-dev\cfbfastR-dev\cfbfastR-cfb-raw\.venv\Lib\site-packages\sportsdataverse\cfb\cfb_game_rosters.py", line 64, in espn_cfb_game_rosters
    summary = summary_resp.json()
              ^^^^^^^^^^^^^^^^^^^
  File "C:\Users\saiem\Documents\GitHub-Data\sdv-dev\cfbfastR-dev\cfbfastR-cfb-raw\.venv\Lib\site-packages\requests\models.py", line 1120, in json
    raise RequestsJSONDecodeError(e.msg, e.doc, e.pos)
requests.exceptions.JSONDecodeError: Expecting value: line 1 column 1 (char 0)
2026-06-13 20:26:14,539 ERROR extra fetch failed: _participants(242972509,)
Traceback (most recent call last):
  File "C:\Users\saiem\Documents\GitHub-Data\sdv-dev\cfbfastR-dev\cfbfastR-cfb-raw\.venv\Lib\site-packages\requests\models.py", line 1116, in json
    return complexjson.loads(self.text, **kwargs)
           ^^^^^^^^^^^^^^^^^^^^^^^^^^^^^^^^^^^^^^
  File "C:\Users\saiem\AppData\Local\Programs\Python\Python311\Lib\json\__init__.py", line 346, in loads
    return _default_decoder.decode(s)
           ^^^^^^^^^^^^^^^^^^^^^^^^^^
  File "C:\Users\saiem\AppData\Local\Programs\Python\Python311\Lib\json\decoder.py", line 337, in decode
    obj, end = self.raw_decode(s, idx=_w(s, 0).end())
               ^^^^^^^^^^^^^^^^^^^^^^^^^^^^^^^^^^^^^^
  File "C:\Users\saiem\AppData\Local\Programs\Python\Python311\Lib\json\decoder.py", line 355, in raw_decode
    raise JSONDecodeError("Expecting value", s, err.value) from None
json.decoder.JSONDecodeError: Expecting value: line 1 column 1 (char 0)

During handling of the above exception, another exception occurred:

Traceback (most recent call last):
  File "C:\Users\saiem\Documents\GitHub-Data\sdv-dev\cfbfastR-dev\cfbfastR-cfb-raw\python\_cfb_raw_utils.py", line 93, in _safe
    return fn(*args, **kwargs)
           ^^^^^^^^^^^^^^^^^^^
  File "C:\Users\saiem\Documents\GitHub-Data\sdv-dev\cfbfastR-dev\cfbfastR-cfb-raw\python\scrape_cfb_json.py", line 27, in _participants
    return sdv.cfb.espn_cfb_play_participants(game_id=gid, return_as_pandas=True).to_dict("records")
           ^^^^^^^^^^^^^^^^^^^^^^^^^^^^^^^^^^^^^^^^^^^^^^^^^^^^^^^^^^^^^^^^^^^^^^
  File "C:\Users\saiem\Documents\GitHub-Data\sdv-dev\cfbfastR-dev\cfbfastR-cfb-raw\.venv\Lib\site-packages\sportsdataverse\cfb\cfb_play_participants.py", line 184, in espn_cfb_play_participants
    plays_raw = _download_plays(game_id, **kwargs)
                ^^^^^^^^^^^^^^^^^^^^^^^^^^^^^^^^^^
  File "C:\Users\saiem\Documents\GitHub-Data\sdv-dev\cfbfastR-dev\cfbfastR-cfb-raw\.venv\Lib\site-packages\sportsdataverse\cfb\cfb_play_participants.py", line 215, in _download_plays
    body = resp.json()
           ^^^^^^^^^^^
  File "C:\Users\saiem\Documents\GitHub-Data\sdv-dev\cfbfastR-dev\cfbfastR-cfb-raw\.venv\Lib\site-packages\requests\models.py", line 1120, in json
    raise RequestsJSONDecodeError(e.msg, e.doc, e.pos)
requests.exceptions.JSONDecodeError: Expecting value: line 1 column 1 (char 0)
2026-06-13 20:26:14,804 ERROR extra fetch failed: _rosters(242970152,)
Traceback (most recent call last):
  File "C:\Users\saiem\Documents\GitHub-Data\sdv-dev\cfbfastR-dev\cfbfastR-cfb-raw\.venv\Lib\site-packages\requests\models.py", line 1116, in json
    return complexjson.loads(self.text, **kwargs)
           ^^^^^^^^^^^^^^^^^^^^^^^^^^^^^^^^^^^^^^
  File "C:\Users\saiem\AppData\Local\Programs\Python\Python311\Lib\json\__init__.py", line 346, in loads
    return _default_decoder.decode(s)
           ^^^^^^^^^^^^^^^^^^^^^^^^^^
  File "C:\Users\saiem\AppData\Local\Programs\Python\Python311\Lib\json\decoder.py", line 337, in decode
    obj, end = self.raw_decode(s, idx=_w(s, 0).end())
               ^^^^^^^^^^^^^^^^^^^^^^^^^^^^^^^^^^^^^^
  File "C:\Users\saiem\AppData\Local\Programs\Python\Python311\Lib\json\decoder.py", line 355, in raw_decode
    raise JSONDecodeError("Expecting value", s, err.value) from None
json.decoder.JSONDecodeError: Expecting value: line 1 column 1 (char 0)

During handling of the above exception, another exception occurred:

Traceback (most recent call last):
  File "C:\Users\saiem\Documents\GitHub-Data\sdv-dev\cfbfastR-dev\cfbfastR-cfb-raw\python\_cfb_raw_utils.py", line 93, in _safe
    return fn(*args, **kwargs)
           ^^^^^^^^^^^^^^^^^^^
  File "C:\Users\saiem\Documents\GitHub-Data\sdv-dev\cfbfastR-dev\cfbfastR-cfb-raw\python\scrape_cfb_json.py", line 31, in _rosters
    return sdv.cfb.espn_cfb_game_rosters(game_id=gid, return_as_pandas=True).to_dict("records")
           ^^^^^^^^^^^^^^^^^^^^^^^^^^^^^^^^^^^^^^^^^^^^^^^^^^^^^^^^^^^^^^^^^
  File "C:\Users\saiem\Documents\GitHub-Data\sdv-dev\cfbfastR-dev\cfbfastR-cfb-raw\.venv\Lib\site-packages\sportsdataverse\cfb\cfb_game_rosters.py", line 64, in espn_cfb_game_rosters
    summary = summary_resp.json()
              ^^^^^^^^^^^^^^^^^^^
  File "C:\Users\saiem\Documents\GitHub-Data\sdv-dev\cfbfastR-dev\cfbfastR-cfb-raw\.venv\Lib\site-packages\requests\models.py", line 1120, in json
    raise RequestsJSONDecodeError(e.msg, e.doc, e.pos)
requests.exceptions.JSONDecodeError: Expecting value: line 1 column 1 (char 0)
2026-06-13 20:26:14,935 ERROR extra fetch failed: _rosters(242970002,)
Traceback (most recent call last):
  File "C:\Users\saiem\Documents\GitHub-Data\sdv-dev\cfbfastR-dev\cfbfastR-cfb-raw\.venv\Lib\site-packages\requests\models.py", line 1116, in json
    return complexjson.loads(self.text, **kwargs)
           ^^^^^^^^^^^^^^^^^^^^^^^^^^^^^^^^^^^^^^
  File "C:\Users\saiem\AppData\Local\Programs\Python\Python311\Lib\json\__init__.py", line 346, in loads
    return _default_decoder.decode(s)
           ^^^^^^^^^^^^^^^^^^^^^^^^^^
  File "C:\Users\saiem\AppData\Local\Programs\Python\Python311\Lib\json\decoder.py", line 337, in decode
    obj, end = self.raw_decode(s, idx=_w(s, 0).end())
               ^^^^^^^^^^^^^^^^^^^^^^^^^^^^^^^^^^^^^^
  File "C:\Users\saiem\AppData\Local\Programs\Python\Python311\Lib\json\decoder.py", line 355, in raw_decode
    raise JSONDecodeError("Expecting value", s, err.value) from None
json.decoder.JSONDecodeError: Expecting value: line 1 column 1 (char 0)

During handling of the above exception, another exception occurred:

Traceback (most recent call last):
  File "C:\Users\saiem\Documents\GitHub-Data\sdv-dev\cfbfastR-dev\cfbfastR-cfb-raw\python\_cfb_raw_utils.py", line 93, in _safe
    return fn(*args, **kwargs)
           ^^^^^^^^^^^^^^^^^^^
  File "C:\Users\saiem\Documents\GitHub-Data\sdv-dev\cfbfastR-dev\cfbfastR-cfb-raw\python\scrape_cfb_json.py", line 31, in _rosters
    return sdv.cfb.espn_cfb_game_rosters(game_id=gid, return_as_pandas=True).to_dict("records")
           ^^^^^^^^^^^^^^^^^^^^^^^^^^^^^^^^^^^^^^^^^^^^^^^^^^^^^^^^^^^^^^^^^
  File "C:\Users\saiem\Documents\GitHub-Data\sdv-dev\cfbfastR-dev\cfbfastR-cfb-raw\.venv\Lib\site-packages\sportsdataverse\cfb\cfb_game_rosters.py", line 64, in espn_cfb_game_rosters
    summary = summary_resp.json()
              ^^^^^^^^^^^^^^^^^^^
  File "C:\Users\saiem\Documents\GitHub-Data\sdv-dev\cfbfastR-dev\cfbfastR-cfb-raw\.venv\Lib\site-packages\requests\models.py", line 1120, in json
    raise RequestsJSONDecodeError(e.msg, e.doc, e.pos)
requests.exceptions.JSONDecodeError: Expecting value: line 1 column 1 (char 0)
2026-06-13 20:26:14,988 ERROR extra fetch failed: _participants(242970068,)
Traceback (most recent call last):
  File "C:\Users\saiem\Documents\GitHub-Data\sdv-dev\cfbfastR-dev\cfbfastR-cfb-raw\.venv\Lib\site-packages\requests\models.py", line 1116, in json
    return complexjson.loads(self.text, **kwargs)
           ^^^^^^^^^^^^^^^^^^^^^^^^^^^^^^^^^^^^^^
  File "C:\Users\saiem\AppData\Local\Programs\Python\Python311\Lib\json\__init__.py", line 346, in loads
    return _default_decoder.decode(s)
           ^^^^^^^^^^^^^^^^^^^^^^^^^^
  File "C:\Users\saiem\AppData\Local\Programs\Python\Python311\Lib\json\decoder.py", line 337, in decode
    obj, end = self.raw_decode(s, idx=_w(s, 0).end())
               ^^^^^^^^^^^^^^^^^^^^^^^^^^^^^^^^^^^^^^
  File "C:\Users\saiem\AppData\Local\Programs\Python\Python311\Lib\json\decoder.py", line 355, in raw_decode
    raise JSONDecodeError("Expecting value", s, err.value) from None
json.decoder.JSONDecodeError: Expecting value: line 1 column 1 (char 0)

During handling of the above exception, another exception occurred:

Traceback (most recent call last):
  File "C:\Users\saiem\Documents\GitHub-Data\sdv-dev\cfbfastR-dev\cfbfastR-cfb-raw\python\_cfb_raw_utils.py", line 93, in _safe
    return fn(*args, **kwargs)
           ^^^^^^^^^^^^^^^^^^^
  File "C:\Users\saiem\Documents\GitHub-Data\sdv-dev\cfbfastR-dev\cfbfastR-cfb-raw\python\scrape_cfb_json.py", line 27, in _participants
    return sdv.cfb.espn_cfb_play_participants(game_id=gid, return_as_pandas=True).to_dict("records")
           ^^^^^^^^^^^^^^^^^^^^^^^^^^^^^^^^^^^^^^^^^^^^^^^^^^^^^^^^^^^^^^^^^^^^^^
  File "C:\Users\saiem\Documents\GitHub-Data\sdv-dev\cfbfastR-dev\cfbfastR-cfb-raw\.venv\Lib\site-packages\sportsdataverse\cfb\cfb_play_participants.py", line 184, in espn_cfb_play_participants
    plays_raw = _download_plays(game_id, **kwargs)
                ^^^^^^^^^^^^^^^^^^^^^^^^^^^^^^^^^^
  File "C:\Users\saiem\Documents\GitHub-Data\sdv-dev\cfbfastR-dev\cfbfastR-cfb-raw\.venv\Lib\site-packages\sportsdataverse\cfb\cfb_play_participants.py", line 215, in _download_plays
    body = resp.json()
           ^^^^^^^^^^^
  File "C:\Users\saiem\Documents\GitHub-Data\sdv-dev\cfbfastR-dev\cfbfastR-cfb-raw\.venv\Lib\site-packages\requests\models.py", line 1120, in json
    raise RequestsJSONDecodeError(e.msg, e.doc, e.pos)
requests.exceptions.JSONDecodeError: Expecting value: line 1 column 1 (char 0)
2026-06-13 20:26:15,150 ERROR extra fetch failed: _participants(242970099,)
Traceback (most recent call last):
  File "C:\Users\saiem\Documents\GitHub-Data\sdv-dev\cfbfastR-dev\cfbfastR-cfb-raw\.venv\Lib\site-packages\requests\models.py", line 1116, in json
    return complexjson.loads(self.text, **kwargs)
           ^^^^^^^^^^^^^^^^^^^^^^^^^^^^^^^^^^^^^^
  File "C:\Users\saiem\AppData\Local\Programs\Python\Python311\Lib\json\__init__.py", line 346, in loads
    return _default_decoder.decode(s)
           ^^^^^^^^^^^^^^^^^^^^^^^^^^
  File "C:\Users\saiem\AppData\Local\Programs\Python\Python311\Lib\json\decoder.py", line 337, in decode
    obj, end = self.raw_decode(s, idx=_w(s, 0).end())
               ^^^^^^^^^^^^^^^^^^^^^^^^^^^^^^^^^^^^^^
  File "C:\Users\saiem\AppData\Local\Programs\Python\Python311\Lib\json\decoder.py", line 355, in raw_decode
    raise JSONDecodeError("Expecting value", s, err.value) from None
json.decoder.JSONDecodeError: Expecting value: line 1 column 1 (char 0)

During handling of the above exception, another exception occurred:

Traceback (most recent call last):
  File "C:\Users\saiem\Documents\GitHub-Data\sdv-dev\cfbfastR-dev\cfbfastR-cfb-raw\python\_cfb_raw_utils.py", line 93, in _safe
    return fn(*args, **kwargs)
           ^^^^^^^^^^^^^^^^^^^
  File "C:\Users\saiem\Documents\GitHub-Data\sdv-dev\cfbfastR-dev\cfbfastR-cfb-raw\python\scrape_cfb_json.py", line 27, in _participants
    return sdv.cfb.espn_cfb_play_participants(game_id=gid, return_as_pandas=True).to_dict("records")
           ^^^^^^^^^^^^^^^^^^^^^^^^^^^^^^^^^^^^^^^^^^^^^^^^^^^^^^^^^^^^^^^^^^^^^^
  File "C:\Users\saiem\Documents\GitHub-Data\sdv-dev\cfbfastR-dev\cfbfastR-cfb-raw\.venv\Lib\site-packages\sportsdataverse\cfb\cfb_play_participants.py", line 184, in espn_cfb_play_participants
    plays_raw = _download_plays(game_id, **kwargs)
                ^^^^^^^^^^^^^^^^^^^^^^^^^^^^^^^^^^
  File "C:\Users\saiem\Documents\GitHub-Data\sdv-dev\cfbfastR-dev\cfbfastR-cfb-raw\.venv\Lib\site-packages\sportsdataverse\cfb\cfb_play_participants.py", line 215, in _download_plays
    body = resp.json()
           ^^^^^^^^^^^
  File "C:\Users\saiem\Documents\GitHub-Data\sdv-dev\cfbfastR-dev\cfbfastR-cfb-raw\.venv\Lib\site-packages\requests\models.py", line 1120, in json
    raise RequestsJSONDecodeError(e.msg, e.doc, e.pos)
requests.exceptions.JSONDecodeError: Expecting value: line 1 column 1 (char 0)
2026-06-13 20:26:15,205 ERROR extra fetch failed: _rosters(242970154,)
Traceback (most recent call last):
  File "C:\Users\saiem\Documents\GitHub-Data\sdv-dev\cfbfastR-dev\cfbfastR-cfb-raw\.venv\Lib\site-packages\requests\models.py", line 1116, in json
    return complexjson.loads(self.text, **kwargs)
           ^^^^^^^^^^^^^^^^^^^^^^^^^^^^^^^^^^^^^^
  File "C:\Users\saiem\AppData\Local\Programs\Python\Python311\Lib\json\__init__.py", line 346, in loads
    return _default_decoder.decode(s)
           ^^^^^^^^^^^^^^^^^^^^^^^^^^
  File "C:\Users\saiem\AppData\Local\Programs\Python\Python311\Lib\json\decoder.py", line 337, in decode
    obj, end = self.raw_decode(s, idx=_w(s, 0).end())
               ^^^^^^^^^^^^^^^^^^^^^^^^^^^^^^^^^^^^^^
  File "C:\Users\saiem\AppData\Local\Programs\Python\Python311\Lib\json\decoder.py", line 355, in raw_decode
    raise JSONDecodeError("Expecting value", s, err.value) from None
json.decoder.JSONDecodeError: Expecting value: line 1 column 1 (char 0)

During handling of the above exception, another exception occurred:

Traceback (most recent call last):
  File "C:\Users\saiem\Documents\GitHub-Data\sdv-dev\cfbfastR-dev\cfbfastR-cfb-raw\python\_cfb_raw_utils.py", line 93, in _safe
    return fn(*args, **kwargs)
           ^^^^^^^^^^^^^^^^^^^
  File "C:\Users\saiem\Documents\GitHub-Data\sdv-dev\cfbfastR-dev\cfbfastR-cfb-raw\python\scrape_cfb_json.py", line 31, in _rosters
    return sdv.cfb.espn_cfb_game_rosters(game_id=gid, return_as_pandas=True).to_dict("records")
           ^^^^^^^^^^^^^^^^^^^^^^^^^^^^^^^^^^^^^^^^^^^^^^^^^^^^^^^^^^^^^^^^^
  File "C:\Users\saiem\Documents\GitHub-Data\sdv-dev\cfbfastR-dev\cfbfastR-cfb-raw\.venv\Lib\site-packages\sportsdataverse\cfb\cfb_game_rosters.py", line 64, in espn_cfb_game_rosters
    summary = summary_resp.json()
              ^^^^^^^^^^^^^^^^^^^
  File "C:\Users\saiem\Documents\GitHub-Data\sdv-dev\cfbfastR-dev\cfbfastR-cfb-raw\.venv\Lib\site-packages\requests\models.py", line 1120, in json
    raise RequestsJSONDecodeError(e.msg, e.doc, e.pos)
requests.exceptions.JSONDecodeError: Expecting value: line 1 column 1 (char 0)
2026-06-13 20:26:15,248 ERROR extra fetch failed: _rosters(242970012,)
Traceback (most recent call last):
  File "C:\Users\saiem\Documents\GitHub-Data\sdv-dev\cfbfastR-dev\cfbfastR-cfb-raw\.venv\Lib\site-packages\requests\models.py", line 1116, in json
    return complexjson.loads(self.text, **kwargs)
           ^^^^^^^^^^^^^^^^^^^^^^^^^^^^^^^^^^^^^^
  File "C:\Users\saiem\AppData\Local\Programs\Python\Python311\Lib\json\__init__.py", line 346, in loads
    return _default_decoder.decode(s)
           ^^^^^^^^^^^^^^^^^^^^^^^^^^
  File "C:\Users\saiem\AppData\Local\Programs\Python\Python311\Lib\json\decoder.py", line 337, in decode
    obj, end = self.raw_decode(s, idx=_w(s, 0).end())
               ^^^^^^^^^^^^^^^^^^^^^^^^^^^^^^^^^^^^^^
  File "C:\Users\saiem\AppData\Local\Programs\Python\Python311\Lib\json\decoder.py", line 355, in raw_decode
    raise JSONDecodeError("Expecting value", s, err.value) from None
json.decoder.JSONDecodeError: Expecting value: line 1 column 1 (char 0)

During handling of the above exception, another exception occurred:

Traceback (most recent call last):
  File "C:\Users\saiem\Documents\GitHub-Data\sdv-dev\cfbfastR-dev\cfbfastR-cfb-raw\python\_cfb_raw_utils.py", line 93, in _safe
    return fn(*args, **kwargs)
           ^^^^^^^^^^^^^^^^^^^
  File "C:\Users\saiem\Documents\GitHub-Data\sdv-dev\cfbfastR-dev\cfbfastR-cfb-raw\python\scrape_cfb_json.py", line 31, in _rosters
    return sdv.cfb.espn_cfb_game_rosters(game_id=gid, return_as_pandas=True).to_dict("records")
           ^^^^^^^^^^^^^^^^^^^^^^^^^^^^^^^^^^^^^^^^^^^^^^^^^^^^^^^^^^^^^^^^^
  File "C:\Users\saiem\Documents\GitHub-Data\sdv-dev\cfbfastR-dev\cfbfastR-cfb-raw\.venv\Lib\site-packages\sportsdataverse\cfb\cfb_game_rosters.py", line 64, in espn_cfb_game_rosters
    summary = summary_resp.json()
              ^^^^^^^^^^^^^^^^^^^
  File "C:\Users\saiem\Documents\GitHub-Data\sdv-dev\cfbfastR-dev\cfbfastR-cfb-raw\.venv\Lib\site-packages\requests\models.py", line 1120, in json
    raise RequestsJSONDecodeError(e.msg, e.doc, e.pos)
requests.exceptions.JSONDecodeError: Expecting value: line 1 column 1 (char 0)
2026-06-13 20:26:15,251 ERROR extra fetch failed: _rosters(242970254,)
Traceback (most recent call last):
  File "C:\Users\saiem\Documents\GitHub-Data\sdv-dev\cfbfastR-dev\cfbfastR-cfb-raw\.venv\Lib\site-packages\requests\models.py", line 1116, in json
    return complexjson.loads(self.text, **kwargs)
           ^^^^^^^^^^^^^^^^^^^^^^^^^^^^^^^^^^^^^^
  File "C:\Users\saiem\AppData\Local\Programs\Python\Python311\Lib\json\__init__.py", line 346, in loads
    return _default_decoder.decode(s)
           ^^^^^^^^^^^^^^^^^^^^^^^^^^
  File "C:\Users\saiem\AppData\Local\Programs\Python\Python311\Lib\json\decoder.py", line 337, in decode
    obj, end = self.raw_decode(s, idx=_w(s, 0).end())
               ^^^^^^^^^^^^^^^^^^^^^^^^^^^^^^^^^^^^^^
  File "C:\Users\saiem\AppData\Local\Programs\Python\Python311\Lib\json\decoder.py", line 355, in raw_decode
    raise JSONDecodeError("Expecting value", s, err.value) from None
json.decoder.JSONDecodeError: Expecting value: line 1 column 1 (char 0)

During handling of the above exception, another exception occurred:

Traceback (most recent call last):
  File "C:\Users\saiem\Documents\GitHub-Data\sdv-dev\cfbfastR-dev\cfbfastR-cfb-raw\python\_cfb_raw_utils.py", line 93, in _safe
    return fn(*args, **kwargs)
           ^^^^^^^^^^^^^^^^^^^
  File "C:\Users\saiem\Documents\GitHub-Data\sdv-dev\cfbfastR-dev\cfbfastR-cfb-raw\python\scrape_cfb_json.py", line 31, in _rosters
    return sdv.cfb.espn_cfb_game_rosters(game_id=gid, return_as_pandas=True).to_dict("records")
           ^^^^^^^^^^^^^^^^^^^^^^^^^^^^^^^^^^^^^^^^^^^^^^^^^^^^^^^^^^^^^^^^^
  File "C:\Users\saiem\Documents\GitHub-Data\sdv-dev\cfbfastR-dev\cfbfastR-cfb-raw\.venv\Lib\site-packages\sportsdataverse\cfb\cfb_game_rosters.py", line 64, in espn_cfb_game_rosters
    summary = summary_resp.json()
              ^^^^^^^^^^^^^^^^^^^
  File "C:\Users\saiem\Documents\GitHub-Data\sdv-dev\cfbfastR-dev\cfbfastR-cfb-raw\.venv\Lib\site-packages\requests\models.py", line 1120, in json
    raise RequestsJSONDecodeError(e.msg, e.doc, e.pos)
requests.exceptions.JSONDecodeError: Expecting value: line 1 column 1 (char 0)
2026-06-13 20:26:15,251 ERROR extra fetch failed: _rosters(242972641,)
Traceback (most recent call last):
  File "C:\Users\saiem\Documents\GitHub-Data\sdv-dev\cfbfastR-dev\cfbfastR-cfb-raw\.venv\Lib\site-packages\requests\models.py", line 1116, in json
    return complexjson.loads(self.text, **kwargs)
           ^^^^^^^^^^^^^^^^^^^^^^^^^^^^^^^^^^^^^^
  File "C:\Users\saiem\AppData\Local\Programs\Python\Python311\Lib\json\__init__.py", line 346, in loads
    return _default_decoder.decode(s)
           ^^^^^^^^^^^^^^^^^^^^^^^^^^
  File "C:\Users\saiem\AppData\Local\Programs\Python\Python311\Lib\json\decoder.py", line 337, in decode
    obj, end = self.raw_decode(s, idx=_w(s, 0).end())
               ^^^^^^^^^^^^^^^^^^^^^^^^^^^^^^^^^^^^^^
  File "C:\Users\saiem\AppData\Local\Programs\Python\Python311\Lib\json\decoder.py", line 355, in raw_decode
    raise JSONDecodeError("Expecting value", s, err.value) from None
json.decoder.JSONDecodeError: Expecting value: line 1 column 1 (char 0)

During handling of the above exception, another exception occurred:

Traceback (most recent call last):
  File "C:\Users\saiem\Documents\GitHub-Data\sdv-dev\cfbfastR-dev\cfbfastR-cfb-raw\python\_cfb_raw_utils.py", line 93, in _safe
    return fn(*args, **kwargs)
           ^^^^^^^^^^^^^^^^^^^
  File "C:\Users\saiem\Documents\GitHub-Data\sdv-dev\cfbfastR-dev\cfbfastR-cfb-raw\python\scrape_cfb_json.py", line 31, in _rosters
    return sdv.cfb.espn_cfb_game_rosters(game_id=gid, return_as_pandas=True).to_dict("records")
           ^^^^^^^^^^^^^^^^^^^^^^^^^^^^^^^^^^^^^^^^^^^^^^^^^^^^^^^^^^^^^^^^^
  File "C:\Users\saiem\Documents\GitHub-Data\sdv-dev\cfbfastR-dev\cfbfastR-cfb-raw\.venv\Lib\site-packages\sportsdataverse\cfb\cfb_game_rosters.py", line 64, in espn_cfb_game_rosters
    summary = summary_resp.json()
              ^^^^^^^^^^^^^^^^^^^
  File "C:\Users\saiem\Documents\GitHub-Data\sdv-dev\cfbfastR-dev\cfbfastR-cfb-raw\.venv\Lib\site-packages\requests\models.py", line 1120, in json
    raise RequestsJSONDecodeError(e.msg, e.doc, e.pos)
requests.exceptions.JSONDecodeError: Expecting value: line 1 column 1 (char 0)
2026-06-13 20:26:15,284 ERROR extra fetch failed: _rosters(242970275,)
Traceback (most recent call last):
  File "C:\Users\saiem\Documents\GitHub-Data\sdv-dev\cfbfastR-dev\cfbfastR-cfb-raw\.venv\Lib\site-packages\requests\models.py", line 1116, in json
    return complexjson.loads(self.text, **kwargs)
           ^^^^^^^^^^^^^^^^^^^^^^^^^^^^^^^^^^^^^^
  File "C:\Users\saiem\AppData\Local\Programs\Python\Python311\Lib\json\__init__.py", line 346, in loads
    return _default_decoder.decode(s)
           ^^^^^^^^^^^^^^^^^^^^^^^^^^
  File "C:\Users\saiem\AppData\Local\Programs\Python\Python311\Lib\json\decoder.py", line 337, in decode
    obj, end = self.raw_decode(s, idx=_w(s, 0).end())
               ^^^^^^^^^^^^^^^^^^^^^^^^^^^^^^^^^^^^^^
  File "C:\Users\saiem\AppData\Local\Programs\Python\Python311\Lib\json\decoder.py", line 355, in raw_decode
    raise JSONDecodeError("Expecting value", s, err.value) from None
json.decoder.JSONDecodeError: Expecting value: line 1 column 1 (char 0)

During handling of the above exception, another exception occurred:

Traceback (most recent call last):
  File "C:\Users\saiem\Documents\GitHub-Data\sdv-dev\cfbfastR-dev\cfbfastR-cfb-raw\python\_cfb_raw_utils.py", line 93, in _safe
    return fn(*args, **kwargs)
           ^^^^^^^^^^^^^^^^^^^
  File "C:\Users\saiem\Documents\GitHub-Data\sdv-dev\cfbfastR-dev\cfbfastR-cfb-raw\python\scrape_cfb_json.py", line 31, in _rosters
    return sdv.cfb.espn_cfb_game_rosters(game_id=gid, return_as_pandas=True).to_dict("records")
           ^^^^^^^^^^^^^^^^^^^^^^^^^^^^^^^^^^^^^^^^^^^^^^^^^^^^^^^^^^^^^^^^^
  File "C:\Users\saiem\Documents\GitHub-Data\sdv-dev\cfbfastR-dev\cfbfastR-cfb-raw\.venv\Lib\site-packages\sportsdataverse\cfb\cfb_game_rosters.py", line 64, in espn_cfb_game_rosters
    summary = summary_resp.json()
              ^^^^^^^^^^^^^^^^^^^
  File "C:\Users\saiem\Documents\GitHub-Data\sdv-dev\cfbfastR-dev\cfbfastR-cfb-raw\.venv\Lib\site-packages\requests\models.py", line 1120, in json
    raise RequestsJSONDecodeError(e.msg, e.doc, e.pos)
requests.exceptions.JSONDecodeError: Expecting value: line 1 column 1 (char 0)
2026-06-13 20:26:15,290 ERROR extra fetch failed: _rosters(242972633,)
Traceback (most recent call last):
  File "C:\Users\saiem\Documents\GitHub-Data\sdv-dev\cfbfastR-dev\cfbfastR-cfb-raw\.venv\Lib\site-packages\requests\models.py", line 1116, in json
    return complexjson.loads(self.text, **kwargs)
           ^^^^^^^^^^^^^^^^^^^^^^^^^^^^^^^^^^^^^^
  File "C:\Users\saiem\AppData\Local\Programs\Python\Python311\Lib\json\__init__.py", line 346, in loads
    return _default_decoder.decode(s)
           ^^^^^^^^^^^^^^^^^^^^^^^^^^
  File "C:\Users\saiem\AppData\Local\Programs\Python\Python311\Lib\json\decoder.py", line 337, in decode
    obj, end = self.raw_decode(s, idx=_w(s, 0).end())
               ^^^^^^^^^^^^^^^^^^^^^^^^^^^^^^^^^^^^^^
  File "C:\Users\saiem\AppData\Local\Programs\Python\Python311\Lib\json\decoder.py", line 355, in raw_decode
    raise JSONDecodeError("Expecting value", s, err.value) from None
json.decoder.JSONDecodeError: Expecting value: line 1 column 1 (char 0)

During handling of the above exception, another exception occurred:

Traceback (most recent call last):
  File "C:\Users\saiem\Documents\GitHub-Data\sdv-dev\cfbfastR-dev\cfbfastR-cfb-raw\python\_cfb_raw_utils.py", line 93, in _safe
    return fn(*args, **kwargs)
           ^^^^^^^^^^^^^^^^^^^
  File "C:\Users\saiem\Documents\GitHub-Data\sdv-dev\cfbfastR-dev\cfbfastR-cfb-raw\python\scrape_cfb_json.py", line 31, in _rosters
    return sdv.cfb.espn_cfb_game_rosters(game_id=gid, return_as_pandas=True).to_dict("records")
           ^^^^^^^^^^^^^^^^^^^^^^^^^^^^^^^^^^^^^^^^^^^^^^^^^^^^^^^^^^^^^^^^^
  File "C:\Users\saiem\Documents\GitHub-Data\sdv-dev\cfbfastR-dev\cfbfastR-cfb-raw\.venv\Lib\site-packages\sportsdataverse\cfb\cfb_game_rosters.py", line 64, in espn_cfb_game_rosters
    summary = summary_resp.json()
              ^^^^^^^^^^^^^^^^^^^
  File "C:\Users\saiem\Documents\GitHub-Data\sdv-dev\cfbfastR-dev\cfbfastR-cfb-raw\.venv\Lib\site-packages\requests\models.py", line 1120, in json
    raise RequestsJSONDecodeError(e.msg, e.doc, e.pos)
requests.exceptions.JSONDecodeError: Expecting value: line 1 column 1 (char 0)
2026-06-13 20:26:15,299 ERROR extra fetch failed: _rosters(242970150,)
Traceback (most recent call last):
  File "C:\Users\saiem\Documents\GitHub-Data\sdv-dev\cfbfastR-dev\cfbfastR-cfb-raw\.venv\Lib\site-packages\requests\models.py", line 1116, in json
    return complexjson.loads(self.text, **kwargs)
           ^^^^^^^^^^^^^^^^^^^^^^^^^^^^^^^^^^^^^^
  File "C:\Users\saiem\AppData\Local\Programs\Python\Python311\Lib\json\__init__.py", line 346, in loads
    return _default_decoder.decode(s)
           ^^^^^^^^^^^^^^^^^^^^^^^^^^
  File "C:\Users\saiem\AppData\Local\Programs\Python\Python311\Lib\json\decoder.py", line 337, in decode
    obj, end = self.raw_decode(s, idx=_w(s, 0).end())
               ^^^^^^^^^^^^^^^^^^^^^^^^^^^^^^^^^^^^^^
  File "C:\Users\saiem\AppData\Local\Programs\Python\Python311\Lib\json\decoder.py", line 355, in raw_decode
    raise JSONDecodeError("Expecting value", s, err.value) from None
json.decoder.JSONDecodeError: Expecting value: line 1 column 1 (char 0)

During handling of the above exception, another exception occurred:

Traceback (most recent call last):
  File "C:\Users\saiem\Documents\GitHub-Data\sdv-dev\cfbfastR-dev\cfbfastR-cfb-raw\python\_cfb_raw_utils.py", line 93, in _safe
    return fn(*args, **kwargs)
           ^^^^^^^^^^^^^^^^^^^
  File "C:\Users\saiem\Documents\GitHub-Data\sdv-dev\cfbfastR-dev\cfbfastR-cfb-raw\python\scrape_cfb_json.py", line 31, in _rosters
    return sdv.cfb.espn_cfb_game_rosters(game_id=gid, return_as_pandas=True).to_dict("records")
           ^^^^^^^^^^^^^^^^^^^^^^^^^^^^^^^^^^^^^^^^^^^^^^^^^^^^^^^^^^^^^^^^^
  File "C:\Users\saiem\Documents\GitHub-Data\sdv-dev\cfbfastR-dev\cfbfastR-cfb-raw\.venv\Lib\site-packages\sportsdataverse\cfb\cfb_game_rosters.py", line 64, in espn_cfb_game_rosters
    summary = summary_resp.json()
              ^^^^^^^^^^^^^^^^^^^
  File "C:\Users\saiem\Documents\GitHub-Data\sdv-dev\cfbfastR-dev\cfbfastR-cfb-raw\.venv\Lib\site-packages\requests\models.py", line 1120, in json
    raise RequestsJSONDecodeError(e.msg, e.doc, e.pos)
requests.exceptions.JSONDecodeError: Expecting value: line 1 column 1 (char 0)
2026-06-13 20:26:15,361 ERROR extra fetch failed: _rosters(242972509,)
Traceback (most recent call last):
  File "C:\Users\saiem\Documents\GitHub-Data\sdv-dev\cfbfastR-dev\cfbfastR-cfb-raw\.venv\Lib\site-packages\requests\models.py", line 1116, in json
    return complexjson.loads(self.text, **kwargs)
           ^^^^^^^^^^^^^^^^^^^^^^^^^^^^^^^^^^^^^^
  File "C:\Users\saiem\AppData\Local\Programs\Python\Python311\Lib\json\__init__.py", line 346, in loads
    return _default_decoder.decode(s)
           ^^^^^^^^^^^^^^^^^^^^^^^^^^
  File "C:\Users\saiem\AppData\Local\Programs\Python\Python311\Lib\json\decoder.py", line 337, in decode
    obj, end = self.raw_decode(s, idx=_w(s, 0).end())
               ^^^^^^^^^^^^^^^^^^^^^^^^^^^^^^^^^^^^^^
  File "C:\Users\saiem\AppData\Local\Programs\Python\Python311\Lib\json\decoder.py", line 355, in raw_decode
    raise JSONDecodeError("Expecting value", s, err.value) from None
json.decoder.JSONDecodeError: Expecting value: line 1 column 1 (char 0)

During handling of the above exception, another exception occurred:

Traceback (most recent call last):
  File "C:\Users\saiem\Documents\GitHub-Data\sdv-dev\cfbfastR-dev\cfbfastR-cfb-raw\python\_cfb_raw_utils.py", line 93, in _safe
    return fn(*args, **kwargs)
           ^^^^^^^^^^^^^^^^^^^
  File "C:\Users\saiem\Documents\GitHub-Data\sdv-dev\cfbfastR-dev\cfbfastR-cfb-raw\python\scrape_cfb_json.py", line 31, in _rosters
    return sdv.cfb.espn_cfb_game_rosters(game_id=gid, return_as_pandas=True).to_dict("records")
           ^^^^^^^^^^^^^^^^^^^^^^^^^^^^^^^^^^^^^^^^^^^^^^^^^^^^^^^^^^^^^^^^^
  File "C:\Users\saiem\Documents\GitHub-Data\sdv-dev\cfbfastR-dev\cfbfastR-cfb-raw\.venv\Lib\site-packages\sportsdataverse\cfb\cfb_game_rosters.py", line 64, in espn_cfb_game_rosters
    summary = summary_resp.json()
              ^^^^^^^^^^^^^^^^^^^
  File "C:\Users\saiem\Documents\GitHub-Data\sdv-dev\cfbfastR-dev\cfbfastR-cfb-raw\.venv\Lib\site-packages\requests\models.py", line 1120, in json
    raise RequestsJSONDecodeError(e.msg, e.doc, e.pos)
requests.exceptions.JSONDecodeError: Expecting value: line 1 column 1 (char 0)
2026-06-13 20:26:15,361 ERROR extra fetch failed: _rosters(242970245,)
Traceback (most recent call last):
  File "C:\Users\saiem\Documents\GitHub-Data\sdv-dev\cfbfastR-dev\cfbfastR-cfb-raw\.venv\Lib\site-packages\requests\models.py", line 1116, in json
    return complexjson.loads(self.text, **kwargs)
           ^^^^^^^^^^^^^^^^^^^^^^^^^^^^^^^^^^^^^^
  File "C:\Users\saiem\AppData\Local\Programs\Python\Python311\Lib\json\__init__.py", line 346, in loads
    return _default_decoder.decode(s)
           ^^^^^^^^^^^^^^^^^^^^^^^^^^
  File "C:\Users\saiem\AppData\Local\Programs\Python\Python311\Lib\json\decoder.py", line 337, in decode
    obj, end = self.raw_decode(s, idx=_w(s, 0).end())
               ^^^^^^^^^^^^^^^^^^^^^^^^^^^^^^^^^^^^^^
  File "C:\Users\saiem\AppData\Local\Programs\Python\Python311\Lib\json\decoder.py", line 355, in raw_decode
    raise JSONDecodeError("Expecting value", s, err.value) from None
json.decoder.JSONDecodeError: Expecting value: line 1 column 1 (char 0)

During handling of the above exception, another exception occurred:

Traceback (most recent call last):
  File "C:\Users\saiem\Documents\GitHub-Data\sdv-dev\cfbfastR-dev\cfbfastR-cfb-raw\python\_cfb_raw_utils.py", line 93, in _safe
    return fn(*args, **kwargs)
           ^^^^^^^^^^^^^^^^^^^
  File "C:\Users\saiem\Documents\GitHub-Data\sdv-dev\cfbfastR-dev\cfbfastR-cfb-raw\python\scrape_cfb_json.py", line 31, in _rosters
    return sdv.cfb.espn_cfb_game_rosters(game_id=gid, return_as_pandas=True).to_dict("records")
           ^^^^^^^^^^^^^^^^^^^^^^^^^^^^^^^^^^^^^^^^^^^^^^^^^^^^^^^^^^^^^^^^^
  File "C:\Users\saiem\Documents\GitHub-Data\sdv-dev\cfbfastR-dev\cfbfastR-cfb-raw\.venv\Lib\site-packages\sportsdataverse\cfb\cfb_game_rosters.py", line 64, in espn_cfb_game_rosters
    summary = summary_resp.json()
              ^^^^^^^^^^^^^^^^^^^
  File "C:\Users\saiem\Documents\GitHub-Data\sdv-dev\cfbfastR-dev\cfbfastR-cfb-raw\.venv\Lib\site-packages\requests\models.py", line 1120, in json
    raise RequestsJSONDecodeError(e.msg, e.doc, e.pos)
requests.exceptions.JSONDecodeError: Expecting value: line 1 column 1 (char 0)
2026-06-13 20:26:15,378 ERROR extra fetch failed: _rosters(242970008,)
Traceback (most recent call last):
  File "C:\Users\saiem\Documents\GitHub-Data\sdv-dev\cfbfastR-dev\cfbfastR-cfb-raw\.venv\Lib\site-packages\requests\models.py", line 1116, in json
    return complexjson.loads(self.text, **kwargs)
           ^^^^^^^^^^^^^^^^^^^^^^^^^^^^^^^^^^^^^^
  File "C:\Users\saiem\AppData\Local\Programs\Python\Python311\Lib\json\__init__.py", line 346, in loads
    return _default_decoder.decode(s)
           ^^^^^^^^^^^^^^^^^^^^^^^^^^
  File "C:\Users\saiem\AppData\Local\Programs\Python\Python311\Lib\json\decoder.py", line 337, in decode
    obj, end = self.raw_decode(s, idx=_w(s, 0).end())
               ^^^^^^^^^^^^^^^^^^^^^^^^^^^^^^^^^^^^^^
  File "C:\Users\saiem\AppData\Local\Programs\Python\Python311\Lib\json\decoder.py", line 355, in raw_decode
    raise JSONDecodeError("Expecting value", s, err.value) from None
json.decoder.JSONDecodeError: Expecting value: line 1 column 1 (char 0)

During handling of the above exception, another exception occurred:

Traceback (most recent call last):
  File "C:\Users\saiem\Documents\GitHub-Data\sdv-dev\cfbfastR-dev\cfbfastR-cfb-raw\python\_cfb_raw_utils.py", line 93, in _safe
    return fn(*args, **kwargs)
           ^^^^^^^^^^^^^^^^^^^
  File "C:\Users\saiem\Documents\GitHub-Data\sdv-dev\cfbfastR-dev\cfbfastR-cfb-raw\python\scrape_cfb_json.py", line 31, in _rosters
    return sdv.cfb.espn_cfb_game_rosters(game_id=gid, return_as_pandas=True).to_dict("records")
           ^^^^^^^^^^^^^^^^^^^^^^^^^^^^^^^^^^^^^^^^^^^^^^^^^^^^^^^^^^^^^^^^^
  File "C:\Users\saiem\Documents\GitHub-Data\sdv-dev\cfbfastR-dev\cfbfastR-cfb-raw\.venv\Lib\site-packages\sportsdataverse\cfb\cfb_game_rosters.py", line 64, in espn_cfb_game_rosters
    summary = summary_resp.json()
              ^^^^^^^^^^^^^^^^^^^
  File "C:\Users\saiem\Documents\GitHub-Data\sdv-dev\cfbfastR-dev\cfbfastR-cfb-raw\.venv\Lib\site-packages\requests\models.py", line 1120, in json
    raise RequestsJSONDecodeError(e.msg, e.doc, e.pos)
requests.exceptions.JSONDecodeError: Expecting value: line 1 column 1 (char 0)
2026-06-13 20:26:15,567 ERROR extra fetch failed: _rosters(242970068,)
Traceback (most recent call last):
  File "C:\Users\saiem\Documents\GitHub-Data\sdv-dev\cfbfastR-dev\cfbfastR-cfb-raw\.venv\Lib\site-packages\requests\models.py", line 1116, in json
    return complexjson.loads(self.text, **kwargs)
           ^^^^^^^^^^^^^^^^^^^^^^^^^^^^^^^^^^^^^^
  File "C:\Users\saiem\AppData\Local\Programs\Python\Python311\Lib\json\__init__.py", line 346, in loads
    return _default_decoder.decode(s)
           ^^^^^^^^^^^^^^^^^^^^^^^^^^
  File "C:\Users\saiem\AppData\Local\Programs\Python\Python311\Lib\json\decoder.py", line 337, in decode
    obj, end = self.raw_decode(s, idx=_w(s, 0).end())
               ^^^^^^^^^^^^^^^^^^^^^^^^^^^^^^^^^^^^^^
  File "C:\Users\saiem\AppData\Local\Programs\Python\Python311\Lib\json\decoder.py", line 355, in raw_decode
    raise JSONDecodeError("Expecting value", s, err.value) from None
json.decoder.JSONDecodeError: Expecting value: line 1 column 1 (char 0)

During handling of the above exception, another exception occurred:

Traceback (most recent call last):
  File "C:\Users\saiem\Documents\GitHub-Data\sdv-dev\cfbfastR-dev\cfbfastR-cfb-raw\python\_cfb_raw_utils.py", line 93, in _safe
    return fn(*args, **kwargs)
           ^^^^^^^^^^^^^^^^^^^
  File "C:\Users\saiem\Documents\GitHub-Data\sdv-dev\cfbfastR-dev\cfbfastR-cfb-raw\python\scrape_cfb_json.py", line 31, in _rosters
    return sdv.cfb.espn_cfb_game_rosters(game_id=gid, return_as_pandas=True).to_dict("records")
           ^^^^^^^^^^^^^^^^^^^^^^^^^^^^^^^^^^^^^^^^^^^^^^^^^^^^^^^^^^^^^^^^^
  File "C:\Users\saiem\Documents\GitHub-Data\sdv-dev\cfbfastR-dev\cfbfastR-cfb-raw\.venv\Lib\site-packages\sportsdataverse\cfb\cfb_game_rosters.py", line 64, in espn_cfb_game_rosters
    summary = summary_resp.json()
              ^^^^^^^^^^^^^^^^^^^
  File "C:\Users\saiem\Documents\GitHub-Data\sdv-dev\cfbfastR-dev\cfbfastR-cfb-raw\.venv\Lib\site-packages\requests\models.py", line 1120, in json
    raise RequestsJSONDecodeError(e.msg, e.doc, e.pos)
requests.exceptions.JSONDecodeError: Expecting value: line 1 column 1 (char 0)
2026-06-13 20:26:15,657 ERROR extra fetch failed: _rosters(242970099,)
Traceback (most recent call last):
  File "C:\Users\saiem\Documents\GitHub-Data\sdv-dev\cfbfastR-dev\cfbfastR-cfb-raw\.venv\Lib\site-packages\requests\models.py", line 1116, in json
    return complexjson.loads(self.text, **kwargs)
           ^^^^^^^^^^^^^^^^^^^^^^^^^^^^^^^^^^^^^^
  File "C:\Users\saiem\AppData\Local\Programs\Python\Python311\Lib\json\__init__.py", line 346, in loads
    return _default_decoder.decode(s)
           ^^^^^^^^^^^^^^^^^^^^^^^^^^
  File "C:\Users\saiem\AppData\Local\Programs\Python\Python311\Lib\json\decoder.py", line 337, in decode
    obj, end = self.raw_decode(s, idx=_w(s, 0).end())
               ^^^^^^^^^^^^^^^^^^^^^^^^^^^^^^^^^^^^^^
  File "C:\Users\saiem\AppData\Local\Programs\Python\Python311\Lib\json\decoder.py", line 355, in raw_decode
    raise JSONDecodeError("Expecting value", s, err.value) from None
json.decoder.JSONDecodeError: Expecting value: line 1 column 1 (char 0)

During handling of the above exception, another exception occurred:

Traceback (most recent call last):
  File "C:\Users\saiem\Documents\GitHub-Data\sdv-dev\cfbfastR-dev\cfbfastR-cfb-raw\python\_cfb_raw_utils.py", line 93, in _safe
    return fn(*args, **kwargs)
           ^^^^^^^^^^^^^^^^^^^
  File "C:\Users\saiem\Documents\GitHub-Data\sdv-dev\cfbfastR-dev\cfbfastR-cfb-raw\python\scrape_cfb_json.py", line 31, in _rosters
    return sdv.cfb.espn_cfb_game_rosters(game_id=gid, return_as_pandas=True).to_dict("records")
           ^^^^^^^^^^^^^^^^^^^^^^^^^^^^^^^^^^^^^^^^^^^^^^^^^^^^^^^^^^^^^^^^^
  File "C:\Users\saiem\Documents\GitHub-Data\sdv-dev\cfbfastR-dev\cfbfastR-cfb-raw\.venv\Lib\site-packages\sportsdataverse\cfb\cfb_game_rosters.py", line 64, in espn_cfb_game_rosters
    summary = summary_resp.json()
              ^^^^^^^^^^^^^^^^^^^
  File "C:\Users\saiem\Documents\GitHub-Data\sdv-dev\cfbfastR-dev\cfbfastR-cfb-raw\.venv\Lib\site-packages\requests\models.py", line 1120, in json
    raise RequestsJSONDecodeError(e.msg, e.doc, e.pos)
requests.exceptions.JSONDecodeError: Expecting value: line 1 column 1 (char 0)
2026-06-17 05:49:49,293 INFO season 2004: 293 games to scrape (rescrape=False)
2026-06-17 05:55:14,972 ERROR extra fetch failed: _rosters(243180084,)
Traceback (most recent call last):
  File "C:\Users\saiem\Documents\GitHub-Data\sdv-dev\cfbfastR-dev\cfbfastR-cfb-raw\python\_cfb_raw_utils.py", line 93, in _safe
    return fn(*args, **kwargs)
           ^^^^^^^^^^^^^^^^^^^
  File "C:\Users\saiem\Documents\GitHub-Data\sdv-dev\cfbfastR-dev\cfbfastR-cfb-raw\python\scrape_cfb_json.py", line 42, in _rosters
    return sdv.cfb.espn_cfb_game_rosters(
           ^^^^^^^^^^^^^^^^^^^^^^^^^^^^^^
  File "C:\Users\saiem\Documents\GitHub-Data\sdv-dev\cfbfastR-dev\cfbfastR-cfb-raw\.venv\Lib\site-packages\sportsdataverse\cfb\cfb_game_rosters.py", line 66, in espn_cfb_game_rosters
    team_rosters = helper_cfb_roster_items(items=items, summary_url=summary_url, **kwargs)
                   ^^^^^^^^^^^^^^^^^^^^^^^^^^^^^^^^^^^^^^^^^^^^^^^^^^^^^^^^^^^^^^^^^^^^^^^
  File "C:\Users\saiem\Documents\GitHub-Data\sdv-dev\cfbfastR-dev\cfbfastR-cfb-raw\.venv\Lib\site-packages\sportsdataverse\cfb\cfb_game_rosters.py", line 209, in helper_cfb_roster_items
    raise NoESPNDataError(f"NoESPNDataError: No roster data found for any team at {summary_url}")
sportsdataverse.errors.NoESPNDataError: NoESPNDataError: No roster data found for any team at https://sports.core.api.espn.com/v2/sports/football/leagues/college-football/events/243180084/competitions/243180084/competitors
2026-06-17 05:55:15,928 ERROR extra fetch failed: _rosters(243180218,)
Traceback (most recent call last):
  File "C:\Users\saiem\Documents\GitHub-Data\sdv-dev\cfbfastR-dev\cfbfastR-cfb-raw\python\_cfb_raw_utils.py", line 93, in _safe
    return fn(*args, **kwargs)
           ^^^^^^^^^^^^^^^^^^^
  File "C:\Users\saiem\Documents\GitHub-Data\sdv-dev\cfbfastR-dev\cfbfastR-cfb-raw\python\scrape_cfb_json.py", line 42, in _rosters
    return sdv.cfb.espn_cfb_game_rosters(
           ^^^^^^^^^^^^^^^^^^^^^^^^^^^^^^
  File "C:\Users\saiem\Documents\GitHub-Data\sdv-dev\cfbfastR-dev\cfbfastR-cfb-raw\.venv\Lib\site-packages\sportsdataverse\cfb\cfb_game_rosters.py", line 66, in espn_cfb_game_rosters
    team_rosters = helper_cfb_roster_items(items=items, summary_url=summary_url, **kwargs)
                   ^^^^^^^^^^^^^^^^^^^^^^^^^^^^^^^^^^^^^^^^^^^^^^^^^^^^^^^^^^^^^^^^^^^^^^^
  File "C:\Users\saiem\Documents\GitHub-Data\sdv-dev\cfbfastR-dev\cfbfastR-cfb-raw\.venv\Lib\site-packages\sportsdataverse\cfb\cfb_game_rosters.py", line 209, in helper_cfb_roster_items
    raise NoESPNDataError(f"NoESPNDataError: No roster data found for any team at {summary_url}")
sportsdataverse.errors.NoESPNDataError: NoESPNDataError: No roster data found for any team at https://sports.core.api.espn.com/v2/sports/football/leagues/college-football/events/243180218/competitions/243180218/competitors
2026-06-17 05:55:20,873 ERROR extra fetch failed: _rosters(243180096,)
Traceback (most recent call last):
  File "C:\Users\saiem\Documents\GitHub-Data\sdv-dev\cfbfastR-dev\cfbfastR-cfb-raw\python\_cfb_raw_utils.py", line 93, in _safe
    return fn(*args, **kwargs)
           ^^^^^^^^^^^^^^^^^^^
  File "C:\Users\saiem\Documents\GitHub-Data\sdv-dev\cfbfastR-dev\cfbfastR-cfb-raw\python\scrape_cfb_json.py", line 42, in _rosters
    return sdv.cfb.espn_cfb_game_rosters(
           ^^^^^^^^^^^^^^^^^^^^^^^^^^^^^^
  File "C:\Users\saiem\Documents\GitHub-Data\sdv-dev\cfbfastR-dev\cfbfastR-cfb-raw\.venv\Lib\site-packages\sportsdataverse\cfb\cfb_game_rosters.py", line 66, in espn_cfb_game_rosters
    team_rosters = helper_cfb_roster_items(items=items, summary_url=summary_url, **kwargs)
                   ^^^^^^^^^^^^^^^^^^^^^^^^^^^^^^^^^^^^^^^^^^^^^^^^^^^^^^^^^^^^^^^^^^^^^^^
  File "C:\Users\saiem\Documents\GitHub-Data\sdv-dev\cfbfastR-dev\cfbfastR-cfb-raw\.venv\Lib\site-packages\sportsdataverse\cfb\cfb_game_rosters.py", line 209, in helper_cfb_roster_items
    raise NoESPNDataError(f"NoESPNDataError: No roster data found for any team at {summary_url}")
sportsdataverse.errors.NoESPNDataError: NoESPNDataError: No roster data found for any team at https://sports.core.api.espn.com/v2/sports/football/leagues/college-football/events/243180096/competitions/243180096/competitors
2026-06-17 05:55:21,850 ERROR extra fetch failed: _rosters(243180150,)
Traceback (most recent call last):
  File "C:\Users\saiem\Documents\GitHub-Data\sdv-dev\cfbfastR-dev\cfbfastR-cfb-raw\python\_cfb_raw_utils.py", line 93, in _safe
    return fn(*args, **kwargs)
           ^^^^^^^^^^^^^^^^^^^
  File "C:\Users\saiem\Documents\GitHub-Data\sdv-dev\cfbfastR-dev\cfbfastR-cfb-raw\python\scrape_cfb_json.py", line 42, in _rosters
    return sdv.cfb.espn_cfb_game_rosters(
           ^^^^^^^^^^^^^^^^^^^^^^^^^^^^^^
  File "C:\Users\saiem\Documents\GitHub-Data\sdv-dev\cfbfastR-dev\cfbfastR-cfb-raw\.venv\Lib\site-packages\sportsdataverse\cfb\cfb_game_rosters.py", line 66, in espn_cfb_game_rosters
    team_rosters = helper_cfb_roster_items(items=items, summary_url=summary_url, **kwargs)
                   ^^^^^^^^^^^^^^^^^^^^^^^^^^^^^^^^^^^^^^^^^^^^^^^^^^^^^^^^^^^^^^^^^^^^^^^
  File "C:\Users\saiem\Documents\GitHub-Data\sdv-dev\cfbfastR-dev\cfbfastR-cfb-raw\.venv\Lib\site-packages\sportsdataverse\cfb\cfb_game_rosters.py", line 209, in helper_cfb_roster_items
    raise NoESPNDataError(f"NoESPNDataError: No roster data found for any team at {summary_url}")
sportsdataverse.errors.NoESPNDataError: NoESPNDataError: No roster data found for any team at https://sports.core.api.espn.com/v2/sports/football/leagues/college-football/events/243180150/competitions/243180150/competitors
2026-06-17 05:55:27,100 ERROR extra fetch failed: _rosters(243180038,)
Traceback (most recent call last):
  File "C:\Users\saiem\Documents\GitHub-Data\sdv-dev\cfbfastR-dev\cfbfastR-cfb-raw\python\_cfb_raw_utils.py", line 93, in _safe
    return fn(*args, **kwargs)
           ^^^^^^^^^^^^^^^^^^^
  File "C:\Users\saiem\Documents\GitHub-Data\sdv-dev\cfbfastR-dev\cfbfastR-cfb-raw\python\scrape_cfb_json.py", line 42, in _rosters
    return sdv.cfb.espn_cfb_game_rosters(
           ^^^^^^^^^^^^^^^^^^^^^^^^^^^^^^
  File "C:\Users\saiem\Documents\GitHub-Data\sdv-dev\cfbfastR-dev\cfbfastR-cfb-raw\.venv\Lib\site-packages\sportsdataverse\cfb\cfb_game_rosters.py", line 66, in espn_cfb_game_rosters
    team_rosters = helper_cfb_roster_items(items=items, summary_url=summary_url, **kwargs)
                   ^^^^^^^^^^^^^^^^^^^^^^^^^^^^^^^^^^^^^^^^^^^^^^^^^^^^^^^^^^^^^^^^^^^^^^^
  File "C:\Users\saiem\Documents\GitHub-Data\sdv-dev\cfbfastR-dev\cfbfastR-cfb-raw\.venv\Lib\site-packages\sportsdataverse\cfb\cfb_game_rosters.py", line 209, in helper_cfb_roster_items
    raise NoESPNDataError(f"NoESPNDataError: No roster data found for any team at {summary_url}")
sportsdataverse.errors.NoESPNDataError: NoESPNDataError: No roster data found for any team at https://sports.core.api.espn.com/v2/sports/football/leagues/college-football/events/243180038/competitions/243180038/competitors
2026-06-17 07:33:00,001 INFO season 2004: 100 hollow/missing games to rescrape
2026-06-17 07:33:02,881 ERROR extra fetch failed: _rosters(242462199,)
Traceback (most recent call last):
  File "C:\Users\saiem\Documents\GitHub-Data\sdv-dev\cfbfastR-dev\cfbfastR-cfb-raw\python\_cfb_raw_utils.py", line 93, in _safe
    return fn(*args, **kwargs)
           ^^^^^^^^^^^^^^^^^^^
  File "C:\Users\saiem\Documents\GitHub-Data\sdv-dev\cfbfastR-dev\cfbfastR-cfb-raw\python\scrape_cfb_json.py", line 42, in _rosters
    return sdv.cfb.espn_cfb_game_rosters(
           ^^^^^^^^^^^^^^^^^^^^^^^^^^^^^^
  File "C:\Users\saiem\Documents\GitHub-Data\sdv-dev\cfbfastR-dev\cfbfastR-cfb-raw\.venv\Lib\site-packages\sportsdataverse\cfb\cfb_game_rosters.py", line 66, in espn_cfb_game_rosters
    team_rosters = helper_cfb_roster_items(items=items, summary_url=summary_url, **kwargs)
                   ^^^^^^^^^^^^^^^^^^^^^^^^^^^^^^^^^^^^^^^^^^^^^^^^^^^^^^^^^^^^^^^^^^^^^^^
  File "C:\Users\saiem\Documents\GitHub-Data\sdv-dev\cfbfastR-dev\cfbfastR-cfb-raw\.venv\Lib\site-packages\sportsdataverse\cfb\cfb_game_rosters.py", line 209, in helper_cfb_roster_items
    raise NoESPNDataError(f"NoESPNDataError: No roster data found for any team at {summary_url}")
sportsdataverse.errors.NoESPNDataError: NoESPNDataError: No roster data found for any team at https://sports.core.api.espn.com/v2/sports/football/leagues/college-football/events/242462199/competitions/242462199/competitors
2026-06-17 07:33:02,926 ERROR extra fetch failed: _rosters(242480057,)
Traceback (most recent call last):
  File "C:\Users\saiem\Documents\GitHub-Data\sdv-dev\cfbfastR-dev\cfbfastR-cfb-raw\python\_cfb_raw_utils.py", line 93, in _safe
    return fn(*args, **kwargs)
           ^^^^^^^^^^^^^^^^^^^
  File "C:\Users\saiem\Documents\GitHub-Data\sdv-dev\cfbfastR-dev\cfbfastR-cfb-raw\python\scrape_cfb_json.py", line 42, in _rosters
    return sdv.cfb.espn_cfb_game_rosters(
           ^^^^^^^^^^^^^^^^^^^^^^^^^^^^^^
  File "C:\Users\saiem\Documents\GitHub-Data\sdv-dev\cfbfastR-dev\cfbfastR-cfb-raw\.venv\Lib\site-packages\sportsdataverse\cfb\cfb_game_rosters.py", line 66, in espn_cfb_game_rosters
    team_rosters = helper_cfb_roster_items(items=items, summary_url=summary_url, **kwargs)
                   ^^^^^^^^^^^^^^^^^^^^^^^^^^^^^^^^^^^^^^^^^^^^^^^^^^^^^^^^^^^^^^^^^^^^^^^
  File "C:\Users\saiem\Documents\GitHub-Data\sdv-dev\cfbfastR-dev\cfbfastR-cfb-raw\.venv\Lib\site-packages\sportsdataverse\cfb\cfb_game_rosters.py", line 209, in helper_cfb_roster_items
    raise NoESPNDataError(f"NoESPNDataError: No roster data found for any team at {summary_url}")
sportsdataverse.errors.NoESPNDataError: NoESPNDataError: No roster data found for any team at https://sports.core.api.espn.com/v2/sports/football/leagues/college-football/events/242480057/competitions/242480057/competitors
2026-06-17 07:33:02,961 ERROR extra fetch failed: _rosters(242502390,)
Traceback (most recent call last):
  File "C:\Users\saiem\Documents\GitHub-Data\sdv-dev\cfbfastR-dev\cfbfastR-cfb-raw\python\_cfb_raw_utils.py", line 93, in _safe
    return fn(*args, **kwargs)
           ^^^^^^^^^^^^^^^^^^^
  File "C:\Users\saiem\Documents\GitHub-Data\sdv-dev\cfbfastR-dev\cfbfastR-cfb-raw\python\scrape_cfb_json.py", line 42, in _rosters
    return sdv.cfb.espn_cfb_game_rosters(
           ^^^^^^^^^^^^^^^^^^^^^^^^^^^^^^
  File "C:\Users\saiem\Documents\GitHub-Data\sdv-dev\cfbfastR-dev\cfbfastR-cfb-raw\.venv\Lib\site-packages\sportsdataverse\cfb\cfb_game_rosters.py", line 66, in espn_cfb_game_rosters
    team_rosters = helper_cfb_roster_items(items=items, summary_url=summary_url, **kwargs)
                   ^^^^^^^^^^^^^^^^^^^^^^^^^^^^^^^^^^^^^^^^^^^^^^^^^^^^^^^^^^^^^^^^^^^^^^^
  File "C:\Users\saiem\Documents\GitHub-Data\sdv-dev\cfbfastR-dev\cfbfastR-cfb-raw\.venv\Lib\site-packages\sportsdataverse\cfb\cfb_game_rosters.py", line 209, in helper_cfb_roster_items
    raise NoESPNDataError(f"NoESPNDataError: No roster data found for any team at {summary_url}")
sportsdataverse.errors.NoESPNDataError: NoESPNDataError: No roster data found for any team at https://sports.core.api.espn.com/v2/sports/football/leagues/college-football/events/242502390/competitions/242502390/competitors
2026-06-17 07:33:02,990 ERROR extra fetch failed: _rosters(242500058,)
Traceback (most recent call last):
  File "C:\Users\saiem\Documents\GitHub-Data\sdv-dev\cfbfastR-dev\cfbfastR-cfb-raw\python\_cfb_raw_utils.py", line 93, in _safe
    return fn(*args, **kwargs)
           ^^^^^^^^^^^^^^^^^^^
  File "C:\Users\saiem\Documents\GitHub-Data\sdv-dev\cfbfastR-dev\cfbfastR-cfb-raw\python\scrape_cfb_json.py", line 42, in _rosters
    return sdv.cfb.espn_cfb_game_rosters(
           ^^^^^^^^^^^^^^^^^^^^^^^^^^^^^^
  File "C:\Users\saiem\Documents\GitHub-Data\sdv-dev\cfbfastR-dev\cfbfastR-cfb-raw\.venv\Lib\site-packages\sportsdataverse\cfb\cfb_game_rosters.py", line 66, in espn_cfb_game_rosters
    team_rosters = helper_cfb_roster_items(items=items, summary_url=summary_url, **kwargs)
                   ^^^^^^^^^^^^^^^^^^^^^^^^^^^^^^^^^^^^^^^^^^^^^^^^^^^^^^^^^^^^^^^^^^^^^^^
  File "C:\Users\saiem\Documents\GitHub-Data\sdv-dev\cfbfastR-dev\cfbfastR-cfb-raw\.venv\Lib\site-packages\sportsdataverse\cfb\cfb_game_rosters.py", line 209, in helper_cfb_roster_items
    raise NoESPNDataError(f"NoESPNDataError: No roster data found for any team at {summary_url}")
sportsdataverse.errors.NoESPNDataError: NoESPNDataError: No roster data found for any team at https://sports.core.api.espn.com/v2/sports/football/leagues/college-football/events/242500058/competitions/242500058/competitors
2026-06-17 07:33:03,864 ERROR extra fetch failed: _rosters(242602572,)
Traceback (most recent call last):
  File "C:\Users\saiem\Documents\GitHub-Data\sdv-dev\cfbfastR-dev\cfbfastR-cfb-raw\python\_cfb_raw_utils.py", line 93, in _safe
    return fn(*args, **kwargs)
           ^^^^^^^^^^^^^^^^^^^
  File "C:\Users\saiem\Documents\GitHub-Data\sdv-dev\cfbfastR-dev\cfbfastR-cfb-raw\python\scrape_cfb_json.py", line 42, in _rosters
    return sdv.cfb.espn_cfb_game_rosters(
           ^^^^^^^^^^^^^^^^^^^^^^^^^^^^^^
  File "C:\Users\saiem\Documents\GitHub-Data\sdv-dev\cfbfastR-dev\cfbfastR-cfb-raw\.venv\Lib\site-packages\sportsdataverse\cfb\cfb_game_rosters.py", line 66, in espn_cfb_game_rosters
    team_rosters = helper_cfb_roster_items(items=items, summary_url=summary_url, **kwargs)
                   ^^^^^^^^^^^^^^^^^^^^^^^^^^^^^^^^^^^^^^^^^^^^^^^^^^^^^^^^^^^^^^^^^^^^^^^
  File "C:\Users\saiem\Documents\GitHub-Data\sdv-dev\cfbfastR-dev\cfbfastR-cfb-raw\.venv\Lib\site-packages\sportsdataverse\cfb\cfb_game_rosters.py", line 209, in helper_cfb_roster_items
    raise NoESPNDataError(f"NoESPNDataError: No roster data found for any team at {summary_url}")
sportsdataverse.errors.NoESPNDataError: NoESPNDataError: No roster data found for any team at https://sports.core.api.espn.com/v2/sports/football/leagues/college-football/events/242602572/competitions/242602572/competitors
2026-06-17 07:33:03,896 ERROR extra fetch failed: _rosters(242622655,)
Traceback (most recent call last):
  File "C:\Users\saiem\Documents\GitHub-Data\sdv-dev\cfbfastR-dev\cfbfastR-cfb-raw\python\_cfb_raw_utils.py", line 93, in _safe
    return fn(*args, **kwargs)
           ^^^^^^^^^^^^^^^^^^^
  File "C:\Users\saiem\Documents\GitHub-Data\sdv-dev\cfbfastR-dev\cfbfastR-cfb-raw\python\scrape_cfb_json.py", line 42, in _rosters
    return sdv.cfb.espn_cfb_game_rosters(
           ^^^^^^^^^^^^^^^^^^^^^^^^^^^^^^
  File "C:\Users\saiem\Documents\GitHub-Data\sdv-dev\cfbfastR-dev\cfbfastR-cfb-raw\.venv\Lib\site-packages\sportsdataverse\cfb\cfb_game_rosters.py", line 66, in espn_cfb_game_rosters
    team_rosters = helper_cfb_roster_items(items=items, summary_url=summary_url, **kwargs)
                   ^^^^^^^^^^^^^^^^^^^^^^^^^^^^^^^^^^^^^^^^^^^^^^^^^^^^^^^^^^^^^^^^^^^^^^^
  File "C:\Users\saiem\Documents\GitHub-Data\sdv-dev\cfbfastR-dev\cfbfastR-cfb-raw\.venv\Lib\site-packages\sportsdataverse\cfb\cfb_game_rosters.py", line 209, in helper_cfb_roster_items
    raise NoESPNDataError(f"NoESPNDataError: No roster data found for any team at {summary_url}")
sportsdataverse.errors.NoESPNDataError: NoESPNDataError: No roster data found for any team at https://sports.core.api.espn.com/v2/sports/football/leagues/college-football/events/242622655/competitions/242622655/competitors
2026-06-17 07:33:04,796 ERROR extra fetch failed: _rosters(242690195,)
Traceback (most recent call last):
  File "C:\Users\saiem\Documents\GitHub-Data\sdv-dev\cfbfastR-dev\cfbfastR-cfb-raw\python\_cfb_raw_utils.py", line 93, in _safe
    return fn(*args, **kwargs)
           ^^^^^^^^^^^^^^^^^^^
  File "C:\Users\saiem\Documents\GitHub-Data\sdv-dev\cfbfastR-dev\cfbfastR-cfb-raw\python\scrape_cfb_json.py", line 42, in _rosters
    return sdv.cfb.espn_cfb_game_rosters(
           ^^^^^^^^^^^^^^^^^^^^^^^^^^^^^^
  File "C:\Users\saiem\Documents\GitHub-Data\sdv-dev\cfbfastR-dev\cfbfastR-cfb-raw\.venv\Lib\site-packages\sportsdataverse\cfb\cfb_game_rosters.py", line 66, in espn_cfb_game_rosters
    team_rosters = helper_cfb_roster_items(items=items, summary_url=summary_url, **kwargs)
                   ^^^^^^^^^^^^^^^^^^^^^^^^^^^^^^^^^^^^^^^^^^^^^^^^^^^^^^^^^^^^^^^^^^^^^^^
  File "C:\Users\saiem\Documents\GitHub-Data\sdv-dev\cfbfastR-dev\cfbfastR-cfb-raw\.venv\Lib\site-packages\sportsdataverse\cfb\cfb_game_rosters.py", line 209, in helper_cfb_roster_items
    raise NoESPNDataError(f"NoESPNDataError: No roster data found for any team at {summary_url}")
sportsdataverse.errors.NoESPNDataError: NoESPNDataError: No roster data found for any team at https://sports.core.api.espn.com/v2/sports/football/leagues/college-football/events/242690195/competitions/242690195/competitors
2026-06-17 07:33:04,819 ERROR extra fetch failed: _rosters(242690005,)
Traceback (most recent call last):
  File "C:\Users\saiem\Documents\GitHub-Data\sdv-dev\cfbfastR-dev\cfbfastR-cfb-raw\python\_cfb_raw_utils.py", line 93, in _safe
    return fn(*args, **kwargs)
           ^^^^^^^^^^^^^^^^^^^
  File "C:\Users\saiem\Documents\GitHub-Data\sdv-dev\cfbfastR-dev\cfbfastR-cfb-raw\python\scrape_cfb_json.py", line 42, in _rosters
    return sdv.cfb.espn_cfb_game_rosters(
           ^^^^^^^^^^^^^^^^^^^^^^^^^^^^^^
  File "C:\Users\saiem\Documents\GitHub-Data\sdv-dev\cfbfastR-dev\cfbfastR-cfb-raw\.venv\Lib\site-packages\sportsdataverse\cfb\cfb_game_rosters.py", line 66, in espn_cfb_game_rosters
    team_rosters = helper_cfb_roster_items(items=items, summary_url=summary_url, **kwargs)
                   ^^^^^^^^^^^^^^^^^^^^^^^^^^^^^^^^^^^^^^^^^^^^^^^^^^^^^^^^^^^^^^^^^^^^^^^
  File "C:\Users\saiem\Documents\GitHub-Data\sdv-dev\cfbfastR-dev\cfbfastR-cfb-raw\.venv\Lib\site-packages\sportsdataverse\cfb\cfb_game_rosters.py", line 209, in helper_cfb_roster_items
    raise NoESPNDataError(f"NoESPNDataError: No roster data found for any team at {summary_url}")
sportsdataverse.errors.NoESPNDataError: NoESPNDataError: No roster data found for any team at https://sports.core.api.espn.com/v2/sports/football/leagues/college-football/events/242690005/competitions/242690005/competitors
2026-06-17 07:34:38,206 INFO season 2004: 100 hollow/missing games to rescrape
2026-06-17 07:34:40,672 ERROR extra fetch failed: _rosters(242462199,)
Traceback (most recent call last):
  File "C:\Users\saiem\Documents\GitHub-Data\sdv-dev\cfbfastR-dev\cfbfastR-cfb-raw\python\_cfb_raw_utils.py", line 93, in _safe
    return fn(*args, **kwargs)
           ^^^^^^^^^^^^^^^^^^^
  File "C:\Users\saiem\Documents\GitHub-Data\sdv-dev\cfbfastR-dev\cfbfastR-cfb-raw\python\scrape_cfb_json.py", line 42, in _rosters
    return sdv.cfb.espn_cfb_game_rosters(
           ^^^^^^^^^^^^^^^^^^^^^^^^^^^^^^
  File "C:\Users\saiem\Documents\GitHub-Data\sdv-dev\cfbfastR-dev\cfbfastR-cfb-raw\.venv\Lib\site-packages\sportsdataverse\cfb\cfb_game_rosters.py", line 66, in espn_cfb_game_rosters
    team_rosters = helper_cfb_roster_items(items=items, summary_url=summary_url, **kwargs)
                   ^^^^^^^^^^^^^^^^^^^^^^^^^^^^^^^^^^^^^^^^^^^^^^^^^^^^^^^^^^^^^^^^^^^^^^^
  File "C:\Users\saiem\Documents\GitHub-Data\sdv-dev\cfbfastR-dev\cfbfastR-cfb-raw\.venv\Lib\site-packages\sportsdataverse\cfb\cfb_game_rosters.py", line 209, in helper_cfb_roster_items
    raise NoESPNDataError(f"NoESPNDataError: No roster data found for any team at {summary_url}")
sportsdataverse.errors.NoESPNDataError: NoESPNDataError: No roster data found for any team at https://sports.core.api.espn.com/v2/sports/football/leagues/college-football/events/242462199/competitions/242462199/competitors
2026-06-17 07:34:40,689 ERROR extra fetch failed: _rosters(242480057,)
Traceback (most recent call last):
  File "C:\Users\saiem\Documents\GitHub-Data\sdv-dev\cfbfastR-dev\cfbfastR-cfb-raw\python\_cfb_raw_utils.py", line 93, in _safe
    return fn(*args, **kwargs)
           ^^^^^^^^^^^^^^^^^^^
  File "C:\Users\saiem\Documents\GitHub-Data\sdv-dev\cfbfastR-dev\cfbfastR-cfb-raw\python\scrape_cfb_json.py", line 42, in _rosters
    return sdv.cfb.espn_cfb_game_rosters(
           ^^^^^^^^^^^^^^^^^^^^^^^^^^^^^^
  File "C:\Users\saiem\Documents\GitHub-Data\sdv-dev\cfbfastR-dev\cfbfastR-cfb-raw\.venv\Lib\site-packages\sportsdataverse\cfb\cfb_game_rosters.py", line 66, in espn_cfb_game_rosters
    team_rosters = helper_cfb_roster_items(items=items, summary_url=summary_url, **kwargs)
                   ^^^^^^^^^^^^^^^^^^^^^^^^^^^^^^^^^^^^^^^^^^^^^^^^^^^^^^^^^^^^^^^^^^^^^^^
  File "C:\Users\saiem\Documents\GitHub-Data\sdv-dev\cfbfastR-dev\cfbfastR-cfb-raw\.venv\Lib\site-packages\sportsdataverse\cfb\cfb_game_rosters.py", line 209, in helper_cfb_roster_items
    raise NoESPNDataError(f"NoESPNDataError: No roster data found for any team at {summary_url}")
sportsdataverse.errors.NoESPNDataError: NoESPNDataError: No roster data found for any team at https://sports.core.api.espn.com/v2/sports/football/leagues/college-football/events/242480057/competitions/242480057/competitors
2026-06-17 07:34:40,692 ERROR extra fetch failed: _rosters(242500058,)
Traceback (most recent call last):
  File "C:\Users\saiem\Documents\GitHub-Data\sdv-dev\cfbfastR-dev\cfbfastR-cfb-raw\python\_cfb_raw_utils.py", line 93, in _safe
    return fn(*args, **kwargs)
           ^^^^^^^^^^^^^^^^^^^
  File "C:\Users\saiem\Documents\GitHub-Data\sdv-dev\cfbfastR-dev\cfbfastR-cfb-raw\python\scrape_cfb_json.py", line 42, in _rosters
    return sdv.cfb.espn_cfb_game_rosters(
           ^^^^^^^^^^^^^^^^^^^^^^^^^^^^^^
  File "C:\Users\saiem\Documents\GitHub-Data\sdv-dev\cfbfastR-dev\cfbfastR-cfb-raw\.venv\Lib\site-packages\sportsdataverse\cfb\cfb_game_rosters.py", line 66, in espn_cfb_game_rosters
    team_rosters = helper_cfb_roster_items(items=items, summary_url=summary_url, **kwargs)
                   ^^^^^^^^^^^^^^^^^^^^^^^^^^^^^^^^^^^^^^^^^^^^^^^^^^^^^^^^^^^^^^^^^^^^^^^
  File "C:\Users\saiem\Documents\GitHub-Data\sdv-dev\cfbfastR-dev\cfbfastR-cfb-raw\.venv\Lib\site-packages\sportsdataverse\cfb\cfb_game_rosters.py", line 209, in helper_cfb_roster_items
    raise NoESPNDataError(f"NoESPNDataError: No roster data found for any team at {summary_url}")
sportsdataverse.errors.NoESPNDataError: NoESPNDataError: No roster data found for any team at https://sports.core.api.espn.com/v2/sports/football/leagues/college-football/events/242500058/competitions/242500058/competitors
2026-06-17 07:34:40,698 ERROR extra fetch failed: _rosters(242502390,)
Traceback (most recent call last):
  File "C:\Users\saiem\Documents\GitHub-Data\sdv-dev\cfbfastR-dev\cfbfastR-cfb-raw\python\_cfb_raw_utils.py", line 93, in _safe
    return fn(*args, **kwargs)
           ^^^^^^^^^^^^^^^^^^^
  File "C:\Users\saiem\Documents\GitHub-Data\sdv-dev\cfbfastR-dev\cfbfastR-cfb-raw\python\scrape_cfb_json.py", line 42, in _rosters
    return sdv.cfb.espn_cfb_game_rosters(
           ^^^^^^^^^^^^^^^^^^^^^^^^^^^^^^
  File "C:\Users\saiem\Documents\GitHub-Data\sdv-dev\cfbfastR-dev\cfbfastR-cfb-raw\.venv\Lib\site-packages\sportsdataverse\cfb\cfb_game_rosters.py", line 66, in espn_cfb_game_rosters
    team_rosters = helper_cfb_roster_items(items=items, summary_url=summary_url, **kwargs)
                   ^^^^^^^^^^^^^^^^^^^^^^^^^^^^^^^^^^^^^^^^^^^^^^^^^^^^^^^^^^^^^^^^^^^^^^^
  File "C:\Users\saiem\Documents\GitHub-Data\sdv-dev\cfbfastR-dev\cfbfastR-cfb-raw\.venv\Lib\site-packages\sportsdataverse\cfb\cfb_game_rosters.py", line 209, in helper_cfb_roster_items
    raise NoESPNDataError(f"NoESPNDataError: No roster data found for any team at {summary_url}")
sportsdataverse.errors.NoESPNDataError: NoESPNDataError: No roster data found for any team at https://sports.core.api.espn.com/v2/sports/football/leagues/college-football/events/242502390/competitions/242502390/competitors
2026-06-17 07:34:41,118 ERROR extra fetch failed: _rosters(242602572,)
Traceback (most recent call last):
  File "C:\Users\saiem\Documents\GitHub-Data\sdv-dev\cfbfastR-dev\cfbfastR-cfb-raw\python\_cfb_raw_utils.py", line 93, in _safe
    return fn(*args, **kwargs)
           ^^^^^^^^^^^^^^^^^^^
  File "C:\Users\saiem\Documents\GitHub-Data\sdv-dev\cfbfastR-dev\cfbfastR-cfb-raw\python\scrape_cfb_json.py", line 42, in _rosters
    return sdv.cfb.espn_cfb_game_rosters(
           ^^^^^^^^^^^^^^^^^^^^^^^^^^^^^^
  File "C:\Users\saiem\Documents\GitHub-Data\sdv-dev\cfbfastR-dev\cfbfastR-cfb-raw\.venv\Lib\site-packages\sportsdataverse\cfb\cfb_game_rosters.py", line 66, in espn_cfb_game_rosters
    team_rosters = helper_cfb_roster_items(items=items, summary_url=summary_url, **kwargs)
                   ^^^^^^^^^^^^^^^^^^^^^^^^^^^^^^^^^^^^^^^^^^^^^^^^^^^^^^^^^^^^^^^^^^^^^^^
  File "C:\Users\saiem\Documents\GitHub-Data\sdv-dev\cfbfastR-dev\cfbfastR-cfb-raw\.venv\Lib\site-packages\sportsdataverse\cfb\cfb_game_rosters.py", line 209, in helper_cfb_roster_items
    raise NoESPNDataError(f"NoESPNDataError: No roster data found for any team at {summary_url}")
sportsdataverse.errors.NoESPNDataError: NoESPNDataError: No roster data found for any team at https://sports.core.api.espn.com/v2/sports/football/leagues/college-football/events/242602572/competitions/242602572/competitors
2026-06-17 07:34:41,143 ERROR extra fetch failed: _rosters(242622655,)
Traceback (most recent call last):
  File "C:\Users\saiem\Documents\GitHub-Data\sdv-dev\cfbfastR-dev\cfbfastR-cfb-raw\python\_cfb_raw_utils.py", line 93, in _safe
    return fn(*args, **kwargs)
           ^^^^^^^^^^^^^^^^^^^
  File "C:\Users\saiem\Documents\GitHub-Data\sdv-dev\cfbfastR-dev\cfbfastR-cfb-raw\python\scrape_cfb_json.py", line 42, in _rosters
    return sdv.cfb.espn_cfb_game_rosters(
           ^^^^^^^^^^^^^^^^^^^^^^^^^^^^^^
  File "C:\Users\saiem\Documents\GitHub-Data\sdv-dev\cfbfastR-dev\cfbfastR-cfb-raw\.venv\Lib\site-packages\sportsdataverse\cfb\cfb_game_rosters.py", line 66, in espn_cfb_game_rosters
    team_rosters = helper_cfb_roster_items(items=items, summary_url=summary_url, **kwargs)
                   ^^^^^^^^^^^^^^^^^^^^^^^^^^^^^^^^^^^^^^^^^^^^^^^^^^^^^^^^^^^^^^^^^^^^^^^
  File "C:\Users\saiem\Documents\GitHub-Data\sdv-dev\cfbfastR-dev\cfbfastR-cfb-raw\.venv\Lib\site-packages\sportsdataverse\cfb\cfb_game_rosters.py", line 209, in helper_cfb_roster_items
    raise NoESPNDataError(f"NoESPNDataError: No roster data found for any team at {summary_url}")
sportsdataverse.errors.NoESPNDataError: NoESPNDataError: No roster data found for any team at https://sports.core.api.espn.com/v2/sports/football/leagues/college-football/events/242622655/competitions/242622655/competitors
2026-06-17 07:34:41,635 ERROR extra fetch failed: _rosters(242690005,)
Traceback (most recent call last):
  File "C:\Users\saiem\Documents\GitHub-Data\sdv-dev\cfbfastR-dev\cfbfastR-cfb-raw\python\_cfb_raw_utils.py", line 93, in _safe
    return fn(*args, **kwargs)
           ^^^^^^^^^^^^^^^^^^^
  File "C:\Users\saiem\Documents\GitHub-Data\sdv-dev\cfbfastR-dev\cfbfastR-cfb-raw\python\scrape_cfb_json.py", line 42, in _rosters
    return sdv.cfb.espn_cfb_game_rosters(
           ^^^^^^^^^^^^^^^^^^^^^^^^^^^^^^
  File "C:\Users\saiem\Documents\GitHub-Data\sdv-dev\cfbfastR-dev\cfbfastR-cfb-raw\.venv\Lib\site-packages\sportsdataverse\cfb\cfb_game_rosters.py", line 66, in espn_cfb_game_rosters
    team_rosters = helper_cfb_roster_items(items=items, summary_url=summary_url, **kwargs)
                   ^^^^^^^^^^^^^^^^^^^^^^^^^^^^^^^^^^^^^^^^^^^^^^^^^^^^^^^^^^^^^^^^^^^^^^^
  File "C:\Users\saiem\Documents\GitHub-Data\sdv-dev\cfbfastR-dev\cfbfastR-cfb-raw\.venv\Lib\site-packages\sportsdataverse\cfb\cfb_game_rosters.py", line 209, in helper_cfb_roster_items
    raise NoESPNDataError(f"NoESPNDataError: No roster data found for any team at {summary_url}")
sportsdataverse.errors.NoESPNDataError: NoESPNDataError: No roster data found for any team at https://sports.core.api.espn.com/v2/sports/football/leagues/college-football/events/242690005/competitions/242690005/competitors
2026-06-17 07:34:41,869 ERROR extra fetch failed: _rosters(242690195,)
Traceback (most recent call last):
  File "C:\Users\saiem\Documents\GitHub-Data\sdv-dev\cfbfastR-dev\cfbfastR-cfb-raw\python\_cfb_raw_utils.py", line 93, in _safe
    return fn(*args, **kwargs)
           ^^^^^^^^^^^^^^^^^^^
  File "C:\Users\saiem\Documents\GitHub-Data\sdv-dev\cfbfastR-dev\cfbfastR-cfb-raw\python\scrape_cfb_json.py", line 42, in _rosters
    return sdv.cfb.espn_cfb_game_rosters(
           ^^^^^^^^^^^^^^^^^^^^^^^^^^^^^^
  File "C:\Users\saiem\Documents\GitHub-Data\sdv-dev\cfbfastR-dev\cfbfastR-cfb-raw\.venv\Lib\site-packages\sportsdataverse\cfb\cfb_game_rosters.py", line 66, in espn_cfb_game_rosters
    team_rosters = helper_cfb_roster_items(items=items, summary_url=summary_url, **kwargs)
                   ^^^^^^^^^^^^^^^^^^^^^^^^^^^^^^^^^^^^^^^^^^^^^^^^^^^^^^^^^^^^^^^^^^^^^^^
  File "C:\Users\saiem\Documents\GitHub-Data\sdv-dev\cfbfastR-dev\cfbfastR-cfb-raw\.venv\Lib\site-packages\sportsdataverse\cfb\cfb_game_rosters.py", line 209, in helper_cfb_roster_items
    raise NoESPNDataError(f"NoESPNDataError: No roster data found for any team at {summary_url}")
sportsdataverse.errors.NoESPNDataError: NoESPNDataError: No roster data found for any team at https://sports.core.api.espn.com/v2/sports/football/leagues/college-football/events/242690195/competitions/242690195/competitors
2026-06-17 07:35:10,654 ERROR extra fetch failed: _rosters(243180084,)
Traceback (most recent call last):
  File "C:\Users\saiem\Documents\GitHub-Data\sdv-dev\cfbfastR-dev\cfbfastR-cfb-raw\python\_cfb_raw_utils.py", line 93, in _safe
    return fn(*args, **kwargs)
           ^^^^^^^^^^^^^^^^^^^
  File "C:\Users\saiem\Documents\GitHub-Data\sdv-dev\cfbfastR-dev\cfbfastR-cfb-raw\python\scrape_cfb_json.py", line 42, in _rosters
    return sdv.cfb.espn_cfb_game_rosters(
           ^^^^^^^^^^^^^^^^^^^^^^^^^^^^^^
  File "C:\Users\saiem\Documents\GitHub-Data\sdv-dev\cfbfastR-dev\cfbfastR-cfb-raw\.venv\Lib\site-packages\sportsdataverse\cfb\cfb_game_rosters.py", line 66, in espn_cfb_game_rosters
    team_rosters = helper_cfb_roster_items(items=items, summary_url=summary_url, **kwargs)
                   ^^^^^^^^^^^^^^^^^^^^^^^^^^^^^^^^^^^^^^^^^^^^^^^^^^^^^^^^^^^^^^^^^^^^^^^
  File "C:\Users\saiem\Documents\GitHub-Data\sdv-dev\cfbfastR-dev\cfbfastR-cfb-raw\.venv\Lib\site-packages\sportsdataverse\cfb\cfb_game_rosters.py", line 209, in helper_cfb_roster_items
    raise NoESPNDataError(f"NoESPNDataError: No roster data found for any team at {summary_url}")
sportsdataverse.errors.NoESPNDataError: NoESPNDataError: No roster data found for any team at https://sports.core.api.espn.com/v2/sports/football/leagues/college-football/events/243180084/competitions/243180084/competitors
2026-06-17 07:35:10,948 ERROR extra fetch failed: _rosters(243180218,)
Traceback (most recent call last):
  File "C:\Users\saiem\Documents\GitHub-Data\sdv-dev\cfbfastR-dev\cfbfastR-cfb-raw\python\_cfb_raw_utils.py", line 93, in _safe
    return fn(*args, **kwargs)
           ^^^^^^^^^^^^^^^^^^^
  File "C:\Users\saiem\Documents\GitHub-Data\sdv-dev\cfbfastR-dev\cfbfastR-cfb-raw\python\scrape_cfb_json.py", line 42, in _rosters
    return sdv.cfb.espn_cfb_game_rosters(
           ^^^^^^^^^^^^^^^^^^^^^^^^^^^^^^
  File "C:\Users\saiem\Documents\GitHub-Data\sdv-dev\cfbfastR-dev\cfbfastR-cfb-raw\.venv\Lib\site-packages\sportsdataverse\cfb\cfb_game_rosters.py", line 66, in espn_cfb_game_rosters
    team_rosters = helper_cfb_roster_items(items=items, summary_url=summary_url, **kwargs)
                   ^^^^^^^^^^^^^^^^^^^^^^^^^^^^^^^^^^^^^^^^^^^^^^^^^^^^^^^^^^^^^^^^^^^^^^^
  File "C:\Users\saiem\Documents\GitHub-Data\sdv-dev\cfbfastR-dev\cfbfastR-cfb-raw\.venv\Lib\site-packages\sportsdataverse\cfb\cfb_game_rosters.py", line 209, in helper_cfb_roster_items
    raise NoESPNDataError(f"NoESPNDataError: No roster data found for any team at {summary_url}")
sportsdataverse.errors.NoESPNDataError: NoESPNDataError: No roster data found for any team at https://sports.core.api.espn.com/v2/sports/football/leagues/college-football/events/243180218/competitions/243180218/competitors
2026-06-17 07:35:11,180 ERROR extra fetch failed: _rosters(243180096,)
Traceback (most recent call last):
  File "C:\Users\saiem\Documents\GitHub-Data\sdv-dev\cfbfastR-dev\cfbfastR-cfb-raw\python\_cfb_raw_utils.py", line 93, in _safe
    return fn(*args, **kwargs)
           ^^^^^^^^^^^^^^^^^^^
  File "C:\Users\saiem\Documents\GitHub-Data\sdv-dev\cfbfastR-dev\cfbfastR-cfb-raw\python\scrape_cfb_json.py", line 42, in _rosters
    return sdv.cfb.espn_cfb_game_rosters(
           ^^^^^^^^^^^^^^^^^^^^^^^^^^^^^^
  File "C:\Users\saiem\Documents\GitHub-Data\sdv-dev\cfbfastR-dev\cfbfastR-cfb-raw\.venv\Lib\site-packages\sportsdataverse\cfb\cfb_game_rosters.py", line 66, in espn_cfb_game_rosters
    team_rosters = helper_cfb_roster_items(items=items, summary_url=summary_url, **kwargs)
                   ^^^^^^^^^^^^^^^^^^^^^^^^^^^^^^^^^^^^^^^^^^^^^^^^^^^^^^^^^^^^^^^^^^^^^^^
  File "C:\Users\saiem\Documents\GitHub-Data\sdv-dev\cfbfastR-dev\cfbfastR-cfb-raw\.venv\Lib\site-packages\sportsdataverse\cfb\cfb_game_rosters.py", line 209, in helper_cfb_roster_items
    raise NoESPNDataError(f"NoESPNDataError: No roster data found for any team at {summary_url}")
sportsdataverse.errors.NoESPNDataError: NoESPNDataError: No roster data found for any team at https://sports.core.api.espn.com/v2/sports/football/leagues/college-football/events/243180096/competitions/243180096/competitors
2026-06-17 07:35:11,367 ERROR extra fetch failed: _rosters(243180038,)
Traceback (most recent call last):
  File "C:\Users\saiem\Documents\GitHub-Data\sdv-dev\cfbfastR-dev\cfbfastR-cfb-raw\python\_cfb_raw_utils.py", line 93, in _safe
    return fn(*args, **kwargs)
           ^^^^^^^^^^^^^^^^^^^
  File "C:\Users\saiem\Documents\GitHub-Data\sdv-dev\cfbfastR-dev\cfbfastR-cfb-raw\python\scrape_cfb_json.py", line 42, in _rosters
    return sdv.cfb.espn_cfb_game_rosters(
           ^^^^^^^^^^^^^^^^^^^^^^^^^^^^^^
  File "C:\Users\saiem\Documents\GitHub-Data\sdv-dev\cfbfastR-dev\cfbfastR-cfb-raw\.venv\Lib\site-packages\sportsdataverse\cfb\cfb_game_rosters.py", line 66, in espn_cfb_game_rosters
    team_rosters = helper_cfb_roster_items(items=items, summary_url=summary_url, **kwargs)
                   ^^^^^^^^^^^^^^^^^^^^^^^^^^^^^^^^^^^^^^^^^^^^^^^^^^^^^^^^^^^^^^^^^^^^^^^
  File "C:\Users\saiem\Documents\GitHub-Data\sdv-dev\cfbfastR-dev\cfbfastR-cfb-raw\.venv\Lib\site-packages\sportsdataverse\cfb\cfb_game_rosters.py", line 209, in helper_cfb_roster_items
    raise NoESPNDataError(f"NoESPNDataError: No roster data found for any team at {summary_url}")
sportsdataverse.errors.NoESPNDataError: NoESPNDataError: No roster data found for any team at https://sports.core.api.espn.com/v2/sports/football/leagues/college-football/events/243180038/competitions/243180038/competitors
2026-06-17 07:35:11,505 ERROR extra fetch failed: _rosters(243180150,)
Traceback (most recent call last):
  File "C:\Users\saiem\Documents\GitHub-Data\sdv-dev\cfbfastR-dev\cfbfastR-cfb-raw\python\_cfb_raw_utils.py", line 93, in _safe
    return fn(*args, **kwargs)
           ^^^^^^^^^^^^^^^^^^^
  File "C:\Users\saiem\Documents\GitHub-Data\sdv-dev\cfbfastR-dev\cfbfastR-cfb-raw\python\scrape_cfb_json.py", line 42, in _rosters
    return sdv.cfb.espn_cfb_game_rosters(
           ^^^^^^^^^^^^^^^^^^^^^^^^^^^^^^
  File "C:\Users\saiem\Documents\GitHub-Data\sdv-dev\cfbfastR-dev\cfbfastR-cfb-raw\.venv\Lib\site-packages\sportsdataverse\cfb\cfb_game_rosters.py", line 66, in espn_cfb_game_rosters
    team_rosters = helper_cfb_roster_items(items=items, summary_url=summary_url, **kwargs)
                   ^^^^^^^^^^^^^^^^^^^^^^^^^^^^^^^^^^^^^^^^^^^^^^^^^^^^^^^^^^^^^^^^^^^^^^^
  File "C:\Users\saiem\Documents\GitHub-Data\sdv-dev\cfbfastR-dev\cfbfastR-cfb-raw\.venv\Lib\site-packages\sportsdataverse\cfb\cfb_game_rosters.py", line 209, in helper_cfb_roster_items
    raise NoESPNDataError(f"NoESPNDataError: No roster data found for any team at {summary_url}")
sportsdataverse.errors.NoESPNDataError: NoESPNDataError: No roster data found for any team at https://sports.core.api.espn.com/v2/sports/football/leagues/college-football/events/243180150/competitions/243180150/competitors
2026-06-17 07:36:15,698 ERROR extra fetch failed: _rosters(243180084,)
Traceback (most recent call last):
  File "C:\Users\saiem\Documents\GitHub-Data\sdv-dev\cfbfastR-dev\cfbfastR-cfb-raw\python\_cfb_raw_utils.py", line 93, in _safe
    return fn(*args, **kwargs)
           ^^^^^^^^^^^^^^^^^^^
  File "C:\Users\saiem\Documents\GitHub-Data\sdv-dev\cfbfastR-dev\cfbfastR-cfb-raw\python\scrape_cfb_json.py", line 42, in _rosters
    return sdv.cfb.espn_cfb_game_rosters(
           ^^^^^^^^^^^^^^^^^^^^^^^^^^^^^^
  File "C:\Users\saiem\Documents\GitHub-Data\sdv-dev\cfbfastR-dev\cfbfastR-cfb-raw\.venv\Lib\site-packages\sportsdataverse\cfb\cfb_game_rosters.py", line 66, in espn_cfb_game_rosters
    team_rosters = helper_cfb_roster_items(items=items, summary_url=summary_url, **kwargs)
                   ^^^^^^^^^^^^^^^^^^^^^^^^^^^^^^^^^^^^^^^^^^^^^^^^^^^^^^^^^^^^^^^^^^^^^^^
  File "C:\Users\saiem\Documents\GitHub-Data\sdv-dev\cfbfastR-dev\cfbfastR-cfb-raw\.venv\Lib\site-packages\sportsdataverse\cfb\cfb_game_rosters.py", line 209, in helper_cfb_roster_items
    raise NoESPNDataError(f"NoESPNDataError: No roster data found for any team at {summary_url}")
sportsdataverse.errors.NoESPNDataError: NoESPNDataError: No roster data found for any team at https://sports.core.api.espn.com/v2/sports/football/leagues/college-football/events/243180084/competitions/243180084/competitors
2026-06-17 07:36:15,748 ERROR extra fetch failed: _rosters(243180218,)
Traceback (most recent call last):
  File "C:\Users\saiem\Documents\GitHub-Data\sdv-dev\cfbfastR-dev\cfbfastR-cfb-raw\python\_cfb_raw_utils.py", line 93, in _safe
    return fn(*args, **kwargs)
           ^^^^^^^^^^^^^^^^^^^
  File "C:\Users\saiem\Documents\GitHub-Data\sdv-dev\cfbfastR-dev\cfbfastR-cfb-raw\python\scrape_cfb_json.py", line 42, in _rosters
    return sdv.cfb.espn_cfb_game_rosters(
           ^^^^^^^^^^^^^^^^^^^^^^^^^^^^^^
  File "C:\Users\saiem\Documents\GitHub-Data\sdv-dev\cfbfastR-dev\cfbfastR-cfb-raw\.venv\Lib\site-packages\sportsdataverse\cfb\cfb_game_rosters.py", line 66, in espn_cfb_game_rosters
    team_rosters = helper_cfb_roster_items(items=items, summary_url=summary_url, **kwargs)
                   ^^^^^^^^^^^^^^^^^^^^^^^^^^^^^^^^^^^^^^^^^^^^^^^^^^^^^^^^^^^^^^^^^^^^^^^
  File "C:\Users\saiem\Documents\GitHub-Data\sdv-dev\cfbfastR-dev\cfbfastR-cfb-raw\.venv\Lib\site-packages\sportsdataverse\cfb\cfb_game_rosters.py", line 209, in helper_cfb_roster_items
    raise NoESPNDataError(f"NoESPNDataError: No roster data found for any team at {summary_url}")
sportsdataverse.errors.NoESPNDataError: NoESPNDataError: No roster data found for any team at https://sports.core.api.espn.com/v2/sports/football/leagues/college-football/events/243180218/competitions/243180218/competitors
2026-06-17 07:36:16,206 ERROR extra fetch failed: _rosters(243180150,)
Traceback (most recent call last):
  File "C:\Users\saiem\Documents\GitHub-Data\sdv-dev\cfbfastR-dev\cfbfastR-cfb-raw\python\_cfb_raw_utils.py", line 93, in _safe
    return fn(*args, **kwargs)
           ^^^^^^^^^^^^^^^^^^^
  File "C:\Users\saiem\Documents\GitHub-Data\sdv-dev\cfbfastR-dev\cfbfastR-cfb-raw\python\scrape_cfb_json.py", line 42, in _rosters
    return sdv.cfb.espn_cfb_game_rosters(
           ^^^^^^^^^^^^^^^^^^^^^^^^^^^^^^
  File "C:\Users\saiem\Documents\GitHub-Data\sdv-dev\cfbfastR-dev\cfbfastR-cfb-raw\.venv\Lib\site-packages\sportsdataverse\cfb\cfb_game_rosters.py", line 66, in espn_cfb_game_rosters
    team_rosters = helper_cfb_roster_items(items=items, summary_url=summary_url, **kwargs)
                   ^^^^^^^^^^^^^^^^^^^^^^^^^^^^^^^^^^^^^^^^^^^^^^^^^^^^^^^^^^^^^^^^^^^^^^^
  File "C:\Users\saiem\Documents\GitHub-Data\sdv-dev\cfbfastR-dev\cfbfastR-cfb-raw\.venv\Lib\site-packages\sportsdataverse\cfb\cfb_game_rosters.py", line 209, in helper_cfb_roster_items
    raise NoESPNDataError(f"NoESPNDataError: No roster data found for any team at {summary_url}")
sportsdataverse.errors.NoESPNDataError: NoESPNDataError: No roster data found for any team at https://sports.core.api.espn.com/v2/sports/football/leagues/college-football/events/243180150/competitions/243180150/competitors
2026-06-17 07:36:16,266 ERROR extra fetch failed: _rosters(243180096,)
Traceback (most recent call last):
  File "C:\Users\saiem\Documents\GitHub-Data\sdv-dev\cfbfastR-dev\cfbfastR-cfb-raw\python\_cfb_raw_utils.py", line 93, in _safe
    return fn(*args, **kwargs)
           ^^^^^^^^^^^^^^^^^^^
  File "C:\Users\saiem\Documents\GitHub-Data\sdv-dev\cfbfastR-dev\cfbfastR-cfb-raw\python\scrape_cfb_json.py", line 42, in _rosters
    return sdv.cfb.espn_cfb_game_rosters(
           ^^^^^^^^^^^^^^^^^^^^^^^^^^^^^^
  File "C:\Users\saiem\Documents\GitHub-Data\sdv-dev\cfbfastR-dev\cfbfastR-cfb-raw\.venv\Lib\site-packages\sportsdataverse\cfb\cfb_game_rosters.py", line 66, in espn_cfb_game_rosters
    team_rosters = helper_cfb_roster_items(items=items, summary_url=summary_url, **kwargs)
                   ^^^^^^^^^^^^^^^^^^^^^^^^^^^^^^^^^^^^^^^^^^^^^^^^^^^^^^^^^^^^^^^^^^^^^^^
  File "C:\Users\saiem\Documents\GitHub-Data\sdv-dev\cfbfastR-dev\cfbfastR-cfb-raw\.venv\Lib\site-packages\sportsdataverse\cfb\cfb_game_rosters.py", line 209, in helper_cfb_roster_items
    raise NoESPNDataError(f"NoESPNDataError: No roster data found for any team at {summary_url}")
sportsdataverse.errors.NoESPNDataError: NoESPNDataError: No roster data found for any team at https://sports.core.api.espn.com/v2/sports/football/leagues/college-football/events/243180096/competitions/243180096/competitors
2026-06-17 07:36:16,316 ERROR extra fetch failed: _rosters(243180038,)
Traceback (most recent call last):
  File "C:\Users\saiem\Documents\GitHub-Data\sdv-dev\cfbfastR-dev\cfbfastR-cfb-raw\python\_cfb_raw_utils.py", line 93, in _safe
    return fn(*args, **kwargs)
           ^^^^^^^^^^^^^^^^^^^
  File "C:\Users\saiem\Documents\GitHub-Data\sdv-dev\cfbfastR-dev\cfbfastR-cfb-raw\python\scrape_cfb_json.py", line 42, in _rosters
    return sdv.cfb.espn_cfb_game_rosters(
           ^^^^^^^^^^^^^^^^^^^^^^^^^^^^^^
  File "C:\Users\saiem\Documents\GitHub-Data\sdv-dev\cfbfastR-dev\cfbfastR-cfb-raw\.venv\Lib\site-packages\sportsdataverse\cfb\cfb_game_rosters.py", line 66, in espn_cfb_game_rosters
    team_rosters = helper_cfb_roster_items(items=items, summary_url=summary_url, **kwargs)
                   ^^^^^^^^^^^^^^^^^^^^^^^^^^^^^^^^^^^^^^^^^^^^^^^^^^^^^^^^^^^^^^^^^^^^^^^
  File "C:\Users\saiem\Documents\GitHub-Data\sdv-dev\cfbfastR-dev\cfbfastR-cfb-raw\.venv\Lib\site-packages\sportsdataverse\cfb\cfb_game_rosters.py", line 209, in helper_cfb_roster_items
    raise NoESPNDataError(f"NoESPNDataError: No roster data found for any team at {summary_url}")
sportsdataverse.errors.NoESPNDataError: NoESPNDataError: No roster data found for any team at https://sports.core.api.espn.com/v2/sports/football/leagues/college-football/events/243180038/competitions/243180038/competitors
2026-06-17 08:40:20,426 INFO season 2004: 13 hollow/missing games to rescrape
2026-06-17 08:40:23,214 ERROR extra fetch failed: _rosters(242462199,)
Traceback (most recent call last):
  File "C:\Users\saiem\Documents\GitHub-Data\sdv-dev\cfbfastR-dev\cfbfastR-cfb-raw\python\_cfb_raw_utils.py", line 106, in _safe
    return fn(*args, **kwargs)
           ^^^^^^^^^^^^^^^^^^^
  File "C:\Users\saiem\Documents\GitHub-Data\sdv-dev\cfbfastR-dev\cfbfastR-cfb-raw\python\scrape_cfb_json.py", line 42, in _rosters
    return sdv.cfb.espn_cfb_game_rosters(
           ^^^^^^^^^^^^^^^^^^^^^^^^^^^^^^
  File "C:\Users\saiem\Documents\GitHub-Data\sdv-dev\cfbfastR-dev\cfbfastR-cfb-raw\.venv\Lib\site-packages\sportsdataverse\cfb\cfb_game_rosters.py", line 66, in espn_cfb_game_rosters
    team_rosters = helper_cfb_roster_items(items=items, summary_url=summary_url, **kwargs)
                   ^^^^^^^^^^^^^^^^^^^^^^^^^^^^^^^^^^^^^^^^^^^^^^^^^^^^^^^^^^^^^^^^^^^^^^^
  File "C:\Users\saiem\Documents\GitHub-Data\sdv-dev\cfbfastR-dev\cfbfastR-cfb-raw\.venv\Lib\site-packages\sportsdataverse\cfb\cfb_game_rosters.py", line 209, in helper_cfb_roster_items
    raise NoESPNDataError(f"NoESPNDataError: No roster data found for any team at {summary_url}")
sportsdataverse.errors.NoESPNDataError: NoESPNDataError: No roster data found for any team at https://sports.core.api.espn.com/v2/sports/football/leagues/college-football/events/242462199/competitions/242462199/competitors
2026-06-17 08:40:23,244 ERROR extra fetch failed: _rosters(242502390,)
Traceback (most recent call last):
  File "C:\Users\saiem\Documents\GitHub-Data\sdv-dev\cfbfastR-dev\cfbfastR-cfb-raw\python\_cfb_raw_utils.py", line 106, in _safe
    return fn(*args, **kwargs)
           ^^^^^^^^^^^^^^^^^^^
  File "C:\Users\saiem\Documents\GitHub-Data\sdv-dev\cfbfastR-dev\cfbfastR-cfb-raw\python\scrape_cfb_json.py", line 42, in _rosters
    return sdv.cfb.espn_cfb_game_rosters(
           ^^^^^^^^^^^^^^^^^^^^^^^^^^^^^^
  File "C:\Users\saiem\Documents\GitHub-Data\sdv-dev\cfbfastR-dev\cfbfastR-cfb-raw\.venv\Lib\site-packages\sportsdataverse\cfb\cfb_game_rosters.py", line 66, in espn_cfb_game_rosters
    team_rosters = helper_cfb_roster_items(items=items, summary_url=summary_url, **kwargs)
                   ^^^^^^^^^^^^^^^^^^^^^^^^^^^^^^^^^^^^^^^^^^^^^^^^^^^^^^^^^^^^^^^^^^^^^^^
  File "C:\Users\saiem\Documents\GitHub-Data\sdv-dev\cfbfastR-dev\cfbfastR-cfb-raw\.venv\Lib\site-packages\sportsdataverse\cfb\cfb_game_rosters.py", line 209, in helper_cfb_roster_items
    raise NoESPNDataError(f"NoESPNDataError: No roster data found for any team at {summary_url}")
sportsdataverse.errors.NoESPNDataError: NoESPNDataError: No roster data found for any team at https://sports.core.api.espn.com/v2/sports/football/leagues/college-football/events/242502390/competitions/242502390/competitors
2026-06-17 08:40:23,310 ERROR extra fetch failed: _rosters(242500058,)
Traceback (most recent call last):
  File "C:\Users\saiem\Documents\GitHub-Data\sdv-dev\cfbfastR-dev\cfbfastR-cfb-raw\python\_cfb_raw_utils.py", line 106, in _safe
    return fn(*args, **kwargs)
           ^^^^^^^^^^^^^^^^^^^
  File "C:\Users\saiem\Documents\GitHub-Data\sdv-dev\cfbfastR-dev\cfbfastR-cfb-raw\python\scrape_cfb_json.py", line 42, in _rosters
    return sdv.cfb.espn_cfb_game_rosters(
           ^^^^^^^^^^^^^^^^^^^^^^^^^^^^^^
  File "C:\Users\saiem\Documents\GitHub-Data\sdv-dev\cfbfastR-dev\cfbfastR-cfb-raw\.venv\Lib\site-packages\sportsdataverse\cfb\cfb_game_rosters.py", line 66, in espn_cfb_game_rosters
    team_rosters = helper_cfb_roster_items(items=items, summary_url=summary_url, **kwargs)
                   ^^^^^^^^^^^^^^^^^^^^^^^^^^^^^^^^^^^^^^^^^^^^^^^^^^^^^^^^^^^^^^^^^^^^^^^
  File "C:\Users\saiem\Documents\GitHub-Data\sdv-dev\cfbfastR-dev\cfbfastR-cfb-raw\.venv\Lib\site-packages\sportsdataverse\cfb\cfb_game_rosters.py", line 209, in helper_cfb_roster_items
    raise NoESPNDataError(f"NoESPNDataError: No roster data found for any team at {summary_url}")
sportsdataverse.errors.NoESPNDataError: NoESPNDataError: No roster data found for any team at https://sports.core.api.espn.com/v2/sports/football/leagues/college-football/events/242500058/competitions/242500058/competitors
2026-06-17 08:40:23,321 ERROR extra fetch failed: _rosters(242480057,)
Traceback (most recent call last):
  File "C:\Users\saiem\Documents\GitHub-Data\sdv-dev\cfbfastR-dev\cfbfastR-cfb-raw\python\_cfb_raw_utils.py", line 106, in _safe
    return fn(*args, **kwargs)
           ^^^^^^^^^^^^^^^^^^^
  File "C:\Users\saiem\Documents\GitHub-Data\sdv-dev\cfbfastR-dev\cfbfastR-cfb-raw\python\scrape_cfb_json.py", line 42, in _rosters
    return sdv.cfb.espn_cfb_game_rosters(
           ^^^^^^^^^^^^^^^^^^^^^^^^^^^^^^
  File "C:\Users\saiem\Documents\GitHub-Data\sdv-dev\cfbfastR-dev\cfbfastR-cfb-raw\.venv\Lib\site-packages\sportsdataverse\cfb\cfb_game_rosters.py", line 66, in espn_cfb_game_rosters
    team_rosters = helper_cfb_roster_items(items=items, summary_url=summary_url, **kwargs)
                   ^^^^^^^^^^^^^^^^^^^^^^^^^^^^^^^^^^^^^^^^^^^^^^^^^^^^^^^^^^^^^^^^^^^^^^^
  File "C:\Users\saiem\Documents\GitHub-Data\sdv-dev\cfbfastR-dev\cfbfastR-cfb-raw\.venv\Lib\site-packages\sportsdataverse\cfb\cfb_game_rosters.py", line 209, in helper_cfb_roster_items
    raise NoESPNDataError(f"NoESPNDataError: No roster data found for any team at {summary_url}")
sportsdataverse.errors.NoESPNDataError: NoESPNDataError: No roster data found for any team at https://sports.core.api.espn.com/v2/sports/football/leagues/college-football/events/242480057/competitions/242480057/competitors
2026-06-17 08:40:23,830 ERROR extra fetch failed: _rosters(242602572,)
Traceback (most recent call last):
  File "C:\Users\saiem\Documents\GitHub-Data\sdv-dev\cfbfastR-dev\cfbfastR-cfb-raw\python\_cfb_raw_utils.py", line 106, in _safe
    return fn(*args, **kwargs)
           ^^^^^^^^^^^^^^^^^^^
  File "C:\Users\saiem\Documents\GitHub-Data\sdv-dev\cfbfastR-dev\cfbfastR-cfb-raw\python\scrape_cfb_json.py", line 42, in _rosters
    return sdv.cfb.espn_cfb_game_rosters(
           ^^^^^^^^^^^^^^^^^^^^^^^^^^^^^^
  File "C:\Users\saiem\Documents\GitHub-Data\sdv-dev\cfbfastR-dev\cfbfastR-cfb-raw\.venv\Lib\site-packages\sportsdataverse\cfb\cfb_game_rosters.py", line 66, in espn_cfb_game_rosters
    team_rosters = helper_cfb_roster_items(items=items, summary_url=summary_url, **kwargs)
                   ^^^^^^^^^^^^^^^^^^^^^^^^^^^^^^^^^^^^^^^^^^^^^^^^^^^^^^^^^^^^^^^^^^^^^^^
  File "C:\Users\saiem\Documents\GitHub-Data\sdv-dev\cfbfastR-dev\cfbfastR-cfb-raw\.venv\Lib\site-packages\sportsdataverse\cfb\cfb_game_rosters.py", line 209, in helper_cfb_roster_items
    raise NoESPNDataError(f"NoESPNDataError: No roster data found for any team at {summary_url}")
sportsdataverse.errors.NoESPNDataError: NoESPNDataError: No roster data found for any team at https://sports.core.api.espn.com/v2/sports/football/leagues/college-football/events/242602572/competitions/242602572/competitors
2026-06-17 08:40:23,831 ERROR extra fetch failed: _rosters(242622655,)
Traceback (most recent call last):
  File "C:\Users\saiem\Documents\GitHub-Data\sdv-dev\cfbfastR-dev\cfbfastR-cfb-raw\python\_cfb_raw_utils.py", line 106, in _safe
    return fn(*args, **kwargs)
           ^^^^^^^^^^^^^^^^^^^
  File "C:\Users\saiem\Documents\GitHub-Data\sdv-dev\cfbfastR-dev\cfbfastR-cfb-raw\python\scrape_cfb_json.py", line 42, in _rosters
    return sdv.cfb.espn_cfb_game_rosters(
           ^^^^^^^^^^^^^^^^^^^^^^^^^^^^^^
  File "C:\Users\saiem\Documents\GitHub-Data\sdv-dev\cfbfastR-dev\cfbfastR-cfb-raw\.venv\Lib\site-packages\sportsdataverse\cfb\cfb_game_rosters.py", line 66, in espn_cfb_game_rosters
    team_rosters = helper_cfb_roster_items(items=items, summary_url=summary_url, **kwargs)
                   ^^^^^^^^^^^^^^^^^^^^^^^^^^^^^^^^^^^^^^^^^^^^^^^^^^^^^^^^^^^^^^^^^^^^^^^
  File "C:\Users\saiem\Documents\GitHub-Data\sdv-dev\cfbfastR-dev\cfbfastR-cfb-raw\.venv\Lib\site-packages\sportsdataverse\cfb\cfb_game_rosters.py", line 209, in helper_cfb_roster_items
    raise NoESPNDataError(f"NoESPNDataError: No roster data found for any team at {summary_url}")
sportsdataverse.errors.NoESPNDataError: NoESPNDataError: No roster data found for any team at https://sports.core.api.espn.com/v2/sports/football/leagues/college-football/events/242622655/competitions/242622655/competitors
2026-06-17 08:40:24,024 ERROR extra fetch failed: _rosters(242690005,)
Traceback (most recent call last):
  File "C:\Users\saiem\Documents\GitHub-Data\sdv-dev\cfbfastR-dev\cfbfastR-cfb-raw\python\_cfb_raw_utils.py", line 106, in _safe
    return fn(*args, **kwargs)
           ^^^^^^^^^^^^^^^^^^^
  File "C:\Users\saiem\Documents\GitHub-Data\sdv-dev\cfbfastR-dev\cfbfastR-cfb-raw\python\scrape_cfb_json.py", line 42, in _rosters
    return sdv.cfb.espn_cfb_game_rosters(
           ^^^^^^^^^^^^^^^^^^^^^^^^^^^^^^
  File "C:\Users\saiem\Documents\GitHub-Data\sdv-dev\cfbfastR-dev\cfbfastR-cfb-raw\.venv\Lib\site-packages\sportsdataverse\cfb\cfb_game_rosters.py", line 66, in espn_cfb_game_rosters
    team_rosters = helper_cfb_roster_items(items=items, summary_url=summary_url, **kwargs)
                   ^^^^^^^^^^^^^^^^^^^^^^^^^^^^^^^^^^^^^^^^^^^^^^^^^^^^^^^^^^^^^^^^^^^^^^^
  File "C:\Users\saiem\Documents\GitHub-Data\sdv-dev\cfbfastR-dev\cfbfastR-cfb-raw\.venv\Lib\site-packages\sportsdataverse\cfb\cfb_game_rosters.py", line 209, in helper_cfb_roster_items
    raise NoESPNDataError(f"NoESPNDataError: No roster data found for any team at {summary_url}")
sportsdataverse.errors.NoESPNDataError: NoESPNDataError: No roster data found for any team at https://sports.core.api.espn.com/v2/sports/football/leagues/college-football/events/242690005/competitions/242690005/competitors
2026-06-17 08:40:24,065 ERROR extra fetch failed: _rosters(242690195,)
Traceback (most recent call last):
  File "C:\Users\saiem\Documents\GitHub-Data\sdv-dev\cfbfastR-dev\cfbfastR-cfb-raw\python\_cfb_raw_utils.py", line 106, in _safe
    return fn(*args, **kwargs)
           ^^^^^^^^^^^^^^^^^^^
  File "C:\Users\saiem\Documents\GitHub-Data\sdv-dev\cfbfastR-dev\cfbfastR-cfb-raw\python\scrape_cfb_json.py", line 42, in _rosters
    return sdv.cfb.espn_cfb_game_rosters(
           ^^^^^^^^^^^^^^^^^^^^^^^^^^^^^^
  File "C:\Users\saiem\Documents\GitHub-Data\sdv-dev\cfbfastR-dev\cfbfastR-cfb-raw\.venv\Lib\site-packages\sportsdataverse\cfb\cfb_game_rosters.py", line 66, in espn_cfb_game_rosters
    team_rosters = helper_cfb_roster_items(items=items, summary_url=summary_url, **kwargs)
                   ^^^^^^^^^^^^^^^^^^^^^^^^^^^^^^^^^^^^^^^^^^^^^^^^^^^^^^^^^^^^^^^^^^^^^^^
  File "C:\Users\saiem\Documents\GitHub-Data\sdv-dev\cfbfastR-dev\cfbfastR-cfb-raw\.venv\Lib\site-packages\sportsdataverse\cfb\cfb_game_rosters.py", line 209, in helper_cfb_roster_items
    raise NoESPNDataError(f"NoESPNDataError: No roster data found for any team at {summary_url}")
sportsdataverse.errors.NoESPNDataError: NoESPNDataError: No roster data found for any team at https://sports.core.api.espn.com/v2/sports/football/leagues/college-football/events/242690195/competitions/242690195/competitors
2026-06-17 08:40:24,570 ERROR extra fetch failed: _rosters(243180218,)
Traceback (most recent call last):
  File "C:\Users\saiem\Documents\GitHub-Data\sdv-dev\cfbfastR-dev\cfbfastR-cfb-raw\python\_cfb_raw_utils.py", line 106, in _safe
    return fn(*args, **kwargs)
           ^^^^^^^^^^^^^^^^^^^
  File "C:\Users\saiem\Documents\GitHub-Data\sdv-dev\cfbfastR-dev\cfbfastR-cfb-raw\python\scrape_cfb_json.py", line 42, in _rosters
    return sdv.cfb.espn_cfb_game_rosters(
           ^^^^^^^^^^^^^^^^^^^^^^^^^^^^^^
  File "C:\Users\saiem\Documents\GitHub-Data\sdv-dev\cfbfastR-dev\cfbfastR-cfb-raw\.venv\Lib\site-packages\sportsdataverse\cfb\cfb_game_rosters.py", line 66, in espn_cfb_game_rosters
    team_rosters = helper_cfb_roster_items(items=items, summary_url=summary_url, **kwargs)
                   ^^^^^^^^^^^^^^^^^^^^^^^^^^^^^^^^^^^^^^^^^^^^^^^^^^^^^^^^^^^^^^^^^^^^^^^
  File "C:\Users\saiem\Documents\GitHub-Data\sdv-dev\cfbfastR-dev\cfbfastR-cfb-raw\.venv\Lib\site-packages\sportsdataverse\cfb\cfb_game_rosters.py", line 209, in helper_cfb_roster_items
    raise NoESPNDataError(f"NoESPNDataError: No roster data found for any team at {summary_url}")
sportsdataverse.errors.NoESPNDataError: NoESPNDataError: No roster data found for any team at https://sports.core.api.espn.com/v2/sports/football/leagues/college-football/events/243180218/competitions/243180218/competitors
2026-06-17 08:40:24,650 ERROR extra fetch failed: _rosters(243180084,)
Traceback (most recent call last):
  File "C:\Users\saiem\Documents\GitHub-Data\sdv-dev\cfbfastR-dev\cfbfastR-cfb-raw\python\_cfb_raw_utils.py", line 106, in _safe
    return fn(*args, **kwargs)
           ^^^^^^^^^^^^^^^^^^^
  File "C:\Users\saiem\Documents\GitHub-Data\sdv-dev\cfbfastR-dev\cfbfastR-cfb-raw\python\scrape_cfb_json.py", line 42, in _rosters
    return sdv.cfb.espn_cfb_game_rosters(
           ^^^^^^^^^^^^^^^^^^^^^^^^^^^^^^
  File "C:\Users\saiem\Documents\GitHub-Data\sdv-dev\cfbfastR-dev\cfbfastR-cfb-raw\.venv\Lib\site-packages\sportsdataverse\cfb\cfb_game_rosters.py", line 66, in espn_cfb_game_rosters
    team_rosters = helper_cfb_roster_items(items=items, summary_url=summary_url, **kwargs)
                   ^^^^^^^^^^^^^^^^^^^^^^^^^^^^^^^^^^^^^^^^^^^^^^^^^^^^^^^^^^^^^^^^^^^^^^^
  File "C:\Users\saiem\Documents\GitHub-Data\sdv-dev\cfbfastR-dev\cfbfastR-cfb-raw\.venv\Lib\site-packages\sportsdataverse\cfb\cfb_game_rosters.py", line 209, in helper_cfb_roster_items
    raise NoESPNDataError(f"NoESPNDataError: No roster data found for any team at {summary_url}")
sportsdataverse.errors.NoESPNDataError: NoESPNDataError: No roster data found for any team at https://sports.core.api.espn.com/v2/sports/football/leagues/college-football/events/243180084/competitions/243180084/competitors
2026-06-17 08:40:24,791 ERROR extra fetch failed: _rosters(243180150,)
Traceback (most recent call last):
  File "C:\Users\saiem\Documents\GitHub-Data\sdv-dev\cfbfastR-dev\cfbfastR-cfb-raw\python\_cfb_raw_utils.py", line 106, in _safe
    return fn(*args, **kwargs)
           ^^^^^^^^^^^^^^^^^^^
  File "C:\Users\saiem\Documents\GitHub-Data\sdv-dev\cfbfastR-dev\cfbfastR-cfb-raw\python\scrape_cfb_json.py", line 42, in _rosters
    return sdv.cfb.espn_cfb_game_rosters(
           ^^^^^^^^^^^^^^^^^^^^^^^^^^^^^^
  File "C:\Users\saiem\Documents\GitHub-Data\sdv-dev\cfbfastR-dev\cfbfastR-cfb-raw\.venv\Lib\site-packages\sportsdataverse\cfb\cfb_game_rosters.py", line 66, in espn_cfb_game_rosters
    team_rosters = helper_cfb_roster_items(items=items, summary_url=summary_url, **kwargs)
                   ^^^^^^^^^^^^^^^^^^^^^^^^^^^^^^^^^^^^^^^^^^^^^^^^^^^^^^^^^^^^^^^^^^^^^^^
  File "C:\Users\saiem\Documents\GitHub-Data\sdv-dev\cfbfastR-dev\cfbfastR-cfb-raw\.venv\Lib\site-packages\sportsdataverse\cfb\cfb_game_rosters.py", line 209, in helper_cfb_roster_items
    raise NoESPNDataError(f"NoESPNDataError: No roster data found for any team at {summary_url}")
sportsdataverse.errors.NoESPNDataError: NoESPNDataError: No roster data found for any team at https://sports.core.api.espn.com/v2/sports/football/leagues/college-football/events/243180150/competitions/243180150/competitors
2026-06-17 08:40:24,847 ERROR extra fetch failed: _rosters(243180096,)
Traceback (most recent call last):
  File "C:\Users\saiem\Documents\GitHub-Data\sdv-dev\cfbfastR-dev\cfbfastR-cfb-raw\python\_cfb_raw_utils.py", line 106, in _safe
    return fn(*args, **kwargs)
           ^^^^^^^^^^^^^^^^^^^
  File "C:\Users\saiem\Documents\GitHub-Data\sdv-dev\cfbfastR-dev\cfbfastR-cfb-raw\python\scrape_cfb_json.py", line 42, in _rosters
    return sdv.cfb.espn_cfb_game_rosters(
           ^^^^^^^^^^^^^^^^^^^^^^^^^^^^^^
  File "C:\Users\saiem\Documents\GitHub-Data\sdv-dev\cfbfastR-dev\cfbfastR-cfb-raw\.venv\Lib\site-packages\sportsdataverse\cfb\cfb_game_rosters.py", line 66, in espn_cfb_game_rosters
    team_rosters = helper_cfb_roster_items(items=items, summary_url=summary_url, **kwargs)
                   ^^^^^^^^^^^^^^^^^^^^^^^^^^^^^^^^^^^^^^^^^^^^^^^^^^^^^^^^^^^^^^^^^^^^^^^
  File "C:\Users\saiem\Documents\GitHub-Data\sdv-dev\cfbfastR-dev\cfbfastR-cfb-raw\.venv\Lib\site-packages\sportsdataverse\cfb\cfb_game_rosters.py", line 209, in helper_cfb_roster_items
    raise NoESPNDataError(f"NoESPNDataError: No roster data found for any team at {summary_url}")
sportsdataverse.errors.NoESPNDataError: NoESPNDataError: No roster data found for any team at https://sports.core.api.espn.com/v2/sports/football/leagues/college-football/events/243180096/competitions/243180096/competitors
2026-06-17 08:40:25,302 ERROR extra fetch failed: _rosters(243180038,)
Traceback (most recent call last):
  File "C:\Users\saiem\Documents\GitHub-Data\sdv-dev\cfbfastR-dev\cfbfastR-cfb-raw\python\_cfb_raw_utils.py", line 106, in _safe
    return fn(*args, **kwargs)
           ^^^^^^^^^^^^^^^^^^^
  File "C:\Users\saiem\Documents\GitHub-Data\sdv-dev\cfbfastR-dev\cfbfastR-cfb-raw\python\scrape_cfb_json.py", line 42, in _rosters
    return sdv.cfb.espn_cfb_game_rosters(
           ^^^^^^^^^^^^^^^^^^^^^^^^^^^^^^
  File "C:\Users\saiem\Documents\GitHub-Data\sdv-dev\cfbfastR-dev\cfbfastR-cfb-raw\.venv\Lib\site-packages\sportsdataverse\cfb\cfb_game_rosters.py", line 66, in espn_cfb_game_rosters
    team_rosters = helper_cfb_roster_items(items=items, summary_url=summary_url, **kwargs)
                   ^^^^^^^^^^^^^^^^^^^^^^^^^^^^^^^^^^^^^^^^^^^^^^^^^^^^^^^^^^^^^^^^^^^^^^^
  File "C:\Users\saiem\Documents\GitHub-Data\sdv-dev\cfbfastR-dev\cfbfastR-cfb-raw\.venv\Lib\site-packages\sportsdataverse\cfb\cfb_game_rosters.py", line 209, in helper_cfb_roster_items
    raise NoESPNDataError(f"NoESPNDataError: No roster data found for any team at {summary_url}")
sportsdataverse.errors.NoESPNDataError: NoESPNDataError: No roster data found for any team at https://sports.core.api.espn.com/v2/sports/football/leagues/college-football/events/243180038/competitions/243180038/competitors
2026-06-17 11:39:08,723 INFO season 2004: 13 hollow/missing games to rescrape
2026-06-17 11:39:11,462 ERROR extra fetch failed: _rosters(242462199,)
Traceback (most recent call last):
  File "C:\Users\saiem\Documents\GitHub-Data\sdv-dev\cfbfastR-dev\cfbfastR-cfb-raw\python\_cfb_raw_utils.py", line 106, in _safe
    return fn(*args, **kwargs)
           ^^^^^^^^^^^^^^^^^^^
  File "C:\Users\saiem\Documents\GitHub-Data\sdv-dev\cfbfastR-dev\cfbfastR-cfb-raw\python\scrape_cfb_json.py", line 42, in _rosters
    return sdv.cfb.espn_cfb_game_rosters(
           ^^^^^^^^^^^^^^^^^^^^^^^^^^^^^^
  File "C:\Users\saiem\Documents\GitHub-Data\sdv-dev\cfbfastR-dev\cfbfastR-cfb-raw\.venv\Lib\site-packages\sportsdataverse\cfb\cfb_game_rosters.py", line 66, in espn_cfb_game_rosters
    team_rosters = helper_cfb_roster_items(items=items, summary_url=summary_url, **kwargs)
                   ^^^^^^^^^^^^^^^^^^^^^^^^^^^^^^^^^^^^^^^^^^^^^^^^^^^^^^^^^^^^^^^^^^^^^^^
  File "C:\Users\saiem\Documents\GitHub-Data\sdv-dev\cfbfastR-dev\cfbfastR-cfb-raw\.venv\Lib\site-packages\sportsdataverse\cfb\cfb_game_rosters.py", line 209, in helper_cfb_roster_items
    raise NoESPNDataError(f"NoESPNDataError: No roster data found for any team at {summary_url}")
sportsdataverse.errors.NoESPNDataError: NoESPNDataError: No roster data found for any team at https://sports.core.api.espn.com/v2/sports/football/leagues/college-football/events/242462199/competitions/242462199/competitors
2026-06-17 11:39:11,462 ERROR extra fetch failed: _rosters(242500058,)
Traceback (most recent call last):
  File "C:\Users\saiem\Documents\GitHub-Data\sdv-dev\cfbfastR-dev\cfbfastR-cfb-raw\python\_cfb_raw_utils.py", line 106, in _safe
    return fn(*args, **kwargs)
           ^^^^^^^^^^^^^^^^^^^
  File "C:\Users\saiem\Documents\GitHub-Data\sdv-dev\cfbfastR-dev\cfbfastR-cfb-raw\python\scrape_cfb_json.py", line 42, in _rosters
    return sdv.cfb.espn_cfb_game_rosters(
           ^^^^^^^^^^^^^^^^^^^^^^^^^^^^^^
  File "C:\Users\saiem\Documents\GitHub-Data\sdv-dev\cfbfastR-dev\cfbfastR-cfb-raw\.venv\Lib\site-packages\sportsdataverse\cfb\cfb_game_rosters.py", line 66, in espn_cfb_game_rosters
    team_rosters = helper_cfb_roster_items(items=items, summary_url=summary_url, **kwargs)
                   ^^^^^^^^^^^^^^^^^^^^^^^^^^^^^^^^^^^^^^^^^^^^^^^^^^^^^^^^^^^^^^^^^^^^^^^
  File "C:\Users\saiem\Documents\GitHub-Data\sdv-dev\cfbfastR-dev\cfbfastR-cfb-raw\.venv\Lib\site-packages\sportsdataverse\cfb\cfb_game_rosters.py", line 209, in helper_cfb_roster_items
    raise NoESPNDataError(f"NoESPNDataError: No roster data found for any team at {summary_url}")
sportsdataverse.errors.NoESPNDataError: NoESPNDataError: No roster data found for any team at https://sports.core.api.espn.com/v2/sports/football/leagues/college-football/events/242500058/competitions/242500058/competitors
2026-06-17 11:39:11,480 ERROR extra fetch failed: _rosters(242502390,)
Traceback (most recent call last):
  File "C:\Users\saiem\Documents\GitHub-Data\sdv-dev\cfbfastR-dev\cfbfastR-cfb-raw\python\_cfb_raw_utils.py", line 106, in _safe
    return fn(*args, **kwargs)
           ^^^^^^^^^^^^^^^^^^^
  File "C:\Users\saiem\Documents\GitHub-Data\sdv-dev\cfbfastR-dev\cfbfastR-cfb-raw\python\scrape_cfb_json.py", line 42, in _rosters
    return sdv.cfb.espn_cfb_game_rosters(
           ^^^^^^^^^^^^^^^^^^^^^^^^^^^^^^
  File "C:\Users\saiem\Documents\GitHub-Data\sdv-dev\cfbfastR-dev\cfbfastR-cfb-raw\.venv\Lib\site-packages\sportsdataverse\cfb\cfb_game_rosters.py", line 66, in espn_cfb_game_rosters
    team_rosters = helper_cfb_roster_items(items=items, summary_url=summary_url, **kwargs)
                   ^^^^^^^^^^^^^^^^^^^^^^^^^^^^^^^^^^^^^^^^^^^^^^^^^^^^^^^^^^^^^^^^^^^^^^^
  File "C:\Users\saiem\Documents\GitHub-Data\sdv-dev\cfbfastR-dev\cfbfastR-cfb-raw\.venv\Lib\site-packages\sportsdataverse\cfb\cfb_game_rosters.py", line 209, in helper_cfb_roster_items
    raise NoESPNDataError(f"NoESPNDataError: No roster data found for any team at {summary_url}")
sportsdataverse.errors.NoESPNDataError: NoESPNDataError: No roster data found for any team at https://sports.core.api.espn.com/v2/sports/football/leagues/college-football/events/242502390/competitions/242502390/competitors
2026-06-17 11:39:11,537 ERROR extra fetch failed: _rosters(242480057,)
Traceback (most recent call last):
  File "C:\Users\saiem\Documents\GitHub-Data\sdv-dev\cfbfastR-dev\cfbfastR-cfb-raw\python\_cfb_raw_utils.py", line 106, in _safe
    return fn(*args, **kwargs)
           ^^^^^^^^^^^^^^^^^^^
  File "C:\Users\saiem\Documents\GitHub-Data\sdv-dev\cfbfastR-dev\cfbfastR-cfb-raw\python\scrape_cfb_json.py", line 42, in _rosters
    return sdv.cfb.espn_cfb_game_rosters(
           ^^^^^^^^^^^^^^^^^^^^^^^^^^^^^^
  File "C:\Users\saiem\Documents\GitHub-Data\sdv-dev\cfbfastR-dev\cfbfastR-cfb-raw\.venv\Lib\site-packages\sportsdataverse\cfb\cfb_game_rosters.py", line 66, in espn_cfb_game_rosters
    team_rosters = helper_cfb_roster_items(items=items, summary_url=summary_url, **kwargs)
                   ^^^^^^^^^^^^^^^^^^^^^^^^^^^^^^^^^^^^^^^^^^^^^^^^^^^^^^^^^^^^^^^^^^^^^^^
  File "C:\Users\saiem\Documents\GitHub-Data\sdv-dev\cfbfastR-dev\cfbfastR-cfb-raw\.venv\Lib\site-packages\sportsdataverse\cfb\cfb_game_rosters.py", line 209, in helper_cfb_roster_items
    raise NoESPNDataError(f"NoESPNDataError: No roster data found for any team at {summary_url}")
sportsdataverse.errors.NoESPNDataError: NoESPNDataError: No roster data found for any team at https://sports.core.api.espn.com/v2/sports/football/leagues/college-football/events/242480057/competitions/242480057/competitors
2026-06-17 11:39:12,104 ERROR extra fetch failed: _rosters(242602572,)
Traceback (most recent call last):
  File "C:\Users\saiem\Documents\GitHub-Data\sdv-dev\cfbfastR-dev\cfbfastR-cfb-raw\python\_cfb_raw_utils.py", line 106, in _safe
    return fn(*args, **kwargs)
           ^^^^^^^^^^^^^^^^^^^
  File "C:\Users\saiem\Documents\GitHub-Data\sdv-dev\cfbfastR-dev\cfbfastR-cfb-raw\python\scrape_cfb_json.py", line 42, in _rosters
    return sdv.cfb.espn_cfb_game_rosters(
           ^^^^^^^^^^^^^^^^^^^^^^^^^^^^^^
  File "C:\Users\saiem\Documents\GitHub-Data\sdv-dev\cfbfastR-dev\cfbfastR-cfb-raw\.venv\Lib\site-packages\sportsdataverse\cfb\cfb_game_rosters.py", line 66, in espn_cfb_game_rosters
    team_rosters = helper_cfb_roster_items(items=items, summary_url=summary_url, **kwargs)
                   ^^^^^^^^^^^^^^^^^^^^^^^^^^^^^^^^^^^^^^^^^^^^^^^^^^^^^^^^^^^^^^^^^^^^^^^
  File "C:\Users\saiem\Documents\GitHub-Data\sdv-dev\cfbfastR-dev\cfbfastR-cfb-raw\.venv\Lib\site-packages\sportsdataverse\cfb\cfb_game_rosters.py", line 209, in helper_cfb_roster_items
    raise NoESPNDataError(f"NoESPNDataError: No roster data found for any team at {summary_url}")
sportsdataverse.errors.NoESPNDataError: NoESPNDataError: No roster data found for any team at https://sports.core.api.espn.com/v2/sports/football/leagues/college-football/events/242602572/competitions/242602572/competitors
2026-06-17 11:39:12,117 ERROR extra fetch failed: _rosters(242690005,)
Traceback (most recent call last):
  File "C:\Users\saiem\Documents\GitHub-Data\sdv-dev\cfbfastR-dev\cfbfastR-cfb-raw\python\_cfb_raw_utils.py", line 106, in _safe
    return fn(*args, **kwargs)
           ^^^^^^^^^^^^^^^^^^^
  File "C:\Users\saiem\Documents\GitHub-Data\sdv-dev\cfbfastR-dev\cfbfastR-cfb-raw\python\scrape_cfb_json.py", line 42, in _rosters
    return sdv.cfb.espn_cfb_game_rosters(
           ^^^^^^^^^^^^^^^^^^^^^^^^^^^^^^
  File "C:\Users\saiem\Documents\GitHub-Data\sdv-dev\cfbfastR-dev\cfbfastR-cfb-raw\.venv\Lib\site-packages\sportsdataverse\cfb\cfb_game_rosters.py", line 66, in espn_cfb_game_rosters
    team_rosters = helper_cfb_roster_items(items=items, summary_url=summary_url, **kwargs)
                   ^^^^^^^^^^^^^^^^^^^^^^^^^^^^^^^^^^^^^^^^^^^^^^^^^^^^^^^^^^^^^^^^^^^^^^^
  File "C:\Users\saiem\Documents\GitHub-Data\sdv-dev\cfbfastR-dev\cfbfastR-cfb-raw\.venv\Lib\site-packages\sportsdataverse\cfb\cfb_game_rosters.py", line 209, in helper_cfb_roster_items
    raise NoESPNDataError(f"NoESPNDataError: No roster data found for any team at {summary_url}")
sportsdataverse.errors.NoESPNDataError: NoESPNDataError: No roster data found for any team at https://sports.core.api.espn.com/v2/sports/football/leagues/college-football/events/242690005/competitions/242690005/competitors
2026-06-17 11:39:12,146 ERROR extra fetch failed: _rosters(242622655,)
Traceback (most recent call last):
  File "C:\Users\saiem\Documents\GitHub-Data\sdv-dev\cfbfastR-dev\cfbfastR-cfb-raw\python\_cfb_raw_utils.py", line 106, in _safe
    return fn(*args, **kwargs)
           ^^^^^^^^^^^^^^^^^^^
  File "C:\Users\saiem\Documents\GitHub-Data\sdv-dev\cfbfastR-dev\cfbfastR-cfb-raw\python\scrape_cfb_json.py", line 42, in _rosters
    return sdv.cfb.espn_cfb_game_rosters(
           ^^^^^^^^^^^^^^^^^^^^^^^^^^^^^^
  File "C:\Users\saiem\Documents\GitHub-Data\sdv-dev\cfbfastR-dev\cfbfastR-cfb-raw\.venv\Lib\site-packages\sportsdataverse\cfb\cfb_game_rosters.py", line 66, in espn_cfb_game_rosters
    team_rosters = helper_cfb_roster_items(items=items, summary_url=summary_url, **kwargs)
                   ^^^^^^^^^^^^^^^^^^^^^^^^^^^^^^^^^^^^^^^^^^^^^^^^^^^^^^^^^^^^^^^^^^^^^^^
  File "C:\Users\saiem\Documents\GitHub-Data\sdv-dev\cfbfastR-dev\cfbfastR-cfb-raw\.venv\Lib\site-packages\sportsdataverse\cfb\cfb_game_rosters.py", line 209, in helper_cfb_roster_items
    raise NoESPNDataError(f"NoESPNDataError: No roster data found for any team at {summary_url}")
sportsdataverse.errors.NoESPNDataError: NoESPNDataError: No roster data found for any team at https://sports.core.api.espn.com/v2/sports/football/leagues/college-football/events/242622655/competitions/242622655/competitors
2026-06-17 11:39:12,213 ERROR extra fetch failed: _rosters(242690195,)
Traceback (most recent call last):
  File "C:\Users\saiem\Documents\GitHub-Data\sdv-dev\cfbfastR-dev\cfbfastR-cfb-raw\python\_cfb_raw_utils.py", line 106, in _safe
    return fn(*args, **kwargs)
           ^^^^^^^^^^^^^^^^^^^
  File "C:\Users\saiem\Documents\GitHub-Data\sdv-dev\cfbfastR-dev\cfbfastR-cfb-raw\python\scrape_cfb_json.py", line 42, in _rosters
    return sdv.cfb.espn_cfb_game_rosters(
           ^^^^^^^^^^^^^^^^^^^^^^^^^^^^^^
  File "C:\Users\saiem\Documents\GitHub-Data\sdv-dev\cfbfastR-dev\cfbfastR-cfb-raw\.venv\Lib\site-packages\sportsdataverse\cfb\cfb_game_rosters.py", line 66, in espn_cfb_game_rosters
    team_rosters = helper_cfb_roster_items(items=items, summary_url=summary_url, **kwargs)
                   ^^^^^^^^^^^^^^^^^^^^^^^^^^^^^^^^^^^^^^^^^^^^^^^^^^^^^^^^^^^^^^^^^^^^^^^
  File "C:\Users\saiem\Documents\GitHub-Data\sdv-dev\cfbfastR-dev\cfbfastR-cfb-raw\.venv\Lib\site-packages\sportsdataverse\cfb\cfb_game_rosters.py", line 209, in helper_cfb_roster_items
    raise NoESPNDataError(f"NoESPNDataError: No roster data found for any team at {summary_url}")
sportsdataverse.errors.NoESPNDataError: NoESPNDataError: No roster data found for any team at https://sports.core.api.espn.com/v2/sports/football/leagues/college-football/events/242690195/competitions/242690195/competitors
2026-06-17 11:39:12,810 ERROR extra fetch failed: _rosters(243180084,)
Traceback (most recent call last):
  File "C:\Users\saiem\Documents\GitHub-Data\sdv-dev\cfbfastR-dev\cfbfastR-cfb-raw\python\_cfb_raw_utils.py", line 106, in _safe
    return fn(*args, **kwargs)
           ^^^^^^^^^^^^^^^^^^^
  File "C:\Users\saiem\Documents\GitHub-Data\sdv-dev\cfbfastR-dev\cfbfastR-cfb-raw\python\scrape_cfb_json.py", line 42, in _rosters
    return sdv.cfb.espn_cfb_game_rosters(
           ^^^^^^^^^^^^^^^^^^^^^^^^^^^^^^
  File "C:\Users\saiem\Documents\GitHub-Data\sdv-dev\cfbfastR-dev\cfbfastR-cfb-raw\.venv\Lib\site-packages\sportsdataverse\cfb\cfb_game_rosters.py", line 66, in espn_cfb_game_rosters
    team_rosters = helper_cfb_roster_items(items=items, summary_url=summary_url, **kwargs)
                   ^^^^^^^^^^^^^^^^^^^^^^^^^^^^^^^^^^^^^^^^^^^^^^^^^^^^^^^^^^^^^^^^^^^^^^^
  File "C:\Users\saiem\Documents\GitHub-Data\sdv-dev\cfbfastR-dev\cfbfastR-cfb-raw\.venv\Lib\site-packages\sportsdataverse\cfb\cfb_game_rosters.py", line 209, in helper_cfb_roster_items
    raise NoESPNDataError(f"NoESPNDataError: No roster data found for any team at {summary_url}")
sportsdataverse.errors.NoESPNDataError: NoESPNDataError: No roster data found for any team at https://sports.core.api.espn.com/v2/sports/football/leagues/college-football/events/243180084/competitions/243180084/competitors
2026-06-17 11:39:12,883 ERROR extra fetch failed: _rosters(243180096,)
Traceback (most recent call last):
  File "C:\Users\saiem\Documents\GitHub-Data\sdv-dev\cfbfastR-dev\cfbfastR-cfb-raw\python\_cfb_raw_utils.py", line 106, in _safe
    return fn(*args, **kwargs)
           ^^^^^^^^^^^^^^^^^^^
  File "C:\Users\saiem\Documents\GitHub-Data\sdv-dev\cfbfastR-dev\cfbfastR-cfb-raw\python\scrape_cfb_json.py", line 42, in _rosters
    return sdv.cfb.espn_cfb_game_rosters(
           ^^^^^^^^^^^^^^^^^^^^^^^^^^^^^^
  File "C:\Users\saiem\Documents\GitHub-Data\sdv-dev\cfbfastR-dev\cfbfastR-cfb-raw\.venv\Lib\site-packages\sportsdataverse\cfb\cfb_game_rosters.py", line 66, in espn_cfb_game_rosters
    team_rosters = helper_cfb_roster_items(items=items, summary_url=summary_url, **kwargs)
                   ^^^^^^^^^^^^^^^^^^^^^^^^^^^^^^^^^^^^^^^^^^^^^^^^^^^^^^^^^^^^^^^^^^^^^^^
  File "C:\Users\saiem\Documents\GitHub-Data\sdv-dev\cfbfastR-dev\cfbfastR-cfb-raw\.venv\Lib\site-packages\sportsdataverse\cfb\cfb_game_rosters.py", line 209, in helper_cfb_roster_items
    raise NoESPNDataError(f"NoESPNDataError: No roster data found for any team at {summary_url}")
sportsdataverse.errors.NoESPNDataError: NoESPNDataError: No roster data found for any team at https://sports.core.api.espn.com/v2/sports/football/leagues/college-football/events/243180096/competitions/243180096/competitors
2026-06-17 11:39:12,911 ERROR extra fetch failed: _rosters(243180218,)
Traceback (most recent call last):
  File "C:\Users\saiem\Documents\GitHub-Data\sdv-dev\cfbfastR-dev\cfbfastR-cfb-raw\python\_cfb_raw_utils.py", line 106, in _safe
    return fn(*args, **kwargs)
           ^^^^^^^^^^^^^^^^^^^
  File "C:\Users\saiem\Documents\GitHub-Data\sdv-dev\cfbfastR-dev\cfbfastR-cfb-raw\python\scrape_cfb_json.py", line 42, in _rosters
    return sdv.cfb.espn_cfb_game_rosters(
           ^^^^^^^^^^^^^^^^^^^^^^^^^^^^^^
  File "C:\Users\saiem\Documents\GitHub-Data\sdv-dev\cfbfastR-dev\cfbfastR-cfb-raw\.venv\Lib\site-packages\sportsdataverse\cfb\cfb_game_rosters.py", line 66, in espn_cfb_game_rosters
    team_rosters = helper_cfb_roster_items(items=items, summary_url=summary_url, **kwargs)
                   ^^^^^^^^^^^^^^^^^^^^^^^^^^^^^^^^^^^^^^^^^^^^^^^^^^^^^^^^^^^^^^^^^^^^^^^
  File "C:\Users\saiem\Documents\GitHub-Data\sdv-dev\cfbfastR-dev\cfbfastR-cfb-raw\.venv\Lib\site-packages\sportsdataverse\cfb\cfb_game_rosters.py", line 209, in helper_cfb_roster_items
    raise NoESPNDataError(f"NoESPNDataError: No roster data found for any team at {summary_url}")
sportsdataverse.errors.NoESPNDataError: NoESPNDataError: No roster data found for any team at https://sports.core.api.espn.com/v2/sports/football/leagues/college-football/events/243180218/competitions/243180218/competitors
2026-06-17 11:39:12,947 ERROR extra fetch failed: _rosters(243180150,)
Traceback (most recent call last):
  File "C:\Users\saiem\Documents\GitHub-Data\sdv-dev\cfbfastR-dev\cfbfastR-cfb-raw\python\_cfb_raw_utils.py", line 106, in _safe
    return fn(*args, **kwargs)
           ^^^^^^^^^^^^^^^^^^^
  File "C:\Users\saiem\Documents\GitHub-Data\sdv-dev\cfbfastR-dev\cfbfastR-cfb-raw\python\scrape_cfb_json.py", line 42, in _rosters
    return sdv.cfb.espn_cfb_game_rosters(
           ^^^^^^^^^^^^^^^^^^^^^^^^^^^^^^
  File "C:\Users\saiem\Documents\GitHub-Data\sdv-dev\cfbfastR-dev\cfbfastR-cfb-raw\.venv\Lib\site-packages\sportsdataverse\cfb\cfb_game_rosters.py", line 66, in espn_cfb_game_rosters
    team_rosters = helper_cfb_roster_items(items=items, summary_url=summary_url, **kwargs)
                   ^^^^^^^^^^^^^^^^^^^^^^^^^^^^^^^^^^^^^^^^^^^^^^^^^^^^^^^^^^^^^^^^^^^^^^^
  File "C:\Users\saiem\Documents\GitHub-Data\sdv-dev\cfbfastR-dev\cfbfastR-cfb-raw\.venv\Lib\site-packages\sportsdataverse\cfb\cfb_game_rosters.py", line 209, in helper_cfb_roster_items
    raise NoESPNDataError(f"NoESPNDataError: No roster data found for any team at {summary_url}")
sportsdataverse.errors.NoESPNDataError: NoESPNDataError: No roster data found for any team at https://sports.core.api.espn.com/v2/sports/football/leagues/college-football/events/243180150/competitions/243180150/competitors
2026-06-17 11:39:13,629 ERROR extra fetch failed: _rosters(243180038,)
Traceback (most recent call last):
  File "C:\Users\saiem\Documents\GitHub-Data\sdv-dev\cfbfastR-dev\cfbfastR-cfb-raw\python\_cfb_raw_utils.py", line 106, in _safe
    return fn(*args, **kwargs)
           ^^^^^^^^^^^^^^^^^^^
  File "C:\Users\saiem\Documents\GitHub-Data\sdv-dev\cfbfastR-dev\cfbfastR-cfb-raw\python\scrape_cfb_json.py", line 42, in _rosters
    return sdv.cfb.espn_cfb_game_rosters(
           ^^^^^^^^^^^^^^^^^^^^^^^^^^^^^^
  File "C:\Users\saiem\Documents\GitHub-Data\sdv-dev\cfbfastR-dev\cfbfastR-cfb-raw\.venv\Lib\site-packages\sportsdataverse\cfb\cfb_game_rosters.py", line 66, in espn_cfb_game_rosters
    team_rosters = helper_cfb_roster_items(items=items, summary_url=summary_url, **kwargs)
                   ^^^^^^^^^^^^^^^^^^^^^^^^^^^^^^^^^^^^^^^^^^^^^^^^^^^^^^^^^^^^^^^^^^^^^^^
  File "C:\Users\saiem\Documents\GitHub-Data\sdv-dev\cfbfastR-dev\cfbfastR-cfb-raw\.venv\Lib\site-packages\sportsdataverse\cfb\cfb_game_rosters.py", line 209, in helper_cfb_roster_items
    raise NoESPNDataError(f"NoESPNDataError: No roster data found for any team at {summary_url}")
sportsdataverse.errors.NoESPNDataError: NoESPNDataError: No roster data found for any team at https://sports.core.api.espn.com/v2/sports/football/leagues/college-football/events/243180038/competitions/243180038/competitors
2026-07-28 19:44:10,245 INFO season 2004: 712 games to scrape (rescrape=True)
2026-07-28 19:45:11,475 INFO season 2004: 712 games to scrape (rescrape=True)
2026-07-28 19:45:21,935 ERROR extra fetch failed: _rosters(242462199,)
Traceback (most recent call last):
  File "C:\Users\saiem\Documents\GitHub-Data\sdv-dev\cfbfastR-dev\cfbfastR-cfb-raw\python\_cfb_raw_utils.py", line 122, in _safe
    return fn(*args, **kwargs)
           ^^^^^^^^^^^^^^^^^^^
  File "C:\Users\saiem\Documents\GitHub-Data\sdv-dev\cfbfastR-dev\cfbfastR-cfb-raw\python\scrape_cfb_json.py", line 42, in _rosters
    return sdv.cfb.espn_cfb_game_rosters(
           ^^^^^^^^^^^^^^^^^^^^^^^^^^^^^^
  File "C:\Users\saiem\Documents\GitHub-Data\sdv-dev\cfbfastR-dev\cfbfastR-cfb-raw\.venv\Lib\site-packages\sportsdataverse\cfb\cfb_game_rosters.py", line 66, in espn_cfb_game_rosters
    team_rosters = helper_cfb_roster_items(items=items, summary_url=summary_url, **kwargs)
                   ^^^^^^^^^^^^^^^^^^^^^^^^^^^^^^^^^^^^^^^^^^^^^^^^^^^^^^^^^^^^^^^^^^^^^^^
  File "C:\Users\saiem\Documents\GitHub-Data\sdv-dev\cfbfastR-dev\cfbfastR-cfb-raw\.venv\Lib\site-packages\sportsdataverse\cfb\cfb_game_rosters.py", line 209, in helper_cfb_roster_items
    raise NoESPNDataError(f"NoESPNDataError: No roster data found for any team at {summary_url}")
sportsdataverse.errors.NoESPNDataError: NoESPNDataError: No roster data found for any team at https://sports.core.api.espn.com/v2/sports/football/leagues/college-football/events/242462199/competitions/242462199/competitors
2026-07-28 19:45:35,724 ERROR download_game failed: 242470167
Traceback (most recent call last):
  File "C:\Users\saiem\Documents\GitHub-Data\sdv-dev\cfbfastR-dev\cfbfastR-cfb-raw\python\scrape_cfb_json.py", line 80, in download_game
    result = proc.run_processing_pipeline()
             ^^^^^^^^^^^^^^^^^^^^^^^^^^^^^^
  File "C:\Users\saiem\Documents\GitHub-Data\sdv-dev\cfbfastR-dev\cfbfastR-cfb-raw\.venv\Lib\site-packages\sportsdataverse\cfb\cfb_pbp.py", line 6905, in run_processing_pipeline
    pbp_txt = self.__helper_cfb_pbp_drives(self.json)
              ^^^^^^^^^^^^^^^^^^^^^^^^^^^^^^^^^^^^^^^
  File "C:\Users\saiem\Documents\GitHub-Data\sdv-dev\cfbfastR-dev\cfbfastR-cfb-raw\.venv\Lib\site-packages\sportsdataverse\cfb\cfb_pbp.py", line 823, in __helper_cfb_pbp_drives
    pbp_txt, init = self.__helper_cfb_pbp(pbp_txt)
                    ^^^^^^^^^^^^^^^^^^^^^^^^^^^^^^
  File "C:\Users\saiem\Documents\GitHub-Data\sdv-dev\cfbfastR-dev\cfbfastR-cfb-raw\.venv\Lib\site-packages\sportsdataverse\cfb\cfb_pbp.py", line 1445, in __helper_cfb_pbp
    raise NoESPNDataError(
sportsdataverse.errors.NoESPNDataError: ESPN summary for game 242470167 has no header.competitions; cannot build play-by-play.
2026-07-28 19:45:45,240 ERROR extra fetch failed: _rosters(242480057,)
Traceback (most recent call last):
  File "C:\Users\saiem\Documents\GitHub-Data\sdv-dev\cfbfastR-dev\cfbfastR-cfb-raw\python\_cfb_raw_utils.py", line 122, in _safe
    return fn(*args, **kwargs)
           ^^^^^^^^^^^^^^^^^^^
  File "C:\Users\saiem\Documents\GitHub-Data\sdv-dev\cfbfastR-dev\cfbfastR-cfb-raw\python\scrape_cfb_json.py", line 42, in _rosters
    return sdv.cfb.espn_cfb_game_rosters(
           ^^^^^^^^^^^^^^^^^^^^^^^^^^^^^^
  File "C:\Users\saiem\Documents\GitHub-Data\sdv-dev\cfbfastR-dev\cfbfastR-cfb-raw\.venv\Lib\site-packages\sportsdataverse\cfb\cfb_game_rosters.py", line 66, in espn_cfb_game_rosters
    team_rosters = helper_cfb_roster_items(items=items, summary_url=summary_url, **kwargs)
                   ^^^^^^^^^^^^^^^^^^^^^^^^^^^^^^^^^^^^^^^^^^^^^^^^^^^^^^^^^^^^^^^^^^^^^^^
  File "C:\Users\saiem\Documents\GitHub-Data\sdv-dev\cfbfastR-dev\cfbfastR-cfb-raw\.venv\Lib\site-packages\sportsdataverse\cfb\cfb_game_rosters.py", line 209, in helper_cfb_roster_items
    raise NoESPNDataError(f"NoESPNDataError: No roster data found for any team at {summary_url}")
sportsdataverse.errors.NoESPNDataError: NoESPNDataError: No roster data found for any team at https://sports.core.api.espn.com/v2/sports/football/leagues/college-football/events/242480057/competitions/242480057/competitors
2026-07-28 19:45:47,198 ERROR extra fetch failed: _rosters(242502390,)
Traceback (most recent call last):
  File "C:\Users\saiem\Documents\GitHub-Data\sdv-dev\cfbfastR-dev\cfbfastR-cfb-raw\python\_cfb_raw_utils.py", line 122, in _safe
    return fn(*args, **kwargs)
           ^^^^^^^^^^^^^^^^^^^
  File "C:\Users\saiem\Documents\GitHub-Data\sdv-dev\cfbfastR-dev\cfbfastR-cfb-raw\python\scrape_cfb_json.py", line 42, in _rosters
    return sdv.cfb.espn_cfb_game_rosters(
           ^^^^^^^^^^^^^^^^^^^^^^^^^^^^^^
  File "C:\Users\saiem\Documents\GitHub-Data\sdv-dev\cfbfastR-dev\cfbfastR-cfb-raw\.venv\Lib\site-packages\sportsdataverse\cfb\cfb_game_rosters.py", line 66, in espn_cfb_game_rosters
    team_rosters = helper_cfb_roster_items(items=items, summary_url=summary_url, **kwargs)
                   ^^^^^^^^^^^^^^^^^^^^^^^^^^^^^^^^^^^^^^^^^^^^^^^^^^^^^^^^^^^^^^^^^^^^^^^
  File "C:\Users\saiem\Documents\GitHub-Data\sdv-dev\cfbfastR-dev\cfbfastR-cfb-raw\.venv\Lib\site-packages\sportsdataverse\cfb\cfb_game_rosters.py", line 209, in helper_cfb_roster_items
    raise NoESPNDataError(f"NoESPNDataError: No roster data found for any team at {summary_url}")
sportsdataverse.errors.NoESPNDataError: NoESPNDataError: No roster data found for any team at https://sports.core.api.espn.com/v2/sports/football/leagues/college-football/events/242502390/competitions/242502390/competitors
2026-07-28 19:45:47,657 ERROR extra fetch failed: _rosters(242500058,)
Traceback (most recent call last):
  File "C:\Users\saiem\Documents\GitHub-Data\sdv-dev\cfbfastR-dev\cfbfastR-cfb-raw\python\_cfb_raw_utils.py", line 122, in _safe
    return fn(*args, **kwargs)
           ^^^^^^^^^^^^^^^^^^^
  File "C:\Users\saiem\Documents\GitHub-Data\sdv-dev\cfbfastR-dev\cfbfastR-cfb-raw\python\scrape_cfb_json.py", line 42, in _rosters
    return sdv.cfb.espn_cfb_game_rosters(
           ^^^^^^^^^^^^^^^^^^^^^^^^^^^^^^
  File "C:\Users\saiem\Documents\GitHub-Data\sdv-dev\cfbfastR-dev\cfbfastR-cfb-raw\.venv\Lib\site-packages\sportsdataverse\cfb\cfb_game_rosters.py", line 66, in espn_cfb_game_rosters
    team_rosters = helper_cfb_roster_items(items=items, summary_url=summary_url, **kwargs)
                   ^^^^^^^^^^^^^^^^^^^^^^^^^^^^^^^^^^^^^^^^^^^^^^^^^^^^^^^^^^^^^^^^^^^^^^^
  File "C:\Users\saiem\Documents\GitHub-Data\sdv-dev\cfbfastR-dev\cfbfastR-cfb-raw\.venv\Lib\site-packages\sportsdataverse\cfb\cfb_game_rosters.py", line 209, in helper_cfb_roster_items
    raise NoESPNDataError(f"NoESPNDataError: No roster data found for any team at {summary_url}")
sportsdataverse.errors.NoESPNDataError: NoESPNDataError: No roster data found for any team at https://sports.core.api.espn.com/v2/sports/football/leagues/college-football/events/242500058/competitions/242500058/competitors
2026-07-28 19:46:11,523 ERROR extra fetch failed: _rosters(242602572,)
Traceback (most recent call last):
  File "C:\Users\saiem\Documents\GitHub-Data\sdv-dev\cfbfastR-dev\cfbfastR-cfb-raw\python\_cfb_raw_utils.py", line 122, in _safe
    return fn(*args, **kwargs)
           ^^^^^^^^^^^^^^^^^^^
  File "C:\Users\saiem\Documents\GitHub-Data\sdv-dev\cfbfastR-dev\cfbfastR-cfb-raw\python\scrape_cfb_json.py", line 42, in _rosters
    return sdv.cfb.espn_cfb_game_rosters(
           ^^^^^^^^^^^^^^^^^^^^^^^^^^^^^^
  File "C:\Users\saiem\Documents\GitHub-Data\sdv-dev\cfbfastR-dev\cfbfastR-cfb-raw\.venv\Lib\site-packages\sportsdataverse\cfb\cfb_game_rosters.py", line 66, in espn_cfb_game_rosters
    team_rosters = helper_cfb_roster_items(items=items, summary_url=summary_url, **kwargs)
                   ^^^^^^^^^^^^^^^^^^^^^^^^^^^^^^^^^^^^^^^^^^^^^^^^^^^^^^^^^^^^^^^^^^^^^^^
  File "C:\Users\saiem\Documents\GitHub-Data\sdv-dev\cfbfastR-dev\cfbfastR-cfb-raw\.venv\Lib\site-packages\sportsdataverse\cfb\cfb_game_rosters.py", line 209, in helper_cfb_roster_items
    raise NoESPNDataError(f"NoESPNDataError: No roster data found for any team at {summary_url}")
sportsdataverse.errors.NoESPNDataError: NoESPNDataError: No roster data found for any team at https://sports.core.api.espn.com/v2/sports/football/leagues/college-football/events/242602572/competitions/242602572/competitors
2026-07-28 19:46:12,675 ERROR download_game failed: 242552005
Traceback (most recent call last):
  File "C:\Users\saiem\Documents\GitHub-Data\sdv-dev\cfbfastR-dev\cfbfastR-cfb-raw\python\scrape_cfb_json.py", line 80, in download_game
    result = proc.run_processing_pipeline()
             ^^^^^^^^^^^^^^^^^^^^^^^^^^^^^^
  File "C:\Users\saiem\Documents\GitHub-Data\sdv-dev\cfbfastR-dev\cfbfastR-cfb-raw\.venv\Lib\site-packages\sportsdataverse\cfb\cfb_pbp.py", line 6905, in run_processing_pipeline
    pbp_txt = self.__helper_cfb_pbp_drives(self.json)
              ^^^^^^^^^^^^^^^^^^^^^^^^^^^^^^^^^^^^^^^
  File "C:\Users\saiem\Documents\GitHub-Data\sdv-dev\cfbfastR-dev\cfbfastR-cfb-raw\.venv\Lib\site-packages\sportsdataverse\cfb\cfb_pbp.py", line 823, in __helper_cfb_pbp_drives
    pbp_txt, init = self.__helper_cfb_pbp(pbp_txt)
                    ^^^^^^^^^^^^^^^^^^^^^^^^^^^^^^
  File "C:\Users\saiem\Documents\GitHub-Data\sdv-dev\cfbfastR-dev\cfbfastR-cfb-raw\.venv\Lib\site-packages\sportsdataverse\cfb\cfb_pbp.py", line 1445, in __helper_cfb_pbp
    raise NoESPNDataError(
sportsdataverse.errors.NoESPNDataError: ESPN summary for game 242552005 has no header.competitions; cannot build play-by-play.
2026-07-28 19:46:33,193 ERROR extra fetch failed: _rosters(242622655,)
Traceback (most recent call last):
  File "C:\Users\saiem\Documents\GitHub-Data\sdv-dev\cfbfastR-dev\cfbfastR-cfb-raw\python\_cfb_raw_utils.py", line 122, in _safe
    return fn(*args, **kwargs)
           ^^^^^^^^^^^^^^^^^^^
  File "C:\Users\saiem\Documents\GitHub-Data\sdv-dev\cfbfastR-dev\cfbfastR-cfb-raw\python\scrape_cfb_json.py", line 42, in _rosters
    return sdv.cfb.espn_cfb_game_rosters(
           ^^^^^^^^^^^^^^^^^^^^^^^^^^^^^^
  File "C:\Users\saiem\Documents\GitHub-Data\sdv-dev\cfbfastR-dev\cfbfastR-cfb-raw\.venv\Lib\site-packages\sportsdataverse\cfb\cfb_game_rosters.py", line 66, in espn_cfb_game_rosters
    team_rosters = helper_cfb_roster_items(items=items, summary_url=summary_url, **kwargs)
                   ^^^^^^^^^^^^^^^^^^^^^^^^^^^^^^^^^^^^^^^^^^^^^^^^^^^^^^^^^^^^^^^^^^^^^^^
  File "C:\Users\saiem\Documents\GitHub-Data\sdv-dev\cfbfastR-dev\cfbfastR-cfb-raw\.venv\Lib\site-packages\sportsdataverse\cfb\cfb_game_rosters.py", line 209, in helper_cfb_roster_items
    raise NoESPNDataError(f"NoESPNDataError: No roster data found for any team at {summary_url}")
sportsdataverse.errors.NoESPNDataError: NoESPNDataError: No roster data found for any team at https://sports.core.api.espn.com/v2/sports/football/leagues/college-football/events/242622655/competitions/242622655/competitors
2026-07-28 19:46:48,150 ERROR extra fetch failed: _rosters(242690005,)
Traceback (most recent call last):
  File "C:\Users\saiem\Documents\GitHub-Data\sdv-dev\cfbfastR-dev\cfbfastR-cfb-raw\python\_cfb_raw_utils.py", line 122, in _safe
    return fn(*args, **kwargs)
           ^^^^^^^^^^^^^^^^^^^
  File "C:\Users\saiem\Documents\GitHub-Data\sdv-dev\cfbfastR-dev\cfbfastR-cfb-raw\python\scrape_cfb_json.py", line 42, in _rosters
    return sdv.cfb.espn_cfb_game_rosters(
           ^^^^^^^^^^^^^^^^^^^^^^^^^^^^^^
  File "C:\Users\saiem\Documents\GitHub-Data\sdv-dev\cfbfastR-dev\cfbfastR-cfb-raw\.venv\Lib\site-packages\sportsdataverse\cfb\cfb_game_rosters.py", line 66, in espn_cfb_game_rosters
    team_rosters = helper_cfb_roster_items(items=items, summary_url=summary_url, **kwargs)
                   ^^^^^^^^^^^^^^^^^^^^^^^^^^^^^^^^^^^^^^^^^^^^^^^^^^^^^^^^^^^^^^^^^^^^^^^
  File "C:\Users\saiem\Documents\GitHub-Data\sdv-dev\cfbfastR-dev\cfbfastR-cfb-raw\.venv\Lib\site-packages\sportsdataverse\cfb\cfb_game_rosters.py", line 209, in helper_cfb_roster_items
    raise NoESPNDataError(f"NoESPNDataError: No roster data found for any team at {summary_url}")
sportsdataverse.errors.NoESPNDataError: NoESPNDataError: No roster data found for any team at https://sports.core.api.espn.com/v2/sports/football/leagues/college-football/events/242690005/competitions/242690005/competitors
2026-07-28 19:46:48,626 ERROR extra fetch failed: _rosters(242690195,)
Traceback (most recent call last):
  File "C:\Users\saiem\Documents\GitHub-Data\sdv-dev\cfbfastR-dev\cfbfastR-cfb-raw\python\_cfb_raw_utils.py", line 122, in _safe
    return fn(*args, **kwargs)
           ^^^^^^^^^^^^^^^^^^^
  File "C:\Users\saiem\Documents\GitHub-Data\sdv-dev\cfbfastR-dev\cfbfastR-cfb-raw\python\scrape_cfb_json.py", line 42, in _rosters
    return sdv.cfb.espn_cfb_game_rosters(
           ^^^^^^^^^^^^^^^^^^^^^^^^^^^^^^
  File "C:\Users\saiem\Documents\GitHub-Data\sdv-dev\cfbfastR-dev\cfbfastR-cfb-raw\.venv\Lib\site-packages\sportsdataverse\cfb\cfb_game_rosters.py", line 66, in espn_cfb_game_rosters
    team_rosters = helper_cfb_roster_items(items=items, summary_url=summary_url, **kwargs)
                   ^^^^^^^^^^^^^^^^^^^^^^^^^^^^^^^^^^^^^^^^^^^^^^^^^^^^^^^^^^^^^^^^^^^^^^^
  File "C:\Users\saiem\Documents\GitHub-Data\sdv-dev\cfbfastR-dev\cfbfastR-cfb-raw\.venv\Lib\site-packages\sportsdataverse\cfb\cfb_game_rosters.py", line 209, in helper_cfb_roster_items
    raise NoESPNDataError(f"NoESPNDataError: No roster data found for any team at {summary_url}")
sportsdataverse.errors.NoESPNDataError: NoESPNDataError: No roster data found for any team at https://sports.core.api.espn.com/v2/sports/football/leagues/college-football/events/242690195/competitions/242690195/competitors
2026-07-28 19:46:55,568 ERROR extra fetch failed: _rosters(242742005,)
Traceback (most recent call last):
  File "C:\Users\saiem\Documents\GitHub-Data\sdv-dev\cfbfastR-dev\cfbfastR-cfb-raw\.venv\Lib\site-packages\requests\models.py", line 1116, in json
    return complexjson.loads(self.text, **kwargs)
           ^^^^^^^^^^^^^^^^^^^^^^^^^^^^^^^^^^^^^^
  File "C:\Users\saiem\AppData\Local\Programs\Python\Python311\Lib\json\__init__.py", line 346, in loads
    return _default_decoder.decode(s)
           ^^^^^^^^^^^^^^^^^^^^^^^^^^
  File "C:\Users\saiem\AppData\Local\Programs\Python\Python311\Lib\json\decoder.py", line 337, in decode
    obj, end = self.raw_decode(s, idx=_w(s, 0).end())
               ^^^^^^^^^^^^^^^^^^^^^^^^^^^^^^^^^^^^^^
  File "C:\Users\saiem\AppData\Local\Programs\Python\Python311\Lib\json\decoder.py", line 355, in raw_decode
    raise JSONDecodeError("Expecting value", s, err.value) from None
json.decoder.JSONDecodeError: Expecting value: line 1 column 1 (char 0)

During handling of the above exception, another exception occurred:

Traceback (most recent call last):
  File "C:\Users\saiem\Documents\GitHub-Data\sdv-dev\cfbfastR-dev\cfbfastR-cfb-raw\python\_cfb_raw_utils.py", line 122, in _safe
    return fn(*args, **kwargs)
           ^^^^^^^^^^^^^^^^^^^
  File "C:\Users\saiem\Documents\GitHub-Data\sdv-dev\cfbfastR-dev\cfbfastR-cfb-raw\python\scrape_cfb_json.py", line 42, in _rosters
    return sdv.cfb.espn_cfb_game_rosters(
           ^^^^^^^^^^^^^^^^^^^^^^^^^^^^^^
  File "C:\Users\saiem\Documents\GitHub-Data\sdv-dev\cfbfastR-dev\cfbfastR-cfb-raw\.venv\Lib\site-packages\sportsdataverse\cfb\cfb_game_rosters.py", line 70, in espn_cfb_game_rosters
    athletes = helper_cfb_athlete_items(teams_rosters=team_rosters, **kwargs)
               ^^^^^^^^^^^^^^^^^^^^^^^^^^^^^^^^^^^^^^^^^^^^^^^^^^^^^^^^^^^^^^
  File "C:\Users\saiem\Documents\GitHub-Data\sdv-dev\cfbfastR-dev\cfbfastR-cfb-raw\.venv\Lib\site-packages\sportsdataverse\cfb\cfb_game_rosters.py", line 253, in helper_cfb_athlete_items
    athlete_resp = athlete_res.json()
                   ^^^^^^^^^^^^^^^^^^
  File "C:\Users\saiem\Documents\GitHub-Data\sdv-dev\cfbfastR-dev\cfbfastR-cfb-raw\.venv\Lib\site-packages\requests\models.py", line 1120, in json
    raise RequestsJSONDecodeError(e.msg, e.doc, e.pos)
requests.exceptions.JSONDecodeError: Expecting value: line 1 column 1 (char 0)
2026-07-28 19:46:55,641 ERROR extra fetch failed: _rosters(242692655,)
Traceback (most recent call last):
  File "C:\Users\saiem\Documents\GitHub-Data\sdv-dev\cfbfastR-dev\cfbfastR-cfb-raw\.venv\Lib\site-packages\requests\models.py", line 1116, in json
    return complexjson.loads(self.text, **kwargs)
           ^^^^^^^^^^^^^^^^^^^^^^^^^^^^^^^^^^^^^^
  File "C:\Users\saiem\AppData\Local\Programs\Python\Python311\Lib\json\__init__.py", line 346, in loads
    return _default_decoder.decode(s)
           ^^^^^^^^^^^^^^^^^^^^^^^^^^
  File "C:\Users\saiem\AppData\Local\Programs\Python\Python311\Lib\json\decoder.py", line 337, in decode
    obj, end = self.raw_decode(s, idx=_w(s, 0).end())
               ^^^^^^^^^^^^^^^^^^^^^^^^^^^^^^^^^^^^^^
  File "C:\Users\saiem\AppData\Local\Programs\Python\Python311\Lib\json\decoder.py", line 355, in raw_decode
    raise JSONDecodeError("Expecting value", s, err.value) from None
json.decoder.JSONDecodeError: Expecting value: line 1 column 1 (char 0)

During handling of the above exception, another exception occurred:

Traceback (most recent call last):
  File "C:\Users\saiem\Documents\GitHub-Data\sdv-dev\cfbfastR-dev\cfbfastR-cfb-raw\python\_cfb_raw_utils.py", line 122, in _safe
    return fn(*args, **kwargs)
           ^^^^^^^^^^^^^^^^^^^
  File "C:\Users\saiem\Documents\GitHub-Data\sdv-dev\cfbfastR-dev\cfbfastR-cfb-raw\python\scrape_cfb_json.py", line 42, in _rosters
    return sdv.cfb.espn_cfb_game_rosters(
           ^^^^^^^^^^^^^^^^^^^^^^^^^^^^^^
  File "C:\Users\saiem\Documents\GitHub-Data\sdv-dev\cfbfastR-dev\cfbfastR-cfb-raw\.venv\Lib\site-packages\sportsdataverse\cfb\cfb_game_rosters.py", line 70, in espn_cfb_game_rosters
    athletes = helper_cfb_athlete_items(teams_rosters=team_rosters, **kwargs)
               ^^^^^^^^^^^^^^^^^^^^^^^^^^^^^^^^^^^^^^^^^^^^^^^^^^^^^^^^^^^^^^
  File "C:\Users\saiem\Documents\GitHub-Data\sdv-dev\cfbfastR-dev\cfbfastR-cfb-raw\.venv\Lib\site-packages\sportsdataverse\cfb\cfb_game_rosters.py", line 253, in helper_cfb_athlete_items
    athlete_resp = athlete_res.json()
                   ^^^^^^^^^^^^^^^^^^
  File "C:\Users\saiem\Documents\GitHub-Data\sdv-dev\cfbfastR-dev\cfbfastR-cfb-raw\.venv\Lib\site-packages\requests\models.py", line 1120, in json
    raise RequestsJSONDecodeError(e.msg, e.doc, e.pos)
requests.exceptions.JSONDecodeError: Expecting value: line 1 column 1 (char 0)
2026-07-28 19:46:55,676 ERROR extra fetch failed: _rosters(242692483,)
Traceback (most recent call last):
  File "C:\Users\saiem\Documents\GitHub-Data\sdv-dev\cfbfastR-dev\cfbfastR-cfb-raw\.venv\Lib\site-packages\requests\models.py", line 1116, in json
    return complexjson.loads(self.text, **kwargs)
           ^^^^^^^^^^^^^^^^^^^^^^^^^^^^^^^^^^^^^^
  File "C:\Users\saiem\AppData\Local\Programs\Python\Python311\Lib\json\__init__.py", line 346, in loads
    return _default_decoder.decode(s)
           ^^^^^^^^^^^^^^^^^^^^^^^^^^
  File "C:\Users\saiem\AppData\Local\Programs\Python\Python311\Lib\json\decoder.py", line 337, in decode
    obj, end = self.raw_decode(s, idx=_w(s, 0).end())
               ^^^^^^^^^^^^^^^^^^^^^^^^^^^^^^^^^^^^^^
  File "C:\Users\saiem\AppData\Local\Programs\Python\Python311\Lib\json\decoder.py", line 355, in raw_decode
    raise JSONDecodeError("Expecting value", s, err.value) from None
json.decoder.JSONDecodeError: Expecting value: line 1 column 1 (char 0)

During handling of the above exception, another exception occurred:

Traceback (most recent call last):
  File "C:\Users\saiem\Documents\GitHub-Data\sdv-dev\cfbfastR-dev\cfbfastR-cfb-raw\python\_cfb_raw_utils.py", line 122, in _safe
    return fn(*args, **kwargs)
           ^^^^^^^^^^^^^^^^^^^
  File "C:\Users\saiem\Documents\GitHub-Data\sdv-dev\cfbfastR-dev\cfbfastR-cfb-raw\python\scrape_cfb_json.py", line 42, in _rosters
    return sdv.cfb.espn_cfb_game_rosters(
           ^^^^^^^^^^^^^^^^^^^^^^^^^^^^^^
  File "C:\Users\saiem\Documents\GitHub-Data\sdv-dev\cfbfastR-dev\cfbfastR-cfb-raw\.venv\Lib\site-packages\sportsdataverse\cfb\cfb_game_rosters.py", line 70, in espn_cfb_game_rosters
    athletes = helper_cfb_athlete_items(teams_rosters=team_rosters, **kwargs)
               ^^^^^^^^^^^^^^^^^^^^^^^^^^^^^^^^^^^^^^^^^^^^^^^^^^^^^^^^^^^^^^
  File "C:\Users\saiem\Documents\GitHub-Data\sdv-dev\cfbfastR-dev\cfbfastR-cfb-raw\.venv\Lib\site-packages\sportsdataverse\cfb\cfb_game_rosters.py", line 253, in helper_cfb_athlete_items
    athlete_resp = athlete_res.json()
                   ^^^^^^^^^^^^^^^^^^
  File "C:\Users\saiem\Documents\GitHub-Data\sdv-dev\cfbfastR-dev\cfbfastR-cfb-raw\.venv\Lib\site-packages\requests\models.py", line 1120, in json
    raise RequestsJSONDecodeError(e.msg, e.doc, e.pos)
requests.exceptions.JSONDecodeError: Expecting value: line 1 column 1 (char 0)
2026-07-28 19:46:55,742 ERROR extra fetch failed: _rosters(242692305,)
Traceback (most recent call last):
  File "C:\Users\saiem\Documents\GitHub-Data\sdv-dev\cfbfastR-dev\cfbfastR-cfb-raw\.venv\Lib\site-packages\requests\models.py", line 1116, in json
    return complexjson.loads(self.text, **kwargs)
           ^^^^^^^^^^^^^^^^^^^^^^^^^^^^^^^^^^^^^^
  File "C:\Users\saiem\AppData\Local\Programs\Python\Python311\Lib\json\__init__.py", line 346, in loads
    return _default_decoder.decode(s)
           ^^^^^^^^^^^^^^^^^^^^^^^^^^
  File "C:\Users\saiem\AppData\Local\Programs\Python\Python311\Lib\json\decoder.py", line 337, in decode
    obj, end = self.raw_decode(s, idx=_w(s, 0).end())
               ^^^^^^^^^^^^^^^^^^^^^^^^^^^^^^^^^^^^^^
  File "C:\Users\saiem\AppData\Local\Programs\Python\Python311\Lib\json\decoder.py", line 355, in raw_decode
    raise JSONDecodeError("Expecting value", s, err.value) from None
json.decoder.JSONDecodeError: Expecting value: line 1 column 1 (char 0)

During handling of the above exception, another exception occurred:

Traceback (most recent call last):
  File "C:\Users\saiem\Documents\GitHub-Data\sdv-dev\cfbfastR-dev\cfbfastR-cfb-raw\python\_cfb_raw_utils.py", line 122, in _safe
    return fn(*args, **kwargs)
           ^^^^^^^^^^^^^^^^^^^
  File "C:\Users\saiem\Documents\GitHub-Data\sdv-dev\cfbfastR-dev\cfbfastR-cfb-raw\python\scrape_cfb_json.py", line 42, in _rosters
    return sdv.cfb.espn_cfb_game_rosters(
           ^^^^^^^^^^^^^^^^^^^^^^^^^^^^^^
  File "C:\Users\saiem\Documents\GitHub-Data\sdv-dev\cfbfastR-dev\cfbfastR-cfb-raw\.venv\Lib\site-packages\sportsdataverse\cfb\cfb_game_rosters.py", line 70, in espn_cfb_game_rosters
    athletes = helper_cfb_athlete_items(teams_rosters=team_rosters, **kwargs)
               ^^^^^^^^^^^^^^^^^^^^^^^^^^^^^^^^^^^^^^^^^^^^^^^^^^^^^^^^^^^^^^
  File "C:\Users\saiem\Documents\GitHub-Data\sdv-dev\cfbfastR-dev\cfbfastR-cfb-raw\.venv\Lib\site-packages\sportsdataverse\cfb\cfb_game_rosters.py", line 253, in helper_cfb_athlete_items
    athlete_resp = athlete_res.json()
                   ^^^^^^^^^^^^^^^^^^
  File "C:\Users\saiem\Documents\GitHub-Data\sdv-dev\cfbfastR-dev\cfbfastR-cfb-raw\.venv\Lib\site-packages\requests\models.py", line 1120, in json
    raise RequestsJSONDecodeError(e.msg, e.doc, e.pos)
requests.exceptions.JSONDecodeError: Expecting value: line 1 column 1 (char 0)
2026-07-28 19:46:55,756 ERROR extra fetch failed: _rosters(242692439,)
Traceback (most recent call last):
  File "C:\Users\saiem\Documents\GitHub-Data\sdv-dev\cfbfastR-dev\cfbfastR-cfb-raw\.venv\Lib\site-packages\requests\models.py", line 1116, in json
    return complexjson.loads(self.text, **kwargs)
           ^^^^^^^^^^^^^^^^^^^^^^^^^^^^^^^^^^^^^^
  File "C:\Users\saiem\AppData\Local\Programs\Python\Python311\Lib\json\__init__.py", line 346, in loads
    return _default_decoder.decode(s)
           ^^^^^^^^^^^^^^^^^^^^^^^^^^
  File "C:\Users\saiem\AppData\Local\Programs\Python\Python311\Lib\json\decoder.py", line 337, in decode
    obj, end = self.raw_decode(s, idx=_w(s, 0).end())
               ^^^^^^^^^^^^^^^^^^^^^^^^^^^^^^^^^^^^^^
  File "C:\Users\saiem\AppData\Local\Programs\Python\Python311\Lib\json\decoder.py", line 355, in raw_decode
    raise JSONDecodeError("Expecting value", s, err.value) from None
json.decoder.JSONDecodeError: Expecting value: line 1 column 1 (char 0)

During handling of the above exception, another exception occurred:

Traceback (most recent call last):
  File "C:\Users\saiem\Documents\GitHub-Data\sdv-dev\cfbfastR-dev\cfbfastR-cfb-raw\python\_cfb_raw_utils.py", line 122, in _safe
    return fn(*args, **kwargs)
           ^^^^^^^^^^^^^^^^^^^
  File "C:\Users\saiem\Documents\GitHub-Data\sdv-dev\cfbfastR-dev\cfbfastR-cfb-raw\python\scrape_cfb_json.py", line 42, in _rosters
    return sdv.cfb.espn_cfb_game_rosters(
           ^^^^^^^^^^^^^^^^^^^^^^^^^^^^^^
  File "C:\Users\saiem\Documents\GitHub-Data\sdv-dev\cfbfastR-dev\cfbfastR-cfb-raw\.venv\Lib\site-packages\sportsdataverse\cfb\cfb_game_rosters.py", line 70, in espn_cfb_game_rosters
    athletes = helper_cfb_athlete_items(teams_rosters=team_rosters, **kwargs)
               ^^^^^^^^^^^^^^^^^^^^^^^^^^^^^^^^^^^^^^^^^^^^^^^^^^^^^^^^^^^^^^
  File "C:\Users\saiem\Documents\GitHub-Data\sdv-dev\cfbfastR-dev\cfbfastR-cfb-raw\.venv\Lib\site-packages\sportsdataverse\cfb\cfb_game_rosters.py", line 253, in helper_cfb_athlete_items
    athlete_resp = athlete_res.json()
                   ^^^^^^^^^^^^^^^^^^
  File "C:\Users\saiem\Documents\GitHub-Data\sdv-dev\cfbfastR-dev\cfbfastR-cfb-raw\.venv\Lib\site-packages\requests\models.py", line 1120, in json
    raise RequestsJSONDecodeError(e.msg, e.doc, e.pos)
requests.exceptions.JSONDecodeError: Expecting value: line 1 column 1 (char 0)
2026-07-28 19:46:55,768 ERROR extra fetch failed: _rosters(242692567,)
Traceback (most recent call last):
  File "C:\Users\saiem\Documents\GitHub-Data\sdv-dev\cfbfastR-dev\cfbfastR-cfb-raw\.venv\Lib\site-packages\requests\models.py", line 1116, in json
    return complexjson.loads(self.text, **kwargs)
           ^^^^^^^^^^^^^^^^^^^^^^^^^^^^^^^^^^^^^^
  File "C:\Users\saiem\AppData\Local\Programs\Python\Python311\Lib\json\__init__.py", line 346, in loads
    return _default_decoder.decode(s)
           ^^^^^^^^^^^^^^^^^^^^^^^^^^
  File "C:\Users\saiem\AppData\Local\Programs\Python\Python311\Lib\json\decoder.py", line 337, in decode
    obj, end = self.raw_decode(s, idx=_w(s, 0).end())
               ^^^^^^^^^^^^^^^^^^^^^^^^^^^^^^^^^^^^^^
  File "C:\Users\saiem\AppData\Local\Programs\Python\Python311\Lib\json\decoder.py", line 355, in raw_decode
    raise JSONDecodeError("Expecting value", s, err.value) from None
json.decoder.JSONDecodeError: Expecting value: line 1 column 1 (char 0)

During handling of the above exception, another exception occurred:

Traceback (most recent call last):
  File "C:\Users\saiem\Documents\GitHub-Data\sdv-dev\cfbfastR-dev\cfbfastR-cfb-raw\python\_cfb_raw_utils.py", line 122, in _safe
    return fn(*args, **kwargs)
           ^^^^^^^^^^^^^^^^^^^
  File "C:\Users\saiem\Documents\GitHub-Data\sdv-dev\cfbfastR-dev\cfbfastR-cfb-raw\python\scrape_cfb_json.py", line 42, in _rosters
    return sdv.cfb.espn_cfb_game_rosters(
           ^^^^^^^^^^^^^^^^^^^^^^^^^^^^^^
  File "C:\Users\saiem\Documents\GitHub-Data\sdv-dev\cfbfastR-dev\cfbfastR-cfb-raw\.venv\Lib\site-packages\sportsdataverse\cfb\cfb_game_rosters.py", line 70, in espn_cfb_game_rosters
    athletes = helper_cfb_athlete_items(teams_rosters=team_rosters, **kwargs)
               ^^^^^^^^^^^^^^^^^^^^^^^^^^^^^^^^^^^^^^^^^^^^^^^^^^^^^^^^^^^^^^
  File "C:\Users\saiem\Documents\GitHub-Data\sdv-dev\cfbfastR-dev\cfbfastR-cfb-raw\.venv\Lib\site-packages\sportsdataverse\cfb\cfb_game_rosters.py", line 253, in helper_cfb_athlete_items
    athlete_resp = athlete_res.json()
                   ^^^^^^^^^^^^^^^^^^
  File "C:\Users\saiem\Documents\GitHub-Data\sdv-dev\cfbfastR-dev\cfbfastR-cfb-raw\.venv\Lib\site-packages\requests\models.py", line 1120, in json
    raise RequestsJSONDecodeError(e.msg, e.doc, e.pos)
requests.exceptions.JSONDecodeError: Expecting value: line 1 column 1 (char 0)
2026-07-28 19:46:55,778 ERROR extra fetch failed: _rosters(242690239,)
Traceback (most recent call last):
  File "C:\Users\saiem\Documents\GitHub-Data\sdv-dev\cfbfastR-dev\cfbfastR-cfb-raw\.venv\Lib\site-packages\requests\models.py", line 1116, in json
    return complexjson.loads(self.text, **kwargs)
           ^^^^^^^^^^^^^^^^^^^^^^^^^^^^^^^^^^^^^^
  File "C:\Users\saiem\AppData\Local\Programs\Python\Python311\Lib\json\__init__.py", line 346, in loads
    return _default_decoder.decode(s)
           ^^^^^^^^^^^^^^^^^^^^^^^^^^
  File "C:\Users\saiem\AppData\Local\Programs\Python\Python311\Lib\json\decoder.py", line 337, in decode
    obj, end = self.raw_decode(s, idx=_w(s, 0).end())
               ^^^^^^^^^^^^^^^^^^^^^^^^^^^^^^^^^^^^^^
  File "C:\Users\saiem\AppData\Local\Programs\Python\Python311\Lib\json\decoder.py", line 355, in raw_decode
    raise JSONDecodeError("Expecting value", s, err.value) from None
json.decoder.JSONDecodeError: Expecting value: line 1 column 1 (char 0)

During handling of the above exception, another exception occurred:

Traceback (most recent call last):
  File "C:\Users\saiem\Documents\GitHub-Data\sdv-dev\cfbfastR-dev\cfbfastR-cfb-raw\python\_cfb_raw_utils.py", line 122, in _safe
    return fn(*args, **kwargs)
           ^^^^^^^^^^^^^^^^^^^
  File "C:\Users\saiem\Documents\GitHub-Data\sdv-dev\cfbfastR-dev\cfbfastR-cfb-raw\python\scrape_cfb_json.py", line 42, in _rosters
    return sdv.cfb.espn_cfb_game_rosters(
           ^^^^^^^^^^^^^^^^^^^^^^^^^^^^^^
  File "C:\Users\saiem\Documents\GitHub-Data\sdv-dev\cfbfastR-dev\cfbfastR-cfb-raw\.venv\Lib\site-packages\sportsdataverse\cfb\cfb_game_rosters.py", line 70, in espn_cfb_game_rosters
    athletes = helper_cfb_athlete_items(teams_rosters=team_rosters, **kwargs)
               ^^^^^^^^^^^^^^^^^^^^^^^^^^^^^^^^^^^^^^^^^^^^^^^^^^^^^^^^^^^^^^
  File "C:\Users\saiem\Documents\GitHub-Data\sdv-dev\cfbfastR-dev\cfbfastR-cfb-raw\.venv\Lib\site-packages\sportsdataverse\cfb\cfb_game_rosters.py", line 253, in helper_cfb_athlete_items
    athlete_resp = athlete_res.json()
                   ^^^^^^^^^^^^^^^^^^
  File "C:\Users\saiem\Documents\GitHub-Data\sdv-dev\cfbfastR-dev\cfbfastR-cfb-raw\.venv\Lib\site-packages\requests\models.py", line 1120, in json
    raise RequestsJSONDecodeError(e.msg, e.doc, e.pos)
requests.exceptions.JSONDecodeError: Expecting value: line 1 column 1 (char 0)
2026-07-28 19:46:55,957 ERROR extra fetch failed: _rosters(242692649,)
Traceback (most recent call last):
  File "C:\Users\saiem\Documents\GitHub-Data\sdv-dev\cfbfastR-dev\cfbfastR-cfb-raw\.venv\Lib\site-packages\requests\models.py", line 1116, in json
    return complexjson.loads(self.text, **kwargs)
           ^^^^^^^^^^^^^^^^^^^^^^^^^^^^^^^^^^^^^^
  File "C:\Users\saiem\AppData\Local\Programs\Python\Python311\Lib\json\__init__.py", line 346, in loads
    return _default_decoder.decode(s)
           ^^^^^^^^^^^^^^^^^^^^^^^^^^
  File "C:\Users\saiem\AppData\Local\Programs\Python\Python311\Lib\json\decoder.py", line 337, in decode
    obj, end = self.raw_decode(s, idx=_w(s, 0).end())
               ^^^^^^^^^^^^^^^^^^^^^^^^^^^^^^^^^^^^^^
  File "C:\Users\saiem\AppData\Local\Programs\Python\Python311\Lib\json\decoder.py", line 355, in raw_decode
    raise JSONDecodeError("Expecting value", s, err.value) from None
json.decoder.JSONDecodeError: Expecting value: line 1 column 1 (char 0)

During handling of the above exception, another exception occurred:

Traceback (most recent call last):
  File "C:\Users\saiem\Documents\GitHub-Data\sdv-dev\cfbfastR-dev\cfbfastR-cfb-raw\python\_cfb_raw_utils.py", line 122, in _safe
    return fn(*args, **kwargs)
           ^^^^^^^^^^^^^^^^^^^
  File "C:\Users\saiem\Documents\GitHub-Data\sdv-dev\cfbfastR-dev\cfbfastR-cfb-raw\python\scrape_cfb_json.py", line 42, in _rosters
    return sdv.cfb.espn_cfb_game_rosters(
           ^^^^^^^^^^^^^^^^^^^^^^^^^^^^^^
  File "C:\Users\saiem\Documents\GitHub-Data\sdv-dev\cfbfastR-dev\cfbfastR-cfb-raw\.venv\Lib\site-packages\sportsdataverse\cfb\cfb_game_rosters.py", line 70, in espn_cfb_game_rosters
    athletes = helper_cfb_athlete_items(teams_rosters=team_rosters, **kwargs)
               ^^^^^^^^^^^^^^^^^^^^^^^^^^^^^^^^^^^^^^^^^^^^^^^^^^^^^^^^^^^^^^
  File "C:\Users\saiem\Documents\GitHub-Data\sdv-dev\cfbfastR-dev\cfbfastR-cfb-raw\.venv\Lib\site-packages\sportsdataverse\cfb\cfb_game_rosters.py", line 253, in helper_cfb_athlete_items
    athlete_resp = athlete_res.json()
                   ^^^^^^^^^^^^^^^^^^
  File "C:\Users\saiem\Documents\GitHub-Data\sdv-dev\cfbfastR-dev\cfbfastR-cfb-raw\.venv\Lib\site-packages\requests\models.py", line 1120, in json
    raise RequestsJSONDecodeError(e.msg, e.doc, e.pos)
requests.exceptions.JSONDecodeError: Expecting value: line 1 column 1 (char 0)
2026-07-28 19:46:55,957 ERROR extra fetch failed: _rosters(242730276,)
Traceback (most recent call last):
  File "C:\Users\saiem\Documents\GitHub-Data\sdv-dev\cfbfastR-dev\cfbfastR-cfb-raw\.venv\Lib\site-packages\requests\models.py", line 1116, in json
    return complexjson.loads(self.text, **kwargs)
           ^^^^^^^^^^^^^^^^^^^^^^^^^^^^^^^^^^^^^^
  File "C:\Users\saiem\AppData\Local\Programs\Python\Python311\Lib\json\__init__.py", line 346, in loads
    return _default_decoder.decode(s)
           ^^^^^^^^^^^^^^^^^^^^^^^^^^
  File "C:\Users\saiem\AppData\Local\Programs\Python\Python311\Lib\json\decoder.py", line 337, in decode
    obj, end = self.raw_decode(s, idx=_w(s, 0).end())
               ^^^^^^^^^^^^^^^^^^^^^^^^^^^^^^^^^^^^^^
  File "C:\Users\saiem\AppData\Local\Programs\Python\Python311\Lib\json\decoder.py", line 355, in raw_decode
    raise JSONDecodeError("Expecting value", s, err.value) from None
json.decoder.JSONDecodeError: Expecting value: line 1 column 1 (char 0)

During handling of the above exception, another exception occurred:

Traceback (most recent call last):
  File "C:\Users\saiem\Documents\GitHub-Data\sdv-dev\cfbfastR-dev\cfbfastR-cfb-raw\python\_cfb_raw_utils.py", line 122, in _safe
    return fn(*args, **kwargs)
           ^^^^^^^^^^^^^^^^^^^
  File "C:\Users\saiem\Documents\GitHub-Data\sdv-dev\cfbfastR-dev\cfbfastR-cfb-raw\python\scrape_cfb_json.py", line 42, in _rosters
    return sdv.cfb.espn_cfb_game_rosters(
           ^^^^^^^^^^^^^^^^^^^^^^^^^^^^^^
  File "C:\Users\saiem\Documents\GitHub-Data\sdv-dev\cfbfastR-dev\cfbfastR-cfb-raw\.venv\Lib\site-packages\sportsdataverse\cfb\cfb_game_rosters.py", line 70, in espn_cfb_game_rosters
    athletes = helper_cfb_athlete_items(teams_rosters=team_rosters, **kwargs)
               ^^^^^^^^^^^^^^^^^^^^^^^^^^^^^^^^^^^^^^^^^^^^^^^^^^^^^^^^^^^^^^
  File "C:\Users\saiem\Documents\GitHub-Data\sdv-dev\cfbfastR-dev\cfbfastR-cfb-raw\.venv\Lib\site-packages\sportsdataverse\cfb\cfb_game_rosters.py", line 253, in helper_cfb_athlete_items
    athlete_resp = athlete_res.json()
                   ^^^^^^^^^^^^^^^^^^
  File "C:\Users\saiem\Documents\GitHub-Data\sdv-dev\cfbfastR-dev\cfbfastR-cfb-raw\.venv\Lib\site-packages\requests\models.py", line 1120, in json
    raise RequestsJSONDecodeError(e.msg, e.doc, e.pos)
requests.exceptions.JSONDecodeError: Expecting value: line 1 column 1 (char 0)
2026-07-28 19:46:55,973 ERROR extra fetch failed: _rosters(242690021,)
Traceback (most recent call last):
  File "C:\Users\saiem\Documents\GitHub-Data\sdv-dev\cfbfastR-dev\cfbfastR-cfb-raw\.venv\Lib\site-packages\requests\models.py", line 1116, in json
    return complexjson.loads(self.text, **kwargs)
           ^^^^^^^^^^^^^^^^^^^^^^^^^^^^^^^^^^^^^^
  File "C:\Users\saiem\AppData\Local\Programs\Python\Python311\Lib\json\__init__.py", line 346, in loads
    return _default_decoder.decode(s)
           ^^^^^^^^^^^^^^^^^^^^^^^^^^
  File "C:\Users\saiem\AppData\Local\Programs\Python\Python311\Lib\json\decoder.py", line 337, in decode
    obj, end = self.raw_decode(s, idx=_w(s, 0).end())
               ^^^^^^^^^^^^^^^^^^^^^^^^^^^^^^^^^^^^^^
  File "C:\Users\saiem\AppData\Local\Programs\Python\Python311\Lib\json\decoder.py", line 355, in raw_decode
    raise JSONDecodeError("Expecting value", s, err.value) from None
json.decoder.JSONDecodeError: Expecting value: line 1 column 1 (char 0)

During handling of the above exception, another exception occurred:

Traceback (most recent call last):
  File "C:\Users\saiem\Documents\GitHub-Data\sdv-dev\cfbfastR-dev\cfbfastR-cfb-raw\python\_cfb_raw_utils.py", line 122, in _safe
    return fn(*args, **kwargs)
           ^^^^^^^^^^^^^^^^^^^
  File "C:\Users\saiem\Documents\GitHub-Data\sdv-dev\cfbfastR-dev\cfbfastR-cfb-raw\python\scrape_cfb_json.py", line 42, in _rosters
    return sdv.cfb.espn_cfb_game_rosters(
           ^^^^^^^^^^^^^^^^^^^^^^^^^^^^^^
  File "C:\Users\saiem\Documents\GitHub-Data\sdv-dev\cfbfastR-dev\cfbfastR-cfb-raw\.venv\Lib\site-packages\sportsdataverse\cfb\cfb_game_rosters.py", line 70, in espn_cfb_game_rosters
    athletes = helper_cfb_athlete_items(teams_rosters=team_rosters, **kwargs)
               ^^^^^^^^^^^^^^^^^^^^^^^^^^^^^^^^^^^^^^^^^^^^^^^^^^^^^^^^^^^^^^
  File "C:\Users\saiem\Documents\GitHub-Data\sdv-dev\cfbfastR-dev\cfbfastR-cfb-raw\.venv\Lib\site-packages\sportsdataverse\cfb\cfb_game_rosters.py", line 253, in helper_cfb_athlete_items
    athlete_resp = athlete_res.json()
                   ^^^^^^^^^^^^^^^^^^
  File "C:\Users\saiem\Documents\GitHub-Data\sdv-dev\cfbfastR-dev\cfbfastR-cfb-raw\.venv\Lib\site-packages\requests\models.py", line 1120, in json
    raise RequestsJSONDecodeError(e.msg, e.doc, e.pos)
requests.exceptions.JSONDecodeError: Expecting value: line 1 column 1 (char 0)
2026-07-28 19:46:56,011 ERROR extra fetch failed: _rosters(242690012,)
Traceback (most recent call last):
  File "C:\Users\saiem\Documents\GitHub-Data\sdv-dev\cfbfastR-dev\cfbfastR-cfb-raw\.venv\Lib\site-packages\requests\models.py", line 1116, in json
    return complexjson.loads(self.text, **kwargs)
           ^^^^^^^^^^^^^^^^^^^^^^^^^^^^^^^^^^^^^^
  File "C:\Users\saiem\AppData\Local\Programs\Python\Python311\Lib\json\__init__.py", line 346, in loads
    return _default_decoder.decode(s)
           ^^^^^^^^^^^^^^^^^^^^^^^^^^
  File "C:\Users\saiem\AppData\Local\Programs\Python\Python311\Lib\json\decoder.py", line 337, in decode
    obj, end = self.raw_decode(s, idx=_w(s, 0).end())
               ^^^^^^^^^^^^^^^^^^^^^^^^^^^^^^^^^^^^^^
  File "C:\Users\saiem\AppData\Local\Programs\Python\Python311\Lib\json\decoder.py", line 355, in raw_decode
    raise JSONDecodeError("Expecting value", s, err.value) from None
json.decoder.JSONDecodeError: Expecting value: line 1 column 1 (char 0)

During handling of the above exception, another exception occurred:

Traceback (most recent call last):
  File "C:\Users\saiem\Documents\GitHub-Data\sdv-dev\cfbfastR-dev\cfbfastR-cfb-raw\python\_cfb_raw_utils.py", line 122, in _safe
    return fn(*args, **kwargs)
           ^^^^^^^^^^^^^^^^^^^
  File "C:\Users\saiem\Documents\GitHub-Data\sdv-dev\cfbfastR-dev\cfbfastR-cfb-raw\python\scrape_cfb_json.py", line 42, in _rosters
    return sdv.cfb.espn_cfb_game_rosters(
           ^^^^^^^^^^^^^^^^^^^^^^^^^^^^^^
  File "C:\Users\saiem\Documents\GitHub-Data\sdv-dev\cfbfastR-dev\cfbfastR-cfb-raw\.venv\Lib\site-packages\sportsdataverse\cfb\cfb_game_rosters.py", line 70, in espn_cfb_game_rosters
    athletes = helper_cfb_athlete_items(teams_rosters=team_rosters, **kwargs)
               ^^^^^^^^^^^^^^^^^^^^^^^^^^^^^^^^^^^^^^^^^^^^^^^^^^^^^^^^^^^^^^
  File "C:\Users\saiem\Documents\GitHub-Data\sdv-dev\cfbfastR-dev\cfbfastR-cfb-raw\.venv\Lib\site-packages\sportsdataverse\cfb\cfb_game_rosters.py", line 253, in helper_cfb_athlete_items
    athlete_resp = athlete_res.json()
                   ^^^^^^^^^^^^^^^^^^
  File "C:\Users\saiem\Documents\GitHub-Data\sdv-dev\cfbfastR-dev\cfbfastR-cfb-raw\.venv\Lib\site-packages\requests\models.py", line 1120, in json
    raise RequestsJSONDecodeError(e.msg, e.doc, e.pos)
requests.exceptions.JSONDecodeError: Expecting value: line 1 column 1 (char 0)
2026-07-28 19:46:56,033 ERROR extra fetch failed: _rosters(242690251,)
Traceback (most recent call last):
  File "C:\Users\saiem\Documents\GitHub-Data\sdv-dev\cfbfastR-dev\cfbfastR-cfb-raw\.venv\Lib\site-packages\requests\models.py", line 1116, in json
    return complexjson.loads(self.text, **kwargs)
           ^^^^^^^^^^^^^^^^^^^^^^^^^^^^^^^^^^^^^^
  File "C:\Users\saiem\AppData\Local\Programs\Python\Python311\Lib\json\__init__.py", line 346, in loads
    return _default_decoder.decode(s)
           ^^^^^^^^^^^^^^^^^^^^^^^^^^
  File "C:\Users\saiem\AppData\Local\Programs\Python\Python311\Lib\json\decoder.py", line 337, in decode
    obj, end = self.raw_decode(s, idx=_w(s, 0).end())
               ^^^^^^^^^^^^^^^^^^^^^^^^^^^^^^^^^^^^^^
  File "C:\Users\saiem\AppData\Local\Programs\Python\Python311\Lib\json\decoder.py", line 355, in raw_decode
    raise JSONDecodeError("Expecting value", s, err.value) from None
json.decoder.JSONDecodeError: Expecting value: line 1 column 1 (char 0)

During handling of the above exception, another exception occurred:

Traceback (most recent call last):
  File "C:\Users\saiem\Documents\GitHub-Data\sdv-dev\cfbfastR-dev\cfbfastR-cfb-raw\python\_cfb_raw_utils.py", line 122, in _safe
    return fn(*args, **kwargs)
           ^^^^^^^^^^^^^^^^^^^
  File "C:\Users\saiem\Documents\GitHub-Data\sdv-dev\cfbfastR-dev\cfbfastR-cfb-raw\python\scrape_cfb_json.py", line 42, in _rosters
    return sdv.cfb.espn_cfb_game_rosters(
           ^^^^^^^^^^^^^^^^^^^^^^^^^^^^^^
  File "C:\Users\saiem\Documents\GitHub-Data\sdv-dev\cfbfastR-dev\cfbfastR-cfb-raw\.venv\Lib\site-packages\sportsdataverse\cfb\cfb_game_rosters.py", line 70, in espn_cfb_game_rosters
    athletes = helper_cfb_athlete_items(teams_rosters=team_rosters, **kwargs)
               ^^^^^^^^^^^^^^^^^^^^^^^^^^^^^^^^^^^^^^^^^^^^^^^^^^^^^^^^^^^^^^
  File "C:\Users\saiem\Documents\GitHub-Data\sdv-dev\cfbfastR-dev\cfbfastR-cfb-raw\.venv\Lib\site-packages\sportsdataverse\cfb\cfb_game_rosters.py", line 253, in helper_cfb_athlete_items
    athlete_resp = athlete_res.json()
                   ^^^^^^^^^^^^^^^^^^
  File "C:\Users\saiem\Documents\GitHub-Data\sdv-dev\cfbfastR-dev\cfbfastR-cfb-raw\.venv\Lib\site-packages\requests\models.py", line 1120, in json
    raise RequestsJSONDecodeError(e.msg, e.doc, e.pos)
requests.exceptions.JSONDecodeError: Expecting value: line 1 column 1 (char 0)
2026-07-28 19:46:56,049 ERROR extra fetch failed: _rosters(242692579,)
Traceback (most recent call last):
  File "C:\Users\saiem\Documents\GitHub-Data\sdv-dev\cfbfastR-dev\cfbfastR-cfb-raw\.venv\Lib\site-packages\requests\models.py", line 1116, in json
    return complexjson.loads(self.text, **kwargs)
           ^^^^^^^^^^^^^^^^^^^^^^^^^^^^^^^^^^^^^^
  File "C:\Users\saiem\AppData\Local\Programs\Python\Python311\Lib\json\__init__.py", line 346, in loads
    return _default_decoder.decode(s)
           ^^^^^^^^^^^^^^^^^^^^^^^^^^
  File "C:\Users\saiem\AppData\Local\Programs\Python\Python311\Lib\json\decoder.py", line 337, in decode
    obj, end = self.raw_decode(s, idx=_w(s, 0).end())
               ^^^^^^^^^^^^^^^^^^^^^^^^^^^^^^^^^^^^^^
  File "C:\Users\saiem\AppData\Local\Programs\Python\Python311\Lib\json\decoder.py", line 355, in raw_decode
    raise JSONDecodeError("Expecting value", s, err.value) from None
json.decoder.JSONDecodeError: Expecting value: line 1 column 1 (char 0)

During handling of the above exception, another exception occurred:

Traceback (most recent call last):
  File "C:\Users\saiem\Documents\GitHub-Data\sdv-dev\cfbfastR-dev\cfbfastR-cfb-raw\python\_cfb_raw_utils.py", line 122, in _safe
    return fn(*args, **kwargs)
           ^^^^^^^^^^^^^^^^^^^
  File "C:\Users\saiem\Documents\GitHub-Data\sdv-dev\cfbfastR-dev\cfbfastR-cfb-raw\python\scrape_cfb_json.py", line 42, in _rosters
    return sdv.cfb.espn_cfb_game_rosters(
           ^^^^^^^^^^^^^^^^^^^^^^^^^^^^^^
  File "C:\Users\saiem\Documents\GitHub-Data\sdv-dev\cfbfastR-dev\cfbfastR-cfb-raw\.venv\Lib\site-packages\sportsdataverse\cfb\cfb_game_rosters.py", line 70, in espn_cfb_game_rosters
    athletes = helper_cfb_athlete_items(teams_rosters=team_rosters, **kwargs)
               ^^^^^^^^^^^^^^^^^^^^^^^^^^^^^^^^^^^^^^^^^^^^^^^^^^^^^^^^^^^^^^
  File "C:\Users\saiem\Documents\GitHub-Data\sdv-dev\cfbfastR-dev\cfbfastR-cfb-raw\.venv\Lib\site-packages\sportsdataverse\cfb\cfb_game_rosters.py", line 253, in helper_cfb_athlete_items
    athlete_resp = athlete_res.json()
                   ^^^^^^^^^^^^^^^^^^
  File "C:\Users\saiem\Documents\GitHub-Data\sdv-dev\cfbfastR-dev\cfbfastR-cfb-raw\.venv\Lib\site-packages\requests\models.py", line 1120, in json
    raise RequestsJSONDecodeError(e.msg, e.doc, e.pos)
requests.exceptions.JSONDecodeError: Expecting value: line 1 column 1 (char 0)
2026-07-28 19:46:56,099 ERROR extra fetch failed: _rosters(242690087,)
Traceback (most recent call last):
  File "C:\Users\saiem\Documents\GitHub-Data\sdv-dev\cfbfastR-dev\cfbfastR-cfb-raw\.venv\Lib\site-packages\requests\models.py", line 1116, in json
    return complexjson.loads(self.text, **kwargs)
           ^^^^^^^^^^^^^^^^^^^^^^^^^^^^^^^^^^^^^^
  File "C:\Users\saiem\AppData\Local\Programs\Python\Python311\Lib\json\__init__.py", line 346, in loads
    return _default_decoder.decode(s)
           ^^^^^^^^^^^^^^^^^^^^^^^^^^
  File "C:\Users\saiem\AppData\Local\Programs\Python\Python311\Lib\json\decoder.py", line 337, in decode
    obj, end = self.raw_decode(s, idx=_w(s, 0).end())
               ^^^^^^^^^^^^^^^^^^^^^^^^^^^^^^^^^^^^^^
  File "C:\Users\saiem\AppData\Local\Programs\Python\Python311\Lib\json\decoder.py", line 355, in raw_decode
    raise JSONDecodeError("Expecting value", s, err.value) from None
json.decoder.JSONDecodeError: Expecting value: line 1 column 1 (char 0)

During handling of the above exception, another exception occurred:

Traceback (most recent call last):
  File "C:\Users\saiem\Documents\GitHub-Data\sdv-dev\cfbfastR-dev\cfbfastR-cfb-raw\python\_cfb_raw_utils.py", line 122, in _safe
    return fn(*args, **kwargs)
           ^^^^^^^^^^^^^^^^^^^
  File "C:\Users\saiem\Documents\GitHub-Data\sdv-dev\cfbfastR-dev\cfbfastR-cfb-raw\python\scrape_cfb_json.py", line 42, in _rosters
    return sdv.cfb.espn_cfb_game_rosters(
           ^^^^^^^^^^^^^^^^^^^^^^^^^^^^^^
  File "C:\Users\saiem\Documents\GitHub-Data\sdv-dev\cfbfastR-dev\cfbfastR-cfb-raw\.venv\Lib\site-packages\sportsdataverse\cfb\cfb_game_rosters.py", line 70, in espn_cfb_game_rosters
    athletes = helper_cfb_athlete_items(teams_rosters=team_rosters, **kwargs)
               ^^^^^^^^^^^^^^^^^^^^^^^^^^^^^^^^^^^^^^^^^^^^^^^^^^^^^^^^^^^^^^
  File "C:\Users\saiem\Documents\GitHub-Data\sdv-dev\cfbfastR-dev\cfbfastR-cfb-raw\.venv\Lib\site-packages\sportsdataverse\cfb\cfb_game_rosters.py", line 253, in helper_cfb_athlete_items
    athlete_resp = athlete_res.json()
                   ^^^^^^^^^^^^^^^^^^
  File "C:\Users\saiem\Documents\GitHub-Data\sdv-dev\cfbfastR-dev\cfbfastR-cfb-raw\.venv\Lib\site-packages\requests\models.py", line 1120, in json
    raise RequestsJSONDecodeError(e.msg, e.doc, e.pos)
requests.exceptions.JSONDecodeError: Expecting value: line 1 column 1 (char 0)
2026-07-28 19:46:56,099 ERROR extra fetch failed: _rosters(242690166,)
Traceback (most recent call last):
  File "C:\Users\saiem\Documents\GitHub-Data\sdv-dev\cfbfastR-dev\cfbfastR-cfb-raw\.venv\Lib\site-packages\requests\models.py", line 1116, in json
    return complexjson.loads(self.text, **kwargs)
           ^^^^^^^^^^^^^^^^^^^^^^^^^^^^^^^^^^^^^^
  File "C:\Users\saiem\AppData\Local\Programs\Python\Python311\Lib\json\__init__.py", line 346, in loads
    return _default_decoder.decode(s)
           ^^^^^^^^^^^^^^^^^^^^^^^^^^
  File "C:\Users\saiem\AppData\Local\Programs\Python\Python311\Lib\json\decoder.py", line 337, in decode
    obj, end = self.raw_decode(s, idx=_w(s, 0).end())
               ^^^^^^^^^^^^^^^^^^^^^^^^^^^^^^^^^^^^^^
  File "C:\Users\saiem\AppData\Local\Programs\Python\Python311\Lib\json\decoder.py", line 355, in raw_decode
    raise JSONDecodeError("Expecting value", s, err.value) from None
json.decoder.JSONDecodeError: Expecting value: line 1 column 1 (char 0)

During handling of the above exception, another exception occurred:

Traceback (most recent call last):
  File "C:\Users\saiem\Documents\GitHub-Data\sdv-dev\cfbfastR-dev\cfbfastR-cfb-raw\python\_cfb_raw_utils.py", line 122, in _safe
    return fn(*args, **kwargs)
           ^^^^^^^^^^^^^^^^^^^
  File "C:\Users\saiem\Documents\GitHub-Data\sdv-dev\cfbfastR-dev\cfbfastR-cfb-raw\python\scrape_cfb_json.py", line 42, in _rosters
    return sdv.cfb.espn_cfb_game_rosters(
           ^^^^^^^^^^^^^^^^^^^^^^^^^^^^^^
  File "C:\Users\saiem\Documents\GitHub-Data\sdv-dev\cfbfastR-dev\cfbfastR-cfb-raw\.venv\Lib\site-packages\sportsdataverse\cfb\cfb_game_rosters.py", line 70, in espn_cfb_game_rosters
    athletes = helper_cfb_athlete_items(teams_rosters=team_rosters, **kwargs)
               ^^^^^^^^^^^^^^^^^^^^^^^^^^^^^^^^^^^^^^^^^^^^^^^^^^^^^^^^^^^^^^
  File "C:\Users\saiem\Documents\GitHub-Data\sdv-dev\cfbfastR-dev\cfbfastR-cfb-raw\.venv\Lib\site-packages\sportsdataverse\cfb\cfb_game_rosters.py", line 253, in helper_cfb_athlete_items
    athlete_resp = athlete_res.json()
                   ^^^^^^^^^^^^^^^^^^
  File "C:\Users\saiem\Documents\GitHub-Data\sdv-dev\cfbfastR-dev\cfbfastR-cfb-raw\.venv\Lib\site-packages\requests\models.py", line 1120, in json
    raise RequestsJSONDecodeError(e.msg, e.doc, e.pos)
requests.exceptions.JSONDecodeError: Expecting value: line 1 column 1 (char 0)
2026-07-28 19:47:01,293 ERROR extra fetch failed: _participants(242760059,)
Traceback (most recent call last):
  File "C:\Users\saiem\Documents\GitHub-Data\sdv-dev\cfbfastR-dev\cfbfastR-cfb-raw\.venv\Lib\site-packages\requests\models.py", line 1116, in json
    return complexjson.loads(self.text, **kwargs)
           ^^^^^^^^^^^^^^^^^^^^^^^^^^^^^^^^^^^^^^
  File "C:\Users\saiem\AppData\Local\Programs\Python\Python311\Lib\json\__init__.py", line 346, in loads
    return _default_decoder.decode(s)
           ^^^^^^^^^^^^^^^^^^^^^^^^^^
  File "C:\Users\saiem\AppData\Local\Programs\Python\Python311\Lib\json\decoder.py", line 337, in decode
    obj, end = self.raw_decode(s, idx=_w(s, 0).end())
               ^^^^^^^^^^^^^^^^^^^^^^^^^^^^^^^^^^^^^^
  File "C:\Users\saiem\AppData\Local\Programs\Python\Python311\Lib\json\decoder.py", line 355, in raw_decode
    raise JSONDecodeError("Expecting value", s, err.value) from None
json.decoder.JSONDecodeError: Expecting value: line 1 column 1 (char 0)

During handling of the above exception, another exception occurred:

Traceback (most recent call last):
  File "C:\Users\saiem\Documents\GitHub-Data\sdv-dev\cfbfastR-dev\cfbfastR-cfb-raw\python\_cfb_raw_utils.py", line 122, in _safe
    return fn(*args, **kwargs)
           ^^^^^^^^^^^^^^^^^^^
  File "C:\Users\saiem\Documents\GitHub-Data\sdv-dev\cfbfastR-dev\cfbfastR-cfb-raw\python\scrape_cfb_json.py", line 36, in _participants
    return sdv.cfb.espn_cfb_play_participants(
           ^^^^^^^^^^^^^^^^^^^^^^^^^^^^^^^^^^^
  File "C:\Users\saiem\Documents\GitHub-Data\sdv-dev\cfbfastR-dev\cfbfastR-cfb-raw\.venv\Lib\site-packages\sportsdataverse\cfb\cfb_play_participants.py", line 184, in espn_cfb_play_participants
    plays_raw = _download_plays(game_id, **kwargs)
                ^^^^^^^^^^^^^^^^^^^^^^^^^^^^^^^^^^
  File "C:\Users\saiem\Documents\GitHub-Data\sdv-dev\cfbfastR-dev\cfbfastR-cfb-raw\.venv\Lib\site-packages\sportsdataverse\cfb\cfb_play_participants.py", line 215, in _download_plays
    body = resp.json()
           ^^^^^^^^^^^
  File "C:\Users\saiem\Documents\GitHub-Data\sdv-dev\cfbfastR-dev\cfbfastR-cfb-raw\.venv\Lib\site-packages\requests\models.py", line 1120, in json
    raise RequestsJSONDecodeError(e.msg, e.doc, e.pos)
requests.exceptions.JSONDecodeError: Expecting value: line 1 column 1 (char 0)
2026-07-28 19:47:01,519 ERROR extra fetch failed: _participants(242760201,)
Traceback (most recent call last):
  File "C:\Users\saiem\Documents\GitHub-Data\sdv-dev\cfbfastR-dev\cfbfastR-cfb-raw\.venv\Lib\site-packages\requests\models.py", line 1116, in json
    return complexjson.loads(self.text, **kwargs)
           ^^^^^^^^^^^^^^^^^^^^^^^^^^^^^^^^^^^^^^
  File "C:\Users\saiem\AppData\Local\Programs\Python\Python311\Lib\json\__init__.py", line 346, in loads
    return _default_decoder.decode(s)
           ^^^^^^^^^^^^^^^^^^^^^^^^^^
  File "C:\Users\saiem\AppData\Local\Programs\Python\Python311\Lib\json\decoder.py", line 337, in decode
    obj, end = self.raw_decode(s, idx=_w(s, 0).end())
               ^^^^^^^^^^^^^^^^^^^^^^^^^^^^^^^^^^^^^^
  File "C:\Users\saiem\AppData\Local\Programs\Python\Python311\Lib\json\decoder.py", line 355, in raw_decode
    raise JSONDecodeError("Expecting value", s, err.value) from None
json.decoder.JSONDecodeError: Expecting value: line 1 column 1 (char 0)

During handling of the above exception, another exception occurred:

Traceback (most recent call last):
  File "C:\Users\saiem\Documents\GitHub-Data\sdv-dev\cfbfastR-dev\cfbfastR-cfb-raw\python\_cfb_raw_utils.py", line 122, in _safe
    return fn(*args, **kwargs)
           ^^^^^^^^^^^^^^^^^^^
  File "C:\Users\saiem\Documents\GitHub-Data\sdv-dev\cfbfastR-dev\cfbfastR-cfb-raw\python\scrape_cfb_json.py", line 36, in _participants
    return sdv.cfb.espn_cfb_play_participants(
           ^^^^^^^^^^^^^^^^^^^^^^^^^^^^^^^^^^^
  File "C:\Users\saiem\Documents\GitHub-Data\sdv-dev\cfbfastR-dev\cfbfastR-cfb-raw\.venv\Lib\site-packages\sportsdataverse\cfb\cfb_play_participants.py", line 184, in espn_cfb_play_participants
    plays_raw = _download_plays(game_id, **kwargs)
                ^^^^^^^^^^^^^^^^^^^^^^^^^^^^^^^^^^
  File "C:\Users\saiem\Documents\GitHub-Data\sdv-dev\cfbfastR-dev\cfbfastR-cfb-raw\.venv\Lib\site-packages\sportsdataverse\cfb\cfb_play_participants.py", line 215, in _download_plays
    body = resp.json()
           ^^^^^^^^^^^
  File "C:\Users\saiem\Documents\GitHub-Data\sdv-dev\cfbfastR-dev\cfbfastR-cfb-raw\.venv\Lib\site-packages\requests\models.py", line 1120, in json
    raise RequestsJSONDecodeError(e.msg, e.doc, e.pos)
requests.exceptions.JSONDecodeError: Expecting value: line 1 column 1 (char 0)
2026-07-28 19:47:01,978 ERROR extra fetch failed: _participants(242760061,)
Traceback (most recent call last):
  File "C:\Users\saiem\Documents\GitHub-Data\sdv-dev\cfbfastR-dev\cfbfastR-cfb-raw\.venv\Lib\site-packages\requests\models.py", line 1116, in json
    return complexjson.loads(self.text, **kwargs)
           ^^^^^^^^^^^^^^^^^^^^^^^^^^^^^^^^^^^^^^
  File "C:\Users\saiem\AppData\Local\Programs\Python\Python311\Lib\json\__init__.py", line 346, in loads
    return _default_decoder.decode(s)
           ^^^^^^^^^^^^^^^^^^^^^^^^^^
  File "C:\Users\saiem\AppData\Local\Programs\Python\Python311\Lib\json\decoder.py", line 337, in decode
    obj, end = self.raw_decode(s, idx=_w(s, 0).end())
               ^^^^^^^^^^^^^^^^^^^^^^^^^^^^^^^^^^^^^^
  File "C:\Users\saiem\AppData\Local\Programs\Python\Python311\Lib\json\decoder.py", line 355, in raw_decode
    raise JSONDecodeError("Expecting value", s, err.value) from None
json.decoder.JSONDecodeError: Expecting value: line 1 column 1 (char 0)

During handling of the above exception, another exception occurred:

Traceback (most recent call last):
  File "C:\Users\saiem\Documents\GitHub-Data\sdv-dev\cfbfastR-dev\cfbfastR-cfb-raw\python\_cfb_raw_utils.py", line 122, in _safe
    return fn(*args, **kwargs)
           ^^^^^^^^^^^^^^^^^^^
  File "C:\Users\saiem\Documents\GitHub-Data\sdv-dev\cfbfastR-dev\cfbfastR-cfb-raw\python\scrape_cfb_json.py", line 36, in _participants
    return sdv.cfb.espn_cfb_play_participants(
           ^^^^^^^^^^^^^^^^^^^^^^^^^^^^^^^^^^^
  File "C:\Users\saiem\Documents\GitHub-Data\sdv-dev\cfbfastR-dev\cfbfastR-cfb-raw\.venv\Lib\site-packages\sportsdataverse\cfb\cfb_play_participants.py", line 184, in espn_cfb_play_participants
    plays_raw = _download_plays(game_id, **kwargs)
                ^^^^^^^^^^^^^^^^^^^^^^^^^^^^^^^^^^
  File "C:\Users\saiem\Documents\GitHub-Data\sdv-dev\cfbfastR-dev\cfbfastR-cfb-raw\.venv\Lib\site-packages\sportsdataverse\cfb\cfb_play_participants.py", line 215, in _download_plays
    body = resp.json()
           ^^^^^^^^^^^
  File "C:\Users\saiem\Documents\GitHub-Data\sdv-dev\cfbfastR-dev\cfbfastR-cfb-raw\.venv\Lib\site-packages\requests\models.py", line 1120, in json
    raise RequestsJSONDecodeError(e.msg, e.doc, e.pos)
requests.exceptions.JSONDecodeError: Expecting value: line 1 column 1 (char 0)
2026-07-28 19:47:02,365 ERROR extra fetch failed: _participants(242740041,)
Traceback (most recent call last):
  File "C:\Users\saiem\Documents\GitHub-Data\sdv-dev\cfbfastR-dev\cfbfastR-cfb-raw\.venv\Lib\site-packages\requests\models.py", line 1116, in json
    return complexjson.loads(self.text, **kwargs)
           ^^^^^^^^^^^^^^^^^^^^^^^^^^^^^^^^^^^^^^
  File "C:\Users\saiem\AppData\Local\Programs\Python\Python311\Lib\json\__init__.py", line 346, in loads
    return _default_decoder.decode(s)
           ^^^^^^^^^^^^^^^^^^^^^^^^^^
  File "C:\Users\saiem\AppData\Local\Programs\Python\Python311\Lib\json\decoder.py", line 337, in decode
    obj, end = self.raw_decode(s, idx=_w(s, 0).end())
               ^^^^^^^^^^^^^^^^^^^^^^^^^^^^^^^^^^^^^^
  File "C:\Users\saiem\AppData\Local\Programs\Python\Python311\Lib\json\decoder.py", line 355, in raw_decode
    raise JSONDecodeError("Expecting value", s, err.value) from None
json.decoder.JSONDecodeError: Expecting value: line 1 column 1 (char 0)

During handling of the above exception, another exception occurred:

Traceback (most recent call last):
  File "C:\Users\saiem\Documents\GitHub-Data\sdv-dev\cfbfastR-dev\cfbfastR-cfb-raw\python\_cfb_raw_utils.py", line 122, in _safe
    return fn(*args, **kwargs)
           ^^^^^^^^^^^^^^^^^^^
  File "C:\Users\saiem\Documents\GitHub-Data\sdv-dev\cfbfastR-dev\cfbfastR-cfb-raw\python\scrape_cfb_json.py", line 36, in _participants
    return sdv.cfb.espn_cfb_play_participants(
           ^^^^^^^^^^^^^^^^^^^^^^^^^^^^^^^^^^^
  File "C:\Users\saiem\Documents\GitHub-Data\sdv-dev\cfbfastR-dev\cfbfastR-cfb-raw\.venv\Lib\site-packages\sportsdataverse\cfb\cfb_play_participants.py", line 184, in espn_cfb_play_participants
    plays_raw = _download_plays(game_id, **kwargs)
                ^^^^^^^^^^^^^^^^^^^^^^^^^^^^^^^^^^
  File "C:\Users\saiem\Documents\GitHub-Data\sdv-dev\cfbfastR-dev\cfbfastR-cfb-raw\.venv\Lib\site-packages\sportsdataverse\cfb\cfb_play_participants.py", line 215, in _download_plays
    body = resp.json()
           ^^^^^^^^^^^
  File "C:\Users\saiem\Documents\GitHub-Data\sdv-dev\cfbfastR-dev\cfbfastR-cfb-raw\.venv\Lib\site-packages\requests\models.py", line 1120, in json
    raise RequestsJSONDecodeError(e.msg, e.doc, e.pos)
requests.exceptions.JSONDecodeError: Expecting value: line 1 column 1 (char 0)
2026-07-28 19:47:02,608 ERROR extra fetch failed: _rosters(242760059,)
Traceback (most recent call last):
  File "C:\Users\saiem\Documents\GitHub-Data\sdv-dev\cfbfastR-dev\cfbfastR-cfb-raw\.venv\Lib\site-packages\requests\models.py", line 1116, in json
    return complexjson.loads(self.text, **kwargs)
           ^^^^^^^^^^^^^^^^^^^^^^^^^^^^^^^^^^^^^^
  File "C:\Users\saiem\AppData\Local\Programs\Python\Python311\Lib\json\__init__.py", line 346, in loads
    return _default_decoder.decode(s)
           ^^^^^^^^^^^^^^^^^^^^^^^^^^
  File "C:\Users\saiem\AppData\Local\Programs\Python\Python311\Lib\json\decoder.py", line 337, in decode
    obj, end = self.raw_decode(s, idx=_w(s, 0).end())
               ^^^^^^^^^^^^^^^^^^^^^^^^^^^^^^^^^^^^^^
  File "C:\Users\saiem\AppData\Local\Programs\Python\Python311\Lib\json\decoder.py", line 355, in raw_decode
    raise JSONDecodeError("Expecting value", s, err.value) from None
json.decoder.JSONDecodeError: Expecting value: line 1 column 1 (char 0)

During handling of the above exception, another exception occurred:

Traceback (most recent call last):
  File "C:\Users\saiem\Documents\GitHub-Data\sdv-dev\cfbfastR-dev\cfbfastR-cfb-raw\python\_cfb_raw_utils.py", line 122, in _safe
    return fn(*args, **kwargs)
           ^^^^^^^^^^^^^^^^^^^
  File "C:\Users\saiem\Documents\GitHub-Data\sdv-dev\cfbfastR-dev\cfbfastR-cfb-raw\python\scrape_cfb_json.py", line 42, in _rosters
    return sdv.cfb.espn_cfb_game_rosters(
           ^^^^^^^^^^^^^^^^^^^^^^^^^^^^^^
  File "C:\Users\saiem\Documents\GitHub-Data\sdv-dev\cfbfastR-dev\cfbfastR-cfb-raw\.venv\Lib\site-packages\sportsdataverse\cfb\cfb_game_rosters.py", line 64, in espn_cfb_game_rosters
    summary = summary_resp.json()
              ^^^^^^^^^^^^^^^^^^^
  File "C:\Users\saiem\Documents\GitHub-Data\sdv-dev\cfbfastR-dev\cfbfastR-cfb-raw\.venv\Lib\site-packages\requests\models.py", line 1120, in json
    raise RequestsJSONDecodeError(e.msg, e.doc, e.pos)
requests.exceptions.JSONDecodeError: Expecting value: line 1 column 1 (char 0)
2026-07-28 19:47:02,646 ERROR extra fetch failed: _participants(242750167,)
Traceback (most recent call last):
  File "C:\Users\saiem\Documents\GitHub-Data\sdv-dev\cfbfastR-dev\cfbfastR-cfb-raw\.venv\Lib\site-packages\requests\models.py", line 1116, in json
    return complexjson.loads(self.text, **kwargs)
           ^^^^^^^^^^^^^^^^^^^^^^^^^^^^^^^^^^^^^^
  File "C:\Users\saiem\AppData\Local\Programs\Python\Python311\Lib\json\__init__.py", line 346, in loads
    return _default_decoder.decode(s)
           ^^^^^^^^^^^^^^^^^^^^^^^^^^
  File "C:\Users\saiem\AppData\Local\Programs\Python\Python311\Lib\json\decoder.py", line 337, in decode
    obj, end = self.raw_decode(s, idx=_w(s, 0).end())
               ^^^^^^^^^^^^^^^^^^^^^^^^^^^^^^^^^^^^^^
  File "C:\Users\saiem\AppData\Local\Programs\Python\Python311\Lib\json\decoder.py", line 355, in raw_decode
    raise JSONDecodeError("Expecting value", s, err.value) from None
json.decoder.JSONDecodeError: Expecting value: line 1 column 1 (char 0)

During handling of the above exception, another exception occurred:

Traceback (most recent call last):
  File "C:\Users\saiem\Documents\GitHub-Data\sdv-dev\cfbfastR-dev\cfbfastR-cfb-raw\python\_cfb_raw_utils.py", line 122, in _safe
    return fn(*args, **kwargs)
           ^^^^^^^^^^^^^^^^^^^
  File "C:\Users\saiem\Documents\GitHub-Data\sdv-dev\cfbfastR-dev\cfbfastR-cfb-raw\python\scrape_cfb_json.py", line 36, in _participants
    return sdv.cfb.espn_cfb_play_participants(
           ^^^^^^^^^^^^^^^^^^^^^^^^^^^^^^^^^^^
  File "C:\Users\saiem\Documents\GitHub-Data\sdv-dev\cfbfastR-dev\cfbfastR-cfb-raw\.venv\Lib\site-packages\sportsdataverse\cfb\cfb_play_participants.py", line 184, in espn_cfb_play_participants
    plays_raw = _download_plays(game_id, **kwargs)
                ^^^^^^^^^^^^^^^^^^^^^^^^^^^^^^^^^^
  File "C:\Users\saiem\Documents\GitHub-Data\sdv-dev\cfbfastR-dev\cfbfastR-cfb-raw\.venv\Lib\site-packages\sportsdataverse\cfb\cfb_play_participants.py", line 215, in _download_plays
    body = resp.json()
           ^^^^^^^^^^^
  File "C:\Users\saiem\Documents\GitHub-Data\sdv-dev\cfbfastR-dev\cfbfastR-cfb-raw\.venv\Lib\site-packages\requests\models.py", line 1120, in json
    raise RequestsJSONDecodeError(e.msg, e.doc, e.pos)
requests.exceptions.JSONDecodeError: Expecting value: line 1 column 1 (char 0)
2026-07-28 19:47:02,780 ERROR extra fetch failed: _rosters(242760201,)
Traceback (most recent call last):
  File "C:\Users\saiem\Documents\GitHub-Data\sdv-dev\cfbfastR-dev\cfbfastR-cfb-raw\.venv\Lib\site-packages\requests\models.py", line 1116, in json
    return complexjson.loads(self.text, **kwargs)
           ^^^^^^^^^^^^^^^^^^^^^^^^^^^^^^^^^^^^^^
  File "C:\Users\saiem\AppData\Local\Programs\Python\Python311\Lib\json\__init__.py", line 346, in loads
    return _default_decoder.decode(s)
           ^^^^^^^^^^^^^^^^^^^^^^^^^^
  File "C:\Users\saiem\AppData\Local\Programs\Python\Python311\Lib\json\decoder.py", line 337, in decode
    obj, end = self.raw_decode(s, idx=_w(s, 0).end())
               ^^^^^^^^^^^^^^^^^^^^^^^^^^^^^^^^^^^^^^
  File "C:\Users\saiem\AppData\Local\Programs\Python\Python311\Lib\json\decoder.py", line 355, in raw_decode
    raise JSONDecodeError("Expecting value", s, err.value) from None
json.decoder.JSONDecodeError: Expecting value: line 1 column 1 (char 0)

During handling of the above exception, another exception occurred:

Traceback (most recent call last):
  File "C:\Users\saiem\Documents\GitHub-Data\sdv-dev\cfbfastR-dev\cfbfastR-cfb-raw\python\_cfb_raw_utils.py", line 122, in _safe
    return fn(*args, **kwargs)
           ^^^^^^^^^^^^^^^^^^^
  File "C:\Users\saiem\Documents\GitHub-Data\sdv-dev\cfbfastR-dev\cfbfastR-cfb-raw\python\scrape_cfb_json.py", line 42, in _rosters
    return sdv.cfb.espn_cfb_game_rosters(
           ^^^^^^^^^^^^^^^^^^^^^^^^^^^^^^
  File "C:\Users\saiem\Documents\GitHub-Data\sdv-dev\cfbfastR-dev\cfbfastR-cfb-raw\.venv\Lib\site-packages\sportsdataverse\cfb\cfb_game_rosters.py", line 64, in espn_cfb_game_rosters
    summary = summary_resp.json()
              ^^^^^^^^^^^^^^^^^^^
  File "C:\Users\saiem\Documents\GitHub-Data\sdv-dev\cfbfastR-dev\cfbfastR-cfb-raw\.venv\Lib\site-packages\requests\models.py", line 1120, in json
    raise RequestsJSONDecodeError(e.msg, e.doc, e.pos)
requests.exceptions.JSONDecodeError: Expecting value: line 1 column 1 (char 0)
2026-07-28 19:47:03,368 ERROR extra fetch failed: _rosters(242760061,)
Traceback (most recent call last):
  File "C:\Users\saiem\Documents\GitHub-Data\sdv-dev\cfbfastR-dev\cfbfastR-cfb-raw\.venv\Lib\site-packages\requests\models.py", line 1116, in json
    return complexjson.loads(self.text, **kwargs)
           ^^^^^^^^^^^^^^^^^^^^^^^^^^^^^^^^^^^^^^
  File "C:\Users\saiem\AppData\Local\Programs\Python\Python311\Lib\json\__init__.py", line 346, in loads
    return _default_decoder.decode(s)
           ^^^^^^^^^^^^^^^^^^^^^^^^^^
  File "C:\Users\saiem\AppData\Local\Programs\Python\Python311\Lib\json\decoder.py", line 337, in decode
    obj, end = self.raw_decode(s, idx=_w(s, 0).end())
               ^^^^^^^^^^^^^^^^^^^^^^^^^^^^^^^^^^^^^^
  File "C:\Users\saiem\AppData\Local\Programs\Python\Python311\Lib\json\decoder.py", line 355, in raw_decode
    raise JSONDecodeError("Expecting value", s, err.value) from None
json.decoder.JSONDecodeError: Expecting value: line 1 column 1 (char 0)

During handling of the above exception, another exception occurred:

Traceback (most recent call last):
  File "C:\Users\saiem\Documents\GitHub-Data\sdv-dev\cfbfastR-dev\cfbfastR-cfb-raw\python\_cfb_raw_utils.py", line 122, in _safe
    return fn(*args, **kwargs)
           ^^^^^^^^^^^^^^^^^^^
  File "C:\Users\saiem\Documents\GitHub-Data\sdv-dev\cfbfastR-dev\cfbfastR-cfb-raw\python\scrape_cfb_json.py", line 42, in _rosters
    return sdv.cfb.espn_cfb_game_rosters(
           ^^^^^^^^^^^^^^^^^^^^^^^^^^^^^^
  File "C:\Users\saiem\Documents\GitHub-Data\sdv-dev\cfbfastR-dev\cfbfastR-cfb-raw\.venv\Lib\site-packages\sportsdataverse\cfb\cfb_game_rosters.py", line 64, in espn_cfb_game_rosters
    summary = summary_resp.json()
              ^^^^^^^^^^^^^^^^^^^
  File "C:\Users\saiem\Documents\GitHub-Data\sdv-dev\cfbfastR-dev\cfbfastR-cfb-raw\.venv\Lib\site-packages\requests\models.py", line 1120, in json
    raise RequestsJSONDecodeError(e.msg, e.doc, e.pos)
requests.exceptions.JSONDecodeError: Expecting value: line 1 column 1 (char 0)
2026-07-28 19:47:03,789 ERROR extra fetch failed: _rosters(242740041,)
Traceback (most recent call last):
  File "C:\Users\saiem\Documents\GitHub-Data\sdv-dev\cfbfastR-dev\cfbfastR-cfb-raw\.venv\Lib\site-packages\requests\models.py", line 1116, in json
    return complexjson.loads(self.text, **kwargs)
           ^^^^^^^^^^^^^^^^^^^^^^^^^^^^^^^^^^^^^^
  File "C:\Users\saiem\AppData\Local\Programs\Python\Python311\Lib\json\__init__.py", line 346, in loads
    return _default_decoder.decode(s)
           ^^^^^^^^^^^^^^^^^^^^^^^^^^
  File "C:\Users\saiem\AppData\Local\Programs\Python\Python311\Lib\json\decoder.py", line 337, in decode
    obj, end = self.raw_decode(s, idx=_w(s, 0).end())
               ^^^^^^^^^^^^^^^^^^^^^^^^^^^^^^^^^^^^^^
  File "C:\Users\saiem\AppData\Local\Programs\Python\Python311\Lib\json\decoder.py", line 355, in raw_decode
    raise JSONDecodeError("Expecting value", s, err.value) from None
json.decoder.JSONDecodeError: Expecting value: line 1 column 1 (char 0)

During handling of the above exception, another exception occurred:

Traceback (most recent call last):
  File "C:\Users\saiem\Documents\GitHub-Data\sdv-dev\cfbfastR-dev\cfbfastR-cfb-raw\python\_cfb_raw_utils.py", line 122, in _safe
    return fn(*args, **kwargs)
           ^^^^^^^^^^^^^^^^^^^
  File "C:\Users\saiem\Documents\GitHub-Data\sdv-dev\cfbfastR-dev\cfbfastR-cfb-raw\python\scrape_cfb_json.py", line 42, in _rosters
    return sdv.cfb.espn_cfb_game_rosters(
           ^^^^^^^^^^^^^^^^^^^^^^^^^^^^^^
  File "C:\Users\saiem\Documents\GitHub-Data\sdv-dev\cfbfastR-dev\cfbfastR-cfb-raw\.venv\Lib\site-packages\sportsdataverse\cfb\cfb_game_rosters.py", line 64, in espn_cfb_game_rosters
    summary = summary_resp.json()
              ^^^^^^^^^^^^^^^^^^^
  File "C:\Users\saiem\Documents\GitHub-Data\sdv-dev\cfbfastR-dev\cfbfastR-cfb-raw\.venv\Lib\site-packages\requests\models.py", line 1120, in json
    raise RequestsJSONDecodeError(e.msg, e.doc, e.pos)
requests.exceptions.JSONDecodeError: Expecting value: line 1 column 1 (char 0)
2026-07-28 19:47:04,106 ERROR extra fetch failed: _rosters(242750167,)
Traceback (most recent call last):
  File "C:\Users\saiem\Documents\GitHub-Data\sdv-dev\cfbfastR-dev\cfbfastR-cfb-raw\.venv\Lib\site-packages\requests\models.py", line 1116, in json
    return complexjson.loads(self.text, **kwargs)
           ^^^^^^^^^^^^^^^^^^^^^^^^^^^^^^^^^^^^^^
  File "C:\Users\saiem\AppData\Local\Programs\Python\Python311\Lib\json\__init__.py", line 346, in loads
    return _default_decoder.decode(s)
           ^^^^^^^^^^^^^^^^^^^^^^^^^^
  File "C:\Users\saiem\AppData\Local\Programs\Python\Python311\Lib\json\decoder.py", line 337, in decode
    obj, end = self.raw_decode(s, idx=_w(s, 0).end())
               ^^^^^^^^^^^^^^^^^^^^^^^^^^^^^^^^^^^^^^
  File "C:\Users\saiem\AppData\Local\Programs\Python\Python311\Lib\json\decoder.py", line 355, in raw_decode
    raise JSONDecodeError("Expecting value", s, err.value) from None
json.decoder.JSONDecodeError: Expecting value: line 1 column 1 (char 0)

During handling of the above exception, another exception occurred:

Traceback (most recent call last):
  File "C:\Users\saiem\Documents\GitHub-Data\sdv-dev\cfbfastR-dev\cfbfastR-cfb-raw\python\_cfb_raw_utils.py", line 122, in _safe
    return fn(*args, **kwargs)
           ^^^^^^^^^^^^^^^^^^^
  File "C:\Users\saiem\Documents\GitHub-Data\sdv-dev\cfbfastR-dev\cfbfastR-cfb-raw\python\scrape_cfb_json.py", line 42, in _rosters
    return sdv.cfb.espn_cfb_game_rosters(
           ^^^^^^^^^^^^^^^^^^^^^^^^^^^^^^
  File "C:\Users\saiem\Documents\GitHub-Data\sdv-dev\cfbfastR-dev\cfbfastR-cfb-raw\.venv\Lib\site-packages\sportsdataverse\cfb\cfb_game_rosters.py", line 64, in espn_cfb_game_rosters
    summary = summary_resp.json()
              ^^^^^^^^^^^^^^^^^^^
  File "C:\Users\saiem\Documents\GitHub-Data\sdv-dev\cfbfastR-dev\cfbfastR-cfb-raw\.venv\Lib\site-packages\requests\models.py", line 1120, in json
    raise RequestsJSONDecodeError(e.msg, e.doc, e.pos)
requests.exceptions.JSONDecodeError: Expecting value: line 1 column 1 (char 0)
2026-07-28 19:47:11,473 ERROR extra fetch failed: _participants(242762117,)
Traceback (most recent call last):
  File "C:\Users\saiem\Documents\GitHub-Data\sdv-dev\cfbfastR-dev\cfbfastR-cfb-raw\.venv\Lib\site-packages\requests\models.py", line 1116, in json
    return complexjson.loads(self.text, **kwargs)
           ^^^^^^^^^^^^^^^^^^^^^^^^^^^^^^^^^^^^^^
  File "C:\Users\saiem\AppData\Local\Programs\Python\Python311\Lib\json\__init__.py", line 346, in loads
    return _default_decoder.decode(s)
           ^^^^^^^^^^^^^^^^^^^^^^^^^^
  File "C:\Users\saiem\AppData\Local\Programs\Python\Python311\Lib\json\decoder.py", line 337, in decode
    obj, end = self.raw_decode(s, idx=_w(s, 0).end())
               ^^^^^^^^^^^^^^^^^^^^^^^^^^^^^^^^^^^^^^
  File "C:\Users\saiem\AppData\Local\Programs\Python\Python311\Lib\json\decoder.py", line 355, in raw_decode
    raise JSONDecodeError("Expecting value", s, err.value) from None
json.decoder.JSONDecodeError: Expecting value: line 1 column 1 (char 0)

During handling of the above exception, another exception occurred:

Traceback (most recent call last):
  File "C:\Users\saiem\Documents\GitHub-Data\sdv-dev\cfbfastR-dev\cfbfastR-cfb-raw\python\_cfb_raw_utils.py", line 122, in _safe
    return fn(*args, **kwargs)
           ^^^^^^^^^^^^^^^^^^^
  File "C:\Users\saiem\Documents\GitHub-Data\sdv-dev\cfbfastR-dev\cfbfastR-cfb-raw\python\scrape_cfb_json.py", line 36, in _participants
    return sdv.cfb.espn_cfb_play_participants(
           ^^^^^^^^^^^^^^^^^^^^^^^^^^^^^^^^^^^
  File "C:\Users\saiem\Documents\GitHub-Data\sdv-dev\cfbfastR-dev\cfbfastR-cfb-raw\.venv\Lib\site-packages\sportsdataverse\cfb\cfb_play_participants.py", line 184, in espn_cfb_play_participants
    plays_raw = _download_plays(game_id, **kwargs)
                ^^^^^^^^^^^^^^^^^^^^^^^^^^^^^^^^^^
  File "C:\Users\saiem\Documents\GitHub-Data\sdv-dev\cfbfastR-dev\cfbfastR-cfb-raw\.venv\Lib\site-packages\sportsdataverse\cfb\cfb_play_participants.py", line 215, in _download_plays
    body = resp.json()
           ^^^^^^^^^^^
  File "C:\Users\saiem\Documents\GitHub-Data\sdv-dev\cfbfastR-dev\cfbfastR-cfb-raw\.venv\Lib\site-packages\requests\models.py", line 1120, in json
    raise RequestsJSONDecodeError(e.msg, e.doc, e.pos)
requests.exceptions.JSONDecodeError: Expecting value: line 1 column 1 (char 0)
2026-07-28 19:47:11,731 ERROR extra fetch failed: _participants(242760349,)
Traceback (most recent call last):
  File "C:\Users\saiem\Documents\GitHub-Data\sdv-dev\cfbfastR-dev\cfbfastR-cfb-raw\.venv\Lib\site-packages\requests\models.py", line 1116, in json
    return complexjson.loads(self.text, **kwargs)
           ^^^^^^^^^^^^^^^^^^^^^^^^^^^^^^^^^^^^^^
  File "C:\Users\saiem\AppData\Local\Programs\Python\Python311\Lib\json\__init__.py", line 346, in loads
    return _default_decoder.decode(s)
           ^^^^^^^^^^^^^^^^^^^^^^^^^^
  File "C:\Users\saiem\AppData\Local\Programs\Python\Python311\Lib\json\decoder.py", line 337, in decode
    obj, end = self.raw_decode(s, idx=_w(s, 0).end())
               ^^^^^^^^^^^^^^^^^^^^^^^^^^^^^^^^^^^^^^
  File "C:\Users\saiem\AppData\Local\Programs\Python\Python311\Lib\json\decoder.py", line 355, in raw_decode
    raise JSONDecodeError("Expecting value", s, err.value) from None
json.decoder.JSONDecodeError: Expecting value: line 1 column 1 (char 0)

During handling of the above exception, another exception occurred:

Traceback (most recent call last):
  File "C:\Users\saiem\Documents\GitHub-Data\sdv-dev\cfbfastR-dev\cfbfastR-cfb-raw\python\_cfb_raw_utils.py", line 122, in _safe
    return fn(*args, **kwargs)
           ^^^^^^^^^^^^^^^^^^^
  File "C:\Users\saiem\Documents\GitHub-Data\sdv-dev\cfbfastR-dev\cfbfastR-cfb-raw\python\scrape_cfb_json.py", line 36, in _participants
    return sdv.cfb.espn_cfb_play_participants(
           ^^^^^^^^^^^^^^^^^^^^^^^^^^^^^^^^^^^
  File "C:\Users\saiem\Documents\GitHub-Data\sdv-dev\cfbfastR-dev\cfbfastR-cfb-raw\.venv\Lib\site-packages\sportsdataverse\cfb\cfb_play_participants.py", line 184, in espn_cfb_play_participants
    plays_raw = _download_plays(game_id, **kwargs)
                ^^^^^^^^^^^^^^^^^^^^^^^^^^^^^^^^^^
  File "C:\Users\saiem\Documents\GitHub-Data\sdv-dev\cfbfastR-dev\cfbfastR-cfb-raw\.venv\Lib\site-packages\sportsdataverse\cfb\cfb_play_participants.py", line 215, in _download_plays
    body = resp.json()
           ^^^^^^^^^^^
  File "C:\Users\saiem\Documents\GitHub-Data\sdv-dev\cfbfastR-dev\cfbfastR-cfb-raw\.venv\Lib\site-packages\requests\models.py", line 1120, in json
    raise RequestsJSONDecodeError(e.msg, e.doc, e.pos)
requests.exceptions.JSONDecodeError: Expecting value: line 1 column 1 (char 0)
2026-07-28 19:47:12,686 ERROR extra fetch failed: _rosters(242762117,)
Traceback (most recent call last):
  File "C:\Users\saiem\Documents\GitHub-Data\sdv-dev\cfbfastR-dev\cfbfastR-cfb-raw\.venv\Lib\site-packages\requests\models.py", line 1116, in json
    return complexjson.loads(self.text, **kwargs)
           ^^^^^^^^^^^^^^^^^^^^^^^^^^^^^^^^^^^^^^
  File "C:\Users\saiem\AppData\Local\Programs\Python\Python311\Lib\json\__init__.py", line 346, in loads
    return _default_decoder.decode(s)
           ^^^^^^^^^^^^^^^^^^^^^^^^^^
  File "C:\Users\saiem\AppData\Local\Programs\Python\Python311\Lib\json\decoder.py", line 337, in decode
    obj, end = self.raw_decode(s, idx=_w(s, 0).end())
               ^^^^^^^^^^^^^^^^^^^^^^^^^^^^^^^^^^^^^^
  File "C:\Users\saiem\AppData\Local\Programs\Python\Python311\Lib\json\decoder.py", line 355, in raw_decode
    raise JSONDecodeError("Expecting value", s, err.value) from None
json.decoder.JSONDecodeError: Expecting value: line 1 column 1 (char 0)

During handling of the above exception, another exception occurred:

Traceback (most recent call last):
  File "C:\Users\saiem\Documents\GitHub-Data\sdv-dev\cfbfastR-dev\cfbfastR-cfb-raw\python\_cfb_raw_utils.py", line 122, in _safe
    return fn(*args, **kwargs)
           ^^^^^^^^^^^^^^^^^^^
  File "C:\Users\saiem\Documents\GitHub-Data\sdv-dev\cfbfastR-dev\cfbfastR-cfb-raw\python\scrape_cfb_json.py", line 42, in _rosters
    return sdv.cfb.espn_cfb_game_rosters(
           ^^^^^^^^^^^^^^^^^^^^^^^^^^^^^^
  File "C:\Users\saiem\Documents\GitHub-Data\sdv-dev\cfbfastR-dev\cfbfastR-cfb-raw\.venv\Lib\site-packages\sportsdataverse\cfb\cfb_game_rosters.py", line 64, in espn_cfb_game_rosters
    summary = summary_resp.json()
              ^^^^^^^^^^^^^^^^^^^
  File "C:\Users\saiem\Documents\GitHub-Data\sdv-dev\cfbfastR-dev\cfbfastR-cfb-raw\.venv\Lib\site-packages\requests\models.py", line 1120, in json
    raise RequestsJSONDecodeError(e.msg, e.doc, e.pos)
requests.exceptions.JSONDecodeError: Expecting value: line 1 column 1 (char 0)
2026-07-28 19:47:12,999 ERROR extra fetch failed: _rosters(242760349,)
Traceback (most recent call last):
  File "C:\Users\saiem\Documents\GitHub-Data\sdv-dev\cfbfastR-dev\cfbfastR-cfb-raw\.venv\Lib\site-packages\requests\models.py", line 1116, in json
    return complexjson.loads(self.text, **kwargs)
           ^^^^^^^^^^^^^^^^^^^^^^^^^^^^^^^^^^^^^^
  File "C:\Users\saiem\AppData\Local\Programs\Python\Python311\Lib\json\__init__.py", line 346, in loads
    return _default_decoder.decode(s)
           ^^^^^^^^^^^^^^^^^^^^^^^^^^
  File "C:\Users\saiem\AppData\Local\Programs\Python\Python311\Lib\json\decoder.py", line 337, in decode
    obj, end = self.raw_decode(s, idx=_w(s, 0).end())
               ^^^^^^^^^^^^^^^^^^^^^^^^^^^^^^^^^^^^^^
  File "C:\Users\saiem\AppData\Local\Programs\Python\Python311\Lib\json\decoder.py", line 355, in raw_decode
    raise JSONDecodeError("Expecting value", s, err.value) from None
json.decoder.JSONDecodeError: Expecting value: line 1 column 1 (char 0)

During handling of the above exception, another exception occurred:

Traceback (most recent call last):
  File "C:\Users\saiem\Documents\GitHub-Data\sdv-dev\cfbfastR-dev\cfbfastR-cfb-raw\python\_cfb_raw_utils.py", line 122, in _safe
    return fn(*args, **kwargs)
           ^^^^^^^^^^^^^^^^^^^
  File "C:\Users\saiem\Documents\GitHub-Data\sdv-dev\cfbfastR-dev\cfbfastR-cfb-raw\python\scrape_cfb_json.py", line 42, in _rosters
    return sdv.cfb.espn_cfb_game_rosters(
           ^^^^^^^^^^^^^^^^^^^^^^^^^^^^^^
  File "C:\Users\saiem\Documents\GitHub-Data\sdv-dev\cfbfastR-dev\cfbfastR-cfb-raw\.venv\Lib\site-packages\sportsdataverse\cfb\cfb_game_rosters.py", line 64, in espn_cfb_game_rosters
    summary = summary_resp.json()
              ^^^^^^^^^^^^^^^^^^^
  File "C:\Users\saiem\Documents\GitHub-Data\sdv-dev\cfbfastR-dev\cfbfastR-cfb-raw\.venv\Lib\site-packages\requests\models.py", line 1120, in json
    raise RequestsJSONDecodeError(e.msg, e.doc, e.pos)
requests.exceptions.JSONDecodeError: Expecting value: line 1 column 1 (char 0)
2026-07-28 19:47:13,411 ERROR extra fetch failed: _participants(242760251,)
Traceback (most recent call last):
  File "C:\Users\saiem\Documents\GitHub-Data\sdv-dev\cfbfastR-dev\cfbfastR-cfb-raw\.venv\Lib\site-packages\requests\models.py", line 1116, in json
    return complexjson.loads(self.text, **kwargs)
           ^^^^^^^^^^^^^^^^^^^^^^^^^^^^^^^^^^^^^^
  File "C:\Users\saiem\AppData\Local\Programs\Python\Python311\Lib\json\__init__.py", line 346, in loads
    return _default_decoder.decode(s)
           ^^^^^^^^^^^^^^^^^^^^^^^^^^
  File "C:\Users\saiem\AppData\Local\Programs\Python\Python311\Lib\json\decoder.py", line 337, in decode
    obj, end = self.raw_decode(s, idx=_w(s, 0).end())
               ^^^^^^^^^^^^^^^^^^^^^^^^^^^^^^^^^^^^^^
  File "C:\Users\saiem\AppData\Local\Programs\Python\Python311\Lib\json\decoder.py", line 355, in raw_decode
    raise JSONDecodeError("Expecting value", s, err.value) from None
json.decoder.JSONDecodeError: Expecting value: line 1 column 1 (char 0)

During handling of the above exception, another exception occurred:

Traceback (most recent call last):
  File "C:\Users\saiem\Documents\GitHub-Data\sdv-dev\cfbfastR-dev\cfbfastR-cfb-raw\python\_cfb_raw_utils.py", line 122, in _safe
    return fn(*args, **kwargs)
           ^^^^^^^^^^^^^^^^^^^
  File "C:\Users\saiem\Documents\GitHub-Data\sdv-dev\cfbfastR-dev\cfbfastR-cfb-raw\python\scrape_cfb_json.py", line 36, in _participants
    return sdv.cfb.espn_cfb_play_participants(
           ^^^^^^^^^^^^^^^^^^^^^^^^^^^^^^^^^^^
  File "C:\Users\saiem\Documents\GitHub-Data\sdv-dev\cfbfastR-dev\cfbfastR-cfb-raw\.venv\Lib\site-packages\sportsdataverse\cfb\cfb_play_participants.py", line 184, in espn_cfb_play_participants
    plays_raw = _download_plays(game_id, **kwargs)
                ^^^^^^^^^^^^^^^^^^^^^^^^^^^^^^^^^^
  File "C:\Users\saiem\Documents\GitHub-Data\sdv-dev\cfbfastR-dev\cfbfastR-cfb-raw\.venv\Lib\site-packages\sportsdataverse\cfb\cfb_play_participants.py", line 215, in _download_plays
    body = resp.json()
           ^^^^^^^^^^^
  File "C:\Users\saiem\Documents\GitHub-Data\sdv-dev\cfbfastR-dev\cfbfastR-cfb-raw\.venv\Lib\site-packages\requests\models.py", line 1120, in json
    raise RequestsJSONDecodeError(e.msg, e.doc, e.pos)
requests.exceptions.JSONDecodeError: Expecting value: line 1 column 1 (char 0)
2026-07-28 19:47:13,989 ERROR extra fetch failed: _participants(242760052,)
Traceback (most recent call last):
  File "C:\Users\saiem\Documents\GitHub-Data\sdv-dev\cfbfastR-dev\cfbfastR-cfb-raw\.venv\Lib\site-packages\requests\models.py", line 1116, in json
    return complexjson.loads(self.text, **kwargs)
           ^^^^^^^^^^^^^^^^^^^^^^^^^^^^^^^^^^^^^^
  File "C:\Users\saiem\AppData\Local\Programs\Python\Python311\Lib\json\__init__.py", line 346, in loads
    return _default_decoder.decode(s)
           ^^^^^^^^^^^^^^^^^^^^^^^^^^
  File "C:\Users\saiem\AppData\Local\Programs\Python\Python311\Lib\json\decoder.py", line 337, in decode
    obj, end = self.raw_decode(s, idx=_w(s, 0).end())
               ^^^^^^^^^^^^^^^^^^^^^^^^^^^^^^^^^^^^^^
  File "C:\Users\saiem\AppData\Local\Programs\Python\Python311\Lib\json\decoder.py", line 355, in raw_decode
    raise JSONDecodeError("Expecting value", s, err.value) from None
json.decoder.JSONDecodeError: Expecting value: line 1 column 1 (char 0)

During handling of the above exception, another exception occurred:

Traceback (most recent call last):
  File "C:\Users\saiem\Documents\GitHub-Data\sdv-dev\cfbfastR-dev\cfbfastR-cfb-raw\python\_cfb_raw_utils.py", line 122, in _safe
    return fn(*args, **kwargs)
           ^^^^^^^^^^^^^^^^^^^
  File "C:\Users\saiem\Documents\GitHub-Data\sdv-dev\cfbfastR-dev\cfbfastR-cfb-raw\python\scrape_cfb_json.py", line 36, in _participants
    return sdv.cfb.espn_cfb_play_participants(
           ^^^^^^^^^^^^^^^^^^^^^^^^^^^^^^^^^^^
  File "C:\Users\saiem\Documents\GitHub-Data\sdv-dev\cfbfastR-dev\cfbfastR-cfb-raw\.venv\Lib\site-packages\sportsdataverse\cfb\cfb_play_participants.py", line 184, in espn_cfb_play_participants
    plays_raw = _download_plays(game_id, **kwargs)
                ^^^^^^^^^^^^^^^^^^^^^^^^^^^^^^^^^^
  File "C:\Users\saiem\Documents\GitHub-Data\sdv-dev\cfbfastR-dev\cfbfastR-cfb-raw\.venv\Lib\site-packages\sportsdataverse\cfb\cfb_play_participants.py", line 215, in _download_plays
    body = resp.json()
           ^^^^^^^^^^^
  File "C:\Users\saiem\Documents\GitHub-Data\sdv-dev\cfbfastR-dev\cfbfastR-cfb-raw\.venv\Lib\site-packages\requests\models.py", line 1120, in json
    raise RequestsJSONDecodeError(e.msg, e.doc, e.pos)
requests.exceptions.JSONDecodeError: Expecting value: line 1 column 1 (char 0)
2026-07-28 19:47:14,815 ERROR extra fetch failed: _rosters(242760251,)
Traceback (most recent call last):
  File "C:\Users\saiem\Documents\GitHub-Data\sdv-dev\cfbfastR-dev\cfbfastR-cfb-raw\.venv\Lib\site-packages\requests\models.py", line 1116, in json
    return complexjson.loads(self.text, **kwargs)
           ^^^^^^^^^^^^^^^^^^^^^^^^^^^^^^^^^^^^^^
  File "C:\Users\saiem\AppData\Local\Programs\Python\Python311\Lib\json\__init__.py", line 346, in loads
    return _default_decoder.decode(s)
           ^^^^^^^^^^^^^^^^^^^^^^^^^^
  File "C:\Users\saiem\AppData\Local\Programs\Python\Python311\Lib\json\decoder.py", line 337, in decode
    obj, end = self.raw_decode(s, idx=_w(s, 0).end())
               ^^^^^^^^^^^^^^^^^^^^^^^^^^^^^^^^^^^^^^
  File "C:\Users\saiem\AppData\Local\Programs\Python\Python311\Lib\json\decoder.py", line 355, in raw_decode
    raise JSONDecodeError("Expecting value", s, err.value) from None
json.decoder.JSONDecodeError: Expecting value: line 1 column 1 (char 0)

During handling of the above exception, another exception occurred:

Traceback (most recent call last):
  File "C:\Users\saiem\Documents\GitHub-Data\sdv-dev\cfbfastR-dev\cfbfastR-cfb-raw\python\_cfb_raw_utils.py", line 122, in _safe
    return fn(*args, **kwargs)
           ^^^^^^^^^^^^^^^^^^^
  File "C:\Users\saiem\Documents\GitHub-Data\sdv-dev\cfbfastR-dev\cfbfastR-cfb-raw\python\scrape_cfb_json.py", line 42, in _rosters
    return sdv.cfb.espn_cfb_game_rosters(
           ^^^^^^^^^^^^^^^^^^^^^^^^^^^^^^
  File "C:\Users\saiem\Documents\GitHub-Data\sdv-dev\cfbfastR-dev\cfbfastR-cfb-raw\.venv\Lib\site-packages\sportsdataverse\cfb\cfb_game_rosters.py", line 64, in espn_cfb_game_rosters
    summary = summary_resp.json()
              ^^^^^^^^^^^^^^^^^^^
  File "C:\Users\saiem\Documents\GitHub-Data\sdv-dev\cfbfastR-dev\cfbfastR-cfb-raw\.venv\Lib\site-packages\requests\models.py", line 1120, in json
    raise RequestsJSONDecodeError(e.msg, e.doc, e.pos)
requests.exceptions.JSONDecodeError: Expecting value: line 1 column 1 (char 0)
2026-07-28 19:47:15,255 ERROR extra fetch failed: _rosters(242760052,)
Traceback (most recent call last):
  File "C:\Users\saiem\Documents\GitHub-Data\sdv-dev\cfbfastR-dev\cfbfastR-cfb-raw\.venv\Lib\site-packages\requests\models.py", line 1116, in json
    return complexjson.loads(self.text, **kwargs)
           ^^^^^^^^^^^^^^^^^^^^^^^^^^^^^^^^^^^^^^
  File "C:\Users\saiem\AppData\Local\Programs\Python\Python311\Lib\json\__init__.py", line 346, in loads
    return _default_decoder.decode(s)
           ^^^^^^^^^^^^^^^^^^^^^^^^^^
  File "C:\Users\saiem\AppData\Local\Programs\Python\Python311\Lib\json\decoder.py", line 337, in decode
    obj, end = self.raw_decode(s, idx=_w(s, 0).end())
               ^^^^^^^^^^^^^^^^^^^^^^^^^^^^^^^^^^^^^^
  File "C:\Users\saiem\AppData\Local\Programs\Python\Python311\Lib\json\decoder.py", line 355, in raw_decode
    raise JSONDecodeError("Expecting value", s, err.value) from None
json.decoder.JSONDecodeError: Expecting value: line 1 column 1 (char 0)

During handling of the above exception, another exception occurred:

Traceback (most recent call last):
  File "C:\Users\saiem\Documents\GitHub-Data\sdv-dev\cfbfastR-dev\cfbfastR-cfb-raw\python\_cfb_raw_utils.py", line 122, in _safe
    return fn(*args, **kwargs)
           ^^^^^^^^^^^^^^^^^^^
  File "C:\Users\saiem\Documents\GitHub-Data\sdv-dev\cfbfastR-dev\cfbfastR-cfb-raw\python\scrape_cfb_json.py", line 42, in _rosters
    return sdv.cfb.espn_cfb_game_rosters(
           ^^^^^^^^^^^^^^^^^^^^^^^^^^^^^^
  File "C:\Users\saiem\Documents\GitHub-Data\sdv-dev\cfbfastR-dev\cfbfastR-cfb-raw\.venv\Lib\site-packages\sportsdataverse\cfb\cfb_game_rosters.py", line 64, in espn_cfb_game_rosters
    summary = summary_resp.json()
              ^^^^^^^^^^^^^^^^^^^
  File "C:\Users\saiem\Documents\GitHub-Data\sdv-dev\cfbfastR-dev\cfbfastR-cfb-raw\.venv\Lib\site-packages\requests\models.py", line 1120, in json
    raise RequestsJSONDecodeError(e.msg, e.doc, e.pos)
requests.exceptions.JSONDecodeError: Expecting value: line 1 column 1 (char 0)
2026-07-28 19:47:15,315 ERROR extra fetch failed: _participants(242760152,)
Traceback (most recent call last):
  File "C:\Users\saiem\Documents\GitHub-Data\sdv-dev\cfbfastR-dev\cfbfastR-cfb-raw\.venv\Lib\site-packages\requests\models.py", line 1116, in json
    return complexjson.loads(self.text, **kwargs)
           ^^^^^^^^^^^^^^^^^^^^^^^^^^^^^^^^^^^^^^
  File "C:\Users\saiem\AppData\Local\Programs\Python\Python311\Lib\json\__init__.py", line 346, in loads
    return _default_decoder.decode(s)
           ^^^^^^^^^^^^^^^^^^^^^^^^^^
  File "C:\Users\saiem\AppData\Local\Programs\Python\Python311\Lib\json\decoder.py", line 337, in decode
    obj, end = self.raw_decode(s, idx=_w(s, 0).end())
               ^^^^^^^^^^^^^^^^^^^^^^^^^^^^^^^^^^^^^^
  File "C:\Users\saiem\AppData\Local\Programs\Python\Python311\Lib\json\decoder.py", line 355, in raw_decode
    raise JSONDecodeError("Expecting value", s, err.value) from None
json.decoder.JSONDecodeError: Expecting value: line 1 column 1 (char 0)

During handling of the above exception, another exception occurred:

Traceback (most recent call last):
  File "C:\Users\saiem\Documents\GitHub-Data\sdv-dev\cfbfastR-dev\cfbfastR-cfb-raw\python\_cfb_raw_utils.py", line 122, in _safe
    return fn(*args, **kwargs)
           ^^^^^^^^^^^^^^^^^^^
  File "C:\Users\saiem\Documents\GitHub-Data\sdv-dev\cfbfastR-dev\cfbfastR-cfb-raw\python\scrape_cfb_json.py", line 36, in _participants
    return sdv.cfb.espn_cfb_play_participants(
           ^^^^^^^^^^^^^^^^^^^^^^^^^^^^^^^^^^^
  File "C:\Users\saiem\Documents\GitHub-Data\sdv-dev\cfbfastR-dev\cfbfastR-cfb-raw\.venv\Lib\site-packages\sportsdataverse\cfb\cfb_play_participants.py", line 184, in espn_cfb_play_participants
    plays_raw = _download_plays(game_id, **kwargs)
                ^^^^^^^^^^^^^^^^^^^^^^^^^^^^^^^^^^
  File "C:\Users\saiem\Documents\GitHub-Data\sdv-dev\cfbfastR-dev\cfbfastR-cfb-raw\.venv\Lib\site-packages\sportsdataverse\cfb\cfb_play_participants.py", line 215, in _download_plays
    body = resp.json()
           ^^^^^^^^^^^
  File "C:\Users\saiem\Documents\GitHub-Data\sdv-dev\cfbfastR-dev\cfbfastR-cfb-raw\.venv\Lib\site-packages\requests\models.py", line 1120, in json
    raise RequestsJSONDecodeError(e.msg, e.doc, e.pos)
requests.exceptions.JSONDecodeError: Expecting value: line 1 column 1 (char 0)
2026-07-28 20:17:33,328 INFO season 2004: 712 games to scrape (rescrape=True)
2026-07-28 20:17:36,454 ERROR extra fetch failed: _rosters(242462199,)
Traceback (most recent call last):
  File "C:\Users\saiem\Documents\GitHub-Data\sdv-dev\cfbfastR-dev\cfbfastR-cfb-raw\python\_cfb_raw_utils.py", line 122, in _safe
    return fn(*args, **kwargs)
           ^^^^^^^^^^^^^^^^^^^
  File "C:\Users\saiem\Documents\GitHub-Data\sdv-dev\cfbfastR-dev\cfbfastR-cfb-raw\python\scrape_cfb_json.py", line 42, in _rosters
    return sdv.cfb.espn_cfb_game_rosters(
           ^^^^^^^^^^^^^^^^^^^^^^^^^^^^^^
  File "C:\Users\saiem\Documents\GitHub-Data\sdv-dev\cfbfastR-dev\cfbfastR-cfb-raw\.venv\Lib\site-packages\sportsdataverse\cfb\cfb_game_rosters.py", line 66, in espn_cfb_game_rosters
    team_rosters = helper_cfb_roster_items(items=items, summary_url=summary_url, **kwargs)
                   ^^^^^^^^^^^^^^^^^^^^^^^^^^^^^^^^^^^^^^^^^^^^^^^^^^^^^^^^^^^^^^^^^^^^^^^
  File "C:\Users\saiem\Documents\GitHub-Data\sdv-dev\cfbfastR-dev\cfbfastR-cfb-raw\.venv\Lib\site-packages\sportsdataverse\cfb\cfb_game_rosters.py", line 209, in helper_cfb_roster_items
    raise NoESPNDataError(f"NoESPNDataError: No roster data found for any team at {summary_url}")
sportsdataverse.errors.NoESPNDataError: NoESPNDataError: No roster data found for any team at https://sports.core.api.espn.com/v2/sports/football/leagues/college-football/events/242462199/competitions/242462199/competitors
2026-07-28 20:19:29,124 ERROR extra fetch failed: _rosters(242480057,)
Traceback (most recent call last):
  File "C:\Users\saiem\Documents\GitHub-Data\sdv-dev\cfbfastR-dev\cfbfastR-cfb-raw\python\_cfb_raw_utils.py", line 122, in _safe
    return fn(*args, **kwargs)
           ^^^^^^^^^^^^^^^^^^^
  File "C:\Users\saiem\Documents\GitHub-Data\sdv-dev\cfbfastR-dev\cfbfastR-cfb-raw\python\scrape_cfb_json.py", line 42, in _rosters
    return sdv.cfb.espn_cfb_game_rosters(
           ^^^^^^^^^^^^^^^^^^^^^^^^^^^^^^
  File "C:\Users\saiem\Documents\GitHub-Data\sdv-dev\cfbfastR-dev\cfbfastR-cfb-raw\.venv\Lib\site-packages\sportsdataverse\cfb\cfb_game_rosters.py", line 66, in espn_cfb_game_rosters
    team_rosters = helper_cfb_roster_items(items=items, summary_url=summary_url, **kwargs)
                   ^^^^^^^^^^^^^^^^^^^^^^^^^^^^^^^^^^^^^^^^^^^^^^^^^^^^^^^^^^^^^^^^^^^^^^^
  File "C:\Users\saiem\Documents\GitHub-Data\sdv-dev\cfbfastR-dev\cfbfastR-cfb-raw\.venv\Lib\site-packages\sportsdataverse\cfb\cfb_game_rosters.py", line 209, in helper_cfb_roster_items
    raise NoESPNDataError(f"NoESPNDataError: No roster data found for any team at {summary_url}")
sportsdataverse.errors.NoESPNDataError: NoESPNDataError: No roster data found for any team at https://sports.core.api.espn.com/v2/sports/football/leagues/college-football/events/242480057/competitions/242480057/competitors
2026-07-28 20:19:43,161 ERROR extra fetch failed: _rosters(242502390,)
Traceback (most recent call last):
  File "C:\Users\saiem\Documents\GitHub-Data\sdv-dev\cfbfastR-dev\cfbfastR-cfb-raw\python\_cfb_raw_utils.py", line 122, in _safe
    return fn(*args, **kwargs)
           ^^^^^^^^^^^^^^^^^^^
  File "C:\Users\saiem\Documents\GitHub-Data\sdv-dev\cfbfastR-dev\cfbfastR-cfb-raw\python\scrape_cfb_json.py", line 42, in _rosters
    return sdv.cfb.espn_cfb_game_rosters(
           ^^^^^^^^^^^^^^^^^^^^^^^^^^^^^^
  File "C:\Users\saiem\Documents\GitHub-Data\sdv-dev\cfbfastR-dev\cfbfastR-cfb-raw\.venv\Lib\site-packages\sportsdataverse\cfb\cfb_game_rosters.py", line 66, in espn_cfb_game_rosters
    team_rosters = helper_cfb_roster_items(items=items, summary_url=summary_url, **kwargs)
                   ^^^^^^^^^^^^^^^^^^^^^^^^^^^^^^^^^^^^^^^^^^^^^^^^^^^^^^^^^^^^^^^^^^^^^^^
  File "C:\Users\saiem\Documents\GitHub-Data\sdv-dev\cfbfastR-dev\cfbfastR-cfb-raw\.venv\Lib\site-packages\sportsdataverse\cfb\cfb_game_rosters.py", line 209, in helper_cfb_roster_items
    raise NoESPNDataError(f"NoESPNDataError: No roster data found for any team at {summary_url}")
sportsdataverse.errors.NoESPNDataError: NoESPNDataError: No roster data found for any team at https://sports.core.api.espn.com/v2/sports/football/leagues/college-football/events/242502390/competitions/242502390/competitors
2026-07-28 20:19:43,309 ERROR extra fetch failed: _rosters(242500058,)
Traceback (most recent call last):
  File "C:\Users\saiem\Documents\GitHub-Data\sdv-dev\cfbfastR-dev\cfbfastR-cfb-raw\python\_cfb_raw_utils.py", line 122, in _safe
    return fn(*args, **kwargs)
           ^^^^^^^^^^^^^^^^^^^
  File "C:\Users\saiem\Documents\GitHub-Data\sdv-dev\cfbfastR-dev\cfbfastR-cfb-raw\python\scrape_cfb_json.py", line 42, in _rosters
    return sdv.cfb.espn_cfb_game_rosters(
           ^^^^^^^^^^^^^^^^^^^^^^^^^^^^^^
  File "C:\Users\saiem\Documents\GitHub-Data\sdv-dev\cfbfastR-dev\cfbfastR-cfb-raw\.venv\Lib\site-packages\sportsdataverse\cfb\cfb_game_rosters.py", line 66, in espn_cfb_game_rosters
    team_rosters = helper_cfb_roster_items(items=items, summary_url=summary_url, **kwargs)
                   ^^^^^^^^^^^^^^^^^^^^^^^^^^^^^^^^^^^^^^^^^^^^^^^^^^^^^^^^^^^^^^^^^^^^^^^
  File "C:\Users\saiem\Documents\GitHub-Data\sdv-dev\cfbfastR-dev\cfbfastR-cfb-raw\.venv\Lib\site-packages\sportsdataverse\cfb\cfb_game_rosters.py", line 209, in helper_cfb_roster_items
    raise NoESPNDataError(f"NoESPNDataError: No roster data found for any team at {summary_url}")
sportsdataverse.errors.NoESPNDataError: NoESPNDataError: No roster data found for any team at https://sports.core.api.espn.com/v2/sports/football/leagues/college-football/events/242500058/competitions/242500058/competitors
2026-07-28 20:20:46,430 ERROR download_game failed: 242552509
Traceback (most recent call last):
  File "C:\Users\saiem\Documents\GitHub-Data\sdv-dev\cfbfastR-dev\cfbfastR-cfb-raw\python\scrape_cfb_json.py", line 80, in download_game
    result = proc.run_processing_pipeline()
             ^^^^^^^^^^^^^^^^^^^^^^^^^^^^^^
  File "C:\Users\saiem\Documents\GitHub-Data\sdv-dev\cfbfastR-dev\cfbfastR-cfb-raw\.venv\Lib\site-packages\sportsdataverse\cfb\cfb_pbp.py", line 6967, in run_processing_pipeline
    pbp_txt = self.__helper_cfb_pbp_drives(self.json)
              ^^^^^^^^^^^^^^^^^^^^^^^^^^^^^^^^^^^^^^^
  File "C:\Users\saiem\Documents\GitHub-Data\sdv-dev\cfbfastR-dev\cfbfastR-cfb-raw\.venv\Lib\site-packages\sportsdataverse\cfb\cfb_pbp.py", line 844, in __helper_cfb_pbp_drives
    pbp_txt, init = self.__helper_cfb_pbp(pbp_txt)
                    ^^^^^^^^^^^^^^^^^^^^^^^^^^^^^^
  File "C:\Users\saiem\Documents\GitHub-Data\sdv-dev\cfbfastR-dev\cfbfastR-cfb-raw\.venv\Lib\site-packages\sportsdataverse\cfb\cfb_pbp.py", line 1466, in __helper_cfb_pbp
    raise NoESPNDataError(
sportsdataverse.errors.NoESPNDataError: ESPN summary for game 242552509 has no header.competitions; cannot build play-by-play.
2026-07-28 20:21:37,305 ERROR extra fetch failed: _rosters(242602572,)
Traceback (most recent call last):
  File "C:\Users\saiem\Documents\GitHub-Data\sdv-dev\cfbfastR-dev\cfbfastR-cfb-raw\python\_cfb_raw_utils.py", line 122, in _safe
    return fn(*args, **kwargs)
           ^^^^^^^^^^^^^^^^^^^
  File "C:\Users\saiem\Documents\GitHub-Data\sdv-dev\cfbfastR-dev\cfbfastR-cfb-raw\python\scrape_cfb_json.py", line 42, in _rosters
    return sdv.cfb.espn_cfb_game_rosters(
           ^^^^^^^^^^^^^^^^^^^^^^^^^^^^^^
  File "C:\Users\saiem\Documents\GitHub-Data\sdv-dev\cfbfastR-dev\cfbfastR-cfb-raw\.venv\Lib\site-packages\sportsdataverse\cfb\cfb_game_rosters.py", line 66, in espn_cfb_game_rosters
    team_rosters = helper_cfb_roster_items(items=items, summary_url=summary_url, **kwargs)
                   ^^^^^^^^^^^^^^^^^^^^^^^^^^^^^^^^^^^^^^^^^^^^^^^^^^^^^^^^^^^^^^^^^^^^^^^
  File "C:\Users\saiem\Documents\GitHub-Data\sdv-dev\cfbfastR-dev\cfbfastR-cfb-raw\.venv\Lib\site-packages\sportsdataverse\cfb\cfb_game_rosters.py", line 209, in helper_cfb_roster_items
    raise NoESPNDataError(f"NoESPNDataError: No roster data found for any team at {summary_url}")
sportsdataverse.errors.NoESPNDataError: NoESPNDataError: No roster data found for any team at https://sports.core.api.espn.com/v2/sports/football/leagues/college-football/events/242602572/competitions/242602572/competitors
2026-07-28 20:23:25,013 ERROR extra fetch failed: _rosters(242622655,)
Traceback (most recent call last):
  File "C:\Users\saiem\Documents\GitHub-Data\sdv-dev\cfbfastR-dev\cfbfastR-cfb-raw\python\_cfb_raw_utils.py", line 122, in _safe
    return fn(*args, **kwargs)
           ^^^^^^^^^^^^^^^^^^^
  File "C:\Users\saiem\Documents\GitHub-Data\sdv-dev\cfbfastR-dev\cfbfastR-cfb-raw\python\scrape_cfb_json.py", line 42, in _rosters
    return sdv.cfb.espn_cfb_game_rosters(
           ^^^^^^^^^^^^^^^^^^^^^^^^^^^^^^
  File "C:\Users\saiem\Documents\GitHub-Data\sdv-dev\cfbfastR-dev\cfbfastR-cfb-raw\.venv\Lib\site-packages\sportsdataverse\cfb\cfb_game_rosters.py", line 66, in espn_cfb_game_rosters
    team_rosters = helper_cfb_roster_items(items=items, summary_url=summary_url, **kwargs)
                   ^^^^^^^^^^^^^^^^^^^^^^^^^^^^^^^^^^^^^^^^^^^^^^^^^^^^^^^^^^^^^^^^^^^^^^^
  File "C:\Users\saiem\Documents\GitHub-Data\sdv-dev\cfbfastR-dev\cfbfastR-cfb-raw\.venv\Lib\site-packages\sportsdataverse\cfb\cfb_game_rosters.py", line 209, in helper_cfb_roster_items
    raise NoESPNDataError(f"NoESPNDataError: No roster data found for any team at {summary_url}")
sportsdataverse.errors.NoESPNDataError: NoESPNDataError: No roster data found for any team at https://sports.core.api.espn.com/v2/sports/football/leagues/college-football/events/242622655/competitions/242622655/competitors
2026-07-28 20:24:37,486 ERROR download_game failed: 242692751
Traceback (most recent call last):
  File "C:\Users\saiem\Documents\GitHub-Data\sdv-dev\cfbfastR-dev\cfbfastR-cfb-raw\python\scrape_cfb_json.py", line 80, in download_game
    result = proc.run_processing_pipeline()
             ^^^^^^^^^^^^^^^^^^^^^^^^^^^^^^
  File "C:\Users\saiem\Documents\GitHub-Data\sdv-dev\cfbfastR-dev\cfbfastR-cfb-raw\.venv\Lib\site-packages\sportsdataverse\cfb\cfb_pbp.py", line 6967, in run_processing_pipeline
    pbp_txt = self.__helper_cfb_pbp_drives(self.json)
              ^^^^^^^^^^^^^^^^^^^^^^^^^^^^^^^^^^^^^^^
  File "C:\Users\saiem\Documents\GitHub-Data\sdv-dev\cfbfastR-dev\cfbfastR-cfb-raw\.venv\Lib\site-packages\sportsdataverse\cfb\cfb_pbp.py", line 844, in __helper_cfb_pbp_drives
    pbp_txt, init = self.__helper_cfb_pbp(pbp_txt)
                    ^^^^^^^^^^^^^^^^^^^^^^^^^^^^^^
  File "C:\Users\saiem\Documents\GitHub-Data\sdv-dev\cfbfastR-dev\cfbfastR-cfb-raw\.venv\Lib\site-packages\sportsdataverse\cfb\cfb_pbp.py", line 1466, in __helper_cfb_pbp
    raise NoESPNDataError(
sportsdataverse.errors.NoESPNDataError: ESPN summary for game 242692751 has no header.competitions; cannot build play-by-play.
2026-07-28 20:24:39,321 ERROR extra fetch failed: _rosters(242690005,)
Traceback (most recent call last):
  File "C:\Users\saiem\Documents\GitHub-Data\sdv-dev\cfbfastR-dev\cfbfastR-cfb-raw\python\_cfb_raw_utils.py", line 122, in _safe
    return fn(*args, **kwargs)
           ^^^^^^^^^^^^^^^^^^^
  File "C:\Users\saiem\Documents\GitHub-Data\sdv-dev\cfbfastR-dev\cfbfastR-cfb-raw\python\scrape_cfb_json.py", line 42, in _rosters
    return sdv.cfb.espn_cfb_game_rosters(
           ^^^^^^^^^^^^^^^^^^^^^^^^^^^^^^
  File "C:\Users\saiem\Documents\GitHub-Data\sdv-dev\cfbfastR-dev\cfbfastR-cfb-raw\.venv\Lib\site-packages\sportsdataverse\cfb\cfb_game_rosters.py", line 66, in espn_cfb_game_rosters
    team_rosters = helper_cfb_roster_items(items=items, summary_url=summary_url, **kwargs)
                   ^^^^^^^^^^^^^^^^^^^^^^^^^^^^^^^^^^^^^^^^^^^^^^^^^^^^^^^^^^^^^^^^^^^^^^^
  File "C:\Users\saiem\Documents\GitHub-Data\sdv-dev\cfbfastR-dev\cfbfastR-cfb-raw\.venv\Lib\site-packages\sportsdataverse\cfb\cfb_game_rosters.py", line 209, in helper_cfb_roster_items
    raise NoESPNDataError(f"NoESPNDataError: No roster data found for any team at {summary_url}")
sportsdataverse.errors.NoESPNDataError: NoESPNDataError: No roster data found for any team at https://sports.core.api.espn.com/v2/sports/football/leagues/college-football/events/242690005/competitions/242690005/competitors
2026-07-28 20:24:40,520 ERROR extra fetch failed: _rosters(242690195,)
Traceback (most recent call last):
  File "C:\Users\saiem\Documents\GitHub-Data\sdv-dev\cfbfastR-dev\cfbfastR-cfb-raw\python\_cfb_raw_utils.py", line 122, in _safe
    return fn(*args, **kwargs)
           ^^^^^^^^^^^^^^^^^^^
  File "C:\Users\saiem\Documents\GitHub-Data\sdv-dev\cfbfastR-dev\cfbfastR-cfb-raw\python\scrape_cfb_json.py", line 42, in _rosters
    return sdv.cfb.espn_cfb_game_rosters(
           ^^^^^^^^^^^^^^^^^^^^^^^^^^^^^^
  File "C:\Users\saiem\Documents\GitHub-Data\sdv-dev\cfbfastR-dev\cfbfastR-cfb-raw\.venv\Lib\site-packages\sportsdataverse\cfb\cfb_game_rosters.py", line 66, in espn_cfb_game_rosters
    team_rosters = helper_cfb_roster_items(items=items, summary_url=summary_url, **kwargs)
                   ^^^^^^^^^^^^^^^^^^^^^^^^^^^^^^^^^^^^^^^^^^^^^^^^^^^^^^^^^^^^^^^^^^^^^^^
  File "C:\Users\saiem\Documents\GitHub-Data\sdv-dev\cfbfastR-dev\cfbfastR-cfb-raw\.venv\Lib\site-packages\sportsdataverse\cfb\cfb_game_rosters.py", line 209, in helper_cfb_roster_items
    raise NoESPNDataError(f"NoESPNDataError: No roster data found for any team at {summary_url}")
sportsdataverse.errors.NoESPNDataError: NoESPNDataError: No roster data found for any team at https://sports.core.api.espn.com/v2/sports/football/leagues/college-football/events/242690195/competitions/242690195/competitors
2026-07-28 20:26:17,455 ERROR download_game failed: 242760235
Traceback (most recent call last):
  File "C:\Users\saiem\Documents\GitHub-Data\sdv-dev\cfbfastR-dev\cfbfastR-cfb-raw\python\scrape_cfb_json.py", line 80, in download_game
    result = proc.run_processing_pipeline()
             ^^^^^^^^^^^^^^^^^^^^^^^^^^^^^^
  File "C:\Users\saiem\Documents\GitHub-Data\sdv-dev\cfbfastR-dev\cfbfastR-cfb-raw\.venv\Lib\site-packages\sportsdataverse\cfb\cfb_pbp.py", line 6967, in run_processing_pipeline
    pbp_txt = self.__helper_cfb_pbp_drives(self.json)
              ^^^^^^^^^^^^^^^^^^^^^^^^^^^^^^^^^^^^^^^
  File "C:\Users\saiem\Documents\GitHub-Data\sdv-dev\cfbfastR-dev\cfbfastR-cfb-raw\.venv\Lib\site-packages\sportsdataverse\cfb\cfb_pbp.py", line 844, in __helper_cfb_pbp_drives
    pbp_txt, init = self.__helper_cfb_pbp(pbp_txt)
                    ^^^^^^^^^^^^^^^^^^^^^^^^^^^^^^
  File "C:\Users\saiem\Documents\GitHub-Data\sdv-dev\cfbfastR-dev\cfbfastR-cfb-raw\.venv\Lib\site-packages\sportsdataverse\cfb\cfb_pbp.py", line 1466, in __helper_cfb_pbp
    raise NoESPNDataError(
sportsdataverse.errors.NoESPNDataError: ESPN summary for game 242760235 has no header.competitions; cannot build play-by-play.
2026-07-28 20:26:55,442 ERROR download_game failed: 242760036
Traceback (most recent call last):
  File "C:\Users\saiem\Documents\GitHub-Data\sdv-dev\cfbfastR-dev\cfbfastR-cfb-raw\python\scrape_cfb_json.py", line 80, in download_game
    result = proc.run_processing_pipeline()
             ^^^^^^^^^^^^^^^^^^^^^^^^^^^^^^
  File "C:\Users\saiem\Documents\GitHub-Data\sdv-dev\cfbfastR-dev\cfbfastR-cfb-raw\.venv\Lib\site-packages\sportsdataverse\cfb\cfb_pbp.py", line 6967, in run_processing_pipeline
    pbp_txt = self.__helper_cfb_pbp_drives(self.json)
              ^^^^^^^^^^^^^^^^^^^^^^^^^^^^^^^^^^^^^^^
  File "C:\Users\saiem\Documents\GitHub-Data\sdv-dev\cfbfastR-dev\cfbfastR-cfb-raw\.venv\Lib\site-packages\sportsdataverse\cfb\cfb_pbp.py", line 844, in __helper_cfb_pbp_drives
    pbp_txt, init = self.__helper_cfb_pbp(pbp_txt)
                    ^^^^^^^^^^^^^^^^^^^^^^^^^^^^^^
  File "C:\Users\saiem\Documents\GitHub-Data\sdv-dev\cfbfastR-dev\cfbfastR-cfb-raw\.venv\Lib\site-packages\sportsdataverse\cfb\cfb_pbp.py", line 1466, in __helper_cfb_pbp
    raise NoESPNDataError(
sportsdataverse.errors.NoESPNDataError: ESPN summary for game 242760036 has no header.competitions; cannot build play-by-play.
2026-07-28 20:28:26,965 ERROR download_game failed: 242830278
Traceback (most recent call last):
  File "C:\Users\saiem\Documents\GitHub-Data\sdv-dev\cfbfastR-dev\cfbfastR-cfb-raw\python\scrape_cfb_json.py", line 80, in download_game
    result = proc.run_processing_pipeline()
             ^^^^^^^^^^^^^^^^^^^^^^^^^^^^^^
  File "C:\Users\saiem\Documents\GitHub-Data\sdv-dev\cfbfastR-dev\cfbfastR-cfb-raw\.venv\Lib\site-packages\sportsdataverse\cfb\cfb_pbp.py", line 6967, in run_processing_pipeline
    pbp_txt = self.__helper_cfb_pbp_drives(self.json)
              ^^^^^^^^^^^^^^^^^^^^^^^^^^^^^^^^^^^^^^^
  File "C:\Users\saiem\Documents\GitHub-Data\sdv-dev\cfbfastR-dev\cfbfastR-cfb-raw\.venv\Lib\site-packages\sportsdataverse\cfb\cfb_pbp.py", line 844, in __helper_cfb_pbp_drives
    pbp_txt, init = self.__helper_cfb_pbp(pbp_txt)
                    ^^^^^^^^^^^^^^^^^^^^^^^^^^^^^^
  File "C:\Users\saiem\Documents\GitHub-Data\sdv-dev\cfbfastR-dev\cfbfastR-cfb-raw\.venv\Lib\site-packages\sportsdataverse\cfb\cfb_pbp.py", line 1466, in __helper_cfb_pbp
    raise NoESPNDataError(
sportsdataverse.errors.NoESPNDataError: ESPN summary for game 242830278 has no header.competitions; cannot build play-by-play.
2026-07-28 20:33:04,071 ERROR download_game failed: 243040023
Traceback (most recent call last):
  File "C:\Users\saiem\Documents\GitHub-Data\sdv-dev\cfbfastR-dev\cfbfastR-cfb-raw\python\scrape_cfb_json.py", line 80, in download_game
    result = proc.run_processing_pipeline()
             ^^^^^^^^^^^^^^^^^^^^^^^^^^^^^^
  File "C:\Users\saiem\Documents\GitHub-Data\sdv-dev\cfbfastR-dev\cfbfastR-cfb-raw\.venv\Lib\site-packages\sportsdataverse\cfb\cfb_pbp.py", line 6967, in run_processing_pipeline
    pbp_txt = self.__helper_cfb_pbp_drives(self.json)
              ^^^^^^^^^^^^^^^^^^^^^^^^^^^^^^^^^^^^^^^
  File "C:\Users\saiem\Documents\GitHub-Data\sdv-dev\cfbfastR-dev\cfbfastR-cfb-raw\.venv\Lib\site-packages\sportsdataverse\cfb\cfb_pbp.py", line 844, in __helper_cfb_pbp_drives
    pbp_txt, init = self.__helper_cfb_pbp(pbp_txt)
                    ^^^^^^^^^^^^^^^^^^^^^^^^^^^^^^
  File "C:\Users\saiem\Documents\GitHub-Data\sdv-dev\cfbfastR-dev\cfbfastR-cfb-raw\.venv\Lib\site-packages\sportsdataverse\cfb\cfb_pbp.py", line 1466, in __helper_cfb_pbp
    raise NoESPNDataError(
sportsdataverse.errors.NoESPNDataError: ESPN summary for game 243040023 has no header.competitions; cannot build play-by-play.
2026-07-28 20:35:03,648 ERROR download_game failed: 243112433
Traceback (most recent call last):
  File "C:\Users\saiem\Documents\GitHub-Data\sdv-dev\cfbfastR-dev\cfbfastR-cfb-raw\python\scrape_cfb_json.py", line 80, in download_game
    result = proc.run_processing_pipeline()
             ^^^^^^^^^^^^^^^^^^^^^^^^^^^^^^
  File "C:\Users\saiem\Documents\GitHub-Data\sdv-dev\cfbfastR-dev\cfbfastR-cfb-raw\.venv\Lib\site-packages\sportsdataverse\cfb\cfb_pbp.py", line 6967, in run_processing_pipeline
    pbp_txt = self.__helper_cfb_pbp_drives(self.json)
              ^^^^^^^^^^^^^^^^^^^^^^^^^^^^^^^^^^^^^^^
  File "C:\Users\saiem\Documents\GitHub-Data\sdv-dev\cfbfastR-dev\cfbfastR-cfb-raw\.venv\Lib\site-packages\sportsdataverse\cfb\cfb_pbp.py", line 844, in __helper_cfb_pbp_drives
    pbp_txt, init = self.__helper_cfb_pbp(pbp_txt)
                    ^^^^^^^^^^^^^^^^^^^^^^^^^^^^^^
  File "C:\Users\saiem\Documents\GitHub-Data\sdv-dev\cfbfastR-dev\cfbfastR-cfb-raw\.venv\Lib\site-packages\sportsdataverse\cfb\cfb_pbp.py", line 1466, in __helper_cfb_pbp
    raise NoESPNDataError(
sportsdataverse.errors.NoESPNDataError: ESPN summary for game 243112433 has no header.competitions; cannot build play-by-play.
2026-07-28 20:35:50,138 ERROR extra fetch failed: _rosters(243180084,)
Traceback (most recent call last):
  File "C:\Users\saiem\Documents\GitHub-Data\sdv-dev\cfbfastR-dev\cfbfastR-cfb-raw\python\_cfb_raw_utils.py", line 122, in _safe
    return fn(*args, **kwargs)
           ^^^^^^^^^^^^^^^^^^^
  File "C:\Users\saiem\Documents\GitHub-Data\sdv-dev\cfbfastR-dev\cfbfastR-cfb-raw\python\scrape_cfb_json.py", line 42, in _rosters
    return sdv.cfb.espn_cfb_game_rosters(
           ^^^^^^^^^^^^^^^^^^^^^^^^^^^^^^
  File "C:\Users\saiem\Documents\GitHub-Data\sdv-dev\cfbfastR-dev\cfbfastR-cfb-raw\.venv\Lib\site-packages\sportsdataverse\cfb\cfb_game_rosters.py", line 66, in espn_cfb_game_rosters
    team_rosters = helper_cfb_roster_items(items=items, summary_url=summary_url, **kwargs)
                   ^^^^^^^^^^^^^^^^^^^^^^^^^^^^^^^^^^^^^^^^^^^^^^^^^^^^^^^^^^^^^^^^^^^^^^^
  File "C:\Users\saiem\Documents\GitHub-Data\sdv-dev\cfbfastR-dev\cfbfastR-cfb-raw\.venv\Lib\site-packages\sportsdataverse\cfb\cfb_game_rosters.py", line 209, in helper_cfb_roster_items
    raise NoESPNDataError(f"NoESPNDataError: No roster data found for any team at {summary_url}")
sportsdataverse.errors.NoESPNDataError: NoESPNDataError: No roster data found for any team at https://sports.core.api.espn.com/v2/sports/football/leagues/college-football/events/243180084/competitions/243180084/competitors
2026-07-28 20:35:54,853 ERROR extra fetch failed: _rosters(243180218,)
Traceback (most recent call last):
  File "C:\Users\saiem\Documents\GitHub-Data\sdv-dev\cfbfastR-dev\cfbfastR-cfb-raw\python\_cfb_raw_utils.py", line 122, in _safe
    return fn(*args, **kwargs)
           ^^^^^^^^^^^^^^^^^^^
  File "C:\Users\saiem\Documents\GitHub-Data\sdv-dev\cfbfastR-dev\cfbfastR-cfb-raw\python\scrape_cfb_json.py", line 42, in _rosters
    return sdv.cfb.espn_cfb_game_rosters(
           ^^^^^^^^^^^^^^^^^^^^^^^^^^^^^^
  File "C:\Users\saiem\Documents\GitHub-Data\sdv-dev\cfbfastR-dev\cfbfastR-cfb-raw\.venv\Lib\site-packages\sportsdataverse\cfb\cfb_game_rosters.py", line 66, in espn_cfb_game_rosters
    team_rosters = helper_cfb_roster_items(items=items, summary_url=summary_url, **kwargs)
                   ^^^^^^^^^^^^^^^^^^^^^^^^^^^^^^^^^^^^^^^^^^^^^^^^^^^^^^^^^^^^^^^^^^^^^^^
  File "C:\Users\saiem\Documents\GitHub-Data\sdv-dev\cfbfastR-dev\cfbfastR-cfb-raw\.venv\Lib\site-packages\sportsdataverse\cfb\cfb_game_rosters.py", line 209, in helper_cfb_roster_items
    raise NoESPNDataError(f"NoESPNDataError: No roster data found for any team at {summary_url}")
sportsdataverse.errors.NoESPNDataError: NoESPNDataError: No roster data found for any team at https://sports.core.api.espn.com/v2/sports/football/leagues/college-football/events/243180218/competitions/243180218/competitors
2026-07-28 20:35:59,875 ERROR extra fetch failed: _rosters(243180096,)
Traceback (most recent call last):
  File "C:\Users\saiem\Documents\GitHub-Data\sdv-dev\cfbfastR-dev\cfbfastR-cfb-raw\python\_cfb_raw_utils.py", line 122, in _safe
    return fn(*args, **kwargs)
           ^^^^^^^^^^^^^^^^^^^
  File "C:\Users\saiem\Documents\GitHub-Data\sdv-dev\cfbfastR-dev\cfbfastR-cfb-raw\python\scrape_cfb_json.py", line 42, in _rosters
    return sdv.cfb.espn_cfb_game_rosters(
           ^^^^^^^^^^^^^^^^^^^^^^^^^^^^^^
  File "C:\Users\saiem\Documents\GitHub-Data\sdv-dev\cfbfastR-dev\cfbfastR-cfb-raw\.venv\Lib\site-packages\sportsdataverse\cfb\cfb_game_rosters.py", line 66, in espn_cfb_game_rosters
    team_rosters = helper_cfb_roster_items(items=items, summary_url=summary_url, **kwargs)
                   ^^^^^^^^^^^^^^^^^^^^^^^^^^^^^^^^^^^^^^^^^^^^^^^^^^^^^^^^^^^^^^^^^^^^^^^
  File "C:\Users\saiem\Documents\GitHub-Data\sdv-dev\cfbfastR-dev\cfbfastR-cfb-raw\.venv\Lib\site-packages\sportsdataverse\cfb\cfb_game_rosters.py", line 209, in helper_cfb_roster_items
    raise NoESPNDataError(f"NoESPNDataError: No roster data found for any team at {summary_url}")
sportsdataverse.errors.NoESPNDataError: NoESPNDataError: No roster data found for any team at https://sports.core.api.espn.com/v2/sports/football/leagues/college-football/events/243180096/competitions/243180096/competitors
2026-07-28 20:36:00,845 ERROR extra fetch failed: _rosters(243180150,)
Traceback (most recent call last):
  File "C:\Users\saiem\Documents\GitHub-Data\sdv-dev\cfbfastR-dev\cfbfastR-cfb-raw\python\_cfb_raw_utils.py", line 122, in _safe
    return fn(*args, **kwargs)
           ^^^^^^^^^^^^^^^^^^^
  File "C:\Users\saiem\Documents\GitHub-Data\sdv-dev\cfbfastR-dev\cfbfastR-cfb-raw\python\scrape_cfb_json.py", line 42, in _rosters
    return sdv.cfb.espn_cfb_game_rosters(
           ^^^^^^^^^^^^^^^^^^^^^^^^^^^^^^
  File "C:\Users\saiem\Documents\GitHub-Data\sdv-dev\cfbfastR-dev\cfbfastR-cfb-raw\.venv\Lib\site-packages\sportsdataverse\cfb\cfb_game_rosters.py", line 66, in espn_cfb_game_rosters
    team_rosters = helper_cfb_roster_items(items=items, summary_url=summary_url, **kwargs)
                   ^^^^^^^^^^^^^^^^^^^^^^^^^^^^^^^^^^^^^^^^^^^^^^^^^^^^^^^^^^^^^^^^^^^^^^^
  File "C:\Users\saiem\Documents\GitHub-Data\sdv-dev\cfbfastR-dev\cfbfastR-cfb-raw\.venv\Lib\site-packages\sportsdataverse\cfb\cfb_game_rosters.py", line 209, in helper_cfb_roster_items
    raise NoESPNDataError(f"NoESPNDataError: No roster data found for any team at {summary_url}")
sportsdataverse.errors.NoESPNDataError: NoESPNDataError: No roster data found for any team at https://sports.core.api.espn.com/v2/sports/football/leagues/college-football/events/243180150/competitions/243180150/competitors
2026-07-28 20:36:06,647 ERROR extra fetch failed: _rosters(243180038,)
Traceback (most recent call last):
  File "C:\Users\saiem\Documents\GitHub-Data\sdv-dev\cfbfastR-dev\cfbfastR-cfb-raw\python\_cfb_raw_utils.py", line 122, in _safe
    return fn(*args, **kwargs)
           ^^^^^^^^^^^^^^^^^^^
  File "C:\Users\saiem\Documents\GitHub-Data\sdv-dev\cfbfastR-dev\cfbfastR-cfb-raw\python\scrape_cfb_json.py", line 42, in _rosters
    return sdv.cfb.espn_cfb_game_rosters(
           ^^^^^^^^^^^^^^^^^^^^^^^^^^^^^^
  File "C:\Users\saiem\Documents\GitHub-Data\sdv-dev\cfbfastR-dev\cfbfastR-cfb-raw\.venv\Lib\site-packages\sportsdataverse\cfb\cfb_game_rosters.py", line 66, in espn_cfb_game_rosters
    team_rosters = helper_cfb_roster_items(items=items, summary_url=summary_url, **kwargs)
                   ^^^^^^^^^^^^^^^^^^^^^^^^^^^^^^^^^^^^^^^^^^^^^^^^^^^^^^^^^^^^^^^^^^^^^^^
  File "C:\Users\saiem\Documents\GitHub-Data\sdv-dev\cfbfastR-dev\cfbfastR-cfb-raw\.venv\Lib\site-packages\sportsdataverse\cfb\cfb_game_rosters.py", line 209, in helper_cfb_roster_items
    raise NoESPNDataError(f"NoESPNDataError: No roster data found for any team at {summary_url}")
sportsdataverse.errors.NoESPNDataError: NoESPNDataError: No roster data found for any team at https://sports.core.api.espn.com/v2/sports/football/leagues/college-football/events/243180038/competitions/243180038/competitors
2026-07-28 20:36:30,234 ERROR download_game failed: 243180005
Traceback (most recent call last):
  File "C:\Users\saiem\Documents\GitHub-Data\sdv-dev\cfbfastR-dev\cfbfastR-cfb-raw\python\scrape_cfb_json.py", line 80, in download_game
    result = proc.run_processing_pipeline()
             ^^^^^^^^^^^^^^^^^^^^^^^^^^^^^^
  File "C:\Users\saiem\Documents\GitHub-Data\sdv-dev\cfbfastR-dev\cfbfastR-cfb-raw\.venv\Lib\site-packages\sportsdataverse\cfb\cfb_pbp.py", line 6967, in run_processing_pipeline
    pbp_txt = self.__helper_cfb_pbp_drives(self.json)
              ^^^^^^^^^^^^^^^^^^^^^^^^^^^^^^^^^^^^^^^
  File "C:\Users\saiem\Documents\GitHub-Data\sdv-dev\cfbfastR-dev\cfbfastR-cfb-raw\.venv\Lib\site-packages\sportsdataverse\cfb\cfb_pbp.py", line 844, in __helper_cfb_pbp_drives
    pbp_txt, init = self.__helper_cfb_pbp(pbp_txt)
                    ^^^^^^^^^^^^^^^^^^^^^^^^^^^^^^
  File "C:\Users\saiem\Documents\GitHub-Data\sdv-dev\cfbfastR-dev\cfbfastR-cfb-raw\.venv\Lib\site-packages\sportsdataverse\cfb\cfb_pbp.py", line 1466, in __helper_cfb_pbp
    raise NoESPNDataError(
sportsdataverse.errors.NoESPNDataError: ESPN summary for game 243180005 has no header.competitions; cannot build play-by-play.
2026-07-28 20:36:44,591 ERROR download_game failed: 243180249
Traceback (most recent call last):
  File "C:\Users\saiem\Documents\GitHub-Data\sdv-dev\cfbfastR-dev\cfbfastR-cfb-raw\python\scrape_cfb_json.py", line 80, in download_game
    result = proc.run_processing_pipeline()
             ^^^^^^^^^^^^^^^^^^^^^^^^^^^^^^
  File "C:\Users\saiem\Documents\GitHub-Data\sdv-dev\cfbfastR-dev\cfbfastR-cfb-raw\.venv\Lib\site-packages\sportsdataverse\cfb\cfb_pbp.py", line 6967, in run_processing_pipeline
    pbp_txt = self.__helper_cfb_pbp_drives(self.json)
              ^^^^^^^^^^^^^^^^^^^^^^^^^^^^^^^^^^^^^^^
  File "C:\Users\saiem\Documents\GitHub-Data\sdv-dev\cfbfastR-dev\cfbfastR-cfb-raw\.venv\Lib\site-packages\sportsdataverse\cfb\cfb_pbp.py", line 844, in __helper_cfb_pbp_drives
    pbp_txt, init = self.__helper_cfb_pbp(pbp_txt)
                    ^^^^^^^^^^^^^^^^^^^^^^^^^^^^^^
  File "C:\Users\saiem\Documents\GitHub-Data\sdv-dev\cfbfastR-dev\cfbfastR-cfb-raw\.venv\Lib\site-packages\sportsdataverse\cfb\cfb_pbp.py", line 1466, in __helper_cfb_pbp
    raise NoESPNDataError(
sportsdataverse.errors.NoESPNDataError: ESPN summary for game 243180249 has no header.competitions; cannot build play-by-play.
2026-07-28 20:38:04,186 ERROR download_game failed: 243252005
Traceback (most recent call last):
  File "C:\Users\saiem\Documents\GitHub-Data\sdv-dev\cfbfastR-dev\cfbfastR-cfb-raw\python\scrape_cfb_json.py", line 80, in download_game
    result = proc.run_processing_pipeline()
             ^^^^^^^^^^^^^^^^^^^^^^^^^^^^^^
  File "C:\Users\saiem\Documents\GitHub-Data\sdv-dev\cfbfastR-dev\cfbfastR-cfb-raw\.venv\Lib\site-packages\sportsdataverse\cfb\cfb_pbp.py", line 6967, in run_processing_pipeline
    pbp_txt = self.__helper_cfb_pbp_drives(self.json)
              ^^^^^^^^^^^^^^^^^^^^^^^^^^^^^^^^^^^^^^^
  File "C:\Users\saiem\Documents\GitHub-Data\sdv-dev\cfbfastR-dev\cfbfastR-cfb-raw\.venv\Lib\site-packages\sportsdataverse\cfb\cfb_pbp.py", line 844, in __helper_cfb_pbp_drives
    pbp_txt, init = self.__helper_cfb_pbp(pbp_txt)
                    ^^^^^^^^^^^^^^^^^^^^^^^^^^^^^^
  File "C:\Users\saiem\Documents\GitHub-Data\sdv-dev\cfbfastR-dev\cfbfastR-cfb-raw\.venv\Lib\site-packages\sportsdataverse\cfb\cfb_pbp.py", line 1466, in __helper_cfb_pbp
    raise NoESPNDataError(
sportsdataverse.errors.NoESPNDataError: ESPN summary for game 243252005 has no header.competitions; cannot build play-by-play.
2026-07-28 20:38:36,792 ERROR download_game failed: 243310158
Traceback (most recent call last):
  File "C:\Users\saiem\Documents\GitHub-Data\sdv-dev\cfbfastR-dev\cfbfastR-cfb-raw\python\scrape_cfb_json.py", line 80, in download_game
    result = proc.run_processing_pipeline()
             ^^^^^^^^^^^^^^^^^^^^^^^^^^^^^^
  File "C:\Users\saiem\Documents\GitHub-Data\sdv-dev\cfbfastR-dev\cfbfastR-cfb-raw\.venv\Lib\site-packages\sportsdataverse\cfb\cfb_pbp.py", line 6967, in run_processing_pipeline
    pbp_txt = self.__helper_cfb_pbp_drives(self.json)
              ^^^^^^^^^^^^^^^^^^^^^^^^^^^^^^^^^^^^^^^
  File "C:\Users\saiem\Documents\GitHub-Data\sdv-dev\cfbfastR-dev\cfbfastR-cfb-raw\.venv\Lib\site-packages\sportsdataverse\cfb\cfb_pbp.py", line 844, in __helper_cfb_pbp_drives
    pbp_txt, init = self.__helper_cfb_pbp(pbp_txt)
                    ^^^^^^^^^^^^^^^^^^^^^^^^^^^^^^
  File "C:\Users\saiem\Documents\GitHub-Data\sdv-dev\cfbfastR-dev\cfbfastR-cfb-raw\.venv\Lib\site-packages\sportsdataverse\cfb\cfb_pbp.py", line 1466, in __helper_cfb_pbp
    raise NoESPNDataError(
sportsdataverse.errors.NoESPNDataError: ESPN summary for game 243310158 has no header.competitions; cannot build play-by-play.
2026-07-28 22:47:03,011 INFO season 2004: 712 games to scrape (rescrape=True)
2026-07-28 22:47:10,609 ERROR extra fetch failed: _rosters(242462199,)
Traceback (most recent call last):
  File "C:\Users\saiem\Documents\GitHub-Data\sdv-dev\cfbfastR-dev\cfbfastR-cfb-raw\python\_cfb_raw_utils.py", line 166, in _safe
    return fn(*args, **kwargs)
           ^^^^^^^^^^^^^^^^^^^
  File "C:\Users\saiem\Documents\GitHub-Data\sdv-dev\cfbfastR-dev\cfbfastR-cfb-raw\python\scrape_cfb_json.py", line 54, in _rosters
    return sdv.cfb.espn_cfb_game_rosters(
           ^^^^^^^^^^^^^^^^^^^^^^^^^^^^^^
  File "C:\Users\saiem\Documents\GitHub-Data\sdv-dev\cfbfastR-dev\cfbfastR-cfb-raw\.venv\Lib\site-packages\sportsdataverse\cfb\cfb_game_rosters.py", line 66, in espn_cfb_game_rosters
    team_rosters = helper_cfb_roster_items(items=items, summary_url=summary_url, **kwargs)
                   ^^^^^^^^^^^^^^^^^^^^^^^^^^^^^^^^^^^^^^^^^^^^^^^^^^^^^^^^^^^^^^^^^^^^^^^
  File "C:\Users\saiem\Documents\GitHub-Data\sdv-dev\cfbfastR-dev\cfbfastR-cfb-raw\.venv\Lib\site-packages\sportsdataverse\cfb\cfb_game_rosters.py", line 209, in helper_cfb_roster_items
    raise NoESPNDataError(f"NoESPNDataError: No roster data found for any team at {summary_url}")
sportsdataverse.errors.NoESPNDataError: NoESPNDataError: No roster data found for any team at https://sports.core.api.espn.com/v2/sports/football/leagues/college-football/events/242462199/competitions/242462199/competitors
2026-07-28 22:52:56,849 INFO season 2004: 712 games to scrape (rescrape=True)
2026-07-28 22:53:04,248 ERROR extra fetch failed: _rosters(242462199,)
Traceback (most recent call last):
  File "C:\Users\saiem\Documents\GitHub-Data\sdv-dev\cfbfastR-dev\cfbfastR-cfb-raw\python\_cfb_raw_utils.py", line 166, in _safe
    return fn(*args, **kwargs)
           ^^^^^^^^^^^^^^^^^^^
  File "C:\Users\saiem\Documents\GitHub-Data\sdv-dev\cfbfastR-dev\cfbfastR-cfb-raw\python\scrape_cfb_json.py", line 54, in _rosters
    return sdv.cfb.espn_cfb_game_rosters(
           ^^^^^^^^^^^^^^^^^^^^^^^^^^^^^^
  File "C:\Users\saiem\Documents\GitHub-Data\sdv-dev\cfbfastR-dev\cfbfastR-cfb-raw\.venv\Lib\site-packages\sportsdataverse\cfb\cfb_game_rosters.py", line 66, in espn_cfb_game_rosters
    team_rosters = helper_cfb_roster_items(items=items, summary_url=summary_url, **kwargs)
                   ^^^^^^^^^^^^^^^^^^^^^^^^^^^^^^^^^^^^^^^^^^^^^^^^^^^^^^^^^^^^^^^^^^^^^^^
  File "C:\Users\saiem\Documents\GitHub-Data\sdv-dev\cfbfastR-dev\cfbfastR-cfb-raw\.venv\Lib\site-packages\sportsdataverse\cfb\cfb_game_rosters.py", line 209, in helper_cfb_roster_items
    raise NoESPNDataError(f"NoESPNDataError: No roster data found for any team at {summary_url}")
sportsdataverse.errors.NoESPNDataError: NoESPNDataError: No roster data found for any team at https://sports.core.api.espn.com/v2/sports/football/leagues/college-football/events/242462199/competitions/242462199/competitors
2026-07-28 22:54:16,385 WARNING REFUSED degraded write cfb\json\raw\242480275.json: 383582 -> 251 bytes (0% of existing); keeping banked copy
2026-07-28 22:54:16,385 WARNING degraded summary for 242480275 -- keeping banked copy, skipping game
2026-07-28 22:55:40,149 ERROR extra fetch failed: _rosters(242480057,)
Traceback (most recent call last):
  File "C:\Users\saiem\Documents\GitHub-Data\sdv-dev\cfbfastR-dev\cfbfastR-cfb-raw\python\_cfb_raw_utils.py", line 166, in _safe
    return fn(*args, **kwargs)
           ^^^^^^^^^^^^^^^^^^^
  File "C:\Users\saiem\Documents\GitHub-Data\sdv-dev\cfbfastR-dev\cfbfastR-cfb-raw\python\scrape_cfb_json.py", line 54, in _rosters
    return sdv.cfb.espn_cfb_game_rosters(
           ^^^^^^^^^^^^^^^^^^^^^^^^^^^^^^
  File "C:\Users\saiem\Documents\GitHub-Data\sdv-dev\cfbfastR-dev\cfbfastR-cfb-raw\.venv\Lib\site-packages\sportsdataverse\cfb\cfb_game_rosters.py", line 66, in espn_cfb_game_rosters
    team_rosters = helper_cfb_roster_items(items=items, summary_url=summary_url, **kwargs)
                   ^^^^^^^^^^^^^^^^^^^^^^^^^^^^^^^^^^^^^^^^^^^^^^^^^^^^^^^^^^^^^^^^^^^^^^^
  File "C:\Users\saiem\Documents\GitHub-Data\sdv-dev\cfbfastR-dev\cfbfastR-cfb-raw\.venv\Lib\site-packages\sportsdataverse\cfb\cfb_game_rosters.py", line 209, in helper_cfb_roster_items
    raise NoESPNDataError(f"NoESPNDataError: No roster data found for any team at {summary_url}")
sportsdataverse.errors.NoESPNDataError: NoESPNDataError: No roster data found for any team at https://sports.core.api.espn.com/v2/sports/football/leagues/college-football/events/242480057/competitions/242480057/competitors
2026-07-28 22:55:56,097 ERROR extra fetch failed: _rosters(242502390,)
Traceback (most recent call last):
  File "C:\Users\saiem\Documents\GitHub-Data\sdv-dev\cfbfastR-dev\cfbfastR-cfb-raw\python\_cfb_raw_utils.py", line 166, in _safe
    return fn(*args, **kwargs)
           ^^^^^^^^^^^^^^^^^^^
  File "C:\Users\saiem\Documents\GitHub-Data\sdv-dev\cfbfastR-dev\cfbfastR-cfb-raw\python\scrape_cfb_json.py", line 54, in _rosters
    return sdv.cfb.espn_cfb_game_rosters(
           ^^^^^^^^^^^^^^^^^^^^^^^^^^^^^^
  File "C:\Users\saiem\Documents\GitHub-Data\sdv-dev\cfbfastR-dev\cfbfastR-cfb-raw\.venv\Lib\site-packages\sportsdataverse\cfb\cfb_game_rosters.py", line 66, in espn_cfb_game_rosters
    team_rosters = helper_cfb_roster_items(items=items, summary_url=summary_url, **kwargs)
                   ^^^^^^^^^^^^^^^^^^^^^^^^^^^^^^^^^^^^^^^^^^^^^^^^^^^^^^^^^^^^^^^^^^^^^^^
  File "C:\Users\saiem\Documents\GitHub-Data\sdv-dev\cfbfastR-dev\cfbfastR-cfb-raw\.venv\Lib\site-packages\sportsdataverse\cfb\cfb_game_rosters.py", line 209, in helper_cfb_roster_items
    raise NoESPNDataError(f"NoESPNDataError: No roster data found for any team at {summary_url}")
sportsdataverse.errors.NoESPNDataError: NoESPNDataError: No roster data found for any team at https://sports.core.api.espn.com/v2/sports/football/leagues/college-football/events/242502390/competitions/242502390/competitors
2026-07-28 22:55:56,741 ERROR extra fetch failed: _rosters(242500058,)
Traceback (most recent call last):
  File "C:\Users\saiem\Documents\GitHub-Data\sdv-dev\cfbfastR-dev\cfbfastR-cfb-raw\python\_cfb_raw_utils.py", line 166, in _safe
    return fn(*args, **kwargs)
           ^^^^^^^^^^^^^^^^^^^
  File "C:\Users\saiem\Documents\GitHub-Data\sdv-dev\cfbfastR-dev\cfbfastR-cfb-raw\python\scrape_cfb_json.py", line 54, in _rosters
    return sdv.cfb.espn_cfb_game_rosters(
           ^^^^^^^^^^^^^^^^^^^^^^^^^^^^^^
  File "C:\Users\saiem\Documents\GitHub-Data\sdv-dev\cfbfastR-dev\cfbfastR-cfb-raw\.venv\Lib\site-packages\sportsdataverse\cfb\cfb_game_rosters.py", line 66, in espn_cfb_game_rosters
    team_rosters = helper_cfb_roster_items(items=items, summary_url=summary_url, **kwargs)
                   ^^^^^^^^^^^^^^^^^^^^^^^^^^^^^^^^^^^^^^^^^^^^^^^^^^^^^^^^^^^^^^^^^^^^^^^
  File "C:\Users\saiem\Documents\GitHub-Data\sdv-dev\cfbfastR-dev\cfbfastR-cfb-raw\.venv\Lib\site-packages\sportsdataverse\cfb\cfb_game_rosters.py", line 209, in helper_cfb_roster_items
    raise NoESPNDataError(f"NoESPNDataError: No roster data found for any team at {summary_url}")
sportsdataverse.errors.NoESPNDataError: NoESPNDataError: No roster data found for any team at https://sports.core.api.espn.com/v2/sports/football/leagues/college-football/events/242500058/competitions/242500058/competitors
2026-07-28 22:57:29,842 ERROR download_game failed: 242550127
Traceback (most recent call last):
  File "C:\Users\saiem\Documents\GitHub-Data\sdv-dev\cfbfastR-dev\cfbfastR-cfb-raw\python\scrape_cfb_json.py", line 106, in download_game
    result = proc.run_processing_pipeline()
             ^^^^^^^^^^^^^^^^^^^^^^^^^^^^^^
  File "C:\Users\saiem\Documents\GitHub-Data\sdv-dev\cfbfastR-dev\cfbfastR-cfb-raw\.venv\Lib\site-packages\sportsdataverse\cfb\cfb_pbp.py", line 7051, in run_processing_pipeline
    pbp_txt = self.__helper_cfb_pbp_drives(self.json)
              ^^^^^^^^^^^^^^^^^^^^^^^^^^^^^^^^^^^^^^^
  File "C:\Users\saiem\Documents\GitHub-Data\sdv-dev\cfbfastR-dev\cfbfastR-cfb-raw\.venv\Lib\site-packages\sportsdataverse\cfb\cfb_pbp.py", line 844, in __helper_cfb_pbp_drives
    pbp_txt, init = self.__helper_cfb_pbp(pbp_txt)
                    ^^^^^^^^^^^^^^^^^^^^^^^^^^^^^^
  File "C:\Users\saiem\Documents\GitHub-Data\sdv-dev\cfbfastR-dev\cfbfastR-cfb-raw\.venv\Lib\site-packages\sportsdataverse\cfb\cfb_pbp.py", line 1466, in __helper_cfb_pbp
    raise NoESPNDataError(
sportsdataverse.errors.NoESPNDataError: ESPN summary for game 242550127 has no header.competitions; cannot build play-by-play.
2026-07-28 22:58:30,674 ERROR extra fetch failed: _rosters(242602572,)
Traceback (most recent call last):
  File "C:\Users\saiem\Documents\GitHub-Data\sdv-dev\cfbfastR-dev\cfbfastR-cfb-raw\python\_cfb_raw_utils.py", line 166, in _safe
    return fn(*args, **kwargs)
           ^^^^^^^^^^^^^^^^^^^
  File "C:\Users\saiem\Documents\GitHub-Data\sdv-dev\cfbfastR-dev\cfbfastR-cfb-raw\python\scrape_cfb_json.py", line 54, in _rosters
    return sdv.cfb.espn_cfb_game_rosters(
           ^^^^^^^^^^^^^^^^^^^^^^^^^^^^^^
  File "C:\Users\saiem\Documents\GitHub-Data\sdv-dev\cfbfastR-dev\cfbfastR-cfb-raw\.venv\Lib\site-packages\sportsdataverse\cfb\cfb_game_rosters.py", line 66, in espn_cfb_game_rosters
    team_rosters = helper_cfb_roster_items(items=items, summary_url=summary_url, **kwargs)
                   ^^^^^^^^^^^^^^^^^^^^^^^^^^^^^^^^^^^^^^^^^^^^^^^^^^^^^^^^^^^^^^^^^^^^^^^
  File "C:\Users\saiem\Documents\GitHub-Data\sdv-dev\cfbfastR-dev\cfbfastR-cfb-raw\.venv\Lib\site-packages\sportsdataverse\cfb\cfb_game_rosters.py", line 209, in helper_cfb_roster_items
    raise NoESPNDataError(f"NoESPNDataError: No roster data found for any team at {summary_url}")
sportsdataverse.errors.NoESPNDataError: NoESPNDataError: No roster data found for any team at https://sports.core.api.espn.com/v2/sports/football/leagues/college-football/events/242602572/competitions/242602572/competitors
2026-07-28 23:01:06,762 ERROR extra fetch failed: _rosters(242622655,)
Traceback (most recent call last):
  File "C:\Users\saiem\Documents\GitHub-Data\sdv-dev\cfbfastR-dev\cfbfastR-cfb-raw\python\_cfb_raw_utils.py", line 166, in _safe
    return fn(*args, **kwargs)
           ^^^^^^^^^^^^^^^^^^^
  File "C:\Users\saiem\Documents\GitHub-Data\sdv-dev\cfbfastR-dev\cfbfastR-cfb-raw\python\scrape_cfb_json.py", line 54, in _rosters
    return sdv.cfb.espn_cfb_game_rosters(
           ^^^^^^^^^^^^^^^^^^^^^^^^^^^^^^
  File "C:\Users\saiem\Documents\GitHub-Data\sdv-dev\cfbfastR-dev\cfbfastR-cfb-raw\.venv\Lib\site-packages\sportsdataverse\cfb\cfb_game_rosters.py", line 66, in espn_cfb_game_rosters
    team_rosters = helper_cfb_roster_items(items=items, summary_url=summary_url, **kwargs)
                   ^^^^^^^^^^^^^^^^^^^^^^^^^^^^^^^^^^^^^^^^^^^^^^^^^^^^^^^^^^^^^^^^^^^^^^^
  File "C:\Users\saiem\Documents\GitHub-Data\sdv-dev\cfbfastR-dev\cfbfastR-cfb-raw\.venv\Lib\site-packages\sportsdataverse\cfb\cfb_game_rosters.py", line 209, in helper_cfb_roster_items
    raise NoESPNDataError(f"NoESPNDataError: No roster data found for any team at {summary_url}")
sportsdataverse.errors.NoESPNDataError: NoESPNDataError: No roster data found for any team at https://sports.core.api.espn.com/v2/sports/football/leagues/college-football/events/242622655/competitions/242622655/competitors
2026-07-28 23:02:49,077 ERROR extra fetch failed: _rosters(242690005,)
Traceback (most recent call last):
  File "C:\Users\saiem\Documents\GitHub-Data\sdv-dev\cfbfastR-dev\cfbfastR-cfb-raw\python\_cfb_raw_utils.py", line 166, in _safe
    return fn(*args, **kwargs)
           ^^^^^^^^^^^^^^^^^^^
  File "C:\Users\saiem\Documents\GitHub-Data\sdv-dev\cfbfastR-dev\cfbfastR-cfb-raw\python\scrape_cfb_json.py", line 54, in _rosters
    def _rosters(gid):
               ^^^^^^^
  File "C:\Users\saiem\Documents\GitHub-Data\sdv-dev\cfbfastR-dev\cfbfastR-cfb-raw\.venv\Lib\site-packages\sportsdataverse\cfb\cfb_game_rosters.py", line 66, in espn_cfb_game_rosters
    team_rosters = helper_cfb_roster_items(items=items, summary_url=summary_url, **kwargs)
                   ^^^^^^^^^^^^^^^^^^^^^^^^^^^^^^^^^^^^^^^^^^^^^^^^^^^^^^^^^^^^^^^^^^^^^^^
  File "C:\Users\saiem\Documents\GitHub-Data\sdv-dev\cfbfastR-dev\cfbfastR-cfb-raw\.venv\Lib\site-packages\sportsdataverse\cfb\cfb_game_rosters.py", line 209, in helper_cfb_roster_items
    raise NoESPNDataError(f"NoESPNDataError: No roster data found for any team at {summary_url}")
sportsdataverse.errors.NoESPNDataError: NoESPNDataError: No roster data found for any team at https://sports.core.api.espn.com/v2/sports/football/leagues/college-football/events/242690005/competitions/242690005/competitors
2026-07-28 23:02:50,946 ERROR extra fetch failed: _rosters(242690195,)
Traceback (most recent call last):
  File "C:\Users\saiem\Documents\GitHub-Data\sdv-dev\cfbfastR-dev\cfbfastR-cfb-raw\python\_cfb_raw_utils.py", line 166, in _safe
    return fn(*args, **kwargs)
           ^^^^^^^^^^^^^^^^^^^
  File "C:\Users\saiem\Documents\GitHub-Data\sdv-dev\cfbfastR-dev\cfbfastR-cfb-raw\python\scrape_cfb_json.py", line 54, in _rosters
    def _rosters(gid):
               ^^^^^^^
  File "C:\Users\saiem\Documents\GitHub-Data\sdv-dev\cfbfastR-dev\cfbfastR-cfb-raw\.venv\Lib\site-packages\sportsdataverse\cfb\cfb_game_rosters.py", line 66, in espn_cfb_game_rosters
    team_rosters = helper_cfb_roster_items(items=items, summary_url=summary_url, **kwargs)
                   ^^^^^^^^^^^^^^^^^^^^^^^^^^^^^^^^^^^^^^^^^^^^^^^^^^^^^^^^^^^^^^^^^^^^^^^
  File "C:\Users\saiem\Documents\GitHub-Data\sdv-dev\cfbfastR-dev\cfbfastR-cfb-raw\.venv\Lib\site-packages\sportsdataverse\cfb\cfb_game_rosters.py", line 209, in helper_cfb_roster_items
    raise NoESPNDataError(f"NoESPNDataError: No roster data found for any team at {summary_url}")
sportsdataverse.errors.NoESPNDataError: NoESPNDataError: No roster data found for any team at https://sports.core.api.espn.com/v2/sports/football/leagues/college-football/events/242690195/competitions/242690195/competitors
2026-07-28 23:04:05,625 WARNING REFUSED degraded write cfb\json\raw\242760057.json: 447610 -> 251 bytes (0% of existing); keeping banked copy
2026-07-28 23:04:05,626 WARNING degraded summary for 242760057 -- keeping banked copy, skipping game
2026-07-28 23:07:02,488 INFO season 2004: 712 games to scrape (rescrape=True)
2026-07-28 23:07:09,200 ERROR extra fetch failed: _rosters(242462199,)
Traceback (most recent call last):
  File "C:\Users\saiem\Documents\GitHub-Data\sdv-dev\cfbfastR-dev\cfbfastR-cfb-raw\python\_cfb_raw_utils.py", line 166, in _safe
    return fn(*args, **kwargs)
           ^^^^^^^^^^^^^^^^^^^
  File "C:\Users\saiem\Documents\GitHub-Data\sdv-dev\cfbfastR-dev\cfbfastR-cfb-raw\python\scrape_cfb_json.py", line 55, in _rosters
    return sdv.cfb.espn_cfb_game_rosters(
           ^^^^^^^^^^^^^^^^^^^^^^^^^^^^^^
  File "C:\Users\saiem\Documents\GitHub-Data\sdv-dev\cfbfastR-dev\cfbfastR-cfb-raw\.venv\Lib\site-packages\sportsdataverse\cfb\cfb_game_rosters.py", line 66, in espn_cfb_game_rosters
    team_rosters = helper_cfb_roster_items(items=items, summary_url=summary_url, **kwargs)
                   ^^^^^^^^^^^^^^^^^^^^^^^^^^^^^^^^^^^^^^^^^^^^^^^^^^^^^^^^^^^^^^^^^^^^^^^
  File "C:\Users\saiem\Documents\GitHub-Data\sdv-dev\cfbfastR-dev\cfbfastR-cfb-raw\.venv\Lib\site-packages\sportsdataverse\cfb\cfb_game_rosters.py", line 209, in helper_cfb_roster_items
    raise NoESPNDataError(f"NoESPNDataError: No roster data found for any team at {summary_url}")
sportsdataverse.errors.NoESPNDataError: NoESPNDataError: No roster data found for any team at https://sports.core.api.espn.com/v2/sports/football/leagues/college-football/events/242462199/competitions/242462199/competitors
2026-07-28 23:07:33,420 WARNING REFUSED degraded write cfb\json\raw\242482005.json: 415127 -> 251 bytes (0% of existing); keeping banked copy
2026-07-28 23:07:33,420 WARNING degraded summary for 242482005 (proxy=154.81.58.224:60099) -- keeping banked copy, skipping game
2026-07-28 23:08:09,321 ERROR download_game failed: 242480145
Traceback (most recent call last):
  File "C:\Users\saiem\Documents\GitHub-Data\sdv-dev\cfbfastR-dev\cfbfastR-cfb-raw\python\scrape_cfb_json.py", line 114, in download_game
    result = proc.run_processing_pipeline()
             ^^^^^^^^^^^^^^^^^^^^^^^^^^^^^^
  File "C:\Users\saiem\Documents\GitHub-Data\sdv-dev\cfbfastR-dev\cfbfastR-cfb-raw\.venv\Lib\site-packages\sportsdataverse\cfb\cfb_pbp.py", line 7051, in run_processing_pipeline
    pbp_txt = self.__helper_cfb_pbp_drives(self.json)
              ^^^^^^^^^^^^^^^^^^^^^^^^^^^^^^^^^^^^^^^
  File "C:\Users\saiem\Documents\GitHub-Data\sdv-dev\cfbfastR-dev\cfbfastR-cfb-raw\.venv\Lib\site-packages\sportsdataverse\cfb\cfb_pbp.py", line 844, in __helper_cfb_pbp_drives
    pbp_txt, init = self.__helper_cfb_pbp(pbp_txt)
                    ^^^^^^^^^^^^^^^^^^^^^^^^^^^^^^
  File "C:\Users\saiem\Documents\GitHub-Data\sdv-dev\cfbfastR-dev\cfbfastR-cfb-raw\.venv\Lib\site-packages\sportsdataverse\cfb\cfb_pbp.py", line 1466, in __helper_cfb_pbp
    raise NoESPNDataError(
sportsdataverse.errors.NoESPNDataError: ESPN summary for game 242480145 has no header.competitions; cannot build play-by-play.
2026-07-28 23:08:15,234 ERROR extra fetch failed: _rosters(242480057,)
Traceback (most recent call last):
  File "C:\Users\saiem\Documents\GitHub-Data\sdv-dev\cfbfastR-dev\cfbfastR-cfb-raw\python\_cfb_raw_utils.py", line 166, in _safe
    return fn(*args, **kwargs)
           ^^^^^^^^^^^^^^^^^^^
  File "C:\Users\saiem\Documents\GitHub-Data\sdv-dev\cfbfastR-dev\cfbfastR-cfb-raw\python\scrape_cfb_json.py", line 55, in _rosters
    return sdv.cfb.espn_cfb_game_rosters(
           ^^^^^^^^^^^^^^^^^^^^^^^^^^^^^^
  File "C:\Users\saiem\Documents\GitHub-Data\sdv-dev\cfbfastR-dev\cfbfastR-cfb-raw\.venv\Lib\site-packages\sportsdataverse\cfb\cfb_game_rosters.py", line 66, in espn_cfb_game_rosters
    team_rosters = helper_cfb_roster_items(items=items, summary_url=summary_url, **kwargs)
                   ^^^^^^^^^^^^^^^^^^^^^^^^^^^^^^^^^^^^^^^^^^^^^^^^^^^^^^^^^^^^^^^^^^^^^^^
  File "C:\Users\saiem\Documents\GitHub-Data\sdv-dev\cfbfastR-dev\cfbfastR-cfb-raw\.venv\Lib\site-packages\sportsdataverse\cfb\cfb_game_rosters.py", line 209, in helper_cfb_roster_items
    raise NoESPNDataError(f"NoESPNDataError: No roster data found for any team at {summary_url}")
sportsdataverse.errors.NoESPNDataError: NoESPNDataError: No roster data found for any team at https://sports.core.api.espn.com/v2/sports/football/leagues/college-football/events/242480057/competitions/242480057/competitors
2026-07-28 23:08:25,692 ERROR extra fetch failed: _rosters(242502390,)
Traceback (most recent call last):
  File "C:\Users\saiem\Documents\GitHub-Data\sdv-dev\cfbfastR-dev\cfbfastR-cfb-raw\python\_cfb_raw_utils.py", line 166, in _safe
    return fn(*args, **kwargs)
           ^^^^^^^^^^^^^^^^^^^
  File "C:\Users\saiem\Documents\GitHub-Data\sdv-dev\cfbfastR-dev\cfbfastR-cfb-raw\python\scrape_cfb_json.py", line 55, in _rosters
    return sdv.cfb.espn_cfb_game_rosters(
           ^^^^^^^^^^^^^^^^^^^^^^^^^^^^^^
  File "C:\Users\saiem\Documents\GitHub-Data\sdv-dev\cfbfastR-dev\cfbfastR-cfb-raw\.venv\Lib\site-packages\sportsdataverse\cfb\cfb_game_rosters.py", line 66, in espn_cfb_game_rosters
    team_rosters = helper_cfb_roster_items(items=items, summary_url=summary_url, **kwargs)
                   ^^^^^^^^^^^^^^^^^^^^^^^^^^^^^^^^^^^^^^^^^^^^^^^^^^^^^^^^^^^^^^^^^^^^^^^
  File "C:\Users\saiem\Documents\GitHub-Data\sdv-dev\cfbfastR-dev\cfbfastR-cfb-raw\.venv\Lib\site-packages\sportsdataverse\cfb\cfb_game_rosters.py", line 209, in helper_cfb_roster_items
    raise NoESPNDataError(f"NoESPNDataError: No roster data found for any team at {summary_url}")
sportsdataverse.errors.NoESPNDataError: NoESPNDataError: No roster data found for any team at https://sports.core.api.espn.com/v2/sports/football/leagues/college-football/events/242502390/competitions/242502390/competitors
2026-07-28 23:08:26,720 ERROR extra fetch failed: _rosters(242500058,)
Traceback (most recent call last):
  File "C:\Users\saiem\Documents\GitHub-Data\sdv-dev\cfbfastR-dev\cfbfastR-cfb-raw\python\_cfb_raw_utils.py", line 166, in _safe
    return fn(*args, **kwargs)
           ^^^^^^^^^^^^^^^^^^^
  File "C:\Users\saiem\Documents\GitHub-Data\sdv-dev\cfbfastR-dev\cfbfastR-cfb-raw\python\scrape_cfb_json.py", line 55, in _rosters
    return sdv.cfb.espn_cfb_game_rosters(
           ^^^^^^^^^^^^^^^^^^^^^^^^^^^^^^
  File "C:\Users\saiem\Documents\GitHub-Data\sdv-dev\cfbfastR-dev\cfbfastR-cfb-raw\.venv\Lib\site-packages\sportsdataverse\cfb\cfb_game_rosters.py", line 66, in espn_cfb_game_rosters
    team_rosters = helper_cfb_roster_items(items=items, summary_url=summary_url, **kwargs)
                   ^^^^^^^^^^^^^^^^^^^^^^^^^^^^^^^^^^^^^^^^^^^^^^^^^^^^^^^^^^^^^^^^^^^^^^^
  File "C:\Users\saiem\Documents\GitHub-Data\sdv-dev\cfbfastR-dev\cfbfastR-cfb-raw\.venv\Lib\site-packages\sportsdataverse\cfb\cfb_game_rosters.py", line 209, in helper_cfb_roster_items
    raise NoESPNDataError(f"NoESPNDataError: No roster data found for any team at {summary_url}")
sportsdataverse.errors.NoESPNDataError: NoESPNDataError: No roster data found for any team at https://sports.core.api.espn.com/v2/sports/football/leagues/college-football/events/242500058/competitions/242500058/competitors
2026-07-28 23:09:18,469 WARNING REFUSED degraded write cfb\json\raw\242550158.json: 439020 -> 251 bytes (0% of existing); keeping banked copy
2026-07-28 23:09:18,469 WARNING degraded summary for 242550158 (proxy=154.81.58.216:60099) -- keeping banked copy, skipping game
2026-07-28 23:09:44,906 ERROR extra fetch failed: _rosters(242602572,)
Traceback (most recent call last):
  File "C:\Users\saiem\Documents\GitHub-Data\sdv-dev\cfbfastR-dev\cfbfastR-cfb-raw\python\_cfb_raw_utils.py", line 166, in _safe
    return fn(*args, **kwargs)
           ^^^^^^^^^^^^^^^^^^^
  File "C:\Users\saiem\Documents\GitHub-Data\sdv-dev\cfbfastR-dev\cfbfastR-cfb-raw\python\scrape_cfb_json.py", line 55, in _rosters
    return sdv.cfb.espn_cfb_game_rosters(
           ^^^^^^^^^^^^^^^^^^^^^^^^^^^^^^
  File "C:\Users\saiem\Documents\GitHub-Data\sdv-dev\cfbfastR-dev\cfbfastR-cfb-raw\.venv\Lib\site-packages\sportsdataverse\cfb\cfb_game_rosters.py", line 66, in espn_cfb_game_rosters
    team_rosters = helper_cfb_roster_items(items=items, summary_url=summary_url, **kwargs)
                   ^^^^^^^^^^^^^^^^^^^^^^^^^^^^^^^^^^^^^^^^^^^^^^^^^^^^^^^^^^^^^^^^^^^^^^^
  File "C:\Users\saiem\Documents\GitHub-Data\sdv-dev\cfbfastR-dev\cfbfastR-cfb-raw\.venv\Lib\site-packages\sportsdataverse\cfb\cfb_game_rosters.py", line 209, in helper_cfb_roster_items
    raise NoESPNDataError(f"NoESPNDataError: No roster data found for any team at {summary_url}")
sportsdataverse.errors.NoESPNDataError: NoESPNDataError: No roster data found for any team at https://sports.core.api.espn.com/v2/sports/football/leagues/college-football/events/242602572/competitions/242602572/competitors
2026-07-28 23:11:12,419 ERROR extra fetch failed: _rosters(242622655,)
Traceback (most recent call last):
  File "C:\Users\saiem\Documents\GitHub-Data\sdv-dev\cfbfastR-dev\cfbfastR-cfb-raw\python\_cfb_raw_utils.py", line 166, in _safe
    return fn(*args, **kwargs)
           ^^^^^^^^^^^^^^^^^^^
  File "C:\Users\saiem\Documents\GitHub-Data\sdv-dev\cfbfastR-dev\cfbfastR-cfb-raw\python\scrape_cfb_json.py", line 55, in _rosters
    return sdv.cfb.espn_cfb_game_rosters(
           ^^^^^^^^^^^^^^^^^^^^^^^^^^^^^^
  File "C:\Users\saiem\Documents\GitHub-Data\sdv-dev\cfbfastR-dev\cfbfastR-cfb-raw\.venv\Lib\site-packages\sportsdataverse\cfb\cfb_game_rosters.py", line 66, in espn_cfb_game_rosters
    team_rosters = helper_cfb_roster_items(items=items, summary_url=summary_url, **kwargs)
                   ^^^^^^^^^^^^^^^^^^^^^^^^^^^^^^^^^^^^^^^^^^^^^^^^^^^^^^^^^^^^^^^^^^^^^^^
  File "C:\Users\saiem\Documents\GitHub-Data\sdv-dev\cfbfastR-dev\cfbfastR-cfb-raw\.venv\Lib\site-packages\sportsdataverse\cfb\cfb_game_rosters.py", line 209, in helper_cfb_roster_items
    raise NoESPNDataError(f"NoESPNDataError: No roster data found for any team at {summary_url}")
sportsdataverse.errors.NoESPNDataError: NoESPNDataError: No roster data found for any team at https://sports.core.api.espn.com/v2/sports/football/leagues/college-football/events/242622655/competitions/242622655/competitors
2026-07-28 23:12:10,648 ERROR extra fetch failed: _rosters(242690005,)
Traceback (most recent call last):
  File "C:\Users\saiem\Documents\GitHub-Data\sdv-dev\cfbfastR-dev\cfbfastR-cfb-raw\python\_cfb_raw_utils.py", line 166, in _safe
    return fn(*args, **kwargs)
           ^^^^^^^^^^^^^^^^^^^
  File "C:\Users\saiem\Documents\GitHub-Data\sdv-dev\cfbfastR-dev\cfbfastR-cfb-raw\python\scrape_cfb_json.py", line 55, in _rosters
    return sdv.cfb.espn_cfb_game_rosters(
           ^^^^^^^^^^^^^^^^^^^^^^^^^^^^^^
  File "C:\Users\saiem\Documents\GitHub-Data\sdv-dev\cfbfastR-dev\cfbfastR-cfb-raw\.venv\Lib\site-packages\sportsdataverse\cfb\cfb_game_rosters.py", line 66, in espn_cfb_game_rosters
    team_rosters = helper_cfb_roster_items(items=items, summary_url=summary_url, **kwargs)
                   ^^^^^^^^^^^^^^^^^^^^^^^^^^^^^^^^^^^^^^^^^^^^^^^^^^^^^^^^^^^^^^^^^^^^^^^
  File "C:\Users\saiem\Documents\GitHub-Data\sdv-dev\cfbfastR-dev\cfbfastR-cfb-raw\.venv\Lib\site-packages\sportsdataverse\cfb\cfb_game_rosters.py", line 209, in helper_cfb_roster_items
    raise NoESPNDataError(f"NoESPNDataError: No roster data found for any team at {summary_url}")
sportsdataverse.errors.NoESPNDataError: NoESPNDataError: No roster data found for any team at https://sports.core.api.espn.com/v2/sports/football/leagues/college-football/events/242690005/competitions/242690005/competitors
2026-07-28 23:12:13,166 ERROR extra fetch failed: _rosters(242690195,)
Traceback (most recent call last):
  File "C:\Users\saiem\Documents\GitHub-Data\sdv-dev\cfbfastR-dev\cfbfastR-cfb-raw\python\_cfb_raw_utils.py", line 166, in _safe
    return fn(*args, **kwargs)
           ^^^^^^^^^^^^^^^^^^^
  File "C:\Users\saiem\Documents\GitHub-Data\sdv-dev\cfbfastR-dev\cfbfastR-cfb-raw\python\scrape_cfb_json.py", line 55, in _rosters
    return sdv.cfb.espn_cfb_game_rosters(
           ^^^^^^^^^^^^^^^^^^^^^^^^^^^^^^
  File "C:\Users\saiem\Documents\GitHub-Data\sdv-dev\cfbfastR-dev\cfbfastR-cfb-raw\.venv\Lib\site-packages\sportsdataverse\cfb\cfb_game_rosters.py", line 66, in espn_cfb_game_rosters
    team_rosters = helper_cfb_roster_items(items=items, summary_url=summary_url, **kwargs)
                   ^^^^^^^^^^^^^^^^^^^^^^^^^^^^^^^^^^^^^^^^^^^^^^^^^^^^^^^^^^^^^^^^^^^^^^^
  File "C:\Users\saiem\Documents\GitHub-Data\sdv-dev\cfbfastR-dev\cfbfastR-cfb-raw\.venv\Lib\site-packages\sportsdataverse\cfb\cfb_game_rosters.py", line 209, in helper_cfb_roster_items
    raise NoESPNDataError(f"NoESPNDataError: No roster data found for any team at {summary_url}")
sportsdataverse.errors.NoESPNDataError: NoESPNDataError: No roster data found for any team at https://sports.core.api.espn.com/v2/sports/football/leagues/college-football/events/242690195/competitions/242690195/competitors
2026-07-28 23:14:55,127 ERROR download_game failed: 242830066
Traceback (most recent call last):
  File "C:\Users\saiem\Documents\GitHub-Data\sdv-dev\cfbfastR-dev\cfbfastR-cfb-raw\python\scrape_cfb_json.py", line 114, in download_game
    result = proc.run_processing_pipeline()
             ^^^^^^^^^^^^^^^^^^^^^^^^^^^^^^
  File "C:\Users\saiem\Documents\GitHub-Data\sdv-dev\cfbfastR-dev\cfbfastR-cfb-raw\.venv\Lib\site-packages\sportsdataverse\cfb\cfb_pbp.py", line 7051, in run_processing_pipeline
    pbp_txt = self.__helper_cfb_pbp_drives(self.json)
              ^^^^^^^^^^^^^^^^^^^^^^^^^^^^^^^^^^^^^^^
  File "C:\Users\saiem\Documents\GitHub-Data\sdv-dev\cfbfastR-dev\cfbfastR-cfb-raw\.venv\Lib\site-packages\sportsdataverse\cfb\cfb_pbp.py", line 844, in __helper_cfb_pbp_drives
    pbp_txt, init = self.__helper_cfb_pbp(pbp_txt)
                    ^^^^^^^^^^^^^^^^^^^^^^^^^^^^^^
  File "C:\Users\saiem\Documents\GitHub-Data\sdv-dev\cfbfastR-dev\cfbfastR-cfb-raw\.venv\Lib\site-packages\sportsdataverse\cfb\cfb_pbp.py", line 1466, in __helper_cfb_pbp
    raise NoESPNDataError(
sportsdataverse.errors.NoESPNDataError: ESPN summary for game 242830066 has no header.competitions; cannot build play-by-play.
2026-07-28 23:19:44,048 ERROR extra fetch failed: _rosters(243180084,)
Traceback (most recent call last):
  File "C:\Users\saiem\Documents\GitHub-Data\sdv-dev\cfbfastR-dev\cfbfastR-cfb-raw\python\_cfb_raw_utils.py", line 166, in _safe
    return fn(*args, **kwargs)
           ^^^^^^^^^^^^^^^^^^^
  File "C:\Users\saiem\Documents\GitHub-Data\sdv-dev\cfbfastR-dev\cfbfastR-cfb-raw\python\scrape_cfb_json.py", line 55, in _rosters
    return sdv.cfb.espn_cfb_game_rosters(
           ^^^^^^^^^^^^^^^^^^^^^^^^^^^^^^
  File "C:\Users\saiem\Documents\GitHub-Data\sdv-dev\cfbfastR-dev\cfbfastR-cfb-raw\.venv\Lib\site-packages\sportsdataverse\cfb\cfb_game_rosters.py", line 66, in espn_cfb_game_rosters
    team_rosters = helper_cfb_roster_items(items=items, summary_url=summary_url, **kwargs)
                   ^^^^^^^^^^^^^^^^^^^^^^^^^^^^^^^^^^^^^^^^^^^^^^^^^^^^^^^^^^^^^^^^^^^^^^^
  File "C:\Users\saiem\Documents\GitHub-Data\sdv-dev\cfbfastR-dev\cfbfastR-cfb-raw\.venv\Lib\site-packages\sportsdataverse\cfb\cfb_game_rosters.py", line 209, in helper_cfb_roster_items
    raise NoESPNDataError(f"NoESPNDataError: No roster data found for any team at {summary_url}")
sportsdataverse.errors.NoESPNDataError: NoESPNDataError: No roster data found for any team at https://sports.core.api.espn.com/v2/sports/football/leagues/college-football/events/243180084/competitions/243180084/competitors
2026-07-28 23:19:45,354 ERROR extra fetch failed: _rosters(243180218,)
Traceback (most recent call last):
  File "C:\Users\saiem\Documents\GitHub-Data\sdv-dev\cfbfastR-dev\cfbfastR-cfb-raw\python\_cfb_raw_utils.py", line 166, in _safe
    return fn(*args, **kwargs)
           ^^^^^^^^^^^^^^^^^^^
  File "C:\Users\saiem\Documents\GitHub-Data\sdv-dev\cfbfastR-dev\cfbfastR-cfb-raw\python\scrape_cfb_json.py", line 55, in _rosters
    return sdv.cfb.espn_cfb_game_rosters(
           ^^^^^^^^^^^^^^^^^^^^^^^^^^^^^^
  File "C:\Users\saiem\Documents\GitHub-Data\sdv-dev\cfbfastR-dev\cfbfastR-cfb-raw\.venv\Lib\site-packages\sportsdataverse\cfb\cfb_game_rosters.py", line 66, in espn_cfb_game_rosters
    team_rosters = helper_cfb_roster_items(items=items, summary_url=summary_url, **kwargs)
                   ^^^^^^^^^^^^^^^^^^^^^^^^^^^^^^^^^^^^^^^^^^^^^^^^^^^^^^^^^^^^^^^^^^^^^^^
  File "C:\Users\saiem\Documents\GitHub-Data\sdv-dev\cfbfastR-dev\cfbfastR-cfb-raw\.venv\Lib\site-packages\sportsdataverse\cfb\cfb_game_rosters.py", line 209, in helper_cfb_roster_items
    raise NoESPNDataError(f"NoESPNDataError: No roster data found for any team at {summary_url}")
sportsdataverse.errors.NoESPNDataError: NoESPNDataError: No roster data found for any team at https://sports.core.api.espn.com/v2/sports/football/leagues/college-football/events/243180218/competitions/243180218/competitors
2026-07-28 23:19:48,283 ERROR extra fetch failed: _rosters(243180096,)
Traceback (most recent call last):
  File "C:\Users\saiem\Documents\GitHub-Data\sdv-dev\cfbfastR-dev\cfbfastR-cfb-raw\python\_cfb_raw_utils.py", line 166, in _safe
    return fn(*args, **kwargs)
           ^^^^^^^^^^^^^^^^^^^
  File "C:\Users\saiem\Documents\GitHub-Data\sdv-dev\cfbfastR-dev\cfbfastR-cfb-raw\python\scrape_cfb_json.py", line 55, in _rosters
    return sdv.cfb.espn_cfb_game_rosters(
           ^^^^^^^^^^^^^^^^^^^^^^^^^^^^^^
  File "C:\Users\saiem\Documents\GitHub-Data\sdv-dev\cfbfastR-dev\cfbfastR-cfb-raw\.venv\Lib\site-packages\sportsdataverse\cfb\cfb_game_rosters.py", line 66, in espn_cfb_game_rosters
    team_rosters = helper_cfb_roster_items(items=items, summary_url=summary_url, **kwargs)
                   ^^^^^^^^^^^^^^^^^^^^^^^^^^^^^^^^^^^^^^^^^^^^^^^^^^^^^^^^^^^^^^^^^^^^^^^
  File "C:\Users\saiem\Documents\GitHub-Data\sdv-dev\cfbfastR-dev\cfbfastR-cfb-raw\.venv\Lib\site-packages\sportsdataverse\cfb\cfb_game_rosters.py", line 209, in helper_cfb_roster_items
    raise NoESPNDataError(f"NoESPNDataError: No roster data found for any team at {summary_url}")
sportsdataverse.errors.NoESPNDataError: NoESPNDataError: No roster data found for any team at https://sports.core.api.espn.com/v2/sports/football/leagues/college-football/events/243180096/competitions/243180096/competitors
2026-07-28 23:19:49,410 ERROR extra fetch failed: _rosters(243180150,)
Traceback (most recent call last):
  File "C:\Users\saiem\Documents\GitHub-Data\sdv-dev\cfbfastR-dev\cfbfastR-cfb-raw\python\_cfb_raw_utils.py", line 166, in _safe
    return fn(*args, **kwargs)
           ^^^^^^^^^^^^^^^^^^^
  File "C:\Users\saiem\Documents\GitHub-Data\sdv-dev\cfbfastR-dev\cfbfastR-cfb-raw\python\scrape_cfb_json.py", line 55, in _rosters
    return sdv.cfb.espn_cfb_game_rosters(
           ^^^^^^^^^^^^^^^^^^^^^^^^^^^^^^
  File "C:\Users\saiem\Documents\GitHub-Data\sdv-dev\cfbfastR-dev\cfbfastR-cfb-raw\.venv\Lib\site-packages\sportsdataverse\cfb\cfb_game_rosters.py", line 66, in espn_cfb_game_rosters
    team_rosters = helper_cfb_roster_items(items=items, summary_url=summary_url, **kwargs)
                   ^^^^^^^^^^^^^^^^^^^^^^^^^^^^^^^^^^^^^^^^^^^^^^^^^^^^^^^^^^^^^^^^^^^^^^^
  File "C:\Users\saiem\Documents\GitHub-Data\sdv-dev\cfbfastR-dev\cfbfastR-cfb-raw\.venv\Lib\site-packages\sportsdataverse\cfb\cfb_game_rosters.py", line 209, in helper_cfb_roster_items
    raise NoESPNDataError(f"NoESPNDataError: No roster data found for any team at {summary_url}")
sportsdataverse.errors.NoESPNDataError: NoESPNDataError: No roster data found for any team at https://sports.core.api.espn.com/v2/sports/football/leagues/college-football/events/243180150/competitions/243180150/competitors
2026-07-28 23:19:50,893 ERROR extra fetch failed: _rosters(243180038,)
Traceback (most recent call last):
  File "C:\Users\saiem\Documents\GitHub-Data\sdv-dev\cfbfastR-dev\cfbfastR-cfb-raw\python\_cfb_raw_utils.py", line 166, in _safe
    return fn(*args, **kwargs)
           ^^^^^^^^^^^^^^^^^^^
  File "C:\Users\saiem\Documents\GitHub-Data\sdv-dev\cfbfastR-dev\cfbfastR-cfb-raw\python\scrape_cfb_json.py", line 55, in _rosters
    return sdv.cfb.espn_cfb_game_rosters(
           ^^^^^^^^^^^^^^^^^^^^^^^^^^^^^^
  File "C:\Users\saiem\Documents\GitHub-Data\sdv-dev\cfbfastR-dev\cfbfastR-cfb-raw\.venv\Lib\site-packages\sportsdataverse\cfb\cfb_game_rosters.py", line 66, in espn_cfb_game_rosters
    team_rosters = helper_cfb_roster_items(items=items, summary_url=summary_url, **kwargs)
                   ^^^^^^^^^^^^^^^^^^^^^^^^^^^^^^^^^^^^^^^^^^^^^^^^^^^^^^^^^^^^^^^^^^^^^^^
  File "C:\Users\saiem\Documents\GitHub-Data\sdv-dev\cfbfastR-dev\cfbfastR-cfb-raw\.venv\Lib\site-packages\sportsdataverse\cfb\cfb_game_rosters.py", line 209, in helper_cfb_roster_items
    raise NoESPNDataError(f"NoESPNDataError: No roster data found for any team at {summary_url}")
sportsdataverse.errors.NoESPNDataError: NoESPNDataError: No roster data found for any team at https://sports.core.api.espn.com/v2/sports/football/leagues/college-football/events/243180038/competitions/243180038/competitors
2026-07-28 23:20:10,473 WARNING REFUSED degraded write cfb\json\raw\243182309.json: 58416 -> 251 bytes (0% of existing); keeping banked copy
2026-07-28 23:20:10,473 WARNING degraded summary for 243182309 (proxy=154.81.58.183:60099) -- keeping banked copy, skipping game
2026-07-28 23:21:08,855 ERROR download_game failed: 243252628
Traceback (most recent call last):
  File "C:\Users\saiem\Documents\GitHub-Data\sdv-dev\cfbfastR-dev\cfbfastR-cfb-raw\python\scrape_cfb_json.py", line 114, in download_game
    result = proc.run_processing_pipeline()
             ^^^^^^^^^^^^^^^^^^^^^^^^^^^^^^
  File "C:\Users\saiem\Documents\GitHub-Data\sdv-dev\cfbfastR-dev\cfbfastR-cfb-raw\.venv\Lib\site-packages\sportsdataverse\cfb\cfb_pbp.py", line 7051, in run_processing_pipeline
    pbp_txt = self.__helper_cfb_pbp_drives(self.json)
              ^^^^^^^^^^^^^^^^^^^^^^^^^^^^^^^^^^^^^^^
  File "C:\Users\saiem\Documents\GitHub-Data\sdv-dev\cfbfastR-dev\cfbfastR-cfb-raw\.venv\Lib\site-packages\sportsdataverse\cfb\cfb_pbp.py", line 844, in __helper_cfb_pbp_drives
    pbp_txt, init = self.__helper_cfb_pbp(pbp_txt)
                    ^^^^^^^^^^^^^^^^^^^^^^^^^^^^^^
  File "C:\Users\saiem\Documents\GitHub-Data\sdv-dev\cfbfastR-dev\cfbfastR-cfb-raw\.venv\Lib\site-packages\sportsdataverse\cfb\cfb_pbp.py", line 1466, in __helper_cfb_pbp
    raise NoESPNDataError(
sportsdataverse.errors.NoESPNDataError: ESPN summary for game 243252628 has no header.competitions; cannot build play-by-play.
2026-07-28 23:22:27,434 ERROR download_game failed: 243652653
Traceback (most recent call last):
  File "C:\Users\saiem\Documents\GitHub-Data\sdv-dev\cfbfastR-dev\cfbfastR-cfb-raw\python\scrape_cfb_json.py", line 114, in download_game
    result = proc.run_processing_pipeline()
             ^^^^^^^^^^^^^^^^^^^^^^^^^^^^^^
  File "C:\Users\saiem\Documents\GitHub-Data\sdv-dev\cfbfastR-dev\cfbfastR-cfb-raw\.venv\Lib\site-packages\sportsdataverse\cfb\cfb_pbp.py", line 7051, in run_processing_pipeline
    pbp_txt = self.__helper_cfb_pbp_drives(self.json)
              ^^^^^^^^^^^^^^^^^^^^^^^^^^^^^^^^^^^^^^^
  File "C:\Users\saiem\Documents\GitHub-Data\sdv-dev\cfbfastR-dev\cfbfastR-cfb-raw\.venv\Lib\site-packages\sportsdataverse\cfb\cfb_pbp.py", line 844, in __helper_cfb_pbp_drives
    pbp_txt, init = self.__helper_cfb_pbp(pbp_txt)
                    ^^^^^^^^^^^^^^^^^^^^^^^^^^^^^^
  File "C:\Users\saiem\Documents\GitHub-Data\sdv-dev\cfbfastR-dev\cfbfastR-cfb-raw\.venv\Lib\site-packages\sportsdataverse\cfb\cfb_pbp.py", line 1466, in __helper_cfb_pbp
    raise NoESPNDataError(
sportsdataverse.errors.NoESPNDataError: ESPN summary for game 243652653 has no header.competitions; cannot build play-by-play.
