2026-06-17 11:48:01,150 INFO schedules 2020: 706 games
2026-06-17 11:48:03,064 INFO season 2020: 135 hollow/missing games to rescrape
cfb 2020:   0%|          | 0/135 [00:00<?, ?it/s]2026-06-17 11:48:05,801 ERROR extra fetch failed: _rosters(401207105,)
Traceback (most recent call last):
  File "C:\Users\saiem\Documents\GitHub-Data\sdv-dev\cfbfastR-dev\cfbfastR-cfb-raw\python\_cfb_raw_utils.py", line 106, in _safe
    return fn(*args, **kwargs)
           ^^^^^^^^^^^^^^^^^^^
  File "C:\Users\saiem\Documents\GitHub-Data\sdv-dev\cfbfastR-dev\cfbfastR-cfb-raw\python\scrape_cfb_json.py", line 42, in _rosters
    return sdv.cfb.espn_cfb_game_rosters(
           ^^^^^^^^^^^^^^^^^^^^^^^^^^^^^^
  File "C:\Users\saiem\Documents\GitHub-Data\sdv-dev\cfbfastR-dev\cfbfastR-cfb-raw\.venv\Lib\site-packages\sportsdataverse\cfb\cfb_game_rosters.py", line 66, in espn_cfb_game_rosters
    team_rosters = helper_cfb_roster_items(items=items, summary_url=summary_url, **kwargs)
                   ^^^^^^^^^^^^^^^^^^^^^^^^^^^^^^^^^^^^^^^^^^^^^^^^^^^^^^^^^^^^^^^^^^^^^^^
  File "C:\Users\saiem\Documents\GitHub-Data\sdv-dev\cfbfastR-dev\cfbfastR-cfb-raw\.venv\Lib\site-packages\sportsdataverse\cfb\cfb_game_rosters.py", line 209, in helper_cfb_roster_items
    raise NoESPNDataError(f"NoESPNDataError: No roster data found for any team at {summary_url}")
sportsdataverse.errors.NoESPNDataError: NoESPNDataError: No roster data found for any team at https://sports.core.api.espn.com/v2/sports/football/leagues/college-football/events/401207105/competitions/401207105/competitors
ERROR:cfb_json_2020:extra fetch failed: _rosters(401207105,)
Traceback (most recent call last):
  File "C:\Users\saiem\Documents\GitHub-Data\sdv-dev\cfbfastR-dev\cfbfastR-cfb-raw\python\_cfb_raw_utils.py", line 106, in _safe
    return fn(*args, **kwargs)
           ^^^^^^^^^^^^^^^^^^^
  File "C:\Users\saiem\Documents\GitHub-Data\sdv-dev\cfbfastR-dev\cfbfastR-cfb-raw\python\scrape_cfb_json.py", line 42, in _rosters
    return sdv.cfb.espn_cfb_game_rosters(
           ^^^^^^^^^^^^^^^^^^^^^^^^^^^^^^
  File "C:\Users\saiem\Documents\GitHub-Data\sdv-dev\cfbfastR-dev\cfbfastR-cfb-raw\.venv\Lib\site-packages\sportsdataverse\cfb\cfb_game_rosters.py", line 66, in espn_cfb_game_rosters
    team_rosters = helper_cfb_roster_items(items=items, summary_url=summary_url, **kwargs)
                   ^^^^^^^^^^^^^^^^^^^^^^^^^^^^^^^^^^^^^^^^^^^^^^^^^^^^^^^^^^^^^^^^^^^^^^^
  File "C:\Users\saiem\Documents\GitHub-Data\sdv-dev\cfbfastR-dev\cfbfastR-cfb-raw\.venv\Lib\site-packages\sportsdataverse\cfb\cfb_game_rosters.py", line 209, in helper_cfb_roster_items
    raise NoESPNDataError(f"NoESPNDataError: No roster data found for any team at {summary_url}")
sportsdataverse.errors.NoESPNDataError: NoESPNDataError: No roster data found for any team at https://sports.core.api.espn.com/v2/sports/football/leagues/college-football/events/401207105/competitions/401207105/competitors
2026-06-17 11:48:05,814 ERROR extra fetch failed: _rosters(401212549,)
Traceback (most recent call last):
  File "C:\Users\saiem\Documents\GitHub-Data\sdv-dev\cfbfastR-dev\cfbfastR-cfb-raw\python\_cfb_raw_utils.py", line 106, in _safe
    return fn(*args, **kwargs)
           ^^^^^^^^^^^^^^^^^^^
  File "C:\Users\saiem\Documents\GitHub-Data\sdv-dev\cfbfastR-dev\cfbfastR-cfb-raw\python\scrape_cfb_json.py", line 42, in _rosters
    return sdv.cfb.espn_cfb_game_rosters(
           ^^^^^^^^^^^^^^^^^^^^^^^^^^^^^^
  File "C:\Users\saiem\Documents\GitHub-Data\sdv-dev\cfbfastR-dev\cfbfastR-cfb-raw\.venv\Lib\site-packages\sportsdataverse\cfb\cfb_game_rosters.py", line 66, in espn_cfb_game_rosters
    team_rosters = helper_cfb_roster_items(items=items, summary_url=summary_url, **kwargs)
                   ^^^^^^^^^^^^^^^^^^^^^^^^^^^^^^^^^^^^^^^^^^^^^^^^^^^^^^^^^^^^^^^^^^^^^^^
  File "C:\Users\saiem\Documents\GitHub-Data\sdv-dev\cfbfastR-dev\cfbfastR-cfb-raw\.venv\Lib\site-packages\sportsdataverse\cfb\cfb_game_rosters.py", line 209, in helper_cfb_roster_items
    raise NoESPNDataError(f"NoESPNDataError: No roster data found for any team at {summary_url}")
sportsdataverse.errors.NoESPNDataError: NoESPNDataError: No roster data found for any team at https://sports.core.api.espn.com/v2/sports/football/leagues/college-football/events/401212549/competitions/401212549/competitors
ERROR:cfb_json_2020:extra fetch failed: _rosters(401212549,)
Traceback (most recent call last):
  File "C:\Users\saiem\Documents\GitHub-Data\sdv-dev\cfbfastR-dev\cfbfastR-cfb-raw\python\_cfb_raw_utils.py", line 106, in _safe
    return fn(*args, **kwargs)
           ^^^^^^^^^^^^^^^^^^^
  File "C:\Users\saiem\Documents\GitHub-Data\sdv-dev\cfbfastR-dev\cfbfastR-cfb-raw\python\scrape_cfb_json.py", line 42, in _rosters
    return sdv.cfb.espn_cfb_game_rosters(
           ^^^^^^^^^^^^^^^^^^^^^^^^^^^^^^
  File "C:\Users\saiem\Documents\GitHub-Data\sdv-dev\cfbfastR-dev\cfbfastR-cfb-raw\.venv\Lib\site-packages\sportsdataverse\cfb\cfb_game_rosters.py", line 66, in espn_cfb_game_rosters
    team_rosters = helper_cfb_roster_items(items=items, summary_url=summary_url, **kwargs)
                   ^^^^^^^^^^^^^^^^^^^^^^^^^^^^^^^^^^^^^^^^^^^^^^^^^^^^^^^^^^^^^^^^^^^^^^^
  File "C:\Users\saiem\Documents\GitHub-Data\sdv-dev\cfbfastR-dev\cfbfastR-cfb-raw\.venv\Lib\site-packages\sportsdataverse\cfb\cfb_game_rosters.py", line 209, in helper_cfb_roster_items
    raise NoESPNDataError(f"NoESPNDataError: No roster data found for any team at {summary_url}")
sportsdataverse.errors.NoESPNDataError: NoESPNDataError: No roster data found for any team at https://sports.core.api.espn.com/v2/sports/football/leagues/college-football/events/401212549/competitions/401212549/competitors
2026-06-17 11:48:05,819 ERROR extra fetch failed: _rosters(401207093,)
Traceback (most recent call last):
  File "C:\Users\saiem\Documents\GitHub-Data\sdv-dev\cfbfastR-dev\cfbfastR-cfb-raw\python\_cfb_raw_utils.py", line 106, in _safe
    return fn(*args, **kwargs)
           ^^^^^^^^^^^^^^^^^^^
  File "C:\Users\saiem\Documents\GitHub-Data\sdv-dev\cfbfastR-dev\cfbfastR-cfb-raw\python\scrape_cfb_json.py", line 42, in _rosters
    return sdv.cfb.espn_cfb_game_rosters(
           ^^^^^^^^^^^^^^^^^^^^^^^^^^^^^^
  File "C:\Users\saiem\Documents\GitHub-Data\sdv-dev\cfbfastR-dev\cfbfastR-cfb-raw\.venv\Lib\site-packages\sportsdataverse\cfb\cfb_game_rosters.py", line 66, in espn_cfb_game_rosters
    team_rosters = helper_cfb_roster_items(items=items, summary_url=summary_url, **kwargs)
                   ^^^^^^^^^^^^^^^^^^^^^^^^^^^^^^^^^^^^^^^^^^^^^^^^^^^^^^^^^^^^^^^^^^^^^^^
  File "C:\Users\saiem\Documents\GitHub-Data\sdv-dev\cfbfastR-dev\cfbfastR-cfb-raw\.venv\Lib\site-packages\sportsdataverse\cfb\cfb_game_rosters.py", line 209, in helper_cfb_roster_items
    raise NoESPNDataError(f"NoESPNDataError: No roster data found for any team at {summary_url}")
sportsdataverse.errors.NoESPNDataError: NoESPNDataError: No roster data found for any team at https://sports.core.api.espn.com/v2/sports/football/leagues/college-football/events/401207093/competitions/401207093/competitors
ERROR:cfb_json_2020:extra fetch failed: _rosters(401207093,)
Traceback (most recent call last):
  File "C:\Users\saiem\Documents\GitHub-Data\sdv-dev\cfbfastR-dev\cfbfastR-cfb-raw\python\_cfb_raw_utils.py", line 106, in _safe
    return fn(*args, **kwargs)
           ^^^^^^^^^^^^^^^^^^^
  File "C:\Users\saiem\Documents\GitHub-Data\sdv-dev\cfbfastR-dev\cfbfastR-cfb-raw\python\scrape_cfb_json.py", line 42, in _rosters
    return sdv.cfb.espn_cfb_game_rosters(
           ^^^^^^^^^^^^^^^^^^^^^^^^^^^^^^
  File "C:\Users\saiem\Documents\GitHub-Data\sdv-dev\cfbfastR-dev\cfbfastR-cfb-raw\.venv\Lib\site-packages\sportsdataverse\cfb\cfb_game_rosters.py", line 66, in espn_cfb_game_rosters
    team_rosters = helper_cfb_roster_items(items=items, summary_url=summary_url, **kwargs)
                   ^^^^^^^^^^^^^^^^^^^^^^^^^^^^^^^^^^^^^^^^^^^^^^^^^^^^^^^^^^^^^^^^^^^^^^^
  File "C:\Users\saiem\Documents\GitHub-Data\sdv-dev\cfbfastR-dev\cfbfastR-cfb-raw\.venv\Lib\site-packages\sportsdataverse\cfb\cfb_game_rosters.py", line 209, in helper_cfb_roster_items
    raise NoESPNDataError(f"NoESPNDataError: No roster data found for any team at {summary_url}")
sportsdataverse.errors.NoESPNDataError: NoESPNDataError: No roster data found for any team at https://sports.core.api.espn.com/v2/sports/football/leagues/college-football/events/401207093/competitions/401207093/competitors
cfb 2020:   1%|          | 1/135 [00:02<06:19,  2.83s/it]2026-06-17 11:48:05,942 ERROR extra fetch failed: _rosters(401236674,)
Traceback (most recent call last):
  File "C:\Users\saiem\Documents\GitHub-Data\sdv-dev\cfbfastR-dev\cfbfastR-cfb-raw\python\_cfb_raw_utils.py", line 106, in _safe
    return fn(*args, **kwargs)
           ^^^^^^^^^^^^^^^^^^^
  File "C:\Users\saiem\Documents\GitHub-Data\sdv-dev\cfbfastR-dev\cfbfastR-cfb-raw\python\scrape_cfb_json.py", line 42, in _rosters
    return sdv.cfb.espn_cfb_game_rosters(
           ^^^^^^^^^^^^^^^^^^^^^^^^^^^^^^
  File "C:\Users\saiem\Documents\GitHub-Data\sdv-dev\cfbfastR-dev\cfbfastR-cfb-raw\.venv\Lib\site-packages\sportsdataverse\cfb\cfb_game_rosters.py", line 66, in espn_cfb_game_rosters
    team_rosters = helper_cfb_roster_items(items=items, summary_url=summary_url, **kwargs)
                   ^^^^^^^^^^^^^^^^^^^^^^^^^^^^^^^^^^^^^^^^^^^^^^^^^^^^^^^^^^^^^^^^^^^^^^^
  File "C:\Users\saiem\Documents\GitHub-Data\sdv-dev\cfbfastR-dev\cfbfastR-cfb-raw\.venv\Lib\site-packages\sportsdataverse\cfb\cfb_game_rosters.py", line 209, in helper_cfb_roster_items
    raise NoESPNDataError(f"NoESPNDataError: No roster data found for any team at {summary_url}")
sportsdataverse.errors.NoESPNDataError: NoESPNDataError: No roster data found for any team at https://sports.core.api.espn.com/v2/sports/football/leagues/college-football/events/401236674/competitions/401236674/competitors
ERROR:cfb_json_2020:extra fetch failed: _rosters(401236674,)
Traceback (most recent call last):
  File "C:\Users\saiem\Documents\GitHub-Data\sdv-dev\cfbfastR-dev\cfbfastR-cfb-raw\python\_cfb_raw_utils.py", line 106, in _safe
    return fn(*args, **kwargs)
           ^^^^^^^^^^^^^^^^^^^
  File "C:\Users\saiem\Documents\GitHub-Data\sdv-dev\cfbfastR-dev\cfbfastR-cfb-raw\python\scrape_cfb_json.py", line 42, in _rosters
    return sdv.cfb.espn_cfb_game_rosters(
           ^^^^^^^^^^^^^^^^^^^^^^^^^^^^^^
  File "C:\Users\saiem\Documents\GitHub-Data\sdv-dev\cfbfastR-dev\cfbfastR-cfb-raw\.venv\Lib\site-packages\sportsdataverse\cfb\cfb_game_rosters.py", line 66, in espn_cfb_game_rosters
    team_rosters = helper_cfb_roster_items(items=items, summary_url=summary_url, **kwargs)
                   ^^^^^^^^^^^^^^^^^^^^^^^^^^^^^^^^^^^^^^^^^^^^^^^^^^^^^^^^^^^^^^^^^^^^^^^
  File "C:\Users\saiem\Documents\GitHub-Data\sdv-dev\cfbfastR-dev\cfbfastR-cfb-raw\.venv\Lib\site-packages\sportsdataverse\cfb\cfb_game_rosters.py", line 209, in helper_cfb_roster_items
    raise NoESPNDataError(f"NoESPNDataError: No roster data found for any team at {summary_url}")
sportsdataverse.errors.NoESPNDataError: NoESPNDataError: No roster data found for any team at https://sports.core.api.espn.com/v2/sports/football/leagues/college-football/events/401236674/competitions/401236674/competitors
cfb 2020:   3%|2         | 4/135 [00:02<01:16,  1.72it/s]2026-06-17 11:48:06,515 ERROR extra fetch failed: _rosters(401235433,)
Traceback (most recent call last):
  File "C:\Users\saiem\Documents\GitHub-Data\sdv-dev\cfbfastR-dev\cfbfastR-cfb-raw\python\_cfb_raw_utils.py", line 106, in _safe
    return fn(*args, **kwargs)
           ^^^^^^^^^^^^^^^^^^^
  File "C:\Users\saiem\Documents\GitHub-Data\sdv-dev\cfbfastR-dev\cfbfastR-cfb-raw\python\scrape_cfb_json.py", line 42, in _rosters
    return sdv.cfb.espn_cfb_game_rosters(
           ^^^^^^^^^^^^^^^^^^^^^^^^^^^^^^
  File "C:\Users\saiem\Documents\GitHub-Data\sdv-dev\cfbfastR-dev\cfbfastR-cfb-raw\.venv\Lib\site-packages\sportsdataverse\cfb\cfb_game_rosters.py", line 66, in espn_cfb_game_rosters
    team_rosters = helper_cfb_roster_items(items=items, summary_url=summary_url, **kwargs)
                   ^^^^^^^^^^^^^^^^^^^^^^^^^^^^^^^^^^^^^^^^^^^^^^^^^^^^^^^^^^^^^^^^^^^^^^^
  File "C:\Users\saiem\Documents\GitHub-Data\sdv-dev\cfbfastR-dev\cfbfastR-cfb-raw\.venv\Lib\site-packages\sportsdataverse\cfb\cfb_game_rosters.py", line 209, in helper_cfb_roster_items
    raise NoESPNDataError(f"NoESPNDataError: No roster data found for any team at {summary_url}")
sportsdataverse.errors.NoESPNDataError: NoESPNDataError: No roster data found for any team at https://sports.core.api.espn.com/v2/sports/football/leagues/college-football/events/401235433/competitions/401235433/competitors
ERROR:cfb_json_2020:extra fetch failed: _rosters(401235433,)
Traceback (most recent call last):
  File "C:\Users\saiem\Documents\GitHub-Data\sdv-dev\cfbfastR-dev\cfbfastR-cfb-raw\python\_cfb_raw_utils.py", line 106, in _safe
    return fn(*args, **kwargs)
           ^^^^^^^^^^^^^^^^^^^
  File "C:\Users\saiem\Documents\GitHub-Data\sdv-dev\cfbfastR-dev\cfbfastR-cfb-raw\python\scrape_cfb_json.py", line 42, in _rosters
    return sdv.cfb.espn_cfb_game_rosters(
           ^^^^^^^^^^^^^^^^^^^^^^^^^^^^^^
  File "C:\Users\saiem\Documents\GitHub-Data\sdv-dev\cfbfastR-dev\cfbfastR-cfb-raw\.venv\Lib\site-packages\sportsdataverse\cfb\cfb_game_rosters.py", line 66, in espn_cfb_game_rosters
    team_rosters = helper_cfb_roster_items(items=items, summary_url=summary_url, **kwargs)
                   ^^^^^^^^^^^^^^^^^^^^^^^^^^^^^^^^^^^^^^^^^^^^^^^^^^^^^^^^^^^^^^^^^^^^^^^
  File "C:\Users\saiem\Documents\GitHub-Data\sdv-dev\cfbfastR-dev\cfbfastR-cfb-raw\.venv\Lib\site-packages\sportsdataverse\cfb\cfb_game_rosters.py", line 209, in helper_cfb_roster_items
    raise NoESPNDataError(f"NoESPNDataError: No roster data found for any team at {summary_url}")
sportsdataverse.errors.NoESPNDataError: NoESPNDataError: No roster data found for any team at https://sports.core.api.espn.com/v2/sports/football/leagues/college-football/events/401235433/competitions/401235433/competitors
2026-06-17 11:48:06,544 ERROR extra fetch failed: _rosters(401240296,)
Traceback (most recent call last):
  File "C:\Users\saiem\Documents\GitHub-Data\sdv-dev\cfbfastR-dev\cfbfastR-cfb-raw\python\_cfb_raw_utils.py", line 106, in _safe
    return fn(*args, **kwargs)
           ^^^^^^^^^^^^^^^^^^^
  File "C:\Users\saiem\Documents\GitHub-Data\sdv-dev\cfbfastR-dev\cfbfastR-cfb-raw\python\scrape_cfb_json.py", line 42, in _rosters
    return sdv.cfb.espn_cfb_game_rosters(
           ^^^^^^^^^^^^^^^^^^^^^^^^^^^^^^
  File "C:\Users\saiem\Documents\GitHub-Data\sdv-dev\cfbfastR-dev\cfbfastR-cfb-raw\.venv\Lib\site-packages\sportsdataverse\cfb\cfb_game_rosters.py", line 66, in espn_cfb_game_rosters
    team_rosters = helper_cfb_roster_items(items=items, summary_url=summary_url, **kwargs)
                   ^^^^^^^^^^^^^^^^^^^^^^^^^^^^^^^^^^^^^^^^^^^^^^^^^^^^^^^^^^^^^^^^^^^^^^^
  File "C:\Users\saiem\Documents\GitHub-Data\sdv-dev\cfbfastR-dev\cfbfastR-cfb-raw\.venv\Lib\site-packages\sportsdataverse\cfb\cfb_game_rosters.py", line 209, in helper_cfb_roster_items
    raise NoESPNDataError(f"NoESPNDataError: No roster data found for any team at {summary_url}")
sportsdataverse.errors.NoESPNDataError: NoESPNDataError: No roster data found for any team at https://sports.core.api.espn.com/v2/sports/football/leagues/college-football/events/401240296/competitions/401240296/competitors
ERROR:cfb_json_2020:extra fetch failed: _rosters(401240296,)
Traceback (most recent call last):
  File "C:\Users\saiem\Documents\GitHub-Data\sdv-dev\cfbfastR-dev\cfbfastR-cfb-raw\python\_cfb_raw_utils.py", line 106, in _safe
    return fn(*args, **kwargs)
           ^^^^^^^^^^^^^^^^^^^
  File "C:\Users\saiem\Documents\GitHub-Data\sdv-dev\cfbfastR-dev\cfbfastR-cfb-raw\python\scrape_cfb_json.py", line 42, in _rosters
    return sdv.cfb.espn_cfb_game_rosters(
           ^^^^^^^^^^^^^^^^^^^^^^^^^^^^^^
  File "C:\Users\saiem\Documents\GitHub-Data\sdv-dev\cfbfastR-dev\cfbfastR-cfb-raw\.venv\Lib\site-packages\sportsdataverse\cfb\cfb_game_rosters.py", line 66, in espn_cfb_game_rosters
    team_rosters = helper_cfb_roster_items(items=items, summary_url=summary_url, **kwargs)
                   ^^^^^^^^^^^^^^^^^^^^^^^^^^^^^^^^^^^^^^^^^^^^^^^^^^^^^^^^^^^^^^^^^^^^^^^
  File "C:\Users\saiem\Documents\GitHub-Data\sdv-dev\cfbfastR-dev\cfbfastR-cfb-raw\.venv\Lib\site-packages\sportsdataverse\cfb\cfb_game_rosters.py", line 209, in helper_cfb_roster_items
    raise NoESPNDataError(f"NoESPNDataError: No roster data found for any team at {summary_url}")
sportsdataverse.errors.NoESPNDataError: NoESPNDataError: No roster data found for any team at https://sports.core.api.espn.com/v2/sports/football/leagues/college-football/events/401240296/competitions/401240296/competitors
cfb 2020:   4%|4         | 6/135 [00:03<00:59,  2.17it/s]2026-06-17 11:48:06,703 ERROR extra fetch failed: _rosters(401236374,)
Traceback (most recent call last):
  File "C:\Users\saiem\Documents\GitHub-Data\sdv-dev\cfbfastR-dev\cfbfastR-cfb-raw\python\_cfb_raw_utils.py", line 106, in _safe
    return fn(*args, **kwargs)
           ^^^^^^^^^^^^^^^^^^^
  File "C:\Users\saiem\Documents\GitHub-Data\sdv-dev\cfbfastR-dev\cfbfastR-cfb-raw\python\scrape_cfb_json.py", line 42, in _rosters
    return sdv.cfb.espn_cfb_game_rosters(
           ^^^^^^^^^^^^^^^^^^^^^^^^^^^^^^
  File "C:\Users\saiem\Documents\GitHub-Data\sdv-dev\cfbfastR-dev\cfbfastR-cfb-raw\.venv\Lib\site-packages\sportsdataverse\cfb\cfb_game_rosters.py", line 66, in espn_cfb_game_rosters
    team_rosters = helper_cfb_roster_items(items=items, summary_url=summary_url, **kwargs)
                   ^^^^^^^^^^^^^^^^^^^^^^^^^^^^^^^^^^^^^^^^^^^^^^^^^^^^^^^^^^^^^^^^^^^^^^^
  File "C:\Users\saiem\Documents\GitHub-Data\sdv-dev\cfbfastR-dev\cfbfastR-cfb-raw\.venv\Lib\site-packages\sportsdataverse\cfb\cfb_game_rosters.py", line 209, in helper_cfb_roster_items
    raise NoESPNDataError(f"NoESPNDataError: No roster data found for any team at {summary_url}")
sportsdataverse.errors.NoESPNDataError: NoESPNDataError: No roster data found for any team at https://sports.core.api.espn.com/v2/sports/football/leagues/college-football/events/401236374/competitions/401236374/competitors
ERROR:cfb_json_2020:extra fetch failed: _rosters(401236374,)
Traceback (most recent call last):
  File "C:\Users\saiem\Documents\GitHub-Data\sdv-dev\cfbfastR-dev\cfbfastR-cfb-raw\python\_cfb_raw_utils.py", line 106, in _safe
    return fn(*args, **kwargs)
           ^^^^^^^^^^^^^^^^^^^
  File "C:\Users\saiem\Documents\GitHub-Data\sdv-dev\cfbfastR-dev\cfbfastR-cfb-raw\python\scrape_cfb_json.py", line 42, in _rosters
    return sdv.cfb.espn_cfb_game_rosters(
           ^^^^^^^^^^^^^^^^^^^^^^^^^^^^^^
  File "C:\Users\saiem\Documents\GitHub-Data\sdv-dev\cfbfastR-dev\cfbfastR-cfb-raw\.venv\Lib\site-packages\sportsdataverse\cfb\cfb_game_rosters.py", line 66, in espn_cfb_game_rosters
    team_rosters = helper_cfb_roster_items(items=items, summary_url=summary_url, **kwargs)
                   ^^^^^^^^^^^^^^^^^^^^^^^^^^^^^^^^^^^^^^^^^^^^^^^^^^^^^^^^^^^^^^^^^^^^^^^
  File "C:\Users\saiem\Documents\GitHub-Data\sdv-dev\cfbfastR-dev\cfbfastR-cfb-raw\.venv\Lib\site-packages\sportsdataverse\cfb\cfb_game_rosters.py", line 209, in helper_cfb_roster_items
    raise NoESPNDataError(f"NoESPNDataError: No roster data found for any team at {summary_url}")
sportsdataverse.errors.NoESPNDataError: NoESPNDataError: No roster data found for any team at https://sports.core.api.espn.com/v2/sports/football/leagues/college-football/events/401236374/competitions/401236374/competitors
2026-06-17 11:48:06,760 ERROR extra fetch failed: _rosters(401239869,)
Traceback (most recent call last):
  File "C:\Users\saiem\Documents\GitHub-Data\sdv-dev\cfbfastR-dev\cfbfastR-cfb-raw\python\_cfb_raw_utils.py", line 106, in _safe
    return fn(*args, **kwargs)
           ^^^^^^^^^^^^^^^^^^^
  File "C:\Users\saiem\Documents\GitHub-Data\sdv-dev\cfbfastR-dev\cfbfastR-cfb-raw\python\scrape_cfb_json.py", line 42, in _rosters
    return sdv.cfb.espn_cfb_game_rosters(
           ^^^^^^^^^^^^^^^^^^^^^^^^^^^^^^
  File "C:\Users\saiem\Documents\GitHub-Data\sdv-dev\cfbfastR-dev\cfbfastR-cfb-raw\.venv\Lib\site-packages\sportsdataverse\cfb\cfb_game_rosters.py", line 66, in espn_cfb_game_rosters
    team_rosters = helper_cfb_roster_items(items=items, summary_url=summary_url, **kwargs)
                   ^^^^^^^^^^^^^^^^^^^^^^^^^^^^^^^^^^^^^^^^^^^^^^^^^^^^^^^^^^^^^^^^^^^^^^^
  File "C:\Users\saiem\Documents\GitHub-Data\sdv-dev\cfbfastR-dev\cfbfastR-cfb-raw\.venv\Lib\site-packages\sportsdataverse\cfb\cfb_game_rosters.py", line 209, in helper_cfb_roster_items
    raise NoESPNDataError(f"NoESPNDataError: No roster data found for any team at {summary_url}")
sportsdataverse.errors.NoESPNDataError: NoESPNDataError: No roster data found for any team at https://sports.core.api.espn.com/v2/sports/football/leagues/college-football/events/401239869/competitions/401239869/competitors
ERROR:cfb_json_2020:extra fetch failed: _rosters(401239869,)
Traceback (most recent call last):
  File "C:\Users\saiem\Documents\GitHub-Data\sdv-dev\cfbfastR-dev\cfbfastR-cfb-raw\python\_cfb_raw_utils.py", line 106, in _safe
    return fn(*args, **kwargs)
           ^^^^^^^^^^^^^^^^^^^
  File "C:\Users\saiem\Documents\GitHub-Data\sdv-dev\cfbfastR-dev\cfbfastR-cfb-raw\python\scrape_cfb_json.py", line 42, in _rosters
    return sdv.cfb.espn_cfb_game_rosters(
           ^^^^^^^^^^^^^^^^^^^^^^^^^^^^^^
  File "C:\Users\saiem\Documents\GitHub-Data\sdv-dev\cfbfastR-dev\cfbfastR-cfb-raw\.venv\Lib\site-packages\sportsdataverse\cfb\cfb_game_rosters.py", line 66, in espn_cfb_game_rosters
    team_rosters = helper_cfb_roster_items(items=items, summary_url=summary_url, **kwargs)
                   ^^^^^^^^^^^^^^^^^^^^^^^^^^^^^^^^^^^^^^^^^^^^^^^^^^^^^^^^^^^^^^^^^^^^^^^
  File "C:\Users\saiem\Documents\GitHub-Data\sdv-dev\cfbfastR-dev\cfbfastR-cfb-raw\.venv\Lib\site-packages\sportsdataverse\cfb\cfb_game_rosters.py", line 209, in helper_cfb_roster_items
    raise NoESPNDataError(f"NoESPNDataError: No roster data found for any team at {summary_url}")
sportsdataverse.errors.NoESPNDataError: NoESPNDataError: No roster data found for any team at https://sports.core.api.espn.com/v2/sports/football/leagues/college-football/events/401239869/competitions/401239869/competitors
cfb 2020:   5%|5         | 7/135 [00:03<00:49,  2.58it/s]2026-06-17 11:48:07,260 ERROR extra fetch failed: _rosters(401207116,)
Traceback (most recent call last):
  File "C:\Users\saiem\Documents\GitHub-Data\sdv-dev\cfbfastR-dev\cfbfastR-cfb-raw\python\_cfb_raw_utils.py", line 106, in _safe
    return fn(*args, **kwargs)
           ^^^^^^^^^^^^^^^^^^^
  File "C:\Users\saiem\Documents\GitHub-Data\sdv-dev\cfbfastR-dev\cfbfastR-cfb-raw\python\scrape_cfb_json.py", line 42, in _rosters
    return sdv.cfb.espn_cfb_game_rosters(
           ^^^^^^^^^^^^^^^^^^^^^^^^^^^^^^
  File "C:\Users\saiem\Documents\GitHub-Data\sdv-dev\cfbfastR-dev\cfbfastR-cfb-raw\.venv\Lib\site-packages\sportsdataverse\cfb\cfb_game_rosters.py", line 66, in espn_cfb_game_rosters
    team_rosters = helper_cfb_roster_items(items=items, summary_url=summary_url, **kwargs)
                   ^^^^^^^^^^^^^^^^^^^^^^^^^^^^^^^^^^^^^^^^^^^^^^^^^^^^^^^^^^^^^^^^^^^^^^^
  File "C:\Users\saiem\Documents\GitHub-Data\sdv-dev\cfbfastR-dev\cfbfastR-cfb-raw\.venv\Lib\site-packages\sportsdataverse\cfb\cfb_game_rosters.py", line 209, in helper_cfb_roster_items
    raise NoESPNDataError(f"NoESPNDataError: No roster data found for any team at {summary_url}")
sportsdataverse.errors.NoESPNDataError: NoESPNDataError: No roster data found for any team at https://sports.core.api.espn.com/v2/sports/football/leagues/college-football/events/401207116/competitions/401207116/competitors
ERROR:cfb_json_2020:extra fetch failed: _rosters(401207116,)
Traceback (most recent call last):
  File "C:\Users\saiem\Documents\GitHub-Data\sdv-dev\cfbfastR-dev\cfbfastR-cfb-raw\python\_cfb_raw_utils.py", line 106, in _safe
    return fn(*args, **kwargs)
           ^^^^^^^^^^^^^^^^^^^
  File "C:\Users\saiem\Documents\GitHub-Data\sdv-dev\cfbfastR-dev\cfbfastR-cfb-raw\python\scrape_cfb_json.py", line 42, in _rosters
    return sdv.cfb.espn_cfb_game_rosters(
           ^^^^^^^^^^^^^^^^^^^^^^^^^^^^^^
  File "C:\Users\saiem\Documents\GitHub-Data\sdv-dev\cfbfastR-dev\cfbfastR-cfb-raw\.venv\Lib\site-packages\sportsdataverse\cfb\cfb_game_rosters.py", line 66, in espn_cfb_game_rosters
    team_rosters = helper_cfb_roster_items(items=items, summary_url=summary_url, **kwargs)
                   ^^^^^^^^^^^^^^^^^^^^^^^^^^^^^^^^^^^^^^^^^^^^^^^^^^^^^^^^^^^^^^^^^^^^^^^
  File "C:\Users\saiem\Documents\GitHub-Data\sdv-dev\cfbfastR-dev\cfbfastR-cfb-raw\.venv\Lib\site-packages\sportsdataverse\cfb\cfb_game_rosters.py", line 209, in helper_cfb_roster_items
    raise NoESPNDataError(f"NoESPNDataError: No roster data found for any team at {summary_url}")
sportsdataverse.errors.NoESPNDataError: NoESPNDataError: No roster data found for any team at https://sports.core.api.espn.com/v2/sports/football/leagues/college-football/events/401207116/competitions/401207116/competitors
2026-06-17 11:48:07,388 ERROR extra fetch failed: _rosters(401245593,)
Traceback (most recent call last):
  File "C:\Users\saiem\Documents\GitHub-Data\sdv-dev\cfbfastR-dev\cfbfastR-cfb-raw\python\_cfb_raw_utils.py", line 106, in _safe
    return fn(*args, **kwargs)
           ^^^^^^^^^^^^^^^^^^^
  File "C:\Users\saiem\Documents\GitHub-Data\sdv-dev\cfbfastR-dev\cfbfastR-cfb-raw\python\scrape_cfb_json.py", line 42, in _rosters
    return sdv.cfb.espn_cfb_game_rosters(
           ^^^^^^^^^^^^^^^^^^^^^^^^^^^^^^
  File "C:\Users\saiem\Documents\GitHub-Data\sdv-dev\cfbfastR-dev\cfbfastR-cfb-raw\.venv\Lib\site-packages\sportsdataverse\cfb\cfb_game_rosters.py", line 66, in espn_cfb_game_rosters
    team_rosters = helper_cfb_roster_items(items=items, summary_url=summary_url, **kwargs)
                   ^^^^^^^^^^^^^^^^^^^^^^^^^^^^^^^^^^^^^^^^^^^^^^^^^^^^^^^^^^^^^^^^^^^^^^^
  File "C:\Users\saiem\Documents\GitHub-Data\sdv-dev\cfbfastR-dev\cfbfastR-cfb-raw\.venv\Lib\site-packages\sportsdataverse\cfb\cfb_game_rosters.py", line 209, in helper_cfb_roster_items
    raise NoESPNDataError(f"NoESPNDataError: No roster data found for any team at {summary_url}")
sportsdataverse.errors.NoESPNDataError: NoESPNDataError: No roster data found for any team at https://sports.core.api.espn.com/v2/sports/football/leagues/college-football/events/401245593/competitions/401245593/competitors
ERROR:cfb_json_2020:extra fetch failed: _rosters(401245593,)
Traceback (most recent call last):
  File "C:\Users\saiem\Documents\GitHub-Data\sdv-dev\cfbfastR-dev\cfbfastR-cfb-raw\python\_cfb_raw_utils.py", line 106, in _safe
    return fn(*args, **kwargs)
           ^^^^^^^^^^^^^^^^^^^
  File "C:\Users\saiem\Documents\GitHub-Data\sdv-dev\cfbfastR-dev\cfbfastR-cfb-raw\python\scrape_cfb_json.py", line 42, in _rosters
    return sdv.cfb.espn_cfb_game_rosters(
           ^^^^^^^^^^^^^^^^^^^^^^^^^^^^^^
  File "C:\Users\saiem\Documents\GitHub-Data\sdv-dev\cfbfastR-dev\cfbfastR-cfb-raw\.venv\Lib\site-packages\sportsdataverse\cfb\cfb_game_rosters.py", line 66, in espn_cfb_game_rosters
    team_rosters = helper_cfb_roster_items(items=items, summary_url=summary_url, **kwargs)
                   ^^^^^^^^^^^^^^^^^^^^^^^^^^^^^^^^^^^^^^^^^^^^^^^^^^^^^^^^^^^^^^^^^^^^^^^
  File "C:\Users\saiem\Documents\GitHub-Data\sdv-dev\cfbfastR-dev\cfbfastR-cfb-raw\.venv\Lib\site-packages\sportsdataverse\cfb\cfb_game_rosters.py", line 209, in helper_cfb_roster_items
    raise NoESPNDataError(f"NoESPNDataError: No roster data found for any team at {summary_url}")
sportsdataverse.errors.NoESPNDataError: NoESPNDataError: No roster data found for any team at https://sports.core.api.espn.com/v2/sports/football/leagues/college-football/events/401245593/competitions/401245593/competitors
cfb 2020:   7%|6         | 9/135 [00:04<00:43,  2.92it/s]2026-06-17 11:48:07,413 ERROR extra fetch failed: _rosters(401234596,)
Traceback (most recent call last):
  File "C:\Users\saiem\Documents\GitHub-Data\sdv-dev\cfbfastR-dev\cfbfastR-cfb-raw\python\_cfb_raw_utils.py", line 106, in _safe
    return fn(*args, **kwargs)
           ^^^^^^^^^^^^^^^^^^^
  File "C:\Users\saiem\Documents\GitHub-Data\sdv-dev\cfbfastR-dev\cfbfastR-cfb-raw\python\scrape_cfb_json.py", line 42, in _rosters
    return sdv.cfb.espn_cfb_game_rosters(
           ^^^^^^^^^^^^^^^^^^^^^^^^^^^^^^
  File "C:\Users\saiem\Documents\GitHub-Data\sdv-dev\cfbfastR-dev\cfbfastR-cfb-raw\.venv\Lib\site-packages\sportsdataverse\cfb\cfb_game_rosters.py", line 66, in espn_cfb_game_rosters
    team_rosters = helper_cfb_roster_items(items=items, summary_url=summary_url, **kwargs)
                   ^^^^^^^^^^^^^^^^^^^^^^^^^^^^^^^^^^^^^^^^^^^^^^^^^^^^^^^^^^^^^^^^^^^^^^^
  File "C:\Users\saiem\Documents\GitHub-Data\sdv-dev\cfbfastR-dev\cfbfastR-cfb-raw\.venv\Lib\site-packages\sportsdataverse\cfb\cfb_game_rosters.py", line 209, in helper_cfb_roster_items
    raise NoESPNDataError(f"NoESPNDataError: No roster data found for any team at {summary_url}")
sportsdataverse.errors.NoESPNDataError: NoESPNDataError: No roster data found for any team at https://sports.core.api.espn.com/v2/sports/football/leagues/college-football/events/401234596/competitions/401234596/competitors
ERROR:cfb_json_2020:extra fetch failed: _rosters(401234596,)
Traceback (most recent call last):
  File "C:\Users\saiem\Documents\GitHub-Data\sdv-dev\cfbfastR-dev\cfbfastR-cfb-raw\python\_cfb_raw_utils.py", line 106, in _safe
    return fn(*args, **kwargs)
           ^^^^^^^^^^^^^^^^^^^
  File "C:\Users\saiem\Documents\GitHub-Data\sdv-dev\cfbfastR-dev\cfbfastR-cfb-raw\python\scrape_cfb_json.py", line 42, in _rosters
    return sdv.cfb.espn_cfb_game_rosters(
           ^^^^^^^^^^^^^^^^^^^^^^^^^^^^^^
  File "C:\Users\saiem\Documents\GitHub-Data\sdv-dev\cfbfastR-dev\cfbfastR-cfb-raw\.venv\Lib\site-packages\sportsdataverse\cfb\cfb_game_rosters.py", line 66, in espn_cfb_game_rosters
    team_rosters = helper_cfb_roster_items(items=items, summary_url=summary_url, **kwargs)
                   ^^^^^^^^^^^^^^^^^^^^^^^^^^^^^^^^^^^^^^^^^^^^^^^^^^^^^^^^^^^^^^^^^^^^^^^
  File "C:\Users\saiem\Documents\GitHub-Data\sdv-dev\cfbfastR-dev\cfbfastR-cfb-raw\.venv\Lib\site-packages\sportsdataverse\cfb\cfb_game_rosters.py", line 209, in helper_cfb_roster_items
    raise NoESPNDataError(f"NoESPNDataError: No roster data found for any team at {summary_url}")
sportsdataverse.errors.NoESPNDataError: NoESPNDataError: No roster data found for any team at https://sports.core.api.espn.com/v2/sports/football/leagues/college-football/events/401234596/competitions/401234596/competitors
cfb 2020:   7%|7         | 10/135 [00:04<00:37,  3.37it/s]2026-06-17 11:48:07,577 ERROR extra fetch failed: _rosters(401235041,)
Traceback (most recent call last):
  File "C:\Users\saiem\Documents\GitHub-Data\sdv-dev\cfbfastR-dev\cfbfastR-cfb-raw\python\_cfb_raw_utils.py", line 106, in _safe
    return fn(*args, **kwargs)
           ^^^^^^^^^^^^^^^^^^^
  File "C:\Users\saiem\Documents\GitHub-Data\sdv-dev\cfbfastR-dev\cfbfastR-cfb-raw\python\scrape_cfb_json.py", line 42, in _rosters
    return sdv.cfb.espn_cfb_game_rosters(
           ^^^^^^^^^^^^^^^^^^^^^^^^^^^^^^
  File "C:\Users\saiem\Documents\GitHub-Data\sdv-dev\cfbfastR-dev\cfbfastR-cfb-raw\.venv\Lib\site-packages\sportsdataverse\cfb\cfb_game_rosters.py", line 66, in espn_cfb_game_rosters
    team_rosters = helper_cfb_roster_items(items=items, summary_url=summary_url, **kwargs)
                   ^^^^^^^^^^^^^^^^^^^^^^^^^^^^^^^^^^^^^^^^^^^^^^^^^^^^^^^^^^^^^^^^^^^^^^^
  File "C:\Users\saiem\Documents\GitHub-Data\sdv-dev\cfbfastR-dev\cfbfastR-cfb-raw\.venv\Lib\site-packages\sportsdataverse\cfb\cfb_game_rosters.py", line 209, in helper_cfb_roster_items
    raise NoESPNDataError(f"NoESPNDataError: No roster data found for any team at {summary_url}")
sportsdataverse.errors.NoESPNDataError: NoESPNDataError: No roster data found for any team at https://sports.core.api.espn.com/v2/sports/football/leagues/college-football/events/401235041/competitions/401235041/competitors
ERROR:cfb_json_2020:extra fetch failed: _rosters(401235041,)
Traceback (most recent call last):
  File "C:\Users\saiem\Documents\GitHub-Data\sdv-dev\cfbfastR-dev\cfbfastR-cfb-raw\python\_cfb_raw_utils.py", line 106, in _safe
    return fn(*args, **kwargs)
           ^^^^^^^^^^^^^^^^^^^
  File "C:\Users\saiem\Documents\GitHub-Data\sdv-dev\cfbfastR-dev\cfbfastR-cfb-raw\python\scrape_cfb_json.py", line 42, in _rosters
    return sdv.cfb.espn_cfb_game_rosters(
           ^^^^^^^^^^^^^^^^^^^^^^^^^^^^^^
  File "C:\Users\saiem\Documents\GitHub-Data\sdv-dev\cfbfastR-dev\cfbfastR-cfb-raw\.venv\Lib\site-packages\sportsdataverse\cfb\cfb_game_rosters.py", line 66, in espn_cfb_game_rosters
    team_rosters = helper_cfb_roster_items(items=items, summary_url=summary_url, **kwargs)
                   ^^^^^^^^^^^^^^^^^^^^^^^^^^^^^^^^^^^^^^^^^^^^^^^^^^^^^^^^^^^^^^^^^^^^^^^
  File "C:\Users\saiem\Documents\GitHub-Data\sdv-dev\cfbfastR-dev\cfbfastR-cfb-raw\.venv\Lib\site-packages\sportsdataverse\cfb\cfb_game_rosters.py", line 209, in helper_cfb_roster_items
    raise NoESPNDataError(f"NoESPNDataError: No roster data found for any team at {summary_url}")
sportsdataverse.errors.NoESPNDataError: NoESPNDataError: No roster data found for any team at https://sports.core.api.espn.com/v2/sports/football/leagues/college-football/events/401235041/competitions/401235041/competitors
cfb 2020:   9%|8         | 12/135 [00:04<00:26,  4.64it/s]2026-06-17 11:48:08,007 ERROR extra fetch failed: _rosters(401207125,)
Traceback (most recent call last):
  File "C:\Users\saiem\Documents\GitHub-Data\sdv-dev\cfbfastR-dev\cfbfastR-cfb-raw\python\_cfb_raw_utils.py", line 106, in _safe
    return fn(*args, **kwargs)
           ^^^^^^^^^^^^^^^^^^^
  File "C:\Users\saiem\Documents\GitHub-Data\sdv-dev\cfbfastR-dev\cfbfastR-cfb-raw\python\scrape_cfb_json.py", line 42, in _rosters
    return sdv.cfb.espn_cfb_game_rosters(
           ^^^^^^^^^^^^^^^^^^^^^^^^^^^^^^
  File "C:\Users\saiem\Documents\GitHub-Data\sdv-dev\cfbfastR-dev\cfbfastR-cfb-raw\.venv\Lib\site-packages\sportsdataverse\cfb\cfb_game_rosters.py", line 66, in espn_cfb_game_rosters
    team_rosters = helper_cfb_roster_items(items=items, summary_url=summary_url, **kwargs)
                   ^^^^^^^^^^^^^^^^^^^^^^^^^^^^^^^^^^^^^^^^^^^^^^^^^^^^^^^^^^^^^^^^^^^^^^^
  File "C:\Users\saiem\Documents\GitHub-Data\sdv-dev\cfbfastR-dev\cfbfastR-cfb-raw\.venv\Lib\site-packages\sportsdataverse\cfb\cfb_game_rosters.py", line 209, in helper_cfb_roster_items
    raise NoESPNDataError(f"NoESPNDataError: No roster data found for any team at {summary_url}")
sportsdataverse.errors.NoESPNDataError: NoESPNDataError: No roster data found for any team at https://sports.core.api.espn.com/v2/sports/football/leagues/college-football/events/401207125/competitions/401207125/competitors
ERROR:cfb_json_2020:extra fetch failed: _rosters(401207125,)
Traceback (most recent call last):
  File "C:\Users\saiem\Documents\GitHub-Data\sdv-dev\cfbfastR-dev\cfbfastR-cfb-raw\python\_cfb_raw_utils.py", line 106, in _safe
    return fn(*args, **kwargs)
           ^^^^^^^^^^^^^^^^^^^
  File "C:\Users\saiem\Documents\GitHub-Data\sdv-dev\cfbfastR-dev\cfbfastR-cfb-raw\python\scrape_cfb_json.py", line 42, in _rosters
    return sdv.cfb.espn_cfb_game_rosters(
           ^^^^^^^^^^^^^^^^^^^^^^^^^^^^^^
  File "C:\Users\saiem\Documents\GitHub-Data\sdv-dev\cfbfastR-dev\cfbfastR-cfb-raw\.venv\Lib\site-packages\sportsdataverse\cfb\cfb_game_rosters.py", line 66, in espn_cfb_game_rosters
    team_rosters = helper_cfb_roster_items(items=items, summary_url=summary_url, **kwargs)
                   ^^^^^^^^^^^^^^^^^^^^^^^^^^^^^^^^^^^^^^^^^^^^^^^^^^^^^^^^^^^^^^^^^^^^^^^
  File "C:\Users\saiem\Documents\GitHub-Data\sdv-dev\cfbfastR-dev\cfbfastR-cfb-raw\.venv\Lib\site-packages\sportsdataverse\cfb\cfb_game_rosters.py", line 209, in helper_cfb_roster_items
    raise NoESPNDataError(f"NoESPNDataError: No roster data found for any team at {summary_url}")
sportsdataverse.errors.NoESPNDataError: NoESPNDataError: No roster data found for any team at https://sports.core.api.espn.com/v2/sports/football/leagues/college-football/events/401207125/competitions/401207125/competitors
cfb 2020:  10%|9         | 13/135 [00:05<00:32,  3.78it/s]2026-06-17 11:48:08,223 ERROR extra fetch failed: _rosters(401207130,)
Traceback (most recent call last):
  File "C:\Users\saiem\Documents\GitHub-Data\sdv-dev\cfbfastR-dev\cfbfastR-cfb-raw\python\_cfb_raw_utils.py", line 106, in _safe
    return fn(*args, **kwargs)
           ^^^^^^^^^^^^^^^^^^^
  File "C:\Users\saiem\Documents\GitHub-Data\sdv-dev\cfbfastR-dev\cfbfastR-cfb-raw\python\scrape_cfb_json.py", line 42, in _rosters
    return sdv.cfb.espn_cfb_game_rosters(
           ^^^^^^^^^^^^^^^^^^^^^^^^^^^^^^
  File "C:\Users\saiem\Documents\GitHub-Data\sdv-dev\cfbfastR-dev\cfbfastR-cfb-raw\.venv\Lib\site-packages\sportsdataverse\cfb\cfb_game_rosters.py", line 66, in espn_cfb_game_rosters
    team_rosters = helper_cfb_roster_items(items=items, summary_url=summary_url, **kwargs)
                   ^^^^^^^^^^^^^^^^^^^^^^^^^^^^^^^^^^^^^^^^^^^^^^^^^^^^^^^^^^^^^^^^^^^^^^^
  File "C:\Users\saiem\Documents\GitHub-Data\sdv-dev\cfbfastR-dev\cfbfastR-cfb-raw\.venv\Lib\site-packages\sportsdataverse\cfb\cfb_game_rosters.py", line 209, in helper_cfb_roster_items
    raise NoESPNDataError(f"NoESPNDataError: No roster data found for any team at {summary_url}")
sportsdataverse.errors.NoESPNDataError: NoESPNDataError: No roster data found for any team at https://sports.core.api.espn.com/v2/sports/football/leagues/college-football/events/401207130/competitions/401207130/competitors
ERROR:cfb_json_2020:extra fetch failed: _rosters(401207130,)
Traceback (most recent call last):
  File "C:\Users\saiem\Documents\GitHub-Data\sdv-dev\cfbfastR-dev\cfbfastR-cfb-raw\python\_cfb_raw_utils.py", line 106, in _safe
    return fn(*args, **kwargs)
           ^^^^^^^^^^^^^^^^^^^
  File "C:\Users\saiem\Documents\GitHub-Data\sdv-dev\cfbfastR-dev\cfbfastR-cfb-raw\python\scrape_cfb_json.py", line 42, in _rosters
    return sdv.cfb.espn_cfb_game_rosters(
           ^^^^^^^^^^^^^^^^^^^^^^^^^^^^^^
  File "C:\Users\saiem\Documents\GitHub-Data\sdv-dev\cfbfastR-dev\cfbfastR-cfb-raw\.venv\Lib\site-packages\sportsdataverse\cfb\cfb_game_rosters.py", line 66, in espn_cfb_game_rosters
    team_rosters = helper_cfb_roster_items(items=items, summary_url=summary_url, **kwargs)
                   ^^^^^^^^^^^^^^^^^^^^^^^^^^^^^^^^^^^^^^^^^^^^^^^^^^^^^^^^^^^^^^^^^^^^^^^
  File "C:\Users\saiem\Documents\GitHub-Data\sdv-dev\cfbfastR-dev\cfbfastR-cfb-raw\.venv\Lib\site-packages\sportsdataverse\cfb\cfb_game_rosters.py", line 209, in helper_cfb_roster_items
    raise NoESPNDataError(f"NoESPNDataError: No roster data found for any team at {summary_url}")
sportsdataverse.errors.NoESPNDataError: NoESPNDataError: No roster data found for any team at https://sports.core.api.espn.com/v2/sports/football/leagues/college-football/events/401207130/competitions/401207130/competitors
2026-06-17 11:48:08,304 ERROR extra fetch failed: _rosters(401212530,)
Traceback (most recent call last):
  File "C:\Users\saiem\Documents\GitHub-Data\sdv-dev\cfbfastR-dev\cfbfastR-cfb-raw\python\_cfb_raw_utils.py", line 106, in _safe
    return fn(*args, **kwargs)
           ^^^^^^^^^^^^^^^^^^^
  File "C:\Users\saiem\Documents\GitHub-Data\sdv-dev\cfbfastR-dev\cfbfastR-cfb-raw\python\scrape_cfb_json.py", line 42, in _rosters
    return sdv.cfb.espn_cfb_game_rosters(
           ^^^^^^^^^^^^^^^^^^^^^^^^^^^^^^
  File "C:\Users\saiem\Documents\GitHub-Data\sdv-dev\cfbfastR-dev\cfbfastR-cfb-raw\.venv\Lib\site-packages\sportsdataverse\cfb\cfb_game_rosters.py", line 66, in espn_cfb_game_rosters
    team_rosters = helper_cfb_roster_items(items=items, summary_url=summary_url, **kwargs)
                   ^^^^^^^^^^^^^^^^^^^^^^^^^^^^^^^^^^^^^^^^^^^^^^^^^^^^^^^^^^^^^^^^^^^^^^^
  File "C:\Users\saiem\Documents\GitHub-Data\sdv-dev\cfbfastR-dev\cfbfastR-cfb-raw\.venv\Lib\site-packages\sportsdataverse\cfb\cfb_game_rosters.py", line 209, in helper_cfb_roster_items
    raise NoESPNDataError(f"NoESPNDataError: No roster data found for any team at {summary_url}")
sportsdataverse.errors.NoESPNDataError: NoESPNDataError: No roster data found for any team at https://sports.core.api.espn.com/v2/sports/football/leagues/college-football/events/401212530/competitions/401212530/competitors
ERROR:cfb_json_2020:extra fetch failed: _rosters(401212530,)
Traceback (most recent call last):
  File "C:\Users\saiem\Documents\GitHub-Data\sdv-dev\cfbfastR-dev\cfbfastR-cfb-raw\python\_cfb_raw_utils.py", line 106, in _safe
    return fn(*args, **kwargs)
           ^^^^^^^^^^^^^^^^^^^
  File "C:\Users\saiem\Documents\GitHub-Data\sdv-dev\cfbfastR-dev\cfbfastR-cfb-raw\python\scrape_cfb_json.py", line 42, in _rosters
    return sdv.cfb.espn_cfb_game_rosters(
           ^^^^^^^^^^^^^^^^^^^^^^^^^^^^^^
  File "C:\Users\saiem\Documents\GitHub-Data\sdv-dev\cfbfastR-dev\cfbfastR-cfb-raw\.venv\Lib\site-packages\sportsdataverse\cfb\cfb_game_rosters.py", line 66, in espn_cfb_game_rosters
    team_rosters = helper_cfb_roster_items(items=items, summary_url=summary_url, **kwargs)
                   ^^^^^^^^^^^^^^^^^^^^^^^^^^^^^^^^^^^^^^^^^^^^^^^^^^^^^^^^^^^^^^^^^^^^^^^
  File "C:\Users\saiem\Documents\GitHub-Data\sdv-dev\cfbfastR-dev\cfbfastR-cfb-raw\.venv\Lib\site-packages\sportsdataverse\cfb\cfb_game_rosters.py", line 209, in helper_cfb_roster_items
    raise NoESPNDataError(f"NoESPNDataError: No roster data found for any team at {summary_url}")
sportsdataverse.errors.NoESPNDataError: NoESPNDataError: No roster data found for any team at https://sports.core.api.espn.com/v2/sports/football/leagues/college-football/events/401212530/competitions/401212530/competitors
2026-06-17 11:48:08,355 ERROR extra fetch failed: _rosters(401207127,)
Traceback (most recent call last):
  File "C:\Users\saiem\Documents\GitHub-Data\sdv-dev\cfbfastR-dev\cfbfastR-cfb-raw\python\_cfb_raw_utils.py", line 106, in _safe
    return fn(*args, **kwargs)
           ^^^^^^^^^^^^^^^^^^^
  File "C:\Users\saiem\Documents\GitHub-Data\sdv-dev\cfbfastR-dev\cfbfastR-cfb-raw\python\scrape_cfb_json.py", line 42, in _rosters
    return sdv.cfb.espn_cfb_game_rosters(
           ^^^^^^^^^^^^^^^^^^^^^^^^^^^^^^
  File "C:\Users\saiem\Documents\GitHub-Data\sdv-dev\cfbfastR-dev\cfbfastR-cfb-raw\.venv\Lib\site-packages\sportsdataverse\cfb\cfb_game_rosters.py", line 66, in espn_cfb_game_rosters
    team_rosters = helper_cfb_roster_items(items=items, summary_url=summary_url, **kwargs)
                   ^^^^^^^^^^^^^^^^^^^^^^^^^^^^^^^^^^^^^^^^^^^^^^^^^^^^^^^^^^^^^^^^^^^^^^^
  File "C:\Users\saiem\Documents\GitHub-Data\sdv-dev\cfbfastR-dev\cfbfastR-cfb-raw\.venv\Lib\site-packages\sportsdataverse\cfb\cfb_game_rosters.py", line 209, in helper_cfb_roster_items
    raise NoESPNDataError(f"NoESPNDataError: No roster data found for any team at {summary_url}")
sportsdataverse.errors.NoESPNDataError: NoESPNDataError: No roster data found for any team at https://sports.core.api.espn.com/v2/sports/football/leagues/college-football/events/401207127/competitions/401207127/competitors
ERROR:cfb_json_2020:extra fetch failed: _rosters(401207127,)
Traceback (most recent call last):
  File "C:\Users\saiem\Documents\GitHub-Data\sdv-dev\cfbfastR-dev\cfbfastR-cfb-raw\python\_cfb_raw_utils.py", line 106, in _safe
    return fn(*args, **kwargs)
           ^^^^^^^^^^^^^^^^^^^
  File "C:\Users\saiem\Documents\GitHub-Data\sdv-dev\cfbfastR-dev\cfbfastR-cfb-raw\python\scrape_cfb_json.py", line 42, in _rosters
    return sdv.cfb.espn_cfb_game_rosters(
           ^^^^^^^^^^^^^^^^^^^^^^^^^^^^^^
  File "C:\Users\saiem\Documents\GitHub-Data\sdv-dev\cfbfastR-dev\cfbfastR-cfb-raw\.venv\Lib\site-packages\sportsdataverse\cfb\cfb_game_rosters.py", line 66, in espn_cfb_game_rosters
    team_rosters = helper_cfb_roster_items(items=items, summary_url=summary_url, **kwargs)
                   ^^^^^^^^^^^^^^^^^^^^^^^^^^^^^^^^^^^^^^^^^^^^^^^^^^^^^^^^^^^^^^^^^^^^^^^
  File "C:\Users\saiem\Documents\GitHub-Data\sdv-dev\cfbfastR-dev\cfbfastR-cfb-raw\.venv\Lib\site-packages\sportsdataverse\cfb\cfb_game_rosters.py", line 209, in helper_cfb_roster_items
    raise NoESPNDataError(f"NoESPNDataError: No roster data found for any team at {summary_url}")
sportsdataverse.errors.NoESPNDataError: NoESPNDataError: No roster data found for any team at https://sports.core.api.espn.com/v2/sports/football/leagues/college-football/events/401207127/competitions/401207127/competitors
cfb 2020:  10%|#         | 14/135 [00:05<00:30,  3.95it/s]cfb 2020:  12%|#1        | 16/135 [00:05<00:21,  5.59it/s]2026-06-17 11:48:08,860 ERROR extra fetch failed: _rosters(401207137,)
Traceback (most recent call last):
  File "C:\Users\saiem\Documents\GitHub-Data\sdv-dev\cfbfastR-dev\cfbfastR-cfb-raw\python\_cfb_raw_utils.py", line 106, in _safe
    return fn(*args, **kwargs)
           ^^^^^^^^^^^^^^^^^^^
  File "C:\Users\saiem\Documents\GitHub-Data\sdv-dev\cfbfastR-dev\cfbfastR-cfb-raw\python\scrape_cfb_json.py", line 42, in _rosters
    return sdv.cfb.espn_cfb_game_rosters(
           ^^^^^^^^^^^^^^^^^^^^^^^^^^^^^^
  File "C:\Users\saiem\Documents\GitHub-Data\sdv-dev\cfbfastR-dev\cfbfastR-cfb-raw\.venv\Lib\site-packages\sportsdataverse\cfb\cfb_game_rosters.py", line 66, in espn_cfb_game_rosters
    team_rosters = helper_cfb_roster_items(items=items, summary_url=summary_url, **kwargs)
                   ^^^^^^^^^^^^^^^^^^^^^^^^^^^^^^^^^^^^^^^^^^^^^^^^^^^^^^^^^^^^^^^^^^^^^^^
  File "C:\Users\saiem\Documents\GitHub-Data\sdv-dev\cfbfastR-dev\cfbfastR-cfb-raw\.venv\Lib\site-packages\sportsdataverse\cfb\cfb_game_rosters.py", line 209, in helper_cfb_roster_items
    raise NoESPNDataError(f"NoESPNDataError: No roster data found for any team at {summary_url}")
sportsdataverse.errors.NoESPNDataError: NoESPNDataError: No roster data found for any team at https://sports.core.api.espn.com/v2/sports/football/leagues/college-football/events/401207137/competitions/401207137/competitors
ERROR:cfb_json_2020:extra fetch failed: _rosters(401207137,)
Traceback (most recent call last):
  File "C:\Users\saiem\Documents\GitHub-Data\sdv-dev\cfbfastR-dev\cfbfastR-cfb-raw\python\_cfb_raw_utils.py", line 106, in _safe
    return fn(*args, **kwargs)
           ^^^^^^^^^^^^^^^^^^^
  File "C:\Users\saiem\Documents\GitHub-Data\sdv-dev\cfbfastR-dev\cfbfastR-cfb-raw\python\scrape_cfb_json.py", line 42, in _rosters
    return sdv.cfb.espn_cfb_game_rosters(
           ^^^^^^^^^^^^^^^^^^^^^^^^^^^^^^
  File "C:\Users\saiem\Documents\GitHub-Data\sdv-dev\cfbfastR-dev\cfbfastR-cfb-raw\.venv\Lib\site-packages\sportsdataverse\cfb\cfb_game_rosters.py", line 66, in espn_cfb_game_rosters
    team_rosters = helper_cfb_roster_items(items=items, summary_url=summary_url, **kwargs)
                   ^^^^^^^^^^^^^^^^^^^^^^^^^^^^^^^^^^^^^^^^^^^^^^^^^^^^^^^^^^^^^^^^^^^^^^^
  File "C:\Users\saiem\Documents\GitHub-Data\sdv-dev\cfbfastR-dev\cfbfastR-cfb-raw\.venv\Lib\site-packages\sportsdataverse\cfb\cfb_game_rosters.py", line 209, in helper_cfb_roster_items
    raise NoESPNDataError(f"NoESPNDataError: No roster data found for any team at {summary_url}")
sportsdataverse.errors.NoESPNDataError: NoESPNDataError: No roster data found for any team at https://sports.core.api.espn.com/v2/sports/football/leagues/college-football/events/401207137/competitions/401207137/competitors
2026-06-17 11:48:08,883 ERROR extra fetch failed: _rosters(401215306,)
Traceback (most recent call last):
  File "C:\Users\saiem\Documents\GitHub-Data\sdv-dev\cfbfastR-dev\cfbfastR-cfb-raw\python\_cfb_raw_utils.py", line 106, in _safe
    return fn(*args, **kwargs)
           ^^^^^^^^^^^^^^^^^^^
  File "C:\Users\saiem\Documents\GitHub-Data\sdv-dev\cfbfastR-dev\cfbfastR-cfb-raw\python\scrape_cfb_json.py", line 42, in _rosters
    return sdv.cfb.espn_cfb_game_rosters(
           ^^^^^^^^^^^^^^^^^^^^^^^^^^^^^^
  File "C:\Users\saiem\Documents\GitHub-Data\sdv-dev\cfbfastR-dev\cfbfastR-cfb-raw\.venv\Lib\site-packages\sportsdataverse\cfb\cfb_game_rosters.py", line 66, in espn_cfb_game_rosters
    team_rosters = helper_cfb_roster_items(items=items, summary_url=summary_url, **kwargs)
                   ^^^^^^^^^^^^^^^^^^^^^^^^^^^^^^^^^^^^^^^^^^^^^^^^^^^^^^^^^^^^^^^^^^^^^^^
  File "C:\Users\saiem\Documents\GitHub-Data\sdv-dev\cfbfastR-dev\cfbfastR-cfb-raw\.venv\Lib\site-packages\sportsdataverse\cfb\cfb_game_rosters.py", line 209, in helper_cfb_roster_items
    raise NoESPNDataError(f"NoESPNDataError: No roster data found for any team at {summary_url}")
sportsdataverse.errors.NoESPNDataError: NoESPNDataError: No roster data found for any team at https://sports.core.api.espn.com/v2/sports/football/leagues/college-football/events/401215306/competitions/401215306/competitors
ERROR:cfb_json_2020:extra fetch failed: _rosters(401215306,)
Traceback (most recent call last):
  File "C:\Users\saiem\Documents\GitHub-Data\sdv-dev\cfbfastR-dev\cfbfastR-cfb-raw\python\_cfb_raw_utils.py", line 106, in _safe
    return fn(*args, **kwargs)
           ^^^^^^^^^^^^^^^^^^^
  File "C:\Users\saiem\Documents\GitHub-Data\sdv-dev\cfbfastR-dev\cfbfastR-cfb-raw\python\scrape_cfb_json.py", line 42, in _rosters
    return sdv.cfb.espn_cfb_game_rosters(
           ^^^^^^^^^^^^^^^^^^^^^^^^^^^^^^
  File "C:\Users\saiem\Documents\GitHub-Data\sdv-dev\cfbfastR-dev\cfbfastR-cfb-raw\.venv\Lib\site-packages\sportsdataverse\cfb\cfb_game_rosters.py", line 66, in espn_cfb_game_rosters
    team_rosters = helper_cfb_roster_items(items=items, summary_url=summary_url, **kwargs)
                   ^^^^^^^^^^^^^^^^^^^^^^^^^^^^^^^^^^^^^^^^^^^^^^^^^^^^^^^^^^^^^^^^^^^^^^^
  File "C:\Users\saiem\Documents\GitHub-Data\sdv-dev\cfbfastR-dev\cfbfastR-cfb-raw\.venv\Lib\site-packages\sportsdataverse\cfb\cfb_game_rosters.py", line 209, in helper_cfb_roster_items
    raise NoESPNDataError(f"NoESPNDataError: No roster data found for any team at {summary_url}")
sportsdataverse.errors.NoESPNDataError: NoESPNDataError: No roster data found for any team at https://sports.core.api.espn.com/v2/sports/football/leagues/college-football/events/401215306/competitions/401215306/competitors
2026-06-17 11:48:08,993 ERROR extra fetch failed: _rosters(401207144,)
Traceback (most recent call last):
  File "C:\Users\saiem\Documents\GitHub-Data\sdv-dev\cfbfastR-dev\cfbfastR-cfb-raw\python\_cfb_raw_utils.py", line 106, in _safe
    return fn(*args, **kwargs)
           ^^^^^^^^^^^^^^^^^^^
  File "C:\Users\saiem\Documents\GitHub-Data\sdv-dev\cfbfastR-dev\cfbfastR-cfb-raw\python\scrape_cfb_json.py", line 42, in _rosters
    return sdv.cfb.espn_cfb_game_rosters(
           ^^^^^^^^^^^^^^^^^^^^^^^^^^^^^^
  File "C:\Users\saiem\Documents\GitHub-Data\sdv-dev\cfbfastR-dev\cfbfastR-cfb-raw\.venv\Lib\site-packages\sportsdataverse\cfb\cfb_game_rosters.py", line 66, in espn_cfb_game_rosters
    team_rosters = helper_cfb_roster_items(items=items, summary_url=summary_url, **kwargs)
                   ^^^^^^^^^^^^^^^^^^^^^^^^^^^^^^^^^^^^^^^^^^^^^^^^^^^^^^^^^^^^^^^^^^^^^^^
  File "C:\Users\saiem\Documents\GitHub-Data\sdv-dev\cfbfastR-dev\cfbfastR-cfb-raw\.venv\Lib\site-packages\sportsdataverse\cfb\cfb_game_rosters.py", line 209, in helper_cfb_roster_items
    raise NoESPNDataError(f"NoESPNDataError: No roster data found for any team at {summary_url}")
sportsdataverse.errors.NoESPNDataError: NoESPNDataError: No roster data found for any team at https://sports.core.api.espn.com/v2/sports/football/leagues/college-football/events/401207144/competitions/401207144/competitors
ERROR:cfb_json_2020:extra fetch failed: _rosters(401207144,)
Traceback (most recent call last):
  File "C:\Users\saiem\Documents\GitHub-Data\sdv-dev\cfbfastR-dev\cfbfastR-cfb-raw\python\_cfb_raw_utils.py", line 106, in _safe
    return fn(*args, **kwargs)
           ^^^^^^^^^^^^^^^^^^^
  File "C:\Users\saiem\Documents\GitHub-Data\sdv-dev\cfbfastR-dev\cfbfastR-cfb-raw\python\scrape_cfb_json.py", line 42, in _rosters
    return sdv.cfb.espn_cfb_game_rosters(
           ^^^^^^^^^^^^^^^^^^^^^^^^^^^^^^
  File "C:\Users\saiem\Documents\GitHub-Data\sdv-dev\cfbfastR-dev\cfbfastR-cfb-raw\.venv\Lib\site-packages\sportsdataverse\cfb\cfb_game_rosters.py", line 66, in espn_cfb_game_rosters
    team_rosters = helper_cfb_roster_items(items=items, summary_url=summary_url, **kwargs)
                   ^^^^^^^^^^^^^^^^^^^^^^^^^^^^^^^^^^^^^^^^^^^^^^^^^^^^^^^^^^^^^^^^^^^^^^^
  File "C:\Users\saiem\Documents\GitHub-Data\sdv-dev\cfbfastR-dev\cfbfastR-cfb-raw\.venv\Lib\site-packages\sportsdataverse\cfb\cfb_game_rosters.py", line 209, in helper_cfb_roster_items
    raise NoESPNDataError(f"NoESPNDataError: No roster data found for any team at {summary_url}")
sportsdataverse.errors.NoESPNDataError: NoESPNDataError: No roster data found for any team at https://sports.core.api.espn.com/v2/sports/football/leagues/college-football/events/401207144/competitions/401207144/competitors
cfb 2020:  13%|#2        | 17/135 [00:05<00:29,  4.01it/s]2026-06-17 11:48:09,043 ERROR extra fetch failed: _rosters(401207147,)
Traceback (most recent call last):
  File "C:\Users\saiem\Documents\GitHub-Data\sdv-dev\cfbfastR-dev\cfbfastR-cfb-raw\python\_cfb_raw_utils.py", line 106, in _safe
    return fn(*args, **kwargs)
           ^^^^^^^^^^^^^^^^^^^
  File "C:\Users\saiem\Documents\GitHub-Data\sdv-dev\cfbfastR-dev\cfbfastR-cfb-raw\python\scrape_cfb_json.py", line 42, in _rosters
    return sdv.cfb.espn_cfb_game_rosters(
           ^^^^^^^^^^^^^^^^^^^^^^^^^^^^^^
  File "C:\Users\saiem\Documents\GitHub-Data\sdv-dev\cfbfastR-dev\cfbfastR-cfb-raw\.venv\Lib\site-packages\sportsdataverse\cfb\cfb_game_rosters.py", line 66, in espn_cfb_game_rosters
    team_rosters = helper_cfb_roster_items(items=items, summary_url=summary_url, **kwargs)
                   ^^^^^^^^^^^^^^^^^^^^^^^^^^^^^^^^^^^^^^^^^^^^^^^^^^^^^^^^^^^^^^^^^^^^^^^
  File "C:\Users\saiem\Documents\GitHub-Data\sdv-dev\cfbfastR-dev\cfbfastR-cfb-raw\.venv\Lib\site-packages\sportsdataverse\cfb\cfb_game_rosters.py", line 209, in helper_cfb_roster_items
    raise NoESPNDataError(f"NoESPNDataError: No roster data found for any team at {summary_url}")
sportsdataverse.errors.NoESPNDataError: NoESPNDataError: No roster data found for any team at https://sports.core.api.espn.com/v2/sports/football/leagues/college-football/events/401207147/competitions/401207147/competitors
ERROR:cfb_json_2020:extra fetch failed: _rosters(401207147,)
Traceback (most recent call last):
  File "C:\Users\saiem\Documents\GitHub-Data\sdv-dev\cfbfastR-dev\cfbfastR-cfb-raw\python\_cfb_raw_utils.py", line 106, in _safe
    return fn(*args, **kwargs)
           ^^^^^^^^^^^^^^^^^^^
  File "C:\Users\saiem\Documents\GitHub-Data\sdv-dev\cfbfastR-dev\cfbfastR-cfb-raw\python\scrape_cfb_json.py", line 42, in _rosters
    return sdv.cfb.espn_cfb_game_rosters(
           ^^^^^^^^^^^^^^^^^^^^^^^^^^^^^^
  File "C:\Users\saiem\Documents\GitHub-Data\sdv-dev\cfbfastR-dev\cfbfastR-cfb-raw\.venv\Lib\site-packages\sportsdataverse\cfb\cfb_game_rosters.py", line 66, in espn_cfb_game_rosters
    team_rosters = helper_cfb_roster_items(items=items, summary_url=summary_url, **kwargs)
                   ^^^^^^^^^^^^^^^^^^^^^^^^^^^^^^^^^^^^^^^^^^^^^^^^^^^^^^^^^^^^^^^^^^^^^^^
  File "C:\Users\saiem\Documents\GitHub-Data\sdv-dev\cfbfastR-dev\cfbfastR-cfb-raw\.venv\Lib\site-packages\sportsdataverse\cfb\cfb_game_rosters.py", line 209, in helper_cfb_roster_items
    raise NoESPNDataError(f"NoESPNDataError: No roster data found for any team at {summary_url}")
sportsdataverse.errors.NoESPNDataError: NoESPNDataError: No roster data found for any team at https://sports.core.api.espn.com/v2/sports/football/leagues/college-football/events/401207147/competitions/401207147/competitors
cfb 2020:  14%|#4        | 19/135 [00:06<00:20,  5.61it/s]2026-06-17 11:48:09,521 ERROR extra fetch failed: _rosters(401212532,)
Traceback (most recent call last):
  File "C:\Users\saiem\Documents\GitHub-Data\sdv-dev\cfbfastR-dev\cfbfastR-cfb-raw\python\_cfb_raw_utils.py", line 106, in _safe
    return fn(*args, **kwargs)
           ^^^^^^^^^^^^^^^^^^^
  File "C:\Users\saiem\Documents\GitHub-Data\sdv-dev\cfbfastR-dev\cfbfastR-cfb-raw\python\scrape_cfb_json.py", line 42, in _rosters
    return sdv.cfb.espn_cfb_game_rosters(
           ^^^^^^^^^^^^^^^^^^^^^^^^^^^^^^
  File "C:\Users\saiem\Documents\GitHub-Data\sdv-dev\cfbfastR-dev\cfbfastR-cfb-raw\.venv\Lib\site-packages\sportsdataverse\cfb\cfb_game_rosters.py", line 66, in espn_cfb_game_rosters
    team_rosters = helper_cfb_roster_items(items=items, summary_url=summary_url, **kwargs)
                   ^^^^^^^^^^^^^^^^^^^^^^^^^^^^^^^^^^^^^^^^^^^^^^^^^^^^^^^^^^^^^^^^^^^^^^^
  File "C:\Users\saiem\Documents\GitHub-Data\sdv-dev\cfbfastR-dev\cfbfastR-cfb-raw\.venv\Lib\site-packages\sportsdataverse\cfb\cfb_game_rosters.py", line 209, in helper_cfb_roster_items
    raise NoESPNDataError(f"NoESPNDataError: No roster data found for any team at {summary_url}")
sportsdataverse.errors.NoESPNDataError: NoESPNDataError: No roster data found for any team at https://sports.core.api.espn.com/v2/sports/football/leagues/college-football/events/401212532/competitions/401212532/competitors
ERROR:cfb_json_2020:extra fetch failed: _rosters(401212532,)
Traceback (most recent call last):
  File "C:\Users\saiem\Documents\GitHub-Data\sdv-dev\cfbfastR-dev\cfbfastR-cfb-raw\python\_cfb_raw_utils.py", line 106, in _safe
    return fn(*args, **kwargs)
           ^^^^^^^^^^^^^^^^^^^
  File "C:\Users\saiem\Documents\GitHub-Data\sdv-dev\cfbfastR-dev\cfbfastR-cfb-raw\python\scrape_cfb_json.py", line 42, in _rosters
    return sdv.cfb.espn_cfb_game_rosters(
           ^^^^^^^^^^^^^^^^^^^^^^^^^^^^^^
  File "C:\Users\saiem\Documents\GitHub-Data\sdv-dev\cfbfastR-dev\cfbfastR-cfb-raw\.venv\Lib\site-packages\sportsdataverse\cfb\cfb_game_rosters.py", line 66, in espn_cfb_game_rosters
    team_rosters = helper_cfb_roster_items(items=items, summary_url=summary_url, **kwargs)
                   ^^^^^^^^^^^^^^^^^^^^^^^^^^^^^^^^^^^^^^^^^^^^^^^^^^^^^^^^^^^^^^^^^^^^^^^
  File "C:\Users\saiem\Documents\GitHub-Data\sdv-dev\cfbfastR-dev\cfbfastR-cfb-raw\.venv\Lib\site-packages\sportsdataverse\cfb\cfb_game_rosters.py", line 209, in helper_cfb_roster_items
    raise NoESPNDataError(f"NoESPNDataError: No roster data found for any team at {summary_url}")
sportsdataverse.errors.NoESPNDataError: NoESPNDataError: No roster data found for any team at https://sports.core.api.espn.com/v2/sports/football/leagues/college-football/events/401212532/competitions/401212532/competitors
2026-06-17 11:48:09,579 ERROR extra fetch failed: _rosters(401236006,)
Traceback (most recent call last):
  File "C:\Users\saiem\Documents\GitHub-Data\sdv-dev\cfbfastR-dev\cfbfastR-cfb-raw\python\_cfb_raw_utils.py", line 106, in _safe
    return fn(*args, **kwargs)
           ^^^^^^^^^^^^^^^^^^^
  File "C:\Users\saiem\Documents\GitHub-Data\sdv-dev\cfbfastR-dev\cfbfastR-cfb-raw\python\scrape_cfb_json.py", line 42, in _rosters
    return sdv.cfb.espn_cfb_game_rosters(
           ^^^^^^^^^^^^^^^^^^^^^^^^^^^^^^
  File "C:\Users\saiem\Documents\GitHub-Data\sdv-dev\cfbfastR-dev\cfbfastR-cfb-raw\.venv\Lib\site-packages\sportsdataverse\cfb\cfb_game_rosters.py", line 66, in espn_cfb_game_rosters
    team_rosters = helper_cfb_roster_items(items=items, summary_url=summary_url, **kwargs)
                   ^^^^^^^^^^^^^^^^^^^^^^^^^^^^^^^^^^^^^^^^^^^^^^^^^^^^^^^^^^^^^^^^^^^^^^^
  File "C:\Users\saiem\Documents\GitHub-Data\sdv-dev\cfbfastR-dev\cfbfastR-cfb-raw\.venv\Lib\site-packages\sportsdataverse\cfb\cfb_game_rosters.py", line 209, in helper_cfb_roster_items
    raise NoESPNDataError(f"NoESPNDataError: No roster data found for any team at {summary_url}")
sportsdataverse.errors.NoESPNDataError: NoESPNDataError: No roster data found for any team at https://sports.core.api.espn.com/v2/sports/football/leagues/college-football/events/401236006/competitions/401236006/competitors
ERROR:cfb_json_2020:extra fetch failed: _rosters(401236006,)
Traceback (most recent call last):
  File "C:\Users\saiem\Documents\GitHub-Data\sdv-dev\cfbfastR-dev\cfbfastR-cfb-raw\python\_cfb_raw_utils.py", line 106, in _safe
    return fn(*args, **kwargs)
           ^^^^^^^^^^^^^^^^^^^
  File "C:\Users\saiem\Documents\GitHub-Data\sdv-dev\cfbfastR-dev\cfbfastR-cfb-raw\python\scrape_cfb_json.py", line 42, in _rosters
    return sdv.cfb.espn_cfb_game_rosters(
           ^^^^^^^^^^^^^^^^^^^^^^^^^^^^^^
  File "C:\Users\saiem\Documents\GitHub-Data\sdv-dev\cfbfastR-dev\cfbfastR-cfb-raw\.venv\Lib\site-packages\sportsdataverse\cfb\cfb_game_rosters.py", line 66, in espn_cfb_game_rosters
    team_rosters = helper_cfb_roster_items(items=items, summary_url=summary_url, **kwargs)
                   ^^^^^^^^^^^^^^^^^^^^^^^^^^^^^^^^^^^^^^^^^^^^^^^^^^^^^^^^^^^^^^^^^^^^^^^
  File "C:\Users\saiem\Documents\GitHub-Data\sdv-dev\cfbfastR-dev\cfbfastR-cfb-raw\.venv\Lib\site-packages\sportsdataverse\cfb\cfb_game_rosters.py", line 209, in helper_cfb_roster_items
    raise NoESPNDataError(f"NoESPNDataError: No roster data found for any team at {summary_url}")
sportsdataverse.errors.NoESPNDataError: NoESPNDataError: No roster data found for any team at https://sports.core.api.espn.com/v2/sports/football/leagues/college-football/events/401236006/competitions/401236006/competitors
cfb 2020:  16%|#5        | 21/135 [00:06<00:24,  4.73it/s]2026-06-17 11:48:09,693 ERROR extra fetch failed: _rosters(401207152,)
Traceback (most recent call last):
  File "C:\Users\saiem\Documents\GitHub-Data\sdv-dev\cfbfastR-dev\cfbfastR-cfb-raw\python\_cfb_raw_utils.py", line 106, in _safe
    return fn(*args, **kwargs)
           ^^^^^^^^^^^^^^^^^^^
  File "C:\Users\saiem\Documents\GitHub-Data\sdv-dev\cfbfastR-dev\cfbfastR-cfb-raw\python\scrape_cfb_json.py", line 42, in _rosters
    return sdv.cfb.espn_cfb_game_rosters(
           ^^^^^^^^^^^^^^^^^^^^^^^^^^^^^^
  File "C:\Users\saiem\Documents\GitHub-Data\sdv-dev\cfbfastR-dev\cfbfastR-cfb-raw\.venv\Lib\site-packages\sportsdataverse\cfb\cfb_game_rosters.py", line 66, in espn_cfb_game_rosters
    team_rosters = helper_cfb_roster_items(items=items, summary_url=summary_url, **kwargs)
                   ^^^^^^^^^^^^^^^^^^^^^^^^^^^^^^^^^^^^^^^^^^^^^^^^^^^^^^^^^^^^^^^^^^^^^^^
  File "C:\Users\saiem\Documents\GitHub-Data\sdv-dev\cfbfastR-dev\cfbfastR-cfb-raw\.venv\Lib\site-packages\sportsdataverse\cfb\cfb_game_rosters.py", line 209, in helper_cfb_roster_items
    raise NoESPNDataError(f"NoESPNDataError: No roster data found for any team at {summary_url}")
sportsdataverse.errors.NoESPNDataError: NoESPNDataError: No roster data found for any team at https://sports.core.api.espn.com/v2/sports/football/leagues/college-football/events/401207152/competitions/401207152/competitors
ERROR:cfb_json_2020:extra fetch failed: _rosters(401207152,)
Traceback (most recent call last):
  File "C:\Users\saiem\Documents\GitHub-Data\sdv-dev\cfbfastR-dev\cfbfastR-cfb-raw\python\_cfb_raw_utils.py", line 106, in _safe
    return fn(*args, **kwargs)
           ^^^^^^^^^^^^^^^^^^^
  File "C:\Users\saiem\Documents\GitHub-Data\sdv-dev\cfbfastR-dev\cfbfastR-cfb-raw\python\scrape_cfb_json.py", line 42, in _rosters
    return sdv.cfb.espn_cfb_game_rosters(
           ^^^^^^^^^^^^^^^^^^^^^^^^^^^^^^
  File "C:\Users\saiem\Documents\GitHub-Data\sdv-dev\cfbfastR-dev\cfbfastR-cfb-raw\.venv\Lib\site-packages\sportsdataverse\cfb\cfb_game_rosters.py", line 66, in espn_cfb_game_rosters
    team_rosters = helper_cfb_roster_items(items=items, summary_url=summary_url, **kwargs)
                   ^^^^^^^^^^^^^^^^^^^^^^^^^^^^^^^^^^^^^^^^^^^^^^^^^^^^^^^^^^^^^^^^^^^^^^^
  File "C:\Users\saiem\Documents\GitHub-Data\sdv-dev\cfbfastR-dev\cfbfastR-cfb-raw\.venv\Lib\site-packages\sportsdataverse\cfb\cfb_game_rosters.py", line 209, in helper_cfb_roster_items
    raise NoESPNDataError(f"NoESPNDataError: No roster data found for any team at {summary_url}")
sportsdataverse.errors.NoESPNDataError: NoESPNDataError: No roster data found for any team at https://sports.core.api.espn.com/v2/sports/football/leagues/college-football/events/401207152/competitions/401207152/competitors
cfb 2020:  17%|#7        | 23/135 [00:06<00:18,  6.00it/s]2026-06-17 11:48:09,902 ERROR extra fetch failed: _rosters(401237110,)
Traceback (most recent call last):
  File "C:\Users\saiem\Documents\GitHub-Data\sdv-dev\cfbfastR-dev\cfbfastR-cfb-raw\python\_cfb_raw_utils.py", line 106, in _safe
    return fn(*args, **kwargs)
           ^^^^^^^^^^^^^^^^^^^
  File "C:\Users\saiem\Documents\GitHub-Data\sdv-dev\cfbfastR-dev\cfbfastR-cfb-raw\python\scrape_cfb_json.py", line 42, in _rosters
    return sdv.cfb.espn_cfb_game_rosters(
           ^^^^^^^^^^^^^^^^^^^^^^^^^^^^^^
  File "C:\Users\saiem\Documents\GitHub-Data\sdv-dev\cfbfastR-dev\cfbfastR-cfb-raw\.venv\Lib\site-packages\sportsdataverse\cfb\cfb_game_rosters.py", line 66, in espn_cfb_game_rosters
    team_rosters = helper_cfb_roster_items(items=items, summary_url=summary_url, **kwargs)
                   ^^^^^^^^^^^^^^^^^^^^^^^^^^^^^^^^^^^^^^^^^^^^^^^^^^^^^^^^^^^^^^^^^^^^^^^
  File "C:\Users\saiem\Documents\GitHub-Data\sdv-dev\cfbfastR-dev\cfbfastR-cfb-raw\.venv\Lib\site-packages\sportsdataverse\cfb\cfb_game_rosters.py", line 209, in helper_cfb_roster_items
    raise NoESPNDataError(f"NoESPNDataError: No roster data found for any team at {summary_url}")
sportsdataverse.errors.NoESPNDataError: NoESPNDataError: No roster data found for any team at https://sports.core.api.espn.com/v2/sports/football/leagues/college-football/events/401237110/competitions/401237110/competitors
ERROR:cfb_json_2020:extra fetch failed: _rosters(401237110,)
Traceback (most recent call last):
  File "C:\Users\saiem\Documents\GitHub-Data\sdv-dev\cfbfastR-dev\cfbfastR-cfb-raw\python\_cfb_raw_utils.py", line 106, in _safe
    return fn(*args, **kwargs)
           ^^^^^^^^^^^^^^^^^^^
  File "C:\Users\saiem\Documents\GitHub-Data\sdv-dev\cfbfastR-dev\cfbfastR-cfb-raw\python\scrape_cfb_json.py", line 42, in _rosters
    return sdv.cfb.espn_cfb_game_rosters(
           ^^^^^^^^^^^^^^^^^^^^^^^^^^^^^^
  File "C:\Users\saiem\Documents\GitHub-Data\sdv-dev\cfbfastR-dev\cfbfastR-cfb-raw\.venv\Lib\site-packages\sportsdataverse\cfb\cfb_game_rosters.py", line 66, in espn_cfb_game_rosters
    team_rosters = helper_cfb_roster_items(items=items, summary_url=summary_url, **kwargs)
                   ^^^^^^^^^^^^^^^^^^^^^^^^^^^^^^^^^^^^^^^^^^^^^^^^^^^^^^^^^^^^^^^^^^^^^^^
  File "C:\Users\saiem\Documents\GitHub-Data\sdv-dev\cfbfastR-dev\cfbfastR-cfb-raw\.venv\Lib\site-packages\sportsdataverse\cfb\cfb_game_rosters.py", line 209, in helper_cfb_roster_items
    raise NoESPNDataError(f"NoESPNDataError: No roster data found for any team at {summary_url}")
sportsdataverse.errors.NoESPNDataError: NoESPNDataError: No roster data found for any team at https://sports.core.api.espn.com/v2/sports/football/leagues/college-football/events/401237110/competitions/401237110/competitors
cfb 2020:  18%|#7        | 24/135 [00:06<00:19,  5.80it/s]2026-06-17 11:48:10,166 ERROR extra fetch failed: _rosters(401237113,)
Traceback (most recent call last):
  File "C:\Users\saiem\Documents\GitHub-Data\sdv-dev\cfbfastR-dev\cfbfastR-cfb-raw\python\_cfb_raw_utils.py", line 106, in _safe
    return fn(*args, **kwargs)
           ^^^^^^^^^^^^^^^^^^^
  File "C:\Users\saiem\Documents\GitHub-Data\sdv-dev\cfbfastR-dev\cfbfastR-cfb-raw\python\scrape_cfb_json.py", line 42, in _rosters
    return sdv.cfb.espn_cfb_game_rosters(
           ^^^^^^^^^^^^^^^^^^^^^^^^^^^^^^
  File "C:\Users\saiem\Documents\GitHub-Data\sdv-dev\cfbfastR-dev\cfbfastR-cfb-raw\.venv\Lib\site-packages\sportsdataverse\cfb\cfb_game_rosters.py", line 66, in espn_cfb_game_rosters
    team_rosters = helper_cfb_roster_items(items=items, summary_url=summary_url, **kwargs)
                   ^^^^^^^^^^^^^^^^^^^^^^^^^^^^^^^^^^^^^^^^^^^^^^^^^^^^^^^^^^^^^^^^^^^^^^^
  File "C:\Users\saiem\Documents\GitHub-Data\sdv-dev\cfbfastR-dev\cfbfastR-cfb-raw\.venv\Lib\site-packages\sportsdataverse\cfb\cfb_game_rosters.py", line 209, in helper_cfb_roster_items
    raise NoESPNDataError(f"NoESPNDataError: No roster data found for any team at {summary_url}")
sportsdataverse.errors.NoESPNDataError: NoESPNDataError: No roster data found for any team at https://sports.core.api.espn.com/v2/sports/football/leagues/college-football/events/401237113/competitions/401237113/competitors
ERROR:cfb_json_2020:extra fetch failed: _rosters(401237113,)
Traceback (most recent call last):
  File "C:\Users\saiem\Documents\GitHub-Data\sdv-dev\cfbfastR-dev\cfbfastR-cfb-raw\python\_cfb_raw_utils.py", line 106, in _safe
    return fn(*args, **kwargs)
           ^^^^^^^^^^^^^^^^^^^
  File "C:\Users\saiem\Documents\GitHub-Data\sdv-dev\cfbfastR-dev\cfbfastR-cfb-raw\python\scrape_cfb_json.py", line 42, in _rosters
    return sdv.cfb.espn_cfb_game_rosters(
           ^^^^^^^^^^^^^^^^^^^^^^^^^^^^^^
  File "C:\Users\saiem\Documents\GitHub-Data\sdv-dev\cfbfastR-dev\cfbfastR-cfb-raw\.venv\Lib\site-packages\sportsdataverse\cfb\cfb_game_rosters.py", line 66, in espn_cfb_game_rosters
    team_rosters = helper_cfb_roster_items(items=items, summary_url=summary_url, **kwargs)
                   ^^^^^^^^^^^^^^^^^^^^^^^^^^^^^^^^^^^^^^^^^^^^^^^^^^^^^^^^^^^^^^^^^^^^^^^
  File "C:\Users\saiem\Documents\GitHub-Data\sdv-dev\cfbfastR-dev\cfbfastR-cfb-raw\.venv\Lib\site-packages\sportsdataverse\cfb\cfb_game_rosters.py", line 209, in helper_cfb_roster_items
    raise NoESPNDataError(f"NoESPNDataError: No roster data found for any team at {summary_url}")
sportsdataverse.errors.NoESPNDataError: NoESPNDataError: No roster data found for any team at https://sports.core.api.espn.com/v2/sports/football/leagues/college-football/events/401237113/competitions/401237113/competitors
cfb 2020:  19%|#8        | 25/135 [00:07<00:21,  5.15it/s]2026-06-17 11:48:10,336 ERROR extra fetch failed: _rosters(401207148,)
Traceback (most recent call last):
  File "C:\Users\saiem\Documents\GitHub-Data\sdv-dev\cfbfastR-dev\cfbfastR-cfb-raw\python\_cfb_raw_utils.py", line 106, in _safe
    return fn(*args, **kwargs)
           ^^^^^^^^^^^^^^^^^^^
  File "C:\Users\saiem\Documents\GitHub-Data\sdv-dev\cfbfastR-dev\cfbfastR-cfb-raw\python\scrape_cfb_json.py", line 42, in _rosters
    return sdv.cfb.espn_cfb_game_rosters(
           ^^^^^^^^^^^^^^^^^^^^^^^^^^^^^^
  File "C:\Users\saiem\Documents\GitHub-Data\sdv-dev\cfbfastR-dev\cfbfastR-cfb-raw\.venv\Lib\site-packages\sportsdataverse\cfb\cfb_game_rosters.py", line 66, in espn_cfb_game_rosters
    team_rosters = helper_cfb_roster_items(items=items, summary_url=summary_url, **kwargs)
                   ^^^^^^^^^^^^^^^^^^^^^^^^^^^^^^^^^^^^^^^^^^^^^^^^^^^^^^^^^^^^^^^^^^^^^^^
  File "C:\Users\saiem\Documents\GitHub-Data\sdv-dev\cfbfastR-dev\cfbfastR-cfb-raw\.venv\Lib\site-packages\sportsdataverse\cfb\cfb_game_rosters.py", line 209, in helper_cfb_roster_items
    raise NoESPNDataError(f"NoESPNDataError: No roster data found for any team at {summary_url}")
sportsdataverse.errors.NoESPNDataError: NoESPNDataError: No roster data found for any team at https://sports.core.api.espn.com/v2/sports/football/leagues/college-football/events/401207148/competitions/401207148/competitors
ERROR:cfb_json_2020:extra fetch failed: _rosters(401207148,)
Traceback (most recent call last):
  File "C:\Users\saiem\Documents\GitHub-Data\sdv-dev\cfbfastR-dev\cfbfastR-cfb-raw\python\_cfb_raw_utils.py", line 106, in _safe
    return fn(*args, **kwargs)
           ^^^^^^^^^^^^^^^^^^^
  File "C:\Users\saiem\Documents\GitHub-Data\sdv-dev\cfbfastR-dev\cfbfastR-cfb-raw\python\scrape_cfb_json.py", line 42, in _rosters
    return sdv.cfb.espn_cfb_game_rosters(
           ^^^^^^^^^^^^^^^^^^^^^^^^^^^^^^
  File "C:\Users\saiem\Documents\GitHub-Data\sdv-dev\cfbfastR-dev\cfbfastR-cfb-raw\.venv\Lib\site-packages\sportsdataverse\cfb\cfb_game_rosters.py", line 66, in espn_cfb_game_rosters
    team_rosters = helper_cfb_roster_items(items=items, summary_url=summary_url, **kwargs)
                   ^^^^^^^^^^^^^^^^^^^^^^^^^^^^^^^^^^^^^^^^^^^^^^^^^^^^^^^^^^^^^^^^^^^^^^^
  File "C:\Users\saiem\Documents\GitHub-Data\sdv-dev\cfbfastR-dev\cfbfastR-cfb-raw\.venv\Lib\site-packages\sportsdataverse\cfb\cfb_game_rosters.py", line 209, in helper_cfb_roster_items
    raise NoESPNDataError(f"NoESPNDataError: No roster data found for any team at {summary_url}")
sportsdataverse.errors.NoESPNDataError: NoESPNDataError: No roster data found for any team at https://sports.core.api.espn.com/v2/sports/football/leagues/college-football/events/401207148/competitions/401207148/competitors
2026-06-17 11:48:10,404 ERROR extra fetch failed: _rosters(401248995,)
Traceback (most recent call last):
  File "C:\Users\saiem\Documents\GitHub-Data\sdv-dev\cfbfastR-dev\cfbfastR-cfb-raw\python\_cfb_raw_utils.py", line 106, in _safe
    return fn(*args, **kwargs)
           ^^^^^^^^^^^^^^^^^^^
  File "C:\Users\saiem\Documents\GitHub-Data\sdv-dev\cfbfastR-dev\cfbfastR-cfb-raw\python\scrape_cfb_json.py", line 42, in _rosters
    return sdv.cfb.espn_cfb_game_rosters(
           ^^^^^^^^^^^^^^^^^^^^^^^^^^^^^^
  File "C:\Users\saiem\Documents\GitHub-Data\sdv-dev\cfbfastR-dev\cfbfastR-cfb-raw\.venv\Lib\site-packages\sportsdataverse\cfb\cfb_game_rosters.py", line 66, in espn_cfb_game_rosters
    team_rosters = helper_cfb_roster_items(items=items, summary_url=summary_url, **kwargs)
                   ^^^^^^^^^^^^^^^^^^^^^^^^^^^^^^^^^^^^^^^^^^^^^^^^^^^^^^^^^^^^^^^^^^^^^^^
  File "C:\Users\saiem\Documents\GitHub-Data\sdv-dev\cfbfastR-dev\cfbfastR-cfb-raw\.venv\Lib\site-packages\sportsdataverse\cfb\cfb_game_rosters.py", line 209, in helper_cfb_roster_items
    raise NoESPNDataError(f"NoESPNDataError: No roster data found for any team at {summary_url}")
sportsdataverse.errors.NoESPNDataError: NoESPNDataError: No roster data found for any team at https://sports.core.api.espn.com/v2/sports/football/leagues/college-football/events/401248995/competitions/401248995/competitors
ERROR:cfb_json_2020:extra fetch failed: _rosters(401248995,)
Traceback (most recent call last):
  File "C:\Users\saiem\Documents\GitHub-Data\sdv-dev\cfbfastR-dev\cfbfastR-cfb-raw\python\_cfb_raw_utils.py", line 106, in _safe
    return fn(*args, **kwargs)
           ^^^^^^^^^^^^^^^^^^^
  File "C:\Users\saiem\Documents\GitHub-Data\sdv-dev\cfbfastR-dev\cfbfastR-cfb-raw\python\scrape_cfb_json.py", line 42, in _rosters
    return sdv.cfb.espn_cfb_game_rosters(
           ^^^^^^^^^^^^^^^^^^^^^^^^^^^^^^
  File "C:\Users\saiem\Documents\GitHub-Data\sdv-dev\cfbfastR-dev\cfbfastR-cfb-raw\.venv\Lib\site-packages\sportsdataverse\cfb\cfb_game_rosters.py", line 66, in espn_cfb_game_rosters
    team_rosters = helper_cfb_roster_items(items=items, summary_url=summary_url, **kwargs)
                   ^^^^^^^^^^^^^^^^^^^^^^^^^^^^^^^^^^^^^^^^^^^^^^^^^^^^^^^^^^^^^^^^^^^^^^^
  File "C:\Users\saiem\Documents\GitHub-Data\sdv-dev\cfbfastR-dev\cfbfastR-cfb-raw\.venv\Lib\site-packages\sportsdataverse\cfb\cfb_game_rosters.py", line 209, in helper_cfb_roster_items
    raise NoESPNDataError(f"NoESPNDataError: No roster data found for any team at {summary_url}")
sportsdataverse.errors.NoESPNDataError: NoESPNDataError: No roster data found for any team at https://sports.core.api.espn.com/v2/sports/football/leagues/college-football/events/401248995/competitions/401248995/competitors
cfb 2020:  19%|#9        | 26/135 [00:07<00:20,  5.28it/s]2026-06-17 11:48:10,688 ERROR extra fetch failed: _rosters(401207161,)
Traceback (most recent call last):
  File "C:\Users\saiem\Documents\GitHub-Data\sdv-dev\cfbfastR-dev\cfbfastR-cfb-raw\python\_cfb_raw_utils.py", line 106, in _safe
    return fn(*args, **kwargs)
           ^^^^^^^^^^^^^^^^^^^
  File "C:\Users\saiem\Documents\GitHub-Data\sdv-dev\cfbfastR-dev\cfbfastR-cfb-raw\python\scrape_cfb_json.py", line 42, in _rosters
    return sdv.cfb.espn_cfb_game_rosters(
           ^^^^^^^^^^^^^^^^^^^^^^^^^^^^^^
  File "C:\Users\saiem\Documents\GitHub-Data\sdv-dev\cfbfastR-dev\cfbfastR-cfb-raw\.venv\Lib\site-packages\sportsdataverse\cfb\cfb_game_rosters.py", line 66, in espn_cfb_game_rosters
    team_rosters = helper_cfb_roster_items(items=items, summary_url=summary_url, **kwargs)
                   ^^^^^^^^^^^^^^^^^^^^^^^^^^^^^^^^^^^^^^^^^^^^^^^^^^^^^^^^^^^^^^^^^^^^^^^
  File "C:\Users\saiem\Documents\GitHub-Data\sdv-dev\cfbfastR-dev\cfbfastR-cfb-raw\.venv\Lib\site-packages\sportsdataverse\cfb\cfb_game_rosters.py", line 209, in helper_cfb_roster_items
    raise NoESPNDataError(f"NoESPNDataError: No roster data found for any team at {summary_url}")
sportsdataverse.errors.NoESPNDataError: NoESPNDataError: No roster data found for any team at https://sports.core.api.espn.com/v2/sports/football/leagues/college-football/events/401207161/competitions/401207161/competitors
ERROR:cfb_json_2020:extra fetch failed: _rosters(401207161,)
Traceback (most recent call last):
  File "C:\Users\saiem\Documents\GitHub-Data\sdv-dev\cfbfastR-dev\cfbfastR-cfb-raw\python\_cfb_raw_utils.py", line 106, in _safe
    return fn(*args, **kwargs)
           ^^^^^^^^^^^^^^^^^^^
  File "C:\Users\saiem\Documents\GitHub-Data\sdv-dev\cfbfastR-dev\cfbfastR-cfb-raw\python\scrape_cfb_json.py", line 42, in _rosters
    return sdv.cfb.espn_cfb_game_rosters(
           ^^^^^^^^^^^^^^^^^^^^^^^^^^^^^^
  File "C:\Users\saiem\Documents\GitHub-Data\sdv-dev\cfbfastR-dev\cfbfastR-cfb-raw\.venv\Lib\site-packages\sportsdataverse\cfb\cfb_game_rosters.py", line 66, in espn_cfb_game_rosters
    team_rosters = helper_cfb_roster_items(items=items, summary_url=summary_url, **kwargs)
                   ^^^^^^^^^^^^^^^^^^^^^^^^^^^^^^^^^^^^^^^^^^^^^^^^^^^^^^^^^^^^^^^^^^^^^^^
  File "C:\Users\saiem\Documents\GitHub-Data\sdv-dev\cfbfastR-dev\cfbfastR-cfb-raw\.venv\Lib\site-packages\sportsdataverse\cfb\cfb_game_rosters.py", line 209, in helper_cfb_roster_items
    raise NoESPNDataError(f"NoESPNDataError: No roster data found for any team at {summary_url}")
sportsdataverse.errors.NoESPNDataError: NoESPNDataError: No roster data found for any team at https://sports.core.api.espn.com/v2/sports/football/leagues/college-football/events/401207161/competitions/401207161/competitors
cfb 2020:  21%|##        | 28/135 [00:07<00:19,  5.48it/s]2026-06-17 11:48:10,905 ERROR extra fetch failed: _rosters(401247304,)
Traceback (most recent call last):
  File "C:\Users\saiem\Documents\GitHub-Data\sdv-dev\cfbfastR-dev\cfbfastR-cfb-raw\python\_cfb_raw_utils.py", line 106, in _safe
    return fn(*args, **kwargs)
           ^^^^^^^^^^^^^^^^^^^
  File "C:\Users\saiem\Documents\GitHub-Data\sdv-dev\cfbfastR-dev\cfbfastR-cfb-raw\python\scrape_cfb_json.py", line 42, in _rosters
    return sdv.cfb.espn_cfb_game_rosters(
           ^^^^^^^^^^^^^^^^^^^^^^^^^^^^^^
  File "C:\Users\saiem\Documents\GitHub-Data\sdv-dev\cfbfastR-dev\cfbfastR-cfb-raw\.venv\Lib\site-packages\sportsdataverse\cfb\cfb_game_rosters.py", line 66, in espn_cfb_game_rosters
    team_rosters = helper_cfb_roster_items(items=items, summary_url=summary_url, **kwargs)
                   ^^^^^^^^^^^^^^^^^^^^^^^^^^^^^^^^^^^^^^^^^^^^^^^^^^^^^^^^^^^^^^^^^^^^^^^
  File "C:\Users\saiem\Documents\GitHub-Data\sdv-dev\cfbfastR-dev\cfbfastR-cfb-raw\.venv\Lib\site-packages\sportsdataverse\cfb\cfb_game_rosters.py", line 209, in helper_cfb_roster_items
    raise NoESPNDataError(f"NoESPNDataError: No roster data found for any team at {summary_url}")
sportsdataverse.errors.NoESPNDataError: NoESPNDataError: No roster data found for any team at https://sports.core.api.espn.com/v2/sports/football/leagues/college-football/events/401247304/competitions/401247304/competitors
ERROR:cfb_json_2020:extra fetch failed: _rosters(401247304,)
Traceback (most recent call last):
  File "C:\Users\saiem\Documents\GitHub-Data\sdv-dev\cfbfastR-dev\cfbfastR-cfb-raw\python\_cfb_raw_utils.py", line 106, in _safe
    return fn(*args, **kwargs)
           ^^^^^^^^^^^^^^^^^^^
  File "C:\Users\saiem\Documents\GitHub-Data\sdv-dev\cfbfastR-dev\cfbfastR-cfb-raw\python\scrape_cfb_json.py", line 42, in _rosters
    return sdv.cfb.espn_cfb_game_rosters(
           ^^^^^^^^^^^^^^^^^^^^^^^^^^^^^^
  File "C:\Users\saiem\Documents\GitHub-Data\sdv-dev\cfbfastR-dev\cfbfastR-cfb-raw\.venv\Lib\site-packages\sportsdataverse\cfb\cfb_game_rosters.py", line 66, in espn_cfb_game_rosters
    team_rosters = helper_cfb_roster_items(items=items, summary_url=summary_url, **kwargs)
                   ^^^^^^^^^^^^^^^^^^^^^^^^^^^^^^^^^^^^^^^^^^^^^^^^^^^^^^^^^^^^^^^^^^^^^^^
  File "C:\Users\saiem\Documents\GitHub-Data\sdv-dev\cfbfastR-dev\cfbfastR-cfb-raw\.venv\Lib\site-packages\sportsdataverse\cfb\cfb_game_rosters.py", line 209, in helper_cfb_roster_items
    raise NoESPNDataError(f"NoESPNDataError: No roster data found for any team at {summary_url}")
sportsdataverse.errors.NoESPNDataError: NoESPNDataError: No roster data found for any team at https://sports.core.api.espn.com/v2/sports/football/leagues/college-football/events/401247304/competitions/401247304/competitors
2026-06-17 11:48:11,027 ERROR extra fetch failed: _rosters(401207164,)
Traceback (most recent call last):
  File "C:\Users\saiem\Documents\GitHub-Data\sdv-dev\cfbfastR-dev\cfbfastR-cfb-raw\python\_cfb_raw_utils.py", line 106, in _safe
    return fn(*args, **kwargs)
           ^^^^^^^^^^^^^^^^^^^
  File "C:\Users\saiem\Documents\GitHub-Data\sdv-dev\cfbfastR-dev\cfbfastR-cfb-raw\python\scrape_cfb_json.py", line 42, in _rosters
    return sdv.cfb.espn_cfb_game_rosters(
           ^^^^^^^^^^^^^^^^^^^^^^^^^^^^^^
  File "C:\Users\saiem\Documents\GitHub-Data\sdv-dev\cfbfastR-dev\cfbfastR-cfb-raw\.venv\Lib\site-packages\sportsdataverse\cfb\cfb_game_rosters.py", line 66, in espn_cfb_game_rosters
    team_rosters = helper_cfb_roster_items(items=items, summary_url=summary_url, **kwargs)
                   ^^^^^^^^^^^^^^^^^^^^^^^^^^^^^^^^^^^^^^^^^^^^^^^^^^^^^^^^^^^^^^^^^^^^^^^
  File "C:\Users\saiem\Documents\GitHub-Data\sdv-dev\cfbfastR-dev\cfbfastR-cfb-raw\.venv\Lib\site-packages\sportsdataverse\cfb\cfb_game_rosters.py", line 209, in helper_cfb_roster_items
    raise NoESPNDataError(f"NoESPNDataError: No roster data found for any team at {summary_url}")
sportsdataverse.errors.NoESPNDataError: NoESPNDataError: No roster data found for any team at https://sports.core.api.espn.com/v2/sports/football/leagues/college-football/events/401207164/competitions/401207164/competitors
ERROR:cfb_json_2020:extra fetch failed: _rosters(401207164,)
Traceback (most recent call last):
  File "C:\Users\saiem\Documents\GitHub-Data\sdv-dev\cfbfastR-dev\cfbfastR-cfb-raw\python\_cfb_raw_utils.py", line 106, in _safe
    return fn(*args, **kwargs)
           ^^^^^^^^^^^^^^^^^^^
  File "C:\Users\saiem\Documents\GitHub-Data\sdv-dev\cfbfastR-dev\cfbfastR-cfb-raw\python\scrape_cfb_json.py", line 42, in _rosters
    return sdv.cfb.espn_cfb_game_rosters(
           ^^^^^^^^^^^^^^^^^^^^^^^^^^^^^^
  File "C:\Users\saiem\Documents\GitHub-Data\sdv-dev\cfbfastR-dev\cfbfastR-cfb-raw\.venv\Lib\site-packages\sportsdataverse\cfb\cfb_game_rosters.py", line 66, in espn_cfb_game_rosters
    team_rosters = helper_cfb_roster_items(items=items, summary_url=summary_url, **kwargs)
                   ^^^^^^^^^^^^^^^^^^^^^^^^^^^^^^^^^^^^^^^^^^^^^^^^^^^^^^^^^^^^^^^^^^^^^^^
  File "C:\Users\saiem\Documents\GitHub-Data\sdv-dev\cfbfastR-dev\cfbfastR-cfb-raw\.venv\Lib\site-packages\sportsdataverse\cfb\cfb_game_rosters.py", line 209, in helper_cfb_roster_items
    raise NoESPNDataError(f"NoESPNDataError: No roster data found for any team at {summary_url}")
sportsdataverse.errors.NoESPNDataError: NoESPNDataError: No roster data found for any team at https://sports.core.api.espn.com/v2/sports/football/leagues/college-football/events/401207164/competitions/401207164/competitors
cfb 2020:  21%|##1       | 29/135 [00:07<00:20,  5.24it/s]2026-06-17 11:48:11,121 ERROR extra fetch failed: _rosters(401247311,)
Traceback (most recent call last):
  File "C:\Users\saiem\Documents\GitHub-Data\sdv-dev\cfbfastR-dev\cfbfastR-cfb-raw\python\_cfb_raw_utils.py", line 106, in _safe
    return fn(*args, **kwargs)
           ^^^^^^^^^^^^^^^^^^^
  File "C:\Users\saiem\Documents\GitHub-Data\sdv-dev\cfbfastR-dev\cfbfastR-cfb-raw\python\scrape_cfb_json.py", line 42, in _rosters
    return sdv.cfb.espn_cfb_game_rosters(
           ^^^^^^^^^^^^^^^^^^^^^^^^^^^^^^
  File "C:\Users\saiem\Documents\GitHub-Data\sdv-dev\cfbfastR-dev\cfbfastR-cfb-raw\.venv\Lib\site-packages\sportsdataverse\cfb\cfb_game_rosters.py", line 66, in espn_cfb_game_rosters
    team_rosters = helper_cfb_roster_items(items=items, summary_url=summary_url, **kwargs)
                   ^^^^^^^^^^^^^^^^^^^^^^^^^^^^^^^^^^^^^^^^^^^^^^^^^^^^^^^^^^^^^^^^^^^^^^^
  File "C:\Users\saiem\Documents\GitHub-Data\sdv-dev\cfbfastR-dev\cfbfastR-cfb-raw\.venv\Lib\site-packages\sportsdataverse\cfb\cfb_game_rosters.py", line 209, in helper_cfb_roster_items
    raise NoESPNDataError(f"NoESPNDataError: No roster data found for any team at {summary_url}")
sportsdataverse.errors.NoESPNDataError: NoESPNDataError: No roster data found for any team at https://sports.core.api.espn.com/v2/sports/football/leagues/college-football/events/401247311/competitions/401247311/competitors
ERROR:cfb_json_2020:extra fetch failed: _rosters(401247311,)
Traceback (most recent call last):
  File "C:\Users\saiem\Documents\GitHub-Data\sdv-dev\cfbfastR-dev\cfbfastR-cfb-raw\python\_cfb_raw_utils.py", line 106, in _safe
    return fn(*args, **kwargs)
           ^^^^^^^^^^^^^^^^^^^
  File "C:\Users\saiem\Documents\GitHub-Data\sdv-dev\cfbfastR-dev\cfbfastR-cfb-raw\python\scrape_cfb_json.py", line 42, in _rosters
    return sdv.cfb.espn_cfb_game_rosters(
           ^^^^^^^^^^^^^^^^^^^^^^^^^^^^^^
  File "C:\Users\saiem\Documents\GitHub-Data\sdv-dev\cfbfastR-dev\cfbfastR-cfb-raw\.venv\Lib\site-packages\sportsdataverse\cfb\cfb_game_rosters.py", line 66, in espn_cfb_game_rosters
    team_rosters = helper_cfb_roster_items(items=items, summary_url=summary_url, **kwargs)
                   ^^^^^^^^^^^^^^^^^^^^^^^^^^^^^^^^^^^^^^^^^^^^^^^^^^^^^^^^^^^^^^^^^^^^^^^
  File "C:\Users\saiem\Documents\GitHub-Data\sdv-dev\cfbfastR-dev\cfbfastR-cfb-raw\.venv\Lib\site-packages\sportsdataverse\cfb\cfb_game_rosters.py", line 209, in helper_cfb_roster_items
    raise NoESPNDataError(f"NoESPNDataError: No roster data found for any team at {summary_url}")
sportsdataverse.errors.NoESPNDataError: NoESPNDataError: No roster data found for any team at https://sports.core.api.espn.com/v2/sports/football/leagues/college-football/events/401247311/competitions/401247311/competitors
cfb 2020:  22%|##2       | 30/135 [00:08<00:18,  5.64it/s]2026-06-17 11:48:11,518 ERROR extra fetch failed: _rosters(401207199,)
Traceback (most recent call last):
  File "C:\Users\saiem\Documents\GitHub-Data\sdv-dev\cfbfastR-dev\cfbfastR-cfb-raw\python\_cfb_raw_utils.py", line 106, in _safe
    return fn(*args, **kwargs)
           ^^^^^^^^^^^^^^^^^^^
  File "C:\Users\saiem\Documents\GitHub-Data\sdv-dev\cfbfastR-dev\cfbfastR-cfb-raw\python\scrape_cfb_json.py", line 42, in _rosters
    return sdv.cfb.espn_cfb_game_rosters(
           ^^^^^^^^^^^^^^^^^^^^^^^^^^^^^^
  File "C:\Users\saiem\Documents\GitHub-Data\sdv-dev\cfbfastR-dev\cfbfastR-cfb-raw\.venv\Lib\site-packages\sportsdataverse\cfb\cfb_game_rosters.py", line 66, in espn_cfb_game_rosters
    team_rosters = helper_cfb_roster_items(items=items, summary_url=summary_url, **kwargs)
                   ^^^^^^^^^^^^^^^^^^^^^^^^^^^^^^^^^^^^^^^^^^^^^^^^^^^^^^^^^^^^^^^^^^^^^^^
  File "C:\Users\saiem\Documents\GitHub-Data\sdv-dev\cfbfastR-dev\cfbfastR-cfb-raw\.venv\Lib\site-packages\sportsdataverse\cfb\cfb_game_rosters.py", line 209, in helper_cfb_roster_items
    raise NoESPNDataError(f"NoESPNDataError: No roster data found for any team at {summary_url}")
sportsdataverse.errors.NoESPNDataError: NoESPNDataError: No roster data found for any team at https://sports.core.api.espn.com/v2/sports/football/leagues/college-football/events/401207199/competitions/401207199/competitors
ERROR:cfb_json_2020:extra fetch failed: _rosters(401207199,)
Traceback (most recent call last):
  File "C:\Users\saiem\Documents\GitHub-Data\sdv-dev\cfbfastR-dev\cfbfastR-cfb-raw\python\_cfb_raw_utils.py", line 106, in _safe
    return fn(*args, **kwargs)
           ^^^^^^^^^^^^^^^^^^^
  File "C:\Users\saiem\Documents\GitHub-Data\sdv-dev\cfbfastR-dev\cfbfastR-cfb-raw\python\scrape_cfb_json.py", line 42, in _rosters
    return sdv.cfb.espn_cfb_game_rosters(
           ^^^^^^^^^^^^^^^^^^^^^^^^^^^^^^
  File "C:\Users\saiem\Documents\GitHub-Data\sdv-dev\cfbfastR-dev\cfbfastR-cfb-raw\.venv\Lib\site-packages\sportsdataverse\cfb\cfb_game_rosters.py", line 66, in espn_cfb_game_rosters
    team_rosters = helper_cfb_roster_items(items=items, summary_url=summary_url, **kwargs)
                   ^^^^^^^^^^^^^^^^^^^^^^^^^^^^^^^^^^^^^^^^^^^^^^^^^^^^^^^^^^^^^^^^^^^^^^^
  File "C:\Users\saiem\Documents\GitHub-Data\sdv-dev\cfbfastR-dev\cfbfastR-cfb-raw\.venv\Lib\site-packages\sportsdataverse\cfb\cfb_game_rosters.py", line 209, in helper_cfb_roster_items
    raise NoESPNDataError(f"NoESPNDataError: No roster data found for any team at {summary_url}")
sportsdataverse.errors.NoESPNDataError: NoESPNDataError: No roster data found for any team at https://sports.core.api.espn.com/v2/sports/football/leagues/college-football/events/401207199/competitions/401207199/competitors
2026-06-17 11:48:11,548 ERROR extra fetch failed: _rosters(401212534,)
Traceback (most recent call last):
  File "C:\Users\saiem\Documents\GitHub-Data\sdv-dev\cfbfastR-dev\cfbfastR-cfb-raw\python\_cfb_raw_utils.py", line 106, in _safe
    return fn(*args, **kwargs)
           ^^^^^^^^^^^^^^^^^^^
  File "C:\Users\saiem\Documents\GitHub-Data\sdv-dev\cfbfastR-dev\cfbfastR-cfb-raw\python\scrape_cfb_json.py", line 42, in _rosters
    return sdv.cfb.espn_cfb_game_rosters(
           ^^^^^^^^^^^^^^^^^^^^^^^^^^^^^^
  File "C:\Users\saiem\Documents\GitHub-Data\sdv-dev\cfbfastR-dev\cfbfastR-cfb-raw\.venv\Lib\site-packages\sportsdataverse\cfb\cfb_game_rosters.py", line 66, in espn_cfb_game_rosters
    team_rosters = helper_cfb_roster_items(items=items, summary_url=summary_url, **kwargs)
                   ^^^^^^^^^^^^^^^^^^^^^^^^^^^^^^^^^^^^^^^^^^^^^^^^^^^^^^^^^^^^^^^^^^^^^^^
  File "C:\Users\saiem\Documents\GitHub-Data\sdv-dev\cfbfastR-dev\cfbfastR-cfb-raw\.venv\Lib\site-packages\sportsdataverse\cfb\cfb_game_rosters.py", line 209, in helper_cfb_roster_items
    raise NoESPNDataError(f"NoESPNDataError: No roster data found for any team at {summary_url}")
sportsdataverse.errors.NoESPNDataError: NoESPNDataError: No roster data found for any team at https://sports.core.api.espn.com/v2/sports/football/leagues/college-football/events/401212534/competitions/401212534/competitors
ERROR:cfb_json_2020:extra fetch failed: _rosters(401212534,)
Traceback (most recent call last):
  File "C:\Users\saiem\Documents\GitHub-Data\sdv-dev\cfbfastR-dev\cfbfastR-cfb-raw\python\_cfb_raw_utils.py", line 106, in _safe
    return fn(*args, **kwargs)
           ^^^^^^^^^^^^^^^^^^^
  File "C:\Users\saiem\Documents\GitHub-Data\sdv-dev\cfbfastR-dev\cfbfastR-cfb-raw\python\scrape_cfb_json.py", line 42, in _rosters
    return sdv.cfb.espn_cfb_game_rosters(
           ^^^^^^^^^^^^^^^^^^^^^^^^^^^^^^
  File "C:\Users\saiem\Documents\GitHub-Data\sdv-dev\cfbfastR-dev\cfbfastR-cfb-raw\.venv\Lib\site-packages\sportsdataverse\cfb\cfb_game_rosters.py", line 66, in espn_cfb_game_rosters
    team_rosters = helper_cfb_roster_items(items=items, summary_url=summary_url, **kwargs)
                   ^^^^^^^^^^^^^^^^^^^^^^^^^^^^^^^^^^^^^^^^^^^^^^^^^^^^^^^^^^^^^^^^^^^^^^^
  File "C:\Users\saiem\Documents\GitHub-Data\sdv-dev\cfbfastR-dev\cfbfastR-cfb-raw\.venv\Lib\site-packages\sportsdataverse\cfb\cfb_game_rosters.py", line 209, in helper_cfb_roster_items
    raise NoESPNDataError(f"NoESPNDataError: No roster data found for any team at {summary_url}")
sportsdataverse.errors.NoESPNDataError: NoESPNDataError: No roster data found for any team at https://sports.core.api.espn.com/v2/sports/football/leagues/college-football/events/401212534/competitions/401212534/competitors
cfb 2020:  24%|##3       | 32/135 [00:08<00:21,  4.84it/s]2026-06-17 11:48:11,708 ERROR extra fetch failed: _rosters(401207167,)
Traceback (most recent call last):
  File "C:\Users\saiem\Documents\GitHub-Data\sdv-dev\cfbfastR-dev\cfbfastR-cfb-raw\python\_cfb_raw_utils.py", line 106, in _safe
    return fn(*args, **kwargs)
           ^^^^^^^^^^^^^^^^^^^
  File "C:\Users\saiem\Documents\GitHub-Data\sdv-dev\cfbfastR-dev\cfbfastR-cfb-raw\python\scrape_cfb_json.py", line 42, in _rosters
    return sdv.cfb.espn_cfb_game_rosters(
           ^^^^^^^^^^^^^^^^^^^^^^^^^^^^^^
  File "C:\Users\saiem\Documents\GitHub-Data\sdv-dev\cfbfastR-dev\cfbfastR-cfb-raw\.venv\Lib\site-packages\sportsdataverse\cfb\cfb_game_rosters.py", line 66, in espn_cfb_game_rosters
    team_rosters = helper_cfb_roster_items(items=items, summary_url=summary_url, **kwargs)
                   ^^^^^^^^^^^^^^^^^^^^^^^^^^^^^^^^^^^^^^^^^^^^^^^^^^^^^^^^^^^^^^^^^^^^^^^
  File "C:\Users\saiem\Documents\GitHub-Data\sdv-dev\cfbfastR-dev\cfbfastR-cfb-raw\.venv\Lib\site-packages\sportsdataverse\cfb\cfb_game_rosters.py", line 209, in helper_cfb_roster_items
    raise NoESPNDataError(f"NoESPNDataError: No roster data found for any team at {summary_url}")
sportsdataverse.errors.NoESPNDataError: NoESPNDataError: No roster data found for any team at https://sports.core.api.espn.com/v2/sports/football/leagues/college-football/events/401207167/competitions/401207167/competitors
ERROR:cfb_json_2020:extra fetch failed: _rosters(401207167,)
Traceback (most recent call last):
  File "C:\Users\saiem\Documents\GitHub-Data\sdv-dev\cfbfastR-dev\cfbfastR-cfb-raw\python\_cfb_raw_utils.py", line 106, in _safe
    return fn(*args, **kwargs)
           ^^^^^^^^^^^^^^^^^^^
  File "C:\Users\saiem\Documents\GitHub-Data\sdv-dev\cfbfastR-dev\cfbfastR-cfb-raw\python\scrape_cfb_json.py", line 42, in _rosters
    return sdv.cfb.espn_cfb_game_rosters(
           ^^^^^^^^^^^^^^^^^^^^^^^^^^^^^^
  File "C:\Users\saiem\Documents\GitHub-Data\sdv-dev\cfbfastR-dev\cfbfastR-cfb-raw\.venv\Lib\site-packages\sportsdataverse\cfb\cfb_game_rosters.py", line 66, in espn_cfb_game_rosters
    team_rosters = helper_cfb_roster_items(items=items, summary_url=summary_url, **kwargs)
                   ^^^^^^^^^^^^^^^^^^^^^^^^^^^^^^^^^^^^^^^^^^^^^^^^^^^^^^^^^^^^^^^^^^^^^^^
  File "C:\Users\saiem\Documents\GitHub-Data\sdv-dev\cfbfastR-dev\cfbfastR-cfb-raw\.venv\Lib\site-packages\sportsdataverse\cfb\cfb_game_rosters.py", line 209, in helper_cfb_roster_items
    raise NoESPNDataError(f"NoESPNDataError: No roster data found for any team at {summary_url}")
sportsdataverse.errors.NoESPNDataError: NoESPNDataError: No roster data found for any team at https://sports.core.api.espn.com/v2/sports/football/leagues/college-football/events/401207167/competitions/401207167/competitors
2026-06-17 11:48:11,816 ERROR extra fetch failed: _rosters(401207172,)
Traceback (most recent call last):
  File "C:\Users\saiem\Documents\GitHub-Data\sdv-dev\cfbfastR-dev\cfbfastR-cfb-raw\python\_cfb_raw_utils.py", line 106, in _safe
    return fn(*args, **kwargs)
           ^^^^^^^^^^^^^^^^^^^
  File "C:\Users\saiem\Documents\GitHub-Data\sdv-dev\cfbfastR-dev\cfbfastR-cfb-raw\python\scrape_cfb_json.py", line 42, in _rosters
    return sdv.cfb.espn_cfb_game_rosters(
           ^^^^^^^^^^^^^^^^^^^^^^^^^^^^^^
  File "C:\Users\saiem\Documents\GitHub-Data\sdv-dev\cfbfastR-dev\cfbfastR-cfb-raw\.venv\Lib\site-packages\sportsdataverse\cfb\cfb_game_rosters.py", line 66, in espn_cfb_game_rosters
    team_rosters = helper_cfb_roster_items(items=items, summary_url=summary_url, **kwargs)
                   ^^^^^^^^^^^^^^^^^^^^^^^^^^^^^^^^^^^^^^^^^^^^^^^^^^^^^^^^^^^^^^^^^^^^^^^
  File "C:\Users\saiem\Documents\GitHub-Data\sdv-dev\cfbfastR-dev\cfbfastR-cfb-raw\.venv\Lib\site-packages\sportsdataverse\cfb\cfb_game_rosters.py", line 209, in helper_cfb_roster_items
    raise NoESPNDataError(f"NoESPNDataError: No roster data found for any team at {summary_url}")
sportsdataverse.errors.NoESPNDataError: NoESPNDataError: No roster data found for any team at https://sports.core.api.espn.com/v2/sports/football/leagues/college-football/events/401207172/competitions/401207172/competitors
ERROR:cfb_json_2020:extra fetch failed: _rosters(401207172,)
Traceback (most recent call last):
  File "C:\Users\saiem\Documents\GitHub-Data\sdv-dev\cfbfastR-dev\cfbfastR-cfb-raw\python\_cfb_raw_utils.py", line 106, in _safe
    return fn(*args, **kwargs)
           ^^^^^^^^^^^^^^^^^^^
  File "C:\Users\saiem\Documents\GitHub-Data\sdv-dev\cfbfastR-dev\cfbfastR-cfb-raw\python\scrape_cfb_json.py", line 42, in _rosters
    return sdv.cfb.espn_cfb_game_rosters(
           ^^^^^^^^^^^^^^^^^^^^^^^^^^^^^^
  File "C:\Users\saiem\Documents\GitHub-Data\sdv-dev\cfbfastR-dev\cfbfastR-cfb-raw\.venv\Lib\site-packages\sportsdataverse\cfb\cfb_game_rosters.py", line 66, in espn_cfb_game_rosters
    team_rosters = helper_cfb_roster_items(items=items, summary_url=summary_url, **kwargs)
                   ^^^^^^^^^^^^^^^^^^^^^^^^^^^^^^^^^^^^^^^^^^^^^^^^^^^^^^^^^^^^^^^^^^^^^^^
  File "C:\Users\saiem\Documents\GitHub-Data\sdv-dev\cfbfastR-dev\cfbfastR-cfb-raw\.venv\Lib\site-packages\sportsdataverse\cfb\cfb_game_rosters.py", line 209, in helper_cfb_roster_items
    raise NoESPNDataError(f"NoESPNDataError: No roster data found for any team at {summary_url}")
sportsdataverse.errors.NoESPNDataError: NoESPNDataError: No roster data found for any team at https://sports.core.api.espn.com/v2/sports/football/leagues/college-football/events/401207172/competitions/401207172/competitors
cfb 2020:  25%|##5       | 34/135 [00:08<00:16,  6.13it/s]cfb 2020:  26%|##5       | 35/135 [00:08<00:15,  6.65it/s]2026-06-17 11:48:12,194 ERROR extra fetch failed: _rosters(401249401,)
Traceback (most recent call last):
  File "C:\Users\saiem\Documents\GitHub-Data\sdv-dev\cfbfastR-dev\cfbfastR-cfb-raw\python\_cfb_raw_utils.py", line 106, in _safe
    return fn(*args, **kwargs)
           ^^^^^^^^^^^^^^^^^^^
  File "C:\Users\saiem\Documents\GitHub-Data\sdv-dev\cfbfastR-dev\cfbfastR-cfb-raw\python\scrape_cfb_json.py", line 42, in _rosters
    return sdv.cfb.espn_cfb_game_rosters(
           ^^^^^^^^^^^^^^^^^^^^^^^^^^^^^^
  File "C:\Users\saiem\Documents\GitHub-Data\sdv-dev\cfbfastR-dev\cfbfastR-cfb-raw\.venv\Lib\site-packages\sportsdataverse\cfb\cfb_game_rosters.py", line 66, in espn_cfb_game_rosters
    team_rosters = helper_cfb_roster_items(items=items, summary_url=summary_url, **kwargs)
                   ^^^^^^^^^^^^^^^^^^^^^^^^^^^^^^^^^^^^^^^^^^^^^^^^^^^^^^^^^^^^^^^^^^^^^^^
  File "C:\Users\saiem\Documents\GitHub-Data\sdv-dev\cfbfastR-dev\cfbfastR-cfb-raw\.venv\Lib\site-packages\sportsdataverse\cfb\cfb_game_rosters.py", line 209, in helper_cfb_roster_items
    raise NoESPNDataError(f"NoESPNDataError: No roster data found for any team at {summary_url}")
sportsdataverse.errors.NoESPNDataError: NoESPNDataError: No roster data found for any team at https://sports.core.api.espn.com/v2/sports/football/leagues/college-football/events/401249401/competitions/401249401/competitors
ERROR:cfb_json_2020:extra fetch failed: _rosters(401249401,)
Traceback (most recent call last):
  File "C:\Users\saiem\Documents\GitHub-Data\sdv-dev\cfbfastR-dev\cfbfastR-cfb-raw\python\_cfb_raw_utils.py", line 106, in _safe
    return fn(*args, **kwargs)
           ^^^^^^^^^^^^^^^^^^^
  File "C:\Users\saiem\Documents\GitHub-Data\sdv-dev\cfbfastR-dev\cfbfastR-cfb-raw\python\scrape_cfb_json.py", line 42, in _rosters
    return sdv.cfb.espn_cfb_game_rosters(
           ^^^^^^^^^^^^^^^^^^^^^^^^^^^^^^
  File "C:\Users\saiem\Documents\GitHub-Data\sdv-dev\cfbfastR-dev\cfbfastR-cfb-raw\.venv\Lib\site-packages\sportsdataverse\cfb\cfb_game_rosters.py", line 66, in espn_cfb_game_rosters
    team_rosters = helper_cfb_roster_items(items=items, summary_url=summary_url, **kwargs)
                   ^^^^^^^^^^^^^^^^^^^^^^^^^^^^^^^^^^^^^^^^^^^^^^^^^^^^^^^^^^^^^^^^^^^^^^^
  File "C:\Users\saiem\Documents\GitHub-Data\sdv-dev\cfbfastR-dev\cfbfastR-cfb-raw\.venv\Lib\site-packages\sportsdataverse\cfb\cfb_game_rosters.py", line 209, in helper_cfb_roster_items
    raise NoESPNDataError(f"NoESPNDataError: No roster data found for any team at {summary_url}")
sportsdataverse.errors.NoESPNDataError: NoESPNDataError: No roster data found for any team at https://sports.core.api.espn.com/v2/sports/football/leagues/college-football/events/401249401/competitions/401249401/competitors
cfb 2020:  27%|##6       | 36/135 [00:09<00:20,  4.89it/s]2026-06-17 11:48:12,397 ERROR extra fetch failed: _rosters(401207170,)
Traceback (most recent call last):
  File "C:\Users\saiem\Documents\GitHub-Data\sdv-dev\cfbfastR-dev\cfbfastR-cfb-raw\python\_cfb_raw_utils.py", line 106, in _safe
    return fn(*args, **kwargs)
           ^^^^^^^^^^^^^^^^^^^
  File "C:\Users\saiem\Documents\GitHub-Data\sdv-dev\cfbfastR-dev\cfbfastR-cfb-raw\python\scrape_cfb_json.py", line 42, in _rosters
    return sdv.cfb.espn_cfb_game_rosters(
           ^^^^^^^^^^^^^^^^^^^^^^^^^^^^^^
  File "C:\Users\saiem\Documents\GitHub-Data\sdv-dev\cfbfastR-dev\cfbfastR-cfb-raw\.venv\Lib\site-packages\sportsdataverse\cfb\cfb_game_rosters.py", line 66, in espn_cfb_game_rosters
    team_rosters = helper_cfb_roster_items(items=items, summary_url=summary_url, **kwargs)
                   ^^^^^^^^^^^^^^^^^^^^^^^^^^^^^^^^^^^^^^^^^^^^^^^^^^^^^^^^^^^^^^^^^^^^^^^
  File "C:\Users\saiem\Documents\GitHub-Data\sdv-dev\cfbfastR-dev\cfbfastR-cfb-raw\.venv\Lib\site-packages\sportsdataverse\cfb\cfb_game_rosters.py", line 209, in helper_cfb_roster_items
    raise NoESPNDataError(f"NoESPNDataError: No roster data found for any team at {summary_url}")
sportsdataverse.errors.NoESPNDataError: NoESPNDataError: No roster data found for any team at https://sports.core.api.espn.com/v2/sports/football/leagues/college-football/events/401207170/competitions/401207170/competitors
ERROR:cfb_json_2020:extra fetch failed: _rosters(401207170,)
Traceback (most recent call last):
  File "C:\Users\saiem\Documents\GitHub-Data\sdv-dev\cfbfastR-dev\cfbfastR-cfb-raw\python\_cfb_raw_utils.py", line 106, in _safe
    return fn(*args, **kwargs)
           ^^^^^^^^^^^^^^^^^^^
  File "C:\Users\saiem\Documents\GitHub-Data\sdv-dev\cfbfastR-dev\cfbfastR-cfb-raw\python\scrape_cfb_json.py", line 42, in _rosters
    return sdv.cfb.espn_cfb_game_rosters(
           ^^^^^^^^^^^^^^^^^^^^^^^^^^^^^^
  File "C:\Users\saiem\Documents\GitHub-Data\sdv-dev\cfbfastR-dev\cfbfastR-cfb-raw\.venv\Lib\site-packages\sportsdataverse\cfb\cfb_game_rosters.py", line 66, in espn_cfb_game_rosters
    team_rosters = helper_cfb_roster_items(items=items, summary_url=summary_url, **kwargs)
                   ^^^^^^^^^^^^^^^^^^^^^^^^^^^^^^^^^^^^^^^^^^^^^^^^^^^^^^^^^^^^^^^^^^^^^^^
  File "C:\Users\saiem\Documents\GitHub-Data\sdv-dev\cfbfastR-dev\cfbfastR-cfb-raw\.venv\Lib\site-packages\sportsdataverse\cfb\cfb_game_rosters.py", line 209, in helper_cfb_roster_items
    raise NoESPNDataError(f"NoESPNDataError: No roster data found for any team at {summary_url}")
sportsdataverse.errors.NoESPNDataError: NoESPNDataError: No roster data found for any team at https://sports.core.api.espn.com/v2/sports/football/leagues/college-football/events/401207170/competitions/401207170/competitors
2026-06-17 11:48:12,506 ERROR extra fetch failed: _rosters(401207168,)
Traceback (most recent call last):
  File "C:\Users\saiem\Documents\GitHub-Data\sdv-dev\cfbfastR-dev\cfbfastR-cfb-raw\python\_cfb_raw_utils.py", line 106, in _safe
    return fn(*args, **kwargs)
           ^^^^^^^^^^^^^^^^^^^
  File "C:\Users\saiem\Documents\GitHub-Data\sdv-dev\cfbfastR-dev\cfbfastR-cfb-raw\python\scrape_cfb_json.py", line 42, in _rosters
    return sdv.cfb.espn_cfb_game_rosters(
           ^^^^^^^^^^^^^^^^^^^^^^^^^^^^^^
  File "C:\Users\saiem\Documents\GitHub-Data\sdv-dev\cfbfastR-dev\cfbfastR-cfb-raw\.venv\Lib\site-packages\sportsdataverse\cfb\cfb_game_rosters.py", line 66, in espn_cfb_game_rosters
    team_rosters = helper_cfb_roster_items(items=items, summary_url=summary_url, **kwargs)
                   ^^^^^^^^^^^^^^^^^^^^^^^^^^^^^^^^^^^^^^^^^^^^^^^^^^^^^^^^^^^^^^^^^^^^^^^
  File "C:\Users\saiem\Documents\GitHub-Data\sdv-dev\cfbfastR-dev\cfbfastR-cfb-raw\.venv\Lib\site-packages\sportsdataverse\cfb\cfb_game_rosters.py", line 209, in helper_cfb_roster_items
    raise NoESPNDataError(f"NoESPNDataError: No roster data found for any team at {summary_url}")
sportsdataverse.errors.NoESPNDataError: NoESPNDataError: No roster data found for any team at https://sports.core.api.espn.com/v2/sports/football/leagues/college-football/events/401207168/competitions/401207168/competitors
ERROR:cfb_json_2020:extra fetch failed: _rosters(401207168,)
Traceback (most recent call last):
  File "C:\Users\saiem\Documents\GitHub-Data\sdv-dev\cfbfastR-dev\cfbfastR-cfb-raw\python\_cfb_raw_utils.py", line 106, in _safe
    return fn(*args, **kwargs)
           ^^^^^^^^^^^^^^^^^^^
  File "C:\Users\saiem\Documents\GitHub-Data\sdv-dev\cfbfastR-dev\cfbfastR-cfb-raw\python\scrape_cfb_json.py", line 42, in _rosters
    return sdv.cfb.espn_cfb_game_rosters(
           ^^^^^^^^^^^^^^^^^^^^^^^^^^^^^^
  File "C:\Users\saiem\Documents\GitHub-Data\sdv-dev\cfbfastR-dev\cfbfastR-cfb-raw\.venv\Lib\site-packages\sportsdataverse\cfb\cfb_game_rosters.py", line 66, in espn_cfb_game_rosters
    team_rosters = helper_cfb_roster_items(items=items, summary_url=summary_url, **kwargs)
                   ^^^^^^^^^^^^^^^^^^^^^^^^^^^^^^^^^^^^^^^^^^^^^^^^^^^^^^^^^^^^^^^^^^^^^^^
  File "C:\Users\saiem\Documents\GitHub-Data\sdv-dev\cfbfastR-dev\cfbfastR-cfb-raw\.venv\Lib\site-packages\sportsdataverse\cfb\cfb_game_rosters.py", line 209, in helper_cfb_roster_items
    raise NoESPNDataError(f"NoESPNDataError: No roster data found for any team at {summary_url}")
sportsdataverse.errors.NoESPNDataError: NoESPNDataError: No roster data found for any team at https://sports.core.api.espn.com/v2/sports/football/leagues/college-football/events/401207168/competitions/401207168/competitors
2026-06-17 11:48:12,546 ERROR extra fetch failed: _rosters(401234635,)
Traceback (most recent call last):
  File "C:\Users\saiem\Documents\GitHub-Data\sdv-dev\cfbfastR-dev\cfbfastR-cfb-raw\python\_cfb_raw_utils.py", line 106, in _safe
    return fn(*args, **kwargs)
           ^^^^^^^^^^^^^^^^^^^
  File "C:\Users\saiem\Documents\GitHub-Data\sdv-dev\cfbfastR-dev\cfbfastR-cfb-raw\python\scrape_cfb_json.py", line 42, in _rosters
    return sdv.cfb.espn_cfb_game_rosters(
           ^^^^^^^^^^^^^^^^^^^^^^^^^^^^^^
  File "C:\Users\saiem\Documents\GitHub-Data\sdv-dev\cfbfastR-dev\cfbfastR-cfb-raw\.venv\Lib\site-packages\sportsdataverse\cfb\cfb_game_rosters.py", line 66, in espn_cfb_game_rosters
    team_rosters = helper_cfb_roster_items(items=items, summary_url=summary_url, **kwargs)
                   ^^^^^^^^^^^^^^^^^^^^^^^^^^^^^^^^^^^^^^^^^^^^^^^^^^^^^^^^^^^^^^^^^^^^^^^
  File "C:\Users\saiem\Documents\GitHub-Data\sdv-dev\cfbfastR-dev\cfbfastR-cfb-raw\.venv\Lib\site-packages\sportsdataverse\cfb\cfb_game_rosters.py", line 209, in helper_cfb_roster_items
    raise NoESPNDataError(f"NoESPNDataError: No roster data found for any team at {summary_url}")
sportsdataverse.errors.NoESPNDataError: NoESPNDataError: No roster data found for any team at https://sports.core.api.espn.com/v2/sports/football/leagues/college-football/events/401234635/competitions/401234635/competitors
ERROR:cfb_json_2020:extra fetch failed: _rosters(401234635,)
Traceback (most recent call last):
  File "C:\Users\saiem\Documents\GitHub-Data\sdv-dev\cfbfastR-dev\cfbfastR-cfb-raw\python\_cfb_raw_utils.py", line 106, in _safe
    return fn(*args, **kwargs)
           ^^^^^^^^^^^^^^^^^^^
  File "C:\Users\saiem\Documents\GitHub-Data\sdv-dev\cfbfastR-dev\cfbfastR-cfb-raw\python\scrape_cfb_json.py", line 42, in _rosters
    return sdv.cfb.espn_cfb_game_rosters(
           ^^^^^^^^^^^^^^^^^^^^^^^^^^^^^^
  File "C:\Users\saiem\Documents\GitHub-Data\sdv-dev\cfbfastR-dev\cfbfastR-cfb-raw\.venv\Lib\site-packages\sportsdataverse\cfb\cfb_game_rosters.py", line 66, in espn_cfb_game_rosters
    team_rosters = helper_cfb_roster_items(items=items, summary_url=summary_url, **kwargs)
                   ^^^^^^^^^^^^^^^^^^^^^^^^^^^^^^^^^^^^^^^^^^^^^^^^^^^^^^^^^^^^^^^^^^^^^^^
  File "C:\Users\saiem\Documents\GitHub-Data\sdv-dev\cfbfastR-dev\cfbfastR-cfb-raw\.venv\Lib\site-packages\sportsdataverse\cfb\cfb_game_rosters.py", line 209, in helper_cfb_roster_items
    raise NoESPNDataError(f"NoESPNDataError: No roster data found for any team at {summary_url}")
sportsdataverse.errors.NoESPNDataError: NoESPNDataError: No roster data found for any team at https://sports.core.api.espn.com/v2/sports/football/leagues/college-football/events/401234635/competitions/401234635/competitors
cfb 2020:  27%|##7       | 37/135 [00:09<00:20,  4.88it/s]cfb 2020:  28%|##8       | 38/135 [00:09<00:17,  5.58it/s]2026-06-17 11:48:12,940 ERROR extra fetch failed: _rosters(401249398,)
Traceback (most recent call last):
  File "C:\Users\saiem\Documents\GitHub-Data\sdv-dev\cfbfastR-dev\cfbfastR-cfb-raw\python\_cfb_raw_utils.py", line 106, in _safe
    return fn(*args, **kwargs)
           ^^^^^^^^^^^^^^^^^^^
  File "C:\Users\saiem\Documents\GitHub-Data\sdv-dev\cfbfastR-dev\cfbfastR-cfb-raw\python\scrape_cfb_json.py", line 42, in _rosters
    return sdv.cfb.espn_cfb_game_rosters(
           ^^^^^^^^^^^^^^^^^^^^^^^^^^^^^^
  File "C:\Users\saiem\Documents\GitHub-Data\sdv-dev\cfbfastR-dev\cfbfastR-cfb-raw\.venv\Lib\site-packages\sportsdataverse\cfb\cfb_game_rosters.py", line 66, in espn_cfb_game_rosters
    team_rosters = helper_cfb_roster_items(items=items, summary_url=summary_url, **kwargs)
                   ^^^^^^^^^^^^^^^^^^^^^^^^^^^^^^^^^^^^^^^^^^^^^^^^^^^^^^^^^^^^^^^^^^^^^^^
  File "C:\Users\saiem\Documents\GitHub-Data\sdv-dev\cfbfastR-dev\cfbfastR-cfb-raw\.venv\Lib\site-packages\sportsdataverse\cfb\cfb_game_rosters.py", line 209, in helper_cfb_roster_items
    raise NoESPNDataError(f"NoESPNDataError: No roster data found for any team at {summary_url}")
sportsdataverse.errors.NoESPNDataError: NoESPNDataError: No roster data found for any team at https://sports.core.api.espn.com/v2/sports/football/leagues/college-football/events/401249398/competitions/401249398/competitors
ERROR:cfb_json_2020:extra fetch failed: _rosters(401249398,)
Traceback (most recent call last):
  File "C:\Users\saiem\Documents\GitHub-Data\sdv-dev\cfbfastR-dev\cfbfastR-cfb-raw\python\_cfb_raw_utils.py", line 106, in _safe
    return fn(*args, **kwargs)
           ^^^^^^^^^^^^^^^^^^^
  File "C:\Users\saiem\Documents\GitHub-Data\sdv-dev\cfbfastR-dev\cfbfastR-cfb-raw\python\scrape_cfb_json.py", line 42, in _rosters
    return sdv.cfb.espn_cfb_game_rosters(
           ^^^^^^^^^^^^^^^^^^^^^^^^^^^^^^
  File "C:\Users\saiem\Documents\GitHub-Data\sdv-dev\cfbfastR-dev\cfbfastR-cfb-raw\.venv\Lib\site-packages\sportsdataverse\cfb\cfb_game_rosters.py", line 66, in espn_cfb_game_rosters
    team_rosters = helper_cfb_roster_items(items=items, summary_url=summary_url, **kwargs)
                   ^^^^^^^^^^^^^^^^^^^^^^^^^^^^^^^^^^^^^^^^^^^^^^^^^^^^^^^^^^^^^^^^^^^^^^^
  File "C:\Users\saiem\Documents\GitHub-Data\sdv-dev\cfbfastR-dev\cfbfastR-cfb-raw\.venv\Lib\site-packages\sportsdataverse\cfb\cfb_game_rosters.py", line 209, in helper_cfb_roster_items
    raise NoESPNDataError(f"NoESPNDataError: No roster data found for any team at {summary_url}")
sportsdataverse.errors.NoESPNDataError: NoESPNDataError: No roster data found for any team at https://sports.core.api.espn.com/v2/sports/football/leagues/college-football/events/401249398/competitions/401249398/competitors
2026-06-17 11:48:13,084 ERROR extra fetch failed: _rosters(401237128,)
Traceback (most recent call last):
  File "C:\Users\saiem\Documents\GitHub-Data\sdv-dev\cfbfastR-dev\cfbfastR-cfb-raw\python\_cfb_raw_utils.py", line 106, in _safe
    return fn(*args, **kwargs)
           ^^^^^^^^^^^^^^^^^^^
  File "C:\Users\saiem\Documents\GitHub-Data\sdv-dev\cfbfastR-dev\cfbfastR-cfb-raw\python\scrape_cfb_json.py", line 42, in _rosters
    return sdv.cfb.espn_cfb_game_rosters(
           ^^^^^^^^^^^^^^^^^^^^^^^^^^^^^^
  File "C:\Users\saiem\Documents\GitHub-Data\sdv-dev\cfbfastR-dev\cfbfastR-cfb-raw\.venv\Lib\site-packages\sportsdataverse\cfb\cfb_game_rosters.py", line 66, in espn_cfb_game_rosters
    team_rosters = helper_cfb_roster_items(items=items, summary_url=summary_url, **kwargs)
                   ^^^^^^^^^^^^^^^^^^^^^^^^^^^^^^^^^^^^^^^^^^^^^^^^^^^^^^^^^^^^^^^^^^^^^^^
  File "C:\Users\saiem\Documents\GitHub-Data\sdv-dev\cfbfastR-dev\cfbfastR-cfb-raw\.venv\Lib\site-packages\sportsdataverse\cfb\cfb_game_rosters.py", line 209, in helper_cfb_roster_items
    raise NoESPNDataError(f"NoESPNDataError: No roster data found for any team at {summary_url}")
sportsdataverse.errors.NoESPNDataError: NoESPNDataError: No roster data found for any team at https://sports.core.api.espn.com/v2/sports/football/leagues/college-football/events/401237128/competitions/401237128/competitors
ERROR:cfb_json_2020:extra fetch failed: _rosters(401237128,)
Traceback (most recent call last):
  File "C:\Users\saiem\Documents\GitHub-Data\sdv-dev\cfbfastR-dev\cfbfastR-cfb-raw\python\_cfb_raw_utils.py", line 106, in _safe
    return fn(*args, **kwargs)
           ^^^^^^^^^^^^^^^^^^^
  File "C:\Users\saiem\Documents\GitHub-Data\sdv-dev\cfbfastR-dev\cfbfastR-cfb-raw\python\scrape_cfb_json.py", line 42, in _rosters
    return sdv.cfb.espn_cfb_game_rosters(
           ^^^^^^^^^^^^^^^^^^^^^^^^^^^^^^
  File "C:\Users\saiem\Documents\GitHub-Data\sdv-dev\cfbfastR-dev\cfbfastR-cfb-raw\.venv\Lib\site-packages\sportsdataverse\cfb\cfb_game_rosters.py", line 66, in espn_cfb_game_rosters
    team_rosters = helper_cfb_roster_items(items=items, summary_url=summary_url, **kwargs)
                   ^^^^^^^^^^^^^^^^^^^^^^^^^^^^^^^^^^^^^^^^^^^^^^^^^^^^^^^^^^^^^^^^^^^^^^^
  File "C:\Users\saiem\Documents\GitHub-Data\sdv-dev\cfbfastR-dev\cfbfastR-cfb-raw\.venv\Lib\site-packages\sportsdataverse\cfb\cfb_game_rosters.py", line 209, in helper_cfb_roster_items
    raise NoESPNDataError(f"NoESPNDataError: No roster data found for any team at {summary_url}")
sportsdataverse.errors.NoESPNDataError: NoESPNDataError: No roster data found for any team at https://sports.core.api.espn.com/v2/sports/football/leagues/college-football/events/401237128/competitions/401237128/competitors
cfb 2020:  30%|##9       | 40/135 [00:10<00:18,  5.05it/s]2026-06-17 11:48:13,234 ERROR extra fetch failed: _rosters(401237134,)
Traceback (most recent call last):
  File "C:\Users\saiem\Documents\GitHub-Data\sdv-dev\cfbfastR-dev\cfbfastR-cfb-raw\python\_cfb_raw_utils.py", line 106, in _safe
    return fn(*args, **kwargs)
           ^^^^^^^^^^^^^^^^^^^
  File "C:\Users\saiem\Documents\GitHub-Data\sdv-dev\cfbfastR-dev\cfbfastR-cfb-raw\python\scrape_cfb_json.py", line 42, in _rosters
    return sdv.cfb.espn_cfb_game_rosters(
           ^^^^^^^^^^^^^^^^^^^^^^^^^^^^^^
  File "C:\Users\saiem\Documents\GitHub-Data\sdv-dev\cfbfastR-dev\cfbfastR-cfb-raw\.venv\Lib\site-packages\sportsdataverse\cfb\cfb_game_rosters.py", line 66, in espn_cfb_game_rosters
    team_rosters = helper_cfb_roster_items(items=items, summary_url=summary_url, **kwargs)
                   ^^^^^^^^^^^^^^^^^^^^^^^^^^^^^^^^^^^^^^^^^^^^^^^^^^^^^^^^^^^^^^^^^^^^^^^
  File "C:\Users\saiem\Documents\GitHub-Data\sdv-dev\cfbfastR-dev\cfbfastR-cfb-raw\.venv\Lib\site-packages\sportsdataverse\cfb\cfb_game_rosters.py", line 209, in helper_cfb_roster_items
    raise NoESPNDataError(f"NoESPNDataError: No roster data found for any team at {summary_url}")
sportsdataverse.errors.NoESPNDataError: NoESPNDataError: No roster data found for any team at https://sports.core.api.espn.com/v2/sports/football/leagues/college-football/events/401237134/competitions/401237134/competitors
ERROR:cfb_json_2020:extra fetch failed: _rosters(401237134,)
Traceback (most recent call last):
  File "C:\Users\saiem\Documents\GitHub-Data\sdv-dev\cfbfastR-dev\cfbfastR-cfb-raw\python\_cfb_raw_utils.py", line 106, in _safe
    return fn(*args, **kwargs)
           ^^^^^^^^^^^^^^^^^^^
  File "C:\Users\saiem\Documents\GitHub-Data\sdv-dev\cfbfastR-dev\cfbfastR-cfb-raw\python\scrape_cfb_json.py", line 42, in _rosters
    return sdv.cfb.espn_cfb_game_rosters(
           ^^^^^^^^^^^^^^^^^^^^^^^^^^^^^^
  File "C:\Users\saiem\Documents\GitHub-Data\sdv-dev\cfbfastR-dev\cfbfastR-cfb-raw\.venv\Lib\site-packages\sportsdataverse\cfb\cfb_game_rosters.py", line 66, in espn_cfb_game_rosters
    team_rosters = helper_cfb_roster_items(items=items, summary_url=summary_url, **kwargs)
                   ^^^^^^^^^^^^^^^^^^^^^^^^^^^^^^^^^^^^^^^^^^^^^^^^^^^^^^^^^^^^^^^^^^^^^^^
  File "C:\Users\saiem\Documents\GitHub-Data\sdv-dev\cfbfastR-dev\cfbfastR-cfb-raw\.venv\Lib\site-packages\sportsdataverse\cfb\cfb_game_rosters.py", line 209, in helper_cfb_roster_items
    raise NoESPNDataError(f"NoESPNDataError: No roster data found for any team at {summary_url}")
sportsdataverse.errors.NoESPNDataError: NoESPNDataError: No roster data found for any team at https://sports.core.api.espn.com/v2/sports/football/leagues/college-football/events/401237134/competitions/401237134/competitors
cfb 2020:  30%|###       | 41/135 [00:10<00:17,  5.43it/s]2026-06-17 11:48:13,291 ERROR extra fetch failed: _rosters(401247318,)
Traceback (most recent call last):
  File "C:\Users\saiem\Documents\GitHub-Data\sdv-dev\cfbfastR-dev\cfbfastR-cfb-raw\python\_cfb_raw_utils.py", line 106, in _safe
    return fn(*args, **kwargs)
           ^^^^^^^^^^^^^^^^^^^
  File "C:\Users\saiem\Documents\GitHub-Data\sdv-dev\cfbfastR-dev\cfbfastR-cfb-raw\python\scrape_cfb_json.py", line 42, in _rosters
    return sdv.cfb.espn_cfb_game_rosters(
           ^^^^^^^^^^^^^^^^^^^^^^^^^^^^^^
  File "C:\Users\saiem\Documents\GitHub-Data\sdv-dev\cfbfastR-dev\cfbfastR-cfb-raw\.venv\Lib\site-packages\sportsdataverse\cfb\cfb_game_rosters.py", line 66, in espn_cfb_game_rosters
    team_rosters = helper_cfb_roster_items(items=items, summary_url=summary_url, **kwargs)
                   ^^^^^^^^^^^^^^^^^^^^^^^^^^^^^^^^^^^^^^^^^^^^^^^^^^^^^^^^^^^^^^^^^^^^^^^
  File "C:\Users\saiem\Documents\GitHub-Data\sdv-dev\cfbfastR-dev\cfbfastR-cfb-raw\.venv\Lib\site-packages\sportsdataverse\cfb\cfb_game_rosters.py", line 209, in helper_cfb_roster_items
    raise NoESPNDataError(f"NoESPNDataError: No roster data found for any team at {summary_url}")
sportsdataverse.errors.NoESPNDataError: NoESPNDataError: No roster data found for any team at https://sports.core.api.espn.com/v2/sports/football/leagues/college-football/events/401247318/competitions/401247318/competitors
ERROR:cfb_json_2020:extra fetch failed: _rosters(401247318,)
Traceback (most recent call last):
  File "C:\Users\saiem\Documents\GitHub-Data\sdv-dev\cfbfastR-dev\cfbfastR-cfb-raw\python\_cfb_raw_utils.py", line 106, in _safe
    return fn(*args, **kwargs)
           ^^^^^^^^^^^^^^^^^^^
  File "C:\Users\saiem\Documents\GitHub-Data\sdv-dev\cfbfastR-dev\cfbfastR-cfb-raw\python\scrape_cfb_json.py", line 42, in _rosters
    return sdv.cfb.espn_cfb_game_rosters(
           ^^^^^^^^^^^^^^^^^^^^^^^^^^^^^^
  File "C:\Users\saiem\Documents\GitHub-Data\sdv-dev\cfbfastR-dev\cfbfastR-cfb-raw\.venv\Lib\site-packages\sportsdataverse\cfb\cfb_game_rosters.py", line 66, in espn_cfb_game_rosters
    team_rosters = helper_cfb_roster_items(items=items, summary_url=summary_url, **kwargs)
                   ^^^^^^^^^^^^^^^^^^^^^^^^^^^^^^^^^^^^^^^^^^^^^^^^^^^^^^^^^^^^^^^^^^^^^^^
  File "C:\Users\saiem\Documents\GitHub-Data\sdv-dev\cfbfastR-dev\cfbfastR-cfb-raw\.venv\Lib\site-packages\sportsdataverse\cfb\cfb_game_rosters.py", line 209, in helper_cfb_roster_items
    raise NoESPNDataError(f"NoESPNDataError: No roster data found for any team at {summary_url}")
sportsdataverse.errors.NoESPNDataError: NoESPNDataError: No roster data found for any team at https://sports.core.api.espn.com/v2/sports/football/leagues/college-football/events/401247318/competitions/401247318/competitors
cfb 2020:  31%|###1      | 42/135 [00:10<00:16,  5.76it/s]2026-06-17 11:48:13,640 ERROR extra fetch failed: _rosters(401237131,)
Traceback (most recent call last):
  File "C:\Users\saiem\Documents\GitHub-Data\sdv-dev\cfbfastR-dev\cfbfastR-cfb-raw\python\_cfb_raw_utils.py", line 106, in _safe
    return fn(*args, **kwargs)
           ^^^^^^^^^^^^^^^^^^^
  File "C:\Users\saiem\Documents\GitHub-Data\sdv-dev\cfbfastR-dev\cfbfastR-cfb-raw\python\scrape_cfb_json.py", line 42, in _rosters
    return sdv.cfb.espn_cfb_game_rosters(
           ^^^^^^^^^^^^^^^^^^^^^^^^^^^^^^
  File "C:\Users\saiem\Documents\GitHub-Data\sdv-dev\cfbfastR-dev\cfbfastR-cfb-raw\.venv\Lib\site-packages\sportsdataverse\cfb\cfb_game_rosters.py", line 66, in espn_cfb_game_rosters
    team_rosters = helper_cfb_roster_items(items=items, summary_url=summary_url, **kwargs)
                   ^^^^^^^^^^^^^^^^^^^^^^^^^^^^^^^^^^^^^^^^^^^^^^^^^^^^^^^^^^^^^^^^^^^^^^^
  File "C:\Users\saiem\Documents\GitHub-Data\sdv-dev\cfbfastR-dev\cfbfastR-cfb-raw\.venv\Lib\site-packages\sportsdataverse\cfb\cfb_game_rosters.py", line 209, in helper_cfb_roster_items
    raise NoESPNDataError(f"NoESPNDataError: No roster data found for any team at {summary_url}")
sportsdataverse.errors.NoESPNDataError: NoESPNDataError: No roster data found for any team at https://sports.core.api.espn.com/v2/sports/football/leagues/college-football/events/401237131/competitions/401237131/competitors
ERROR:cfb_json_2020:extra fetch failed: _rosters(401237131,)
Traceback (most recent call last):
  File "C:\Users\saiem\Documents\GitHub-Data\sdv-dev\cfbfastR-dev\cfbfastR-cfb-raw\python\_cfb_raw_utils.py", line 106, in _safe
    return fn(*args, **kwargs)
           ^^^^^^^^^^^^^^^^^^^
  File "C:\Users\saiem\Documents\GitHub-Data\sdv-dev\cfbfastR-dev\cfbfastR-cfb-raw\python\scrape_cfb_json.py", line 42, in _rosters
    return sdv.cfb.espn_cfb_game_rosters(
           ^^^^^^^^^^^^^^^^^^^^^^^^^^^^^^
  File "C:\Users\saiem\Documents\GitHub-Data\sdv-dev\cfbfastR-dev\cfbfastR-cfb-raw\.venv\Lib\site-packages\sportsdataverse\cfb\cfb_game_rosters.py", line 66, in espn_cfb_game_rosters
    team_rosters = helper_cfb_roster_items(items=items, summary_url=summary_url, **kwargs)
                   ^^^^^^^^^^^^^^^^^^^^^^^^^^^^^^^^^^^^^^^^^^^^^^^^^^^^^^^^^^^^^^^^^^^^^^^
  File "C:\Users\saiem\Documents\GitHub-Data\sdv-dev\cfbfastR-dev\cfbfastR-cfb-raw\.venv\Lib\site-packages\sportsdataverse\cfb\cfb_game_rosters.py", line 209, in helper_cfb_roster_items
    raise NoESPNDataError(f"NoESPNDataError: No roster data found for any team at {summary_url}")
sportsdataverse.errors.NoESPNDataError: NoESPNDataError: No roster data found for any team at https://sports.core.api.espn.com/v2/sports/football/leagues/college-football/events/401237131/competitions/401237131/competitors
cfb 2020:  33%|###2      | 44/135 [00:10<00:16,  5.44it/s]2026-06-17 11:48:13,796 ERROR extra fetch failed: _rosters(401215330,)
Traceback (most recent call last):
  File "C:\Users\saiem\Documents\GitHub-Data\sdv-dev\cfbfastR-dev\cfbfastR-cfb-raw\python\_cfb_raw_utils.py", line 106, in _safe
    return fn(*args, **kwargs)
           ^^^^^^^^^^^^^^^^^^^
  File "C:\Users\saiem\Documents\GitHub-Data\sdv-dev\cfbfastR-dev\cfbfastR-cfb-raw\python\scrape_cfb_json.py", line 42, in _rosters
    return sdv.cfb.espn_cfb_game_rosters(
           ^^^^^^^^^^^^^^^^^^^^^^^^^^^^^^
  File "C:\Users\saiem\Documents\GitHub-Data\sdv-dev\cfbfastR-dev\cfbfastR-cfb-raw\.venv\Lib\site-packages\sportsdataverse\cfb\cfb_game_rosters.py", line 66, in espn_cfb_game_rosters
    team_rosters = helper_cfb_roster_items(items=items, summary_url=summary_url, **kwargs)
                   ^^^^^^^^^^^^^^^^^^^^^^^^^^^^^^^^^^^^^^^^^^^^^^^^^^^^^^^^^^^^^^^^^^^^^^^
  File "C:\Users\saiem\Documents\GitHub-Data\sdv-dev\cfbfastR-dev\cfbfastR-cfb-raw\.venv\Lib\site-packages\sportsdataverse\cfb\cfb_game_rosters.py", line 209, in helper_cfb_roster_items
    raise NoESPNDataError(f"NoESPNDataError: No roster data found for any team at {summary_url}")
sportsdataverse.errors.NoESPNDataError: NoESPNDataError: No roster data found for any team at https://sports.core.api.espn.com/v2/sports/football/leagues/college-football/events/401215330/competitions/401215330/competitors
ERROR:cfb_json_2020:extra fetch failed: _rosters(401215330,)
Traceback (most recent call last):
  File "C:\Users\saiem\Documents\GitHub-Data\sdv-dev\cfbfastR-dev\cfbfastR-cfb-raw\python\_cfb_raw_utils.py", line 106, in _safe
    return fn(*args, **kwargs)
           ^^^^^^^^^^^^^^^^^^^
  File "C:\Users\saiem\Documents\GitHub-Data\sdv-dev\cfbfastR-dev\cfbfastR-cfb-raw\python\scrape_cfb_json.py", line 42, in _rosters
    return sdv.cfb.espn_cfb_game_rosters(
           ^^^^^^^^^^^^^^^^^^^^^^^^^^^^^^
  File "C:\Users\saiem\Documents\GitHub-Data\sdv-dev\cfbfastR-dev\cfbfastR-cfb-raw\.venv\Lib\site-packages\sportsdataverse\cfb\cfb_game_rosters.py", line 66, in espn_cfb_game_rosters
    team_rosters = helper_cfb_roster_items(items=items, summary_url=summary_url, **kwargs)
                   ^^^^^^^^^^^^^^^^^^^^^^^^^^^^^^^^^^^^^^^^^^^^^^^^^^^^^^^^^^^^^^^^^^^^^^^
  File "C:\Users\saiem\Documents\GitHub-Data\sdv-dev\cfbfastR-dev\cfbfastR-cfb-raw\.venv\Lib\site-packages\sportsdataverse\cfb\cfb_game_rosters.py", line 209, in helper_cfb_roster_items
    raise NoESPNDataError(f"NoESPNDataError: No roster data found for any team at {summary_url}")
sportsdataverse.errors.NoESPNDataError: NoESPNDataError: No roster data found for any team at https://sports.core.api.espn.com/v2/sports/football/leagues/college-football/events/401215330/competitions/401215330/competitors
cfb 2020:  33%|###3      | 45/135 [00:10<00:16,  5.54it/s]2026-06-17 11:48:13,982 ERROR extra fetch failed: _rosters(401237130,)
Traceback (most recent call last):
  File "C:\Users\saiem\Documents\GitHub-Data\sdv-dev\cfbfastR-dev\cfbfastR-cfb-raw\python\_cfb_raw_utils.py", line 106, in _safe
    return fn(*args, **kwargs)
           ^^^^^^^^^^^^^^^^^^^
  File "C:\Users\saiem\Documents\GitHub-Data\sdv-dev\cfbfastR-dev\cfbfastR-cfb-raw\python\scrape_cfb_json.py", line 42, in _rosters
    return sdv.cfb.espn_cfb_game_rosters(
           ^^^^^^^^^^^^^^^^^^^^^^^^^^^^^^
  File "C:\Users\saiem\Documents\GitHub-Data\sdv-dev\cfbfastR-dev\cfbfastR-cfb-raw\.venv\Lib\site-packages\sportsdataverse\cfb\cfb_game_rosters.py", line 66, in espn_cfb_game_rosters
    team_rosters = helper_cfb_roster_items(items=items, summary_url=summary_url, **kwargs)
                   ^^^^^^^^^^^^^^^^^^^^^^^^^^^^^^^^^^^^^^^^^^^^^^^^^^^^^^^^^^^^^^^^^^^^^^^
  File "C:\Users\saiem\Documents\GitHub-Data\sdv-dev\cfbfastR-dev\cfbfastR-cfb-raw\.venv\Lib\site-packages\sportsdataverse\cfb\cfb_game_rosters.py", line 209, in helper_cfb_roster_items
    raise NoESPNDataError(f"NoESPNDataError: No roster data found for any team at {summary_url}")
sportsdataverse.errors.NoESPNDataError: NoESPNDataError: No roster data found for any team at https://sports.core.api.espn.com/v2/sports/football/leagues/college-football/events/401237130/competitions/401237130/competitors
ERROR:cfb_json_2020:extra fetch failed: _rosters(401237130,)
Traceback (most recent call last):
  File "C:\Users\saiem\Documents\GitHub-Data\sdv-dev\cfbfastR-dev\cfbfastR-cfb-raw\python\_cfb_raw_utils.py", line 106, in _safe
    return fn(*args, **kwargs)
           ^^^^^^^^^^^^^^^^^^^
  File "C:\Users\saiem\Documents\GitHub-Data\sdv-dev\cfbfastR-dev\cfbfastR-cfb-raw\python\scrape_cfb_json.py", line 42, in _rosters
    return sdv.cfb.espn_cfb_game_rosters(
           ^^^^^^^^^^^^^^^^^^^^^^^^^^^^^^
  File "C:\Users\saiem\Documents\GitHub-Data\sdv-dev\cfbfastR-dev\cfbfastR-cfb-raw\.venv\Lib\site-packages\sportsdataverse\cfb\cfb_game_rosters.py", line 66, in espn_cfb_game_rosters
    team_rosters = helper_cfb_roster_items(items=items, summary_url=summary_url, **kwargs)
                   ^^^^^^^^^^^^^^^^^^^^^^^^^^^^^^^^^^^^^^^^^^^^^^^^^^^^^^^^^^^^^^^^^^^^^^^
  File "C:\Users\saiem\Documents\GitHub-Data\sdv-dev\cfbfastR-dev\cfbfastR-cfb-raw\.venv\Lib\site-packages\sportsdataverse\cfb\cfb_game_rosters.py", line 209, in helper_cfb_roster_items
    raise NoESPNDataError(f"NoESPNDataError: No roster data found for any team at {summary_url}")
sportsdataverse.errors.NoESPNDataError: NoESPNDataError: No roster data found for any team at https://sports.core.api.espn.com/v2/sports/football/leagues/college-football/events/401237130/competitions/401237130/competitors
2026-06-17 11:48:14,111 ERROR extra fetch failed: _rosters(401257933,)
Traceback (most recent call last):
  File "C:\Users\saiem\Documents\GitHub-Data\sdv-dev\cfbfastR-dev\cfbfastR-cfb-raw\python\_cfb_raw_utils.py", line 106, in _safe
    return fn(*args, **kwargs)
           ^^^^^^^^^^^^^^^^^^^
  File "C:\Users\saiem\Documents\GitHub-Data\sdv-dev\cfbfastR-dev\cfbfastR-cfb-raw\python\scrape_cfb_json.py", line 42, in _rosters
    return sdv.cfb.espn_cfb_game_rosters(
           ^^^^^^^^^^^^^^^^^^^^^^^^^^^^^^
  File "C:\Users\saiem\Documents\GitHub-Data\sdv-dev\cfbfastR-dev\cfbfastR-cfb-raw\.venv\Lib\site-packages\sportsdataverse\cfb\cfb_game_rosters.py", line 66, in espn_cfb_game_rosters
    team_rosters = helper_cfb_roster_items(items=items, summary_url=summary_url, **kwargs)
                   ^^^^^^^^^^^^^^^^^^^^^^^^^^^^^^^^^^^^^^^^^^^^^^^^^^^^^^^^^^^^^^^^^^^^^^^
  File "C:\Users\saiem\Documents\GitHub-Data\sdv-dev\cfbfastR-dev\cfbfastR-cfb-raw\.venv\Lib\site-packages\sportsdataverse\cfb\cfb_game_rosters.py", line 209, in helper_cfb_roster_items
    raise NoESPNDataError(f"NoESPNDataError: No roster data found for any team at {summary_url}")
sportsdataverse.errors.NoESPNDataError: NoESPNDataError: No roster data found for any team at https://sports.core.api.espn.com/v2/sports/football/leagues/college-football/events/401257933/competitions/401257933/competitors
ERROR:cfb_json_2020:extra fetch failed: _rosters(401257933,)
Traceback (most recent call last):
  File "C:\Users\saiem\Documents\GitHub-Data\sdv-dev\cfbfastR-dev\cfbfastR-cfb-raw\python\_cfb_raw_utils.py", line 106, in _safe
    return fn(*args, **kwargs)
           ^^^^^^^^^^^^^^^^^^^
  File "C:\Users\saiem\Documents\GitHub-Data\sdv-dev\cfbfastR-dev\cfbfastR-cfb-raw\python\scrape_cfb_json.py", line 42, in _rosters
    return sdv.cfb.espn_cfb_game_rosters(
           ^^^^^^^^^^^^^^^^^^^^^^^^^^^^^^
  File "C:\Users\saiem\Documents\GitHub-Data\sdv-dev\cfbfastR-dev\cfbfastR-cfb-raw\.venv\Lib\site-packages\sportsdataverse\cfb\cfb_game_rosters.py", line 66, in espn_cfb_game_rosters
    team_rosters = helper_cfb_roster_items(items=items, summary_url=summary_url, **kwargs)
                   ^^^^^^^^^^^^^^^^^^^^^^^^^^^^^^^^^^^^^^^^^^^^^^^^^^^^^^^^^^^^^^^^^^^^^^^
  File "C:\Users\saiem\Documents\GitHub-Data\sdv-dev\cfbfastR-dev\cfbfastR-cfb-raw\.venv\Lib\site-packages\sportsdataverse\cfb\cfb_game_rosters.py", line 209, in helper_cfb_roster_items
    raise NoESPNDataError(f"NoESPNDataError: No roster data found for any team at {summary_url}")
sportsdataverse.errors.NoESPNDataError: NoESPNDataError: No roster data found for any team at https://sports.core.api.espn.com/v2/sports/football/leagues/college-football/events/401257933/competitions/401257933/competitors
cfb 2020:  34%|###4      | 46/135 [00:11<00:16,  5.55it/s]cfb 2020:  35%|###4      | 47/135 [00:11<00:14,  6.10it/s]2026-06-17 11:48:14,293 ERROR extra fetch failed: _rosters(401207177,)
Traceback (most recent call last):
  File "C:\Users\saiem\Documents\GitHub-Data\sdv-dev\cfbfastR-dev\cfbfastR-cfb-raw\python\_cfb_raw_utils.py", line 106, in _safe
    return fn(*args, **kwargs)
           ^^^^^^^^^^^^^^^^^^^
  File "C:\Users\saiem\Documents\GitHub-Data\sdv-dev\cfbfastR-dev\cfbfastR-cfb-raw\python\scrape_cfb_json.py", line 42, in _rosters
    return sdv.cfb.espn_cfb_game_rosters(
           ^^^^^^^^^^^^^^^^^^^^^^^^^^^^^^
  File "C:\Users\saiem\Documents\GitHub-Data\sdv-dev\cfbfastR-dev\cfbfastR-cfb-raw\.venv\Lib\site-packages\sportsdataverse\cfb\cfb_game_rosters.py", line 66, in espn_cfb_game_rosters
    team_rosters = helper_cfb_roster_items(items=items, summary_url=summary_url, **kwargs)
                   ^^^^^^^^^^^^^^^^^^^^^^^^^^^^^^^^^^^^^^^^^^^^^^^^^^^^^^^^^^^^^^^^^^^^^^^
  File "C:\Users\saiem\Documents\GitHub-Data\sdv-dev\cfbfastR-dev\cfbfastR-cfb-raw\.venv\Lib\site-packages\sportsdataverse\cfb\cfb_game_rosters.py", line 209, in helper_cfb_roster_items
    raise NoESPNDataError(f"NoESPNDataError: No roster data found for any team at {summary_url}")
sportsdataverse.errors.NoESPNDataError: NoESPNDataError: No roster data found for any team at https://sports.core.api.espn.com/v2/sports/football/leagues/college-football/events/401207177/competitions/401207177/competitors
ERROR:cfb_json_2020:extra fetch failed: _rosters(401207177,)
Traceback (most recent call last):
  File "C:\Users\saiem\Documents\GitHub-Data\sdv-dev\cfbfastR-dev\cfbfastR-cfb-raw\python\_cfb_raw_utils.py", line 106, in _safe
    return fn(*args, **kwargs)
           ^^^^^^^^^^^^^^^^^^^
  File "C:\Users\saiem\Documents\GitHub-Data\sdv-dev\cfbfastR-dev\cfbfastR-cfb-raw\python\scrape_cfb_json.py", line 42, in _rosters
    return sdv.cfb.espn_cfb_game_rosters(
           ^^^^^^^^^^^^^^^^^^^^^^^^^^^^^^
  File "C:\Users\saiem\Documents\GitHub-Data\sdv-dev\cfbfastR-dev\cfbfastR-cfb-raw\.venv\Lib\site-packages\sportsdataverse\cfb\cfb_game_rosters.py", line 66, in espn_cfb_game_rosters
    team_rosters = helper_cfb_roster_items(items=items, summary_url=summary_url, **kwargs)
                   ^^^^^^^^^^^^^^^^^^^^^^^^^^^^^^^^^^^^^^^^^^^^^^^^^^^^^^^^^^^^^^^^^^^^^^^
  File "C:\Users\saiem\Documents\GitHub-Data\sdv-dev\cfbfastR-dev\cfbfastR-cfb-raw\.venv\Lib\site-packages\sportsdataverse\cfb\cfb_game_rosters.py", line 209, in helper_cfb_roster_items
    raise NoESPNDataError(f"NoESPNDataError: No roster data found for any team at {summary_url}")
sportsdataverse.errors.NoESPNDataError: NoESPNDataError: No roster data found for any team at https://sports.core.api.espn.com/v2/sports/football/leagues/college-football/events/401207177/competitions/401207177/competitors
cfb 2020:  36%|###5      | 48/135 [00:11<00:14,  5.92it/s]2026-06-17 11:48:14,607 ERROR extra fetch failed: _rosters(401212554,)
Traceback (most recent call last):
  File "C:\Users\saiem\Documents\GitHub-Data\sdv-dev\cfbfastR-dev\cfbfastR-cfb-raw\python\_cfb_raw_utils.py", line 106, in _safe
    return fn(*args, **kwargs)
           ^^^^^^^^^^^^^^^^^^^
  File "C:\Users\saiem\Documents\GitHub-Data\sdv-dev\cfbfastR-dev\cfbfastR-cfb-raw\python\scrape_cfb_json.py", line 42, in _rosters
    return sdv.cfb.espn_cfb_game_rosters(
           ^^^^^^^^^^^^^^^^^^^^^^^^^^^^^^
  File "C:\Users\saiem\Documents\GitHub-Data\sdv-dev\cfbfastR-dev\cfbfastR-cfb-raw\.venv\Lib\site-packages\sportsdataverse\cfb\cfb_game_rosters.py", line 66, in espn_cfb_game_rosters
    team_rosters = helper_cfb_roster_items(items=items, summary_url=summary_url, **kwargs)
                   ^^^^^^^^^^^^^^^^^^^^^^^^^^^^^^^^^^^^^^^^^^^^^^^^^^^^^^^^^^^^^^^^^^^^^^^
  File "C:\Users\saiem\Documents\GitHub-Data\sdv-dev\cfbfastR-dev\cfbfastR-cfb-raw\.venv\Lib\site-packages\sportsdataverse\cfb\cfb_game_rosters.py", line 209, in helper_cfb_roster_items
    raise NoESPNDataError(f"NoESPNDataError: No roster data found for any team at {summary_url}")
sportsdataverse.errors.NoESPNDataError: NoESPNDataError: No roster data found for any team at https://sports.core.api.espn.com/v2/sports/football/leagues/college-football/events/401212554/competitions/401212554/competitors
ERROR:cfb_json_2020:extra fetch failed: _rosters(401212554,)
Traceback (most recent call last):
  File "C:\Users\saiem\Documents\GitHub-Data\sdv-dev\cfbfastR-dev\cfbfastR-cfb-raw\python\_cfb_raw_utils.py", line 106, in _safe
    return fn(*args, **kwargs)
           ^^^^^^^^^^^^^^^^^^^
  File "C:\Users\saiem\Documents\GitHub-Data\sdv-dev\cfbfastR-dev\cfbfastR-cfb-raw\python\scrape_cfb_json.py", line 42, in _rosters
    return sdv.cfb.espn_cfb_game_rosters(
           ^^^^^^^^^^^^^^^^^^^^^^^^^^^^^^
  File "C:\Users\saiem\Documents\GitHub-Data\sdv-dev\cfbfastR-dev\cfbfastR-cfb-raw\.venv\Lib\site-packages\sportsdataverse\cfb\cfb_game_rosters.py", line 66, in espn_cfb_game_rosters
    team_rosters = helper_cfb_roster_items(items=items, summary_url=summary_url, **kwargs)
                   ^^^^^^^^^^^^^^^^^^^^^^^^^^^^^^^^^^^^^^^^^^^^^^^^^^^^^^^^^^^^^^^^^^^^^^^
  File "C:\Users\saiem\Documents\GitHub-Data\sdv-dev\cfbfastR-dev\cfbfastR-cfb-raw\.venv\Lib\site-packages\sportsdataverse\cfb\cfb_game_rosters.py", line 209, in helper_cfb_roster_items
    raise NoESPNDataError(f"NoESPNDataError: No roster data found for any team at {summary_url}")
sportsdataverse.errors.NoESPNDataError: NoESPNDataError: No roster data found for any team at https://sports.core.api.espn.com/v2/sports/football/leagues/college-football/events/401212554/competitions/401212554/competitors
2026-06-17 11:48:14,648 ERROR extra fetch failed: _rosters(401207175,)
Traceback (most recent call last):
  File "C:\Users\saiem\Documents\GitHub-Data\sdv-dev\cfbfastR-dev\cfbfastR-cfb-raw\python\_cfb_raw_utils.py", line 106, in _safe
    return fn(*args, **kwargs)
           ^^^^^^^^^^^^^^^^^^^
  File "C:\Users\saiem\Documents\GitHub-Data\sdv-dev\cfbfastR-dev\cfbfastR-cfb-raw\python\scrape_cfb_json.py", line 42, in _rosters
    return sdv.cfb.espn_cfb_game_rosters(
           ^^^^^^^^^^^^^^^^^^^^^^^^^^^^^^
  File "C:\Users\saiem\Documents\GitHub-Data\sdv-dev\cfbfastR-dev\cfbfastR-cfb-raw\.venv\Lib\site-packages\sportsdataverse\cfb\cfb_game_rosters.py", line 66, in espn_cfb_game_rosters
    team_rosters = helper_cfb_roster_items(items=items, summary_url=summary_url, **kwargs)
                   ^^^^^^^^^^^^^^^^^^^^^^^^^^^^^^^^^^^^^^^^^^^^^^^^^^^^^^^^^^^^^^^^^^^^^^^
  File "C:\Users\saiem\Documents\GitHub-Data\sdv-dev\cfbfastR-dev\cfbfastR-cfb-raw\.venv\Lib\site-packages\sportsdataverse\cfb\cfb_game_rosters.py", line 209, in helper_cfb_roster_items
    raise NoESPNDataError(f"NoESPNDataError: No roster data found for any team at {summary_url}")
sportsdataverse.errors.NoESPNDataError: NoESPNDataError: No roster data found for any team at https://sports.core.api.espn.com/v2/sports/football/leagues/college-football/events/401207175/competitions/401207175/competitors
ERROR:cfb_json_2020:extra fetch failed: _rosters(401207175,)
Traceback (most recent call last):
  File "C:\Users\saiem\Documents\GitHub-Data\sdv-dev\cfbfastR-dev\cfbfastR-cfb-raw\python\_cfb_raw_utils.py", line 106, in _safe
    return fn(*args, **kwargs)
           ^^^^^^^^^^^^^^^^^^^
  File "C:\Users\saiem\Documents\GitHub-Data\sdv-dev\cfbfastR-dev\cfbfastR-cfb-raw\python\scrape_cfb_json.py", line 42, in _rosters
    return sdv.cfb.espn_cfb_game_rosters(
           ^^^^^^^^^^^^^^^^^^^^^^^^^^^^^^
  File "C:\Users\saiem\Documents\GitHub-Data\sdv-dev\cfbfastR-dev\cfbfastR-cfb-raw\.venv\Lib\site-packages\sportsdataverse\cfb\cfb_game_rosters.py", line 66, in espn_cfb_game_rosters
    team_rosters = helper_cfb_roster_items(items=items, summary_url=summary_url, **kwargs)
                   ^^^^^^^^^^^^^^^^^^^^^^^^^^^^^^^^^^^^^^^^^^^^^^^^^^^^^^^^^^^^^^^^^^^^^^^
  File "C:\Users\saiem\Documents\GitHub-Data\sdv-dev\cfbfastR-dev\cfbfastR-cfb-raw\.venv\Lib\site-packages\sportsdataverse\cfb\cfb_game_rosters.py", line 209, in helper_cfb_roster_items
    raise NoESPNDataError(f"NoESPNDataError: No roster data found for any team at {summary_url}")
sportsdataverse.errors.NoESPNDataError: NoESPNDataError: No roster data found for any team at https://sports.core.api.espn.com/v2/sports/football/leagues/college-football/events/401207175/competitions/401207175/competitors
cfb 2020:  36%|###6      | 49/135 [00:11<00:18,  4.54it/s]2026-06-17 11:48:14,999 ERROR extra fetch failed: _rosters(401234640,)
Traceback (most recent call last):
  File "C:\Users\saiem\Documents\GitHub-Data\sdv-dev\cfbfastR-dev\cfbfastR-cfb-raw\python\_cfb_raw_utils.py", line 106, in _safe
    return fn(*args, **kwargs)
           ^^^^^^^^^^^^^^^^^^^
  File "C:\Users\saiem\Documents\GitHub-Data\sdv-dev\cfbfastR-dev\cfbfastR-cfb-raw\python\scrape_cfb_json.py", line 42, in _rosters
    return sdv.cfb.espn_cfb_game_rosters(
           ^^^^^^^^^^^^^^^^^^^^^^^^^^^^^^
  File "C:\Users\saiem\Documents\GitHub-Data\sdv-dev\cfbfastR-dev\cfbfastR-cfb-raw\.venv\Lib\site-packages\sportsdataverse\cfb\cfb_game_rosters.py", line 66, in espn_cfb_game_rosters
    team_rosters = helper_cfb_roster_items(items=items, summary_url=summary_url, **kwargs)
                   ^^^^^^^^^^^^^^^^^^^^^^^^^^^^^^^^^^^^^^^^^^^^^^^^^^^^^^^^^^^^^^^^^^^^^^^
  File "C:\Users\saiem\Documents\GitHub-Data\sdv-dev\cfbfastR-dev\cfbfastR-cfb-raw\.venv\Lib\site-packages\sportsdataverse\cfb\cfb_game_rosters.py", line 209, in helper_cfb_roster_items
    raise NoESPNDataError(f"NoESPNDataError: No roster data found for any team at {summary_url}")
sportsdataverse.errors.NoESPNDataError: NoESPNDataError: No roster data found for any team at https://sports.core.api.espn.com/v2/sports/football/leagues/college-football/events/401234640/competitions/401234640/competitors
ERROR:cfb_json_2020:extra fetch failed: _rosters(401234640,)
Traceback (most recent call last):
  File "C:\Users\saiem\Documents\GitHub-Data\sdv-dev\cfbfastR-dev\cfbfastR-cfb-raw\python\_cfb_raw_utils.py", line 106, in _safe
    return fn(*args, **kwargs)
           ^^^^^^^^^^^^^^^^^^^
  File "C:\Users\saiem\Documents\GitHub-Data\sdv-dev\cfbfastR-dev\cfbfastR-cfb-raw\python\scrape_cfb_json.py", line 42, in _rosters
    return sdv.cfb.espn_cfb_game_rosters(
           ^^^^^^^^^^^^^^^^^^^^^^^^^^^^^^
  File "C:\Users\saiem\Documents\GitHub-Data\sdv-dev\cfbfastR-dev\cfbfastR-cfb-raw\.venv\Lib\site-packages\sportsdataverse\cfb\cfb_game_rosters.py", line 66, in espn_cfb_game_rosters
    team_rosters = helper_cfb_roster_items(items=items, summary_url=summary_url, **kwargs)
                   ^^^^^^^^^^^^^^^^^^^^^^^^^^^^^^^^^^^^^^^^^^^^^^^^^^^^^^^^^^^^^^^^^^^^^^^
  File "C:\Users\saiem\Documents\GitHub-Data\sdv-dev\cfbfastR-dev\cfbfastR-cfb-raw\.venv\Lib\site-packages\sportsdataverse\cfb\cfb_game_rosters.py", line 209, in helper_cfb_roster_items
    raise NoESPNDataError(f"NoESPNDataError: No roster data found for any team at {summary_url}")
sportsdataverse.errors.NoESPNDataError: NoESPNDataError: No roster data found for any team at https://sports.core.api.espn.com/v2/sports/football/leagues/college-football/events/401234640/competitions/401234640/competitors
2026-06-17 11:48:14,999 ERROR extra fetch failed: _rosters(401249011,)
Traceback (most recent call last):
  File "C:\Users\saiem\Documents\GitHub-Data\sdv-dev\cfbfastR-dev\cfbfastR-cfb-raw\python\_cfb_raw_utils.py", line 106, in _safe
    return fn(*args, **kwargs)
           ^^^^^^^^^^^^^^^^^^^
  File "C:\Users\saiem\Documents\GitHub-Data\sdv-dev\cfbfastR-dev\cfbfastR-cfb-raw\python\scrape_cfb_json.py", line 42, in _rosters
    return sdv.cfb.espn_cfb_game_rosters(
           ^^^^^^^^^^^^^^^^^^^^^^^^^^^^^^
  File "C:\Users\saiem\Documents\GitHub-Data\sdv-dev\cfbfastR-dev\cfbfastR-cfb-raw\.venv\Lib\site-packages\sportsdataverse\cfb\cfb_game_rosters.py", line 66, in espn_cfb_game_rosters
    team_rosters = helper_cfb_roster_items(items=items, summary_url=summary_url, **kwargs)
                   ^^^^^^^^^^^^^^^^^^^^^^^^^^^^^^^^^^^^^^^^^^^^^^^^^^^^^^^^^^^^^^^^^^^^^^^
  File "C:\Users\saiem\Documents\GitHub-Data\sdv-dev\cfbfastR-dev\cfbfastR-cfb-raw\.venv\Lib\site-packages\sportsdataverse\cfb\cfb_game_rosters.py", line 209, in helper_cfb_roster_items
    raise NoESPNDataError(f"NoESPNDataError: No roster data found for any team at {summary_url}")
sportsdataverse.errors.NoESPNDataError: NoESPNDataError: No roster data found for any team at https://sports.core.api.espn.com/v2/sports/football/leagues/college-football/events/401249011/competitions/401249011/competitors
ERROR:cfb_json_2020:extra fetch failed: _rosters(401249011,)
Traceback (most recent call last):
  File "C:\Users\saiem\Documents\GitHub-Data\sdv-dev\cfbfastR-dev\cfbfastR-cfb-raw\python\_cfb_raw_utils.py", line 106, in _safe
    return fn(*args, **kwargs)
           ^^^^^^^^^^^^^^^^^^^
  File "C:\Users\saiem\Documents\GitHub-Data\sdv-dev\cfbfastR-dev\cfbfastR-cfb-raw\python\scrape_cfb_json.py", line 42, in _rosters
    return sdv.cfb.espn_cfb_game_rosters(
           ^^^^^^^^^^^^^^^^^^^^^^^^^^^^^^
  File "C:\Users\saiem\Documents\GitHub-Data\sdv-dev\cfbfastR-dev\cfbfastR-cfb-raw\.venv\Lib\site-packages\sportsdataverse\cfb\cfb_game_rosters.py", line 66, in espn_cfb_game_rosters
    team_rosters = helper_cfb_roster_items(items=items, summary_url=summary_url, **kwargs)
                   ^^^^^^^^^^^^^^^^^^^^^^^^^^^^^^^^^^^^^^^^^^^^^^^^^^^^^^^^^^^^^^^^^^^^^^^
  File "C:\Users\saiem\Documents\GitHub-Data\sdv-dev\cfbfastR-dev\cfbfastR-cfb-raw\.venv\Lib\site-packages\sportsdataverse\cfb\cfb_game_rosters.py", line 209, in helper_cfb_roster_items
    raise NoESPNDataError(f"NoESPNDataError: No roster data found for any team at {summary_url}")
sportsdataverse.errors.NoESPNDataError: NoESPNDataError: No roster data found for any team at https://sports.core.api.espn.com/v2/sports/football/leagues/college-football/events/401249011/competitions/401249011/competitors
cfb 2020:  38%|###7      | 51/135 [00:12<00:16,  4.94it/s]2026-06-17 11:48:15,286 ERROR extra fetch failed: _rosters(401249407,)
Traceback (most recent call last):
  File "C:\Users\saiem\Documents\GitHub-Data\sdv-dev\cfbfastR-dev\cfbfastR-cfb-raw\python\_cfb_raw_utils.py", line 106, in _safe
    return fn(*args, **kwargs)
           ^^^^^^^^^^^^^^^^^^^
  File "C:\Users\saiem\Documents\GitHub-Data\sdv-dev\cfbfastR-dev\cfbfastR-cfb-raw\python\scrape_cfb_json.py", line 42, in _rosters
    return sdv.cfb.espn_cfb_game_rosters(
           ^^^^^^^^^^^^^^^^^^^^^^^^^^^^^^
  File "C:\Users\saiem\Documents\GitHub-Data\sdv-dev\cfbfastR-dev\cfbfastR-cfb-raw\.venv\Lib\site-packages\sportsdataverse\cfb\cfb_game_rosters.py", line 66, in espn_cfb_game_rosters
    team_rosters = helper_cfb_roster_items(items=items, summary_url=summary_url, **kwargs)
                   ^^^^^^^^^^^^^^^^^^^^^^^^^^^^^^^^^^^^^^^^^^^^^^^^^^^^^^^^^^^^^^^^^^^^^^^
  File "C:\Users\saiem\Documents\GitHub-Data\sdv-dev\cfbfastR-dev\cfbfastR-cfb-raw\.venv\Lib\site-packages\sportsdataverse\cfb\cfb_game_rosters.py", line 209, in helper_cfb_roster_items
    raise NoESPNDataError(f"NoESPNDataError: No roster data found for any team at {summary_url}")
sportsdataverse.errors.NoESPNDataError: NoESPNDataError: No roster data found for any team at https://sports.core.api.espn.com/v2/sports/football/leagues/college-football/events/401249407/competitions/401249407/competitors
ERROR:cfb_json_2020:extra fetch failed: _rosters(401249407,)
Traceback (most recent call last):
  File "C:\Users\saiem\Documents\GitHub-Data\sdv-dev\cfbfastR-dev\cfbfastR-cfb-raw\python\_cfb_raw_utils.py", line 106, in _safe
    return fn(*args, **kwargs)
           ^^^^^^^^^^^^^^^^^^^
  File "C:\Users\saiem\Documents\GitHub-Data\sdv-dev\cfbfastR-dev\cfbfastR-cfb-raw\python\scrape_cfb_json.py", line 42, in _rosters
    return sdv.cfb.espn_cfb_game_rosters(
           ^^^^^^^^^^^^^^^^^^^^^^^^^^^^^^
  File "C:\Users\saiem\Documents\GitHub-Data\sdv-dev\cfbfastR-dev\cfbfastR-cfb-raw\.venv\Lib\site-packages\sportsdataverse\cfb\cfb_game_rosters.py", line 66, in espn_cfb_game_rosters
    team_rosters = helper_cfb_roster_items(items=items, summary_url=summary_url, **kwargs)
                   ^^^^^^^^^^^^^^^^^^^^^^^^^^^^^^^^^^^^^^^^^^^^^^^^^^^^^^^^^^^^^^^^^^^^^^^
  File "C:\Users\saiem\Documents\GitHub-Data\sdv-dev\cfbfastR-dev\cfbfastR-cfb-raw\.venv\Lib\site-packages\sportsdataverse\cfb\cfb_game_rosters.py", line 209, in helper_cfb_roster_items
    raise NoESPNDataError(f"NoESPNDataError: No roster data found for any team at {summary_url}")
sportsdataverse.errors.NoESPNDataError: NoESPNDataError: No roster data found for any team at https://sports.core.api.espn.com/v2/sports/football/leagues/college-football/events/401249407/competitions/401249407/competitors
2026-06-17 11:48:15,345 ERROR extra fetch failed: _rosters(401249408,)
Traceback (most recent call last):
  File "C:\Users\saiem\Documents\GitHub-Data\sdv-dev\cfbfastR-dev\cfbfastR-cfb-raw\python\_cfb_raw_utils.py", line 106, in _safe
    return fn(*args, **kwargs)
           ^^^^^^^^^^^^^^^^^^^
  File "C:\Users\saiem\Documents\GitHub-Data\sdv-dev\cfbfastR-dev\cfbfastR-cfb-raw\python\scrape_cfb_json.py", line 42, in _rosters
    return sdv.cfb.espn_cfb_game_rosters(
           ^^^^^^^^^^^^^^^^^^^^^^^^^^^^^^
  File "C:\Users\saiem\Documents\GitHub-Data\sdv-dev\cfbfastR-dev\cfbfastR-cfb-raw\.venv\Lib\site-packages\sportsdataverse\cfb\cfb_game_rosters.py", line 66, in espn_cfb_game_rosters
    team_rosters = helper_cfb_roster_items(items=items, summary_url=summary_url, **kwargs)
                   ^^^^^^^^^^^^^^^^^^^^^^^^^^^^^^^^^^^^^^^^^^^^^^^^^^^^^^^^^^^^^^^^^^^^^^^
  File "C:\Users\saiem\Documents\GitHub-Data\sdv-dev\cfbfastR-dev\cfbfastR-cfb-raw\.venv\Lib\site-packages\sportsdataverse\cfb\cfb_game_rosters.py", line 209, in helper_cfb_roster_items
    raise NoESPNDataError(f"NoESPNDataError: No roster data found for any team at {summary_url}")
sportsdataverse.errors.NoESPNDataError: NoESPNDataError: No roster data found for any team at https://sports.core.api.espn.com/v2/sports/football/leagues/college-football/events/401249408/competitions/401249408/competitors
ERROR:cfb_json_2020:extra fetch failed: _rosters(401249408,)
Traceback (most recent call last):
  File "C:\Users\saiem\Documents\GitHub-Data\sdv-dev\cfbfastR-dev\cfbfastR-cfb-raw\python\_cfb_raw_utils.py", line 106, in _safe
    return fn(*args, **kwargs)
           ^^^^^^^^^^^^^^^^^^^
  File "C:\Users\saiem\Documents\GitHub-Data\sdv-dev\cfbfastR-dev\cfbfastR-cfb-raw\python\scrape_cfb_json.py", line 42, in _rosters
    return sdv.cfb.espn_cfb_game_rosters(
           ^^^^^^^^^^^^^^^^^^^^^^^^^^^^^^
  File "C:\Users\saiem\Documents\GitHub-Data\sdv-dev\cfbfastR-dev\cfbfastR-cfb-raw\.venv\Lib\site-packages\sportsdataverse\cfb\cfb_game_rosters.py", line 66, in espn_cfb_game_rosters
    team_rosters = helper_cfb_roster_items(items=items, summary_url=summary_url, **kwargs)
                   ^^^^^^^^^^^^^^^^^^^^^^^^^^^^^^^^^^^^^^^^^^^^^^^^^^^^^^^^^^^^^^^^^^^^^^^
  File "C:\Users\saiem\Documents\GitHub-Data\sdv-dev\cfbfastR-dev\cfbfastR-cfb-raw\.venv\Lib\site-packages\sportsdataverse\cfb\cfb_game_rosters.py", line 209, in helper_cfb_roster_items
    raise NoESPNDataError(f"NoESPNDataError: No roster data found for any team at {summary_url}")
sportsdataverse.errors.NoESPNDataError: NoESPNDataError: No roster data found for any team at https://sports.core.api.espn.com/v2/sports/football/leagues/college-football/events/401249408/competitions/401249408/competitors
cfb 2020:  39%|###9      | 53/135 [00:12<00:14,  5.50it/s]2026-06-17 11:48:15,665 ERROR extra fetch failed: _rosters(401260376,)
Traceback (most recent call last):
  File "C:\Users\saiem\Documents\GitHub-Data\sdv-dev\cfbfastR-dev\cfbfastR-cfb-raw\python\_cfb_raw_utils.py", line 106, in _safe
    return fn(*args, **kwargs)
           ^^^^^^^^^^^^^^^^^^^
  File "C:\Users\saiem\Documents\GitHub-Data\sdv-dev\cfbfastR-dev\cfbfastR-cfb-raw\python\scrape_cfb_json.py", line 42, in _rosters
    return sdv.cfb.espn_cfb_game_rosters(
           ^^^^^^^^^^^^^^^^^^^^^^^^^^^^^^
  File "C:\Users\saiem\Documents\GitHub-Data\sdv-dev\cfbfastR-dev\cfbfastR-cfb-raw\.venv\Lib\site-packages\sportsdataverse\cfb\cfb_game_rosters.py", line 66, in espn_cfb_game_rosters
    team_rosters = helper_cfb_roster_items(items=items, summary_url=summary_url, **kwargs)
                   ^^^^^^^^^^^^^^^^^^^^^^^^^^^^^^^^^^^^^^^^^^^^^^^^^^^^^^^^^^^^^^^^^^^^^^^
  File "C:\Users\saiem\Documents\GitHub-Data\sdv-dev\cfbfastR-dev\cfbfastR-cfb-raw\.venv\Lib\site-packages\sportsdataverse\cfb\cfb_game_rosters.py", line 209, in helper_cfb_roster_items
    raise NoESPNDataError(f"NoESPNDataError: No roster data found for any team at {summary_url}")
sportsdataverse.errors.NoESPNDataError: NoESPNDataError: No roster data found for any team at https://sports.core.api.espn.com/v2/sports/football/leagues/college-football/events/401260376/competitions/401260376/competitors
ERROR:cfb_json_2020:extra fetch failed: _rosters(401260376,)
Traceback (most recent call last):
  File "C:\Users\saiem\Documents\GitHub-Data\sdv-dev\cfbfastR-dev\cfbfastR-cfb-raw\python\_cfb_raw_utils.py", line 106, in _safe
    return fn(*args, **kwargs)
           ^^^^^^^^^^^^^^^^^^^
  File "C:\Users\saiem\Documents\GitHub-Data\sdv-dev\cfbfastR-dev\cfbfastR-cfb-raw\python\scrape_cfb_json.py", line 42, in _rosters
    return sdv.cfb.espn_cfb_game_rosters(
           ^^^^^^^^^^^^^^^^^^^^^^^^^^^^^^
  File "C:\Users\saiem\Documents\GitHub-Data\sdv-dev\cfbfastR-dev\cfbfastR-cfb-raw\.venv\Lib\site-packages\sportsdataverse\cfb\cfb_game_rosters.py", line 66, in espn_cfb_game_rosters
    team_rosters = helper_cfb_roster_items(items=items, summary_url=summary_url, **kwargs)
                   ^^^^^^^^^^^^^^^^^^^^^^^^^^^^^^^^^^^^^^^^^^^^^^^^^^^^^^^^^^^^^^^^^^^^^^^
  File "C:\Users\saiem\Documents\GitHub-Data\sdv-dev\cfbfastR-dev\cfbfastR-cfb-raw\.venv\Lib\site-packages\sportsdataverse\cfb\cfb_game_rosters.py", line 209, in helper_cfb_roster_items
    raise NoESPNDataError(f"NoESPNDataError: No roster data found for any team at {summary_url}")
sportsdataverse.errors.NoESPNDataError: NoESPNDataError: No roster data found for any team at https://sports.core.api.espn.com/v2/sports/football/leagues/college-football/events/401260376/competitions/401260376/competitors
cfb 2020:  41%|####      | 55/135 [00:12<00:14,  5.53it/s]2026-06-17 11:48:16,006 ERROR extra fetch failed: _rosters(401249891,)
Traceback (most recent call last):
  File "C:\Users\saiem\Documents\GitHub-Data\sdv-dev\cfbfastR-dev\cfbfastR-cfb-raw\python\_cfb_raw_utils.py", line 106, in _safe
    return fn(*args, **kwargs)
           ^^^^^^^^^^^^^^^^^^^
  File "C:\Users\saiem\Documents\GitHub-Data\sdv-dev\cfbfastR-dev\cfbfastR-cfb-raw\python\scrape_cfb_json.py", line 42, in _rosters
    return sdv.cfb.espn_cfb_game_rosters(
           ^^^^^^^^^^^^^^^^^^^^^^^^^^^^^^
  File "C:\Users\saiem\Documents\GitHub-Data\sdv-dev\cfbfastR-dev\cfbfastR-cfb-raw\.venv\Lib\site-packages\sportsdataverse\cfb\cfb_game_rosters.py", line 66, in espn_cfb_game_rosters
    team_rosters = helper_cfb_roster_items(items=items, summary_url=summary_url, **kwargs)
                   ^^^^^^^^^^^^^^^^^^^^^^^^^^^^^^^^^^^^^^^^^^^^^^^^^^^^^^^^^^^^^^^^^^^^^^^
  File "C:\Users\saiem\Documents\GitHub-Data\sdv-dev\cfbfastR-dev\cfbfastR-cfb-raw\.venv\Lib\site-packages\sportsdataverse\cfb\cfb_game_rosters.py", line 209, in helper_cfb_roster_items
    raise NoESPNDataError(f"NoESPNDataError: No roster data found for any team at {summary_url}")
sportsdataverse.errors.NoESPNDataError: NoESPNDataError: No roster data found for any team at https://sports.core.api.espn.com/v2/sports/football/leagues/college-football/events/401249891/competitions/401249891/competitors
ERROR:cfb_json_2020:extra fetch failed: _rosters(401249891,)
Traceback (most recent call last):
  File "C:\Users\saiem\Documents\GitHub-Data\sdv-dev\cfbfastR-dev\cfbfastR-cfb-raw\python\_cfb_raw_utils.py", line 106, in _safe
    return fn(*args, **kwargs)
           ^^^^^^^^^^^^^^^^^^^
  File "C:\Users\saiem\Documents\GitHub-Data\sdv-dev\cfbfastR-dev\cfbfastR-cfb-raw\python\scrape_cfb_json.py", line 42, in _rosters
    return sdv.cfb.espn_cfb_game_rosters(
           ^^^^^^^^^^^^^^^^^^^^^^^^^^^^^^
  File "C:\Users\saiem\Documents\GitHub-Data\sdv-dev\cfbfastR-dev\cfbfastR-cfb-raw\.venv\Lib\site-packages\sportsdataverse\cfb\cfb_game_rosters.py", line 66, in espn_cfb_game_rosters
    team_rosters = helper_cfb_roster_items(items=items, summary_url=summary_url, **kwargs)
                   ^^^^^^^^^^^^^^^^^^^^^^^^^^^^^^^^^^^^^^^^^^^^^^^^^^^^^^^^^^^^^^^^^^^^^^^
  File "C:\Users\saiem\Documents\GitHub-Data\sdv-dev\cfbfastR-dev\cfbfastR-cfb-raw\.venv\Lib\site-packages\sportsdataverse\cfb\cfb_game_rosters.py", line 209, in helper_cfb_roster_items
    raise NoESPNDataError(f"NoESPNDataError: No roster data found for any team at {summary_url}")
sportsdataverse.errors.NoESPNDataError: NoESPNDataError: No roster data found for any team at https://sports.core.api.espn.com/v2/sports/football/leagues/college-football/events/401249891/competitions/401249891/competitors
2026-06-17 11:48:16,117 ERROR extra fetch failed: _rosters(401249022,)
Traceback (most recent call last):
  File "C:\Users\saiem\Documents\GitHub-Data\sdv-dev\cfbfastR-dev\cfbfastR-cfb-raw\python\_cfb_raw_utils.py", line 106, in _safe
    return fn(*args, **kwargs)
           ^^^^^^^^^^^^^^^^^^^
  File "C:\Users\saiem\Documents\GitHub-Data\sdv-dev\cfbfastR-dev\cfbfastR-cfb-raw\python\scrape_cfb_json.py", line 42, in _rosters
    return sdv.cfb.espn_cfb_game_rosters(
           ^^^^^^^^^^^^^^^^^^^^^^^^^^^^^^
  File "C:\Users\saiem\Documents\GitHub-Data\sdv-dev\cfbfastR-dev\cfbfastR-cfb-raw\.venv\Lib\site-packages\sportsdataverse\cfb\cfb_game_rosters.py", line 66, in espn_cfb_game_rosters
    team_rosters = helper_cfb_roster_items(items=items, summary_url=summary_url, **kwargs)
                   ^^^^^^^^^^^^^^^^^^^^^^^^^^^^^^^^^^^^^^^^^^^^^^^^^^^^^^^^^^^^^^^^^^^^^^^
  File "C:\Users\saiem\Documents\GitHub-Data\sdv-dev\cfbfastR-dev\cfbfastR-cfb-raw\.venv\Lib\site-packages\sportsdataverse\cfb\cfb_game_rosters.py", line 209, in helper_cfb_roster_items
    raise NoESPNDataError(f"NoESPNDataError: No roster data found for any team at {summary_url}")
sportsdataverse.errors.NoESPNDataError: NoESPNDataError: No roster data found for any team at https://sports.core.api.espn.com/v2/sports/football/leagues/college-football/events/401249022/competitions/401249022/competitors
2026-06-17 11:48:16,117 ERROR extra fetch failed: _rosters(401207186,)
Traceback (most recent call last):
  File "C:\Users\saiem\Documents\GitHub-Data\sdv-dev\cfbfastR-dev\cfbfastR-cfb-raw\python\_cfb_raw_utils.py", line 106, in _safe
    return fn(*args, **kwargs)
           ^^^^^^^^^^^^^^^^^^^
  File "C:\Users\saiem\Documents\GitHub-Data\sdv-dev\cfbfastR-dev\cfbfastR-cfb-raw\python\scrape_cfb_json.py", line 42, in _rosters
    return sdv.cfb.espn_cfb_game_rosters(
           ^^^^^^^^^^^^^^^^^^^^^^^^^^^^^^
  File "C:\Users\saiem\Documents\GitHub-Data\sdv-dev\cfbfastR-dev\cfbfastR-cfb-raw\.venv\Lib\site-packages\sportsdataverse\cfb\cfb_game_rosters.py", line 66, in espn_cfb_game_rosters
    team_rosters = helper_cfb_roster_items(items=items, summary_url=summary_url, **kwargs)
                   ^^^^^^^^^^^^^^^^^^^^^^^^^^^^^^^^^^^^^^^^^^^^^^^^^^^^^^^^^^^^^^^^^^^^^^^
  File "C:\Users\saiem\Documents\GitHub-Data\sdv-dev\cfbfastR-dev\cfbfastR-cfb-raw\.venv\Lib\site-packages\sportsdataverse\cfb\cfb_game_rosters.py", line 209, in helper_cfb_roster_items
    raise NoESPNDataError(f"NoESPNDataError: No roster data found for any team at {summary_url}")
sportsdataverse.errors.NoESPNDataError: NoESPNDataError: No roster data found for any team at https://sports.core.api.espn.com/v2/sports/football/leagues/college-football/events/401207186/competitions/401207186/competitors
ERROR:cfb_json_2020:extra fetch failed: _rosters(401249022,)
Traceback (most recent call last):
  File "C:\Users\saiem\Documents\GitHub-Data\sdv-dev\cfbfastR-dev\cfbfastR-cfb-raw\python\_cfb_raw_utils.py", line 106, in _safe
    return fn(*args, **kwargs)
           ^^^^^^^^^^^^^^^^^^^
  File "C:\Users\saiem\Documents\GitHub-Data\sdv-dev\cfbfastR-dev\cfbfastR-cfb-raw\python\scrape_cfb_json.py", line 42, in _rosters
    return sdv.cfb.espn_cfb_game_rosters(
           ^^^^^^^^^^^^^^^^^^^^^^^^^^^^^^
  File "C:\Users\saiem\Documents\GitHub-Data\sdv-dev\cfbfastR-dev\cfbfastR-cfb-raw\.venv\Lib\site-packages\sportsdataverse\cfb\cfb_game_rosters.py", line 66, in espn_cfb_game_rosters
    team_rosters = helper_cfb_roster_items(items=items, summary_url=summary_url, **kwargs)
                   ^^^^^^^^^^^^^^^^^^^^^^^^^^^^^^^^^^^^^^^^^^^^^^^^^^^^^^^^^^^^^^^^^^^^^^^
  File "C:\Users\saiem\Documents\GitHub-Data\sdv-dev\cfbfastR-dev\cfbfastR-cfb-raw\.venv\Lib\site-packages\sportsdataverse\cfb\cfb_game_rosters.py", line 209, in helper_cfb_roster_items
    raise NoESPNDataError(f"NoESPNDataError: No roster data found for any team at {summary_url}")
sportsdataverse.errors.NoESPNDataError: NoESPNDataError: No roster data found for any team at https://sports.core.api.espn.com/v2/sports/football/leagues/college-football/events/401249022/competitions/401249022/competitors
ERROR:cfb_json_2020:extra fetch failed: _rosters(401207186,)
Traceback (most recent call last):
  File "C:\Users\saiem\Documents\GitHub-Data\sdv-dev\cfbfastR-dev\cfbfastR-cfb-raw\python\_cfb_raw_utils.py", line 106, in _safe
    return fn(*args, **kwargs)
           ^^^^^^^^^^^^^^^^^^^
  File "C:\Users\saiem\Documents\GitHub-Data\sdv-dev\cfbfastR-dev\cfbfastR-cfb-raw\python\scrape_cfb_json.py", line 42, in _rosters
    return sdv.cfb.espn_cfb_game_rosters(
           ^^^^^^^^^^^^^^^^^^^^^^^^^^^^^^
  File "C:\Users\saiem\Documents\GitHub-Data\sdv-dev\cfbfastR-dev\cfbfastR-cfb-raw\.venv\Lib\site-packages\sportsdataverse\cfb\cfb_game_rosters.py", line 66, in espn_cfb_game_rosters
    team_rosters = helper_cfb_roster_items(items=items, summary_url=summary_url, **kwargs)
                   ^^^^^^^^^^^^^^^^^^^^^^^^^^^^^^^^^^^^^^^^^^^^^^^^^^^^^^^^^^^^^^^^^^^^^^^
  File "C:\Users\saiem\Documents\GitHub-Data\sdv-dev\cfbfastR-dev\cfbfastR-cfb-raw\.venv\Lib\site-packages\sportsdataverse\cfb\cfb_game_rosters.py", line 209, in helper_cfb_roster_items
    raise NoESPNDataError(f"NoESPNDataError: No roster data found for any team at {summary_url}")
sportsdataverse.errors.NoESPNDataError: NoESPNDataError: No roster data found for any team at https://sports.core.api.espn.com/v2/sports/football/leagues/college-football/events/401207186/competitions/401207186/competitors
cfb 2020:  41%|####1     | 56/135 [00:13<00:17,  4.59it/s]cfb 2020:  43%|####2     | 58/135 [00:13<00:12,  6.31it/s]2026-06-17 11:48:16,361 ERROR extra fetch failed: _rosters(401234644,)
Traceback (most recent call last):
  File "C:\Users\saiem\Documents\GitHub-Data\sdv-dev\cfbfastR-dev\cfbfastR-cfb-raw\python\_cfb_raw_utils.py", line 106, in _safe
    return fn(*args, **kwargs)
           ^^^^^^^^^^^^^^^^^^^
  File "C:\Users\saiem\Documents\GitHub-Data\sdv-dev\cfbfastR-dev\cfbfastR-cfb-raw\python\scrape_cfb_json.py", line 42, in _rosters
    return sdv.cfb.espn_cfb_game_rosters(
           ^^^^^^^^^^^^^^^^^^^^^^^^^^^^^^
  File "C:\Users\saiem\Documents\GitHub-Data\sdv-dev\cfbfastR-dev\cfbfastR-cfb-raw\.venv\Lib\site-packages\sportsdataverse\cfb\cfb_game_rosters.py", line 66, in espn_cfb_game_rosters
    team_rosters = helper_cfb_roster_items(items=items, summary_url=summary_url, **kwargs)
                   ^^^^^^^^^^^^^^^^^^^^^^^^^^^^^^^^^^^^^^^^^^^^^^^^^^^^^^^^^^^^^^^^^^^^^^^
  File "C:\Users\saiem\Documents\GitHub-Data\sdv-dev\cfbfastR-dev\cfbfastR-cfb-raw\.venv\Lib\site-packages\sportsdataverse\cfb\cfb_game_rosters.py", line 209, in helper_cfb_roster_items
    raise NoESPNDataError(f"NoESPNDataError: No roster data found for any team at {summary_url}")
sportsdataverse.errors.NoESPNDataError: NoESPNDataError: No roster data found for any team at https://sports.core.api.espn.com/v2/sports/football/leagues/college-football/events/401234644/competitions/401234644/competitors
ERROR:cfb_json_2020:extra fetch failed: _rosters(401234644,)
Traceback (most recent call last):
  File "C:\Users\saiem\Documents\GitHub-Data\sdv-dev\cfbfastR-dev\cfbfastR-cfb-raw\python\_cfb_raw_utils.py", line 106, in _safe
    return fn(*args, **kwargs)
           ^^^^^^^^^^^^^^^^^^^
  File "C:\Users\saiem\Documents\GitHub-Data\sdv-dev\cfbfastR-dev\cfbfastR-cfb-raw\python\scrape_cfb_json.py", line 42, in _rosters
    return sdv.cfb.espn_cfb_game_rosters(
           ^^^^^^^^^^^^^^^^^^^^^^^^^^^^^^
  File "C:\Users\saiem\Documents\GitHub-Data\sdv-dev\cfbfastR-dev\cfbfastR-cfb-raw\.venv\Lib\site-packages\sportsdataverse\cfb\cfb_game_rosters.py", line 66, in espn_cfb_game_rosters
    team_rosters = helper_cfb_roster_items(items=items, summary_url=summary_url, **kwargs)
                   ^^^^^^^^^^^^^^^^^^^^^^^^^^^^^^^^^^^^^^^^^^^^^^^^^^^^^^^^^^^^^^^^^^^^^^^
  File "C:\Users\saiem\Documents\GitHub-Data\sdv-dev\cfbfastR-dev\cfbfastR-cfb-raw\.venv\Lib\site-packages\sportsdataverse\cfb\cfb_game_rosters.py", line 209, in helper_cfb_roster_items
    raise NoESPNDataError(f"NoESPNDataError: No roster data found for any team at {summary_url}")
sportsdataverse.errors.NoESPNDataError: NoESPNDataError: No roster data found for any team at https://sports.core.api.espn.com/v2/sports/football/leagues/college-football/events/401234644/competitions/401234644/competitors
cfb 2020:  44%|####3     | 59/135 [00:13<00:13,  5.72it/s]2026-06-17 11:48:16,689 ERROR extra fetch failed: _rosters(401237140,)
Traceback (most recent call last):
  File "C:\Users\saiem\Documents\GitHub-Data\sdv-dev\cfbfastR-dev\cfbfastR-cfb-raw\python\_cfb_raw_utils.py", line 106, in _safe
    return fn(*args, **kwargs)
           ^^^^^^^^^^^^^^^^^^^
  File "C:\Users\saiem\Documents\GitHub-Data\sdv-dev\cfbfastR-dev\cfbfastR-cfb-raw\python\scrape_cfb_json.py", line 42, in _rosters
    return sdv.cfb.espn_cfb_game_rosters(
           ^^^^^^^^^^^^^^^^^^^^^^^^^^^^^^
  File "C:\Users\saiem\Documents\GitHub-Data\sdv-dev\cfbfastR-dev\cfbfastR-cfb-raw\.venv\Lib\site-packages\sportsdataverse\cfb\cfb_game_rosters.py", line 66, in espn_cfb_game_rosters
    team_rosters = helper_cfb_roster_items(items=items, summary_url=summary_url, **kwargs)
                   ^^^^^^^^^^^^^^^^^^^^^^^^^^^^^^^^^^^^^^^^^^^^^^^^^^^^^^^^^^^^^^^^^^^^^^^
  File "C:\Users\saiem\Documents\GitHub-Data\sdv-dev\cfbfastR-dev\cfbfastR-cfb-raw\.venv\Lib\site-packages\sportsdataverse\cfb\cfb_game_rosters.py", line 209, in helper_cfb_roster_items
    raise NoESPNDataError(f"NoESPNDataError: No roster data found for any team at {summary_url}")
sportsdataverse.errors.NoESPNDataError: NoESPNDataError: No roster data found for any team at https://sports.core.api.espn.com/v2/sports/football/leagues/college-football/events/401237140/competitions/401237140/competitors
ERROR:cfb_json_2020:extra fetch failed: _rosters(401237140,)
Traceback (most recent call last):
  File "C:\Users\saiem\Documents\GitHub-Data\sdv-dev\cfbfastR-dev\cfbfastR-cfb-raw\python\_cfb_raw_utils.py", line 106, in _safe
    return fn(*args, **kwargs)
           ^^^^^^^^^^^^^^^^^^^
  File "C:\Users\saiem\Documents\GitHub-Data\sdv-dev\cfbfastR-dev\cfbfastR-cfb-raw\python\scrape_cfb_json.py", line 42, in _rosters
    return sdv.cfb.espn_cfb_game_rosters(
           ^^^^^^^^^^^^^^^^^^^^^^^^^^^^^^
  File "C:\Users\saiem\Documents\GitHub-Data\sdv-dev\cfbfastR-dev\cfbfastR-cfb-raw\.venv\Lib\site-packages\sportsdataverse\cfb\cfb_game_rosters.py", line 66, in espn_cfb_game_rosters
    team_rosters = helper_cfb_roster_items(items=items, summary_url=summary_url, **kwargs)
                   ^^^^^^^^^^^^^^^^^^^^^^^^^^^^^^^^^^^^^^^^^^^^^^^^^^^^^^^^^^^^^^^^^^^^^^^
  File "C:\Users\saiem\Documents\GitHub-Data\sdv-dev\cfbfastR-dev\cfbfastR-cfb-raw\.venv\Lib\site-packages\sportsdataverse\cfb\cfb_game_rosters.py", line 209, in helper_cfb_roster_items
    raise NoESPNDataError(f"NoESPNDataError: No roster data found for any team at {summary_url}")
sportsdataverse.errors.NoESPNDataError: NoESPNDataError: No roster data found for any team at https://sports.core.api.espn.com/v2/sports/football/leagues/college-football/events/401237140/competitions/401237140/competitors
2026-06-17 11:48:16,746 ERROR extra fetch failed: _rosters(401234646,)
Traceback (most recent call last):
  File "C:\Users\saiem\Documents\GitHub-Data\sdv-dev\cfbfastR-dev\cfbfastR-cfb-raw\python\_cfb_raw_utils.py", line 106, in _safe
    return fn(*args, **kwargs)
           ^^^^^^^^^^^^^^^^^^^
  File "C:\Users\saiem\Documents\GitHub-Data\sdv-dev\cfbfastR-dev\cfbfastR-cfb-raw\python\scrape_cfb_json.py", line 42, in _rosters
    return sdv.cfb.espn_cfb_game_rosters(
           ^^^^^^^^^^^^^^^^^^^^^^^^^^^^^^
  File "C:\Users\saiem\Documents\GitHub-Data\sdv-dev\cfbfastR-dev\cfbfastR-cfb-raw\.venv\Lib\site-packages\sportsdataverse\cfb\cfb_game_rosters.py", line 66, in espn_cfb_game_rosters
    team_rosters = helper_cfb_roster_items(items=items, summary_url=summary_url, **kwargs)
                   ^^^^^^^^^^^^^^^^^^^^^^^^^^^^^^^^^^^^^^^^^^^^^^^^^^^^^^^^^^^^^^^^^^^^^^^
  File "C:\Users\saiem\Documents\GitHub-Data\sdv-dev\cfbfastR-dev\cfbfastR-cfb-raw\.venv\Lib\site-packages\sportsdataverse\cfb\cfb_game_rosters.py", line 209, in helper_cfb_roster_items
    raise NoESPNDataError(f"NoESPNDataError: No roster data found for any team at {summary_url}")
sportsdataverse.errors.NoESPNDataError: NoESPNDataError: No roster data found for any team at https://sports.core.api.espn.com/v2/sports/football/leagues/college-football/events/401234646/competitions/401234646/competitors
ERROR:cfb_json_2020:extra fetch failed: _rosters(401234646,)
Traceback (most recent call last):
  File "C:\Users\saiem\Documents\GitHub-Data\sdv-dev\cfbfastR-dev\cfbfastR-cfb-raw\python\_cfb_raw_utils.py", line 106, in _safe
    return fn(*args, **kwargs)
           ^^^^^^^^^^^^^^^^^^^
  File "C:\Users\saiem\Documents\GitHub-Data\sdv-dev\cfbfastR-dev\cfbfastR-cfb-raw\python\scrape_cfb_json.py", line 42, in _rosters
    return sdv.cfb.espn_cfb_game_rosters(
           ^^^^^^^^^^^^^^^^^^^^^^^^^^^^^^
  File "C:\Users\saiem\Documents\GitHub-Data\sdv-dev\cfbfastR-dev\cfbfastR-cfb-raw\.venv\Lib\site-packages\sportsdataverse\cfb\cfb_game_rosters.py", line 66, in espn_cfb_game_rosters
    team_rosters = helper_cfb_roster_items(items=items, summary_url=summary_url, **kwargs)
                   ^^^^^^^^^^^^^^^^^^^^^^^^^^^^^^^^^^^^^^^^^^^^^^^^^^^^^^^^^^^^^^^^^^^^^^^
  File "C:\Users\saiem\Documents\GitHub-Data\sdv-dev\cfbfastR-dev\cfbfastR-cfb-raw\.venv\Lib\site-packages\sportsdataverse\cfb\cfb_game_rosters.py", line 209, in helper_cfb_roster_items
    raise NoESPNDataError(f"NoESPNDataError: No roster data found for any team at {summary_url}")
sportsdataverse.errors.NoESPNDataError: NoESPNDataError: No roster data found for any team at https://sports.core.api.espn.com/v2/sports/football/leagues/college-football/events/401234646/competitions/401234646/competitors
2026-06-17 11:48:16,826 ERROR extra fetch failed: _rosters(401207180,)
Traceback (most recent call last):
  File "C:\Users\saiem\Documents\GitHub-Data\sdv-dev\cfbfastR-dev\cfbfastR-cfb-raw\python\_cfb_raw_utils.py", line 106, in _safe
    return fn(*args, **kwargs)
           ^^^^^^^^^^^^^^^^^^^
  File "C:\Users\saiem\Documents\GitHub-Data\sdv-dev\cfbfastR-dev\cfbfastR-cfb-raw\python\scrape_cfb_json.py", line 42, in _rosters
    return sdv.cfb.espn_cfb_game_rosters(
           ^^^^^^^^^^^^^^^^^^^^^^^^^^^^^^
  File "C:\Users\saiem\Documents\GitHub-Data\sdv-dev\cfbfastR-dev\cfbfastR-cfb-raw\.venv\Lib\site-packages\sportsdataverse\cfb\cfb_game_rosters.py", line 66, in espn_cfb_game_rosters
    team_rosters = helper_cfb_roster_items(items=items, summary_url=summary_url, **kwargs)
                   ^^^^^^^^^^^^^^^^^^^^^^^^^^^^^^^^^^^^^^^^^^^^^^^^^^^^^^^^^^^^^^^^^^^^^^^
  File "C:\Users\saiem\Documents\GitHub-Data\sdv-dev\cfbfastR-dev\cfbfastR-cfb-raw\.venv\Lib\site-packages\sportsdataverse\cfb\cfb_game_rosters.py", line 209, in helper_cfb_roster_items
    raise NoESPNDataError(f"NoESPNDataError: No roster data found for any team at {summary_url}")
sportsdataverse.errors.NoESPNDataError: NoESPNDataError: No roster data found for any team at https://sports.core.api.espn.com/v2/sports/football/leagues/college-football/events/401207180/competitions/401207180/competitors
ERROR:cfb_json_2020:extra fetch failed: _rosters(401207180,)
Traceback (most recent call last):
  File "C:\Users\saiem\Documents\GitHub-Data\sdv-dev\cfbfastR-dev\cfbfastR-cfb-raw\python\_cfb_raw_utils.py", line 106, in _safe
    return fn(*args, **kwargs)
           ^^^^^^^^^^^^^^^^^^^
  File "C:\Users\saiem\Documents\GitHub-Data\sdv-dev\cfbfastR-dev\cfbfastR-cfb-raw\python\scrape_cfb_json.py", line 42, in _rosters
    return sdv.cfb.espn_cfb_game_rosters(
           ^^^^^^^^^^^^^^^^^^^^^^^^^^^^^^
  File "C:\Users\saiem\Documents\GitHub-Data\sdv-dev\cfbfastR-dev\cfbfastR-cfb-raw\.venv\Lib\site-packages\sportsdataverse\cfb\cfb_game_rosters.py", line 66, in espn_cfb_game_rosters
    team_rosters = helper_cfb_roster_items(items=items, summary_url=summary_url, **kwargs)
                   ^^^^^^^^^^^^^^^^^^^^^^^^^^^^^^^^^^^^^^^^^^^^^^^^^^^^^^^^^^^^^^^^^^^^^^^
  File "C:\Users\saiem\Documents\GitHub-Data\sdv-dev\cfbfastR-dev\cfbfastR-cfb-raw\.venv\Lib\site-packages\sportsdataverse\cfb\cfb_game_rosters.py", line 209, in helper_cfb_roster_items
    raise NoESPNDataError(f"NoESPNDataError: No roster data found for any team at {summary_url}")
sportsdataverse.errors.NoESPNDataError: NoESPNDataError: No roster data found for any team at https://sports.core.api.espn.com/v2/sports/football/leagues/college-football/events/401207180/competitions/401207180/competitors
cfb 2020:  44%|####4     | 60/135 [00:13<00:15,  4.74it/s]cfb 2020:  46%|####5     | 62/135 [00:13<00:11,  6.48it/s]2026-06-17 11:48:17,080 ERROR extra fetch failed: _rosters(401236026,)
Traceback (most recent call last):
  File "C:\Users\saiem\Documents\GitHub-Data\sdv-dev\cfbfastR-dev\cfbfastR-cfb-raw\python\_cfb_raw_utils.py", line 106, in _safe
    return fn(*args, **kwargs)
           ^^^^^^^^^^^^^^^^^^^
  File "C:\Users\saiem\Documents\GitHub-Data\sdv-dev\cfbfastR-dev\cfbfastR-cfb-raw\python\scrape_cfb_json.py", line 42, in _rosters
    return sdv.cfb.espn_cfb_game_rosters(
           ^^^^^^^^^^^^^^^^^^^^^^^^^^^^^^
  File "C:\Users\saiem\Documents\GitHub-Data\sdv-dev\cfbfastR-dev\cfbfastR-cfb-raw\.venv\Lib\site-packages\sportsdataverse\cfb\cfb_game_rosters.py", line 66, in espn_cfb_game_rosters
    team_rosters = helper_cfb_roster_items(items=items, summary_url=summary_url, **kwargs)
                   ^^^^^^^^^^^^^^^^^^^^^^^^^^^^^^^^^^^^^^^^^^^^^^^^^^^^^^^^^^^^^^^^^^^^^^^
  File "C:\Users\saiem\Documents\GitHub-Data\sdv-dev\cfbfastR-dev\cfbfastR-cfb-raw\.venv\Lib\site-packages\sportsdataverse\cfb\cfb_game_rosters.py", line 209, in helper_cfb_roster_items
    raise NoESPNDataError(f"NoESPNDataError: No roster data found for any team at {summary_url}")
sportsdataverse.errors.NoESPNDataError: NoESPNDataError: No roster data found for any team at https://sports.core.api.espn.com/v2/sports/football/leagues/college-football/events/401236026/competitions/401236026/competitors
ERROR:cfb_json_2020:extra fetch failed: _rosters(401236026,)
Traceback (most recent call last):
  File "C:\Users\saiem\Documents\GitHub-Data\sdv-dev\cfbfastR-dev\cfbfastR-cfb-raw\python\_cfb_raw_utils.py", line 106, in _safe
    return fn(*args, **kwargs)
           ^^^^^^^^^^^^^^^^^^^
  File "C:\Users\saiem\Documents\GitHub-Data\sdv-dev\cfbfastR-dev\cfbfastR-cfb-raw\python\scrape_cfb_json.py", line 42, in _rosters
    return sdv.cfb.espn_cfb_game_rosters(
           ^^^^^^^^^^^^^^^^^^^^^^^^^^^^^^
  File "C:\Users\saiem\Documents\GitHub-Data\sdv-dev\cfbfastR-dev\cfbfastR-cfb-raw\.venv\Lib\site-packages\sportsdataverse\cfb\cfb_game_rosters.py", line 66, in espn_cfb_game_rosters
    team_rosters = helper_cfb_roster_items(items=items, summary_url=summary_url, **kwargs)
                   ^^^^^^^^^^^^^^^^^^^^^^^^^^^^^^^^^^^^^^^^^^^^^^^^^^^^^^^^^^^^^^^^^^^^^^^
  File "C:\Users\saiem\Documents\GitHub-Data\sdv-dev\cfbfastR-dev\cfbfastR-cfb-raw\.venv\Lib\site-packages\sportsdataverse\cfb\cfb_game_rosters.py", line 209, in helper_cfb_roster_items
    raise NoESPNDataError(f"NoESPNDataError: No roster data found for any team at {summary_url}")
sportsdataverse.errors.NoESPNDataError: NoESPNDataError: No roster data found for any team at https://sports.core.api.espn.com/v2/sports/football/leagues/college-football/events/401236026/competitions/401236026/competitors
cfb 2020:  47%|####6     | 63/135 [00:14<00:12,  5.70it/s]2026-06-17 11:48:17,483 ERROR extra fetch failed: _rosters(401240061,)
Traceback (most recent call last):
  File "C:\Users\saiem\Documents\GitHub-Data\sdv-dev\cfbfastR-dev\cfbfastR-cfb-raw\python\_cfb_raw_utils.py", line 106, in _safe
    return fn(*args, **kwargs)
           ^^^^^^^^^^^^^^^^^^^
  File "C:\Users\saiem\Documents\GitHub-Data\sdv-dev\cfbfastR-dev\cfbfastR-cfb-raw\python\scrape_cfb_json.py", line 42, in _rosters
    return sdv.cfb.espn_cfb_game_rosters(
           ^^^^^^^^^^^^^^^^^^^^^^^^^^^^^^
  File "C:\Users\saiem\Documents\GitHub-Data\sdv-dev\cfbfastR-dev\cfbfastR-cfb-raw\.venv\Lib\site-packages\sportsdataverse\cfb\cfb_game_rosters.py", line 66, in espn_cfb_game_rosters
    team_rosters = helper_cfb_roster_items(items=items, summary_url=summary_url, **kwargs)
                   ^^^^^^^^^^^^^^^^^^^^^^^^^^^^^^^^^^^^^^^^^^^^^^^^^^^^^^^^^^^^^^^^^^^^^^^
  File "C:\Users\saiem\Documents\GitHub-Data\sdv-dev\cfbfastR-dev\cfbfastR-cfb-raw\.venv\Lib\site-packages\sportsdataverse\cfb\cfb_game_rosters.py", line 209, in helper_cfb_roster_items
    raise NoESPNDataError(f"NoESPNDataError: No roster data found for any team at {summary_url}")
sportsdataverse.errors.NoESPNDataError: NoESPNDataError: No roster data found for any team at https://sports.core.api.espn.com/v2/sports/football/leagues/college-football/events/401240061/competitions/401240061/competitors
ERROR:cfb_json_2020:extra fetch failed: _rosters(401240061,)
Traceback (most recent call last):
  File "C:\Users\saiem\Documents\GitHub-Data\sdv-dev\cfbfastR-dev\cfbfastR-cfb-raw\python\_cfb_raw_utils.py", line 106, in _safe
    return fn(*args, **kwargs)
           ^^^^^^^^^^^^^^^^^^^
  File "C:\Users\saiem\Documents\GitHub-Data\sdv-dev\cfbfastR-dev\cfbfastR-cfb-raw\python\scrape_cfb_json.py", line 42, in _rosters
    return sdv.cfb.espn_cfb_game_rosters(
           ^^^^^^^^^^^^^^^^^^^^^^^^^^^^^^
  File "C:\Users\saiem\Documents\GitHub-Data\sdv-dev\cfbfastR-dev\cfbfastR-cfb-raw\.venv\Lib\site-packages\sportsdataverse\cfb\cfb_game_rosters.py", line 66, in espn_cfb_game_rosters
    team_rosters = helper_cfb_roster_items(items=items, summary_url=summary_url, **kwargs)
                   ^^^^^^^^^^^^^^^^^^^^^^^^^^^^^^^^^^^^^^^^^^^^^^^^^^^^^^^^^^^^^^^^^^^^^^^
  File "C:\Users\saiem\Documents\GitHub-Data\sdv-dev\cfbfastR-dev\cfbfastR-cfb-raw\.venv\Lib\site-packages\sportsdataverse\cfb\cfb_game_rosters.py", line 209, in helper_cfb_roster_items
    raise NoESPNDataError(f"NoESPNDataError: No roster data found for any team at {summary_url}")
sportsdataverse.errors.NoESPNDataError: NoESPNDataError: No roster data found for any team at https://sports.core.api.espn.com/v2/sports/football/leagues/college-football/events/401240061/competitions/401240061/competitors
2026-06-17 11:48:17,545 ERROR extra fetch failed: _rosters(401212492,)
Traceback (most recent call last):
  File "C:\Users\saiem\Documents\GitHub-Data\sdv-dev\cfbfastR-dev\cfbfastR-cfb-raw\python\_cfb_raw_utils.py", line 106, in _safe
    return fn(*args, **kwargs)
           ^^^^^^^^^^^^^^^^^^^
  File "C:\Users\saiem\Documents\GitHub-Data\sdv-dev\cfbfastR-dev\cfbfastR-cfb-raw\python\scrape_cfb_json.py", line 42, in _rosters
    return sdv.cfb.espn_cfb_game_rosters(
           ^^^^^^^^^^^^^^^^^^^^^^^^^^^^^^
  File "C:\Users\saiem\Documents\GitHub-Data\sdv-dev\cfbfastR-dev\cfbfastR-cfb-raw\.venv\Lib\site-packages\sportsdataverse\cfb\cfb_game_rosters.py", line 66, in espn_cfb_game_rosters
    team_rosters = helper_cfb_roster_items(items=items, summary_url=summary_url, **kwargs)
                   ^^^^^^^^^^^^^^^^^^^^^^^^^^^^^^^^^^^^^^^^^^^^^^^^^^^^^^^^^^^^^^^^^^^^^^^
  File "C:\Users\saiem\Documents\GitHub-Data\sdv-dev\cfbfastR-dev\cfbfastR-cfb-raw\.venv\Lib\site-packages\sportsdataverse\cfb\cfb_game_rosters.py", line 209, in helper_cfb_roster_items
    raise NoESPNDataError(f"NoESPNDataError: No roster data found for any team at {summary_url}")
sportsdataverse.errors.NoESPNDataError: NoESPNDataError: No roster data found for any team at https://sports.core.api.espn.com/v2/sports/football/leagues/college-football/events/401212492/competitions/401212492/competitors
ERROR:cfb_json_2020:extra fetch failed: _rosters(401212492,)
Traceback (most recent call last):
  File "C:\Users\saiem\Documents\GitHub-Data\sdv-dev\cfbfastR-dev\cfbfastR-cfb-raw\python\_cfb_raw_utils.py", line 106, in _safe
    return fn(*args, **kwargs)
           ^^^^^^^^^^^^^^^^^^^
  File "C:\Users\saiem\Documents\GitHub-Data\sdv-dev\cfbfastR-dev\cfbfastR-cfb-raw\python\scrape_cfb_json.py", line 42, in _rosters
    return sdv.cfb.espn_cfb_game_rosters(
           ^^^^^^^^^^^^^^^^^^^^^^^^^^^^^^
  File "C:\Users\saiem\Documents\GitHub-Data\sdv-dev\cfbfastR-dev\cfbfastR-cfb-raw\.venv\Lib\site-packages\sportsdataverse\cfb\cfb_game_rosters.py", line 66, in espn_cfb_game_rosters
    team_rosters = helper_cfb_roster_items(items=items, summary_url=summary_url, **kwargs)
                   ^^^^^^^^^^^^^^^^^^^^^^^^^^^^^^^^^^^^^^^^^^^^^^^^^^^^^^^^^^^^^^^^^^^^^^^
  File "C:\Users\saiem\Documents\GitHub-Data\sdv-dev\cfbfastR-dev\cfbfastR-cfb-raw\.venv\Lib\site-packages\sportsdataverse\cfb\cfb_game_rosters.py", line 209, in helper_cfb_roster_items
    raise NoESPNDataError(f"NoESPNDataError: No roster data found for any team at {summary_url}")
sportsdataverse.errors.NoESPNDataError: NoESPNDataError: No roster data found for any team at https://sports.core.api.espn.com/v2/sports/football/leagues/college-football/events/401212492/competitions/401212492/competitors
2026-06-17 11:48:17,578 ERROR extra fetch failed: _rosters(401234645,)
Traceback (most recent call last):
  File "C:\Users\saiem\Documents\GitHub-Data\sdv-dev\cfbfastR-dev\cfbfastR-cfb-raw\python\_cfb_raw_utils.py", line 106, in _safe
    return fn(*args, **kwargs)
           ^^^^^^^^^^^^^^^^^^^
  File "C:\Users\saiem\Documents\GitHub-Data\sdv-dev\cfbfastR-dev\cfbfastR-cfb-raw\python\scrape_cfb_json.py", line 42, in _rosters
    return sdv.cfb.espn_cfb_game_rosters(
           ^^^^^^^^^^^^^^^^^^^^^^^^^^^^^^
  File "C:\Users\saiem\Documents\GitHub-Data\sdv-dev\cfbfastR-dev\cfbfastR-cfb-raw\.venv\Lib\site-packages\sportsdataverse\cfb\cfb_game_rosters.py", line 66, in espn_cfb_game_rosters
    team_rosters = helper_cfb_roster_items(items=items, summary_url=summary_url, **kwargs)
                   ^^^^^^^^^^^^^^^^^^^^^^^^^^^^^^^^^^^^^^^^^^^^^^^^^^^^^^^^^^^^^^^^^^^^^^^
  File "C:\Users\saiem\Documents\GitHub-Data\sdv-dev\cfbfastR-dev\cfbfastR-cfb-raw\.venv\Lib\site-packages\sportsdataverse\cfb\cfb_game_rosters.py", line 209, in helper_cfb_roster_items
    raise NoESPNDataError(f"NoESPNDataError: No roster data found for any team at {summary_url}")
sportsdataverse.errors.NoESPNDataError: NoESPNDataError: No roster data found for any team at https://sports.core.api.espn.com/v2/sports/football/leagues/college-football/events/401234645/competitions/401234645/competitors
ERROR:cfb_json_2020:extra fetch failed: _rosters(401234645,)
Traceback (most recent call last):
  File "C:\Users\saiem\Documents\GitHub-Data\sdv-dev\cfbfastR-dev\cfbfastR-cfb-raw\python\_cfb_raw_utils.py", line 106, in _safe
    return fn(*args, **kwargs)
           ^^^^^^^^^^^^^^^^^^^
  File "C:\Users\saiem\Documents\GitHub-Data\sdv-dev\cfbfastR-dev\cfbfastR-cfb-raw\python\scrape_cfb_json.py", line 42, in _rosters
    return sdv.cfb.espn_cfb_game_rosters(
           ^^^^^^^^^^^^^^^^^^^^^^^^^^^^^^
  File "C:\Users\saiem\Documents\GitHub-Data\sdv-dev\cfbfastR-dev\cfbfastR-cfb-raw\.venv\Lib\site-packages\sportsdataverse\cfb\cfb_game_rosters.py", line 66, in espn_cfb_game_rosters
    team_rosters = helper_cfb_roster_items(items=items, summary_url=summary_url, **kwargs)
                   ^^^^^^^^^^^^^^^^^^^^^^^^^^^^^^^^^^^^^^^^^^^^^^^^^^^^^^^^^^^^^^^^^^^^^^^
  File "C:\Users\saiem\Documents\GitHub-Data\sdv-dev\cfbfastR-dev\cfbfastR-cfb-raw\.venv\Lib\site-packages\sportsdataverse\cfb\cfb_game_rosters.py", line 209, in helper_cfb_roster_items
    raise NoESPNDataError(f"NoESPNDataError: No roster data found for any team at {summary_url}")
sportsdataverse.errors.NoESPNDataError: NoESPNDataError: No roster data found for any team at https://sports.core.api.espn.com/v2/sports/football/leagues/college-football/events/401234645/competitions/401234645/competitors
cfb 2020:  47%|####7     | 64/135 [00:14<00:15,  4.44it/s]cfb 2020:  49%|####8     | 66/135 [00:14<00:10,  6.35it/s]2026-06-17 11:48:17,797 ERROR extra fetch failed: _rosters(401247322,)
Traceback (most recent call last):
  File "C:\Users\saiem\Documents\GitHub-Data\sdv-dev\cfbfastR-dev\cfbfastR-cfb-raw\python\_cfb_raw_utils.py", line 106, in _safe
    return fn(*args, **kwargs)
           ^^^^^^^^^^^^^^^^^^^
  File "C:\Users\saiem\Documents\GitHub-Data\sdv-dev\cfbfastR-dev\cfbfastR-cfb-raw\python\scrape_cfb_json.py", line 42, in _rosters
    return sdv.cfb.espn_cfb_game_rosters(
           ^^^^^^^^^^^^^^^^^^^^^^^^^^^^^^
  File "C:\Users\saiem\Documents\GitHub-Data\sdv-dev\cfbfastR-dev\cfbfastR-cfb-raw\.venv\Lib\site-packages\sportsdataverse\cfb\cfb_game_rosters.py", line 66, in espn_cfb_game_rosters
    team_rosters = helper_cfb_roster_items(items=items, summary_url=summary_url, **kwargs)
                   ^^^^^^^^^^^^^^^^^^^^^^^^^^^^^^^^^^^^^^^^^^^^^^^^^^^^^^^^^^^^^^^^^^^^^^^
  File "C:\Users\saiem\Documents\GitHub-Data\sdv-dev\cfbfastR-dev\cfbfastR-cfb-raw\.venv\Lib\site-packages\sportsdataverse\cfb\cfb_game_rosters.py", line 209, in helper_cfb_roster_items
    raise NoESPNDataError(f"NoESPNDataError: No roster data found for any team at {summary_url}")
sportsdataverse.errors.NoESPNDataError: NoESPNDataError: No roster data found for any team at https://sports.core.api.espn.com/v2/sports/football/leagues/college-football/events/401247322/competitions/401247322/competitors
ERROR:cfb_json_2020:extra fetch failed: _rosters(401247322,)
Traceback (most recent call last):
  File "C:\Users\saiem\Documents\GitHub-Data\sdv-dev\cfbfastR-dev\cfbfastR-cfb-raw\python\_cfb_raw_utils.py", line 106, in _safe
    return fn(*args, **kwargs)
           ^^^^^^^^^^^^^^^^^^^
  File "C:\Users\saiem\Documents\GitHub-Data\sdv-dev\cfbfastR-dev\cfbfastR-cfb-raw\python\scrape_cfb_json.py", line 42, in _rosters
    return sdv.cfb.espn_cfb_game_rosters(
           ^^^^^^^^^^^^^^^^^^^^^^^^^^^^^^
  File "C:\Users\saiem\Documents\GitHub-Data\sdv-dev\cfbfastR-dev\cfbfastR-cfb-raw\.venv\Lib\site-packages\sportsdataverse\cfb\cfb_game_rosters.py", line 66, in espn_cfb_game_rosters
    team_rosters = helper_cfb_roster_items(items=items, summary_url=summary_url, **kwargs)
                   ^^^^^^^^^^^^^^^^^^^^^^^^^^^^^^^^^^^^^^^^^^^^^^^^^^^^^^^^^^^^^^^^^^^^^^^
  File "C:\Users\saiem\Documents\GitHub-Data\sdv-dev\cfbfastR-dev\cfbfastR-cfb-raw\.venv\Lib\site-packages\sportsdataverse\cfb\cfb_game_rosters.py", line 209, in helper_cfb_roster_items
    raise NoESPNDataError(f"NoESPNDataError: No roster data found for any team at {summary_url}")
sportsdataverse.errors.NoESPNDataError: NoESPNDataError: No roster data found for any team at https://sports.core.api.espn.com/v2/sports/football/leagues/college-football/events/401247322/competitions/401247322/competitors
cfb 2020:  50%|####9     | 67/135 [00:14<00:11,  5.93it/s]2026-06-17 11:48:18,236 ERROR extra fetch failed: _rosters(401249020,)
Traceback (most recent call last):
  File "C:\Users\saiem\Documents\GitHub-Data\sdv-dev\cfbfastR-dev\cfbfastR-cfb-raw\python\_cfb_raw_utils.py", line 106, in _safe
    return fn(*args, **kwargs)
           ^^^^^^^^^^^^^^^^^^^
  File "C:\Users\saiem\Documents\GitHub-Data\sdv-dev\cfbfastR-dev\cfbfastR-cfb-raw\python\scrape_cfb_json.py", line 42, in _rosters
    return sdv.cfb.espn_cfb_game_rosters(
           ^^^^^^^^^^^^^^^^^^^^^^^^^^^^^^
  File "C:\Users\saiem\Documents\GitHub-Data\sdv-dev\cfbfastR-dev\cfbfastR-cfb-raw\.venv\Lib\site-packages\sportsdataverse\cfb\cfb_game_rosters.py", line 66, in espn_cfb_game_rosters
    team_rosters = helper_cfb_roster_items(items=items, summary_url=summary_url, **kwargs)
                   ^^^^^^^^^^^^^^^^^^^^^^^^^^^^^^^^^^^^^^^^^^^^^^^^^^^^^^^^^^^^^^^^^^^^^^^
  File "C:\Users\saiem\Documents\GitHub-Data\sdv-dev\cfbfastR-dev\cfbfastR-cfb-raw\.venv\Lib\site-packages\sportsdataverse\cfb\cfb_game_rosters.py", line 209, in helper_cfb_roster_items
    raise NoESPNDataError(f"NoESPNDataError: No roster data found for any team at {summary_url}")
sportsdataverse.errors.NoESPNDataError: NoESPNDataError: No roster data found for any team at https://sports.core.api.espn.com/v2/sports/football/leagues/college-football/events/401249020/competitions/401249020/competitors
ERROR:cfb_json_2020:extra fetch failed: _rosters(401249020,)
Traceback (most recent call last):
  File "C:\Users\saiem\Documents\GitHub-Data\sdv-dev\cfbfastR-dev\cfbfastR-cfb-raw\python\_cfb_raw_utils.py", line 106, in _safe
    return fn(*args, **kwargs)
           ^^^^^^^^^^^^^^^^^^^
  File "C:\Users\saiem\Documents\GitHub-Data\sdv-dev\cfbfastR-dev\cfbfastR-cfb-raw\python\scrape_cfb_json.py", line 42, in _rosters
    return sdv.cfb.espn_cfb_game_rosters(
           ^^^^^^^^^^^^^^^^^^^^^^^^^^^^^^
  File "C:\Users\saiem\Documents\GitHub-Data\sdv-dev\cfbfastR-dev\cfbfastR-cfb-raw\.venv\Lib\site-packages\sportsdataverse\cfb\cfb_game_rosters.py", line 66, in espn_cfb_game_rosters
    team_rosters = helper_cfb_roster_items(items=items, summary_url=summary_url, **kwargs)
                   ^^^^^^^^^^^^^^^^^^^^^^^^^^^^^^^^^^^^^^^^^^^^^^^^^^^^^^^^^^^^^^^^^^^^^^^
  File "C:\Users\saiem\Documents\GitHub-Data\sdv-dev\cfbfastR-dev\cfbfastR-cfb-raw\.venv\Lib\site-packages\sportsdataverse\cfb\cfb_game_rosters.py", line 209, in helper_cfb_roster_items
    raise NoESPNDataError(f"NoESPNDataError: No roster data found for any team at {summary_url}")
sportsdataverse.errors.NoESPNDataError: NoESPNDataError: No roster data found for any team at https://sports.core.api.espn.com/v2/sports/football/leagues/college-football/events/401249020/competitions/401249020/competitors
2026-06-17 11:48:18,261 ERROR extra fetch failed: _rosters(401249021,)
Traceback (most recent call last):
  File "C:\Users\saiem\Documents\GitHub-Data\sdv-dev\cfbfastR-dev\cfbfastR-cfb-raw\python\_cfb_raw_utils.py", line 106, in _safe
    return fn(*args, **kwargs)
           ^^^^^^^^^^^^^^^^^^^
  File "C:\Users\saiem\Documents\GitHub-Data\sdv-dev\cfbfastR-dev\cfbfastR-cfb-raw\python\scrape_cfb_json.py", line 42, in _rosters
    return sdv.cfb.espn_cfb_game_rosters(
           ^^^^^^^^^^^^^^^^^^^^^^^^^^^^^^
  File "C:\Users\saiem\Documents\GitHub-Data\sdv-dev\cfbfastR-dev\cfbfastR-cfb-raw\.venv\Lib\site-packages\sportsdataverse\cfb\cfb_game_rosters.py", line 66, in espn_cfb_game_rosters
    team_rosters = helper_cfb_roster_items(items=items, summary_url=summary_url, **kwargs)
                   ^^^^^^^^^^^^^^^^^^^^^^^^^^^^^^^^^^^^^^^^^^^^^^^^^^^^^^^^^^^^^^^^^^^^^^^
  File "C:\Users\saiem\Documents\GitHub-Data\sdv-dev\cfbfastR-dev\cfbfastR-cfb-raw\.venv\Lib\site-packages\sportsdataverse\cfb\cfb_game_rosters.py", line 209, in helper_cfb_roster_items
    raise NoESPNDataError(f"NoESPNDataError: No roster data found for any team at {summary_url}")
sportsdataverse.errors.NoESPNDataError: NoESPNDataError: No roster data found for any team at https://sports.core.api.espn.com/v2/sports/football/leagues/college-football/events/401249021/competitions/401249021/competitors
ERROR:cfb_json_2020:extra fetch failed: _rosters(401249021,)
Traceback (most recent call last):
  File "C:\Users\saiem\Documents\GitHub-Data\sdv-dev\cfbfastR-dev\cfbfastR-cfb-raw\python\_cfb_raw_utils.py", line 106, in _safe
    return fn(*args, **kwargs)
           ^^^^^^^^^^^^^^^^^^^
  File "C:\Users\saiem\Documents\GitHub-Data\sdv-dev\cfbfastR-dev\cfbfastR-cfb-raw\python\scrape_cfb_json.py", line 42, in _rosters
    return sdv.cfb.espn_cfb_game_rosters(
           ^^^^^^^^^^^^^^^^^^^^^^^^^^^^^^
  File "C:\Users\saiem\Documents\GitHub-Data\sdv-dev\cfbfastR-dev\cfbfastR-cfb-raw\.venv\Lib\site-packages\sportsdataverse\cfb\cfb_game_rosters.py", line 66, in espn_cfb_game_rosters
    team_rosters = helper_cfb_roster_items(items=items, summary_url=summary_url, **kwargs)
                   ^^^^^^^^^^^^^^^^^^^^^^^^^^^^^^^^^^^^^^^^^^^^^^^^^^^^^^^^^^^^^^^^^^^^^^^
  File "C:\Users\saiem\Documents\GitHub-Data\sdv-dev\cfbfastR-dev\cfbfastR-cfb-raw\.venv\Lib\site-packages\sportsdataverse\cfb\cfb_game_rosters.py", line 209, in helper_cfb_roster_items
    raise NoESPNDataError(f"NoESPNDataError: No roster data found for any team at {summary_url}")
sportsdataverse.errors.NoESPNDataError: NoESPNDataError: No roster data found for any team at https://sports.core.api.espn.com/v2/sports/football/leagues/college-football/events/401249021/competitions/401249021/competitors
2026-06-17 11:48:18,265 ERROR extra fetch failed: _rosters(401240639,)
Traceback (most recent call last):
  File "C:\Users\saiem\Documents\GitHub-Data\sdv-dev\cfbfastR-dev\cfbfastR-cfb-raw\python\_cfb_raw_utils.py", line 106, in _safe
    return fn(*args, **kwargs)
           ^^^^^^^^^^^^^^^^^^^
  File "C:\Users\saiem\Documents\GitHub-Data\sdv-dev\cfbfastR-dev\cfbfastR-cfb-raw\python\scrape_cfb_json.py", line 42, in _rosters
    return sdv.cfb.espn_cfb_game_rosters(
           ^^^^^^^^^^^^^^^^^^^^^^^^^^^^^^
  File "C:\Users\saiem\Documents\GitHub-Data\sdv-dev\cfbfastR-dev\cfbfastR-cfb-raw\.venv\Lib\site-packages\sportsdataverse\cfb\cfb_game_rosters.py", line 66, in espn_cfb_game_rosters
    team_rosters = helper_cfb_roster_items(items=items, summary_url=summary_url, **kwargs)
                   ^^^^^^^^^^^^^^^^^^^^^^^^^^^^^^^^^^^^^^^^^^^^^^^^^^^^^^^^^^^^^^^^^^^^^^^
  File "C:\Users\saiem\Documents\GitHub-Data\sdv-dev\cfbfastR-dev\cfbfastR-cfb-raw\.venv\Lib\site-packages\sportsdataverse\cfb\cfb_game_rosters.py", line 209, in helper_cfb_roster_items
    raise NoESPNDataError(f"NoESPNDataError: No roster data found for any team at {summary_url}")
sportsdataverse.errors.NoESPNDataError: NoESPNDataError: No roster data found for any team at https://sports.core.api.espn.com/v2/sports/football/leagues/college-football/events/401240639/competitions/401240639/competitors
ERROR:cfb_json_2020:extra fetch failed: _rosters(401240639,)
Traceback (most recent call last):
  File "C:\Users\saiem\Documents\GitHub-Data\sdv-dev\cfbfastR-dev\cfbfastR-cfb-raw\python\_cfb_raw_utils.py", line 106, in _safe
    return fn(*args, **kwargs)
           ^^^^^^^^^^^^^^^^^^^
  File "C:\Users\saiem\Documents\GitHub-Data\sdv-dev\cfbfastR-dev\cfbfastR-cfb-raw\python\scrape_cfb_json.py", line 42, in _rosters
    return sdv.cfb.espn_cfb_game_rosters(
           ^^^^^^^^^^^^^^^^^^^^^^^^^^^^^^
  File "C:\Users\saiem\Documents\GitHub-Data\sdv-dev\cfbfastR-dev\cfbfastR-cfb-raw\.venv\Lib\site-packages\sportsdataverse\cfb\cfb_game_rosters.py", line 66, in espn_cfb_game_rosters
    team_rosters = helper_cfb_roster_items(items=items, summary_url=summary_url, **kwargs)
                   ^^^^^^^^^^^^^^^^^^^^^^^^^^^^^^^^^^^^^^^^^^^^^^^^^^^^^^^^^^^^^^^^^^^^^^^
  File "C:\Users\saiem\Documents\GitHub-Data\sdv-dev\cfbfastR-dev\cfbfastR-cfb-raw\.venv\Lib\site-packages\sportsdataverse\cfb\cfb_game_rosters.py", line 209, in helper_cfb_roster_items
    raise NoESPNDataError(f"NoESPNDataError: No roster data found for any team at {summary_url}")
sportsdataverse.errors.NoESPNDataError: NoESPNDataError: No roster data found for any team at https://sports.core.api.espn.com/v2/sports/football/leagues/college-football/events/401240639/competitions/401240639/competitors
cfb 2020:  50%|#####     | 68/135 [00:15<00:15,  4.27it/s]2026-06-17 11:48:18,511 ERROR extra fetch failed: _rosters(401212482,)
Traceback (most recent call last):
  File "C:\Users\saiem\Documents\GitHub-Data\sdv-dev\cfbfastR-dev\cfbfastR-cfb-raw\python\_cfb_raw_utils.py", line 106, in _safe
    return fn(*args, **kwargs)
           ^^^^^^^^^^^^^^^^^^^
  File "C:\Users\saiem\Documents\GitHub-Data\sdv-dev\cfbfastR-dev\cfbfastR-cfb-raw\python\scrape_cfb_json.py", line 42, in _rosters
    return sdv.cfb.espn_cfb_game_rosters(
           ^^^^^^^^^^^^^^^^^^^^^^^^^^^^^^
  File "C:\Users\saiem\Documents\GitHub-Data\sdv-dev\cfbfastR-dev\cfbfastR-cfb-raw\.venv\Lib\site-packages\sportsdataverse\cfb\cfb_game_rosters.py", line 66, in espn_cfb_game_rosters
    team_rosters = helper_cfb_roster_items(items=items, summary_url=summary_url, **kwargs)
                   ^^^^^^^^^^^^^^^^^^^^^^^^^^^^^^^^^^^^^^^^^^^^^^^^^^^^^^^^^^^^^^^^^^^^^^^
  File "C:\Users\saiem\Documents\GitHub-Data\sdv-dev\cfbfastR-dev\cfbfastR-cfb-raw\.venv\Lib\site-packages\sportsdataverse\cfb\cfb_game_rosters.py", line 209, in helper_cfb_roster_items
    raise NoESPNDataError(f"NoESPNDataError: No roster data found for any team at {summary_url}")
sportsdataverse.errors.NoESPNDataError: NoESPNDataError: No roster data found for any team at https://sports.core.api.espn.com/v2/sports/football/leagues/college-football/events/401212482/competitions/401212482/competitors
ERROR:cfb_json_2020:extra fetch failed: _rosters(401212482,)
Traceback (most recent call last):
  File "C:\Users\saiem\Documents\GitHub-Data\sdv-dev\cfbfastR-dev\cfbfastR-cfb-raw\python\_cfb_raw_utils.py", line 106, in _safe
    return fn(*args, **kwargs)
           ^^^^^^^^^^^^^^^^^^^
  File "C:\Users\saiem\Documents\GitHub-Data\sdv-dev\cfbfastR-dev\cfbfastR-cfb-raw\python\scrape_cfb_json.py", line 42, in _rosters
    return sdv.cfb.espn_cfb_game_rosters(
           ^^^^^^^^^^^^^^^^^^^^^^^^^^^^^^
  File "C:\Users\saiem\Documents\GitHub-Data\sdv-dev\cfbfastR-dev\cfbfastR-cfb-raw\.venv\Lib\site-packages\sportsdataverse\cfb\cfb_game_rosters.py", line 66, in espn_cfb_game_rosters
    team_rosters = helper_cfb_roster_items(items=items, summary_url=summary_url, **kwargs)
                   ^^^^^^^^^^^^^^^^^^^^^^^^^^^^^^^^^^^^^^^^^^^^^^^^^^^^^^^^^^^^^^^^^^^^^^^
  File "C:\Users\saiem\Documents\GitHub-Data\sdv-dev\cfbfastR-dev\cfbfastR-cfb-raw\.venv\Lib\site-packages\sportsdataverse\cfb\cfb_game_rosters.py", line 209, in helper_cfb_roster_items
    raise NoESPNDataError(f"NoESPNDataError: No roster data found for any team at {summary_url}")
sportsdataverse.errors.NoESPNDataError: NoESPNDataError: No roster data found for any team at https://sports.core.api.espn.com/v2/sports/football/leagues/college-football/events/401212482/competitions/401212482/competitors
cfb 2020:  53%|#####2    | 71/135 [00:15<00:10,  6.11it/s]2026-06-17 11:48:18,948 ERROR extra fetch failed: _rosters(401249023,)
Traceback (most recent call last):
  File "C:\Users\saiem\Documents\GitHub-Data\sdv-dev\cfbfastR-dev\cfbfastR-cfb-raw\python\_cfb_raw_utils.py", line 106, in _safe
    return fn(*args, **kwargs)
           ^^^^^^^^^^^^^^^^^^^
  File "C:\Users\saiem\Documents\GitHub-Data\sdv-dev\cfbfastR-dev\cfbfastR-cfb-raw\python\scrape_cfb_json.py", line 42, in _rosters
    return sdv.cfb.espn_cfb_game_rosters(
           ^^^^^^^^^^^^^^^^^^^^^^^^^^^^^^
  File "C:\Users\saiem\Documents\GitHub-Data\sdv-dev\cfbfastR-dev\cfbfastR-cfb-raw\.venv\Lib\site-packages\sportsdataverse\cfb\cfb_game_rosters.py", line 66, in espn_cfb_game_rosters
    team_rosters = helper_cfb_roster_items(items=items, summary_url=summary_url, **kwargs)
                   ^^^^^^^^^^^^^^^^^^^^^^^^^^^^^^^^^^^^^^^^^^^^^^^^^^^^^^^^^^^^^^^^^^^^^^^
  File "C:\Users\saiem\Documents\GitHub-Data\sdv-dev\cfbfastR-dev\cfbfastR-cfb-raw\.venv\Lib\site-packages\sportsdataverse\cfb\cfb_game_rosters.py", line 209, in helper_cfb_roster_items
    raise NoESPNDataError(f"NoESPNDataError: No roster data found for any team at {summary_url}")
sportsdataverse.errors.NoESPNDataError: NoESPNDataError: No roster data found for any team at https://sports.core.api.espn.com/v2/sports/football/leagues/college-football/events/401249023/competitions/401249023/competitors
ERROR:cfb_json_2020:extra fetch failed: _rosters(401249023,)
Traceback (most recent call last):
  File "C:\Users\saiem\Documents\GitHub-Data\sdv-dev\cfbfastR-dev\cfbfastR-cfb-raw\python\_cfb_raw_utils.py", line 106, in _safe
    return fn(*args, **kwargs)
           ^^^^^^^^^^^^^^^^^^^
  File "C:\Users\saiem\Documents\GitHub-Data\sdv-dev\cfbfastR-dev\cfbfastR-cfb-raw\python\scrape_cfb_json.py", line 42, in _rosters
    return sdv.cfb.espn_cfb_game_rosters(
           ^^^^^^^^^^^^^^^^^^^^^^^^^^^^^^
  File "C:\Users\saiem\Documents\GitHub-Data\sdv-dev\cfbfastR-dev\cfbfastR-cfb-raw\.venv\Lib\site-packages\sportsdataverse\cfb\cfb_game_rosters.py", line 66, in espn_cfb_game_rosters
    team_rosters = helper_cfb_roster_items(items=items, summary_url=summary_url, **kwargs)
                   ^^^^^^^^^^^^^^^^^^^^^^^^^^^^^^^^^^^^^^^^^^^^^^^^^^^^^^^^^^^^^^^^^^^^^^^
  File "C:\Users\saiem\Documents\GitHub-Data\sdv-dev\cfbfastR-dev\cfbfastR-cfb-raw\.venv\Lib\site-packages\sportsdataverse\cfb\cfb_game_rosters.py", line 209, in helper_cfb_roster_items
    raise NoESPNDataError(f"NoESPNDataError: No roster data found for any team at {summary_url}")
sportsdataverse.errors.NoESPNDataError: NoESPNDataError: No roster data found for any team at https://sports.core.api.espn.com/v2/sports/football/leagues/college-football/events/401249023/competitions/401249023/competitors
2026-06-17 11:48:18,950 ERROR extra fetch failed: _rosters(401249412,)
Traceback (most recent call last):
  File "C:\Users\saiem\Documents\GitHub-Data\sdv-dev\cfbfastR-dev\cfbfastR-cfb-raw\python\_cfb_raw_utils.py", line 106, in _safe
    return fn(*args, **kwargs)
           ^^^^^^^^^^^^^^^^^^^
  File "C:\Users\saiem\Documents\GitHub-Data\sdv-dev\cfbfastR-dev\cfbfastR-cfb-raw\python\scrape_cfb_json.py", line 42, in _rosters
    return sdv.cfb.espn_cfb_game_rosters(
           ^^^^^^^^^^^^^^^^^^^^^^^^^^^^^^
  File "C:\Users\saiem\Documents\GitHub-Data\sdv-dev\cfbfastR-dev\cfbfastR-cfb-raw\.venv\Lib\site-packages\sportsdataverse\cfb\cfb_game_rosters.py", line 66, in espn_cfb_game_rosters
    team_rosters = helper_cfb_roster_items(items=items, summary_url=summary_url, **kwargs)
                   ^^^^^^^^^^^^^^^^^^^^^^^^^^^^^^^^^^^^^^^^^^^^^^^^^^^^^^^^^^^^^^^^^^^^^^^
  File "C:\Users\saiem\Documents\GitHub-Data\sdv-dev\cfbfastR-dev\cfbfastR-cfb-raw\.venv\Lib\site-packages\sportsdataverse\cfb\cfb_game_rosters.py", line 209, in helper_cfb_roster_items
    raise NoESPNDataError(f"NoESPNDataError: No roster data found for any team at {summary_url}")
sportsdataverse.errors.NoESPNDataError: NoESPNDataError: No roster data found for any team at https://sports.core.api.espn.com/v2/sports/football/leagues/college-football/events/401249412/competitions/401249412/competitors
ERROR:cfb_json_2020:extra fetch failed: _rosters(401249412,)
Traceback (most recent call last):
  File "C:\Users\saiem\Documents\GitHub-Data\sdv-dev\cfbfastR-dev\cfbfastR-cfb-raw\python\_cfb_raw_utils.py", line 106, in _safe
    return fn(*args, **kwargs)
           ^^^^^^^^^^^^^^^^^^^
  File "C:\Users\saiem\Documents\GitHub-Data\sdv-dev\cfbfastR-dev\cfbfastR-cfb-raw\python\scrape_cfb_json.py", line 42, in _rosters
    return sdv.cfb.espn_cfb_game_rosters(
           ^^^^^^^^^^^^^^^^^^^^^^^^^^^^^^
  File "C:\Users\saiem\Documents\GitHub-Data\sdv-dev\cfbfastR-dev\cfbfastR-cfb-raw\.venv\Lib\site-packages\sportsdataverse\cfb\cfb_game_rosters.py", line 66, in espn_cfb_game_rosters
    team_rosters = helper_cfb_roster_items(items=items, summary_url=summary_url, **kwargs)
                   ^^^^^^^^^^^^^^^^^^^^^^^^^^^^^^^^^^^^^^^^^^^^^^^^^^^^^^^^^^^^^^^^^^^^^^^
  File "C:\Users\saiem\Documents\GitHub-Data\sdv-dev\cfbfastR-dev\cfbfastR-cfb-raw\.venv\Lib\site-packages\sportsdataverse\cfb\cfb_game_rosters.py", line 209, in helper_cfb_roster_items
    raise NoESPNDataError(f"NoESPNDataError: No roster data found for any team at {summary_url}")
sportsdataverse.errors.NoESPNDataError: NoESPNDataError: No roster data found for any team at https://sports.core.api.espn.com/v2/sports/football/leagues/college-football/events/401249412/competitions/401249412/competitors
2026-06-17 11:48:19,076 ERROR extra fetch failed: _rosters(401249409,)
Traceback (most recent call last):
  File "C:\Users\saiem\Documents\GitHub-Data\sdv-dev\cfbfastR-dev\cfbfastR-cfb-raw\python\_cfb_raw_utils.py", line 106, in _safe
    return fn(*args, **kwargs)
           ^^^^^^^^^^^^^^^^^^^
  File "C:\Users\saiem\Documents\GitHub-Data\sdv-dev\cfbfastR-dev\cfbfastR-cfb-raw\python\scrape_cfb_json.py", line 42, in _rosters
    return sdv.cfb.espn_cfb_game_rosters(
           ^^^^^^^^^^^^^^^^^^^^^^^^^^^^^^
  File "C:\Users\saiem\Documents\GitHub-Data\sdv-dev\cfbfastR-dev\cfbfastR-cfb-raw\.venv\Lib\site-packages\sportsdataverse\cfb\cfb_game_rosters.py", line 66, in espn_cfb_game_rosters
    team_rosters = helper_cfb_roster_items(items=items, summary_url=summary_url, **kwargs)
                   ^^^^^^^^^^^^^^^^^^^^^^^^^^^^^^^^^^^^^^^^^^^^^^^^^^^^^^^^^^^^^^^^^^^^^^^
  File "C:\Users\saiem\Documents\GitHub-Data\sdv-dev\cfbfastR-dev\cfbfastR-cfb-raw\.venv\Lib\site-packages\sportsdataverse\cfb\cfb_game_rosters.py", line 209, in helper_cfb_roster_items
    raise NoESPNDataError(f"NoESPNDataError: No roster data found for any team at {summary_url}")
sportsdataverse.errors.NoESPNDataError: NoESPNDataError: No roster data found for any team at https://sports.core.api.espn.com/v2/sports/football/leagues/college-football/events/401249409/competitions/401249409/competitors
ERROR:cfb_json_2020:extra fetch failed: _rosters(401249409,)
Traceback (most recent call last):
  File "C:\Users\saiem\Documents\GitHub-Data\sdv-dev\cfbfastR-dev\cfbfastR-cfb-raw\python\_cfb_raw_utils.py", line 106, in _safe
    return fn(*args, **kwargs)
           ^^^^^^^^^^^^^^^^^^^
  File "C:\Users\saiem\Documents\GitHub-Data\sdv-dev\cfbfastR-dev\cfbfastR-cfb-raw\python\scrape_cfb_json.py", line 42, in _rosters
    return sdv.cfb.espn_cfb_game_rosters(
           ^^^^^^^^^^^^^^^^^^^^^^^^^^^^^^
  File "C:\Users\saiem\Documents\GitHub-Data\sdv-dev\cfbfastR-dev\cfbfastR-cfb-raw\.venv\Lib\site-packages\sportsdataverse\cfb\cfb_game_rosters.py", line 66, in espn_cfb_game_rosters
    team_rosters = helper_cfb_roster_items(items=items, summary_url=summary_url, **kwargs)
                   ^^^^^^^^^^^^^^^^^^^^^^^^^^^^^^^^^^^^^^^^^^^^^^^^^^^^^^^^^^^^^^^^^^^^^^^
  File "C:\Users\saiem\Documents\GitHub-Data\sdv-dev\cfbfastR-dev\cfbfastR-cfb-raw\.venv\Lib\site-packages\sportsdataverse\cfb\cfb_game_rosters.py", line 209, in helper_cfb_roster_items
    raise NoESPNDataError(f"NoESPNDataError: No roster data found for any team at {summary_url}")
sportsdataverse.errors.NoESPNDataError: NoESPNDataError: No roster data found for any team at https://sports.core.api.espn.com/v2/sports/football/leagues/college-football/events/401249409/competitions/401249409/competitors
cfb 2020:  53%|#####3    | 72/135 [00:16<00:13,  4.64it/s]cfb 2020:  55%|#####4    | 74/135 [00:16<00:09,  6.21it/s]2026-06-17 11:48:19,253 ERROR extra fetch failed: _rosters(401207193,)
Traceback (most recent call last):
  File "C:\Users\saiem\Documents\GitHub-Data\sdv-dev\cfbfastR-dev\cfbfastR-cfb-raw\python\_cfb_raw_utils.py", line 106, in _safe
    return fn(*args, **kwargs)
           ^^^^^^^^^^^^^^^^^^^
  File "C:\Users\saiem\Documents\GitHub-Data\sdv-dev\cfbfastR-dev\cfbfastR-cfb-raw\python\scrape_cfb_json.py", line 42, in _rosters
    return sdv.cfb.espn_cfb_game_rosters(
           ^^^^^^^^^^^^^^^^^^^^^^^^^^^^^^
  File "C:\Users\saiem\Documents\GitHub-Data\sdv-dev\cfbfastR-dev\cfbfastR-cfb-raw\.venv\Lib\site-packages\sportsdataverse\cfb\cfb_game_rosters.py", line 66, in espn_cfb_game_rosters
    team_rosters = helper_cfb_roster_items(items=items, summary_url=summary_url, **kwargs)
                   ^^^^^^^^^^^^^^^^^^^^^^^^^^^^^^^^^^^^^^^^^^^^^^^^^^^^^^^^^^^^^^^^^^^^^^^
  File "C:\Users\saiem\Documents\GitHub-Data\sdv-dev\cfbfastR-dev\cfbfastR-cfb-raw\.venv\Lib\site-packages\sportsdataverse\cfb\cfb_game_rosters.py", line 209, in helper_cfb_roster_items
    raise NoESPNDataError(f"NoESPNDataError: No roster data found for any team at {summary_url}")
sportsdataverse.errors.NoESPNDataError: NoESPNDataError: No roster data found for any team at https://sports.core.api.espn.com/v2/sports/football/leagues/college-football/events/401207193/competitions/401207193/competitors
ERROR:cfb_json_2020:extra fetch failed: _rosters(401207193,)
Traceback (most recent call last):
  File "C:\Users\saiem\Documents\GitHub-Data\sdv-dev\cfbfastR-dev\cfbfastR-cfb-raw\python\_cfb_raw_utils.py", line 106, in _safe
    return fn(*args, **kwargs)
           ^^^^^^^^^^^^^^^^^^^
  File "C:\Users\saiem\Documents\GitHub-Data\sdv-dev\cfbfastR-dev\cfbfastR-cfb-raw\python\scrape_cfb_json.py", line 42, in _rosters
    return sdv.cfb.espn_cfb_game_rosters(
           ^^^^^^^^^^^^^^^^^^^^^^^^^^^^^^
  File "C:\Users\saiem\Documents\GitHub-Data\sdv-dev\cfbfastR-dev\cfbfastR-cfb-raw\.venv\Lib\site-packages\sportsdataverse\cfb\cfb_game_rosters.py", line 66, in espn_cfb_game_rosters
    team_rosters = helper_cfb_roster_items(items=items, summary_url=summary_url, **kwargs)
                   ^^^^^^^^^^^^^^^^^^^^^^^^^^^^^^^^^^^^^^^^^^^^^^^^^^^^^^^^^^^^^^^^^^^^^^^
  File "C:\Users\saiem\Documents\GitHub-Data\sdv-dev\cfbfastR-dev\cfbfastR-cfb-raw\.venv\Lib\site-packages\sportsdataverse\cfb\cfb_game_rosters.py", line 209, in helper_cfb_roster_items
    raise NoESPNDataError(f"NoESPNDataError: No roster data found for any team at {summary_url}")
sportsdataverse.errors.NoESPNDataError: NoESPNDataError: No roster data found for any team at https://sports.core.api.espn.com/v2/sports/football/leagues/college-football/events/401207193/competitions/401207193/competitors
cfb 2020:  56%|#####5    | 75/135 [00:16<00:09,  6.09it/s]2026-06-17 11:48:19,647 ERROR extra fetch failed: _rosters(401247331,)
Traceback (most recent call last):
  File "C:\Users\saiem\Documents\GitHub-Data\sdv-dev\cfbfastR-dev\cfbfastR-cfb-raw\python\_cfb_raw_utils.py", line 106, in _safe
    return fn(*args, **kwargs)
           ^^^^^^^^^^^^^^^^^^^
  File "C:\Users\saiem\Documents\GitHub-Data\sdv-dev\cfbfastR-dev\cfbfastR-cfb-raw\python\scrape_cfb_json.py", line 42, in _rosters
    return sdv.cfb.espn_cfb_game_rosters(
           ^^^^^^^^^^^^^^^^^^^^^^^^^^^^^^
  File "C:\Users\saiem\Documents\GitHub-Data\sdv-dev\cfbfastR-dev\cfbfastR-cfb-raw\.venv\Lib\site-packages\sportsdataverse\cfb\cfb_game_rosters.py", line 66, in espn_cfb_game_rosters
    team_rosters = helper_cfb_roster_items(items=items, summary_url=summary_url, **kwargs)
                   ^^^^^^^^^^^^^^^^^^^^^^^^^^^^^^^^^^^^^^^^^^^^^^^^^^^^^^^^^^^^^^^^^^^^^^^
  File "C:\Users\saiem\Documents\GitHub-Data\sdv-dev\cfbfastR-dev\cfbfastR-cfb-raw\.venv\Lib\site-packages\sportsdataverse\cfb\cfb_game_rosters.py", line 209, in helper_cfb_roster_items
    raise NoESPNDataError(f"NoESPNDataError: No roster data found for any team at {summary_url}")
sportsdataverse.errors.NoESPNDataError: NoESPNDataError: No roster data found for any team at https://sports.core.api.espn.com/v2/sports/football/leagues/college-football/events/401247331/competitions/401247331/competitors
ERROR:cfb_json_2020:extra fetch failed: _rosters(401247331,)
Traceback (most recent call last):
  File "C:\Users\saiem\Documents\GitHub-Data\sdv-dev\cfbfastR-dev\cfbfastR-cfb-raw\python\_cfb_raw_utils.py", line 106, in _safe
    return fn(*args, **kwargs)
           ^^^^^^^^^^^^^^^^^^^
  File "C:\Users\saiem\Documents\GitHub-Data\sdv-dev\cfbfastR-dev\cfbfastR-cfb-raw\python\scrape_cfb_json.py", line 42, in _rosters
    return sdv.cfb.espn_cfb_game_rosters(
           ^^^^^^^^^^^^^^^^^^^^^^^^^^^^^^
  File "C:\Users\saiem\Documents\GitHub-Data\sdv-dev\cfbfastR-dev\cfbfastR-cfb-raw\.venv\Lib\site-packages\sportsdataverse\cfb\cfb_game_rosters.py", line 66, in espn_cfb_game_rosters
    team_rosters = helper_cfb_roster_items(items=items, summary_url=summary_url, **kwargs)
                   ^^^^^^^^^^^^^^^^^^^^^^^^^^^^^^^^^^^^^^^^^^^^^^^^^^^^^^^^^^^^^^^^^^^^^^^
  File "C:\Users\saiem\Documents\GitHub-Data\sdv-dev\cfbfastR-dev\cfbfastR-cfb-raw\.venv\Lib\site-packages\sportsdataverse\cfb\cfb_game_rosters.py", line 209, in helper_cfb_roster_items
    raise NoESPNDataError(f"NoESPNDataError: No roster data found for any team at {summary_url}")
sportsdataverse.errors.NoESPNDataError: NoESPNDataError: No roster data found for any team at https://sports.core.api.espn.com/v2/sports/football/leagues/college-football/events/401247331/competitions/401247331/competitors
2026-06-17 11:48:19,755 ERROR extra fetch failed: _rosters(401212520,)
Traceback (most recent call last):
  File "C:\Users\saiem\Documents\GitHub-Data\sdv-dev\cfbfastR-dev\cfbfastR-cfb-raw\python\_cfb_raw_utils.py", line 106, in _safe
    return fn(*args, **kwargs)
           ^^^^^^^^^^^^^^^^^^^
  File "C:\Users\saiem\Documents\GitHub-Data\sdv-dev\cfbfastR-dev\cfbfastR-cfb-raw\python\scrape_cfb_json.py", line 42, in _rosters
    return sdv.cfb.espn_cfb_game_rosters(
           ^^^^^^^^^^^^^^^^^^^^^^^^^^^^^^
  File "C:\Users\saiem\Documents\GitHub-Data\sdv-dev\cfbfastR-dev\cfbfastR-cfb-raw\.venv\Lib\site-packages\sportsdataverse\cfb\cfb_game_rosters.py", line 66, in espn_cfb_game_rosters
    team_rosters = helper_cfb_roster_items(items=items, summary_url=summary_url, **kwargs)
                   ^^^^^^^^^^^^^^^^^^^^^^^^^^^^^^^^^^^^^^^^^^^^^^^^^^^^^^^^^^^^^^^^^^^^^^^
  File "C:\Users\saiem\Documents\GitHub-Data\sdv-dev\cfbfastR-dev\cfbfastR-cfb-raw\.venv\Lib\site-packages\sportsdataverse\cfb\cfb_game_rosters.py", line 209, in helper_cfb_roster_items
    raise NoESPNDataError(f"NoESPNDataError: No roster data found for any team at {summary_url}")
sportsdataverse.errors.NoESPNDataError: NoESPNDataError: No roster data found for any team at https://sports.core.api.espn.com/v2/sports/football/leagues/college-football/events/401212520/competitions/401212520/competitors
ERROR:cfb_json_2020:extra fetch failed: _rosters(401212520,)
Traceback (most recent call last):
  File "C:\Users\saiem\Documents\GitHub-Data\sdv-dev\cfbfastR-dev\cfbfastR-cfb-raw\python\_cfb_raw_utils.py", line 106, in _safe
    return fn(*args, **kwargs)
           ^^^^^^^^^^^^^^^^^^^
  File "C:\Users\saiem\Documents\GitHub-Data\sdv-dev\cfbfastR-dev\cfbfastR-cfb-raw\python\scrape_cfb_json.py", line 42, in _rosters
    return sdv.cfb.espn_cfb_game_rosters(
           ^^^^^^^^^^^^^^^^^^^^^^^^^^^^^^
  File "C:\Users\saiem\Documents\GitHub-Data\sdv-dev\cfbfastR-dev\cfbfastR-cfb-raw\.venv\Lib\site-packages\sportsdataverse\cfb\cfb_game_rosters.py", line 66, in espn_cfb_game_rosters
    team_rosters = helper_cfb_roster_items(items=items, summary_url=summary_url, **kwargs)
                   ^^^^^^^^^^^^^^^^^^^^^^^^^^^^^^^^^^^^^^^^^^^^^^^^^^^^^^^^^^^^^^^^^^^^^^^
  File "C:\Users\saiem\Documents\GitHub-Data\sdv-dev\cfbfastR-dev\cfbfastR-cfb-raw\.venv\Lib\site-packages\sportsdataverse\cfb\cfb_game_rosters.py", line 209, in helper_cfb_roster_items
    raise NoESPNDataError(f"NoESPNDataError: No roster data found for any team at {summary_url}")
sportsdataverse.errors.NoESPNDataError: NoESPNDataError: No roster data found for any team at https://sports.core.api.espn.com/v2/sports/football/leagues/college-football/events/401212520/competitions/401212520/competitors
cfb 2020:  56%|#####6    | 76/135 [00:16<00:12,  4.64it/s]2026-06-17 11:48:19,798 ERROR extra fetch failed: _rosters(401249026,)
Traceback (most recent call last):
  File "C:\Users\saiem\Documents\GitHub-Data\sdv-dev\cfbfastR-dev\cfbfastR-cfb-raw\python\_cfb_raw_utils.py", line 106, in _safe
    return fn(*args, **kwargs)
           ^^^^^^^^^^^^^^^^^^^
  File "C:\Users\saiem\Documents\GitHub-Data\sdv-dev\cfbfastR-dev\cfbfastR-cfb-raw\python\scrape_cfb_json.py", line 42, in _rosters
    return sdv.cfb.espn_cfb_game_rosters(
           ^^^^^^^^^^^^^^^^^^^^^^^^^^^^^^
  File "C:\Users\saiem\Documents\GitHub-Data\sdv-dev\cfbfastR-dev\cfbfastR-cfb-raw\.venv\Lib\site-packages\sportsdataverse\cfb\cfb_game_rosters.py", line 66, in espn_cfb_game_rosters
    team_rosters = helper_cfb_roster_items(items=items, summary_url=summary_url, **kwargs)
                   ^^^^^^^^^^^^^^^^^^^^^^^^^^^^^^^^^^^^^^^^^^^^^^^^^^^^^^^^^^^^^^^^^^^^^^^
  File "C:\Users\saiem\Documents\GitHub-Data\sdv-dev\cfbfastR-dev\cfbfastR-cfb-raw\.venv\Lib\site-packages\sportsdataverse\cfb\cfb_game_rosters.py", line 209, in helper_cfb_roster_items
    raise NoESPNDataError(f"NoESPNDataError: No roster data found for any team at {summary_url}")
sportsdataverse.errors.NoESPNDataError: NoESPNDataError: No roster data found for any team at https://sports.core.api.espn.com/v2/sports/football/leagues/college-football/events/401249026/competitions/401249026/competitors
ERROR:cfb_json_2020:extra fetch failed: _rosters(401249026,)
Traceback (most recent call last):
  File "C:\Users\saiem\Documents\GitHub-Data\sdv-dev\cfbfastR-dev\cfbfastR-cfb-raw\python\_cfb_raw_utils.py", line 106, in _safe
    return fn(*args, **kwargs)
           ^^^^^^^^^^^^^^^^^^^
  File "C:\Users\saiem\Documents\GitHub-Data\sdv-dev\cfbfastR-dev\cfbfastR-cfb-raw\python\scrape_cfb_json.py", line 42, in _rosters
    return sdv.cfb.espn_cfb_game_rosters(
           ^^^^^^^^^^^^^^^^^^^^^^^^^^^^^^
  File "C:\Users\saiem\Documents\GitHub-Data\sdv-dev\cfbfastR-dev\cfbfastR-cfb-raw\.venv\Lib\site-packages\sportsdataverse\cfb\cfb_game_rosters.py", line 66, in espn_cfb_game_rosters
    team_rosters = helper_cfb_roster_items(items=items, summary_url=summary_url, **kwargs)
                   ^^^^^^^^^^^^^^^^^^^^^^^^^^^^^^^^^^^^^^^^^^^^^^^^^^^^^^^^^^^^^^^^^^^^^^^
  File "C:\Users\saiem\Documents\GitHub-Data\sdv-dev\cfbfastR-dev\cfbfastR-cfb-raw\.venv\Lib\site-packages\sportsdataverse\cfb\cfb_game_rosters.py", line 209, in helper_cfb_roster_items
    raise NoESPNDataError(f"NoESPNDataError: No roster data found for any team at {summary_url}")
sportsdataverse.errors.NoESPNDataError: NoESPNDataError: No roster data found for any team at https://sports.core.api.espn.com/v2/sports/football/leagues/college-football/events/401249026/competitions/401249026/competitors
2026-06-17 11:48:19,876 ERROR extra fetch failed: _rosters(401236031,)
Traceback (most recent call last):
  File "C:\Users\saiem\Documents\GitHub-Data\sdv-dev\cfbfastR-dev\cfbfastR-cfb-raw\python\_cfb_raw_utils.py", line 106, in _safe
    return fn(*args, **kwargs)
           ^^^^^^^^^^^^^^^^^^^
  File "C:\Users\saiem\Documents\GitHub-Data\sdv-dev\cfbfastR-dev\cfbfastR-cfb-raw\python\scrape_cfb_json.py", line 42, in _rosters
    return sdv.cfb.espn_cfb_game_rosters(
           ^^^^^^^^^^^^^^^^^^^^^^^^^^^^^^
  File "C:\Users\saiem\Documents\GitHub-Data\sdv-dev\cfbfastR-dev\cfbfastR-cfb-raw\.venv\Lib\site-packages\sportsdataverse\cfb\cfb_game_rosters.py", line 66, in espn_cfb_game_rosters
    team_rosters = helper_cfb_roster_items(items=items, summary_url=summary_url, **kwargs)
                   ^^^^^^^^^^^^^^^^^^^^^^^^^^^^^^^^^^^^^^^^^^^^^^^^^^^^^^^^^^^^^^^^^^^^^^^
  File "C:\Users\saiem\Documents\GitHub-Data\sdv-dev\cfbfastR-dev\cfbfastR-cfb-raw\.venv\Lib\site-packages\sportsdataverse\cfb\cfb_game_rosters.py", line 209, in helper_cfb_roster_items
    raise NoESPNDataError(f"NoESPNDataError: No roster data found for any team at {summary_url}")
sportsdataverse.errors.NoESPNDataError: NoESPNDataError: No roster data found for any team at https://sports.core.api.espn.com/v2/sports/football/leagues/college-football/events/401236031/competitions/401236031/competitors
ERROR:cfb_json_2020:extra fetch failed: _rosters(401236031,)
Traceback (most recent call last):
  File "C:\Users\saiem\Documents\GitHub-Data\sdv-dev\cfbfastR-dev\cfbfastR-cfb-raw\python\_cfb_raw_utils.py", line 106, in _safe
    return fn(*args, **kwargs)
           ^^^^^^^^^^^^^^^^^^^
  File "C:\Users\saiem\Documents\GitHub-Data\sdv-dev\cfbfastR-dev\cfbfastR-cfb-raw\python\scrape_cfb_json.py", line 42, in _rosters
    return sdv.cfb.espn_cfb_game_rosters(
           ^^^^^^^^^^^^^^^^^^^^^^^^^^^^^^
  File "C:\Users\saiem\Documents\GitHub-Data\sdv-dev\cfbfastR-dev\cfbfastR-cfb-raw\.venv\Lib\site-packages\sportsdataverse\cfb\cfb_game_rosters.py", line 66, in espn_cfb_game_rosters
    team_rosters = helper_cfb_roster_items(items=items, summary_url=summary_url, **kwargs)
                   ^^^^^^^^^^^^^^^^^^^^^^^^^^^^^^^^^^^^^^^^^^^^^^^^^^^^^^^^^^^^^^^^^^^^^^^
  File "C:\Users\saiem\Documents\GitHub-Data\sdv-dev\cfbfastR-dev\cfbfastR-cfb-raw\.venv\Lib\site-packages\sportsdataverse\cfb\cfb_game_rosters.py", line 209, in helper_cfb_roster_items
    raise NoESPNDataError(f"NoESPNDataError: No roster data found for any team at {summary_url}")
sportsdataverse.errors.NoESPNDataError: NoESPNDataError: No roster data found for any team at https://sports.core.api.espn.com/v2/sports/football/leagues/college-football/events/401236031/competitions/401236031/competitors
cfb 2020:  57%|#####7    | 77/135 [00:16<00:11,  5.20it/s]cfb 2020:  59%|#####8    | 79/135 [00:16<00:07,  7.09it/s]2026-06-17 11:48:20,297 ERROR extra fetch failed: _rosters(401247334,)
Traceback (most recent call last):
  File "C:\Users\saiem\Documents\GitHub-Data\sdv-dev\cfbfastR-dev\cfbfastR-cfb-raw\python\_cfb_raw_utils.py", line 106, in _safe
    return fn(*args, **kwargs)
           ^^^^^^^^^^^^^^^^^^^
  File "C:\Users\saiem\Documents\GitHub-Data\sdv-dev\cfbfastR-dev\cfbfastR-cfb-raw\python\scrape_cfb_json.py", line 42, in _rosters
    return sdv.cfb.espn_cfb_game_rosters(
           ^^^^^^^^^^^^^^^^^^^^^^^^^^^^^^
  File "C:\Users\saiem\Documents\GitHub-Data\sdv-dev\cfbfastR-dev\cfbfastR-cfb-raw\.venv\Lib\site-packages\sportsdataverse\cfb\cfb_game_rosters.py", line 66, in espn_cfb_game_rosters
    team_rosters = helper_cfb_roster_items(items=items, summary_url=summary_url, **kwargs)
                   ^^^^^^^^^^^^^^^^^^^^^^^^^^^^^^^^^^^^^^^^^^^^^^^^^^^^^^^^^^^^^^^^^^^^^^^
  File "C:\Users\saiem\Documents\GitHub-Data\sdv-dev\cfbfastR-dev\cfbfastR-cfb-raw\.venv\Lib\site-packages\sportsdataverse\cfb\cfb_game_rosters.py", line 209, in helper_cfb_roster_items
    raise NoESPNDataError(f"NoESPNDataError: No roster data found for any team at {summary_url}")
sportsdataverse.errors.NoESPNDataError: NoESPNDataError: No roster data found for any team at https://sports.core.api.espn.com/v2/sports/football/leagues/college-football/events/401247334/competitions/401247334/competitors
ERROR:cfb_json_2020:extra fetch failed: _rosters(401247334,)
Traceback (most recent call last):
  File "C:\Users\saiem\Documents\GitHub-Data\sdv-dev\cfbfastR-dev\cfbfastR-cfb-raw\python\_cfb_raw_utils.py", line 106, in _safe
    return fn(*args, **kwargs)
           ^^^^^^^^^^^^^^^^^^^
  File "C:\Users\saiem\Documents\GitHub-Data\sdv-dev\cfbfastR-dev\cfbfastR-cfb-raw\python\scrape_cfb_json.py", line 42, in _rosters
    return sdv.cfb.espn_cfb_game_rosters(
           ^^^^^^^^^^^^^^^^^^^^^^^^^^^^^^
  File "C:\Users\saiem\Documents\GitHub-Data\sdv-dev\cfbfastR-dev\cfbfastR-cfb-raw\.venv\Lib\site-packages\sportsdataverse\cfb\cfb_game_rosters.py", line 66, in espn_cfb_game_rosters
    team_rosters = helper_cfb_roster_items(items=items, summary_url=summary_url, **kwargs)
                   ^^^^^^^^^^^^^^^^^^^^^^^^^^^^^^^^^^^^^^^^^^^^^^^^^^^^^^^^^^^^^^^^^^^^^^^
  File "C:\Users\saiem\Documents\GitHub-Data\sdv-dev\cfbfastR-dev\cfbfastR-cfb-raw\.venv\Lib\site-packages\sportsdataverse\cfb\cfb_game_rosters.py", line 209, in helper_cfb_roster_items
    raise NoESPNDataError(f"NoESPNDataError: No roster data found for any team at {summary_url}")
sportsdataverse.errors.NoESPNDataError: NoESPNDataError: No roster data found for any team at https://sports.core.api.espn.com/v2/sports/football/leagues/college-football/events/401247334/competitions/401247334/competitors
cfb 2020:  59%|#####9    | 80/135 [00:17<00:10,  5.05it/s]2026-06-17 11:48:20,464 ERROR extra fetch failed: _rosters(401207188,)
Traceback (most recent call last):
  File "C:\Users\saiem\Documents\GitHub-Data\sdv-dev\cfbfastR-dev\cfbfastR-cfb-raw\python\_cfb_raw_utils.py", line 106, in _safe
    return fn(*args, **kwargs)
           ^^^^^^^^^^^^^^^^^^^
  File "C:\Users\saiem\Documents\GitHub-Data\sdv-dev\cfbfastR-dev\cfbfastR-cfb-raw\python\scrape_cfb_json.py", line 42, in _rosters
    return sdv.cfb.espn_cfb_game_rosters(
           ^^^^^^^^^^^^^^^^^^^^^^^^^^^^^^
  File "C:\Users\saiem\Documents\GitHub-Data\sdv-dev\cfbfastR-dev\cfbfastR-cfb-raw\.venv\Lib\site-packages\sportsdataverse\cfb\cfb_game_rosters.py", line 66, in espn_cfb_game_rosters
    team_rosters = helper_cfb_roster_items(items=items, summary_url=summary_url, **kwargs)
                   ^^^^^^^^^^^^^^^^^^^^^^^^^^^^^^^^^^^^^^^^^^^^^^^^^^^^^^^^^^^^^^^^^^^^^^^
  File "C:\Users\saiem\Documents\GitHub-Data\sdv-dev\cfbfastR-dev\cfbfastR-cfb-raw\.venv\Lib\site-packages\sportsdataverse\cfb\cfb_game_rosters.py", line 209, in helper_cfb_roster_items
    raise NoESPNDataError(f"NoESPNDataError: No roster data found for any team at {summary_url}")
sportsdataverse.errors.NoESPNDataError: NoESPNDataError: No roster data found for any team at https://sports.core.api.espn.com/v2/sports/football/leagues/college-football/events/401207188/competitions/401207188/competitors
ERROR:cfb_json_2020:extra fetch failed: _rosters(401207188,)
Traceback (most recent call last):
  File "C:\Users\saiem\Documents\GitHub-Data\sdv-dev\cfbfastR-dev\cfbfastR-cfb-raw\python\_cfb_raw_utils.py", line 106, in _safe
    return fn(*args, **kwargs)
           ^^^^^^^^^^^^^^^^^^^
  File "C:\Users\saiem\Documents\GitHub-Data\sdv-dev\cfbfastR-dev\cfbfastR-cfb-raw\python\scrape_cfb_json.py", line 42, in _rosters
    return sdv.cfb.espn_cfb_game_rosters(
           ^^^^^^^^^^^^^^^^^^^^^^^^^^^^^^
  File "C:\Users\saiem\Documents\GitHub-Data\sdv-dev\cfbfastR-dev\cfbfastR-cfb-raw\.venv\Lib\site-packages\sportsdataverse\cfb\cfb_game_rosters.py", line 66, in espn_cfb_game_rosters
    team_rosters = helper_cfb_roster_items(items=items, summary_url=summary_url, **kwargs)
                   ^^^^^^^^^^^^^^^^^^^^^^^^^^^^^^^^^^^^^^^^^^^^^^^^^^^^^^^^^^^^^^^^^^^^^^^
  File "C:\Users\saiem\Documents\GitHub-Data\sdv-dev\cfbfastR-dev\cfbfastR-cfb-raw\.venv\Lib\site-packages\sportsdataverse\cfb\cfb_game_rosters.py", line 209, in helper_cfb_roster_items
    raise NoESPNDataError(f"NoESPNDataError: No roster data found for any team at {summary_url}")
sportsdataverse.errors.NoESPNDataError: NoESPNDataError: No roster data found for any team at https://sports.core.api.espn.com/v2/sports/football/leagues/college-football/events/401207188/competitions/401207188/competitors
2026-06-17 11:48:20,623 ERROR extra fetch failed: _rosters(401207192,)
Traceback (most recent call last):
  File "C:\Users\saiem\Documents\GitHub-Data\sdv-dev\cfbfastR-dev\cfbfastR-cfb-raw\.venv\Lib\site-packages\polars\_utils\construction\series.py", line 355, in _construct_series_with_fallbacks
    return constructor(name, values, strict)
           ^^^^^^^^^^^^^^^^^^^^^^^^^^^^^^^^^
TypeError: 'str' object cannot be interpreted as an integer

During handling of the above exception, another exception occurred:

Traceback (most recent call last):
  File "C:\Users\saiem\Documents\GitHub-Data\sdv-dev\cfbfastR-dev\cfbfastR-cfb-raw\.venv\Lib\site-packages\polars\_utils\getitem.py", line 167, in get_df_item_by_key
    return _select_rows(df, key)  # type: ignore[arg-type]
           ^^^^^^^^^^^^^^^^^^^^^
  File "C:\Users\saiem\Documents\GitHub-Data\sdv-dev\cfbfastR-dev\cfbfastR-cfb-raw\.venv\Lib\site-packages\polars\_utils\getitem.py", line 314, in _select_rows
    s = pl.Series("", key, dtype=Int64)
        ^^^^^^^^^^^^^^^^^^^^^^^^^^^^^^^
  File "C:\Users\saiem\Documents\GitHub-Data\sdv-dev\cfbfastR-dev\cfbfastR-cfb-raw\.venv\Lib\site-packages\polars\series\series.py", line 296, in __init__
    self._s = sequence_to_pyseries(
              ^^^^^^^^^^^^^^^^^^^^^
  File "C:\Users\saiem\Documents\GitHub-Data\sdv-dev\cfbfastR-dev\cfbfastR-cfb-raw\.venv\Lib\site-packages\polars\_utils\construction\series.py", line 164, in sequence_to_pyseries
    pyseries = _construct_series_with_fallbacks(
               ^^^^^^^^^^^^^^^^^^^^^^^^^^^^^^^^^
  File "C:\Users\saiem\Documents\GitHub-Data\sdv-dev\cfbfastR-dev\cfbfastR-cfb-raw\.venv\Lib\site-packages\polars\_utils\construction\series.py", line 370, in _construct_series_with_fallbacks
    return PySeries.new_from_any_values_and_dtype(
           ^^^^^^^^^^^^^^^^^^^^^^^^^^^^^^^^^^^^^^^
TypeError: unexpected value while building Series of type Int64; found value of type String: "team_id"

Hint: Try setting `strict=False` to allow passing data with mixed types.

During handling of the above exception, another exception occurred:

Traceback (most recent call last):
  File "C:\Users\saiem\Documents\GitHub-Data\sdv-dev\cfbfastR-dev\cfbfastR-cfb-raw\python\_cfb_raw_utils.py", line 106, in _safe
    return fn(*args, **kwargs)
           ^^^^^^^^^^^^^^^^^^^
  File "C:\Users\saiem\Documents\GitHub-Data\sdv-dev\cfbfastR-dev\cfbfastR-cfb-raw\python\scrape_cfb_json.py", line 42, in _rosters
    return sdv.cfb.espn_cfb_game_rosters(
           ^^^^^^^^^^^^^^^^^^^^^^^^^^^^^^
  File "C:\Users\saiem\Documents\GitHub-Data\sdv-dev\cfbfastR-dev\cfbfastR-cfb-raw\.venv\Lib\site-packages\sportsdataverse\cfb\cfb_game_rosters.py", line 67, in espn_cfb_game_rosters
    team_rosters = team_rosters.join(items[["team_id", "order", "home_away", "winner"]], how="left", on="team_id")
                                     ~~~~~^^^^^^^^^^^^^^^^^^^^^^^^^^^^^^^^^^^^^^^^^^^^^
  File "C:\Users\saiem\Documents\GitHub-Data\sdv-dev\cfbfastR-dev\cfbfastR-cfb-raw\.venv\Lib\site-packages\polars\dataframe\frame.py", line 1441, in __getitem__
    return get_df_item_by_key(self, key)
           ^^^^^^^^^^^^^^^^^^^^^^^^^^^^^
  File "C:\Users\saiem\Documents\GitHub-Data\sdv-dev\cfbfastR-dev\cfbfastR-cfb-raw\.venv\Lib\site-packages\polars\_utils\getitem.py", line 169, in get_df_item_by_key
    return _select_columns(df, key)
           ^^^^^^^^^^^^^^^^^^^^^^^^
  File "C:\Users\saiem\Documents\GitHub-Data\sdv-dev\cfbfastR-dev\cfbfastR-cfb-raw\.venv\Lib\site-packages\polars\_utils\getitem.py", line 217, in _select_columns
    return _select_columns_by_name(df, key)  # type: ignore[arg-type]
           ^^^^^^^^^^^^^^^^^^^^^^^^^^^^^^^^
  File "C:\Users\saiem\Documents\GitHub-Data\sdv-dev\cfbfastR-dev\cfbfastR-cfb-raw\.venv\Lib\site-packages\polars\_utils\getitem.py", line 269, in _select_columns_by_name
    return df._from_pydf(df._df.select(list(key)))
                         ^^^^^^^^^^^^^^^^^^^^^^^^
polars.exceptions.ColumnNotFoundError: "winner" not found
ERROR:cfb_json_2020:extra fetch failed: _rosters(401207192,)
Traceback (most recent call last):
  File "C:\Users\saiem\Documents\GitHub-Data\sdv-dev\cfbfastR-dev\cfbfastR-cfb-raw\.venv\Lib\site-packages\polars\_utils\construction\series.py", line 355, in _construct_series_with_fallbacks
    return constructor(name, values, strict)
           ^^^^^^^^^^^^^^^^^^^^^^^^^^^^^^^^^
TypeError: 'str' object cannot be interpreted as an integer

During handling of the above exception, another exception occurred:

Traceback (most recent call last):
  File "C:\Users\saiem\Documents\GitHub-Data\sdv-dev\cfbfastR-dev\cfbfastR-cfb-raw\.venv\Lib\site-packages\polars\_utils\getitem.py", line 167, in get_df_item_by_key
    return _select_rows(df, key)  # type: ignore[arg-type]
           ^^^^^^^^^^^^^^^^^^^^^
  File "C:\Users\saiem\Documents\GitHub-Data\sdv-dev\cfbfastR-dev\cfbfastR-cfb-raw\.venv\Lib\site-packages\polars\_utils\getitem.py", line 314, in _select_rows
    s = pl.Series("", key, dtype=Int64)
        ^^^^^^^^^^^^^^^^^^^^^^^^^^^^^^^
  File "C:\Users\saiem\Documents\GitHub-Data\sdv-dev\cfbfastR-dev\cfbfastR-cfb-raw\.venv\Lib\site-packages\polars\series\series.py", line 296, in __init__
    self._s = sequence_to_pyseries(
              ^^^^^^^^^^^^^^^^^^^^^
  File "C:\Users\saiem\Documents\GitHub-Data\sdv-dev\cfbfastR-dev\cfbfastR-cfb-raw\.venv\Lib\site-packages\polars\_utils\construction\series.py", line 164, in sequence_to_pyseries
    pyseries = _construct_series_with_fallbacks(
               ^^^^^^^^^^^^^^^^^^^^^^^^^^^^^^^^^
  File "C:\Users\saiem\Documents\GitHub-Data\sdv-dev\cfbfastR-dev\cfbfastR-cfb-raw\.venv\Lib\site-packages\polars\_utils\construction\series.py", line 370, in _construct_series_with_fallbacks
    return PySeries.new_from_any_values_and_dtype(
           ^^^^^^^^^^^^^^^^^^^^^^^^^^^^^^^^^^^^^^^
TypeError: unexpected value while building Series of type Int64; found value of type String: "team_id"

Hint: Try setting `strict=False` to allow passing data with mixed types.

During handling of the above exception, another exception occurred:

Traceback (most recent call last):
  File "C:\Users\saiem\Documents\GitHub-Data\sdv-dev\cfbfastR-dev\cfbfastR-cfb-raw\python\_cfb_raw_utils.py", line 106, in _safe
    return fn(*args, **kwargs)
           ^^^^^^^^^^^^^^^^^^^
  File "C:\Users\saiem\Documents\GitHub-Data\sdv-dev\cfbfastR-dev\cfbfastR-cfb-raw\python\scrape_cfb_json.py", line 42, in _rosters
    return sdv.cfb.espn_cfb_game_rosters(
           ^^^^^^^^^^^^^^^^^^^^^^^^^^^^^^
  File "C:\Users\saiem\Documents\GitHub-Data\sdv-dev\cfbfastR-dev\cfbfastR-cfb-raw\.venv\Lib\site-packages\sportsdataverse\cfb\cfb_game_rosters.py", line 67, in espn_cfb_game_rosters
    team_rosters = team_rosters.join(items[["team_id", "order", "home_away", "winner"]], how="left", on="team_id")
                                     ~~~~~^^^^^^^^^^^^^^^^^^^^^^^^^^^^^^^^^^^^^^^^^^^^^
  File "C:\Users\saiem\Documents\GitHub-Data\sdv-dev\cfbfastR-dev\cfbfastR-cfb-raw\.venv\Lib\site-packages\polars\dataframe\frame.py", line 1441, in __getitem__
    return get_df_item_by_key(self, key)
           ^^^^^^^^^^^^^^^^^^^^^^^^^^^^^
  File "C:\Users\saiem\Documents\GitHub-Data\sdv-dev\cfbfastR-dev\cfbfastR-cfb-raw\.venv\Lib\site-packages\polars\_utils\getitem.py", line 169, in get_df_item_by_key
    return _select_columns(df, key)
           ^^^^^^^^^^^^^^^^^^^^^^^^
  File "C:\Users\saiem\Documents\GitHub-Data\sdv-dev\cfbfastR-dev\cfbfastR-cfb-raw\.venv\Lib\site-packages\polars\_utils\getitem.py", line 217, in _select_columns
    return _select_columns_by_name(df, key)  # type: ignore[arg-type]
           ^^^^^^^^^^^^^^^^^^^^^^^^^^^^^^^^
  File "C:\Users\saiem\Documents\GitHub-Data\sdv-dev\cfbfastR-dev\cfbfastR-cfb-raw\.venv\Lib\site-packages\polars\_utils\getitem.py", line 269, in _select_columns_by_name
    return df._from_pydf(df._df.select(list(key)))
                         ^^^^^^^^^^^^^^^^^^^^^^^^
polars.exceptions.ColumnNotFoundError: "winner" not found
cfb 2020:  60%|######    | 81/135 [00:17<00:10,  5.02it/s]2026-06-17 11:48:20,661 ERROR extra fetch failed: _rosters(401212535,)
Traceback (most recent call last):
  File "C:\Users\saiem\Documents\GitHub-Data\sdv-dev\cfbfastR-dev\cfbfastR-cfb-raw\python\_cfb_raw_utils.py", line 106, in _safe
    return fn(*args, **kwargs)
           ^^^^^^^^^^^^^^^^^^^
  File "C:\Users\saiem\Documents\GitHub-Data\sdv-dev\cfbfastR-dev\cfbfastR-cfb-raw\python\scrape_cfb_json.py", line 42, in _rosters
    return sdv.cfb.espn_cfb_game_rosters(
           ^^^^^^^^^^^^^^^^^^^^^^^^^^^^^^
  File "C:\Users\saiem\Documents\GitHub-Data\sdv-dev\cfbfastR-dev\cfbfastR-cfb-raw\.venv\Lib\site-packages\sportsdataverse\cfb\cfb_game_rosters.py", line 66, in espn_cfb_game_rosters
    team_rosters = helper_cfb_roster_items(items=items, summary_url=summary_url, **kwargs)
                   ^^^^^^^^^^^^^^^^^^^^^^^^^^^^^^^^^^^^^^^^^^^^^^^^^^^^^^^^^^^^^^^^^^^^^^^
  File "C:\Users\saiem\Documents\GitHub-Data\sdv-dev\cfbfastR-dev\cfbfastR-cfb-raw\.venv\Lib\site-packages\sportsdataverse\cfb\cfb_game_rosters.py", line 209, in helper_cfb_roster_items
    raise NoESPNDataError(f"NoESPNDataError: No roster data found for any team at {summary_url}")
sportsdataverse.errors.NoESPNDataError: NoESPNDataError: No roster data found for any team at https://sports.core.api.espn.com/v2/sports/football/leagues/college-football/events/401212535/competitions/401212535/competitors
ERROR:cfb_json_2020:extra fetch failed: _rosters(401212535,)
Traceback (most recent call last):
  File "C:\Users\saiem\Documents\GitHub-Data\sdv-dev\cfbfastR-dev\cfbfastR-cfb-raw\python\_cfb_raw_utils.py", line 106, in _safe
    return fn(*args, **kwargs)
           ^^^^^^^^^^^^^^^^^^^
  File "C:\Users\saiem\Documents\GitHub-Data\sdv-dev\cfbfastR-dev\cfbfastR-cfb-raw\python\scrape_cfb_json.py", line 42, in _rosters
    return sdv.cfb.espn_cfb_game_rosters(
           ^^^^^^^^^^^^^^^^^^^^^^^^^^^^^^
  File "C:\Users\saiem\Documents\GitHub-Data\sdv-dev\cfbfastR-dev\cfbfastR-cfb-raw\.venv\Lib\site-packages\sportsdataverse\cfb\cfb_game_rosters.py", line 66, in espn_cfb_game_rosters
    team_rosters = helper_cfb_roster_items(items=items, summary_url=summary_url, **kwargs)
                   ^^^^^^^^^^^^^^^^^^^^^^^^^^^^^^^^^^^^^^^^^^^^^^^^^^^^^^^^^^^^^^^^^^^^^^^
  File "C:\Users\saiem\Documents\GitHub-Data\sdv-dev\cfbfastR-dev\cfbfastR-cfb-raw\.venv\Lib\site-packages\sportsdataverse\cfb\cfb_game_rosters.py", line 209, in helper_cfb_roster_items
    raise NoESPNDataError(f"NoESPNDataError: No roster data found for any team at {summary_url}")
sportsdataverse.errors.NoESPNDataError: NoESPNDataError: No roster data found for any team at https://sports.core.api.espn.com/v2/sports/football/leagues/college-football/events/401212535/competitions/401212535/competitors
cfb 2020:  61%|######    | 82/135 [00:17<00:09,  5.47it/s]2026-06-17 11:48:20,943 ERROR extra fetch failed: _rosters(401207189,)
Traceback (most recent call last):
  File "C:\Users\saiem\Documents\GitHub-Data\sdv-dev\cfbfastR-dev\cfbfastR-cfb-raw\python\_cfb_raw_utils.py", line 106, in _safe
    return fn(*args, **kwargs)
           ^^^^^^^^^^^^^^^^^^^
  File "C:\Users\saiem\Documents\GitHub-Data\sdv-dev\cfbfastR-dev\cfbfastR-cfb-raw\python\scrape_cfb_json.py", line 42, in _rosters
    return sdv.cfb.espn_cfb_game_rosters(
           ^^^^^^^^^^^^^^^^^^^^^^^^^^^^^^
  File "C:\Users\saiem\Documents\GitHub-Data\sdv-dev\cfbfastR-dev\cfbfastR-cfb-raw\.venv\Lib\site-packages\sportsdataverse\cfb\cfb_game_rosters.py", line 66, in espn_cfb_game_rosters
    team_rosters = helper_cfb_roster_items(items=items, summary_url=summary_url, **kwargs)
                   ^^^^^^^^^^^^^^^^^^^^^^^^^^^^^^^^^^^^^^^^^^^^^^^^^^^^^^^^^^^^^^^^^^^^^^^
  File "C:\Users\saiem\Documents\GitHub-Data\sdv-dev\cfbfastR-dev\cfbfastR-cfb-raw\.venv\Lib\site-packages\sportsdataverse\cfb\cfb_game_rosters.py", line 209, in helper_cfb_roster_items
    raise NoESPNDataError(f"NoESPNDataError: No roster data found for any team at {summary_url}")
sportsdataverse.errors.NoESPNDataError: NoESPNDataError: No roster data found for any team at https://sports.core.api.espn.com/v2/sports/football/leagues/college-football/events/401207189/competitions/401207189/competitors
ERROR:cfb_json_2020:extra fetch failed: _rosters(401207189,)
Traceback (most recent call last):
  File "C:\Users\saiem\Documents\GitHub-Data\sdv-dev\cfbfastR-dev\cfbfastR-cfb-raw\python\_cfb_raw_utils.py", line 106, in _safe
    return fn(*args, **kwargs)
           ^^^^^^^^^^^^^^^^^^^
  File "C:\Users\saiem\Documents\GitHub-Data\sdv-dev\cfbfastR-dev\cfbfastR-cfb-raw\python\scrape_cfb_json.py", line 42, in _rosters
    return sdv.cfb.espn_cfb_game_rosters(
           ^^^^^^^^^^^^^^^^^^^^^^^^^^^^^^
  File "C:\Users\saiem\Documents\GitHub-Data\sdv-dev\cfbfastR-dev\cfbfastR-cfb-raw\.venv\Lib\site-packages\sportsdataverse\cfb\cfb_game_rosters.py", line 66, in espn_cfb_game_rosters
    team_rosters = helper_cfb_roster_items(items=items, summary_url=summary_url, **kwargs)
                   ^^^^^^^^^^^^^^^^^^^^^^^^^^^^^^^^^^^^^^^^^^^^^^^^^^^^^^^^^^^^^^^^^^^^^^^
  File "C:\Users\saiem\Documents\GitHub-Data\sdv-dev\cfbfastR-dev\cfbfastR-cfb-raw\.venv\Lib\site-packages\sportsdataverse\cfb\cfb_game_rosters.py", line 209, in helper_cfb_roster_items
    raise NoESPNDataError(f"NoESPNDataError: No roster data found for any team at {summary_url}")
sportsdataverse.errors.NoESPNDataError: NoESPNDataError: No roster data found for any team at https://sports.core.api.espn.com/v2/sports/football/leagues/college-football/events/401207189/competitions/401207189/competitors
cfb 2020:  62%|######2   | 84/135 [00:18<00:08,  5.71it/s]2026-06-17 11:48:21,265 ERROR extra fetch failed: _rosters(401234653,)
Traceback (most recent call last):
  File "C:\Users\saiem\Documents\GitHub-Data\sdv-dev\cfbfastR-dev\cfbfastR-cfb-raw\python\_cfb_raw_utils.py", line 106, in _safe
    return fn(*args, **kwargs)
           ^^^^^^^^^^^^^^^^^^^
  File "C:\Users\saiem\Documents\GitHub-Data\sdv-dev\cfbfastR-dev\cfbfastR-cfb-raw\python\scrape_cfb_json.py", line 42, in _rosters
    return sdv.cfb.espn_cfb_game_rosters(
           ^^^^^^^^^^^^^^^^^^^^^^^^^^^^^^
  File "C:\Users\saiem\Documents\GitHub-Data\sdv-dev\cfbfastR-dev\cfbfastR-cfb-raw\.venv\Lib\site-packages\sportsdataverse\cfb\cfb_game_rosters.py", line 66, in espn_cfb_game_rosters
    team_rosters = helper_cfb_roster_items(items=items, summary_url=summary_url, **kwargs)
                   ^^^^^^^^^^^^^^^^^^^^^^^^^^^^^^^^^^^^^^^^^^^^^^^^^^^^^^^^^^^^^^^^^^^^^^^
  File "C:\Users\saiem\Documents\GitHub-Data\sdv-dev\cfbfastR-dev\cfbfastR-cfb-raw\.venv\Lib\site-packages\sportsdataverse\cfb\cfb_game_rosters.py", line 209, in helper_cfb_roster_items
    raise NoESPNDataError(f"NoESPNDataError: No roster data found for any team at {summary_url}")
sportsdataverse.errors.NoESPNDataError: NoESPNDataError: No roster data found for any team at https://sports.core.api.espn.com/v2/sports/football/leagues/college-football/events/401234653/competitions/401234653/competitors
ERROR:cfb_json_2020:extra fetch failed: _rosters(401234653,)
Traceback (most recent call last):
  File "C:\Users\saiem\Documents\GitHub-Data\sdv-dev\cfbfastR-dev\cfbfastR-cfb-raw\python\_cfb_raw_utils.py", line 106, in _safe
    return fn(*args, **kwargs)
           ^^^^^^^^^^^^^^^^^^^
  File "C:\Users\saiem\Documents\GitHub-Data\sdv-dev\cfbfastR-dev\cfbfastR-cfb-raw\python\scrape_cfb_json.py", line 42, in _rosters
    return sdv.cfb.espn_cfb_game_rosters(
           ^^^^^^^^^^^^^^^^^^^^^^^^^^^^^^
  File "C:\Users\saiem\Documents\GitHub-Data\sdv-dev\cfbfastR-dev\cfbfastR-cfb-raw\.venv\Lib\site-packages\sportsdataverse\cfb\cfb_game_rosters.py", line 66, in espn_cfb_game_rosters
    team_rosters = helper_cfb_roster_items(items=items, summary_url=summary_url, **kwargs)
                   ^^^^^^^^^^^^^^^^^^^^^^^^^^^^^^^^^^^^^^^^^^^^^^^^^^^^^^^^^^^^^^^^^^^^^^^
  File "C:\Users\saiem\Documents\GitHub-Data\sdv-dev\cfbfastR-dev\cfbfastR-cfb-raw\.venv\Lib\site-packages\sportsdataverse\cfb\cfb_game_rosters.py", line 209, in helper_cfb_roster_items
    raise NoESPNDataError(f"NoESPNDataError: No roster data found for any team at {summary_url}")
sportsdataverse.errors.NoESPNDataError: NoESPNDataError: No roster data found for any team at https://sports.core.api.espn.com/v2/sports/football/leagues/college-football/events/401234653/competitions/401234653/competitors
2026-06-17 11:48:21,300 ERROR extra fetch failed: _rosters(401249027,)
Traceback (most recent call last):
  File "C:\Users\saiem\Documents\GitHub-Data\sdv-dev\cfbfastR-dev\cfbfastR-cfb-raw\python\_cfb_raw_utils.py", line 106, in _safe
    return fn(*args, **kwargs)
           ^^^^^^^^^^^^^^^^^^^
  File "C:\Users\saiem\Documents\GitHub-Data\sdv-dev\cfbfastR-dev\cfbfastR-cfb-raw\python\scrape_cfb_json.py", line 42, in _rosters
    return sdv.cfb.espn_cfb_game_rosters(
           ^^^^^^^^^^^^^^^^^^^^^^^^^^^^^^
  File "C:\Users\saiem\Documents\GitHub-Data\sdv-dev\cfbfastR-dev\cfbfastR-cfb-raw\.venv\Lib\site-packages\sportsdataverse\cfb\cfb_game_rosters.py", line 66, in espn_cfb_game_rosters
    team_rosters = helper_cfb_roster_items(items=items, summary_url=summary_url, **kwargs)
                   ^^^^^^^^^^^^^^^^^^^^^^^^^^^^^^^^^^^^^^^^^^^^^^^^^^^^^^^^^^^^^^^^^^^^^^^
  File "C:\Users\saiem\Documents\GitHub-Data\sdv-dev\cfbfastR-dev\cfbfastR-cfb-raw\.venv\Lib\site-packages\sportsdataverse\cfb\cfb_game_rosters.py", line 209, in helper_cfb_roster_items
    raise NoESPNDataError(f"NoESPNDataError: No roster data found for any team at {summary_url}")
sportsdataverse.errors.NoESPNDataError: NoESPNDataError: No roster data found for any team at https://sports.core.api.espn.com/v2/sports/football/leagues/college-football/events/401249027/competitions/401249027/competitors
ERROR:cfb_json_2020:extra fetch failed: _rosters(401249027,)
Traceback (most recent call last):
  File "C:\Users\saiem\Documents\GitHub-Data\sdv-dev\cfbfastR-dev\cfbfastR-cfb-raw\python\_cfb_raw_utils.py", line 106, in _safe
    return fn(*args, **kwargs)
           ^^^^^^^^^^^^^^^^^^^
  File "C:\Users\saiem\Documents\GitHub-Data\sdv-dev\cfbfastR-dev\cfbfastR-cfb-raw\python\scrape_cfb_json.py", line 42, in _rosters
    return sdv.cfb.espn_cfb_game_rosters(
           ^^^^^^^^^^^^^^^^^^^^^^^^^^^^^^
  File "C:\Users\saiem\Documents\GitHub-Data\sdv-dev\cfbfastR-dev\cfbfastR-cfb-raw\.venv\Lib\site-packages\sportsdataverse\cfb\cfb_game_rosters.py", line 66, in espn_cfb_game_rosters
    team_rosters = helper_cfb_roster_items(items=items, summary_url=summary_url, **kwargs)
                   ^^^^^^^^^^^^^^^^^^^^^^^^^^^^^^^^^^^^^^^^^^^^^^^^^^^^^^^^^^^^^^^^^^^^^^^
  File "C:\Users\saiem\Documents\GitHub-Data\sdv-dev\cfbfastR-dev\cfbfastR-cfb-raw\.venv\Lib\site-packages\sportsdataverse\cfb\cfb_game_rosters.py", line 209, in helper_cfb_roster_items
    raise NoESPNDataError(f"NoESPNDataError: No roster data found for any team at {summary_url}")
sportsdataverse.errors.NoESPNDataError: NoESPNDataError: No roster data found for any team at https://sports.core.api.espn.com/v2/sports/football/leagues/college-football/events/401249027/competitions/401249027/competitors
2026-06-17 11:48:21,366 ERROR extra fetch failed: _rosters(401207187,)
Traceback (most recent call last):
  File "C:\Users\saiem\Documents\GitHub-Data\sdv-dev\cfbfastR-dev\cfbfastR-cfb-raw\python\_cfb_raw_utils.py", line 106, in _safe
    return fn(*args, **kwargs)
           ^^^^^^^^^^^^^^^^^^^
  File "C:\Users\saiem\Documents\GitHub-Data\sdv-dev\cfbfastR-dev\cfbfastR-cfb-raw\python\scrape_cfb_json.py", line 42, in _rosters
    return sdv.cfb.espn_cfb_game_rosters(
           ^^^^^^^^^^^^^^^^^^^^^^^^^^^^^^
  File "C:\Users\saiem\Documents\GitHub-Data\sdv-dev\cfbfastR-dev\cfbfastR-cfb-raw\.venv\Lib\site-packages\sportsdataverse\cfb\cfb_game_rosters.py", line 66, in espn_cfb_game_rosters
    team_rosters = helper_cfb_roster_items(items=items, summary_url=summary_url, **kwargs)
                   ^^^^^^^^^^^^^^^^^^^^^^^^^^^^^^^^^^^^^^^^^^^^^^^^^^^^^^^^^^^^^^^^^^^^^^^
  File "C:\Users\saiem\Documents\GitHub-Data\sdv-dev\cfbfastR-dev\cfbfastR-cfb-raw\.venv\Lib\site-packages\sportsdataverse\cfb\cfb_game_rosters.py", line 209, in helper_cfb_roster_items
    raise NoESPNDataError(f"NoESPNDataError: No roster data found for any team at {summary_url}")
sportsdataverse.errors.NoESPNDataError: NoESPNDataError: No roster data found for any team at https://sports.core.api.espn.com/v2/sports/football/leagues/college-football/events/401207187/competitions/401207187/competitors
ERROR:cfb_json_2020:extra fetch failed: _rosters(401207187,)
Traceback (most recent call last):
  File "C:\Users\saiem\Documents\GitHub-Data\sdv-dev\cfbfastR-dev\cfbfastR-cfb-raw\python\_cfb_raw_utils.py", line 106, in _safe
    return fn(*args, **kwargs)
           ^^^^^^^^^^^^^^^^^^^
  File "C:\Users\saiem\Documents\GitHub-Data\sdv-dev\cfbfastR-dev\cfbfastR-cfb-raw\python\scrape_cfb_json.py", line 42, in _rosters
    return sdv.cfb.espn_cfb_game_rosters(
           ^^^^^^^^^^^^^^^^^^^^^^^^^^^^^^
  File "C:\Users\saiem\Documents\GitHub-Data\sdv-dev\cfbfastR-dev\cfbfastR-cfb-raw\.venv\Lib\site-packages\sportsdataverse\cfb\cfb_game_rosters.py", line 66, in espn_cfb_game_rosters
    team_rosters = helper_cfb_roster_items(items=items, summary_url=summary_url, **kwargs)
                   ^^^^^^^^^^^^^^^^^^^^^^^^^^^^^^^^^^^^^^^^^^^^^^^^^^^^^^^^^^^^^^^^^^^^^^^
  File "C:\Users\saiem\Documents\GitHub-Data\sdv-dev\cfbfastR-dev\cfbfastR-cfb-raw\.venv\Lib\site-packages\sportsdataverse\cfb\cfb_game_rosters.py", line 209, in helper_cfb_roster_items
    raise NoESPNDataError(f"NoESPNDataError: No roster data found for any team at {summary_url}")
sportsdataverse.errors.NoESPNDataError: NoESPNDataError: No roster data found for any team at https://sports.core.api.espn.com/v2/sports/football/leagues/college-football/events/401207187/competitions/401207187/competitors
cfb 2020:  63%|######2   | 85/135 [00:18<00:10,  4.83it/s]cfb 2020:  64%|######4   | 87/135 [00:18<00:06,  6.93it/s]2026-06-17 11:48:21,674 ERROR extra fetch failed: _rosters(401257811,)
Traceback (most recent call last):
  File "C:\Users\saiem\Documents\GitHub-Data\sdv-dev\cfbfastR-dev\cfbfastR-cfb-raw\python\_cfb_raw_utils.py", line 106, in _safe
    return fn(*args, **kwargs)
           ^^^^^^^^^^^^^^^^^^^
  File "C:\Users\saiem\Documents\GitHub-Data\sdv-dev\cfbfastR-dev\cfbfastR-cfb-raw\python\scrape_cfb_json.py", line 42, in _rosters
    return sdv.cfb.espn_cfb_game_rosters(
           ^^^^^^^^^^^^^^^^^^^^^^^^^^^^^^
  File "C:\Users\saiem\Documents\GitHub-Data\sdv-dev\cfbfastR-dev\cfbfastR-cfb-raw\.venv\Lib\site-packages\sportsdataverse\cfb\cfb_game_rosters.py", line 66, in espn_cfb_game_rosters
    team_rosters = helper_cfb_roster_items(items=items, summary_url=summary_url, **kwargs)
                   ^^^^^^^^^^^^^^^^^^^^^^^^^^^^^^^^^^^^^^^^^^^^^^^^^^^^^^^^^^^^^^^^^^^^^^^
  File "C:\Users\saiem\Documents\GitHub-Data\sdv-dev\cfbfastR-dev\cfbfastR-cfb-raw\.venv\Lib\site-packages\sportsdataverse\cfb\cfb_game_rosters.py", line 209, in helper_cfb_roster_items
    raise NoESPNDataError(f"NoESPNDataError: No roster data found for any team at {summary_url}")
sportsdataverse.errors.NoESPNDataError: NoESPNDataError: No roster data found for any team at https://sports.core.api.espn.com/v2/sports/football/leagues/college-football/events/401257811/competitions/401257811/competitors
ERROR:cfb_json_2020:extra fetch failed: _rosters(401257811,)
Traceback (most recent call last):
  File "C:\Users\saiem\Documents\GitHub-Data\sdv-dev\cfbfastR-dev\cfbfastR-cfb-raw\python\_cfb_raw_utils.py", line 106, in _safe
    return fn(*args, **kwargs)
           ^^^^^^^^^^^^^^^^^^^
  File "C:\Users\saiem\Documents\GitHub-Data\sdv-dev\cfbfastR-dev\cfbfastR-cfb-raw\python\scrape_cfb_json.py", line 42, in _rosters
    return sdv.cfb.espn_cfb_game_rosters(
           ^^^^^^^^^^^^^^^^^^^^^^^^^^^^^^
  File "C:\Users\saiem\Documents\GitHub-Data\sdv-dev\cfbfastR-dev\cfbfastR-cfb-raw\.venv\Lib\site-packages\sportsdataverse\cfb\cfb_game_rosters.py", line 66, in espn_cfb_game_rosters
    team_rosters = helper_cfb_roster_items(items=items, summary_url=summary_url, **kwargs)
                   ^^^^^^^^^^^^^^^^^^^^^^^^^^^^^^^^^^^^^^^^^^^^^^^^^^^^^^^^^^^^^^^^^^^^^^^
  File "C:\Users\saiem\Documents\GitHub-Data\sdv-dev\cfbfastR-dev\cfbfastR-cfb-raw\.venv\Lib\site-packages\sportsdataverse\cfb\cfb_game_rosters.py", line 209, in helper_cfb_roster_items
    raise NoESPNDataError(f"NoESPNDataError: No roster data found for any team at {summary_url}")
sportsdataverse.errors.NoESPNDataError: NoESPNDataError: No roster data found for any team at https://sports.core.api.espn.com/v2/sports/football/leagues/college-football/events/401257811/competitions/401257811/competitors
cfb 2020:  65%|######5   | 88/135 [00:18<00:08,  5.74it/s]2026-06-17 11:48:21,939 ERROR extra fetch failed: _rosters(401249030,)
Traceback (most recent call last):
  File "C:\Users\saiem\Documents\GitHub-Data\sdv-dev\cfbfastR-dev\cfbfastR-cfb-raw\python\_cfb_raw_utils.py", line 106, in _safe
    return fn(*args, **kwargs)
           ^^^^^^^^^^^^^^^^^^^
  File "C:\Users\saiem\Documents\GitHub-Data\sdv-dev\cfbfastR-dev\cfbfastR-cfb-raw\python\scrape_cfb_json.py", line 42, in _rosters
    return sdv.cfb.espn_cfb_game_rosters(
           ^^^^^^^^^^^^^^^^^^^^^^^^^^^^^^
  File "C:\Users\saiem\Documents\GitHub-Data\sdv-dev\cfbfastR-dev\cfbfastR-cfb-raw\.venv\Lib\site-packages\sportsdataverse\cfb\cfb_game_rosters.py", line 66, in espn_cfb_game_rosters
    team_rosters = helper_cfb_roster_items(items=items, summary_url=summary_url, **kwargs)
                   ^^^^^^^^^^^^^^^^^^^^^^^^^^^^^^^^^^^^^^^^^^^^^^^^^^^^^^^^^^^^^^^^^^^^^^^
  File "C:\Users\saiem\Documents\GitHub-Data\sdv-dev\cfbfastR-dev\cfbfastR-cfb-raw\.venv\Lib\site-packages\sportsdataverse\cfb\cfb_game_rosters.py", line 209, in helper_cfb_roster_items
    raise NoESPNDataError(f"NoESPNDataError: No roster data found for any team at {summary_url}")
sportsdataverse.errors.NoESPNDataError: NoESPNDataError: No roster data found for any team at https://sports.core.api.espn.com/v2/sports/football/leagues/college-football/events/401249030/competitions/401249030/competitors
ERROR:cfb_json_2020:extra fetch failed: _rosters(401249030,)
Traceback (most recent call last):
  File "C:\Users\saiem\Documents\GitHub-Data\sdv-dev\cfbfastR-dev\cfbfastR-cfb-raw\python\_cfb_raw_utils.py", line 106, in _safe
    return fn(*args, **kwargs)
           ^^^^^^^^^^^^^^^^^^^
  File "C:\Users\saiem\Documents\GitHub-Data\sdv-dev\cfbfastR-dev\cfbfastR-cfb-raw\python\scrape_cfb_json.py", line 42, in _rosters
    return sdv.cfb.espn_cfb_game_rosters(
           ^^^^^^^^^^^^^^^^^^^^^^^^^^^^^^
  File "C:\Users\saiem\Documents\GitHub-Data\sdv-dev\cfbfastR-dev\cfbfastR-cfb-raw\.venv\Lib\site-packages\sportsdataverse\cfb\cfb_game_rosters.py", line 66, in espn_cfb_game_rosters
    team_rosters = helper_cfb_roster_items(items=items, summary_url=summary_url, **kwargs)
                   ^^^^^^^^^^^^^^^^^^^^^^^^^^^^^^^^^^^^^^^^^^^^^^^^^^^^^^^^^^^^^^^^^^^^^^^
  File "C:\Users\saiem\Documents\GitHub-Data\sdv-dev\cfbfastR-dev\cfbfastR-cfb-raw\.venv\Lib\site-packages\sportsdataverse\cfb\cfb_game_rosters.py", line 209, in helper_cfb_roster_items
    raise NoESPNDataError(f"NoESPNDataError: No roster data found for any team at {summary_url}")
sportsdataverse.errors.NoESPNDataError: NoESPNDataError: No roster data found for any team at https://sports.core.api.espn.com/v2/sports/football/leagues/college-football/events/401249030/competitions/401249030/competitors
2026-06-17 11:48:21,988 ERROR extra fetch failed: _rosters(401247341,)
Traceback (most recent call last):
  File "C:\Users\saiem\Documents\GitHub-Data\sdv-dev\cfbfastR-dev\cfbfastR-cfb-raw\python\_cfb_raw_utils.py", line 106, in _safe
    return fn(*args, **kwargs)
           ^^^^^^^^^^^^^^^^^^^
  File "C:\Users\saiem\Documents\GitHub-Data\sdv-dev\cfbfastR-dev\cfbfastR-cfb-raw\python\scrape_cfb_json.py", line 42, in _rosters
    return sdv.cfb.espn_cfb_game_rosters(
           ^^^^^^^^^^^^^^^^^^^^^^^^^^^^^^
  File "C:\Users\saiem\Documents\GitHub-Data\sdv-dev\cfbfastR-dev\cfbfastR-cfb-raw\.venv\Lib\site-packages\sportsdataverse\cfb\cfb_game_rosters.py", line 66, in espn_cfb_game_rosters
    team_rosters = helper_cfb_roster_items(items=items, summary_url=summary_url, **kwargs)
                   ^^^^^^^^^^^^^^^^^^^^^^^^^^^^^^^^^^^^^^^^^^^^^^^^^^^^^^^^^^^^^^^^^^^^^^^
  File "C:\Users\saiem\Documents\GitHub-Data\sdv-dev\cfbfastR-dev\cfbfastR-cfb-raw\.venv\Lib\site-packages\sportsdataverse\cfb\cfb_game_rosters.py", line 209, in helper_cfb_roster_items
    raise NoESPNDataError(f"NoESPNDataError: No roster data found for any team at {summary_url}")
sportsdataverse.errors.NoESPNDataError: NoESPNDataError: No roster data found for any team at https://sports.core.api.espn.com/v2/sports/football/leagues/college-football/events/401247341/competitions/401247341/competitors
ERROR:cfb_json_2020:extra fetch failed: _rosters(401247341,)
Traceback (most recent call last):
  File "C:\Users\saiem\Documents\GitHub-Data\sdv-dev\cfbfastR-dev\cfbfastR-cfb-raw\python\_cfb_raw_utils.py", line 106, in _safe
    return fn(*args, **kwargs)
           ^^^^^^^^^^^^^^^^^^^
  File "C:\Users\saiem\Documents\GitHub-Data\sdv-dev\cfbfastR-dev\cfbfastR-cfb-raw\python\scrape_cfb_json.py", line 42, in _rosters
    return sdv.cfb.espn_cfb_game_rosters(
           ^^^^^^^^^^^^^^^^^^^^^^^^^^^^^^
  File "C:\Users\saiem\Documents\GitHub-Data\sdv-dev\cfbfastR-dev\cfbfastR-cfb-raw\.venv\Lib\site-packages\sportsdataverse\cfb\cfb_game_rosters.py", line 66, in espn_cfb_game_rosters
    team_rosters = helper_cfb_roster_items(items=items, summary_url=summary_url, **kwargs)
                   ^^^^^^^^^^^^^^^^^^^^^^^^^^^^^^^^^^^^^^^^^^^^^^^^^^^^^^^^^^^^^^^^^^^^^^^
  File "C:\Users\saiem\Documents\GitHub-Data\sdv-dev\cfbfastR-dev\cfbfastR-cfb-raw\.venv\Lib\site-packages\sportsdataverse\cfb\cfb_game_rosters.py", line 209, in helper_cfb_roster_items
    raise NoESPNDataError(f"NoESPNDataError: No roster data found for any team at {summary_url}")
sportsdataverse.errors.NoESPNDataError: NoESPNDataError: No roster data found for any team at https://sports.core.api.espn.com/v2/sports/football/leagues/college-football/events/401247341/competitions/401247341/competitors
cfb 2020:  66%|######5   | 89/135 [00:19<00:09,  4.91it/s]2026-06-17 11:48:22,101 ERROR extra fetch failed: _rosters(401237152,)
Traceback (most recent call last):
  File "C:\Users\saiem\Documents\GitHub-Data\sdv-dev\cfbfastR-dev\cfbfastR-cfb-raw\python\_cfb_raw_utils.py", line 106, in _safe
    return fn(*args, **kwargs)
           ^^^^^^^^^^^^^^^^^^^
  File "C:\Users\saiem\Documents\GitHub-Data\sdv-dev\cfbfastR-dev\cfbfastR-cfb-raw\python\scrape_cfb_json.py", line 42, in _rosters
    return sdv.cfb.espn_cfb_game_rosters(
           ^^^^^^^^^^^^^^^^^^^^^^^^^^^^^^
  File "C:\Users\saiem\Documents\GitHub-Data\sdv-dev\cfbfastR-dev\cfbfastR-cfb-raw\.venv\Lib\site-packages\sportsdataverse\cfb\cfb_game_rosters.py", line 66, in espn_cfb_game_rosters
    team_rosters = helper_cfb_roster_items(items=items, summary_url=summary_url, **kwargs)
                   ^^^^^^^^^^^^^^^^^^^^^^^^^^^^^^^^^^^^^^^^^^^^^^^^^^^^^^^^^^^^^^^^^^^^^^^
  File "C:\Users\saiem\Documents\GitHub-Data\sdv-dev\cfbfastR-dev\cfbfastR-cfb-raw\.venv\Lib\site-packages\sportsdataverse\cfb\cfb_game_rosters.py", line 209, in helper_cfb_roster_items
    raise NoESPNDataError(f"NoESPNDataError: No roster data found for any team at {summary_url}")
sportsdataverse.errors.NoESPNDataError: NoESPNDataError: No roster data found for any team at https://sports.core.api.espn.com/v2/sports/football/leagues/college-football/events/401237152/competitions/401237152/competitors
ERROR:cfb_json_2020:extra fetch failed: _rosters(401237152,)
Traceback (most recent call last):
  File "C:\Users\saiem\Documents\GitHub-Data\sdv-dev\cfbfastR-dev\cfbfastR-cfb-raw\python\_cfb_raw_utils.py", line 106, in _safe
    return fn(*args, **kwargs)
           ^^^^^^^^^^^^^^^^^^^
  File "C:\Users\saiem\Documents\GitHub-Data\sdv-dev\cfbfastR-dev\cfbfastR-cfb-raw\python\scrape_cfb_json.py", line 42, in _rosters
    return sdv.cfb.espn_cfb_game_rosters(
           ^^^^^^^^^^^^^^^^^^^^^^^^^^^^^^
  File "C:\Users\saiem\Documents\GitHub-Data\sdv-dev\cfbfastR-dev\cfbfastR-cfb-raw\.venv\Lib\site-packages\sportsdataverse\cfb\cfb_game_rosters.py", line 66, in espn_cfb_game_rosters
    team_rosters = helper_cfb_roster_items(items=items, summary_url=summary_url, **kwargs)
                   ^^^^^^^^^^^^^^^^^^^^^^^^^^^^^^^^^^^^^^^^^^^^^^^^^^^^^^^^^^^^^^^^^^^^^^^
  File "C:\Users\saiem\Documents\GitHub-Data\sdv-dev\cfbfastR-dev\cfbfastR-cfb-raw\.venv\Lib\site-packages\sportsdataverse\cfb\cfb_game_rosters.py", line 209, in helper_cfb_roster_items
    raise NoESPNDataError(f"NoESPNDataError: No roster data found for any team at {summary_url}")
sportsdataverse.errors.NoESPNDataError: NoESPNDataError: No roster data found for any team at https://sports.core.api.espn.com/v2/sports/football/leagues/college-football/events/401237152/competitions/401237152/competitors
cfb 2020:  67%|######7   | 91/135 [00:19<00:06,  6.61it/s]2026-06-17 11:48:22,544 ERROR extra fetch failed: _rosters(401249893,)
Traceback (most recent call last):
  File "C:\Users\saiem\Documents\GitHub-Data\sdv-dev\cfbfastR-dev\cfbfastR-cfb-raw\python\_cfb_raw_utils.py", line 106, in _safe
    return fn(*args, **kwargs)
           ^^^^^^^^^^^^^^^^^^^
  File "C:\Users\saiem\Documents\GitHub-Data\sdv-dev\cfbfastR-dev\cfbfastR-cfb-raw\python\scrape_cfb_json.py", line 42, in _rosters
    return sdv.cfb.espn_cfb_game_rosters(
           ^^^^^^^^^^^^^^^^^^^^^^^^^^^^^^
  File "C:\Users\saiem\Documents\GitHub-Data\sdv-dev\cfbfastR-dev\cfbfastR-cfb-raw\.venv\Lib\site-packages\sportsdataverse\cfb\cfb_game_rosters.py", line 66, in espn_cfb_game_rosters
    team_rosters = helper_cfb_roster_items(items=items, summary_url=summary_url, **kwargs)
                   ^^^^^^^^^^^^^^^^^^^^^^^^^^^^^^^^^^^^^^^^^^^^^^^^^^^^^^^^^^^^^^^^^^^^^^^
  File "C:\Users\saiem\Documents\GitHub-Data\sdv-dev\cfbfastR-dev\cfbfastR-cfb-raw\.venv\Lib\site-packages\sportsdataverse\cfb\cfb_game_rosters.py", line 209, in helper_cfb_roster_items
    raise NoESPNDataError(f"NoESPNDataError: No roster data found for any team at {summary_url}")
sportsdataverse.errors.NoESPNDataError: NoESPNDataError: No roster data found for any team at https://sports.core.api.espn.com/v2/sports/football/leagues/college-football/events/401249893/competitions/401249893/competitors
ERROR:cfb_json_2020:extra fetch failed: _rosters(401249893,)
Traceback (most recent call last):
  File "C:\Users\saiem\Documents\GitHub-Data\sdv-dev\cfbfastR-dev\cfbfastR-cfb-raw\python\_cfb_raw_utils.py", line 106, in _safe
    return fn(*args, **kwargs)
           ^^^^^^^^^^^^^^^^^^^
  File "C:\Users\saiem\Documents\GitHub-Data\sdv-dev\cfbfastR-dev\cfbfastR-cfb-raw\python\scrape_cfb_json.py", line 42, in _rosters
    return sdv.cfb.espn_cfb_game_rosters(
           ^^^^^^^^^^^^^^^^^^^^^^^^^^^^^^
  File "C:\Users\saiem\Documents\GitHub-Data\sdv-dev\cfbfastR-dev\cfbfastR-cfb-raw\.venv\Lib\site-packages\sportsdataverse\cfb\cfb_game_rosters.py", line 66, in espn_cfb_game_rosters
    team_rosters = helper_cfb_roster_items(items=items, summary_url=summary_url, **kwargs)
                   ^^^^^^^^^^^^^^^^^^^^^^^^^^^^^^^^^^^^^^^^^^^^^^^^^^^^^^^^^^^^^^^^^^^^^^^
  File "C:\Users\saiem\Documents\GitHub-Data\sdv-dev\cfbfastR-dev\cfbfastR-cfb-raw\.venv\Lib\site-packages\sportsdataverse\cfb\cfb_game_rosters.py", line 209, in helper_cfb_roster_items
    raise NoESPNDataError(f"NoESPNDataError: No roster data found for any team at {summary_url}")
sportsdataverse.errors.NoESPNDataError: NoESPNDataError: No roster data found for any team at https://sports.core.api.espn.com/v2/sports/football/leagues/college-football/events/401249893/competitions/401249893/competitors
2026-06-17 11:48:22,650 ERROR extra fetch failed: _rosters(401247339,)
Traceback (most recent call last):
  File "C:\Users\saiem\Documents\GitHub-Data\sdv-dev\cfbfastR-dev\cfbfastR-cfb-raw\python\_cfb_raw_utils.py", line 106, in _safe
    return fn(*args, **kwargs)
           ^^^^^^^^^^^^^^^^^^^
  File "C:\Users\saiem\Documents\GitHub-Data\sdv-dev\cfbfastR-dev\cfbfastR-cfb-raw\python\scrape_cfb_json.py", line 42, in _rosters
    return sdv.cfb.espn_cfb_game_rosters(
           ^^^^^^^^^^^^^^^^^^^^^^^^^^^^^^
  File "C:\Users\saiem\Documents\GitHub-Data\sdv-dev\cfbfastR-dev\cfbfastR-cfb-raw\.venv\Lib\site-packages\sportsdataverse\cfb\cfb_game_rosters.py", line 66, in espn_cfb_game_rosters
    team_rosters = helper_cfb_roster_items(items=items, summary_url=summary_url, **kwargs)
                   ^^^^^^^^^^^^^^^^^^^^^^^^^^^^^^^^^^^^^^^^^^^^^^^^^^^^^^^^^^^^^^^^^^^^^^^
  File "C:\Users\saiem\Documents\GitHub-Data\sdv-dev\cfbfastR-dev\cfbfastR-cfb-raw\.venv\Lib\site-packages\sportsdataverse\cfb\cfb_game_rosters.py", line 209, in helper_cfb_roster_items
    raise NoESPNDataError(f"NoESPNDataError: No roster data found for any team at {summary_url}")
sportsdataverse.errors.NoESPNDataError: NoESPNDataError: No roster data found for any team at https://sports.core.api.espn.com/v2/sports/football/leagues/college-football/events/401247339/competitions/401247339/competitors
ERROR:cfb_json_2020:extra fetch failed: _rosters(401247339,)
Traceback (most recent call last):
  File "C:\Users\saiem\Documents\GitHub-Data\sdv-dev\cfbfastR-dev\cfbfastR-cfb-raw\python\_cfb_raw_utils.py", line 106, in _safe
    return fn(*args, **kwargs)
           ^^^^^^^^^^^^^^^^^^^
  File "C:\Users\saiem\Documents\GitHub-Data\sdv-dev\cfbfastR-dev\cfbfastR-cfb-raw\python\scrape_cfb_json.py", line 42, in _rosters
    return sdv.cfb.espn_cfb_game_rosters(
           ^^^^^^^^^^^^^^^^^^^^^^^^^^^^^^
  File "C:\Users\saiem\Documents\GitHub-Data\sdv-dev\cfbfastR-dev\cfbfastR-cfb-raw\.venv\Lib\site-packages\sportsdataverse\cfb\cfb_game_rosters.py", line 66, in espn_cfb_game_rosters
    team_rosters = helper_cfb_roster_items(items=items, summary_url=summary_url, **kwargs)
                   ^^^^^^^^^^^^^^^^^^^^^^^^^^^^^^^^^^^^^^^^^^^^^^^^^^^^^^^^^^^^^^^^^^^^^^^
  File "C:\Users\saiem\Documents\GitHub-Data\sdv-dev\cfbfastR-dev\cfbfastR-cfb-raw\.venv\Lib\site-packages\sportsdataverse\cfb\cfb_game_rosters.py", line 209, in helper_cfb_roster_items
    raise NoESPNDataError(f"NoESPNDataError: No roster data found for any team at {summary_url}")
sportsdataverse.errors.NoESPNDataError: NoESPNDataError: No roster data found for any team at https://sports.core.api.espn.com/v2/sports/football/leagues/college-football/events/401247339/competitions/401247339/competitors
cfb 2020:  68%|######8   | 92/135 [00:19<00:09,  4.58it/s]2026-06-17 11:48:22,724 ERROR extra fetch failed: _rosters(401249882,)
Traceback (most recent call last):
  File "C:\Users\saiem\Documents\GitHub-Data\sdv-dev\cfbfastR-dev\cfbfastR-cfb-raw\python\_cfb_raw_utils.py", line 106, in _safe
    return fn(*args, **kwargs)
           ^^^^^^^^^^^^^^^^^^^
  File "C:\Users\saiem\Documents\GitHub-Data\sdv-dev\cfbfastR-dev\cfbfastR-cfb-raw\python\scrape_cfb_json.py", line 42, in _rosters
    return sdv.cfb.espn_cfb_game_rosters(
           ^^^^^^^^^^^^^^^^^^^^^^^^^^^^^^
  File "C:\Users\saiem\Documents\GitHub-Data\sdv-dev\cfbfastR-dev\cfbfastR-cfb-raw\.venv\Lib\site-packages\sportsdataverse\cfb\cfb_game_rosters.py", line 66, in espn_cfb_game_rosters
    team_rosters = helper_cfb_roster_items(items=items, summary_url=summary_url, **kwargs)
                   ^^^^^^^^^^^^^^^^^^^^^^^^^^^^^^^^^^^^^^^^^^^^^^^^^^^^^^^^^^^^^^^^^^^^^^^
  File "C:\Users\saiem\Documents\GitHub-Data\sdv-dev\cfbfastR-dev\cfbfastR-cfb-raw\.venv\Lib\site-packages\sportsdataverse\cfb\cfb_game_rosters.py", line 209, in helper_cfb_roster_items
    raise NoESPNDataError(f"NoESPNDataError: No roster data found for any team at {summary_url}")
sportsdataverse.errors.NoESPNDataError: NoESPNDataError: No roster data found for any team at https://sports.core.api.espn.com/v2/sports/football/leagues/college-football/events/401249882/competitions/401249882/competitors
ERROR:cfb_json_2020:extra fetch failed: _rosters(401249882,)
Traceback (most recent call last):
  File "C:\Users\saiem\Documents\GitHub-Data\sdv-dev\cfbfastR-dev\cfbfastR-cfb-raw\python\_cfb_raw_utils.py", line 106, in _safe
    return fn(*args, **kwargs)
           ^^^^^^^^^^^^^^^^^^^
  File "C:\Users\saiem\Documents\GitHub-Data\sdv-dev\cfbfastR-dev\cfbfastR-cfb-raw\python\scrape_cfb_json.py", line 42, in _rosters
    return sdv.cfb.espn_cfb_game_rosters(
           ^^^^^^^^^^^^^^^^^^^^^^^^^^^^^^
  File "C:\Users\saiem\Documents\GitHub-Data\sdv-dev\cfbfastR-dev\cfbfastR-cfb-raw\.venv\Lib\site-packages\sportsdataverse\cfb\cfb_game_rosters.py", line 66, in espn_cfb_game_rosters
    team_rosters = helper_cfb_roster_items(items=items, summary_url=summary_url, **kwargs)
                   ^^^^^^^^^^^^^^^^^^^^^^^^^^^^^^^^^^^^^^^^^^^^^^^^^^^^^^^^^^^^^^^^^^^^^^^
  File "C:\Users\saiem\Documents\GitHub-Data\sdv-dev\cfbfastR-dev\cfbfastR-cfb-raw\.venv\Lib\site-packages\sportsdataverse\cfb\cfb_game_rosters.py", line 209, in helper_cfb_roster_items
    raise NoESPNDataError(f"NoESPNDataError: No roster data found for any team at {summary_url}")
sportsdataverse.errors.NoESPNDataError: NoESPNDataError: No roster data found for any team at https://sports.core.api.espn.com/v2/sports/football/leagues/college-football/events/401249882/competitions/401249882/competitors
2026-06-17 11:48:22,756 ERROR extra fetch failed: _rosters(401264081,)
Traceback (most recent call last):
  File "C:\Users\saiem\Documents\GitHub-Data\sdv-dev\cfbfastR-dev\cfbfastR-cfb-raw\.venv\Lib\site-packages\polars\_utils\construction\series.py", line 355, in _construct_series_with_fallbacks
    return constructor(name, values, strict)
           ^^^^^^^^^^^^^^^^^^^^^^^^^^^^^^^^^
TypeError: 'str' object cannot be interpreted as an integer

During handling of the above exception, another exception occurred:

Traceback (most recent call last):
  File "C:\Users\saiem\Documents\GitHub-Data\sdv-dev\cfbfastR-dev\cfbfastR-cfb-raw\.venv\Lib\site-packages\polars\_utils\getitem.py", line 167, in get_df_item_by_key
    return _select_rows(df, key)  # type: ignore[arg-type]
           ^^^^^^^^^^^^^^^^^^^^^
  File "C:\Users\saiem\Documents\GitHub-Data\sdv-dev\cfbfastR-dev\cfbfastR-cfb-raw\.venv\Lib\site-packages\polars\_utils\getitem.py", line 314, in _select_rows
    s = pl.Series("", key, dtype=Int64)
        ^^^^^^^^^^^^^^^^^^^^^^^^^^^^^^^
  File "C:\Users\saiem\Documents\GitHub-Data\sdv-dev\cfbfastR-dev\cfbfastR-cfb-raw\.venv\Lib\site-packages\polars\series\series.py", line 296, in __init__
    self._s = sequence_to_pyseries(
              ^^^^^^^^^^^^^^^^^^^^^
  File "C:\Users\saiem\Documents\GitHub-Data\sdv-dev\cfbfastR-dev\cfbfastR-cfb-raw\.venv\Lib\site-packages\polars\_utils\construction\series.py", line 164, in sequence_to_pyseries
    pyseries = _construct_series_with_fallbacks(
               ^^^^^^^^^^^^^^^^^^^^^^^^^^^^^^^^^
  File "C:\Users\saiem\Documents\GitHub-Data\sdv-dev\cfbfastR-dev\cfbfastR-cfb-raw\.venv\Lib\site-packages\polars\_utils\construction\series.py", line 370, in _construct_series_with_fallbacks
    return PySeries.new_from_any_values_and_dtype(
           ^^^^^^^^^^^^^^^^^^^^^^^^^^^^^^^^^^^^^^^
TypeError: unexpected value while building Series of type Int64; found value of type String: "team_id"

Hint: Try setting `strict=False` to allow passing data with mixed types.

During handling of the above exception, another exception occurred:

Traceback (most recent call last):
  File "C:\Users\saiem\Documents\GitHub-Data\sdv-dev\cfbfastR-dev\cfbfastR-cfb-raw\python\_cfb_raw_utils.py", line 106, in _safe
    return fn(*args, **kwargs)
           ^^^^^^^^^^^^^^^^^^^
  File "C:\Users\saiem\Documents\GitHub-Data\sdv-dev\cfbfastR-dev\cfbfastR-cfb-raw\python\scrape_cfb_json.py", line 42, in _rosters
    return sdv.cfb.espn_cfb_game_rosters(
           ^^^^^^^^^^^^^^^^^^^^^^^^^^^^^^
  File "C:\Users\saiem\Documents\GitHub-Data\sdv-dev\cfbfastR-dev\cfbfastR-cfb-raw\.venv\Lib\site-packages\sportsdataverse\cfb\cfb_game_rosters.py", line 67, in espn_cfb_game_rosters
    team_rosters = team_rosters.join(items[["team_id", "order", "home_away", "winner"]], how="left", on="team_id")
                                     ~~~~~^^^^^^^^^^^^^^^^^^^^^^^^^^^^^^^^^^^^^^^^^^^^^
  File "C:\Users\saiem\Documents\GitHub-Data\sdv-dev\cfbfastR-dev\cfbfastR-cfb-raw\.venv\Lib\site-packages\polars\dataframe\frame.py", line 1441, in __getitem__
    return get_df_item_by_key(self, key)
           ^^^^^^^^^^^^^^^^^^^^^^^^^^^^^
  File "C:\Users\saiem\Documents\GitHub-Data\sdv-dev\cfbfastR-dev\cfbfastR-cfb-raw\.venv\Lib\site-packages\polars\_utils\getitem.py", line 169, in get_df_item_by_key
    return _select_columns(df, key)
           ^^^^^^^^^^^^^^^^^^^^^^^^
  File "C:\Users\saiem\Documents\GitHub-Data\sdv-dev\cfbfastR-dev\cfbfastR-cfb-raw\.venv\Lib\site-packages\polars\_utils\getitem.py", line 217, in _select_columns
    return _select_columns_by_name(df, key)  # type: ignore[arg-type]
           ^^^^^^^^^^^^^^^^^^^^^^^^^^^^^^^^
  File "C:\Users\saiem\Documents\GitHub-Data\sdv-dev\cfbfastR-dev\cfbfastR-cfb-raw\.venv\Lib\site-packages\polars\_utils\getitem.py", line 269, in _select_columns_by_name
    return df._from_pydf(df._df.select(list(key)))
                         ^^^^^^^^^^^^^^^^^^^^^^^^
polars.exceptions.ColumnNotFoundError: "winner" not found
ERROR:cfb_json_2020:extra fetch failed: _rosters(401264081,)
Traceback (most recent call last):
  File "C:\Users\saiem\Documents\GitHub-Data\sdv-dev\cfbfastR-dev\cfbfastR-cfb-raw\.venv\Lib\site-packages\polars\_utils\construction\series.py", line 355, in _construct_series_with_fallbacks
    return constructor(name, values, strict)
           ^^^^^^^^^^^^^^^^^^^^^^^^^^^^^^^^^
TypeError: 'str' object cannot be interpreted as an integer

During handling of the above exception, another exception occurred:

Traceback (most recent call last):
  File "C:\Users\saiem\Documents\GitHub-Data\sdv-dev\cfbfastR-dev\cfbfastR-cfb-raw\.venv\Lib\site-packages\polars\_utils\getitem.py", line 167, in get_df_item_by_key
    return _select_rows(df, key)  # type: ignore[arg-type]
           ^^^^^^^^^^^^^^^^^^^^^
  File "C:\Users\saiem\Documents\GitHub-Data\sdv-dev\cfbfastR-dev\cfbfastR-cfb-raw\.venv\Lib\site-packages\polars\_utils\getitem.py", line 314, in _select_rows
    s = pl.Series("", key, dtype=Int64)
        ^^^^^^^^^^^^^^^^^^^^^^^^^^^^^^^
  File "C:\Users\saiem\Documents\GitHub-Data\sdv-dev\cfbfastR-dev\cfbfastR-cfb-raw\.venv\Lib\site-packages\polars\series\series.py", line 296, in __init__
    self._s = sequence_to_pyseries(
              ^^^^^^^^^^^^^^^^^^^^^
  File "C:\Users\saiem\Documents\GitHub-Data\sdv-dev\cfbfastR-dev\cfbfastR-cfb-raw\.venv\Lib\site-packages\polars\_utils\construction\series.py", line 164, in sequence_to_pyseries
    pyseries = _construct_series_with_fallbacks(
               ^^^^^^^^^^^^^^^^^^^^^^^^^^^^^^^^^
  File "C:\Users\saiem\Documents\GitHub-Data\sdv-dev\cfbfastR-dev\cfbfastR-cfb-raw\.venv\Lib\site-packages\polars\_utils\construction\series.py", line 370, in _construct_series_with_fallbacks
    return PySeries.new_from_any_values_and_dtype(
           ^^^^^^^^^^^^^^^^^^^^^^^^^^^^^^^^^^^^^^^
TypeError: unexpected value while building Series of type Int64; found value of type String: "team_id"

Hint: Try setting `strict=False` to allow passing data with mixed types.

During handling of the above exception, another exception occurred:

Traceback (most recent call last):
  File "C:\Users\saiem\Documents\GitHub-Data\sdv-dev\cfbfastR-dev\cfbfastR-cfb-raw\python\_cfb_raw_utils.py", line 106, in _safe
    return fn(*args, **kwargs)
           ^^^^^^^^^^^^^^^^^^^
  File "C:\Users\saiem\Documents\GitHub-Data\sdv-dev\cfbfastR-dev\cfbfastR-cfb-raw\python\scrape_cfb_json.py", line 42, in _rosters
    return sdv.cfb.espn_cfb_game_rosters(
           ^^^^^^^^^^^^^^^^^^^^^^^^^^^^^^
  File "C:\Users\saiem\Documents\GitHub-Data\sdv-dev\cfbfastR-dev\cfbfastR-cfb-raw\.venv\Lib\site-packages\sportsdataverse\cfb\cfb_game_rosters.py", line 67, in espn_cfb_game_rosters
    team_rosters = team_rosters.join(items[["team_id", "order", "home_away", "winner"]], how="left", on="team_id")
                                     ~~~~~^^^^^^^^^^^^^^^^^^^^^^^^^^^^^^^^^^^^^^^^^^^^^
  File "C:\Users\saiem\Documents\GitHub-Data\sdv-dev\cfbfastR-dev\cfbfastR-cfb-raw\.venv\Lib\site-packages\polars\dataframe\frame.py", line 1441, in __getitem__
    return get_df_item_by_key(self, key)
           ^^^^^^^^^^^^^^^^^^^^^^^^^^^^^
  File "C:\Users\saiem\Documents\GitHub-Data\sdv-dev\cfbfastR-dev\cfbfastR-cfb-raw\.venv\Lib\site-packages\polars\_utils\getitem.py", line 169, in get_df_item_by_key
    return _select_columns(df, key)
           ^^^^^^^^^^^^^^^^^^^^^^^^
  File "C:\Users\saiem\Documents\GitHub-Data\sdv-dev\cfbfastR-dev\cfbfastR-cfb-raw\.venv\Lib\site-packages\polars\_utils\getitem.py", line 217, in _select_columns
    return _select_columns_by_name(df, key)  # type: ignore[arg-type]
           ^^^^^^^^^^^^^^^^^^^^^^^^^^^^^^^^
  File "C:\Users\saiem\Documents\GitHub-Data\sdv-dev\cfbfastR-dev\cfbfastR-cfb-raw\.venv\Lib\site-packages\polars\_utils\getitem.py", line 269, in _select_columns_by_name
    return df._from_pydf(df._df.select(list(key)))
                         ^^^^^^^^^^^^^^^^^^^^^^^^
polars.exceptions.ColumnNotFoundError: "winner" not found
cfb 2020:  69%|######8   | 93/135 [00:19<00:08,  5.23it/s]cfb 2020:  70%|#######   | 95/135 [00:19<00:05,  7.23it/s]2026-06-17 11:48:23,308 ERROR extra fetch failed: _rosters(401266773,)
Traceback (most recent call last):
  File "C:\Users\saiem\Documents\GitHub-Data\sdv-dev\cfbfastR-dev\cfbfastR-cfb-raw\python\_cfb_raw_utils.py", line 106, in _safe
    return fn(*args, **kwargs)
           ^^^^^^^^^^^^^^^^^^^
  File "C:\Users\saiem\Documents\GitHub-Data\sdv-dev\cfbfastR-dev\cfbfastR-cfb-raw\python\scrape_cfb_json.py", line 42, in _rosters
    return sdv.cfb.espn_cfb_game_rosters(
           ^^^^^^^^^^^^^^^^^^^^^^^^^^^^^^
  File "C:\Users\saiem\Documents\GitHub-Data\sdv-dev\cfbfastR-dev\cfbfastR-cfb-raw\.venv\Lib\site-packages\sportsdataverse\cfb\cfb_game_rosters.py", line 66, in espn_cfb_game_rosters
    team_rosters = helper_cfb_roster_items(items=items, summary_url=summary_url, **kwargs)
                   ^^^^^^^^^^^^^^^^^^^^^^^^^^^^^^^^^^^^^^^^^^^^^^^^^^^^^^^^^^^^^^^^^^^^^^^
  File "C:\Users\saiem\Documents\GitHub-Data\sdv-dev\cfbfastR-dev\cfbfastR-cfb-raw\.venv\Lib\site-packages\sportsdataverse\cfb\cfb_game_rosters.py", line 209, in helper_cfb_roster_items
    raise NoESPNDataError(f"NoESPNDataError: No roster data found for any team at {summary_url}")
sportsdataverse.errors.NoESPNDataError: NoESPNDataError: No roster data found for any team at https://sports.core.api.espn.com/v2/sports/football/leagues/college-football/events/401266773/competitions/401266773/competitors
ERROR:cfb_json_2020:extra fetch failed: _rosters(401266773,)
Traceback (most recent call last):
  File "C:\Users\saiem\Documents\GitHub-Data\sdv-dev\cfbfastR-dev\cfbfastR-cfb-raw\python\_cfb_raw_utils.py", line 106, in _safe
    return fn(*args, **kwargs)
           ^^^^^^^^^^^^^^^^^^^
  File "C:\Users\saiem\Documents\GitHub-Data\sdv-dev\cfbfastR-dev\cfbfastR-cfb-raw\python\scrape_cfb_json.py", line 42, in _rosters
    return sdv.cfb.espn_cfb_game_rosters(
           ^^^^^^^^^^^^^^^^^^^^^^^^^^^^^^
  File "C:\Users\saiem\Documents\GitHub-Data\sdv-dev\cfbfastR-dev\cfbfastR-cfb-raw\.venv\Lib\site-packages\sportsdataverse\cfb\cfb_game_rosters.py", line 66, in espn_cfb_game_rosters
    team_rosters = helper_cfb_roster_items(items=items, summary_url=summary_url, **kwargs)
                   ^^^^^^^^^^^^^^^^^^^^^^^^^^^^^^^^^^^^^^^^^^^^^^^^^^^^^^^^^^^^^^^^^^^^^^^
  File "C:\Users\saiem\Documents\GitHub-Data\sdv-dev\cfbfastR-dev\cfbfastR-cfb-raw\.venv\Lib\site-packages\sportsdataverse\cfb\cfb_game_rosters.py", line 209, in helper_cfb_roster_items
    raise NoESPNDataError(f"NoESPNDataError: No roster data found for any team at {summary_url}")
sportsdataverse.errors.NoESPNDataError: NoESPNDataError: No roster data found for any team at https://sports.core.api.espn.com/v2/sports/football/leagues/college-football/events/401266773/competitions/401266773/competitors
2026-06-17 11:48:23,323 ERROR extra fetch failed: _rosters(401267855,)
Traceback (most recent call last):
  File "C:\Users\saiem\Documents\GitHub-Data\sdv-dev\cfbfastR-dev\cfbfastR-cfb-raw\python\_cfb_raw_utils.py", line 106, in _safe
    return fn(*args, **kwargs)
           ^^^^^^^^^^^^^^^^^^^
  File "C:\Users\saiem\Documents\GitHub-Data\sdv-dev\cfbfastR-dev\cfbfastR-cfb-raw\python\scrape_cfb_json.py", line 42, in _rosters
    return sdv.cfb.espn_cfb_game_rosters(
           ^^^^^^^^^^^^^^^^^^^^^^^^^^^^^^
  File "C:\Users\saiem\Documents\GitHub-Data\sdv-dev\cfbfastR-dev\cfbfastR-cfb-raw\.venv\Lib\site-packages\sportsdataverse\cfb\cfb_game_rosters.py", line 66, in espn_cfb_game_rosters
    team_rosters = helper_cfb_roster_items(items=items, summary_url=summary_url, **kwargs)
                   ^^^^^^^^^^^^^^^^^^^^^^^^^^^^^^^^^^^^^^^^^^^^^^^^^^^^^^^^^^^^^^^^^^^^^^^
  File "C:\Users\saiem\Documents\GitHub-Data\sdv-dev\cfbfastR-dev\cfbfastR-cfb-raw\.venv\Lib\site-packages\sportsdataverse\cfb\cfb_game_rosters.py", line 209, in helper_cfb_roster_items
    raise NoESPNDataError(f"NoESPNDataError: No roster data found for any team at {summary_url}")
sportsdataverse.errors.NoESPNDataError: NoESPNDataError: No roster data found for any team at https://sports.core.api.espn.com/v2/sports/football/leagues/college-football/events/401267855/competitions/401267855/competitors
ERROR:cfb_json_2020:extra fetch failed: _rosters(401267855,)
Traceback (most recent call last):
  File "C:\Users\saiem\Documents\GitHub-Data\sdv-dev\cfbfastR-dev\cfbfastR-cfb-raw\python\_cfb_raw_utils.py", line 106, in _safe
    return fn(*args, **kwargs)
           ^^^^^^^^^^^^^^^^^^^
  File "C:\Users\saiem\Documents\GitHub-Data\sdv-dev\cfbfastR-dev\cfbfastR-cfb-raw\python\scrape_cfb_json.py", line 42, in _rosters
    return sdv.cfb.espn_cfb_game_rosters(
           ^^^^^^^^^^^^^^^^^^^^^^^^^^^^^^
  File "C:\Users\saiem\Documents\GitHub-Data\sdv-dev\cfbfastR-dev\cfbfastR-cfb-raw\.venv\Lib\site-packages\sportsdataverse\cfb\cfb_game_rosters.py", line 66, in espn_cfb_game_rosters
    team_rosters = helper_cfb_roster_items(items=items, summary_url=summary_url, **kwargs)
                   ^^^^^^^^^^^^^^^^^^^^^^^^^^^^^^^^^^^^^^^^^^^^^^^^^^^^^^^^^^^^^^^^^^^^^^^
  File "C:\Users\saiem\Documents\GitHub-Data\sdv-dev\cfbfastR-dev\cfbfastR-cfb-raw\.venv\Lib\site-packages\sportsdataverse\cfb\cfb_game_rosters.py", line 209, in helper_cfb_roster_items
    raise NoESPNDataError(f"NoESPNDataError: No roster data found for any team at {summary_url}")
sportsdataverse.errors.NoESPNDataError: NoESPNDataError: No roster data found for any team at https://sports.core.api.espn.com/v2/sports/football/leagues/college-football/events/401267855/competitions/401267855/competitors
2026-06-17 11:48:23,408 ERROR extra fetch failed: _rosters(401247348,)
Traceback (most recent call last):
  File "C:\Users\saiem\Documents\GitHub-Data\sdv-dev\cfbfastR-dev\cfbfastR-cfb-raw\python\_cfb_raw_utils.py", line 106, in _safe
    return fn(*args, **kwargs)
           ^^^^^^^^^^^^^^^^^^^
  File "C:\Users\saiem\Documents\GitHub-Data\sdv-dev\cfbfastR-dev\cfbfastR-cfb-raw\python\scrape_cfb_json.py", line 42, in _rosters
    return sdv.cfb.espn_cfb_game_rosters(
           ^^^^^^^^^^^^^^^^^^^^^^^^^^^^^^
  File "C:\Users\saiem\Documents\GitHub-Data\sdv-dev\cfbfastR-dev\cfbfastR-cfb-raw\.venv\Lib\site-packages\sportsdataverse\cfb\cfb_game_rosters.py", line 66, in espn_cfb_game_rosters
    team_rosters = helper_cfb_roster_items(items=items, summary_url=summary_url, **kwargs)
                   ^^^^^^^^^^^^^^^^^^^^^^^^^^^^^^^^^^^^^^^^^^^^^^^^^^^^^^^^^^^^^^^^^^^^^^^
  File "C:\Users\saiem\Documents\GitHub-Data\sdv-dev\cfbfastR-dev\cfbfastR-cfb-raw\.venv\Lib\site-packages\sportsdataverse\cfb\cfb_game_rosters.py", line 209, in helper_cfb_roster_items
    raise NoESPNDataError(f"NoESPNDataError: No roster data found for any team at {summary_url}")
sportsdataverse.errors.NoESPNDataError: NoESPNDataError: No roster data found for any team at https://sports.core.api.espn.com/v2/sports/football/leagues/college-football/events/401247348/competitions/401247348/competitors
ERROR:cfb_json_2020:extra fetch failed: _rosters(401247348,)
Traceback (most recent call last):
  File "C:\Users\saiem\Documents\GitHub-Data\sdv-dev\cfbfastR-dev\cfbfastR-cfb-raw\python\_cfb_raw_utils.py", line 106, in _safe
    return fn(*args, **kwargs)
           ^^^^^^^^^^^^^^^^^^^
  File "C:\Users\saiem\Documents\GitHub-Data\sdv-dev\cfbfastR-dev\cfbfastR-cfb-raw\python\scrape_cfb_json.py", line 42, in _rosters
    return sdv.cfb.espn_cfb_game_rosters(
           ^^^^^^^^^^^^^^^^^^^^^^^^^^^^^^
  File "C:\Users\saiem\Documents\GitHub-Data\sdv-dev\cfbfastR-dev\cfbfastR-cfb-raw\.venv\Lib\site-packages\sportsdataverse\cfb\cfb_game_rosters.py", line 66, in espn_cfb_game_rosters
    team_rosters = helper_cfb_roster_items(items=items, summary_url=summary_url, **kwargs)
                   ^^^^^^^^^^^^^^^^^^^^^^^^^^^^^^^^^^^^^^^^^^^^^^^^^^^^^^^^^^^^^^^^^^^^^^^
  File "C:\Users\saiem\Documents\GitHub-Data\sdv-dev\cfbfastR-dev\cfbfastR-cfb-raw\.venv\Lib\site-packages\sportsdataverse\cfb\cfb_game_rosters.py", line 209, in helper_cfb_roster_items
    raise NoESPNDataError(f"NoESPNDataError: No roster data found for any team at {summary_url}")
sportsdataverse.errors.NoESPNDataError: NoESPNDataError: No roster data found for any team at https://sports.core.api.espn.com/v2/sports/football/leagues/college-football/events/401247348/competitions/401247348/competitors
2026-06-17 11:48:23,474 ERROR extra fetch failed: _rosters(401267162,)
Traceback (most recent call last):
  File "C:\Users\saiem\Documents\GitHub-Data\sdv-dev\cfbfastR-dev\cfbfastR-cfb-raw\python\_cfb_raw_utils.py", line 106, in _safe
    return fn(*args, **kwargs)
           ^^^^^^^^^^^^^^^^^^^
  File "C:\Users\saiem\Documents\GitHub-Data\sdv-dev\cfbfastR-dev\cfbfastR-cfb-raw\python\scrape_cfb_json.py", line 42, in _rosters
    return sdv.cfb.espn_cfb_game_rosters(
           ^^^^^^^^^^^^^^^^^^^^^^^^^^^^^^
  File "C:\Users\saiem\Documents\GitHub-Data\sdv-dev\cfbfastR-dev\cfbfastR-cfb-raw\.venv\Lib\site-packages\sportsdataverse\cfb\cfb_game_rosters.py", line 66, in espn_cfb_game_rosters
    team_rosters = helper_cfb_roster_items(items=items, summary_url=summary_url, **kwargs)
                   ^^^^^^^^^^^^^^^^^^^^^^^^^^^^^^^^^^^^^^^^^^^^^^^^^^^^^^^^^^^^^^^^^^^^^^^
  File "C:\Users\saiem\Documents\GitHub-Data\sdv-dev\cfbfastR-dev\cfbfastR-cfb-raw\.venv\Lib\site-packages\sportsdataverse\cfb\cfb_game_rosters.py", line 209, in helper_cfb_roster_items
    raise NoESPNDataError(f"NoESPNDataError: No roster data found for any team at {summary_url}")
sportsdataverse.errors.NoESPNDataError: NoESPNDataError: No roster data found for any team at https://sports.core.api.espn.com/v2/sports/football/leagues/college-football/events/401267162/competitions/401267162/competitors
ERROR:cfb_json_2020:extra fetch failed: _rosters(401267162,)
Traceback (most recent call last):
  File "C:\Users\saiem\Documents\GitHub-Data\sdv-dev\cfbfastR-dev\cfbfastR-cfb-raw\python\_cfb_raw_utils.py", line 106, in _safe
    return fn(*args, **kwargs)
           ^^^^^^^^^^^^^^^^^^^
  File "C:\Users\saiem\Documents\GitHub-Data\sdv-dev\cfbfastR-dev\cfbfastR-cfb-raw\python\scrape_cfb_json.py", line 42, in _rosters
    return sdv.cfb.espn_cfb_game_rosters(
           ^^^^^^^^^^^^^^^^^^^^^^^^^^^^^^
  File "C:\Users\saiem\Documents\GitHub-Data\sdv-dev\cfbfastR-dev\cfbfastR-cfb-raw\.venv\Lib\site-packages\sportsdataverse\cfb\cfb_game_rosters.py", line 66, in espn_cfb_game_rosters
    team_rosters = helper_cfb_roster_items(items=items, summary_url=summary_url, **kwargs)
                   ^^^^^^^^^^^^^^^^^^^^^^^^^^^^^^^^^^^^^^^^^^^^^^^^^^^^^^^^^^^^^^^^^^^^^^^
  File "C:\Users\saiem\Documents\GitHub-Data\sdv-dev\cfbfastR-dev\cfbfastR-cfb-raw\.venv\Lib\site-packages\sportsdataverse\cfb\cfb_game_rosters.py", line 209, in helper_cfb_roster_items
    raise NoESPNDataError(f"NoESPNDataError: No roster data found for any team at {summary_url}")
sportsdataverse.errors.NoESPNDataError: NoESPNDataError: No roster data found for any team at https://sports.core.api.espn.com/v2/sports/football/leagues/college-football/events/401267162/competitions/401267162/competitors
cfb 2020:  72%|#######1  | 97/135 [00:20<00:07,  5.24it/s]cfb 2020:  73%|#######3  | 99/135 [00:20<00:05,  6.82it/s]2026-06-17 11:48:23,992 ERROR extra fetch failed: _rosters(401265680,)
Traceback (most recent call last):
  File "C:\Users\saiem\Documents\GitHub-Data\sdv-dev\cfbfastR-dev\cfbfastR-cfb-raw\python\_cfb_raw_utils.py", line 106, in _safe
    return fn(*args, **kwargs)
           ^^^^^^^^^^^^^^^^^^^
  File "C:\Users\saiem\Documents\GitHub-Data\sdv-dev\cfbfastR-dev\cfbfastR-cfb-raw\python\scrape_cfb_json.py", line 42, in _rosters
    return sdv.cfb.espn_cfb_game_rosters(
           ^^^^^^^^^^^^^^^^^^^^^^^^^^^^^^
  File "C:\Users\saiem\Documents\GitHub-Data\sdv-dev\cfbfastR-dev\cfbfastR-cfb-raw\.venv\Lib\site-packages\sportsdataverse\cfb\cfb_game_rosters.py", line 66, in espn_cfb_game_rosters
    team_rosters = helper_cfb_roster_items(items=items, summary_url=summary_url, **kwargs)
                   ^^^^^^^^^^^^^^^^^^^^^^^^^^^^^^^^^^^^^^^^^^^^^^^^^^^^^^^^^^^^^^^^^^^^^^^
  File "C:\Users\saiem\Documents\GitHub-Data\sdv-dev\cfbfastR-dev\cfbfastR-cfb-raw\.venv\Lib\site-packages\sportsdataverse\cfb\cfb_game_rosters.py", line 209, in helper_cfb_roster_items
    raise NoESPNDataError(f"NoESPNDataError: No roster data found for any team at {summary_url}")
sportsdataverse.errors.NoESPNDataError: NoESPNDataError: No roster data found for any team at https://sports.core.api.espn.com/v2/sports/football/leagues/college-football/events/401265680/competitions/401265680/competitors
ERROR:cfb_json_2020:extra fetch failed: _rosters(401265680,)
Traceback (most recent call last):
  File "C:\Users\saiem\Documents\GitHub-Data\sdv-dev\cfbfastR-dev\cfbfastR-cfb-raw\python\_cfb_raw_utils.py", line 106, in _safe
    return fn(*args, **kwargs)
           ^^^^^^^^^^^^^^^^^^^
  File "C:\Users\saiem\Documents\GitHub-Data\sdv-dev\cfbfastR-dev\cfbfastR-cfb-raw\python\scrape_cfb_json.py", line 42, in _rosters
    return sdv.cfb.espn_cfb_game_rosters(
           ^^^^^^^^^^^^^^^^^^^^^^^^^^^^^^
  File "C:\Users\saiem\Documents\GitHub-Data\sdv-dev\cfbfastR-dev\cfbfastR-cfb-raw\.venv\Lib\site-packages\sportsdataverse\cfb\cfb_game_rosters.py", line 66, in espn_cfb_game_rosters
    team_rosters = helper_cfb_roster_items(items=items, summary_url=summary_url, **kwargs)
                   ^^^^^^^^^^^^^^^^^^^^^^^^^^^^^^^^^^^^^^^^^^^^^^^^^^^^^^^^^^^^^^^^^^^^^^^
  File "C:\Users\saiem\Documents\GitHub-Data\sdv-dev\cfbfastR-dev\cfbfastR-cfb-raw\.venv\Lib\site-packages\sportsdataverse\cfb\cfb_game_rosters.py", line 209, in helper_cfb_roster_items
    raise NoESPNDataError(f"NoESPNDataError: No roster data found for any team at {summary_url}")
sportsdataverse.errors.NoESPNDataError: NoESPNDataError: No roster data found for any team at https://sports.core.api.espn.com/v2/sports/football/leagues/college-football/events/401265680/competitions/401265680/competitors
2026-06-17 11:48:23,994 ERROR extra fetch failed: _rosters(401251269,)
Traceback (most recent call last):
  File "C:\Users\saiem\Documents\GitHub-Data\sdv-dev\cfbfastR-dev\cfbfastR-cfb-raw\python\_cfb_raw_utils.py", line 106, in _safe
    return fn(*args, **kwargs)
           ^^^^^^^^^^^^^^^^^^^
  File "C:\Users\saiem\Documents\GitHub-Data\sdv-dev\cfbfastR-dev\cfbfastR-cfb-raw\python\scrape_cfb_json.py", line 42, in _rosters
    return sdv.cfb.espn_cfb_game_rosters(
           ^^^^^^^^^^^^^^^^^^^^^^^^^^^^^^
  File "C:\Users\saiem\Documents\GitHub-Data\sdv-dev\cfbfastR-dev\cfbfastR-cfb-raw\.venv\Lib\site-packages\sportsdataverse\cfb\cfb_game_rosters.py", line 66, in espn_cfb_game_rosters
    team_rosters = helper_cfb_roster_items(items=items, summary_url=summary_url, **kwargs)
                   ^^^^^^^^^^^^^^^^^^^^^^^^^^^^^^^^^^^^^^^^^^^^^^^^^^^^^^^^^^^^^^^^^^^^^^^
  File "C:\Users\saiem\Documents\GitHub-Data\sdv-dev\cfbfastR-dev\cfbfastR-cfb-raw\.venv\Lib\site-packages\sportsdataverse\cfb\cfb_game_rosters.py", line 209, in helper_cfb_roster_items
    raise NoESPNDataError(f"NoESPNDataError: No roster data found for any team at {summary_url}")
sportsdataverse.errors.NoESPNDataError: NoESPNDataError: No roster data found for any team at https://sports.core.api.espn.com/v2/sports/football/leagues/college-football/events/401251269/competitions/401251269/competitors
ERROR:cfb_json_2020:extra fetch failed: _rosters(401251269,)
Traceback (most recent call last):
  File "C:\Users\saiem\Documents\GitHub-Data\sdv-dev\cfbfastR-dev\cfbfastR-cfb-raw\python\_cfb_raw_utils.py", line 106, in _safe
    return fn(*args, **kwargs)
           ^^^^^^^^^^^^^^^^^^^
  File "C:\Users\saiem\Documents\GitHub-Data\sdv-dev\cfbfastR-dev\cfbfastR-cfb-raw\python\scrape_cfb_json.py", line 42, in _rosters
    return sdv.cfb.espn_cfb_game_rosters(
           ^^^^^^^^^^^^^^^^^^^^^^^^^^^^^^
  File "C:\Users\saiem\Documents\GitHub-Data\sdv-dev\cfbfastR-dev\cfbfastR-cfb-raw\.venv\Lib\site-packages\sportsdataverse\cfb\cfb_game_rosters.py", line 66, in espn_cfb_game_rosters
    team_rosters = helper_cfb_roster_items(items=items, summary_url=summary_url, **kwargs)
                   ^^^^^^^^^^^^^^^^^^^^^^^^^^^^^^^^^^^^^^^^^^^^^^^^^^^^^^^^^^^^^^^^^^^^^^^
  File "C:\Users\saiem\Documents\GitHub-Data\sdv-dev\cfbfastR-dev\cfbfastR-cfb-raw\.venv\Lib\site-packages\sportsdataverse\cfb\cfb_game_rosters.py", line 209, in helper_cfb_roster_items
    raise NoESPNDataError(f"NoESPNDataError: No roster data found for any team at {summary_url}")
sportsdataverse.errors.NoESPNDataError: NoESPNDataError: No roster data found for any team at https://sports.core.api.espn.com/v2/sports/football/leagues/college-football/events/401251269/competitions/401251269/competitors
2026-06-17 11:48:24,009 ERROR extra fetch failed: _rosters(401247343,)
Traceback (most recent call last):
  File "C:\Users\saiem\Documents\GitHub-Data\sdv-dev\cfbfastR-dev\cfbfastR-cfb-raw\python\_cfb_raw_utils.py", line 106, in _safe
    return fn(*args, **kwargs)
           ^^^^^^^^^^^^^^^^^^^
  File "C:\Users\saiem\Documents\GitHub-Data\sdv-dev\cfbfastR-dev\cfbfastR-cfb-raw\python\scrape_cfb_json.py", line 42, in _rosters
    return sdv.cfb.espn_cfb_game_rosters(
           ^^^^^^^^^^^^^^^^^^^^^^^^^^^^^^
  File "C:\Users\saiem\Documents\GitHub-Data\sdv-dev\cfbfastR-dev\cfbfastR-cfb-raw\.venv\Lib\site-packages\sportsdataverse\cfb\cfb_game_rosters.py", line 66, in espn_cfb_game_rosters
    team_rosters = helper_cfb_roster_items(items=items, summary_url=summary_url, **kwargs)
                   ^^^^^^^^^^^^^^^^^^^^^^^^^^^^^^^^^^^^^^^^^^^^^^^^^^^^^^^^^^^^^^^^^^^^^^^
  File "C:\Users\saiem\Documents\GitHub-Data\sdv-dev\cfbfastR-dev\cfbfastR-cfb-raw\.venv\Lib\site-packages\sportsdataverse\cfb\cfb_game_rosters.py", line 209, in helper_cfb_roster_items
    raise NoESPNDataError(f"NoESPNDataError: No roster data found for any team at {summary_url}")
sportsdataverse.errors.NoESPNDataError: NoESPNDataError: No roster data found for any team at https://sports.core.api.espn.com/v2/sports/football/leagues/college-football/events/401247343/competitions/401247343/competitors
ERROR:cfb_json_2020:extra fetch failed: _rosters(401247343,)
Traceback (most recent call last):
  File "C:\Users\saiem\Documents\GitHub-Data\sdv-dev\cfbfastR-dev\cfbfastR-cfb-raw\python\_cfb_raw_utils.py", line 106, in _safe
    return fn(*args, **kwargs)
           ^^^^^^^^^^^^^^^^^^^
  File "C:\Users\saiem\Documents\GitHub-Data\sdv-dev\cfbfastR-dev\cfbfastR-cfb-raw\python\scrape_cfb_json.py", line 42, in _rosters
    return sdv.cfb.espn_cfb_game_rosters(
           ^^^^^^^^^^^^^^^^^^^^^^^^^^^^^^
  File "C:\Users\saiem\Documents\GitHub-Data\sdv-dev\cfbfastR-dev\cfbfastR-cfb-raw\.venv\Lib\site-packages\sportsdataverse\cfb\cfb_game_rosters.py", line 66, in espn_cfb_game_rosters
    team_rosters = helper_cfb_roster_items(items=items, summary_url=summary_url, **kwargs)
                   ^^^^^^^^^^^^^^^^^^^^^^^^^^^^^^^^^^^^^^^^^^^^^^^^^^^^^^^^^^^^^^^^^^^^^^^
  File "C:\Users\saiem\Documents\GitHub-Data\sdv-dev\cfbfastR-dev\cfbfastR-cfb-raw\.venv\Lib\site-packages\sportsdataverse\cfb\cfb_game_rosters.py", line 209, in helper_cfb_roster_items
    raise NoESPNDataError(f"NoESPNDataError: No roster data found for any team at {summary_url}")
sportsdataverse.errors.NoESPNDataError: NoESPNDataError: No roster data found for any team at https://sports.core.api.espn.com/v2/sports/football/leagues/college-football/events/401247343/competitions/401247343/competitors
cfb 2020:  75%|#######4  | 101/135 [00:21<00:06,  5.36it/s]2026-06-17 11:48:24,366 ERROR extra fetch failed: _rosters(401263256,)
Traceback (most recent call last):
  File "C:\Users\saiem\Documents\GitHub-Data\sdv-dev\cfbfastR-dev\cfbfastR-cfb-raw\python\_cfb_raw_utils.py", line 106, in _safe
    return fn(*args, **kwargs)
           ^^^^^^^^^^^^^^^^^^^
  File "C:\Users\saiem\Documents\GitHub-Data\sdv-dev\cfbfastR-dev\cfbfastR-cfb-raw\python\scrape_cfb_json.py", line 42, in _rosters
    return sdv.cfb.espn_cfb_game_rosters(
           ^^^^^^^^^^^^^^^^^^^^^^^^^^^^^^
  File "C:\Users\saiem\Documents\GitHub-Data\sdv-dev\cfbfastR-dev\cfbfastR-cfb-raw\.venv\Lib\site-packages\sportsdataverse\cfb\cfb_game_rosters.py", line 66, in espn_cfb_game_rosters
    team_rosters = helper_cfb_roster_items(items=items, summary_url=summary_url, **kwargs)
                   ^^^^^^^^^^^^^^^^^^^^^^^^^^^^^^^^^^^^^^^^^^^^^^^^^^^^^^^^^^^^^^^^^^^^^^^
  File "C:\Users\saiem\Documents\GitHub-Data\sdv-dev\cfbfastR-dev\cfbfastR-cfb-raw\.venv\Lib\site-packages\sportsdataverse\cfb\cfb_game_rosters.py", line 209, in helper_cfb_roster_items
    raise NoESPNDataError(f"NoESPNDataError: No roster data found for any team at {summary_url}")
sportsdataverse.errors.NoESPNDataError: NoESPNDataError: No roster data found for any team at https://sports.core.api.espn.com/v2/sports/football/leagues/college-football/events/401263256/competitions/401263256/competitors
ERROR:cfb_json_2020:extra fetch failed: _rosters(401263256,)
Traceback (most recent call last):
  File "C:\Users\saiem\Documents\GitHub-Data\sdv-dev\cfbfastR-dev\cfbfastR-cfb-raw\python\_cfb_raw_utils.py", line 106, in _safe
    return fn(*args, **kwargs)
           ^^^^^^^^^^^^^^^^^^^
  File "C:\Users\saiem\Documents\GitHub-Data\sdv-dev\cfbfastR-dev\cfbfastR-cfb-raw\python\scrape_cfb_json.py", line 42, in _rosters
    return sdv.cfb.espn_cfb_game_rosters(
           ^^^^^^^^^^^^^^^^^^^^^^^^^^^^^^
  File "C:\Users\saiem\Documents\GitHub-Data\sdv-dev\cfbfastR-dev\cfbfastR-cfb-raw\.venv\Lib\site-packages\sportsdataverse\cfb\cfb_game_rosters.py", line 66, in espn_cfb_game_rosters
    team_rosters = helper_cfb_roster_items(items=items, summary_url=summary_url, **kwargs)
                   ^^^^^^^^^^^^^^^^^^^^^^^^^^^^^^^^^^^^^^^^^^^^^^^^^^^^^^^^^^^^^^^^^^^^^^^
  File "C:\Users\saiem\Documents\GitHub-Data\sdv-dev\cfbfastR-dev\cfbfastR-cfb-raw\.venv\Lib\site-packages\sportsdataverse\cfb\cfb_game_rosters.py", line 209, in helper_cfb_roster_items
    raise NoESPNDataError(f"NoESPNDataError: No roster data found for any team at {summary_url}")
sportsdataverse.errors.NoESPNDataError: NoESPNDataError: No roster data found for any team at https://sports.core.api.espn.com/v2/sports/football/leagues/college-football/events/401263256/competitions/401263256/competitors
cfb 2020:  76%|#######6  | 103/135 [00:21<00:05,  5.39it/s]2026-06-17 11:48:24,633 ERROR extra fetch failed: _rosters(401249888,)
Traceback (most recent call last):
  File "C:\Users\saiem\Documents\GitHub-Data\sdv-dev\cfbfastR-dev\cfbfastR-cfb-raw\python\_cfb_raw_utils.py", line 106, in _safe
    return fn(*args, **kwargs)
           ^^^^^^^^^^^^^^^^^^^
  File "C:\Users\saiem\Documents\GitHub-Data\sdv-dev\cfbfastR-dev\cfbfastR-cfb-raw\python\scrape_cfb_json.py", line 42, in _rosters
    return sdv.cfb.espn_cfb_game_rosters(
           ^^^^^^^^^^^^^^^^^^^^^^^^^^^^^^
  File "C:\Users\saiem\Documents\GitHub-Data\sdv-dev\cfbfastR-dev\cfbfastR-cfb-raw\.venv\Lib\site-packages\sportsdataverse\cfb\cfb_game_rosters.py", line 66, in espn_cfb_game_rosters
    team_rosters = helper_cfb_roster_items(items=items, summary_url=summary_url, **kwargs)
                   ^^^^^^^^^^^^^^^^^^^^^^^^^^^^^^^^^^^^^^^^^^^^^^^^^^^^^^^^^^^^^^^^^^^^^^^
  File "C:\Users\saiem\Documents\GitHub-Data\sdv-dev\cfbfastR-dev\cfbfastR-cfb-raw\.venv\Lib\site-packages\sportsdataverse\cfb\cfb_game_rosters.py", line 209, in helper_cfb_roster_items
    raise NoESPNDataError(f"NoESPNDataError: No roster data found for any team at {summary_url}")
sportsdataverse.errors.NoESPNDataError: NoESPNDataError: No roster data found for any team at https://sports.core.api.espn.com/v2/sports/football/leagues/college-football/events/401249888/competitions/401249888/competitors
ERROR:cfb_json_2020:extra fetch failed: _rosters(401249888,)
Traceback (most recent call last):
  File "C:\Users\saiem\Documents\GitHub-Data\sdv-dev\cfbfastR-dev\cfbfastR-cfb-raw\python\_cfb_raw_utils.py", line 106, in _safe
    return fn(*args, **kwargs)
           ^^^^^^^^^^^^^^^^^^^
  File "C:\Users\saiem\Documents\GitHub-Data\sdv-dev\cfbfastR-dev\cfbfastR-cfb-raw\python\scrape_cfb_json.py", line 42, in _rosters
    return sdv.cfb.espn_cfb_game_rosters(
           ^^^^^^^^^^^^^^^^^^^^^^^^^^^^^^
  File "C:\Users\saiem\Documents\GitHub-Data\sdv-dev\cfbfastR-dev\cfbfastR-cfb-raw\.venv\Lib\site-packages\sportsdataverse\cfb\cfb_game_rosters.py", line 66, in espn_cfb_game_rosters
    team_rosters = helper_cfb_roster_items(items=items, summary_url=summary_url, **kwargs)
                   ^^^^^^^^^^^^^^^^^^^^^^^^^^^^^^^^^^^^^^^^^^^^^^^^^^^^^^^^^^^^^^^^^^^^^^^
  File "C:\Users\saiem\Documents\GitHub-Data\sdv-dev\cfbfastR-dev\cfbfastR-cfb-raw\.venv\Lib\site-packages\sportsdataverse\cfb\cfb_game_rosters.py", line 209, in helper_cfb_roster_items
    raise NoESPNDataError(f"NoESPNDataError: No roster data found for any team at {summary_url}")
sportsdataverse.errors.NoESPNDataError: NoESPNDataError: No roster data found for any team at https://sports.core.api.espn.com/v2/sports/football/leagues/college-football/events/401249888/competitions/401249888/competitors
2026-06-17 11:48:24,720 ERROR extra fetch failed: _rosters(401249894,)
Traceback (most recent call last):
  File "C:\Users\saiem\Documents\GitHub-Data\sdv-dev\cfbfastR-dev\cfbfastR-cfb-raw\python\_cfb_raw_utils.py", line 106, in _safe
    return fn(*args, **kwargs)
           ^^^^^^^^^^^^^^^^^^^
  File "C:\Users\saiem\Documents\GitHub-Data\sdv-dev\cfbfastR-dev\cfbfastR-cfb-raw\python\scrape_cfb_json.py", line 42, in _rosters
    return sdv.cfb.espn_cfb_game_rosters(
           ^^^^^^^^^^^^^^^^^^^^^^^^^^^^^^
  File "C:\Users\saiem\Documents\GitHub-Data\sdv-dev\cfbfastR-dev\cfbfastR-cfb-raw\.venv\Lib\site-packages\sportsdataverse\cfb\cfb_game_rosters.py", line 66, in espn_cfb_game_rosters
    team_rosters = helper_cfb_roster_items(items=items, summary_url=summary_url, **kwargs)
                   ^^^^^^^^^^^^^^^^^^^^^^^^^^^^^^^^^^^^^^^^^^^^^^^^^^^^^^^^^^^^^^^^^^^^^^^
  File "C:\Users\saiem\Documents\GitHub-Data\sdv-dev\cfbfastR-dev\cfbfastR-cfb-raw\.venv\Lib\site-packages\sportsdataverse\cfb\cfb_game_rosters.py", line 209, in helper_cfb_roster_items
    raise NoESPNDataError(f"NoESPNDataError: No roster data found for any team at {summary_url}")
sportsdataverse.errors.NoESPNDataError: NoESPNDataError: No roster data found for any team at https://sports.core.api.espn.com/v2/sports/football/leagues/college-football/events/401249894/competitions/401249894/competitors
ERROR:cfb_json_2020:extra fetch failed: _rosters(401249894,)
Traceback (most recent call last):
  File "C:\Users\saiem\Documents\GitHub-Data\sdv-dev\cfbfastR-dev\cfbfastR-cfb-raw\python\_cfb_raw_utils.py", line 106, in _safe
    return fn(*args, **kwargs)
           ^^^^^^^^^^^^^^^^^^^
  File "C:\Users\saiem\Documents\GitHub-Data\sdv-dev\cfbfastR-dev\cfbfastR-cfb-raw\python\scrape_cfb_json.py", line 42, in _rosters
    return sdv.cfb.espn_cfb_game_rosters(
           ^^^^^^^^^^^^^^^^^^^^^^^^^^^^^^
  File "C:\Users\saiem\Documents\GitHub-Data\sdv-dev\cfbfastR-dev\cfbfastR-cfb-raw\.venv\Lib\site-packages\sportsdataverse\cfb\cfb_game_rosters.py", line 66, in espn_cfb_game_rosters
    team_rosters = helper_cfb_roster_items(items=items, summary_url=summary_url, **kwargs)
                   ^^^^^^^^^^^^^^^^^^^^^^^^^^^^^^^^^^^^^^^^^^^^^^^^^^^^^^^^^^^^^^^^^^^^^^^
  File "C:\Users\saiem\Documents\GitHub-Data\sdv-dev\cfbfastR-dev\cfbfastR-cfb-raw\.venv\Lib\site-packages\sportsdataverse\cfb\cfb_game_rosters.py", line 209, in helper_cfb_roster_items
    raise NoESPNDataError(f"NoESPNDataError: No roster data found for any team at {summary_url}")
sportsdataverse.errors.NoESPNDataError: NoESPNDataError: No roster data found for any team at https://sports.core.api.espn.com/v2/sports/football/leagues/college-football/events/401249894/competitions/401249894/competitors
2026-06-17 11:48:24,727 ERROR extra fetch failed: _rosters(401262517,)
Traceback (most recent call last):
  File "C:\Users\saiem\Documents\GitHub-Data\sdv-dev\cfbfastR-dev\cfbfastR-cfb-raw\python\_cfb_raw_utils.py", line 106, in _safe
    return fn(*args, **kwargs)
           ^^^^^^^^^^^^^^^^^^^
  File "C:\Users\saiem\Documents\GitHub-Data\sdv-dev\cfbfastR-dev\cfbfastR-cfb-raw\python\scrape_cfb_json.py", line 42, in _rosters
    return sdv.cfb.espn_cfb_game_rosters(
           ^^^^^^^^^^^^^^^^^^^^^^^^^^^^^^
  File "C:\Users\saiem\Documents\GitHub-Data\sdv-dev\cfbfastR-dev\cfbfastR-cfb-raw\.venv\Lib\site-packages\sportsdataverse\cfb\cfb_game_rosters.py", line 66, in espn_cfb_game_rosters
    team_rosters = helper_cfb_roster_items(items=items, summary_url=summary_url, **kwargs)
                   ^^^^^^^^^^^^^^^^^^^^^^^^^^^^^^^^^^^^^^^^^^^^^^^^^^^^^^^^^^^^^^^^^^^^^^^
  File "C:\Users\saiem\Documents\GitHub-Data\sdv-dev\cfbfastR-dev\cfbfastR-cfb-raw\.venv\Lib\site-packages\sportsdataverse\cfb\cfb_game_rosters.py", line 209, in helper_cfb_roster_items
    raise NoESPNDataError(f"NoESPNDataError: No roster data found for any team at {summary_url}")
sportsdataverse.errors.NoESPNDataError: NoESPNDataError: No roster data found for any team at https://sports.core.api.espn.com/v2/sports/football/leagues/college-football/events/401262517/competitions/401262517/competitors
ERROR:cfb_json_2020:extra fetch failed: _rosters(401262517,)
Traceback (most recent call last):
  File "C:\Users\saiem\Documents\GitHub-Data\sdv-dev\cfbfastR-dev\cfbfastR-cfb-raw\python\_cfb_raw_utils.py", line 106, in _safe
    return fn(*args, **kwargs)
           ^^^^^^^^^^^^^^^^^^^
  File "C:\Users\saiem\Documents\GitHub-Data\sdv-dev\cfbfastR-dev\cfbfastR-cfb-raw\python\scrape_cfb_json.py", line 42, in _rosters
    return sdv.cfb.espn_cfb_game_rosters(
           ^^^^^^^^^^^^^^^^^^^^^^^^^^^^^^
  File "C:\Users\saiem\Documents\GitHub-Data\sdv-dev\cfbfastR-dev\cfbfastR-cfb-raw\.venv\Lib\site-packages\sportsdataverse\cfb\cfb_game_rosters.py", line 66, in espn_cfb_game_rosters
    team_rosters = helper_cfb_roster_items(items=items, summary_url=summary_url, **kwargs)
                   ^^^^^^^^^^^^^^^^^^^^^^^^^^^^^^^^^^^^^^^^^^^^^^^^^^^^^^^^^^^^^^^^^^^^^^^
  File "C:\Users\saiem\Documents\GitHub-Data\sdv-dev\cfbfastR-dev\cfbfastR-cfb-raw\.venv\Lib\site-packages\sportsdataverse\cfb\cfb_game_rosters.py", line 209, in helper_cfb_roster_items
    raise NoESPNDataError(f"NoESPNDataError: No roster data found for any team at {summary_url}")
sportsdataverse.errors.NoESPNDataError: NoESPNDataError: No roster data found for any team at https://sports.core.api.espn.com/v2/sports/football/leagues/college-football/events/401262517/competitions/401262517/competitors
cfb 2020:  77%|#######7  | 104/135 [00:21<00:06,  4.92it/s]2026-06-17 11:48:25,046 ERROR extra fetch failed: _rosters(401249430,)
Traceback (most recent call last):
  File "C:\Users\saiem\Documents\GitHub-Data\sdv-dev\cfbfastR-dev\cfbfastR-cfb-raw\python\_cfb_raw_utils.py", line 106, in _safe
    return fn(*args, **kwargs)
           ^^^^^^^^^^^^^^^^^^^
  File "C:\Users\saiem\Documents\GitHub-Data\sdv-dev\cfbfastR-dev\cfbfastR-cfb-raw\python\scrape_cfb_json.py", line 42, in _rosters
    return sdv.cfb.espn_cfb_game_rosters(
           ^^^^^^^^^^^^^^^^^^^^^^^^^^^^^^
  File "C:\Users\saiem\Documents\GitHub-Data\sdv-dev\cfbfastR-dev\cfbfastR-cfb-raw\.venv\Lib\site-packages\sportsdataverse\cfb\cfb_game_rosters.py", line 66, in espn_cfb_game_rosters
    team_rosters = helper_cfb_roster_items(items=items, summary_url=summary_url, **kwargs)
                   ^^^^^^^^^^^^^^^^^^^^^^^^^^^^^^^^^^^^^^^^^^^^^^^^^^^^^^^^^^^^^^^^^^^^^^^
  File "C:\Users\saiem\Documents\GitHub-Data\sdv-dev\cfbfastR-dev\cfbfastR-cfb-raw\.venv\Lib\site-packages\sportsdataverse\cfb\cfb_game_rosters.py", line 209, in helper_cfb_roster_items
    raise NoESPNDataError(f"NoESPNDataError: No roster data found for any team at {summary_url}")
sportsdataverse.errors.NoESPNDataError: NoESPNDataError: No roster data found for any team at https://sports.core.api.espn.com/v2/sports/football/leagues/college-football/events/401249430/competitions/401249430/competitors
ERROR:cfb_json_2020:extra fetch failed: _rosters(401249430,)
Traceback (most recent call last):
  File "C:\Users\saiem\Documents\GitHub-Data\sdv-dev\cfbfastR-dev\cfbfastR-cfb-raw\python\_cfb_raw_utils.py", line 106, in _safe
    return fn(*args, **kwargs)
           ^^^^^^^^^^^^^^^^^^^
  File "C:\Users\saiem\Documents\GitHub-Data\sdv-dev\cfbfastR-dev\cfbfastR-cfb-raw\python\scrape_cfb_json.py", line 42, in _rosters
    return sdv.cfb.espn_cfb_game_rosters(
           ^^^^^^^^^^^^^^^^^^^^^^^^^^^^^^
  File "C:\Users\saiem\Documents\GitHub-Data\sdv-dev\cfbfastR-dev\cfbfastR-cfb-raw\.venv\Lib\site-packages\sportsdataverse\cfb\cfb_game_rosters.py", line 66, in espn_cfb_game_rosters
    team_rosters = helper_cfb_roster_items(items=items, summary_url=summary_url, **kwargs)
                   ^^^^^^^^^^^^^^^^^^^^^^^^^^^^^^^^^^^^^^^^^^^^^^^^^^^^^^^^^^^^^^^^^^^^^^^
  File "C:\Users\saiem\Documents\GitHub-Data\sdv-dev\cfbfastR-dev\cfbfastR-cfb-raw\.venv\Lib\site-packages\sportsdataverse\cfb\cfb_game_rosters.py", line 209, in helper_cfb_roster_items
    raise NoESPNDataError(f"NoESPNDataError: No roster data found for any team at {summary_url}")
sportsdataverse.errors.NoESPNDataError: NoESPNDataError: No roster data found for any team at https://sports.core.api.espn.com/v2/sports/football/leagues/college-football/events/401249430/competitions/401249430/competitors
cfb 2020:  79%|#######9  | 107/135 [00:22<00:04,  5.77it/s]2026-06-17 11:48:25,349 ERROR extra fetch failed: _rosters(401249433,)
Traceback (most recent call last):
  File "C:\Users\saiem\Documents\GitHub-Data\sdv-dev\cfbfastR-dev\cfbfastR-cfb-raw\.venv\Lib\site-packages\polars\_utils\construction\series.py", line 355, in _construct_series_with_fallbacks
    return constructor(name, values, strict)
           ^^^^^^^^^^^^^^^^^^^^^^^^^^^^^^^^^
TypeError: 'str' object cannot be interpreted as an integer

During handling of the above exception, another exception occurred:

Traceback (most recent call last):
  File "C:\Users\saiem\Documents\GitHub-Data\sdv-dev\cfbfastR-dev\cfbfastR-cfb-raw\.venv\Lib\site-packages\polars\_utils\getitem.py", line 167, in get_df_item_by_key
    return _select_rows(df, key)  # type: ignore[arg-type]
           ^^^^^^^^^^^^^^^^^^^^^
  File "C:\Users\saiem\Documents\GitHub-Data\sdv-dev\cfbfastR-dev\cfbfastR-cfb-raw\.venv\Lib\site-packages\polars\_utils\getitem.py", line 314, in _select_rows
    s = pl.Series("", key, dtype=Int64)
        ^^^^^^^^^^^^^^^^^^^^^^^^^^^^^^^
  File "C:\Users\saiem\Documents\GitHub-Data\sdv-dev\cfbfastR-dev\cfbfastR-cfb-raw\.venv\Lib\site-packages\polars\series\series.py", line 296, in __init__
    self._s = sequence_to_pyseries(
              ^^^^^^^^^^^^^^^^^^^^^
  File "C:\Users\saiem\Documents\GitHub-Data\sdv-dev\cfbfastR-dev\cfbfastR-cfb-raw\.venv\Lib\site-packages\polars\_utils\construction\series.py", line 164, in sequence_to_pyseries
    pyseries = _construct_series_with_fallbacks(
               ^^^^^^^^^^^^^^^^^^^^^^^^^^^^^^^^^
  File "C:\Users\saiem\Documents\GitHub-Data\sdv-dev\cfbfastR-dev\cfbfastR-cfb-raw\.venv\Lib\site-packages\polars\_utils\construction\series.py", line 370, in _construct_series_with_fallbacks
    return PySeries.new_from_any_values_and_dtype(
           ^^^^^^^^^^^^^^^^^^^^^^^^^^^^^^^^^^^^^^^
TypeError: unexpected value while building Series of type Int64; found value of type String: "team_id"

Hint: Try setting `strict=False` to allow passing data with mixed types.

During handling of the above exception, another exception occurred:

Traceback (most recent call last):
  File "C:\Users\saiem\Documents\GitHub-Data\sdv-dev\cfbfastR-dev\cfbfastR-cfb-raw\python\_cfb_raw_utils.py", line 106, in _safe
    return fn(*args, **kwargs)
           ^^^^^^^^^^^^^^^^^^^
  File "C:\Users\saiem\Documents\GitHub-Data\sdv-dev\cfbfastR-dev\cfbfastR-cfb-raw\python\scrape_cfb_json.py", line 42, in _rosters
    return sdv.cfb.espn_cfb_game_rosters(
           ^^^^^^^^^^^^^^^^^^^^^^^^^^^^^^
  File "C:\Users\saiem\Documents\GitHub-Data\sdv-dev\cfbfastR-dev\cfbfastR-cfb-raw\.venv\Lib\site-packages\sportsdataverse\cfb\cfb_game_rosters.py", line 67, in espn_cfb_game_rosters
    team_rosters = team_rosters.join(items[["team_id", "order", "home_away", "winner"]], how="left", on="team_id")
                                     ~~~~~^^^^^^^^^^^^^^^^^^^^^^^^^^^^^^^^^^^^^^^^^^^^^
  File "C:\Users\saiem\Documents\GitHub-Data\sdv-dev\cfbfastR-dev\cfbfastR-cfb-raw\.venv\Lib\site-packages\polars\dataframe\frame.py", line 1441, in __getitem__
    return get_df_item_by_key(self, key)
           ^^^^^^^^^^^^^^^^^^^^^^^^^^^^^
  File "C:\Users\saiem\Documents\GitHub-Data\sdv-dev\cfbfastR-dev\cfbfastR-cfb-raw\.venv\Lib\site-packages\polars\_utils\getitem.py", line 169, in get_df_item_by_key
    return _select_columns(df, key)
           ^^^^^^^^^^^^^^^^^^^^^^^^
  File "C:\Users\saiem\Documents\GitHub-Data\sdv-dev\cfbfastR-dev\cfbfastR-cfb-raw\.venv\Lib\site-packages\polars\_utils\getitem.py", line 217, in _select_columns
    return _select_columns_by_name(df, key)  # type: ignore[arg-type]
           ^^^^^^^^^^^^^^^^^^^^^^^^^^^^^^^^
  File "C:\Users\saiem\Documents\GitHub-Data\sdv-dev\cfbfastR-dev\cfbfastR-cfb-raw\.venv\Lib\site-packages\polars\_utils\getitem.py", line 269, in _select_columns_by_name
    return df._from_pydf(df._df.select(list(key)))
                         ^^^^^^^^^^^^^^^^^^^^^^^^
polars.exceptions.ColumnNotFoundError: "winner" not found
ERROR:cfb_json_2020:extra fetch failed: _rosters(401249433,)
Traceback (most recent call last):
  File "C:\Users\saiem\Documents\GitHub-Data\sdv-dev\cfbfastR-dev\cfbfastR-cfb-raw\.venv\Lib\site-packages\polars\_utils\construction\series.py", line 355, in _construct_series_with_fallbacks
    return constructor(name, values, strict)
           ^^^^^^^^^^^^^^^^^^^^^^^^^^^^^^^^^
TypeError: 'str' object cannot be interpreted as an integer

During handling of the above exception, another exception occurred:

Traceback (most recent call last):
  File "C:\Users\saiem\Documents\GitHub-Data\sdv-dev\cfbfastR-dev\cfbfastR-cfb-raw\.venv\Lib\site-packages\polars\_utils\getitem.py", line 167, in get_df_item_by_key
    return _select_rows(df, key)  # type: ignore[arg-type]
           ^^^^^^^^^^^^^^^^^^^^^
  File "C:\Users\saiem\Documents\GitHub-Data\sdv-dev\cfbfastR-dev\cfbfastR-cfb-raw\.venv\Lib\site-packages\polars\_utils\getitem.py", line 314, in _select_rows
    s = pl.Series("", key, dtype=Int64)
        ^^^^^^^^^^^^^^^^^^^^^^^^^^^^^^^
  File "C:\Users\saiem\Documents\GitHub-Data\sdv-dev\cfbfastR-dev\cfbfastR-cfb-raw\.venv\Lib\site-packages\polars\series\series.py", line 296, in __init__
    self._s = sequence_to_pyseries(
              ^^^^^^^^^^^^^^^^^^^^^
  File "C:\Users\saiem\Documents\GitHub-Data\sdv-dev\cfbfastR-dev\cfbfastR-cfb-raw\.venv\Lib\site-packages\polars\_utils\construction\series.py", line 164, in sequence_to_pyseries
    pyseries = _construct_series_with_fallbacks(
               ^^^^^^^^^^^^^^^^^^^^^^^^^^^^^^^^^
  File "C:\Users\saiem\Documents\GitHub-Data\sdv-dev\cfbfastR-dev\cfbfastR-cfb-raw\.venv\Lib\site-packages\polars\_utils\construction\series.py", line 370, in _construct_series_with_fallbacks
    return PySeries.new_from_any_values_and_dtype(
           ^^^^^^^^^^^^^^^^^^^^^^^^^^^^^^^^^^^^^^^
TypeError: unexpected value while building Series of type Int64; found value of type String: "team_id"

Hint: Try setting `strict=False` to allow passing data with mixed types.

During handling of the above exception, another exception occurred:

Traceback (most recent call last):
  File "C:\Users\saiem\Documents\GitHub-Data\sdv-dev\cfbfastR-dev\cfbfastR-cfb-raw\python\_cfb_raw_utils.py", line 106, in _safe
    return fn(*args, **kwargs)
           ^^^^^^^^^^^^^^^^^^^
  File "C:\Users\saiem\Documents\GitHub-Data\sdv-dev\cfbfastR-dev\cfbfastR-cfb-raw\python\scrape_cfb_json.py", line 42, in _rosters
    return sdv.cfb.espn_cfb_game_rosters(
           ^^^^^^^^^^^^^^^^^^^^^^^^^^^^^^
  File "C:\Users\saiem\Documents\GitHub-Data\sdv-dev\cfbfastR-dev\cfbfastR-cfb-raw\.venv\Lib\site-packages\sportsdataverse\cfb\cfb_game_rosters.py", line 67, in espn_cfb_game_rosters
    team_rosters = team_rosters.join(items[["team_id", "order", "home_away", "winner"]], how="left", on="team_id")
                                     ~~~~~^^^^^^^^^^^^^^^^^^^^^^^^^^^^^^^^^^^^^^^^^^^^^
  File "C:\Users\saiem\Documents\GitHub-Data\sdv-dev\cfbfastR-dev\cfbfastR-cfb-raw\.venv\Lib\site-packages\polars\dataframe\frame.py", line 1441, in __getitem__
    return get_df_item_by_key(self, key)
           ^^^^^^^^^^^^^^^^^^^^^^^^^^^^^
  File "C:\Users\saiem\Documents\GitHub-Data\sdv-dev\cfbfastR-dev\cfbfastR-cfb-raw\.venv\Lib\site-packages\polars\_utils\getitem.py", line 169, in get_df_item_by_key
    return _select_columns(df, key)
           ^^^^^^^^^^^^^^^^^^^^^^^^
  File "C:\Users\saiem\Documents\GitHub-Data\sdv-dev\cfbfastR-dev\cfbfastR-cfb-raw\.venv\Lib\site-packages\polars\_utils\getitem.py", line 217, in _select_columns
    return _select_columns_by_name(df, key)  # type: ignore[arg-type]
           ^^^^^^^^^^^^^^^^^^^^^^^^^^^^^^^^
  File "C:\Users\saiem\Documents\GitHub-Data\sdv-dev\cfbfastR-dev\cfbfastR-cfb-raw\.venv\Lib\site-packages\polars\_utils\getitem.py", line 269, in _select_columns_by_name
    return df._from_pydf(df._df.select(list(key)))
                         ^^^^^^^^^^^^^^^^^^^^^^^^
polars.exceptions.ColumnNotFoundError: "winner" not found
2026-06-17 11:48:25,360 ERROR extra fetch failed: _rosters(401249039,)
Traceback (most recent call last):
  File "C:\Users\saiem\Documents\GitHub-Data\sdv-dev\cfbfastR-dev\cfbfastR-cfb-raw\.venv\Lib\site-packages\polars\_utils\construction\series.py", line 355, in _construct_series_with_fallbacks
    return constructor(name, values, strict)
           ^^^^^^^^^^^^^^^^^^^^^^^^^^^^^^^^^
TypeError: 'str' object cannot be interpreted as an integer

During handling of the above exception, another exception occurred:

Traceback (most recent call last):
  File "C:\Users\saiem\Documents\GitHub-Data\sdv-dev\cfbfastR-dev\cfbfastR-cfb-raw\.venv\Lib\site-packages\polars\_utils\getitem.py", line 167, in get_df_item_by_key
    return _select_rows(df, key)  # type: ignore[arg-type]
           ^^^^^^^^^^^^^^^^^^^^^
  File "C:\Users\saiem\Documents\GitHub-Data\sdv-dev\cfbfastR-dev\cfbfastR-cfb-raw\.venv\Lib\site-packages\polars\_utils\getitem.py", line 314, in _select_rows
    s = pl.Series("", key, dtype=Int64)
        ^^^^^^^^^^^^^^^^^^^^^^^^^^^^^^^
  File "C:\Users\saiem\Documents\GitHub-Data\sdv-dev\cfbfastR-dev\cfbfastR-cfb-raw\.venv\Lib\site-packages\polars\series\series.py", line 296, in __init__
    self._s = sequence_to_pyseries(
              ^^^^^^^^^^^^^^^^^^^^^
  File "C:\Users\saiem\Documents\GitHub-Data\sdv-dev\cfbfastR-dev\cfbfastR-cfb-raw\.venv\Lib\site-packages\polars\_utils\construction\series.py", line 164, in sequence_to_pyseries
    pyseries = _construct_series_with_fallbacks(
               ^^^^^^^^^^^^^^^^^^^^^^^^^^^^^^^^^
  File "C:\Users\saiem\Documents\GitHub-Data\sdv-dev\cfbfastR-dev\cfbfastR-cfb-raw\.venv\Lib\site-packages\polars\_utils\construction\series.py", line 370, in _construct_series_with_fallbacks
    return PySeries.new_from_any_values_and_dtype(
           ^^^^^^^^^^^^^^^^^^^^^^^^^^^^^^^^^^^^^^^
TypeError: unexpected value while building Series of type Int64; found value of type String: "team_id"

Hint: Try setting `strict=False` to allow passing data with mixed types.

During handling of the above exception, another exception occurred:

Traceback (most recent call last):
  File "C:\Users\saiem\Documents\GitHub-Data\sdv-dev\cfbfastR-dev\cfbfastR-cfb-raw\python\_cfb_raw_utils.py", line 106, in _safe
    return fn(*args, **kwargs)
           ^^^^^^^^^^^^^^^^^^^
  File "C:\Users\saiem\Documents\GitHub-Data\sdv-dev\cfbfastR-dev\cfbfastR-cfb-raw\python\scrape_cfb_json.py", line 42, in _rosters
    return sdv.cfb.espn_cfb_game_rosters(
           ^^^^^^^^^^^^^^^^^^^^^^^^^^^^^^
  File "C:\Users\saiem\Documents\GitHub-Data\sdv-dev\cfbfastR-dev\cfbfastR-cfb-raw\.venv\Lib\site-packages\sportsdataverse\cfb\cfb_game_rosters.py", line 67, in espn_cfb_game_rosters
    team_rosters = team_rosters.join(items[["team_id", "order", "home_away", "winner"]], how="left", on="team_id")
                                     ~~~~~^^^^^^^^^^^^^^^^^^^^^^^^^^^^^^^^^^^^^^^^^^^^^
  File "C:\Users\saiem\Documents\GitHub-Data\sdv-dev\cfbfastR-dev\cfbfastR-cfb-raw\.venv\Lib\site-packages\polars\dataframe\frame.py", line 1441, in __getitem__
    return get_df_item_by_key(self, key)
           ^^^^^^^^^^^^^^^^^^^^^^^^^^^^^
  File "C:\Users\saiem\Documents\GitHub-Data\sdv-dev\cfbfastR-dev\cfbfastR-cfb-raw\.venv\Lib\site-packages\polars\_utils\getitem.py", line 169, in get_df_item_by_key
    return _select_columns(df, key)
           ^^^^^^^^^^^^^^^^^^^^^^^^
  File "C:\Users\saiem\Documents\GitHub-Data\sdv-dev\cfbfastR-dev\cfbfastR-cfb-raw\.venv\Lib\site-packages\polars\_utils\getitem.py", line 217, in _select_columns
    return _select_columns_by_name(df, key)  # type: ignore[arg-type]
           ^^^^^^^^^^^^^^^^^^^^^^^^^^^^^^^^
  File "C:\Users\saiem\Documents\GitHub-Data\sdv-dev\cfbfastR-dev\cfbfastR-cfb-raw\.venv\Lib\site-packages\polars\_utils\getitem.py", line 269, in _select_columns_by_name
    return df._from_pydf(df._df.select(list(key)))
                         ^^^^^^^^^^^^^^^^^^^^^^^^
polars.exceptions.ColumnNotFoundError: "winner" not found
ERROR:cfb_json_2020:extra fetch failed: _rosters(401249039,)
Traceback (most recent call last):
  File "C:\Users\saiem\Documents\GitHub-Data\sdv-dev\cfbfastR-dev\cfbfastR-cfb-raw\.venv\Lib\site-packages\polars\_utils\construction\series.py", line 355, in _construct_series_with_fallbacks
    return constructor(name, values, strict)
           ^^^^^^^^^^^^^^^^^^^^^^^^^^^^^^^^^
TypeError: 'str' object cannot be interpreted as an integer

During handling of the above exception, another exception occurred:

Traceback (most recent call last):
  File "C:\Users\saiem\Documents\GitHub-Data\sdv-dev\cfbfastR-dev\cfbfastR-cfb-raw\.venv\Lib\site-packages\polars\_utils\getitem.py", line 167, in get_df_item_by_key
    return _select_rows(df, key)  # type: ignore[arg-type]
           ^^^^^^^^^^^^^^^^^^^^^
  File "C:\Users\saiem\Documents\GitHub-Data\sdv-dev\cfbfastR-dev\cfbfastR-cfb-raw\.venv\Lib\site-packages\polars\_utils\getitem.py", line 314, in _select_rows
    s = pl.Series("", key, dtype=Int64)
        ^^^^^^^^^^^^^^^^^^^^^^^^^^^^^^^
  File "C:\Users\saiem\Documents\GitHub-Data\sdv-dev\cfbfastR-dev\cfbfastR-cfb-raw\.venv\Lib\site-packages\polars\series\series.py", line 296, in __init__
    self._s = sequence_to_pyseries(
              ^^^^^^^^^^^^^^^^^^^^^
  File "C:\Users\saiem\Documents\GitHub-Data\sdv-dev\cfbfastR-dev\cfbfastR-cfb-raw\.venv\Lib\site-packages\polars\_utils\construction\series.py", line 164, in sequence_to_pyseries
    pyseries = _construct_series_with_fallbacks(
               ^^^^^^^^^^^^^^^^^^^^^^^^^^^^^^^^^
  File "C:\Users\saiem\Documents\GitHub-Data\sdv-dev\cfbfastR-dev\cfbfastR-cfb-raw\.venv\Lib\site-packages\polars\_utils\construction\series.py", line 370, in _construct_series_with_fallbacks
    return PySeries.new_from_any_values_and_dtype(
           ^^^^^^^^^^^^^^^^^^^^^^^^^^^^^^^^^^^^^^^
TypeError: unexpected value while building Series of type Int64; found value of type String: "team_id"

Hint: Try setting `strict=False` to allow passing data with mixed types.

During handling of the above exception, another exception occurred:

Traceback (most recent call last):
  File "C:\Users\saiem\Documents\GitHub-Data\sdv-dev\cfbfastR-dev\cfbfastR-cfb-raw\python\_cfb_raw_utils.py", line 106, in _safe
    return fn(*args, **kwargs)
           ^^^^^^^^^^^^^^^^^^^
  File "C:\Users\saiem\Documents\GitHub-Data\sdv-dev\cfbfastR-dev\cfbfastR-cfb-raw\python\scrape_cfb_json.py", line 42, in _rosters
    return sdv.cfb.espn_cfb_game_rosters(
           ^^^^^^^^^^^^^^^^^^^^^^^^^^^^^^
  File "C:\Users\saiem\Documents\GitHub-Data\sdv-dev\cfbfastR-dev\cfbfastR-cfb-raw\.venv\Lib\site-packages\sportsdataverse\cfb\cfb_game_rosters.py", line 67, in espn_cfb_game_rosters
    team_rosters = team_rosters.join(items[["team_id", "order", "home_away", "winner"]], how="left", on="team_id")
                                     ~~~~~^^^^^^^^^^^^^^^^^^^^^^^^^^^^^^^^^^^^^^^^^^^^^
  File "C:\Users\saiem\Documents\GitHub-Data\sdv-dev\cfbfastR-dev\cfbfastR-cfb-raw\.venv\Lib\site-packages\polars\dataframe\frame.py", line 1441, in __getitem__
    return get_df_item_by_key(self, key)
           ^^^^^^^^^^^^^^^^^^^^^^^^^^^^^
  File "C:\Users\saiem\Documents\GitHub-Data\sdv-dev\cfbfastR-dev\cfbfastR-cfb-raw\.venv\Lib\site-packages\polars\_utils\getitem.py", line 169, in get_df_item_by_key
    return _select_columns(df, key)
           ^^^^^^^^^^^^^^^^^^^^^^^^
  File "C:\Users\saiem\Documents\GitHub-Data\sdv-dev\cfbfastR-dev\cfbfastR-cfb-raw\.venv\Lib\site-packages\polars\_utils\getitem.py", line 217, in _select_columns
    return _select_columns_by_name(df, key)  # type: ignore[arg-type]
           ^^^^^^^^^^^^^^^^^^^^^^^^^^^^^^^^
  File "C:\Users\saiem\Documents\GitHub-Data\sdv-dev\cfbfastR-dev\cfbfastR-cfb-raw\.venv\Lib\site-packages\polars\_utils\getitem.py", line 269, in _select_columns_by_name
    return df._from_pydf(df._df.select(list(key)))
                         ^^^^^^^^^^^^^^^^^^^^^^^^
polars.exceptions.ColumnNotFoundError: "winner" not found
2026-06-17 11:48:25,465 ERROR extra fetch failed: _rosters(401240218,)
Traceback (most recent call last):
  File "C:\Users\saiem\Documents\GitHub-Data\sdv-dev\cfbfastR-dev\cfbfastR-cfb-raw\python\_cfb_raw_utils.py", line 106, in _safe
    return fn(*args, **kwargs)
           ^^^^^^^^^^^^^^^^^^^
  File "C:\Users\saiem\Documents\GitHub-Data\sdv-dev\cfbfastR-dev\cfbfastR-cfb-raw\python\scrape_cfb_json.py", line 42, in _rosters
    return sdv.cfb.espn_cfb_game_rosters(
           ^^^^^^^^^^^^^^^^^^^^^^^^^^^^^^
  File "C:\Users\saiem\Documents\GitHub-Data\sdv-dev\cfbfastR-dev\cfbfastR-cfb-raw\.venv\Lib\site-packages\sportsdataverse\cfb\cfb_game_rosters.py", line 66, in espn_cfb_game_rosters
    team_rosters = helper_cfb_roster_items(items=items, summary_url=summary_url, **kwargs)
                   ^^^^^^^^^^^^^^^^^^^^^^^^^^^^^^^^^^^^^^^^^^^^^^^^^^^^^^^^^^^^^^^^^^^^^^^
  File "C:\Users\saiem\Documents\GitHub-Data\sdv-dev\cfbfastR-dev\cfbfastR-cfb-raw\.venv\Lib\site-packages\sportsdataverse\cfb\cfb_game_rosters.py", line 209, in helper_cfb_roster_items
    raise NoESPNDataError(f"NoESPNDataError: No roster data found for any team at {summary_url}")
sportsdataverse.errors.NoESPNDataError: NoESPNDataError: No roster data found for any team at https://sports.core.api.espn.com/v2/sports/football/leagues/college-football/events/401240218/competitions/401240218/competitors
ERROR:cfb_json_2020:extra fetch failed: _rosters(401240218,)
Traceback (most recent call last):
  File "C:\Users\saiem\Documents\GitHub-Data\sdv-dev\cfbfastR-dev\cfbfastR-cfb-raw\python\_cfb_raw_utils.py", line 106, in _safe
    return fn(*args, **kwargs)
           ^^^^^^^^^^^^^^^^^^^
  File "C:\Users\saiem\Documents\GitHub-Data\sdv-dev\cfbfastR-dev\cfbfastR-cfb-raw\python\scrape_cfb_json.py", line 42, in _rosters
    return sdv.cfb.espn_cfb_game_rosters(
           ^^^^^^^^^^^^^^^^^^^^^^^^^^^^^^
  File "C:\Users\saiem\Documents\GitHub-Data\sdv-dev\cfbfastR-dev\cfbfastR-cfb-raw\.venv\Lib\site-packages\sportsdataverse\cfb\cfb_game_rosters.py", line 66, in espn_cfb_game_rosters
    team_rosters = helper_cfb_roster_items(items=items, summary_url=summary_url, **kwargs)
                   ^^^^^^^^^^^^^^^^^^^^^^^^^^^^^^^^^^^^^^^^^^^^^^^^^^^^^^^^^^^^^^^^^^^^^^^
  File "C:\Users\saiem\Documents\GitHub-Data\sdv-dev\cfbfastR-dev\cfbfastR-cfb-raw\.venv\Lib\site-packages\sportsdataverse\cfb\cfb_game_rosters.py", line 209, in helper_cfb_roster_items
    raise NoESPNDataError(f"NoESPNDataError: No roster data found for any team at {summary_url}")
sportsdataverse.errors.NoESPNDataError: NoESPNDataError: No roster data found for any team at https://sports.core.api.espn.com/v2/sports/football/leagues/college-football/events/401240218/competitions/401240218/competitors
cfb 2020:  80%|########  | 108/135 [00:22<00:05,  5.07it/s]2026-06-17 11:48:25,769 ERROR extra fetch failed: _rosters(401269383,)
Traceback (most recent call last):
  File "C:\Users\saiem\Documents\GitHub-Data\sdv-dev\cfbfastR-dev\cfbfastR-cfb-raw\python\_cfb_raw_utils.py", line 106, in _safe
    return fn(*args, **kwargs)
           ^^^^^^^^^^^^^^^^^^^
  File "C:\Users\saiem\Documents\GitHub-Data\sdv-dev\cfbfastR-dev\cfbfastR-cfb-raw\python\scrape_cfb_json.py", line 42, in _rosters
    return sdv.cfb.espn_cfb_game_rosters(
           ^^^^^^^^^^^^^^^^^^^^^^^^^^^^^^
  File "C:\Users\saiem\Documents\GitHub-Data\sdv-dev\cfbfastR-dev\cfbfastR-cfb-raw\.venv\Lib\site-packages\sportsdataverse\cfb\cfb_game_rosters.py", line 66, in espn_cfb_game_rosters
    team_rosters = helper_cfb_roster_items(items=items, summary_url=summary_url, **kwargs)
                   ^^^^^^^^^^^^^^^^^^^^^^^^^^^^^^^^^^^^^^^^^^^^^^^^^^^^^^^^^^^^^^^^^^^^^^^
  File "C:\Users\saiem\Documents\GitHub-Data\sdv-dev\cfbfastR-dev\cfbfastR-cfb-raw\.venv\Lib\site-packages\sportsdataverse\cfb\cfb_game_rosters.py", line 209, in helper_cfb_roster_items
    raise NoESPNDataError(f"NoESPNDataError: No roster data found for any team at {summary_url}")
sportsdataverse.errors.NoESPNDataError: NoESPNDataError: No roster data found for any team at https://sports.core.api.espn.com/v2/sports/football/leagues/college-football/events/401269383/competitions/401269383/competitors
ERROR:cfb_json_2020:extra fetch failed: _rosters(401269383,)
Traceback (most recent call last):
  File "C:\Users\saiem\Documents\GitHub-Data\sdv-dev\cfbfastR-dev\cfbfastR-cfb-raw\python\_cfb_raw_utils.py", line 106, in _safe
    return fn(*args, **kwargs)
           ^^^^^^^^^^^^^^^^^^^
  File "C:\Users\saiem\Documents\GitHub-Data\sdv-dev\cfbfastR-dev\cfbfastR-cfb-raw\python\scrape_cfb_json.py", line 42, in _rosters
    return sdv.cfb.espn_cfb_game_rosters(
           ^^^^^^^^^^^^^^^^^^^^^^^^^^^^^^
  File "C:\Users\saiem\Documents\GitHub-Data\sdv-dev\cfbfastR-dev\cfbfastR-cfb-raw\.venv\Lib\site-packages\sportsdataverse\cfb\cfb_game_rosters.py", line 66, in espn_cfb_game_rosters
    team_rosters = helper_cfb_roster_items(items=items, summary_url=summary_url, **kwargs)
                   ^^^^^^^^^^^^^^^^^^^^^^^^^^^^^^^^^^^^^^^^^^^^^^^^^^^^^^^^^^^^^^^^^^^^^^^
  File "C:\Users\saiem\Documents\GitHub-Data\sdv-dev\cfbfastR-dev\cfbfastR-cfb-raw\.venv\Lib\site-packages\sportsdataverse\cfb\cfb_game_rosters.py", line 209, in helper_cfb_roster_items
    raise NoESPNDataError(f"NoESPNDataError: No roster data found for any team at {summary_url}")
sportsdataverse.errors.NoESPNDataError: NoESPNDataError: No roster data found for any team at https://sports.core.api.espn.com/v2/sports/football/leagues/college-football/events/401269383/competitions/401269383/competitors
cfb 2020:  82%|########2 | 111/135 [00:22<00:04,  5.83it/s]2026-06-17 11:48:26,050 ERROR extra fetch failed: _rosters(401262394,)
Traceback (most recent call last):
  File "C:\Users\saiem\Documents\GitHub-Data\sdv-dev\cfbfastR-dev\cfbfastR-cfb-raw\python\_cfb_raw_utils.py", line 106, in _safe
    return fn(*args, **kwargs)
           ^^^^^^^^^^^^^^^^^^^
  File "C:\Users\saiem\Documents\GitHub-Data\sdv-dev\cfbfastR-dev\cfbfastR-cfb-raw\python\scrape_cfb_json.py", line 42, in _rosters
    return sdv.cfb.espn_cfb_game_rosters(
           ^^^^^^^^^^^^^^^^^^^^^^^^^^^^^^
  File "C:\Users\saiem\Documents\GitHub-Data\sdv-dev\cfbfastR-dev\cfbfastR-cfb-raw\.venv\Lib\site-packages\sportsdataverse\cfb\cfb_game_rosters.py", line 66, in espn_cfb_game_rosters
    team_rosters = helper_cfb_roster_items(items=items, summary_url=summary_url, **kwargs)
                   ^^^^^^^^^^^^^^^^^^^^^^^^^^^^^^^^^^^^^^^^^^^^^^^^^^^^^^^^^^^^^^^^^^^^^^^
  File "C:\Users\saiem\Documents\GitHub-Data\sdv-dev\cfbfastR-dev\cfbfastR-cfb-raw\.venv\Lib\site-packages\sportsdataverse\cfb\cfb_game_rosters.py", line 209, in helper_cfb_roster_items
    raise NoESPNDataError(f"NoESPNDataError: No roster data found for any team at {summary_url}")
sportsdataverse.errors.NoESPNDataError: NoESPNDataError: No roster data found for any team at https://sports.core.api.espn.com/v2/sports/football/leagues/college-football/events/401262394/competitions/401262394/competitors
ERROR:cfb_json_2020:extra fetch failed: _rosters(401262394,)
Traceback (most recent call last):
  File "C:\Users\saiem\Documents\GitHub-Data\sdv-dev\cfbfastR-dev\cfbfastR-cfb-raw\python\_cfb_raw_utils.py", line 106, in _safe
    return fn(*args, **kwargs)
           ^^^^^^^^^^^^^^^^^^^
  File "C:\Users\saiem\Documents\GitHub-Data\sdv-dev\cfbfastR-dev\cfbfastR-cfb-raw\python\scrape_cfb_json.py", line 42, in _rosters
    return sdv.cfb.espn_cfb_game_rosters(
           ^^^^^^^^^^^^^^^^^^^^^^^^^^^^^^
  File "C:\Users\saiem\Documents\GitHub-Data\sdv-dev\cfbfastR-dev\cfbfastR-cfb-raw\.venv\Lib\site-packages\sportsdataverse\cfb\cfb_game_rosters.py", line 66, in espn_cfb_game_rosters
    team_rosters = helper_cfb_roster_items(items=items, summary_url=summary_url, **kwargs)
                   ^^^^^^^^^^^^^^^^^^^^^^^^^^^^^^^^^^^^^^^^^^^^^^^^^^^^^^^^^^^^^^^^^^^^^^^
  File "C:\Users\saiem\Documents\GitHub-Data\sdv-dev\cfbfastR-dev\cfbfastR-cfb-raw\.venv\Lib\site-packages\sportsdataverse\cfb\cfb_game_rosters.py", line 209, in helper_cfb_roster_items
    raise NoESPNDataError(f"NoESPNDataError: No roster data found for any team at {summary_url}")
sportsdataverse.errors.NoESPNDataError: NoESPNDataError: No roster data found for any team at https://sports.core.api.espn.com/v2/sports/football/leagues/college-football/events/401262394/competitions/401262394/competitors
2026-06-17 11:48:26,144 ERROR extra fetch failed: _rosters(401269379,)
Traceback (most recent call last):
  File "C:\Users\saiem\Documents\GitHub-Data\sdv-dev\cfbfastR-dev\cfbfastR-cfb-raw\python\_cfb_raw_utils.py", line 106, in _safe
    return fn(*args, **kwargs)
           ^^^^^^^^^^^^^^^^^^^
  File "C:\Users\saiem\Documents\GitHub-Data\sdv-dev\cfbfastR-dev\cfbfastR-cfb-raw\python\scrape_cfb_json.py", line 42, in _rosters
    return sdv.cfb.espn_cfb_game_rosters(
           ^^^^^^^^^^^^^^^^^^^^^^^^^^^^^^
  File "C:\Users\saiem\Documents\GitHub-Data\sdv-dev\cfbfastR-dev\cfbfastR-cfb-raw\.venv\Lib\site-packages\sportsdataverse\cfb\cfb_game_rosters.py", line 66, in espn_cfb_game_rosters
    team_rosters = helper_cfb_roster_items(items=items, summary_url=summary_url, **kwargs)
                   ^^^^^^^^^^^^^^^^^^^^^^^^^^^^^^^^^^^^^^^^^^^^^^^^^^^^^^^^^^^^^^^^^^^^^^^
  File "C:\Users\saiem\Documents\GitHub-Data\sdv-dev\cfbfastR-dev\cfbfastR-cfb-raw\.venv\Lib\site-packages\sportsdataverse\cfb\cfb_game_rosters.py", line 209, in helper_cfb_roster_items
    raise NoESPNDataError(f"NoESPNDataError: No roster data found for any team at {summary_url}")
sportsdataverse.errors.NoESPNDataError: NoESPNDataError: No roster data found for any team at https://sports.core.api.espn.com/v2/sports/football/leagues/college-football/events/401269379/competitions/401269379/competitors
ERROR:cfb_json_2020:extra fetch failed: _rosters(401269379,)
Traceback (most recent call last):
  File "C:\Users\saiem\Documents\GitHub-Data\sdv-dev\cfbfastR-dev\cfbfastR-cfb-raw\python\_cfb_raw_utils.py", line 106, in _safe
    return fn(*args, **kwargs)
           ^^^^^^^^^^^^^^^^^^^
  File "C:\Users\saiem\Documents\GitHub-Data\sdv-dev\cfbfastR-dev\cfbfastR-cfb-raw\python\scrape_cfb_json.py", line 42, in _rosters
    return sdv.cfb.espn_cfb_game_rosters(
           ^^^^^^^^^^^^^^^^^^^^^^^^^^^^^^
  File "C:\Users\saiem\Documents\GitHub-Data\sdv-dev\cfbfastR-dev\cfbfastR-cfb-raw\.venv\Lib\site-packages\sportsdataverse\cfb\cfb_game_rosters.py", line 66, in espn_cfb_game_rosters
    team_rosters = helper_cfb_roster_items(items=items, summary_url=summary_url, **kwargs)
                   ^^^^^^^^^^^^^^^^^^^^^^^^^^^^^^^^^^^^^^^^^^^^^^^^^^^^^^^^^^^^^^^^^^^^^^^
  File "C:\Users\saiem\Documents\GitHub-Data\sdv-dev\cfbfastR-dev\cfbfastR-cfb-raw\.venv\Lib\site-packages\sportsdataverse\cfb\cfb_game_rosters.py", line 209, in helper_cfb_roster_items
    raise NoESPNDataError(f"NoESPNDataError: No roster data found for any team at {summary_url}")
sportsdataverse.errors.NoESPNDataError: NoESPNDataError: No roster data found for any team at https://sports.core.api.espn.com/v2/sports/football/leagues/college-football/events/401269379/competitions/401269379/competitors
2026-06-17 11:48:26,147 ERROR extra fetch failed: _rosters(401267167,)
Traceback (most recent call last):
  File "C:\Users\saiem\Documents\GitHub-Data\sdv-dev\cfbfastR-dev\cfbfastR-cfb-raw\.venv\Lib\site-packages\polars\_utils\construction\series.py", line 355, in _construct_series_with_fallbacks
    return constructor(name, values, strict)
           ^^^^^^^^^^^^^^^^^^^^^^^^^^^^^^^^^
TypeError: 'str' object cannot be interpreted as an integer

During handling of the above exception, another exception occurred:

Traceback (most recent call last):
  File "C:\Users\saiem\Documents\GitHub-Data\sdv-dev\cfbfastR-dev\cfbfastR-cfb-raw\.venv\Lib\site-packages\polars\_utils\getitem.py", line 167, in get_df_item_by_key
    return _select_rows(df, key)  # type: ignore[arg-type]
           ^^^^^^^^^^^^^^^^^^^^^
  File "C:\Users\saiem\Documents\GitHub-Data\sdv-dev\cfbfastR-dev\cfbfastR-cfb-raw\.venv\Lib\site-packages\polars\_utils\getitem.py", line 314, in _select_rows
    s = pl.Series("", key, dtype=Int64)
        ^^^^^^^^^^^^^^^^^^^^^^^^^^^^^^^
  File "C:\Users\saiem\Documents\GitHub-Data\sdv-dev\cfbfastR-dev\cfbfastR-cfb-raw\.venv\Lib\site-packages\polars\series\series.py", line 296, in __init__
    self._s = sequence_to_pyseries(
              ^^^^^^^^^^^^^^^^^^^^^
  File "C:\Users\saiem\Documents\GitHub-Data\sdv-dev\cfbfastR-dev\cfbfastR-cfb-raw\.venv\Lib\site-packages\polars\_utils\construction\series.py", line 164, in sequence_to_pyseries
    pyseries = _construct_series_with_fallbacks(
               ^^^^^^^^^^^^^^^^^^^^^^^^^^^^^^^^^
  File "C:\Users\saiem\Documents\GitHub-Data\sdv-dev\cfbfastR-dev\cfbfastR-cfb-raw\.venv\Lib\site-packages\polars\_utils\construction\series.py", line 370, in _construct_series_with_fallbacks
    return PySeries.new_from_any_values_and_dtype(
           ^^^^^^^^^^^^^^^^^^^^^^^^^^^^^^^^^^^^^^^
TypeError: unexpected value while building Series of type Int64; found value of type String: "team_id"

Hint: Try setting `strict=False` to allow passing data with mixed types.

During handling of the above exception, another exception occurred:

Traceback (most recent call last):
  File "C:\Users\saiem\Documents\GitHub-Data\sdv-dev\cfbfastR-dev\cfbfastR-cfb-raw\python\_cfb_raw_utils.py", line 106, in _safe
    return fn(*args, **kwargs)
           ^^^^^^^^^^^^^^^^^^^
  File "C:\Users\saiem\Documents\GitHub-Data\sdv-dev\cfbfastR-dev\cfbfastR-cfb-raw\python\scrape_cfb_json.py", line 42, in _rosters
    return sdv.cfb.espn_cfb_game_rosters(
           ^^^^^^^^^^^^^^^^^^^^^^^^^^^^^^
  File "C:\Users\saiem\Documents\GitHub-Data\sdv-dev\cfbfastR-dev\cfbfastR-cfb-raw\.venv\Lib\site-packages\sportsdataverse\cfb\cfb_game_rosters.py", line 67, in espn_cfb_game_rosters
    team_rosters = team_rosters.join(items[["team_id", "order", "home_away", "winner"]], how="left", on="team_id")
                                     ~~~~~^^^^^^^^^^^^^^^^^^^^^^^^^^^^^^^^^^^^^^^^^^^^^
  File "C:\Users\saiem\Documents\GitHub-Data\sdv-dev\cfbfastR-dev\cfbfastR-cfb-raw\.venv\Lib\site-packages\polars\dataframe\frame.py", line 1441, in __getitem__
    return get_df_item_by_key(self, key)
           ^^^^^^^^^^^^^^^^^^^^^^^^^^^^^
  File "C:\Users\saiem\Documents\GitHub-Data\sdv-dev\cfbfastR-dev\cfbfastR-cfb-raw\.venv\Lib\site-packages\polars\_utils\getitem.py", line 169, in get_df_item_by_key
    return _select_columns(df, key)
           ^^^^^^^^^^^^^^^^^^^^^^^^
  File "C:\Users\saiem\Documents\GitHub-Data\sdv-dev\cfbfastR-dev\cfbfastR-cfb-raw\.venv\Lib\site-packages\polars\_utils\getitem.py", line 217, in _select_columns
    return _select_columns_by_name(df, key)  # type: ignore[arg-type]
           ^^^^^^^^^^^^^^^^^^^^^^^^^^^^^^^^
  File "C:\Users\saiem\Documents\GitHub-Data\sdv-dev\cfbfastR-dev\cfbfastR-cfb-raw\.venv\Lib\site-packages\polars\_utils\getitem.py", line 269, in _select_columns_by_name
    return df._from_pydf(df._df.select(list(key)))
                         ^^^^^^^^^^^^^^^^^^^^^^^^
polars.exceptions.ColumnNotFoundError: "winner" not found
ERROR:cfb_json_2020:extra fetch failed: _rosters(401267167,)
Traceback (most recent call last):
  File "C:\Users\saiem\Documents\GitHub-Data\sdv-dev\cfbfastR-dev\cfbfastR-cfb-raw\.venv\Lib\site-packages\polars\_utils\construction\series.py", line 355, in _construct_series_with_fallbacks
    return constructor(name, values, strict)
           ^^^^^^^^^^^^^^^^^^^^^^^^^^^^^^^^^
TypeError: 'str' object cannot be interpreted as an integer

During handling of the above exception, another exception occurred:

Traceback (most recent call last):
  File "C:\Users\saiem\Documents\GitHub-Data\sdv-dev\cfbfastR-dev\cfbfastR-cfb-raw\.venv\Lib\site-packages\polars\_utils\getitem.py", line 167, in get_df_item_by_key
    return _select_rows(df, key)  # type: ignore[arg-type]
           ^^^^^^^^^^^^^^^^^^^^^
  File "C:\Users\saiem\Documents\GitHub-Data\sdv-dev\cfbfastR-dev\cfbfastR-cfb-raw\.venv\Lib\site-packages\polars\_utils\getitem.py", line 314, in _select_rows
    s = pl.Series("", key, dtype=Int64)
        ^^^^^^^^^^^^^^^^^^^^^^^^^^^^^^^
  File "C:\Users\saiem\Documents\GitHub-Data\sdv-dev\cfbfastR-dev\cfbfastR-cfb-raw\.venv\Lib\site-packages\polars\series\series.py", line 296, in __init__
    self._s = sequence_to_pyseries(
              ^^^^^^^^^^^^^^^^^^^^^
  File "C:\Users\saiem\Documents\GitHub-Data\sdv-dev\cfbfastR-dev\cfbfastR-cfb-raw\.venv\Lib\site-packages\polars\_utils\construction\series.py", line 164, in sequence_to_pyseries
    pyseries = _construct_series_with_fallbacks(
               ^^^^^^^^^^^^^^^^^^^^^^^^^^^^^^^^^
  File "C:\Users\saiem\Documents\GitHub-Data\sdv-dev\cfbfastR-dev\cfbfastR-cfb-raw\.venv\Lib\site-packages\polars\_utils\construction\series.py", line 370, in _construct_series_with_fallbacks
    return PySeries.new_from_any_values_and_dtype(
           ^^^^^^^^^^^^^^^^^^^^^^^^^^^^^^^^^^^^^^^
TypeError: unexpected value while building Series of type Int64; found value of type String: "team_id"

Hint: Try setting `strict=False` to allow passing data with mixed types.

During handling of the above exception, another exception occurred:

Traceback (most recent call last):
  File "C:\Users\saiem\Documents\GitHub-Data\sdv-dev\cfbfastR-dev\cfbfastR-cfb-raw\python\_cfb_raw_utils.py", line 106, in _safe
    return fn(*args, **kwargs)
           ^^^^^^^^^^^^^^^^^^^
  File "C:\Users\saiem\Documents\GitHub-Data\sdv-dev\cfbfastR-dev\cfbfastR-cfb-raw\python\scrape_cfb_json.py", line 42, in _rosters
    return sdv.cfb.espn_cfb_game_rosters(
           ^^^^^^^^^^^^^^^^^^^^^^^^^^^^^^
  File "C:\Users\saiem\Documents\GitHub-Data\sdv-dev\cfbfastR-dev\cfbfastR-cfb-raw\.venv\Lib\site-packages\sportsdataverse\cfb\cfb_game_rosters.py", line 67, in espn_cfb_game_rosters
    team_rosters = team_rosters.join(items[["team_id", "order", "home_away", "winner"]], how="left", on="team_id")
                                     ~~~~~^^^^^^^^^^^^^^^^^^^^^^^^^^^^^^^^^^^^^^^^^^^^^
  File "C:\Users\saiem\Documents\GitHub-Data\sdv-dev\cfbfastR-dev\cfbfastR-cfb-raw\.venv\Lib\site-packages\polars\dataframe\frame.py", line 1441, in __getitem__
    return get_df_item_by_key(self, key)
           ^^^^^^^^^^^^^^^^^^^^^^^^^^^^^
  File "C:\Users\saiem\Documents\GitHub-Data\sdv-dev\cfbfastR-dev\cfbfastR-cfb-raw\.venv\Lib\site-packages\polars\_utils\getitem.py", line 169, in get_df_item_by_key
    return _select_columns(df, key)
           ^^^^^^^^^^^^^^^^^^^^^^^^
  File "C:\Users\saiem\Documents\GitHub-Data\sdv-dev\cfbfastR-dev\cfbfastR-cfb-raw\.venv\Lib\site-packages\polars\_utils\getitem.py", line 217, in _select_columns
    return _select_columns_by_name(df, key)  # type: ignore[arg-type]
           ^^^^^^^^^^^^^^^^^^^^^^^^^^^^^^^^
  File "C:\Users\saiem\Documents\GitHub-Data\sdv-dev\cfbfastR-dev\cfbfastR-cfb-raw\.venv\Lib\site-packages\polars\_utils\getitem.py", line 269, in _select_columns_by_name
    return df._from_pydf(df._df.select(list(key)))
                         ^^^^^^^^^^^^^^^^^^^^^^^^
polars.exceptions.ColumnNotFoundError: "winner" not found
cfb 2020:  83%|########2 | 112/135 [00:23<00:04,  5.45it/s]cfb 2020:  84%|########3 | 113/135 [00:23<00:03,  5.82it/s]2026-06-17 11:48:26,521 ERROR extra fetch failed: _rosters(401240102,)
Traceback (most recent call last):
  File "C:\Users\saiem\Documents\GitHub-Data\sdv-dev\cfbfastR-dev\cfbfastR-cfb-raw\python\_cfb_raw_utils.py", line 106, in _safe
    return fn(*args, **kwargs)
           ^^^^^^^^^^^^^^^^^^^
  File "C:\Users\saiem\Documents\GitHub-Data\sdv-dev\cfbfastR-dev\cfbfastR-cfb-raw\python\scrape_cfb_json.py", line 42, in _rosters
    return sdv.cfb.espn_cfb_game_rosters(
           ^^^^^^^^^^^^^^^^^^^^^^^^^^^^^^
  File "C:\Users\saiem\Documents\GitHub-Data\sdv-dev\cfbfastR-dev\cfbfastR-cfb-raw\.venv\Lib\site-packages\sportsdataverse\cfb\cfb_game_rosters.py", line 66, in espn_cfb_game_rosters
    team_rosters = helper_cfb_roster_items(items=items, summary_url=summary_url, **kwargs)
                   ^^^^^^^^^^^^^^^^^^^^^^^^^^^^^^^^^^^^^^^^^^^^^^^^^^^^^^^^^^^^^^^^^^^^^^^
  File "C:\Users\saiem\Documents\GitHub-Data\sdv-dev\cfbfastR-dev\cfbfastR-cfb-raw\.venv\Lib\site-packages\sportsdataverse\cfb\cfb_game_rosters.py", line 209, in helper_cfb_roster_items
    raise NoESPNDataError(f"NoESPNDataError: No roster data found for any team at {summary_url}")
sportsdataverse.errors.NoESPNDataError: NoESPNDataError: No roster data found for any team at https://sports.core.api.espn.com/v2/sports/football/leagues/college-football/events/401240102/competitions/401240102/competitors
ERROR:cfb_json_2020:extra fetch failed: _rosters(401240102,)
Traceback (most recent call last):
  File "C:\Users\saiem\Documents\GitHub-Data\sdv-dev\cfbfastR-dev\cfbfastR-cfb-raw\python\_cfb_raw_utils.py", line 106, in _safe
    return fn(*args, **kwargs)
           ^^^^^^^^^^^^^^^^^^^
  File "C:\Users\saiem\Documents\GitHub-Data\sdv-dev\cfbfastR-dev\cfbfastR-cfb-raw\python\scrape_cfb_json.py", line 42, in _rosters
    return sdv.cfb.espn_cfb_game_rosters(
           ^^^^^^^^^^^^^^^^^^^^^^^^^^^^^^
  File "C:\Users\saiem\Documents\GitHub-Data\sdv-dev\cfbfastR-dev\cfbfastR-cfb-raw\.venv\Lib\site-packages\sportsdataverse\cfb\cfb_game_rosters.py", line 66, in espn_cfb_game_rosters
    team_rosters = helper_cfb_roster_items(items=items, summary_url=summary_url, **kwargs)
                   ^^^^^^^^^^^^^^^^^^^^^^^^^^^^^^^^^^^^^^^^^^^^^^^^^^^^^^^^^^^^^^^^^^^^^^^
  File "C:\Users\saiem\Documents\GitHub-Data\sdv-dev\cfbfastR-dev\cfbfastR-cfb-raw\.venv\Lib\site-packages\sportsdataverse\cfb\cfb_game_rosters.py", line 209, in helper_cfb_roster_items
    raise NoESPNDataError(f"NoESPNDataError: No roster data found for any team at {summary_url}")
sportsdataverse.errors.NoESPNDataError: NoESPNDataError: No roster data found for any team at https://sports.core.api.espn.com/v2/sports/football/leagues/college-football/events/401240102/competitions/401240102/competitors
2026-06-17 11:48:26,648 ERROR extra fetch failed: _rosters(401269385,)
Traceback (most recent call last):
  File "C:\Users\saiem\Documents\GitHub-Data\sdv-dev\cfbfastR-dev\cfbfastR-cfb-raw\python\_cfb_raw_utils.py", line 106, in _safe
    return fn(*args, **kwargs)
           ^^^^^^^^^^^^^^^^^^^
  File "C:\Users\saiem\Documents\GitHub-Data\sdv-dev\cfbfastR-dev\cfbfastR-cfb-raw\python\scrape_cfb_json.py", line 42, in _rosters
    return sdv.cfb.espn_cfb_game_rosters(
           ^^^^^^^^^^^^^^^^^^^^^^^^^^^^^^
  File "C:\Users\saiem\Documents\GitHub-Data\sdv-dev\cfbfastR-dev\cfbfastR-cfb-raw\.venv\Lib\site-packages\sportsdataverse\cfb\cfb_game_rosters.py", line 66, in espn_cfb_game_rosters
    team_rosters = helper_cfb_roster_items(items=items, summary_url=summary_url, **kwargs)
                   ^^^^^^^^^^^^^^^^^^^^^^^^^^^^^^^^^^^^^^^^^^^^^^^^^^^^^^^^^^^^^^^^^^^^^^^
  File "C:\Users\saiem\Documents\GitHub-Data\sdv-dev\cfbfastR-dev\cfbfastR-cfb-raw\.venv\Lib\site-packages\sportsdataverse\cfb\cfb_game_rosters.py", line 209, in helper_cfb_roster_items
    raise NoESPNDataError(f"NoESPNDataError: No roster data found for any team at {summary_url}")
sportsdataverse.errors.NoESPNDataError: NoESPNDataError: No roster data found for any team at https://sports.core.api.espn.com/v2/sports/football/leagues/college-football/events/401269385/competitions/401269385/competitors
ERROR:cfb_json_2020:extra fetch failed: _rosters(401269385,)
Traceback (most recent call last):
  File "C:\Users\saiem\Documents\GitHub-Data\sdv-dev\cfbfastR-dev\cfbfastR-cfb-raw\python\_cfb_raw_utils.py", line 106, in _safe
    return fn(*args, **kwargs)
           ^^^^^^^^^^^^^^^^^^^
  File "C:\Users\saiem\Documents\GitHub-Data\sdv-dev\cfbfastR-dev\cfbfastR-cfb-raw\python\scrape_cfb_json.py", line 42, in _rosters
    return sdv.cfb.espn_cfb_game_rosters(
           ^^^^^^^^^^^^^^^^^^^^^^^^^^^^^^
  File "C:\Users\saiem\Documents\GitHub-Data\sdv-dev\cfbfastR-dev\cfbfastR-cfb-raw\.venv\Lib\site-packages\sportsdataverse\cfb\cfb_game_rosters.py", line 66, in espn_cfb_game_rosters
    team_rosters = helper_cfb_roster_items(items=items, summary_url=summary_url, **kwargs)
                   ^^^^^^^^^^^^^^^^^^^^^^^^^^^^^^^^^^^^^^^^^^^^^^^^^^^^^^^^^^^^^^^^^^^^^^^
  File "C:\Users\saiem\Documents\GitHub-Data\sdv-dev\cfbfastR-dev\cfbfastR-cfb-raw\.venv\Lib\site-packages\sportsdataverse\cfb\cfb_game_rosters.py", line 209, in helper_cfb_roster_items
    raise NoESPNDataError(f"NoESPNDataError: No roster data found for any team at {summary_url}")
sportsdataverse.errors.NoESPNDataError: NoESPNDataError: No roster data found for any team at https://sports.core.api.espn.com/v2/sports/football/leagues/college-football/events/401269385/competitions/401269385/competitors
cfb 2020:  85%|########5 | 115/135 [00:23<00:03,  5.62it/s]2026-06-17 11:48:26,765 ERROR extra fetch failed: _rosters(401266697,)
Traceback (most recent call last):
  File "C:\Users\saiem\Documents\GitHub-Data\sdv-dev\cfbfastR-dev\cfbfastR-cfb-raw\python\_cfb_raw_utils.py", line 106, in _safe
    return fn(*args, **kwargs)
           ^^^^^^^^^^^^^^^^^^^
  File "C:\Users\saiem\Documents\GitHub-Data\sdv-dev\cfbfastR-dev\cfbfastR-cfb-raw\python\scrape_cfb_json.py", line 42, in _rosters
    return sdv.cfb.espn_cfb_game_rosters(
           ^^^^^^^^^^^^^^^^^^^^^^^^^^^^^^
  File "C:\Users\saiem\Documents\GitHub-Data\sdv-dev\cfbfastR-dev\cfbfastR-cfb-raw\.venv\Lib\site-packages\sportsdataverse\cfb\cfb_game_rosters.py", line 66, in espn_cfb_game_rosters
    team_rosters = helper_cfb_roster_items(items=items, summary_url=summary_url, **kwargs)
                   ^^^^^^^^^^^^^^^^^^^^^^^^^^^^^^^^^^^^^^^^^^^^^^^^^^^^^^^^^^^^^^^^^^^^^^^
  File "C:\Users\saiem\Documents\GitHub-Data\sdv-dev\cfbfastR-dev\cfbfastR-cfb-raw\.venv\Lib\site-packages\sportsdataverse\cfb\cfb_game_rosters.py", line 209, in helper_cfb_roster_items
    raise NoESPNDataError(f"NoESPNDataError: No roster data found for any team at {summary_url}")
sportsdataverse.errors.NoESPNDataError: NoESPNDataError: No roster data found for any team at https://sports.core.api.espn.com/v2/sports/football/leagues/college-football/events/401266697/competitions/401266697/competitors
ERROR:cfb_json_2020:extra fetch failed: _rosters(401266697,)
Traceback (most recent call last):
  File "C:\Users\saiem\Documents\GitHub-Data\sdv-dev\cfbfastR-dev\cfbfastR-cfb-raw\python\_cfb_raw_utils.py", line 106, in _safe
    return fn(*args, **kwargs)
           ^^^^^^^^^^^^^^^^^^^
  File "C:\Users\saiem\Documents\GitHub-Data\sdv-dev\cfbfastR-dev\cfbfastR-cfb-raw\python\scrape_cfb_json.py", line 42, in _rosters
    return sdv.cfb.espn_cfb_game_rosters(
           ^^^^^^^^^^^^^^^^^^^^^^^^^^^^^^
  File "C:\Users\saiem\Documents\GitHub-Data\sdv-dev\cfbfastR-dev\cfbfastR-cfb-raw\.venv\Lib\site-packages\sportsdataverse\cfb\cfb_game_rosters.py", line 66, in espn_cfb_game_rosters
    team_rosters = helper_cfb_roster_items(items=items, summary_url=summary_url, **kwargs)
                   ^^^^^^^^^^^^^^^^^^^^^^^^^^^^^^^^^^^^^^^^^^^^^^^^^^^^^^^^^^^^^^^^^^^^^^^
  File "C:\Users\saiem\Documents\GitHub-Data\sdv-dev\cfbfastR-dev\cfbfastR-cfb-raw\.venv\Lib\site-packages\sportsdataverse\cfb\cfb_game_rosters.py", line 209, in helper_cfb_roster_items
    raise NoESPNDataError(f"NoESPNDataError: No roster data found for any team at {summary_url}")
sportsdataverse.errors.NoESPNDataError: NoESPNDataError: No roster data found for any team at https://sports.core.api.espn.com/v2/sports/football/leagues/college-football/events/401266697/competitions/401266697/competitors
cfb 2020:  86%|########5 | 116/135 [00:23<00:03,  6.00it/s]2026-06-17 11:48:26,804 ERROR extra fetch failed: _rosters(401256134,)
Traceback (most recent call last):
  File "C:\Users\saiem\Documents\GitHub-Data\sdv-dev\cfbfastR-dev\cfbfastR-cfb-raw\python\_cfb_raw_utils.py", line 106, in _safe
    return fn(*args, **kwargs)
           ^^^^^^^^^^^^^^^^^^^
  File "C:\Users\saiem\Documents\GitHub-Data\sdv-dev\cfbfastR-dev\cfbfastR-cfb-raw\python\scrape_cfb_json.py", line 42, in _rosters
    return sdv.cfb.espn_cfb_game_rosters(
           ^^^^^^^^^^^^^^^^^^^^^^^^^^^^^^
  File "C:\Users\saiem\Documents\GitHub-Data\sdv-dev\cfbfastR-dev\cfbfastR-cfb-raw\.venv\Lib\site-packages\sportsdataverse\cfb\cfb_game_rosters.py", line 66, in espn_cfb_game_rosters
    team_rosters = helper_cfb_roster_items(items=items, summary_url=summary_url, **kwargs)
                   ^^^^^^^^^^^^^^^^^^^^^^^^^^^^^^^^^^^^^^^^^^^^^^^^^^^^^^^^^^^^^^^^^^^^^^^
  File "C:\Users\saiem\Documents\GitHub-Data\sdv-dev\cfbfastR-dev\cfbfastR-cfb-raw\.venv\Lib\site-packages\sportsdataverse\cfb\cfb_game_rosters.py", line 209, in helper_cfb_roster_items
    raise NoESPNDataError(f"NoESPNDataError: No roster data found for any team at {summary_url}")
sportsdataverse.errors.NoESPNDataError: NoESPNDataError: No roster data found for any team at https://sports.core.api.espn.com/v2/sports/football/leagues/college-football/events/401256134/competitions/401256134/competitors
ERROR:cfb_json_2020:extra fetch failed: _rosters(401256134,)
Traceback (most recent call last):
  File "C:\Users\saiem\Documents\GitHub-Data\sdv-dev\cfbfastR-dev\cfbfastR-cfb-raw\python\_cfb_raw_utils.py", line 106, in _safe
    return fn(*args, **kwargs)
           ^^^^^^^^^^^^^^^^^^^
  File "C:\Users\saiem\Documents\GitHub-Data\sdv-dev\cfbfastR-dev\cfbfastR-cfb-raw\python\scrape_cfb_json.py", line 42, in _rosters
    return sdv.cfb.espn_cfb_game_rosters(
           ^^^^^^^^^^^^^^^^^^^^^^^^^^^^^^
  File "C:\Users\saiem\Documents\GitHub-Data\sdv-dev\cfbfastR-dev\cfbfastR-cfb-raw\.venv\Lib\site-packages\sportsdataverse\cfb\cfb_game_rosters.py", line 66, in espn_cfb_game_rosters
    team_rosters = helper_cfb_roster_items(items=items, summary_url=summary_url, **kwargs)
                   ^^^^^^^^^^^^^^^^^^^^^^^^^^^^^^^^^^^^^^^^^^^^^^^^^^^^^^^^^^^^^^^^^^^^^^^
  File "C:\Users\saiem\Documents\GitHub-Data\sdv-dev\cfbfastR-dev\cfbfastR-cfb-raw\.venv\Lib\site-packages\sportsdataverse\cfb\cfb_game_rosters.py", line 209, in helper_cfb_roster_items
    raise NoESPNDataError(f"NoESPNDataError: No roster data found for any team at {summary_url}")
sportsdataverse.errors.NoESPNDataError: NoESPNDataError: No roster data found for any team at https://sports.core.api.espn.com/v2/sports/football/leagues/college-football/events/401256134/competitions/401256134/competitors
cfb 2020:  87%|########6 | 117/135 [00:23<00:02,  6.36it/s]2026-06-17 11:48:27,100 ERROR download_game failed: 401256146
Traceback (most recent call last):
  File "C:\Users\saiem\Documents\GitHub-Data\sdv-dev\cfbfastR-dev\cfbfastR-cfb-raw\python\scrape_cfb_json.py", line 80, in download_game
    result = proc.run_processing_pipeline()
             ^^^^^^^^^^^^^^^^^^^^^^^^^^^^^^
  File "C:\Users\saiem\Documents\GitHub-Data\sdv-dev\cfbfastR-dev\cfbfastR-cfb-raw\.venv\Lib\site-packages\sportsdataverse\cfb\cfb_pbp.py", line 5937, in run_processing_pipeline
    pbp_txt = self.__helper_cfb_pbp_drives(self.json)
              ^^^^^^^^^^^^^^^^^^^^^^^^^^^^^^^^^^^^^^^
  File "C:\Users\saiem\Documents\GitHub-Data\sdv-dev\cfbfastR-dev\cfbfastR-cfb-raw\.venv\Lib\site-packages\sportsdataverse\cfb\cfb_pbp.py", line 482, in __helper_cfb_pbp_drives
    pbp_txt, init = self.__helper_cfb_pbp(pbp_txt)
                    ^^^^^^^^^^^^^^^^^^^^^^^^^^^^^^
  File "C:\Users\saiem\Documents\GitHub-Data\sdv-dev\cfbfastR-dev\cfbfastR-cfb-raw\.venv\Lib\site-packages\sportsdataverse\cfb\cfb_pbp.py", line 1082, in __helper_cfb_pbp
    return self.__helper_cfb_game_data(pbp_txt, init)
           ^^^^^^^^^^^^^^^^^^^^^^^^^^^^^^^^^^^^^^^^^^
  File "C:\Users\saiem\Documents\GitHub-Data\sdv-dev\cfbfastR-dev\cfbfastR-cfb-raw\.venv\Lib\site-packages\sportsdataverse\cfb\cfb_pbp.py", line 1232, in __helper_cfb_game_data
    awayTeamMascot = str(pbp_txt["header"]["competitions"][0]["competitors"][1]["team"]["name"])
                         ~~~~~~~~~~~~~~~~~~~~~~~~~~~~~~~~~~~~~~~~~~~~~~~~~~~~~~~~~~~~~~^^^^^^^^
KeyError: 'name'
ERROR:cfb_json_2020:download_game failed: 401256146
Traceback (most recent call last):
  File "C:\Users\saiem\Documents\GitHub-Data\sdv-dev\cfbfastR-dev\cfbfastR-cfb-raw\python\scrape_cfb_json.py", line 80, in download_game
    result = proc.run_processing_pipeline()
             ^^^^^^^^^^^^^^^^^^^^^^^^^^^^^^
  File "C:\Users\saiem\Documents\GitHub-Data\sdv-dev\cfbfastR-dev\cfbfastR-cfb-raw\.venv\Lib\site-packages\sportsdataverse\cfb\cfb_pbp.py", line 5937, in run_processing_pipeline
    pbp_txt = self.__helper_cfb_pbp_drives(self.json)
              ^^^^^^^^^^^^^^^^^^^^^^^^^^^^^^^^^^^^^^^
  File "C:\Users\saiem\Documents\GitHub-Data\sdv-dev\cfbfastR-dev\cfbfastR-cfb-raw\.venv\Lib\site-packages\sportsdataverse\cfb\cfb_pbp.py", line 482, in __helper_cfb_pbp_drives
    pbp_txt, init = self.__helper_cfb_pbp(pbp_txt)
                    ^^^^^^^^^^^^^^^^^^^^^^^^^^^^^^
  File "C:\Users\saiem\Documents\GitHub-Data\sdv-dev\cfbfastR-dev\cfbfastR-cfb-raw\.venv\Lib\site-packages\sportsdataverse\cfb\cfb_pbp.py", line 1082, in __helper_cfb_pbp
    return self.__helper_cfb_game_data(pbp_txt, init)
           ^^^^^^^^^^^^^^^^^^^^^^^^^^^^^^^^^^^^^^^^^^
  File "C:\Users\saiem\Documents\GitHub-Data\sdv-dev\cfbfastR-dev\cfbfastR-cfb-raw\.venv\Lib\site-packages\sportsdataverse\cfb\cfb_pbp.py", line 1232, in __helper_cfb_game_data
    awayTeamMascot = str(pbp_txt["header"]["competitions"][0]["competitors"][1]["team"]["name"])
                         ~~~~~~~~~~~~~~~~~~~~~~~~~~~~~~~~~~~~~~~~~~~~~~~~~~~~~~~~~~~~~~^^^^^^^^
KeyError: 'name'
cfb 2020:  88%|########8 | 119/135 [00:24<00:02,  7.52it/s]2026-06-17 11:48:27,153 ERROR download_game failed: 401256142
Traceback (most recent call last):
  File "C:\Users\saiem\Documents\GitHub-Data\sdv-dev\cfbfastR-dev\cfbfastR-cfb-raw\python\scrape_cfb_json.py", line 80, in download_game
    result = proc.run_processing_pipeline()
             ^^^^^^^^^^^^^^^^^^^^^^^^^^^^^^
  File "C:\Users\saiem\Documents\GitHub-Data\sdv-dev\cfbfastR-dev\cfbfastR-cfb-raw\.venv\Lib\site-packages\sportsdataverse\cfb\cfb_pbp.py", line 5937, in run_processing_pipeline
    pbp_txt = self.__helper_cfb_pbp_drives(self.json)
              ^^^^^^^^^^^^^^^^^^^^^^^^^^^^^^^^^^^^^^^
  File "C:\Users\saiem\Documents\GitHub-Data\sdv-dev\cfbfastR-dev\cfbfastR-cfb-raw\.venv\Lib\site-packages\sportsdataverse\cfb\cfb_pbp.py", line 482, in __helper_cfb_pbp_drives
    pbp_txt, init = self.__helper_cfb_pbp(pbp_txt)
                    ^^^^^^^^^^^^^^^^^^^^^^^^^^^^^^
  File "C:\Users\saiem\Documents\GitHub-Data\sdv-dev\cfbfastR-dev\cfbfastR-cfb-raw\.venv\Lib\site-packages\sportsdataverse\cfb\cfb_pbp.py", line 1082, in __helper_cfb_pbp
    return self.__helper_cfb_game_data(pbp_txt, init)
           ^^^^^^^^^^^^^^^^^^^^^^^^^^^^^^^^^^^^^^^^^^
  File "C:\Users\saiem\Documents\GitHub-Data\sdv-dev\cfbfastR-dev\cfbfastR-cfb-raw\.venv\Lib\site-packages\sportsdataverse\cfb\cfb_pbp.py", line 1232, in __helper_cfb_game_data
    awayTeamMascot = str(pbp_txt["header"]["competitions"][0]["competitors"][1]["team"]["name"])
                         ~~~~~~~~~~~~~~~~~~~~~~~~~~~~~~~~~~~~~~~~~~~~~~~~~~~~~~~~~~~~~~^^^^^^^^
KeyError: 'name'
ERROR:cfb_json_2020:download_game failed: 401256142
Traceback (most recent call last):
  File "C:\Users\saiem\Documents\GitHub-Data\sdv-dev\cfbfastR-dev\cfbfastR-cfb-raw\python\scrape_cfb_json.py", line 80, in download_game
    result = proc.run_processing_pipeline()
             ^^^^^^^^^^^^^^^^^^^^^^^^^^^^^^
  File "C:\Users\saiem\Documents\GitHub-Data\sdv-dev\cfbfastR-dev\cfbfastR-cfb-raw\.venv\Lib\site-packages\sportsdataverse\cfb\cfb_pbp.py", line 5937, in run_processing_pipeline
    pbp_txt = self.__helper_cfb_pbp_drives(self.json)
              ^^^^^^^^^^^^^^^^^^^^^^^^^^^^^^^^^^^^^^^
  File "C:\Users\saiem\Documents\GitHub-Data\sdv-dev\cfbfastR-dev\cfbfastR-cfb-raw\.venv\Lib\site-packages\sportsdataverse\cfb\cfb_pbp.py", line 482, in __helper_cfb_pbp_drives
    pbp_txt, init = self.__helper_cfb_pbp(pbp_txt)
                    ^^^^^^^^^^^^^^^^^^^^^^^^^^^^^^
  File "C:\Users\saiem\Documents\GitHub-Data\sdv-dev\cfbfastR-dev\cfbfastR-cfb-raw\.venv\Lib\site-packages\sportsdataverse\cfb\cfb_pbp.py", line 1082, in __helper_cfb_pbp
    return self.__helper_cfb_game_data(pbp_txt, init)
           ^^^^^^^^^^^^^^^^^^^^^^^^^^^^^^^^^^^^^^^^^^
  File "C:\Users\saiem\Documents\GitHub-Data\sdv-dev\cfbfastR-dev\cfbfastR-cfb-raw\.venv\Lib\site-packages\sportsdataverse\cfb\cfb_pbp.py", line 1232, in __helper_cfb_game_data
    awayTeamMascot = str(pbp_txt["header"]["competitions"][0]["competitors"][1]["team"]["name"])
                         ~~~~~~~~~~~~~~~~~~~~~~~~~~~~~~~~~~~~~~~~~~~~~~~~~~~~~~~~~~~~~~^^^^^^^^
KeyError: 'name'
2026-06-17 11:48:27,169 ERROR download_game failed: 401256147
Traceback (most recent call last):
  File "C:\Users\saiem\Documents\GitHub-Data\sdv-dev\cfbfastR-dev\cfbfastR-cfb-raw\python\scrape_cfb_json.py", line 80, in download_game
    result = proc.run_processing_pipeline()
             ^^^^^^^^^^^^^^^^^^^^^^^^^^^^^^
  File "C:\Users\saiem\Documents\GitHub-Data\sdv-dev\cfbfastR-dev\cfbfastR-cfb-raw\.venv\Lib\site-packages\sportsdataverse\cfb\cfb_pbp.py", line 5937, in run_processing_pipeline
    pbp_txt = self.__helper_cfb_pbp_drives(self.json)
              ^^^^^^^^^^^^^^^^^^^^^^^^^^^^^^^^^^^^^^^
  File "C:\Users\saiem\Documents\GitHub-Data\sdv-dev\cfbfastR-dev\cfbfastR-cfb-raw\.venv\Lib\site-packages\sportsdataverse\cfb\cfb_pbp.py", line 482, in __helper_cfb_pbp_drives
    pbp_txt, init = self.__helper_cfb_pbp(pbp_txt)
                    ^^^^^^^^^^^^^^^^^^^^^^^^^^^^^^
  File "C:\Users\saiem\Documents\GitHub-Data\sdv-dev\cfbfastR-dev\cfbfastR-cfb-raw\.venv\Lib\site-packages\sportsdataverse\cfb\cfb_pbp.py", line 1082, in __helper_cfb_pbp
    return self.__helper_cfb_game_data(pbp_txt, init)
           ^^^^^^^^^^^^^^^^^^^^^^^^^^^^^^^^^^^^^^^^^^
  File "C:\Users\saiem\Documents\GitHub-Data\sdv-dev\cfbfastR-dev\cfbfastR-cfb-raw\.venv\Lib\site-packages\sportsdataverse\cfb\cfb_pbp.py", line 1224, in __helper_cfb_game_data
    homeTeamMascot = str(pbp_txt["header"]["competitions"][0]["competitors"][0]["team"]["name"])
                         ~~~~~~~~~~~~~~~~~~~~~~~~~~~~~~~~~~~~~~~~~~~~~~~~~~~~~~~~~~~~~~^^^^^^^^
KeyError: 'name'
ERROR:cfb_json_2020:download_game failed: 401256147
Traceback (most recent call last):
  File "C:\Users\saiem\Documents\GitHub-Data\sdv-dev\cfbfastR-dev\cfbfastR-cfb-raw\python\scrape_cfb_json.py", line 80, in download_game
    result = proc.run_processing_pipeline()
             ^^^^^^^^^^^^^^^^^^^^^^^^^^^^^^
  File "C:\Users\saiem\Documents\GitHub-Data\sdv-dev\cfbfastR-dev\cfbfastR-cfb-raw\.venv\Lib\site-packages\sportsdataverse\cfb\cfb_pbp.py", line 5937, in run_processing_pipeline
    pbp_txt = self.__helper_cfb_pbp_drives(self.json)
              ^^^^^^^^^^^^^^^^^^^^^^^^^^^^^^^^^^^^^^^
  File "C:\Users\saiem\Documents\GitHub-Data\sdv-dev\cfbfastR-dev\cfbfastR-cfb-raw\.venv\Lib\site-packages\sportsdataverse\cfb\cfb_pbp.py", line 482, in __helper_cfb_pbp_drives
    pbp_txt, init = self.__helper_cfb_pbp(pbp_txt)
                    ^^^^^^^^^^^^^^^^^^^^^^^^^^^^^^
  File "C:\Users\saiem\Documents\GitHub-Data\sdv-dev\cfbfastR-dev\cfbfastR-cfb-raw\.venv\Lib\site-packages\sportsdataverse\cfb\cfb_pbp.py", line 1082, in __helper_cfb_pbp
    return self.__helper_cfb_game_data(pbp_txt, init)
           ^^^^^^^^^^^^^^^^^^^^^^^^^^^^^^^^^^^^^^^^^^
  File "C:\Users\saiem\Documents\GitHub-Data\sdv-dev\cfbfastR-dev\cfbfastR-cfb-raw\.venv\Lib\site-packages\sportsdataverse\cfb\cfb_pbp.py", line 1224, in __helper_cfb_game_data
    homeTeamMascot = str(pbp_txt["header"]["competitions"][0]["competitors"][0]["team"]["name"])
                         ~~~~~~~~~~~~~~~~~~~~~~~~~~~~~~~~~~~~~~~~~~~~~~~~~~~~~~~~~~~~~~^^^^^^^^
KeyError: 'name'
2026-06-17 11:48:27,178 ERROR extra fetch failed: _rosters(401269380,)
Traceback (most recent call last):
  File "C:\Users\saiem\Documents\GitHub-Data\sdv-dev\cfbfastR-dev\cfbfastR-cfb-raw\python\_cfb_raw_utils.py", line 106, in _safe
    return fn(*args, **kwargs)
           ^^^^^^^^^^^^^^^^^^^
  File "C:\Users\saiem\Documents\GitHub-Data\sdv-dev\cfbfastR-dev\cfbfastR-cfb-raw\python\scrape_cfb_json.py", line 42, in _rosters
    return sdv.cfb.espn_cfb_game_rosters(
           ^^^^^^^^^^^^^^^^^^^^^^^^^^^^^^
  File "C:\Users\saiem\Documents\GitHub-Data\sdv-dev\cfbfastR-dev\cfbfastR-cfb-raw\.venv\Lib\site-packages\sportsdataverse\cfb\cfb_game_rosters.py", line 66, in espn_cfb_game_rosters
    team_rosters = helper_cfb_roster_items(items=items, summary_url=summary_url, **kwargs)
                   ^^^^^^^^^^^^^^^^^^^^^^^^^^^^^^^^^^^^^^^^^^^^^^^^^^^^^^^^^^^^^^^^^^^^^^^
  File "C:\Users\saiem\Documents\GitHub-Data\sdv-dev\cfbfastR-dev\cfbfastR-cfb-raw\.venv\Lib\site-packages\sportsdataverse\cfb\cfb_game_rosters.py", line 209, in helper_cfb_roster_items
    raise NoESPNDataError(f"NoESPNDataError: No roster data found for any team at {summary_url}")
sportsdataverse.errors.NoESPNDataError: NoESPNDataError: No roster data found for any team at https://sports.core.api.espn.com/v2/sports/football/leagues/college-football/events/401269380/competitions/401269380/competitors
ERROR:cfb_json_2020:extra fetch failed: _rosters(401269380,)
Traceback (most recent call last):
  File "C:\Users\saiem\Documents\GitHub-Data\sdv-dev\cfbfastR-dev\cfbfastR-cfb-raw\python\_cfb_raw_utils.py", line 106, in _safe
    return fn(*args, **kwargs)
           ^^^^^^^^^^^^^^^^^^^
  File "C:\Users\saiem\Documents\GitHub-Data\sdv-dev\cfbfastR-dev\cfbfastR-cfb-raw\python\scrape_cfb_json.py", line 42, in _rosters
    return sdv.cfb.espn_cfb_game_rosters(
           ^^^^^^^^^^^^^^^^^^^^^^^^^^^^^^
  File "C:\Users\saiem\Documents\GitHub-Data\sdv-dev\cfbfastR-dev\cfbfastR-cfb-raw\.venv\Lib\site-packages\sportsdataverse\cfb\cfb_game_rosters.py", line 66, in espn_cfb_game_rosters
    team_rosters = helper_cfb_roster_items(items=items, summary_url=summary_url, **kwargs)
                   ^^^^^^^^^^^^^^^^^^^^^^^^^^^^^^^^^^^^^^^^^^^^^^^^^^^^^^^^^^^^^^^^^^^^^^^
  File "C:\Users\saiem\Documents\GitHub-Data\sdv-dev\cfbfastR-dev\cfbfastR-cfb-raw\.venv\Lib\site-packages\sportsdataverse\cfb\cfb_game_rosters.py", line 209, in helper_cfb_roster_items
    raise NoESPNDataError(f"NoESPNDataError: No roster data found for any team at {summary_url}")
sportsdataverse.errors.NoESPNDataError: NoESPNDataError: No roster data found for any team at https://sports.core.api.espn.com/v2/sports/football/leagues/college-football/events/401269380/competitions/401269380/competitors
cfb 2020:  90%|######### | 122/135 [00:24<00:01,  9.54it/s]2026-06-17 11:48:27,350 ERROR download_game failed: 401256149
Traceback (most recent call last):
  File "C:\Users\saiem\Documents\GitHub-Data\sdv-dev\cfbfastR-dev\cfbfastR-cfb-raw\python\scrape_cfb_json.py", line 80, in download_game
    result = proc.run_processing_pipeline()
             ^^^^^^^^^^^^^^^^^^^^^^^^^^^^^^
  File "C:\Users\saiem\Documents\GitHub-Data\sdv-dev\cfbfastR-dev\cfbfastR-cfb-raw\.venv\Lib\site-packages\sportsdataverse\cfb\cfb_pbp.py", line 5937, in run_processing_pipeline
    pbp_txt = self.__helper_cfb_pbp_drives(self.json)
              ^^^^^^^^^^^^^^^^^^^^^^^^^^^^^^^^^^^^^^^
  File "C:\Users\saiem\Documents\GitHub-Data\sdv-dev\cfbfastR-dev\cfbfastR-cfb-raw\.venv\Lib\site-packages\sportsdataverse\cfb\cfb_pbp.py", line 482, in __helper_cfb_pbp_drives
    pbp_txt, init = self.__helper_cfb_pbp(pbp_txt)
                    ^^^^^^^^^^^^^^^^^^^^^^^^^^^^^^
  File "C:\Users\saiem\Documents\GitHub-Data\sdv-dev\cfbfastR-dev\cfbfastR-cfb-raw\.venv\Lib\site-packages\sportsdataverse\cfb\cfb_pbp.py", line 1082, in __helper_cfb_pbp
    return self.__helper_cfb_game_data(pbp_txt, init)
           ^^^^^^^^^^^^^^^^^^^^^^^^^^^^^^^^^^^^^^^^^^
  File "C:\Users\saiem\Documents\GitHub-Data\sdv-dev\cfbfastR-dev\cfbfastR-cfb-raw\.venv\Lib\site-packages\sportsdataverse\cfb\cfb_pbp.py", line 1224, in __helper_cfb_game_data
    homeTeamMascot = str(pbp_txt["header"]["competitions"][0]["competitors"][0]["team"]["name"])
                         ~~~~~~~~~~~~~~~~~~~~~~~~~~~~~~~~~~~~~~~~~~~~~~~~~~~~~~~~~~~~~~^^^^^^^^
KeyError: 'name'
ERROR:cfb_json_2020:download_game failed: 401256149
Traceback (most recent call last):
  File "C:\Users\saiem\Documents\GitHub-Data\sdv-dev\cfbfastR-dev\cfbfastR-cfb-raw\python\scrape_cfb_json.py", line 80, in download_game
    result = proc.run_processing_pipeline()
             ^^^^^^^^^^^^^^^^^^^^^^^^^^^^^^
  File "C:\Users\saiem\Documents\GitHub-Data\sdv-dev\cfbfastR-dev\cfbfastR-cfb-raw\.venv\Lib\site-packages\sportsdataverse\cfb\cfb_pbp.py", line 5937, in run_processing_pipeline
    pbp_txt = self.__helper_cfb_pbp_drives(self.json)
              ^^^^^^^^^^^^^^^^^^^^^^^^^^^^^^^^^^^^^^^
  File "C:\Users\saiem\Documents\GitHub-Data\sdv-dev\cfbfastR-dev\cfbfastR-cfb-raw\.venv\Lib\site-packages\sportsdataverse\cfb\cfb_pbp.py", line 482, in __helper_cfb_pbp_drives
    pbp_txt, init = self.__helper_cfb_pbp(pbp_txt)
                    ^^^^^^^^^^^^^^^^^^^^^^^^^^^^^^
  File "C:\Users\saiem\Documents\GitHub-Data\sdv-dev\cfbfastR-dev\cfbfastR-cfb-raw\.venv\Lib\site-packages\sportsdataverse\cfb\cfb_pbp.py", line 1082, in __helper_cfb_pbp
    return self.__helper_cfb_game_data(pbp_txt, init)
           ^^^^^^^^^^^^^^^^^^^^^^^^^^^^^^^^^^^^^^^^^^
  File "C:\Users\saiem\Documents\GitHub-Data\sdv-dev\cfbfastR-dev\cfbfastR-cfb-raw\.venv\Lib\site-packages\sportsdataverse\cfb\cfb_pbp.py", line 1224, in __helper_cfb_game_data
    homeTeamMascot = str(pbp_txt["header"]["competitions"][0]["competitors"][0]["team"]["name"])
                         ~~~~~~~~~~~~~~~~~~~~~~~~~~~~~~~~~~~~~~~~~~~~~~~~~~~~~~~~~~~~~~^^^^^^^^
KeyError: 'name'
2026-06-17 11:48:27,372 ERROR download_game failed: 401256148
Traceback (most recent call last):
  File "C:\Users\saiem\Documents\GitHub-Data\sdv-dev\cfbfastR-dev\cfbfastR-cfb-raw\python\scrape_cfb_json.py", line 80, in download_game
    result = proc.run_processing_pipeline()
             ^^^^^^^^^^^^^^^^^^^^^^^^^^^^^^
  File "C:\Users\saiem\Documents\GitHub-Data\sdv-dev\cfbfastR-dev\cfbfastR-cfb-raw\.venv\Lib\site-packages\sportsdataverse\cfb\cfb_pbp.py", line 5937, in run_processing_pipeline
    pbp_txt = self.__helper_cfb_pbp_drives(self.json)
              ^^^^^^^^^^^^^^^^^^^^^^^^^^^^^^^^^^^^^^^
  File "C:\Users\saiem\Documents\GitHub-Data\sdv-dev\cfbfastR-dev\cfbfastR-cfb-raw\.venv\Lib\site-packages\sportsdataverse\cfb\cfb_pbp.py", line 482, in __helper_cfb_pbp_drives
    pbp_txt, init = self.__helper_cfb_pbp(pbp_txt)
                    ^^^^^^^^^^^^^^^^^^^^^^^^^^^^^^
  File "C:\Users\saiem\Documents\GitHub-Data\sdv-dev\cfbfastR-dev\cfbfastR-cfb-raw\.venv\Lib\site-packages\sportsdataverse\cfb\cfb_pbp.py", line 1082, in __helper_cfb_pbp
    return self.__helper_cfb_game_data(pbp_txt, init)
           ^^^^^^^^^^^^^^^^^^^^^^^^^^^^^^^^^^^^^^^^^^
  File "C:\Users\saiem\Documents\GitHub-Data\sdv-dev\cfbfastR-dev\cfbfastR-cfb-raw\.venv\Lib\site-packages\sportsdataverse\cfb\cfb_pbp.py", line 1224, in __helper_cfb_game_data
    homeTeamMascot = str(pbp_txt["header"]["competitions"][0]["competitors"][0]["team"]["name"])
                         ~~~~~~~~~~~~~~~~~~~~~~~~~~~~~~~~~~~~~~~~~~~~~~~~~~~~~~~~~~~~~~^^^^^^^^
KeyError: 'name'
ERROR:cfb_json_2020:download_game failed: 401256148
Traceback (most recent call last):
  File "C:\Users\saiem\Documents\GitHub-Data\sdv-dev\cfbfastR-dev\cfbfastR-cfb-raw\python\scrape_cfb_json.py", line 80, in download_game
    result = proc.run_processing_pipeline()
             ^^^^^^^^^^^^^^^^^^^^^^^^^^^^^^
  File "C:\Users\saiem\Documents\GitHub-Data\sdv-dev\cfbfastR-dev\cfbfastR-cfb-raw\.venv\Lib\site-packages\sportsdataverse\cfb\cfb_pbp.py", line 5937, in run_processing_pipeline
    pbp_txt = self.__helper_cfb_pbp_drives(self.json)
              ^^^^^^^^^^^^^^^^^^^^^^^^^^^^^^^^^^^^^^^
  File "C:\Users\saiem\Documents\GitHub-Data\sdv-dev\cfbfastR-dev\cfbfastR-cfb-raw\.venv\Lib\site-packages\sportsdataverse\cfb\cfb_pbp.py", line 482, in __helper_cfb_pbp_drives
    pbp_txt, init = self.__helper_cfb_pbp(pbp_txt)
                    ^^^^^^^^^^^^^^^^^^^^^^^^^^^^^^
  File "C:\Users\saiem\Documents\GitHub-Data\sdv-dev\cfbfastR-dev\cfbfastR-cfb-raw\.venv\Lib\site-packages\sportsdataverse\cfb\cfb_pbp.py", line 1082, in __helper_cfb_pbp
    return self.__helper_cfb_game_data(pbp_txt, init)
           ^^^^^^^^^^^^^^^^^^^^^^^^^^^^^^^^^^^^^^^^^^
  File "C:\Users\saiem\Documents\GitHub-Data\sdv-dev\cfbfastR-dev\cfbfastR-cfb-raw\.venv\Lib\site-packages\sportsdataverse\cfb\cfb_pbp.py", line 1224, in __helper_cfb_game_data
    homeTeamMascot = str(pbp_txt["header"]["competitions"][0]["competitors"][0]["team"]["name"])
                         ~~~~~~~~~~~~~~~~~~~~~~~~~~~~~~~~~~~~~~~~~~~~~~~~~~~~~~~~~~~~~~^^^^^^^^
KeyError: 'name'
2026-06-17 11:48:27,553 ERROR download_game failed: 401266833
Traceback (most recent call last):
  File "C:\Users\saiem\Documents\GitHub-Data\sdv-dev\cfbfastR-dev\cfbfastR-cfb-raw\python\scrape_cfb_json.py", line 80, in download_game
    result = proc.run_processing_pipeline()
             ^^^^^^^^^^^^^^^^^^^^^^^^^^^^^^
  File "C:\Users\saiem\Documents\GitHub-Data\sdv-dev\cfbfastR-dev\cfbfastR-cfb-raw\.venv\Lib\site-packages\sportsdataverse\cfb\cfb_pbp.py", line 5937, in run_processing_pipeline
    pbp_txt = self.__helper_cfb_pbp_drives(self.json)
              ^^^^^^^^^^^^^^^^^^^^^^^^^^^^^^^^^^^^^^^
  File "C:\Users\saiem\Documents\GitHub-Data\sdv-dev\cfbfastR-dev\cfbfastR-cfb-raw\.venv\Lib\site-packages\sportsdataverse\cfb\cfb_pbp.py", line 482, in __helper_cfb_pbp_drives
    pbp_txt, init = self.__helper_cfb_pbp(pbp_txt)
                    ^^^^^^^^^^^^^^^^^^^^^^^^^^^^^^
  File "C:\Users\saiem\Documents\GitHub-Data\sdv-dev\cfbfastR-dev\cfbfastR-cfb-raw\.venv\Lib\site-packages\sportsdataverse\cfb\cfb_pbp.py", line 1082, in __helper_cfb_pbp
    return self.__helper_cfb_game_data(pbp_txt, init)
           ^^^^^^^^^^^^^^^^^^^^^^^^^^^^^^^^^^^^^^^^^^
  File "C:\Users\saiem\Documents\GitHub-Data\sdv-dev\cfbfastR-dev\cfbfastR-cfb-raw\.venv\Lib\site-packages\sportsdataverse\cfb\cfb_pbp.py", line 1224, in __helper_cfb_game_data
    homeTeamMascot = str(pbp_txt["header"]["competitions"][0]["competitors"][0]["team"]["name"])
                         ~~~~~~~~~~~~~~~~~~~~~~~~~~~~~~~~~~~~~~~~~~~~~~~~~~~~~~~~~~~~~~^^^^^^^^
KeyError: 'name'
ERROR:cfb_json_2020:download_game failed: 401266833
Traceback (most recent call last):
  File "C:\Users\saiem\Documents\GitHub-Data\sdv-dev\cfbfastR-dev\cfbfastR-cfb-raw\python\scrape_cfb_json.py", line 80, in download_game
    result = proc.run_processing_pipeline()
             ^^^^^^^^^^^^^^^^^^^^^^^^^^^^^^
  File "C:\Users\saiem\Documents\GitHub-Data\sdv-dev\cfbfastR-dev\cfbfastR-cfb-raw\.venv\Lib\site-packages\sportsdataverse\cfb\cfb_pbp.py", line 5937, in run_processing_pipeline
    pbp_txt = self.__helper_cfb_pbp_drives(self.json)
              ^^^^^^^^^^^^^^^^^^^^^^^^^^^^^^^^^^^^^^^
  File "C:\Users\saiem\Documents\GitHub-Data\sdv-dev\cfbfastR-dev\cfbfastR-cfb-raw\.venv\Lib\site-packages\sportsdataverse\cfb\cfb_pbp.py", line 482, in __helper_cfb_pbp_drives
    pbp_txt, init = self.__helper_cfb_pbp(pbp_txt)
                    ^^^^^^^^^^^^^^^^^^^^^^^^^^^^^^
  File "C:\Users\saiem\Documents\GitHub-Data\sdv-dev\cfbfastR-dev\cfbfastR-cfb-raw\.venv\Lib\site-packages\sportsdataverse\cfb\cfb_pbp.py", line 1082, in __helper_cfb_pbp
    return self.__helper_cfb_game_data(pbp_txt, init)
           ^^^^^^^^^^^^^^^^^^^^^^^^^^^^^^^^^^^^^^^^^^
  File "C:\Users\saiem\Documents\GitHub-Data\sdv-dev\cfbfastR-dev\cfbfastR-cfb-raw\.venv\Lib\site-packages\sportsdataverse\cfb\cfb_pbp.py", line 1224, in __helper_cfb_game_data
    homeTeamMascot = str(pbp_txt["header"]["competitions"][0]["competitors"][0]["team"]["name"])
                         ~~~~~~~~~~~~~~~~~~~~~~~~~~~~~~~~~~~~~~~~~~~~~~~~~~~~~~~~~~~~~~^^^^^^^^
KeyError: 'name'
cfb 2020:  93%|#########2| 125/135 [00:24<00:00, 10.56it/s]2026-06-17 11:48:27,554 ERROR download_game failed: 401256195
Traceback (most recent call last):
  File "C:\Users\saiem\Documents\GitHub-Data\sdv-dev\cfbfastR-dev\cfbfastR-cfb-raw\python\scrape_cfb_json.py", line 80, in download_game
    result = proc.run_processing_pipeline()
             ^^^^^^^^^^^^^^^^^^^^^^^^^^^^^^
  File "C:\Users\saiem\Documents\GitHub-Data\sdv-dev\cfbfastR-dev\cfbfastR-cfb-raw\.venv\Lib\site-packages\sportsdataverse\cfb\cfb_pbp.py", line 5937, in run_processing_pipeline
    pbp_txt = self.__helper_cfb_pbp_drives(self.json)
              ^^^^^^^^^^^^^^^^^^^^^^^^^^^^^^^^^^^^^^^
  File "C:\Users\saiem\Documents\GitHub-Data\sdv-dev\cfbfastR-dev\cfbfastR-cfb-raw\.venv\Lib\site-packages\sportsdataverse\cfb\cfb_pbp.py", line 482, in __helper_cfb_pbp_drives
    pbp_txt, init = self.__helper_cfb_pbp(pbp_txt)
                    ^^^^^^^^^^^^^^^^^^^^^^^^^^^^^^
  File "C:\Users\saiem\Documents\GitHub-Data\sdv-dev\cfbfastR-dev\cfbfastR-cfb-raw\.venv\Lib\site-packages\sportsdataverse\cfb\cfb_pbp.py", line 1082, in __helper_cfb_pbp
    return self.__helper_cfb_game_data(pbp_txt, init)
           ^^^^^^^^^^^^^^^^^^^^^^^^^^^^^^^^^^^^^^^^^^
  File "C:\Users\saiem\Documents\GitHub-Data\sdv-dev\cfbfastR-dev\cfbfastR-cfb-raw\.venv\Lib\site-packages\sportsdataverse\cfb\cfb_pbp.py", line 1224, in __helper_cfb_game_data
    homeTeamMascot = str(pbp_txt["header"]["competitions"][0]["competitors"][0]["team"]["name"])
                         ~~~~~~~~~~~~~~~~~~~~~~~~~~~~~~~~~~~~~~~~~~~~~~~~~~~~~~~~~~~~~~^^^^^^^^
KeyError: 'name'
ERROR:cfb_json_2020:download_game failed: 401256195
Traceback (most recent call last):
  File "C:\Users\saiem\Documents\GitHub-Data\sdv-dev\cfbfastR-dev\cfbfastR-cfb-raw\python\scrape_cfb_json.py", line 80, in download_game
    result = proc.run_processing_pipeline()
             ^^^^^^^^^^^^^^^^^^^^^^^^^^^^^^
  File "C:\Users\saiem\Documents\GitHub-Data\sdv-dev\cfbfastR-dev\cfbfastR-cfb-raw\.venv\Lib\site-packages\sportsdataverse\cfb\cfb_pbp.py", line 5937, in run_processing_pipeline
    pbp_txt = self.__helper_cfb_pbp_drives(self.json)
              ^^^^^^^^^^^^^^^^^^^^^^^^^^^^^^^^^^^^^^^
  File "C:\Users\saiem\Documents\GitHub-Data\sdv-dev\cfbfastR-dev\cfbfastR-cfb-raw\.venv\Lib\site-packages\sportsdataverse\cfb\cfb_pbp.py", line 482, in __helper_cfb_pbp_drives
    pbp_txt, init = self.__helper_cfb_pbp(pbp_txt)
                    ^^^^^^^^^^^^^^^^^^^^^^^^^^^^^^
  File "C:\Users\saiem\Documents\GitHub-Data\sdv-dev\cfbfastR-dev\cfbfastR-cfb-raw\.venv\Lib\site-packages\sportsdataverse\cfb\cfb_pbp.py", line 1082, in __helper_cfb_pbp
    return self.__helper_cfb_game_data(pbp_txt, init)
           ^^^^^^^^^^^^^^^^^^^^^^^^^^^^^^^^^^^^^^^^^^
  File "C:\Users\saiem\Documents\GitHub-Data\sdv-dev\cfbfastR-dev\cfbfastR-cfb-raw\.venv\Lib\site-packages\sportsdataverse\cfb\cfb_pbp.py", line 1224, in __helper_cfb_game_data
    homeTeamMascot = str(pbp_txt["header"]["competitions"][0]["competitors"][0]["team"]["name"])
                         ~~~~~~~~~~~~~~~~~~~~~~~~~~~~~~~~~~~~~~~~~~~~~~~~~~~~~~~~~~~~~~^^^^^^^^
KeyError: 'name'
2026-06-17 11:48:27,743 ERROR download_game failed: 401267168
Traceback (most recent call last):
  File "C:\Users\saiem\Documents\GitHub-Data\sdv-dev\cfbfastR-dev\cfbfastR-cfb-raw\python\scrape_cfb_json.py", line 80, in download_game
    result = proc.run_processing_pipeline()
             ^^^^^^^^^^^^^^^^^^^^^^^^^^^^^^
  File "C:\Users\saiem\Documents\GitHub-Data\sdv-dev\cfbfastR-dev\cfbfastR-cfb-raw\.venv\Lib\site-packages\sportsdataverse\cfb\cfb_pbp.py", line 5937, in run_processing_pipeline
    pbp_txt = self.__helper_cfb_pbp_drives(self.json)
              ^^^^^^^^^^^^^^^^^^^^^^^^^^^^^^^^^^^^^^^
  File "C:\Users\saiem\Documents\GitHub-Data\sdv-dev\cfbfastR-dev\cfbfastR-cfb-raw\.venv\Lib\site-packages\sportsdataverse\cfb\cfb_pbp.py", line 482, in __helper_cfb_pbp_drives
    pbp_txt, init = self.__helper_cfb_pbp(pbp_txt)
                    ^^^^^^^^^^^^^^^^^^^^^^^^^^^^^^
  File "C:\Users\saiem\Documents\GitHub-Data\sdv-dev\cfbfastR-dev\cfbfastR-cfb-raw\.venv\Lib\site-packages\sportsdataverse\cfb\cfb_pbp.py", line 1082, in __helper_cfb_pbp
    return self.__helper_cfb_game_data(pbp_txt, init)
           ^^^^^^^^^^^^^^^^^^^^^^^^^^^^^^^^^^^^^^^^^^
  File "C:\Users\saiem\Documents\GitHub-Data\sdv-dev\cfbfastR-dev\cfbfastR-cfb-raw\.venv\Lib\site-packages\sportsdataverse\cfb\cfb_pbp.py", line 1224, in __helper_cfb_game_data
    homeTeamMascot = str(pbp_txt["header"]["competitions"][0]["competitors"][0]["team"]["name"])
                         ~~~~~~~~~~~~~~~~~~~~~~~~~~~~~~~~~~~~~~~~~~~~~~~~~~~~~~~~~~~~~~^^^^^^^^
KeyError: 'name'
ERROR:cfb_json_2020:download_game failed: 401267168
Traceback (most recent call last):
  File "C:\Users\saiem\Documents\GitHub-Data\sdv-dev\cfbfastR-dev\cfbfastR-cfb-raw\python\scrape_cfb_json.py", line 80, in download_game
    result = proc.run_processing_pipeline()
             ^^^^^^^^^^^^^^^^^^^^^^^^^^^^^^
  File "C:\Users\saiem\Documents\GitHub-Data\sdv-dev\cfbfastR-dev\cfbfastR-cfb-raw\.venv\Lib\site-packages\sportsdataverse\cfb\cfb_pbp.py", line 5937, in run_processing_pipeline
    pbp_txt = self.__helper_cfb_pbp_drives(self.json)
              ^^^^^^^^^^^^^^^^^^^^^^^^^^^^^^^^^^^^^^^
  File "C:\Users\saiem\Documents\GitHub-Data\sdv-dev\cfbfastR-dev\cfbfastR-cfb-raw\.venv\Lib\site-packages\sportsdataverse\cfb\cfb_pbp.py", line 482, in __helper_cfb_pbp_drives
    pbp_txt, init = self.__helper_cfb_pbp(pbp_txt)
                    ^^^^^^^^^^^^^^^^^^^^^^^^^^^^^^
  File "C:\Users\saiem\Documents\GitHub-Data\sdv-dev\cfbfastR-dev\cfbfastR-cfb-raw\.venv\Lib\site-packages\sportsdataverse\cfb\cfb_pbp.py", line 1082, in __helper_cfb_pbp
    return self.__helper_cfb_game_data(pbp_txt, init)
           ^^^^^^^^^^^^^^^^^^^^^^^^^^^^^^^^^^^^^^^^^^
  File "C:\Users\saiem\Documents\GitHub-Data\sdv-dev\cfbfastR-dev\cfbfastR-cfb-raw\.venv\Lib\site-packages\sportsdataverse\cfb\cfb_pbp.py", line 1224, in __helper_cfb_game_data
    homeTeamMascot = str(pbp_txt["header"]["competitions"][0]["competitors"][0]["team"]["name"])
                         ~~~~~~~~~~~~~~~~~~~~~~~~~~~~~~~~~~~~~~~~~~~~~~~~~~~~~~~~~~~~~~^^^^^^^^
KeyError: 'name'
cfb 2020:  94%|#########4| 127/135 [00:24<00:00, 10.55it/s]2026-06-17 11:48:27,767 ERROR download_game failed: 401256107
Traceback (most recent call last):
  File "C:\Users\saiem\Documents\GitHub-Data\sdv-dev\cfbfastR-dev\cfbfastR-cfb-raw\python\scrape_cfb_json.py", line 80, in download_game
    result = proc.run_processing_pipeline()
             ^^^^^^^^^^^^^^^^^^^^^^^^^^^^^^
  File "C:\Users\saiem\Documents\GitHub-Data\sdv-dev\cfbfastR-dev\cfbfastR-cfb-raw\.venv\Lib\site-packages\sportsdataverse\cfb\cfb_pbp.py", line 5937, in run_processing_pipeline
    pbp_txt = self.__helper_cfb_pbp_drives(self.json)
              ^^^^^^^^^^^^^^^^^^^^^^^^^^^^^^^^^^^^^^^
  File "C:\Users\saiem\Documents\GitHub-Data\sdv-dev\cfbfastR-dev\cfbfastR-cfb-raw\.venv\Lib\site-packages\sportsdataverse\cfb\cfb_pbp.py", line 482, in __helper_cfb_pbp_drives
    pbp_txt, init = self.__helper_cfb_pbp(pbp_txt)
                    ^^^^^^^^^^^^^^^^^^^^^^^^^^^^^^
  File "C:\Users\saiem\Documents\GitHub-Data\sdv-dev\cfbfastR-dev\cfbfastR-cfb-raw\.venv\Lib\site-packages\sportsdataverse\cfb\cfb_pbp.py", line 1082, in __helper_cfb_pbp
    return self.__helper_cfb_game_data(pbp_txt, init)
           ^^^^^^^^^^^^^^^^^^^^^^^^^^^^^^^^^^^^^^^^^^
  File "C:\Users\saiem\Documents\GitHub-Data\sdv-dev\cfbfastR-dev\cfbfastR-cfb-raw\.venv\Lib\site-packages\sportsdataverse\cfb\cfb_pbp.py", line 1224, in __helper_cfb_game_data
    homeTeamMascot = str(pbp_txt["header"]["competitions"][0]["competitors"][0]["team"]["name"])
                         ~~~~~~~~~~~~~~~~~~~~~~~~~~~~~~~~~~~~~~~~~~~~~~~~~~~~~~~~~~~~~~^^^^^^^^
KeyError: 'name'
ERROR:cfb_json_2020:download_game failed: 401256107
Traceback (most recent call last):
  File "C:\Users\saiem\Documents\GitHub-Data\sdv-dev\cfbfastR-dev\cfbfastR-cfb-raw\python\scrape_cfb_json.py", line 80, in download_game
    result = proc.run_processing_pipeline()
             ^^^^^^^^^^^^^^^^^^^^^^^^^^^^^^
  File "C:\Users\saiem\Documents\GitHub-Data\sdv-dev\cfbfastR-dev\cfbfastR-cfb-raw\.venv\Lib\site-packages\sportsdataverse\cfb\cfb_pbp.py", line 5937, in run_processing_pipeline
    pbp_txt = self.__helper_cfb_pbp_drives(self.json)
              ^^^^^^^^^^^^^^^^^^^^^^^^^^^^^^^^^^^^^^^
  File "C:\Users\saiem\Documents\GitHub-Data\sdv-dev\cfbfastR-dev\cfbfastR-cfb-raw\.venv\Lib\site-packages\sportsdataverse\cfb\cfb_pbp.py", line 482, in __helper_cfb_pbp_drives
    pbp_txt, init = self.__helper_cfb_pbp(pbp_txt)
                    ^^^^^^^^^^^^^^^^^^^^^^^^^^^^^^
  File "C:\Users\saiem\Documents\GitHub-Data\sdv-dev\cfbfastR-dev\cfbfastR-cfb-raw\.venv\Lib\site-packages\sportsdataverse\cfb\cfb_pbp.py", line 1082, in __helper_cfb_pbp
    return self.__helper_cfb_game_data(pbp_txt, init)
           ^^^^^^^^^^^^^^^^^^^^^^^^^^^^^^^^^^^^^^^^^^
  File "C:\Users\saiem\Documents\GitHub-Data\sdv-dev\cfbfastR-dev\cfbfastR-cfb-raw\.venv\Lib\site-packages\sportsdataverse\cfb\cfb_pbp.py", line 1224, in __helper_cfb_game_data
    homeTeamMascot = str(pbp_txt["header"]["competitions"][0]["competitors"][0]["team"]["name"])
                         ~~~~~~~~~~~~~~~~~~~~~~~~~~~~~~~~~~~~~~~~~~~~~~~~~~~~~~~~~~~~~~^^^^^^^^
KeyError: 'name'
2026-06-17 11:48:27,903 ERROR download_game failed: 401267169
Traceback (most recent call last):
  File "C:\Users\saiem\Documents\GitHub-Data\sdv-dev\cfbfastR-dev\cfbfastR-cfb-raw\python\scrape_cfb_json.py", line 80, in download_game
    result = proc.run_processing_pipeline()
             ^^^^^^^^^^^^^^^^^^^^^^^^^^^^^^
  File "C:\Users\saiem\Documents\GitHub-Data\sdv-dev\cfbfastR-dev\cfbfastR-cfb-raw\.venv\Lib\site-packages\sportsdataverse\cfb\cfb_pbp.py", line 5937, in run_processing_pipeline
    pbp_txt = self.__helper_cfb_pbp_drives(self.json)
              ^^^^^^^^^^^^^^^^^^^^^^^^^^^^^^^^^^^^^^^
  File "C:\Users\saiem\Documents\GitHub-Data\sdv-dev\cfbfastR-dev\cfbfastR-cfb-raw\.venv\Lib\site-packages\sportsdataverse\cfb\cfb_pbp.py", line 482, in __helper_cfb_pbp_drives
    pbp_txt, init = self.__helper_cfb_pbp(pbp_txt)
                    ^^^^^^^^^^^^^^^^^^^^^^^^^^^^^^
  File "C:\Users\saiem\Documents\GitHub-Data\sdv-dev\cfbfastR-dev\cfbfastR-cfb-raw\.venv\Lib\site-packages\sportsdataverse\cfb\cfb_pbp.py", line 1082, in __helper_cfb_pbp
    return self.__helper_cfb_game_data(pbp_txt, init)
           ^^^^^^^^^^^^^^^^^^^^^^^^^^^^^^^^^^^^^^^^^^
  File "C:\Users\saiem\Documents\GitHub-Data\sdv-dev\cfbfastR-dev\cfbfastR-cfb-raw\.venv\Lib\site-packages\sportsdataverse\cfb\cfb_pbp.py", line 1224, in __helper_cfb_game_data
    homeTeamMascot = str(pbp_txt["header"]["competitions"][0]["competitors"][0]["team"]["name"])
                         ~~~~~~~~~~~~~~~~~~~~~~~~~~~~~~~~~~~~~~~~~~~~~~~~~~~~~~~~~~~~~~^^^^^^^^
KeyError: 'name'
ERROR:cfb_json_2020:download_game failed: 401267169
Traceback (most recent call last):
  File "C:\Users\saiem\Documents\GitHub-Data\sdv-dev\cfbfastR-dev\cfbfastR-cfb-raw\python\scrape_cfb_json.py", line 80, in download_game
    result = proc.run_processing_pipeline()
             ^^^^^^^^^^^^^^^^^^^^^^^^^^^^^^
  File "C:\Users\saiem\Documents\GitHub-Data\sdv-dev\cfbfastR-dev\cfbfastR-cfb-raw\.venv\Lib\site-packages\sportsdataverse\cfb\cfb_pbp.py", line 5937, in run_processing_pipeline
    pbp_txt = self.__helper_cfb_pbp_drives(self.json)
              ^^^^^^^^^^^^^^^^^^^^^^^^^^^^^^^^^^^^^^^
  File "C:\Users\saiem\Documents\GitHub-Data\sdv-dev\cfbfastR-dev\cfbfastR-cfb-raw\.venv\Lib\site-packages\sportsdataverse\cfb\cfb_pbp.py", line 482, in __helper_cfb_pbp_drives
    pbp_txt, init = self.__helper_cfb_pbp(pbp_txt)
                    ^^^^^^^^^^^^^^^^^^^^^^^^^^^^^^
  File "C:\Users\saiem\Documents\GitHub-Data\sdv-dev\cfbfastR-dev\cfbfastR-cfb-raw\.venv\Lib\site-packages\sportsdataverse\cfb\cfb_pbp.py", line 1082, in __helper_cfb_pbp
    return self.__helper_cfb_game_data(pbp_txt, init)
           ^^^^^^^^^^^^^^^^^^^^^^^^^^^^^^^^^^^^^^^^^^
  File "C:\Users\saiem\Documents\GitHub-Data\sdv-dev\cfbfastR-dev\cfbfastR-cfb-raw\.venv\Lib\site-packages\sportsdataverse\cfb\cfb_pbp.py", line 1224, in __helper_cfb_game_data
    homeTeamMascot = str(pbp_txt["header"]["competitions"][0]["competitors"][0]["team"]["name"])
                         ~~~~~~~~~~~~~~~~~~~~~~~~~~~~~~~~~~~~~~~~~~~~~~~~~~~~~~~~~~~~~~^^^^^^^^
KeyError: 'name'
cfb 2020:  96%|#########5| 129/135 [00:24<00:00, 11.03it/s]2026-06-17 11:48:27,933 ERROR extra fetch failed: _rosters(401256193,)
Traceback (most recent call last):
  File "C:\Users\saiem\Documents\GitHub-Data\sdv-dev\cfbfastR-dev\cfbfastR-cfb-raw\python\_cfb_raw_utils.py", line 106, in _safe
    return fn(*args, **kwargs)
           ^^^^^^^^^^^^^^^^^^^
  File "C:\Users\saiem\Documents\GitHub-Data\sdv-dev\cfbfastR-dev\cfbfastR-cfb-raw\python\scrape_cfb_json.py", line 42, in _rosters
    return sdv.cfb.espn_cfb_game_rosters(
           ^^^^^^^^^^^^^^^^^^^^^^^^^^^^^^
  File "C:\Users\saiem\Documents\GitHub-Data\sdv-dev\cfbfastR-dev\cfbfastR-cfb-raw\.venv\Lib\site-packages\sportsdataverse\cfb\cfb_game_rosters.py", line 66, in espn_cfb_game_rosters
    team_rosters = helper_cfb_roster_items(items=items, summary_url=summary_url, **kwargs)
                   ^^^^^^^^^^^^^^^^^^^^^^^^^^^^^^^^^^^^^^^^^^^^^^^^^^^^^^^^^^^^^^^^^^^^^^^
  File "C:\Users\saiem\Documents\GitHub-Data\sdv-dev\cfbfastR-dev\cfbfastR-cfb-raw\.venv\Lib\site-packages\sportsdataverse\cfb\cfb_game_rosters.py", line 209, in helper_cfb_roster_items
    raise NoESPNDataError(f"NoESPNDataError: No roster data found for any team at {summary_url}")
sportsdataverse.errors.NoESPNDataError: NoESPNDataError: No roster data found for any team at https://sports.core.api.espn.com/v2/sports/football/leagues/college-football/events/401256193/competitions/401256193/competitors
ERROR:cfb_json_2020:extra fetch failed: _rosters(401256193,)
Traceback (most recent call last):
  File "C:\Users\saiem\Documents\GitHub-Data\sdv-dev\cfbfastR-dev\cfbfastR-cfb-raw\python\_cfb_raw_utils.py", line 106, in _safe
    return fn(*args, **kwargs)
           ^^^^^^^^^^^^^^^^^^^
  File "C:\Users\saiem\Documents\GitHub-Data\sdv-dev\cfbfastR-dev\cfbfastR-cfb-raw\python\scrape_cfb_json.py", line 42, in _rosters
    return sdv.cfb.espn_cfb_game_rosters(
           ^^^^^^^^^^^^^^^^^^^^^^^^^^^^^^
  File "C:\Users\saiem\Documents\GitHub-Data\sdv-dev\cfbfastR-dev\cfbfastR-cfb-raw\.venv\Lib\site-packages\sportsdataverse\cfb\cfb_game_rosters.py", line 66, in espn_cfb_game_rosters
    team_rosters = helper_cfb_roster_items(items=items, summary_url=summary_url, **kwargs)
                   ^^^^^^^^^^^^^^^^^^^^^^^^^^^^^^^^^^^^^^^^^^^^^^^^^^^^^^^^^^^^^^^^^^^^^^^
  File "C:\Users\saiem\Documents\GitHub-Data\sdv-dev\cfbfastR-dev\cfbfastR-cfb-raw\.venv\Lib\site-packages\sportsdataverse\cfb\cfb_game_rosters.py", line 209, in helper_cfb_roster_items
    raise NoESPNDataError(f"NoESPNDataError: No roster data found for any team at {summary_url}")
sportsdataverse.errors.NoESPNDataError: NoESPNDataError: No roster data found for any team at https://sports.core.api.espn.com/v2/sports/football/leagues/college-football/events/401256193/competitions/401256193/competitors
2026-06-17 11:48:27,958 ERROR download_game failed: 401267170
Traceback (most recent call last):
  File "C:\Users\saiem\Documents\GitHub-Data\sdv-dev\cfbfastR-dev\cfbfastR-cfb-raw\python\scrape_cfb_json.py", line 80, in download_game
    result = proc.run_processing_pipeline()
             ^^^^^^^^^^^^^^^^^^^^^^^^^^^^^^
  File "C:\Users\saiem\Documents\GitHub-Data\sdv-dev\cfbfastR-dev\cfbfastR-cfb-raw\.venv\Lib\site-packages\sportsdataverse\cfb\cfb_pbp.py", line 5937, in run_processing_pipeline
    pbp_txt = self.__helper_cfb_pbp_drives(self.json)
              ^^^^^^^^^^^^^^^^^^^^^^^^^^^^^^^^^^^^^^^
  File "C:\Users\saiem\Documents\GitHub-Data\sdv-dev\cfbfastR-dev\cfbfastR-cfb-raw\.venv\Lib\site-packages\sportsdataverse\cfb\cfb_pbp.py", line 482, in __helper_cfb_pbp_drives
    pbp_txt, init = self.__helper_cfb_pbp(pbp_txt)
                    ^^^^^^^^^^^^^^^^^^^^^^^^^^^^^^
  File "C:\Users\saiem\Documents\GitHub-Data\sdv-dev\cfbfastR-dev\cfbfastR-cfb-raw\.venv\Lib\site-packages\sportsdataverse\cfb\cfb_pbp.py", line 1082, in __helper_cfb_pbp
    return self.__helper_cfb_game_data(pbp_txt, init)
           ^^^^^^^^^^^^^^^^^^^^^^^^^^^^^^^^^^^^^^^^^^
  File "C:\Users\saiem\Documents\GitHub-Data\sdv-dev\cfbfastR-dev\cfbfastR-cfb-raw\.venv\Lib\site-packages\sportsdataverse\cfb\cfb_pbp.py", line 1224, in __helper_cfb_game_data
    homeTeamMascot = str(pbp_txt["header"]["competitions"][0]["competitors"][0]["team"]["name"])
                         ~~~~~~~~~~~~~~~~~~~~~~~~~~~~~~~~~~~~~~~~~~~~~~~~~~~~~~~~~~~~~~^^^^^^^^
KeyError: 'name'
ERROR:cfb_json_2020:download_game failed: 401267170
Traceback (most recent call last):
  File "C:\Users\saiem\Documents\GitHub-Data\sdv-dev\cfbfastR-dev\cfbfastR-cfb-raw\python\scrape_cfb_json.py", line 80, in download_game
    result = proc.run_processing_pipeline()
             ^^^^^^^^^^^^^^^^^^^^^^^^^^^^^^
  File "C:\Users\saiem\Documents\GitHub-Data\sdv-dev\cfbfastR-dev\cfbfastR-cfb-raw\.venv\Lib\site-packages\sportsdataverse\cfb\cfb_pbp.py", line 5937, in run_processing_pipeline
    pbp_txt = self.__helper_cfb_pbp_drives(self.json)
              ^^^^^^^^^^^^^^^^^^^^^^^^^^^^^^^^^^^^^^^
  File "C:\Users\saiem\Documents\GitHub-Data\sdv-dev\cfbfastR-dev\cfbfastR-cfb-raw\.venv\Lib\site-packages\sportsdataverse\cfb\cfb_pbp.py", line 482, in __helper_cfb_pbp_drives
    pbp_txt, init = self.__helper_cfb_pbp(pbp_txt)
                    ^^^^^^^^^^^^^^^^^^^^^^^^^^^^^^
  File "C:\Users\saiem\Documents\GitHub-Data\sdv-dev\cfbfastR-dev\cfbfastR-cfb-raw\.venv\Lib\site-packages\sportsdataverse\cfb\cfb_pbp.py", line 1082, in __helper_cfb_pbp
    return self.__helper_cfb_game_data(pbp_txt, init)
           ^^^^^^^^^^^^^^^^^^^^^^^^^^^^^^^^^^^^^^^^^^
  File "C:\Users\saiem\Documents\GitHub-Data\sdv-dev\cfbfastR-dev\cfbfastR-cfb-raw\.venv\Lib\site-packages\sportsdataverse\cfb\cfb_pbp.py", line 1224, in __helper_cfb_game_data
    homeTeamMascot = str(pbp_txt["header"]["competitions"][0]["competitors"][0]["team"]["name"])
                         ~~~~~~~~~~~~~~~~~~~~~~~~~~~~~~~~~~~~~~~~~~~~~~~~~~~~~~~~~~~~~~^^^^^^^^
KeyError: 'name'
2026-06-17 11:48:28,040 ERROR extra fetch failed: _rosters(401256198,)
Traceback (most recent call last):
  File "C:\Users\saiem\Documents\GitHub-Data\sdv-dev\cfbfastR-dev\cfbfastR-cfb-raw\python\_cfb_raw_utils.py", line 106, in _safe
    return fn(*args, **kwargs)
           ^^^^^^^^^^^^^^^^^^^
  File "C:\Users\saiem\Documents\GitHub-Data\sdv-dev\cfbfastR-dev\cfbfastR-cfb-raw\python\scrape_cfb_json.py", line 42, in _rosters
    return sdv.cfb.espn_cfb_game_rosters(
           ^^^^^^^^^^^^^^^^^^^^^^^^^^^^^^
  File "C:\Users\saiem\Documents\GitHub-Data\sdv-dev\cfbfastR-dev\cfbfastR-cfb-raw\.venv\Lib\site-packages\sportsdataverse\cfb\cfb_game_rosters.py", line 66, in espn_cfb_game_rosters
    team_rosters = helper_cfb_roster_items(items=items, summary_url=summary_url, **kwargs)
                   ^^^^^^^^^^^^^^^^^^^^^^^^^^^^^^^^^^^^^^^^^^^^^^^^^^^^^^^^^^^^^^^^^^^^^^^
  File "C:\Users\saiem\Documents\GitHub-Data\sdv-dev\cfbfastR-dev\cfbfastR-cfb-raw\.venv\Lib\site-packages\sportsdataverse\cfb\cfb_game_rosters.py", line 209, in helper_cfb_roster_items
    raise NoESPNDataError(f"NoESPNDataError: No roster data found for any team at {summary_url}")
sportsdataverse.errors.NoESPNDataError: NoESPNDataError: No roster data found for any team at https://sports.core.api.espn.com/v2/sports/football/leagues/college-football/events/401256198/competitions/401256198/competitors
ERROR:cfb_json_2020:extra fetch failed: _rosters(401256198,)
Traceback (most recent call last):
  File "C:\Users\saiem\Documents\GitHub-Data\sdv-dev\cfbfastR-dev\cfbfastR-cfb-raw\python\_cfb_raw_utils.py", line 106, in _safe
    return fn(*args, **kwargs)
           ^^^^^^^^^^^^^^^^^^^
  File "C:\Users\saiem\Documents\GitHub-Data\sdv-dev\cfbfastR-dev\cfbfastR-cfb-raw\python\scrape_cfb_json.py", line 42, in _rosters
    return sdv.cfb.espn_cfb_game_rosters(
           ^^^^^^^^^^^^^^^^^^^^^^^^^^^^^^
  File "C:\Users\saiem\Documents\GitHub-Data\sdv-dev\cfbfastR-dev\cfbfastR-cfb-raw\.venv\Lib\site-packages\sportsdataverse\cfb\cfb_game_rosters.py", line 66, in espn_cfb_game_rosters
    team_rosters = helper_cfb_roster_items(items=items, summary_url=summary_url, **kwargs)
                   ^^^^^^^^^^^^^^^^^^^^^^^^^^^^^^^^^^^^^^^^^^^^^^^^^^^^^^^^^^^^^^^^^^^^^^^
  File "C:\Users\saiem\Documents\GitHub-Data\sdv-dev\cfbfastR-dev\cfbfastR-cfb-raw\.venv\Lib\site-packages\sportsdataverse\cfb\cfb_game_rosters.py", line 209, in helper_cfb_roster_items
    raise NoESPNDataError(f"NoESPNDataError: No roster data found for any team at {summary_url}")
sportsdataverse.errors.NoESPNDataError: NoESPNDataError: No roster data found for any team at https://sports.core.api.espn.com/v2/sports/football/leagues/college-football/events/401256198/competitions/401256198/competitors
cfb 2020:  97%|#########7| 131/135 [00:24<00:00, 11.14it/s]2026-06-17 11:48:28,100 ERROR download_game failed: 401267171
Traceback (most recent call last):
  File "C:\Users\saiem\Documents\GitHub-Data\sdv-dev\cfbfastR-dev\cfbfastR-cfb-raw\python\scrape_cfb_json.py", line 80, in download_game
    result = proc.run_processing_pipeline()
             ^^^^^^^^^^^^^^^^^^^^^^^^^^^^^^
  File "C:\Users\saiem\Documents\GitHub-Data\sdv-dev\cfbfastR-dev\cfbfastR-cfb-raw\.venv\Lib\site-packages\sportsdataverse\cfb\cfb_pbp.py", line 5937, in run_processing_pipeline
    pbp_txt = self.__helper_cfb_pbp_drives(self.json)
              ^^^^^^^^^^^^^^^^^^^^^^^^^^^^^^^^^^^^^^^
  File "C:\Users\saiem\Documents\GitHub-Data\sdv-dev\cfbfastR-dev\cfbfastR-cfb-raw\.venv\Lib\site-packages\sportsdataverse\cfb\cfb_pbp.py", line 482, in __helper_cfb_pbp_drives
    pbp_txt, init = self.__helper_cfb_pbp(pbp_txt)
                    ^^^^^^^^^^^^^^^^^^^^^^^^^^^^^^
  File "C:\Users\saiem\Documents\GitHub-Data\sdv-dev\cfbfastR-dev\cfbfastR-cfb-raw\.venv\Lib\site-packages\sportsdataverse\cfb\cfb_pbp.py", line 1082, in __helper_cfb_pbp
    return self.__helper_cfb_game_data(pbp_txt, init)
           ^^^^^^^^^^^^^^^^^^^^^^^^^^^^^^^^^^^^^^^^^^
  File "C:\Users\saiem\Documents\GitHub-Data\sdv-dev\cfbfastR-dev\cfbfastR-cfb-raw\.venv\Lib\site-packages\sportsdataverse\cfb\cfb_pbp.py", line 1224, in __helper_cfb_game_data
    homeTeamMascot = str(pbp_txt["header"]["competitions"][0]["competitors"][0]["team"]["name"])
                         ~~~~~~~~~~~~~~~~~~~~~~~~~~~~~~~~~~~~~~~~~~~~~~~~~~~~~~~~~~~~~~^^^^^^^^
KeyError: 'name'
ERROR:cfb_json_2020:download_game failed: 401267171
Traceback (most recent call last):
  File "C:\Users\saiem\Documents\GitHub-Data\sdv-dev\cfbfastR-dev\cfbfastR-cfb-raw\python\scrape_cfb_json.py", line 80, in download_game
    result = proc.run_processing_pipeline()
             ^^^^^^^^^^^^^^^^^^^^^^^^^^^^^^
  File "C:\Users\saiem\Documents\GitHub-Data\sdv-dev\cfbfastR-dev\cfbfastR-cfb-raw\.venv\Lib\site-packages\sportsdataverse\cfb\cfb_pbp.py", line 5937, in run_processing_pipeline
    pbp_txt = self.__helper_cfb_pbp_drives(self.json)
              ^^^^^^^^^^^^^^^^^^^^^^^^^^^^^^^^^^^^^^^
  File "C:\Users\saiem\Documents\GitHub-Data\sdv-dev\cfbfastR-dev\cfbfastR-cfb-raw\.venv\Lib\site-packages\sportsdataverse\cfb\cfb_pbp.py", line 482, in __helper_cfb_pbp_drives
    pbp_txt, init = self.__helper_cfb_pbp(pbp_txt)
                    ^^^^^^^^^^^^^^^^^^^^^^^^^^^^^^
  File "C:\Users\saiem\Documents\GitHub-Data\sdv-dev\cfbfastR-dev\cfbfastR-cfb-raw\.venv\Lib\site-packages\sportsdataverse\cfb\cfb_pbp.py", line 1082, in __helper_cfb_pbp
    return self.__helper_cfb_game_data(pbp_txt, init)
           ^^^^^^^^^^^^^^^^^^^^^^^^^^^^^^^^^^^^^^^^^^
  File "C:\Users\saiem\Documents\GitHub-Data\sdv-dev\cfbfastR-dev\cfbfastR-cfb-raw\.venv\Lib\site-packages\sportsdataverse\cfb\cfb_pbp.py", line 1224, in __helper_cfb_game_data
    homeTeamMascot = str(pbp_txt["header"]["competitions"][0]["competitors"][0]["team"]["name"])
                         ~~~~~~~~~~~~~~~~~~~~~~~~~~~~~~~~~~~~~~~~~~~~~~~~~~~~~~~~~~~~~~^^^^^^^^
KeyError: 'name'
2026-06-17 11:48:28,173 ERROR download_game failed: 401267172
Traceback (most recent call last):
  File "C:\Users\saiem\Documents\GitHub-Data\sdv-dev\cfbfastR-dev\cfbfastR-cfb-raw\python\scrape_cfb_json.py", line 80, in download_game
    result = proc.run_processing_pipeline()
             ^^^^^^^^^^^^^^^^^^^^^^^^^^^^^^
  File "C:\Users\saiem\Documents\GitHub-Data\sdv-dev\cfbfastR-dev\cfbfastR-cfb-raw\.venv\Lib\site-packages\sportsdataverse\cfb\cfb_pbp.py", line 5937, in run_processing_pipeline
    pbp_txt = self.__helper_cfb_pbp_drives(self.json)
              ^^^^^^^^^^^^^^^^^^^^^^^^^^^^^^^^^^^^^^^
  File "C:\Users\saiem\Documents\GitHub-Data\sdv-dev\cfbfastR-dev\cfbfastR-cfb-raw\.venv\Lib\site-packages\sportsdataverse\cfb\cfb_pbp.py", line 482, in __helper_cfb_pbp_drives
    pbp_txt, init = self.__helper_cfb_pbp(pbp_txt)
                    ^^^^^^^^^^^^^^^^^^^^^^^^^^^^^^
  File "C:\Users\saiem\Documents\GitHub-Data\sdv-dev\cfbfastR-dev\cfbfastR-cfb-raw\.venv\Lib\site-packages\sportsdataverse\cfb\cfb_pbp.py", line 1082, in __helper_cfb_pbp
    return self.__helper_cfb_game_data(pbp_txt, init)
           ^^^^^^^^^^^^^^^^^^^^^^^^^^^^^^^^^^^^^^^^^^
  File "C:\Users\saiem\Documents\GitHub-Data\sdv-dev\cfbfastR-dev\cfbfastR-cfb-raw\.venv\Lib\site-packages\sportsdataverse\cfb\cfb_pbp.py", line 1224, in __helper_cfb_game_data
    homeTeamMascot = str(pbp_txt["header"]["competitions"][0]["competitors"][0]["team"]["name"])
                         ~~~~~~~~~~~~~~~~~~~~~~~~~~~~~~~~~~~~~~~~~~~~~~~~~~~~~~~~~~~~~~^^^^^^^^
KeyError: 'name'
ERROR:cfb_json_2020:download_game failed: 401267172
Traceback (most recent call last):
  File "C:\Users\saiem\Documents\GitHub-Data\sdv-dev\cfbfastR-dev\cfbfastR-cfb-raw\python\scrape_cfb_json.py", line 80, in download_game
    result = proc.run_processing_pipeline()
             ^^^^^^^^^^^^^^^^^^^^^^^^^^^^^^
  File "C:\Users\saiem\Documents\GitHub-Data\sdv-dev\cfbfastR-dev\cfbfastR-cfb-raw\.venv\Lib\site-packages\sportsdataverse\cfb\cfb_pbp.py", line 5937, in run_processing_pipeline
    pbp_txt = self.__helper_cfb_pbp_drives(self.json)
              ^^^^^^^^^^^^^^^^^^^^^^^^^^^^^^^^^^^^^^^
  File "C:\Users\saiem\Documents\GitHub-Data\sdv-dev\cfbfastR-dev\cfbfastR-cfb-raw\.venv\Lib\site-packages\sportsdataverse\cfb\cfb_pbp.py", line 482, in __helper_cfb_pbp_drives
    pbp_txt, init = self.__helper_cfb_pbp(pbp_txt)
                    ^^^^^^^^^^^^^^^^^^^^^^^^^^^^^^
  File "C:\Users\saiem\Documents\GitHub-Data\sdv-dev\cfbfastR-dev\cfbfastR-cfb-raw\.venv\Lib\site-packages\sportsdataverse\cfb\cfb_pbp.py", line 1082, in __helper_cfb_pbp
    return self.__helper_cfb_game_data(pbp_txt, init)
           ^^^^^^^^^^^^^^^^^^^^^^^^^^^^^^^^^^^^^^^^^^
  File "C:\Users\saiem\Documents\GitHub-Data\sdv-dev\cfbfastR-dev\cfbfastR-cfb-raw\.venv\Lib\site-packages\sportsdataverse\cfb\cfb_pbp.py", line 1224, in __helper_cfb_game_data
    homeTeamMascot = str(pbp_txt["header"]["competitions"][0]["competitors"][0]["team"]["name"])
                         ~~~~~~~~~~~~~~~~~~~~~~~~~~~~~~~~~~~~~~~~~~~~~~~~~~~~~~~~~~~~~~^^^^^^^^
KeyError: 'name'
cfb 2020:  99%|#########9| 134/135 [00:25<00:00, 14.40it/s]2026-06-17 11:48:28,277 ERROR download_game failed: 401267733
Traceback (most recent call last):
  File "C:\Users\saiem\Documents\GitHub-Data\sdv-dev\cfbfastR-dev\cfbfastR-cfb-raw\python\scrape_cfb_json.py", line 80, in download_game
    result = proc.run_processing_pipeline()
             ^^^^^^^^^^^^^^^^^^^^^^^^^^^^^^
  File "C:\Users\saiem\Documents\GitHub-Data\sdv-dev\cfbfastR-dev\cfbfastR-cfb-raw\.venv\Lib\site-packages\sportsdataverse\cfb\cfb_pbp.py", line 5937, in run_processing_pipeline
    pbp_txt = self.__helper_cfb_pbp_drives(self.json)
              ^^^^^^^^^^^^^^^^^^^^^^^^^^^^^^^^^^^^^^^
  File "C:\Users\saiem\Documents\GitHub-Data\sdv-dev\cfbfastR-dev\cfbfastR-cfb-raw\.venv\Lib\site-packages\sportsdataverse\cfb\cfb_pbp.py", line 482, in __helper_cfb_pbp_drives
    pbp_txt, init = self.__helper_cfb_pbp(pbp_txt)
                    ^^^^^^^^^^^^^^^^^^^^^^^^^^^^^^
  File "C:\Users\saiem\Documents\GitHub-Data\sdv-dev\cfbfastR-dev\cfbfastR-cfb-raw\.venv\Lib\site-packages\sportsdataverse\cfb\cfb_pbp.py", line 1082, in __helper_cfb_pbp
    return self.__helper_cfb_game_data(pbp_txt, init)
           ^^^^^^^^^^^^^^^^^^^^^^^^^^^^^^^^^^^^^^^^^^
  File "C:\Users\saiem\Documents\GitHub-Data\sdv-dev\cfbfastR-dev\cfbfastR-cfb-raw\.venv\Lib\site-packages\sportsdataverse\cfb\cfb_pbp.py", line 1224, in __helper_cfb_game_data
    homeTeamMascot = str(pbp_txt["header"]["competitions"][0]["competitors"][0]["team"]["name"])
                         ~~~~~~~~~~~~~~~~~~~~~~~~~~~~~~~~~~~~~~~~~~~~~~~~~~~~~~~~~~~~~~^^^^^^^^
KeyError: 'name'
ERROR:cfb_json_2020:download_game failed: 401267733
Traceback (most recent call last):
  File "C:\Users\saiem\Documents\GitHub-Data\sdv-dev\cfbfastR-dev\cfbfastR-cfb-raw\python\scrape_cfb_json.py", line 80, in download_game
    result = proc.run_processing_pipeline()
             ^^^^^^^^^^^^^^^^^^^^^^^^^^^^^^
  File "C:\Users\saiem\Documents\GitHub-Data\sdv-dev\cfbfastR-dev\cfbfastR-cfb-raw\.venv\Lib\site-packages\sportsdataverse\cfb\cfb_pbp.py", line 5937, in run_processing_pipeline
    pbp_txt = self.__helper_cfb_pbp_drives(self.json)
              ^^^^^^^^^^^^^^^^^^^^^^^^^^^^^^^^^^^^^^^
  File "C:\Users\saiem\Documents\GitHub-Data\sdv-dev\cfbfastR-dev\cfbfastR-cfb-raw\.venv\Lib\site-packages\sportsdataverse\cfb\cfb_pbp.py", line 482, in __helper_cfb_pbp_drives
    pbp_txt, init = self.__helper_cfb_pbp(pbp_txt)
                    ^^^^^^^^^^^^^^^^^^^^^^^^^^^^^^
  File "C:\Users\saiem\Documents\GitHub-Data\sdv-dev\cfbfastR-dev\cfbfastR-cfb-raw\.venv\Lib\site-packages\sportsdataverse\cfb\cfb_pbp.py", line 1082, in __helper_cfb_pbp
    return self.__helper_cfb_game_data(pbp_txt, init)
           ^^^^^^^^^^^^^^^^^^^^^^^^^^^^^^^^^^^^^^^^^^
  File "C:\Users\saiem\Documents\GitHub-Data\sdv-dev\cfbfastR-dev\cfbfastR-cfb-raw\.venv\Lib\site-packages\sportsdataverse\cfb\cfb_pbp.py", line 1224, in __helper_cfb_game_data
    homeTeamMascot = str(pbp_txt["header"]["competitions"][0]["competitors"][0]["team"]["name"])
                         ~~~~~~~~~~~~~~~~~~~~~~~~~~~~~~~~~~~~~~~~~~~~~~~~~~~~~~~~~~~~~~^^^^^^^^
KeyError: 'name'
cfb 2020: 100%|##########| 135/135 [00:25<00:00,  5.36it/s]
[main be398da34] CFB Raw Update (Start: 2020 End: 2020)
 1 file changed, 0 insertions(+), 0 deletions(-)
To https://github.com/sportsdataverse/cfbfastR-cfb-raw.git
   c645b384a..be398da34  main -> main
