2026-06-13 19:39:55,262 INFO season 2011: 501 games to scrape (rescrape=False)
2026-06-13 19:40:07,027 ERROR extra fetch failed: _rosters(320314227,)
Traceback (most recent call last):
  File "C:\Users\saiem\Documents\GitHub-Data\sdv-dev\cfbfastR-dev\cfbfastR-cfb-raw\python\_cfb_raw_utils.py", line 93, in _safe
    return fn(*args, **kwargs)
           ^^^^^^^^^^^^^^^^^^^
  File "C:\Users\saiem\Documents\GitHub-Data\sdv-dev\cfbfastR-dev\cfbfastR-cfb-raw\python\scrape_cfb_json.py", line 31, in _rosters
    return sdv.cfb.espn_cfb_game_rosters(game_id=gid, return_as_pandas=True).to_dict("records")
           ^^^^^^^^^^^^^^^^^^^^^^^^^^^^^^^^^^^^^^^^^^^^^^^^^^^^^^^^^^^^^^^^^
  File "C:\Users\saiem\Documents\GitHub-Data\sdv-dev\cfbfastR-dev\cfbfastR-cfb-raw\.venv\Lib\site-packages\sportsdataverse\cfb\cfb_game_rosters.py", line 65, in espn_cfb_game_rosters
    items = helper_cfb_game_items(summary)
            ^^^^^^^^^^^^^^^^^^^^^^^^^^^^^^
  File "C:\Users\saiem\Documents\GitHub-Data\sdv-dev\cfbfastR-dev\cfbfastR-cfb-raw\.venv\Lib\site-packages\sportsdataverse\cfb\cfb_game_rosters.py", line 97, in helper_cfb_game_items
    items = items.rename({"id": "team_id", "uid": "team_uid", "statistics_href": "team_statistics_href"})
            ^^^^^^^^^^^^^^^^^^^^^^^^^^^^^^^^^^^^^^^^^^^^^^^^^^^^^^^^^^^^^^^^^^^^^^^^^^^^^^^^^^^^^^^^^^^^^
  File "C:\Users\saiem\Documents\GitHub-Data\sdv-dev\cfbfastR-dev\cfbfastR-cfb-raw\.venv\Lib\site-packages\polars\dataframe\frame.py", line 5275, in rename
    .collect(optimizations=QueryOptFlags._eager())
     ^^^^^^^^^^^^^^^^^^^^^^^^^^^^^^^^^^^^^^^^^^^^^
  File "C:\Users\saiem\Documents\GitHub-Data\sdv-dev\cfbfastR-dev\cfbfastR-cfb-raw\.venv\Lib\site-packages\polars\_utils\deprecation.py", line 97, in wrapper
    return function(*args, **kwargs)
           ^^^^^^^^^^^^^^^^^^^^^^^^^
  File "C:\Users\saiem\Documents\GitHub-Data\sdv-dev\cfbfastR-dev\cfbfastR-cfb-raw\.venv\Lib\site-packages\polars\lazyframe\opt_flags.py", line 343, in wrapper
    return function(*args, **kwargs)
           ^^^^^^^^^^^^^^^^^^^^^^^^^
  File "C:\Users\saiem\Documents\GitHub-Data\sdv-dev\cfbfastR-dev\cfbfastR-cfb-raw\.venv\Lib\site-packages\polars\lazyframe\frame.py", line 2630, in collect
    return wrap_df(ldf.collect(engine, callback))
                   ^^^^^^^^^^^^^^^^^^^^^^^^^^^^^
polars.exceptions.ColumnNotFoundError: "statistics_href" not found
2026-06-13 19:40:11,484 ERROR extra fetch failed: _rosters(320213147,)
Traceback (most recent call last):
  File "C:\Users\saiem\Documents\GitHub-Data\sdv-dev\cfbfastR-dev\cfbfastR-cfb-raw\python\_cfb_raw_utils.py", line 93, in _safe
    return fn(*args, **kwargs)
           ^^^^^^^^^^^^^^^^^^^
  File "C:\Users\saiem\Documents\GitHub-Data\sdv-dev\cfbfastR-dev\cfbfastR-cfb-raw\python\scrape_cfb_json.py", line 31, in _rosters
    return sdv.cfb.espn_cfb_game_rosters(game_id=gid, return_as_pandas=True).to_dict("records")
           ^^^^^^^^^^^^^^^^^^^^^^^^^^^^^^^^^^^^^^^^^^^^^^^^^^^^^^^^^^^^^^^^^
  File "C:\Users\saiem\Documents\GitHub-Data\sdv-dev\cfbfastR-dev\cfbfastR-cfb-raw\.venv\Lib\site-packages\sportsdataverse\cfb\cfb_game_rosters.py", line 65, in espn_cfb_game_rosters
    items = helper_cfb_game_items(summary)
            ^^^^^^^^^^^^^^^^^^^^^^^^^^^^^^
  File "C:\Users\saiem\Documents\GitHub-Data\sdv-dev\cfbfastR-dev\cfbfastR-cfb-raw\.venv\Lib\site-packages\sportsdataverse\cfb\cfb_game_rosters.py", line 97, in helper_cfb_game_items
    items = items.rename({"id": "team_id", "uid": "team_uid", "statistics_href": "team_statistics_href"})
            ^^^^^^^^^^^^^^^^^^^^^^^^^^^^^^^^^^^^^^^^^^^^^^^^^^^^^^^^^^^^^^^^^^^^^^^^^^^^^^^^^^^^^^^^^^^^^
  File "C:\Users\saiem\Documents\GitHub-Data\sdv-dev\cfbfastR-dev\cfbfastR-cfb-raw\.venv\Lib\site-packages\polars\dataframe\frame.py", line 5275, in rename
    .collect(optimizations=QueryOptFlags._eager())
     ^^^^^^^^^^^^^^^^^^^^^^^^^^^^^^^^^^^^^^^^^^^^^
  File "C:\Users\saiem\Documents\GitHub-Data\sdv-dev\cfbfastR-dev\cfbfastR-cfb-raw\.venv\Lib\site-packages\polars\_utils\deprecation.py", line 97, in wrapper
    return function(*args, **kwargs)
           ^^^^^^^^^^^^^^^^^^^^^^^^^
  File "C:\Users\saiem\Documents\GitHub-Data\sdv-dev\cfbfastR-dev\cfbfastR-cfb-raw\.venv\Lib\site-packages\polars\lazyframe\opt_flags.py", line 343, in wrapper
    return function(*args, **kwargs)
           ^^^^^^^^^^^^^^^^^^^^^^^^^
  File "C:\Users\saiem\Documents\GitHub-Data\sdv-dev\cfbfastR-dev\cfbfastR-cfb-raw\.venv\Lib\site-packages\polars\lazyframe\frame.py", line 2630, in collect
    return wrap_df(ldf.collect(engine, callback))
                   ^^^^^^^^^^^^^^^^^^^^^^^^^^^^^
polars.exceptions.ColumnNotFoundError: "statistics_href" not found
2026-06-13 19:40:11,533 ERROR extra fetch failed: _rosters(320213194,)
Traceback (most recent call last):
  File "C:\Users\saiem\Documents\GitHub-Data\sdv-dev\cfbfastR-dev\cfbfastR-cfb-raw\python\_cfb_raw_utils.py", line 93, in _safe
    return fn(*args, **kwargs)
           ^^^^^^^^^^^^^^^^^^^
  File "C:\Users\saiem\Documents\GitHub-Data\sdv-dev\cfbfastR-dev\cfbfastR-cfb-raw\python\scrape_cfb_json.py", line 31, in _rosters
    return sdv.cfb.espn_cfb_game_rosters(game_id=gid, return_as_pandas=True).to_dict("records")
           ^^^^^^^^^^^^^^^^^^^^^^^^^^^^^^^^^^^^^^^^^^^^^^^^^^^^^^^^^^^^^^^^^
  File "C:\Users\saiem\Documents\GitHub-Data\sdv-dev\cfbfastR-dev\cfbfastR-cfb-raw\.venv\Lib\site-packages\sportsdataverse\cfb\cfb_game_rosters.py", line 65, in espn_cfb_game_rosters
    items = helper_cfb_game_items(summary)
            ^^^^^^^^^^^^^^^^^^^^^^^^^^^^^^
  File "C:\Users\saiem\Documents\GitHub-Data\sdv-dev\cfbfastR-dev\cfbfastR-cfb-raw\.venv\Lib\site-packages\sportsdataverse\cfb\cfb_game_rosters.py", line 97, in helper_cfb_game_items
    items = items.rename({"id": "team_id", "uid": "team_uid", "statistics_href": "team_statistics_href"})
            ^^^^^^^^^^^^^^^^^^^^^^^^^^^^^^^^^^^^^^^^^^^^^^^^^^^^^^^^^^^^^^^^^^^^^^^^^^^^^^^^^^^^^^^^^^^^^
  File "C:\Users\saiem\Documents\GitHub-Data\sdv-dev\cfbfastR-dev\cfbfastR-cfb-raw\.venv\Lib\site-packages\polars\dataframe\frame.py", line 5275, in rename
    .collect(optimizations=QueryOptFlags._eager())
     ^^^^^^^^^^^^^^^^^^^^^^^^^^^^^^^^^^^^^^^^^^^^^
  File "C:\Users\saiem\Documents\GitHub-Data\sdv-dev\cfbfastR-dev\cfbfastR-cfb-raw\.venv\Lib\site-packages\polars\_utils\deprecation.py", line 97, in wrapper
    return function(*args, **kwargs)
           ^^^^^^^^^^^^^^^^^^^^^^^^^
  File "C:\Users\saiem\Documents\GitHub-Data\sdv-dev\cfbfastR-dev\cfbfastR-cfb-raw\.venv\Lib\site-packages\polars\lazyframe\opt_flags.py", line 343, in wrapper
    return function(*args, **kwargs)
           ^^^^^^^^^^^^^^^^^^^^^^^^^
  File "C:\Users\saiem\Documents\GitHub-Data\sdv-dev\cfbfastR-dev\cfbfastR-cfb-raw\.venv\Lib\site-packages\polars\lazyframe\frame.py", line 2630, in collect
    return wrap_df(ldf.collect(engine, callback))
                   ^^^^^^^^^^^^^^^^^^^^^^^^^^^^^
polars.exceptions.ColumnNotFoundError: "statistics_href" not found
2026-06-13 19:40:11,607 ERROR extra fetch failed: _rosters(320283144,)
Traceback (most recent call last):
  File "C:\Users\saiem\Documents\GitHub-Data\sdv-dev\cfbfastR-dev\cfbfastR-cfb-raw\python\_cfb_raw_utils.py", line 93, in _safe
    return fn(*args, **kwargs)
           ^^^^^^^^^^^^^^^^^^^
  File "C:\Users\saiem\Documents\GitHub-Data\sdv-dev\cfbfastR-dev\cfbfastR-cfb-raw\python\scrape_cfb_json.py", line 31, in _rosters
    return sdv.cfb.espn_cfb_game_rosters(game_id=gid, return_as_pandas=True).to_dict("records")
           ^^^^^^^^^^^^^^^^^^^^^^^^^^^^^^^^^^^^^^^^^^^^^^^^^^^^^^^^^^^^^^^^^
  File "C:\Users\saiem\Documents\GitHub-Data\sdv-dev\cfbfastR-dev\cfbfastR-cfb-raw\.venv\Lib\site-packages\sportsdataverse\cfb\cfb_game_rosters.py", line 65, in espn_cfb_game_rosters
    items = helper_cfb_game_items(summary)
            ^^^^^^^^^^^^^^^^^^^^^^^^^^^^^^
  File "C:\Users\saiem\Documents\GitHub-Data\sdv-dev\cfbfastR-dev\cfbfastR-cfb-raw\.venv\Lib\site-packages\sportsdataverse\cfb\cfb_game_rosters.py", line 97, in helper_cfb_game_items
    items = items.rename({"id": "team_id", "uid": "team_uid", "statistics_href": "team_statistics_href"})
            ^^^^^^^^^^^^^^^^^^^^^^^^^^^^^^^^^^^^^^^^^^^^^^^^^^^^^^^^^^^^^^^^^^^^^^^^^^^^^^^^^^^^^^^^^^^^^
  File "C:\Users\saiem\Documents\GitHub-Data\sdv-dev\cfbfastR-dev\cfbfastR-cfb-raw\.venv\Lib\site-packages\polars\dataframe\frame.py", line 5275, in rename
    .collect(optimizations=QueryOptFlags._eager())
     ^^^^^^^^^^^^^^^^^^^^^^^^^^^^^^^^^^^^^^^^^^^^^
  File "C:\Users\saiem\Documents\GitHub-Data\sdv-dev\cfbfastR-dev\cfbfastR-cfb-raw\.venv\Lib\site-packages\polars\_utils\deprecation.py", line 97, in wrapper
    return function(*args, **kwargs)
           ^^^^^^^^^^^^^^^^^^^^^^^^^
  File "C:\Users\saiem\Documents\GitHub-Data\sdv-dev\cfbfastR-dev\cfbfastR-cfb-raw\.venv\Lib\site-packages\polars\lazyframe\opt_flags.py", line 343, in wrapper
    return function(*args, **kwargs)
           ^^^^^^^^^^^^^^^^^^^^^^^^^
  File "C:\Users\saiem\Documents\GitHub-Data\sdv-dev\cfbfastR-dev\cfbfastR-cfb-raw\.venv\Lib\site-packages\polars\lazyframe\frame.py", line 2630, in collect
    return wrap_df(ldf.collect(engine, callback))
                   ^^^^^^^^^^^^^^^^^^^^^^^^^^^^^
polars.exceptions.ColumnNotFoundError: "statistics_href" not found
2026-06-13 19:40:15,898 ERROR extra fetch failed: _rosters(312442534,)
Traceback (most recent call last):
  File "C:\Users\saiem\Documents\GitHub-Data\sdv-dev\cfbfastR-dev\cfbfastR-cfb-raw\python\_cfb_raw_utils.py", line 93, in _safe
    return fn(*args, **kwargs)
           ^^^^^^^^^^^^^^^^^^^
  File "C:\Users\saiem\Documents\GitHub-Data\sdv-dev\cfbfastR-dev\cfbfastR-cfb-raw\python\scrape_cfb_json.py", line 31, in _rosters
    return sdv.cfb.espn_cfb_game_rosters(game_id=gid, return_as_pandas=True).to_dict("records")
           ^^^^^^^^^^^^^^^^^^^^^^^^^^^^^^^^^^^^^^^^^^^^^^^^^^^^^^^^^^^^^^^^^
  File "C:\Users\saiem\Documents\GitHub-Data\sdv-dev\cfbfastR-dev\cfbfastR-cfb-raw\.venv\Lib\site-packages\sportsdataverse\cfb\cfb_game_rosters.py", line 65, in espn_cfb_game_rosters
    items = helper_cfb_game_items(summary)
            ^^^^^^^^^^^^^^^^^^^^^^^^^^^^^^
  File "C:\Users\saiem\Documents\GitHub-Data\sdv-dev\cfbfastR-dev\cfbfastR-cfb-raw\.venv\Lib\site-packages\sportsdataverse\cfb\cfb_game_rosters.py", line 97, in helper_cfb_game_items
    items = items.rename({"id": "team_id", "uid": "team_uid", "statistics_href": "team_statistics_href"})
            ^^^^^^^^^^^^^^^^^^^^^^^^^^^^^^^^^^^^^^^^^^^^^^^^^^^^^^^^^^^^^^^^^^^^^^^^^^^^^^^^^^^^^^^^^^^^^
  File "C:\Users\saiem\Documents\GitHub-Data\sdv-dev\cfbfastR-dev\cfbfastR-cfb-raw\.venv\Lib\site-packages\polars\dataframe\frame.py", line 5275, in rename
    .collect(optimizations=QueryOptFlags._eager())
     ^^^^^^^^^^^^^^^^^^^^^^^^^^^^^^^^^^^^^^^^^^^^^
  File "C:\Users\saiem\Documents\GitHub-Data\sdv-dev\cfbfastR-dev\cfbfastR-cfb-raw\.venv\Lib\site-packages\polars\_utils\deprecation.py", line 97, in wrapper
    return function(*args, **kwargs)
           ^^^^^^^^^^^^^^^^^^^^^^^^^
  File "C:\Users\saiem\Documents\GitHub-Data\sdv-dev\cfbfastR-dev\cfbfastR-cfb-raw\.venv\Lib\site-packages\polars\lazyframe\opt_flags.py", line 343, in wrapper
    return function(*args, **kwargs)
           ^^^^^^^^^^^^^^^^^^^^^^^^^
  File "C:\Users\saiem\Documents\GitHub-Data\sdv-dev\cfbfastR-dev\cfbfastR-cfb-raw\.venv\Lib\site-packages\polars\lazyframe\frame.py", line 2630, in collect
    return wrap_df(ldf.collect(engine, callback))
                   ^^^^^^^^^^^^^^^^^^^^^^^^^^^^^
polars.exceptions.ColumnNotFoundError: "statistics_href" not found
2026-06-13 19:40:22,689 ERROR extra fetch failed: _rosters(312440041,)
Traceback (most recent call last):
  File "C:\Users\saiem\Documents\GitHub-Data\sdv-dev\cfbfastR-dev\cfbfastR-cfb-raw\python\_cfb_raw_utils.py", line 93, in _safe
    return fn(*args, **kwargs)
           ^^^^^^^^^^^^^^^^^^^
  File "C:\Users\saiem\Documents\GitHub-Data\sdv-dev\cfbfastR-dev\cfbfastR-cfb-raw\python\scrape_cfb_json.py", line 31, in _rosters
    return sdv.cfb.espn_cfb_game_rosters(game_id=gid, return_as_pandas=True).to_dict("records")
           ^^^^^^^^^^^^^^^^^^^^^^^^^^^^^^^^^^^^^^^^^^^^^^^^^^^^^^^^^^^^^^^^^
  File "C:\Users\saiem\Documents\GitHub-Data\sdv-dev\cfbfastR-dev\cfbfastR-cfb-raw\.venv\Lib\site-packages\sportsdataverse\cfb\cfb_game_rosters.py", line 65, in espn_cfb_game_rosters
    items = helper_cfb_game_items(summary)
            ^^^^^^^^^^^^^^^^^^^^^^^^^^^^^^
  File "C:\Users\saiem\Documents\GitHub-Data\sdv-dev\cfbfastR-dev\cfbfastR-cfb-raw\.venv\Lib\site-packages\sportsdataverse\cfb\cfb_game_rosters.py", line 97, in helper_cfb_game_items
    items = items.rename({"id": "team_id", "uid": "team_uid", "statistics_href": "team_statistics_href"})
            ^^^^^^^^^^^^^^^^^^^^^^^^^^^^^^^^^^^^^^^^^^^^^^^^^^^^^^^^^^^^^^^^^^^^^^^^^^^^^^^^^^^^^^^^^^^^^
  File "C:\Users\saiem\Documents\GitHub-Data\sdv-dev\cfbfastR-dev\cfbfastR-cfb-raw\.venv\Lib\site-packages\polars\dataframe\frame.py", line 5275, in rename
    .collect(optimizations=QueryOptFlags._eager())
     ^^^^^^^^^^^^^^^^^^^^^^^^^^^^^^^^^^^^^^^^^^^^^
  File "C:\Users\saiem\Documents\GitHub-Data\sdv-dev\cfbfastR-dev\cfbfastR-cfb-raw\.venv\Lib\site-packages\polars\_utils\deprecation.py", line 97, in wrapper
    return function(*args, **kwargs)
           ^^^^^^^^^^^^^^^^^^^^^^^^^
  File "C:\Users\saiem\Documents\GitHub-Data\sdv-dev\cfbfastR-dev\cfbfastR-cfb-raw\.venv\Lib\site-packages\polars\lazyframe\opt_flags.py", line 343, in wrapper
    return function(*args, **kwargs)
           ^^^^^^^^^^^^^^^^^^^^^^^^^
  File "C:\Users\saiem\Documents\GitHub-Data\sdv-dev\cfbfastR-dev\cfbfastR-cfb-raw\.venv\Lib\site-packages\polars\lazyframe\frame.py", line 2630, in collect
    return wrap_df(ldf.collect(engine, callback))
                   ^^^^^^^^^^^^^^^^^^^^^^^^^^^^^
polars.exceptions.ColumnNotFoundError: "statistics_href" not found
2026-06-13 19:40:41,836 ERROR extra fetch failed: _rosters(312460130,)
Traceback (most recent call last):
  File "C:\Users\saiem\Documents\GitHub-Data\sdv-dev\cfbfastR-dev\cfbfastR-cfb-raw\python\_cfb_raw_utils.py", line 93, in _safe
    return fn(*args, **kwargs)
           ^^^^^^^^^^^^^^^^^^^
  File "C:\Users\saiem\Documents\GitHub-Data\sdv-dev\cfbfastR-dev\cfbfastR-cfb-raw\python\scrape_cfb_json.py", line 31, in _rosters
    return sdv.cfb.espn_cfb_game_rosters(game_id=gid, return_as_pandas=True).to_dict("records")
           ^^^^^^^^^^^^^^^^^^^^^^^^^^^^^^^^^^^^^^^^^^^^^^^^^^^^^^^^^^^^^^^^^
  File "C:\Users\saiem\Documents\GitHub-Data\sdv-dev\cfbfastR-dev\cfbfastR-cfb-raw\.venv\Lib\site-packages\sportsdataverse\cfb\cfb_game_rosters.py", line 65, in espn_cfb_game_rosters
    items = helper_cfb_game_items(summary)
            ^^^^^^^^^^^^^^^^^^^^^^^^^^^^^^
  File "C:\Users\saiem\Documents\GitHub-Data\sdv-dev\cfbfastR-dev\cfbfastR-cfb-raw\.venv\Lib\site-packages\sportsdataverse\cfb\cfb_game_rosters.py", line 97, in helper_cfb_game_items
    items = items.rename({"id": "team_id", "uid": "team_uid", "statistics_href": "team_statistics_href"})
            ^^^^^^^^^^^^^^^^^^^^^^^^^^^^^^^^^^^^^^^^^^^^^^^^^^^^^^^^^^^^^^^^^^^^^^^^^^^^^^^^^^^^^^^^^^^^^
  File "C:\Users\saiem\Documents\GitHub-Data\sdv-dev\cfbfastR-dev\cfbfastR-cfb-raw\.venv\Lib\site-packages\polars\dataframe\frame.py", line 5275, in rename
    .collect(optimizations=QueryOptFlags._eager())
     ^^^^^^^^^^^^^^^^^^^^^^^^^^^^^^^^^^^^^^^^^^^^^
  File "C:\Users\saiem\Documents\GitHub-Data\sdv-dev\cfbfastR-dev\cfbfastR-cfb-raw\.venv\Lib\site-packages\polars\_utils\deprecation.py", line 97, in wrapper
    return function(*args, **kwargs)
           ^^^^^^^^^^^^^^^^^^^^^^^^^
  File "C:\Users\saiem\Documents\GitHub-Data\sdv-dev\cfbfastR-dev\cfbfastR-cfb-raw\.venv\Lib\site-packages\polars\lazyframe\opt_flags.py", line 343, in wrapper
    return function(*args, **kwargs)
           ^^^^^^^^^^^^^^^^^^^^^^^^^
  File "C:\Users\saiem\Documents\GitHub-Data\sdv-dev\cfbfastR-dev\cfbfastR-cfb-raw\.venv\Lib\site-packages\polars\lazyframe\frame.py", line 2630, in collect
    return wrap_df(ldf.collect(engine, callback))
                   ^^^^^^^^^^^^^^^^^^^^^^^^^^^^^
polars.exceptions.ColumnNotFoundError: "statistics_href" not found
2026-06-13 19:40:47,979 ERROR extra fetch failed: _rosters(312440006,)
Traceback (most recent call last):
  File "C:\Users\saiem\Documents\GitHub-Data\sdv-dev\cfbfastR-dev\cfbfastR-cfb-raw\python\_cfb_raw_utils.py", line 93, in _safe
    return fn(*args, **kwargs)
           ^^^^^^^^^^^^^^^^^^^
  File "C:\Users\saiem\Documents\GitHub-Data\sdv-dev\cfbfastR-dev\cfbfastR-cfb-raw\python\scrape_cfb_json.py", line 31, in _rosters
    return sdv.cfb.espn_cfb_game_rosters(game_id=gid, return_as_pandas=True).to_dict("records")
           ^^^^^^^^^^^^^^^^^^^^^^^^^^^^^^^^^^^^^^^^^^^^^^^^^^^^^^^^^^^^^^^^^
  File "C:\Users\saiem\Documents\GitHub-Data\sdv-dev\cfbfastR-dev\cfbfastR-cfb-raw\.venv\Lib\site-packages\sportsdataverse\cfb\cfb_game_rosters.py", line 66, in espn_cfb_game_rosters
    team_rosters = helper_cfb_roster_items(items=items, summary_url=summary_url, **kwargs)
                   ^^^^^^^^^^^^^^^^^^^^^^^^^^^^^^^^^^^^^^^^^^^^^^^^^^^^^^^^^^^^^^^^^^^^^^^
  File "C:\Users\saiem\Documents\GitHub-Data\sdv-dev\cfbfastR-dev\cfbfastR-cfb-raw\.venv\Lib\site-packages\sportsdataverse\cfb\cfb_game_rosters.py", line 200, in helper_cfb_roster_items
    team_roster_resp = download(team_roster_url, **kwargs)
                       ^^^^^^^^^^^^^^^^^^^^^^^^^^^^^^^^^^^
  File "C:\Users\saiem\Documents\GitHub-Data\sdv-dev\cfbfastR-dev\cfbfastR-cfb-raw\.venv\Lib\site-packages\sportsdataverse\dl_utils.py", line 171, in download
    raise last_exc
  File "C:\Users\saiem\Documents\GitHub-Data\sdv-dev\cfbfastR-dev\cfbfastR-cfb-raw\.venv\Lib\site-packages\sportsdataverse\dl_utils.py", line 121, in download
    response = no_espn_data(response)
               ^^^^^^^^^^^^^^^^^^^^^^
  File "C:\Users\saiem\Documents\GitHub-Data\sdv-dev\cfbfastR-dev\cfbfastR-cfb-raw\.venv\Lib\site-packages\sportsdataverse\errors.py", line 116, in no_espn_data
    raise NoESPNDataError(_format_404(response.url))
sportsdataverse.errors.NoESPNDataError: NoESPNDataError: No data found for https://sports.core.api.espn.com/v2/sports/football/leagues/college-football/events/312440006/competitions/312440006/competitors/2695/roster

  Suggestion: Try `find_event(date, league='cfb', home=..., away=...)` to look up a valid event_id.
  (from `sportsdataverse import find_team, find_athlete, find_event`)
2026-06-13 19:40:48,357 ERROR extra fetch failed: _rosters(312460295,)
Traceback (most recent call last):
  File "C:\Users\saiem\Documents\GitHub-Data\sdv-dev\cfbfastR-dev\cfbfastR-cfb-raw\python\_cfb_raw_utils.py", line 93, in _safe
    return fn(*args, **kwargs)
           ^^^^^^^^^^^^^^^^^^^
  File "C:\Users\saiem\Documents\GitHub-Data\sdv-dev\cfbfastR-dev\cfbfastR-cfb-raw\python\scrape_cfb_json.py", line 31, in _rosters
    return sdv.cfb.espn_cfb_game_rosters(game_id=gid, return_as_pandas=True).to_dict("records")
           ^^^^^^^^^^^^^^^^^^^^^^^^^^^^^^^^^^^^^^^^^^^^^^^^^^^^^^^^^^^^^^^^^
  File "C:\Users\saiem\Documents\GitHub-Data\sdv-dev\cfbfastR-dev\cfbfastR-cfb-raw\.venv\Lib\site-packages\sportsdataverse\cfb\cfb_game_rosters.py", line 68, in espn_cfb_game_rosters
    teams_df = helper_cfb_team_items(items=items, **kwargs)
               ^^^^^^^^^^^^^^^^^^^^^^^^^^^^^^^^^^^^^^^^^^^^
  File "C:\Users\saiem\Documents\GitHub-Data\sdv-dev\cfbfastR-dev\cfbfastR-cfb-raw\.venv\Lib\site-packages\sportsdataverse\cfb\cfb_game_rosters.py", line 146, in helper_cfb_team_items
    teams_df = pl.concat([teams_df, team_row], how="vertical")
               ^^^^^^^^^^^^^^^^^^^^^^^^^^^^^^^^^^^^^^^^^^^^^^^
  File "C:\Users\saiem\Documents\GitHub-Data\sdv-dev\cfbfastR-dev\cfbfastR-cfb-raw\.venv\Lib\site-packages\polars\functions\eager.py", line 246, in concat
    out = wrap_df(plr.concat_df(elems))
                  ^^^^^^^^^^^^^^^^^^^^
polars.exceptions.ShapeError: unable to append to a DataFrame of width 16 with a DataFrame of width 15
2026-06-13 19:40:56,634 ERROR extra fetch failed: _rosters(312462132,)
Traceback (most recent call last):
  File "C:\Users\saiem\Documents\GitHub-Data\sdv-dev\cfbfastR-dev\cfbfastR-cfb-raw\python\_cfb_raw_utils.py", line 93, in _safe
    return fn(*args, **kwargs)
           ^^^^^^^^^^^^^^^^^^^
  File "C:\Users\saiem\Documents\GitHub-Data\sdv-dev\cfbfastR-dev\cfbfastR-cfb-raw\python\scrape_cfb_json.py", line 31, in _rosters
    return sdv.cfb.espn_cfb_game_rosters(game_id=gid, return_as_pandas=True).to_dict("records")
           ^^^^^^^^^^^^^^^^^^^^^^^^^^^^^^^^^^^^^^^^^^^^^^^^^^^^^^^^^^^^^^^^^
  File "C:\Users\saiem\Documents\GitHub-Data\sdv-dev\cfbfastR-dev\cfbfastR-cfb-raw\.venv\Lib\site-packages\sportsdataverse\cfb\cfb_game_rosters.py", line 68, in espn_cfb_game_rosters
    teams_df = helper_cfb_team_items(items=items, **kwargs)
               ^^^^^^^^^^^^^^^^^^^^^^^^^^^^^^^^^^^^^^^^^^^^
  File "C:\Users\saiem\Documents\GitHub-Data\sdv-dev\cfbfastR-dev\cfbfastR-cfb-raw\.venv\Lib\site-packages\sportsdataverse\cfb\cfb_game_rosters.py", line 146, in helper_cfb_team_items
    teams_df = pl.concat([teams_df, team_row], how="vertical")
               ^^^^^^^^^^^^^^^^^^^^^^^^^^^^^^^^^^^^^^^^^^^^^^^
  File "C:\Users\saiem\Documents\GitHub-Data\sdv-dev\cfbfastR-dev\cfbfastR-cfb-raw\.venv\Lib\site-packages\polars\functions\eager.py", line 246, in concat
    out = wrap_df(plr.concat_df(elems))
                  ^^^^^^^^^^^^^^^^^^^^
polars.exceptions.ShapeError: unable to append to a DataFrame of width 16 with a DataFrame of width 15
2026-06-13 19:40:57,338 ERROR extra fetch failed: _rosters(312462305,)
Traceback (most recent call last):
  File "C:\Users\saiem\Documents\GitHub-Data\sdv-dev\cfbfastR-dev\cfbfastR-cfb-raw\python\_cfb_raw_utils.py", line 93, in _safe
    return fn(*args, **kwargs)
           ^^^^^^^^^^^^^^^^^^^
  File "C:\Users\saiem\Documents\GitHub-Data\sdv-dev\cfbfastR-dev\cfbfastR-cfb-raw\python\scrape_cfb_json.py", line 31, in _rosters
    return sdv.cfb.espn_cfb_game_rosters(game_id=gid, return_as_pandas=True).to_dict("records")
           ^^^^^^^^^^^^^^^^^^^^^^^^^^^^^^^^^^^^^^^^^^^^^^^^^^^^^^^^^^^^^^^^^
  File "C:\Users\saiem\Documents\GitHub-Data\sdv-dev\cfbfastR-dev\cfbfastR-cfb-raw\.venv\Lib\site-packages\sportsdataverse\cfb\cfb_game_rosters.py", line 68, in espn_cfb_game_rosters
    teams_df = helper_cfb_team_items(items=items, **kwargs)
               ^^^^^^^^^^^^^^^^^^^^^^^^^^^^^^^^^^^^^^^^^^^^
  File "C:\Users\saiem\Documents\GitHub-Data\sdv-dev\cfbfastR-dev\cfbfastR-cfb-raw\.venv\Lib\site-packages\sportsdataverse\cfb\cfb_game_rosters.py", line 146, in helper_cfb_team_items
    teams_df = pl.concat([teams_df, team_row], how="vertical")
               ^^^^^^^^^^^^^^^^^^^^^^^^^^^^^^^^^^^^^^^^^^^^^^^
  File "C:\Users\saiem\Documents\GitHub-Data\sdv-dev\cfbfastR-dev\cfbfastR-cfb-raw\.venv\Lib\site-packages\polars\functions\eager.py", line 246, in concat
    out = wrap_df(plr.concat_df(elems))
                  ^^^^^^^^^^^^^^^^^^^^
polars.exceptions.ShapeError: unable to append to a DataFrame of width 16 with a DataFrame of width 15
2026-06-13 19:40:57,822 ERROR extra fetch failed: _rosters(312452247,)
Traceback (most recent call last):
  File "C:\Users\saiem\Documents\GitHub-Data\sdv-dev\cfbfastR-dev\cfbfastR-cfb-raw\python\_cfb_raw_utils.py", line 93, in _safe
    return fn(*args, **kwargs)
           ^^^^^^^^^^^^^^^^^^^
  File "C:\Users\saiem\Documents\GitHub-Data\sdv-dev\cfbfastR-dev\cfbfastR-cfb-raw\python\scrape_cfb_json.py", line 31, in _rosters
    return sdv.cfb.espn_cfb_game_rosters(game_id=gid, return_as_pandas=True).to_dict("records")
           ^^^^^^^^^^^^^^^^^^^^^^^^^^^^^^^^^^^^^^^^^^^^^^^^^^^^^^^^^^^^^^^^^
  File "C:\Users\saiem\Documents\GitHub-Data\sdv-dev\cfbfastR-dev\cfbfastR-cfb-raw\.venv\Lib\site-packages\sportsdataverse\cfb\cfb_game_rosters.py", line 66, in espn_cfb_game_rosters
    team_rosters = helper_cfb_roster_items(items=items, summary_url=summary_url, **kwargs)
                   ^^^^^^^^^^^^^^^^^^^^^^^^^^^^^^^^^^^^^^^^^^^^^^^^^^^^^^^^^^^^^^^^^^^^^^^
  File "C:\Users\saiem\Documents\GitHub-Data\sdv-dev\cfbfastR-dev\cfbfastR-cfb-raw\.venv\Lib\site-packages\sportsdataverse\cfb\cfb_game_rosters.py", line 200, in helper_cfb_roster_items
    team_roster_resp = download(team_roster_url, **kwargs)
                       ^^^^^^^^^^^^^^^^^^^^^^^^^^^^^^^^^^^
  File "C:\Users\saiem\Documents\GitHub-Data\sdv-dev\cfbfastR-dev\cfbfastR-cfb-raw\.venv\Lib\site-packages\sportsdataverse\dl_utils.py", line 171, in download
    raise last_exc
  File "C:\Users\saiem\Documents\GitHub-Data\sdv-dev\cfbfastR-dev\cfbfastR-cfb-raw\.venv\Lib\site-packages\sportsdataverse\dl_utils.py", line 121, in download
    response = no_espn_data(response)
               ^^^^^^^^^^^^^^^^^^^^^^
  File "C:\Users\saiem\Documents\GitHub-Data\sdv-dev\cfbfastR-dev\cfbfastR-cfb-raw\.venv\Lib\site-packages\sportsdataverse\errors.py", line 116, in no_espn_data
    raise NoESPNDataError(_format_404(response.url))
sportsdataverse.errors.NoESPNDataError: NoESPNDataError: No data found for https://sports.core.api.espn.com/v2/sports/football/leagues/college-football/events/312452247/competitions/312452247/competitors/2805/roster

  Suggestion: Try `find_event(date, league='cfb', home=..., away=...)` to look up a valid event_id.
  (from `sportsdataverse import find_team, find_athlete, find_event`)
2026-06-13 19:41:02,231 ERROR extra fetch failed: _rosters(312462638,)
Traceback (most recent call last):
  File "C:\Users\saiem\Documents\GitHub-Data\sdv-dev\cfbfastR-dev\cfbfastR-cfb-raw\python\_cfb_raw_utils.py", line 93, in _safe
    return fn(*args, **kwargs)
           ^^^^^^^^^^^^^^^^^^^
  File "C:\Users\saiem\Documents\GitHub-Data\sdv-dev\cfbfastR-dev\cfbfastR-cfb-raw\python\scrape_cfb_json.py", line 31, in _rosters
    return sdv.cfb.espn_cfb_game_rosters(game_id=gid, return_as_pandas=True).to_dict("records")
           ^^^^^^^^^^^^^^^^^^^^^^^^^^^^^^^^^^^^^^^^^^^^^^^^^^^^^^^^^^^^^^^^^
  File "C:\Users\saiem\Documents\GitHub-Data\sdv-dev\cfbfastR-dev\cfbfastR-cfb-raw\.venv\Lib\site-packages\sportsdataverse\cfb\cfb_game_rosters.py", line 68, in espn_cfb_game_rosters
    teams_df = helper_cfb_team_items(items=items, **kwargs)
               ^^^^^^^^^^^^^^^^^^^^^^^^^^^^^^^^^^^^^^^^^^^^
  File "C:\Users\saiem\Documents\GitHub-Data\sdv-dev\cfbfastR-dev\cfbfastR-cfb-raw\.venv\Lib\site-packages\sportsdataverse\cfb\cfb_game_rosters.py", line 146, in helper_cfb_team_items
    teams_df = pl.concat([teams_df, team_row], how="vertical")
               ^^^^^^^^^^^^^^^^^^^^^^^^^^^^^^^^^^^^^^^^^^^^^^^
  File "C:\Users\saiem\Documents\GitHub-Data\sdv-dev\cfbfastR-dev\cfbfastR-cfb-raw\.venv\Lib\site-packages\polars\functions\eager.py", line 246, in concat
    out = wrap_df(plr.concat_df(elems))
                  ^^^^^^^^^^^^^^^^^^^^
polars.exceptions.ShapeError: unable to append to a DataFrame of width 16 with a DataFrame of width 15
2026-06-13 19:41:13,777 ERROR extra fetch failed: _rosters(312462636,)
Traceback (most recent call last):
  File "C:\Users\saiem\Documents\GitHub-Data\sdv-dev\cfbfastR-dev\cfbfastR-cfb-raw\python\_cfb_raw_utils.py", line 93, in _safe
    return fn(*args, **kwargs)
           ^^^^^^^^^^^^^^^^^^^
  File "C:\Users\saiem\Documents\GitHub-Data\sdv-dev\cfbfastR-dev\cfbfastR-cfb-raw\python\scrape_cfb_json.py", line 31, in _rosters
    return sdv.cfb.espn_cfb_game_rosters(game_id=gid, return_as_pandas=True).to_dict("records")
           ^^^^^^^^^^^^^^^^^^^^^^^^^^^^^^^^^^^^^^^^^^^^^^^^^^^^^^^^^^^^^^^^^
  File "C:\Users\saiem\Documents\GitHub-Data\sdv-dev\cfbfastR-dev\cfbfastR-cfb-raw\.venv\Lib\site-packages\sportsdataverse\cfb\cfb_game_rosters.py", line 66, in espn_cfb_game_rosters
    team_rosters = helper_cfb_roster_items(items=items, summary_url=summary_url, **kwargs)
                   ^^^^^^^^^^^^^^^^^^^^^^^^^^^^^^^^^^^^^^^^^^^^^^^^^^^^^^^^^^^^^^^^^^^^^^^
  File "C:\Users\saiem\Documents\GitHub-Data\sdv-dev\cfbfastR-dev\cfbfastR-cfb-raw\.venv\Lib\site-packages\sportsdataverse\cfb\cfb_game_rosters.py", line 200, in helper_cfb_roster_items
    team_roster_resp = download(team_roster_url, **kwargs)
                       ^^^^^^^^^^^^^^^^^^^^^^^^^^^^^^^^^^^
  File "C:\Users\saiem\Documents\GitHub-Data\sdv-dev\cfbfastR-dev\cfbfastR-cfb-raw\.venv\Lib\site-packages\sportsdataverse\dl_utils.py", line 171, in download
    raise last_exc
  File "C:\Users\saiem\Documents\GitHub-Data\sdv-dev\cfbfastR-dev\cfbfastR-cfb-raw\.venv\Lib\site-packages\sportsdataverse\dl_utils.py", line 121, in download
    response = no_espn_data(response)
               ^^^^^^^^^^^^^^^^^^^^^^
  File "C:\Users\saiem\Documents\GitHub-Data\sdv-dev\cfbfastR-dev\cfbfastR-cfb-raw\.venv\Lib\site-packages\sportsdataverse\errors.py", line 116, in no_espn_data
    raise NoESPNDataError(_format_404(response.url))
sportsdataverse.errors.NoESPNDataError: NoESPNDataError: No data found for https://sports.core.api.espn.com/v2/sports/football/leagues/college-football/events/312462636/competitions/312462636/competitors/196/roster

  Suggestion: Try `find_event(date, league='cfb', home=..., away=...)` to look up a valid event_id.
  (from `sportsdataverse import find_team, find_athlete, find_event`)
2026-06-13 19:41:21,802 ERROR extra fetch failed: _rosters(312530221,)
Traceback (most recent call last):
  File "C:\Users\saiem\Documents\GitHub-Data\sdv-dev\cfbfastR-dev\cfbfastR-cfb-raw\python\_cfb_raw_utils.py", line 93, in _safe
    return fn(*args, **kwargs)
           ^^^^^^^^^^^^^^^^^^^
  File "C:\Users\saiem\Documents\GitHub-Data\sdv-dev\cfbfastR-dev\cfbfastR-cfb-raw\python\scrape_cfb_json.py", line 31, in _rosters
    return sdv.cfb.espn_cfb_game_rosters(game_id=gid, return_as_pandas=True).to_dict("records")
           ^^^^^^^^^^^^^^^^^^^^^^^^^^^^^^^^^^^^^^^^^^^^^^^^^^^^^^^^^^^^^^^^^
  File "C:\Users\saiem\Documents\GitHub-Data\sdv-dev\cfbfastR-dev\cfbfastR-cfb-raw\.venv\Lib\site-packages\sportsdataverse\cfb\cfb_game_rosters.py", line 68, in espn_cfb_game_rosters
    teams_df = helper_cfb_team_items(items=items, **kwargs)
               ^^^^^^^^^^^^^^^^^^^^^^^^^^^^^^^^^^^^^^^^^^^^
  File "C:\Users\saiem\Documents\GitHub-Data\sdv-dev\cfbfastR-dev\cfbfastR-cfb-raw\.venv\Lib\site-packages\sportsdataverse\cfb\cfb_game_rosters.py", line 146, in helper_cfb_team_items
    teams_df = pl.concat([teams_df, team_row], how="vertical")
               ^^^^^^^^^^^^^^^^^^^^^^^^^^^^^^^^^^^^^^^^^^^^^^^
  File "C:\Users\saiem\Documents\GitHub-Data\sdv-dev\cfbfastR-dev\cfbfastR-cfb-raw\.venv\Lib\site-packages\polars\functions\eager.py", line 246, in concat
    out = wrap_df(plr.concat_df(elems))
                  ^^^^^^^^^^^^^^^^^^^^
polars.exceptions.ShapeError: unable to append to a DataFrame of width 16 with a DataFrame of width 15
2026-06-13 19:41:36,364 ERROR extra fetch failed: _rosters(312532084,)
Traceback (most recent call last):
  File "C:\Users\saiem\Documents\GitHub-Data\sdv-dev\cfbfastR-dev\cfbfastR-cfb-raw\python\_cfb_raw_utils.py", line 93, in _safe
    return fn(*args, **kwargs)
           ^^^^^^^^^^^^^^^^^^^
  File "C:\Users\saiem\Documents\GitHub-Data\sdv-dev\cfbfastR-dev\cfbfastR-cfb-raw\python\scrape_cfb_json.py", line 31, in _rosters
    return sdv.cfb.espn_cfb_game_rosters(game_id=gid, return_as_pandas=True).to_dict("records")
           ^^^^^^^^^^^^^^^^^^^^^^^^^^^^^^^^^^^^^^^^^^^^^^^^^^^^^^^^^^^^^^^^^
  File "C:\Users\saiem\Documents\GitHub-Data\sdv-dev\cfbfastR-dev\cfbfastR-cfb-raw\.venv\Lib\site-packages\sportsdataverse\cfb\cfb_game_rosters.py", line 68, in espn_cfb_game_rosters
    teams_df = helper_cfb_team_items(items=items, **kwargs)
               ^^^^^^^^^^^^^^^^^^^^^^^^^^^^^^^^^^^^^^^^^^^^
  File "C:\Users\saiem\Documents\GitHub-Data\sdv-dev\cfbfastR-dev\cfbfastR-cfb-raw\.venv\Lib\site-packages\sportsdataverse\cfb\cfb_game_rosters.py", line 146, in helper_cfb_team_items
    teams_df = pl.concat([teams_df, team_row], how="vertical")
               ^^^^^^^^^^^^^^^^^^^^^^^^^^^^^^^^^^^^^^^^^^^^^^^
  File "C:\Users\saiem\Documents\GitHub-Data\sdv-dev\cfbfastR-dev\cfbfastR-cfb-raw\.venv\Lib\site-packages\polars\functions\eager.py", line 246, in concat
    out = wrap_df(plr.concat_df(elems))
                  ^^^^^^^^^^^^^^^^^^^^
polars.exceptions.ShapeError: unable to append to a DataFrame of width 16 with a DataFrame of width 15
2026-06-13 19:41:46,035 ERROR extra fetch failed: _rosters(312532449,)
Traceback (most recent call last):
  File "C:\Users\saiem\Documents\GitHub-Data\sdv-dev\cfbfastR-dev\cfbfastR-cfb-raw\python\_cfb_raw_utils.py", line 93, in _safe
    return fn(*args, **kwargs)
           ^^^^^^^^^^^^^^^^^^^
  File "C:\Users\saiem\Documents\GitHub-Data\sdv-dev\cfbfastR-dev\cfbfastR-cfb-raw\python\scrape_cfb_json.py", line 31, in _rosters
    return sdv.cfb.espn_cfb_game_rosters(game_id=gid, return_as_pandas=True).to_dict("records")
           ^^^^^^^^^^^^^^^^^^^^^^^^^^^^^^^^^^^^^^^^^^^^^^^^^^^^^^^^^^^^^^^^^
  File "C:\Users\saiem\Documents\GitHub-Data\sdv-dev\cfbfastR-dev\cfbfastR-cfb-raw\.venv\Lib\site-packages\sportsdataverse\cfb\cfb_game_rosters.py", line 68, in espn_cfb_game_rosters
    teams_df = helper_cfb_team_items(items=items, **kwargs)
               ^^^^^^^^^^^^^^^^^^^^^^^^^^^^^^^^^^^^^^^^^^^^
  File "C:\Users\saiem\Documents\GitHub-Data\sdv-dev\cfbfastR-dev\cfbfastR-cfb-raw\.venv\Lib\site-packages\sportsdataverse\cfb\cfb_game_rosters.py", line 146, in helper_cfb_team_items
    teams_df = pl.concat([teams_df, team_row], how="vertical")
               ^^^^^^^^^^^^^^^^^^^^^^^^^^^^^^^^^^^^^^^^^^^^^^^
  File "C:\Users\saiem\Documents\GitHub-Data\sdv-dev\cfbfastR-dev\cfbfastR-cfb-raw\.venv\Lib\site-packages\polars\functions\eager.py", line 246, in concat
    out = wrap_df(plr.concat_df(elems))
                  ^^^^^^^^^^^^^^^^^^^^
polars.exceptions.ShapeError: unable to append to a DataFrame of width 16 with a DataFrame of width 15
2026-06-13 19:41:55,214 ERROR extra fetch failed: _rosters(312532636,)
Traceback (most recent call last):
  File "C:\Users\saiem\Documents\GitHub-Data\sdv-dev\cfbfastR-dev\cfbfastR-cfb-raw\python\_cfb_raw_utils.py", line 93, in _safe
    return fn(*args, **kwargs)
           ^^^^^^^^^^^^^^^^^^^
  File "C:\Users\saiem\Documents\GitHub-Data\sdv-dev\cfbfastR-dev\cfbfastR-cfb-raw\python\scrape_cfb_json.py", line 31, in _rosters
    return sdv.cfb.espn_cfb_game_rosters(game_id=gid, return_as_pandas=True).to_dict("records")
           ^^^^^^^^^^^^^^^^^^^^^^^^^^^^^^^^^^^^^^^^^^^^^^^^^^^^^^^^^^^^^^^^^
  File "C:\Users\saiem\Documents\GitHub-Data\sdv-dev\cfbfastR-dev\cfbfastR-cfb-raw\.venv\Lib\site-packages\sportsdataverse\cfb\cfb_game_rosters.py", line 66, in espn_cfb_game_rosters
    team_rosters = helper_cfb_roster_items(items=items, summary_url=summary_url, **kwargs)
                   ^^^^^^^^^^^^^^^^^^^^^^^^^^^^^^^^^^^^^^^^^^^^^^^^^^^^^^^^^^^^^^^^^^^^^^^
  File "C:\Users\saiem\Documents\GitHub-Data\sdv-dev\cfbfastR-dev\cfbfastR-cfb-raw\.venv\Lib\site-packages\sportsdataverse\cfb\cfb_game_rosters.py", line 200, in helper_cfb_roster_items
    team_roster_resp = download(team_roster_url, **kwargs)
                       ^^^^^^^^^^^^^^^^^^^^^^^^^^^^^^^^^^^
  File "C:\Users\saiem\Documents\GitHub-Data\sdv-dev\cfbfastR-dev\cfbfastR-cfb-raw\.venv\Lib\site-packages\sportsdataverse\dl_utils.py", line 171, in download
    raise last_exc
  File "C:\Users\saiem\Documents\GitHub-Data\sdv-dev\cfbfastR-dev\cfbfastR-cfb-raw\.venv\Lib\site-packages\sportsdataverse\dl_utils.py", line 121, in download
    response = no_espn_data(response)
               ^^^^^^^^^^^^^^^^^^^^^^
  File "C:\Users\saiem\Documents\GitHub-Data\sdv-dev\cfbfastR-dev\cfbfastR-cfb-raw\.venv\Lib\site-packages\sportsdataverse\errors.py", line 116, in no_espn_data
    raise NoESPNDataError(_format_404(response.url))
sportsdataverse.errors.NoESPNDataError: NoESPNDataError: No data found for https://sports.core.api.espn.com/v2/sports/football/leagues/college-football/events/312532636/competitions/312532636/competitors/241/roster

  Suggestion: Try `find_event(date, league='cfb', home=..., away=...)` to look up a valid event_id.
  (from `sportsdataverse import find_team, find_athlete, find_event`)
2026-06-13 19:42:05,497 ERROR extra fetch failed: _rosters(312530048,)
Traceback (most recent call last):
  File "C:\Users\saiem\Documents\GitHub-Data\sdv-dev\cfbfastR-dev\cfbfastR-cfb-raw\python\_cfb_raw_utils.py", line 93, in _safe
    return fn(*args, **kwargs)
           ^^^^^^^^^^^^^^^^^^^
  File "C:\Users\saiem\Documents\GitHub-Data\sdv-dev\cfbfastR-dev\cfbfastR-cfb-raw\python\scrape_cfb_json.py", line 31, in _rosters
    return sdv.cfb.espn_cfb_game_rosters(game_id=gid, return_as_pandas=True).to_dict("records")
           ^^^^^^^^^^^^^^^^^^^^^^^^^^^^^^^^^^^^^^^^^^^^^^^^^^^^^^^^^^^^^^^^^
  File "C:\Users\saiem\Documents\GitHub-Data\sdv-dev\cfbfastR-dev\cfbfastR-cfb-raw\.venv\Lib\site-packages\sportsdataverse\cfb\cfb_game_rosters.py", line 66, in espn_cfb_game_rosters
    team_rosters = helper_cfb_roster_items(items=items, summary_url=summary_url, **kwargs)
                   ^^^^^^^^^^^^^^^^^^^^^^^^^^^^^^^^^^^^^^^^^^^^^^^^^^^^^^^^^^^^^^^^^^^^^^^
  File "C:\Users\saiem\Documents\GitHub-Data\sdv-dev\cfbfastR-dev\cfbfastR-cfb-raw\.venv\Lib\site-packages\sportsdataverse\cfb\cfb_game_rosters.py", line 200, in helper_cfb_roster_items
    team_roster_resp = download(team_roster_url, **kwargs)
                       ^^^^^^^^^^^^^^^^^^^^^^^^^^^^^^^^^^^
  File "C:\Users\saiem\Documents\GitHub-Data\sdv-dev\cfbfastR-dev\cfbfastR-cfb-raw\.venv\Lib\site-packages\sportsdataverse\dl_utils.py", line 171, in download
    raise last_exc
  File "C:\Users\saiem\Documents\GitHub-Data\sdv-dev\cfbfastR-dev\cfbfastR-cfb-raw\.venv\Lib\site-packages\sportsdataverse\dl_utils.py", line 121, in download
    response = no_espn_data(response)
               ^^^^^^^^^^^^^^^^^^^^^^
  File "C:\Users\saiem\Documents\GitHub-Data\sdv-dev\cfbfastR-dev\cfbfastR-cfb-raw\.venv\Lib\site-packages\sportsdataverse\errors.py", line 116, in no_espn_data
    raise NoESPNDataError(_format_404(response.url))
sportsdataverse.errors.NoESPNDataError: NoESPNDataError: No data found for https://sports.core.api.espn.com/v2/sports/football/leagues/college-football/events/312530048/competitions/312530048/competitors/223/roster

  Suggestion: Try `find_event(date, league='cfb', home=..., away=...)` to look up a valid event_id.
  (from `sportsdataverse import find_team, find_athlete, find_event`)
2026-06-13 19:42:06,435 ERROR extra fetch failed: _rosters(312530290,)
Traceback (most recent call last):
  File "C:\Users\saiem\Documents\GitHub-Data\sdv-dev\cfbfastR-dev\cfbfastR-cfb-raw\python\_cfb_raw_utils.py", line 93, in _safe
    return fn(*args, **kwargs)
           ^^^^^^^^^^^^^^^^^^^
  File "C:\Users\saiem\Documents\GitHub-Data\sdv-dev\cfbfastR-dev\cfbfastR-cfb-raw\python\scrape_cfb_json.py", line 31, in _rosters
    return sdv.cfb.espn_cfb_game_rosters(game_id=gid, return_as_pandas=True).to_dict("records")
           ^^^^^^^^^^^^^^^^^^^^^^^^^^^^^^^^^^^^^^^^^^^^^^^^^^^^^^^^^^^^^^^^^
  File "C:\Users\saiem\Documents\GitHub-Data\sdv-dev\cfbfastR-dev\cfbfastR-cfb-raw\.venv\Lib\site-packages\sportsdataverse\cfb\cfb_game_rosters.py", line 66, in espn_cfb_game_rosters
    team_rosters = helper_cfb_roster_items(items=items, summary_url=summary_url, **kwargs)
                   ^^^^^^^^^^^^^^^^^^^^^^^^^^^^^^^^^^^^^^^^^^^^^^^^^^^^^^^^^^^^^^^^^^^^^^^
  File "C:\Users\saiem\Documents\GitHub-Data\sdv-dev\cfbfastR-dev\cfbfastR-cfb-raw\.venv\Lib\site-packages\sportsdataverse\cfb\cfb_game_rosters.py", line 200, in helper_cfb_roster_items
    team_roster_resp = download(team_roster_url, **kwargs)
                       ^^^^^^^^^^^^^^^^^^^^^^^^^^^^^^^^^^^
  File "C:\Users\saiem\Documents\GitHub-Data\sdv-dev\cfbfastR-dev\cfbfastR-cfb-raw\.venv\Lib\site-packages\sportsdataverse\dl_utils.py", line 171, in download
    raise last_exc
  File "C:\Users\saiem\Documents\GitHub-Data\sdv-dev\cfbfastR-dev\cfbfastR-cfb-raw\.venv\Lib\site-packages\sportsdataverse\dl_utils.py", line 121, in download
    response = no_espn_data(response)
               ^^^^^^^^^^^^^^^^^^^^^^
  File "C:\Users\saiem\Documents\GitHub-Data\sdv-dev\cfbfastR-dev\cfbfastR-cfb-raw\.venv\Lib\site-packages\sportsdataverse\errors.py", line 116, in no_espn_data
    raise NoESPNDataError(_format_404(response.url))
sportsdataverse.errors.NoESPNDataError: NoESPNDataError: No data found for https://sports.core.api.espn.com/v2/sports/football/leagues/college-football/events/312530290/competitions/312530290/competitors/2839/roster

  Suggestion: Try `find_event(date, league='cfb', home=..., away=...)` to look up a valid event_id.
  (from `sportsdataverse import find_team, find_athlete, find_event`)
2026-06-13 19:42:06,570 ERROR extra fetch failed: _rosters(312530324,)
Traceback (most recent call last):
  File "C:\Users\saiem\Documents\GitHub-Data\sdv-dev\cfbfastR-dev\cfbfastR-cfb-raw\python\_cfb_raw_utils.py", line 93, in _safe
    return fn(*args, **kwargs)
           ^^^^^^^^^^^^^^^^^^^
  File "C:\Users\saiem\Documents\GitHub-Data\sdv-dev\cfbfastR-dev\cfbfastR-cfb-raw\python\scrape_cfb_json.py", line 31, in _rosters
    return sdv.cfb.espn_cfb_game_rosters(game_id=gid, return_as_pandas=True).to_dict("records")
           ^^^^^^^^^^^^^^^^^^^^^^^^^^^^^^^^^^^^^^^^^^^^^^^^^^^^^^^^^^^^^^^^^
  File "C:\Users\saiem\Documents\GitHub-Data\sdv-dev\cfbfastR-dev\cfbfastR-cfb-raw\.venv\Lib\site-packages\sportsdataverse\cfb\cfb_game_rosters.py", line 66, in espn_cfb_game_rosters
    team_rosters = helper_cfb_roster_items(items=items, summary_url=summary_url, **kwargs)
                   ^^^^^^^^^^^^^^^^^^^^^^^^^^^^^^^^^^^^^^^^^^^^^^^^^^^^^^^^^^^^^^^^^^^^^^^
  File "C:\Users\saiem\Documents\GitHub-Data\sdv-dev\cfbfastR-dev\cfbfastR-cfb-raw\.venv\Lib\site-packages\sportsdataverse\cfb\cfb_game_rosters.py", line 200, in helper_cfb_roster_items
    team_roster_resp = download(team_roster_url, **kwargs)
                       ^^^^^^^^^^^^^^^^^^^^^^^^^^^^^^^^^^^
  File "C:\Users\saiem\Documents\GitHub-Data\sdv-dev\cfbfastR-dev\cfbfastR-cfb-raw\.venv\Lib\site-packages\sportsdataverse\dl_utils.py", line 171, in download
    raise last_exc
  File "C:\Users\saiem\Documents\GitHub-Data\sdv-dev\cfbfastR-dev\cfbfastR-cfb-raw\.venv\Lib\site-packages\sportsdataverse\dl_utils.py", line 121, in download
    response = no_espn_data(response)
               ^^^^^^^^^^^^^^^^^^^^^^
  File "C:\Users\saiem\Documents\GitHub-Data\sdv-dev\cfbfastR-dev\cfbfastR-cfb-raw\.venv\Lib\site-packages\sportsdataverse\errors.py", line 116, in no_espn_data
    raise NoESPNDataError(_format_404(response.url))
sportsdataverse.errors.NoESPNDataError: NoESPNDataError: No data found for https://sports.core.api.espn.com/v2/sports/football/leagues/college-football/events/312530324/competitions/312530324/competitors/2107/roster

  Suggestion: Try `find_event(date, league='cfb', home=..., away=...)` to look up a valid event_id.
  (from `sportsdataverse import find_team, find_athlete, find_event`)
2026-06-13 19:42:20,359 ERROR extra fetch failed: _rosters(312600295,)
Traceback (most recent call last):
  File "C:\Users\saiem\Documents\GitHub-Data\sdv-dev\cfbfastR-dev\cfbfastR-cfb-raw\python\_cfb_raw_utils.py", line 93, in _safe
    return fn(*args, **kwargs)
           ^^^^^^^^^^^^^^^^^^^
  File "C:\Users\saiem\Documents\GitHub-Data\sdv-dev\cfbfastR-dev\cfbfastR-cfb-raw\python\scrape_cfb_json.py", line 31, in _rosters
    return sdv.cfb.espn_cfb_game_rosters(game_id=gid, return_as_pandas=True).to_dict("records")
           ^^^^^^^^^^^^^^^^^^^^^^^^^^^^^^^^^^^^^^^^^^^^^^^^^^^^^^^^^^^^^^^^^
  File "C:\Users\saiem\Documents\GitHub-Data\sdv-dev\cfbfastR-dev\cfbfastR-cfb-raw\.venv\Lib\site-packages\sportsdataverse\cfb\cfb_game_rosters.py", line 68, in espn_cfb_game_rosters
    teams_df = helper_cfb_team_items(items=items, **kwargs)
               ^^^^^^^^^^^^^^^^^^^^^^^^^^^^^^^^^^^^^^^^^^^^
  File "C:\Users\saiem\Documents\GitHub-Data\sdv-dev\cfbfastR-dev\cfbfastR-cfb-raw\.venv\Lib\site-packages\sportsdataverse\cfb\cfb_game_rosters.py", line 146, in helper_cfb_team_items
    teams_df = pl.concat([teams_df, team_row], how="vertical")
               ^^^^^^^^^^^^^^^^^^^^^^^^^^^^^^^^^^^^^^^^^^^^^^^
  File "C:\Users\saiem\Documents\GitHub-Data\sdv-dev\cfbfastR-dev\cfbfastR-cfb-raw\.venv\Lib\site-packages\polars\functions\eager.py", line 246, in concat
    out = wrap_df(plr.concat_df(elems))
                  ^^^^^^^^^^^^^^^^^^^^
polars.exceptions.ShapeError: unable to append to a DataFrame of width 16 with a DataFrame of width 15
2026-06-13 19:42:26,418 ERROR extra fetch failed: _rosters(312600235,)
Traceback (most recent call last):
  File "C:\Users\saiem\Documents\GitHub-Data\sdv-dev\cfbfastR-dev\cfbfastR-cfb-raw\python\_cfb_raw_utils.py", line 93, in _safe
    return fn(*args, **kwargs)
           ^^^^^^^^^^^^^^^^^^^
  File "C:\Users\saiem\Documents\GitHub-Data\sdv-dev\cfbfastR-dev\cfbfastR-cfb-raw\python\scrape_cfb_json.py", line 31, in _rosters
    return sdv.cfb.espn_cfb_game_rosters(game_id=gid, return_as_pandas=True).to_dict("records")
           ^^^^^^^^^^^^^^^^^^^^^^^^^^^^^^^^^^^^^^^^^^^^^^^^^^^^^^^^^^^^^^^^^
  File "C:\Users\saiem\Documents\GitHub-Data\sdv-dev\cfbfastR-dev\cfbfastR-cfb-raw\.venv\Lib\site-packages\sportsdataverse\cfb\cfb_game_rosters.py", line 68, in espn_cfb_game_rosters
    teams_df = helper_cfb_team_items(items=items, **kwargs)
               ^^^^^^^^^^^^^^^^^^^^^^^^^^^^^^^^^^^^^^^^^^^^
  File "C:\Users\saiem\Documents\GitHub-Data\sdv-dev\cfbfastR-dev\cfbfastR-cfb-raw\.venv\Lib\site-packages\sportsdataverse\cfb\cfb_game_rosters.py", line 146, in helper_cfb_team_items
    teams_df = pl.concat([teams_df, team_row], how="vertical")
               ^^^^^^^^^^^^^^^^^^^^^^^^^^^^^^^^^^^^^^^^^^^^^^^
  File "C:\Users\saiem\Documents\GitHub-Data\sdv-dev\cfbfastR-dev\cfbfastR-cfb-raw\.venv\Lib\site-packages\polars\functions\eager.py", line 246, in concat
    out = wrap_df(plr.concat_df(elems))
                  ^^^^^^^^^^^^^^^^^^^^
polars.exceptions.ShapeError: unable to append to a DataFrame of width 16 with a DataFrame of width 15
2026-06-13 19:42:57,130 ERROR extra fetch failed: _rosters(312600326,)
Traceback (most recent call last):
  File "C:\Users\saiem\Documents\GitHub-Data\sdv-dev\cfbfastR-dev\cfbfastR-cfb-raw\python\_cfb_raw_utils.py", line 93, in _safe
    return fn(*args, **kwargs)
           ^^^^^^^^^^^^^^^^^^^
  File "C:\Users\saiem\Documents\GitHub-Data\sdv-dev\cfbfastR-dev\cfbfastR-cfb-raw\python\scrape_cfb_json.py", line 31, in _rosters
    return sdv.cfb.espn_cfb_game_rosters(game_id=gid, return_as_pandas=True).to_dict("records")
           ^^^^^^^^^^^^^^^^^^^^^^^^^^^^^^^^^^^^^^^^^^^^^^^^^^^^^^^^^^^^^^^^^
  File "C:\Users\saiem\Documents\GitHub-Data\sdv-dev\cfbfastR-dev\cfbfastR-cfb-raw\.venv\Lib\site-packages\sportsdataverse\cfb\cfb_game_rosters.py", line 66, in espn_cfb_game_rosters
    team_rosters = helper_cfb_roster_items(items=items, summary_url=summary_url, **kwargs)
                   ^^^^^^^^^^^^^^^^^^^^^^^^^^^^^^^^^^^^^^^^^^^^^^^^^^^^^^^^^^^^^^^^^^^^^^^
  File "C:\Users\saiem\Documents\GitHub-Data\sdv-dev\cfbfastR-dev\cfbfastR-cfb-raw\.venv\Lib\site-packages\sportsdataverse\cfb\cfb_game_rosters.py", line 200, in helper_cfb_roster_items
    team_roster_resp = download(team_roster_url, **kwargs)
                       ^^^^^^^^^^^^^^^^^^^^^^^^^^^^^^^^^^^
  File "C:\Users\saiem\Documents\GitHub-Data\sdv-dev\cfbfastR-dev\cfbfastR-cfb-raw\.venv\Lib\site-packages\sportsdataverse\dl_utils.py", line 171, in download
    raise last_exc
  File "C:\Users\saiem\Documents\GitHub-Data\sdv-dev\cfbfastR-dev\cfbfastR-cfb-raw\.venv\Lib\site-packages\sportsdataverse\dl_utils.py", line 121, in download
    response = no_espn_data(response)
               ^^^^^^^^^^^^^^^^^^^^^^
  File "C:\Users\saiem\Documents\GitHub-Data\sdv-dev\cfbfastR-dev\cfbfastR-cfb-raw\.venv\Lib\site-packages\sportsdataverse\errors.py", line 116, in no_espn_data
    raise NoESPNDataError(_format_404(response.url))
sportsdataverse.errors.NoESPNDataError: NoESPNDataError: No data found for https://sports.core.api.espn.com/v2/sports/football/leagues/college-football/events/312600326/competitions/312600326/competitors/2627/roster

  Suggestion: Try `find_event(date, league='cfb', home=..., away=...)` to look up a valid event_id.
  (from `sportsdataverse import find_team, find_athlete, find_event`)
2026-06-13 19:43:28,113 ERROR extra fetch failed: _rosters(312672636,)
Traceback (most recent call last):
  File "C:\Users\saiem\Documents\GitHub-Data\sdv-dev\cfbfastR-dev\cfbfastR-cfb-raw\python\_cfb_raw_utils.py", line 93, in _safe
    return fn(*args, **kwargs)
           ^^^^^^^^^^^^^^^^^^^
  File "C:\Users\saiem\Documents\GitHub-Data\sdv-dev\cfbfastR-dev\cfbfastR-cfb-raw\python\scrape_cfb_json.py", line 31, in _rosters
    return sdv.cfb.espn_cfb_game_rosters(game_id=gid, return_as_pandas=True).to_dict("records")
           ^^^^^^^^^^^^^^^^^^^^^^^^^^^^^^^^^^^^^^^^^^^^^^^^^^^^^^^^^^^^^^^^^
  File "C:\Users\saiem\Documents\GitHub-Data\sdv-dev\cfbfastR-dev\cfbfastR-cfb-raw\.venv\Lib\site-packages\sportsdataverse\cfb\cfb_game_rosters.py", line 66, in espn_cfb_game_rosters
    team_rosters = helper_cfb_roster_items(items=items, summary_url=summary_url, **kwargs)
                   ^^^^^^^^^^^^^^^^^^^^^^^^^^^^^^^^^^^^^^^^^^^^^^^^^^^^^^^^^^^^^^^^^^^^^^^
  File "C:\Users\saiem\Documents\GitHub-Data\sdv-dev\cfbfastR-dev\cfbfastR-cfb-raw\.venv\Lib\site-packages\sportsdataverse\cfb\cfb_game_rosters.py", line 200, in helper_cfb_roster_items
    team_roster_resp = download(team_roster_url, **kwargs)
                       ^^^^^^^^^^^^^^^^^^^^^^^^^^^^^^^^^^^
  File "C:\Users\saiem\Documents\GitHub-Data\sdv-dev\cfbfastR-dev\cfbfastR-cfb-raw\.venv\Lib\site-packages\sportsdataverse\dl_utils.py", line 171, in download
    raise last_exc
  File "C:\Users\saiem\Documents\GitHub-Data\sdv-dev\cfbfastR-dev\cfbfastR-cfb-raw\.venv\Lib\site-packages\sportsdataverse\dl_utils.py", line 121, in download
    response = no_espn_data(response)
               ^^^^^^^^^^^^^^^^^^^^^^
  File "C:\Users\saiem\Documents\GitHub-Data\sdv-dev\cfbfastR-dev\cfbfastR-cfb-raw\.venv\Lib\site-packages\sportsdataverse\errors.py", line 116, in no_espn_data
    raise NoESPNDataError(_format_404(response.url))
sportsdataverse.errors.NoESPNDataError: NoESPNDataError: No data found for https://sports.core.api.espn.com/v2/sports/football/leagues/college-football/events/312672636/competitions/312672636/competitors/487/roster

  Suggestion: Try `find_event(date, league='cfb', home=..., away=...)` to look up a valid event_id.
  (from `sportsdataverse import find_team, find_athlete, find_event`)
2026-06-13 19:43:36,586 ERROR extra fetch failed: _rosters(312740311,)
Traceback (most recent call last):
  File "C:\Users\saiem\Documents\GitHub-Data\sdv-dev\cfbfastR-dev\cfbfastR-cfb-raw\python\_cfb_raw_utils.py", line 93, in _safe
    return fn(*args, **kwargs)
           ^^^^^^^^^^^^^^^^^^^
  File "C:\Users\saiem\Documents\GitHub-Data\sdv-dev\cfbfastR-dev\cfbfastR-cfb-raw\python\scrape_cfb_json.py", line 31, in _rosters
    return sdv.cfb.espn_cfb_game_rosters(game_id=gid, return_as_pandas=True).to_dict("records")
           ^^^^^^^^^^^^^^^^^^^^^^^^^^^^^^^^^^^^^^^^^^^^^^^^^^^^^^^^^^^^^^^^^
  File "C:\Users\saiem\Documents\GitHub-Data\sdv-dev\cfbfastR-dev\cfbfastR-cfb-raw\.venv\Lib\site-packages\sportsdataverse\cfb\cfb_game_rosters.py", line 68, in espn_cfb_game_rosters
    teams_df = helper_cfb_team_items(items=items, **kwargs)
               ^^^^^^^^^^^^^^^^^^^^^^^^^^^^^^^^^^^^^^^^^^^^
  File "C:\Users\saiem\Documents\GitHub-Data\sdv-dev\cfbfastR-dev\cfbfastR-cfb-raw\.venv\Lib\site-packages\sportsdataverse\cfb\cfb_game_rosters.py", line 146, in helper_cfb_team_items
    teams_df = pl.concat([teams_df, team_row], how="vertical")
               ^^^^^^^^^^^^^^^^^^^^^^^^^^^^^^^^^^^^^^^^^^^^^^^
  File "C:\Users\saiem\Documents\GitHub-Data\sdv-dev\cfbfastR-dev\cfbfastR-cfb-raw\.venv\Lib\site-packages\polars\functions\eager.py", line 246, in concat
    out = wrap_df(plr.concat_df(elems))
                  ^^^^^^^^^^^^^^^^^^^^
polars.exceptions.ShapeError: unable to append to a DataFrame of width 15 with a DataFrame of width 16
2026-06-13 19:43:39,682 ERROR extra fetch failed: _rosters(312740120,)
Traceback (most recent call last):
  File "C:\Users\saiem\Documents\GitHub-Data\sdv-dev\cfbfastR-dev\cfbfastR-cfb-raw\python\_cfb_raw_utils.py", line 93, in _safe
    return fn(*args, **kwargs)
           ^^^^^^^^^^^^^^^^^^^
  File "C:\Users\saiem\Documents\GitHub-Data\sdv-dev\cfbfastR-dev\cfbfastR-cfb-raw\python\scrape_cfb_json.py", line 31, in _rosters
    return sdv.cfb.espn_cfb_game_rosters(game_id=gid, return_as_pandas=True).to_dict("records")
           ^^^^^^^^^^^^^^^^^^^^^^^^^^^^^^^^^^^^^^^^^^^^^^^^^^^^^^^^^^^^^^^^^
  File "C:\Users\saiem\Documents\GitHub-Data\sdv-dev\cfbfastR-dev\cfbfastR-cfb-raw\.venv\Lib\site-packages\sportsdataverse\cfb\cfb_game_rosters.py", line 68, in espn_cfb_game_rosters
    teams_df = helper_cfb_team_items(items=items, **kwargs)
               ^^^^^^^^^^^^^^^^^^^^^^^^^^^^^^^^^^^^^^^^^^^^
  File "C:\Users\saiem\Documents\GitHub-Data\sdv-dev\cfbfastR-dev\cfbfastR-cfb-raw\.venv\Lib\site-packages\sportsdataverse\cfb\cfb_game_rosters.py", line 146, in helper_cfb_team_items
    teams_df = pl.concat([teams_df, team_row], how="vertical")
               ^^^^^^^^^^^^^^^^^^^^^^^^^^^^^^^^^^^^^^^^^^^^^^^
  File "C:\Users\saiem\Documents\GitHub-Data\sdv-dev\cfbfastR-dev\cfbfastR-cfb-raw\.venv\Lib\site-packages\polars\functions\eager.py", line 246, in concat
    out = wrap_df(plr.concat_df(elems))
                  ^^^^^^^^^^^^^^^^^^^^
polars.exceptions.ShapeError: unable to append to a DataFrame of width 16 with a DataFrame of width 15
2026-06-13 19:43:51,521 ERROR extra fetch failed: _rosters(312742572,)
Traceback (most recent call last):
  File "C:\Users\saiem\Documents\GitHub-Data\sdv-dev\cfbfastR-dev\cfbfastR-cfb-raw\.venv\Lib\site-packages\requests\models.py", line 1116, in json
    return complexjson.loads(self.text, **kwargs)
           ^^^^^^^^^^^^^^^^^^^^^^^^^^^^^^^^^^^^^^
  File "C:\Users\saiem\AppData\Local\Programs\Python\Python311\Lib\json\__init__.py", line 346, in loads
    return _default_decoder.decode(s)
           ^^^^^^^^^^^^^^^^^^^^^^^^^^
  File "C:\Users\saiem\AppData\Local\Programs\Python\Python311\Lib\json\decoder.py", line 337, in decode
    obj, end = self.raw_decode(s, idx=_w(s, 0).end())
               ^^^^^^^^^^^^^^^^^^^^^^^^^^^^^^^^^^^^^^
  File "C:\Users\saiem\AppData\Local\Programs\Python\Python311\Lib\json\decoder.py", line 355, in raw_decode
    raise JSONDecodeError("Expecting value", s, err.value) from None
json.decoder.JSONDecodeError: Expecting value: line 1 column 1 (char 0)

During handling of the above exception, another exception occurred:

Traceback (most recent call last):
  File "C:\Users\saiem\Documents\GitHub-Data\sdv-dev\cfbfastR-dev\cfbfastR-cfb-raw\python\_cfb_raw_utils.py", line 93, in _safe
    return fn(*args, **kwargs)
           ^^^^^^^^^^^^^^^^^^^
  File "C:\Users\saiem\Documents\GitHub-Data\sdv-dev\cfbfastR-dev\cfbfastR-cfb-raw\python\scrape_cfb_json.py", line 31, in _rosters
    return sdv.cfb.espn_cfb_game_rosters(game_id=gid, return_as_pandas=True).to_dict("records")
           ^^^^^^^^^^^^^^^^^^^^^^^^^^^^^^^^^^^^^^^^^^^^^^^^^^^^^^^^^^^^^^^^^
  File "C:\Users\saiem\Documents\GitHub-Data\sdv-dev\cfbfastR-dev\cfbfastR-cfb-raw\.venv\Lib\site-packages\sportsdataverse\cfb\cfb_game_rosters.py", line 68, in espn_cfb_game_rosters
    teams_df = helper_cfb_team_items(items=items, **kwargs)
               ^^^^^^^^^^^^^^^^^^^^^^^^^^^^^^^^^^^^^^^^^^^^
  File "C:\Users\saiem\Documents\GitHub-Data\sdv-dev\cfbfastR-dev\cfbfastR-cfb-raw\.venv\Lib\site-packages\sportsdataverse\cfb\cfb_game_rosters.py", line 142, in helper_cfb_team_items
    team = download(x, **kwargs).json()
           ^^^^^^^^^^^^^^^^^^^^^^^^^^^^
  File "C:\Users\saiem\Documents\GitHub-Data\sdv-dev\cfbfastR-dev\cfbfastR-cfb-raw\.venv\Lib\site-packages\requests\models.py", line 1120, in json
    raise RequestsJSONDecodeError(e.msg, e.doc, e.pos)
requests.exceptions.JSONDecodeError: Expecting value: line 1 column 1 (char 0)
2026-06-13 19:43:51,522 ERROR extra fetch failed: _rosters(312742348,)
Traceback (most recent call last):
  File "C:\Users\saiem\Documents\GitHub-Data\sdv-dev\cfbfastR-dev\cfbfastR-cfb-raw\.venv\Lib\site-packages\requests\models.py", line 1116, in json
    return complexjson.loads(self.text, **kwargs)
           ^^^^^^^^^^^^^^^^^^^^^^^^^^^^^^^^^^^^^^
  File "C:\Users\saiem\AppData\Local\Programs\Python\Python311\Lib\json\__init__.py", line 346, in loads
    return _default_decoder.decode(s)
           ^^^^^^^^^^^^^^^^^^^^^^^^^^
  File "C:\Users\saiem\AppData\Local\Programs\Python\Python311\Lib\json\decoder.py", line 337, in decode
    obj, end = self.raw_decode(s, idx=_w(s, 0).end())
               ^^^^^^^^^^^^^^^^^^^^^^^^^^^^^^^^^^^^^^
  File "C:\Users\saiem\AppData\Local\Programs\Python\Python311\Lib\json\decoder.py", line 355, in raw_decode
    raise JSONDecodeError("Expecting value", s, err.value) from None
json.decoder.JSONDecodeError: Expecting value: line 1 column 1 (char 0)

During handling of the above exception, another exception occurred:

Traceback (most recent call last):
  File "C:\Users\saiem\Documents\GitHub-Data\sdv-dev\cfbfastR-dev\cfbfastR-cfb-raw\python\_cfb_raw_utils.py", line 93, in _safe
    return fn(*args, **kwargs)
           ^^^^^^^^^^^^^^^^^^^
  File "C:\Users\saiem\Documents\GitHub-Data\sdv-dev\cfbfastR-dev\cfbfastR-cfb-raw\python\scrape_cfb_json.py", line 31, in _rosters
    return sdv.cfb.espn_cfb_game_rosters(game_id=gid, return_as_pandas=True).to_dict("records")
           ^^^^^^^^^^^^^^^^^^^^^^^^^^^^^^^^^^^^^^^^^^^^^^^^^^^^^^^^^^^^^^^^^
  File "C:\Users\saiem\Documents\GitHub-Data\sdv-dev\cfbfastR-dev\cfbfastR-cfb-raw\.venv\Lib\site-packages\sportsdataverse\cfb\cfb_game_rosters.py", line 70, in espn_cfb_game_rosters
    athletes = helper_cfb_athlete_items(teams_rosters=team_rosters, **kwargs)
               ^^^^^^^^^^^^^^^^^^^^^^^^^^^^^^^^^^^^^^^^^^^^^^^^^^^^^^^^^^^^^^
  File "C:\Users\saiem\Documents\GitHub-Data\sdv-dev\cfbfastR-dev\cfbfastR-cfb-raw\.venv\Lib\site-packages\sportsdataverse\cfb\cfb_game_rosters.py", line 249, in helper_cfb_athlete_items
    athlete_resp = athlete_res.json()
                   ^^^^^^^^^^^^^^^^^^
  File "C:\Users\saiem\Documents\GitHub-Data\sdv-dev\cfbfastR-dev\cfbfastR-cfb-raw\.venv\Lib\site-packages\requests\models.py", line 1120, in json
    raise RequestsJSONDecodeError(e.msg, e.doc, e.pos)
requests.exceptions.JSONDecodeError: Expecting value: line 1 column 1 (char 0)
2026-06-13 19:43:51,552 ERROR extra fetch failed: _rosters(312742534,)
Traceback (most recent call last):
  File "C:\Users\saiem\Documents\GitHub-Data\sdv-dev\cfbfastR-dev\cfbfastR-cfb-raw\.venv\Lib\site-packages\requests\models.py", line 1116, in json
    return complexjson.loads(self.text, **kwargs)
           ^^^^^^^^^^^^^^^^^^^^^^^^^^^^^^^^^^^^^^
  File "C:\Users\saiem\AppData\Local\Programs\Python\Python311\Lib\json\__init__.py", line 346, in loads
    return _default_decoder.decode(s)
           ^^^^^^^^^^^^^^^^^^^^^^^^^^
  File "C:\Users\saiem\AppData\Local\Programs\Python\Python311\Lib\json\decoder.py", line 337, in decode
    obj, end = self.raw_decode(s, idx=_w(s, 0).end())
               ^^^^^^^^^^^^^^^^^^^^^^^^^^^^^^^^^^^^^^
  File "C:\Users\saiem\AppData\Local\Programs\Python\Python311\Lib\json\decoder.py", line 355, in raw_decode
    raise JSONDecodeError("Expecting value", s, err.value) from None
json.decoder.JSONDecodeError: Expecting value: line 1 column 1 (char 0)

During handling of the above exception, another exception occurred:

Traceback (most recent call last):
  File "C:\Users\saiem\Documents\GitHub-Data\sdv-dev\cfbfastR-dev\cfbfastR-cfb-raw\python\_cfb_raw_utils.py", line 93, in _safe
    return fn(*args, **kwargs)
           ^^^^^^^^^^^^^^^^^^^
  File "C:\Users\saiem\Documents\GitHub-Data\sdv-dev\cfbfastR-dev\cfbfastR-cfb-raw\python\scrape_cfb_json.py", line 31, in _rosters
    return sdv.cfb.espn_cfb_game_rosters(game_id=gid, return_as_pandas=True).to_dict("records")
           ^^^^^^^^^^^^^^^^^^^^^^^^^^^^^^^^^^^^^^^^^^^^^^^^^^^^^^^^^^^^^^^^^
  File "C:\Users\saiem\Documents\GitHub-Data\sdv-dev\cfbfastR-dev\cfbfastR-cfb-raw\.venv\Lib\site-packages\sportsdataverse\cfb\cfb_game_rosters.py", line 70, in espn_cfb_game_rosters
    athletes = helper_cfb_athlete_items(teams_rosters=team_rosters, **kwargs)
               ^^^^^^^^^^^^^^^^^^^^^^^^^^^^^^^^^^^^^^^^^^^^^^^^^^^^^^^^^^^^^^
  File "C:\Users\saiem\Documents\GitHub-Data\sdv-dev\cfbfastR-dev\cfbfastR-cfb-raw\.venv\Lib\site-packages\sportsdataverse\cfb\cfb_game_rosters.py", line 249, in helper_cfb_athlete_items
    athlete_resp = athlete_res.json()
                   ^^^^^^^^^^^^^^^^^^
  File "C:\Users\saiem\Documents\GitHub-Data\sdv-dev\cfbfastR-dev\cfbfastR-cfb-raw\.venv\Lib\site-packages\requests\models.py", line 1120, in json
    raise RequestsJSONDecodeError(e.msg, e.doc, e.pos)
requests.exceptions.JSONDecodeError: Expecting value: line 1 column 1 (char 0)
2026-06-13 19:43:51,552 ERROR extra fetch failed: _rosters(312742393,)
Traceback (most recent call last):
  File "C:\Users\saiem\Documents\GitHub-Data\sdv-dev\cfbfastR-dev\cfbfastR-cfb-raw\.venv\Lib\site-packages\requests\models.py", line 1116, in json
    return complexjson.loads(self.text, **kwargs)
           ^^^^^^^^^^^^^^^^^^^^^^^^^^^^^^^^^^^^^^
  File "C:\Users\saiem\AppData\Local\Programs\Python\Python311\Lib\json\__init__.py", line 346, in loads
    return _default_decoder.decode(s)
           ^^^^^^^^^^^^^^^^^^^^^^^^^^
  File "C:\Users\saiem\AppData\Local\Programs\Python\Python311\Lib\json\decoder.py", line 337, in decode
    obj, end = self.raw_decode(s, idx=_w(s, 0).end())
               ^^^^^^^^^^^^^^^^^^^^^^^^^^^^^^^^^^^^^^
  File "C:\Users\saiem\AppData\Local\Programs\Python\Python311\Lib\json\decoder.py", line 355, in raw_decode
    raise JSONDecodeError("Expecting value", s, err.value) from None
json.decoder.JSONDecodeError: Expecting value: line 1 column 1 (char 0)

During handling of the above exception, another exception occurred:

Traceback (most recent call last):
  File "C:\Users\saiem\Documents\GitHub-Data\sdv-dev\cfbfastR-dev\cfbfastR-cfb-raw\python\_cfb_raw_utils.py", line 93, in _safe
    return fn(*args, **kwargs)
           ^^^^^^^^^^^^^^^^^^^
  File "C:\Users\saiem\Documents\GitHub-Data\sdv-dev\cfbfastR-dev\cfbfastR-cfb-raw\python\scrape_cfb_json.py", line 31, in _rosters
    return sdv.cfb.espn_cfb_game_rosters(game_id=gid, return_as_pandas=True).to_dict("records")
           ^^^^^^^^^^^^^^^^^^^^^^^^^^^^^^^^^^^^^^^^^^^^^^^^^^^^^^^^^^^^^^^^^
  File "C:\Users\saiem\Documents\GitHub-Data\sdv-dev\cfbfastR-dev\cfbfastR-cfb-raw\.venv\Lib\site-packages\sportsdataverse\cfb\cfb_game_rosters.py", line 70, in espn_cfb_game_rosters
    athletes = helper_cfb_athlete_items(teams_rosters=team_rosters, **kwargs)
               ^^^^^^^^^^^^^^^^^^^^^^^^^^^^^^^^^^^^^^^^^^^^^^^^^^^^^^^^^^^^^^
  File "C:\Users\saiem\Documents\GitHub-Data\sdv-dev\cfbfastR-dev\cfbfastR-cfb-raw\.venv\Lib\site-packages\sportsdataverse\cfb\cfb_game_rosters.py", line 249, in helper_cfb_athlete_items
    athlete_resp = athlete_res.json()
                   ^^^^^^^^^^^^^^^^^^
  File "C:\Users\saiem\Documents\GitHub-Data\sdv-dev\cfbfastR-dev\cfbfastR-cfb-raw\.venv\Lib\site-packages\requests\models.py", line 1120, in json
    raise RequestsJSONDecodeError(e.msg, e.doc, e.pos)
requests.exceptions.JSONDecodeError: Expecting value: line 1 column 1 (char 0)
2026-06-13 19:43:51,552 ERROR extra fetch failed: _rosters(312740202,)
Traceback (most recent call last):
  File "C:\Users\saiem\Documents\GitHub-Data\sdv-dev\cfbfastR-dev\cfbfastR-cfb-raw\.venv\Lib\site-packages\requests\models.py", line 1116, in json
    return complexjson.loads(self.text, **kwargs)
           ^^^^^^^^^^^^^^^^^^^^^^^^^^^^^^^^^^^^^^
  File "C:\Users\saiem\AppData\Local\Programs\Python\Python311\Lib\json\__init__.py", line 346, in loads
    return _default_decoder.decode(s)
           ^^^^^^^^^^^^^^^^^^^^^^^^^^
  File "C:\Users\saiem\AppData\Local\Programs\Python\Python311\Lib\json\decoder.py", line 337, in decode
    obj, end = self.raw_decode(s, idx=_w(s, 0).end())
               ^^^^^^^^^^^^^^^^^^^^^^^^^^^^^^^^^^^^^^
  File "C:\Users\saiem\AppData\Local\Programs\Python\Python311\Lib\json\decoder.py", line 355, in raw_decode
    raise JSONDecodeError("Expecting value", s, err.value) from None
json.decoder.JSONDecodeError: Expecting value: line 1 column 1 (char 0)

During handling of the above exception, another exception occurred:

Traceback (most recent call last):
  File "C:\Users\saiem\Documents\GitHub-Data\sdv-dev\cfbfastR-dev\cfbfastR-cfb-raw\python\_cfb_raw_utils.py", line 93, in _safe
    return fn(*args, **kwargs)
           ^^^^^^^^^^^^^^^^^^^
  File "C:\Users\saiem\Documents\GitHub-Data\sdv-dev\cfbfastR-dev\cfbfastR-cfb-raw\python\scrape_cfb_json.py", line 31, in _rosters
    return sdv.cfb.espn_cfb_game_rosters(game_id=gid, return_as_pandas=True).to_dict("records")
           ^^^^^^^^^^^^^^^^^^^^^^^^^^^^^^^^^^^^^^^^^^^^^^^^^^^^^^^^^^^^^^^^^
  File "C:\Users\saiem\Documents\GitHub-Data\sdv-dev\cfbfastR-dev\cfbfastR-cfb-raw\.venv\Lib\site-packages\sportsdataverse\cfb\cfb_game_rosters.py", line 70, in espn_cfb_game_rosters
    athletes = helper_cfb_athlete_items(teams_rosters=team_rosters, **kwargs)
               ^^^^^^^^^^^^^^^^^^^^^^^^^^^^^^^^^^^^^^^^^^^^^^^^^^^^^^^^^^^^^^
  File "C:\Users\saiem\Documents\GitHub-Data\sdv-dev\cfbfastR-dev\cfbfastR-cfb-raw\.venv\Lib\site-packages\sportsdataverse\cfb\cfb_game_rosters.py", line 249, in helper_cfb_athlete_items
    athlete_resp = athlete_res.json()
                   ^^^^^^^^^^^^^^^^^^
  File "C:\Users\saiem\Documents\GitHub-Data\sdv-dev\cfbfastR-dev\cfbfastR-cfb-raw\.venv\Lib\site-packages\requests\models.py", line 1120, in json
    raise RequestsJSONDecodeError(e.msg, e.doc, e.pos)
requests.exceptions.JSONDecodeError: Expecting value: line 1 column 1 (char 0)
2026-06-13 19:43:51,567 ERROR extra fetch failed: _rosters(312740309,)
Traceback (most recent call last):
  File "C:\Users\saiem\Documents\GitHub-Data\sdv-dev\cfbfastR-dev\cfbfastR-cfb-raw\.venv\Lib\site-packages\requests\models.py", line 1116, in json
    return complexjson.loads(self.text, **kwargs)
           ^^^^^^^^^^^^^^^^^^^^^^^^^^^^^^^^^^^^^^
  File "C:\Users\saiem\AppData\Local\Programs\Python\Python311\Lib\json\__init__.py", line 346, in loads
    return _default_decoder.decode(s)
           ^^^^^^^^^^^^^^^^^^^^^^^^^^
  File "C:\Users\saiem\AppData\Local\Programs\Python\Python311\Lib\json\decoder.py", line 337, in decode
    obj, end = self.raw_decode(s, idx=_w(s, 0).end())
               ^^^^^^^^^^^^^^^^^^^^^^^^^^^^^^^^^^^^^^
  File "C:\Users\saiem\AppData\Local\Programs\Python\Python311\Lib\json\decoder.py", line 355, in raw_decode
    raise JSONDecodeError("Expecting value", s, err.value) from None
json.decoder.JSONDecodeError: Expecting value: line 1 column 1 (char 0)

During handling of the above exception, another exception occurred:

Traceback (most recent call last):
  File "C:\Users\saiem\Documents\GitHub-Data\sdv-dev\cfbfastR-dev\cfbfastR-cfb-raw\python\_cfb_raw_utils.py", line 93, in _safe
    return fn(*args, **kwargs)
           ^^^^^^^^^^^^^^^^^^^
  File "C:\Users\saiem\Documents\GitHub-Data\sdv-dev\cfbfastR-dev\cfbfastR-cfb-raw\python\scrape_cfb_json.py", line 31, in _rosters
    return sdv.cfb.espn_cfb_game_rosters(game_id=gid, return_as_pandas=True).to_dict("records")
           ^^^^^^^^^^^^^^^^^^^^^^^^^^^^^^^^^^^^^^^^^^^^^^^^^^^^^^^^^^^^^^^^^
  File "C:\Users\saiem\Documents\GitHub-Data\sdv-dev\cfbfastR-dev\cfbfastR-cfb-raw\.venv\Lib\site-packages\sportsdataverse\cfb\cfb_game_rosters.py", line 70, in espn_cfb_game_rosters
    athletes = helper_cfb_athlete_items(teams_rosters=team_rosters, **kwargs)
               ^^^^^^^^^^^^^^^^^^^^^^^^^^^^^^^^^^^^^^^^^^^^^^^^^^^^^^^^^^^^^^
  File "C:\Users\saiem\Documents\GitHub-Data\sdv-dev\cfbfastR-dev\cfbfastR-cfb-raw\.venv\Lib\site-packages\sportsdataverse\cfb\cfb_game_rosters.py", line 249, in helper_cfb_athlete_items
    athlete_resp = athlete_res.json()
                   ^^^^^^^^^^^^^^^^^^
  File "C:\Users\saiem\Documents\GitHub-Data\sdv-dev\cfbfastR-dev\cfbfastR-cfb-raw\.venv\Lib\site-packages\requests\models.py", line 1120, in json
    raise RequestsJSONDecodeError(e.msg, e.doc, e.pos)
requests.exceptions.JSONDecodeError: Expecting value: line 1 column 1 (char 0)
2026-06-13 19:43:51,582 ERROR extra fetch failed: _rosters(312740098,)
Traceback (most recent call last):
  File "C:\Users\saiem\Documents\GitHub-Data\sdv-dev\cfbfastR-dev\cfbfastR-cfb-raw\.venv\Lib\site-packages\requests\models.py", line 1116, in json
    return complexjson.loads(self.text, **kwargs)
           ^^^^^^^^^^^^^^^^^^^^^^^^^^^^^^^^^^^^^^
  File "C:\Users\saiem\AppData\Local\Programs\Python\Python311\Lib\json\__init__.py", line 346, in loads
    return _default_decoder.decode(s)
           ^^^^^^^^^^^^^^^^^^^^^^^^^^
  File "C:\Users\saiem\AppData\Local\Programs\Python\Python311\Lib\json\decoder.py", line 337, in decode
    obj, end = self.raw_decode(s, idx=_w(s, 0).end())
               ^^^^^^^^^^^^^^^^^^^^^^^^^^^^^^^^^^^^^^
  File "C:\Users\saiem\AppData\Local\Programs\Python\Python311\Lib\json\decoder.py", line 355, in raw_decode
    raise JSONDecodeError("Expecting value", s, err.value) from None
json.decoder.JSONDecodeError: Expecting value: line 1 column 1 (char 0)

During handling of the above exception, another exception occurred:

Traceback (most recent call last):
  File "C:\Users\saiem\Documents\GitHub-Data\sdv-dev\cfbfastR-dev\cfbfastR-cfb-raw\python\_cfb_raw_utils.py", line 93, in _safe
    return fn(*args, **kwargs)
           ^^^^^^^^^^^^^^^^^^^
  File "C:\Users\saiem\Documents\GitHub-Data\sdv-dev\cfbfastR-dev\cfbfastR-cfb-raw\python\scrape_cfb_json.py", line 31, in _rosters
    return sdv.cfb.espn_cfb_game_rosters(game_id=gid, return_as_pandas=True).to_dict("records")
           ^^^^^^^^^^^^^^^^^^^^^^^^^^^^^^^^^^^^^^^^^^^^^^^^^^^^^^^^^^^^^^^^^
  File "C:\Users\saiem\Documents\GitHub-Data\sdv-dev\cfbfastR-dev\cfbfastR-cfb-raw\.venv\Lib\site-packages\sportsdataverse\cfb\cfb_game_rosters.py", line 70, in espn_cfb_game_rosters
    athletes = helper_cfb_athlete_items(teams_rosters=team_rosters, **kwargs)
               ^^^^^^^^^^^^^^^^^^^^^^^^^^^^^^^^^^^^^^^^^^^^^^^^^^^^^^^^^^^^^^
  File "C:\Users\saiem\Documents\GitHub-Data\sdv-dev\cfbfastR-dev\cfbfastR-cfb-raw\.venv\Lib\site-packages\sportsdataverse\cfb\cfb_game_rosters.py", line 249, in helper_cfb_athlete_items
    athlete_resp = athlete_res.json()
                   ^^^^^^^^^^^^^^^^^^
  File "C:\Users\saiem\Documents\GitHub-Data\sdv-dev\cfbfastR-dev\cfbfastR-cfb-raw\.venv\Lib\site-packages\requests\models.py", line 1120, in json
    raise RequestsJSONDecodeError(e.msg, e.doc, e.pos)
requests.exceptions.JSONDecodeError: Expecting value: line 1 column 1 (char 0)
2026-06-13 19:43:51,584 ERROR extra fetch failed: _rosters(312740036,)
Traceback (most recent call last):
  File "C:\Users\saiem\Documents\GitHub-Data\sdv-dev\cfbfastR-dev\cfbfastR-cfb-raw\.venv\Lib\site-packages\requests\models.py", line 1116, in json
    return complexjson.loads(self.text, **kwargs)
           ^^^^^^^^^^^^^^^^^^^^^^^^^^^^^^^^^^^^^^
  File "C:\Users\saiem\AppData\Local\Programs\Python\Python311\Lib\json\__init__.py", line 346, in loads
    return _default_decoder.decode(s)
           ^^^^^^^^^^^^^^^^^^^^^^^^^^
  File "C:\Users\saiem\AppData\Local\Programs\Python\Python311\Lib\json\decoder.py", line 337, in decode
    obj, end = self.raw_decode(s, idx=_w(s, 0).end())
               ^^^^^^^^^^^^^^^^^^^^^^^^^^^^^^^^^^^^^^
  File "C:\Users\saiem\AppData\Local\Programs\Python\Python311\Lib\json\decoder.py", line 355, in raw_decode
    raise JSONDecodeError("Expecting value", s, err.value) from None
json.decoder.JSONDecodeError: Expecting value: line 1 column 1 (char 0)

During handling of the above exception, another exception occurred:

Traceback (most recent call last):
  File "C:\Users\saiem\Documents\GitHub-Data\sdv-dev\cfbfastR-dev\cfbfastR-cfb-raw\python\_cfb_raw_utils.py", line 93, in _safe
    return fn(*args, **kwargs)
           ^^^^^^^^^^^^^^^^^^^
  File "C:\Users\saiem\Documents\GitHub-Data\sdv-dev\cfbfastR-dev\cfbfastR-cfb-raw\python\scrape_cfb_json.py", line 31, in _rosters
    return sdv.cfb.espn_cfb_game_rosters(game_id=gid, return_as_pandas=True).to_dict("records")
           ^^^^^^^^^^^^^^^^^^^^^^^^^^^^^^^^^^^^^^^^^^^^^^^^^^^^^^^^^^^^^^^^^
  File "C:\Users\saiem\Documents\GitHub-Data\sdv-dev\cfbfastR-dev\cfbfastR-cfb-raw\.venv\Lib\site-packages\sportsdataverse\cfb\cfb_game_rosters.py", line 70, in espn_cfb_game_rosters
    athletes = helper_cfb_athlete_items(teams_rosters=team_rosters, **kwargs)
               ^^^^^^^^^^^^^^^^^^^^^^^^^^^^^^^^^^^^^^^^^^^^^^^^^^^^^^^^^^^^^^
  File "C:\Users\saiem\Documents\GitHub-Data\sdv-dev\cfbfastR-dev\cfbfastR-cfb-raw\.venv\Lib\site-packages\sportsdataverse\cfb\cfb_game_rosters.py", line 249, in helper_cfb_athlete_items
    athlete_resp = athlete_res.json()
                   ^^^^^^^^^^^^^^^^^^
  File "C:\Users\saiem\Documents\GitHub-Data\sdv-dev\cfbfastR-dev\cfbfastR-cfb-raw\.venv\Lib\site-packages\requests\models.py", line 1120, in json
    raise RequestsJSONDecodeError(e.msg, e.doc, e.pos)
requests.exceptions.JSONDecodeError: Expecting value: line 1 column 1 (char 0)
2026-06-13 19:43:51,612 ERROR extra fetch failed: _rosters(312742229,)
Traceback (most recent call last):
  File "C:\Users\saiem\Documents\GitHub-Data\sdv-dev\cfbfastR-dev\cfbfastR-cfb-raw\.venv\Lib\site-packages\requests\models.py", line 1116, in json
    return complexjson.loads(self.text, **kwargs)
           ^^^^^^^^^^^^^^^^^^^^^^^^^^^^^^^^^^^^^^
  File "C:\Users\saiem\AppData\Local\Programs\Python\Python311\Lib\json\__init__.py", line 346, in loads
    return _default_decoder.decode(s)
           ^^^^^^^^^^^^^^^^^^^^^^^^^^
  File "C:\Users\saiem\AppData\Local\Programs\Python\Python311\Lib\json\decoder.py", line 337, in decode
    obj, end = self.raw_decode(s, idx=_w(s, 0).end())
               ^^^^^^^^^^^^^^^^^^^^^^^^^^^^^^^^^^^^^^
  File "C:\Users\saiem\AppData\Local\Programs\Python\Python311\Lib\json\decoder.py", line 355, in raw_decode
    raise JSONDecodeError("Expecting value", s, err.value) from None
json.decoder.JSONDecodeError: Expecting value: line 1 column 1 (char 0)

During handling of the above exception, another exception occurred:

Traceback (most recent call last):
  File "C:\Users\saiem\Documents\GitHub-Data\sdv-dev\cfbfastR-dev\cfbfastR-cfb-raw\python\_cfb_raw_utils.py", line 93, in _safe
    return fn(*args, **kwargs)
           ^^^^^^^^^^^^^^^^^^^
  File "C:\Users\saiem\Documents\GitHub-Data\sdv-dev\cfbfastR-dev\cfbfastR-cfb-raw\python\scrape_cfb_json.py", line 31, in _rosters
    return sdv.cfb.espn_cfb_game_rosters(game_id=gid, return_as_pandas=True).to_dict("records")
           ^^^^^^^^^^^^^^^^^^^^^^^^^^^^^^^^^^^^^^^^^^^^^^^^^^^^^^^^^^^^^^^^^
  File "C:\Users\saiem\Documents\GitHub-Data\sdv-dev\cfbfastR-dev\cfbfastR-cfb-raw\.venv\Lib\site-packages\sportsdataverse\cfb\cfb_game_rosters.py", line 70, in espn_cfb_game_rosters
    athletes = helper_cfb_athlete_items(teams_rosters=team_rosters, **kwargs)
               ^^^^^^^^^^^^^^^^^^^^^^^^^^^^^^^^^^^^^^^^^^^^^^^^^^^^^^^^^^^^^^
  File "C:\Users\saiem\Documents\GitHub-Data\sdv-dev\cfbfastR-dev\cfbfastR-cfb-raw\.venv\Lib\site-packages\sportsdataverse\cfb\cfb_game_rosters.py", line 249, in helper_cfb_athlete_items
    athlete_resp = athlete_res.json()
                   ^^^^^^^^^^^^^^^^^^
  File "C:\Users\saiem\Documents\GitHub-Data\sdv-dev\cfbfastR-dev\cfbfastR-cfb-raw\.venv\Lib\site-packages\requests\models.py", line 1120, in json
    raise RequestsJSONDecodeError(e.msg, e.doc, e.pos)
requests.exceptions.JSONDecodeError: Expecting value: line 1 column 1 (char 0)
2026-06-13 19:43:51,645 ERROR extra fetch failed: _rosters(312742653,)
Traceback (most recent call last):
  File "C:\Users\saiem\Documents\GitHub-Data\sdv-dev\cfbfastR-dev\cfbfastR-cfb-raw\.venv\Lib\site-packages\requests\models.py", line 1116, in json
    return complexjson.loads(self.text, **kwargs)
           ^^^^^^^^^^^^^^^^^^^^^^^^^^^^^^^^^^^^^^
  File "C:\Users\saiem\AppData\Local\Programs\Python\Python311\Lib\json\__init__.py", line 346, in loads
    return _default_decoder.decode(s)
           ^^^^^^^^^^^^^^^^^^^^^^^^^^
  File "C:\Users\saiem\AppData\Local\Programs\Python\Python311\Lib\json\decoder.py", line 337, in decode
    obj, end = self.raw_decode(s, idx=_w(s, 0).end())
               ^^^^^^^^^^^^^^^^^^^^^^^^^^^^^^^^^^^^^^
  File "C:\Users\saiem\AppData\Local\Programs\Python\Python311\Lib\json\decoder.py", line 355, in raw_decode
    raise JSONDecodeError("Expecting value", s, err.value) from None
json.decoder.JSONDecodeError: Expecting value: line 1 column 1 (char 0)

During handling of the above exception, another exception occurred:

Traceback (most recent call last):
  File "C:\Users\saiem\Documents\GitHub-Data\sdv-dev\cfbfastR-dev\cfbfastR-cfb-raw\python\_cfb_raw_utils.py", line 93, in _safe
    return fn(*args, **kwargs)
           ^^^^^^^^^^^^^^^^^^^
  File "C:\Users\saiem\Documents\GitHub-Data\sdv-dev\cfbfastR-dev\cfbfastR-cfb-raw\python\scrape_cfb_json.py", line 31, in _rosters
    return sdv.cfb.espn_cfb_game_rosters(game_id=gid, return_as_pandas=True).to_dict("records")
           ^^^^^^^^^^^^^^^^^^^^^^^^^^^^^^^^^^^^^^^^^^^^^^^^^^^^^^^^^^^^^^^^^
  File "C:\Users\saiem\Documents\GitHub-Data\sdv-dev\cfbfastR-dev\cfbfastR-cfb-raw\.venv\Lib\site-packages\sportsdataverse\cfb\cfb_game_rosters.py", line 70, in espn_cfb_game_rosters
    athletes = helper_cfb_athlete_items(teams_rosters=team_rosters, **kwargs)
               ^^^^^^^^^^^^^^^^^^^^^^^^^^^^^^^^^^^^^^^^^^^^^^^^^^^^^^^^^^^^^^
  File "C:\Users\saiem\Documents\GitHub-Data\sdv-dev\cfbfastR-dev\cfbfastR-cfb-raw\.venv\Lib\site-packages\sportsdataverse\cfb\cfb_game_rosters.py", line 249, in helper_cfb_athlete_items
    athlete_resp = athlete_res.json()
                   ^^^^^^^^^^^^^^^^^^
  File "C:\Users\saiem\Documents\GitHub-Data\sdv-dev\cfbfastR-dev\cfbfastR-cfb-raw\.venv\Lib\site-packages\requests\models.py", line 1120, in json
    raise RequestsJSONDecodeError(e.msg, e.doc, e.pos)
requests.exceptions.JSONDecodeError: Expecting value: line 1 column 1 (char 0)
2026-06-13 19:43:51,650 ERROR extra fetch failed: _rosters(312740254,)
Traceback (most recent call last):
  File "C:\Users\saiem\Documents\GitHub-Data\sdv-dev\cfbfastR-dev\cfbfastR-cfb-raw\.venv\Lib\site-packages\requests\models.py", line 1116, in json
    return complexjson.loads(self.text, **kwargs)
           ^^^^^^^^^^^^^^^^^^^^^^^^^^^^^^^^^^^^^^
  File "C:\Users\saiem\AppData\Local\Programs\Python\Python311\Lib\json\__init__.py", line 346, in loads
    return _default_decoder.decode(s)
           ^^^^^^^^^^^^^^^^^^^^^^^^^^
  File "C:\Users\saiem\AppData\Local\Programs\Python\Python311\Lib\json\decoder.py", line 337, in decode
    obj, end = self.raw_decode(s, idx=_w(s, 0).end())
               ^^^^^^^^^^^^^^^^^^^^^^^^^^^^^^^^^^^^^^
  File "C:\Users\saiem\AppData\Local\Programs\Python\Python311\Lib\json\decoder.py", line 355, in raw_decode
    raise JSONDecodeError("Expecting value", s, err.value) from None
json.decoder.JSONDecodeError: Expecting value: line 1 column 1 (char 0)

During handling of the above exception, another exception occurred:

Traceback (most recent call last):
  File "C:\Users\saiem\Documents\GitHub-Data\sdv-dev\cfbfastR-dev\cfbfastR-cfb-raw\python\_cfb_raw_utils.py", line 93, in _safe
    return fn(*args, **kwargs)
           ^^^^^^^^^^^^^^^^^^^
  File "C:\Users\saiem\Documents\GitHub-Data\sdv-dev\cfbfastR-dev\cfbfastR-cfb-raw\python\scrape_cfb_json.py", line 31, in _rosters
    return sdv.cfb.espn_cfb_game_rosters(game_id=gid, return_as_pandas=True).to_dict("records")
           ^^^^^^^^^^^^^^^^^^^^^^^^^^^^^^^^^^^^^^^^^^^^^^^^^^^^^^^^^^^^^^^^^
  File "C:\Users\saiem\Documents\GitHub-Data\sdv-dev\cfbfastR-dev\cfbfastR-cfb-raw\.venv\Lib\site-packages\sportsdataverse\cfb\cfb_game_rosters.py", line 70, in espn_cfb_game_rosters
    athletes = helper_cfb_athlete_items(teams_rosters=team_rosters, **kwargs)
               ^^^^^^^^^^^^^^^^^^^^^^^^^^^^^^^^^^^^^^^^^^^^^^^^^^^^^^^^^^^^^^
  File "C:\Users\saiem\Documents\GitHub-Data\sdv-dev\cfbfastR-dev\cfbfastR-cfb-raw\.venv\Lib\site-packages\sportsdataverse\cfb\cfb_game_rosters.py", line 249, in helper_cfb_athlete_items
    athlete_resp = athlete_res.json()
                   ^^^^^^^^^^^^^^^^^^
  File "C:\Users\saiem\Documents\GitHub-Data\sdv-dev\cfbfastR-dev\cfbfastR-cfb-raw\.venv\Lib\site-packages\requests\models.py", line 1120, in json
    raise RequestsJSONDecodeError(e.msg, e.doc, e.pos)
requests.exceptions.JSONDecodeError: Expecting value: line 1 column 1 (char 0)
2026-06-13 19:43:51,814 ERROR extra fetch failed: _rosters(312742335,)
Traceback (most recent call last):
  File "C:\Users\saiem\Documents\GitHub-Data\sdv-dev\cfbfastR-dev\cfbfastR-cfb-raw\.venv\Lib\site-packages\requests\models.py", line 1116, in json
    return complexjson.loads(self.text, **kwargs)
           ^^^^^^^^^^^^^^^^^^^^^^^^^^^^^^^^^^^^^^
  File "C:\Users\saiem\AppData\Local\Programs\Python\Python311\Lib\json\__init__.py", line 346, in loads
    return _default_decoder.decode(s)
           ^^^^^^^^^^^^^^^^^^^^^^^^^^
  File "C:\Users\saiem\AppData\Local\Programs\Python\Python311\Lib\json\decoder.py", line 337, in decode
    obj, end = self.raw_decode(s, idx=_w(s, 0).end())
               ^^^^^^^^^^^^^^^^^^^^^^^^^^^^^^^^^^^^^^
  File "C:\Users\saiem\AppData\Local\Programs\Python\Python311\Lib\json\decoder.py", line 355, in raw_decode
    raise JSONDecodeError("Expecting value", s, err.value) from None
json.decoder.JSONDecodeError: Expecting value: line 1 column 1 (char 0)

During handling of the above exception, another exception occurred:

Traceback (most recent call last):
  File "C:\Users\saiem\Documents\GitHub-Data\sdv-dev\cfbfastR-dev\cfbfastR-cfb-raw\python\_cfb_raw_utils.py", line 93, in _safe
    return fn(*args, **kwargs)
           ^^^^^^^^^^^^^^^^^^^
  File "C:\Users\saiem\Documents\GitHub-Data\sdv-dev\cfbfastR-dev\cfbfastR-cfb-raw\python\scrape_cfb_json.py", line 31, in _rosters
    return sdv.cfb.espn_cfb_game_rosters(game_id=gid, return_as_pandas=True).to_dict("records")
           ^^^^^^^^^^^^^^^^^^^^^^^^^^^^^^^^^^^^^^^^^^^^^^^^^^^^^^^^^^^^^^^^^
  File "C:\Users\saiem\Documents\GitHub-Data\sdv-dev\cfbfastR-dev\cfbfastR-cfb-raw\.venv\Lib\site-packages\sportsdataverse\cfb\cfb_game_rosters.py", line 66, in espn_cfb_game_rosters
    team_rosters = helper_cfb_roster_items(items=items, summary_url=summary_url, **kwargs)
                   ^^^^^^^^^^^^^^^^^^^^^^^^^^^^^^^^^^^^^^^^^^^^^^^^^^^^^^^^^^^^^^^^^^^^^^^
  File "C:\Users\saiem\Documents\GitHub-Data\sdv-dev\cfbfastR-dev\cfbfastR-cfb-raw\.venv\Lib\site-packages\sportsdataverse\cfb\cfb_game_rosters.py", line 201, in helper_cfb_roster_items
    team_roster = pl.from_pandas(pd.json_normalize(team_roster_resp.json().get("entries", []), sep="_"))
                                                   ^^^^^^^^^^^^^^^^^^^^^^^
  File "C:\Users\saiem\Documents\GitHub-Data\sdv-dev\cfbfastR-dev\cfbfastR-cfb-raw\.venv\Lib\site-packages\requests\models.py", line 1120, in json
    raise RequestsJSONDecodeError(e.msg, e.doc, e.pos)
requests.exceptions.JSONDecodeError: Expecting value: line 1 column 1 (char 0)
2026-06-13 19:43:51,914 ERROR extra fetch failed: _rosters(312740278,)
Traceback (most recent call last):
  File "C:\Users\saiem\Documents\GitHub-Data\sdv-dev\cfbfastR-dev\cfbfastR-cfb-raw\.venv\Lib\site-packages\requests\models.py", line 1116, in json
    return complexjson.loads(self.text, **kwargs)
           ^^^^^^^^^^^^^^^^^^^^^^^^^^^^^^^^^^^^^^
  File "C:\Users\saiem\AppData\Local\Programs\Python\Python311\Lib\json\__init__.py", line 346, in loads
    return _default_decoder.decode(s)
           ^^^^^^^^^^^^^^^^^^^^^^^^^^
  File "C:\Users\saiem\AppData\Local\Programs\Python\Python311\Lib\json\decoder.py", line 337, in decode
    obj, end = self.raw_decode(s, idx=_w(s, 0).end())
               ^^^^^^^^^^^^^^^^^^^^^^^^^^^^^^^^^^^^^^
  File "C:\Users\saiem\AppData\Local\Programs\Python\Python311\Lib\json\decoder.py", line 355, in raw_decode
    raise JSONDecodeError("Expecting value", s, err.value) from None
json.decoder.JSONDecodeError: Expecting value: line 1 column 1 (char 0)

During handling of the above exception, another exception occurred:

Traceback (most recent call last):
  File "C:\Users\saiem\Documents\GitHub-Data\sdv-dev\cfbfastR-dev\cfbfastR-cfb-raw\python\_cfb_raw_utils.py", line 93, in _safe
    return fn(*args, **kwargs)
           ^^^^^^^^^^^^^^^^^^^
  File "C:\Users\saiem\Documents\GitHub-Data\sdv-dev\cfbfastR-dev\cfbfastR-cfb-raw\python\scrape_cfb_json.py", line 31, in _rosters
    return sdv.cfb.espn_cfb_game_rosters(game_id=gid, return_as_pandas=True).to_dict("records")
           ^^^^^^^^^^^^^^^^^^^^^^^^^^^^^^^^^^^^^^^^^^^^^^^^^^^^^^^^^^^^^^^^^
  File "C:\Users\saiem\Documents\GitHub-Data\sdv-dev\cfbfastR-dev\cfbfastR-cfb-raw\.venv\Lib\site-packages\sportsdataverse\cfb\cfb_game_rosters.py", line 66, in espn_cfb_game_rosters
    team_rosters = helper_cfb_roster_items(items=items, summary_url=summary_url, **kwargs)
                   ^^^^^^^^^^^^^^^^^^^^^^^^^^^^^^^^^^^^^^^^^^^^^^^^^^^^^^^^^^^^^^^^^^^^^^^
  File "C:\Users\saiem\Documents\GitHub-Data\sdv-dev\cfbfastR-dev\cfbfastR-cfb-raw\.venv\Lib\site-packages\sportsdataverse\cfb\cfb_game_rosters.py", line 201, in helper_cfb_roster_items
    team_roster = pl.from_pandas(pd.json_normalize(team_roster_resp.json().get("entries", []), sep="_"))
                                                   ^^^^^^^^^^^^^^^^^^^^^^^
  File "C:\Users\saiem\Documents\GitHub-Data\sdv-dev\cfbfastR-dev\cfbfastR-cfb-raw\.venv\Lib\site-packages\requests\models.py", line 1120, in json
    raise RequestsJSONDecodeError(e.msg, e.doc, e.pos)
requests.exceptions.JSONDecodeError: Expecting value: line 1 column 1 (char 0)
2026-06-13 19:43:51,942 ERROR extra fetch failed: _participants(312800278,)
Traceback (most recent call last):
  File "C:\Users\saiem\Documents\GitHub-Data\sdv-dev\cfbfastR-dev\cfbfastR-cfb-raw\.venv\Lib\site-packages\requests\models.py", line 1116, in json
    return complexjson.loads(self.text, **kwargs)
           ^^^^^^^^^^^^^^^^^^^^^^^^^^^^^^^^^^^^^^
  File "C:\Users\saiem\AppData\Local\Programs\Python\Python311\Lib\json\__init__.py", line 346, in loads
    return _default_decoder.decode(s)
           ^^^^^^^^^^^^^^^^^^^^^^^^^^
  File "C:\Users\saiem\AppData\Local\Programs\Python\Python311\Lib\json\decoder.py", line 337, in decode
    obj, end = self.raw_decode(s, idx=_w(s, 0).end())
               ^^^^^^^^^^^^^^^^^^^^^^^^^^^^^^^^^^^^^^
  File "C:\Users\saiem\AppData\Local\Programs\Python\Python311\Lib\json\decoder.py", line 355, in raw_decode
    raise JSONDecodeError("Expecting value", s, err.value) from None
json.decoder.JSONDecodeError: Expecting value: line 1 column 1 (char 0)

During handling of the above exception, another exception occurred:

Traceback (most recent call last):
  File "C:\Users\saiem\Documents\GitHub-Data\sdv-dev\cfbfastR-dev\cfbfastR-cfb-raw\python\_cfb_raw_utils.py", line 93, in _safe
    return fn(*args, **kwargs)
           ^^^^^^^^^^^^^^^^^^^
  File "C:\Users\saiem\Documents\GitHub-Data\sdv-dev\cfbfastR-dev\cfbfastR-cfb-raw\python\scrape_cfb_json.py", line 27, in _participants
    return sdv.cfb.espn_cfb_play_participants(game_id=gid, return_as_pandas=True).to_dict("records")
           ^^^^^^^^^^^^^^^^^^^^^^^^^^^^^^^^^^^^^^^^^^^^^^^^^^^^^^^^^^^^^^^^^^^^^^
  File "C:\Users\saiem\Documents\GitHub-Data\sdv-dev\cfbfastR-dev\cfbfastR-cfb-raw\.venv\Lib\site-packages\sportsdataverse\cfb\cfb_play_participants.py", line 184, in espn_cfb_play_participants
    plays_raw = _download_plays(game_id, **kwargs)
                ^^^^^^^^^^^^^^^^^^^^^^^^^^^^^^^^^^
  File "C:\Users\saiem\Documents\GitHub-Data\sdv-dev\cfbfastR-dev\cfbfastR-cfb-raw\.venv\Lib\site-packages\sportsdataverse\cfb\cfb_play_participants.py", line 215, in _download_plays
    body = resp.json()
           ^^^^^^^^^^^
  File "C:\Users\saiem\Documents\GitHub-Data\sdv-dev\cfbfastR-dev\cfbfastR-cfb-raw\.venv\Lib\site-packages\requests\models.py", line 1120, in json
    raise RequestsJSONDecodeError(e.msg, e.doc, e.pos)
requests.exceptions.JSONDecodeError: Expecting value: line 1 column 1 (char 0)
2026-06-13 19:43:52,050 ERROR extra fetch failed: _rosters(312740167,)
Traceback (most recent call last):
  File "C:\Users\saiem\Documents\GitHub-Data\sdv-dev\cfbfastR-dev\cfbfastR-cfb-raw\.venv\Lib\site-packages\requests\models.py", line 1116, in json
    return complexjson.loads(self.text, **kwargs)
           ^^^^^^^^^^^^^^^^^^^^^^^^^^^^^^^^^^^^^^
  File "C:\Users\saiem\AppData\Local\Programs\Python\Python311\Lib\json\__init__.py", line 346, in loads
    return _default_decoder.decode(s)
           ^^^^^^^^^^^^^^^^^^^^^^^^^^
  File "C:\Users\saiem\AppData\Local\Programs\Python\Python311\Lib\json\decoder.py", line 337, in decode
    obj, end = self.raw_decode(s, idx=_w(s, 0).end())
               ^^^^^^^^^^^^^^^^^^^^^^^^^^^^^^^^^^^^^^
  File "C:\Users\saiem\AppData\Local\Programs\Python\Python311\Lib\json\decoder.py", line 355, in raw_decode
    raise JSONDecodeError("Expecting value", s, err.value) from None
json.decoder.JSONDecodeError: Expecting value: line 1 column 1 (char 0)

During handling of the above exception, another exception occurred:

Traceback (most recent call last):
  File "C:\Users\saiem\Documents\GitHub-Data\sdv-dev\cfbfastR-dev\cfbfastR-cfb-raw\python\_cfb_raw_utils.py", line 93, in _safe
    return fn(*args, **kwargs)
           ^^^^^^^^^^^^^^^^^^^
  File "C:\Users\saiem\Documents\GitHub-Data\sdv-dev\cfbfastR-dev\cfbfastR-cfb-raw\python\scrape_cfb_json.py", line 31, in _rosters
    return sdv.cfb.espn_cfb_game_rosters(game_id=gid, return_as_pandas=True).to_dict("records")
           ^^^^^^^^^^^^^^^^^^^^^^^^^^^^^^^^^^^^^^^^^^^^^^^^^^^^^^^^^^^^^^^^^
  File "C:\Users\saiem\Documents\GitHub-Data\sdv-dev\cfbfastR-dev\cfbfastR-cfb-raw\.venv\Lib\site-packages\sportsdataverse\cfb\cfb_game_rosters.py", line 66, in espn_cfb_game_rosters
    team_rosters = helper_cfb_roster_items(items=items, summary_url=summary_url, **kwargs)
                   ^^^^^^^^^^^^^^^^^^^^^^^^^^^^^^^^^^^^^^^^^^^^^^^^^^^^^^^^^^^^^^^^^^^^^^^
  File "C:\Users\saiem\Documents\GitHub-Data\sdv-dev\cfbfastR-dev\cfbfastR-cfb-raw\.venv\Lib\site-packages\sportsdataverse\cfb\cfb_game_rosters.py", line 201, in helper_cfb_roster_items
    team_roster = pl.from_pandas(pd.json_normalize(team_roster_resp.json().get("entries", []), sep="_"))
                                                   ^^^^^^^^^^^^^^^^^^^^^^^
  File "C:\Users\saiem\Documents\GitHub-Data\sdv-dev\cfbfastR-dev\cfbfastR-cfb-raw\.venv\Lib\site-packages\requests\models.py", line 1120, in json
    raise RequestsJSONDecodeError(e.msg, e.doc, e.pos)
requests.exceptions.JSONDecodeError: Expecting value: line 1 column 1 (char 0)
2026-06-13 19:43:52,100 ERROR extra fetch failed: _rosters(312742509,)
Traceback (most recent call last):
  File "C:\Users\saiem\Documents\GitHub-Data\sdv-dev\cfbfastR-dev\cfbfastR-cfb-raw\.venv\Lib\site-packages\requests\models.py", line 1116, in json
    return complexjson.loads(self.text, **kwargs)
           ^^^^^^^^^^^^^^^^^^^^^^^^^^^^^^^^^^^^^^
  File "C:\Users\saiem\AppData\Local\Programs\Python\Python311\Lib\json\__init__.py", line 346, in loads
    return _default_decoder.decode(s)
           ^^^^^^^^^^^^^^^^^^^^^^^^^^
  File "C:\Users\saiem\AppData\Local\Programs\Python\Python311\Lib\json\decoder.py", line 337, in decode
    obj, end = self.raw_decode(s, idx=_w(s, 0).end())
               ^^^^^^^^^^^^^^^^^^^^^^^^^^^^^^^^^^^^^^
  File "C:\Users\saiem\AppData\Local\Programs\Python\Python311\Lib\json\decoder.py", line 355, in raw_decode
    raise JSONDecodeError("Expecting value", s, err.value) from None
json.decoder.JSONDecodeError: Expecting value: line 1 column 1 (char 0)

During handling of the above exception, another exception occurred:

Traceback (most recent call last):
  File "C:\Users\saiem\Documents\GitHub-Data\sdv-dev\cfbfastR-dev\cfbfastR-cfb-raw\python\_cfb_raw_utils.py", line 93, in _safe
    return fn(*args, **kwargs)
           ^^^^^^^^^^^^^^^^^^^
  File "C:\Users\saiem\Documents\GitHub-Data\sdv-dev\cfbfastR-dev\cfbfastR-cfb-raw\python\scrape_cfb_json.py", line 31, in _rosters
    return sdv.cfb.espn_cfb_game_rosters(game_id=gid, return_as_pandas=True).to_dict("records")
           ^^^^^^^^^^^^^^^^^^^^^^^^^^^^^^^^^^^^^^^^^^^^^^^^^^^^^^^^^^^^^^^^^
  File "C:\Users\saiem\Documents\GitHub-Data\sdv-dev\cfbfastR-dev\cfbfastR-cfb-raw\.venv\Lib\site-packages\sportsdataverse\cfb\cfb_game_rosters.py", line 66, in espn_cfb_game_rosters
    team_rosters = helper_cfb_roster_items(items=items, summary_url=summary_url, **kwargs)
                   ^^^^^^^^^^^^^^^^^^^^^^^^^^^^^^^^^^^^^^^^^^^^^^^^^^^^^^^^^^^^^^^^^^^^^^^
  File "C:\Users\saiem\Documents\GitHub-Data\sdv-dev\cfbfastR-dev\cfbfastR-cfb-raw\.venv\Lib\site-packages\sportsdataverse\cfb\cfb_game_rosters.py", line 201, in helper_cfb_roster_items
    team_roster = pl.from_pandas(pd.json_normalize(team_roster_resp.json().get("entries", []), sep="_"))
                                                   ^^^^^^^^^^^^^^^^^^^^^^^
  File "C:\Users\saiem\Documents\GitHub-Data\sdv-dev\cfbfastR-dev\cfbfastR-cfb-raw\.venv\Lib\site-packages\requests\models.py", line 1120, in json
    raise RequestsJSONDecodeError(e.msg, e.doc, e.pos)
requests.exceptions.JSONDecodeError: Expecting value: line 1 column 1 (char 0)
2026-06-13 19:43:52,167 ERROR extra fetch failed: _rosters(312740151,)
Traceback (most recent call last):
  File "C:\Users\saiem\Documents\GitHub-Data\sdv-dev\cfbfastR-dev\cfbfastR-cfb-raw\.venv\Lib\site-packages\requests\models.py", line 1116, in json
    return complexjson.loads(self.text, **kwargs)
           ^^^^^^^^^^^^^^^^^^^^^^^^^^^^^^^^^^^^^^
  File "C:\Users\saiem\AppData\Local\Programs\Python\Python311\Lib\json\__init__.py", line 346, in loads
    return _default_decoder.decode(s)
           ^^^^^^^^^^^^^^^^^^^^^^^^^^
  File "C:\Users\saiem\AppData\Local\Programs\Python\Python311\Lib\json\decoder.py", line 337, in decode
    obj, end = self.raw_decode(s, idx=_w(s, 0).end())
               ^^^^^^^^^^^^^^^^^^^^^^^^^^^^^^^^^^^^^^
  File "C:\Users\saiem\AppData\Local\Programs\Python\Python311\Lib\json\decoder.py", line 355, in raw_decode
    raise JSONDecodeError("Expecting value", s, err.value) from None
json.decoder.JSONDecodeError: Expecting value: line 1 column 1 (char 0)

During handling of the above exception, another exception occurred:

Traceback (most recent call last):
  File "C:\Users\saiem\Documents\GitHub-Data\sdv-dev\cfbfastR-dev\cfbfastR-cfb-raw\python\_cfb_raw_utils.py", line 93, in _safe
    return fn(*args, **kwargs)
           ^^^^^^^^^^^^^^^^^^^
  File "C:\Users\saiem\Documents\GitHub-Data\sdv-dev\cfbfastR-dev\cfbfastR-cfb-raw\python\scrape_cfb_json.py", line 31, in _rosters
    return sdv.cfb.espn_cfb_game_rosters(game_id=gid, return_as_pandas=True).to_dict("records")
           ^^^^^^^^^^^^^^^^^^^^^^^^^^^^^^^^^^^^^^^^^^^^^^^^^^^^^^^^^^^^^^^^^
  File "C:\Users\saiem\Documents\GitHub-Data\sdv-dev\cfbfastR-dev\cfbfastR-cfb-raw\.venv\Lib\site-packages\sportsdataverse\cfb\cfb_game_rosters.py", line 66, in espn_cfb_game_rosters
    team_rosters = helper_cfb_roster_items(items=items, summary_url=summary_url, **kwargs)
                   ^^^^^^^^^^^^^^^^^^^^^^^^^^^^^^^^^^^^^^^^^^^^^^^^^^^^^^^^^^^^^^^^^^^^^^^
  File "C:\Users\saiem\Documents\GitHub-Data\sdv-dev\cfbfastR-dev\cfbfastR-cfb-raw\.venv\Lib\site-packages\sportsdataverse\cfb\cfb_game_rosters.py", line 201, in helper_cfb_roster_items
    team_roster = pl.from_pandas(pd.json_normalize(team_roster_resp.json().get("entries", []), sep="_"))
                                                   ^^^^^^^^^^^^^^^^^^^^^^^
  File "C:\Users\saiem\Documents\GitHub-Data\sdv-dev\cfbfastR-dev\cfbfastR-cfb-raw\.venv\Lib\site-packages\requests\models.py", line 1120, in json
    raise RequestsJSONDecodeError(e.msg, e.doc, e.pos)
requests.exceptions.JSONDecodeError: Expecting value: line 1 column 1 (char 0)
2026-06-13 19:43:53,058 ERROR extra fetch failed: _rosters(312800278,)
Traceback (most recent call last):
  File "C:\Users\saiem\Documents\GitHub-Data\sdv-dev\cfbfastR-dev\cfbfastR-cfb-raw\.venv\Lib\site-packages\requests\models.py", line 1116, in json
    return complexjson.loads(self.text, **kwargs)
           ^^^^^^^^^^^^^^^^^^^^^^^^^^^^^^^^^^^^^^
  File "C:\Users\saiem\AppData\Local\Programs\Python\Python311\Lib\json\__init__.py", line 346, in loads
    return _default_decoder.decode(s)
           ^^^^^^^^^^^^^^^^^^^^^^^^^^
  File "C:\Users\saiem\AppData\Local\Programs\Python\Python311\Lib\json\decoder.py", line 337, in decode
    obj, end = self.raw_decode(s, idx=_w(s, 0).end())
               ^^^^^^^^^^^^^^^^^^^^^^^^^^^^^^^^^^^^^^
  File "C:\Users\saiem\AppData\Local\Programs\Python\Python311\Lib\json\decoder.py", line 355, in raw_decode
    raise JSONDecodeError("Expecting value", s, err.value) from None
json.decoder.JSONDecodeError: Expecting value: line 1 column 1 (char 0)

During handling of the above exception, another exception occurred:

Traceback (most recent call last):
  File "C:\Users\saiem\Documents\GitHub-Data\sdv-dev\cfbfastR-dev\cfbfastR-cfb-raw\python\_cfb_raw_utils.py", line 93, in _safe
    return fn(*args, **kwargs)
           ^^^^^^^^^^^^^^^^^^^
  File "C:\Users\saiem\Documents\GitHub-Data\sdv-dev\cfbfastR-dev\cfbfastR-cfb-raw\python\scrape_cfb_json.py", line 31, in _rosters
    return sdv.cfb.espn_cfb_game_rosters(game_id=gid, return_as_pandas=True).to_dict("records")
           ^^^^^^^^^^^^^^^^^^^^^^^^^^^^^^^^^^^^^^^^^^^^^^^^^^^^^^^^^^^^^^^^^
  File "C:\Users\saiem\Documents\GitHub-Data\sdv-dev\cfbfastR-dev\cfbfastR-cfb-raw\.venv\Lib\site-packages\sportsdataverse\cfb\cfb_game_rosters.py", line 64, in espn_cfb_game_rosters
    summary = summary_resp.json()
              ^^^^^^^^^^^^^^^^^^^
  File "C:\Users\saiem\Documents\GitHub-Data\sdv-dev\cfbfastR-dev\cfbfastR-cfb-raw\.venv\Lib\site-packages\requests\models.py", line 1120, in json
    raise RequestsJSONDecodeError(e.msg, e.doc, e.pos)
requests.exceptions.JSONDecodeError: Expecting value: line 1 column 1 (char 0)
2026-06-13 19:43:53,494 ERROR extra fetch failed: _rosters(312792483,)
Traceback (most recent call last):
  File "C:\Users\saiem\Documents\GitHub-Data\sdv-dev\cfbfastR-dev\cfbfastR-cfb-raw\.venv\Lib\site-packages\requests\models.py", line 1116, in json
    return complexjson.loads(self.text, **kwargs)
           ^^^^^^^^^^^^^^^^^^^^^^^^^^^^^^^^^^^^^^
  File "C:\Users\saiem\AppData\Local\Programs\Python\Python311\Lib\json\__init__.py", line 346, in loads
    return _default_decoder.decode(s)
           ^^^^^^^^^^^^^^^^^^^^^^^^^^
  File "C:\Users\saiem\AppData\Local\Programs\Python\Python311\Lib\json\decoder.py", line 337, in decode
    obj, end = self.raw_decode(s, idx=_w(s, 0).end())
               ^^^^^^^^^^^^^^^^^^^^^^^^^^^^^^^^^^^^^^
  File "C:\Users\saiem\AppData\Local\Programs\Python\Python311\Lib\json\decoder.py", line 355, in raw_decode
    raise JSONDecodeError("Expecting value", s, err.value) from None
json.decoder.JSONDecodeError: Expecting value: line 1 column 1 (char 0)

During handling of the above exception, another exception occurred:

Traceback (most recent call last):
  File "C:\Users\saiem\Documents\GitHub-Data\sdv-dev\cfbfastR-dev\cfbfastR-cfb-raw\python\_cfb_raw_utils.py", line 93, in _safe
    return fn(*args, **kwargs)
           ^^^^^^^^^^^^^^^^^^^
  File "C:\Users\saiem\Documents\GitHub-Data\sdv-dev\cfbfastR-dev\cfbfastR-cfb-raw\python\scrape_cfb_json.py", line 31, in _rosters
    return sdv.cfb.espn_cfb_game_rosters(game_id=gid, return_as_pandas=True).to_dict("records")
           ^^^^^^^^^^^^^^^^^^^^^^^^^^^^^^^^^^^^^^^^^^^^^^^^^^^^^^^^^^^^^^^^^
  File "C:\Users\saiem\Documents\GitHub-Data\sdv-dev\cfbfastR-dev\cfbfastR-cfb-raw\.venv\Lib\site-packages\sportsdataverse\cfb\cfb_game_rosters.py", line 64, in espn_cfb_game_rosters
    summary = summary_resp.json()
              ^^^^^^^^^^^^^^^^^^^
  File "C:\Users\saiem\Documents\GitHub-Data\sdv-dev\cfbfastR-dev\cfbfastR-cfb-raw\.venv\Lib\site-packages\requests\models.py", line 1120, in json
    raise RequestsJSONDecodeError(e.msg, e.doc, e.pos)
requests.exceptions.JSONDecodeError: Expecting value: line 1 column 1 (char 0)
2026-06-13 19:43:53,840 ERROR extra fetch failed: _rosters(312792393,)
Traceback (most recent call last):
  File "C:\Users\saiem\Documents\GitHub-Data\sdv-dev\cfbfastR-dev\cfbfastR-cfb-raw\.venv\Lib\site-packages\requests\models.py", line 1116, in json
    return complexjson.loads(self.text, **kwargs)
           ^^^^^^^^^^^^^^^^^^^^^^^^^^^^^^^^^^^^^^
  File "C:\Users\saiem\AppData\Local\Programs\Python\Python311\Lib\json\__init__.py", line 346, in loads
    return _default_decoder.decode(s)
           ^^^^^^^^^^^^^^^^^^^^^^^^^^
  File "C:\Users\saiem\AppData\Local\Programs\Python\Python311\Lib\json\decoder.py", line 337, in decode
    obj, end = self.raw_decode(s, idx=_w(s, 0).end())
               ^^^^^^^^^^^^^^^^^^^^^^^^^^^^^^^^^^^^^^
  File "C:\Users\saiem\AppData\Local\Programs\Python\Python311\Lib\json\decoder.py", line 355, in raw_decode
    raise JSONDecodeError("Expecting value", s, err.value) from None
json.decoder.JSONDecodeError: Expecting value: line 1 column 1 (char 0)

During handling of the above exception, another exception occurred:

Traceback (most recent call last):
  File "C:\Users\saiem\Documents\GitHub-Data\sdv-dev\cfbfastR-dev\cfbfastR-cfb-raw\python\_cfb_raw_utils.py", line 93, in _safe
    return fn(*args, **kwargs)
           ^^^^^^^^^^^^^^^^^^^
  File "C:\Users\saiem\Documents\GitHub-Data\sdv-dev\cfbfastR-dev\cfbfastR-cfb-raw\python\scrape_cfb_json.py", line 31, in _rosters
    return sdv.cfb.espn_cfb_game_rosters(game_id=gid, return_as_pandas=True).to_dict("records")
           ^^^^^^^^^^^^^^^^^^^^^^^^^^^^^^^^^^^^^^^^^^^^^^^^^^^^^^^^^^^^^^^^^
  File "C:\Users\saiem\Documents\GitHub-Data\sdv-dev\cfbfastR-dev\cfbfastR-cfb-raw\.venv\Lib\site-packages\sportsdataverse\cfb\cfb_game_rosters.py", line 64, in espn_cfb_game_rosters
    summary = summary_resp.json()
              ^^^^^^^^^^^^^^^^^^^
  File "C:\Users\saiem\Documents\GitHub-Data\sdv-dev\cfbfastR-dev\cfbfastR-cfb-raw\.venv\Lib\site-packages\requests\models.py", line 1120, in json
    raise RequestsJSONDecodeError(e.msg, e.doc, e.pos)
requests.exceptions.JSONDecodeError: Expecting value: line 1 column 1 (char 0)
2026-06-13 19:43:54,646 ERROR extra fetch failed: _participants(312810099,)
Traceback (most recent call last):
  File "C:\Users\saiem\Documents\GitHub-Data\sdv-dev\cfbfastR-dev\cfbfastR-cfb-raw\.venv\Lib\site-packages\requests\models.py", line 1116, in json
    return complexjson.loads(self.text, **kwargs)
           ^^^^^^^^^^^^^^^^^^^^^^^^^^^^^^^^^^^^^^
  File "C:\Users\saiem\AppData\Local\Programs\Python\Python311\Lib\json\__init__.py", line 346, in loads
    return _default_decoder.decode(s)
           ^^^^^^^^^^^^^^^^^^^^^^^^^^
  File "C:\Users\saiem\AppData\Local\Programs\Python\Python311\Lib\json\decoder.py", line 337, in decode
    obj, end = self.raw_decode(s, idx=_w(s, 0).end())
               ^^^^^^^^^^^^^^^^^^^^^^^^^^^^^^^^^^^^^^
  File "C:\Users\saiem\AppData\Local\Programs\Python\Python311\Lib\json\decoder.py", line 355, in raw_decode
    raise JSONDecodeError("Expecting value", s, err.value) from None
json.decoder.JSONDecodeError: Expecting value: line 1 column 1 (char 0)

During handling of the above exception, another exception occurred:

Traceback (most recent call last):
  File "C:\Users\saiem\Documents\GitHub-Data\sdv-dev\cfbfastR-dev\cfbfastR-cfb-raw\python\_cfb_raw_utils.py", line 93, in _safe
    return fn(*args, **kwargs)
           ^^^^^^^^^^^^^^^^^^^
  File "C:\Users\saiem\Documents\GitHub-Data\sdv-dev\cfbfastR-dev\cfbfastR-cfb-raw\python\scrape_cfb_json.py", line 27, in _participants
    return sdv.cfb.espn_cfb_play_participants(game_id=gid, return_as_pandas=True).to_dict("records")
           ^^^^^^^^^^^^^^^^^^^^^^^^^^^^^^^^^^^^^^^^^^^^^^^^^^^^^^^^^^^^^^^^^^^^^^
  File "C:\Users\saiem\Documents\GitHub-Data\sdv-dev\cfbfastR-dev\cfbfastR-cfb-raw\.venv\Lib\site-packages\sportsdataverse\cfb\cfb_play_participants.py", line 184, in espn_cfb_play_participants
    plays_raw = _download_plays(game_id, **kwargs)
                ^^^^^^^^^^^^^^^^^^^^^^^^^^^^^^^^^^
  File "C:\Users\saiem\Documents\GitHub-Data\sdv-dev\cfbfastR-dev\cfbfastR-cfb-raw\.venv\Lib\site-packages\sportsdataverse\cfb\cfb_play_participants.py", line 215, in _download_plays
    body = resp.json()
           ^^^^^^^^^^^
  File "C:\Users\saiem\Documents\GitHub-Data\sdv-dev\cfbfastR-dev\cfbfastR-cfb-raw\.venv\Lib\site-packages\requests\models.py", line 1120, in json
    raise RequestsJSONDecodeError(e.msg, e.doc, e.pos)
requests.exceptions.JSONDecodeError: Expecting value: line 1 column 1 (char 0)
2026-06-13 19:43:55,254 ERROR extra fetch failed: _rosters(312810099,)
Traceback (most recent call last):
  File "C:\Users\saiem\Documents\GitHub-Data\sdv-dev\cfbfastR-dev\cfbfastR-cfb-raw\.venv\Lib\site-packages\requests\models.py", line 1116, in json
    return complexjson.loads(self.text, **kwargs)
           ^^^^^^^^^^^^^^^^^^^^^^^^^^^^^^^^^^^^^^
  File "C:\Users\saiem\AppData\Local\Programs\Python\Python311\Lib\json\__init__.py", line 346, in loads
    return _default_decoder.decode(s)
           ^^^^^^^^^^^^^^^^^^^^^^^^^^
  File "C:\Users\saiem\AppData\Local\Programs\Python\Python311\Lib\json\decoder.py", line 337, in decode
    obj, end = self.raw_decode(s, idx=_w(s, 0).end())
               ^^^^^^^^^^^^^^^^^^^^^^^^^^^^^^^^^^^^^^
  File "C:\Users\saiem\AppData\Local\Programs\Python\Python311\Lib\json\decoder.py", line 355, in raw_decode
    raise JSONDecodeError("Expecting value", s, err.value) from None
json.decoder.JSONDecodeError: Expecting value: line 1 column 1 (char 0)

During handling of the above exception, another exception occurred:

Traceback (most recent call last):
  File "C:\Users\saiem\Documents\GitHub-Data\sdv-dev\cfbfastR-dev\cfbfastR-cfb-raw\python\_cfb_raw_utils.py", line 93, in _safe
    return fn(*args, **kwargs)
           ^^^^^^^^^^^^^^^^^^^
  File "C:\Users\saiem\Documents\GitHub-Data\sdv-dev\cfbfastR-dev\cfbfastR-cfb-raw\python\scrape_cfb_json.py", line 31, in _rosters
    return sdv.cfb.espn_cfb_game_rosters(game_id=gid, return_as_pandas=True).to_dict("records")
           ^^^^^^^^^^^^^^^^^^^^^^^^^^^^^^^^^^^^^^^^^^^^^^^^^^^^^^^^^^^^^^^^^
  File "C:\Users\saiem\Documents\GitHub-Data\sdv-dev\cfbfastR-dev\cfbfastR-cfb-raw\.venv\Lib\site-packages\sportsdataverse\cfb\cfb_game_rosters.py", line 64, in espn_cfb_game_rosters
    summary = summary_resp.json()
              ^^^^^^^^^^^^^^^^^^^
  File "C:\Users\saiem\Documents\GitHub-Data\sdv-dev\cfbfastR-dev\cfbfastR-cfb-raw\.venv\Lib\site-packages\requests\models.py", line 1120, in json
    raise RequestsJSONDecodeError(e.msg, e.doc, e.pos)
requests.exceptions.JSONDecodeError: Expecting value: line 1 column 1 (char 0)
2026-06-13 19:43:56,276 ERROR extra fetch failed: _participants(312810333,)
Traceback (most recent call last):
  File "C:\Users\saiem\Documents\GitHub-Data\sdv-dev\cfbfastR-dev\cfbfastR-cfb-raw\.venv\Lib\site-packages\requests\models.py", line 1116, in json
    return complexjson.loads(self.text, **kwargs)
           ^^^^^^^^^^^^^^^^^^^^^^^^^^^^^^^^^^^^^^
  File "C:\Users\saiem\AppData\Local\Programs\Python\Python311\Lib\json\__init__.py", line 346, in loads
    return _default_decoder.decode(s)
           ^^^^^^^^^^^^^^^^^^^^^^^^^^
  File "C:\Users\saiem\AppData\Local\Programs\Python\Python311\Lib\json\decoder.py", line 337, in decode
    obj, end = self.raw_decode(s, idx=_w(s, 0).end())
               ^^^^^^^^^^^^^^^^^^^^^^^^^^^^^^^^^^^^^^
  File "C:\Users\saiem\AppData\Local\Programs\Python\Python311\Lib\json\decoder.py", line 355, in raw_decode
    raise JSONDecodeError("Expecting value", s, err.value) from None
json.decoder.JSONDecodeError: Expecting value: line 1 column 1 (char 0)

During handling of the above exception, another exception occurred:

Traceback (most recent call last):
  File "C:\Users\saiem\Documents\GitHub-Data\sdv-dev\cfbfastR-dev\cfbfastR-cfb-raw\python\_cfb_raw_utils.py", line 93, in _safe
    return fn(*args, **kwargs)
           ^^^^^^^^^^^^^^^^^^^
  File "C:\Users\saiem\Documents\GitHub-Data\sdv-dev\cfbfastR-dev\cfbfastR-cfb-raw\python\scrape_cfb_json.py", line 27, in _participants
    return sdv.cfb.espn_cfb_play_participants(game_id=gid, return_as_pandas=True).to_dict("records")
           ^^^^^^^^^^^^^^^^^^^^^^^^^^^^^^^^^^^^^^^^^^^^^^^^^^^^^^^^^^^^^^^^^^^^^^
  File "C:\Users\saiem\Documents\GitHub-Data\sdv-dev\cfbfastR-dev\cfbfastR-cfb-raw\.venv\Lib\site-packages\sportsdataverse\cfb\cfb_play_participants.py", line 184, in espn_cfb_play_participants
    plays_raw = _download_plays(game_id, **kwargs)
                ^^^^^^^^^^^^^^^^^^^^^^^^^^^^^^^^^^
  File "C:\Users\saiem\Documents\GitHub-Data\sdv-dev\cfbfastR-dev\cfbfastR-cfb-raw\.venv\Lib\site-packages\sportsdataverse\cfb\cfb_play_participants.py", line 215, in _download_plays
    body = resp.json()
           ^^^^^^^^^^^
  File "C:\Users\saiem\Documents\GitHub-Data\sdv-dev\cfbfastR-dev\cfbfastR-cfb-raw\.venv\Lib\site-packages\requests\models.py", line 1120, in json
    raise RequestsJSONDecodeError(e.msg, e.doc, e.pos)
requests.exceptions.JSONDecodeError: Expecting value: line 1 column 1 (char 0)
2026-06-13 19:43:56,758 ERROR extra fetch failed: _participants(312810228,)
Traceback (most recent call last):
  File "C:\Users\saiem\Documents\GitHub-Data\sdv-dev\cfbfastR-dev\cfbfastR-cfb-raw\.venv\Lib\site-packages\requests\models.py", line 1116, in json
    return complexjson.loads(self.text, **kwargs)
           ^^^^^^^^^^^^^^^^^^^^^^^^^^^^^^^^^^^^^^
  File "C:\Users\saiem\AppData\Local\Programs\Python\Python311\Lib\json\__init__.py", line 346, in loads
    return _default_decoder.decode(s)
           ^^^^^^^^^^^^^^^^^^^^^^^^^^
  File "C:\Users\saiem\AppData\Local\Programs\Python\Python311\Lib\json\decoder.py", line 337, in decode
    obj, end = self.raw_decode(s, idx=_w(s, 0).end())
               ^^^^^^^^^^^^^^^^^^^^^^^^^^^^^^^^^^^^^^
  File "C:\Users\saiem\AppData\Local\Programs\Python\Python311\Lib\json\decoder.py", line 355, in raw_decode
    raise JSONDecodeError("Expecting value", s, err.value) from None
json.decoder.JSONDecodeError: Expecting value: line 1 column 1 (char 0)

During handling of the above exception, another exception occurred:

Traceback (most recent call last):
  File "C:\Users\saiem\Documents\GitHub-Data\sdv-dev\cfbfastR-dev\cfbfastR-cfb-raw\python\_cfb_raw_utils.py", line 93, in _safe
    return fn(*args, **kwargs)
           ^^^^^^^^^^^^^^^^^^^
  File "C:\Users\saiem\Documents\GitHub-Data\sdv-dev\cfbfastR-dev\cfbfastR-cfb-raw\python\scrape_cfb_json.py", line 27, in _participants
    return sdv.cfb.espn_cfb_play_participants(game_id=gid, return_as_pandas=True).to_dict("records")
           ^^^^^^^^^^^^^^^^^^^^^^^^^^^^^^^^^^^^^^^^^^^^^^^^^^^^^^^^^^^^^^^^^^^^^^
  File "C:\Users\saiem\Documents\GitHub-Data\sdv-dev\cfbfastR-dev\cfbfastR-cfb-raw\.venv\Lib\site-packages\sportsdataverse\cfb\cfb_play_participants.py", line 184, in espn_cfb_play_participants
    plays_raw = _download_plays(game_id, **kwargs)
                ^^^^^^^^^^^^^^^^^^^^^^^^^^^^^^^^^^
  File "C:\Users\saiem\Documents\GitHub-Data\sdv-dev\cfbfastR-dev\cfbfastR-cfb-raw\.venv\Lib\site-packages\sportsdataverse\cfb\cfb_play_participants.py", line 215, in _download_plays
    body = resp.json()
           ^^^^^^^^^^^
  File "C:\Users\saiem\Documents\GitHub-Data\sdv-dev\cfbfastR-dev\cfbfastR-cfb-raw\.venv\Lib\site-packages\requests\models.py", line 1120, in json
    raise RequestsJSONDecodeError(e.msg, e.doc, e.pos)
requests.exceptions.JSONDecodeError: Expecting value: line 1 column 1 (char 0)
2026-06-13 19:43:56,849 ERROR extra fetch failed: _participants(312810251,)
Traceback (most recent call last):
  File "C:\Users\saiem\Documents\GitHub-Data\sdv-dev\cfbfastR-dev\cfbfastR-cfb-raw\.venv\Lib\site-packages\requests\models.py", line 1116, in json
    return complexjson.loads(self.text, **kwargs)
           ^^^^^^^^^^^^^^^^^^^^^^^^^^^^^^^^^^^^^^
  File "C:\Users\saiem\AppData\Local\Programs\Python\Python311\Lib\json\__init__.py", line 346, in loads
    return _default_decoder.decode(s)
           ^^^^^^^^^^^^^^^^^^^^^^^^^^
  File "C:\Users\saiem\AppData\Local\Programs\Python\Python311\Lib\json\decoder.py", line 337, in decode
    obj, end = self.raw_decode(s, idx=_w(s, 0).end())
               ^^^^^^^^^^^^^^^^^^^^^^^^^^^^^^^^^^^^^^
  File "C:\Users\saiem\AppData\Local\Programs\Python\Python311\Lib\json\decoder.py", line 355, in raw_decode
    raise JSONDecodeError("Expecting value", s, err.value) from None
json.decoder.JSONDecodeError: Expecting value: line 1 column 1 (char 0)

During handling of the above exception, another exception occurred:

Traceback (most recent call last):
  File "C:\Users\saiem\Documents\GitHub-Data\sdv-dev\cfbfastR-dev\cfbfastR-cfb-raw\python\_cfb_raw_utils.py", line 93, in _safe
    return fn(*args, **kwargs)
           ^^^^^^^^^^^^^^^^^^^
  File "C:\Users\saiem\Documents\GitHub-Data\sdv-dev\cfbfastR-dev\cfbfastR-cfb-raw\python\scrape_cfb_json.py", line 27, in _participants
    return sdv.cfb.espn_cfb_play_participants(game_id=gid, return_as_pandas=True).to_dict("records")
           ^^^^^^^^^^^^^^^^^^^^^^^^^^^^^^^^^^^^^^^^^^^^^^^^^^^^^^^^^^^^^^^^^^^^^^
  File "C:\Users\saiem\Documents\GitHub-Data\sdv-dev\cfbfastR-dev\cfbfastR-cfb-raw\.venv\Lib\site-packages\sportsdataverse\cfb\cfb_play_participants.py", line 184, in espn_cfb_play_participants
    plays_raw = _download_plays(game_id, **kwargs)
                ^^^^^^^^^^^^^^^^^^^^^^^^^^^^^^^^^^
  File "C:\Users\saiem\Documents\GitHub-Data\sdv-dev\cfbfastR-dev\cfbfastR-cfb-raw\.venv\Lib\site-packages\sportsdataverse\cfb\cfb_play_participants.py", line 215, in _download_plays
    body = resp.json()
           ^^^^^^^^^^^
  File "C:\Users\saiem\Documents\GitHub-Data\sdv-dev\cfbfastR-dev\cfbfastR-cfb-raw\.venv\Lib\site-packages\requests\models.py", line 1120, in json
    raise RequestsJSONDecodeError(e.msg, e.doc, e.pos)
requests.exceptions.JSONDecodeError: Expecting value: line 1 column 1 (char 0)
2026-06-13 19:43:57,054 ERROR extra fetch failed: _rosters(312810333,)
Traceback (most recent call last):
  File "C:\Users\saiem\Documents\GitHub-Data\sdv-dev\cfbfastR-dev\cfbfastR-cfb-raw\.venv\Lib\site-packages\requests\models.py", line 1116, in json
    return complexjson.loads(self.text, **kwargs)
           ^^^^^^^^^^^^^^^^^^^^^^^^^^^^^^^^^^^^^^
  File "C:\Users\saiem\AppData\Local\Programs\Python\Python311\Lib\json\__init__.py", line 346, in loads
    return _default_decoder.decode(s)
           ^^^^^^^^^^^^^^^^^^^^^^^^^^
  File "C:\Users\saiem\AppData\Local\Programs\Python\Python311\Lib\json\decoder.py", line 337, in decode
    obj, end = self.raw_decode(s, idx=_w(s, 0).end())
               ^^^^^^^^^^^^^^^^^^^^^^^^^^^^^^^^^^^^^^
  File "C:\Users\saiem\AppData\Local\Programs\Python\Python311\Lib\json\decoder.py", line 355, in raw_decode
    raise JSONDecodeError("Expecting value", s, err.value) from None
json.decoder.JSONDecodeError: Expecting value: line 1 column 1 (char 0)

During handling of the above exception, another exception occurred:

Traceback (most recent call last):
  File "C:\Users\saiem\Documents\GitHub-Data\sdv-dev\cfbfastR-dev\cfbfastR-cfb-raw\python\_cfb_raw_utils.py", line 93, in _safe
    return fn(*args, **kwargs)
           ^^^^^^^^^^^^^^^^^^^
  File "C:\Users\saiem\Documents\GitHub-Data\sdv-dev\cfbfastR-dev\cfbfastR-cfb-raw\python\scrape_cfb_json.py", line 31, in _rosters
    return sdv.cfb.espn_cfb_game_rosters(game_id=gid, return_as_pandas=True).to_dict("records")
           ^^^^^^^^^^^^^^^^^^^^^^^^^^^^^^^^^^^^^^^^^^^^^^^^^^^^^^^^^^^^^^^^^
  File "C:\Users\saiem\Documents\GitHub-Data\sdv-dev\cfbfastR-dev\cfbfastR-cfb-raw\.venv\Lib\site-packages\sportsdataverse\cfb\cfb_game_rosters.py", line 64, in espn_cfb_game_rosters
    summary = summary_resp.json()
              ^^^^^^^^^^^^^^^^^^^
  File "C:\Users\saiem\Documents\GitHub-Data\sdv-dev\cfbfastR-dev\cfbfastR-cfb-raw\.venv\Lib\site-packages\requests\models.py", line 1120, in json
    raise RequestsJSONDecodeError(e.msg, e.doc, e.pos)
requests.exceptions.JSONDecodeError: Expecting value: line 1 column 1 (char 0)
2026-06-13 19:43:57,619 ERROR extra fetch failed: _participants(312810059,)
Traceback (most recent call last):
  File "C:\Users\saiem\Documents\GitHub-Data\sdv-dev\cfbfastR-dev\cfbfastR-cfb-raw\.venv\Lib\site-packages\requests\models.py", line 1116, in json
    return complexjson.loads(self.text, **kwargs)
           ^^^^^^^^^^^^^^^^^^^^^^^^^^^^^^^^^^^^^^
  File "C:\Users\saiem\AppData\Local\Programs\Python\Python311\Lib\json\__init__.py", line 346, in loads
    return _default_decoder.decode(s)
           ^^^^^^^^^^^^^^^^^^^^^^^^^^
  File "C:\Users\saiem\AppData\Local\Programs\Python\Python311\Lib\json\decoder.py", line 337, in decode
    obj, end = self.raw_decode(s, idx=_w(s, 0).end())
               ^^^^^^^^^^^^^^^^^^^^^^^^^^^^^^^^^^^^^^
  File "C:\Users\saiem\AppData\Local\Programs\Python\Python311\Lib\json\decoder.py", line 355, in raw_decode
    raise JSONDecodeError("Expecting value", s, err.value) from None
json.decoder.JSONDecodeError: Expecting value: line 1 column 1 (char 0)

During handling of the above exception, another exception occurred:

Traceback (most recent call last):
  File "C:\Users\saiem\Documents\GitHub-Data\sdv-dev\cfbfastR-dev\cfbfastR-cfb-raw\python\_cfb_raw_utils.py", line 93, in _safe
    return fn(*args, **kwargs)
           ^^^^^^^^^^^^^^^^^^^
  File "C:\Users\saiem\Documents\GitHub-Data\sdv-dev\cfbfastR-dev\cfbfastR-cfb-raw\python\scrape_cfb_json.py", line 27, in _participants
    return sdv.cfb.espn_cfb_play_participants(game_id=gid, return_as_pandas=True).to_dict("records")
           ^^^^^^^^^^^^^^^^^^^^^^^^^^^^^^^^^^^^^^^^^^^^^^^^^^^^^^^^^^^^^^^^^^^^^^
  File "C:\Users\saiem\Documents\GitHub-Data\sdv-dev\cfbfastR-dev\cfbfastR-cfb-raw\.venv\Lib\site-packages\sportsdataverse\cfb\cfb_play_participants.py", line 184, in espn_cfb_play_participants
    plays_raw = _download_plays(game_id, **kwargs)
                ^^^^^^^^^^^^^^^^^^^^^^^^^^^^^^^^^^
  File "C:\Users\saiem\Documents\GitHub-Data\sdv-dev\cfbfastR-dev\cfbfastR-cfb-raw\.venv\Lib\site-packages\sportsdataverse\cfb\cfb_play_participants.py", line 215, in _download_plays
    body = resp.json()
           ^^^^^^^^^^^
  File "C:\Users\saiem\Documents\GitHub-Data\sdv-dev\cfbfastR-dev\cfbfastR-cfb-raw\.venv\Lib\site-packages\requests\models.py", line 1120, in json
    raise RequestsJSONDecodeError(e.msg, e.doc, e.pos)
requests.exceptions.JSONDecodeError: Expecting value: line 1 column 1 (char 0)
2026-06-13 19:43:57,665 ERROR extra fetch failed: _participants(312810077,)
Traceback (most recent call last):
  File "C:\Users\saiem\Documents\GitHub-Data\sdv-dev\cfbfastR-dev\cfbfastR-cfb-raw\.venv\Lib\site-packages\requests\models.py", line 1116, in json
    return complexjson.loads(self.text, **kwargs)
           ^^^^^^^^^^^^^^^^^^^^^^^^^^^^^^^^^^^^^^
  File "C:\Users\saiem\AppData\Local\Programs\Python\Python311\Lib\json\__init__.py", line 346, in loads
    return _default_decoder.decode(s)
           ^^^^^^^^^^^^^^^^^^^^^^^^^^
  File "C:\Users\saiem\AppData\Local\Programs\Python\Python311\Lib\json\decoder.py", line 337, in decode
    obj, end = self.raw_decode(s, idx=_w(s, 0).end())
               ^^^^^^^^^^^^^^^^^^^^^^^^^^^^^^^^^^^^^^
  File "C:\Users\saiem\AppData\Local\Programs\Python\Python311\Lib\json\decoder.py", line 355, in raw_decode
    raise JSONDecodeError("Expecting value", s, err.value) from None
json.decoder.JSONDecodeError: Expecting value: line 1 column 1 (char 0)

During handling of the above exception, another exception occurred:

Traceback (most recent call last):
  File "C:\Users\saiem\Documents\GitHub-Data\sdv-dev\cfbfastR-dev\cfbfastR-cfb-raw\python\_cfb_raw_utils.py", line 93, in _safe
    return fn(*args, **kwargs)
           ^^^^^^^^^^^^^^^^^^^
  File "C:\Users\saiem\Documents\GitHub-Data\sdv-dev\cfbfastR-dev\cfbfastR-cfb-raw\python\scrape_cfb_json.py", line 27, in _participants
    return sdv.cfb.espn_cfb_play_participants(game_id=gid, return_as_pandas=True).to_dict("records")
           ^^^^^^^^^^^^^^^^^^^^^^^^^^^^^^^^^^^^^^^^^^^^^^^^^^^^^^^^^^^^^^^^^^^^^^
  File "C:\Users\saiem\Documents\GitHub-Data\sdv-dev\cfbfastR-dev\cfbfastR-cfb-raw\.venv\Lib\site-packages\sportsdataverse\cfb\cfb_play_participants.py", line 184, in espn_cfb_play_participants
    plays_raw = _download_plays(game_id, **kwargs)
                ^^^^^^^^^^^^^^^^^^^^^^^^^^^^^^^^^^
  File "C:\Users\saiem\Documents\GitHub-Data\sdv-dev\cfbfastR-dev\cfbfastR-cfb-raw\.venv\Lib\site-packages\sportsdataverse\cfb\cfb_play_participants.py", line 215, in _download_plays
    body = resp.json()
           ^^^^^^^^^^^
  File "C:\Users\saiem\Documents\GitHub-Data\sdv-dev\cfbfastR-dev\cfbfastR-cfb-raw\.venv\Lib\site-packages\requests\models.py", line 1120, in json
    raise RequestsJSONDecodeError(e.msg, e.doc, e.pos)
requests.exceptions.JSONDecodeError: Expecting value: line 1 column 1 (char 0)
2026-06-13 19:43:57,903 ERROR extra fetch failed: _participants(312810259,)
Traceback (most recent call last):
  File "C:\Users\saiem\Documents\GitHub-Data\sdv-dev\cfbfastR-dev\cfbfastR-cfb-raw\.venv\Lib\site-packages\requests\models.py", line 1116, in json
    return complexjson.loads(self.text, **kwargs)
           ^^^^^^^^^^^^^^^^^^^^^^^^^^^^^^^^^^^^^^
  File "C:\Users\saiem\AppData\Local\Programs\Python\Python311\Lib\json\__init__.py", line 346, in loads
    return _default_decoder.decode(s)
           ^^^^^^^^^^^^^^^^^^^^^^^^^^
  File "C:\Users\saiem\AppData\Local\Programs\Python\Python311\Lib\json\decoder.py", line 337, in decode
    obj, end = self.raw_decode(s, idx=_w(s, 0).end())
               ^^^^^^^^^^^^^^^^^^^^^^^^^^^^^^^^^^^^^^
  File "C:\Users\saiem\AppData\Local\Programs\Python\Python311\Lib\json\decoder.py", line 355, in raw_decode
    raise JSONDecodeError("Expecting value", s, err.value) from None
json.decoder.JSONDecodeError: Expecting value: line 1 column 1 (char 0)

During handling of the above exception, another exception occurred:

Traceback (most recent call last):
  File "C:\Users\saiem\Documents\GitHub-Data\sdv-dev\cfbfastR-dev\cfbfastR-cfb-raw\python\_cfb_raw_utils.py", line 93, in _safe
    return fn(*args, **kwargs)
           ^^^^^^^^^^^^^^^^^^^
  File "C:\Users\saiem\Documents\GitHub-Data\sdv-dev\cfbfastR-dev\cfbfastR-cfb-raw\python\scrape_cfb_json.py", line 27, in _participants
    return sdv.cfb.espn_cfb_play_participants(game_id=gid, return_as_pandas=True).to_dict("records")
           ^^^^^^^^^^^^^^^^^^^^^^^^^^^^^^^^^^^^^^^^^^^^^^^^^^^^^^^^^^^^^^^^^^^^^^
  File "C:\Users\saiem\Documents\GitHub-Data\sdv-dev\cfbfastR-dev\cfbfastR-cfb-raw\.venv\Lib\site-packages\sportsdataverse\cfb\cfb_play_participants.py", line 184, in espn_cfb_play_participants
    plays_raw = _download_plays(game_id, **kwargs)
                ^^^^^^^^^^^^^^^^^^^^^^^^^^^^^^^^^^
  File "C:\Users\saiem\Documents\GitHub-Data\sdv-dev\cfbfastR-dev\cfbfastR-cfb-raw\.venv\Lib\site-packages\sportsdataverse\cfb\cfb_play_participants.py", line 215, in _download_plays
    body = resp.json()
           ^^^^^^^^^^^
  File "C:\Users\saiem\Documents\GitHub-Data\sdv-dev\cfbfastR-dev\cfbfastR-cfb-raw\.venv\Lib\site-packages\requests\models.py", line 1120, in json
    raise RequestsJSONDecodeError(e.msg, e.doc, e.pos)
requests.exceptions.JSONDecodeError: Expecting value: line 1 column 1 (char 0)
2026-06-13 19:43:57,976 ERROR extra fetch failed: _participants(312810254,)
Traceback (most recent call last):
  File "C:\Users\saiem\Documents\GitHub-Data\sdv-dev\cfbfastR-dev\cfbfastR-cfb-raw\.venv\Lib\site-packages\requests\models.py", line 1116, in json
    return complexjson.loads(self.text, **kwargs)
           ^^^^^^^^^^^^^^^^^^^^^^^^^^^^^^^^^^^^^^
  File "C:\Users\saiem\AppData\Local\Programs\Python\Python311\Lib\json\__init__.py", line 346, in loads
    return _default_decoder.decode(s)
           ^^^^^^^^^^^^^^^^^^^^^^^^^^
  File "C:\Users\saiem\AppData\Local\Programs\Python\Python311\Lib\json\decoder.py", line 337, in decode
    obj, end = self.raw_decode(s, idx=_w(s, 0).end())
               ^^^^^^^^^^^^^^^^^^^^^^^^^^^^^^^^^^^^^^
  File "C:\Users\saiem\AppData\Local\Programs\Python\Python311\Lib\json\decoder.py", line 355, in raw_decode
    raise JSONDecodeError("Expecting value", s, err.value) from None
json.decoder.JSONDecodeError: Expecting value: line 1 column 1 (char 0)

During handling of the above exception, another exception occurred:

Traceback (most recent call last):
  File "C:\Users\saiem\Documents\GitHub-Data\sdv-dev\cfbfastR-dev\cfbfastR-cfb-raw\python\_cfb_raw_utils.py", line 93, in _safe
    return fn(*args, **kwargs)
           ^^^^^^^^^^^^^^^^^^^
  File "C:\Users\saiem\Documents\GitHub-Data\sdv-dev\cfbfastR-dev\cfbfastR-cfb-raw\python\scrape_cfb_json.py", line 27, in _participants
    return sdv.cfb.espn_cfb_play_participants(game_id=gid, return_as_pandas=True).to_dict("records")
           ^^^^^^^^^^^^^^^^^^^^^^^^^^^^^^^^^^^^^^^^^^^^^^^^^^^^^^^^^^^^^^^^^^^^^^
  File "C:\Users\saiem\Documents\GitHub-Data\sdv-dev\cfbfastR-dev\cfbfastR-cfb-raw\.venv\Lib\site-packages\sportsdataverse\cfb\cfb_play_participants.py", line 184, in espn_cfb_play_participants
    plays_raw = _download_plays(game_id, **kwargs)
                ^^^^^^^^^^^^^^^^^^^^^^^^^^^^^^^^^^
  File "C:\Users\saiem\Documents\GitHub-Data\sdv-dev\cfbfastR-dev\cfbfastR-cfb-raw\.venv\Lib\site-packages\sportsdataverse\cfb\cfb_play_participants.py", line 215, in _download_plays
    body = resp.json()
           ^^^^^^^^^^^
  File "C:\Users\saiem\Documents\GitHub-Data\sdv-dev\cfbfastR-dev\cfbfastR-cfb-raw\.venv\Lib\site-packages\requests\models.py", line 1120, in json
    raise RequestsJSONDecodeError(e.msg, e.doc, e.pos)
requests.exceptions.JSONDecodeError: Expecting value: line 1 column 1 (char 0)
2026-06-13 19:43:57,992 ERROR extra fetch failed: _participants(312810197,)
Traceback (most recent call last):
  File "C:\Users\saiem\Documents\GitHub-Data\sdv-dev\cfbfastR-dev\cfbfastR-cfb-raw\.venv\Lib\site-packages\requests\models.py", line 1116, in json
    return complexjson.loads(self.text, **kwargs)
           ^^^^^^^^^^^^^^^^^^^^^^^^^^^^^^^^^^^^^^
  File "C:\Users\saiem\AppData\Local\Programs\Python\Python311\Lib\json\__init__.py", line 346, in loads
    return _default_decoder.decode(s)
           ^^^^^^^^^^^^^^^^^^^^^^^^^^
  File "C:\Users\saiem\AppData\Local\Programs\Python\Python311\Lib\json\decoder.py", line 337, in decode
    obj, end = self.raw_decode(s, idx=_w(s, 0).end())
               ^^^^^^^^^^^^^^^^^^^^^^^^^^^^^^^^^^^^^^
  File "C:\Users\saiem\AppData\Local\Programs\Python\Python311\Lib\json\decoder.py", line 355, in raw_decode
    raise JSONDecodeError("Expecting value", s, err.value) from None
json.decoder.JSONDecodeError: Expecting value: line 1 column 1 (char 0)

During handling of the above exception, another exception occurred:

Traceback (most recent call last):
  File "C:\Users\saiem\Documents\GitHub-Data\sdv-dev\cfbfastR-dev\cfbfastR-cfb-raw\python\_cfb_raw_utils.py", line 93, in _safe
    return fn(*args, **kwargs)
           ^^^^^^^^^^^^^^^^^^^
  File "C:\Users\saiem\Documents\GitHub-Data\sdv-dev\cfbfastR-dev\cfbfastR-cfb-raw\python\scrape_cfb_json.py", line 27, in _participants
    return sdv.cfb.espn_cfb_play_participants(game_id=gid, return_as_pandas=True).to_dict("records")
           ^^^^^^^^^^^^^^^^^^^^^^^^^^^^^^^^^^^^^^^^^^^^^^^^^^^^^^^^^^^^^^^^^^^^^^
  File "C:\Users\saiem\Documents\GitHub-Data\sdv-dev\cfbfastR-dev\cfbfastR-cfb-raw\.venv\Lib\site-packages\sportsdataverse\cfb\cfb_play_participants.py", line 184, in espn_cfb_play_participants
    plays_raw = _download_plays(game_id, **kwargs)
                ^^^^^^^^^^^^^^^^^^^^^^^^^^^^^^^^^^
  File "C:\Users\saiem\Documents\GitHub-Data\sdv-dev\cfbfastR-dev\cfbfastR-cfb-raw\.venv\Lib\site-packages\sportsdataverse\cfb\cfb_play_participants.py", line 215, in _download_plays
    body = resp.json()
           ^^^^^^^^^^^
  File "C:\Users\saiem\Documents\GitHub-Data\sdv-dev\cfbfastR-dev\cfbfastR-cfb-raw\.venv\Lib\site-packages\requests\models.py", line 1120, in json
    raise RequestsJSONDecodeError(e.msg, e.doc, e.pos)
requests.exceptions.JSONDecodeError: Expecting value: line 1 column 1 (char 0)
2026-06-13 19:43:57,996 ERROR extra fetch failed: _participants(312810277,)
Traceback (most recent call last):
  File "C:\Users\saiem\Documents\GitHub-Data\sdv-dev\cfbfastR-dev\cfbfastR-cfb-raw\.venv\Lib\site-packages\requests\models.py", line 1116, in json
    return complexjson.loads(self.text, **kwargs)
           ^^^^^^^^^^^^^^^^^^^^^^^^^^^^^^^^^^^^^^
  File "C:\Users\saiem\AppData\Local\Programs\Python\Python311\Lib\json\__init__.py", line 346, in loads
    return _default_decoder.decode(s)
           ^^^^^^^^^^^^^^^^^^^^^^^^^^
  File "C:\Users\saiem\AppData\Local\Programs\Python\Python311\Lib\json\decoder.py", line 337, in decode
    obj, end = self.raw_decode(s, idx=_w(s, 0).end())
               ^^^^^^^^^^^^^^^^^^^^^^^^^^^^^^^^^^^^^^
  File "C:\Users\saiem\AppData\Local\Programs\Python\Python311\Lib\json\decoder.py", line 355, in raw_decode
    raise JSONDecodeError("Expecting value", s, err.value) from None
json.decoder.JSONDecodeError: Expecting value: line 1 column 1 (char 0)

During handling of the above exception, another exception occurred:

Traceback (most recent call last):
  File "C:\Users\saiem\Documents\GitHub-Data\sdv-dev\cfbfastR-dev\cfbfastR-cfb-raw\python\_cfb_raw_utils.py", line 93, in _safe
    return fn(*args, **kwargs)
           ^^^^^^^^^^^^^^^^^^^
  File "C:\Users\saiem\Documents\GitHub-Data\sdv-dev\cfbfastR-dev\cfbfastR-cfb-raw\python\scrape_cfb_json.py", line 27, in _participants
    return sdv.cfb.espn_cfb_play_participants(game_id=gid, return_as_pandas=True).to_dict("records")
           ^^^^^^^^^^^^^^^^^^^^^^^^^^^^^^^^^^^^^^^^^^^^^^^^^^^^^^^^^^^^^^^^^^^^^^
  File "C:\Users\saiem\Documents\GitHub-Data\sdv-dev\cfbfastR-dev\cfbfastR-cfb-raw\.venv\Lib\site-packages\sportsdataverse\cfb\cfb_play_participants.py", line 184, in espn_cfb_play_participants
    plays_raw = _download_plays(game_id, **kwargs)
                ^^^^^^^^^^^^^^^^^^^^^^^^^^^^^^^^^^
  File "C:\Users\saiem\Documents\GitHub-Data\sdv-dev\cfbfastR-dev\cfbfastR-cfb-raw\.venv\Lib\site-packages\sportsdataverse\cfb\cfb_play_participants.py", line 215, in _download_plays
    body = resp.json()
           ^^^^^^^^^^^
  File "C:\Users\saiem\Documents\GitHub-Data\sdv-dev\cfbfastR-dev\cfbfastR-cfb-raw\.venv\Lib\site-packages\requests\models.py", line 1120, in json
    raise RequestsJSONDecodeError(e.msg, e.doc, e.pos)
requests.exceptions.JSONDecodeError: Expecting value: line 1 column 1 (char 0)
2026-06-13 19:43:58,022 ERROR extra fetch failed: _rosters(312810228,)
Traceback (most recent call last):
  File "C:\Users\saiem\Documents\GitHub-Data\sdv-dev\cfbfastR-dev\cfbfastR-cfb-raw\.venv\Lib\site-packages\requests\models.py", line 1116, in json
    return complexjson.loads(self.text, **kwargs)
           ^^^^^^^^^^^^^^^^^^^^^^^^^^^^^^^^^^^^^^
  File "C:\Users\saiem\AppData\Local\Programs\Python\Python311\Lib\json\__init__.py", line 346, in loads
    return _default_decoder.decode(s)
           ^^^^^^^^^^^^^^^^^^^^^^^^^^
  File "C:\Users\saiem\AppData\Local\Programs\Python\Python311\Lib\json\decoder.py", line 337, in decode
    obj, end = self.raw_decode(s, idx=_w(s, 0).end())
               ^^^^^^^^^^^^^^^^^^^^^^^^^^^^^^^^^^^^^^
  File "C:\Users\saiem\AppData\Local\Programs\Python\Python311\Lib\json\decoder.py", line 355, in raw_decode
    raise JSONDecodeError("Expecting value", s, err.value) from None
json.decoder.JSONDecodeError: Expecting value: line 1 column 1 (char 0)

During handling of the above exception, another exception occurred:

Traceback (most recent call last):
  File "C:\Users\saiem\Documents\GitHub-Data\sdv-dev\cfbfastR-dev\cfbfastR-cfb-raw\python\_cfb_raw_utils.py", line 93, in _safe
    return fn(*args, **kwargs)
           ^^^^^^^^^^^^^^^^^^^
  File "C:\Users\saiem\Documents\GitHub-Data\sdv-dev\cfbfastR-dev\cfbfastR-cfb-raw\python\scrape_cfb_json.py", line 31, in _rosters
    return sdv.cfb.espn_cfb_game_rosters(game_id=gid, return_as_pandas=True).to_dict("records")
           ^^^^^^^^^^^^^^^^^^^^^^^^^^^^^^^^^^^^^^^^^^^^^^^^^^^^^^^^^^^^^^^^^
  File "C:\Users\saiem\Documents\GitHub-Data\sdv-dev\cfbfastR-dev\cfbfastR-cfb-raw\.venv\Lib\site-packages\sportsdataverse\cfb\cfb_game_rosters.py", line 64, in espn_cfb_game_rosters
    summary = summary_resp.json()
              ^^^^^^^^^^^^^^^^^^^
  File "C:\Users\saiem\Documents\GitHub-Data\sdv-dev\cfbfastR-dev\cfbfastR-cfb-raw\.venv\Lib\site-packages\requests\models.py", line 1120, in json
    raise RequestsJSONDecodeError(e.msg, e.doc, e.pos)
requests.exceptions.JSONDecodeError: Expecting value: line 1 column 1 (char 0)
2026-06-13 19:43:58,067 ERROR extra fetch failed: _participants(312810008,)
Traceback (most recent call last):
  File "C:\Users\saiem\Documents\GitHub-Data\sdv-dev\cfbfastR-dev\cfbfastR-cfb-raw\.venv\Lib\site-packages\requests\models.py", line 1116, in json
    return complexjson.loads(self.text, **kwargs)
           ^^^^^^^^^^^^^^^^^^^^^^^^^^^^^^^^^^^^^^
  File "C:\Users\saiem\AppData\Local\Programs\Python\Python311\Lib\json\__init__.py", line 346, in loads
    return _default_decoder.decode(s)
           ^^^^^^^^^^^^^^^^^^^^^^^^^^
  File "C:\Users\saiem\AppData\Local\Programs\Python\Python311\Lib\json\decoder.py", line 337, in decode
    obj, end = self.raw_decode(s, idx=_w(s, 0).end())
               ^^^^^^^^^^^^^^^^^^^^^^^^^^^^^^^^^^^^^^
  File "C:\Users\saiem\AppData\Local\Programs\Python\Python311\Lib\json\decoder.py", line 355, in raw_decode
    raise JSONDecodeError("Expecting value", s, err.value) from None
json.decoder.JSONDecodeError: Expecting value: line 1 column 1 (char 0)

During handling of the above exception, another exception occurred:

Traceback (most recent call last):
  File "C:\Users\saiem\Documents\GitHub-Data\sdv-dev\cfbfastR-dev\cfbfastR-cfb-raw\python\_cfb_raw_utils.py", line 93, in _safe
    return fn(*args, **kwargs)
           ^^^^^^^^^^^^^^^^^^^
  File "C:\Users\saiem\Documents\GitHub-Data\sdv-dev\cfbfastR-dev\cfbfastR-cfb-raw\python\scrape_cfb_json.py", line 27, in _participants
    return sdv.cfb.espn_cfb_play_participants(game_id=gid, return_as_pandas=True).to_dict("records")
           ^^^^^^^^^^^^^^^^^^^^^^^^^^^^^^^^^^^^^^^^^^^^^^^^^^^^^^^^^^^^^^^^^^^^^^
  File "C:\Users\saiem\Documents\GitHub-Data\sdv-dev\cfbfastR-dev\cfbfastR-cfb-raw\.venv\Lib\site-packages\sportsdataverse\cfb\cfb_play_participants.py", line 184, in espn_cfb_play_participants
    plays_raw = _download_plays(game_id, **kwargs)
                ^^^^^^^^^^^^^^^^^^^^^^^^^^^^^^^^^^
  File "C:\Users\saiem\Documents\GitHub-Data\sdv-dev\cfbfastR-dev\cfbfastR-cfb-raw\.venv\Lib\site-packages\sportsdataverse\cfb\cfb_play_participants.py", line 215, in _download_plays
    body = resp.json()
           ^^^^^^^^^^^
  File "C:\Users\saiem\Documents\GitHub-Data\sdv-dev\cfbfastR-dev\cfbfastR-cfb-raw\.venv\Lib\site-packages\requests\models.py", line 1120, in json
    raise RequestsJSONDecodeError(e.msg, e.doc, e.pos)
requests.exceptions.JSONDecodeError: Expecting value: line 1 column 1 (char 0)
2026-06-13 19:43:58,176 ERROR extra fetch failed: _participants(312810084,)
Traceback (most recent call last):
  File "C:\Users\saiem\Documents\GitHub-Data\sdv-dev\cfbfastR-dev\cfbfastR-cfb-raw\.venv\Lib\site-packages\requests\models.py", line 1116, in json
    return complexjson.loads(self.text, **kwargs)
           ^^^^^^^^^^^^^^^^^^^^^^^^^^^^^^^^^^^^^^
  File "C:\Users\saiem\AppData\Local\Programs\Python\Python311\Lib\json\__init__.py", line 346, in loads
    return _default_decoder.decode(s)
           ^^^^^^^^^^^^^^^^^^^^^^^^^^
  File "C:\Users\saiem\AppData\Local\Programs\Python\Python311\Lib\json\decoder.py", line 337, in decode
    obj, end = self.raw_decode(s, idx=_w(s, 0).end())
               ^^^^^^^^^^^^^^^^^^^^^^^^^^^^^^^^^^^^^^
  File "C:\Users\saiem\AppData\Local\Programs\Python\Python311\Lib\json\decoder.py", line 355, in raw_decode
    raise JSONDecodeError("Expecting value", s, err.value) from None
json.decoder.JSONDecodeError: Expecting value: line 1 column 1 (char 0)

During handling of the above exception, another exception occurred:

Traceback (most recent call last):
  File "C:\Users\saiem\Documents\GitHub-Data\sdv-dev\cfbfastR-dev\cfbfastR-cfb-raw\python\_cfb_raw_utils.py", line 93, in _safe
    return fn(*args, **kwargs)
           ^^^^^^^^^^^^^^^^^^^
  File "C:\Users\saiem\Documents\GitHub-Data\sdv-dev\cfbfastR-dev\cfbfastR-cfb-raw\python\scrape_cfb_json.py", line 27, in _participants
    return sdv.cfb.espn_cfb_play_participants(game_id=gid, return_as_pandas=True).to_dict("records")
           ^^^^^^^^^^^^^^^^^^^^^^^^^^^^^^^^^^^^^^^^^^^^^^^^^^^^^^^^^^^^^^^^^^^^^^
  File "C:\Users\saiem\Documents\GitHub-Data\sdv-dev\cfbfastR-dev\cfbfastR-cfb-raw\.venv\Lib\site-packages\sportsdataverse\cfb\cfb_play_participants.py", line 184, in espn_cfb_play_participants
    plays_raw = _download_plays(game_id, **kwargs)
                ^^^^^^^^^^^^^^^^^^^^^^^^^^^^^^^^^^
  File "C:\Users\saiem\Documents\GitHub-Data\sdv-dev\cfbfastR-dev\cfbfastR-cfb-raw\.venv\Lib\site-packages\sportsdataverse\cfb\cfb_play_participants.py", line 215, in _download_plays
    body = resp.json()
           ^^^^^^^^^^^
  File "C:\Users\saiem\Documents\GitHub-Data\sdv-dev\cfbfastR-dev\cfbfastR-cfb-raw\.venv\Lib\site-packages\requests\models.py", line 1120, in json
    raise RequestsJSONDecodeError(e.msg, e.doc, e.pos)
requests.exceptions.JSONDecodeError: Expecting value: line 1 column 1 (char 0)
2026-06-13 19:43:58,190 ERROR extra fetch failed: _participants(312810158,)
Traceback (most recent call last):
  File "C:\Users\saiem\Documents\GitHub-Data\sdv-dev\cfbfastR-dev\cfbfastR-cfb-raw\.venv\Lib\site-packages\requests\models.py", line 1116, in json
    return complexjson.loads(self.text, **kwargs)
           ^^^^^^^^^^^^^^^^^^^^^^^^^^^^^^^^^^^^^^
  File "C:\Users\saiem\AppData\Local\Programs\Python\Python311\Lib\json\__init__.py", line 346, in loads
    return _default_decoder.decode(s)
           ^^^^^^^^^^^^^^^^^^^^^^^^^^
  File "C:\Users\saiem\AppData\Local\Programs\Python\Python311\Lib\json\decoder.py", line 337, in decode
    obj, end = self.raw_decode(s, idx=_w(s, 0).end())
               ^^^^^^^^^^^^^^^^^^^^^^^^^^^^^^^^^^^^^^
  File "C:\Users\saiem\AppData\Local\Programs\Python\Python311\Lib\json\decoder.py", line 355, in raw_decode
    raise JSONDecodeError("Expecting value", s, err.value) from None
json.decoder.JSONDecodeError: Expecting value: line 1 column 1 (char 0)

During handling of the above exception, another exception occurred:

Traceback (most recent call last):
  File "C:\Users\saiem\Documents\GitHub-Data\sdv-dev\cfbfastR-dev\cfbfastR-cfb-raw\python\_cfb_raw_utils.py", line 93, in _safe
    return fn(*args, **kwargs)
           ^^^^^^^^^^^^^^^^^^^
  File "C:\Users\saiem\Documents\GitHub-Data\sdv-dev\cfbfastR-dev\cfbfastR-cfb-raw\python\scrape_cfb_json.py", line 27, in _participants
    return sdv.cfb.espn_cfb_play_participants(game_id=gid, return_as_pandas=True).to_dict("records")
           ^^^^^^^^^^^^^^^^^^^^^^^^^^^^^^^^^^^^^^^^^^^^^^^^^^^^^^^^^^^^^^^^^^^^^^
  File "C:\Users\saiem\Documents\GitHub-Data\sdv-dev\cfbfastR-dev\cfbfastR-cfb-raw\.venv\Lib\site-packages\sportsdataverse\cfb\cfb_play_participants.py", line 184, in espn_cfb_play_participants
    plays_raw = _download_plays(game_id, **kwargs)
                ^^^^^^^^^^^^^^^^^^^^^^^^^^^^^^^^^^
  File "C:\Users\saiem\Documents\GitHub-Data\sdv-dev\cfbfastR-dev\cfbfastR-cfb-raw\.venv\Lib\site-packages\sportsdataverse\cfb\cfb_play_participants.py", line 215, in _download_plays
    body = resp.json()
           ^^^^^^^^^^^
  File "C:\Users\saiem\Documents\GitHub-Data\sdv-dev\cfbfastR-dev\cfbfastR-cfb-raw\.venv\Lib\site-packages\requests\models.py", line 1120, in json
    raise RequestsJSONDecodeError(e.msg, e.doc, e.pos)
requests.exceptions.JSONDecodeError: Expecting value: line 1 column 1 (char 0)
2026-06-13 19:43:58,190 ERROR extra fetch failed: _participants(312810024,)
Traceback (most recent call last):
  File "C:\Users\saiem\Documents\GitHub-Data\sdv-dev\cfbfastR-dev\cfbfastR-cfb-raw\.venv\Lib\site-packages\requests\models.py", line 1116, in json
    return complexjson.loads(self.text, **kwargs)
           ^^^^^^^^^^^^^^^^^^^^^^^^^^^^^^^^^^^^^^
  File "C:\Users\saiem\AppData\Local\Programs\Python\Python311\Lib\json\__init__.py", line 346, in loads
    return _default_decoder.decode(s)
           ^^^^^^^^^^^^^^^^^^^^^^^^^^
  File "C:\Users\saiem\AppData\Local\Programs\Python\Python311\Lib\json\decoder.py", line 337, in decode
    obj, end = self.raw_decode(s, idx=_w(s, 0).end())
               ^^^^^^^^^^^^^^^^^^^^^^^^^^^^^^^^^^^^^^
  File "C:\Users\saiem\AppData\Local\Programs\Python\Python311\Lib\json\decoder.py", line 355, in raw_decode
    raise JSONDecodeError("Expecting value", s, err.value) from None
json.decoder.JSONDecodeError: Expecting value: line 1 column 1 (char 0)

During handling of the above exception, another exception occurred:

Traceback (most recent call last):
  File "C:\Users\saiem\Documents\GitHub-Data\sdv-dev\cfbfastR-dev\cfbfastR-cfb-raw\python\_cfb_raw_utils.py", line 93, in _safe
    return fn(*args, **kwargs)
           ^^^^^^^^^^^^^^^^^^^
  File "C:\Users\saiem\Documents\GitHub-Data\sdv-dev\cfbfastR-dev\cfbfastR-cfb-raw\python\scrape_cfb_json.py", line 27, in _participants
    return sdv.cfb.espn_cfb_play_participants(game_id=gid, return_as_pandas=True).to_dict("records")
           ^^^^^^^^^^^^^^^^^^^^^^^^^^^^^^^^^^^^^^^^^^^^^^^^^^^^^^^^^^^^^^^^^^^^^^
  File "C:\Users\saiem\Documents\GitHub-Data\sdv-dev\cfbfastR-dev\cfbfastR-cfb-raw\.venv\Lib\site-packages\sportsdataverse\cfb\cfb_play_participants.py", line 184, in espn_cfb_play_participants
    plays_raw = _download_plays(game_id, **kwargs)
                ^^^^^^^^^^^^^^^^^^^^^^^^^^^^^^^^^^
  File "C:\Users\saiem\Documents\GitHub-Data\sdv-dev\cfbfastR-dev\cfbfastR-cfb-raw\.venv\Lib\site-packages\sportsdataverse\cfb\cfb_play_participants.py", line 215, in _download_plays
    body = resp.json()
           ^^^^^^^^^^^
  File "C:\Users\saiem\Documents\GitHub-Data\sdv-dev\cfbfastR-dev\cfbfastR-cfb-raw\.venv\Lib\site-packages\requests\models.py", line 1120, in json
    raise RequestsJSONDecodeError(e.msg, e.doc, e.pos)
requests.exceptions.JSONDecodeError: Expecting value: line 1 column 1 (char 0)
2026-06-13 19:43:58,220 ERROR extra fetch failed: _participants(312810154,)
Traceback (most recent call last):
  File "C:\Users\saiem\Documents\GitHub-Data\sdv-dev\cfbfastR-dev\cfbfastR-cfb-raw\.venv\Lib\site-packages\requests\models.py", line 1116, in json
    return complexjson.loads(self.text, **kwargs)
           ^^^^^^^^^^^^^^^^^^^^^^^^^^^^^^^^^^^^^^
  File "C:\Users\saiem\AppData\Local\Programs\Python\Python311\Lib\json\__init__.py", line 346, in loads
    return _default_decoder.decode(s)
           ^^^^^^^^^^^^^^^^^^^^^^^^^^
  File "C:\Users\saiem\AppData\Local\Programs\Python\Python311\Lib\json\decoder.py", line 337, in decode
    obj, end = self.raw_decode(s, idx=_w(s, 0).end())
               ^^^^^^^^^^^^^^^^^^^^^^^^^^^^^^^^^^^^^^
  File "C:\Users\saiem\AppData\Local\Programs\Python\Python311\Lib\json\decoder.py", line 355, in raw_decode
    raise JSONDecodeError("Expecting value", s, err.value) from None
json.decoder.JSONDecodeError: Expecting value: line 1 column 1 (char 0)

During handling of the above exception, another exception occurred:

Traceback (most recent call last):
  File "C:\Users\saiem\Documents\GitHub-Data\sdv-dev\cfbfastR-dev\cfbfastR-cfb-raw\python\_cfb_raw_utils.py", line 93, in _safe
    return fn(*args, **kwargs)
           ^^^^^^^^^^^^^^^^^^^
  File "C:\Users\saiem\Documents\GitHub-Data\sdv-dev\cfbfastR-dev\cfbfastR-cfb-raw\python\scrape_cfb_json.py", line 27, in _participants
    return sdv.cfb.espn_cfb_play_participants(game_id=gid, return_as_pandas=True).to_dict("records")
           ^^^^^^^^^^^^^^^^^^^^^^^^^^^^^^^^^^^^^^^^^^^^^^^^^^^^^^^^^^^^^^^^^^^^^^
  File "C:\Users\saiem\Documents\GitHub-Data\sdv-dev\cfbfastR-dev\cfbfastR-cfb-raw\.venv\Lib\site-packages\sportsdataverse\cfb\cfb_play_participants.py", line 184, in espn_cfb_play_participants
    plays_raw = _download_plays(game_id, **kwargs)
                ^^^^^^^^^^^^^^^^^^^^^^^^^^^^^^^^^^
  File "C:\Users\saiem\Documents\GitHub-Data\sdv-dev\cfbfastR-dev\cfbfastR-cfb-raw\.venv\Lib\site-packages\sportsdataverse\cfb\cfb_play_participants.py", line 215, in _download_plays
    body = resp.json()
           ^^^^^^^^^^^
  File "C:\Users\saiem\Documents\GitHub-Data\sdv-dev\cfbfastR-dev\cfbfastR-cfb-raw\.venv\Lib\site-packages\requests\models.py", line 1120, in json
    raise RequestsJSONDecodeError(e.msg, e.doc, e.pos)
requests.exceptions.JSONDecodeError: Expecting value: line 1 column 1 (char 0)
2026-06-13 19:43:58,225 ERROR extra fetch failed: _rosters(312810251,)
Traceback (most recent call last):
  File "C:\Users\saiem\Documents\GitHub-Data\sdv-dev\cfbfastR-dev\cfbfastR-cfb-raw\.venv\Lib\site-packages\requests\models.py", line 1116, in json
    return complexjson.loads(self.text, **kwargs)
           ^^^^^^^^^^^^^^^^^^^^^^^^^^^^^^^^^^^^^^
  File "C:\Users\saiem\AppData\Local\Programs\Python\Python311\Lib\json\__init__.py", line 346, in loads
    return _default_decoder.decode(s)
           ^^^^^^^^^^^^^^^^^^^^^^^^^^
  File "C:\Users\saiem\AppData\Local\Programs\Python\Python311\Lib\json\decoder.py", line 337, in decode
    obj, end = self.raw_decode(s, idx=_w(s, 0).end())
               ^^^^^^^^^^^^^^^^^^^^^^^^^^^^^^^^^^^^^^
  File "C:\Users\saiem\AppData\Local\Programs\Python\Python311\Lib\json\decoder.py", line 355, in raw_decode
    raise JSONDecodeError("Expecting value", s, err.value) from None
json.decoder.JSONDecodeError: Expecting value: line 1 column 1 (char 0)

During handling of the above exception, another exception occurred:

Traceback (most recent call last):
  File "C:\Users\saiem\Documents\GitHub-Data\sdv-dev\cfbfastR-dev\cfbfastR-cfb-raw\python\_cfb_raw_utils.py", line 93, in _safe
    return fn(*args, **kwargs)
           ^^^^^^^^^^^^^^^^^^^
  File "C:\Users\saiem\Documents\GitHub-Data\sdv-dev\cfbfastR-dev\cfbfastR-cfb-raw\python\scrape_cfb_json.py", line 31, in _rosters
    return sdv.cfb.espn_cfb_game_rosters(game_id=gid, return_as_pandas=True).to_dict("records")
           ^^^^^^^^^^^^^^^^^^^^^^^^^^^^^^^^^^^^^^^^^^^^^^^^^^^^^^^^^^^^^^^^^
  File "C:\Users\saiem\Documents\GitHub-Data\sdv-dev\cfbfastR-dev\cfbfastR-cfb-raw\.venv\Lib\site-packages\sportsdataverse\cfb\cfb_game_rosters.py", line 64, in espn_cfb_game_rosters
    summary = summary_resp.json()
              ^^^^^^^^^^^^^^^^^^^
  File "C:\Users\saiem\Documents\GitHub-Data\sdv-dev\cfbfastR-dev\cfbfastR-cfb-raw\.venv\Lib\site-packages\requests\models.py", line 1120, in json
    raise RequestsJSONDecodeError(e.msg, e.doc, e.pos)
requests.exceptions.JSONDecodeError: Expecting value: line 1 column 1 (char 0)
2026-06-13 19:43:58,390 ERROR extra fetch failed: _participants(312812579,)
Traceback (most recent call last):
  File "C:\Users\saiem\Documents\GitHub-Data\sdv-dev\cfbfastR-dev\cfbfastR-cfb-raw\.venv\Lib\site-packages\requests\models.py", line 1116, in json
    return complexjson.loads(self.text, **kwargs)
           ^^^^^^^^^^^^^^^^^^^^^^^^^^^^^^^^^^^^^^
  File "C:\Users\saiem\AppData\Local\Programs\Python\Python311\Lib\json\__init__.py", line 346, in loads
    return _default_decoder.decode(s)
           ^^^^^^^^^^^^^^^^^^^^^^^^^^
  File "C:\Users\saiem\AppData\Local\Programs\Python\Python311\Lib\json\decoder.py", line 337, in decode
    obj, end = self.raw_decode(s, idx=_w(s, 0).end())
               ^^^^^^^^^^^^^^^^^^^^^^^^^^^^^^^^^^^^^^
  File "C:\Users\saiem\AppData\Local\Programs\Python\Python311\Lib\json\decoder.py", line 355, in raw_decode
    raise JSONDecodeError("Expecting value", s, err.value) from None
json.decoder.JSONDecodeError: Expecting value: line 1 column 1 (char 0)

During handling of the above exception, another exception occurred:

Traceback (most recent call last):
  File "C:\Users\saiem\Documents\GitHub-Data\sdv-dev\cfbfastR-dev\cfbfastR-cfb-raw\python\_cfb_raw_utils.py", line 93, in _safe
    return fn(*args, **kwargs)
           ^^^^^^^^^^^^^^^^^^^
  File "C:\Users\saiem\Documents\GitHub-Data\sdv-dev\cfbfastR-dev\cfbfastR-cfb-raw\python\scrape_cfb_json.py", line 27, in _participants
    return sdv.cfb.espn_cfb_play_participants(game_id=gid, return_as_pandas=True).to_dict("records")
           ^^^^^^^^^^^^^^^^^^^^^^^^^^^^^^^^^^^^^^^^^^^^^^^^^^^^^^^^^^^^^^^^^^^^^^
  File "C:\Users\saiem\Documents\GitHub-Data\sdv-dev\cfbfastR-dev\cfbfastR-cfb-raw\.venv\Lib\site-packages\sportsdataverse\cfb\cfb_play_participants.py", line 184, in espn_cfb_play_participants
    plays_raw = _download_plays(game_id, **kwargs)
                ^^^^^^^^^^^^^^^^^^^^^^^^^^^^^^^^^^
  File "C:\Users\saiem\Documents\GitHub-Data\sdv-dev\cfbfastR-dev\cfbfastR-cfb-raw\.venv\Lib\site-packages\sportsdataverse\cfb\cfb_play_participants.py", line 215, in _download_plays
    body = resp.json()
           ^^^^^^^^^^^
  File "C:\Users\saiem\Documents\GitHub-Data\sdv-dev\cfbfastR-dev\cfbfastR-cfb-raw\.venv\Lib\site-packages\requests\models.py", line 1120, in json
    raise RequestsJSONDecodeError(e.msg, e.doc, e.pos)
requests.exceptions.JSONDecodeError: Expecting value: line 1 column 1 (char 0)
2026-06-13 19:43:58,435 ERROR extra fetch failed: _participants(312812641,)
Traceback (most recent call last):
  File "C:\Users\saiem\Documents\GitHub-Data\sdv-dev\cfbfastR-dev\cfbfastR-cfb-raw\.venv\Lib\site-packages\requests\models.py", line 1116, in json
    return complexjson.loads(self.text, **kwargs)
           ^^^^^^^^^^^^^^^^^^^^^^^^^^^^^^^^^^^^^^
  File "C:\Users\saiem\AppData\Local\Programs\Python\Python311\Lib\json\__init__.py", line 346, in loads
    return _default_decoder.decode(s)
           ^^^^^^^^^^^^^^^^^^^^^^^^^^
  File "C:\Users\saiem\AppData\Local\Programs\Python\Python311\Lib\json\decoder.py", line 337, in decode
    obj, end = self.raw_decode(s, idx=_w(s, 0).end())
               ^^^^^^^^^^^^^^^^^^^^^^^^^^^^^^^^^^^^^^
  File "C:\Users\saiem\AppData\Local\Programs\Python\Python311\Lib\json\decoder.py", line 355, in raw_decode
    raise JSONDecodeError("Expecting value", s, err.value) from None
json.decoder.JSONDecodeError: Expecting value: line 1 column 1 (char 0)

During handling of the above exception, another exception occurred:

Traceback (most recent call last):
  File "C:\Users\saiem\Documents\GitHub-Data\sdv-dev\cfbfastR-dev\cfbfastR-cfb-raw\python\_cfb_raw_utils.py", line 93, in _safe
    return fn(*args, **kwargs)
           ^^^^^^^^^^^^^^^^^^^
  File "C:\Users\saiem\Documents\GitHub-Data\sdv-dev\cfbfastR-dev\cfbfastR-cfb-raw\python\scrape_cfb_json.py", line 27, in _participants
    return sdv.cfb.espn_cfb_play_participants(game_id=gid, return_as_pandas=True).to_dict("records")
           ^^^^^^^^^^^^^^^^^^^^^^^^^^^^^^^^^^^^^^^^^^^^^^^^^^^^^^^^^^^^^^^^^^^^^^
  File "C:\Users\saiem\Documents\GitHub-Data\sdv-dev\cfbfastR-dev\cfbfastR-cfb-raw\.venv\Lib\site-packages\sportsdataverse\cfb\cfb_play_participants.py", line 184, in espn_cfb_play_participants
    plays_raw = _download_plays(game_id, **kwargs)
                ^^^^^^^^^^^^^^^^^^^^^^^^^^^^^^^^^^
  File "C:\Users\saiem\Documents\GitHub-Data\sdv-dev\cfbfastR-dev\cfbfastR-cfb-raw\.venv\Lib\site-packages\sportsdataverse\cfb\cfb_play_participants.py", line 215, in _download_plays
    body = resp.json()
           ^^^^^^^^^^^
  File "C:\Users\saiem\Documents\GitHub-Data\sdv-dev\cfbfastR-dev\cfbfastR-cfb-raw\.venv\Lib\site-packages\requests\models.py", line 1120, in json
    raise RequestsJSONDecodeError(e.msg, e.doc, e.pos)
requests.exceptions.JSONDecodeError: Expecting value: line 1 column 1 (char 0)
2026-06-13 19:43:58,458 ERROR extra fetch failed: _participants(312812306,)
Traceback (most recent call last):
  File "C:\Users\saiem\Documents\GitHub-Data\sdv-dev\cfbfastR-dev\cfbfastR-cfb-raw\.venv\Lib\site-packages\requests\models.py", line 1116, in json
    return complexjson.loads(self.text, **kwargs)
           ^^^^^^^^^^^^^^^^^^^^^^^^^^^^^^^^^^^^^^
  File "C:\Users\saiem\AppData\Local\Programs\Python\Python311\Lib\json\__init__.py", line 346, in loads
    return _default_decoder.decode(s)
           ^^^^^^^^^^^^^^^^^^^^^^^^^^
  File "C:\Users\saiem\AppData\Local\Programs\Python\Python311\Lib\json\decoder.py", line 337, in decode
    obj, end = self.raw_decode(s, idx=_w(s, 0).end())
               ^^^^^^^^^^^^^^^^^^^^^^^^^^^^^^^^^^^^^^
  File "C:\Users\saiem\AppData\Local\Programs\Python\Python311\Lib\json\decoder.py", line 355, in raw_decode
    raise JSONDecodeError("Expecting value", s, err.value) from None
json.decoder.JSONDecodeError: Expecting value: line 1 column 1 (char 0)

During handling of the above exception, another exception occurred:

Traceback (most recent call last):
  File "C:\Users\saiem\Documents\GitHub-Data\sdv-dev\cfbfastR-dev\cfbfastR-cfb-raw\python\_cfb_raw_utils.py", line 93, in _safe
    return fn(*args, **kwargs)
           ^^^^^^^^^^^^^^^^^^^
  File "C:\Users\saiem\Documents\GitHub-Data\sdv-dev\cfbfastR-dev\cfbfastR-cfb-raw\python\scrape_cfb_json.py", line 27, in _participants
    return sdv.cfb.espn_cfb_play_participants(game_id=gid, return_as_pandas=True).to_dict("records")
           ^^^^^^^^^^^^^^^^^^^^^^^^^^^^^^^^^^^^^^^^^^^^^^^^^^^^^^^^^^^^^^^^^^^^^^
  File "C:\Users\saiem\Documents\GitHub-Data\sdv-dev\cfbfastR-dev\cfbfastR-cfb-raw\.venv\Lib\site-packages\sportsdataverse\cfb\cfb_play_participants.py", line 184, in espn_cfb_play_participants
    plays_raw = _download_plays(game_id, **kwargs)
                ^^^^^^^^^^^^^^^^^^^^^^^^^^^^^^^^^^
  File "C:\Users\saiem\Documents\GitHub-Data\sdv-dev\cfbfastR-dev\cfbfastR-cfb-raw\.venv\Lib\site-packages\sportsdataverse\cfb\cfb_play_participants.py", line 215, in _download_plays
    body = resp.json()
           ^^^^^^^^^^^
  File "C:\Users\saiem\Documents\GitHub-Data\sdv-dev\cfbfastR-dev\cfbfastR-cfb-raw\.venv\Lib\site-packages\requests\models.py", line 1120, in json
    raise RequestsJSONDecodeError(e.msg, e.doc, e.pos)
requests.exceptions.JSONDecodeError: Expecting value: line 1 column 1 (char 0)
2026-06-13 19:43:58,514 ERROR extra fetch failed: _participants(312810239,)
Traceback (most recent call last):
  File "C:\Users\saiem\Documents\GitHub-Data\sdv-dev\cfbfastR-dev\cfbfastR-cfb-raw\.venv\Lib\site-packages\requests\models.py", line 1116, in json
    return complexjson.loads(self.text, **kwargs)
           ^^^^^^^^^^^^^^^^^^^^^^^^^^^^^^^^^^^^^^
  File "C:\Users\saiem\AppData\Local\Programs\Python\Python311\Lib\json\__init__.py", line 346, in loads
    return _default_decoder.decode(s)
           ^^^^^^^^^^^^^^^^^^^^^^^^^^
  File "C:\Users\saiem\AppData\Local\Programs\Python\Python311\Lib\json\decoder.py", line 337, in decode
    obj, end = self.raw_decode(s, idx=_w(s, 0).end())
               ^^^^^^^^^^^^^^^^^^^^^^^^^^^^^^^^^^^^^^
  File "C:\Users\saiem\AppData\Local\Programs\Python\Python311\Lib\json\decoder.py", line 355, in raw_decode
    raise JSONDecodeError("Expecting value", s, err.value) from None
json.decoder.JSONDecodeError: Expecting value: line 1 column 1 (char 0)

During handling of the above exception, another exception occurred:

Traceback (most recent call last):
  File "C:\Users\saiem\Documents\GitHub-Data\sdv-dev\cfbfastR-dev\cfbfastR-cfb-raw\python\_cfb_raw_utils.py", line 93, in _safe
    return fn(*args, **kwargs)
           ^^^^^^^^^^^^^^^^^^^
  File "C:\Users\saiem\Documents\GitHub-Data\sdv-dev\cfbfastR-dev\cfbfastR-cfb-raw\python\scrape_cfb_json.py", line 27, in _participants
    return sdv.cfb.espn_cfb_play_participants(game_id=gid, return_as_pandas=True).to_dict("records")
           ^^^^^^^^^^^^^^^^^^^^^^^^^^^^^^^^^^^^^^^^^^^^^^^^^^^^^^^^^^^^^^^^^^^^^^
  File "C:\Users\saiem\Documents\GitHub-Data\sdv-dev\cfbfastR-dev\cfbfastR-cfb-raw\.venv\Lib\site-packages\sportsdataverse\cfb\cfb_play_participants.py", line 184, in espn_cfb_play_participants
    plays_raw = _download_plays(game_id, **kwargs)
                ^^^^^^^^^^^^^^^^^^^^^^^^^^^^^^^^^^
  File "C:\Users\saiem\Documents\GitHub-Data\sdv-dev\cfbfastR-dev\cfbfastR-cfb-raw\.venv\Lib\site-packages\sportsdataverse\cfb\cfb_play_participants.py", line 215, in _download_plays
    body = resp.json()
           ^^^^^^^^^^^
  File "C:\Users\saiem\Documents\GitHub-Data\sdv-dev\cfbfastR-dev\cfbfastR-cfb-raw\.venv\Lib\site-packages\requests\models.py", line 1120, in json
    raise RequestsJSONDecodeError(e.msg, e.doc, e.pos)
requests.exceptions.JSONDecodeError: Expecting value: line 1 column 1 (char 0)
2026-06-13 19:43:58,575 ERROR extra fetch failed: _participants(312810005,)
Traceback (most recent call last):
  File "C:\Users\saiem\Documents\GitHub-Data\sdv-dev\cfbfastR-dev\cfbfastR-cfb-raw\.venv\Lib\site-packages\requests\models.py", line 1116, in json
    return complexjson.loads(self.text, **kwargs)
           ^^^^^^^^^^^^^^^^^^^^^^^^^^^^^^^^^^^^^^
  File "C:\Users\saiem\AppData\Local\Programs\Python\Python311\Lib\json\__init__.py", line 346, in loads
    return _default_decoder.decode(s)
           ^^^^^^^^^^^^^^^^^^^^^^^^^^
  File "C:\Users\saiem\AppData\Local\Programs\Python\Python311\Lib\json\decoder.py", line 337, in decode
    obj, end = self.raw_decode(s, idx=_w(s, 0).end())
               ^^^^^^^^^^^^^^^^^^^^^^^^^^^^^^^^^^^^^^
  File "C:\Users\saiem\AppData\Local\Programs\Python\Python311\Lib\json\decoder.py", line 355, in raw_decode
    raise JSONDecodeError("Expecting value", s, err.value) from None
json.decoder.JSONDecodeError: Expecting value: line 1 column 1 (char 0)

During handling of the above exception, another exception occurred:

Traceback (most recent call last):
  File "C:\Users\saiem\Documents\GitHub-Data\sdv-dev\cfbfastR-dev\cfbfastR-cfb-raw\python\_cfb_raw_utils.py", line 93, in _safe
    return fn(*args, **kwargs)
           ^^^^^^^^^^^^^^^^^^^
  File "C:\Users\saiem\Documents\GitHub-Data\sdv-dev\cfbfastR-dev\cfbfastR-cfb-raw\python\scrape_cfb_json.py", line 27, in _participants
    return sdv.cfb.espn_cfb_play_participants(game_id=gid, return_as_pandas=True).to_dict("records")
           ^^^^^^^^^^^^^^^^^^^^^^^^^^^^^^^^^^^^^^^^^^^^^^^^^^^^^^^^^^^^^^^^^^^^^^
  File "C:\Users\saiem\Documents\GitHub-Data\sdv-dev\cfbfastR-dev\cfbfastR-cfb-raw\.venv\Lib\site-packages\sportsdataverse\cfb\cfb_play_participants.py", line 184, in espn_cfb_play_participants
    plays_raw = _download_plays(game_id, **kwargs)
                ^^^^^^^^^^^^^^^^^^^^^^^^^^^^^^^^^^
  File "C:\Users\saiem\Documents\GitHub-Data\sdv-dev\cfbfastR-dev\cfbfastR-cfb-raw\.venv\Lib\site-packages\sportsdataverse\cfb\cfb_play_participants.py", line 215, in _download_plays
    body = resp.json()
           ^^^^^^^^^^^
  File "C:\Users\saiem\Documents\GitHub-Data\sdv-dev\cfbfastR-dev\cfbfastR-cfb-raw\.venv\Lib\site-packages\requests\models.py", line 1120, in json
    raise RequestsJSONDecodeError(e.msg, e.doc, e.pos)
requests.exceptions.JSONDecodeError: Expecting value: line 1 column 1 (char 0)
2026-06-13 19:43:58,900 ERROR extra fetch failed: _rosters(312810077,)
Traceback (most recent call last):
  File "C:\Users\saiem\Documents\GitHub-Data\sdv-dev\cfbfastR-dev\cfbfastR-cfb-raw\.venv\Lib\site-packages\requests\models.py", line 1116, in json
    return complexjson.loads(self.text, **kwargs)
           ^^^^^^^^^^^^^^^^^^^^^^^^^^^^^^^^^^^^^^
  File "C:\Users\saiem\AppData\Local\Programs\Python\Python311\Lib\json\__init__.py", line 346, in loads
    return _default_decoder.decode(s)
           ^^^^^^^^^^^^^^^^^^^^^^^^^^
  File "C:\Users\saiem\AppData\Local\Programs\Python\Python311\Lib\json\decoder.py", line 337, in decode
    obj, end = self.raw_decode(s, idx=_w(s, 0).end())
               ^^^^^^^^^^^^^^^^^^^^^^^^^^^^^^^^^^^^^^
  File "C:\Users\saiem\AppData\Local\Programs\Python\Python311\Lib\json\decoder.py", line 355, in raw_decode
    raise JSONDecodeError("Expecting value", s, err.value) from None
json.decoder.JSONDecodeError: Expecting value: line 1 column 1 (char 0)

During handling of the above exception, another exception occurred:

Traceback (most recent call last):
  File "C:\Users\saiem\Documents\GitHub-Data\sdv-dev\cfbfastR-dev\cfbfastR-cfb-raw\python\_cfb_raw_utils.py", line 93, in _safe
    return fn(*args, **kwargs)
           ^^^^^^^^^^^^^^^^^^^
  File "C:\Users\saiem\Documents\GitHub-Data\sdv-dev\cfbfastR-dev\cfbfastR-cfb-raw\python\scrape_cfb_json.py", line 31, in _rosters
    return sdv.cfb.espn_cfb_game_rosters(game_id=gid, return_as_pandas=True).to_dict("records")
           ^^^^^^^^^^^^^^^^^^^^^^^^^^^^^^^^^^^^^^^^^^^^^^^^^^^^^^^^^^^^^^^^^
  File "C:\Users\saiem\Documents\GitHub-Data\sdv-dev\cfbfastR-dev\cfbfastR-cfb-raw\.venv\Lib\site-packages\sportsdataverse\cfb\cfb_game_rosters.py", line 64, in espn_cfb_game_rosters
    summary = summary_resp.json()
              ^^^^^^^^^^^^^^^^^^^
  File "C:\Users\saiem\Documents\GitHub-Data\sdv-dev\cfbfastR-dev\cfbfastR-cfb-raw\.venv\Lib\site-packages\requests\models.py", line 1120, in json
    raise RequestsJSONDecodeError(e.msg, e.doc, e.pos)
requests.exceptions.JSONDecodeError: Expecting value: line 1 column 1 (char 0)
2026-06-13 19:43:59,009 ERROR extra fetch failed: _rosters(312810059,)
Traceback (most recent call last):
  File "C:\Users\saiem\Documents\GitHub-Data\sdv-dev\cfbfastR-dev\cfbfastR-cfb-raw\.venv\Lib\site-packages\requests\models.py", line 1116, in json
    return complexjson.loads(self.text, **kwargs)
           ^^^^^^^^^^^^^^^^^^^^^^^^^^^^^^^^^^^^^^
  File "C:\Users\saiem\AppData\Local\Programs\Python\Python311\Lib\json\__init__.py", line 346, in loads
    return _default_decoder.decode(s)
           ^^^^^^^^^^^^^^^^^^^^^^^^^^
  File "C:\Users\saiem\AppData\Local\Programs\Python\Python311\Lib\json\decoder.py", line 337, in decode
    obj, end = self.raw_decode(s, idx=_w(s, 0).end())
               ^^^^^^^^^^^^^^^^^^^^^^^^^^^^^^^^^^^^^^
  File "C:\Users\saiem\AppData\Local\Programs\Python\Python311\Lib\json\decoder.py", line 355, in raw_decode
    raise JSONDecodeError("Expecting value", s, err.value) from None
json.decoder.JSONDecodeError: Expecting value: line 1 column 1 (char 0)

During handling of the above exception, another exception occurred:

Traceback (most recent call last):
  File "C:\Users\saiem\Documents\GitHub-Data\sdv-dev\cfbfastR-dev\cfbfastR-cfb-raw\python\_cfb_raw_utils.py", line 93, in _safe
    return fn(*args, **kwargs)
           ^^^^^^^^^^^^^^^^^^^
  File "C:\Users\saiem\Documents\GitHub-Data\sdv-dev\cfbfastR-dev\cfbfastR-cfb-raw\python\scrape_cfb_json.py", line 31, in _rosters
    return sdv.cfb.espn_cfb_game_rosters(game_id=gid, return_as_pandas=True).to_dict("records")
           ^^^^^^^^^^^^^^^^^^^^^^^^^^^^^^^^^^^^^^^^^^^^^^^^^^^^^^^^^^^^^^^^^
  File "C:\Users\saiem\Documents\GitHub-Data\sdv-dev\cfbfastR-dev\cfbfastR-cfb-raw\.venv\Lib\site-packages\sportsdataverse\cfb\cfb_game_rosters.py", line 64, in espn_cfb_game_rosters
    summary = summary_resp.json()
              ^^^^^^^^^^^^^^^^^^^
  File "C:\Users\saiem\Documents\GitHub-Data\sdv-dev\cfbfastR-dev\cfbfastR-cfb-raw\.venv\Lib\site-packages\requests\models.py", line 1120, in json
    raise RequestsJSONDecodeError(e.msg, e.doc, e.pos)
requests.exceptions.JSONDecodeError: Expecting value: line 1 column 1 (char 0)
2026-06-13 19:43:59,269 ERROR extra fetch failed: _rosters(312810254,)
Traceback (most recent call last):
  File "C:\Users\saiem\Documents\GitHub-Data\sdv-dev\cfbfastR-dev\cfbfastR-cfb-raw\.venv\Lib\site-packages\requests\models.py", line 1116, in json
    return complexjson.loads(self.text, **kwargs)
           ^^^^^^^^^^^^^^^^^^^^^^^^^^^^^^^^^^^^^^
  File "C:\Users\saiem\AppData\Local\Programs\Python\Python311\Lib\json\__init__.py", line 346, in loads
    return _default_decoder.decode(s)
           ^^^^^^^^^^^^^^^^^^^^^^^^^^
  File "C:\Users\saiem\AppData\Local\Programs\Python\Python311\Lib\json\decoder.py", line 337, in decode
    obj, end = self.raw_decode(s, idx=_w(s, 0).end())
               ^^^^^^^^^^^^^^^^^^^^^^^^^^^^^^^^^^^^^^
  File "C:\Users\saiem\AppData\Local\Programs\Python\Python311\Lib\json\decoder.py", line 355, in raw_decode
    raise JSONDecodeError("Expecting value", s, err.value) from None
json.decoder.JSONDecodeError: Expecting value: line 1 column 1 (char 0)

During handling of the above exception, another exception occurred:

Traceback (most recent call last):
  File "C:\Users\saiem\Documents\GitHub-Data\sdv-dev\cfbfastR-dev\cfbfastR-cfb-raw\python\_cfb_raw_utils.py", line 93, in _safe
    return fn(*args, **kwargs)
           ^^^^^^^^^^^^^^^^^^^
  File "C:\Users\saiem\Documents\GitHub-Data\sdv-dev\cfbfastR-dev\cfbfastR-cfb-raw\python\scrape_cfb_json.py", line 31, in _rosters
    return sdv.cfb.espn_cfb_game_rosters(game_id=gid, return_as_pandas=True).to_dict("records")
           ^^^^^^^^^^^^^^^^^^^^^^^^^^^^^^^^^^^^^^^^^^^^^^^^^^^^^^^^^^^^^^^^^
  File "C:\Users\saiem\Documents\GitHub-Data\sdv-dev\cfbfastR-dev\cfbfastR-cfb-raw\.venv\Lib\site-packages\sportsdataverse\cfb\cfb_game_rosters.py", line 64, in espn_cfb_game_rosters
    summary = summary_resp.json()
              ^^^^^^^^^^^^^^^^^^^
  File "C:\Users\saiem\Documents\GitHub-Data\sdv-dev\cfbfastR-dev\cfbfastR-cfb-raw\.venv\Lib\site-packages\requests\models.py", line 1120, in json
    raise RequestsJSONDecodeError(e.msg, e.doc, e.pos)
requests.exceptions.JSONDecodeError: Expecting value: line 1 column 1 (char 0)
2026-06-13 19:43:59,295 ERROR extra fetch failed: _rosters(312810259,)
Traceback (most recent call last):
  File "C:\Users\saiem\Documents\GitHub-Data\sdv-dev\cfbfastR-dev\cfbfastR-cfb-raw\.venv\Lib\site-packages\requests\models.py", line 1116, in json
    return complexjson.loads(self.text, **kwargs)
           ^^^^^^^^^^^^^^^^^^^^^^^^^^^^^^^^^^^^^^
  File "C:\Users\saiem\AppData\Local\Programs\Python\Python311\Lib\json\__init__.py", line 346, in loads
    return _default_decoder.decode(s)
           ^^^^^^^^^^^^^^^^^^^^^^^^^^
  File "C:\Users\saiem\AppData\Local\Programs\Python\Python311\Lib\json\decoder.py", line 337, in decode
    obj, end = self.raw_decode(s, idx=_w(s, 0).end())
               ^^^^^^^^^^^^^^^^^^^^^^^^^^^^^^^^^^^^^^
  File "C:\Users\saiem\AppData\Local\Programs\Python\Python311\Lib\json\decoder.py", line 355, in raw_decode
    raise JSONDecodeError("Expecting value", s, err.value) from None
json.decoder.JSONDecodeError: Expecting value: line 1 column 1 (char 0)

During handling of the above exception, another exception occurred:

Traceback (most recent call last):
  File "C:\Users\saiem\Documents\GitHub-Data\sdv-dev\cfbfastR-dev\cfbfastR-cfb-raw\python\_cfb_raw_utils.py", line 93, in _safe
    return fn(*args, **kwargs)
           ^^^^^^^^^^^^^^^^^^^
  File "C:\Users\saiem\Documents\GitHub-Data\sdv-dev\cfbfastR-dev\cfbfastR-cfb-raw\python\scrape_cfb_json.py", line 31, in _rosters
    return sdv.cfb.espn_cfb_game_rosters(game_id=gid, return_as_pandas=True).to_dict("records")
           ^^^^^^^^^^^^^^^^^^^^^^^^^^^^^^^^^^^^^^^^^^^^^^^^^^^^^^^^^^^^^^^^^
  File "C:\Users\saiem\Documents\GitHub-Data\sdv-dev\cfbfastR-dev\cfbfastR-cfb-raw\.venv\Lib\site-packages\sportsdataverse\cfb\cfb_game_rosters.py", line 64, in espn_cfb_game_rosters
    summary = summary_resp.json()
              ^^^^^^^^^^^^^^^^^^^
  File "C:\Users\saiem\Documents\GitHub-Data\sdv-dev\cfbfastR-dev\cfbfastR-cfb-raw\.venv\Lib\site-packages\requests\models.py", line 1120, in json
    raise RequestsJSONDecodeError(e.msg, e.doc, e.pos)
requests.exceptions.JSONDecodeError: Expecting value: line 1 column 1 (char 0)
2026-06-13 19:43:59,295 ERROR extra fetch failed: _rosters(312810197,)
Traceback (most recent call last):
  File "C:\Users\saiem\Documents\GitHub-Data\sdv-dev\cfbfastR-dev\cfbfastR-cfb-raw\.venv\Lib\site-packages\requests\models.py", line 1116, in json
    return complexjson.loads(self.text, **kwargs)
           ^^^^^^^^^^^^^^^^^^^^^^^^^^^^^^^^^^^^^^
  File "C:\Users\saiem\AppData\Local\Programs\Python\Python311\Lib\json\__init__.py", line 346, in loads
    return _default_decoder.decode(s)
           ^^^^^^^^^^^^^^^^^^^^^^^^^^
  File "C:\Users\saiem\AppData\Local\Programs\Python\Python311\Lib\json\decoder.py", line 337, in decode
    obj, end = self.raw_decode(s, idx=_w(s, 0).end())
               ^^^^^^^^^^^^^^^^^^^^^^^^^^^^^^^^^^^^^^
  File "C:\Users\saiem\AppData\Local\Programs\Python\Python311\Lib\json\decoder.py", line 355, in raw_decode
    raise JSONDecodeError("Expecting value", s, err.value) from None
json.decoder.JSONDecodeError: Expecting value: line 1 column 1 (char 0)

During handling of the above exception, another exception occurred:

Traceback (most recent call last):
  File "C:\Users\saiem\Documents\GitHub-Data\sdv-dev\cfbfastR-dev\cfbfastR-cfb-raw\python\_cfb_raw_utils.py", line 93, in _safe
    return fn(*args, **kwargs)
           ^^^^^^^^^^^^^^^^^^^
  File "C:\Users\saiem\Documents\GitHub-Data\sdv-dev\cfbfastR-dev\cfbfastR-cfb-raw\python\scrape_cfb_json.py", line 31, in _rosters
    return sdv.cfb.espn_cfb_game_rosters(game_id=gid, return_as_pandas=True).to_dict("records")
           ^^^^^^^^^^^^^^^^^^^^^^^^^^^^^^^^^^^^^^^^^^^^^^^^^^^^^^^^^^^^^^^^^
  File "C:\Users\saiem\Documents\GitHub-Data\sdv-dev\cfbfastR-dev\cfbfastR-cfb-raw\.venv\Lib\site-packages\sportsdataverse\cfb\cfb_game_rosters.py", line 64, in espn_cfb_game_rosters
    summary = summary_resp.json()
              ^^^^^^^^^^^^^^^^^^^
  File "C:\Users\saiem\Documents\GitHub-Data\sdv-dev\cfbfastR-dev\cfbfastR-cfb-raw\.venv\Lib\site-packages\requests\models.py", line 1120, in json
    raise RequestsJSONDecodeError(e.msg, e.doc, e.pos)
requests.exceptions.JSONDecodeError: Expecting value: line 1 column 1 (char 0)
2026-06-13 19:43:59,328 ERROR extra fetch failed: _participants(312810153,)
Traceback (most recent call last):
  File "C:\Users\saiem\Documents\GitHub-Data\sdv-dev\cfbfastR-dev\cfbfastR-cfb-raw\.venv\Lib\site-packages\requests\models.py", line 1116, in json
    return complexjson.loads(self.text, **kwargs)
           ^^^^^^^^^^^^^^^^^^^^^^^^^^^^^^^^^^^^^^
  File "C:\Users\saiem\AppData\Local\Programs\Python\Python311\Lib\json\__init__.py", line 346, in loads
    return _default_decoder.decode(s)
           ^^^^^^^^^^^^^^^^^^^^^^^^^^
  File "C:\Users\saiem\AppData\Local\Programs\Python\Python311\Lib\json\decoder.py", line 337, in decode
    obj, end = self.raw_decode(s, idx=_w(s, 0).end())
               ^^^^^^^^^^^^^^^^^^^^^^^^^^^^^^^^^^^^^^
  File "C:\Users\saiem\AppData\Local\Programs\Python\Python311\Lib\json\decoder.py", line 355, in raw_decode
    raise JSONDecodeError("Expecting value", s, err.value) from None
json.decoder.JSONDecodeError: Expecting value: line 1 column 1 (char 0)

During handling of the above exception, another exception occurred:

Traceback (most recent call last):
  File "C:\Users\saiem\Documents\GitHub-Data\sdv-dev\cfbfastR-dev\cfbfastR-cfb-raw\python\_cfb_raw_utils.py", line 93, in _safe
    return fn(*args, **kwargs)
           ^^^^^^^^^^^^^^^^^^^
  File "C:\Users\saiem\Documents\GitHub-Data\sdv-dev\cfbfastR-dev\cfbfastR-cfb-raw\python\scrape_cfb_json.py", line 27, in _participants
    return sdv.cfb.espn_cfb_play_participants(game_id=gid, return_as_pandas=True).to_dict("records")
           ^^^^^^^^^^^^^^^^^^^^^^^^^^^^^^^^^^^^^^^^^^^^^^^^^^^^^^^^^^^^^^^^^^^^^^
  File "C:\Users\saiem\Documents\GitHub-Data\sdv-dev\cfbfastR-dev\cfbfastR-cfb-raw\.venv\Lib\site-packages\sportsdataverse\cfb\cfb_play_participants.py", line 184, in espn_cfb_play_participants
    plays_raw = _download_plays(game_id, **kwargs)
                ^^^^^^^^^^^^^^^^^^^^^^^^^^^^^^^^^^
  File "C:\Users\saiem\Documents\GitHub-Data\sdv-dev\cfbfastR-dev\cfbfastR-cfb-raw\.venv\Lib\site-packages\sportsdataverse\cfb\cfb_play_participants.py", line 215, in _download_plays
    body = resp.json()
           ^^^^^^^^^^^
  File "C:\Users\saiem\Documents\GitHub-Data\sdv-dev\cfbfastR-dev\cfbfastR-cfb-raw\.venv\Lib\site-packages\requests\models.py", line 1120, in json
    raise RequestsJSONDecodeError(e.msg, e.doc, e.pos)
requests.exceptions.JSONDecodeError: Expecting value: line 1 column 1 (char 0)
2026-06-13 19:43:59,386 ERROR extra fetch failed: _rosters(312810008,)
Traceback (most recent call last):
  File "C:\Users\saiem\Documents\GitHub-Data\sdv-dev\cfbfastR-dev\cfbfastR-cfb-raw\.venv\Lib\site-packages\requests\models.py", line 1116, in json
    return complexjson.loads(self.text, **kwargs)
           ^^^^^^^^^^^^^^^^^^^^^^^^^^^^^^^^^^^^^^
  File "C:\Users\saiem\AppData\Local\Programs\Python\Python311\Lib\json\__init__.py", line 346, in loads
    return _default_decoder.decode(s)
           ^^^^^^^^^^^^^^^^^^^^^^^^^^
  File "C:\Users\saiem\AppData\Local\Programs\Python\Python311\Lib\json\decoder.py", line 337, in decode
    obj, end = self.raw_decode(s, idx=_w(s, 0).end())
               ^^^^^^^^^^^^^^^^^^^^^^^^^^^^^^^^^^^^^^
  File "C:\Users\saiem\AppData\Local\Programs\Python\Python311\Lib\json\decoder.py", line 355, in raw_decode
    raise JSONDecodeError("Expecting value", s, err.value) from None
json.decoder.JSONDecodeError: Expecting value: line 1 column 1 (char 0)

During handling of the above exception, another exception occurred:

Traceback (most recent call last):
  File "C:\Users\saiem\Documents\GitHub-Data\sdv-dev\cfbfastR-dev\cfbfastR-cfb-raw\python\_cfb_raw_utils.py", line 93, in _safe
    return fn(*args, **kwargs)
           ^^^^^^^^^^^^^^^^^^^
  File "C:\Users\saiem\Documents\GitHub-Data\sdv-dev\cfbfastR-dev\cfbfastR-cfb-raw\python\scrape_cfb_json.py", line 31, in _rosters
    return sdv.cfb.espn_cfb_game_rosters(game_id=gid, return_as_pandas=True).to_dict("records")
           ^^^^^^^^^^^^^^^^^^^^^^^^^^^^^^^^^^^^^^^^^^^^^^^^^^^^^^^^^^^^^^^^^
  File "C:\Users\saiem\Documents\GitHub-Data\sdv-dev\cfbfastR-dev\cfbfastR-cfb-raw\.venv\Lib\site-packages\sportsdataverse\cfb\cfb_game_rosters.py", line 64, in espn_cfb_game_rosters
    summary = summary_resp.json()
              ^^^^^^^^^^^^^^^^^^^
  File "C:\Users\saiem\Documents\GitHub-Data\sdv-dev\cfbfastR-dev\cfbfastR-cfb-raw\.venv\Lib\site-packages\requests\models.py", line 1120, in json
    raise RequestsJSONDecodeError(e.msg, e.doc, e.pos)
requests.exceptions.JSONDecodeError: Expecting value: line 1 column 1 (char 0)
2026-06-13 19:43:59,386 ERROR extra fetch failed: _rosters(312810277,)
Traceback (most recent call last):
  File "C:\Users\saiem\Documents\GitHub-Data\sdv-dev\cfbfastR-dev\cfbfastR-cfb-raw\.venv\Lib\site-packages\requests\models.py", line 1116, in json
    return complexjson.loads(self.text, **kwargs)
           ^^^^^^^^^^^^^^^^^^^^^^^^^^^^^^^^^^^^^^
  File "C:\Users\saiem\AppData\Local\Programs\Python\Python311\Lib\json\__init__.py", line 346, in loads
    return _default_decoder.decode(s)
           ^^^^^^^^^^^^^^^^^^^^^^^^^^
  File "C:\Users\saiem\AppData\Local\Programs\Python\Python311\Lib\json\decoder.py", line 337, in decode
    obj, end = self.raw_decode(s, idx=_w(s, 0).end())
               ^^^^^^^^^^^^^^^^^^^^^^^^^^^^^^^^^^^^^^
  File "C:\Users\saiem\AppData\Local\Programs\Python\Python311\Lib\json\decoder.py", line 355, in raw_decode
    raise JSONDecodeError("Expecting value", s, err.value) from None
json.decoder.JSONDecodeError: Expecting value: line 1 column 1 (char 0)

During handling of the above exception, another exception occurred:

Traceback (most recent call last):
  File "C:\Users\saiem\Documents\GitHub-Data\sdv-dev\cfbfastR-dev\cfbfastR-cfb-raw\python\_cfb_raw_utils.py", line 93, in _safe
    return fn(*args, **kwargs)
           ^^^^^^^^^^^^^^^^^^^
  File "C:\Users\saiem\Documents\GitHub-Data\sdv-dev\cfbfastR-dev\cfbfastR-cfb-raw\python\scrape_cfb_json.py", line 31, in _rosters
    return sdv.cfb.espn_cfb_game_rosters(game_id=gid, return_as_pandas=True).to_dict("records")
           ^^^^^^^^^^^^^^^^^^^^^^^^^^^^^^^^^^^^^^^^^^^^^^^^^^^^^^^^^^^^^^^^^
  File "C:\Users\saiem\Documents\GitHub-Data\sdv-dev\cfbfastR-dev\cfbfastR-cfb-raw\.venv\Lib\site-packages\sportsdataverse\cfb\cfb_game_rosters.py", line 64, in espn_cfb_game_rosters
    summary = summary_resp.json()
              ^^^^^^^^^^^^^^^^^^^
  File "C:\Users\saiem\Documents\GitHub-Data\sdv-dev\cfbfastR-dev\cfbfastR-cfb-raw\.venv\Lib\site-packages\requests\models.py", line 1120, in json
    raise RequestsJSONDecodeError(e.msg, e.doc, e.pos)
requests.exceptions.JSONDecodeError: Expecting value: line 1 column 1 (char 0)
2026-06-13 19:43:59,459 ERROR extra fetch failed: _rosters(312810084,)
Traceback (most recent call last):
  File "C:\Users\saiem\Documents\GitHub-Data\sdv-dev\cfbfastR-dev\cfbfastR-cfb-raw\.venv\Lib\site-packages\requests\models.py", line 1116, in json
    return complexjson.loads(self.text, **kwargs)
           ^^^^^^^^^^^^^^^^^^^^^^^^^^^^^^^^^^^^^^
  File "C:\Users\saiem\AppData\Local\Programs\Python\Python311\Lib\json\__init__.py", line 346, in loads
    return _default_decoder.decode(s)
           ^^^^^^^^^^^^^^^^^^^^^^^^^^
  File "C:\Users\saiem\AppData\Local\Programs\Python\Python311\Lib\json\decoder.py", line 337, in decode
    obj, end = self.raw_decode(s, idx=_w(s, 0).end())
               ^^^^^^^^^^^^^^^^^^^^^^^^^^^^^^^^^^^^^^
  File "C:\Users\saiem\AppData\Local\Programs\Python\Python311\Lib\json\decoder.py", line 355, in raw_decode
    raise JSONDecodeError("Expecting value", s, err.value) from None
json.decoder.JSONDecodeError: Expecting value: line 1 column 1 (char 0)

During handling of the above exception, another exception occurred:

Traceback (most recent call last):
  File "C:\Users\saiem\Documents\GitHub-Data\sdv-dev\cfbfastR-dev\cfbfastR-cfb-raw\python\_cfb_raw_utils.py", line 93, in _safe
    return fn(*args, **kwargs)
           ^^^^^^^^^^^^^^^^^^^
  File "C:\Users\saiem\Documents\GitHub-Data\sdv-dev\cfbfastR-dev\cfbfastR-cfb-raw\python\scrape_cfb_json.py", line 31, in _rosters
    return sdv.cfb.espn_cfb_game_rosters(game_id=gid, return_as_pandas=True).to_dict("records")
           ^^^^^^^^^^^^^^^^^^^^^^^^^^^^^^^^^^^^^^^^^^^^^^^^^^^^^^^^^^^^^^^^^
  File "C:\Users\saiem\Documents\GitHub-Data\sdv-dev\cfbfastR-dev\cfbfastR-cfb-raw\.venv\Lib\site-packages\sportsdataverse\cfb\cfb_game_rosters.py", line 64, in espn_cfb_game_rosters
    summary = summary_resp.json()
              ^^^^^^^^^^^^^^^^^^^
  File "C:\Users\saiem\Documents\GitHub-Data\sdv-dev\cfbfastR-dev\cfbfastR-cfb-raw\.venv\Lib\site-packages\requests\models.py", line 1120, in json
    raise RequestsJSONDecodeError(e.msg, e.doc, e.pos)
requests.exceptions.JSONDecodeError: Expecting value: line 1 column 1 (char 0)
2026-06-13 19:43:59,492 ERROR extra fetch failed: _rosters(312810158,)
Traceback (most recent call last):
  File "C:\Users\saiem\Documents\GitHub-Data\sdv-dev\cfbfastR-dev\cfbfastR-cfb-raw\.venv\Lib\site-packages\requests\models.py", line 1116, in json
    return complexjson.loads(self.text, **kwargs)
           ^^^^^^^^^^^^^^^^^^^^^^^^^^^^^^^^^^^^^^
  File "C:\Users\saiem\AppData\Local\Programs\Python\Python311\Lib\json\__init__.py", line 346, in loads
    return _default_decoder.decode(s)
           ^^^^^^^^^^^^^^^^^^^^^^^^^^
  File "C:\Users\saiem\AppData\Local\Programs\Python\Python311\Lib\json\decoder.py", line 337, in decode
    obj, end = self.raw_decode(s, idx=_w(s, 0).end())
               ^^^^^^^^^^^^^^^^^^^^^^^^^^^^^^^^^^^^^^
  File "C:\Users\saiem\AppData\Local\Programs\Python\Python311\Lib\json\decoder.py", line 355, in raw_decode
    raise JSONDecodeError("Expecting value", s, err.value) from None
json.decoder.JSONDecodeError: Expecting value: line 1 column 1 (char 0)

During handling of the above exception, another exception occurred:

Traceback (most recent call last):
  File "C:\Users\saiem\Documents\GitHub-Data\sdv-dev\cfbfastR-dev\cfbfastR-cfb-raw\python\_cfb_raw_utils.py", line 93, in _safe
    return fn(*args, **kwargs)
           ^^^^^^^^^^^^^^^^^^^
  File "C:\Users\saiem\Documents\GitHub-Data\sdv-dev\cfbfastR-dev\cfbfastR-cfb-raw\python\scrape_cfb_json.py", line 31, in _rosters
    return sdv.cfb.espn_cfb_game_rosters(game_id=gid, return_as_pandas=True).to_dict("records")
           ^^^^^^^^^^^^^^^^^^^^^^^^^^^^^^^^^^^^^^^^^^^^^^^^^^^^^^^^^^^^^^^^^
  File "C:\Users\saiem\Documents\GitHub-Data\sdv-dev\cfbfastR-dev\cfbfastR-cfb-raw\.venv\Lib\site-packages\sportsdataverse\cfb\cfb_game_rosters.py", line 64, in espn_cfb_game_rosters
    summary = summary_resp.json()
              ^^^^^^^^^^^^^^^^^^^
  File "C:\Users\saiem\Documents\GitHub-Data\sdv-dev\cfbfastR-dev\cfbfastR-cfb-raw\.venv\Lib\site-packages\requests\models.py", line 1120, in json
    raise RequestsJSONDecodeError(e.msg, e.doc, e.pos)
requests.exceptions.JSONDecodeError: Expecting value: line 1 column 1 (char 0)
2026-06-13 19:43:59,536 ERROR extra fetch failed: _rosters(312810154,)
Traceback (most recent call last):
  File "C:\Users\saiem\Documents\GitHub-Data\sdv-dev\cfbfastR-dev\cfbfastR-cfb-raw\.venv\Lib\site-packages\requests\models.py", line 1116, in json
    return complexjson.loads(self.text, **kwargs)
           ^^^^^^^^^^^^^^^^^^^^^^^^^^^^^^^^^^^^^^
  File "C:\Users\saiem\AppData\Local\Programs\Python\Python311\Lib\json\__init__.py", line 346, in loads
    return _default_decoder.decode(s)
           ^^^^^^^^^^^^^^^^^^^^^^^^^^
  File "C:\Users\saiem\AppData\Local\Programs\Python\Python311\Lib\json\decoder.py", line 337, in decode
    obj, end = self.raw_decode(s, idx=_w(s, 0).end())
               ^^^^^^^^^^^^^^^^^^^^^^^^^^^^^^^^^^^^^^
  File "C:\Users\saiem\AppData\Local\Programs\Python\Python311\Lib\json\decoder.py", line 355, in raw_decode
    raise JSONDecodeError("Expecting value", s, err.value) from None
json.decoder.JSONDecodeError: Expecting value: line 1 column 1 (char 0)

During handling of the above exception, another exception occurred:

Traceback (most recent call last):
  File "C:\Users\saiem\Documents\GitHub-Data\sdv-dev\cfbfastR-dev\cfbfastR-cfb-raw\python\_cfb_raw_utils.py", line 93, in _safe
    return fn(*args, **kwargs)
           ^^^^^^^^^^^^^^^^^^^
  File "C:\Users\saiem\Documents\GitHub-Data\sdv-dev\cfbfastR-dev\cfbfastR-cfb-raw\python\scrape_cfb_json.py", line 31, in _rosters
    return sdv.cfb.espn_cfb_game_rosters(game_id=gid, return_as_pandas=True).to_dict("records")
           ^^^^^^^^^^^^^^^^^^^^^^^^^^^^^^^^^^^^^^^^^^^^^^^^^^^^^^^^^^^^^^^^^
  File "C:\Users\saiem\Documents\GitHub-Data\sdv-dev\cfbfastR-dev\cfbfastR-cfb-raw\.venv\Lib\site-packages\sportsdataverse\cfb\cfb_game_rosters.py", line 64, in espn_cfb_game_rosters
    summary = summary_resp.json()
              ^^^^^^^^^^^^^^^^^^^
  File "C:\Users\saiem\Documents\GitHub-Data\sdv-dev\cfbfastR-dev\cfbfastR-cfb-raw\.venv\Lib\site-packages\requests\models.py", line 1120, in json
    raise RequestsJSONDecodeError(e.msg, e.doc, e.pos)
requests.exceptions.JSONDecodeError: Expecting value: line 1 column 1 (char 0)
2026-06-13 19:43:59,566 ERROR extra fetch failed: _participants(312812509,)
Traceback (most recent call last):
  File "C:\Users\saiem\Documents\GitHub-Data\sdv-dev\cfbfastR-dev\cfbfastR-cfb-raw\.venv\Lib\site-packages\requests\models.py", line 1116, in json
    return complexjson.loads(self.text, **kwargs)
           ^^^^^^^^^^^^^^^^^^^^^^^^^^^^^^^^^^^^^^
  File "C:\Users\saiem\AppData\Local\Programs\Python\Python311\Lib\json\__init__.py", line 346, in loads
    return _default_decoder.decode(s)
           ^^^^^^^^^^^^^^^^^^^^^^^^^^
  File "C:\Users\saiem\AppData\Local\Programs\Python\Python311\Lib\json\decoder.py", line 337, in decode
    obj, end = self.raw_decode(s, idx=_w(s, 0).end())
               ^^^^^^^^^^^^^^^^^^^^^^^^^^^^^^^^^^^^^^
  File "C:\Users\saiem\AppData\Local\Programs\Python\Python311\Lib\json\decoder.py", line 355, in raw_decode
    raise JSONDecodeError("Expecting value", s, err.value) from None
json.decoder.JSONDecodeError: Expecting value: line 1 column 1 (char 0)

During handling of the above exception, another exception occurred:

Traceback (most recent call last):
  File "C:\Users\saiem\Documents\GitHub-Data\sdv-dev\cfbfastR-dev\cfbfastR-cfb-raw\python\_cfb_raw_utils.py", line 93, in _safe
    return fn(*args, **kwargs)
           ^^^^^^^^^^^^^^^^^^^
  File "C:\Users\saiem\Documents\GitHub-Data\sdv-dev\cfbfastR-dev\cfbfastR-cfb-raw\python\scrape_cfb_json.py", line 27, in _participants
    return sdv.cfb.espn_cfb_play_participants(game_id=gid, return_as_pandas=True).to_dict("records")
           ^^^^^^^^^^^^^^^^^^^^^^^^^^^^^^^^^^^^^^^^^^^^^^^^^^^^^^^^^^^^^^^^^^^^^^
  File "C:\Users\saiem\Documents\GitHub-Data\sdv-dev\cfbfastR-dev\cfbfastR-cfb-raw\.venv\Lib\site-packages\sportsdataverse\cfb\cfb_play_participants.py", line 184, in espn_cfb_play_participants
    plays_raw = _download_plays(game_id, **kwargs)
                ^^^^^^^^^^^^^^^^^^^^^^^^^^^^^^^^^^
  File "C:\Users\saiem\Documents\GitHub-Data\sdv-dev\cfbfastR-dev\cfbfastR-cfb-raw\.venv\Lib\site-packages\sportsdataverse\cfb\cfb_play_participants.py", line 215, in _download_plays
    body = resp.json()
           ^^^^^^^^^^^
  File "C:\Users\saiem\Documents\GitHub-Data\sdv-dev\cfbfastR-dev\cfbfastR-cfb-raw\.venv\Lib\site-packages\requests\models.py", line 1120, in json
    raise RequestsJSONDecodeError(e.msg, e.doc, e.pos)
requests.exceptions.JSONDecodeError: Expecting value: line 1 column 1 (char 0)
2026-06-13 19:43:59,585 ERROR extra fetch failed: _rosters(312810024,)
Traceback (most recent call last):
  File "C:\Users\saiem\Documents\GitHub-Data\sdv-dev\cfbfastR-dev\cfbfastR-cfb-raw\.venv\Lib\site-packages\requests\models.py", line 1116, in json
    return complexjson.loads(self.text, **kwargs)
           ^^^^^^^^^^^^^^^^^^^^^^^^^^^^^^^^^^^^^^
  File "C:\Users\saiem\AppData\Local\Programs\Python\Python311\Lib\json\__init__.py", line 346, in loads
    return _default_decoder.decode(s)
           ^^^^^^^^^^^^^^^^^^^^^^^^^^
  File "C:\Users\saiem\AppData\Local\Programs\Python\Python311\Lib\json\decoder.py", line 337, in decode
    obj, end = self.raw_decode(s, idx=_w(s, 0).end())
               ^^^^^^^^^^^^^^^^^^^^^^^^^^^^^^^^^^^^^^
  File "C:\Users\saiem\AppData\Local\Programs\Python\Python311\Lib\json\decoder.py", line 355, in raw_decode
    raise JSONDecodeError("Expecting value", s, err.value) from None
json.decoder.JSONDecodeError: Expecting value: line 1 column 1 (char 0)

During handling of the above exception, another exception occurred:

Traceback (most recent call last):
  File "C:\Users\saiem\Documents\GitHub-Data\sdv-dev\cfbfastR-dev\cfbfastR-cfb-raw\python\_cfb_raw_utils.py", line 93, in _safe
    return fn(*args, **kwargs)
           ^^^^^^^^^^^^^^^^^^^
  File "C:\Users\saiem\Documents\GitHub-Data\sdv-dev\cfbfastR-dev\cfbfastR-cfb-raw\python\scrape_cfb_json.py", line 31, in _rosters
    return sdv.cfb.espn_cfb_game_rosters(game_id=gid, return_as_pandas=True).to_dict("records")
           ^^^^^^^^^^^^^^^^^^^^^^^^^^^^^^^^^^^^^^^^^^^^^^^^^^^^^^^^^^^^^^^^^
  File "C:\Users\saiem\Documents\GitHub-Data\sdv-dev\cfbfastR-dev\cfbfastR-cfb-raw\.venv\Lib\site-packages\sportsdataverse\cfb\cfb_game_rosters.py", line 64, in espn_cfb_game_rosters
    summary = summary_resp.json()
              ^^^^^^^^^^^^^^^^^^^
  File "C:\Users\saiem\Documents\GitHub-Data\sdv-dev\cfbfastR-dev\cfbfastR-cfb-raw\.venv\Lib\site-packages\requests\models.py", line 1120, in json
    raise RequestsJSONDecodeError(e.msg, e.doc, e.pos)
requests.exceptions.JSONDecodeError: Expecting value: line 1 column 1 (char 0)
2026-06-13 19:43:59,685 ERROR extra fetch failed: _rosters(312810239,)
Traceback (most recent call last):
  File "C:\Users\saiem\Documents\GitHub-Data\sdv-dev\cfbfastR-dev\cfbfastR-cfb-raw\.venv\Lib\site-packages\requests\models.py", line 1116, in json
    return complexjson.loads(self.text, **kwargs)
           ^^^^^^^^^^^^^^^^^^^^^^^^^^^^^^^^^^^^^^
  File "C:\Users\saiem\AppData\Local\Programs\Python\Python311\Lib\json\__init__.py", line 346, in loads
    return _default_decoder.decode(s)
           ^^^^^^^^^^^^^^^^^^^^^^^^^^
  File "C:\Users\saiem\AppData\Local\Programs\Python\Python311\Lib\json\decoder.py", line 337, in decode
    obj, end = self.raw_decode(s, idx=_w(s, 0).end())
               ^^^^^^^^^^^^^^^^^^^^^^^^^^^^^^^^^^^^^^
  File "C:\Users\saiem\AppData\Local\Programs\Python\Python311\Lib\json\decoder.py", line 355, in raw_decode
    raise JSONDecodeError("Expecting value", s, err.value) from None
json.decoder.JSONDecodeError: Expecting value: line 1 column 1 (char 0)

During handling of the above exception, another exception occurred:

Traceback (most recent call last):
  File "C:\Users\saiem\Documents\GitHub-Data\sdv-dev\cfbfastR-dev\cfbfastR-cfb-raw\python\_cfb_raw_utils.py", line 93, in _safe
    return fn(*args, **kwargs)
           ^^^^^^^^^^^^^^^^^^^
  File "C:\Users\saiem\Documents\GitHub-Data\sdv-dev\cfbfastR-dev\cfbfastR-cfb-raw\python\scrape_cfb_json.py", line 31, in _rosters
    return sdv.cfb.espn_cfb_game_rosters(game_id=gid, return_as_pandas=True).to_dict("records")
           ^^^^^^^^^^^^^^^^^^^^^^^^^^^^^^^^^^^^^^^^^^^^^^^^^^^^^^^^^^^^^^^^^
  File "C:\Users\saiem\Documents\GitHub-Data\sdv-dev\cfbfastR-dev\cfbfastR-cfb-raw\.venv\Lib\site-packages\sportsdataverse\cfb\cfb_game_rosters.py", line 64, in espn_cfb_game_rosters
    summary = summary_resp.json()
              ^^^^^^^^^^^^^^^^^^^
  File "C:\Users\saiem\Documents\GitHub-Data\sdv-dev\cfbfastR-dev\cfbfastR-cfb-raw\.venv\Lib\site-packages\requests\models.py", line 1120, in json
    raise RequestsJSONDecodeError(e.msg, e.doc, e.pos)
requests.exceptions.JSONDecodeError: Expecting value: line 1 column 1 (char 0)
2026-06-13 19:43:59,723 ERROR extra fetch failed: _rosters(312810005,)
Traceback (most recent call last):
  File "C:\Users\saiem\Documents\GitHub-Data\sdv-dev\cfbfastR-dev\cfbfastR-cfb-raw\.venv\Lib\site-packages\requests\models.py", line 1116, in json
    return complexjson.loads(self.text, **kwargs)
           ^^^^^^^^^^^^^^^^^^^^^^^^^^^^^^^^^^^^^^
  File "C:\Users\saiem\AppData\Local\Programs\Python\Python311\Lib\json\__init__.py", line 346, in loads
    return _default_decoder.decode(s)
           ^^^^^^^^^^^^^^^^^^^^^^^^^^
  File "C:\Users\saiem\AppData\Local\Programs\Python\Python311\Lib\json\decoder.py", line 337, in decode
    obj, end = self.raw_decode(s, idx=_w(s, 0).end())
               ^^^^^^^^^^^^^^^^^^^^^^^^^^^^^^^^^^^^^^
  File "C:\Users\saiem\AppData\Local\Programs\Python\Python311\Lib\json\decoder.py", line 355, in raw_decode
    raise JSONDecodeError("Expecting value", s, err.value) from None
json.decoder.JSONDecodeError: Expecting value: line 1 column 1 (char 0)

During handling of the above exception, another exception occurred:

Traceback (most recent call last):
  File "C:\Users\saiem\Documents\GitHub-Data\sdv-dev\cfbfastR-dev\cfbfastR-cfb-raw\python\_cfb_raw_utils.py", line 93, in _safe
    return fn(*args, **kwargs)
           ^^^^^^^^^^^^^^^^^^^
  File "C:\Users\saiem\Documents\GitHub-Data\sdv-dev\cfbfastR-dev\cfbfastR-cfb-raw\python\scrape_cfb_json.py", line 31, in _rosters
    return sdv.cfb.espn_cfb_game_rosters(game_id=gid, return_as_pandas=True).to_dict("records")
           ^^^^^^^^^^^^^^^^^^^^^^^^^^^^^^^^^^^^^^^^^^^^^^^^^^^^^^^^^^^^^^^^^
  File "C:\Users\saiem\Documents\GitHub-Data\sdv-dev\cfbfastR-dev\cfbfastR-cfb-raw\.venv\Lib\site-packages\sportsdataverse\cfb\cfb_game_rosters.py", line 64, in espn_cfb_game_rosters
    summary = summary_resp.json()
              ^^^^^^^^^^^^^^^^^^^
  File "C:\Users\saiem\Documents\GitHub-Data\sdv-dev\cfbfastR-dev\cfbfastR-cfb-raw\.venv\Lib\site-packages\requests\models.py", line 1120, in json
    raise RequestsJSONDecodeError(e.msg, e.doc, e.pos)
requests.exceptions.JSONDecodeError: Expecting value: line 1 column 1 (char 0)
2026-06-13 19:43:59,747 ERROR extra fetch failed: _rosters(312812641,)
Traceback (most recent call last):
  File "C:\Users\saiem\Documents\GitHub-Data\sdv-dev\cfbfastR-dev\cfbfastR-cfb-raw\.venv\Lib\site-packages\requests\models.py", line 1116, in json
    return complexjson.loads(self.text, **kwargs)
           ^^^^^^^^^^^^^^^^^^^^^^^^^^^^^^^^^^^^^^
  File "C:\Users\saiem\AppData\Local\Programs\Python\Python311\Lib\json\__init__.py", line 346, in loads
    return _default_decoder.decode(s)
           ^^^^^^^^^^^^^^^^^^^^^^^^^^
  File "C:\Users\saiem\AppData\Local\Programs\Python\Python311\Lib\json\decoder.py", line 337, in decode
    obj, end = self.raw_decode(s, idx=_w(s, 0).end())
               ^^^^^^^^^^^^^^^^^^^^^^^^^^^^^^^^^^^^^^
  File "C:\Users\saiem\AppData\Local\Programs\Python\Python311\Lib\json\decoder.py", line 355, in raw_decode
    raise JSONDecodeError("Expecting value", s, err.value) from None
json.decoder.JSONDecodeError: Expecting value: line 1 column 1 (char 0)

During handling of the above exception, another exception occurred:

Traceback (most recent call last):
  File "C:\Users\saiem\Documents\GitHub-Data\sdv-dev\cfbfastR-dev\cfbfastR-cfb-raw\python\_cfb_raw_utils.py", line 93, in _safe
    return fn(*args, **kwargs)
           ^^^^^^^^^^^^^^^^^^^
  File "C:\Users\saiem\Documents\GitHub-Data\sdv-dev\cfbfastR-dev\cfbfastR-cfb-raw\python\scrape_cfb_json.py", line 31, in _rosters
    return sdv.cfb.espn_cfb_game_rosters(game_id=gid, return_as_pandas=True).to_dict("records")
           ^^^^^^^^^^^^^^^^^^^^^^^^^^^^^^^^^^^^^^^^^^^^^^^^^^^^^^^^^^^^^^^^^
  File "C:\Users\saiem\Documents\GitHub-Data\sdv-dev\cfbfastR-dev\cfbfastR-cfb-raw\.venv\Lib\site-packages\sportsdataverse\cfb\cfb_game_rosters.py", line 64, in espn_cfb_game_rosters
    summary = summary_resp.json()
              ^^^^^^^^^^^^^^^^^^^
  File "C:\Users\saiem\Documents\GitHub-Data\sdv-dev\cfbfastR-dev\cfbfastR-cfb-raw\.venv\Lib\site-packages\requests\models.py", line 1120, in json
    raise RequestsJSONDecodeError(e.msg, e.doc, e.pos)
requests.exceptions.JSONDecodeError: Expecting value: line 1 column 1 (char 0)
2026-06-13 19:43:59,777 ERROR extra fetch failed: _rosters(312812306,)
Traceback (most recent call last):
  File "C:\Users\saiem\Documents\GitHub-Data\sdv-dev\cfbfastR-dev\cfbfastR-cfb-raw\.venv\Lib\site-packages\requests\models.py", line 1116, in json
    return complexjson.loads(self.text, **kwargs)
           ^^^^^^^^^^^^^^^^^^^^^^^^^^^^^^^^^^^^^^
  File "C:\Users\saiem\AppData\Local\Programs\Python\Python311\Lib\json\__init__.py", line 346, in loads
    return _default_decoder.decode(s)
           ^^^^^^^^^^^^^^^^^^^^^^^^^^
  File "C:\Users\saiem\AppData\Local\Programs\Python\Python311\Lib\json\decoder.py", line 337, in decode
    obj, end = self.raw_decode(s, idx=_w(s, 0).end())
               ^^^^^^^^^^^^^^^^^^^^^^^^^^^^^^^^^^^^^^
  File "C:\Users\saiem\AppData\Local\Programs\Python\Python311\Lib\json\decoder.py", line 355, in raw_decode
    raise JSONDecodeError("Expecting value", s, err.value) from None
json.decoder.JSONDecodeError: Expecting value: line 1 column 1 (char 0)

During handling of the above exception, another exception occurred:

Traceback (most recent call last):
  File "C:\Users\saiem\Documents\GitHub-Data\sdv-dev\cfbfastR-dev\cfbfastR-cfb-raw\python\_cfb_raw_utils.py", line 93, in _safe
    return fn(*args, **kwargs)
           ^^^^^^^^^^^^^^^^^^^
  File "C:\Users\saiem\Documents\GitHub-Data\sdv-dev\cfbfastR-dev\cfbfastR-cfb-raw\python\scrape_cfb_json.py", line 31, in _rosters
    return sdv.cfb.espn_cfb_game_rosters(game_id=gid, return_as_pandas=True).to_dict("records")
           ^^^^^^^^^^^^^^^^^^^^^^^^^^^^^^^^^^^^^^^^^^^^^^^^^^^^^^^^^^^^^^^^^
  File "C:\Users\saiem\Documents\GitHub-Data\sdv-dev\cfbfastR-dev\cfbfastR-cfb-raw\.venv\Lib\site-packages\sportsdataverse\cfb\cfb_game_rosters.py", line 64, in espn_cfb_game_rosters
    summary = summary_resp.json()
              ^^^^^^^^^^^^^^^^^^^
  File "C:\Users\saiem\Documents\GitHub-Data\sdv-dev\cfbfastR-dev\cfbfastR-cfb-raw\.venv\Lib\site-packages\requests\models.py", line 1120, in json
    raise RequestsJSONDecodeError(e.msg, e.doc, e.pos)
requests.exceptions.JSONDecodeError: Expecting value: line 1 column 1 (char 0)
2026-06-13 19:43:59,777 ERROR extra fetch failed: _rosters(312812579,)
Traceback (most recent call last):
  File "C:\Users\saiem\Documents\GitHub-Data\sdv-dev\cfbfastR-dev\cfbfastR-cfb-raw\.venv\Lib\site-packages\requests\models.py", line 1116, in json
    return complexjson.loads(self.text, **kwargs)
           ^^^^^^^^^^^^^^^^^^^^^^^^^^^^^^^^^^^^^^
  File "C:\Users\saiem\AppData\Local\Programs\Python\Python311\Lib\json\__init__.py", line 346, in loads
    return _default_decoder.decode(s)
           ^^^^^^^^^^^^^^^^^^^^^^^^^^
  File "C:\Users\saiem\AppData\Local\Programs\Python\Python311\Lib\json\decoder.py", line 337, in decode
    obj, end = self.raw_decode(s, idx=_w(s, 0).end())
               ^^^^^^^^^^^^^^^^^^^^^^^^^^^^^^^^^^^^^^
  File "C:\Users\saiem\AppData\Local\Programs\Python\Python311\Lib\json\decoder.py", line 355, in raw_decode
    raise JSONDecodeError("Expecting value", s, err.value) from None
json.decoder.JSONDecodeError: Expecting value: line 1 column 1 (char 0)

During handling of the above exception, another exception occurred:

Traceback (most recent call last):
  File "C:\Users\saiem\Documents\GitHub-Data\sdv-dev\cfbfastR-dev\cfbfastR-cfb-raw\python\_cfb_raw_utils.py", line 93, in _safe
    return fn(*args, **kwargs)
           ^^^^^^^^^^^^^^^^^^^
  File "C:\Users\saiem\Documents\GitHub-Data\sdv-dev\cfbfastR-dev\cfbfastR-cfb-raw\python\scrape_cfb_json.py", line 31, in _rosters
    return sdv.cfb.espn_cfb_game_rosters(game_id=gid, return_as_pandas=True).to_dict("records")
           ^^^^^^^^^^^^^^^^^^^^^^^^^^^^^^^^^^^^^^^^^^^^^^^^^^^^^^^^^^^^^^^^^
  File "C:\Users\saiem\Documents\GitHub-Data\sdv-dev\cfbfastR-dev\cfbfastR-cfb-raw\.venv\Lib\site-packages\sportsdataverse\cfb\cfb_game_rosters.py", line 64, in espn_cfb_game_rosters
    summary = summary_resp.json()
              ^^^^^^^^^^^^^^^^^^^
  File "C:\Users\saiem\Documents\GitHub-Data\sdv-dev\cfbfastR-dev\cfbfastR-cfb-raw\.venv\Lib\site-packages\requests\models.py", line 1120, in json
    raise RequestsJSONDecodeError(e.msg, e.doc, e.pos)
requests.exceptions.JSONDecodeError: Expecting value: line 1 column 1 (char 0)
2026-06-13 19:44:00,171 ERROR extra fetch failed: _participants(312810242,)
Traceback (most recent call last):
  File "C:\Users\saiem\Documents\GitHub-Data\sdv-dev\cfbfastR-dev\cfbfastR-cfb-raw\.venv\Lib\site-packages\requests\models.py", line 1116, in json
    return complexjson.loads(self.text, **kwargs)
           ^^^^^^^^^^^^^^^^^^^^^^^^^^^^^^^^^^^^^^
  File "C:\Users\saiem\AppData\Local\Programs\Python\Python311\Lib\json\__init__.py", line 346, in loads
    return _default_decoder.decode(s)
           ^^^^^^^^^^^^^^^^^^^^^^^^^^
  File "C:\Users\saiem\AppData\Local\Programs\Python\Python311\Lib\json\decoder.py", line 337, in decode
    obj, end = self.raw_decode(s, idx=_w(s, 0).end())
               ^^^^^^^^^^^^^^^^^^^^^^^^^^^^^^^^^^^^^^
  File "C:\Users\saiem\AppData\Local\Programs\Python\Python311\Lib\json\decoder.py", line 355, in raw_decode
    raise JSONDecodeError("Expecting value", s, err.value) from None
json.decoder.JSONDecodeError: Expecting value: line 1 column 1 (char 0)

During handling of the above exception, another exception occurred:

Traceback (most recent call last):
  File "C:\Users\saiem\Documents\GitHub-Data\sdv-dev\cfbfastR-dev\cfbfastR-cfb-raw\python\_cfb_raw_utils.py", line 93, in _safe
    return fn(*args, **kwargs)
           ^^^^^^^^^^^^^^^^^^^
  File "C:\Users\saiem\Documents\GitHub-Data\sdv-dev\cfbfastR-dev\cfbfastR-cfb-raw\python\scrape_cfb_json.py", line 27, in _participants
    return sdv.cfb.espn_cfb_play_participants(game_id=gid, return_as_pandas=True).to_dict("records")
           ^^^^^^^^^^^^^^^^^^^^^^^^^^^^^^^^^^^^^^^^^^^^^^^^^^^^^^^^^^^^^^^^^^^^^^
  File "C:\Users\saiem\Documents\GitHub-Data\sdv-dev\cfbfastR-dev\cfbfastR-cfb-raw\.venv\Lib\site-packages\sportsdataverse\cfb\cfb_play_participants.py", line 184, in espn_cfb_play_participants
    plays_raw = _download_plays(game_id, **kwargs)
                ^^^^^^^^^^^^^^^^^^^^^^^^^^^^^^^^^^
  File "C:\Users\saiem\Documents\GitHub-Data\sdv-dev\cfbfastR-dev\cfbfastR-cfb-raw\.venv\Lib\site-packages\sportsdataverse\cfb\cfb_play_participants.py", line 215, in _download_plays
    body = resp.json()
           ^^^^^^^^^^^
  File "C:\Users\saiem\Documents\GitHub-Data\sdv-dev\cfbfastR-dev\cfbfastR-cfb-raw\.venv\Lib\site-packages\requests\models.py", line 1120, in json
    raise RequestsJSONDecodeError(e.msg, e.doc, e.pos)
requests.exceptions.JSONDecodeError: Expecting value: line 1 column 1 (char 0)
2026-06-13 19:44:00,213 ERROR extra fetch failed: _rosters(312810153,)
Traceback (most recent call last):
  File "C:\Users\saiem\Documents\GitHub-Data\sdv-dev\cfbfastR-dev\cfbfastR-cfb-raw\.venv\Lib\site-packages\requests\models.py", line 1116, in json
    return complexjson.loads(self.text, **kwargs)
           ^^^^^^^^^^^^^^^^^^^^^^^^^^^^^^^^^^^^^^
  File "C:\Users\saiem\AppData\Local\Programs\Python\Python311\Lib\json\__init__.py", line 346, in loads
    return _default_decoder.decode(s)
           ^^^^^^^^^^^^^^^^^^^^^^^^^^
  File "C:\Users\saiem\AppData\Local\Programs\Python\Python311\Lib\json\decoder.py", line 337, in decode
    obj, end = self.raw_decode(s, idx=_w(s, 0).end())
               ^^^^^^^^^^^^^^^^^^^^^^^^^^^^^^^^^^^^^^
  File "C:\Users\saiem\AppData\Local\Programs\Python\Python311\Lib\json\decoder.py", line 355, in raw_decode
    raise JSONDecodeError("Expecting value", s, err.value) from None
json.decoder.JSONDecodeError: Expecting value: line 1 column 1 (char 0)

During handling of the above exception, another exception occurred:

Traceback (most recent call last):
  File "C:\Users\saiem\Documents\GitHub-Data\sdv-dev\cfbfastR-dev\cfbfastR-cfb-raw\python\_cfb_raw_utils.py", line 93, in _safe
    return fn(*args, **kwargs)
           ^^^^^^^^^^^^^^^^^^^
  File "C:\Users\saiem\Documents\GitHub-Data\sdv-dev\cfbfastR-dev\cfbfastR-cfb-raw\python\scrape_cfb_json.py", line 31, in _rosters
    return sdv.cfb.espn_cfb_game_rosters(game_id=gid, return_as_pandas=True).to_dict("records")
           ^^^^^^^^^^^^^^^^^^^^^^^^^^^^^^^^^^^^^^^^^^^^^^^^^^^^^^^^^^^^^^^^^
  File "C:\Users\saiem\Documents\GitHub-Data\sdv-dev\cfbfastR-dev\cfbfastR-cfb-raw\.venv\Lib\site-packages\sportsdataverse\cfb\cfb_game_rosters.py", line 64, in espn_cfb_game_rosters
    summary = summary_resp.json()
              ^^^^^^^^^^^^^^^^^^^
  File "C:\Users\saiem\Documents\GitHub-Data\sdv-dev\cfbfastR-dev\cfbfastR-cfb-raw\.venv\Lib\site-packages\requests\models.py", line 1120, in json
    raise RequestsJSONDecodeError(e.msg, e.doc, e.pos)
requests.exceptions.JSONDecodeError: Expecting value: line 1 column 1 (char 0)
2026-06-13 19:44:00,477 ERROR extra fetch failed: _rosters(312812509,)
Traceback (most recent call last):
  File "C:\Users\saiem\Documents\GitHub-Data\sdv-dev\cfbfastR-dev\cfbfastR-cfb-raw\.venv\Lib\site-packages\requests\models.py", line 1116, in json
    return complexjson.loads(self.text, **kwargs)
           ^^^^^^^^^^^^^^^^^^^^^^^^^^^^^^^^^^^^^^
  File "C:\Users\saiem\AppData\Local\Programs\Python\Python311\Lib\json\__init__.py", line 346, in loads
    return _default_decoder.decode(s)
           ^^^^^^^^^^^^^^^^^^^^^^^^^^
  File "C:\Users\saiem\AppData\Local\Programs\Python\Python311\Lib\json\decoder.py", line 337, in decode
    obj, end = self.raw_decode(s, idx=_w(s, 0).end())
               ^^^^^^^^^^^^^^^^^^^^^^^^^^^^^^^^^^^^^^
  File "C:\Users\saiem\AppData\Local\Programs\Python\Python311\Lib\json\decoder.py", line 355, in raw_decode
    raise JSONDecodeError("Expecting value", s, err.value) from None
json.decoder.JSONDecodeError: Expecting value: line 1 column 1 (char 0)

During handling of the above exception, another exception occurred:

Traceback (most recent call last):
  File "C:\Users\saiem\Documents\GitHub-Data\sdv-dev\cfbfastR-dev\cfbfastR-cfb-raw\python\_cfb_raw_utils.py", line 93, in _safe
    return fn(*args, **kwargs)
           ^^^^^^^^^^^^^^^^^^^
  File "C:\Users\saiem\Documents\GitHub-Data\sdv-dev\cfbfastR-dev\cfbfastR-cfb-raw\python\scrape_cfb_json.py", line 31, in _rosters
    return sdv.cfb.espn_cfb_game_rosters(game_id=gid, return_as_pandas=True).to_dict("records")
           ^^^^^^^^^^^^^^^^^^^^^^^^^^^^^^^^^^^^^^^^^^^^^^^^^^^^^^^^^^^^^^^^^
  File "C:\Users\saiem\Documents\GitHub-Data\sdv-dev\cfbfastR-dev\cfbfastR-cfb-raw\.venv\Lib\site-packages\sportsdataverse\cfb\cfb_game_rosters.py", line 64, in espn_cfb_game_rosters
    summary = summary_resp.json()
              ^^^^^^^^^^^^^^^^^^^
  File "C:\Users\saiem\Documents\GitHub-Data\sdv-dev\cfbfastR-dev\cfbfastR-cfb-raw\.venv\Lib\site-packages\requests\models.py", line 1120, in json
    raise RequestsJSONDecodeError(e.msg, e.doc, e.pos)
requests.exceptions.JSONDecodeError: Expecting value: line 1 column 1 (char 0)
2026-06-13 19:44:01,401 ERROR extra fetch failed: _rosters(312810242,)
Traceback (most recent call last):
  File "C:\Users\saiem\Documents\GitHub-Data\sdv-dev\cfbfastR-dev\cfbfastR-cfb-raw\.venv\Lib\site-packages\requests\models.py", line 1116, in json
    return complexjson.loads(self.text, **kwargs)
           ^^^^^^^^^^^^^^^^^^^^^^^^^^^^^^^^^^^^^^
  File "C:\Users\saiem\AppData\Local\Programs\Python\Python311\Lib\json\__init__.py", line 346, in loads
    return _default_decoder.decode(s)
           ^^^^^^^^^^^^^^^^^^^^^^^^^^
  File "C:\Users\saiem\AppData\Local\Programs\Python\Python311\Lib\json\decoder.py", line 337, in decode
    obj, end = self.raw_decode(s, idx=_w(s, 0).end())
               ^^^^^^^^^^^^^^^^^^^^^^^^^^^^^^^^^^^^^^
  File "C:\Users\saiem\AppData\Local\Programs\Python\Python311\Lib\json\decoder.py", line 355, in raw_decode
    raise JSONDecodeError("Expecting value", s, err.value) from None
json.decoder.JSONDecodeError: Expecting value: line 1 column 1 (char 0)

During handling of the above exception, another exception occurred:

Traceback (most recent call last):
  File "C:\Users\saiem\Documents\GitHub-Data\sdv-dev\cfbfastR-dev\cfbfastR-cfb-raw\python\_cfb_raw_utils.py", line 93, in _safe
    return fn(*args, **kwargs)
           ^^^^^^^^^^^^^^^^^^^
  File "C:\Users\saiem\Documents\GitHub-Data\sdv-dev\cfbfastR-dev\cfbfastR-cfb-raw\python\scrape_cfb_json.py", line 31, in _rosters
    return sdv.cfb.espn_cfb_game_rosters(game_id=gid, return_as_pandas=True).to_dict("records")
           ^^^^^^^^^^^^^^^^^^^^^^^^^^^^^^^^^^^^^^^^^^^^^^^^^^^^^^^^^^^^^^^^^
  File "C:\Users\saiem\Documents\GitHub-Data\sdv-dev\cfbfastR-dev\cfbfastR-cfb-raw\.venv\Lib\site-packages\sportsdataverse\cfb\cfb_game_rosters.py", line 64, in espn_cfb_game_rosters
    summary = summary_resp.json()
              ^^^^^^^^^^^^^^^^^^^
  File "C:\Users\saiem\Documents\GitHub-Data\sdv-dev\cfbfastR-dev\cfbfastR-cfb-raw\.venv\Lib\site-packages\requests\models.py", line 1120, in json
    raise RequestsJSONDecodeError(e.msg, e.doc, e.pos)
requests.exceptions.JSONDecodeError: Expecting value: line 1 column 1 (char 0)
2026-06-13 19:44:02,453 ERROR extra fetch failed: _participants(312810193,)
Traceback (most recent call last):
  File "C:\Users\saiem\Documents\GitHub-Data\sdv-dev\cfbfastR-dev\cfbfastR-cfb-raw\.venv\Lib\site-packages\requests\models.py", line 1116, in json
    return complexjson.loads(self.text, **kwargs)
           ^^^^^^^^^^^^^^^^^^^^^^^^^^^^^^^^^^^^^^
  File "C:\Users\saiem\AppData\Local\Programs\Python\Python311\Lib\json\__init__.py", line 346, in loads
    return _default_decoder.decode(s)
           ^^^^^^^^^^^^^^^^^^^^^^^^^^
  File "C:\Users\saiem\AppData\Local\Programs\Python\Python311\Lib\json\decoder.py", line 337, in decode
    obj, end = self.raw_decode(s, idx=_w(s, 0).end())
               ^^^^^^^^^^^^^^^^^^^^^^^^^^^^^^^^^^^^^^
  File "C:\Users\saiem\AppData\Local\Programs\Python\Python311\Lib\json\decoder.py", line 355, in raw_decode
    raise JSONDecodeError("Expecting value", s, err.value) from None
json.decoder.JSONDecodeError: Expecting value: line 1 column 1 (char 0)

During handling of the above exception, another exception occurred:

Traceback (most recent call last):
  File "C:\Users\saiem\Documents\GitHub-Data\sdv-dev\cfbfastR-dev\cfbfastR-cfb-raw\python\_cfb_raw_utils.py", line 93, in _safe
    return fn(*args, **kwargs)
           ^^^^^^^^^^^^^^^^^^^
  File "C:\Users\saiem\Documents\GitHub-Data\sdv-dev\cfbfastR-dev\cfbfastR-cfb-raw\python\scrape_cfb_json.py", line 27, in _participants
    return sdv.cfb.espn_cfb_play_participants(game_id=gid, return_as_pandas=True).to_dict("records")
           ^^^^^^^^^^^^^^^^^^^^^^^^^^^^^^^^^^^^^^^^^^^^^^^^^^^^^^^^^^^^^^^^^^^^^^
  File "C:\Users\saiem\Documents\GitHub-Data\sdv-dev\cfbfastR-dev\cfbfastR-cfb-raw\.venv\Lib\site-packages\sportsdataverse\cfb\cfb_play_participants.py", line 184, in espn_cfb_play_participants
    plays_raw = _download_plays(game_id, **kwargs)
                ^^^^^^^^^^^^^^^^^^^^^^^^^^^^^^^^^^
  File "C:\Users\saiem\Documents\GitHub-Data\sdv-dev\cfbfastR-dev\cfbfastR-cfb-raw\.venv\Lib\site-packages\sportsdataverse\cfb\cfb_play_participants.py", line 215, in _download_plays
    body = resp.json()
           ^^^^^^^^^^^
  File "C:\Users\saiem\Documents\GitHub-Data\sdv-dev\cfbfastR-dev\cfbfastR-cfb-raw\.venv\Lib\site-packages\requests\models.py", line 1120, in json
    raise RequestsJSONDecodeError(e.msg, e.doc, e.pos)
requests.exceptions.JSONDecodeError: Expecting value: line 1 column 1 (char 0)
2026-06-13 19:44:03,007 ERROR extra fetch failed: _rosters(312810193,)
Traceback (most recent call last):
  File "C:\Users\saiem\Documents\GitHub-Data\sdv-dev\cfbfastR-dev\cfbfastR-cfb-raw\.venv\Lib\site-packages\requests\models.py", line 1116, in json
    return complexjson.loads(self.text, **kwargs)
           ^^^^^^^^^^^^^^^^^^^^^^^^^^^^^^^^^^^^^^
  File "C:\Users\saiem\AppData\Local\Programs\Python\Python311\Lib\json\__init__.py", line 346, in loads
    return _default_decoder.decode(s)
           ^^^^^^^^^^^^^^^^^^^^^^^^^^
  File "C:\Users\saiem\AppData\Local\Programs\Python\Python311\Lib\json\decoder.py", line 337, in decode
    obj, end = self.raw_decode(s, idx=_w(s, 0).end())
               ^^^^^^^^^^^^^^^^^^^^^^^^^^^^^^^^^^^^^^
  File "C:\Users\saiem\AppData\Local\Programs\Python\Python311\Lib\json\decoder.py", line 355, in raw_decode
    raise JSONDecodeError("Expecting value", s, err.value) from None
json.decoder.JSONDecodeError: Expecting value: line 1 column 1 (char 0)

During handling of the above exception, another exception occurred:

Traceback (most recent call last):
  File "C:\Users\saiem\Documents\GitHub-Data\sdv-dev\cfbfastR-dev\cfbfastR-cfb-raw\python\_cfb_raw_utils.py", line 93, in _safe
    return fn(*args, **kwargs)
           ^^^^^^^^^^^^^^^^^^^
  File "C:\Users\saiem\Documents\GitHub-Data\sdv-dev\cfbfastR-dev\cfbfastR-cfb-raw\python\scrape_cfb_json.py", line 31, in _rosters
    return sdv.cfb.espn_cfb_game_rosters(game_id=gid, return_as_pandas=True).to_dict("records")
           ^^^^^^^^^^^^^^^^^^^^^^^^^^^^^^^^^^^^^^^^^^^^^^^^^^^^^^^^^^^^^^^^^
  File "C:\Users\saiem\Documents\GitHub-Data\sdv-dev\cfbfastR-dev\cfbfastR-cfb-raw\.venv\Lib\site-packages\sportsdataverse\cfb\cfb_game_rosters.py", line 64, in espn_cfb_game_rosters
    summary = summary_resp.json()
              ^^^^^^^^^^^^^^^^^^^
  File "C:\Users\saiem\Documents\GitHub-Data\sdv-dev\cfbfastR-dev\cfbfastR-cfb-raw\.venv\Lib\site-packages\requests\models.py", line 1120, in json
    raise RequestsJSONDecodeError(e.msg, e.doc, e.pos)
requests.exceptions.JSONDecodeError: Expecting value: line 1 column 1 (char 0)
2026-06-13 19:44:04,201 ERROR extra fetch failed: _participants(312812006,)
Traceback (most recent call last):
  File "C:\Users\saiem\Documents\GitHub-Data\sdv-dev\cfbfastR-dev\cfbfastR-cfb-raw\.venv\Lib\site-packages\requests\models.py", line 1116, in json
    return complexjson.loads(self.text, **kwargs)
           ^^^^^^^^^^^^^^^^^^^^^^^^^^^^^^^^^^^^^^
  File "C:\Users\saiem\AppData\Local\Programs\Python\Python311\Lib\json\__init__.py", line 346, in loads
    return _default_decoder.decode(s)
           ^^^^^^^^^^^^^^^^^^^^^^^^^^
  File "C:\Users\saiem\AppData\Local\Programs\Python\Python311\Lib\json\decoder.py", line 337, in decode
    obj, end = self.raw_decode(s, idx=_w(s, 0).end())
               ^^^^^^^^^^^^^^^^^^^^^^^^^^^^^^^^^^^^^^
  File "C:\Users\saiem\AppData\Local\Programs\Python\Python311\Lib\json\decoder.py", line 355, in raw_decode
    raise JSONDecodeError("Expecting value", s, err.value) from None
json.decoder.JSONDecodeError: Expecting value: line 1 column 1 (char 0)

During handling of the above exception, another exception occurred:

Traceback (most recent call last):
  File "C:\Users\saiem\Documents\GitHub-Data\sdv-dev\cfbfastR-dev\cfbfastR-cfb-raw\python\_cfb_raw_utils.py", line 93, in _safe
    return fn(*args, **kwargs)
           ^^^^^^^^^^^^^^^^^^^
  File "C:\Users\saiem\Documents\GitHub-Data\sdv-dev\cfbfastR-dev\cfbfastR-cfb-raw\python\scrape_cfb_json.py", line 27, in _participants
    return sdv.cfb.espn_cfb_play_participants(game_id=gid, return_as_pandas=True).to_dict("records")
           ^^^^^^^^^^^^^^^^^^^^^^^^^^^^^^^^^^^^^^^^^^^^^^^^^^^^^^^^^^^^^^^^^^^^^^
  File "C:\Users\saiem\Documents\GitHub-Data\sdv-dev\cfbfastR-dev\cfbfastR-cfb-raw\.venv\Lib\site-packages\sportsdataverse\cfb\cfb_play_participants.py", line 184, in espn_cfb_play_participants
    plays_raw = _download_plays(game_id, **kwargs)
                ^^^^^^^^^^^^^^^^^^^^^^^^^^^^^^^^^^
  File "C:\Users\saiem\Documents\GitHub-Data\sdv-dev\cfbfastR-dev\cfbfastR-cfb-raw\.venv\Lib\site-packages\sportsdataverse\cfb\cfb_play_participants.py", line 215, in _download_plays
    body = resp.json()
           ^^^^^^^^^^^
  File "C:\Users\saiem\Documents\GitHub-Data\sdv-dev\cfbfastR-dev\cfbfastR-cfb-raw\.venv\Lib\site-packages\requests\models.py", line 1120, in json
    raise RequestsJSONDecodeError(e.msg, e.doc, e.pos)
requests.exceptions.JSONDecodeError: Expecting value: line 1 column 1 (char 0)
2026-06-13 19:44:04,214 ERROR extra fetch failed: _participants(312810227,)
Traceback (most recent call last):
  File "C:\Users\saiem\Documents\GitHub-Data\sdv-dev\cfbfastR-dev\cfbfastR-cfb-raw\.venv\Lib\site-packages\requests\models.py", line 1116, in json
    return complexjson.loads(self.text, **kwargs)
           ^^^^^^^^^^^^^^^^^^^^^^^^^^^^^^^^^^^^^^
  File "C:\Users\saiem\AppData\Local\Programs\Python\Python311\Lib\json\__init__.py", line 346, in loads
    return _default_decoder.decode(s)
           ^^^^^^^^^^^^^^^^^^^^^^^^^^
  File "C:\Users\saiem\AppData\Local\Programs\Python\Python311\Lib\json\decoder.py", line 337, in decode
    obj, end = self.raw_decode(s, idx=_w(s, 0).end())
               ^^^^^^^^^^^^^^^^^^^^^^^^^^^^^^^^^^^^^^
  File "C:\Users\saiem\AppData\Local\Programs\Python\Python311\Lib\json\decoder.py", line 355, in raw_decode
    raise JSONDecodeError("Expecting value", s, err.value) from None
json.decoder.JSONDecodeError: Expecting value: line 1 column 1 (char 0)

During handling of the above exception, another exception occurred:

Traceback (most recent call last):
  File "C:\Users\saiem\Documents\GitHub-Data\sdv-dev\cfbfastR-dev\cfbfastR-cfb-raw\python\_cfb_raw_utils.py", line 93, in _safe
    return fn(*args, **kwargs)
           ^^^^^^^^^^^^^^^^^^^
  File "C:\Users\saiem\Documents\GitHub-Data\sdv-dev\cfbfastR-dev\cfbfastR-cfb-raw\python\scrape_cfb_json.py", line 27, in _participants
    return sdv.cfb.espn_cfb_play_participants(game_id=gid, return_as_pandas=True).to_dict("records")
           ^^^^^^^^^^^^^^^^^^^^^^^^^^^^^^^^^^^^^^^^^^^^^^^^^^^^^^^^^^^^^^^^^^^^^^
  File "C:\Users\saiem\Documents\GitHub-Data\sdv-dev\cfbfastR-dev\cfbfastR-cfb-raw\.venv\Lib\site-packages\sportsdataverse\cfb\cfb_play_participants.py", line 184, in espn_cfb_play_participants
    plays_raw = _download_plays(game_id, **kwargs)
                ^^^^^^^^^^^^^^^^^^^^^^^^^^^^^^^^^^
  File "C:\Users\saiem\Documents\GitHub-Data\sdv-dev\cfbfastR-dev\cfbfastR-cfb-raw\.venv\Lib\site-packages\sportsdataverse\cfb\cfb_play_participants.py", line 215, in _download_plays
    body = resp.json()
           ^^^^^^^^^^^
  File "C:\Users\saiem\Documents\GitHub-Data\sdv-dev\cfbfastR-dev\cfbfastR-cfb-raw\.venv\Lib\site-packages\requests\models.py", line 1120, in json
    raise RequestsJSONDecodeError(e.msg, e.doc, e.pos)
requests.exceptions.JSONDecodeError: Expecting value: line 1 column 1 (char 0)
2026-06-13 19:44:05,105 ERROR extra fetch failed: _rosters(312812006,)
Traceback (most recent call last):
  File "C:\Users\saiem\Documents\GitHub-Data\sdv-dev\cfbfastR-dev\cfbfastR-cfb-raw\.venv\Lib\site-packages\requests\models.py", line 1116, in json
    return complexjson.loads(self.text, **kwargs)
           ^^^^^^^^^^^^^^^^^^^^^^^^^^^^^^^^^^^^^^
  File "C:\Users\saiem\AppData\Local\Programs\Python\Python311\Lib\json\__init__.py", line 346, in loads
    return _default_decoder.decode(s)
           ^^^^^^^^^^^^^^^^^^^^^^^^^^
  File "C:\Users\saiem\AppData\Local\Programs\Python\Python311\Lib\json\decoder.py", line 337, in decode
    obj, end = self.raw_decode(s, idx=_w(s, 0).end())
               ^^^^^^^^^^^^^^^^^^^^^^^^^^^^^^^^^^^^^^
  File "C:\Users\saiem\AppData\Local\Programs\Python\Python311\Lib\json\decoder.py", line 355, in raw_decode
    raise JSONDecodeError("Expecting value", s, err.value) from None
json.decoder.JSONDecodeError: Expecting value: line 1 column 1 (char 0)

During handling of the above exception, another exception occurred:

Traceback (most recent call last):
  File "C:\Users\saiem\Documents\GitHub-Data\sdv-dev\cfbfastR-dev\cfbfastR-cfb-raw\python\_cfb_raw_utils.py", line 93, in _safe
    return fn(*args, **kwargs)
           ^^^^^^^^^^^^^^^^^^^
  File "C:\Users\saiem\Documents\GitHub-Data\sdv-dev\cfbfastR-dev\cfbfastR-cfb-raw\python\scrape_cfb_json.py", line 31, in _rosters
    return sdv.cfb.espn_cfb_game_rosters(game_id=gid, return_as_pandas=True).to_dict("records")
           ^^^^^^^^^^^^^^^^^^^^^^^^^^^^^^^^^^^^^^^^^^^^^^^^^^^^^^^^^^^^^^^^^
  File "C:\Users\saiem\Documents\GitHub-Data\sdv-dev\cfbfastR-dev\cfbfastR-cfb-raw\.venv\Lib\site-packages\sportsdataverse\cfb\cfb_game_rosters.py", line 64, in espn_cfb_game_rosters
    summary = summary_resp.json()
              ^^^^^^^^^^^^^^^^^^^
  File "C:\Users\saiem\Documents\GitHub-Data\sdv-dev\cfbfastR-dev\cfbfastR-cfb-raw\.venv\Lib\site-packages\requests\models.py", line 1120, in json
    raise RequestsJSONDecodeError(e.msg, e.doc, e.pos)
requests.exceptions.JSONDecodeError: Expecting value: line 1 column 1 (char 0)
2026-06-13 19:44:05,125 ERROR extra fetch failed: _participants(312812617,)
Traceback (most recent call last):
  File "C:\Users\saiem\Documents\GitHub-Data\sdv-dev\cfbfastR-dev\cfbfastR-cfb-raw\.venv\Lib\site-packages\requests\models.py", line 1116, in json
    return complexjson.loads(self.text, **kwargs)
           ^^^^^^^^^^^^^^^^^^^^^^^^^^^^^^^^^^^^^^
  File "C:\Users\saiem\AppData\Local\Programs\Python\Python311\Lib\json\__init__.py", line 346, in loads
    return _default_decoder.decode(s)
           ^^^^^^^^^^^^^^^^^^^^^^^^^^
  File "C:\Users\saiem\AppData\Local\Programs\Python\Python311\Lib\json\decoder.py", line 337, in decode
    obj, end = self.raw_decode(s, idx=_w(s, 0).end())
               ^^^^^^^^^^^^^^^^^^^^^^^^^^^^^^^^^^^^^^
  File "C:\Users\saiem\AppData\Local\Programs\Python\Python311\Lib\json\decoder.py", line 355, in raw_decode
    raise JSONDecodeError("Expecting value", s, err.value) from None
json.decoder.JSONDecodeError: Expecting value: line 1 column 1 (char 0)

During handling of the above exception, another exception occurred:

Traceback (most recent call last):
  File "C:\Users\saiem\Documents\GitHub-Data\sdv-dev\cfbfastR-dev\cfbfastR-cfb-raw\python\_cfb_raw_utils.py", line 93, in _safe
    return fn(*args, **kwargs)
           ^^^^^^^^^^^^^^^^^^^
  File "C:\Users\saiem\Documents\GitHub-Data\sdv-dev\cfbfastR-dev\cfbfastR-cfb-raw\python\scrape_cfb_json.py", line 27, in _participants
    return sdv.cfb.espn_cfb_play_participants(game_id=gid, return_as_pandas=True).to_dict("records")
           ^^^^^^^^^^^^^^^^^^^^^^^^^^^^^^^^^^^^^^^^^^^^^^^^^^^^^^^^^^^^^^^^^^^^^^
  File "C:\Users\saiem\Documents\GitHub-Data\sdv-dev\cfbfastR-dev\cfbfastR-cfb-raw\.venv\Lib\site-packages\sportsdataverse\cfb\cfb_play_participants.py", line 184, in espn_cfb_play_participants
    plays_raw = _download_plays(game_id, **kwargs)
                ^^^^^^^^^^^^^^^^^^^^^^^^^^^^^^^^^^
  File "C:\Users\saiem\Documents\GitHub-Data\sdv-dev\cfbfastR-dev\cfbfastR-cfb-raw\.venv\Lib\site-packages\sportsdataverse\cfb\cfb_play_participants.py", line 215, in _download_plays
    body = resp.json()
           ^^^^^^^^^^^
  File "C:\Users\saiem\Documents\GitHub-Data\sdv-dev\cfbfastR-dev\cfbfastR-cfb-raw\.venv\Lib\site-packages\requests\models.py", line 1120, in json
    raise RequestsJSONDecodeError(e.msg, e.doc, e.pos)
requests.exceptions.JSONDecodeError: Expecting value: line 1 column 1 (char 0)
2026-06-13 19:44:05,146 ERROR extra fetch failed: _rosters(312810227,)
Traceback (most recent call last):
  File "C:\Users\saiem\Documents\GitHub-Data\sdv-dev\cfbfastR-dev\cfbfastR-cfb-raw\.venv\Lib\site-packages\requests\models.py", line 1116, in json
    return complexjson.loads(self.text, **kwargs)
           ^^^^^^^^^^^^^^^^^^^^^^^^^^^^^^^^^^^^^^
  File "C:\Users\saiem\AppData\Local\Programs\Python\Python311\Lib\json\__init__.py", line 346, in loads
    return _default_decoder.decode(s)
           ^^^^^^^^^^^^^^^^^^^^^^^^^^
  File "C:\Users\saiem\AppData\Local\Programs\Python\Python311\Lib\json\decoder.py", line 337, in decode
    obj, end = self.raw_decode(s, idx=_w(s, 0).end())
               ^^^^^^^^^^^^^^^^^^^^^^^^^^^^^^^^^^^^^^
  File "C:\Users\saiem\AppData\Local\Programs\Python\Python311\Lib\json\decoder.py", line 355, in raw_decode
    raise JSONDecodeError("Expecting value", s, err.value) from None
json.decoder.JSONDecodeError: Expecting value: line 1 column 1 (char 0)

During handling of the above exception, another exception occurred:

Traceback (most recent call last):
  File "C:\Users\saiem\Documents\GitHub-Data\sdv-dev\cfbfastR-dev\cfbfastR-cfb-raw\python\_cfb_raw_utils.py", line 93, in _safe
    return fn(*args, **kwargs)
           ^^^^^^^^^^^^^^^^^^^
  File "C:\Users\saiem\Documents\GitHub-Data\sdv-dev\cfbfastR-dev\cfbfastR-cfb-raw\python\scrape_cfb_json.py", line 31, in _rosters
    return sdv.cfb.espn_cfb_game_rosters(game_id=gid, return_as_pandas=True).to_dict("records")
           ^^^^^^^^^^^^^^^^^^^^^^^^^^^^^^^^^^^^^^^^^^^^^^^^^^^^^^^^^^^^^^^^^
  File "C:\Users\saiem\Documents\GitHub-Data\sdv-dev\cfbfastR-dev\cfbfastR-cfb-raw\.venv\Lib\site-packages\sportsdataverse\cfb\cfb_game_rosters.py", line 64, in espn_cfb_game_rosters
    summary = summary_resp.json()
              ^^^^^^^^^^^^^^^^^^^
  File "C:\Users\saiem\Documents\GitHub-Data\sdv-dev\cfbfastR-dev\cfbfastR-cfb-raw\.venv\Lib\site-packages\requests\models.py", line 1120, in json
    raise RequestsJSONDecodeError(e.msg, e.doc, e.pos)
requests.exceptions.JSONDecodeError: Expecting value: line 1 column 1 (char 0)
2026-06-13 19:44:05,222 ERROR extra fetch failed: _participants(312812247,)
Traceback (most recent call last):
  File "C:\Users\saiem\Documents\GitHub-Data\sdv-dev\cfbfastR-dev\cfbfastR-cfb-raw\.venv\Lib\site-packages\requests\models.py", line 1116, in json
    return complexjson.loads(self.text, **kwargs)
           ^^^^^^^^^^^^^^^^^^^^^^^^^^^^^^^^^^^^^^
  File "C:\Users\saiem\AppData\Local\Programs\Python\Python311\Lib\json\__init__.py", line 346, in loads
    return _default_decoder.decode(s)
           ^^^^^^^^^^^^^^^^^^^^^^^^^^
  File "C:\Users\saiem\AppData\Local\Programs\Python\Python311\Lib\json\decoder.py", line 337, in decode
    obj, end = self.raw_decode(s, idx=_w(s, 0).end())
               ^^^^^^^^^^^^^^^^^^^^^^^^^^^^^^^^^^^^^^
  File "C:\Users\saiem\AppData\Local\Programs\Python\Python311\Lib\json\decoder.py", line 355, in raw_decode
    raise JSONDecodeError("Expecting value", s, err.value) from None
json.decoder.JSONDecodeError: Expecting value: line 1 column 1 (char 0)

During handling of the above exception, another exception occurred:

Traceback (most recent call last):
  File "C:\Users\saiem\Documents\GitHub-Data\sdv-dev\cfbfastR-dev\cfbfastR-cfb-raw\python\_cfb_raw_utils.py", line 93, in _safe
    return fn(*args, **kwargs)
           ^^^^^^^^^^^^^^^^^^^
  File "C:\Users\saiem\Documents\GitHub-Data\sdv-dev\cfbfastR-dev\cfbfastR-cfb-raw\python\scrape_cfb_json.py", line 27, in _participants
    return sdv.cfb.espn_cfb_play_participants(game_id=gid, return_as_pandas=True).to_dict("records")
           ^^^^^^^^^^^^^^^^^^^^^^^^^^^^^^^^^^^^^^^^^^^^^^^^^^^^^^^^^^^^^^^^^^^^^^
  File "C:\Users\saiem\Documents\GitHub-Data\sdv-dev\cfbfastR-dev\cfbfastR-cfb-raw\.venv\Lib\site-packages\sportsdataverse\cfb\cfb_play_participants.py", line 184, in espn_cfb_play_participants
    plays_raw = _download_plays(game_id, **kwargs)
                ^^^^^^^^^^^^^^^^^^^^^^^^^^^^^^^^^^
  File "C:\Users\saiem\Documents\GitHub-Data\sdv-dev\cfbfastR-dev\cfbfastR-cfb-raw\.venv\Lib\site-packages\sportsdataverse\cfb\cfb_play_participants.py", line 215, in _download_plays
    body = resp.json()
           ^^^^^^^^^^^
  File "C:\Users\saiem\Documents\GitHub-Data\sdv-dev\cfbfastR-dev\cfbfastR-cfb-raw\.venv\Lib\site-packages\requests\models.py", line 1120, in json
    raise RequestsJSONDecodeError(e.msg, e.doc, e.pos)
requests.exceptions.JSONDecodeError: Expecting value: line 1 column 1 (char 0)
2026-06-13 19:44:05,486 ERROR extra fetch failed: _participants(312812050,)
Traceback (most recent call last):
  File "C:\Users\saiem\Documents\GitHub-Data\sdv-dev\cfbfastR-dev\cfbfastR-cfb-raw\.venv\Lib\site-packages\requests\models.py", line 1116, in json
    return complexjson.loads(self.text, **kwargs)
           ^^^^^^^^^^^^^^^^^^^^^^^^^^^^^^^^^^^^^^
  File "C:\Users\saiem\AppData\Local\Programs\Python\Python311\Lib\json\__init__.py", line 346, in loads
    return _default_decoder.decode(s)
           ^^^^^^^^^^^^^^^^^^^^^^^^^^
  File "C:\Users\saiem\AppData\Local\Programs\Python\Python311\Lib\json\decoder.py", line 337, in decode
    obj, end = self.raw_decode(s, idx=_w(s, 0).end())
               ^^^^^^^^^^^^^^^^^^^^^^^^^^^^^^^^^^^^^^
  File "C:\Users\saiem\AppData\Local\Programs\Python\Python311\Lib\json\decoder.py", line 355, in raw_decode
    raise JSONDecodeError("Expecting value", s, err.value) from None
json.decoder.JSONDecodeError: Expecting value: line 1 column 1 (char 0)

During handling of the above exception, another exception occurred:

Traceback (most recent call last):
  File "C:\Users\saiem\Documents\GitHub-Data\sdv-dev\cfbfastR-dev\cfbfastR-cfb-raw\python\_cfb_raw_utils.py", line 93, in _safe
    return fn(*args, **kwargs)
           ^^^^^^^^^^^^^^^^^^^
  File "C:\Users\saiem\Documents\GitHub-Data\sdv-dev\cfbfastR-dev\cfbfastR-cfb-raw\python\scrape_cfb_json.py", line 27, in _participants
    return sdv.cfb.espn_cfb_play_participants(game_id=gid, return_as_pandas=True).to_dict("records")
           ^^^^^^^^^^^^^^^^^^^^^^^^^^^^^^^^^^^^^^^^^^^^^^^^^^^^^^^^^^^^^^^^^^^^^^
  File "C:\Users\saiem\Documents\GitHub-Data\sdv-dev\cfbfastR-dev\cfbfastR-cfb-raw\.venv\Lib\site-packages\sportsdataverse\cfb\cfb_play_participants.py", line 184, in espn_cfb_play_participants
    plays_raw = _download_plays(game_id, **kwargs)
                ^^^^^^^^^^^^^^^^^^^^^^^^^^^^^^^^^^
  File "C:\Users\saiem\Documents\GitHub-Data\sdv-dev\cfbfastR-dev\cfbfastR-cfb-raw\.venv\Lib\site-packages\sportsdataverse\cfb\cfb_play_participants.py", line 215, in _download_plays
    body = resp.json()
           ^^^^^^^^^^^
  File "C:\Users\saiem\Documents\GitHub-Data\sdv-dev\cfbfastR-dev\cfbfastR-cfb-raw\.venv\Lib\site-packages\requests\models.py", line 1120, in json
    raise RequestsJSONDecodeError(e.msg, e.doc, e.pos)
requests.exceptions.JSONDecodeError: Expecting value: line 1 column 1 (char 0)
2026-06-13 19:44:05,638 ERROR extra fetch failed: _participants(312810079,)
Traceback (most recent call last):
  File "C:\Users\saiem\Documents\GitHub-Data\sdv-dev\cfbfastR-dev\cfbfastR-cfb-raw\.venv\Lib\site-packages\requests\models.py", line 1116, in json
    return complexjson.loads(self.text, **kwargs)
           ^^^^^^^^^^^^^^^^^^^^^^^^^^^^^^^^^^^^^^
  File "C:\Users\saiem\AppData\Local\Programs\Python\Python311\Lib\json\__init__.py", line 346, in loads
    return _default_decoder.decode(s)
           ^^^^^^^^^^^^^^^^^^^^^^^^^^
  File "C:\Users\saiem\AppData\Local\Programs\Python\Python311\Lib\json\decoder.py", line 337, in decode
    obj, end = self.raw_decode(s, idx=_w(s, 0).end())
               ^^^^^^^^^^^^^^^^^^^^^^^^^^^^^^^^^^^^^^
  File "C:\Users\saiem\AppData\Local\Programs\Python\Python311\Lib\json\decoder.py", line 355, in raw_decode
    raise JSONDecodeError("Expecting value", s, err.value) from None
json.decoder.JSONDecodeError: Expecting value: line 1 column 1 (char 0)

During handling of the above exception, another exception occurred:

Traceback (most recent call last):
  File "C:\Users\saiem\Documents\GitHub-Data\sdv-dev\cfbfastR-dev\cfbfastR-cfb-raw\python\_cfb_raw_utils.py", line 93, in _safe
    return fn(*args, **kwargs)
           ^^^^^^^^^^^^^^^^^^^
  File "C:\Users\saiem\Documents\GitHub-Data\sdv-dev\cfbfastR-dev\cfbfastR-cfb-raw\python\scrape_cfb_json.py", line 27, in _participants
    return sdv.cfb.espn_cfb_play_participants(game_id=gid, return_as_pandas=True).to_dict("records")
           ^^^^^^^^^^^^^^^^^^^^^^^^^^^^^^^^^^^^^^^^^^^^^^^^^^^^^^^^^^^^^^^^^^^^^^
  File "C:\Users\saiem\Documents\GitHub-Data\sdv-dev\cfbfastR-dev\cfbfastR-cfb-raw\.venv\Lib\site-packages\sportsdataverse\cfb\cfb_play_participants.py", line 184, in espn_cfb_play_participants
    plays_raw = _download_plays(game_id, **kwargs)
                ^^^^^^^^^^^^^^^^^^^^^^^^^^^^^^^^^^
  File "C:\Users\saiem\Documents\GitHub-Data\sdv-dev\cfbfastR-dev\cfbfastR-cfb-raw\.venv\Lib\site-packages\sportsdataverse\cfb\cfb_play_participants.py", line 215, in _download_plays
    body = resp.json()
           ^^^^^^^^^^^
  File "C:\Users\saiem\Documents\GitHub-Data\sdv-dev\cfbfastR-dev\cfbfastR-cfb-raw\.venv\Lib\site-packages\requests\models.py", line 1120, in json
    raise RequestsJSONDecodeError(e.msg, e.doc, e.pos)
requests.exceptions.JSONDecodeError: Expecting value: line 1 column 1 (char 0)
2026-06-13 19:44:05,850 ERROR extra fetch failed: _participants(312812711,)
Traceback (most recent call last):
  File "C:\Users\saiem\Documents\GitHub-Data\sdv-dev\cfbfastR-dev\cfbfastR-cfb-raw\.venv\Lib\site-packages\requests\models.py", line 1116, in json
    return complexjson.loads(self.text, **kwargs)
           ^^^^^^^^^^^^^^^^^^^^^^^^^^^^^^^^^^^^^^
  File "C:\Users\saiem\AppData\Local\Programs\Python\Python311\Lib\json\__init__.py", line 346, in loads
    return _default_decoder.decode(s)
           ^^^^^^^^^^^^^^^^^^^^^^^^^^
  File "C:\Users\saiem\AppData\Local\Programs\Python\Python311\Lib\json\decoder.py", line 337, in decode
    obj, end = self.raw_decode(s, idx=_w(s, 0).end())
               ^^^^^^^^^^^^^^^^^^^^^^^^^^^^^^^^^^^^^^
  File "C:\Users\saiem\AppData\Local\Programs\Python\Python311\Lib\json\decoder.py", line 355, in raw_decode
    raise JSONDecodeError("Expecting value", s, err.value) from None
json.decoder.JSONDecodeError: Expecting value: line 1 column 1 (char 0)

During handling of the above exception, another exception occurred:

Traceback (most recent call last):
  File "C:\Users\saiem\Documents\GitHub-Data\sdv-dev\cfbfastR-dev\cfbfastR-cfb-raw\python\_cfb_raw_utils.py", line 93, in _safe
    return fn(*args, **kwargs)
           ^^^^^^^^^^^^^^^^^^^
  File "C:\Users\saiem\Documents\GitHub-Data\sdv-dev\cfbfastR-dev\cfbfastR-cfb-raw\python\scrape_cfb_json.py", line 27, in _participants
    return sdv.cfb.espn_cfb_play_participants(game_id=gid, return_as_pandas=True).to_dict("records")
           ^^^^^^^^^^^^^^^^^^^^^^^^^^^^^^^^^^^^^^^^^^^^^^^^^^^^^^^^^^^^^^^^^^^^^^
  File "C:\Users\saiem\Documents\GitHub-Data\sdv-dev\cfbfastR-dev\cfbfastR-cfb-raw\.venv\Lib\site-packages\sportsdataverse\cfb\cfb_play_participants.py", line 184, in espn_cfb_play_participants
    plays_raw = _download_plays(game_id, **kwargs)
                ^^^^^^^^^^^^^^^^^^^^^^^^^^^^^^^^^^
  File "C:\Users\saiem\Documents\GitHub-Data\sdv-dev\cfbfastR-dev\cfbfastR-cfb-raw\.venv\Lib\site-packages\sportsdataverse\cfb\cfb_play_participants.py", line 215, in _download_plays
    body = resp.json()
           ^^^^^^^^^^^
  File "C:\Users\saiem\Documents\GitHub-Data\sdv-dev\cfbfastR-dev\cfbfastR-cfb-raw\.venv\Lib\site-packages\requests\models.py", line 1120, in json
    raise RequestsJSONDecodeError(e.msg, e.doc, e.pos)
requests.exceptions.JSONDecodeError: Expecting value: line 1 column 1 (char 0)
2026-06-13 19:44:05,977 ERROR extra fetch failed: _participants(312810290,)
Traceback (most recent call last):
  File "C:\Users\saiem\Documents\GitHub-Data\sdv-dev\cfbfastR-dev\cfbfastR-cfb-raw\.venv\Lib\site-packages\requests\models.py", line 1116, in json
    return complexjson.loads(self.text, **kwargs)
           ^^^^^^^^^^^^^^^^^^^^^^^^^^^^^^^^^^^^^^
  File "C:\Users\saiem\AppData\Local\Programs\Python\Python311\Lib\json\__init__.py", line 346, in loads
    return _default_decoder.decode(s)
           ^^^^^^^^^^^^^^^^^^^^^^^^^^
  File "C:\Users\saiem\AppData\Local\Programs\Python\Python311\Lib\json\decoder.py", line 337, in decode
    obj, end = self.raw_decode(s, idx=_w(s, 0).end())
               ^^^^^^^^^^^^^^^^^^^^^^^^^^^^^^^^^^^^^^
  File "C:\Users\saiem\AppData\Local\Programs\Python\Python311\Lib\json\decoder.py", line 355, in raw_decode
    raise JSONDecodeError("Expecting value", s, err.value) from None
json.decoder.JSONDecodeError: Expecting value: line 1 column 1 (char 0)

During handling of the above exception, another exception occurred:

Traceback (most recent call last):
  File "C:\Users\saiem\Documents\GitHub-Data\sdv-dev\cfbfastR-dev\cfbfastR-cfb-raw\python\_cfb_raw_utils.py", line 93, in _safe
    return fn(*args, **kwargs)
           ^^^^^^^^^^^^^^^^^^^
  File "C:\Users\saiem\Documents\GitHub-Data\sdv-dev\cfbfastR-dev\cfbfastR-cfb-raw\python\scrape_cfb_json.py", line 27, in _participants
    return sdv.cfb.espn_cfb_play_participants(game_id=gid, return_as_pandas=True).to_dict("records")
           ^^^^^^^^^^^^^^^^^^^^^^^^^^^^^^^^^^^^^^^^^^^^^^^^^^^^^^^^^^^^^^^^^^^^^^
  File "C:\Users\saiem\Documents\GitHub-Data\sdv-dev\cfbfastR-dev\cfbfastR-cfb-raw\.venv\Lib\site-packages\sportsdataverse\cfb\cfb_play_participants.py", line 184, in espn_cfb_play_participants
    plays_raw = _download_plays(game_id, **kwargs)
                ^^^^^^^^^^^^^^^^^^^^^^^^^^^^^^^^^^
  File "C:\Users\saiem\Documents\GitHub-Data\sdv-dev\cfbfastR-dev\cfbfastR-cfb-raw\.venv\Lib\site-packages\sportsdataverse\cfb\cfb_play_participants.py", line 215, in _download_plays
    body = resp.json()
           ^^^^^^^^^^^
  File "C:\Users\saiem\Documents\GitHub-Data\sdv-dev\cfbfastR-dev\cfbfastR-cfb-raw\.venv\Lib\site-packages\requests\models.py", line 1120, in json
    raise RequestsJSONDecodeError(e.msg, e.doc, e.pos)
requests.exceptions.JSONDecodeError: Expecting value: line 1 column 1 (char 0)
2026-06-13 19:44:05,991 ERROR extra fetch failed: _participants(312812649,)
Traceback (most recent call last):
  File "C:\Users\saiem\Documents\GitHub-Data\sdv-dev\cfbfastR-dev\cfbfastR-cfb-raw\.venv\Lib\site-packages\requests\models.py", line 1116, in json
    return complexjson.loads(self.text, **kwargs)
           ^^^^^^^^^^^^^^^^^^^^^^^^^^^^^^^^^^^^^^
  File "C:\Users\saiem\AppData\Local\Programs\Python\Python311\Lib\json\__init__.py", line 346, in loads
    return _default_decoder.decode(s)
           ^^^^^^^^^^^^^^^^^^^^^^^^^^
  File "C:\Users\saiem\AppData\Local\Programs\Python\Python311\Lib\json\decoder.py", line 337, in decode
    obj, end = self.raw_decode(s, idx=_w(s, 0).end())
               ^^^^^^^^^^^^^^^^^^^^^^^^^^^^^^^^^^^^^^
  File "C:\Users\saiem\AppData\Local\Programs\Python\Python311\Lib\json\decoder.py", line 355, in raw_decode
    raise JSONDecodeError("Expecting value", s, err.value) from None
json.decoder.JSONDecodeError: Expecting value: line 1 column 1 (char 0)

During handling of the above exception, another exception occurred:

Traceback (most recent call last):
  File "C:\Users\saiem\Documents\GitHub-Data\sdv-dev\cfbfastR-dev\cfbfastR-cfb-raw\python\_cfb_raw_utils.py", line 93, in _safe
    return fn(*args, **kwargs)
           ^^^^^^^^^^^^^^^^^^^
  File "C:\Users\saiem\Documents\GitHub-Data\sdv-dev\cfbfastR-dev\cfbfastR-cfb-raw\python\scrape_cfb_json.py", line 27, in _participants
    return sdv.cfb.espn_cfb_play_participants(game_id=gid, return_as_pandas=True).to_dict("records")
           ^^^^^^^^^^^^^^^^^^^^^^^^^^^^^^^^^^^^^^^^^^^^^^^^^^^^^^^^^^^^^^^^^^^^^^
  File "C:\Users\saiem\Documents\GitHub-Data\sdv-dev\cfbfastR-dev\cfbfastR-cfb-raw\.venv\Lib\site-packages\sportsdataverse\cfb\cfb_play_participants.py", line 184, in espn_cfb_play_participants
    plays_raw = _download_plays(game_id, **kwargs)
                ^^^^^^^^^^^^^^^^^^^^^^^^^^^^^^^^^^
  File "C:\Users\saiem\Documents\GitHub-Data\sdv-dev\cfbfastR-dev\cfbfastR-cfb-raw\.venv\Lib\site-packages\sportsdataverse\cfb\cfb_play_participants.py", line 215, in _download_plays
    body = resp.json()
           ^^^^^^^^^^^
  File "C:\Users\saiem\Documents\GitHub-Data\sdv-dev\cfbfastR-dev\cfbfastR-cfb-raw\.venv\Lib\site-packages\requests\models.py", line 1120, in json
    raise RequestsJSONDecodeError(e.msg, e.doc, e.pos)
requests.exceptions.JSONDecodeError: Expecting value: line 1 column 1 (char 0)
2026-06-13 19:44:06,060 ERROR extra fetch failed: _participants(312810213,)
Traceback (most recent call last):
  File "C:\Users\saiem\Documents\GitHub-Data\sdv-dev\cfbfastR-dev\cfbfastR-cfb-raw\.venv\Lib\site-packages\requests\models.py", line 1116, in json
    return complexjson.loads(self.text, **kwargs)
           ^^^^^^^^^^^^^^^^^^^^^^^^^^^^^^^^^^^^^^
  File "C:\Users\saiem\AppData\Local\Programs\Python\Python311\Lib\json\__init__.py", line 346, in loads
    return _default_decoder.decode(s)
           ^^^^^^^^^^^^^^^^^^^^^^^^^^
  File "C:\Users\saiem\AppData\Local\Programs\Python\Python311\Lib\json\decoder.py", line 337, in decode
    obj, end = self.raw_decode(s, idx=_w(s, 0).end())
               ^^^^^^^^^^^^^^^^^^^^^^^^^^^^^^^^^^^^^^
  File "C:\Users\saiem\AppData\Local\Programs\Python\Python311\Lib\json\decoder.py", line 355, in raw_decode
    raise JSONDecodeError("Expecting value", s, err.value) from None
json.decoder.JSONDecodeError: Expecting value: line 1 column 1 (char 0)

During handling of the above exception, another exception occurred:

Traceback (most recent call last):
  File "C:\Users\saiem\Documents\GitHub-Data\sdv-dev\cfbfastR-dev\cfbfastR-cfb-raw\python\_cfb_raw_utils.py", line 93, in _safe
    return fn(*args, **kwargs)
           ^^^^^^^^^^^^^^^^^^^
  File "C:\Users\saiem\Documents\GitHub-Data\sdv-dev\cfbfastR-dev\cfbfastR-cfb-raw\python\scrape_cfb_json.py", line 27, in _participants
    return sdv.cfb.espn_cfb_play_participants(game_id=gid, return_as_pandas=True).to_dict("records")
           ^^^^^^^^^^^^^^^^^^^^^^^^^^^^^^^^^^^^^^^^^^^^^^^^^^^^^^^^^^^^^^^^^^^^^^
  File "C:\Users\saiem\Documents\GitHub-Data\sdv-dev\cfbfastR-dev\cfbfastR-cfb-raw\.venv\Lib\site-packages\sportsdataverse\cfb\cfb_play_participants.py", line 184, in espn_cfb_play_participants
    plays_raw = _download_plays(game_id, **kwargs)
                ^^^^^^^^^^^^^^^^^^^^^^^^^^^^^^^^^^
  File "C:\Users\saiem\Documents\GitHub-Data\sdv-dev\cfbfastR-dev\cfbfastR-cfb-raw\.venv\Lib\site-packages\sportsdataverse\cfb\cfb_play_participants.py", line 215, in _download_plays
    body = resp.json()
           ^^^^^^^^^^^
  File "C:\Users\saiem\Documents\GitHub-Data\sdv-dev\cfbfastR-dev\cfbfastR-cfb-raw\.venv\Lib\site-packages\requests\models.py", line 1120, in json
    raise RequestsJSONDecodeError(e.msg, e.doc, e.pos)
requests.exceptions.JSONDecodeError: Expecting value: line 1 column 1 (char 0)
2026-06-13 19:44:06,070 ERROR extra fetch failed: _participants(312810152,)
Traceback (most recent call last):
  File "C:\Users\saiem\Documents\GitHub-Data\sdv-dev\cfbfastR-dev\cfbfastR-cfb-raw\.venv\Lib\site-packages\requests\models.py", line 1116, in json
    return complexjson.loads(self.text, **kwargs)
           ^^^^^^^^^^^^^^^^^^^^^^^^^^^^^^^^^^^^^^
  File "C:\Users\saiem\AppData\Local\Programs\Python\Python311\Lib\json\__init__.py", line 346, in loads
    return _default_decoder.decode(s)
           ^^^^^^^^^^^^^^^^^^^^^^^^^^
  File "C:\Users\saiem\AppData\Local\Programs\Python\Python311\Lib\json\decoder.py", line 337, in decode
    obj, end = self.raw_decode(s, idx=_w(s, 0).end())
               ^^^^^^^^^^^^^^^^^^^^^^^^^^^^^^^^^^^^^^
  File "C:\Users\saiem\AppData\Local\Programs\Python\Python311\Lib\json\decoder.py", line 355, in raw_decode
    raise JSONDecodeError("Expecting value", s, err.value) from None
json.decoder.JSONDecodeError: Expecting value: line 1 column 1 (char 0)

During handling of the above exception, another exception occurred:

Traceback (most recent call last):
  File "C:\Users\saiem\Documents\GitHub-Data\sdv-dev\cfbfastR-dev\cfbfastR-cfb-raw\python\_cfb_raw_utils.py", line 93, in _safe
    return fn(*args, **kwargs)
           ^^^^^^^^^^^^^^^^^^^
  File "C:\Users\saiem\Documents\GitHub-Data\sdv-dev\cfbfastR-dev\cfbfastR-cfb-raw\python\scrape_cfb_json.py", line 27, in _participants
    return sdv.cfb.espn_cfb_play_participants(game_id=gid, return_as_pandas=True).to_dict("records")
           ^^^^^^^^^^^^^^^^^^^^^^^^^^^^^^^^^^^^^^^^^^^^^^^^^^^^^^^^^^^^^^^^^^^^^^
  File "C:\Users\saiem\Documents\GitHub-Data\sdv-dev\cfbfastR-dev\cfbfastR-cfb-raw\.venv\Lib\site-packages\sportsdataverse\cfb\cfb_play_participants.py", line 184, in espn_cfb_play_participants
    plays_raw = _download_plays(game_id, **kwargs)
                ^^^^^^^^^^^^^^^^^^^^^^^^^^^^^^^^^^
  File "C:\Users\saiem\Documents\GitHub-Data\sdv-dev\cfbfastR-dev\cfbfastR-cfb-raw\.venv\Lib\site-packages\sportsdataverse\cfb\cfb_play_participants.py", line 215, in _download_plays
    body = resp.json()
           ^^^^^^^^^^^
  File "C:\Users\saiem\Documents\GitHub-Data\sdv-dev\cfbfastR-dev\cfbfastR-cfb-raw\.venv\Lib\site-packages\requests\models.py", line 1120, in json
    raise RequestsJSONDecodeError(e.msg, e.doc, e.pos)
requests.exceptions.JSONDecodeError: Expecting value: line 1 column 1 (char 0)
2026-06-13 19:44:06,164 ERROR extra fetch failed: _participants(312810204,)
Traceback (most recent call last):
  File "C:\Users\saiem\Documents\GitHub-Data\sdv-dev\cfbfastR-dev\cfbfastR-cfb-raw\.venv\Lib\site-packages\requests\models.py", line 1116, in json
    return complexjson.loads(self.text, **kwargs)
           ^^^^^^^^^^^^^^^^^^^^^^^^^^^^^^^^^^^^^^
  File "C:\Users\saiem\AppData\Local\Programs\Python\Python311\Lib\json\__init__.py", line 346, in loads
    return _default_decoder.decode(s)
           ^^^^^^^^^^^^^^^^^^^^^^^^^^
  File "C:\Users\saiem\AppData\Local\Programs\Python\Python311\Lib\json\decoder.py", line 337, in decode
    obj, end = self.raw_decode(s, idx=_w(s, 0).end())
               ^^^^^^^^^^^^^^^^^^^^^^^^^^^^^^^^^^^^^^
  File "C:\Users\saiem\AppData\Local\Programs\Python\Python311\Lib\json\decoder.py", line 355, in raw_decode
    raise JSONDecodeError("Expecting value", s, err.value) from None
json.decoder.JSONDecodeError: Expecting value: line 1 column 1 (char 0)

During handling of the above exception, another exception occurred:

Traceback (most recent call last):
  File "C:\Users\saiem\Documents\GitHub-Data\sdv-dev\cfbfastR-dev\cfbfastR-cfb-raw\python\_cfb_raw_utils.py", line 93, in _safe
    return fn(*args, **kwargs)
           ^^^^^^^^^^^^^^^^^^^
  File "C:\Users\saiem\Documents\GitHub-Data\sdv-dev\cfbfastR-dev\cfbfastR-cfb-raw\python\scrape_cfb_json.py", line 27, in _participants
    return sdv.cfb.espn_cfb_play_participants(game_id=gid, return_as_pandas=True).to_dict("records")
           ^^^^^^^^^^^^^^^^^^^^^^^^^^^^^^^^^^^^^^^^^^^^^^^^^^^^^^^^^^^^^^^^^^^^^^
  File "C:\Users\saiem\Documents\GitHub-Data\sdv-dev\cfbfastR-dev\cfbfastR-cfb-raw\.venv\Lib\site-packages\sportsdataverse\cfb\cfb_play_participants.py", line 184, in espn_cfb_play_participants
    plays_raw = _download_plays(game_id, **kwargs)
                ^^^^^^^^^^^^^^^^^^^^^^^^^^^^^^^^^^
  File "C:\Users\saiem\Documents\GitHub-Data\sdv-dev\cfbfastR-dev\cfbfastR-cfb-raw\.venv\Lib\site-packages\sportsdataverse\cfb\cfb_play_participants.py", line 215, in _download_plays
    body = resp.json()
           ^^^^^^^^^^^
  File "C:\Users\saiem\Documents\GitHub-Data\sdv-dev\cfbfastR-dev\cfbfastR-cfb-raw\.venv\Lib\site-packages\requests\models.py", line 1120, in json
    raise RequestsJSONDecodeError(e.msg, e.doc, e.pos)
requests.exceptions.JSONDecodeError: Expecting value: line 1 column 1 (char 0)
2026-06-13 19:44:06,164 ERROR extra fetch failed: _participants(312812084,)
Traceback (most recent call last):
  File "C:\Users\saiem\Documents\GitHub-Data\sdv-dev\cfbfastR-dev\cfbfastR-cfb-raw\.venv\Lib\site-packages\requests\models.py", line 1116, in json
    return complexjson.loads(self.text, **kwargs)
           ^^^^^^^^^^^^^^^^^^^^^^^^^^^^^^^^^^^^^^
  File "C:\Users\saiem\AppData\Local\Programs\Python\Python311\Lib\json\__init__.py", line 346, in loads
    return _default_decoder.decode(s)
           ^^^^^^^^^^^^^^^^^^^^^^^^^^
  File "C:\Users\saiem\AppData\Local\Programs\Python\Python311\Lib\json\decoder.py", line 337, in decode
    obj, end = self.raw_decode(s, idx=_w(s, 0).end())
               ^^^^^^^^^^^^^^^^^^^^^^^^^^^^^^^^^^^^^^
  File "C:\Users\saiem\AppData\Local\Programs\Python\Python311\Lib\json\decoder.py", line 355, in raw_decode
    raise JSONDecodeError("Expecting value", s, err.value) from None
json.decoder.JSONDecodeError: Expecting value: line 1 column 1 (char 0)

During handling of the above exception, another exception occurred:

Traceback (most recent call last):
  File "C:\Users\saiem\Documents\GitHub-Data\sdv-dev\cfbfastR-dev\cfbfastR-cfb-raw\python\_cfb_raw_utils.py", line 93, in _safe
    return fn(*args, **kwargs)
           ^^^^^^^^^^^^^^^^^^^
  File "C:\Users\saiem\Documents\GitHub-Data\sdv-dev\cfbfastR-dev\cfbfastR-cfb-raw\python\scrape_cfb_json.py", line 27, in _participants
    return sdv.cfb.espn_cfb_play_participants(game_id=gid, return_as_pandas=True).to_dict("records")
           ^^^^^^^^^^^^^^^^^^^^^^^^^^^^^^^^^^^^^^^^^^^^^^^^^^^^^^^^^^^^^^^^^^^^^^
  File "C:\Users\saiem\Documents\GitHub-Data\sdv-dev\cfbfastR-dev\cfbfastR-cfb-raw\.venv\Lib\site-packages\sportsdataverse\cfb\cfb_play_participants.py", line 184, in espn_cfb_play_participants
    plays_raw = _download_plays(game_id, **kwargs)
                ^^^^^^^^^^^^^^^^^^^^^^^^^^^^^^^^^^
  File "C:\Users\saiem\Documents\GitHub-Data\sdv-dev\cfbfastR-dev\cfbfastR-cfb-raw\.venv\Lib\site-packages\sportsdataverse\cfb\cfb_play_participants.py", line 215, in _download_plays
    body = resp.json()
           ^^^^^^^^^^^
  File "C:\Users\saiem\Documents\GitHub-Data\sdv-dev\cfbfastR-dev\cfbfastR-cfb-raw\.venv\Lib\site-packages\requests\models.py", line 1120, in json
    raise RequestsJSONDecodeError(e.msg, e.doc, e.pos)
requests.exceptions.JSONDecodeError: Expecting value: line 1 column 1 (char 0)
2026-06-13 19:44:06,249 ERROR extra fetch failed: _participants(312812623,)
Traceback (most recent call last):
  File "C:\Users\saiem\Documents\GitHub-Data\sdv-dev\cfbfastR-dev\cfbfastR-cfb-raw\.venv\Lib\site-packages\requests\models.py", line 1116, in json
    return complexjson.loads(self.text, **kwargs)
           ^^^^^^^^^^^^^^^^^^^^^^^^^^^^^^^^^^^^^^
  File "C:\Users\saiem\AppData\Local\Programs\Python\Python311\Lib\json\__init__.py", line 346, in loads
    return _default_decoder.decode(s)
           ^^^^^^^^^^^^^^^^^^^^^^^^^^
  File "C:\Users\saiem\AppData\Local\Programs\Python\Python311\Lib\json\decoder.py", line 337, in decode
    obj, end = self.raw_decode(s, idx=_w(s, 0).end())
               ^^^^^^^^^^^^^^^^^^^^^^^^^^^^^^^^^^^^^^
  File "C:\Users\saiem\AppData\Local\Programs\Python\Python311\Lib\json\decoder.py", line 355, in raw_decode
    raise JSONDecodeError("Expecting value", s, err.value) from None
json.decoder.JSONDecodeError: Expecting value: line 1 column 1 (char 0)

During handling of the above exception, another exception occurred:

Traceback (most recent call last):
  File "C:\Users\saiem\Documents\GitHub-Data\sdv-dev\cfbfastR-dev\cfbfastR-cfb-raw\python\_cfb_raw_utils.py", line 93, in _safe
    return fn(*args, **kwargs)
           ^^^^^^^^^^^^^^^^^^^
  File "C:\Users\saiem\Documents\GitHub-Data\sdv-dev\cfbfastR-dev\cfbfastR-cfb-raw\python\scrape_cfb_json.py", line 27, in _participants
    return sdv.cfb.espn_cfb_play_participants(game_id=gid, return_as_pandas=True).to_dict("records")
           ^^^^^^^^^^^^^^^^^^^^^^^^^^^^^^^^^^^^^^^^^^^^^^^^^^^^^^^^^^^^^^^^^^^^^^
  File "C:\Users\saiem\Documents\GitHub-Data\sdv-dev\cfbfastR-dev\cfbfastR-cfb-raw\.venv\Lib\site-packages\sportsdataverse\cfb\cfb_play_participants.py", line 184, in espn_cfb_play_participants
    plays_raw = _download_plays(game_id, **kwargs)
                ^^^^^^^^^^^^^^^^^^^^^^^^^^^^^^^^^^
  File "C:\Users\saiem\Documents\GitHub-Data\sdv-dev\cfbfastR-dev\cfbfastR-cfb-raw\.venv\Lib\site-packages\sportsdataverse\cfb\cfb_play_participants.py", line 215, in _download_plays
    body = resp.json()
           ^^^^^^^^^^^
  File "C:\Users\saiem\Documents\GitHub-Data\sdv-dev\cfbfastR-dev\cfbfastR-cfb-raw\.venv\Lib\site-packages\requests\models.py", line 1120, in json
    raise RequestsJSONDecodeError(e.msg, e.doc, e.pos)
requests.exceptions.JSONDecodeError: Expecting value: line 1 column 1 (char 0)
2026-06-13 19:44:06,284 ERROR extra fetch failed: _participants(312810087,)
Traceback (most recent call last):
  File "C:\Users\saiem\Documents\GitHub-Data\sdv-dev\cfbfastR-dev\cfbfastR-cfb-raw\.venv\Lib\site-packages\requests\models.py", line 1116, in json
    return complexjson.loads(self.text, **kwargs)
           ^^^^^^^^^^^^^^^^^^^^^^^^^^^^^^^^^^^^^^
  File "C:\Users\saiem\AppData\Local\Programs\Python\Python311\Lib\json\__init__.py", line 346, in loads
    return _default_decoder.decode(s)
           ^^^^^^^^^^^^^^^^^^^^^^^^^^
  File "C:\Users\saiem\AppData\Local\Programs\Python\Python311\Lib\json\decoder.py", line 337, in decode
    obj, end = self.raw_decode(s, idx=_w(s, 0).end())
               ^^^^^^^^^^^^^^^^^^^^^^^^^^^^^^^^^^^^^^
  File "C:\Users\saiem\AppData\Local\Programs\Python\Python311\Lib\json\decoder.py", line 355, in raw_decode
    raise JSONDecodeError("Expecting value", s, err.value) from None
json.decoder.JSONDecodeError: Expecting value: line 1 column 1 (char 0)

During handling of the above exception, another exception occurred:

Traceback (most recent call last):
  File "C:\Users\saiem\Documents\GitHub-Data\sdv-dev\cfbfastR-dev\cfbfastR-cfb-raw\python\_cfb_raw_utils.py", line 93, in _safe
    return fn(*args, **kwargs)
           ^^^^^^^^^^^^^^^^^^^
  File "C:\Users\saiem\Documents\GitHub-Data\sdv-dev\cfbfastR-dev\cfbfastR-cfb-raw\python\scrape_cfb_json.py", line 27, in _participants
    return sdv.cfb.espn_cfb_play_participants(game_id=gid, return_as_pandas=True).to_dict("records")
           ^^^^^^^^^^^^^^^^^^^^^^^^^^^^^^^^^^^^^^^^^^^^^^^^^^^^^^^^^^^^^^^^^^^^^^
  File "C:\Users\saiem\Documents\GitHub-Data\sdv-dev\cfbfastR-dev\cfbfastR-cfb-raw\.venv\Lib\site-packages\sportsdataverse\cfb\cfb_play_participants.py", line 184, in espn_cfb_play_participants
    plays_raw = _download_plays(game_id, **kwargs)
                ^^^^^^^^^^^^^^^^^^^^^^^^^^^^^^^^^^
  File "C:\Users\saiem\Documents\GitHub-Data\sdv-dev\cfbfastR-dev\cfbfastR-cfb-raw\.venv\Lib\site-packages\sportsdataverse\cfb\cfb_play_participants.py", line 215, in _download_plays
    body = resp.json()
           ^^^^^^^^^^^
  File "C:\Users\saiem\Documents\GitHub-Data\sdv-dev\cfbfastR-dev\cfbfastR-cfb-raw\.venv\Lib\site-packages\requests\models.py", line 1120, in json
    raise RequestsJSONDecodeError(e.msg, e.doc, e.pos)
requests.exceptions.JSONDecodeError: Expecting value: line 1 column 1 (char 0)
2026-06-13 19:44:06,374 ERROR extra fetch failed: _participants(312812458,)
Traceback (most recent call last):
  File "C:\Users\saiem\Documents\GitHub-Data\sdv-dev\cfbfastR-dev\cfbfastR-cfb-raw\.venv\Lib\site-packages\requests\models.py", line 1116, in json
    return complexjson.loads(self.text, **kwargs)
           ^^^^^^^^^^^^^^^^^^^^^^^^^^^^^^^^^^^^^^
  File "C:\Users\saiem\AppData\Local\Programs\Python\Python311\Lib\json\__init__.py", line 346, in loads
    return _default_decoder.decode(s)
           ^^^^^^^^^^^^^^^^^^^^^^^^^^
  File "C:\Users\saiem\AppData\Local\Programs\Python\Python311\Lib\json\decoder.py", line 337, in decode
    obj, end = self.raw_decode(s, idx=_w(s, 0).end())
               ^^^^^^^^^^^^^^^^^^^^^^^^^^^^^^^^^^^^^^
  File "C:\Users\saiem\AppData\Local\Programs\Python\Python311\Lib\json\decoder.py", line 355, in raw_decode
    raise JSONDecodeError("Expecting value", s, err.value) from None
json.decoder.JSONDecodeError: Expecting value: line 1 column 1 (char 0)

During handling of the above exception, another exception occurred:

Traceback (most recent call last):
  File "C:\Users\saiem\Documents\GitHub-Data\sdv-dev\cfbfastR-dev\cfbfastR-cfb-raw\python\_cfb_raw_utils.py", line 93, in _safe
    return fn(*args, **kwargs)
           ^^^^^^^^^^^^^^^^^^^
  File "C:\Users\saiem\Documents\GitHub-Data\sdv-dev\cfbfastR-dev\cfbfastR-cfb-raw\python\scrape_cfb_json.py", line 27, in _participants
    return sdv.cfb.espn_cfb_play_participants(game_id=gid, return_as_pandas=True).to_dict("records")
           ^^^^^^^^^^^^^^^^^^^^^^^^^^^^^^^^^^^^^^^^^^^^^^^^^^^^^^^^^^^^^^^^^^^^^^
  File "C:\Users\saiem\Documents\GitHub-Data\sdv-dev\cfbfastR-dev\cfbfastR-cfb-raw\.venv\Lib\site-packages\sportsdataverse\cfb\cfb_play_participants.py", line 184, in espn_cfb_play_participants
    plays_raw = _download_plays(game_id, **kwargs)
                ^^^^^^^^^^^^^^^^^^^^^^^^^^^^^^^^^^
  File "C:\Users\saiem\Documents\GitHub-Data\sdv-dev\cfbfastR-dev\cfbfastR-cfb-raw\.venv\Lib\site-packages\sportsdataverse\cfb\cfb_play_participants.py", line 215, in _download_plays
    body = resp.json()
           ^^^^^^^^^^^
  File "C:\Users\saiem\Documents\GitHub-Data\sdv-dev\cfbfastR-dev\cfbfastR-cfb-raw\.venv\Lib\site-packages\requests\models.py", line 1120, in json
    raise RequestsJSONDecodeError(e.msg, e.doc, e.pos)
requests.exceptions.JSONDecodeError: Expecting value: line 1 column 1 (char 0)
2026-06-13 19:44:06,387 ERROR extra fetch failed: _participants(312812426,)
Traceback (most recent call last):
  File "C:\Users\saiem\Documents\GitHub-Data\sdv-dev\cfbfastR-dev\cfbfastR-cfb-raw\.venv\Lib\site-packages\requests\models.py", line 1116, in json
    return complexjson.loads(self.text, **kwargs)
           ^^^^^^^^^^^^^^^^^^^^^^^^^^^^^^^^^^^^^^
  File "C:\Users\saiem\AppData\Local\Programs\Python\Python311\Lib\json\__init__.py", line 346, in loads
    return _default_decoder.decode(s)
           ^^^^^^^^^^^^^^^^^^^^^^^^^^
  File "C:\Users\saiem\AppData\Local\Programs\Python\Python311\Lib\json\decoder.py", line 337, in decode
    obj, end = self.raw_decode(s, idx=_w(s, 0).end())
               ^^^^^^^^^^^^^^^^^^^^^^^^^^^^^^^^^^^^^^
  File "C:\Users\saiem\AppData\Local\Programs\Python\Python311\Lib\json\decoder.py", line 355, in raw_decode
    raise JSONDecodeError("Expecting value", s, err.value) from None
json.decoder.JSONDecodeError: Expecting value: line 1 column 1 (char 0)

During handling of the above exception, another exception occurred:

Traceback (most recent call last):
  File "C:\Users\saiem\Documents\GitHub-Data\sdv-dev\cfbfastR-dev\cfbfastR-cfb-raw\python\_cfb_raw_utils.py", line 93, in _safe
    return fn(*args, **kwargs)
           ^^^^^^^^^^^^^^^^^^^
  File "C:\Users\saiem\Documents\GitHub-Data\sdv-dev\cfbfastR-dev\cfbfastR-cfb-raw\python\scrape_cfb_json.py", line 27, in _participants
    return sdv.cfb.espn_cfb_play_participants(game_id=gid, return_as_pandas=True).to_dict("records")
           ^^^^^^^^^^^^^^^^^^^^^^^^^^^^^^^^^^^^^^^^^^^^^^^^^^^^^^^^^^^^^^^^^^^^^^
  File "C:\Users\saiem\Documents\GitHub-Data\sdv-dev\cfbfastR-dev\cfbfastR-cfb-raw\.venv\Lib\site-packages\sportsdataverse\cfb\cfb_play_participants.py", line 184, in espn_cfb_play_participants
    plays_raw = _download_plays(game_id, **kwargs)
                ^^^^^^^^^^^^^^^^^^^^^^^^^^^^^^^^^^
  File "C:\Users\saiem\Documents\GitHub-Data\sdv-dev\cfbfastR-dev\cfbfastR-cfb-raw\.venv\Lib\site-packages\sportsdataverse\cfb\cfb_play_participants.py", line 215, in _download_plays
    body = resp.json()
           ^^^^^^^^^^^
  File "C:\Users\saiem\Documents\GitHub-Data\sdv-dev\cfbfastR-dev\cfbfastR-cfb-raw\.venv\Lib\site-packages\requests\models.py", line 1120, in json
    raise RequestsJSONDecodeError(e.msg, e.doc, e.pos)
requests.exceptions.JSONDecodeError: Expecting value: line 1 column 1 (char 0)
2026-06-13 19:44:06,403 ERROR extra fetch failed: _participants(312810164,)
Traceback (most recent call last):
  File "C:\Users\saiem\Documents\GitHub-Data\sdv-dev\cfbfastR-dev\cfbfastR-cfb-raw\.venv\Lib\site-packages\requests\models.py", line 1116, in json
    return complexjson.loads(self.text, **kwargs)
           ^^^^^^^^^^^^^^^^^^^^^^^^^^^^^^^^^^^^^^
  File "C:\Users\saiem\AppData\Local\Programs\Python\Python311\Lib\json\__init__.py", line 346, in loads
    return _default_decoder.decode(s)
           ^^^^^^^^^^^^^^^^^^^^^^^^^^
  File "C:\Users\saiem\AppData\Local\Programs\Python\Python311\Lib\json\decoder.py", line 337, in decode
    obj, end = self.raw_decode(s, idx=_w(s, 0).end())
               ^^^^^^^^^^^^^^^^^^^^^^^^^^^^^^^^^^^^^^
  File "C:\Users\saiem\AppData\Local\Programs\Python\Python311\Lib\json\decoder.py", line 355, in raw_decode
    raise JSONDecodeError("Expecting value", s, err.value) from None
json.decoder.JSONDecodeError: Expecting value: line 1 column 1 (char 0)

During handling of the above exception, another exception occurred:

Traceback (most recent call last):
  File "C:\Users\saiem\Documents\GitHub-Data\sdv-dev\cfbfastR-dev\cfbfastR-cfb-raw\python\_cfb_raw_utils.py", line 93, in _safe
    return fn(*args, **kwargs)
           ^^^^^^^^^^^^^^^^^^^
  File "C:\Users\saiem\Documents\GitHub-Data\sdv-dev\cfbfastR-dev\cfbfastR-cfb-raw\python\scrape_cfb_json.py", line 27, in _participants
    return sdv.cfb.espn_cfb_play_participants(game_id=gid, return_as_pandas=True).to_dict("records")
           ^^^^^^^^^^^^^^^^^^^^^^^^^^^^^^^^^^^^^^^^^^^^^^^^^^^^^^^^^^^^^^^^^^^^^^
  File "C:\Users\saiem\Documents\GitHub-Data\sdv-dev\cfbfastR-dev\cfbfastR-cfb-raw\.venv\Lib\site-packages\sportsdataverse\cfb\cfb_play_participants.py", line 184, in espn_cfb_play_participants
    plays_raw = _download_plays(game_id, **kwargs)
                ^^^^^^^^^^^^^^^^^^^^^^^^^^^^^^^^^^
  File "C:\Users\saiem\Documents\GitHub-Data\sdv-dev\cfbfastR-dev\cfbfastR-cfb-raw\.venv\Lib\site-packages\sportsdataverse\cfb\cfb_play_participants.py", line 215, in _download_plays
    body = resp.json()
           ^^^^^^^^^^^
  File "C:\Users\saiem\Documents\GitHub-Data\sdv-dev\cfbfastR-dev\cfbfastR-cfb-raw\.venv\Lib\site-packages\requests\models.py", line 1120, in json
    raise RequestsJSONDecodeError(e.msg, e.doc, e.pos)
requests.exceptions.JSONDecodeError: Expecting value: line 1 column 1 (char 0)
2026-06-13 19:44:06,432 ERROR extra fetch failed: _participants(312810256,)
Traceback (most recent call last):
  File "C:\Users\saiem\Documents\GitHub-Data\sdv-dev\cfbfastR-dev\cfbfastR-cfb-raw\.venv\Lib\site-packages\requests\models.py", line 1116, in json
    return complexjson.loads(self.text, **kwargs)
           ^^^^^^^^^^^^^^^^^^^^^^^^^^^^^^^^^^^^^^
  File "C:\Users\saiem\AppData\Local\Programs\Python\Python311\Lib\json\__init__.py", line 346, in loads
    return _default_decoder.decode(s)
           ^^^^^^^^^^^^^^^^^^^^^^^^^^
  File "C:\Users\saiem\AppData\Local\Programs\Python\Python311\Lib\json\decoder.py", line 337, in decode
    obj, end = self.raw_decode(s, idx=_w(s, 0).end())
               ^^^^^^^^^^^^^^^^^^^^^^^^^^^^^^^^^^^^^^
  File "C:\Users\saiem\AppData\Local\Programs\Python\Python311\Lib\json\decoder.py", line 355, in raw_decode
    raise JSONDecodeError("Expecting value", s, err.value) from None
json.decoder.JSONDecodeError: Expecting value: line 1 column 1 (char 0)

During handling of the above exception, another exception occurred:

Traceback (most recent call last):
  File "C:\Users\saiem\Documents\GitHub-Data\sdv-dev\cfbfastR-dev\cfbfastR-cfb-raw\python\_cfb_raw_utils.py", line 93, in _safe
    return fn(*args, **kwargs)
           ^^^^^^^^^^^^^^^^^^^
  File "C:\Users\saiem\Documents\GitHub-Data\sdv-dev\cfbfastR-dev\cfbfastR-cfb-raw\python\scrape_cfb_json.py", line 27, in _participants
    return sdv.cfb.espn_cfb_play_participants(game_id=gid, return_as_pandas=True).to_dict("records")
           ^^^^^^^^^^^^^^^^^^^^^^^^^^^^^^^^^^^^^^^^^^^^^^^^^^^^^^^^^^^^^^^^^^^^^^
  File "C:\Users\saiem\Documents\GitHub-Data\sdv-dev\cfbfastR-dev\cfbfastR-cfb-raw\.venv\Lib\site-packages\sportsdataverse\cfb\cfb_play_participants.py", line 184, in espn_cfb_play_participants
    plays_raw = _download_plays(game_id, **kwargs)
                ^^^^^^^^^^^^^^^^^^^^^^^^^^^^^^^^^^
  File "C:\Users\saiem\Documents\GitHub-Data\sdv-dev\cfbfastR-dev\cfbfastR-cfb-raw\.venv\Lib\site-packages\sportsdataverse\cfb\cfb_play_participants.py", line 215, in _download_plays
    body = resp.json()
           ^^^^^^^^^^^
  File "C:\Users\saiem\Documents\GitHub-Data\sdv-dev\cfbfastR-dev\cfbfastR-cfb-raw\.venv\Lib\site-packages\requests\models.py", line 1120, in json
    raise RequestsJSONDecodeError(e.msg, e.doc, e.pos)
requests.exceptions.JSONDecodeError: Expecting value: line 1 column 1 (char 0)
2026-06-13 19:44:06,477 ERROR extra fetch failed: _participants(312812459,)
Traceback (most recent call last):
  File "C:\Users\saiem\Documents\GitHub-Data\sdv-dev\cfbfastR-dev\cfbfastR-cfb-raw\.venv\Lib\site-packages\requests\models.py", line 1116, in json
    return complexjson.loads(self.text, **kwargs)
           ^^^^^^^^^^^^^^^^^^^^^^^^^^^^^^^^^^^^^^
  File "C:\Users\saiem\AppData\Local\Programs\Python\Python311\Lib\json\__init__.py", line 346, in loads
    return _default_decoder.decode(s)
           ^^^^^^^^^^^^^^^^^^^^^^^^^^
  File "C:\Users\saiem\AppData\Local\Programs\Python\Python311\Lib\json\decoder.py", line 337, in decode
    obj, end = self.raw_decode(s, idx=_w(s, 0).end())
               ^^^^^^^^^^^^^^^^^^^^^^^^^^^^^^^^^^^^^^
  File "C:\Users\saiem\AppData\Local\Programs\Python\Python311\Lib\json\decoder.py", line 355, in raw_decode
    raise JSONDecodeError("Expecting value", s, err.value) from None
json.decoder.JSONDecodeError: Expecting value: line 1 column 1 (char 0)

During handling of the above exception, another exception occurred:

Traceback (most recent call last):
  File "C:\Users\saiem\Documents\GitHub-Data\sdv-dev\cfbfastR-dev\cfbfastR-cfb-raw\python\_cfb_raw_utils.py", line 93, in _safe
    return fn(*args, **kwargs)
           ^^^^^^^^^^^^^^^^^^^
  File "C:\Users\saiem\Documents\GitHub-Data\sdv-dev\cfbfastR-dev\cfbfastR-cfb-raw\python\scrape_cfb_json.py", line 27, in _participants
    return sdv.cfb.espn_cfb_play_participants(game_id=gid, return_as_pandas=True).to_dict("records")
           ^^^^^^^^^^^^^^^^^^^^^^^^^^^^^^^^^^^^^^^^^^^^^^^^^^^^^^^^^^^^^^^^^^^^^^
  File "C:\Users\saiem\Documents\GitHub-Data\sdv-dev\cfbfastR-dev\cfbfastR-cfb-raw\.venv\Lib\site-packages\sportsdataverse\cfb\cfb_play_participants.py", line 184, in espn_cfb_play_participants
    plays_raw = _download_plays(game_id, **kwargs)
                ^^^^^^^^^^^^^^^^^^^^^^^^^^^^^^^^^^
  File "C:\Users\saiem\Documents\GitHub-Data\sdv-dev\cfbfastR-dev\cfbfastR-cfb-raw\.venv\Lib\site-packages\sportsdataverse\cfb\cfb_play_participants.py", line 215, in _download_plays
    body = resp.json()
           ^^^^^^^^^^^
  File "C:\Users\saiem\Documents\GitHub-Data\sdv-dev\cfbfastR-dev\cfbfastR-cfb-raw\.venv\Lib\site-packages\requests\models.py", line 1120, in json
    raise RequestsJSONDecodeError(e.msg, e.doc, e.pos)
requests.exceptions.JSONDecodeError: Expecting value: line 1 column 1 (char 0)
2026-06-13 19:44:06,496 ERROR extra fetch failed: _rosters(312812617,)
Traceback (most recent call last):
  File "C:\Users\saiem\Documents\GitHub-Data\sdv-dev\cfbfastR-dev\cfbfastR-cfb-raw\.venv\Lib\site-packages\requests\models.py", line 1116, in json
    return complexjson.loads(self.text, **kwargs)
           ^^^^^^^^^^^^^^^^^^^^^^^^^^^^^^^^^^^^^^
  File "C:\Users\saiem\AppData\Local\Programs\Python\Python311\Lib\json\__init__.py", line 346, in loads
    return _default_decoder.decode(s)
           ^^^^^^^^^^^^^^^^^^^^^^^^^^
  File "C:\Users\saiem\AppData\Local\Programs\Python\Python311\Lib\json\decoder.py", line 337, in decode
    obj, end = self.raw_decode(s, idx=_w(s, 0).end())
               ^^^^^^^^^^^^^^^^^^^^^^^^^^^^^^^^^^^^^^
  File "C:\Users\saiem\AppData\Local\Programs\Python\Python311\Lib\json\decoder.py", line 355, in raw_decode
    raise JSONDecodeError("Expecting value", s, err.value) from None
json.decoder.JSONDecodeError: Expecting value: line 1 column 1 (char 0)

During handling of the above exception, another exception occurred:

Traceback (most recent call last):
  File "C:\Users\saiem\Documents\GitHub-Data\sdv-dev\cfbfastR-dev\cfbfastR-cfb-raw\python\_cfb_raw_utils.py", line 93, in _safe
    return fn(*args, **kwargs)
           ^^^^^^^^^^^^^^^^^^^
  File "C:\Users\saiem\Documents\GitHub-Data\sdv-dev\cfbfastR-dev\cfbfastR-cfb-raw\python\scrape_cfb_json.py", line 31, in _rosters
    return sdv.cfb.espn_cfb_game_rosters(game_id=gid, return_as_pandas=True).to_dict("records")
           ^^^^^^^^^^^^^^^^^^^^^^^^^^^^^^^^^^^^^^^^^^^^^^^^^^^^^^^^^^^^^^^^^
  File "C:\Users\saiem\Documents\GitHub-Data\sdv-dev\cfbfastR-dev\cfbfastR-cfb-raw\.venv\Lib\site-packages\sportsdataverse\cfb\cfb_game_rosters.py", line 64, in espn_cfb_game_rosters
    summary = summary_resp.json()
              ^^^^^^^^^^^^^^^^^^^
  File "C:\Users\saiem\Documents\GitHub-Data\sdv-dev\cfbfastR-dev\cfbfastR-cfb-raw\.venv\Lib\site-packages\requests\models.py", line 1120, in json
    raise RequestsJSONDecodeError(e.msg, e.doc, e.pos)
requests.exceptions.JSONDecodeError: Expecting value: line 1 column 1 (char 0)
2026-06-13 19:44:06,525 ERROR extra fetch failed: _rosters(312812247,)
Traceback (most recent call last):
  File "C:\Users\saiem\Documents\GitHub-Data\sdv-dev\cfbfastR-dev\cfbfastR-cfb-raw\.venv\Lib\site-packages\requests\models.py", line 1116, in json
    return complexjson.loads(self.text, **kwargs)
           ^^^^^^^^^^^^^^^^^^^^^^^^^^^^^^^^^^^^^^
  File "C:\Users\saiem\AppData\Local\Programs\Python\Python311\Lib\json\__init__.py", line 346, in loads
    return _default_decoder.decode(s)
           ^^^^^^^^^^^^^^^^^^^^^^^^^^
  File "C:\Users\saiem\AppData\Local\Programs\Python\Python311\Lib\json\decoder.py", line 337, in decode
    obj, end = self.raw_decode(s, idx=_w(s, 0).end())
               ^^^^^^^^^^^^^^^^^^^^^^^^^^^^^^^^^^^^^^
  File "C:\Users\saiem\AppData\Local\Programs\Python\Python311\Lib\json\decoder.py", line 355, in raw_decode
    raise JSONDecodeError("Expecting value", s, err.value) from None
json.decoder.JSONDecodeError: Expecting value: line 1 column 1 (char 0)

During handling of the above exception, another exception occurred:

Traceback (most recent call last):
  File "C:\Users\saiem\Documents\GitHub-Data\sdv-dev\cfbfastR-dev\cfbfastR-cfb-raw\python\_cfb_raw_utils.py", line 93, in _safe
    return fn(*args, **kwargs)
           ^^^^^^^^^^^^^^^^^^^
  File "C:\Users\saiem\Documents\GitHub-Data\sdv-dev\cfbfastR-dev\cfbfastR-cfb-raw\python\scrape_cfb_json.py", line 31, in _rosters
    return sdv.cfb.espn_cfb_game_rosters(game_id=gid, return_as_pandas=True).to_dict("records")
           ^^^^^^^^^^^^^^^^^^^^^^^^^^^^^^^^^^^^^^^^^^^^^^^^^^^^^^^^^^^^^^^^^
  File "C:\Users\saiem\Documents\GitHub-Data\sdv-dev\cfbfastR-dev\cfbfastR-cfb-raw\.venv\Lib\site-packages\sportsdataverse\cfb\cfb_game_rosters.py", line 64, in espn_cfb_game_rosters
    summary = summary_resp.json()
              ^^^^^^^^^^^^^^^^^^^
  File "C:\Users\saiem\Documents\GitHub-Data\sdv-dev\cfbfastR-dev\cfbfastR-cfb-raw\.venv\Lib\site-packages\requests\models.py", line 1120, in json
    raise RequestsJSONDecodeError(e.msg, e.doc, e.pos)
requests.exceptions.JSONDecodeError: Expecting value: line 1 column 1 (char 0)
2026-06-13 19:44:06,813 ERROR extra fetch failed: _rosters(312812050,)
Traceback (most recent call last):
  File "C:\Users\saiem\Documents\GitHub-Data\sdv-dev\cfbfastR-dev\cfbfastR-cfb-raw\.venv\Lib\site-packages\requests\models.py", line 1116, in json
    return complexjson.loads(self.text, **kwargs)
           ^^^^^^^^^^^^^^^^^^^^^^^^^^^^^^^^^^^^^^
  File "C:\Users\saiem\AppData\Local\Programs\Python\Python311\Lib\json\__init__.py", line 346, in loads
    return _default_decoder.decode(s)
           ^^^^^^^^^^^^^^^^^^^^^^^^^^
  File "C:\Users\saiem\AppData\Local\Programs\Python\Python311\Lib\json\decoder.py", line 337, in decode
    obj, end = self.raw_decode(s, idx=_w(s, 0).end())
               ^^^^^^^^^^^^^^^^^^^^^^^^^^^^^^^^^^^^^^
  File "C:\Users\saiem\AppData\Local\Programs\Python\Python311\Lib\json\decoder.py", line 355, in raw_decode
    raise JSONDecodeError("Expecting value", s, err.value) from None
json.decoder.JSONDecodeError: Expecting value: line 1 column 1 (char 0)

During handling of the above exception, another exception occurred:

Traceback (most recent call last):
  File "C:\Users\saiem\Documents\GitHub-Data\sdv-dev\cfbfastR-dev\cfbfastR-cfb-raw\python\_cfb_raw_utils.py", line 93, in _safe
    return fn(*args, **kwargs)
           ^^^^^^^^^^^^^^^^^^^
  File "C:\Users\saiem\Documents\GitHub-Data\sdv-dev\cfbfastR-dev\cfbfastR-cfb-raw\python\scrape_cfb_json.py", line 31, in _rosters
    return sdv.cfb.espn_cfb_game_rosters(game_id=gid, return_as_pandas=True).to_dict("records")
           ^^^^^^^^^^^^^^^^^^^^^^^^^^^^^^^^^^^^^^^^^^^^^^^^^^^^^^^^^^^^^^^^^
  File "C:\Users\saiem\Documents\GitHub-Data\sdv-dev\cfbfastR-dev\cfbfastR-cfb-raw\.venv\Lib\site-packages\sportsdataverse\cfb\cfb_game_rosters.py", line 64, in espn_cfb_game_rosters
    summary = summary_resp.json()
              ^^^^^^^^^^^^^^^^^^^
  File "C:\Users\saiem\Documents\GitHub-Data\sdv-dev\cfbfastR-dev\cfbfastR-cfb-raw\.venv\Lib\site-packages\requests\models.py", line 1120, in json
    raise RequestsJSONDecodeError(e.msg, e.doc, e.pos)
requests.exceptions.JSONDecodeError: Expecting value: line 1 column 1 (char 0)
2026-06-13 19:44:06,966 ERROR extra fetch failed: _participants(312812241,)
Traceback (most recent call last):
  File "C:\Users\saiem\Documents\GitHub-Data\sdv-dev\cfbfastR-dev\cfbfastR-cfb-raw\.venv\Lib\site-packages\requests\models.py", line 1116, in json
    return complexjson.loads(self.text, **kwargs)
           ^^^^^^^^^^^^^^^^^^^^^^^^^^^^^^^^^^^^^^
  File "C:\Users\saiem\AppData\Local\Programs\Python\Python311\Lib\json\__init__.py", line 346, in loads
    return _default_decoder.decode(s)
           ^^^^^^^^^^^^^^^^^^^^^^^^^^
  File "C:\Users\saiem\AppData\Local\Programs\Python\Python311\Lib\json\decoder.py", line 337, in decode
    obj, end = self.raw_decode(s, idx=_w(s, 0).end())
               ^^^^^^^^^^^^^^^^^^^^^^^^^^^^^^^^^^^^^^
  File "C:\Users\saiem\AppData\Local\Programs\Python\Python311\Lib\json\decoder.py", line 355, in raw_decode
    raise JSONDecodeError("Expecting value", s, err.value) from None
json.decoder.JSONDecodeError: Expecting value: line 1 column 1 (char 0)

During handling of the above exception, another exception occurred:

Traceback (most recent call last):
  File "C:\Users\saiem\Documents\GitHub-Data\sdv-dev\cfbfastR-dev\cfbfastR-cfb-raw\python\_cfb_raw_utils.py", line 93, in _safe
    return fn(*args, **kwargs)
           ^^^^^^^^^^^^^^^^^^^
  File "C:\Users\saiem\Documents\GitHub-Data\sdv-dev\cfbfastR-dev\cfbfastR-cfb-raw\python\scrape_cfb_json.py", line 27, in _participants
    return sdv.cfb.espn_cfb_play_participants(game_id=gid, return_as_pandas=True).to_dict("records")
           ^^^^^^^^^^^^^^^^^^^^^^^^^^^^^^^^^^^^^^^^^^^^^^^^^^^^^^^^^^^^^^^^^^^^^^
  File "C:\Users\saiem\Documents\GitHub-Data\sdv-dev\cfbfastR-dev\cfbfastR-cfb-raw\.venv\Lib\site-packages\sportsdataverse\cfb\cfb_play_participants.py", line 184, in espn_cfb_play_participants
    plays_raw = _download_plays(game_id, **kwargs)
                ^^^^^^^^^^^^^^^^^^^^^^^^^^^^^^^^^^
  File "C:\Users\saiem\Documents\GitHub-Data\sdv-dev\cfbfastR-dev\cfbfastR-cfb-raw\.venv\Lib\site-packages\sportsdataverse\cfb\cfb_play_participants.py", line 215, in _download_plays
    body = resp.json()
           ^^^^^^^^^^^
  File "C:\Users\saiem\Documents\GitHub-Data\sdv-dev\cfbfastR-dev\cfbfastR-cfb-raw\.venv\Lib\site-packages\requests\models.py", line 1120, in json
    raise RequestsJSONDecodeError(e.msg, e.doc, e.pos)
requests.exceptions.JSONDecodeError: Expecting value: line 1 column 1 (char 0)
2026-06-13 19:44:07,071 ERROR extra fetch failed: _rosters(312810079,)
Traceback (most recent call last):
  File "C:\Users\saiem\Documents\GitHub-Data\sdv-dev\cfbfastR-dev\cfbfastR-cfb-raw\.venv\Lib\site-packages\requests\models.py", line 1116, in json
    return complexjson.loads(self.text, **kwargs)
           ^^^^^^^^^^^^^^^^^^^^^^^^^^^^^^^^^^^^^^
  File "C:\Users\saiem\AppData\Local\Programs\Python\Python311\Lib\json\__init__.py", line 346, in loads
    return _default_decoder.decode(s)
           ^^^^^^^^^^^^^^^^^^^^^^^^^^
  File "C:\Users\saiem\AppData\Local\Programs\Python\Python311\Lib\json\decoder.py", line 337, in decode
    obj, end = self.raw_decode(s, idx=_w(s, 0).end())
               ^^^^^^^^^^^^^^^^^^^^^^^^^^^^^^^^^^^^^^
  File "C:\Users\saiem\AppData\Local\Programs\Python\Python311\Lib\json\decoder.py", line 355, in raw_decode
    raise JSONDecodeError("Expecting value", s, err.value) from None
json.decoder.JSONDecodeError: Expecting value: line 1 column 1 (char 0)

During handling of the above exception, another exception occurred:

Traceback (most recent call last):
  File "C:\Users\saiem\Documents\GitHub-Data\sdv-dev\cfbfastR-dev\cfbfastR-cfb-raw\python\_cfb_raw_utils.py", line 93, in _safe
    return fn(*args, **kwargs)
           ^^^^^^^^^^^^^^^^^^^
  File "C:\Users\saiem\Documents\GitHub-Data\sdv-dev\cfbfastR-dev\cfbfastR-cfb-raw\python\scrape_cfb_json.py", line 31, in _rosters
    return sdv.cfb.espn_cfb_game_rosters(game_id=gid, return_as_pandas=True).to_dict("records")
           ^^^^^^^^^^^^^^^^^^^^^^^^^^^^^^^^^^^^^^^^^^^^^^^^^^^^^^^^^^^^^^^^^
  File "C:\Users\saiem\Documents\GitHub-Data\sdv-dev\cfbfastR-dev\cfbfastR-cfb-raw\.venv\Lib\site-packages\sportsdataverse\cfb\cfb_game_rosters.py", line 64, in espn_cfb_game_rosters
    summary = summary_resp.json()
              ^^^^^^^^^^^^^^^^^^^
  File "C:\Users\saiem\Documents\GitHub-Data\sdv-dev\cfbfastR-dev\cfbfastR-cfb-raw\.venv\Lib\site-packages\requests\models.py", line 1120, in json
    raise RequestsJSONDecodeError(e.msg, e.doc, e.pos)
requests.exceptions.JSONDecodeError: Expecting value: line 1 column 1 (char 0)
2026-06-13 19:44:07,162 ERROR extra fetch failed: _rosters(312812711,)
Traceback (most recent call last):
  File "C:\Users\saiem\Documents\GitHub-Data\sdv-dev\cfbfastR-dev\cfbfastR-cfb-raw\.venv\Lib\site-packages\requests\models.py", line 1116, in json
    return complexjson.loads(self.text, **kwargs)
           ^^^^^^^^^^^^^^^^^^^^^^^^^^^^^^^^^^^^^^
  File "C:\Users\saiem\AppData\Local\Programs\Python\Python311\Lib\json\__init__.py", line 346, in loads
    return _default_decoder.decode(s)
           ^^^^^^^^^^^^^^^^^^^^^^^^^^
  File "C:\Users\saiem\AppData\Local\Programs\Python\Python311\Lib\json\decoder.py", line 337, in decode
    obj, end = self.raw_decode(s, idx=_w(s, 0).end())
               ^^^^^^^^^^^^^^^^^^^^^^^^^^^^^^^^^^^^^^
  File "C:\Users\saiem\AppData\Local\Programs\Python\Python311\Lib\json\decoder.py", line 355, in raw_decode
    raise JSONDecodeError("Expecting value", s, err.value) from None
json.decoder.JSONDecodeError: Expecting value: line 1 column 1 (char 0)

During handling of the above exception, another exception occurred:

Traceback (most recent call last):
  File "C:\Users\saiem\Documents\GitHub-Data\sdv-dev\cfbfastR-dev\cfbfastR-cfb-raw\python\_cfb_raw_utils.py", line 93, in _safe
    return fn(*args, **kwargs)
           ^^^^^^^^^^^^^^^^^^^
  File "C:\Users\saiem\Documents\GitHub-Data\sdv-dev\cfbfastR-dev\cfbfastR-cfb-raw\python\scrape_cfb_json.py", line 31, in _rosters
    return sdv.cfb.espn_cfb_game_rosters(game_id=gid, return_as_pandas=True).to_dict("records")
           ^^^^^^^^^^^^^^^^^^^^^^^^^^^^^^^^^^^^^^^^^^^^^^^^^^^^^^^^^^^^^^^^^
  File "C:\Users\saiem\Documents\GitHub-Data\sdv-dev\cfbfastR-dev\cfbfastR-cfb-raw\.venv\Lib\site-packages\sportsdataverse\cfb\cfb_game_rosters.py", line 64, in espn_cfb_game_rosters
    summary = summary_resp.json()
              ^^^^^^^^^^^^^^^^^^^
  File "C:\Users\saiem\Documents\GitHub-Data\sdv-dev\cfbfastR-dev\cfbfastR-cfb-raw\.venv\Lib\site-packages\requests\models.py", line 1120, in json
    raise RequestsJSONDecodeError(e.msg, e.doc, e.pos)
requests.exceptions.JSONDecodeError: Expecting value: line 1 column 1 (char 0)
2026-06-13 19:44:07,355 ERROR extra fetch failed: _rosters(312810290,)
Traceback (most recent call last):
  File "C:\Users\saiem\Documents\GitHub-Data\sdv-dev\cfbfastR-dev\cfbfastR-cfb-raw\.venv\Lib\site-packages\requests\models.py", line 1116, in json
    return complexjson.loads(self.text, **kwargs)
           ^^^^^^^^^^^^^^^^^^^^^^^^^^^^^^^^^^^^^^
  File "C:\Users\saiem\AppData\Local\Programs\Python\Python311\Lib\json\__init__.py", line 346, in loads
    return _default_decoder.decode(s)
           ^^^^^^^^^^^^^^^^^^^^^^^^^^
  File "C:\Users\saiem\AppData\Local\Programs\Python\Python311\Lib\json\decoder.py", line 337, in decode
    obj, end = self.raw_decode(s, idx=_w(s, 0).end())
               ^^^^^^^^^^^^^^^^^^^^^^^^^^^^^^^^^^^^^^
  File "C:\Users\saiem\AppData\Local\Programs\Python\Python311\Lib\json\decoder.py", line 355, in raw_decode
    raise JSONDecodeError("Expecting value", s, err.value) from None
json.decoder.JSONDecodeError: Expecting value: line 1 column 1 (char 0)

During handling of the above exception, another exception occurred:

Traceback (most recent call last):
  File "C:\Users\saiem\Documents\GitHub-Data\sdv-dev\cfbfastR-dev\cfbfastR-cfb-raw\python\_cfb_raw_utils.py", line 93, in _safe
    return fn(*args, **kwargs)
           ^^^^^^^^^^^^^^^^^^^
  File "C:\Users\saiem\Documents\GitHub-Data\sdv-dev\cfbfastR-dev\cfbfastR-cfb-raw\python\scrape_cfb_json.py", line 31, in _rosters
    return sdv.cfb.espn_cfb_game_rosters(game_id=gid, return_as_pandas=True).to_dict("records")
           ^^^^^^^^^^^^^^^^^^^^^^^^^^^^^^^^^^^^^^^^^^^^^^^^^^^^^^^^^^^^^^^^^
  File "C:\Users\saiem\Documents\GitHub-Data\sdv-dev\cfbfastR-dev\cfbfastR-cfb-raw\.venv\Lib\site-packages\sportsdataverse\cfb\cfb_game_rosters.py", line 64, in espn_cfb_game_rosters
    summary = summary_resp.json()
              ^^^^^^^^^^^^^^^^^^^
  File "C:\Users\saiem\Documents\GitHub-Data\sdv-dev\cfbfastR-dev\cfbfastR-cfb-raw\.venv\Lib\site-packages\requests\models.py", line 1120, in json
    raise RequestsJSONDecodeError(e.msg, e.doc, e.pos)
requests.exceptions.JSONDecodeError: Expecting value: line 1 column 1 (char 0)
2026-06-13 19:44:07,384 ERROR extra fetch failed: _rosters(312812649,)
Traceback (most recent call last):
  File "C:\Users\saiem\Documents\GitHub-Data\sdv-dev\cfbfastR-dev\cfbfastR-cfb-raw\.venv\Lib\site-packages\requests\models.py", line 1116, in json
    return complexjson.loads(self.text, **kwargs)
           ^^^^^^^^^^^^^^^^^^^^^^^^^^^^^^^^^^^^^^
  File "C:\Users\saiem\AppData\Local\Programs\Python\Python311\Lib\json\__init__.py", line 346, in loads
    return _default_decoder.decode(s)
           ^^^^^^^^^^^^^^^^^^^^^^^^^^
  File "C:\Users\saiem\AppData\Local\Programs\Python\Python311\Lib\json\decoder.py", line 337, in decode
    obj, end = self.raw_decode(s, idx=_w(s, 0).end())
               ^^^^^^^^^^^^^^^^^^^^^^^^^^^^^^^^^^^^^^
  File "C:\Users\saiem\AppData\Local\Programs\Python\Python311\Lib\json\decoder.py", line 355, in raw_decode
    raise JSONDecodeError("Expecting value", s, err.value) from None
json.decoder.JSONDecodeError: Expecting value: line 1 column 1 (char 0)

During handling of the above exception, another exception occurred:

Traceback (most recent call last):
  File "C:\Users\saiem\Documents\GitHub-Data\sdv-dev\cfbfastR-dev\cfbfastR-cfb-raw\python\_cfb_raw_utils.py", line 93, in _safe
    return fn(*args, **kwargs)
           ^^^^^^^^^^^^^^^^^^^
  File "C:\Users\saiem\Documents\GitHub-Data\sdv-dev\cfbfastR-dev\cfbfastR-cfb-raw\python\scrape_cfb_json.py", line 31, in _rosters
    return sdv.cfb.espn_cfb_game_rosters(game_id=gid, return_as_pandas=True).to_dict("records")
           ^^^^^^^^^^^^^^^^^^^^^^^^^^^^^^^^^^^^^^^^^^^^^^^^^^^^^^^^^^^^^^^^^
  File "C:\Users\saiem\Documents\GitHub-Data\sdv-dev\cfbfastR-dev\cfbfastR-cfb-raw\.venv\Lib\site-packages\sportsdataverse\cfb\cfb_game_rosters.py", line 64, in espn_cfb_game_rosters
    summary = summary_resp.json()
              ^^^^^^^^^^^^^^^^^^^
  File "C:\Users\saiem\Documents\GitHub-Data\sdv-dev\cfbfastR-dev\cfbfastR-cfb-raw\.venv\Lib\site-packages\requests\models.py", line 1120, in json
    raise RequestsJSONDecodeError(e.msg, e.doc, e.pos)
requests.exceptions.JSONDecodeError: Expecting value: line 1 column 1 (char 0)
2026-06-13 19:44:07,400 ERROR extra fetch failed: _rosters(312810152,)
Traceback (most recent call last):
  File "C:\Users\saiem\Documents\GitHub-Data\sdv-dev\cfbfastR-dev\cfbfastR-cfb-raw\.venv\Lib\site-packages\requests\models.py", line 1116, in json
    return complexjson.loads(self.text, **kwargs)
           ^^^^^^^^^^^^^^^^^^^^^^^^^^^^^^^^^^^^^^
  File "C:\Users\saiem\AppData\Local\Programs\Python\Python311\Lib\json\__init__.py", line 346, in loads
    return _default_decoder.decode(s)
           ^^^^^^^^^^^^^^^^^^^^^^^^^^
  File "C:\Users\saiem\AppData\Local\Programs\Python\Python311\Lib\json\decoder.py", line 337, in decode
    obj, end = self.raw_decode(s, idx=_w(s, 0).end())
               ^^^^^^^^^^^^^^^^^^^^^^^^^^^^^^^^^^^^^^
  File "C:\Users\saiem\AppData\Local\Programs\Python\Python311\Lib\json\decoder.py", line 355, in raw_decode
    raise JSONDecodeError("Expecting value", s, err.value) from None
json.decoder.JSONDecodeError: Expecting value: line 1 column 1 (char 0)

During handling of the above exception, another exception occurred:

Traceback (most recent call last):
  File "C:\Users\saiem\Documents\GitHub-Data\sdv-dev\cfbfastR-dev\cfbfastR-cfb-raw\python\_cfb_raw_utils.py", line 93, in _safe
    return fn(*args, **kwargs)
           ^^^^^^^^^^^^^^^^^^^
  File "C:\Users\saiem\Documents\GitHub-Data\sdv-dev\cfbfastR-dev\cfbfastR-cfb-raw\python\scrape_cfb_json.py", line 31, in _rosters
    return sdv.cfb.espn_cfb_game_rosters(game_id=gid, return_as_pandas=True).to_dict("records")
           ^^^^^^^^^^^^^^^^^^^^^^^^^^^^^^^^^^^^^^^^^^^^^^^^^^^^^^^^^^^^^^^^^
  File "C:\Users\saiem\Documents\GitHub-Data\sdv-dev\cfbfastR-dev\cfbfastR-cfb-raw\.venv\Lib\site-packages\sportsdataverse\cfb\cfb_game_rosters.py", line 64, in espn_cfb_game_rosters
    summary = summary_resp.json()
              ^^^^^^^^^^^^^^^^^^^
  File "C:\Users\saiem\Documents\GitHub-Data\sdv-dev\cfbfastR-dev\cfbfastR-cfb-raw\.venv\Lib\site-packages\requests\models.py", line 1120, in json
    raise RequestsJSONDecodeError(e.msg, e.doc, e.pos)
requests.exceptions.JSONDecodeError: Expecting value: line 1 column 1 (char 0)
2026-06-13 19:44:07,410 ERROR extra fetch failed: _rosters(312810213,)
Traceback (most recent call last):
  File "C:\Users\saiem\Documents\GitHub-Data\sdv-dev\cfbfastR-dev\cfbfastR-cfb-raw\.venv\Lib\site-packages\requests\models.py", line 1116, in json
    return complexjson.loads(self.text, **kwargs)
           ^^^^^^^^^^^^^^^^^^^^^^^^^^^^^^^^^^^^^^
  File "C:\Users\saiem\AppData\Local\Programs\Python\Python311\Lib\json\__init__.py", line 346, in loads
    return _default_decoder.decode(s)
           ^^^^^^^^^^^^^^^^^^^^^^^^^^
  File "C:\Users\saiem\AppData\Local\Programs\Python\Python311\Lib\json\decoder.py", line 337, in decode
    obj, end = self.raw_decode(s, idx=_w(s, 0).end())
               ^^^^^^^^^^^^^^^^^^^^^^^^^^^^^^^^^^^^^^
  File "C:\Users\saiem\AppData\Local\Programs\Python\Python311\Lib\json\decoder.py", line 355, in raw_decode
    raise JSONDecodeError("Expecting value", s, err.value) from None
json.decoder.JSONDecodeError: Expecting value: line 1 column 1 (char 0)

During handling of the above exception, another exception occurred:

Traceback (most recent call last):
  File "C:\Users\saiem\Documents\GitHub-Data\sdv-dev\cfbfastR-dev\cfbfastR-cfb-raw\python\_cfb_raw_utils.py", line 93, in _safe
    return fn(*args, **kwargs)
           ^^^^^^^^^^^^^^^^^^^
  File "C:\Users\saiem\Documents\GitHub-Data\sdv-dev\cfbfastR-dev\cfbfastR-cfb-raw\python\scrape_cfb_json.py", line 31, in _rosters
    return sdv.cfb.espn_cfb_game_rosters(game_id=gid, return_as_pandas=True).to_dict("records")
           ^^^^^^^^^^^^^^^^^^^^^^^^^^^^^^^^^^^^^^^^^^^^^^^^^^^^^^^^^^^^^^^^^
  File "C:\Users\saiem\Documents\GitHub-Data\sdv-dev\cfbfastR-dev\cfbfastR-cfb-raw\.venv\Lib\site-packages\sportsdataverse\cfb\cfb_game_rosters.py", line 64, in espn_cfb_game_rosters
    summary = summary_resp.json()
              ^^^^^^^^^^^^^^^^^^^
  File "C:\Users\saiem\Documents\GitHub-Data\sdv-dev\cfbfastR-dev\cfbfastR-cfb-raw\.venv\Lib\site-packages\requests\models.py", line 1120, in json
    raise RequestsJSONDecodeError(e.msg, e.doc, e.pos)
requests.exceptions.JSONDecodeError: Expecting value: line 1 column 1 (char 0)
2026-06-13 19:44:07,474 ERROR extra fetch failed: _rosters(312812084,)
Traceback (most recent call last):
  File "C:\Users\saiem\Documents\GitHub-Data\sdv-dev\cfbfastR-dev\cfbfastR-cfb-raw\.venv\Lib\site-packages\requests\models.py", line 1116, in json
    return complexjson.loads(self.text, **kwargs)
           ^^^^^^^^^^^^^^^^^^^^^^^^^^^^^^^^^^^^^^
  File "C:\Users\saiem\AppData\Local\Programs\Python\Python311\Lib\json\__init__.py", line 346, in loads
    return _default_decoder.decode(s)
           ^^^^^^^^^^^^^^^^^^^^^^^^^^
  File "C:\Users\saiem\AppData\Local\Programs\Python\Python311\Lib\json\decoder.py", line 337, in decode
    obj, end = self.raw_decode(s, idx=_w(s, 0).end())
               ^^^^^^^^^^^^^^^^^^^^^^^^^^^^^^^^^^^^^^
  File "C:\Users\saiem\AppData\Local\Programs\Python\Python311\Lib\json\decoder.py", line 355, in raw_decode
    raise JSONDecodeError("Expecting value", s, err.value) from None
json.decoder.JSONDecodeError: Expecting value: line 1 column 1 (char 0)

During handling of the above exception, another exception occurred:

Traceback (most recent call last):
  File "C:\Users\saiem\Documents\GitHub-Data\sdv-dev\cfbfastR-dev\cfbfastR-cfb-raw\python\_cfb_raw_utils.py", line 93, in _safe
    return fn(*args, **kwargs)
           ^^^^^^^^^^^^^^^^^^^
  File "C:\Users\saiem\Documents\GitHub-Data\sdv-dev\cfbfastR-dev\cfbfastR-cfb-raw\python\scrape_cfb_json.py", line 31, in _rosters
    return sdv.cfb.espn_cfb_game_rosters(game_id=gid, return_as_pandas=True).to_dict("records")
           ^^^^^^^^^^^^^^^^^^^^^^^^^^^^^^^^^^^^^^^^^^^^^^^^^^^^^^^^^^^^^^^^^
  File "C:\Users\saiem\Documents\GitHub-Data\sdv-dev\cfbfastR-dev\cfbfastR-cfb-raw\.venv\Lib\site-packages\sportsdataverse\cfb\cfb_game_rosters.py", line 64, in espn_cfb_game_rosters
    summary = summary_resp.json()
              ^^^^^^^^^^^^^^^^^^^
  File "C:\Users\saiem\Documents\GitHub-Data\sdv-dev\cfbfastR-dev\cfbfastR-cfb-raw\.venv\Lib\site-packages\requests\models.py", line 1120, in json
    raise RequestsJSONDecodeError(e.msg, e.doc, e.pos)
requests.exceptions.JSONDecodeError: Expecting value: line 1 column 1 (char 0)
2026-06-13 19:44:07,482 ERROR extra fetch failed: _rosters(312810204,)
Traceback (most recent call last):
  File "C:\Users\saiem\Documents\GitHub-Data\sdv-dev\cfbfastR-dev\cfbfastR-cfb-raw\.venv\Lib\site-packages\requests\models.py", line 1116, in json
    return complexjson.loads(self.text, **kwargs)
           ^^^^^^^^^^^^^^^^^^^^^^^^^^^^^^^^^^^^^^
  File "C:\Users\saiem\AppData\Local\Programs\Python\Python311\Lib\json\__init__.py", line 346, in loads
    return _default_decoder.decode(s)
           ^^^^^^^^^^^^^^^^^^^^^^^^^^
  File "C:\Users\saiem\AppData\Local\Programs\Python\Python311\Lib\json\decoder.py", line 337, in decode
    obj, end = self.raw_decode(s, idx=_w(s, 0).end())
               ^^^^^^^^^^^^^^^^^^^^^^^^^^^^^^^^^^^^^^
  File "C:\Users\saiem\AppData\Local\Programs\Python\Python311\Lib\json\decoder.py", line 355, in raw_decode
    raise JSONDecodeError("Expecting value", s, err.value) from None
json.decoder.JSONDecodeError: Expecting value: line 1 column 1 (char 0)

During handling of the above exception, another exception occurred:

Traceback (most recent call last):
  File "C:\Users\saiem\Documents\GitHub-Data\sdv-dev\cfbfastR-dev\cfbfastR-cfb-raw\python\_cfb_raw_utils.py", line 93, in _safe
    return fn(*args, **kwargs)
           ^^^^^^^^^^^^^^^^^^^
  File "C:\Users\saiem\Documents\GitHub-Data\sdv-dev\cfbfastR-dev\cfbfastR-cfb-raw\python\scrape_cfb_json.py", line 31, in _rosters
    return sdv.cfb.espn_cfb_game_rosters(game_id=gid, return_as_pandas=True).to_dict("records")
           ^^^^^^^^^^^^^^^^^^^^^^^^^^^^^^^^^^^^^^^^^^^^^^^^^^^^^^^^^^^^^^^^^
  File "C:\Users\saiem\Documents\GitHub-Data\sdv-dev\cfbfastR-dev\cfbfastR-cfb-raw\.venv\Lib\site-packages\sportsdataverse\cfb\cfb_game_rosters.py", line 64, in espn_cfb_game_rosters
    summary = summary_resp.json()
              ^^^^^^^^^^^^^^^^^^^
  File "C:\Users\saiem\Documents\GitHub-Data\sdv-dev\cfbfastR-dev\cfbfastR-cfb-raw\.venv\Lib\site-packages\requests\models.py", line 1120, in json
    raise RequestsJSONDecodeError(e.msg, e.doc, e.pos)
requests.exceptions.JSONDecodeError: Expecting value: line 1 column 1 (char 0)
2026-06-13 19:44:07,527 ERROR extra fetch failed: _rosters(312812623,)
Traceback (most recent call last):
  File "C:\Users\saiem\Documents\GitHub-Data\sdv-dev\cfbfastR-dev\cfbfastR-cfb-raw\.venv\Lib\site-packages\requests\models.py", line 1116, in json
    return complexjson.loads(self.text, **kwargs)
           ^^^^^^^^^^^^^^^^^^^^^^^^^^^^^^^^^^^^^^
  File "C:\Users\saiem\AppData\Local\Programs\Python\Python311\Lib\json\__init__.py", line 346, in loads
    return _default_decoder.decode(s)
           ^^^^^^^^^^^^^^^^^^^^^^^^^^
  File "C:\Users\saiem\AppData\Local\Programs\Python\Python311\Lib\json\decoder.py", line 337, in decode
    obj, end = self.raw_decode(s, idx=_w(s, 0).end())
               ^^^^^^^^^^^^^^^^^^^^^^^^^^^^^^^^^^^^^^
  File "C:\Users\saiem\AppData\Local\Programs\Python\Python311\Lib\json\decoder.py", line 355, in raw_decode
    raise JSONDecodeError("Expecting value", s, err.value) from None
json.decoder.JSONDecodeError: Expecting value: line 1 column 1 (char 0)

During handling of the above exception, another exception occurred:

Traceback (most recent call last):
  File "C:\Users\saiem\Documents\GitHub-Data\sdv-dev\cfbfastR-dev\cfbfastR-cfb-raw\python\_cfb_raw_utils.py", line 93, in _safe
    return fn(*args, **kwargs)
           ^^^^^^^^^^^^^^^^^^^
  File "C:\Users\saiem\Documents\GitHub-Data\sdv-dev\cfbfastR-dev\cfbfastR-cfb-raw\python\scrape_cfb_json.py", line 31, in _rosters
    return sdv.cfb.espn_cfb_game_rosters(game_id=gid, return_as_pandas=True).to_dict("records")
           ^^^^^^^^^^^^^^^^^^^^^^^^^^^^^^^^^^^^^^^^^^^^^^^^^^^^^^^^^^^^^^^^^
  File "C:\Users\saiem\Documents\GitHub-Data\sdv-dev\cfbfastR-dev\cfbfastR-cfb-raw\.venv\Lib\site-packages\sportsdataverse\cfb\cfb_game_rosters.py", line 64, in espn_cfb_game_rosters
    summary = summary_resp.json()
              ^^^^^^^^^^^^^^^^^^^
  File "C:\Users\saiem\Documents\GitHub-Data\sdv-dev\cfbfastR-dev\cfbfastR-cfb-raw\.venv\Lib\site-packages\requests\models.py", line 1120, in json
    raise RequestsJSONDecodeError(e.msg, e.doc, e.pos)
requests.exceptions.JSONDecodeError: Expecting value: line 1 column 1 (char 0)
2026-06-13 19:44:07,576 ERROR extra fetch failed: _rosters(312810087,)
Traceback (most recent call last):
  File "C:\Users\saiem\Documents\GitHub-Data\sdv-dev\cfbfastR-dev\cfbfastR-cfb-raw\.venv\Lib\site-packages\requests\models.py", line 1116, in json
    return complexjson.loads(self.text, **kwargs)
           ^^^^^^^^^^^^^^^^^^^^^^^^^^^^^^^^^^^^^^
  File "C:\Users\saiem\AppData\Local\Programs\Python\Python311\Lib\json\__init__.py", line 346, in loads
    return _default_decoder.decode(s)
           ^^^^^^^^^^^^^^^^^^^^^^^^^^
  File "C:\Users\saiem\AppData\Local\Programs\Python\Python311\Lib\json\decoder.py", line 337, in decode
    obj, end = self.raw_decode(s, idx=_w(s, 0).end())
               ^^^^^^^^^^^^^^^^^^^^^^^^^^^^^^^^^^^^^^
  File "C:\Users\saiem\AppData\Local\Programs\Python\Python311\Lib\json\decoder.py", line 355, in raw_decode
    raise JSONDecodeError("Expecting value", s, err.value) from None
json.decoder.JSONDecodeError: Expecting value: line 1 column 1 (char 0)

During handling of the above exception, another exception occurred:

Traceback (most recent call last):
  File "C:\Users\saiem\Documents\GitHub-Data\sdv-dev\cfbfastR-dev\cfbfastR-cfb-raw\python\_cfb_raw_utils.py", line 93, in _safe
    return fn(*args, **kwargs)
           ^^^^^^^^^^^^^^^^^^^
  File "C:\Users\saiem\Documents\GitHub-Data\sdv-dev\cfbfastR-dev\cfbfastR-cfb-raw\python\scrape_cfb_json.py", line 31, in _rosters
    return sdv.cfb.espn_cfb_game_rosters(game_id=gid, return_as_pandas=True).to_dict("records")
           ^^^^^^^^^^^^^^^^^^^^^^^^^^^^^^^^^^^^^^^^^^^^^^^^^^^^^^^^^^^^^^^^^
  File "C:\Users\saiem\Documents\GitHub-Data\sdv-dev\cfbfastR-dev\cfbfastR-cfb-raw\.venv\Lib\site-packages\sportsdataverse\cfb\cfb_game_rosters.py", line 64, in espn_cfb_game_rosters
    summary = summary_resp.json()
              ^^^^^^^^^^^^^^^^^^^
  File "C:\Users\saiem\Documents\GitHub-Data\sdv-dev\cfbfastR-dev\cfbfastR-cfb-raw\.venv\Lib\site-packages\requests\models.py", line 1120, in json
    raise RequestsJSONDecodeError(e.msg, e.doc, e.pos)
requests.exceptions.JSONDecodeError: Expecting value: line 1 column 1 (char 0)
2026-06-13 19:44:07,653 ERROR extra fetch failed: _rosters(312812458,)
Traceback (most recent call last):
  File "C:\Users\saiem\Documents\GitHub-Data\sdv-dev\cfbfastR-dev\cfbfastR-cfb-raw\.venv\Lib\site-packages\requests\models.py", line 1116, in json
    return complexjson.loads(self.text, **kwargs)
           ^^^^^^^^^^^^^^^^^^^^^^^^^^^^^^^^^^^^^^
  File "C:\Users\saiem\AppData\Local\Programs\Python\Python311\Lib\json\__init__.py", line 346, in loads
    return _default_decoder.decode(s)
           ^^^^^^^^^^^^^^^^^^^^^^^^^^
  File "C:\Users\saiem\AppData\Local\Programs\Python\Python311\Lib\json\decoder.py", line 337, in decode
    obj, end = self.raw_decode(s, idx=_w(s, 0).end())
               ^^^^^^^^^^^^^^^^^^^^^^^^^^^^^^^^^^^^^^
  File "C:\Users\saiem\AppData\Local\Programs\Python\Python311\Lib\json\decoder.py", line 355, in raw_decode
    raise JSONDecodeError("Expecting value", s, err.value) from None
json.decoder.JSONDecodeError: Expecting value: line 1 column 1 (char 0)

During handling of the above exception, another exception occurred:

Traceback (most recent call last):
  File "C:\Users\saiem\Documents\GitHub-Data\sdv-dev\cfbfastR-dev\cfbfastR-cfb-raw\python\_cfb_raw_utils.py", line 93, in _safe
    return fn(*args, **kwargs)
           ^^^^^^^^^^^^^^^^^^^
  File "C:\Users\saiem\Documents\GitHub-Data\sdv-dev\cfbfastR-dev\cfbfastR-cfb-raw\python\scrape_cfb_json.py", line 31, in _rosters
    return sdv.cfb.espn_cfb_game_rosters(game_id=gid, return_as_pandas=True).to_dict("records")
           ^^^^^^^^^^^^^^^^^^^^^^^^^^^^^^^^^^^^^^^^^^^^^^^^^^^^^^^^^^^^^^^^^
  File "C:\Users\saiem\Documents\GitHub-Data\sdv-dev\cfbfastR-dev\cfbfastR-cfb-raw\.venv\Lib\site-packages\sportsdataverse\cfb\cfb_game_rosters.py", line 64, in espn_cfb_game_rosters
    summary = summary_resp.json()
              ^^^^^^^^^^^^^^^^^^^
  File "C:\Users\saiem\Documents\GitHub-Data\sdv-dev\cfbfastR-dev\cfbfastR-cfb-raw\.venv\Lib\site-packages\requests\models.py", line 1120, in json
    raise RequestsJSONDecodeError(e.msg, e.doc, e.pos)
requests.exceptions.JSONDecodeError: Expecting value: line 1 column 1 (char 0)
2026-06-13 19:44:07,676 ERROR extra fetch failed: _rosters(312812459,)
Traceback (most recent call last):
  File "C:\Users\saiem\Documents\GitHub-Data\sdv-dev\cfbfastR-dev\cfbfastR-cfb-raw\.venv\Lib\site-packages\requests\models.py", line 1116, in json
    return complexjson.loads(self.text, **kwargs)
           ^^^^^^^^^^^^^^^^^^^^^^^^^^^^^^^^^^^^^^
  File "C:\Users\saiem\AppData\Local\Programs\Python\Python311\Lib\json\__init__.py", line 346, in loads
    return _default_decoder.decode(s)
           ^^^^^^^^^^^^^^^^^^^^^^^^^^
  File "C:\Users\saiem\AppData\Local\Programs\Python\Python311\Lib\json\decoder.py", line 337, in decode
    obj, end = self.raw_decode(s, idx=_w(s, 0).end())
               ^^^^^^^^^^^^^^^^^^^^^^^^^^^^^^^^^^^^^^
  File "C:\Users\saiem\AppData\Local\Programs\Python\Python311\Lib\json\decoder.py", line 355, in raw_decode
    raise JSONDecodeError("Expecting value", s, err.value) from None
json.decoder.JSONDecodeError: Expecting value: line 1 column 1 (char 0)

During handling of the above exception, another exception occurred:

Traceback (most recent call last):
  File "C:\Users\saiem\Documents\GitHub-Data\sdv-dev\cfbfastR-dev\cfbfastR-cfb-raw\python\_cfb_raw_utils.py", line 93, in _safe
    return fn(*args, **kwargs)
           ^^^^^^^^^^^^^^^^^^^
  File "C:\Users\saiem\Documents\GitHub-Data\sdv-dev\cfbfastR-dev\cfbfastR-cfb-raw\python\scrape_cfb_json.py", line 31, in _rosters
    return sdv.cfb.espn_cfb_game_rosters(game_id=gid, return_as_pandas=True).to_dict("records")
           ^^^^^^^^^^^^^^^^^^^^^^^^^^^^^^^^^^^^^^^^^^^^^^^^^^^^^^^^^^^^^^^^^
  File "C:\Users\saiem\Documents\GitHub-Data\sdv-dev\cfbfastR-dev\cfbfastR-cfb-raw\.venv\Lib\site-packages\sportsdataverse\cfb\cfb_game_rosters.py", line 64, in espn_cfb_game_rosters
    summary = summary_resp.json()
              ^^^^^^^^^^^^^^^^^^^
  File "C:\Users\saiem\Documents\GitHub-Data\sdv-dev\cfbfastR-dev\cfbfastR-cfb-raw\.venv\Lib\site-packages\requests\models.py", line 1120, in json
    raise RequestsJSONDecodeError(e.msg, e.doc, e.pos)
requests.exceptions.JSONDecodeError: Expecting value: line 1 column 1 (char 0)
2026-06-13 19:44:07,695 ERROR extra fetch failed: _rosters(312812426,)
Traceback (most recent call last):
  File "C:\Users\saiem\Documents\GitHub-Data\sdv-dev\cfbfastR-dev\cfbfastR-cfb-raw\.venv\Lib\site-packages\requests\models.py", line 1116, in json
    return complexjson.loads(self.text, **kwargs)
           ^^^^^^^^^^^^^^^^^^^^^^^^^^^^^^^^^^^^^^
  File "C:\Users\saiem\AppData\Local\Programs\Python\Python311\Lib\json\__init__.py", line 346, in loads
    return _default_decoder.decode(s)
           ^^^^^^^^^^^^^^^^^^^^^^^^^^
  File "C:\Users\saiem\AppData\Local\Programs\Python\Python311\Lib\json\decoder.py", line 337, in decode
    obj, end = self.raw_decode(s, idx=_w(s, 0).end())
               ^^^^^^^^^^^^^^^^^^^^^^^^^^^^^^^^^^^^^^
  File "C:\Users\saiem\AppData\Local\Programs\Python\Python311\Lib\json\decoder.py", line 355, in raw_decode
    raise JSONDecodeError("Expecting value", s, err.value) from None
json.decoder.JSONDecodeError: Expecting value: line 1 column 1 (char 0)

During handling of the above exception, another exception occurred:

Traceback (most recent call last):
  File "C:\Users\saiem\Documents\GitHub-Data\sdv-dev\cfbfastR-dev\cfbfastR-cfb-raw\python\_cfb_raw_utils.py", line 93, in _safe
    return fn(*args, **kwargs)
           ^^^^^^^^^^^^^^^^^^^
  File "C:\Users\saiem\Documents\GitHub-Data\sdv-dev\cfbfastR-dev\cfbfastR-cfb-raw\python\scrape_cfb_json.py", line 31, in _rosters
    return sdv.cfb.espn_cfb_game_rosters(game_id=gid, return_as_pandas=True).to_dict("records")
           ^^^^^^^^^^^^^^^^^^^^^^^^^^^^^^^^^^^^^^^^^^^^^^^^^^^^^^^^^^^^^^^^^
  File "C:\Users\saiem\Documents\GitHub-Data\sdv-dev\cfbfastR-dev\cfbfastR-cfb-raw\.venv\Lib\site-packages\sportsdataverse\cfb\cfb_game_rosters.py", line 64, in espn_cfb_game_rosters
    summary = summary_resp.json()
              ^^^^^^^^^^^^^^^^^^^
  File "C:\Users\saiem\Documents\GitHub-Data\sdv-dev\cfbfastR-dev\cfbfastR-cfb-raw\.venv\Lib\site-packages\requests\models.py", line 1120, in json
    raise RequestsJSONDecodeError(e.msg, e.doc, e.pos)
requests.exceptions.JSONDecodeError: Expecting value: line 1 column 1 (char 0)
2026-06-13 19:44:07,749 ERROR extra fetch failed: _rosters(312810256,)
Traceback (most recent call last):
  File "C:\Users\saiem\Documents\GitHub-Data\sdv-dev\cfbfastR-dev\cfbfastR-cfb-raw\.venv\Lib\site-packages\requests\models.py", line 1116, in json
    return complexjson.loads(self.text, **kwargs)
           ^^^^^^^^^^^^^^^^^^^^^^^^^^^^^^^^^^^^^^
  File "C:\Users\saiem\AppData\Local\Programs\Python\Python311\Lib\json\__init__.py", line 346, in loads
    return _default_decoder.decode(s)
           ^^^^^^^^^^^^^^^^^^^^^^^^^^
  File "C:\Users\saiem\AppData\Local\Programs\Python\Python311\Lib\json\decoder.py", line 337, in decode
    obj, end = self.raw_decode(s, idx=_w(s, 0).end())
               ^^^^^^^^^^^^^^^^^^^^^^^^^^^^^^^^^^^^^^
  File "C:\Users\saiem\AppData\Local\Programs\Python\Python311\Lib\json\decoder.py", line 355, in raw_decode
    raise JSONDecodeError("Expecting value", s, err.value) from None
json.decoder.JSONDecodeError: Expecting value: line 1 column 1 (char 0)

During handling of the above exception, another exception occurred:

Traceback (most recent call last):
  File "C:\Users\saiem\Documents\GitHub-Data\sdv-dev\cfbfastR-dev\cfbfastR-cfb-raw\python\_cfb_raw_utils.py", line 93, in _safe
    return fn(*args, **kwargs)
           ^^^^^^^^^^^^^^^^^^^
  File "C:\Users\saiem\Documents\GitHub-Data\sdv-dev\cfbfastR-dev\cfbfastR-cfb-raw\python\scrape_cfb_json.py", line 31, in _rosters
    return sdv.cfb.espn_cfb_game_rosters(game_id=gid, return_as_pandas=True).to_dict("records")
           ^^^^^^^^^^^^^^^^^^^^^^^^^^^^^^^^^^^^^^^^^^^^^^^^^^^^^^^^^^^^^^^^^
  File "C:\Users\saiem\Documents\GitHub-Data\sdv-dev\cfbfastR-dev\cfbfastR-cfb-raw\.venv\Lib\site-packages\sportsdataverse\cfb\cfb_game_rosters.py", line 64, in espn_cfb_game_rosters
    summary = summary_resp.json()
              ^^^^^^^^^^^^^^^^^^^
  File "C:\Users\saiem\Documents\GitHub-Data\sdv-dev\cfbfastR-dev\cfbfastR-cfb-raw\.venv\Lib\site-packages\requests\models.py", line 1120, in json
    raise RequestsJSONDecodeError(e.msg, e.doc, e.pos)
requests.exceptions.JSONDecodeError: Expecting value: line 1 column 1 (char 0)
2026-06-13 19:44:07,975 ERROR extra fetch failed: _participants(312810070,)
Traceback (most recent call last):
  File "C:\Users\saiem\Documents\GitHub-Data\sdv-dev\cfbfastR-dev\cfbfastR-cfb-raw\.venv\Lib\site-packages\requests\models.py", line 1116, in json
    return complexjson.loads(self.text, **kwargs)
           ^^^^^^^^^^^^^^^^^^^^^^^^^^^^^^^^^^^^^^
  File "C:\Users\saiem\AppData\Local\Programs\Python\Python311\Lib\json\__init__.py", line 346, in loads
    return _default_decoder.decode(s)
           ^^^^^^^^^^^^^^^^^^^^^^^^^^
  File "C:\Users\saiem\AppData\Local\Programs\Python\Python311\Lib\json\decoder.py", line 337, in decode
    obj, end = self.raw_decode(s, idx=_w(s, 0).end())
               ^^^^^^^^^^^^^^^^^^^^^^^^^^^^^^^^^^^^^^
  File "C:\Users\saiem\AppData\Local\Programs\Python\Python311\Lib\json\decoder.py", line 355, in raw_decode
    raise JSONDecodeError("Expecting value", s, err.value) from None
json.decoder.JSONDecodeError: Expecting value: line 1 column 1 (char 0)

During handling of the above exception, another exception occurred:

Traceback (most recent call last):
  File "C:\Users\saiem\Documents\GitHub-Data\sdv-dev\cfbfastR-dev\cfbfastR-cfb-raw\python\_cfb_raw_utils.py", line 93, in _safe
    return fn(*args, **kwargs)
           ^^^^^^^^^^^^^^^^^^^
  File "C:\Users\saiem\Documents\GitHub-Data\sdv-dev\cfbfastR-dev\cfbfastR-cfb-raw\python\scrape_cfb_json.py", line 27, in _participants
    return sdv.cfb.espn_cfb_play_participants(game_id=gid, return_as_pandas=True).to_dict("records")
           ^^^^^^^^^^^^^^^^^^^^^^^^^^^^^^^^^^^^^^^^^^^^^^^^^^^^^^^^^^^^^^^^^^^^^^
  File "C:\Users\saiem\Documents\GitHub-Data\sdv-dev\cfbfastR-dev\cfbfastR-cfb-raw\.venv\Lib\site-packages\sportsdataverse\cfb\cfb_play_participants.py", line 184, in espn_cfb_play_participants
    plays_raw = _download_plays(game_id, **kwargs)
                ^^^^^^^^^^^^^^^^^^^^^^^^^^^^^^^^^^
  File "C:\Users\saiem\Documents\GitHub-Data\sdv-dev\cfbfastR-dev\cfbfastR-cfb-raw\.venv\Lib\site-packages\sportsdataverse\cfb\cfb_play_participants.py", line 215, in _download_plays
    body = resp.json()
           ^^^^^^^^^^^
  File "C:\Users\saiem\Documents\GitHub-Data\sdv-dev\cfbfastR-dev\cfbfastR-cfb-raw\.venv\Lib\site-packages\requests\models.py", line 1120, in json
    raise RequestsJSONDecodeError(e.msg, e.doc, e.pos)
requests.exceptions.JSONDecodeError: Expecting value: line 1 column 1 (char 0)
2026-06-13 19:44:08,102 ERROR extra fetch failed: _rosters(312812241,)
Traceback (most recent call last):
  File "C:\Users\saiem\Documents\GitHub-Data\sdv-dev\cfbfastR-dev\cfbfastR-cfb-raw\.venv\Lib\site-packages\requests\models.py", line 1116, in json
    return complexjson.loads(self.text, **kwargs)
           ^^^^^^^^^^^^^^^^^^^^^^^^^^^^^^^^^^^^^^
  File "C:\Users\saiem\AppData\Local\Programs\Python\Python311\Lib\json\__init__.py", line 346, in loads
    return _default_decoder.decode(s)
           ^^^^^^^^^^^^^^^^^^^^^^^^^^
  File "C:\Users\saiem\AppData\Local\Programs\Python\Python311\Lib\json\decoder.py", line 337, in decode
    obj, end = self.raw_decode(s, idx=_w(s, 0).end())
               ^^^^^^^^^^^^^^^^^^^^^^^^^^^^^^^^^^^^^^
  File "C:\Users\saiem\AppData\Local\Programs\Python\Python311\Lib\json\decoder.py", line 355, in raw_decode
    raise JSONDecodeError("Expecting value", s, err.value) from None
json.decoder.JSONDecodeError: Expecting value: line 1 column 1 (char 0)

During handling of the above exception, another exception occurred:

Traceback (most recent call last):
  File "C:\Users\saiem\Documents\GitHub-Data\sdv-dev\cfbfastR-dev\cfbfastR-cfb-raw\python\_cfb_raw_utils.py", line 93, in _safe
    return fn(*args, **kwargs)
           ^^^^^^^^^^^^^^^^^^^
  File "C:\Users\saiem\Documents\GitHub-Data\sdv-dev\cfbfastR-dev\cfbfastR-cfb-raw\python\scrape_cfb_json.py", line 31, in _rosters
    return sdv.cfb.espn_cfb_game_rosters(game_id=gid, return_as_pandas=True).to_dict("records")
           ^^^^^^^^^^^^^^^^^^^^^^^^^^^^^^^^^^^^^^^^^^^^^^^^^^^^^^^^^^^^^^^^^
  File "C:\Users\saiem\Documents\GitHub-Data\sdv-dev\cfbfastR-dev\cfbfastR-cfb-raw\.venv\Lib\site-packages\sportsdataverse\cfb\cfb_game_rosters.py", line 64, in espn_cfb_game_rosters
    summary = summary_resp.json()
              ^^^^^^^^^^^^^^^^^^^
  File "C:\Users\saiem\Documents\GitHub-Data\sdv-dev\cfbfastR-dev\cfbfastR-cfb-raw\.venv\Lib\site-packages\requests\models.py", line 1120, in json
    raise RequestsJSONDecodeError(e.msg, e.doc, e.pos)
requests.exceptions.JSONDecodeError: Expecting value: line 1 column 1 (char 0)
2026-06-13 19:44:09,129 ERROR extra fetch failed: _rosters(312810070,)
Traceback (most recent call last):
  File "C:\Users\saiem\Documents\GitHub-Data\sdv-dev\cfbfastR-dev\cfbfastR-cfb-raw\.venv\Lib\site-packages\requests\models.py", line 1116, in json
    return complexjson.loads(self.text, **kwargs)
           ^^^^^^^^^^^^^^^^^^^^^^^^^^^^^^^^^^^^^^
  File "C:\Users\saiem\AppData\Local\Programs\Python\Python311\Lib\json\__init__.py", line 346, in loads
    return _default_decoder.decode(s)
           ^^^^^^^^^^^^^^^^^^^^^^^^^^
  File "C:\Users\saiem\AppData\Local\Programs\Python\Python311\Lib\json\decoder.py", line 337, in decode
    obj, end = self.raw_decode(s, idx=_w(s, 0).end())
               ^^^^^^^^^^^^^^^^^^^^^^^^^^^^^^^^^^^^^^
  File "C:\Users\saiem\AppData\Local\Programs\Python\Python311\Lib\json\decoder.py", line 355, in raw_decode
    raise JSONDecodeError("Expecting value", s, err.value) from None
json.decoder.JSONDecodeError: Expecting value: line 1 column 1 (char 0)

During handling of the above exception, another exception occurred:

Traceback (most recent call last):
  File "C:\Users\saiem\Documents\GitHub-Data\sdv-dev\cfbfastR-dev\cfbfastR-cfb-raw\python\_cfb_raw_utils.py", line 93, in _safe
    return fn(*args, **kwargs)
           ^^^^^^^^^^^^^^^^^^^
  File "C:\Users\saiem\Documents\GitHub-Data\sdv-dev\cfbfastR-dev\cfbfastR-cfb-raw\python\scrape_cfb_json.py", line 31, in _rosters
    return sdv.cfb.espn_cfb_game_rosters(game_id=gid, return_as_pandas=True).to_dict("records")
           ^^^^^^^^^^^^^^^^^^^^^^^^^^^^^^^^^^^^^^^^^^^^^^^^^^^^^^^^^^^^^^^^^
  File "C:\Users\saiem\Documents\GitHub-Data\sdv-dev\cfbfastR-dev\cfbfastR-cfb-raw\.venv\Lib\site-packages\sportsdataverse\cfb\cfb_game_rosters.py", line 64, in espn_cfb_game_rosters
    summary = summary_resp.json()
              ^^^^^^^^^^^^^^^^^^^
  File "C:\Users\saiem\Documents\GitHub-Data\sdv-dev\cfbfastR-dev\cfbfastR-cfb-raw\.venv\Lib\site-packages\requests\models.py", line 1120, in json
    raise RequestsJSONDecodeError(e.msg, e.doc, e.pos)
requests.exceptions.JSONDecodeError: Expecting value: line 1 column 1 (char 0)
2026-06-13 19:44:09,521 ERROR extra fetch failed: _participants(312810324,)
Traceback (most recent call last):
  File "C:\Users\saiem\Documents\GitHub-Data\sdv-dev\cfbfastR-dev\cfbfastR-cfb-raw\.venv\Lib\site-packages\requests\models.py", line 1116, in json
    return complexjson.loads(self.text, **kwargs)
           ^^^^^^^^^^^^^^^^^^^^^^^^^^^^^^^^^^^^^^
  File "C:\Users\saiem\AppData\Local\Programs\Python\Python311\Lib\json\__init__.py", line 346, in loads
    return _default_decoder.decode(s)
           ^^^^^^^^^^^^^^^^^^^^^^^^^^
  File "C:\Users\saiem\AppData\Local\Programs\Python\Python311\Lib\json\decoder.py", line 337, in decode
    obj, end = self.raw_decode(s, idx=_w(s, 0).end())
               ^^^^^^^^^^^^^^^^^^^^^^^^^^^^^^^^^^^^^^
  File "C:\Users\saiem\AppData\Local\Programs\Python\Python311\Lib\json\decoder.py", line 355, in raw_decode
    raise JSONDecodeError("Expecting value", s, err.value) from None
json.decoder.JSONDecodeError: Expecting value: line 1 column 1 (char 0)

During handling of the above exception, another exception occurred:

Traceback (most recent call last):
  File "C:\Users\saiem\Documents\GitHub-Data\sdv-dev\cfbfastR-dev\cfbfastR-cfb-raw\python\_cfb_raw_utils.py", line 93, in _safe
    return fn(*args, **kwargs)
           ^^^^^^^^^^^^^^^^^^^
  File "C:\Users\saiem\Documents\GitHub-Data\sdv-dev\cfbfastR-dev\cfbfastR-cfb-raw\python\scrape_cfb_json.py", line 27, in _participants
    return sdv.cfb.espn_cfb_play_participants(game_id=gid, return_as_pandas=True).to_dict("records")
           ^^^^^^^^^^^^^^^^^^^^^^^^^^^^^^^^^^^^^^^^^^^^^^^^^^^^^^^^^^^^^^^^^^^^^^
  File "C:\Users\saiem\Documents\GitHub-Data\sdv-dev\cfbfastR-dev\cfbfastR-cfb-raw\.venv\Lib\site-packages\sportsdataverse\cfb\cfb_play_participants.py", line 184, in espn_cfb_play_participants
    plays_raw = _download_plays(game_id, **kwargs)
                ^^^^^^^^^^^^^^^^^^^^^^^^^^^^^^^^^^
  File "C:\Users\saiem\Documents\GitHub-Data\sdv-dev\cfbfastR-dev\cfbfastR-cfb-raw\.venv\Lib\site-packages\sportsdataverse\cfb\cfb_play_participants.py", line 215, in _download_plays
    body = resp.json()
           ^^^^^^^^^^^
  File "C:\Users\saiem\Documents\GitHub-Data\sdv-dev\cfbfastR-dev\cfbfastR-cfb-raw\.venv\Lib\site-packages\requests\models.py", line 1120, in json
    raise RequestsJSONDecodeError(e.msg, e.doc, e.pos)
requests.exceptions.JSONDecodeError: Expecting value: line 1 column 1 (char 0)
2026-06-13 19:44:09,811 ERROR extra fetch failed: _participants(312812377,)
Traceback (most recent call last):
  File "C:\Users\saiem\Documents\GitHub-Data\sdv-dev\cfbfastR-dev\cfbfastR-cfb-raw\.venv\Lib\site-packages\requests\models.py", line 1116, in json
    return complexjson.loads(self.text, **kwargs)
           ^^^^^^^^^^^^^^^^^^^^^^^^^^^^^^^^^^^^^^
  File "C:\Users\saiem\AppData\Local\Programs\Python\Python311\Lib\json\__init__.py", line 346, in loads
    return _default_decoder.decode(s)
           ^^^^^^^^^^^^^^^^^^^^^^^^^^
  File "C:\Users\saiem\AppData\Local\Programs\Python\Python311\Lib\json\decoder.py", line 337, in decode
    obj, end = self.raw_decode(s, idx=_w(s, 0).end())
               ^^^^^^^^^^^^^^^^^^^^^^^^^^^^^^^^^^^^^^
  File "C:\Users\saiem\AppData\Local\Programs\Python\Python311\Lib\json\decoder.py", line 355, in raw_decode
    raise JSONDecodeError("Expecting value", s, err.value) from None
json.decoder.JSONDecodeError: Expecting value: line 1 column 1 (char 0)

During handling of the above exception, another exception occurred:

Traceback (most recent call last):
  File "C:\Users\saiem\Documents\GitHub-Data\sdv-dev\cfbfastR-dev\cfbfastR-cfb-raw\python\_cfb_raw_utils.py", line 93, in _safe
    return fn(*args, **kwargs)
           ^^^^^^^^^^^^^^^^^^^
  File "C:\Users\saiem\Documents\GitHub-Data\sdv-dev\cfbfastR-dev\cfbfastR-cfb-raw\python\scrape_cfb_json.py", line 27, in _participants
    return sdv.cfb.espn_cfb_play_participants(game_id=gid, return_as_pandas=True).to_dict("records")
           ^^^^^^^^^^^^^^^^^^^^^^^^^^^^^^^^^^^^^^^^^^^^^^^^^^^^^^^^^^^^^^^^^^^^^^
  File "C:\Users\saiem\Documents\GitHub-Data\sdv-dev\cfbfastR-dev\cfbfastR-cfb-raw\.venv\Lib\site-packages\sportsdataverse\cfb\cfb_play_participants.py", line 184, in espn_cfb_play_participants
    plays_raw = _download_plays(game_id, **kwargs)
                ^^^^^^^^^^^^^^^^^^^^^^^^^^^^^^^^^^
  File "C:\Users\saiem\Documents\GitHub-Data\sdv-dev\cfbfastR-dev\cfbfastR-cfb-raw\.venv\Lib\site-packages\sportsdataverse\cfb\cfb_play_participants.py", line 215, in _download_plays
    body = resp.json()
           ^^^^^^^^^^^
  File "C:\Users\saiem\Documents\GitHub-Data\sdv-dev\cfbfastR-dev\cfbfastR-cfb-raw\.venv\Lib\site-packages\requests\models.py", line 1120, in json
    raise RequestsJSONDecodeError(e.msg, e.doc, e.pos)
requests.exceptions.JSONDecodeError: Expecting value: line 1 column 1 (char 0)
2026-06-13 19:44:10,193 ERROR extra fetch failed: _rosters(312810324,)
Traceback (most recent call last):
  File "C:\Users\saiem\Documents\GitHub-Data\sdv-dev\cfbfastR-dev\cfbfastR-cfb-raw\.venv\Lib\site-packages\requests\models.py", line 1116, in json
    return complexjson.loads(self.text, **kwargs)
           ^^^^^^^^^^^^^^^^^^^^^^^^^^^^^^^^^^^^^^
  File "C:\Users\saiem\AppData\Local\Programs\Python\Python311\Lib\json\__init__.py", line 346, in loads
    return _default_decoder.decode(s)
           ^^^^^^^^^^^^^^^^^^^^^^^^^^
  File "C:\Users\saiem\AppData\Local\Programs\Python\Python311\Lib\json\decoder.py", line 337, in decode
    obj, end = self.raw_decode(s, idx=_w(s, 0).end())
               ^^^^^^^^^^^^^^^^^^^^^^^^^^^^^^^^^^^^^^
  File "C:\Users\saiem\AppData\Local\Programs\Python\Python311\Lib\json\decoder.py", line 355, in raw_decode
    raise JSONDecodeError("Expecting value", s, err.value) from None
json.decoder.JSONDecodeError: Expecting value: line 1 column 1 (char 0)

During handling of the above exception, another exception occurred:

Traceback (most recent call last):
  File "C:\Users\saiem\Documents\GitHub-Data\sdv-dev\cfbfastR-dev\cfbfastR-cfb-raw\python\_cfb_raw_utils.py", line 93, in _safe
    return fn(*args, **kwargs)
           ^^^^^^^^^^^^^^^^^^^
  File "C:\Users\saiem\Documents\GitHub-Data\sdv-dev\cfbfastR-dev\cfbfastR-cfb-raw\python\scrape_cfb_json.py", line 31, in _rosters
    return sdv.cfb.espn_cfb_game_rosters(game_id=gid, return_as_pandas=True).to_dict("records")
           ^^^^^^^^^^^^^^^^^^^^^^^^^^^^^^^^^^^^^^^^^^^^^^^^^^^^^^^^^^^^^^^^^
  File "C:\Users\saiem\Documents\GitHub-Data\sdv-dev\cfbfastR-dev\cfbfastR-cfb-raw\.venv\Lib\site-packages\sportsdataverse\cfb\cfb_game_rosters.py", line 64, in espn_cfb_game_rosters
    summary = summary_resp.json()
              ^^^^^^^^^^^^^^^^^^^
  File "C:\Users\saiem\Documents\GitHub-Data\sdv-dev\cfbfastR-dev\cfbfastR-cfb-raw\.venv\Lib\site-packages\requests\models.py", line 1120, in json
    raise RequestsJSONDecodeError(e.msg, e.doc, e.pos)
requests.exceptions.JSONDecodeError: Expecting value: line 1 column 1 (char 0)
2026-06-13 19:44:10,440 ERROR extra fetch failed: _rosters(312812377,)
Traceback (most recent call last):
  File "C:\Users\saiem\Documents\GitHub-Data\sdv-dev\cfbfastR-dev\cfbfastR-cfb-raw\.venv\Lib\site-packages\requests\models.py", line 1116, in json
    return complexjson.loads(self.text, **kwargs)
           ^^^^^^^^^^^^^^^^^^^^^^^^^^^^^^^^^^^^^^
  File "C:\Users\saiem\AppData\Local\Programs\Python\Python311\Lib\json\__init__.py", line 346, in loads
    return _default_decoder.decode(s)
           ^^^^^^^^^^^^^^^^^^^^^^^^^^
  File "C:\Users\saiem\AppData\Local\Programs\Python\Python311\Lib\json\decoder.py", line 337, in decode
    obj, end = self.raw_decode(s, idx=_w(s, 0).end())
               ^^^^^^^^^^^^^^^^^^^^^^^^^^^^^^^^^^^^^^
  File "C:\Users\saiem\AppData\Local\Programs\Python\Python311\Lib\json\decoder.py", line 355, in raw_decode
    raise JSONDecodeError("Expecting value", s, err.value) from None
json.decoder.JSONDecodeError: Expecting value: line 1 column 1 (char 0)

During handling of the above exception, another exception occurred:

Traceback (most recent call last):
  File "C:\Users\saiem\Documents\GitHub-Data\sdv-dev\cfbfastR-dev\cfbfastR-cfb-raw\python\_cfb_raw_utils.py", line 93, in _safe
    return fn(*args, **kwargs)
           ^^^^^^^^^^^^^^^^^^^
  File "C:\Users\saiem\Documents\GitHub-Data\sdv-dev\cfbfastR-dev\cfbfastR-cfb-raw\python\scrape_cfb_json.py", line 31, in _rosters
    return sdv.cfb.espn_cfb_game_rosters(game_id=gid, return_as_pandas=True).to_dict("records")
           ^^^^^^^^^^^^^^^^^^^^^^^^^^^^^^^^^^^^^^^^^^^^^^^^^^^^^^^^^^^^^^^^^
  File "C:\Users\saiem\Documents\GitHub-Data\sdv-dev\cfbfastR-dev\cfbfastR-cfb-raw\.venv\Lib\site-packages\sportsdataverse\cfb\cfb_game_rosters.py", line 64, in espn_cfb_game_rosters
    summary = summary_resp.json()
              ^^^^^^^^^^^^^^^^^^^
  File "C:\Users\saiem\Documents\GitHub-Data\sdv-dev\cfbfastR-dev\cfbfastR-cfb-raw\.venv\Lib\site-packages\requests\models.py", line 1120, in json
    raise RequestsJSONDecodeError(e.msg, e.doc, e.pos)
requests.exceptions.JSONDecodeError: Expecting value: line 1 column 1 (char 0)
2026-06-13 19:44:10,606 ERROR extra fetch failed: _participants(312810048,)
Traceback (most recent call last):
  File "C:\Users\saiem\Documents\GitHub-Data\sdv-dev\cfbfastR-dev\cfbfastR-cfb-raw\.venv\Lib\site-packages\requests\models.py", line 1116, in json
    return complexjson.loads(self.text, **kwargs)
           ^^^^^^^^^^^^^^^^^^^^^^^^^^^^^^^^^^^^^^
  File "C:\Users\saiem\AppData\Local\Programs\Python\Python311\Lib\json\__init__.py", line 346, in loads
    return _default_decoder.decode(s)
           ^^^^^^^^^^^^^^^^^^^^^^^^^^
  File "C:\Users\saiem\AppData\Local\Programs\Python\Python311\Lib\json\decoder.py", line 337, in decode
    obj, end = self.raw_decode(s, idx=_w(s, 0).end())
               ^^^^^^^^^^^^^^^^^^^^^^^^^^^^^^^^^^^^^^
  File "C:\Users\saiem\AppData\Local\Programs\Python\Python311\Lib\json\decoder.py", line 355, in raw_decode
    raise JSONDecodeError("Expecting value", s, err.value) from None
json.decoder.JSONDecodeError: Expecting value: line 1 column 1 (char 0)

During handling of the above exception, another exception occurred:

Traceback (most recent call last):
  File "C:\Users\saiem\Documents\GitHub-Data\sdv-dev\cfbfastR-dev\cfbfastR-cfb-raw\python\_cfb_raw_utils.py", line 93, in _safe
    return fn(*args, **kwargs)
           ^^^^^^^^^^^^^^^^^^^
  File "C:\Users\saiem\Documents\GitHub-Data\sdv-dev\cfbfastR-dev\cfbfastR-cfb-raw\python\scrape_cfb_json.py", line 27, in _participants
    return sdv.cfb.espn_cfb_play_participants(game_id=gid, return_as_pandas=True).to_dict("records")
           ^^^^^^^^^^^^^^^^^^^^^^^^^^^^^^^^^^^^^^^^^^^^^^^^^^^^^^^^^^^^^^^^^^^^^^
  File "C:\Users\saiem\Documents\GitHub-Data\sdv-dev\cfbfastR-dev\cfbfastR-cfb-raw\.venv\Lib\site-packages\sportsdataverse\cfb\cfb_play_participants.py", line 184, in espn_cfb_play_participants
    plays_raw = _download_plays(game_id, **kwargs)
                ^^^^^^^^^^^^^^^^^^^^^^^^^^^^^^^^^^
  File "C:\Users\saiem\Documents\GitHub-Data\sdv-dev\cfbfastR-dev\cfbfastR-cfb-raw\.venv\Lib\site-packages\sportsdataverse\cfb\cfb_play_participants.py", line 215, in _download_plays
    body = resp.json()
           ^^^^^^^^^^^
  File "C:\Users\saiem\Documents\GitHub-Data\sdv-dev\cfbfastR-dev\cfbfastR-cfb-raw\.venv\Lib\site-packages\requests\models.py", line 1120, in json
    raise RequestsJSONDecodeError(e.msg, e.doc, e.pos)
requests.exceptions.JSONDecodeError: Expecting value: line 1 column 1 (char 0)
2026-06-13 19:44:11,052 ERROR extra fetch failed: _participants(312812636,)
Traceback (most recent call last):
  File "C:\Users\saiem\Documents\GitHub-Data\sdv-dev\cfbfastR-dev\cfbfastR-cfb-raw\.venv\Lib\site-packages\requests\models.py", line 1116, in json
    return complexjson.loads(self.text, **kwargs)
           ^^^^^^^^^^^^^^^^^^^^^^^^^^^^^^^^^^^^^^
  File "C:\Users\saiem\AppData\Local\Programs\Python\Python311\Lib\json\__init__.py", line 346, in loads
    return _default_decoder.decode(s)
           ^^^^^^^^^^^^^^^^^^^^^^^^^^
  File "C:\Users\saiem\AppData\Local\Programs\Python\Python311\Lib\json\decoder.py", line 337, in decode
    obj, end = self.raw_decode(s, idx=_w(s, 0).end())
               ^^^^^^^^^^^^^^^^^^^^^^^^^^^^^^^^^^^^^^
  File "C:\Users\saiem\AppData\Local\Programs\Python\Python311\Lib\json\decoder.py", line 355, in raw_decode
    raise JSONDecodeError("Expecting value", s, err.value) from None
json.decoder.JSONDecodeError: Expecting value: line 1 column 1 (char 0)

During handling of the above exception, another exception occurred:

Traceback (most recent call last):
  File "C:\Users\saiem\Documents\GitHub-Data\sdv-dev\cfbfastR-dev\cfbfastR-cfb-raw\python\_cfb_raw_utils.py", line 93, in _safe
    return fn(*args, **kwargs)
           ^^^^^^^^^^^^^^^^^^^
  File "C:\Users\saiem\Documents\GitHub-Data\sdv-dev\cfbfastR-dev\cfbfastR-cfb-raw\python\scrape_cfb_json.py", line 27, in _participants
    return sdv.cfb.espn_cfb_play_participants(game_id=gid, return_as_pandas=True).to_dict("records")
           ^^^^^^^^^^^^^^^^^^^^^^^^^^^^^^^^^^^^^^^^^^^^^^^^^^^^^^^^^^^^^^^^^^^^^^
  File "C:\Users\saiem\Documents\GitHub-Data\sdv-dev\cfbfastR-dev\cfbfastR-cfb-raw\.venv\Lib\site-packages\sportsdataverse\cfb\cfb_play_participants.py", line 184, in espn_cfb_play_participants
    plays_raw = _download_plays(game_id, **kwargs)
                ^^^^^^^^^^^^^^^^^^^^^^^^^^^^^^^^^^
  File "C:\Users\saiem\Documents\GitHub-Data\sdv-dev\cfbfastR-dev\cfbfastR-cfb-raw\.venv\Lib\site-packages\sportsdataverse\cfb\cfb_play_participants.py", line 215, in _download_plays
    body = resp.json()
           ^^^^^^^^^^^
  File "C:\Users\saiem\Documents\GitHub-Data\sdv-dev\cfbfastR-dev\cfbfastR-cfb-raw\.venv\Lib\site-packages\requests\models.py", line 1120, in json
    raise RequestsJSONDecodeError(e.msg, e.doc, e.pos)
requests.exceptions.JSONDecodeError: Expecting value: line 1 column 1 (char 0)
2026-06-13 19:44:11,263 ERROR extra fetch failed: _rosters(312810048,)
Traceback (most recent call last):
  File "C:\Users\saiem\Documents\GitHub-Data\sdv-dev\cfbfastR-dev\cfbfastR-cfb-raw\.venv\Lib\site-packages\requests\models.py", line 1116, in json
    return complexjson.loads(self.text, **kwargs)
           ^^^^^^^^^^^^^^^^^^^^^^^^^^^^^^^^^^^^^^
  File "C:\Users\saiem\AppData\Local\Programs\Python\Python311\Lib\json\__init__.py", line 346, in loads
    return _default_decoder.decode(s)
           ^^^^^^^^^^^^^^^^^^^^^^^^^^
  File "C:\Users\saiem\AppData\Local\Programs\Python\Python311\Lib\json\decoder.py", line 337, in decode
    obj, end = self.raw_decode(s, idx=_w(s, 0).end())
               ^^^^^^^^^^^^^^^^^^^^^^^^^^^^^^^^^^^^^^
  File "C:\Users\saiem\AppData\Local\Programs\Python\Python311\Lib\json\decoder.py", line 355, in raw_decode
    raise JSONDecodeError("Expecting value", s, err.value) from None
json.decoder.JSONDecodeError: Expecting value: line 1 column 1 (char 0)

During handling of the above exception, another exception occurred:

Traceback (most recent call last):
  File "C:\Users\saiem\Documents\GitHub-Data\sdv-dev\cfbfastR-dev\cfbfastR-cfb-raw\python\_cfb_raw_utils.py", line 93, in _safe
    return fn(*args, **kwargs)
           ^^^^^^^^^^^^^^^^^^^
  File "C:\Users\saiem\Documents\GitHub-Data\sdv-dev\cfbfastR-dev\cfbfastR-cfb-raw\python\scrape_cfb_json.py", line 31, in _rosters
    return sdv.cfb.espn_cfb_game_rosters(game_id=gid, return_as_pandas=True).to_dict("records")
           ^^^^^^^^^^^^^^^^^^^^^^^^^^^^^^^^^^^^^^^^^^^^^^^^^^^^^^^^^^^^^^^^^
  File "C:\Users\saiem\Documents\GitHub-Data\sdv-dev\cfbfastR-dev\cfbfastR-cfb-raw\.venv\Lib\site-packages\sportsdataverse\cfb\cfb_game_rosters.py", line 64, in espn_cfb_game_rosters
    summary = summary_resp.json()
              ^^^^^^^^^^^^^^^^^^^
  File "C:\Users\saiem\Documents\GitHub-Data\sdv-dev\cfbfastR-dev\cfbfastR-cfb-raw\.venv\Lib\site-packages\requests\models.py", line 1120, in json
    raise RequestsJSONDecodeError(e.msg, e.doc, e.pos)
requests.exceptions.JSONDecodeError: Expecting value: line 1 column 1 (char 0)
2026-06-13 19:44:11,629 ERROR extra fetch failed: _rosters(312812636,)
Traceback (most recent call last):
  File "C:\Users\saiem\Documents\GitHub-Data\sdv-dev\cfbfastR-dev\cfbfastR-cfb-raw\.venv\Lib\site-packages\requests\models.py", line 1116, in json
    return complexjson.loads(self.text, **kwargs)
           ^^^^^^^^^^^^^^^^^^^^^^^^^^^^^^^^^^^^^^
  File "C:\Users\saiem\AppData\Local\Programs\Python\Python311\Lib\json\__init__.py", line 346, in loads
    return _default_decoder.decode(s)
           ^^^^^^^^^^^^^^^^^^^^^^^^^^
  File "C:\Users\saiem\AppData\Local\Programs\Python\Python311\Lib\json\decoder.py", line 337, in decode
    obj, end = self.raw_decode(s, idx=_w(s, 0).end())
               ^^^^^^^^^^^^^^^^^^^^^^^^^^^^^^^^^^^^^^
  File "C:\Users\saiem\AppData\Local\Programs\Python\Python311\Lib\json\decoder.py", line 355, in raw_decode
    raise JSONDecodeError("Expecting value", s, err.value) from None
json.decoder.JSONDecodeError: Expecting value: line 1 column 1 (char 0)

During handling of the above exception, another exception occurred:

Traceback (most recent call last):
  File "C:\Users\saiem\Documents\GitHub-Data\sdv-dev\cfbfastR-dev\cfbfastR-cfb-raw\python\_cfb_raw_utils.py", line 93, in _safe
    return fn(*args, **kwargs)
           ^^^^^^^^^^^^^^^^^^^
  File "C:\Users\saiem\Documents\GitHub-Data\sdv-dev\cfbfastR-dev\cfbfastR-cfb-raw\python\scrape_cfb_json.py", line 31, in _rosters
    return sdv.cfb.espn_cfb_game_rosters(game_id=gid, return_as_pandas=True).to_dict("records")
           ^^^^^^^^^^^^^^^^^^^^^^^^^^^^^^^^^^^^^^^^^^^^^^^^^^^^^^^^^^^^^^^^^
  File "C:\Users\saiem\Documents\GitHub-Data\sdv-dev\cfbfastR-dev\cfbfastR-cfb-raw\.venv\Lib\site-packages\sportsdataverse\cfb\cfb_game_rosters.py", line 64, in espn_cfb_game_rosters
    summary = summary_resp.json()
              ^^^^^^^^^^^^^^^^^^^
  File "C:\Users\saiem\Documents\GitHub-Data\sdv-dev\cfbfastR-dev\cfbfastR-cfb-raw\.venv\Lib\site-packages\requests\models.py", line 1120, in json
    raise RequestsJSONDecodeError(e.msg, e.doc, e.pos)
requests.exceptions.JSONDecodeError: Expecting value: line 1 column 1 (char 0)
2026-06-13 19:44:12,233 ERROR extra fetch failed: _participants(312810113,)
Traceback (most recent call last):
  File "C:\Users\saiem\Documents\GitHub-Data\sdv-dev\cfbfastR-dev\cfbfastR-cfb-raw\.venv\Lib\site-packages\requests\models.py", line 1116, in json
    return complexjson.loads(self.text, **kwargs)
           ^^^^^^^^^^^^^^^^^^^^^^^^^^^^^^^^^^^^^^
  File "C:\Users\saiem\AppData\Local\Programs\Python\Python311\Lib\json\__init__.py", line 346, in loads
    return _default_decoder.decode(s)
           ^^^^^^^^^^^^^^^^^^^^^^^^^^
  File "C:\Users\saiem\AppData\Local\Programs\Python\Python311\Lib\json\decoder.py", line 337, in decode
    obj, end = self.raw_decode(s, idx=_w(s, 0).end())
               ^^^^^^^^^^^^^^^^^^^^^^^^^^^^^^^^^^^^^^
  File "C:\Users\saiem\AppData\Local\Programs\Python\Python311\Lib\json\decoder.py", line 355, in raw_decode
    raise JSONDecodeError("Expecting value", s, err.value) from None
json.decoder.JSONDecodeError: Expecting value: line 1 column 1 (char 0)

During handling of the above exception, another exception occurred:

Traceback (most recent call last):
  File "C:\Users\saiem\Documents\GitHub-Data\sdv-dev\cfbfastR-dev\cfbfastR-cfb-raw\python\_cfb_raw_utils.py", line 93, in _safe
    return fn(*args, **kwargs)
           ^^^^^^^^^^^^^^^^^^^
  File "C:\Users\saiem\Documents\GitHub-Data\sdv-dev\cfbfastR-dev\cfbfastR-cfb-raw\python\scrape_cfb_json.py", line 27, in _participants
    return sdv.cfb.espn_cfb_play_participants(game_id=gid, return_as_pandas=True).to_dict("records")
           ^^^^^^^^^^^^^^^^^^^^^^^^^^^^^^^^^^^^^^^^^^^^^^^^^^^^^^^^^^^^^^^^^^^^^^
  File "C:\Users\saiem\Documents\GitHub-Data\sdv-dev\cfbfastR-dev\cfbfastR-cfb-raw\.venv\Lib\site-packages\sportsdataverse\cfb\cfb_play_participants.py", line 184, in espn_cfb_play_participants
    plays_raw = _download_plays(game_id, **kwargs)
                ^^^^^^^^^^^^^^^^^^^^^^^^^^^^^^^^^^
  File "C:\Users\saiem\Documents\GitHub-Data\sdv-dev\cfbfastR-dev\cfbfastR-cfb-raw\.venv\Lib\site-packages\sportsdataverse\cfb\cfb_play_participants.py", line 215, in _download_plays
    body = resp.json()
           ^^^^^^^^^^^
  File "C:\Users\saiem\Documents\GitHub-Data\sdv-dev\cfbfastR-dev\cfbfastR-cfb-raw\.venv\Lib\site-packages\requests\models.py", line 1120, in json
    raise RequestsJSONDecodeError(e.msg, e.doc, e.pos)
requests.exceptions.JSONDecodeError: Expecting value: line 1 column 1 (char 0)
2026-06-13 19:44:12,555 ERROR extra fetch failed: _participants(312810248,)
Traceback (most recent call last):
  File "C:\Users\saiem\Documents\GitHub-Data\sdv-dev\cfbfastR-dev\cfbfastR-cfb-raw\.venv\Lib\site-packages\requests\models.py", line 1116, in json
    return complexjson.loads(self.text, **kwargs)
           ^^^^^^^^^^^^^^^^^^^^^^^^^^^^^^^^^^^^^^
  File "C:\Users\saiem\AppData\Local\Programs\Python\Python311\Lib\json\__init__.py", line 346, in loads
    return _default_decoder.decode(s)
           ^^^^^^^^^^^^^^^^^^^^^^^^^^
  File "C:\Users\saiem\AppData\Local\Programs\Python\Python311\Lib\json\decoder.py", line 337, in decode
    obj, end = self.raw_decode(s, idx=_w(s, 0).end())
               ^^^^^^^^^^^^^^^^^^^^^^^^^^^^^^^^^^^^^^
  File "C:\Users\saiem\AppData\Local\Programs\Python\Python311\Lib\json\decoder.py", line 355, in raw_decode
    raise JSONDecodeError("Expecting value", s, err.value) from None
json.decoder.JSONDecodeError: Expecting value: line 1 column 1 (char 0)

During handling of the above exception, another exception occurred:

Traceback (most recent call last):
  File "C:\Users\saiem\Documents\GitHub-Data\sdv-dev\cfbfastR-dev\cfbfastR-cfb-raw\python\_cfb_raw_utils.py", line 93, in _safe
    return fn(*args, **kwargs)
           ^^^^^^^^^^^^^^^^^^^
  File "C:\Users\saiem\Documents\GitHub-Data\sdv-dev\cfbfastR-dev\cfbfastR-cfb-raw\python\scrape_cfb_json.py", line 27, in _participants
    return sdv.cfb.espn_cfb_play_participants(game_id=gid, return_as_pandas=True).to_dict("records")
           ^^^^^^^^^^^^^^^^^^^^^^^^^^^^^^^^^^^^^^^^^^^^^^^^^^^^^^^^^^^^^^^^^^^^^^
  File "C:\Users\saiem\Documents\GitHub-Data\sdv-dev\cfbfastR-dev\cfbfastR-cfb-raw\.venv\Lib\site-packages\sportsdataverse\cfb\cfb_play_participants.py", line 184, in espn_cfb_play_participants
    plays_raw = _download_plays(game_id, **kwargs)
                ^^^^^^^^^^^^^^^^^^^^^^^^^^^^^^^^^^
  File "C:\Users\saiem\Documents\GitHub-Data\sdv-dev\cfbfastR-dev\cfbfastR-cfb-raw\.venv\Lib\site-packages\sportsdataverse\cfb\cfb_play_participants.py", line 215, in _download_plays
    body = resp.json()
           ^^^^^^^^^^^
  File "C:\Users\saiem\Documents\GitHub-Data\sdv-dev\cfbfastR-dev\cfbfastR-cfb-raw\.venv\Lib\site-packages\requests\models.py", line 1120, in json
    raise RequestsJSONDecodeError(e.msg, e.doc, e.pos)
requests.exceptions.JSONDecodeError: Expecting value: line 1 column 1 (char 0)
2026-06-13 19:44:12,732 ERROR extra fetch failed: _participants(312810309,)
Traceback (most recent call last):
  File "C:\Users\saiem\Documents\GitHub-Data\sdv-dev\cfbfastR-dev\cfbfastR-cfb-raw\.venv\Lib\site-packages\requests\models.py", line 1116, in json
    return complexjson.loads(self.text, **kwargs)
           ^^^^^^^^^^^^^^^^^^^^^^^^^^^^^^^^^^^^^^
  File "C:\Users\saiem\AppData\Local\Programs\Python\Python311\Lib\json\__init__.py", line 346, in loads
    return _default_decoder.decode(s)
           ^^^^^^^^^^^^^^^^^^^^^^^^^^
  File "C:\Users\saiem\AppData\Local\Programs\Python\Python311\Lib\json\decoder.py", line 337, in decode
    obj, end = self.raw_decode(s, idx=_w(s, 0).end())
               ^^^^^^^^^^^^^^^^^^^^^^^^^^^^^^^^^^^^^^
  File "C:\Users\saiem\AppData\Local\Programs\Python\Python311\Lib\json\decoder.py", line 355, in raw_decode
    raise JSONDecodeError("Expecting value", s, err.value) from None
json.decoder.JSONDecodeError: Expecting value: line 1 column 1 (char 0)

During handling of the above exception, another exception occurred:

Traceback (most recent call last):
  File "C:\Users\saiem\Documents\GitHub-Data\sdv-dev\cfbfastR-dev\cfbfastR-cfb-raw\python\_cfb_raw_utils.py", line 93, in _safe
    return fn(*args, **kwargs)
           ^^^^^^^^^^^^^^^^^^^
  File "C:\Users\saiem\Documents\GitHub-Data\sdv-dev\cfbfastR-dev\cfbfastR-cfb-raw\python\scrape_cfb_json.py", line 27, in _participants
    return sdv.cfb.espn_cfb_play_participants(game_id=gid, return_as_pandas=True).to_dict("records")
           ^^^^^^^^^^^^^^^^^^^^^^^^^^^^^^^^^^^^^^^^^^^^^^^^^^^^^^^^^^^^^^^^^^^^^^
  File "C:\Users\saiem\Documents\GitHub-Data\sdv-dev\cfbfastR-dev\cfbfastR-cfb-raw\.venv\Lib\site-packages\sportsdataverse\cfb\cfb_play_participants.py", line 184, in espn_cfb_play_participants
    plays_raw = _download_plays(game_id, **kwargs)
                ^^^^^^^^^^^^^^^^^^^^^^^^^^^^^^^^^^
  File "C:\Users\saiem\Documents\GitHub-Data\sdv-dev\cfbfastR-dev\cfbfastR-cfb-raw\.venv\Lib\site-packages\sportsdataverse\cfb\cfb_play_participants.py", line 215, in _download_plays
    body = resp.json()
           ^^^^^^^^^^^
  File "C:\Users\saiem\Documents\GitHub-Data\sdv-dev\cfbfastR-dev\cfbfastR-cfb-raw\.venv\Lib\site-packages\requests\models.py", line 1120, in json
    raise RequestsJSONDecodeError(e.msg, e.doc, e.pos)
requests.exceptions.JSONDecodeError: Expecting value: line 1 column 1 (char 0)
2026-06-13 19:44:13,165 ERROR extra fetch failed: _participants(312812116,)
Traceback (most recent call last):
  File "C:\Users\saiem\Documents\GitHub-Data\sdv-dev\cfbfastR-dev\cfbfastR-cfb-raw\.venv\Lib\site-packages\requests\models.py", line 1116, in json
    return complexjson.loads(self.text, **kwargs)
           ^^^^^^^^^^^^^^^^^^^^^^^^^^^^^^^^^^^^^^
  File "C:\Users\saiem\AppData\Local\Programs\Python\Python311\Lib\json\__init__.py", line 346, in loads
    return _default_decoder.decode(s)
           ^^^^^^^^^^^^^^^^^^^^^^^^^^
  File "C:\Users\saiem\AppData\Local\Programs\Python\Python311\Lib\json\decoder.py", line 337, in decode
    obj, end = self.raw_decode(s, idx=_w(s, 0).end())
               ^^^^^^^^^^^^^^^^^^^^^^^^^^^^^^^^^^^^^^
  File "C:\Users\saiem\AppData\Local\Programs\Python\Python311\Lib\json\decoder.py", line 355, in raw_decode
    raise JSONDecodeError("Expecting value", s, err.value) from None
json.decoder.JSONDecodeError: Expecting value: line 1 column 1 (char 0)

During handling of the above exception, another exception occurred:

Traceback (most recent call last):
  File "C:\Users\saiem\Documents\GitHub-Data\sdv-dev\cfbfastR-dev\cfbfastR-cfb-raw\python\_cfb_raw_utils.py", line 93, in _safe
    return fn(*args, **kwargs)
           ^^^^^^^^^^^^^^^^^^^
  File "C:\Users\saiem\Documents\GitHub-Data\sdv-dev\cfbfastR-dev\cfbfastR-cfb-raw\python\scrape_cfb_json.py", line 27, in _participants
    return sdv.cfb.espn_cfb_play_participants(game_id=gid, return_as_pandas=True).to_dict("records")
           ^^^^^^^^^^^^^^^^^^^^^^^^^^^^^^^^^^^^^^^^^^^^^^^^^^^^^^^^^^^^^^^^^^^^^^
  File "C:\Users\saiem\Documents\GitHub-Data\sdv-dev\cfbfastR-dev\cfbfastR-cfb-raw\.venv\Lib\site-packages\sportsdataverse\cfb\cfb_play_participants.py", line 184, in espn_cfb_play_participants
    plays_raw = _download_plays(game_id, **kwargs)
                ^^^^^^^^^^^^^^^^^^^^^^^^^^^^^^^^^^
  File "C:\Users\saiem\Documents\GitHub-Data\sdv-dev\cfbfastR-dev\cfbfastR-cfb-raw\.venv\Lib\site-packages\sportsdataverse\cfb\cfb_play_participants.py", line 215, in _download_plays
    body = resp.json()
           ^^^^^^^^^^^
  File "C:\Users\saiem\Documents\GitHub-Data\sdv-dev\cfbfastR-dev\cfbfastR-cfb-raw\.venv\Lib\site-packages\requests\models.py", line 1120, in json
    raise RequestsJSONDecodeError(e.msg, e.doc, e.pos)
requests.exceptions.JSONDecodeError: Expecting value: line 1 column 1 (char 0)
2026-06-13 19:44:13,196 ERROR extra fetch failed: _rosters(312810113,)
Traceback (most recent call last):
  File "C:\Users\saiem\Documents\GitHub-Data\sdv-dev\cfbfastR-dev\cfbfastR-cfb-raw\.venv\Lib\site-packages\requests\models.py", line 1116, in json
    return complexjson.loads(self.text, **kwargs)
           ^^^^^^^^^^^^^^^^^^^^^^^^^^^^^^^^^^^^^^
  File "C:\Users\saiem\AppData\Local\Programs\Python\Python311\Lib\json\__init__.py", line 346, in loads
    return _default_decoder.decode(s)
           ^^^^^^^^^^^^^^^^^^^^^^^^^^
  File "C:\Users\saiem\AppData\Local\Programs\Python\Python311\Lib\json\decoder.py", line 337, in decode
    obj, end = self.raw_decode(s, idx=_w(s, 0).end())
               ^^^^^^^^^^^^^^^^^^^^^^^^^^^^^^^^^^^^^^
  File "C:\Users\saiem\AppData\Local\Programs\Python\Python311\Lib\json\decoder.py", line 355, in raw_decode
    raise JSONDecodeError("Expecting value", s, err.value) from None
json.decoder.JSONDecodeError: Expecting value: line 1 column 1 (char 0)

During handling of the above exception, another exception occurred:

Traceback (most recent call last):
  File "C:\Users\saiem\Documents\GitHub-Data\sdv-dev\cfbfastR-dev\cfbfastR-cfb-raw\python\_cfb_raw_utils.py", line 93, in _safe
    return fn(*args, **kwargs)
           ^^^^^^^^^^^^^^^^^^^
  File "C:\Users\saiem\Documents\GitHub-Data\sdv-dev\cfbfastR-dev\cfbfastR-cfb-raw\python\scrape_cfb_json.py", line 31, in _rosters
    return sdv.cfb.espn_cfb_game_rosters(game_id=gid, return_as_pandas=True).to_dict("records")
           ^^^^^^^^^^^^^^^^^^^^^^^^^^^^^^^^^^^^^^^^^^^^^^^^^^^^^^^^^^^^^^^^^
  File "C:\Users\saiem\Documents\GitHub-Data\sdv-dev\cfbfastR-dev\cfbfastR-cfb-raw\.venv\Lib\site-packages\sportsdataverse\cfb\cfb_game_rosters.py", line 64, in espn_cfb_game_rosters
    summary = summary_resp.json()
              ^^^^^^^^^^^^^^^^^^^
  File "C:\Users\saiem\Documents\GitHub-Data\sdv-dev\cfbfastR-dev\cfbfastR-cfb-raw\.venv\Lib\site-packages\requests\models.py", line 1120, in json
    raise RequestsJSONDecodeError(e.msg, e.doc, e.pos)
requests.exceptions.JSONDecodeError: Expecting value: line 1 column 1 (char 0)
2026-06-13 19:44:13,382 ERROR extra fetch failed: _participants(312810328,)
Traceback (most recent call last):
  File "C:\Users\saiem\Documents\GitHub-Data\sdv-dev\cfbfastR-dev\cfbfastR-cfb-raw\.venv\Lib\site-packages\requests\models.py", line 1116, in json
    return complexjson.loads(self.text, **kwargs)
           ^^^^^^^^^^^^^^^^^^^^^^^^^^^^^^^^^^^^^^
  File "C:\Users\saiem\AppData\Local\Programs\Python\Python311\Lib\json\__init__.py", line 346, in loads
    return _default_decoder.decode(s)
           ^^^^^^^^^^^^^^^^^^^^^^^^^^
  File "C:\Users\saiem\AppData\Local\Programs\Python\Python311\Lib\json\decoder.py", line 337, in decode
    obj, end = self.raw_decode(s, idx=_w(s, 0).end())
               ^^^^^^^^^^^^^^^^^^^^^^^^^^^^^^^^^^^^^^
  File "C:\Users\saiem\AppData\Local\Programs\Python\Python311\Lib\json\decoder.py", line 355, in raw_decode
    raise JSONDecodeError("Expecting value", s, err.value) from None
json.decoder.JSONDecodeError: Expecting value: line 1 column 1 (char 0)

During handling of the above exception, another exception occurred:

Traceback (most recent call last):
  File "C:\Users\saiem\Documents\GitHub-Data\sdv-dev\cfbfastR-dev\cfbfastR-cfb-raw\python\_cfb_raw_utils.py", line 93, in _safe
    return fn(*args, **kwargs)
           ^^^^^^^^^^^^^^^^^^^
  File "C:\Users\saiem\Documents\GitHub-Data\sdv-dev\cfbfastR-dev\cfbfastR-cfb-raw\python\scrape_cfb_json.py", line 27, in _participants
    return sdv.cfb.espn_cfb_play_participants(game_id=gid, return_as_pandas=True).to_dict("records")
           ^^^^^^^^^^^^^^^^^^^^^^^^^^^^^^^^^^^^^^^^^^^^^^^^^^^^^^^^^^^^^^^^^^^^^^
  File "C:\Users\saiem\Documents\GitHub-Data\sdv-dev\cfbfastR-dev\cfbfastR-cfb-raw\.venv\Lib\site-packages\sportsdataverse\cfb\cfb_play_participants.py", line 184, in espn_cfb_play_participants
    plays_raw = _download_plays(game_id, **kwargs)
                ^^^^^^^^^^^^^^^^^^^^^^^^^^^^^^^^^^
  File "C:\Users\saiem\Documents\GitHub-Data\sdv-dev\cfbfastR-dev\cfbfastR-cfb-raw\.venv\Lib\site-packages\sportsdataverse\cfb\cfb_play_participants.py", line 215, in _download_plays
    body = resp.json()
           ^^^^^^^^^^^
  File "C:\Users\saiem\Documents\GitHub-Data\sdv-dev\cfbfastR-dev\cfbfastR-cfb-raw\.venv\Lib\site-packages\requests\models.py", line 1120, in json
    raise RequestsJSONDecodeError(e.msg, e.doc, e.pos)
requests.exceptions.JSONDecodeError: Expecting value: line 1 column 1 (char 0)
2026-06-13 19:44:13,820 ERROR extra fetch failed: _participants(312812433,)
Traceback (most recent call last):
  File "C:\Users\saiem\Documents\GitHub-Data\sdv-dev\cfbfastR-dev\cfbfastR-cfb-raw\.venv\Lib\site-packages\requests\models.py", line 1116, in json
    return complexjson.loads(self.text, **kwargs)
           ^^^^^^^^^^^^^^^^^^^^^^^^^^^^^^^^^^^^^^
  File "C:\Users\saiem\AppData\Local\Programs\Python\Python311\Lib\json\__init__.py", line 346, in loads
    return _default_decoder.decode(s)
           ^^^^^^^^^^^^^^^^^^^^^^^^^^
  File "C:\Users\saiem\AppData\Local\Programs\Python\Python311\Lib\json\decoder.py", line 337, in decode
    obj, end = self.raw_decode(s, idx=_w(s, 0).end())
               ^^^^^^^^^^^^^^^^^^^^^^^^^^^^^^^^^^^^^^
  File "C:\Users\saiem\AppData\Local\Programs\Python\Python311\Lib\json\decoder.py", line 355, in raw_decode
    raise JSONDecodeError("Expecting value", s, err.value) from None
json.decoder.JSONDecodeError: Expecting value: line 1 column 1 (char 0)

During handling of the above exception, another exception occurred:

Traceback (most recent call last):
  File "C:\Users\saiem\Documents\GitHub-Data\sdv-dev\cfbfastR-dev\cfbfastR-cfb-raw\python\_cfb_raw_utils.py", line 93, in _safe
    return fn(*args, **kwargs)
           ^^^^^^^^^^^^^^^^^^^
  File "C:\Users\saiem\Documents\GitHub-Data\sdv-dev\cfbfastR-dev\cfbfastR-cfb-raw\python\scrape_cfb_json.py", line 27, in _participants
    return sdv.cfb.espn_cfb_play_participants(game_id=gid, return_as_pandas=True).to_dict("records")
           ^^^^^^^^^^^^^^^^^^^^^^^^^^^^^^^^^^^^^^^^^^^^^^^^^^^^^^^^^^^^^^^^^^^^^^
  File "C:\Users\saiem\Documents\GitHub-Data\sdv-dev\cfbfastR-dev\cfbfastR-cfb-raw\.venv\Lib\site-packages\sportsdataverse\cfb\cfb_play_participants.py", line 184, in espn_cfb_play_participants
    plays_raw = _download_plays(game_id, **kwargs)
                ^^^^^^^^^^^^^^^^^^^^^^^^^^^^^^^^^^
  File "C:\Users\saiem\Documents\GitHub-Data\sdv-dev\cfbfastR-dev\cfbfastR-cfb-raw\.venv\Lib\site-packages\sportsdataverse\cfb\cfb_play_participants.py", line 215, in _download_plays
    body = resp.json()
           ^^^^^^^^^^^
  File "C:\Users\saiem\Documents\GitHub-Data\sdv-dev\cfbfastR-dev\cfbfastR-cfb-raw\.venv\Lib\site-packages\requests\models.py", line 1120, in json
    raise RequestsJSONDecodeError(e.msg, e.doc, e.pos)
requests.exceptions.JSONDecodeError: Expecting value: line 1 column 1 (char 0)
2026-06-13 19:44:13,836 ERROR extra fetch failed: _rosters(312810248,)
Traceback (most recent call last):
  File "C:\Users\saiem\Documents\GitHub-Data\sdv-dev\cfbfastR-dev\cfbfastR-cfb-raw\.venv\Lib\site-packages\requests\models.py", line 1116, in json
    return complexjson.loads(self.text, **kwargs)
           ^^^^^^^^^^^^^^^^^^^^^^^^^^^^^^^^^^^^^^
  File "C:\Users\saiem\AppData\Local\Programs\Python\Python311\Lib\json\__init__.py", line 346, in loads
    return _default_decoder.decode(s)
           ^^^^^^^^^^^^^^^^^^^^^^^^^^
  File "C:\Users\saiem\AppData\Local\Programs\Python\Python311\Lib\json\decoder.py", line 337, in decode
    obj, end = self.raw_decode(s, idx=_w(s, 0).end())
               ^^^^^^^^^^^^^^^^^^^^^^^^^^^^^^^^^^^^^^
  File "C:\Users\saiem\AppData\Local\Programs\Python\Python311\Lib\json\decoder.py", line 355, in raw_decode
    raise JSONDecodeError("Expecting value", s, err.value) from None
json.decoder.JSONDecodeError: Expecting value: line 1 column 1 (char 0)

During handling of the above exception, another exception occurred:

Traceback (most recent call last):
  File "C:\Users\saiem\Documents\GitHub-Data\sdv-dev\cfbfastR-dev\cfbfastR-cfb-raw\python\_cfb_raw_utils.py", line 93, in _safe
    return fn(*args, **kwargs)
           ^^^^^^^^^^^^^^^^^^^
  File "C:\Users\saiem\Documents\GitHub-Data\sdv-dev\cfbfastR-dev\cfbfastR-cfb-raw\python\scrape_cfb_json.py", line 31, in _rosters
    return sdv.cfb.espn_cfb_game_rosters(game_id=gid, return_as_pandas=True).to_dict("records")
           ^^^^^^^^^^^^^^^^^^^^^^^^^^^^^^^^^^^^^^^^^^^^^^^^^^^^^^^^^^^^^^^^^
  File "C:\Users\saiem\Documents\GitHub-Data\sdv-dev\cfbfastR-dev\cfbfastR-cfb-raw\.venv\Lib\site-packages\sportsdataverse\cfb\cfb_game_rosters.py", line 64, in espn_cfb_game_rosters
    summary = summary_resp.json()
              ^^^^^^^^^^^^^^^^^^^
  File "C:\Users\saiem\Documents\GitHub-Data\sdv-dev\cfbfastR-dev\cfbfastR-cfb-raw\.venv\Lib\site-packages\requests\models.py", line 1120, in json
    raise RequestsJSONDecodeError(e.msg, e.doc, e.pos)
requests.exceptions.JSONDecodeError: Expecting value: line 1 column 1 (char 0)
2026-06-13 19:44:13,917 ERROR extra fetch failed: _participants(312812440,)
Traceback (most recent call last):
  File "C:\Users\saiem\Documents\GitHub-Data\sdv-dev\cfbfastR-dev\cfbfastR-cfb-raw\.venv\Lib\site-packages\requests\models.py", line 1116, in json
    return complexjson.loads(self.text, **kwargs)
           ^^^^^^^^^^^^^^^^^^^^^^^^^^^^^^^^^^^^^^
  File "C:\Users\saiem\AppData\Local\Programs\Python\Python311\Lib\json\__init__.py", line 346, in loads
    return _default_decoder.decode(s)
           ^^^^^^^^^^^^^^^^^^^^^^^^^^
  File "C:\Users\saiem\AppData\Local\Programs\Python\Python311\Lib\json\decoder.py", line 337, in decode
    obj, end = self.raw_decode(s, idx=_w(s, 0).end())
               ^^^^^^^^^^^^^^^^^^^^^^^^^^^^^^^^^^^^^^
  File "C:\Users\saiem\AppData\Local\Programs\Python\Python311\Lib\json\decoder.py", line 355, in raw_decode
    raise JSONDecodeError("Expecting value", s, err.value) from None
json.decoder.JSONDecodeError: Expecting value: line 1 column 1 (char 0)

During handling of the above exception, another exception occurred:

Traceback (most recent call last):
  File "C:\Users\saiem\Documents\GitHub-Data\sdv-dev\cfbfastR-dev\cfbfastR-cfb-raw\python\_cfb_raw_utils.py", line 93, in _safe
    return fn(*args, **kwargs)
           ^^^^^^^^^^^^^^^^^^^
  File "C:\Users\saiem\Documents\GitHub-Data\sdv-dev\cfbfastR-dev\cfbfastR-cfb-raw\python\scrape_cfb_json.py", line 27, in _participants
    return sdv.cfb.espn_cfb_play_participants(game_id=gid, return_as_pandas=True).to_dict("records")
           ^^^^^^^^^^^^^^^^^^^^^^^^^^^^^^^^^^^^^^^^^^^^^^^^^^^^^^^^^^^^^^^^^^^^^^
  File "C:\Users\saiem\Documents\GitHub-Data\sdv-dev\cfbfastR-dev\cfbfastR-cfb-raw\.venv\Lib\site-packages\sportsdataverse\cfb\cfb_play_participants.py", line 184, in espn_cfb_play_participants
    plays_raw = _download_plays(game_id, **kwargs)
                ^^^^^^^^^^^^^^^^^^^^^^^^^^^^^^^^^^
  File "C:\Users\saiem\Documents\GitHub-Data\sdv-dev\cfbfastR-dev\cfbfastR-cfb-raw\.venv\Lib\site-packages\sportsdataverse\cfb\cfb_play_participants.py", line 215, in _download_plays
    body = resp.json()
           ^^^^^^^^^^^
  File "C:\Users\saiem\Documents\GitHub-Data\sdv-dev\cfbfastR-dev\cfbfastR-cfb-raw\.venv\Lib\site-packages\requests\models.py", line 1120, in json
    raise RequestsJSONDecodeError(e.msg, e.doc, e.pos)
requests.exceptions.JSONDecodeError: Expecting value: line 1 column 1 (char 0)
2026-06-13 19:44:13,942 ERROR extra fetch failed: _participants(312810021,)
Traceback (most recent call last):
  File "C:\Users\saiem\Documents\GitHub-Data\sdv-dev\cfbfastR-dev\cfbfastR-cfb-raw\.venv\Lib\site-packages\requests\models.py", line 1116, in json
    return complexjson.loads(self.text, **kwargs)
           ^^^^^^^^^^^^^^^^^^^^^^^^^^^^^^^^^^^^^^
  File "C:\Users\saiem\AppData\Local\Programs\Python\Python311\Lib\json\__init__.py", line 346, in loads
    return _default_decoder.decode(s)
           ^^^^^^^^^^^^^^^^^^^^^^^^^^
  File "C:\Users\saiem\AppData\Local\Programs\Python\Python311\Lib\json\decoder.py", line 337, in decode
    obj, end = self.raw_decode(s, idx=_w(s, 0).end())
               ^^^^^^^^^^^^^^^^^^^^^^^^^^^^^^^^^^^^^^
  File "C:\Users\saiem\AppData\Local\Programs\Python\Python311\Lib\json\decoder.py", line 355, in raw_decode
    raise JSONDecodeError("Expecting value", s, err.value) from None
json.decoder.JSONDecodeError: Expecting value: line 1 column 1 (char 0)

During handling of the above exception, another exception occurred:

Traceback (most recent call last):
  File "C:\Users\saiem\Documents\GitHub-Data\sdv-dev\cfbfastR-dev\cfbfastR-cfb-raw\python\_cfb_raw_utils.py", line 93, in _safe
    return fn(*args, **kwargs)
           ^^^^^^^^^^^^^^^^^^^
  File "C:\Users\saiem\Documents\GitHub-Data\sdv-dev\cfbfastR-dev\cfbfastR-cfb-raw\python\scrape_cfb_json.py", line 27, in _participants
    return sdv.cfb.espn_cfb_play_participants(game_id=gid, return_as_pandas=True).to_dict("records")
           ^^^^^^^^^^^^^^^^^^^^^^^^^^^^^^^^^^^^^^^^^^^^^^^^^^^^^^^^^^^^^^^^^^^^^^
  File "C:\Users\saiem\Documents\GitHub-Data\sdv-dev\cfbfastR-dev\cfbfastR-cfb-raw\.venv\Lib\site-packages\sportsdataverse\cfb\cfb_play_participants.py", line 184, in espn_cfb_play_participants
    plays_raw = _download_plays(game_id, **kwargs)
                ^^^^^^^^^^^^^^^^^^^^^^^^^^^^^^^^^^
  File "C:\Users\saiem\Documents\GitHub-Data\sdv-dev\cfbfastR-dev\cfbfastR-cfb-raw\.venv\Lib\site-packages\sportsdataverse\cfb\cfb_play_participants.py", line 215, in _download_plays
    body = resp.json()
           ^^^^^^^^^^^
  File "C:\Users\saiem\Documents\GitHub-Data\sdv-dev\cfbfastR-dev\cfbfastR-cfb-raw\.venv\Lib\site-packages\requests\models.py", line 1120, in json
    raise RequestsJSONDecodeError(e.msg, e.doc, e.pos)
requests.exceptions.JSONDecodeError: Expecting value: line 1 column 1 (char 0)
2026-06-13 19:44:13,946 ERROR extra fetch failed: _rosters(312810309,)
Traceback (most recent call last):
  File "C:\Users\saiem\Documents\GitHub-Data\sdv-dev\cfbfastR-dev\cfbfastR-cfb-raw\.venv\Lib\site-packages\requests\models.py", line 1116, in json
    return complexjson.loads(self.text, **kwargs)
           ^^^^^^^^^^^^^^^^^^^^^^^^^^^^^^^^^^^^^^
  File "C:\Users\saiem\AppData\Local\Programs\Python\Python311\Lib\json\__init__.py", line 346, in loads
    return _default_decoder.decode(s)
           ^^^^^^^^^^^^^^^^^^^^^^^^^^
  File "C:\Users\saiem\AppData\Local\Programs\Python\Python311\Lib\json\decoder.py", line 337, in decode
    obj, end = self.raw_decode(s, idx=_w(s, 0).end())
               ^^^^^^^^^^^^^^^^^^^^^^^^^^^^^^^^^^^^^^
  File "C:\Users\saiem\AppData\Local\Programs\Python\Python311\Lib\json\decoder.py", line 355, in raw_decode
    raise JSONDecodeError("Expecting value", s, err.value) from None
json.decoder.JSONDecodeError: Expecting value: line 1 column 1 (char 0)

During handling of the above exception, another exception occurred:

Traceback (most recent call last):
  File "C:\Users\saiem\Documents\GitHub-Data\sdv-dev\cfbfastR-dev\cfbfastR-cfb-raw\python\_cfb_raw_utils.py", line 93, in _safe
    return fn(*args, **kwargs)
           ^^^^^^^^^^^^^^^^^^^
  File "C:\Users\saiem\Documents\GitHub-Data\sdv-dev\cfbfastR-dev\cfbfastR-cfb-raw\python\scrape_cfb_json.py", line 31, in _rosters
    return sdv.cfb.espn_cfb_game_rosters(game_id=gid, return_as_pandas=True).to_dict("records")
           ^^^^^^^^^^^^^^^^^^^^^^^^^^^^^^^^^^^^^^^^^^^^^^^^^^^^^^^^^^^^^^^^^
  File "C:\Users\saiem\Documents\GitHub-Data\sdv-dev\cfbfastR-dev\cfbfastR-cfb-raw\.venv\Lib\site-packages\sportsdataverse\cfb\cfb_game_rosters.py", line 64, in espn_cfb_game_rosters
    summary = summary_resp.json()
              ^^^^^^^^^^^^^^^^^^^
  File "C:\Users\saiem\Documents\GitHub-Data\sdv-dev\cfbfastR-dev\cfbfastR-cfb-raw\.venv\Lib\site-packages\requests\models.py", line 1120, in json
    raise RequestsJSONDecodeError(e.msg, e.doc, e.pos)
requests.exceptions.JSONDecodeError: Expecting value: line 1 column 1 (char 0)
2026-06-13 19:44:13,946 ERROR extra fetch failed: _participants(312810249,)
Traceback (most recent call last):
  File "C:\Users\saiem\Documents\GitHub-Data\sdv-dev\cfbfastR-dev\cfbfastR-cfb-raw\.venv\Lib\site-packages\requests\models.py", line 1116, in json
    return complexjson.loads(self.text, **kwargs)
           ^^^^^^^^^^^^^^^^^^^^^^^^^^^^^^^^^^^^^^
  File "C:\Users\saiem\AppData\Local\Programs\Python\Python311\Lib\json\__init__.py", line 346, in loads
    return _default_decoder.decode(s)
           ^^^^^^^^^^^^^^^^^^^^^^^^^^
  File "C:\Users\saiem\AppData\Local\Programs\Python\Python311\Lib\json\decoder.py", line 337, in decode
    obj, end = self.raw_decode(s, idx=_w(s, 0).end())
               ^^^^^^^^^^^^^^^^^^^^^^^^^^^^^^^^^^^^^^
  File "C:\Users\saiem\AppData\Local\Programs\Python\Python311\Lib\json\decoder.py", line 355, in raw_decode
    raise JSONDecodeError("Expecting value", s, err.value) from None
json.decoder.JSONDecodeError: Expecting value: line 1 column 1 (char 0)

During handling of the above exception, another exception occurred:

Traceback (most recent call last):
  File "C:\Users\saiem\Documents\GitHub-Data\sdv-dev\cfbfastR-dev\cfbfastR-cfb-raw\python\_cfb_raw_utils.py", line 93, in _safe
    return fn(*args, **kwargs)
           ^^^^^^^^^^^^^^^^^^^
  File "C:\Users\saiem\Documents\GitHub-Data\sdv-dev\cfbfastR-dev\cfbfastR-cfb-raw\python\scrape_cfb_json.py", line 27, in _participants
    return sdv.cfb.espn_cfb_play_participants(game_id=gid, return_as_pandas=True).to_dict("records")
           ^^^^^^^^^^^^^^^^^^^^^^^^^^^^^^^^^^^^^^^^^^^^^^^^^^^^^^^^^^^^^^^^^^^^^^
  File "C:\Users\saiem\Documents\GitHub-Data\sdv-dev\cfbfastR-dev\cfbfastR-cfb-raw\.venv\Lib\site-packages\sportsdataverse\cfb\cfb_play_participants.py", line 184, in espn_cfb_play_participants
    plays_raw = _download_plays(game_id, **kwargs)
                ^^^^^^^^^^^^^^^^^^^^^^^^^^^^^^^^^^
  File "C:\Users\saiem\Documents\GitHub-Data\sdv-dev\cfbfastR-dev\cfbfastR-cfb-raw\.venv\Lib\site-packages\sportsdataverse\cfb\cfb_play_participants.py", line 215, in _download_plays
    body = resp.json()
           ^^^^^^^^^^^
  File "C:\Users\saiem\Documents\GitHub-Data\sdv-dev\cfbfastR-dev\cfbfastR-cfb-raw\.venv\Lib\site-packages\requests\models.py", line 1120, in json
    raise RequestsJSONDecodeError(e.msg, e.doc, e.pos)
requests.exceptions.JSONDecodeError: Expecting value: line 1 column 1 (char 0)
2026-06-13 19:44:14,064 ERROR extra fetch failed: _participants(312862005,)
Traceback (most recent call last):
  File "C:\Users\saiem\Documents\GitHub-Data\sdv-dev\cfbfastR-dev\cfbfastR-cfb-raw\.venv\Lib\site-packages\requests\models.py", line 1116, in json
    return complexjson.loads(self.text, **kwargs)
           ^^^^^^^^^^^^^^^^^^^^^^^^^^^^^^^^^^^^^^
  File "C:\Users\saiem\AppData\Local\Programs\Python\Python311\Lib\json\__init__.py", line 346, in loads
    return _default_decoder.decode(s)
           ^^^^^^^^^^^^^^^^^^^^^^^^^^
  File "C:\Users\saiem\AppData\Local\Programs\Python\Python311\Lib\json\decoder.py", line 337, in decode
    obj, end = self.raw_decode(s, idx=_w(s, 0).end())
               ^^^^^^^^^^^^^^^^^^^^^^^^^^^^^^^^^^^^^^
  File "C:\Users\saiem\AppData\Local\Programs\Python\Python311\Lib\json\decoder.py", line 355, in raw_decode
    raise JSONDecodeError("Expecting value", s, err.value) from None
json.decoder.JSONDecodeError: Expecting value: line 1 column 1 (char 0)

During handling of the above exception, another exception occurred:

Traceback (most recent call last):
  File "C:\Users\saiem\Documents\GitHub-Data\sdv-dev\cfbfastR-dev\cfbfastR-cfb-raw\python\_cfb_raw_utils.py", line 93, in _safe
    return fn(*args, **kwargs)
           ^^^^^^^^^^^^^^^^^^^
  File "C:\Users\saiem\Documents\GitHub-Data\sdv-dev\cfbfastR-dev\cfbfastR-cfb-raw\python\scrape_cfb_json.py", line 27, in _participants
    return sdv.cfb.espn_cfb_play_participants(game_id=gid, return_as_pandas=True).to_dict("records")
           ^^^^^^^^^^^^^^^^^^^^^^^^^^^^^^^^^^^^^^^^^^^^^^^^^^^^^^^^^^^^^^^^^^^^^^
  File "C:\Users\saiem\Documents\GitHub-Data\sdv-dev\cfbfastR-dev\cfbfastR-cfb-raw\.venv\Lib\site-packages\sportsdataverse\cfb\cfb_play_participants.py", line 184, in espn_cfb_play_participants
    plays_raw = _download_plays(game_id, **kwargs)
                ^^^^^^^^^^^^^^^^^^^^^^^^^^^^^^^^^^
  File "C:\Users\saiem\Documents\GitHub-Data\sdv-dev\cfbfastR-dev\cfbfastR-cfb-raw\.venv\Lib\site-packages\sportsdataverse\cfb\cfb_play_participants.py", line 215, in _download_plays
    body = resp.json()
           ^^^^^^^^^^^
  File "C:\Users\saiem\Documents\GitHub-Data\sdv-dev\cfbfastR-dev\cfbfastR-cfb-raw\.venv\Lib\site-packages\requests\models.py", line 1120, in json
    raise RequestsJSONDecodeError(e.msg, e.doc, e.pos)
requests.exceptions.JSONDecodeError: Expecting value: line 1 column 1 (char 0)
2026-06-13 19:44:14,081 ERROR extra fetch failed: _participants(312860025,)
Traceback (most recent call last):
  File "C:\Users\saiem\Documents\GitHub-Data\sdv-dev\cfbfastR-dev\cfbfastR-cfb-raw\.venv\Lib\site-packages\requests\models.py", line 1116, in json
    return complexjson.loads(self.text, **kwargs)
           ^^^^^^^^^^^^^^^^^^^^^^^^^^^^^^^^^^^^^^
  File "C:\Users\saiem\AppData\Local\Programs\Python\Python311\Lib\json\__init__.py", line 346, in loads
    return _default_decoder.decode(s)
           ^^^^^^^^^^^^^^^^^^^^^^^^^^
  File "C:\Users\saiem\AppData\Local\Programs\Python\Python311\Lib\json\decoder.py", line 337, in decode
    obj, end = self.raw_decode(s, idx=_w(s, 0).end())
               ^^^^^^^^^^^^^^^^^^^^^^^^^^^^^^^^^^^^^^
  File "C:\Users\saiem\AppData\Local\Programs\Python\Python311\Lib\json\decoder.py", line 355, in raw_decode
    raise JSONDecodeError("Expecting value", s, err.value) from None
json.decoder.JSONDecodeError: Expecting value: line 1 column 1 (char 0)

During handling of the above exception, another exception occurred:

Traceback (most recent call last):
  File "C:\Users\saiem\Documents\GitHub-Data\sdv-dev\cfbfastR-dev\cfbfastR-cfb-raw\python\_cfb_raw_utils.py", line 93, in _safe
    return fn(*args, **kwargs)
           ^^^^^^^^^^^^^^^^^^^
  File "C:\Users\saiem\Documents\GitHub-Data\sdv-dev\cfbfastR-dev\cfbfastR-cfb-raw\python\scrape_cfb_json.py", line 27, in _participants
    return sdv.cfb.espn_cfb_play_participants(game_id=gid, return_as_pandas=True).to_dict("records")
           ^^^^^^^^^^^^^^^^^^^^^^^^^^^^^^^^^^^^^^^^^^^^^^^^^^^^^^^^^^^^^^^^^^^^^^
  File "C:\Users\saiem\Documents\GitHub-Data\sdv-dev\cfbfastR-dev\cfbfastR-cfb-raw\.venv\Lib\site-packages\sportsdataverse\cfb\cfb_play_participants.py", line 184, in espn_cfb_play_participants
    plays_raw = _download_plays(game_id, **kwargs)
                ^^^^^^^^^^^^^^^^^^^^^^^^^^^^^^^^^^
  File "C:\Users\saiem\Documents\GitHub-Data\sdv-dev\cfbfastR-dev\cfbfastR-cfb-raw\.venv\Lib\site-packages\sportsdataverse\cfb\cfb_play_participants.py", line 215, in _download_plays
    body = resp.json()
           ^^^^^^^^^^^
  File "C:\Users\saiem\Documents\GitHub-Data\sdv-dev\cfbfastR-dev\cfbfastR-cfb-raw\.venv\Lib\site-packages\requests\models.py", line 1120, in json
    raise RequestsJSONDecodeError(e.msg, e.doc, e.pos)
requests.exceptions.JSONDecodeError: Expecting value: line 1 column 1 (char 0)
2026-06-13 19:44:14,157 ERROR extra fetch failed: _participants(312812655,)
Traceback (most recent call last):
  File "C:\Users\saiem\Documents\GitHub-Data\sdv-dev\cfbfastR-dev\cfbfastR-cfb-raw\.venv\Lib\site-packages\requests\models.py", line 1116, in json
    return complexjson.loads(self.text, **kwargs)
           ^^^^^^^^^^^^^^^^^^^^^^^^^^^^^^^^^^^^^^
  File "C:\Users\saiem\AppData\Local\Programs\Python\Python311\Lib\json\__init__.py", line 346, in loads
    return _default_decoder.decode(s)
           ^^^^^^^^^^^^^^^^^^^^^^^^^^
  File "C:\Users\saiem\AppData\Local\Programs\Python\Python311\Lib\json\decoder.py", line 337, in decode
    obj, end = self.raw_decode(s, idx=_w(s, 0).end())
               ^^^^^^^^^^^^^^^^^^^^^^^^^^^^^^^^^^^^^^
  File "C:\Users\saiem\AppData\Local\Programs\Python\Python311\Lib\json\decoder.py", line 355, in raw_decode
    raise JSONDecodeError("Expecting value", s, err.value) from None
json.decoder.JSONDecodeError: Expecting value: line 1 column 1 (char 0)

During handling of the above exception, another exception occurred:

Traceback (most recent call last):
  File "C:\Users\saiem\Documents\GitHub-Data\sdv-dev\cfbfastR-dev\cfbfastR-cfb-raw\python\_cfb_raw_utils.py", line 93, in _safe
    return fn(*args, **kwargs)
           ^^^^^^^^^^^^^^^^^^^
  File "C:\Users\saiem\Documents\GitHub-Data\sdv-dev\cfbfastR-dev\cfbfastR-cfb-raw\python\scrape_cfb_json.py", line 27, in _participants
    return sdv.cfb.espn_cfb_play_participants(game_id=gid, return_as_pandas=True).to_dict("records")
           ^^^^^^^^^^^^^^^^^^^^^^^^^^^^^^^^^^^^^^^^^^^^^^^^^^^^^^^^^^^^^^^^^^^^^^
  File "C:\Users\saiem\Documents\GitHub-Data\sdv-dev\cfbfastR-dev\cfbfastR-cfb-raw\.venv\Lib\site-packages\sportsdataverse\cfb\cfb_play_participants.py", line 184, in espn_cfb_play_participants
    plays_raw = _download_plays(game_id, **kwargs)
                ^^^^^^^^^^^^^^^^^^^^^^^^^^^^^^^^^^
  File "C:\Users\saiem\Documents\GitHub-Data\sdv-dev\cfbfastR-dev\cfbfastR-cfb-raw\.venv\Lib\site-packages\sportsdataverse\cfb\cfb_play_participants.py", line 215, in _download_plays
    body = resp.json()
           ^^^^^^^^^^^
  File "C:\Users\saiem\Documents\GitHub-Data\sdv-dev\cfbfastR-dev\cfbfastR-cfb-raw\.venv\Lib\site-packages\requests\models.py", line 1120, in json
    raise RequestsJSONDecodeError(e.msg, e.doc, e.pos)
requests.exceptions.JSONDecodeError: Expecting value: line 1 column 1 (char 0)
2026-06-13 19:44:14,157 ERROR extra fetch failed: _participants(312812633,)
Traceback (most recent call last):
  File "C:\Users\saiem\Documents\GitHub-Data\sdv-dev\cfbfastR-dev\cfbfastR-cfb-raw\.venv\Lib\site-packages\requests\models.py", line 1116, in json
    return complexjson.loads(self.text, **kwargs)
           ^^^^^^^^^^^^^^^^^^^^^^^^^^^^^^^^^^^^^^
  File "C:\Users\saiem\AppData\Local\Programs\Python\Python311\Lib\json\__init__.py", line 346, in loads
    return _default_decoder.decode(s)
           ^^^^^^^^^^^^^^^^^^^^^^^^^^
  File "C:\Users\saiem\AppData\Local\Programs\Python\Python311\Lib\json\decoder.py", line 337, in decode
    obj, end = self.raw_decode(s, idx=_w(s, 0).end())
               ^^^^^^^^^^^^^^^^^^^^^^^^^^^^^^^^^^^^^^
  File "C:\Users\saiem\AppData\Local\Programs\Python\Python311\Lib\json\decoder.py", line 355, in raw_decode
    raise JSONDecodeError("Expecting value", s, err.value) from None
json.decoder.JSONDecodeError: Expecting value: line 1 column 1 (char 0)

During handling of the above exception, another exception occurred:

Traceback (most recent call last):
  File "C:\Users\saiem\Documents\GitHub-Data\sdv-dev\cfbfastR-dev\cfbfastR-cfb-raw\python\_cfb_raw_utils.py", line 93, in _safe
    return fn(*args, **kwargs)
           ^^^^^^^^^^^^^^^^^^^
  File "C:\Users\saiem\Documents\GitHub-Data\sdv-dev\cfbfastR-dev\cfbfastR-cfb-raw\python\scrape_cfb_json.py", line 27, in _participants
    return sdv.cfb.espn_cfb_play_participants(game_id=gid, return_as_pandas=True).to_dict("records")
           ^^^^^^^^^^^^^^^^^^^^^^^^^^^^^^^^^^^^^^^^^^^^^^^^^^^^^^^^^^^^^^^^^^^^^^
  File "C:\Users\saiem\Documents\GitHub-Data\sdv-dev\cfbfastR-dev\cfbfastR-cfb-raw\.venv\Lib\site-packages\sportsdataverse\cfb\cfb_play_participants.py", line 184, in espn_cfb_play_participants
    plays_raw = _download_plays(game_id, **kwargs)
                ^^^^^^^^^^^^^^^^^^^^^^^^^^^^^^^^^^
  File "C:\Users\saiem\Documents\GitHub-Data\sdv-dev\cfbfastR-dev\cfbfastR-cfb-raw\.venv\Lib\site-packages\sportsdataverse\cfb\cfb_play_participants.py", line 215, in _download_plays
    body = resp.json()
           ^^^^^^^^^^^
  File "C:\Users\saiem\Documents\GitHub-Data\sdv-dev\cfbfastR-dev\cfbfastR-cfb-raw\.venv\Lib\site-packages\requests\models.py", line 1120, in json
    raise RequestsJSONDecodeError(e.msg, e.doc, e.pos)
requests.exceptions.JSONDecodeError: Expecting value: line 1 column 1 (char 0)
2026-06-13 19:44:14,157 ERROR extra fetch failed: _participants(312810252,)
Traceback (most recent call last):
  File "C:\Users\saiem\Documents\GitHub-Data\sdv-dev\cfbfastR-dev\cfbfastR-cfb-raw\.venv\Lib\site-packages\requests\models.py", line 1116, in json
    return complexjson.loads(self.text, **kwargs)
           ^^^^^^^^^^^^^^^^^^^^^^^^^^^^^^^^^^^^^^
  File "C:\Users\saiem\AppData\Local\Programs\Python\Python311\Lib\json\__init__.py", line 346, in loads
    return _default_decoder.decode(s)
           ^^^^^^^^^^^^^^^^^^^^^^^^^^
  File "C:\Users\saiem\AppData\Local\Programs\Python\Python311\Lib\json\decoder.py", line 337, in decode
    obj, end = self.raw_decode(s, idx=_w(s, 0).end())
               ^^^^^^^^^^^^^^^^^^^^^^^^^^^^^^^^^^^^^^
  File "C:\Users\saiem\AppData\Local\Programs\Python\Python311\Lib\json\decoder.py", line 355, in raw_decode
    raise JSONDecodeError("Expecting value", s, err.value) from None
json.decoder.JSONDecodeError: Expecting value: line 1 column 1 (char 0)

During handling of the above exception, another exception occurred:

Traceback (most recent call last):
  File "C:\Users\saiem\Documents\GitHub-Data\sdv-dev\cfbfastR-dev\cfbfastR-cfb-raw\python\_cfb_raw_utils.py", line 93, in _safe
    return fn(*args, **kwargs)
           ^^^^^^^^^^^^^^^^^^^
  File "C:\Users\saiem\Documents\GitHub-Data\sdv-dev\cfbfastR-dev\cfbfastR-cfb-raw\python\scrape_cfb_json.py", line 27, in _participants
    return sdv.cfb.espn_cfb_play_participants(game_id=gid, return_as_pandas=True).to_dict("records")
           ^^^^^^^^^^^^^^^^^^^^^^^^^^^^^^^^^^^^^^^^^^^^^^^^^^^^^^^^^^^^^^^^^^^^^^
  File "C:\Users\saiem\Documents\GitHub-Data\sdv-dev\cfbfastR-dev\cfbfastR-cfb-raw\.venv\Lib\site-packages\sportsdataverse\cfb\cfb_play_participants.py", line 184, in espn_cfb_play_participants
    plays_raw = _download_plays(game_id, **kwargs)
                ^^^^^^^^^^^^^^^^^^^^^^^^^^^^^^^^^^
  File "C:\Users\saiem\Documents\GitHub-Data\sdv-dev\cfbfastR-dev\cfbfastR-cfb-raw\.venv\Lib\site-packages\sportsdataverse\cfb\cfb_play_participants.py", line 215, in _download_plays
    body = resp.json()
           ^^^^^^^^^^^
  File "C:\Users\saiem\Documents\GitHub-Data\sdv-dev\cfbfastR-dev\cfbfastR-cfb-raw\.venv\Lib\site-packages\requests\models.py", line 1120, in json
    raise RequestsJSONDecodeError(e.msg, e.doc, e.pos)
requests.exceptions.JSONDecodeError: Expecting value: line 1 column 1 (char 0)
2026-06-13 19:44:14,171 ERROR extra fetch failed: _participants(312810026,)
Traceback (most recent call last):
  File "C:\Users\saiem\Documents\GitHub-Data\sdv-dev\cfbfastR-dev\cfbfastR-cfb-raw\.venv\Lib\site-packages\requests\models.py", line 1116, in json
    return complexjson.loads(self.text, **kwargs)
           ^^^^^^^^^^^^^^^^^^^^^^^^^^^^^^^^^^^^^^
  File "C:\Users\saiem\AppData\Local\Programs\Python\Python311\Lib\json\__init__.py", line 346, in loads
    return _default_decoder.decode(s)
           ^^^^^^^^^^^^^^^^^^^^^^^^^^
  File "C:\Users\saiem\AppData\Local\Programs\Python\Python311\Lib\json\decoder.py", line 337, in decode
    obj, end = self.raw_decode(s, idx=_w(s, 0).end())
               ^^^^^^^^^^^^^^^^^^^^^^^^^^^^^^^^^^^^^^
  File "C:\Users\saiem\AppData\Local\Programs\Python\Python311\Lib\json\decoder.py", line 355, in raw_decode
    raise JSONDecodeError("Expecting value", s, err.value) from None
json.decoder.JSONDecodeError: Expecting value: line 1 column 1 (char 0)

During handling of the above exception, another exception occurred:

Traceback (most recent call last):
  File "C:\Users\saiem\Documents\GitHub-Data\sdv-dev\cfbfastR-dev\cfbfastR-cfb-raw\python\_cfb_raw_utils.py", line 93, in _safe
    return fn(*args, **kwargs)
           ^^^^^^^^^^^^^^^^^^^
  File "C:\Users\saiem\Documents\GitHub-Data\sdv-dev\cfbfastR-dev\cfbfastR-cfb-raw\python\scrape_cfb_json.py", line 27, in _participants
    return sdv.cfb.espn_cfb_play_participants(game_id=gid, return_as_pandas=True).to_dict("records")
           ^^^^^^^^^^^^^^^^^^^^^^^^^^^^^^^^^^^^^^^^^^^^^^^^^^^^^^^^^^^^^^^^^^^^^^
  File "C:\Users\saiem\Documents\GitHub-Data\sdv-dev\cfbfastR-dev\cfbfastR-cfb-raw\.venv\Lib\site-packages\sportsdataverse\cfb\cfb_play_participants.py", line 184, in espn_cfb_play_participants
    plays_raw = _download_plays(game_id, **kwargs)
                ^^^^^^^^^^^^^^^^^^^^^^^^^^^^^^^^^^
  File "C:\Users\saiem\Documents\GitHub-Data\sdv-dev\cfbfastR-dev\cfbfastR-cfb-raw\.venv\Lib\site-packages\sportsdataverse\cfb\cfb_play_participants.py", line 215, in _download_plays
    body = resp.json()
           ^^^^^^^^^^^
  File "C:\Users\saiem\Documents\GitHub-Data\sdv-dev\cfbfastR-dev\cfbfastR-cfb-raw\.venv\Lib\site-packages\requests\models.py", line 1120, in json
    raise RequestsJSONDecodeError(e.msg, e.doc, e.pos)
requests.exceptions.JSONDecodeError: Expecting value: line 1 column 1 (char 0)
2026-06-13 19:44:14,203 ERROR extra fetch failed: _participants(312882633,)
Traceback (most recent call last):
  File "C:\Users\saiem\Documents\GitHub-Data\sdv-dev\cfbfastR-dev\cfbfastR-cfb-raw\.venv\Lib\site-packages\requests\models.py", line 1116, in json
    return complexjson.loads(self.text, **kwargs)
           ^^^^^^^^^^^^^^^^^^^^^^^^^^^^^^^^^^^^^^
  File "C:\Users\saiem\AppData\Local\Programs\Python\Python311\Lib\json\__init__.py", line 346, in loads
    return _default_decoder.decode(s)
           ^^^^^^^^^^^^^^^^^^^^^^^^^^
  File "C:\Users\saiem\AppData\Local\Programs\Python\Python311\Lib\json\decoder.py", line 337, in decode
    obj, end = self.raw_decode(s, idx=_w(s, 0).end())
               ^^^^^^^^^^^^^^^^^^^^^^^^^^^^^^^^^^^^^^
  File "C:\Users\saiem\AppData\Local\Programs\Python\Python311\Lib\json\decoder.py", line 355, in raw_decode
    raise JSONDecodeError("Expecting value", s, err.value) from None
json.decoder.JSONDecodeError: Expecting value: line 1 column 1 (char 0)

During handling of the above exception, another exception occurred:

Traceback (most recent call last):
  File "C:\Users\saiem\Documents\GitHub-Data\sdv-dev\cfbfastR-dev\cfbfastR-cfb-raw\python\_cfb_raw_utils.py", line 93, in _safe
    return fn(*args, **kwargs)
           ^^^^^^^^^^^^^^^^^^^
  File "C:\Users\saiem\Documents\GitHub-Data\sdv-dev\cfbfastR-dev\cfbfastR-cfb-raw\python\scrape_cfb_json.py", line 27, in _participants
    return sdv.cfb.espn_cfb_play_participants(game_id=gid, return_as_pandas=True).to_dict("records")
           ^^^^^^^^^^^^^^^^^^^^^^^^^^^^^^^^^^^^^^^^^^^^^^^^^^^^^^^^^^^^^^^^^^^^^^
  File "C:\Users\saiem\Documents\GitHub-Data\sdv-dev\cfbfastR-dev\cfbfastR-cfb-raw\.venv\Lib\site-packages\sportsdataverse\cfb\cfb_play_participants.py", line 184, in espn_cfb_play_participants
    plays_raw = _download_plays(game_id, **kwargs)
                ^^^^^^^^^^^^^^^^^^^^^^^^^^^^^^^^^^
  File "C:\Users\saiem\Documents\GitHub-Data\sdv-dev\cfbfastR-dev\cfbfastR-cfb-raw\.venv\Lib\site-packages\sportsdataverse\cfb\cfb_play_participants.py", line 215, in _download_plays
    body = resp.json()
           ^^^^^^^^^^^
  File "C:\Users\saiem\Documents\GitHub-Data\sdv-dev\cfbfastR-dev\cfbfastR-cfb-raw\.venv\Lib\site-packages\requests\models.py", line 1120, in json
    raise RequestsJSONDecodeError(e.msg, e.doc, e.pos)
requests.exceptions.JSONDecodeError: Expecting value: line 1 column 1 (char 0)
2026-06-13 19:44:14,370 ERROR extra fetch failed: _participants(312880145,)
Traceback (most recent call last):
  File "C:\Users\saiem\Documents\GitHub-Data\sdv-dev\cfbfastR-dev\cfbfastR-cfb-raw\.venv\Lib\site-packages\requests\models.py", line 1116, in json
    return complexjson.loads(self.text, **kwargs)
           ^^^^^^^^^^^^^^^^^^^^^^^^^^^^^^^^^^^^^^
  File "C:\Users\saiem\AppData\Local\Programs\Python\Python311\Lib\json\__init__.py", line 346, in loads
    return _default_decoder.decode(s)
           ^^^^^^^^^^^^^^^^^^^^^^^^^^
  File "C:\Users\saiem\AppData\Local\Programs\Python\Python311\Lib\json\decoder.py", line 337, in decode
    obj, end = self.raw_decode(s, idx=_w(s, 0).end())
               ^^^^^^^^^^^^^^^^^^^^^^^^^^^^^^^^^^^^^^
  File "C:\Users\saiem\AppData\Local\Programs\Python\Python311\Lib\json\decoder.py", line 355, in raw_decode
    raise JSONDecodeError("Expecting value", s, err.value) from None
json.decoder.JSONDecodeError: Expecting value: line 1 column 1 (char 0)

During handling of the above exception, another exception occurred:

Traceback (most recent call last):
  File "C:\Users\saiem\Documents\GitHub-Data\sdv-dev\cfbfastR-dev\cfbfastR-cfb-raw\python\_cfb_raw_utils.py", line 93, in _safe
    return fn(*args, **kwargs)
           ^^^^^^^^^^^^^^^^^^^
  File "C:\Users\saiem\Documents\GitHub-Data\sdv-dev\cfbfastR-dev\cfbfastR-cfb-raw\python\scrape_cfb_json.py", line 27, in _participants
    return sdv.cfb.espn_cfb_play_participants(game_id=gid, return_as_pandas=True).to_dict("records")
           ^^^^^^^^^^^^^^^^^^^^^^^^^^^^^^^^^^^^^^^^^^^^^^^^^^^^^^^^^^^^^^^^^^^^^^
  File "C:\Users\saiem\Documents\GitHub-Data\sdv-dev\cfbfastR-dev\cfbfastR-cfb-raw\.venv\Lib\site-packages\sportsdataverse\cfb\cfb_play_participants.py", line 184, in espn_cfb_play_participants
    plays_raw = _download_plays(game_id, **kwargs)
                ^^^^^^^^^^^^^^^^^^^^^^^^^^^^^^^^^^
  File "C:\Users\saiem\Documents\GitHub-Data\sdv-dev\cfbfastR-dev\cfbfastR-cfb-raw\.venv\Lib\site-packages\sportsdataverse\cfb\cfb_play_participants.py", line 215, in _download_plays
    body = resp.json()
           ^^^^^^^^^^^
  File "C:\Users\saiem\Documents\GitHub-Data\sdv-dev\cfbfastR-dev\cfbfastR-cfb-raw\.venv\Lib\site-packages\requests\models.py", line 1120, in json
    raise RequestsJSONDecodeError(e.msg, e.doc, e.pos)
requests.exceptions.JSONDecodeError: Expecting value: line 1 column 1 (char 0)
2026-06-13 19:44:14,449 ERROR extra fetch failed: _rosters(312812116,)
Traceback (most recent call last):
  File "C:\Users\saiem\Documents\GitHub-Data\sdv-dev\cfbfastR-dev\cfbfastR-cfb-raw\.venv\Lib\site-packages\requests\models.py", line 1116, in json
    return complexjson.loads(self.text, **kwargs)
           ^^^^^^^^^^^^^^^^^^^^^^^^^^^^^^^^^^^^^^
  File "C:\Users\saiem\AppData\Local\Programs\Python\Python311\Lib\json\__init__.py", line 346, in loads
    return _default_decoder.decode(s)
           ^^^^^^^^^^^^^^^^^^^^^^^^^^
  File "C:\Users\saiem\AppData\Local\Programs\Python\Python311\Lib\json\decoder.py", line 337, in decode
    obj, end = self.raw_decode(s, idx=_w(s, 0).end())
               ^^^^^^^^^^^^^^^^^^^^^^^^^^^^^^^^^^^^^^
  File "C:\Users\saiem\AppData\Local\Programs\Python\Python311\Lib\json\decoder.py", line 355, in raw_decode
    raise JSONDecodeError("Expecting value", s, err.value) from None
json.decoder.JSONDecodeError: Expecting value: line 1 column 1 (char 0)

During handling of the above exception, another exception occurred:

Traceback (most recent call last):
  File "C:\Users\saiem\Documents\GitHub-Data\sdv-dev\cfbfastR-dev\cfbfastR-cfb-raw\python\_cfb_raw_utils.py", line 93, in _safe
    return fn(*args, **kwargs)
           ^^^^^^^^^^^^^^^^^^^
  File "C:\Users\saiem\Documents\GitHub-Data\sdv-dev\cfbfastR-dev\cfbfastR-cfb-raw\python\scrape_cfb_json.py", line 31, in _rosters
    return sdv.cfb.espn_cfb_game_rosters(game_id=gid, return_as_pandas=True).to_dict("records")
           ^^^^^^^^^^^^^^^^^^^^^^^^^^^^^^^^^^^^^^^^^^^^^^^^^^^^^^^^^^^^^^^^^
  File "C:\Users\saiem\Documents\GitHub-Data\sdv-dev\cfbfastR-dev\cfbfastR-cfb-raw\.venv\Lib\site-packages\sportsdataverse\cfb\cfb_game_rosters.py", line 64, in espn_cfb_game_rosters
    summary = summary_resp.json()
              ^^^^^^^^^^^^^^^^^^^
  File "C:\Users\saiem\Documents\GitHub-Data\sdv-dev\cfbfastR-dev\cfbfastR-cfb-raw\.venv\Lib\site-packages\requests\models.py", line 1120, in json
    raise RequestsJSONDecodeError(e.msg, e.doc, e.pos)
requests.exceptions.JSONDecodeError: Expecting value: line 1 column 1 (char 0)
2026-06-13 19:44:14,541 ERROR extra fetch failed: _rosters(312810328,)
Traceback (most recent call last):
  File "C:\Users\saiem\Documents\GitHub-Data\sdv-dev\cfbfastR-dev\cfbfastR-cfb-raw\.venv\Lib\site-packages\requests\models.py", line 1116, in json
    return complexjson.loads(self.text, **kwargs)
           ^^^^^^^^^^^^^^^^^^^^^^^^^^^^^^^^^^^^^^
  File "C:\Users\saiem\AppData\Local\Programs\Python\Python311\Lib\json\__init__.py", line 346, in loads
    return _default_decoder.decode(s)
           ^^^^^^^^^^^^^^^^^^^^^^^^^^
  File "C:\Users\saiem\AppData\Local\Programs\Python\Python311\Lib\json\decoder.py", line 337, in decode
    obj, end = self.raw_decode(s, idx=_w(s, 0).end())
               ^^^^^^^^^^^^^^^^^^^^^^^^^^^^^^^^^^^^^^
  File "C:\Users\saiem\AppData\Local\Programs\Python\Python311\Lib\json\decoder.py", line 355, in raw_decode
    raise JSONDecodeError("Expecting value", s, err.value) from None
json.decoder.JSONDecodeError: Expecting value: line 1 column 1 (char 0)

During handling of the above exception, another exception occurred:

Traceback (most recent call last):
  File "C:\Users\saiem\Documents\GitHub-Data\sdv-dev\cfbfastR-dev\cfbfastR-cfb-raw\python\_cfb_raw_utils.py", line 93, in _safe
    return fn(*args, **kwargs)
           ^^^^^^^^^^^^^^^^^^^
  File "C:\Users\saiem\Documents\GitHub-Data\sdv-dev\cfbfastR-dev\cfbfastR-cfb-raw\python\scrape_cfb_json.py", line 31, in _rosters
    return sdv.cfb.espn_cfb_game_rosters(game_id=gid, return_as_pandas=True).to_dict("records")
           ^^^^^^^^^^^^^^^^^^^^^^^^^^^^^^^^^^^^^^^^^^^^^^^^^^^^^^^^^^^^^^^^^
  File "C:\Users\saiem\Documents\GitHub-Data\sdv-dev\cfbfastR-dev\cfbfastR-cfb-raw\.venv\Lib\site-packages\sportsdataverse\cfb\cfb_game_rosters.py", line 64, in espn_cfb_game_rosters
    summary = summary_resp.json()
              ^^^^^^^^^^^^^^^^^^^
  File "C:\Users\saiem\Documents\GitHub-Data\sdv-dev\cfbfastR-dev\cfbfastR-cfb-raw\.venv\Lib\site-packages\requests\models.py", line 1120, in json
    raise RequestsJSONDecodeError(e.msg, e.doc, e.pos)
requests.exceptions.JSONDecodeError: Expecting value: line 1 column 1 (char 0)
2026-06-13 19:44:14,950 ERROR extra fetch failed: _rosters(312812433,)
Traceback (most recent call last):
  File "C:\Users\saiem\Documents\GitHub-Data\sdv-dev\cfbfastR-dev\cfbfastR-cfb-raw\.venv\Lib\site-packages\requests\models.py", line 1116, in json
    return complexjson.loads(self.text, **kwargs)
           ^^^^^^^^^^^^^^^^^^^^^^^^^^^^^^^^^^^^^^
  File "C:\Users\saiem\AppData\Local\Programs\Python\Python311\Lib\json\__init__.py", line 346, in loads
    return _default_decoder.decode(s)
           ^^^^^^^^^^^^^^^^^^^^^^^^^^
  File "C:\Users\saiem\AppData\Local\Programs\Python\Python311\Lib\json\decoder.py", line 337, in decode
    obj, end = self.raw_decode(s, idx=_w(s, 0).end())
               ^^^^^^^^^^^^^^^^^^^^^^^^^^^^^^^^^^^^^^
  File "C:\Users\saiem\AppData\Local\Programs\Python\Python311\Lib\json\decoder.py", line 355, in raw_decode
    raise JSONDecodeError("Expecting value", s, err.value) from None
json.decoder.JSONDecodeError: Expecting value: line 1 column 1 (char 0)

During handling of the above exception, another exception occurred:

Traceback (most recent call last):
  File "C:\Users\saiem\Documents\GitHub-Data\sdv-dev\cfbfastR-dev\cfbfastR-cfb-raw\python\_cfb_raw_utils.py", line 93, in _safe
    return fn(*args, **kwargs)
           ^^^^^^^^^^^^^^^^^^^
  File "C:\Users\saiem\Documents\GitHub-Data\sdv-dev\cfbfastR-dev\cfbfastR-cfb-raw\python\scrape_cfb_json.py", line 31, in _rosters
    return sdv.cfb.espn_cfb_game_rosters(game_id=gid, return_as_pandas=True).to_dict("records")
           ^^^^^^^^^^^^^^^^^^^^^^^^^^^^^^^^^^^^^^^^^^^^^^^^^^^^^^^^^^^^^^^^^
  File "C:\Users\saiem\Documents\GitHub-Data\sdv-dev\cfbfastR-dev\cfbfastR-cfb-raw\.venv\Lib\site-packages\sportsdataverse\cfb\cfb_game_rosters.py", line 64, in espn_cfb_game_rosters
    summary = summary_resp.json()
              ^^^^^^^^^^^^^^^^^^^
  File "C:\Users\saiem\Documents\GitHub-Data\sdv-dev\cfbfastR-dev\cfbfastR-cfb-raw\.venv\Lib\site-packages\requests\models.py", line 1120, in json
    raise RequestsJSONDecodeError(e.msg, e.doc, e.pos)
requests.exceptions.JSONDecodeError: Expecting value: line 1 column 1 (char 0)
2026-06-13 19:44:15,111 ERROR extra fetch failed: _rosters(312812440,)
Traceback (most recent call last):
  File "C:\Users\saiem\Documents\GitHub-Data\sdv-dev\cfbfastR-dev\cfbfastR-cfb-raw\.venv\Lib\site-packages\requests\models.py", line 1116, in json
    return complexjson.loads(self.text, **kwargs)
           ^^^^^^^^^^^^^^^^^^^^^^^^^^^^^^^^^^^^^^
  File "C:\Users\saiem\AppData\Local\Programs\Python\Python311\Lib\json\__init__.py", line 346, in loads
    return _default_decoder.decode(s)
           ^^^^^^^^^^^^^^^^^^^^^^^^^^
  File "C:\Users\saiem\AppData\Local\Programs\Python\Python311\Lib\json\decoder.py", line 337, in decode
    obj, end = self.raw_decode(s, idx=_w(s, 0).end())
               ^^^^^^^^^^^^^^^^^^^^^^^^^^^^^^^^^^^^^^
  File "C:\Users\saiem\AppData\Local\Programs\Python\Python311\Lib\json\decoder.py", line 355, in raw_decode
    raise JSONDecodeError("Expecting value", s, err.value) from None
json.decoder.JSONDecodeError: Expecting value: line 1 column 1 (char 0)

During handling of the above exception, another exception occurred:

Traceback (most recent call last):
  File "C:\Users\saiem\Documents\GitHub-Data\sdv-dev\cfbfastR-dev\cfbfastR-cfb-raw\python\_cfb_raw_utils.py", line 93, in _safe
    return fn(*args, **kwargs)
           ^^^^^^^^^^^^^^^^^^^
  File "C:\Users\saiem\Documents\GitHub-Data\sdv-dev\cfbfastR-dev\cfbfastR-cfb-raw\python\scrape_cfb_json.py", line 31, in _rosters
    return sdv.cfb.espn_cfb_game_rosters(game_id=gid, return_as_pandas=True).to_dict("records")
           ^^^^^^^^^^^^^^^^^^^^^^^^^^^^^^^^^^^^^^^^^^^^^^^^^^^^^^^^^^^^^^^^^
  File "C:\Users\saiem\Documents\GitHub-Data\sdv-dev\cfbfastR-dev\cfbfastR-cfb-raw\.venv\Lib\site-packages\sportsdataverse\cfb\cfb_game_rosters.py", line 64, in espn_cfb_game_rosters
    summary = summary_resp.json()
              ^^^^^^^^^^^^^^^^^^^
  File "C:\Users\saiem\Documents\GitHub-Data\sdv-dev\cfbfastR-dev\cfbfastR-cfb-raw\.venv\Lib\site-packages\requests\models.py", line 1120, in json
    raise RequestsJSONDecodeError(e.msg, e.doc, e.pos)
requests.exceptions.JSONDecodeError: Expecting value: line 1 column 1 (char 0)
2026-06-13 19:44:15,111 ERROR extra fetch failed: _rosters(312870023,)
Traceback (most recent call last):
  File "C:\Users\saiem\Documents\GitHub-Data\sdv-dev\cfbfastR-dev\cfbfastR-cfb-raw\.venv\Lib\site-packages\requests\models.py", line 1116, in json
    return complexjson.loads(self.text, **kwargs)
           ^^^^^^^^^^^^^^^^^^^^^^^^^^^^^^^^^^^^^^
  File "C:\Users\saiem\AppData\Local\Programs\Python\Python311\Lib\json\__init__.py", line 346, in loads
    return _default_decoder.decode(s)
           ^^^^^^^^^^^^^^^^^^^^^^^^^^
  File "C:\Users\saiem\AppData\Local\Programs\Python\Python311\Lib\json\decoder.py", line 337, in decode
    obj, end = self.raw_decode(s, idx=_w(s, 0).end())
               ^^^^^^^^^^^^^^^^^^^^^^^^^^^^^^^^^^^^^^
  File "C:\Users\saiem\AppData\Local\Programs\Python\Python311\Lib\json\decoder.py", line 355, in raw_decode
    raise JSONDecodeError("Expecting value", s, err.value) from None
json.decoder.JSONDecodeError: Expecting value: line 1 column 1 (char 0)

During handling of the above exception, another exception occurred:

Traceback (most recent call last):
  File "C:\Users\saiem\Documents\GitHub-Data\sdv-dev\cfbfastR-dev\cfbfastR-cfb-raw\python\_cfb_raw_utils.py", line 93, in _safe
    return fn(*args, **kwargs)
           ^^^^^^^^^^^^^^^^^^^
  File "C:\Users\saiem\Documents\GitHub-Data\sdv-dev\cfbfastR-dev\cfbfastR-cfb-raw\python\scrape_cfb_json.py", line 31, in _rosters
    return sdv.cfb.espn_cfb_game_rosters(game_id=gid, return_as_pandas=True).to_dict("records")
           ^^^^^^^^^^^^^^^^^^^^^^^^^^^^^^^^^^^^^^^^^^^^^^^^^^^^^^^^^^^^^^^^^
  File "C:\Users\saiem\Documents\GitHub-Data\sdv-dev\cfbfastR-dev\cfbfastR-cfb-raw\.venv\Lib\site-packages\sportsdataverse\cfb\cfb_game_rosters.py", line 64, in espn_cfb_game_rosters
    summary = summary_resp.json()
              ^^^^^^^^^^^^^^^^^^^
  File "C:\Users\saiem\Documents\GitHub-Data\sdv-dev\cfbfastR-dev\cfbfastR-cfb-raw\.venv\Lib\site-packages\requests\models.py", line 1120, in json
    raise RequestsJSONDecodeError(e.msg, e.doc, e.pos)
requests.exceptions.JSONDecodeError: Expecting value: line 1 column 1 (char 0)
2026-06-13 19:44:15,174 ERROR extra fetch failed: _rosters(312810021,)
Traceback (most recent call last):
  File "C:\Users\saiem\Documents\GitHub-Data\sdv-dev\cfbfastR-dev\cfbfastR-cfb-raw\.venv\Lib\site-packages\requests\models.py", line 1116, in json
    return complexjson.loads(self.text, **kwargs)
           ^^^^^^^^^^^^^^^^^^^^^^^^^^^^^^^^^^^^^^
  File "C:\Users\saiem\AppData\Local\Programs\Python\Python311\Lib\json\__init__.py", line 346, in loads
    return _default_decoder.decode(s)
           ^^^^^^^^^^^^^^^^^^^^^^^^^^
  File "C:\Users\saiem\AppData\Local\Programs\Python\Python311\Lib\json\decoder.py", line 337, in decode
    obj, end = self.raw_decode(s, idx=_w(s, 0).end())
               ^^^^^^^^^^^^^^^^^^^^^^^^^^^^^^^^^^^^^^
  File "C:\Users\saiem\AppData\Local\Programs\Python\Python311\Lib\json\decoder.py", line 355, in raw_decode
    raise JSONDecodeError("Expecting value", s, err.value) from None
json.decoder.JSONDecodeError: Expecting value: line 1 column 1 (char 0)

During handling of the above exception, another exception occurred:

Traceback (most recent call last):
  File "C:\Users\saiem\Documents\GitHub-Data\sdv-dev\cfbfastR-dev\cfbfastR-cfb-raw\python\_cfb_raw_utils.py", line 93, in _safe
    return fn(*args, **kwargs)
           ^^^^^^^^^^^^^^^^^^^
  File "C:\Users\saiem\Documents\GitHub-Data\sdv-dev\cfbfastR-dev\cfbfastR-cfb-raw\python\scrape_cfb_json.py", line 31, in _rosters
    return sdv.cfb.espn_cfb_game_rosters(game_id=gid, return_as_pandas=True).to_dict("records")
           ^^^^^^^^^^^^^^^^^^^^^^^^^^^^^^^^^^^^^^^^^^^^^^^^^^^^^^^^^^^^^^^^^
  File "C:\Users\saiem\Documents\GitHub-Data\sdv-dev\cfbfastR-dev\cfbfastR-cfb-raw\.venv\Lib\site-packages\sportsdataverse\cfb\cfb_game_rosters.py", line 64, in espn_cfb_game_rosters
    summary = summary_resp.json()
              ^^^^^^^^^^^^^^^^^^^
  File "C:\Users\saiem\Documents\GitHub-Data\sdv-dev\cfbfastR-dev\cfbfastR-cfb-raw\.venv\Lib\site-packages\requests\models.py", line 1120, in json
    raise RequestsJSONDecodeError(e.msg, e.doc, e.pos)
requests.exceptions.JSONDecodeError: Expecting value: line 1 column 1 (char 0)
2026-06-13 19:44:15,206 ERROR extra fetch failed: _rosters(312810249,)
Traceback (most recent call last):
  File "C:\Users\saiem\Documents\GitHub-Data\sdv-dev\cfbfastR-dev\cfbfastR-cfb-raw\.venv\Lib\site-packages\requests\models.py", line 1116, in json
    return complexjson.loads(self.text, **kwargs)
           ^^^^^^^^^^^^^^^^^^^^^^^^^^^^^^^^^^^^^^
  File "C:\Users\saiem\AppData\Local\Programs\Python\Python311\Lib\json\__init__.py", line 346, in loads
    return _default_decoder.decode(s)
           ^^^^^^^^^^^^^^^^^^^^^^^^^^
  File "C:\Users\saiem\AppData\Local\Programs\Python\Python311\Lib\json\decoder.py", line 337, in decode
    obj, end = self.raw_decode(s, idx=_w(s, 0).end())
               ^^^^^^^^^^^^^^^^^^^^^^^^^^^^^^^^^^^^^^
  File "C:\Users\saiem\AppData\Local\Programs\Python\Python311\Lib\json\decoder.py", line 355, in raw_decode
    raise JSONDecodeError("Expecting value", s, err.value) from None
json.decoder.JSONDecodeError: Expecting value: line 1 column 1 (char 0)

During handling of the above exception, another exception occurred:

Traceback (most recent call last):
  File "C:\Users\saiem\Documents\GitHub-Data\sdv-dev\cfbfastR-dev\cfbfastR-cfb-raw\python\_cfb_raw_utils.py", line 93, in _safe
    return fn(*args, **kwargs)
           ^^^^^^^^^^^^^^^^^^^
  File "C:\Users\saiem\Documents\GitHub-Data\sdv-dev\cfbfastR-dev\cfbfastR-cfb-raw\python\scrape_cfb_json.py", line 31, in _rosters
    return sdv.cfb.espn_cfb_game_rosters(game_id=gid, return_as_pandas=True).to_dict("records")
           ^^^^^^^^^^^^^^^^^^^^^^^^^^^^^^^^^^^^^^^^^^^^^^^^^^^^^^^^^^^^^^^^^
  File "C:\Users\saiem\Documents\GitHub-Data\sdv-dev\cfbfastR-dev\cfbfastR-cfb-raw\.venv\Lib\site-packages\sportsdataverse\cfb\cfb_game_rosters.py", line 64, in espn_cfb_game_rosters
    summary = summary_resp.json()
              ^^^^^^^^^^^^^^^^^^^
  File "C:\Users\saiem\Documents\GitHub-Data\sdv-dev\cfbfastR-dev\cfbfastR-cfb-raw\.venv\Lib\site-packages\requests\models.py", line 1120, in json
    raise RequestsJSONDecodeError(e.msg, e.doc, e.pos)
requests.exceptions.JSONDecodeError: Expecting value: line 1 column 1 (char 0)
2026-06-13 19:44:15,279 ERROR extra fetch failed: _participants(312882305,)
Traceback (most recent call last):
  File "C:\Users\saiem\Documents\GitHub-Data\sdv-dev\cfbfastR-dev\cfbfastR-cfb-raw\.venv\Lib\site-packages\requests\models.py", line 1116, in json
    return complexjson.loads(self.text, **kwargs)
           ^^^^^^^^^^^^^^^^^^^^^^^^^^^^^^^^^^^^^^
  File "C:\Users\saiem\AppData\Local\Programs\Python\Python311\Lib\json\__init__.py", line 346, in loads
    return _default_decoder.decode(s)
           ^^^^^^^^^^^^^^^^^^^^^^^^^^
  File "C:\Users\saiem\AppData\Local\Programs\Python\Python311\Lib\json\decoder.py", line 337, in decode
    obj, end = self.raw_decode(s, idx=_w(s, 0).end())
               ^^^^^^^^^^^^^^^^^^^^^^^^^^^^^^^^^^^^^^
  File "C:\Users\saiem\AppData\Local\Programs\Python\Python311\Lib\json\decoder.py", line 355, in raw_decode
    raise JSONDecodeError("Expecting value", s, err.value) from None
json.decoder.JSONDecodeError: Expecting value: line 1 column 1 (char 0)

During handling of the above exception, another exception occurred:

Traceback (most recent call last):
  File "C:\Users\saiem\Documents\GitHub-Data\sdv-dev\cfbfastR-dev\cfbfastR-cfb-raw\python\_cfb_raw_utils.py", line 93, in _safe
    return fn(*args, **kwargs)
           ^^^^^^^^^^^^^^^^^^^
  File "C:\Users\saiem\Documents\GitHub-Data\sdv-dev\cfbfastR-dev\cfbfastR-cfb-raw\python\scrape_cfb_json.py", line 27, in _participants
    return sdv.cfb.espn_cfb_play_participants(game_id=gid, return_as_pandas=True).to_dict("records")
           ^^^^^^^^^^^^^^^^^^^^^^^^^^^^^^^^^^^^^^^^^^^^^^^^^^^^^^^^^^^^^^^^^^^^^^
  File "C:\Users\saiem\Documents\GitHub-Data\sdv-dev\cfbfastR-dev\cfbfastR-cfb-raw\.venv\Lib\site-packages\sportsdataverse\cfb\cfb_play_participants.py", line 184, in espn_cfb_play_participants
    plays_raw = _download_plays(game_id, **kwargs)
                ^^^^^^^^^^^^^^^^^^^^^^^^^^^^^^^^^^
  File "C:\Users\saiem\Documents\GitHub-Data\sdv-dev\cfbfastR-dev\cfbfastR-cfb-raw\.venv\Lib\site-packages\sportsdataverse\cfb\cfb_play_participants.py", line 215, in _download_plays
    body = resp.json()
           ^^^^^^^^^^^
  File "C:\Users\saiem\Documents\GitHub-Data\sdv-dev\cfbfastR-dev\cfbfastR-cfb-raw\.venv\Lib\site-packages\requests\models.py", line 1120, in json
    raise RequestsJSONDecodeError(e.msg, e.doc, e.pos)
requests.exceptions.JSONDecodeError: Expecting value: line 1 column 1 (char 0)
2026-06-13 19:44:15,293 ERROR extra fetch failed: _rosters(312860025,)
Traceback (most recent call last):
  File "C:\Users\saiem\Documents\GitHub-Data\sdv-dev\cfbfastR-dev\cfbfastR-cfb-raw\.venv\Lib\site-packages\requests\models.py", line 1116, in json
    return complexjson.loads(self.text, **kwargs)
           ^^^^^^^^^^^^^^^^^^^^^^^^^^^^^^^^^^^^^^
  File "C:\Users\saiem\AppData\Local\Programs\Python\Python311\Lib\json\__init__.py", line 346, in loads
    return _default_decoder.decode(s)
           ^^^^^^^^^^^^^^^^^^^^^^^^^^
  File "C:\Users\saiem\AppData\Local\Programs\Python\Python311\Lib\json\decoder.py", line 337, in decode
    obj, end = self.raw_decode(s, idx=_w(s, 0).end())
               ^^^^^^^^^^^^^^^^^^^^^^^^^^^^^^^^^^^^^^
  File "C:\Users\saiem\AppData\Local\Programs\Python\Python311\Lib\json\decoder.py", line 355, in raw_decode
    raise JSONDecodeError("Expecting value", s, err.value) from None
json.decoder.JSONDecodeError: Expecting value: line 1 column 1 (char 0)

During handling of the above exception, another exception occurred:

Traceback (most recent call last):
  File "C:\Users\saiem\Documents\GitHub-Data\sdv-dev\cfbfastR-dev\cfbfastR-cfb-raw\python\_cfb_raw_utils.py", line 93, in _safe
    return fn(*args, **kwargs)
           ^^^^^^^^^^^^^^^^^^^
  File "C:\Users\saiem\Documents\GitHub-Data\sdv-dev\cfbfastR-dev\cfbfastR-cfb-raw\python\scrape_cfb_json.py", line 31, in _rosters
    return sdv.cfb.espn_cfb_game_rosters(game_id=gid, return_as_pandas=True).to_dict("records")
           ^^^^^^^^^^^^^^^^^^^^^^^^^^^^^^^^^^^^^^^^^^^^^^^^^^^^^^^^^^^^^^^^^
  File "C:\Users\saiem\Documents\GitHub-Data\sdv-dev\cfbfastR-dev\cfbfastR-cfb-raw\.venv\Lib\site-packages\sportsdataverse\cfb\cfb_game_rosters.py", line 64, in espn_cfb_game_rosters
    summary = summary_resp.json()
              ^^^^^^^^^^^^^^^^^^^
  File "C:\Users\saiem\Documents\GitHub-Data\sdv-dev\cfbfastR-dev\cfbfastR-cfb-raw\.venv\Lib\site-packages\requests\models.py", line 1120, in json
    raise RequestsJSONDecodeError(e.msg, e.doc, e.pos)
requests.exceptions.JSONDecodeError: Expecting value: line 1 column 1 (char 0)
2026-06-13 19:44:15,377 ERROR extra fetch failed: _rosters(312882633,)
Traceback (most recent call last):
  File "C:\Users\saiem\Documents\GitHub-Data\sdv-dev\cfbfastR-dev\cfbfastR-cfb-raw\.venv\Lib\site-packages\requests\models.py", line 1116, in json
    return complexjson.loads(self.text, **kwargs)
           ^^^^^^^^^^^^^^^^^^^^^^^^^^^^^^^^^^^^^^
  File "C:\Users\saiem\AppData\Local\Programs\Python\Python311\Lib\json\__init__.py", line 346, in loads
    return _default_decoder.decode(s)
           ^^^^^^^^^^^^^^^^^^^^^^^^^^
  File "C:\Users\saiem\AppData\Local\Programs\Python\Python311\Lib\json\decoder.py", line 337, in decode
    obj, end = self.raw_decode(s, idx=_w(s, 0).end())
               ^^^^^^^^^^^^^^^^^^^^^^^^^^^^^^^^^^^^^^
  File "C:\Users\saiem\AppData\Local\Programs\Python\Python311\Lib\json\decoder.py", line 355, in raw_decode
    raise JSONDecodeError("Expecting value", s, err.value) from None
json.decoder.JSONDecodeError: Expecting value: line 1 column 1 (char 0)

During handling of the above exception, another exception occurred:

Traceback (most recent call last):
  File "C:\Users\saiem\Documents\GitHub-Data\sdv-dev\cfbfastR-dev\cfbfastR-cfb-raw\python\_cfb_raw_utils.py", line 93, in _safe
    return fn(*args, **kwargs)
           ^^^^^^^^^^^^^^^^^^^
  File "C:\Users\saiem\Documents\GitHub-Data\sdv-dev\cfbfastR-dev\cfbfastR-cfb-raw\python\scrape_cfb_json.py", line 31, in _rosters
    return sdv.cfb.espn_cfb_game_rosters(game_id=gid, return_as_pandas=True).to_dict("records")
           ^^^^^^^^^^^^^^^^^^^^^^^^^^^^^^^^^^^^^^^^^^^^^^^^^^^^^^^^^^^^^^^^^
  File "C:\Users\saiem\Documents\GitHub-Data\sdv-dev\cfbfastR-dev\cfbfastR-cfb-raw\.venv\Lib\site-packages\sportsdataverse\cfb\cfb_game_rosters.py", line 64, in espn_cfb_game_rosters
    summary = summary_resp.json()
              ^^^^^^^^^^^^^^^^^^^
  File "C:\Users\saiem\Documents\GitHub-Data\sdv-dev\cfbfastR-dev\cfbfastR-cfb-raw\.venv\Lib\site-packages\requests\models.py", line 1120, in json
    raise RequestsJSONDecodeError(e.msg, e.doc, e.pos)
requests.exceptions.JSONDecodeError: Expecting value: line 1 column 1 (char 0)
2026-06-13 19:44:15,390 ERROR extra fetch failed: _rosters(312810252,)
Traceback (most recent call last):
  File "C:\Users\saiem\Documents\GitHub-Data\sdv-dev\cfbfastR-dev\cfbfastR-cfb-raw\.venv\Lib\site-packages\requests\models.py", line 1116, in json
    return complexjson.loads(self.text, **kwargs)
           ^^^^^^^^^^^^^^^^^^^^^^^^^^^^^^^^^^^^^^
  File "C:\Users\saiem\AppData\Local\Programs\Python\Python311\Lib\json\__init__.py", line 346, in loads
    return _default_decoder.decode(s)
           ^^^^^^^^^^^^^^^^^^^^^^^^^^
  File "C:\Users\saiem\AppData\Local\Programs\Python\Python311\Lib\json\decoder.py", line 337, in decode
    obj, end = self.raw_decode(s, idx=_w(s, 0).end())
               ^^^^^^^^^^^^^^^^^^^^^^^^^^^^^^^^^^^^^^
  File "C:\Users\saiem\AppData\Local\Programs\Python\Python311\Lib\json\decoder.py", line 355, in raw_decode
    raise JSONDecodeError("Expecting value", s, err.value) from None
json.decoder.JSONDecodeError: Expecting value: line 1 column 1 (char 0)

During handling of the above exception, another exception occurred:

Traceback (most recent call last):
  File "C:\Users\saiem\Documents\GitHub-Data\sdv-dev\cfbfastR-dev\cfbfastR-cfb-raw\python\_cfb_raw_utils.py", line 93, in _safe
    return fn(*args, **kwargs)
           ^^^^^^^^^^^^^^^^^^^
  File "C:\Users\saiem\Documents\GitHub-Data\sdv-dev\cfbfastR-dev\cfbfastR-cfb-raw\python\scrape_cfb_json.py", line 31, in _rosters
    return sdv.cfb.espn_cfb_game_rosters(game_id=gid, return_as_pandas=True).to_dict("records")
           ^^^^^^^^^^^^^^^^^^^^^^^^^^^^^^^^^^^^^^^^^^^^^^^^^^^^^^^^^^^^^^^^^
  File "C:\Users\saiem\Documents\GitHub-Data\sdv-dev\cfbfastR-dev\cfbfastR-cfb-raw\.venv\Lib\site-packages\sportsdataverse\cfb\cfb_game_rosters.py", line 64, in espn_cfb_game_rosters
    summary = summary_resp.json()
              ^^^^^^^^^^^^^^^^^^^
  File "C:\Users\saiem\Documents\GitHub-Data\sdv-dev\cfbfastR-dev\cfbfastR-cfb-raw\.venv\Lib\site-packages\requests\models.py", line 1120, in json
    raise RequestsJSONDecodeError(e.msg, e.doc, e.pos)
requests.exceptions.JSONDecodeError: Expecting value: line 1 column 1 (char 0)
2026-06-13 19:44:15,390 ERROR extra fetch failed: _rosters(312862005,)
Traceback (most recent call last):
  File "C:\Users\saiem\Documents\GitHub-Data\sdv-dev\cfbfastR-dev\cfbfastR-cfb-raw\.venv\Lib\site-packages\requests\models.py", line 1116, in json
    return complexjson.loads(self.text, **kwargs)
           ^^^^^^^^^^^^^^^^^^^^^^^^^^^^^^^^^^^^^^
  File "C:\Users\saiem\AppData\Local\Programs\Python\Python311\Lib\json\__init__.py", line 346, in loads
    return _default_decoder.decode(s)
           ^^^^^^^^^^^^^^^^^^^^^^^^^^
  File "C:\Users\saiem\AppData\Local\Programs\Python\Python311\Lib\json\decoder.py", line 337, in decode
    obj, end = self.raw_decode(s, idx=_w(s, 0).end())
               ^^^^^^^^^^^^^^^^^^^^^^^^^^^^^^^^^^^^^^
  File "C:\Users\saiem\AppData\Local\Programs\Python\Python311\Lib\json\decoder.py", line 355, in raw_decode
    raise JSONDecodeError("Expecting value", s, err.value) from None
json.decoder.JSONDecodeError: Expecting value: line 1 column 1 (char 0)

During handling of the above exception, another exception occurred:

Traceback (most recent call last):
  File "C:\Users\saiem\Documents\GitHub-Data\sdv-dev\cfbfastR-dev\cfbfastR-cfb-raw\python\_cfb_raw_utils.py", line 93, in _safe
    return fn(*args, **kwargs)
           ^^^^^^^^^^^^^^^^^^^
  File "C:\Users\saiem\Documents\GitHub-Data\sdv-dev\cfbfastR-dev\cfbfastR-cfb-raw\python\scrape_cfb_json.py", line 31, in _rosters
    return sdv.cfb.espn_cfb_game_rosters(game_id=gid, return_as_pandas=True).to_dict("records")
           ^^^^^^^^^^^^^^^^^^^^^^^^^^^^^^^^^^^^^^^^^^^^^^^^^^^^^^^^^^^^^^^^^
  File "C:\Users\saiem\Documents\GitHub-Data\sdv-dev\cfbfastR-dev\cfbfastR-cfb-raw\.venv\Lib\site-packages\sportsdataverse\cfb\cfb_game_rosters.py", line 64, in espn_cfb_game_rosters
    summary = summary_resp.json()
              ^^^^^^^^^^^^^^^^^^^
  File "C:\Users\saiem\Documents\GitHub-Data\sdv-dev\cfbfastR-dev\cfbfastR-cfb-raw\.venv\Lib\site-packages\requests\models.py", line 1120, in json
    raise RequestsJSONDecodeError(e.msg, e.doc, e.pos)
requests.exceptions.JSONDecodeError: Expecting value: line 1 column 1 (char 0)
2026-06-13 19:44:15,461 ERROR extra fetch failed: _rosters(312812655,)
Traceback (most recent call last):
  File "C:\Users\saiem\Documents\GitHub-Data\sdv-dev\cfbfastR-dev\cfbfastR-cfb-raw\.venv\Lib\site-packages\requests\models.py", line 1116, in json
    return complexjson.loads(self.text, **kwargs)
           ^^^^^^^^^^^^^^^^^^^^^^^^^^^^^^^^^^^^^^
  File "C:\Users\saiem\AppData\Local\Programs\Python\Python311\Lib\json\__init__.py", line 346, in loads
    return _default_decoder.decode(s)
           ^^^^^^^^^^^^^^^^^^^^^^^^^^
  File "C:\Users\saiem\AppData\Local\Programs\Python\Python311\Lib\json\decoder.py", line 337, in decode
    obj, end = self.raw_decode(s, idx=_w(s, 0).end())
               ^^^^^^^^^^^^^^^^^^^^^^^^^^^^^^^^^^^^^^
  File "C:\Users\saiem\AppData\Local\Programs\Python\Python311\Lib\json\decoder.py", line 355, in raw_decode
    raise JSONDecodeError("Expecting value", s, err.value) from None
json.decoder.JSONDecodeError: Expecting value: line 1 column 1 (char 0)

During handling of the above exception, another exception occurred:

Traceback (most recent call last):
  File "C:\Users\saiem\Documents\GitHub-Data\sdv-dev\cfbfastR-dev\cfbfastR-cfb-raw\python\_cfb_raw_utils.py", line 93, in _safe
    return fn(*args, **kwargs)
           ^^^^^^^^^^^^^^^^^^^
  File "C:\Users\saiem\Documents\GitHub-Data\sdv-dev\cfbfastR-dev\cfbfastR-cfb-raw\python\scrape_cfb_json.py", line 31, in _rosters
    return sdv.cfb.espn_cfb_game_rosters(game_id=gid, return_as_pandas=True).to_dict("records")
           ^^^^^^^^^^^^^^^^^^^^^^^^^^^^^^^^^^^^^^^^^^^^^^^^^^^^^^^^^^^^^^^^^
  File "C:\Users\saiem\Documents\GitHub-Data\sdv-dev\cfbfastR-dev\cfbfastR-cfb-raw\.venv\Lib\site-packages\sportsdataverse\cfb\cfb_game_rosters.py", line 64, in espn_cfb_game_rosters
    summary = summary_resp.json()
              ^^^^^^^^^^^^^^^^^^^
  File "C:\Users\saiem\Documents\GitHub-Data\sdv-dev\cfbfastR-dev\cfbfastR-cfb-raw\.venv\Lib\site-packages\requests\models.py", line 1120, in json
    raise RequestsJSONDecodeError(e.msg, e.doc, e.pos)
requests.exceptions.JSONDecodeError: Expecting value: line 1 column 1 (char 0)
2026-06-13 19:44:15,461 ERROR extra fetch failed: _rosters(312810026,)
Traceback (most recent call last):
  File "C:\Users\saiem\Documents\GitHub-Data\sdv-dev\cfbfastR-dev\cfbfastR-cfb-raw\.venv\Lib\site-packages\requests\models.py", line 1116, in json
    return complexjson.loads(self.text, **kwargs)
           ^^^^^^^^^^^^^^^^^^^^^^^^^^^^^^^^^^^^^^
  File "C:\Users\saiem\AppData\Local\Programs\Python\Python311\Lib\json\__init__.py", line 346, in loads
    return _default_decoder.decode(s)
           ^^^^^^^^^^^^^^^^^^^^^^^^^^
  File "C:\Users\saiem\AppData\Local\Programs\Python\Python311\Lib\json\decoder.py", line 337, in decode
    obj, end = self.raw_decode(s, idx=_w(s, 0).end())
               ^^^^^^^^^^^^^^^^^^^^^^^^^^^^^^^^^^^^^^
  File "C:\Users\saiem\AppData\Local\Programs\Python\Python311\Lib\json\decoder.py", line 355, in raw_decode
    raise JSONDecodeError("Expecting value", s, err.value) from None
json.decoder.JSONDecodeError: Expecting value: line 1 column 1 (char 0)

During handling of the above exception, another exception occurred:

Traceback (most recent call last):
  File "C:\Users\saiem\Documents\GitHub-Data\sdv-dev\cfbfastR-dev\cfbfastR-cfb-raw\python\_cfb_raw_utils.py", line 93, in _safe
    return fn(*args, **kwargs)
           ^^^^^^^^^^^^^^^^^^^
  File "C:\Users\saiem\Documents\GitHub-Data\sdv-dev\cfbfastR-dev\cfbfastR-cfb-raw\python\scrape_cfb_json.py", line 31, in _rosters
    return sdv.cfb.espn_cfb_game_rosters(game_id=gid, return_as_pandas=True).to_dict("records")
           ^^^^^^^^^^^^^^^^^^^^^^^^^^^^^^^^^^^^^^^^^^^^^^^^^^^^^^^^^^^^^^^^^
  File "C:\Users\saiem\Documents\GitHub-Data\sdv-dev\cfbfastR-dev\cfbfastR-cfb-raw\.venv\Lib\site-packages\sportsdataverse\cfb\cfb_game_rosters.py", line 64, in espn_cfb_game_rosters
    summary = summary_resp.json()
              ^^^^^^^^^^^^^^^^^^^
  File "C:\Users\saiem\Documents\GitHub-Data\sdv-dev\cfbfastR-dev\cfbfastR-cfb-raw\.venv\Lib\site-packages\requests\models.py", line 1120, in json
    raise RequestsJSONDecodeError(e.msg, e.doc, e.pos)
requests.exceptions.JSONDecodeError: Expecting value: line 1 column 1 (char 0)
2026-06-13 19:44:15,480 ERROR extra fetch failed: _rosters(312812633,)
Traceback (most recent call last):
  File "C:\Users\saiem\Documents\GitHub-Data\sdv-dev\cfbfastR-dev\cfbfastR-cfb-raw\.venv\Lib\site-packages\requests\models.py", line 1116, in json
    return complexjson.loads(self.text, **kwargs)
           ^^^^^^^^^^^^^^^^^^^^^^^^^^^^^^^^^^^^^^
  File "C:\Users\saiem\AppData\Local\Programs\Python\Python311\Lib\json\__init__.py", line 346, in loads
    return _default_decoder.decode(s)
           ^^^^^^^^^^^^^^^^^^^^^^^^^^
  File "C:\Users\saiem\AppData\Local\Programs\Python\Python311\Lib\json\decoder.py", line 337, in decode
    obj, end = self.raw_decode(s, idx=_w(s, 0).end())
               ^^^^^^^^^^^^^^^^^^^^^^^^^^^^^^^^^^^^^^
  File "C:\Users\saiem\AppData\Local\Programs\Python\Python311\Lib\json\decoder.py", line 355, in raw_decode
    raise JSONDecodeError("Expecting value", s, err.value) from None
json.decoder.JSONDecodeError: Expecting value: line 1 column 1 (char 0)

During handling of the above exception, another exception occurred:

Traceback (most recent call last):
  File "C:\Users\saiem\Documents\GitHub-Data\sdv-dev\cfbfastR-dev\cfbfastR-cfb-raw\python\_cfb_raw_utils.py", line 93, in _safe
    return fn(*args, **kwargs)
           ^^^^^^^^^^^^^^^^^^^
  File "C:\Users\saiem\Documents\GitHub-Data\sdv-dev\cfbfastR-dev\cfbfastR-cfb-raw\python\scrape_cfb_json.py", line 31, in _rosters
    return sdv.cfb.espn_cfb_game_rosters(game_id=gid, return_as_pandas=True).to_dict("records")
           ^^^^^^^^^^^^^^^^^^^^^^^^^^^^^^^^^^^^^^^^^^^^^^^^^^^^^^^^^^^^^^^^^
  File "C:\Users\saiem\Documents\GitHub-Data\sdv-dev\cfbfastR-dev\cfbfastR-cfb-raw\.venv\Lib\site-packages\sportsdataverse\cfb\cfb_game_rosters.py", line 64, in espn_cfb_game_rosters
    summary = summary_resp.json()
              ^^^^^^^^^^^^^^^^^^^
  File "C:\Users\saiem\Documents\GitHub-Data\sdv-dev\cfbfastR-dev\cfbfastR-cfb-raw\.venv\Lib\site-packages\requests\models.py", line 1120, in json
    raise RequestsJSONDecodeError(e.msg, e.doc, e.pos)
requests.exceptions.JSONDecodeError: Expecting value: line 1 column 1 (char 0)
2026-06-13 19:44:15,541 ERROR extra fetch failed: _rosters(312880145,)
Traceback (most recent call last):
  File "C:\Users\saiem\Documents\GitHub-Data\sdv-dev\cfbfastR-dev\cfbfastR-cfb-raw\.venv\Lib\site-packages\requests\models.py", line 1116, in json
    return complexjson.loads(self.text, **kwargs)
           ^^^^^^^^^^^^^^^^^^^^^^^^^^^^^^^^^^^^^^
  File "C:\Users\saiem\AppData\Local\Programs\Python\Python311\Lib\json\__init__.py", line 346, in loads
    return _default_decoder.decode(s)
           ^^^^^^^^^^^^^^^^^^^^^^^^^^
  File "C:\Users\saiem\AppData\Local\Programs\Python\Python311\Lib\json\decoder.py", line 337, in decode
    obj, end = self.raw_decode(s, idx=_w(s, 0).end())
               ^^^^^^^^^^^^^^^^^^^^^^^^^^^^^^^^^^^^^^
  File "C:\Users\saiem\AppData\Local\Programs\Python\Python311\Lib\json\decoder.py", line 355, in raw_decode
    raise JSONDecodeError("Expecting value", s, err.value) from None
json.decoder.JSONDecodeError: Expecting value: line 1 column 1 (char 0)

During handling of the above exception, another exception occurred:

Traceback (most recent call last):
  File "C:\Users\saiem\Documents\GitHub-Data\sdv-dev\cfbfastR-dev\cfbfastR-cfb-raw\python\_cfb_raw_utils.py", line 93, in _safe
    return fn(*args, **kwargs)
           ^^^^^^^^^^^^^^^^^^^
  File "C:\Users\saiem\Documents\GitHub-Data\sdv-dev\cfbfastR-dev\cfbfastR-cfb-raw\python\scrape_cfb_json.py", line 31, in _rosters
    return sdv.cfb.espn_cfb_game_rosters(game_id=gid, return_as_pandas=True).to_dict("records")
           ^^^^^^^^^^^^^^^^^^^^^^^^^^^^^^^^^^^^^^^^^^^^^^^^^^^^^^^^^^^^^^^^^
  File "C:\Users\saiem\Documents\GitHub-Data\sdv-dev\cfbfastR-dev\cfbfastR-cfb-raw\.venv\Lib\site-packages\sportsdataverse\cfb\cfb_game_rosters.py", line 64, in espn_cfb_game_rosters
    summary = summary_resp.json()
              ^^^^^^^^^^^^^^^^^^^
  File "C:\Users\saiem\Documents\GitHub-Data\sdv-dev\cfbfastR-dev\cfbfastR-cfb-raw\.venv\Lib\site-packages\requests\models.py", line 1120, in json
    raise RequestsJSONDecodeError(e.msg, e.doc, e.pos)
requests.exceptions.JSONDecodeError: Expecting value: line 1 column 1 (char 0)
2026-06-13 19:44:15,585 ERROR extra fetch failed: _participants(312880275,)
Traceback (most recent call last):
  File "C:\Users\saiem\Documents\GitHub-Data\sdv-dev\cfbfastR-dev\cfbfastR-cfb-raw\.venv\Lib\site-packages\requests\models.py", line 1116, in json
    return complexjson.loads(self.text, **kwargs)
           ^^^^^^^^^^^^^^^^^^^^^^^^^^^^^^^^^^^^^^
  File "C:\Users\saiem\AppData\Local\Programs\Python\Python311\Lib\json\__init__.py", line 346, in loads
    return _default_decoder.decode(s)
           ^^^^^^^^^^^^^^^^^^^^^^^^^^
  File "C:\Users\saiem\AppData\Local\Programs\Python\Python311\Lib\json\decoder.py", line 337, in decode
    obj, end = self.raw_decode(s, idx=_w(s, 0).end())
               ^^^^^^^^^^^^^^^^^^^^^^^^^^^^^^^^^^^^^^
  File "C:\Users\saiem\AppData\Local\Programs\Python\Python311\Lib\json\decoder.py", line 355, in raw_decode
    raise JSONDecodeError("Expecting value", s, err.value) from None
json.decoder.JSONDecodeError: Expecting value: line 1 column 1 (char 0)

During handling of the above exception, another exception occurred:

Traceback (most recent call last):
  File "C:\Users\saiem\Documents\GitHub-Data\sdv-dev\cfbfastR-dev\cfbfastR-cfb-raw\python\_cfb_raw_utils.py", line 93, in _safe
    return fn(*args, **kwargs)
           ^^^^^^^^^^^^^^^^^^^
  File "C:\Users\saiem\Documents\GitHub-Data\sdv-dev\cfbfastR-dev\cfbfastR-cfb-raw\python\scrape_cfb_json.py", line 27, in _participants
    return sdv.cfb.espn_cfb_play_participants(game_id=gid, return_as_pandas=True).to_dict("records")
           ^^^^^^^^^^^^^^^^^^^^^^^^^^^^^^^^^^^^^^^^^^^^^^^^^^^^^^^^^^^^^^^^^^^^^^
  File "C:\Users\saiem\Documents\GitHub-Data\sdv-dev\cfbfastR-dev\cfbfastR-cfb-raw\.venv\Lib\site-packages\sportsdataverse\cfb\cfb_play_participants.py", line 184, in espn_cfb_play_participants
    plays_raw = _download_plays(game_id, **kwargs)
                ^^^^^^^^^^^^^^^^^^^^^^^^^^^^^^^^^^
  File "C:\Users\saiem\Documents\GitHub-Data\sdv-dev\cfbfastR-dev\cfbfastR-cfb-raw\.venv\Lib\site-packages\sportsdataverse\cfb\cfb_play_participants.py", line 215, in _download_plays
    body = resp.json()
           ^^^^^^^^^^^
  File "C:\Users\saiem\Documents\GitHub-Data\sdv-dev\cfbfastR-dev\cfbfastR-cfb-raw\.venv\Lib\site-packages\requests\models.py", line 1120, in json
    raise RequestsJSONDecodeError(e.msg, e.doc, e.pos)
requests.exceptions.JSONDecodeError: Expecting value: line 1 column 1 (char 0)
2026-06-13 19:44:15,995 ERROR extra fetch failed: _participants(312880036,)
Traceback (most recent call last):
  File "C:\Users\saiem\Documents\GitHub-Data\sdv-dev\cfbfastR-dev\cfbfastR-cfb-raw\.venv\Lib\site-packages\requests\models.py", line 1116, in json
    return complexjson.loads(self.text, **kwargs)
           ^^^^^^^^^^^^^^^^^^^^^^^^^^^^^^^^^^^^^^
  File "C:\Users\saiem\AppData\Local\Programs\Python\Python311\Lib\json\__init__.py", line 346, in loads
    return _default_decoder.decode(s)
           ^^^^^^^^^^^^^^^^^^^^^^^^^^
  File "C:\Users\saiem\AppData\Local\Programs\Python\Python311\Lib\json\decoder.py", line 337, in decode
    obj, end = self.raw_decode(s, idx=_w(s, 0).end())
               ^^^^^^^^^^^^^^^^^^^^^^^^^^^^^^^^^^^^^^
  File "C:\Users\saiem\AppData\Local\Programs\Python\Python311\Lib\json\decoder.py", line 355, in raw_decode
    raise JSONDecodeError("Expecting value", s, err.value) from None
json.decoder.JSONDecodeError: Expecting value: line 1 column 1 (char 0)

During handling of the above exception, another exception occurred:

Traceback (most recent call last):
  File "C:\Users\saiem\Documents\GitHub-Data\sdv-dev\cfbfastR-dev\cfbfastR-cfb-raw\python\_cfb_raw_utils.py", line 93, in _safe
    return fn(*args, **kwargs)
           ^^^^^^^^^^^^^^^^^^^
  File "C:\Users\saiem\Documents\GitHub-Data\sdv-dev\cfbfastR-dev\cfbfastR-cfb-raw\python\scrape_cfb_json.py", line 27, in _participants
    return sdv.cfb.espn_cfb_play_participants(game_id=gid, return_as_pandas=True).to_dict("records")
           ^^^^^^^^^^^^^^^^^^^^^^^^^^^^^^^^^^^^^^^^^^^^^^^^^^^^^^^^^^^^^^^^^^^^^^
  File "C:\Users\saiem\Documents\GitHub-Data\sdv-dev\cfbfastR-dev\cfbfastR-cfb-raw\.venv\Lib\site-packages\sportsdataverse\cfb\cfb_play_participants.py", line 184, in espn_cfb_play_participants
    plays_raw = _download_plays(game_id, **kwargs)
                ^^^^^^^^^^^^^^^^^^^^^^^^^^^^^^^^^^
  File "C:\Users\saiem\Documents\GitHub-Data\sdv-dev\cfbfastR-dev\cfbfastR-cfb-raw\.venv\Lib\site-packages\sportsdataverse\cfb\cfb_play_participants.py", line 215, in _download_plays
    body = resp.json()
           ^^^^^^^^^^^
  File "C:\Users\saiem\Documents\GitHub-Data\sdv-dev\cfbfastR-dev\cfbfastR-cfb-raw\.venv\Lib\site-packages\requests\models.py", line 1120, in json
    raise RequestsJSONDecodeError(e.msg, e.doc, e.pos)
requests.exceptions.JSONDecodeError: Expecting value: line 1 column 1 (char 0)
2026-06-13 19:44:16,084 ERROR extra fetch failed: _rosters(312882305,)
Traceback (most recent call last):
  File "C:\Users\saiem\Documents\GitHub-Data\sdv-dev\cfbfastR-dev\cfbfastR-cfb-raw\.venv\Lib\site-packages\requests\models.py", line 1116, in json
    return complexjson.loads(self.text, **kwargs)
           ^^^^^^^^^^^^^^^^^^^^^^^^^^^^^^^^^^^^^^
  File "C:\Users\saiem\AppData\Local\Programs\Python\Python311\Lib\json\__init__.py", line 346, in loads
    return _default_decoder.decode(s)
           ^^^^^^^^^^^^^^^^^^^^^^^^^^
  File "C:\Users\saiem\AppData\Local\Programs\Python\Python311\Lib\json\decoder.py", line 337, in decode
    obj, end = self.raw_decode(s, idx=_w(s, 0).end())
               ^^^^^^^^^^^^^^^^^^^^^^^^^^^^^^^^^^^^^^
  File "C:\Users\saiem\AppData\Local\Programs\Python\Python311\Lib\json\decoder.py", line 355, in raw_decode
    raise JSONDecodeError("Expecting value", s, err.value) from None
json.decoder.JSONDecodeError: Expecting value: line 1 column 1 (char 0)

During handling of the above exception, another exception occurred:

Traceback (most recent call last):
  File "C:\Users\saiem\Documents\GitHub-Data\sdv-dev\cfbfastR-dev\cfbfastR-cfb-raw\python\_cfb_raw_utils.py", line 93, in _safe
    return fn(*args, **kwargs)
           ^^^^^^^^^^^^^^^^^^^
  File "C:\Users\saiem\Documents\GitHub-Data\sdv-dev\cfbfastR-dev\cfbfastR-cfb-raw\python\scrape_cfb_json.py", line 31, in _rosters
    return sdv.cfb.espn_cfb_game_rosters(game_id=gid, return_as_pandas=True).to_dict("records")
           ^^^^^^^^^^^^^^^^^^^^^^^^^^^^^^^^^^^^^^^^^^^^^^^^^^^^^^^^^^^^^^^^^
  File "C:\Users\saiem\Documents\GitHub-Data\sdv-dev\cfbfastR-dev\cfbfastR-cfb-raw\.venv\Lib\site-packages\sportsdataverse\cfb\cfb_game_rosters.py", line 64, in espn_cfb_game_rosters
    summary = summary_resp.json()
              ^^^^^^^^^^^^^^^^^^^
  File "C:\Users\saiem\Documents\GitHub-Data\sdv-dev\cfbfastR-dev\cfbfastR-cfb-raw\.venv\Lib\site-packages\requests\models.py", line 1120, in json
    raise RequestsJSONDecodeError(e.msg, e.doc, e.pos)
requests.exceptions.JSONDecodeError: Expecting value: line 1 column 1 (char 0)
2026-06-13 19:44:16,503 ERROR extra fetch failed: _rosters(312880275,)
Traceback (most recent call last):
  File "C:\Users\saiem\Documents\GitHub-Data\sdv-dev\cfbfastR-dev\cfbfastR-cfb-raw\.venv\Lib\site-packages\requests\models.py", line 1116, in json
    return complexjson.loads(self.text, **kwargs)
           ^^^^^^^^^^^^^^^^^^^^^^^^^^^^^^^^^^^^^^
  File "C:\Users\saiem\AppData\Local\Programs\Python\Python311\Lib\json\__init__.py", line 346, in loads
    return _default_decoder.decode(s)
           ^^^^^^^^^^^^^^^^^^^^^^^^^^
  File "C:\Users\saiem\AppData\Local\Programs\Python\Python311\Lib\json\decoder.py", line 337, in decode
    obj, end = self.raw_decode(s, idx=_w(s, 0).end())
               ^^^^^^^^^^^^^^^^^^^^^^^^^^^^^^^^^^^^^^
  File "C:\Users\saiem\AppData\Local\Programs\Python\Python311\Lib\json\decoder.py", line 355, in raw_decode
    raise JSONDecodeError("Expecting value", s, err.value) from None
json.decoder.JSONDecodeError: Expecting value: line 1 column 1 (char 0)

During handling of the above exception, another exception occurred:

Traceback (most recent call last):
  File "C:\Users\saiem\Documents\GitHub-Data\sdv-dev\cfbfastR-dev\cfbfastR-cfb-raw\python\_cfb_raw_utils.py", line 93, in _safe
    return fn(*args, **kwargs)
           ^^^^^^^^^^^^^^^^^^^
  File "C:\Users\saiem\Documents\GitHub-Data\sdv-dev\cfbfastR-dev\cfbfastR-cfb-raw\python\scrape_cfb_json.py", line 31, in _rosters
    return sdv.cfb.espn_cfb_game_rosters(game_id=gid, return_as_pandas=True).to_dict("records")
           ^^^^^^^^^^^^^^^^^^^^^^^^^^^^^^^^^^^^^^^^^^^^^^^^^^^^^^^^^^^^^^^^^
  File "C:\Users\saiem\Documents\GitHub-Data\sdv-dev\cfbfastR-dev\cfbfastR-cfb-raw\.venv\Lib\site-packages\sportsdataverse\cfb\cfb_game_rosters.py", line 64, in espn_cfb_game_rosters
    summary = summary_resp.json()
              ^^^^^^^^^^^^^^^^^^^
  File "C:\Users\saiem\Documents\GitHub-Data\sdv-dev\cfbfastR-dev\cfbfastR-cfb-raw\.venv\Lib\site-packages\requests\models.py", line 1120, in json
    raise RequestsJSONDecodeError(e.msg, e.doc, e.pos)
requests.exceptions.JSONDecodeError: Expecting value: line 1 column 1 (char 0)
2026-06-13 19:44:17,148 ERROR extra fetch failed: _participants(312880251,)
Traceback (most recent call last):
  File "C:\Users\saiem\Documents\GitHub-Data\sdv-dev\cfbfastR-dev\cfbfastR-cfb-raw\.venv\Lib\site-packages\requests\models.py", line 1116, in json
    return complexjson.loads(self.text, **kwargs)
           ^^^^^^^^^^^^^^^^^^^^^^^^^^^^^^^^^^^^^^
  File "C:\Users\saiem\AppData\Local\Programs\Python\Python311\Lib\json\__init__.py", line 346, in loads
    return _default_decoder.decode(s)
           ^^^^^^^^^^^^^^^^^^^^^^^^^^
  File "C:\Users\saiem\AppData\Local\Programs\Python\Python311\Lib\json\decoder.py", line 337, in decode
    obj, end = self.raw_decode(s, idx=_w(s, 0).end())
               ^^^^^^^^^^^^^^^^^^^^^^^^^^^^^^^^^^^^^^
  File "C:\Users\saiem\AppData\Local\Programs\Python\Python311\Lib\json\decoder.py", line 355, in raw_decode
    raise JSONDecodeError("Expecting value", s, err.value) from None
json.decoder.JSONDecodeError: Expecting value: line 1 column 1 (char 0)

During handling of the above exception, another exception occurred:

Traceback (most recent call last):
  File "C:\Users\saiem\Documents\GitHub-Data\sdv-dev\cfbfastR-dev\cfbfastR-cfb-raw\python\_cfb_raw_utils.py", line 93, in _safe
    return fn(*args, **kwargs)
           ^^^^^^^^^^^^^^^^^^^
  File "C:\Users\saiem\Documents\GitHub-Data\sdv-dev\cfbfastR-dev\cfbfastR-cfb-raw\python\scrape_cfb_json.py", line 27, in _participants
    return sdv.cfb.espn_cfb_play_participants(game_id=gid, return_as_pandas=True).to_dict("records")
           ^^^^^^^^^^^^^^^^^^^^^^^^^^^^^^^^^^^^^^^^^^^^^^^^^^^^^^^^^^^^^^^^^^^^^^
  File "C:\Users\saiem\Documents\GitHub-Data\sdv-dev\cfbfastR-dev\cfbfastR-cfb-raw\.venv\Lib\site-packages\sportsdataverse\cfb\cfb_play_participants.py", line 184, in espn_cfb_play_participants
    plays_raw = _download_plays(game_id, **kwargs)
                ^^^^^^^^^^^^^^^^^^^^^^^^^^^^^^^^^^
  File "C:\Users\saiem\Documents\GitHub-Data\sdv-dev\cfbfastR-dev\cfbfastR-cfb-raw\.venv\Lib\site-packages\sportsdataverse\cfb\cfb_play_participants.py", line 215, in _download_plays
    body = resp.json()
           ^^^^^^^^^^^
  File "C:\Users\saiem\Documents\GitHub-Data\sdv-dev\cfbfastR-dev\cfbfastR-cfb-raw\.venv\Lib\site-packages\requests\models.py", line 1120, in json
    raise RequestsJSONDecodeError(e.msg, e.doc, e.pos)
requests.exceptions.JSONDecodeError: Expecting value: line 1 column 1 (char 0)
2026-06-13 19:44:17,237 ERROR extra fetch failed: _rosters(312880036,)
Traceback (most recent call last):
  File "C:\Users\saiem\Documents\GitHub-Data\sdv-dev\cfbfastR-dev\cfbfastR-cfb-raw\.venv\Lib\site-packages\requests\models.py", line 1116, in json
    return complexjson.loads(self.text, **kwargs)
           ^^^^^^^^^^^^^^^^^^^^^^^^^^^^^^^^^^^^^^
  File "C:\Users\saiem\AppData\Local\Programs\Python\Python311\Lib\json\__init__.py", line 346, in loads
    return _default_decoder.decode(s)
           ^^^^^^^^^^^^^^^^^^^^^^^^^^
  File "C:\Users\saiem\AppData\Local\Programs\Python\Python311\Lib\json\decoder.py", line 337, in decode
    obj, end = self.raw_decode(s, idx=_w(s, 0).end())
               ^^^^^^^^^^^^^^^^^^^^^^^^^^^^^^^^^^^^^^
  File "C:\Users\saiem\AppData\Local\Programs\Python\Python311\Lib\json\decoder.py", line 355, in raw_decode
    raise JSONDecodeError("Expecting value", s, err.value) from None
json.decoder.JSONDecodeError: Expecting value: line 1 column 1 (char 0)

During handling of the above exception, another exception occurred:

Traceback (most recent call last):
  File "C:\Users\saiem\Documents\GitHub-Data\sdv-dev\cfbfastR-dev\cfbfastR-cfb-raw\python\_cfb_raw_utils.py", line 93, in _safe
    return fn(*args, **kwargs)
           ^^^^^^^^^^^^^^^^^^^
  File "C:\Users\saiem\Documents\GitHub-Data\sdv-dev\cfbfastR-dev\cfbfastR-cfb-raw\python\scrape_cfb_json.py", line 31, in _rosters
    return sdv.cfb.espn_cfb_game_rosters(game_id=gid, return_as_pandas=True).to_dict("records")
           ^^^^^^^^^^^^^^^^^^^^^^^^^^^^^^^^^^^^^^^^^^^^^^^^^^^^^^^^^^^^^^^^^
  File "C:\Users\saiem\Documents\GitHub-Data\sdv-dev\cfbfastR-dev\cfbfastR-cfb-raw\.venv\Lib\site-packages\sportsdataverse\cfb\cfb_game_rosters.py", line 64, in espn_cfb_game_rosters
    summary = summary_resp.json()
              ^^^^^^^^^^^^^^^^^^^
  File "C:\Users\saiem\Documents\GitHub-Data\sdv-dev\cfbfastR-dev\cfbfastR-cfb-raw\.venv\Lib\site-packages\requests\models.py", line 1120, in json
    raise RequestsJSONDecodeError(e.msg, e.doc, e.pos)
requests.exceptions.JSONDecodeError: Expecting value: line 1 column 1 (char 0)
2026-06-13 19:44:17,815 ERROR extra fetch failed: _rosters(312880251,)
Traceback (most recent call last):
  File "C:\Users\saiem\Documents\GitHub-Data\sdv-dev\cfbfastR-dev\cfbfastR-cfb-raw\.venv\Lib\site-packages\requests\models.py", line 1116, in json
    return complexjson.loads(self.text, **kwargs)
           ^^^^^^^^^^^^^^^^^^^^^^^^^^^^^^^^^^^^^^
  File "C:\Users\saiem\AppData\Local\Programs\Python\Python311\Lib\json\__init__.py", line 346, in loads
    return _default_decoder.decode(s)
           ^^^^^^^^^^^^^^^^^^^^^^^^^^
  File "C:\Users\saiem\AppData\Local\Programs\Python\Python311\Lib\json\decoder.py", line 337, in decode
    obj, end = self.raw_decode(s, idx=_w(s, 0).end())
               ^^^^^^^^^^^^^^^^^^^^^^^^^^^^^^^^^^^^^^
  File "C:\Users\saiem\AppData\Local\Programs\Python\Python311\Lib\json\decoder.py", line 355, in raw_decode
    raise JSONDecodeError("Expecting value", s, err.value) from None
json.decoder.JSONDecodeError: Expecting value: line 1 column 1 (char 0)

During handling of the above exception, another exception occurred:

Traceback (most recent call last):
  File "C:\Users\saiem\Documents\GitHub-Data\sdv-dev\cfbfastR-dev\cfbfastR-cfb-raw\python\_cfb_raw_utils.py", line 93, in _safe
    return fn(*args, **kwargs)
           ^^^^^^^^^^^^^^^^^^^
  File "C:\Users\saiem\Documents\GitHub-Data\sdv-dev\cfbfastR-dev\cfbfastR-cfb-raw\python\scrape_cfb_json.py", line 31, in _rosters
    return sdv.cfb.espn_cfb_game_rosters(game_id=gid, return_as_pandas=True).to_dict("records")
           ^^^^^^^^^^^^^^^^^^^^^^^^^^^^^^^^^^^^^^^^^^^^^^^^^^^^^^^^^^^^^^^^^
  File "C:\Users\saiem\Documents\GitHub-Data\sdv-dev\cfbfastR-dev\cfbfastR-cfb-raw\.venv\Lib\site-packages\sportsdataverse\cfb\cfb_game_rosters.py", line 64, in espn_cfb_game_rosters
    summary = summary_resp.json()
              ^^^^^^^^^^^^^^^^^^^
  File "C:\Users\saiem\Documents\GitHub-Data\sdv-dev\cfbfastR-dev\cfbfastR-cfb-raw\.venv\Lib\site-packages\requests\models.py", line 1120, in json
    raise RequestsJSONDecodeError(e.msg, e.doc, e.pos)
requests.exceptions.JSONDecodeError: Expecting value: line 1 column 1 (char 0)
2026-06-13 19:44:18,293 ERROR extra fetch failed: _participants(312880265,)
Traceback (most recent call last):
  File "C:\Users\saiem\Documents\GitHub-Data\sdv-dev\cfbfastR-dev\cfbfastR-cfb-raw\.venv\Lib\site-packages\requests\models.py", line 1116, in json
    return complexjson.loads(self.text, **kwargs)
           ^^^^^^^^^^^^^^^^^^^^^^^^^^^^^^^^^^^^^^
  File "C:\Users\saiem\AppData\Local\Programs\Python\Python311\Lib\json\__init__.py", line 346, in loads
    return _default_decoder.decode(s)
           ^^^^^^^^^^^^^^^^^^^^^^^^^^
  File "C:\Users\saiem\AppData\Local\Programs\Python\Python311\Lib\json\decoder.py", line 337, in decode
    obj, end = self.raw_decode(s, idx=_w(s, 0).end())
               ^^^^^^^^^^^^^^^^^^^^^^^^^^^^^^^^^^^^^^
  File "C:\Users\saiem\AppData\Local\Programs\Python\Python311\Lib\json\decoder.py", line 355, in raw_decode
    raise JSONDecodeError("Expecting value", s, err.value) from None
json.decoder.JSONDecodeError: Expecting value: line 1 column 1 (char 0)

During handling of the above exception, another exception occurred:

Traceback (most recent call last):
  File "C:\Users\saiem\Documents\GitHub-Data\sdv-dev\cfbfastR-dev\cfbfastR-cfb-raw\python\_cfb_raw_utils.py", line 93, in _safe
    return fn(*args, **kwargs)
           ^^^^^^^^^^^^^^^^^^^
  File "C:\Users\saiem\Documents\GitHub-Data\sdv-dev\cfbfastR-dev\cfbfastR-cfb-raw\python\scrape_cfb_json.py", line 27, in _participants
    return sdv.cfb.espn_cfb_play_participants(game_id=gid, return_as_pandas=True).to_dict("records")
           ^^^^^^^^^^^^^^^^^^^^^^^^^^^^^^^^^^^^^^^^^^^^^^^^^^^^^^^^^^^^^^^^^^^^^^
  File "C:\Users\saiem\Documents\GitHub-Data\sdv-dev\cfbfastR-dev\cfbfastR-cfb-raw\.venv\Lib\site-packages\sportsdataverse\cfb\cfb_play_participants.py", line 184, in espn_cfb_play_participants
    plays_raw = _download_plays(game_id, **kwargs)
                ^^^^^^^^^^^^^^^^^^^^^^^^^^^^^^^^^^
  File "C:\Users\saiem\Documents\GitHub-Data\sdv-dev\cfbfastR-dev\cfbfastR-cfb-raw\.venv\Lib\site-packages\sportsdataverse\cfb\cfb_play_participants.py", line 215, in _download_plays
    body = resp.json()
           ^^^^^^^^^^^
  File "C:\Users\saiem\Documents\GitHub-Data\sdv-dev\cfbfastR-dev\cfbfastR-cfb-raw\.venv\Lib\site-packages\requests\models.py", line 1120, in json
    raise RequestsJSONDecodeError(e.msg, e.doc, e.pos)
requests.exceptions.JSONDecodeError: Expecting value: line 1 column 1 (char 0)
2026-06-13 19:44:18,295 ERROR extra fetch failed: _participants(312882569,)
Traceback (most recent call last):
  File "C:\Users\saiem\Documents\GitHub-Data\sdv-dev\cfbfastR-dev\cfbfastR-cfb-raw\.venv\Lib\site-packages\requests\models.py", line 1116, in json
    return complexjson.loads(self.text, **kwargs)
           ^^^^^^^^^^^^^^^^^^^^^^^^^^^^^^^^^^^^^^
  File "C:\Users\saiem\AppData\Local\Programs\Python\Python311\Lib\json\__init__.py", line 346, in loads
    return _default_decoder.decode(s)
           ^^^^^^^^^^^^^^^^^^^^^^^^^^
  File "C:\Users\saiem\AppData\Local\Programs\Python\Python311\Lib\json\decoder.py", line 337, in decode
    obj, end = self.raw_decode(s, idx=_w(s, 0).end())
               ^^^^^^^^^^^^^^^^^^^^^^^^^^^^^^^^^^^^^^
  File "C:\Users\saiem\AppData\Local\Programs\Python\Python311\Lib\json\decoder.py", line 355, in raw_decode
    raise JSONDecodeError("Expecting value", s, err.value) from None
json.decoder.JSONDecodeError: Expecting value: line 1 column 1 (char 0)

During handling of the above exception, another exception occurred:

Traceback (most recent call last):
  File "C:\Users\saiem\Documents\GitHub-Data\sdv-dev\cfbfastR-dev\cfbfastR-cfb-raw\python\_cfb_raw_utils.py", line 93, in _safe
    return fn(*args, **kwargs)
           ^^^^^^^^^^^^^^^^^^^
  File "C:\Users\saiem\Documents\GitHub-Data\sdv-dev\cfbfastR-dev\cfbfastR-cfb-raw\python\scrape_cfb_json.py", line 27, in _participants
    return sdv.cfb.espn_cfb_play_participants(game_id=gid, return_as_pandas=True).to_dict("records")
           ^^^^^^^^^^^^^^^^^^^^^^^^^^^^^^^^^^^^^^^^^^^^^^^^^^^^^^^^^^^^^^^^^^^^^^
  File "C:\Users\saiem\Documents\GitHub-Data\sdv-dev\cfbfastR-dev\cfbfastR-cfb-raw\.venv\Lib\site-packages\sportsdataverse\cfb\cfb_play_participants.py", line 184, in espn_cfb_play_participants
    plays_raw = _download_plays(game_id, **kwargs)
                ^^^^^^^^^^^^^^^^^^^^^^^^^^^^^^^^^^
  File "C:\Users\saiem\Documents\GitHub-Data\sdv-dev\cfbfastR-dev\cfbfastR-cfb-raw\.venv\Lib\site-packages\sportsdataverse\cfb\cfb_play_participants.py", line 215, in _download_plays
    body = resp.json()
           ^^^^^^^^^^^
  File "C:\Users\saiem\Documents\GitHub-Data\sdv-dev\cfbfastR-dev\cfbfastR-cfb-raw\.venv\Lib\site-packages\requests\models.py", line 1120, in json
    raise RequestsJSONDecodeError(e.msg, e.doc, e.pos)
requests.exceptions.JSONDecodeError: Expecting value: line 1 column 1 (char 0)
2026-06-13 19:44:19,082 ERROR extra fetch failed: _rosters(312882569,)
Traceback (most recent call last):
  File "C:\Users\saiem\Documents\GitHub-Data\sdv-dev\cfbfastR-dev\cfbfastR-cfb-raw\.venv\Lib\site-packages\requests\models.py", line 1116, in json
    return complexjson.loads(self.text, **kwargs)
           ^^^^^^^^^^^^^^^^^^^^^^^^^^^^^^^^^^^^^^
  File "C:\Users\saiem\AppData\Local\Programs\Python\Python311\Lib\json\__init__.py", line 346, in loads
    return _default_decoder.decode(s)
           ^^^^^^^^^^^^^^^^^^^^^^^^^^
  File "C:\Users\saiem\AppData\Local\Programs\Python\Python311\Lib\json\decoder.py", line 337, in decode
    obj, end = self.raw_decode(s, idx=_w(s, 0).end())
               ^^^^^^^^^^^^^^^^^^^^^^^^^^^^^^^^^^^^^^
  File "C:\Users\saiem\AppData\Local\Programs\Python\Python311\Lib\json\decoder.py", line 355, in raw_decode
    raise JSONDecodeError("Expecting value", s, err.value) from None
json.decoder.JSONDecodeError: Expecting value: line 1 column 1 (char 0)

During handling of the above exception, another exception occurred:

Traceback (most recent call last):
  File "C:\Users\saiem\Documents\GitHub-Data\sdv-dev\cfbfastR-dev\cfbfastR-cfb-raw\python\_cfb_raw_utils.py", line 93, in _safe
    return fn(*args, **kwargs)
           ^^^^^^^^^^^^^^^^^^^
  File "C:\Users\saiem\Documents\GitHub-Data\sdv-dev\cfbfastR-dev\cfbfastR-cfb-raw\python\scrape_cfb_json.py", line 31, in _rosters
    return sdv.cfb.espn_cfb_game_rosters(game_id=gid, return_as_pandas=True).to_dict("records")
           ^^^^^^^^^^^^^^^^^^^^^^^^^^^^^^^^^^^^^^^^^^^^^^^^^^^^^^^^^^^^^^^^^
  File "C:\Users\saiem\Documents\GitHub-Data\sdv-dev\cfbfastR-dev\cfbfastR-cfb-raw\.venv\Lib\site-packages\sportsdataverse\cfb\cfb_game_rosters.py", line 64, in espn_cfb_game_rosters
    summary = summary_resp.json()
              ^^^^^^^^^^^^^^^^^^^
  File "C:\Users\saiem\Documents\GitHub-Data\sdv-dev\cfbfastR-dev\cfbfastR-cfb-raw\.venv\Lib\site-packages\requests\models.py", line 1120, in json
    raise RequestsJSONDecodeError(e.msg, e.doc, e.pos)
requests.exceptions.JSONDecodeError: Expecting value: line 1 column 1 (char 0)
2026-06-13 19:44:19,154 ERROR extra fetch failed: _rosters(312880265,)
Traceback (most recent call last):
  File "C:\Users\saiem\Documents\GitHub-Data\sdv-dev\cfbfastR-dev\cfbfastR-cfb-raw\.venv\Lib\site-packages\requests\models.py", line 1116, in json
    return complexjson.loads(self.text, **kwargs)
           ^^^^^^^^^^^^^^^^^^^^^^^^^^^^^^^^^^^^^^
  File "C:\Users\saiem\AppData\Local\Programs\Python\Python311\Lib\json\__init__.py", line 346, in loads
    return _default_decoder.decode(s)
           ^^^^^^^^^^^^^^^^^^^^^^^^^^
  File "C:\Users\saiem\AppData\Local\Programs\Python\Python311\Lib\json\decoder.py", line 337, in decode
    obj, end = self.raw_decode(s, idx=_w(s, 0).end())
               ^^^^^^^^^^^^^^^^^^^^^^^^^^^^^^^^^^^^^^
  File "C:\Users\saiem\AppData\Local\Programs\Python\Python311\Lib\json\decoder.py", line 355, in raw_decode
    raise JSONDecodeError("Expecting value", s, err.value) from None
json.decoder.JSONDecodeError: Expecting value: line 1 column 1 (char 0)

During handling of the above exception, another exception occurred:

Traceback (most recent call last):
  File "C:\Users\saiem\Documents\GitHub-Data\sdv-dev\cfbfastR-dev\cfbfastR-cfb-raw\python\_cfb_raw_utils.py", line 93, in _safe
    return fn(*args, **kwargs)
           ^^^^^^^^^^^^^^^^^^^
  File "C:\Users\saiem\Documents\GitHub-Data\sdv-dev\cfbfastR-dev\cfbfastR-cfb-raw\python\scrape_cfb_json.py", line 31, in _rosters
    return sdv.cfb.espn_cfb_game_rosters(game_id=gid, return_as_pandas=True).to_dict("records")
           ^^^^^^^^^^^^^^^^^^^^^^^^^^^^^^^^^^^^^^^^^^^^^^^^^^^^^^^^^^^^^^^^^
  File "C:\Users\saiem\Documents\GitHub-Data\sdv-dev\cfbfastR-dev\cfbfastR-cfb-raw\.venv\Lib\site-packages\sportsdataverse\cfb\cfb_game_rosters.py", line 64, in espn_cfb_game_rosters
    summary = summary_resp.json()
              ^^^^^^^^^^^^^^^^^^^
  File "C:\Users\saiem\Documents\GitHub-Data\sdv-dev\cfbfastR-dev\cfbfastR-cfb-raw\.venv\Lib\site-packages\requests\models.py", line 1120, in json
    raise RequestsJSONDecodeError(e.msg, e.doc, e.pos)
requests.exceptions.JSONDecodeError: Expecting value: line 1 column 1 (char 0)
2026-06-13 19:44:19,342 ERROR extra fetch failed: _participants(312882483,)
Traceback (most recent call last):
  File "C:\Users\saiem\Documents\GitHub-Data\sdv-dev\cfbfastR-dev\cfbfastR-cfb-raw\.venv\Lib\site-packages\requests\models.py", line 1116, in json
    return complexjson.loads(self.text, **kwargs)
           ^^^^^^^^^^^^^^^^^^^^^^^^^^^^^^^^^^^^^^
  File "C:\Users\saiem\AppData\Local\Programs\Python\Python311\Lib\json\__init__.py", line 346, in loads
    return _default_decoder.decode(s)
           ^^^^^^^^^^^^^^^^^^^^^^^^^^
  File "C:\Users\saiem\AppData\Local\Programs\Python\Python311\Lib\json\decoder.py", line 337, in decode
    obj, end = self.raw_decode(s, idx=_w(s, 0).end())
               ^^^^^^^^^^^^^^^^^^^^^^^^^^^^^^^^^^^^^^
  File "C:\Users\saiem\AppData\Local\Programs\Python\Python311\Lib\json\decoder.py", line 355, in raw_decode
    raise JSONDecodeError("Expecting value", s, err.value) from None
json.decoder.JSONDecodeError: Expecting value: line 1 column 1 (char 0)

During handling of the above exception, another exception occurred:

Traceback (most recent call last):
  File "C:\Users\saiem\Documents\GitHub-Data\sdv-dev\cfbfastR-dev\cfbfastR-cfb-raw\python\_cfb_raw_utils.py", line 93, in _safe
    return fn(*args, **kwargs)
           ^^^^^^^^^^^^^^^^^^^
  File "C:\Users\saiem\Documents\GitHub-Data\sdv-dev\cfbfastR-dev\cfbfastR-cfb-raw\python\scrape_cfb_json.py", line 27, in _participants
    return sdv.cfb.espn_cfb_play_participants(game_id=gid, return_as_pandas=True).to_dict("records")
           ^^^^^^^^^^^^^^^^^^^^^^^^^^^^^^^^^^^^^^^^^^^^^^^^^^^^^^^^^^^^^^^^^^^^^^
  File "C:\Users\saiem\Documents\GitHub-Data\sdv-dev\cfbfastR-dev\cfbfastR-cfb-raw\.venv\Lib\site-packages\sportsdataverse\cfb\cfb_play_participants.py", line 184, in espn_cfb_play_participants
    plays_raw = _download_plays(game_id, **kwargs)
                ^^^^^^^^^^^^^^^^^^^^^^^^^^^^^^^^^^
  File "C:\Users\saiem\Documents\GitHub-Data\sdv-dev\cfbfastR-dev\cfbfastR-cfb-raw\.venv\Lib\site-packages\sportsdataverse\cfb\cfb_play_participants.py", line 215, in _download_plays
    body = resp.json()
           ^^^^^^^^^^^
  File "C:\Users\saiem\Documents\GitHub-Data\sdv-dev\cfbfastR-dev\cfbfastR-cfb-raw\.venv\Lib\site-packages\requests\models.py", line 1120, in json
    raise RequestsJSONDecodeError(e.msg, e.doc, e.pos)
requests.exceptions.JSONDecodeError: Expecting value: line 1 column 1 (char 0)
2026-06-13 19:44:19,583 ERROR extra fetch failed: _participants(312880120,)
Traceback (most recent call last):
  File "C:\Users\saiem\Documents\GitHub-Data\sdv-dev\cfbfastR-dev\cfbfastR-cfb-raw\.venv\Lib\site-packages\requests\models.py", line 1116, in json
    return complexjson.loads(self.text, **kwargs)
           ^^^^^^^^^^^^^^^^^^^^^^^^^^^^^^^^^^^^^^
  File "C:\Users\saiem\AppData\Local\Programs\Python\Python311\Lib\json\__init__.py", line 346, in loads
    return _default_decoder.decode(s)
           ^^^^^^^^^^^^^^^^^^^^^^^^^^
  File "C:\Users\saiem\AppData\Local\Programs\Python\Python311\Lib\json\decoder.py", line 337, in decode
    obj, end = self.raw_decode(s, idx=_w(s, 0).end())
               ^^^^^^^^^^^^^^^^^^^^^^^^^^^^^^^^^^^^^^
  File "C:\Users\saiem\AppData\Local\Programs\Python\Python311\Lib\json\decoder.py", line 355, in raw_decode
    raise JSONDecodeError("Expecting value", s, err.value) from None
json.decoder.JSONDecodeError: Expecting value: line 1 column 1 (char 0)

During handling of the above exception, another exception occurred:

Traceback (most recent call last):
  File "C:\Users\saiem\Documents\GitHub-Data\sdv-dev\cfbfastR-dev\cfbfastR-cfb-raw\python\_cfb_raw_utils.py", line 93, in _safe
    return fn(*args, **kwargs)
           ^^^^^^^^^^^^^^^^^^^
  File "C:\Users\saiem\Documents\GitHub-Data\sdv-dev\cfbfastR-dev\cfbfastR-cfb-raw\python\scrape_cfb_json.py", line 27, in _participants
    return sdv.cfb.espn_cfb_play_participants(game_id=gid, return_as_pandas=True).to_dict("records")
           ^^^^^^^^^^^^^^^^^^^^^^^^^^^^^^^^^^^^^^^^^^^^^^^^^^^^^^^^^^^^^^^^^^^^^^
  File "C:\Users\saiem\Documents\GitHub-Data\sdv-dev\cfbfastR-dev\cfbfastR-cfb-raw\.venv\Lib\site-packages\sportsdataverse\cfb\cfb_play_participants.py", line 184, in espn_cfb_play_participants
    plays_raw = _download_plays(game_id, **kwargs)
                ^^^^^^^^^^^^^^^^^^^^^^^^^^^^^^^^^^
  File "C:\Users\saiem\Documents\GitHub-Data\sdv-dev\cfbfastR-dev\cfbfastR-cfb-raw\.venv\Lib\site-packages\sportsdataverse\cfb\cfb_play_participants.py", line 215, in _download_plays
    body = resp.json()
           ^^^^^^^^^^^
  File "C:\Users\saiem\Documents\GitHub-Data\sdv-dev\cfbfastR-dev\cfbfastR-cfb-raw\.venv\Lib\site-packages\requests\models.py", line 1120, in json
    raise RequestsJSONDecodeError(e.msg, e.doc, e.pos)
requests.exceptions.JSONDecodeError: Expecting value: line 1 column 1 (char 0)
2026-06-13 19:44:19,980 ERROR extra fetch failed: _rosters(312882483,)
Traceback (most recent call last):
  File "C:\Users\saiem\Documents\GitHub-Data\sdv-dev\cfbfastR-dev\cfbfastR-cfb-raw\.venv\Lib\site-packages\requests\models.py", line 1116, in json
    return complexjson.loads(self.text, **kwargs)
           ^^^^^^^^^^^^^^^^^^^^^^^^^^^^^^^^^^^^^^
  File "C:\Users\saiem\AppData\Local\Programs\Python\Python311\Lib\json\__init__.py", line 346, in loads
    return _default_decoder.decode(s)
           ^^^^^^^^^^^^^^^^^^^^^^^^^^
  File "C:\Users\saiem\AppData\Local\Programs\Python\Python311\Lib\json\decoder.py", line 337, in decode
    obj, end = self.raw_decode(s, idx=_w(s, 0).end())
               ^^^^^^^^^^^^^^^^^^^^^^^^^^^^^^^^^^^^^^
  File "C:\Users\saiem\AppData\Local\Programs\Python\Python311\Lib\json\decoder.py", line 355, in raw_decode
    raise JSONDecodeError("Expecting value", s, err.value) from None
json.decoder.JSONDecodeError: Expecting value: line 1 column 1 (char 0)

During handling of the above exception, another exception occurred:

Traceback (most recent call last):
  File "C:\Users\saiem\Documents\GitHub-Data\sdv-dev\cfbfastR-dev\cfbfastR-cfb-raw\python\_cfb_raw_utils.py", line 93, in _safe
    return fn(*args, **kwargs)
           ^^^^^^^^^^^^^^^^^^^
  File "C:\Users\saiem\Documents\GitHub-Data\sdv-dev\cfbfastR-dev\cfbfastR-cfb-raw\python\scrape_cfb_json.py", line 31, in _rosters
    return sdv.cfb.espn_cfb_game_rosters(game_id=gid, return_as_pandas=True).to_dict("records")
           ^^^^^^^^^^^^^^^^^^^^^^^^^^^^^^^^^^^^^^^^^^^^^^^^^^^^^^^^^^^^^^^^^
  File "C:\Users\saiem\Documents\GitHub-Data\sdv-dev\cfbfastR-dev\cfbfastR-cfb-raw\.venv\Lib\site-packages\sportsdataverse\cfb\cfb_game_rosters.py", line 64, in espn_cfb_game_rosters
    summary = summary_resp.json()
              ^^^^^^^^^^^^^^^^^^^
  File "C:\Users\saiem\Documents\GitHub-Data\sdv-dev\cfbfastR-dev\cfbfastR-cfb-raw\.venv\Lib\site-packages\requests\models.py", line 1120, in json
    raise RequestsJSONDecodeError(e.msg, e.doc, e.pos)
requests.exceptions.JSONDecodeError: Expecting value: line 1 column 1 (char 0)
2026-06-13 19:44:20,223 ERROR extra fetch failed: _participants(312880258,)
Traceback (most recent call last):
  File "C:\Users\saiem\Documents\GitHub-Data\sdv-dev\cfbfastR-dev\cfbfastR-cfb-raw\.venv\Lib\site-packages\requests\models.py", line 1116, in json
    return complexjson.loads(self.text, **kwargs)
           ^^^^^^^^^^^^^^^^^^^^^^^^^^^^^^^^^^^^^^
  File "C:\Users\saiem\AppData\Local\Programs\Python\Python311\Lib\json\__init__.py", line 346, in loads
    return _default_decoder.decode(s)
           ^^^^^^^^^^^^^^^^^^^^^^^^^^
  File "C:\Users\saiem\AppData\Local\Programs\Python\Python311\Lib\json\decoder.py", line 337, in decode
    obj, end = self.raw_decode(s, idx=_w(s, 0).end())
               ^^^^^^^^^^^^^^^^^^^^^^^^^^^^^^^^^^^^^^
  File "C:\Users\saiem\AppData\Local\Programs\Python\Python311\Lib\json\decoder.py", line 355, in raw_decode
    raise JSONDecodeError("Expecting value", s, err.value) from None
json.decoder.JSONDecodeError: Expecting value: line 1 column 1 (char 0)

During handling of the above exception, another exception occurred:

Traceback (most recent call last):
  File "C:\Users\saiem\Documents\GitHub-Data\sdv-dev\cfbfastR-dev\cfbfastR-cfb-raw\python\_cfb_raw_utils.py", line 93, in _safe
    return fn(*args, **kwargs)
           ^^^^^^^^^^^^^^^^^^^
  File "C:\Users\saiem\Documents\GitHub-Data\sdv-dev\cfbfastR-dev\cfbfastR-cfb-raw\python\scrape_cfb_json.py", line 27, in _participants
    return sdv.cfb.espn_cfb_play_participants(game_id=gid, return_as_pandas=True).to_dict("records")
           ^^^^^^^^^^^^^^^^^^^^^^^^^^^^^^^^^^^^^^^^^^^^^^^^^^^^^^^^^^^^^^^^^^^^^^
  File "C:\Users\saiem\Documents\GitHub-Data\sdv-dev\cfbfastR-dev\cfbfastR-cfb-raw\.venv\Lib\site-packages\sportsdataverse\cfb\cfb_play_participants.py", line 184, in espn_cfb_play_participants
    plays_raw = _download_plays(game_id, **kwargs)
                ^^^^^^^^^^^^^^^^^^^^^^^^^^^^^^^^^^
  File "C:\Users\saiem\Documents\GitHub-Data\sdv-dev\cfbfastR-dev\cfbfastR-cfb-raw\.venv\Lib\site-packages\sportsdataverse\cfb\cfb_play_participants.py", line 215, in _download_plays
    body = resp.json()
           ^^^^^^^^^^^
  File "C:\Users\saiem\Documents\GitHub-Data\sdv-dev\cfbfastR-dev\cfbfastR-cfb-raw\.venv\Lib\site-packages\requests\models.py", line 1120, in json
    raise RequestsJSONDecodeError(e.msg, e.doc, e.pos)
requests.exceptions.JSONDecodeError: Expecting value: line 1 column 1 (char 0)
2026-06-13 19:44:20,285 ERROR extra fetch failed: _rosters(312880120,)
Traceback (most recent call last):
  File "C:\Users\saiem\Documents\GitHub-Data\sdv-dev\cfbfastR-dev\cfbfastR-cfb-raw\.venv\Lib\site-packages\requests\models.py", line 1116, in json
    return complexjson.loads(self.text, **kwargs)
           ^^^^^^^^^^^^^^^^^^^^^^^^^^^^^^^^^^^^^^
  File "C:\Users\saiem\AppData\Local\Programs\Python\Python311\Lib\json\__init__.py", line 346, in loads
    return _default_decoder.decode(s)
           ^^^^^^^^^^^^^^^^^^^^^^^^^^
  File "C:\Users\saiem\AppData\Local\Programs\Python\Python311\Lib\json\decoder.py", line 337, in decode
    obj, end = self.raw_decode(s, idx=_w(s, 0).end())
               ^^^^^^^^^^^^^^^^^^^^^^^^^^^^^^^^^^^^^^
  File "C:\Users\saiem\AppData\Local\Programs\Python\Python311\Lib\json\decoder.py", line 355, in raw_decode
    raise JSONDecodeError("Expecting value", s, err.value) from None
json.decoder.JSONDecodeError: Expecting value: line 1 column 1 (char 0)

During handling of the above exception, another exception occurred:

Traceback (most recent call last):
  File "C:\Users\saiem\Documents\GitHub-Data\sdv-dev\cfbfastR-dev\cfbfastR-cfb-raw\python\_cfb_raw_utils.py", line 93, in _safe
    return fn(*args, **kwargs)
           ^^^^^^^^^^^^^^^^^^^
  File "C:\Users\saiem\Documents\GitHub-Data\sdv-dev\cfbfastR-dev\cfbfastR-cfb-raw\python\scrape_cfb_json.py", line 31, in _rosters
    return sdv.cfb.espn_cfb_game_rosters(game_id=gid, return_as_pandas=True).to_dict("records")
           ^^^^^^^^^^^^^^^^^^^^^^^^^^^^^^^^^^^^^^^^^^^^^^^^^^^^^^^^^^^^^^^^^
  File "C:\Users\saiem\Documents\GitHub-Data\sdv-dev\cfbfastR-dev\cfbfastR-cfb-raw\.venv\Lib\site-packages\sportsdataverse\cfb\cfb_game_rosters.py", line 64, in espn_cfb_game_rosters
    summary = summary_resp.json()
              ^^^^^^^^^^^^^^^^^^^
  File "C:\Users\saiem\Documents\GitHub-Data\sdv-dev\cfbfastR-dev\cfbfastR-cfb-raw\.venv\Lib\site-packages\requests\models.py", line 1120, in json
    raise RequestsJSONDecodeError(e.msg, e.doc, e.pos)
requests.exceptions.JSONDecodeError: Expecting value: line 1 column 1 (char 0)
2026-06-13 19:44:20,505 ERROR extra fetch failed: _participants(312880127,)
Traceback (most recent call last):
  File "C:\Users\saiem\Documents\GitHub-Data\sdv-dev\cfbfastR-dev\cfbfastR-cfb-raw\.venv\Lib\site-packages\requests\models.py", line 1116, in json
    return complexjson.loads(self.text, **kwargs)
           ^^^^^^^^^^^^^^^^^^^^^^^^^^^^^^^^^^^^^^
  File "C:\Users\saiem\AppData\Local\Programs\Python\Python311\Lib\json\__init__.py", line 346, in loads
    return _default_decoder.decode(s)
           ^^^^^^^^^^^^^^^^^^^^^^^^^^
  File "C:\Users\saiem\AppData\Local\Programs\Python\Python311\Lib\json\decoder.py", line 337, in decode
    obj, end = self.raw_decode(s, idx=_w(s, 0).end())
               ^^^^^^^^^^^^^^^^^^^^^^^^^^^^^^^^^^^^^^
  File "C:\Users\saiem\AppData\Local\Programs\Python\Python311\Lib\json\decoder.py", line 355, in raw_decode
    raise JSONDecodeError("Expecting value", s, err.value) from None
json.decoder.JSONDecodeError: Expecting value: line 1 column 1 (char 0)

During handling of the above exception, another exception occurred:

Traceback (most recent call last):
  File "C:\Users\saiem\Documents\GitHub-Data\sdv-dev\cfbfastR-dev\cfbfastR-cfb-raw\python\_cfb_raw_utils.py", line 93, in _safe
    return fn(*args, **kwargs)
           ^^^^^^^^^^^^^^^^^^^
  File "C:\Users\saiem\Documents\GitHub-Data\sdv-dev\cfbfastR-dev\cfbfastR-cfb-raw\python\scrape_cfb_json.py", line 27, in _participants
    return sdv.cfb.espn_cfb_play_participants(game_id=gid, return_as_pandas=True).to_dict("records")
           ^^^^^^^^^^^^^^^^^^^^^^^^^^^^^^^^^^^^^^^^^^^^^^^^^^^^^^^^^^^^^^^^^^^^^^
  File "C:\Users\saiem\Documents\GitHub-Data\sdv-dev\cfbfastR-dev\cfbfastR-cfb-raw\.venv\Lib\site-packages\sportsdataverse\cfb\cfb_play_participants.py", line 184, in espn_cfb_play_participants
    plays_raw = _download_plays(game_id, **kwargs)
                ^^^^^^^^^^^^^^^^^^^^^^^^^^^^^^^^^^
  File "C:\Users\saiem\Documents\GitHub-Data\sdv-dev\cfbfastR-dev\cfbfastR-cfb-raw\.venv\Lib\site-packages\sportsdataverse\cfb\cfb_play_participants.py", line 215, in _download_plays
    body = resp.json()
           ^^^^^^^^^^^
  File "C:\Users\saiem\Documents\GitHub-Data\sdv-dev\cfbfastR-dev\cfbfastR-cfb-raw\.venv\Lib\site-packages\requests\models.py", line 1120, in json
    raise RequestsJSONDecodeError(e.msg, e.doc, e.pos)
requests.exceptions.JSONDecodeError: Expecting value: line 1 column 1 (char 0)
2026-06-13 19:44:20,908 ERROR extra fetch failed: _participants(312880154,)
Traceback (most recent call last):
  File "C:\Users\saiem\Documents\GitHub-Data\sdv-dev\cfbfastR-dev\cfbfastR-cfb-raw\.venv\Lib\site-packages\requests\models.py", line 1116, in json
    return complexjson.loads(self.text, **kwargs)
           ^^^^^^^^^^^^^^^^^^^^^^^^^^^^^^^^^^^^^^
  File "C:\Users\saiem\AppData\Local\Programs\Python\Python311\Lib\json\__init__.py", line 346, in loads
    return _default_decoder.decode(s)
           ^^^^^^^^^^^^^^^^^^^^^^^^^^
  File "C:\Users\saiem\AppData\Local\Programs\Python\Python311\Lib\json\decoder.py", line 337, in decode
    obj, end = self.raw_decode(s, idx=_w(s, 0).end())
               ^^^^^^^^^^^^^^^^^^^^^^^^^^^^^^^^^^^^^^
  File "C:\Users\saiem\AppData\Local\Programs\Python\Python311\Lib\json\decoder.py", line 355, in raw_decode
    raise JSONDecodeError("Expecting value", s, err.value) from None
json.decoder.JSONDecodeError: Expecting value: line 1 column 1 (char 0)

During handling of the above exception, another exception occurred:

Traceback (most recent call last):
  File "C:\Users\saiem\Documents\GitHub-Data\sdv-dev\cfbfastR-dev\cfbfastR-cfb-raw\python\_cfb_raw_utils.py", line 93, in _safe
    return fn(*args, **kwargs)
           ^^^^^^^^^^^^^^^^^^^
  File "C:\Users\saiem\Documents\GitHub-Data\sdv-dev\cfbfastR-dev\cfbfastR-cfb-raw\python\scrape_cfb_json.py", line 27, in _participants
    return sdv.cfb.espn_cfb_play_participants(game_id=gid, return_as_pandas=True).to_dict("records")
           ^^^^^^^^^^^^^^^^^^^^^^^^^^^^^^^^^^^^^^^^^^^^^^^^^^^^^^^^^^^^^^^^^^^^^^
  File "C:\Users\saiem\Documents\GitHub-Data\sdv-dev\cfbfastR-dev\cfbfastR-cfb-raw\.venv\Lib\site-packages\sportsdataverse\cfb\cfb_play_participants.py", line 184, in espn_cfb_play_participants
    plays_raw = _download_plays(game_id, **kwargs)
                ^^^^^^^^^^^^^^^^^^^^^^^^^^^^^^^^^^
  File "C:\Users\saiem\Documents\GitHub-Data\sdv-dev\cfbfastR-dev\cfbfastR-cfb-raw\.venv\Lib\site-packages\sportsdataverse\cfb\cfb_play_participants.py", line 215, in _download_plays
    body = resp.json()
           ^^^^^^^^^^^
  File "C:\Users\saiem\Documents\GitHub-Data\sdv-dev\cfbfastR-dev\cfbfastR-cfb-raw\.venv\Lib\site-packages\requests\models.py", line 1120, in json
    raise RequestsJSONDecodeError(e.msg, e.doc, e.pos)
requests.exceptions.JSONDecodeError: Expecting value: line 1 column 1 (char 0)
2026-06-13 19:44:21,207 ERROR extra fetch failed: _participants(312880356,)
Traceback (most recent call last):
  File "C:\Users\saiem\Documents\GitHub-Data\sdv-dev\cfbfastR-dev\cfbfastR-cfb-raw\.venv\Lib\site-packages\requests\models.py", line 1116, in json
    return complexjson.loads(self.text, **kwargs)
           ^^^^^^^^^^^^^^^^^^^^^^^^^^^^^^^^^^^^^^
  File "C:\Users\saiem\AppData\Local\Programs\Python\Python311\Lib\json\__init__.py", line 346, in loads
    return _default_decoder.decode(s)
           ^^^^^^^^^^^^^^^^^^^^^^^^^^
  File "C:\Users\saiem\AppData\Local\Programs\Python\Python311\Lib\json\decoder.py", line 337, in decode
    obj, end = self.raw_decode(s, idx=_w(s, 0).end())
               ^^^^^^^^^^^^^^^^^^^^^^^^^^^^^^^^^^^^^^
  File "C:\Users\saiem\AppData\Local\Programs\Python\Python311\Lib\json\decoder.py", line 355, in raw_decode
    raise JSONDecodeError("Expecting value", s, err.value) from None
json.decoder.JSONDecodeError: Expecting value: line 1 column 1 (char 0)

During handling of the above exception, another exception occurred:

Traceback (most recent call last):
  File "C:\Users\saiem\Documents\GitHub-Data\sdv-dev\cfbfastR-dev\cfbfastR-cfb-raw\python\_cfb_raw_utils.py", line 93, in _safe
    return fn(*args, **kwargs)
           ^^^^^^^^^^^^^^^^^^^
  File "C:\Users\saiem\Documents\GitHub-Data\sdv-dev\cfbfastR-dev\cfbfastR-cfb-raw\python\scrape_cfb_json.py", line 27, in _participants
    return sdv.cfb.espn_cfb_play_participants(game_id=gid, return_as_pandas=True).to_dict("records")
           ^^^^^^^^^^^^^^^^^^^^^^^^^^^^^^^^^^^^^^^^^^^^^^^^^^^^^^^^^^^^^^^^^^^^^^
  File "C:\Users\saiem\Documents\GitHub-Data\sdv-dev\cfbfastR-dev\cfbfastR-cfb-raw\.venv\Lib\site-packages\sportsdataverse\cfb\cfb_play_participants.py", line 184, in espn_cfb_play_participants
    plays_raw = _download_plays(game_id, **kwargs)
                ^^^^^^^^^^^^^^^^^^^^^^^^^^^^^^^^^^
  File "C:\Users\saiem\Documents\GitHub-Data\sdv-dev\cfbfastR-dev\cfbfastR-cfb-raw\.venv\Lib\site-packages\sportsdataverse\cfb\cfb_play_participants.py", line 215, in _download_plays
    body = resp.json()
           ^^^^^^^^^^^
  File "C:\Users\saiem\Documents\GitHub-Data\sdv-dev\cfbfastR-dev\cfbfastR-cfb-raw\.venv\Lib\site-packages\requests\models.py", line 1120, in json
    raise RequestsJSONDecodeError(e.msg, e.doc, e.pos)
requests.exceptions.JSONDecodeError: Expecting value: line 1 column 1 (char 0)
2026-06-13 19:44:21,319 ERROR extra fetch failed: _participants(312880344,)
Traceback (most recent call last):
  File "C:\Users\saiem\Documents\GitHub-Data\sdv-dev\cfbfastR-dev\cfbfastR-cfb-raw\.venv\Lib\site-packages\requests\models.py", line 1116, in json
    return complexjson.loads(self.text, **kwargs)
           ^^^^^^^^^^^^^^^^^^^^^^^^^^^^^^^^^^^^^^
  File "C:\Users\saiem\AppData\Local\Programs\Python\Python311\Lib\json\__init__.py", line 346, in loads
    return _default_decoder.decode(s)
           ^^^^^^^^^^^^^^^^^^^^^^^^^^
  File "C:\Users\saiem\AppData\Local\Programs\Python\Python311\Lib\json\decoder.py", line 337, in decode
    obj, end = self.raw_decode(s, idx=_w(s, 0).end())
               ^^^^^^^^^^^^^^^^^^^^^^^^^^^^^^^^^^^^^^
  File "C:\Users\saiem\AppData\Local\Programs\Python\Python311\Lib\json\decoder.py", line 355, in raw_decode
    raise JSONDecodeError("Expecting value", s, err.value) from None
json.decoder.JSONDecodeError: Expecting value: line 1 column 1 (char 0)

During handling of the above exception, another exception occurred:

Traceback (most recent call last):
  File "C:\Users\saiem\Documents\GitHub-Data\sdv-dev\cfbfastR-dev\cfbfastR-cfb-raw\python\_cfb_raw_utils.py", line 93, in _safe
    return fn(*args, **kwargs)
           ^^^^^^^^^^^^^^^^^^^
  File "C:\Users\saiem\Documents\GitHub-Data\sdv-dev\cfbfastR-dev\cfbfastR-cfb-raw\python\scrape_cfb_json.py", line 27, in _participants
    return sdv.cfb.espn_cfb_play_participants(game_id=gid, return_as_pandas=True).to_dict("records")
           ^^^^^^^^^^^^^^^^^^^^^^^^^^^^^^^^^^^^^^^^^^^^^^^^^^^^^^^^^^^^^^^^^^^^^^
  File "C:\Users\saiem\Documents\GitHub-Data\sdv-dev\cfbfastR-dev\cfbfastR-cfb-raw\.venv\Lib\site-packages\sportsdataverse\cfb\cfb_play_participants.py", line 184, in espn_cfb_play_participants
    plays_raw = _download_plays(game_id, **kwargs)
                ^^^^^^^^^^^^^^^^^^^^^^^^^^^^^^^^^^
  File "C:\Users\saiem\Documents\GitHub-Data\sdv-dev\cfbfastR-dev\cfbfastR-cfb-raw\.venv\Lib\site-packages\sportsdataverse\cfb\cfb_play_participants.py", line 215, in _download_plays
    body = resp.json()
           ^^^^^^^^^^^
  File "C:\Users\saiem\Documents\GitHub-Data\sdv-dev\cfbfastR-dev\cfbfastR-cfb-raw\.venv\Lib\site-packages\requests\models.py", line 1120, in json
    raise RequestsJSONDecodeError(e.msg, e.doc, e.pos)
requests.exceptions.JSONDecodeError: Expecting value: line 1 column 1 (char 0)
2026-06-13 19:44:21,370 ERROR extra fetch failed: _rosters(312880258,)
Traceback (most recent call last):
  File "C:\Users\saiem\Documents\GitHub-Data\sdv-dev\cfbfastR-dev\cfbfastR-cfb-raw\.venv\Lib\site-packages\requests\models.py", line 1116, in json
    return complexjson.loads(self.text, **kwargs)
           ^^^^^^^^^^^^^^^^^^^^^^^^^^^^^^^^^^^^^^
  File "C:\Users\saiem\AppData\Local\Programs\Python\Python311\Lib\json\__init__.py", line 346, in loads
    return _default_decoder.decode(s)
           ^^^^^^^^^^^^^^^^^^^^^^^^^^
  File "C:\Users\saiem\AppData\Local\Programs\Python\Python311\Lib\json\decoder.py", line 337, in decode
    obj, end = self.raw_decode(s, idx=_w(s, 0).end())
               ^^^^^^^^^^^^^^^^^^^^^^^^^^^^^^^^^^^^^^
  File "C:\Users\saiem\AppData\Local\Programs\Python\Python311\Lib\json\decoder.py", line 355, in raw_decode
    raise JSONDecodeError("Expecting value", s, err.value) from None
json.decoder.JSONDecodeError: Expecting value: line 1 column 1 (char 0)

During handling of the above exception, another exception occurred:

Traceback (most recent call last):
  File "C:\Users\saiem\Documents\GitHub-Data\sdv-dev\cfbfastR-dev\cfbfastR-cfb-raw\python\_cfb_raw_utils.py", line 93, in _safe
    return fn(*args, **kwargs)
           ^^^^^^^^^^^^^^^^^^^
  File "C:\Users\saiem\Documents\GitHub-Data\sdv-dev\cfbfastR-dev\cfbfastR-cfb-raw\python\scrape_cfb_json.py", line 31, in _rosters
    return sdv.cfb.espn_cfb_game_rosters(game_id=gid, return_as_pandas=True).to_dict("records")
           ^^^^^^^^^^^^^^^^^^^^^^^^^^^^^^^^^^^^^^^^^^^^^^^^^^^^^^^^^^^^^^^^^
  File "C:\Users\saiem\Documents\GitHub-Data\sdv-dev\cfbfastR-dev\cfbfastR-cfb-raw\.venv\Lib\site-packages\sportsdataverse\cfb\cfb_game_rosters.py", line 64, in espn_cfb_game_rosters
    summary = summary_resp.json()
              ^^^^^^^^^^^^^^^^^^^
  File "C:\Users\saiem\Documents\GitHub-Data\sdv-dev\cfbfastR-dev\cfbfastR-cfb-raw\.venv\Lib\site-packages\requests\models.py", line 1120, in json
    raise RequestsJSONDecodeError(e.msg, e.doc, e.pos)
requests.exceptions.JSONDecodeError: Expecting value: line 1 column 1 (char 0)
2026-06-13 19:44:21,409 ERROR extra fetch failed: _participants(312880245,)
Traceback (most recent call last):
  File "C:\Users\saiem\Documents\GitHub-Data\sdv-dev\cfbfastR-dev\cfbfastR-cfb-raw\.venv\Lib\site-packages\requests\models.py", line 1116, in json
    return complexjson.loads(self.text, **kwargs)
           ^^^^^^^^^^^^^^^^^^^^^^^^^^^^^^^^^^^^^^
  File "C:\Users\saiem\AppData\Local\Programs\Python\Python311\Lib\json\__init__.py", line 346, in loads
    return _default_decoder.decode(s)
           ^^^^^^^^^^^^^^^^^^^^^^^^^^
  File "C:\Users\saiem\AppData\Local\Programs\Python\Python311\Lib\json\decoder.py", line 337, in decode
    obj, end = self.raw_decode(s, idx=_w(s, 0).end())
               ^^^^^^^^^^^^^^^^^^^^^^^^^^^^^^^^^^^^^^
  File "C:\Users\saiem\AppData\Local\Programs\Python\Python311\Lib\json\decoder.py", line 355, in raw_decode
    raise JSONDecodeError("Expecting value", s, err.value) from None
json.decoder.JSONDecodeError: Expecting value: line 1 column 1 (char 0)

During handling of the above exception, another exception occurred:

Traceback (most recent call last):
  File "C:\Users\saiem\Documents\GitHub-Data\sdv-dev\cfbfastR-dev\cfbfastR-cfb-raw\python\_cfb_raw_utils.py", line 93, in _safe
    return fn(*args, **kwargs)
           ^^^^^^^^^^^^^^^^^^^
  File "C:\Users\saiem\Documents\GitHub-Data\sdv-dev\cfbfastR-dev\cfbfastR-cfb-raw\python\scrape_cfb_json.py", line 27, in _participants
    return sdv.cfb.espn_cfb_play_participants(game_id=gid, return_as_pandas=True).to_dict("records")
           ^^^^^^^^^^^^^^^^^^^^^^^^^^^^^^^^^^^^^^^^^^^^^^^^^^^^^^^^^^^^^^^^^^^^^^
  File "C:\Users\saiem\Documents\GitHub-Data\sdv-dev\cfbfastR-dev\cfbfastR-cfb-raw\.venv\Lib\site-packages\sportsdataverse\cfb\cfb_play_participants.py", line 184, in espn_cfb_play_participants
    plays_raw = _download_plays(game_id, **kwargs)
                ^^^^^^^^^^^^^^^^^^^^^^^^^^^^^^^^^^
  File "C:\Users\saiem\Documents\GitHub-Data\sdv-dev\cfbfastR-dev\cfbfastR-cfb-raw\.venv\Lib\site-packages\sportsdataverse\cfb\cfb_play_participants.py", line 215, in _download_plays
    body = resp.json()
           ^^^^^^^^^^^
  File "C:\Users\saiem\Documents\GitHub-Data\sdv-dev\cfbfastR-dev\cfbfastR-cfb-raw\.venv\Lib\site-packages\requests\models.py", line 1120, in json
    raise RequestsJSONDecodeError(e.msg, e.doc, e.pos)
requests.exceptions.JSONDecodeError: Expecting value: line 1 column 1 (char 0)
2026-06-13 19:44:21,780 ERROR extra fetch failed: _participants(312880153,)
Traceback (most recent call last):
  File "C:\Users\saiem\Documents\GitHub-Data\sdv-dev\cfbfastR-dev\cfbfastR-cfb-raw\.venv\Lib\site-packages\requests\models.py", line 1116, in json
    return complexjson.loads(self.text, **kwargs)
           ^^^^^^^^^^^^^^^^^^^^^^^^^^^^^^^^^^^^^^
  File "C:\Users\saiem\AppData\Local\Programs\Python\Python311\Lib\json\__init__.py", line 346, in loads
    return _default_decoder.decode(s)
           ^^^^^^^^^^^^^^^^^^^^^^^^^^
  File "C:\Users\saiem\AppData\Local\Programs\Python\Python311\Lib\json\decoder.py", line 337, in decode
    obj, end = self.raw_decode(s, idx=_w(s, 0).end())
               ^^^^^^^^^^^^^^^^^^^^^^^^^^^^^^^^^^^^^^
  File "C:\Users\saiem\AppData\Local\Programs\Python\Python311\Lib\json\decoder.py", line 355, in raw_decode
    raise JSONDecodeError("Expecting value", s, err.value) from None
json.decoder.JSONDecodeError: Expecting value: line 1 column 1 (char 0)

During handling of the above exception, another exception occurred:

Traceback (most recent call last):
  File "C:\Users\saiem\Documents\GitHub-Data\sdv-dev\cfbfastR-dev\cfbfastR-cfb-raw\python\_cfb_raw_utils.py", line 93, in _safe
    return fn(*args, **kwargs)
           ^^^^^^^^^^^^^^^^^^^
  File "C:\Users\saiem\Documents\GitHub-Data\sdv-dev\cfbfastR-dev\cfbfastR-cfb-raw\python\scrape_cfb_json.py", line 27, in _participants
    return sdv.cfb.espn_cfb_play_participants(game_id=gid, return_as_pandas=True).to_dict("records")
           ^^^^^^^^^^^^^^^^^^^^^^^^^^^^^^^^^^^^^^^^^^^^^^^^^^^^^^^^^^^^^^^^^^^^^^
  File "C:\Users\saiem\Documents\GitHub-Data\sdv-dev\cfbfastR-dev\cfbfastR-cfb-raw\.venv\Lib\site-packages\sportsdataverse\cfb\cfb_play_participants.py", line 184, in espn_cfb_play_participants
    plays_raw = _download_plays(game_id, **kwargs)
                ^^^^^^^^^^^^^^^^^^^^^^^^^^^^^^^^^^
  File "C:\Users\saiem\Documents\GitHub-Data\sdv-dev\cfbfastR-dev\cfbfastR-cfb-raw\.venv\Lib\site-packages\sportsdataverse\cfb\cfb_play_participants.py", line 215, in _download_plays
    body = resp.json()
           ^^^^^^^^^^^
  File "C:\Users\saiem\Documents\GitHub-Data\sdv-dev\cfbfastR-dev\cfbfastR-cfb-raw\.venv\Lib\site-packages\requests\models.py", line 1120, in json
    raise RequestsJSONDecodeError(e.msg, e.doc, e.pos)
requests.exceptions.JSONDecodeError: Expecting value: line 1 column 1 (char 0)
2026-06-13 19:44:21,797 ERROR extra fetch failed: _rosters(312880127,)
Traceback (most recent call last):
  File "C:\Users\saiem\Documents\GitHub-Data\sdv-dev\cfbfastR-dev\cfbfastR-cfb-raw\.venv\Lib\site-packages\requests\models.py", line 1116, in json
    return complexjson.loads(self.text, **kwargs)
           ^^^^^^^^^^^^^^^^^^^^^^^^^^^^^^^^^^^^^^
  File "C:\Users\saiem\AppData\Local\Programs\Python\Python311\Lib\json\__init__.py", line 346, in loads
    return _default_decoder.decode(s)
           ^^^^^^^^^^^^^^^^^^^^^^^^^^
  File "C:\Users\saiem\AppData\Local\Programs\Python\Python311\Lib\json\decoder.py", line 337, in decode
    obj, end = self.raw_decode(s, idx=_w(s, 0).end())
               ^^^^^^^^^^^^^^^^^^^^^^^^^^^^^^^^^^^^^^
  File "C:\Users\saiem\AppData\Local\Programs\Python\Python311\Lib\json\decoder.py", line 355, in raw_decode
    raise JSONDecodeError("Expecting value", s, err.value) from None
json.decoder.JSONDecodeError: Expecting value: line 1 column 1 (char 0)

During handling of the above exception, another exception occurred:

Traceback (most recent call last):
  File "C:\Users\saiem\Documents\GitHub-Data\sdv-dev\cfbfastR-dev\cfbfastR-cfb-raw\python\_cfb_raw_utils.py", line 93, in _safe
    return fn(*args, **kwargs)
           ^^^^^^^^^^^^^^^^^^^
  File "C:\Users\saiem\Documents\GitHub-Data\sdv-dev\cfbfastR-dev\cfbfastR-cfb-raw\python\scrape_cfb_json.py", line 31, in _rosters
    return sdv.cfb.espn_cfb_game_rosters(game_id=gid, return_as_pandas=True).to_dict("records")
           ^^^^^^^^^^^^^^^^^^^^^^^^^^^^^^^^^^^^^^^^^^^^^^^^^^^^^^^^^^^^^^^^^
  File "C:\Users\saiem\Documents\GitHub-Data\sdv-dev\cfbfastR-dev\cfbfastR-cfb-raw\.venv\Lib\site-packages\sportsdataverse\cfb\cfb_game_rosters.py", line 64, in espn_cfb_game_rosters
    summary = summary_resp.json()
              ^^^^^^^^^^^^^^^^^^^
  File "C:\Users\saiem\Documents\GitHub-Data\sdv-dev\cfbfastR-dev\cfbfastR-cfb-raw\.venv\Lib\site-packages\requests\models.py", line 1120, in json
    raise RequestsJSONDecodeError(e.msg, e.doc, e.pos)
requests.exceptions.JSONDecodeError: Expecting value: line 1 column 1 (char 0)
2026-06-13 19:44:21,851 ERROR extra fetch failed: _participants(312880218,)
Traceback (most recent call last):
  File "C:\Users\saiem\Documents\GitHub-Data\sdv-dev\cfbfastR-dev\cfbfastR-cfb-raw\.venv\Lib\site-packages\requests\models.py", line 1116, in json
    return complexjson.loads(self.text, **kwargs)
           ^^^^^^^^^^^^^^^^^^^^^^^^^^^^^^^^^^^^^^
  File "C:\Users\saiem\AppData\Local\Programs\Python\Python311\Lib\json\__init__.py", line 346, in loads
    return _default_decoder.decode(s)
           ^^^^^^^^^^^^^^^^^^^^^^^^^^
  File "C:\Users\saiem\AppData\Local\Programs\Python\Python311\Lib\json\decoder.py", line 337, in decode
    obj, end = self.raw_decode(s, idx=_w(s, 0).end())
               ^^^^^^^^^^^^^^^^^^^^^^^^^^^^^^^^^^^^^^
  File "C:\Users\saiem\AppData\Local\Programs\Python\Python311\Lib\json\decoder.py", line 355, in raw_decode
    raise JSONDecodeError("Expecting value", s, err.value) from None
json.decoder.JSONDecodeError: Expecting value: line 1 column 1 (char 0)

During handling of the above exception, another exception occurred:

Traceback (most recent call last):
  File "C:\Users\saiem\Documents\GitHub-Data\sdv-dev\cfbfastR-dev\cfbfastR-cfb-raw\python\_cfb_raw_utils.py", line 93, in _safe
    return fn(*args, **kwargs)
           ^^^^^^^^^^^^^^^^^^^
  File "C:\Users\saiem\Documents\GitHub-Data\sdv-dev\cfbfastR-dev\cfbfastR-cfb-raw\python\scrape_cfb_json.py", line 27, in _participants
    return sdv.cfb.espn_cfb_play_participants(game_id=gid, return_as_pandas=True).to_dict("records")
           ^^^^^^^^^^^^^^^^^^^^^^^^^^^^^^^^^^^^^^^^^^^^^^^^^^^^^^^^^^^^^^^^^^^^^^
  File "C:\Users\saiem\Documents\GitHub-Data\sdv-dev\cfbfastR-dev\cfbfastR-cfb-raw\.venv\Lib\site-packages\sportsdataverse\cfb\cfb_play_participants.py", line 184, in espn_cfb_play_participants
    plays_raw = _download_plays(game_id, **kwargs)
                ^^^^^^^^^^^^^^^^^^^^^^^^^^^^^^^^^^
  File "C:\Users\saiem\Documents\GitHub-Data\sdv-dev\cfbfastR-dev\cfbfastR-cfb-raw\.venv\Lib\site-packages\sportsdataverse\cfb\cfb_play_participants.py", line 215, in _download_plays
    body = resp.json()
           ^^^^^^^^^^^
  File "C:\Users\saiem\Documents\GitHub-Data\sdv-dev\cfbfastR-dev\cfbfastR-cfb-raw\.venv\Lib\site-packages\requests\models.py", line 1120, in json
    raise RequestsJSONDecodeError(e.msg, e.doc, e.pos)
requests.exceptions.JSONDecodeError: Expecting value: line 1 column 1 (char 0)
2026-06-13 19:44:21,995 ERROR extra fetch failed: _participants(312880002,)
Traceback (most recent call last):
  File "C:\Users\saiem\Documents\GitHub-Data\sdv-dev\cfbfastR-dev\cfbfastR-cfb-raw\.venv\Lib\site-packages\requests\models.py", line 1116, in json
    return complexjson.loads(self.text, **kwargs)
           ^^^^^^^^^^^^^^^^^^^^^^^^^^^^^^^^^^^^^^
  File "C:\Users\saiem\AppData\Local\Programs\Python\Python311\Lib\json\__init__.py", line 346, in loads
    return _default_decoder.decode(s)
           ^^^^^^^^^^^^^^^^^^^^^^^^^^
  File "C:\Users\saiem\AppData\Local\Programs\Python\Python311\Lib\json\decoder.py", line 337, in decode
    obj, end = self.raw_decode(s, idx=_w(s, 0).end())
               ^^^^^^^^^^^^^^^^^^^^^^^^^^^^^^^^^^^^^^
  File "C:\Users\saiem\AppData\Local\Programs\Python\Python311\Lib\json\decoder.py", line 355, in raw_decode
    raise JSONDecodeError("Expecting value", s, err.value) from None
json.decoder.JSONDecodeError: Expecting value: line 1 column 1 (char 0)

During handling of the above exception, another exception occurred:

Traceback (most recent call last):
  File "C:\Users\saiem\Documents\GitHub-Data\sdv-dev\cfbfastR-dev\cfbfastR-cfb-raw\python\_cfb_raw_utils.py", line 93, in _safe
    return fn(*args, **kwargs)
           ^^^^^^^^^^^^^^^^^^^
  File "C:\Users\saiem\Documents\GitHub-Data\sdv-dev\cfbfastR-dev\cfbfastR-cfb-raw\python\scrape_cfb_json.py", line 27, in _participants
    return sdv.cfb.espn_cfb_play_participants(game_id=gid, return_as_pandas=True).to_dict("records")
           ^^^^^^^^^^^^^^^^^^^^^^^^^^^^^^^^^^^^^^^^^^^^^^^^^^^^^^^^^^^^^^^^^^^^^^
  File "C:\Users\saiem\Documents\GitHub-Data\sdv-dev\cfbfastR-dev\cfbfastR-cfb-raw\.venv\Lib\site-packages\sportsdataverse\cfb\cfb_play_participants.py", line 184, in espn_cfb_play_participants
    plays_raw = _download_plays(game_id, **kwargs)
                ^^^^^^^^^^^^^^^^^^^^^^^^^^^^^^^^^^
  File "C:\Users\saiem\Documents\GitHub-Data\sdv-dev\cfbfastR-dev\cfbfastR-cfb-raw\.venv\Lib\site-packages\sportsdataverse\cfb\cfb_play_participants.py", line 215, in _download_plays
    body = resp.json()
           ^^^^^^^^^^^
  File "C:\Users\saiem\Documents\GitHub-Data\sdv-dev\cfbfastR-dev\cfbfastR-cfb-raw\.venv\Lib\site-packages\requests\models.py", line 1120, in json
    raise RequestsJSONDecodeError(e.msg, e.doc, e.pos)
requests.exceptions.JSONDecodeError: Expecting value: line 1 column 1 (char 0)
2026-06-13 19:44:22,007 ERROR extra fetch failed: _participants(312880256,)
Traceback (most recent call last):
  File "C:\Users\saiem\Documents\GitHub-Data\sdv-dev\cfbfastR-dev\cfbfastR-cfb-raw\.venv\Lib\site-packages\requests\models.py", line 1116, in json
    return complexjson.loads(self.text, **kwargs)
           ^^^^^^^^^^^^^^^^^^^^^^^^^^^^^^^^^^^^^^
  File "C:\Users\saiem\AppData\Local\Programs\Python\Python311\Lib\json\__init__.py", line 346, in loads
    return _default_decoder.decode(s)
           ^^^^^^^^^^^^^^^^^^^^^^^^^^
  File "C:\Users\saiem\AppData\Local\Programs\Python\Python311\Lib\json\decoder.py", line 337, in decode
    obj, end = self.raw_decode(s, idx=_w(s, 0).end())
               ^^^^^^^^^^^^^^^^^^^^^^^^^^^^^^^^^^^^^^
  File "C:\Users\saiem\AppData\Local\Programs\Python\Python311\Lib\json\decoder.py", line 355, in raw_decode
    raise JSONDecodeError("Expecting value", s, err.value) from None
json.decoder.JSONDecodeError: Expecting value: line 1 column 1 (char 0)

During handling of the above exception, another exception occurred:

Traceback (most recent call last):
  File "C:\Users\saiem\Documents\GitHub-Data\sdv-dev\cfbfastR-dev\cfbfastR-cfb-raw\python\_cfb_raw_utils.py", line 93, in _safe
    return fn(*args, **kwargs)
           ^^^^^^^^^^^^^^^^^^^
  File "C:\Users\saiem\Documents\GitHub-Data\sdv-dev\cfbfastR-dev\cfbfastR-cfb-raw\python\scrape_cfb_json.py", line 27, in _participants
    return sdv.cfb.espn_cfb_play_participants(game_id=gid, return_as_pandas=True).to_dict("records")
           ^^^^^^^^^^^^^^^^^^^^^^^^^^^^^^^^^^^^^^^^^^^^^^^^^^^^^^^^^^^^^^^^^^^^^^
  File "C:\Users\saiem\Documents\GitHub-Data\sdv-dev\cfbfastR-dev\cfbfastR-cfb-raw\.venv\Lib\site-packages\sportsdataverse\cfb\cfb_play_participants.py", line 184, in espn_cfb_play_participants
    plays_raw = _download_plays(game_id, **kwargs)
                ^^^^^^^^^^^^^^^^^^^^^^^^^^^^^^^^^^
  File "C:\Users\saiem\Documents\GitHub-Data\sdv-dev\cfbfastR-dev\cfbfastR-cfb-raw\.venv\Lib\site-packages\sportsdataverse\cfb\cfb_play_participants.py", line 215, in _download_plays
    body = resp.json()
           ^^^^^^^^^^^
  File "C:\Users\saiem\Documents\GitHub-Data\sdv-dev\cfbfastR-dev\cfbfastR-cfb-raw\.venv\Lib\site-packages\requests\models.py", line 1120, in json
    raise RequestsJSONDecodeError(e.msg, e.doc, e.pos)
requests.exceptions.JSONDecodeError: Expecting value: line 1 column 1 (char 0)
2026-06-13 19:44:22,039 ERROR extra fetch failed: _participants(312882132,)
Traceback (most recent call last):
  File "C:\Users\saiem\Documents\GitHub-Data\sdv-dev\cfbfastR-dev\cfbfastR-cfb-raw\.venv\Lib\site-packages\requests\models.py", line 1116, in json
    return complexjson.loads(self.text, **kwargs)
           ^^^^^^^^^^^^^^^^^^^^^^^^^^^^^^^^^^^^^^
  File "C:\Users\saiem\AppData\Local\Programs\Python\Python311\Lib\json\__init__.py", line 346, in loads
    return _default_decoder.decode(s)
           ^^^^^^^^^^^^^^^^^^^^^^^^^^
  File "C:\Users\saiem\AppData\Local\Programs\Python\Python311\Lib\json\decoder.py", line 337, in decode
    obj, end = self.raw_decode(s, idx=_w(s, 0).end())
               ^^^^^^^^^^^^^^^^^^^^^^^^^^^^^^^^^^^^^^
  File "C:\Users\saiem\AppData\Local\Programs\Python\Python311\Lib\json\decoder.py", line 355, in raw_decode
    raise JSONDecodeError("Expecting value", s, err.value) from None
json.decoder.JSONDecodeError: Expecting value: line 1 column 1 (char 0)

During handling of the above exception, another exception occurred:

Traceback (most recent call last):
  File "C:\Users\saiem\Documents\GitHub-Data\sdv-dev\cfbfastR-dev\cfbfastR-cfb-raw\python\_cfb_raw_utils.py", line 93, in _safe
    return fn(*args, **kwargs)
           ^^^^^^^^^^^^^^^^^^^
  File "C:\Users\saiem\Documents\GitHub-Data\sdv-dev\cfbfastR-dev\cfbfastR-cfb-raw\python\scrape_cfb_json.py", line 27, in _participants
    return sdv.cfb.espn_cfb_play_participants(game_id=gid, return_as_pandas=True).to_dict("records")
           ^^^^^^^^^^^^^^^^^^^^^^^^^^^^^^^^^^^^^^^^^^^^^^^^^^^^^^^^^^^^^^^^^^^^^^
  File "C:\Users\saiem\Documents\GitHub-Data\sdv-dev\cfbfastR-dev\cfbfastR-cfb-raw\.venv\Lib\site-packages\sportsdataverse\cfb\cfb_play_participants.py", line 184, in espn_cfb_play_participants
    plays_raw = _download_plays(game_id, **kwargs)
                ^^^^^^^^^^^^^^^^^^^^^^^^^^^^^^^^^^
  File "C:\Users\saiem\Documents\GitHub-Data\sdv-dev\cfbfastR-dev\cfbfastR-cfb-raw\.venv\Lib\site-packages\sportsdataverse\cfb\cfb_play_participants.py", line 215, in _download_plays
    body = resp.json()
           ^^^^^^^^^^^
  File "C:\Users\saiem\Documents\GitHub-Data\sdv-dev\cfbfastR-dev\cfbfastR-cfb-raw\.venv\Lib\site-packages\requests\models.py", line 1120, in json
    raise RequestsJSONDecodeError(e.msg, e.doc, e.pos)
requests.exceptions.JSONDecodeError: Expecting value: line 1 column 1 (char 0)
2026-06-13 19:44:22,096 ERROR extra fetch failed: _participants(312880189,)
Traceback (most recent call last):
  File "C:\Users\saiem\Documents\GitHub-Data\sdv-dev\cfbfastR-dev\cfbfastR-cfb-raw\.venv\Lib\site-packages\requests\models.py", line 1116, in json
    return complexjson.loads(self.text, **kwargs)
           ^^^^^^^^^^^^^^^^^^^^^^^^^^^^^^^^^^^^^^
  File "C:\Users\saiem\AppData\Local\Programs\Python\Python311\Lib\json\__init__.py", line 346, in loads
    return _default_decoder.decode(s)
           ^^^^^^^^^^^^^^^^^^^^^^^^^^
  File "C:\Users\saiem\AppData\Local\Programs\Python\Python311\Lib\json\decoder.py", line 337, in decode
    obj, end = self.raw_decode(s, idx=_w(s, 0).end())
               ^^^^^^^^^^^^^^^^^^^^^^^^^^^^^^^^^^^^^^
  File "C:\Users\saiem\AppData\Local\Programs\Python\Python311\Lib\json\decoder.py", line 355, in raw_decode
    raise JSONDecodeError("Expecting value", s, err.value) from None
json.decoder.JSONDecodeError: Expecting value: line 1 column 1 (char 0)

During handling of the above exception, another exception occurred:

Traceback (most recent call last):
  File "C:\Users\saiem\Documents\GitHub-Data\sdv-dev\cfbfastR-dev\cfbfastR-cfb-raw\python\_cfb_raw_utils.py", line 93, in _safe
    return fn(*args, **kwargs)
           ^^^^^^^^^^^^^^^^^^^
  File "C:\Users\saiem\Documents\GitHub-Data\sdv-dev\cfbfastR-dev\cfbfastR-cfb-raw\python\scrape_cfb_json.py", line 27, in _participants
    return sdv.cfb.espn_cfb_play_participants(game_id=gid, return_as_pandas=True).to_dict("records")
           ^^^^^^^^^^^^^^^^^^^^^^^^^^^^^^^^^^^^^^^^^^^^^^^^^^^^^^^^^^^^^^^^^^^^^^
  File "C:\Users\saiem\Documents\GitHub-Data\sdv-dev\cfbfastR-dev\cfbfastR-cfb-raw\.venv\Lib\site-packages\sportsdataverse\cfb\cfb_play_participants.py", line 184, in espn_cfb_play_participants
    plays_raw = _download_plays(game_id, **kwargs)
                ^^^^^^^^^^^^^^^^^^^^^^^^^^^^^^^^^^
  File "C:\Users\saiem\Documents\GitHub-Data\sdv-dev\cfbfastR-dev\cfbfastR-cfb-raw\.venv\Lib\site-packages\sportsdataverse\cfb\cfb_play_participants.py", line 215, in _download_plays
    body = resp.json()
           ^^^^^^^^^^^
  File "C:\Users\saiem\Documents\GitHub-Data\sdv-dev\cfbfastR-dev\cfbfastR-cfb-raw\.venv\Lib\site-packages\requests\models.py", line 1120, in json
    raise RequestsJSONDecodeError(e.msg, e.doc, e.pos)
requests.exceptions.JSONDecodeError: Expecting value: line 1 column 1 (char 0)
2026-06-13 19:44:22,096 ERROR extra fetch failed: _participants(312882641,)
Traceback (most recent call last):
  File "C:\Users\saiem\Documents\GitHub-Data\sdv-dev\cfbfastR-dev\cfbfastR-cfb-raw\.venv\Lib\site-packages\requests\models.py", line 1116, in json
    return complexjson.loads(self.text, **kwargs)
           ^^^^^^^^^^^^^^^^^^^^^^^^^^^^^^^^^^^^^^
  File "C:\Users\saiem\AppData\Local\Programs\Python\Python311\Lib\json\__init__.py", line 346, in loads
    return _default_decoder.decode(s)
           ^^^^^^^^^^^^^^^^^^^^^^^^^^
  File "C:\Users\saiem\AppData\Local\Programs\Python\Python311\Lib\json\decoder.py", line 337, in decode
    obj, end = self.raw_decode(s, idx=_w(s, 0).end())
               ^^^^^^^^^^^^^^^^^^^^^^^^^^^^^^^^^^^^^^
  File "C:\Users\saiem\AppData\Local\Programs\Python\Python311\Lib\json\decoder.py", line 355, in raw_decode
    raise JSONDecodeError("Expecting value", s, err.value) from None
json.decoder.JSONDecodeError: Expecting value: line 1 column 1 (char 0)

During handling of the above exception, another exception occurred:

Traceback (most recent call last):
  File "C:\Users\saiem\Documents\GitHub-Data\sdv-dev\cfbfastR-dev\cfbfastR-cfb-raw\python\_cfb_raw_utils.py", line 93, in _safe
    return fn(*args, **kwargs)
           ^^^^^^^^^^^^^^^^^^^
  File "C:\Users\saiem\Documents\GitHub-Data\sdv-dev\cfbfastR-dev\cfbfastR-cfb-raw\python\scrape_cfb_json.py", line 27, in _participants
    return sdv.cfb.espn_cfb_play_participants(game_id=gid, return_as_pandas=True).to_dict("records")
           ^^^^^^^^^^^^^^^^^^^^^^^^^^^^^^^^^^^^^^^^^^^^^^^^^^^^^^^^^^^^^^^^^^^^^^
  File "C:\Users\saiem\Documents\GitHub-Data\sdv-dev\cfbfastR-dev\cfbfastR-cfb-raw\.venv\Lib\site-packages\sportsdataverse\cfb\cfb_play_participants.py", line 184, in espn_cfb_play_participants
    plays_raw = _download_plays(game_id, **kwargs)
                ^^^^^^^^^^^^^^^^^^^^^^^^^^^^^^^^^^
  File "C:\Users\saiem\Documents\GitHub-Data\sdv-dev\cfbfastR-dev\cfbfastR-cfb-raw\.venv\Lib\site-packages\sportsdataverse\cfb\cfb_play_participants.py", line 215, in _download_plays
    body = resp.json()
           ^^^^^^^^^^^
  File "C:\Users\saiem\Documents\GitHub-Data\sdv-dev\cfbfastR-dev\cfbfastR-cfb-raw\.venv\Lib\site-packages\requests\models.py", line 1120, in json
    raise RequestsJSONDecodeError(e.msg, e.doc, e.pos)
requests.exceptions.JSONDecodeError: Expecting value: line 1 column 1 (char 0)
2026-06-13 19:44:22,194 ERROR extra fetch failed: _participants(312880213,)
Traceback (most recent call last):
  File "C:\Users\saiem\Documents\GitHub-Data\sdv-dev\cfbfastR-dev\cfbfastR-cfb-raw\.venv\Lib\site-packages\requests\models.py", line 1116, in json
    return complexjson.loads(self.text, **kwargs)
           ^^^^^^^^^^^^^^^^^^^^^^^^^^^^^^^^^^^^^^
  File "C:\Users\saiem\AppData\Local\Programs\Python\Python311\Lib\json\__init__.py", line 346, in loads
    return _default_decoder.decode(s)
           ^^^^^^^^^^^^^^^^^^^^^^^^^^
  File "C:\Users\saiem\AppData\Local\Programs\Python\Python311\Lib\json\decoder.py", line 337, in decode
    obj, end = self.raw_decode(s, idx=_w(s, 0).end())
               ^^^^^^^^^^^^^^^^^^^^^^^^^^^^^^^^^^^^^^
  File "C:\Users\saiem\AppData\Local\Programs\Python\Python311\Lib\json\decoder.py", line 355, in raw_decode
    raise JSONDecodeError("Expecting value", s, err.value) from None
json.decoder.JSONDecodeError: Expecting value: line 1 column 1 (char 0)

During handling of the above exception, another exception occurred:

Traceback (most recent call last):
  File "C:\Users\saiem\Documents\GitHub-Data\sdv-dev\cfbfastR-dev\cfbfastR-cfb-raw\python\_cfb_raw_utils.py", line 93, in _safe
    return fn(*args, **kwargs)
           ^^^^^^^^^^^^^^^^^^^
  File "C:\Users\saiem\Documents\GitHub-Data\sdv-dev\cfbfastR-dev\cfbfastR-cfb-raw\python\scrape_cfb_json.py", line 27, in _participants
    return sdv.cfb.espn_cfb_play_participants(game_id=gid, return_as_pandas=True).to_dict("records")
           ^^^^^^^^^^^^^^^^^^^^^^^^^^^^^^^^^^^^^^^^^^^^^^^^^^^^^^^^^^^^^^^^^^^^^^
  File "C:\Users\saiem\Documents\GitHub-Data\sdv-dev\cfbfastR-dev\cfbfastR-cfb-raw\.venv\Lib\site-packages\sportsdataverse\cfb\cfb_play_participants.py", line 184, in espn_cfb_play_participants
    plays_raw = _download_plays(game_id, **kwargs)
                ^^^^^^^^^^^^^^^^^^^^^^^^^^^^^^^^^^
  File "C:\Users\saiem\Documents\GitHub-Data\sdv-dev\cfbfastR-dev\cfbfastR-cfb-raw\.venv\Lib\site-packages\sportsdataverse\cfb\cfb_play_participants.py", line 215, in _download_plays
    body = resp.json()
           ^^^^^^^^^^^
  File "C:\Users\saiem\Documents\GitHub-Data\sdv-dev\cfbfastR-dev\cfbfastR-cfb-raw\.venv\Lib\site-packages\requests\models.py", line 1120, in json
    raise RequestsJSONDecodeError(e.msg, e.doc, e.pos)
requests.exceptions.JSONDecodeError: Expecting value: line 1 column 1 (char 0)
2026-06-13 19:44:22,335 ERROR extra fetch failed: _participants(312880142,)
Traceback (most recent call last):
  File "C:\Users\saiem\Documents\GitHub-Data\sdv-dev\cfbfastR-dev\cfbfastR-cfb-raw\.venv\Lib\site-packages\requests\models.py", line 1116, in json
    return complexjson.loads(self.text, **kwargs)
           ^^^^^^^^^^^^^^^^^^^^^^^^^^^^^^^^^^^^^^
  File "C:\Users\saiem\AppData\Local\Programs\Python\Python311\Lib\json\__init__.py", line 346, in loads
    return _default_decoder.decode(s)
           ^^^^^^^^^^^^^^^^^^^^^^^^^^
  File "C:\Users\saiem\AppData\Local\Programs\Python\Python311\Lib\json\decoder.py", line 337, in decode
    obj, end = self.raw_decode(s, idx=_w(s, 0).end())
               ^^^^^^^^^^^^^^^^^^^^^^^^^^^^^^^^^^^^^^
  File "C:\Users\saiem\AppData\Local\Programs\Python\Python311\Lib\json\decoder.py", line 355, in raw_decode
    raise JSONDecodeError("Expecting value", s, err.value) from None
json.decoder.JSONDecodeError: Expecting value: line 1 column 1 (char 0)

During handling of the above exception, another exception occurred:

Traceback (most recent call last):
  File "C:\Users\saiem\Documents\GitHub-Data\sdv-dev\cfbfastR-dev\cfbfastR-cfb-raw\python\_cfb_raw_utils.py", line 93, in _safe
    return fn(*args, **kwargs)
           ^^^^^^^^^^^^^^^^^^^
  File "C:\Users\saiem\Documents\GitHub-Data\sdv-dev\cfbfastR-dev\cfbfastR-cfb-raw\python\scrape_cfb_json.py", line 27, in _participants
    return sdv.cfb.espn_cfb_play_participants(game_id=gid, return_as_pandas=True).to_dict("records")
           ^^^^^^^^^^^^^^^^^^^^^^^^^^^^^^^^^^^^^^^^^^^^^^^^^^^^^^^^^^^^^^^^^^^^^^
  File "C:\Users\saiem\Documents\GitHub-Data\sdv-dev\cfbfastR-dev\cfbfastR-cfb-raw\.venv\Lib\site-packages\sportsdataverse\cfb\cfb_play_participants.py", line 184, in espn_cfb_play_participants
    plays_raw = _download_plays(game_id, **kwargs)
                ^^^^^^^^^^^^^^^^^^^^^^^^^^^^^^^^^^
  File "C:\Users\saiem\Documents\GitHub-Data\sdv-dev\cfbfastR-dev\cfbfastR-cfb-raw\.venv\Lib\site-packages\sportsdataverse\cfb\cfb_play_participants.py", line 215, in _download_plays
    body = resp.json()
           ^^^^^^^^^^^
  File "C:\Users\saiem\Documents\GitHub-Data\sdv-dev\cfbfastR-dev\cfbfastR-cfb-raw\.venv\Lib\site-packages\requests\models.py", line 1120, in json
    raise RequestsJSONDecodeError(e.msg, e.doc, e.pos)
requests.exceptions.JSONDecodeError: Expecting value: line 1 column 1 (char 0)
2026-06-13 19:44:22,361 ERROR extra fetch failed: _rosters(312880154,)
Traceback (most recent call last):
  File "C:\Users\saiem\Documents\GitHub-Data\sdv-dev\cfbfastR-dev\cfbfastR-cfb-raw\.venv\Lib\site-packages\requests\models.py", line 1116, in json
    return complexjson.loads(self.text, **kwargs)
           ^^^^^^^^^^^^^^^^^^^^^^^^^^^^^^^^^^^^^^
  File "C:\Users\saiem\AppData\Local\Programs\Python\Python311\Lib\json\__init__.py", line 346, in loads
    return _default_decoder.decode(s)
           ^^^^^^^^^^^^^^^^^^^^^^^^^^
  File "C:\Users\saiem\AppData\Local\Programs\Python\Python311\Lib\json\decoder.py", line 337, in decode
    obj, end = self.raw_decode(s, idx=_w(s, 0).end())
               ^^^^^^^^^^^^^^^^^^^^^^^^^^^^^^^^^^^^^^
  File "C:\Users\saiem\AppData\Local\Programs\Python\Python311\Lib\json\decoder.py", line 355, in raw_decode
    raise JSONDecodeError("Expecting value", s, err.value) from None
json.decoder.JSONDecodeError: Expecting value: line 1 column 1 (char 0)

During handling of the above exception, another exception occurred:

Traceback (most recent call last):
  File "C:\Users\saiem\Documents\GitHub-Data\sdv-dev\cfbfastR-dev\cfbfastR-cfb-raw\python\_cfb_raw_utils.py", line 93, in _safe
    return fn(*args, **kwargs)
           ^^^^^^^^^^^^^^^^^^^
  File "C:\Users\saiem\Documents\GitHub-Data\sdv-dev\cfbfastR-dev\cfbfastR-cfb-raw\python\scrape_cfb_json.py", line 31, in _rosters
    return sdv.cfb.espn_cfb_game_rosters(game_id=gid, return_as_pandas=True).to_dict("records")
           ^^^^^^^^^^^^^^^^^^^^^^^^^^^^^^^^^^^^^^^^^^^^^^^^^^^^^^^^^^^^^^^^^
  File "C:\Users\saiem\Documents\GitHub-Data\sdv-dev\cfbfastR-dev\cfbfastR-cfb-raw\.venv\Lib\site-packages\sportsdataverse\cfb\cfb_game_rosters.py", line 64, in espn_cfb_game_rosters
    summary = summary_resp.json()
              ^^^^^^^^^^^^^^^^^^^
  File "C:\Users\saiem\Documents\GitHub-Data\sdv-dev\cfbfastR-dev\cfbfastR-cfb-raw\.venv\Lib\site-packages\requests\models.py", line 1120, in json
    raise RequestsJSONDecodeError(e.msg, e.doc, e.pos)
requests.exceptions.JSONDecodeError: Expecting value: line 1 column 1 (char 0)
2026-06-13 19:44:22,444 ERROR extra fetch failed: _participants(312880164,)
Traceback (most recent call last):
  File "C:\Users\saiem\Documents\GitHub-Data\sdv-dev\cfbfastR-dev\cfbfastR-cfb-raw\.venv\Lib\site-packages\requests\models.py", line 1116, in json
    return complexjson.loads(self.text, **kwargs)
           ^^^^^^^^^^^^^^^^^^^^^^^^^^^^^^^^^^^^^^
  File "C:\Users\saiem\AppData\Local\Programs\Python\Python311\Lib\json\__init__.py", line 346, in loads
    return _default_decoder.decode(s)
           ^^^^^^^^^^^^^^^^^^^^^^^^^^
  File "C:\Users\saiem\AppData\Local\Programs\Python\Python311\Lib\json\decoder.py", line 337, in decode
    obj, end = self.raw_decode(s, idx=_w(s, 0).end())
               ^^^^^^^^^^^^^^^^^^^^^^^^^^^^^^^^^^^^^^
  File "C:\Users\saiem\AppData\Local\Programs\Python\Python311\Lib\json\decoder.py", line 355, in raw_decode
    raise JSONDecodeError("Expecting value", s, err.value) from None
json.decoder.JSONDecodeError: Expecting value: line 1 column 1 (char 0)

During handling of the above exception, another exception occurred:

Traceback (most recent call last):
  File "C:\Users\saiem\Documents\GitHub-Data\sdv-dev\cfbfastR-dev\cfbfastR-cfb-raw\python\_cfb_raw_utils.py", line 93, in _safe
    return fn(*args, **kwargs)
           ^^^^^^^^^^^^^^^^^^^
  File "C:\Users\saiem\Documents\GitHub-Data\sdv-dev\cfbfastR-dev\cfbfastR-cfb-raw\python\scrape_cfb_json.py", line 27, in _participants
    return sdv.cfb.espn_cfb_play_participants(game_id=gid, return_as_pandas=True).to_dict("records")
           ^^^^^^^^^^^^^^^^^^^^^^^^^^^^^^^^^^^^^^^^^^^^^^^^^^^^^^^^^^^^^^^^^^^^^^
  File "C:\Users\saiem\Documents\GitHub-Data\sdv-dev\cfbfastR-dev\cfbfastR-cfb-raw\.venv\Lib\site-packages\sportsdataverse\cfb\cfb_play_participants.py", line 184, in espn_cfb_play_participants
    plays_raw = _download_plays(game_id, **kwargs)
                ^^^^^^^^^^^^^^^^^^^^^^^^^^^^^^^^^^
  File "C:\Users\saiem\Documents\GitHub-Data\sdv-dev\cfbfastR-dev\cfbfastR-cfb-raw\.venv\Lib\site-packages\sportsdataverse\cfb\cfb_play_participants.py", line 215, in _download_plays
    body = resp.json()
           ^^^^^^^^^^^
  File "C:\Users\saiem\Documents\GitHub-Data\sdv-dev\cfbfastR-dev\cfbfastR-cfb-raw\.venv\Lib\site-packages\requests\models.py", line 1120, in json
    raise RequestsJSONDecodeError(e.msg, e.doc, e.pos)
requests.exceptions.JSONDecodeError: Expecting value: line 1 column 1 (char 0)
2026-06-13 19:44:22,571 ERROR extra fetch failed: _rosters(312880356,)
Traceback (most recent call last):
  File "C:\Users\saiem\Documents\GitHub-Data\sdv-dev\cfbfastR-dev\cfbfastR-cfb-raw\.venv\Lib\site-packages\requests\models.py", line 1116, in json
    return complexjson.loads(self.text, **kwargs)
           ^^^^^^^^^^^^^^^^^^^^^^^^^^^^^^^^^^^^^^
  File "C:\Users\saiem\AppData\Local\Programs\Python\Python311\Lib\json\__init__.py", line 346, in loads
    return _default_decoder.decode(s)
           ^^^^^^^^^^^^^^^^^^^^^^^^^^
  File "C:\Users\saiem\AppData\Local\Programs\Python\Python311\Lib\json\decoder.py", line 337, in decode
    obj, end = self.raw_decode(s, idx=_w(s, 0).end())
               ^^^^^^^^^^^^^^^^^^^^^^^^^^^^^^^^^^^^^^
  File "C:\Users\saiem\AppData\Local\Programs\Python\Python311\Lib\json\decoder.py", line 355, in raw_decode
    raise JSONDecodeError("Expecting value", s, err.value) from None
json.decoder.JSONDecodeError: Expecting value: line 1 column 1 (char 0)

During handling of the above exception, another exception occurred:

Traceback (most recent call last):
  File "C:\Users\saiem\Documents\GitHub-Data\sdv-dev\cfbfastR-dev\cfbfastR-cfb-raw\python\_cfb_raw_utils.py", line 93, in _safe
    return fn(*args, **kwargs)
           ^^^^^^^^^^^^^^^^^^^
  File "C:\Users\saiem\Documents\GitHub-Data\sdv-dev\cfbfastR-dev\cfbfastR-cfb-raw\python\scrape_cfb_json.py", line 31, in _rosters
    return sdv.cfb.espn_cfb_game_rosters(game_id=gid, return_as_pandas=True).to_dict("records")
           ^^^^^^^^^^^^^^^^^^^^^^^^^^^^^^^^^^^^^^^^^^^^^^^^^^^^^^^^^^^^^^^^^
  File "C:\Users\saiem\Documents\GitHub-Data\sdv-dev\cfbfastR-dev\cfbfastR-cfb-raw\.venv\Lib\site-packages\sportsdataverse\cfb\cfb_game_rosters.py", line 64, in espn_cfb_game_rosters
    summary = summary_resp.json()
              ^^^^^^^^^^^^^^^^^^^
  File "C:\Users\saiem\Documents\GitHub-Data\sdv-dev\cfbfastR-dev\cfbfastR-cfb-raw\.venv\Lib\site-packages\requests\models.py", line 1120, in json
    raise RequestsJSONDecodeError(e.msg, e.doc, e.pos)
requests.exceptions.JSONDecodeError: Expecting value: line 1 column 1 (char 0)
2026-06-13 19:44:22,607 ERROR extra fetch failed: _rosters(312880344,)
Traceback (most recent call last):
  File "C:\Users\saiem\Documents\GitHub-Data\sdv-dev\cfbfastR-dev\cfbfastR-cfb-raw\.venv\Lib\site-packages\requests\models.py", line 1116, in json
    return complexjson.loads(self.text, **kwargs)
           ^^^^^^^^^^^^^^^^^^^^^^^^^^^^^^^^^^^^^^
  File "C:\Users\saiem\AppData\Local\Programs\Python\Python311\Lib\json\__init__.py", line 346, in loads
    return _default_decoder.decode(s)
           ^^^^^^^^^^^^^^^^^^^^^^^^^^
  File "C:\Users\saiem\AppData\Local\Programs\Python\Python311\Lib\json\decoder.py", line 337, in decode
    obj, end = self.raw_decode(s, idx=_w(s, 0).end())
               ^^^^^^^^^^^^^^^^^^^^^^^^^^^^^^^^^^^^^^
  File "C:\Users\saiem\AppData\Local\Programs\Python\Python311\Lib\json\decoder.py", line 355, in raw_decode
    raise JSONDecodeError("Expecting value", s, err.value) from None
json.decoder.JSONDecodeError: Expecting value: line 1 column 1 (char 0)

During handling of the above exception, another exception occurred:

Traceback (most recent call last):
  File "C:\Users\saiem\Documents\GitHub-Data\sdv-dev\cfbfastR-dev\cfbfastR-cfb-raw\python\_cfb_raw_utils.py", line 93, in _safe
    return fn(*args, **kwargs)
           ^^^^^^^^^^^^^^^^^^^
  File "C:\Users\saiem\Documents\GitHub-Data\sdv-dev\cfbfastR-dev\cfbfastR-cfb-raw\python\scrape_cfb_json.py", line 31, in _rosters
    return sdv.cfb.espn_cfb_game_rosters(game_id=gid, return_as_pandas=True).to_dict("records")
           ^^^^^^^^^^^^^^^^^^^^^^^^^^^^^^^^^^^^^^^^^^^^^^^^^^^^^^^^^^^^^^^^^
  File "C:\Users\saiem\Documents\GitHub-Data\sdv-dev\cfbfastR-dev\cfbfastR-cfb-raw\.venv\Lib\site-packages\sportsdataverse\cfb\cfb_game_rosters.py", line 64, in espn_cfb_game_rosters
    summary = summary_resp.json()
              ^^^^^^^^^^^^^^^^^^^
  File "C:\Users\saiem\Documents\GitHub-Data\sdv-dev\cfbfastR-dev\cfbfastR-cfb-raw\.venv\Lib\site-packages\requests\models.py", line 1120, in json
    raise RequestsJSONDecodeError(e.msg, e.doc, e.pos)
requests.exceptions.JSONDecodeError: Expecting value: line 1 column 1 (char 0)
2026-06-13 19:44:22,663 ERROR extra fetch failed: _rosters(312880245,)
Traceback (most recent call last):
  File "C:\Users\saiem\Documents\GitHub-Data\sdv-dev\cfbfastR-dev\cfbfastR-cfb-raw\.venv\Lib\site-packages\requests\models.py", line 1116, in json
    return complexjson.loads(self.text, **kwargs)
           ^^^^^^^^^^^^^^^^^^^^^^^^^^^^^^^^^^^^^^
  File "C:\Users\saiem\AppData\Local\Programs\Python\Python311\Lib\json\__init__.py", line 346, in loads
    return _default_decoder.decode(s)
           ^^^^^^^^^^^^^^^^^^^^^^^^^^
  File "C:\Users\saiem\AppData\Local\Programs\Python\Python311\Lib\json\decoder.py", line 337, in decode
    obj, end = self.raw_decode(s, idx=_w(s, 0).end())
               ^^^^^^^^^^^^^^^^^^^^^^^^^^^^^^^^^^^^^^
  File "C:\Users\saiem\AppData\Local\Programs\Python\Python311\Lib\json\decoder.py", line 355, in raw_decode
    raise JSONDecodeError("Expecting value", s, err.value) from None
json.decoder.JSONDecodeError: Expecting value: line 1 column 1 (char 0)

During handling of the above exception, another exception occurred:

Traceback (most recent call last):
  File "C:\Users\saiem\Documents\GitHub-Data\sdv-dev\cfbfastR-dev\cfbfastR-cfb-raw\python\_cfb_raw_utils.py", line 93, in _safe
    return fn(*args, **kwargs)
           ^^^^^^^^^^^^^^^^^^^
  File "C:\Users\saiem\Documents\GitHub-Data\sdv-dev\cfbfastR-dev\cfbfastR-cfb-raw\python\scrape_cfb_json.py", line 31, in _rosters
    return sdv.cfb.espn_cfb_game_rosters(game_id=gid, return_as_pandas=True).to_dict("records")
           ^^^^^^^^^^^^^^^^^^^^^^^^^^^^^^^^^^^^^^^^^^^^^^^^^^^^^^^^^^^^^^^^^
  File "C:\Users\saiem\Documents\GitHub-Data\sdv-dev\cfbfastR-dev\cfbfastR-cfb-raw\.venv\Lib\site-packages\sportsdataverse\cfb\cfb_game_rosters.py", line 64, in espn_cfb_game_rosters
    summary = summary_resp.json()
              ^^^^^^^^^^^^^^^^^^^
  File "C:\Users\saiem\Documents\GitHub-Data\sdv-dev\cfbfastR-dev\cfbfastR-cfb-raw\.venv\Lib\site-packages\requests\models.py", line 1120, in json
    raise RequestsJSONDecodeError(e.msg, e.doc, e.pos)
requests.exceptions.JSONDecodeError: Expecting value: line 1 column 1 (char 0)
2026-06-13 19:44:22,943 ERROR extra fetch failed: _rosters(312880153,)
Traceback (most recent call last):
  File "C:\Users\saiem\Documents\GitHub-Data\sdv-dev\cfbfastR-dev\cfbfastR-cfb-raw\.venv\Lib\site-packages\requests\models.py", line 1116, in json
    return complexjson.loads(self.text, **kwargs)
           ^^^^^^^^^^^^^^^^^^^^^^^^^^^^^^^^^^^^^^
  File "C:\Users\saiem\AppData\Local\Programs\Python\Python311\Lib\json\__init__.py", line 346, in loads
    return _default_decoder.decode(s)
           ^^^^^^^^^^^^^^^^^^^^^^^^^^
  File "C:\Users\saiem\AppData\Local\Programs\Python\Python311\Lib\json\decoder.py", line 337, in decode
    obj, end = self.raw_decode(s, idx=_w(s, 0).end())
               ^^^^^^^^^^^^^^^^^^^^^^^^^^^^^^^^^^^^^^
  File "C:\Users\saiem\AppData\Local\Programs\Python\Python311\Lib\json\decoder.py", line 355, in raw_decode
    raise JSONDecodeError("Expecting value", s, err.value) from None
json.decoder.JSONDecodeError: Expecting value: line 1 column 1 (char 0)

During handling of the above exception, another exception occurred:

Traceback (most recent call last):
  File "C:\Users\saiem\Documents\GitHub-Data\sdv-dev\cfbfastR-dev\cfbfastR-cfb-raw\python\_cfb_raw_utils.py", line 93, in _safe
    return fn(*args, **kwargs)
           ^^^^^^^^^^^^^^^^^^^
  File "C:\Users\saiem\Documents\GitHub-Data\sdv-dev\cfbfastR-dev\cfbfastR-cfb-raw\python\scrape_cfb_json.py", line 31, in _rosters
    return sdv.cfb.espn_cfb_game_rosters(game_id=gid, return_as_pandas=True).to_dict("records")
           ^^^^^^^^^^^^^^^^^^^^^^^^^^^^^^^^^^^^^^^^^^^^^^^^^^^^^^^^^^^^^^^^^
  File "C:\Users\saiem\Documents\GitHub-Data\sdv-dev\cfbfastR-dev\cfbfastR-cfb-raw\.venv\Lib\site-packages\sportsdataverse\cfb\cfb_game_rosters.py", line 64, in espn_cfb_game_rosters
    summary = summary_resp.json()
              ^^^^^^^^^^^^^^^^^^^
  File "C:\Users\saiem\Documents\GitHub-Data\sdv-dev\cfbfastR-dev\cfbfastR-cfb-raw\.venv\Lib\site-packages\requests\models.py", line 1120, in json
    raise RequestsJSONDecodeError(e.msg, e.doc, e.pos)
requests.exceptions.JSONDecodeError: Expecting value: line 1 column 1 (char 0)
2026-06-13 19:44:23,085 ERROR extra fetch failed: _rosters(312880218,)
Traceback (most recent call last):
  File "C:\Users\saiem\Documents\GitHub-Data\sdv-dev\cfbfastR-dev\cfbfastR-cfb-raw\.venv\Lib\site-packages\requests\models.py", line 1116, in json
    return complexjson.loads(self.text, **kwargs)
           ^^^^^^^^^^^^^^^^^^^^^^^^^^^^^^^^^^^^^^
  File "C:\Users\saiem\AppData\Local\Programs\Python\Python311\Lib\json\__init__.py", line 346, in loads
    return _default_decoder.decode(s)
           ^^^^^^^^^^^^^^^^^^^^^^^^^^
  File "C:\Users\saiem\AppData\Local\Programs\Python\Python311\Lib\json\decoder.py", line 337, in decode
    obj, end = self.raw_decode(s, idx=_w(s, 0).end())
               ^^^^^^^^^^^^^^^^^^^^^^^^^^^^^^^^^^^^^^
  File "C:\Users\saiem\AppData\Local\Programs\Python\Python311\Lib\json\decoder.py", line 355, in raw_decode
    raise JSONDecodeError("Expecting value", s, err.value) from None
json.decoder.JSONDecodeError: Expecting value: line 1 column 1 (char 0)

During handling of the above exception, another exception occurred:

Traceback (most recent call last):
  File "C:\Users\saiem\Documents\GitHub-Data\sdv-dev\cfbfastR-dev\cfbfastR-cfb-raw\python\_cfb_raw_utils.py", line 93, in _safe
    return fn(*args, **kwargs)
           ^^^^^^^^^^^^^^^^^^^
  File "C:\Users\saiem\Documents\GitHub-Data\sdv-dev\cfbfastR-dev\cfbfastR-cfb-raw\python\scrape_cfb_json.py", line 31, in _rosters
    return sdv.cfb.espn_cfb_game_rosters(game_id=gid, return_as_pandas=True).to_dict("records")
           ^^^^^^^^^^^^^^^^^^^^^^^^^^^^^^^^^^^^^^^^^^^^^^^^^^^^^^^^^^^^^^^^^
  File "C:\Users\saiem\Documents\GitHub-Data\sdv-dev\cfbfastR-dev\cfbfastR-cfb-raw\.venv\Lib\site-packages\sportsdataverse\cfb\cfb_game_rosters.py", line 64, in espn_cfb_game_rosters
    summary = summary_resp.json()
              ^^^^^^^^^^^^^^^^^^^
  File "C:\Users\saiem\Documents\GitHub-Data\sdv-dev\cfbfastR-dev\cfbfastR-cfb-raw\.venv\Lib\site-packages\requests\models.py", line 1120, in json
    raise RequestsJSONDecodeError(e.msg, e.doc, e.pos)
requests.exceptions.JSONDecodeError: Expecting value: line 1 column 1 (char 0)
2026-06-13 19:44:23,173 ERROR extra fetch failed: _rosters(312880002,)
Traceback (most recent call last):
  File "C:\Users\saiem\Documents\GitHub-Data\sdv-dev\cfbfastR-dev\cfbfastR-cfb-raw\.venv\Lib\site-packages\requests\models.py", line 1116, in json
    return complexjson.loads(self.text, **kwargs)
           ^^^^^^^^^^^^^^^^^^^^^^^^^^^^^^^^^^^^^^
  File "C:\Users\saiem\AppData\Local\Programs\Python\Python311\Lib\json\__init__.py", line 346, in loads
    return _default_decoder.decode(s)
           ^^^^^^^^^^^^^^^^^^^^^^^^^^
  File "C:\Users\saiem\AppData\Local\Programs\Python\Python311\Lib\json\decoder.py", line 337, in decode
    obj, end = self.raw_decode(s, idx=_w(s, 0).end())
               ^^^^^^^^^^^^^^^^^^^^^^^^^^^^^^^^^^^^^^
  File "C:\Users\saiem\AppData\Local\Programs\Python\Python311\Lib\json\decoder.py", line 355, in raw_decode
    raise JSONDecodeError("Expecting value", s, err.value) from None
json.decoder.JSONDecodeError: Expecting value: line 1 column 1 (char 0)

During handling of the above exception, another exception occurred:

Traceback (most recent call last):
  File "C:\Users\saiem\Documents\GitHub-Data\sdv-dev\cfbfastR-dev\cfbfastR-cfb-raw\python\_cfb_raw_utils.py", line 93, in _safe
    return fn(*args, **kwargs)
           ^^^^^^^^^^^^^^^^^^^
  File "C:\Users\saiem\Documents\GitHub-Data\sdv-dev\cfbfastR-dev\cfbfastR-cfb-raw\python\scrape_cfb_json.py", line 31, in _rosters
    return sdv.cfb.espn_cfb_game_rosters(game_id=gid, return_as_pandas=True).to_dict("records")
           ^^^^^^^^^^^^^^^^^^^^^^^^^^^^^^^^^^^^^^^^^^^^^^^^^^^^^^^^^^^^^^^^^
  File "C:\Users\saiem\Documents\GitHub-Data\sdv-dev\cfbfastR-dev\cfbfastR-cfb-raw\.venv\Lib\site-packages\sportsdataverse\cfb\cfb_game_rosters.py", line 64, in espn_cfb_game_rosters
    summary = summary_resp.json()
              ^^^^^^^^^^^^^^^^^^^
  File "C:\Users\saiem\Documents\GitHub-Data\sdv-dev\cfbfastR-dev\cfbfastR-cfb-raw\.venv\Lib\site-packages\requests\models.py", line 1120, in json
    raise RequestsJSONDecodeError(e.msg, e.doc, e.pos)
requests.exceptions.JSONDecodeError: Expecting value: line 1 column 1 (char 0)
2026-06-13 19:44:23,264 ERROR extra fetch failed: _rosters(312882641,)
Traceback (most recent call last):
  File "C:\Users\saiem\Documents\GitHub-Data\sdv-dev\cfbfastR-dev\cfbfastR-cfb-raw\.venv\Lib\site-packages\requests\models.py", line 1116, in json
    return complexjson.loads(self.text, **kwargs)
           ^^^^^^^^^^^^^^^^^^^^^^^^^^^^^^^^^^^^^^
  File "C:\Users\saiem\AppData\Local\Programs\Python\Python311\Lib\json\__init__.py", line 346, in loads
    return _default_decoder.decode(s)
           ^^^^^^^^^^^^^^^^^^^^^^^^^^
  File "C:\Users\saiem\AppData\Local\Programs\Python\Python311\Lib\json\decoder.py", line 337, in decode
    obj, end = self.raw_decode(s, idx=_w(s, 0).end())
               ^^^^^^^^^^^^^^^^^^^^^^^^^^^^^^^^^^^^^^
  File "C:\Users\saiem\AppData\Local\Programs\Python\Python311\Lib\json\decoder.py", line 355, in raw_decode
    raise JSONDecodeError("Expecting value", s, err.value) from None
json.decoder.JSONDecodeError: Expecting value: line 1 column 1 (char 0)

During handling of the above exception, another exception occurred:

Traceback (most recent call last):
  File "C:\Users\saiem\Documents\GitHub-Data\sdv-dev\cfbfastR-dev\cfbfastR-cfb-raw\python\_cfb_raw_utils.py", line 93, in _safe
    return fn(*args, **kwargs)
           ^^^^^^^^^^^^^^^^^^^
  File "C:\Users\saiem\Documents\GitHub-Data\sdv-dev\cfbfastR-dev\cfbfastR-cfb-raw\python\scrape_cfb_json.py", line 31, in _rosters
    return sdv.cfb.espn_cfb_game_rosters(game_id=gid, return_as_pandas=True).to_dict("records")
           ^^^^^^^^^^^^^^^^^^^^^^^^^^^^^^^^^^^^^^^^^^^^^^^^^^^^^^^^^^^^^^^^^
  File "C:\Users\saiem\Documents\GitHub-Data\sdv-dev\cfbfastR-dev\cfbfastR-cfb-raw\.venv\Lib\site-packages\sportsdataverse\cfb\cfb_game_rosters.py", line 64, in espn_cfb_game_rosters
    summary = summary_resp.json()
              ^^^^^^^^^^^^^^^^^^^
  File "C:\Users\saiem\Documents\GitHub-Data\sdv-dev\cfbfastR-dev\cfbfastR-cfb-raw\.venv\Lib\site-packages\requests\models.py", line 1120, in json
    raise RequestsJSONDecodeError(e.msg, e.doc, e.pos)
requests.exceptions.JSONDecodeError: Expecting value: line 1 column 1 (char 0)
2026-06-13 19:44:23,324 ERROR extra fetch failed: _rosters(312880189,)
Traceback (most recent call last):
  File "C:\Users\saiem\Documents\GitHub-Data\sdv-dev\cfbfastR-dev\cfbfastR-cfb-raw\.venv\Lib\site-packages\requests\models.py", line 1116, in json
    return complexjson.loads(self.text, **kwargs)
           ^^^^^^^^^^^^^^^^^^^^^^^^^^^^^^^^^^^^^^
  File "C:\Users\saiem\AppData\Local\Programs\Python\Python311\Lib\json\__init__.py", line 346, in loads
    return _default_decoder.decode(s)
           ^^^^^^^^^^^^^^^^^^^^^^^^^^
  File "C:\Users\saiem\AppData\Local\Programs\Python\Python311\Lib\json\decoder.py", line 337, in decode
    obj, end = self.raw_decode(s, idx=_w(s, 0).end())
               ^^^^^^^^^^^^^^^^^^^^^^^^^^^^^^^^^^^^^^
  File "C:\Users\saiem\AppData\Local\Programs\Python\Python311\Lib\json\decoder.py", line 355, in raw_decode
    raise JSONDecodeError("Expecting value", s, err.value) from None
json.decoder.JSONDecodeError: Expecting value: line 1 column 1 (char 0)

During handling of the above exception, another exception occurred:

Traceback (most recent call last):
  File "C:\Users\saiem\Documents\GitHub-Data\sdv-dev\cfbfastR-dev\cfbfastR-cfb-raw\python\_cfb_raw_utils.py", line 93, in _safe
    return fn(*args, **kwargs)
           ^^^^^^^^^^^^^^^^^^^
  File "C:\Users\saiem\Documents\GitHub-Data\sdv-dev\cfbfastR-dev\cfbfastR-cfb-raw\python\scrape_cfb_json.py", line 31, in _rosters
    return sdv.cfb.espn_cfb_game_rosters(game_id=gid, return_as_pandas=True).to_dict("records")
           ^^^^^^^^^^^^^^^^^^^^^^^^^^^^^^^^^^^^^^^^^^^^^^^^^^^^^^^^^^^^^^^^^
  File "C:\Users\saiem\Documents\GitHub-Data\sdv-dev\cfbfastR-dev\cfbfastR-cfb-raw\.venv\Lib\site-packages\sportsdataverse\cfb\cfb_game_rosters.py", line 64, in espn_cfb_game_rosters
    summary = summary_resp.json()
              ^^^^^^^^^^^^^^^^^^^
  File "C:\Users\saiem\Documents\GitHub-Data\sdv-dev\cfbfastR-dev\cfbfastR-cfb-raw\.venv\Lib\site-packages\requests\models.py", line 1120, in json
    raise RequestsJSONDecodeError(e.msg, e.doc, e.pos)
requests.exceptions.JSONDecodeError: Expecting value: line 1 column 1 (char 0)
2026-06-13 19:44:23,368 ERROR extra fetch failed: _rosters(312880213,)
Traceback (most recent call last):
  File "C:\Users\saiem\Documents\GitHub-Data\sdv-dev\cfbfastR-dev\cfbfastR-cfb-raw\.venv\Lib\site-packages\requests\models.py", line 1116, in json
    return complexjson.loads(self.text, **kwargs)
           ^^^^^^^^^^^^^^^^^^^^^^^^^^^^^^^^^^^^^^
  File "C:\Users\saiem\AppData\Local\Programs\Python\Python311\Lib\json\__init__.py", line 346, in loads
    return _default_decoder.decode(s)
           ^^^^^^^^^^^^^^^^^^^^^^^^^^
  File "C:\Users\saiem\AppData\Local\Programs\Python\Python311\Lib\json\decoder.py", line 337, in decode
    obj, end = self.raw_decode(s, idx=_w(s, 0).end())
               ^^^^^^^^^^^^^^^^^^^^^^^^^^^^^^^^^^^^^^
  File "C:\Users\saiem\AppData\Local\Programs\Python\Python311\Lib\json\decoder.py", line 355, in raw_decode
    raise JSONDecodeError("Expecting value", s, err.value) from None
json.decoder.JSONDecodeError: Expecting value: line 1 column 1 (char 0)

During handling of the above exception, another exception occurred:

Traceback (most recent call last):
  File "C:\Users\saiem\Documents\GitHub-Data\sdv-dev\cfbfastR-dev\cfbfastR-cfb-raw\python\_cfb_raw_utils.py", line 93, in _safe
    return fn(*args, **kwargs)
           ^^^^^^^^^^^^^^^^^^^
  File "C:\Users\saiem\Documents\GitHub-Data\sdv-dev\cfbfastR-dev\cfbfastR-cfb-raw\python\scrape_cfb_json.py", line 31, in _rosters
    return sdv.cfb.espn_cfb_game_rosters(game_id=gid, return_as_pandas=True).to_dict("records")
           ^^^^^^^^^^^^^^^^^^^^^^^^^^^^^^^^^^^^^^^^^^^^^^^^^^^^^^^^^^^^^^^^^
  File "C:\Users\saiem\Documents\GitHub-Data\sdv-dev\cfbfastR-dev\cfbfastR-cfb-raw\.venv\Lib\site-packages\sportsdataverse\cfb\cfb_game_rosters.py", line 64, in espn_cfb_game_rosters
    summary = summary_resp.json()
              ^^^^^^^^^^^^^^^^^^^
  File "C:\Users\saiem\Documents\GitHub-Data\sdv-dev\cfbfastR-dev\cfbfastR-cfb-raw\.venv\Lib\site-packages\requests\models.py", line 1120, in json
    raise RequestsJSONDecodeError(e.msg, e.doc, e.pos)
requests.exceptions.JSONDecodeError: Expecting value: line 1 column 1 (char 0)
2026-06-13 19:44:23,409 ERROR extra fetch failed: _rosters(312880221,)
Traceback (most recent call last):
  File "C:\Users\saiem\Documents\GitHub-Data\sdv-dev\cfbfastR-dev\cfbfastR-cfb-raw\.venv\Lib\site-packages\requests\models.py", line 1116, in json
    return complexjson.loads(self.text, **kwargs)
           ^^^^^^^^^^^^^^^^^^^^^^^^^^^^^^^^^^^^^^
  File "C:\Users\saiem\AppData\Local\Programs\Python\Python311\Lib\json\__init__.py", line 346, in loads
    return _default_decoder.decode(s)
           ^^^^^^^^^^^^^^^^^^^^^^^^^^
  File "C:\Users\saiem\AppData\Local\Programs\Python\Python311\Lib\json\decoder.py", line 337, in decode
    obj, end = self.raw_decode(s, idx=_w(s, 0).end())
               ^^^^^^^^^^^^^^^^^^^^^^^^^^^^^^^^^^^^^^
  File "C:\Users\saiem\AppData\Local\Programs\Python\Python311\Lib\json\decoder.py", line 355, in raw_decode
    raise JSONDecodeError("Expecting value", s, err.value) from None
json.decoder.JSONDecodeError: Expecting value: line 1 column 1 (char 0)

During handling of the above exception, another exception occurred:

Traceback (most recent call last):
  File "C:\Users\saiem\Documents\GitHub-Data\sdv-dev\cfbfastR-dev\cfbfastR-cfb-raw\python\_cfb_raw_utils.py", line 93, in _safe
    return fn(*args, **kwargs)
           ^^^^^^^^^^^^^^^^^^^
  File "C:\Users\saiem\Documents\GitHub-Data\sdv-dev\cfbfastR-dev\cfbfastR-cfb-raw\python\scrape_cfb_json.py", line 31, in _rosters
    return sdv.cfb.espn_cfb_game_rosters(game_id=gid, return_as_pandas=True).to_dict("records")
           ^^^^^^^^^^^^^^^^^^^^^^^^^^^^^^^^^^^^^^^^^^^^^^^^^^^^^^^^^^^^^^^^^
  File "C:\Users\saiem\Documents\GitHub-Data\sdv-dev\cfbfastR-dev\cfbfastR-cfb-raw\.venv\Lib\site-packages\sportsdataverse\cfb\cfb_game_rosters.py", line 64, in espn_cfb_game_rosters
    summary = summary_resp.json()
              ^^^^^^^^^^^^^^^^^^^
  File "C:\Users\saiem\Documents\GitHub-Data\sdv-dev\cfbfastR-dev\cfbfastR-cfb-raw\.venv\Lib\site-packages\requests\models.py", line 1120, in json
    raise RequestsJSONDecodeError(e.msg, e.doc, e.pos)
requests.exceptions.JSONDecodeError: Expecting value: line 1 column 1 (char 0)
2026-06-13 19:44:23,507 ERROR extra fetch failed: _participants(312882643,)
Traceback (most recent call last):
  File "C:\Users\saiem\Documents\GitHub-Data\sdv-dev\cfbfastR-dev\cfbfastR-cfb-raw\.venv\Lib\site-packages\requests\models.py", line 1116, in json
    return complexjson.loads(self.text, **kwargs)
           ^^^^^^^^^^^^^^^^^^^^^^^^^^^^^^^^^^^^^^
  File "C:\Users\saiem\AppData\Local\Programs\Python\Python311\Lib\json\__init__.py", line 346, in loads
    return _default_decoder.decode(s)
           ^^^^^^^^^^^^^^^^^^^^^^^^^^
  File "C:\Users\saiem\AppData\Local\Programs\Python\Python311\Lib\json\decoder.py", line 337, in decode
    obj, end = self.raw_decode(s, idx=_w(s, 0).end())
               ^^^^^^^^^^^^^^^^^^^^^^^^^^^^^^^^^^^^^^
  File "C:\Users\saiem\AppData\Local\Programs\Python\Python311\Lib\json\decoder.py", line 355, in raw_decode
    raise JSONDecodeError("Expecting value", s, err.value) from None
json.decoder.JSONDecodeError: Expecting value: line 1 column 1 (char 0)

During handling of the above exception, another exception occurred:

Traceback (most recent call last):
  File "C:\Users\saiem\Documents\GitHub-Data\sdv-dev\cfbfastR-dev\cfbfastR-cfb-raw\python\_cfb_raw_utils.py", line 93, in _safe
    return fn(*args, **kwargs)
           ^^^^^^^^^^^^^^^^^^^
  File "C:\Users\saiem\Documents\GitHub-Data\sdv-dev\cfbfastR-dev\cfbfastR-cfb-raw\python\scrape_cfb_json.py", line 27, in _participants
    return sdv.cfb.espn_cfb_play_participants(game_id=gid, return_as_pandas=True).to_dict("records")
           ^^^^^^^^^^^^^^^^^^^^^^^^^^^^^^^^^^^^^^^^^^^^^^^^^^^^^^^^^^^^^^^^^^^^^^
  File "C:\Users\saiem\Documents\GitHub-Data\sdv-dev\cfbfastR-dev\cfbfastR-cfb-raw\.venv\Lib\site-packages\sportsdataverse\cfb\cfb_play_participants.py", line 184, in espn_cfb_play_participants
    plays_raw = _download_plays(game_id, **kwargs)
                ^^^^^^^^^^^^^^^^^^^^^^^^^^^^^^^^^^
  File "C:\Users\saiem\Documents\GitHub-Data\sdv-dev\cfbfastR-dev\cfbfastR-cfb-raw\.venv\Lib\site-packages\sportsdataverse\cfb\cfb_play_participants.py", line 215, in _download_plays
    body = resp.json()
           ^^^^^^^^^^^
  File "C:\Users\saiem\Documents\GitHub-Data\sdv-dev\cfbfastR-dev\cfbfastR-cfb-raw\.venv\Lib\site-packages\requests\models.py", line 1120, in json
    raise RequestsJSONDecodeError(e.msg, e.doc, e.pos)
requests.exceptions.JSONDecodeError: Expecting value: line 1 column 1 (char 0)
2026-06-13 19:44:23,529 ERROR extra fetch failed: _rosters(312880164,)
Traceback (most recent call last):
  File "C:\Users\saiem\Documents\GitHub-Data\sdv-dev\cfbfastR-dev\cfbfastR-cfb-raw\.venv\Lib\site-packages\requests\models.py", line 1116, in json
    return complexjson.loads(self.text, **kwargs)
           ^^^^^^^^^^^^^^^^^^^^^^^^^^^^^^^^^^^^^^
  File "C:\Users\saiem\AppData\Local\Programs\Python\Python311\Lib\json\__init__.py", line 346, in loads
    return _default_decoder.decode(s)
           ^^^^^^^^^^^^^^^^^^^^^^^^^^
  File "C:\Users\saiem\AppData\Local\Programs\Python\Python311\Lib\json\decoder.py", line 337, in decode
    obj, end = self.raw_decode(s, idx=_w(s, 0).end())
               ^^^^^^^^^^^^^^^^^^^^^^^^^^^^^^^^^^^^^^
  File "C:\Users\saiem\AppData\Local\Programs\Python\Python311\Lib\json\decoder.py", line 355, in raw_decode
    raise JSONDecodeError("Expecting value", s, err.value) from None
json.decoder.JSONDecodeError: Expecting value: line 1 column 1 (char 0)

During handling of the above exception, another exception occurred:

Traceback (most recent call last):
  File "C:\Users\saiem\Documents\GitHub-Data\sdv-dev\cfbfastR-dev\cfbfastR-cfb-raw\python\_cfb_raw_utils.py", line 93, in _safe
    return fn(*args, **kwargs)
           ^^^^^^^^^^^^^^^^^^^
  File "C:\Users\saiem\Documents\GitHub-Data\sdv-dev\cfbfastR-dev\cfbfastR-cfb-raw\python\scrape_cfb_json.py", line 31, in _rosters
    return sdv.cfb.espn_cfb_game_rosters(game_id=gid, return_as_pandas=True).to_dict("records")
           ^^^^^^^^^^^^^^^^^^^^^^^^^^^^^^^^^^^^^^^^^^^^^^^^^^^^^^^^^^^^^^^^^
  File "C:\Users\saiem\Documents\GitHub-Data\sdv-dev\cfbfastR-dev\cfbfastR-cfb-raw\.venv\Lib\site-packages\sportsdataverse\cfb\cfb_game_rosters.py", line 64, in espn_cfb_game_rosters
    summary = summary_resp.json()
              ^^^^^^^^^^^^^^^^^^^
  File "C:\Users\saiem\Documents\GitHub-Data\sdv-dev\cfbfastR-dev\cfbfastR-cfb-raw\.venv\Lib\site-packages\requests\models.py", line 1120, in json
    raise RequestsJSONDecodeError(e.msg, e.doc, e.pos)
requests.exceptions.JSONDecodeError: Expecting value: line 1 column 1 (char 0)
2026-06-13 19:44:24,060 ERROR extra fetch failed: _rosters(312882643,)
Traceback (most recent call last):
  File "C:\Users\saiem\Documents\GitHub-Data\sdv-dev\cfbfastR-dev\cfbfastR-cfb-raw\.venv\Lib\site-packages\requests\models.py", line 1116, in json
    return complexjson.loads(self.text, **kwargs)
           ^^^^^^^^^^^^^^^^^^^^^^^^^^^^^^^^^^^^^^
  File "C:\Users\saiem\AppData\Local\Programs\Python\Python311\Lib\json\__init__.py", line 346, in loads
    return _default_decoder.decode(s)
           ^^^^^^^^^^^^^^^^^^^^^^^^^^
  File "C:\Users\saiem\AppData\Local\Programs\Python\Python311\Lib\json\decoder.py", line 337, in decode
    obj, end = self.raw_decode(s, idx=_w(s, 0).end())
               ^^^^^^^^^^^^^^^^^^^^^^^^^^^^^^^^^^^^^^
  File "C:\Users\saiem\AppData\Local\Programs\Python\Python311\Lib\json\decoder.py", line 355, in raw_decode
    raise JSONDecodeError("Expecting value", s, err.value) from None
json.decoder.JSONDecodeError: Expecting value: line 1 column 1 (char 0)

During handling of the above exception, another exception occurred:

Traceback (most recent call last):
  File "C:\Users\saiem\Documents\GitHub-Data\sdv-dev\cfbfastR-dev\cfbfastR-cfb-raw\python\_cfb_raw_utils.py", line 93, in _safe
    return fn(*args, **kwargs)
           ^^^^^^^^^^^^^^^^^^^
  File "C:\Users\saiem\Documents\GitHub-Data\sdv-dev\cfbfastR-dev\cfbfastR-cfb-raw\python\scrape_cfb_json.py", line 31, in _rosters
    return sdv.cfb.espn_cfb_game_rosters(game_id=gid, return_as_pandas=True).to_dict("records")
           ^^^^^^^^^^^^^^^^^^^^^^^^^^^^^^^^^^^^^^^^^^^^^^^^^^^^^^^^^^^^^^^^^
  File "C:\Users\saiem\Documents\GitHub-Data\sdv-dev\cfbfastR-dev\cfbfastR-cfb-raw\.venv\Lib\site-packages\sportsdataverse\cfb\cfb_game_rosters.py", line 64, in espn_cfb_game_rosters
    summary = summary_resp.json()
              ^^^^^^^^^^^^^^^^^^^
  File "C:\Users\saiem\Documents\GitHub-Data\sdv-dev\cfbfastR-dev\cfbfastR-cfb-raw\.venv\Lib\site-packages\requests\models.py", line 1120, in json
    raise RequestsJSONDecodeError(e.msg, e.doc, e.pos)
requests.exceptions.JSONDecodeError: Expecting value: line 1 column 1 (char 0)
2026-06-13 19:44:24,245 ERROR extra fetch failed: _participants(312882751,)
Traceback (most recent call last):
  File "C:\Users\saiem\Documents\GitHub-Data\sdv-dev\cfbfastR-dev\cfbfastR-cfb-raw\.venv\Lib\site-packages\requests\models.py", line 1116, in json
    return complexjson.loads(self.text, **kwargs)
           ^^^^^^^^^^^^^^^^^^^^^^^^^^^^^^^^^^^^^^
  File "C:\Users\saiem\AppData\Local\Programs\Python\Python311\Lib\json\__init__.py", line 346, in loads
    return _default_decoder.decode(s)
           ^^^^^^^^^^^^^^^^^^^^^^^^^^
  File "C:\Users\saiem\AppData\Local\Programs\Python\Python311\Lib\json\decoder.py", line 337, in decode
    obj, end = self.raw_decode(s, idx=_w(s, 0).end())
               ^^^^^^^^^^^^^^^^^^^^^^^^^^^^^^^^^^^^^^
  File "C:\Users\saiem\AppData\Local\Programs\Python\Python311\Lib\json\decoder.py", line 355, in raw_decode
    raise JSONDecodeError("Expecting value", s, err.value) from None
json.decoder.JSONDecodeError: Expecting value: line 1 column 1 (char 0)

During handling of the above exception, another exception occurred:

Traceback (most recent call last):
  File "C:\Users\saiem\Documents\GitHub-Data\sdv-dev\cfbfastR-dev\cfbfastR-cfb-raw\python\_cfb_raw_utils.py", line 93, in _safe
    return fn(*args, **kwargs)
           ^^^^^^^^^^^^^^^^^^^
  File "C:\Users\saiem\Documents\GitHub-Data\sdv-dev\cfbfastR-dev\cfbfastR-cfb-raw\python\scrape_cfb_json.py", line 27, in _participants
    return sdv.cfb.espn_cfb_play_participants(game_id=gid, return_as_pandas=True).to_dict("records")
           ^^^^^^^^^^^^^^^^^^^^^^^^^^^^^^^^^^^^^^^^^^^^^^^^^^^^^^^^^^^^^^^^^^^^^^
  File "C:\Users\saiem\Documents\GitHub-Data\sdv-dev\cfbfastR-dev\cfbfastR-cfb-raw\.venv\Lib\site-packages\sportsdataverse\cfb\cfb_play_participants.py", line 184, in espn_cfb_play_participants
    plays_raw = _download_plays(game_id, **kwargs)
                ^^^^^^^^^^^^^^^^^^^^^^^^^^^^^^^^^^
  File "C:\Users\saiem\Documents\GitHub-Data\sdv-dev\cfbfastR-dev\cfbfastR-cfb-raw\.venv\Lib\site-packages\sportsdataverse\cfb\cfb_play_participants.py", line 215, in _download_plays
    body = resp.json()
           ^^^^^^^^^^^
  File "C:\Users\saiem\Documents\GitHub-Data\sdv-dev\cfbfastR-dev\cfbfastR-cfb-raw\.venv\Lib\site-packages\requests\models.py", line 1120, in json
    raise RequestsJSONDecodeError(e.msg, e.doc, e.pos)
requests.exceptions.JSONDecodeError: Expecting value: line 1 column 1 (char 0)
2026-06-13 19:44:24,251 ERROR extra fetch failed: _participants(312880150,)
Traceback (most recent call last):
  File "C:\Users\saiem\Documents\GitHub-Data\sdv-dev\cfbfastR-dev\cfbfastR-cfb-raw\.venv\Lib\site-packages\requests\models.py", line 1116, in json
    return complexjson.loads(self.text, **kwargs)
           ^^^^^^^^^^^^^^^^^^^^^^^^^^^^^^^^^^^^^^
  File "C:\Users\saiem\AppData\Local\Programs\Python\Python311\Lib\json\__init__.py", line 346, in loads
    return _default_decoder.decode(s)
           ^^^^^^^^^^^^^^^^^^^^^^^^^^
  File "C:\Users\saiem\AppData\Local\Programs\Python\Python311\Lib\json\decoder.py", line 337, in decode
    obj, end = self.raw_decode(s, idx=_w(s, 0).end())
               ^^^^^^^^^^^^^^^^^^^^^^^^^^^^^^^^^^^^^^
  File "C:\Users\saiem\AppData\Local\Programs\Python\Python311\Lib\json\decoder.py", line 355, in raw_decode
    raise JSONDecodeError("Expecting value", s, err.value) from None
json.decoder.JSONDecodeError: Expecting value: line 1 column 1 (char 0)

During handling of the above exception, another exception occurred:

Traceback (most recent call last):
  File "C:\Users\saiem\Documents\GitHub-Data\sdv-dev\cfbfastR-dev\cfbfastR-cfb-raw\python\_cfb_raw_utils.py", line 93, in _safe
    return fn(*args, **kwargs)
           ^^^^^^^^^^^^^^^^^^^
  File "C:\Users\saiem\Documents\GitHub-Data\sdv-dev\cfbfastR-dev\cfbfastR-cfb-raw\python\scrape_cfb_json.py", line 27, in _participants
    return sdv.cfb.espn_cfb_play_participants(game_id=gid, return_as_pandas=True).to_dict("records")
           ^^^^^^^^^^^^^^^^^^^^^^^^^^^^^^^^^^^^^^^^^^^^^^^^^^^^^^^^^^^^^^^^^^^^^^
  File "C:\Users\saiem\Documents\GitHub-Data\sdv-dev\cfbfastR-dev\cfbfastR-cfb-raw\.venv\Lib\site-packages\sportsdataverse\cfb\cfb_play_participants.py", line 184, in espn_cfb_play_participants
    plays_raw = _download_plays(game_id, **kwargs)
                ^^^^^^^^^^^^^^^^^^^^^^^^^^^^^^^^^^
  File "C:\Users\saiem\Documents\GitHub-Data\sdv-dev\cfbfastR-dev\cfbfastR-cfb-raw\.venv\Lib\site-packages\sportsdataverse\cfb\cfb_play_participants.py", line 215, in _download_plays
    body = resp.json()
           ^^^^^^^^^^^
  File "C:\Users\saiem\Documents\GitHub-Data\sdv-dev\cfbfastR-dev\cfbfastR-cfb-raw\.venv\Lib\site-packages\requests\models.py", line 1120, in json
    raise RequestsJSONDecodeError(e.msg, e.doc, e.pos)
requests.exceptions.JSONDecodeError: Expecting value: line 1 column 1 (char 0)
2026-06-13 19:44:24,885 ERROR extra fetch failed: _participants(312880276,)
Traceback (most recent call last):
  File "C:\Users\saiem\Documents\GitHub-Data\sdv-dev\cfbfastR-dev\cfbfastR-cfb-raw\.venv\Lib\site-packages\requests\models.py", line 1116, in json
    return complexjson.loads(self.text, **kwargs)
           ^^^^^^^^^^^^^^^^^^^^^^^^^^^^^^^^^^^^^^
  File "C:\Users\saiem\AppData\Local\Programs\Python\Python311\Lib\json\__init__.py", line 346, in loads
    return _default_decoder.decode(s)
           ^^^^^^^^^^^^^^^^^^^^^^^^^^
  File "C:\Users\saiem\AppData\Local\Programs\Python\Python311\Lib\json\decoder.py", line 337, in decode
    obj, end = self.raw_decode(s, idx=_w(s, 0).end())
               ^^^^^^^^^^^^^^^^^^^^^^^^^^^^^^^^^^^^^^
  File "C:\Users\saiem\AppData\Local\Programs\Python\Python311\Lib\json\decoder.py", line 355, in raw_decode
    raise JSONDecodeError("Expecting value", s, err.value) from None
json.decoder.JSONDecodeError: Expecting value: line 1 column 1 (char 0)

During handling of the above exception, another exception occurred:

Traceback (most recent call last):
  File "C:\Users\saiem\Documents\GitHub-Data\sdv-dev\cfbfastR-dev\cfbfastR-cfb-raw\python\_cfb_raw_utils.py", line 93, in _safe
    return fn(*args, **kwargs)
           ^^^^^^^^^^^^^^^^^^^
  File "C:\Users\saiem\Documents\GitHub-Data\sdv-dev\cfbfastR-dev\cfbfastR-cfb-raw\python\scrape_cfb_json.py", line 27, in _participants
    return sdv.cfb.espn_cfb_play_participants(game_id=gid, return_as_pandas=True).to_dict("records")
           ^^^^^^^^^^^^^^^^^^^^^^^^^^^^^^^^^^^^^^^^^^^^^^^^^^^^^^^^^^^^^^^^^^^^^^
  File "C:\Users\saiem\Documents\GitHub-Data\sdv-dev\cfbfastR-dev\cfbfastR-cfb-raw\.venv\Lib\site-packages\sportsdataverse\cfb\cfb_play_participants.py", line 184, in espn_cfb_play_participants
    plays_raw = _download_plays(game_id, **kwargs)
                ^^^^^^^^^^^^^^^^^^^^^^^^^^^^^^^^^^
  File "C:\Users\saiem\Documents\GitHub-Data\sdv-dev\cfbfastR-dev\cfbfastR-cfb-raw\.venv\Lib\site-packages\sportsdataverse\cfb\cfb_play_participants.py", line 215, in _download_plays
    body = resp.json()
           ^^^^^^^^^^^
  File "C:\Users\saiem\Documents\GitHub-Data\sdv-dev\cfbfastR-dev\cfbfastR-cfb-raw\.venv\Lib\site-packages\requests\models.py", line 1120, in json
    raise RequestsJSONDecodeError(e.msg, e.doc, e.pos)
requests.exceptions.JSONDecodeError: Expecting value: line 1 column 1 (char 0)
2026-06-13 19:44:24,895 ERROR extra fetch failed: _rosters(312882751,)
Traceback (most recent call last):
  File "C:\Users\saiem\Documents\GitHub-Data\sdv-dev\cfbfastR-dev\cfbfastR-cfb-raw\.venv\Lib\site-packages\requests\models.py", line 1116, in json
    return complexjson.loads(self.text, **kwargs)
           ^^^^^^^^^^^^^^^^^^^^^^^^^^^^^^^^^^^^^^
  File "C:\Users\saiem\AppData\Local\Programs\Python\Python311\Lib\json\__init__.py", line 346, in loads
    return _default_decoder.decode(s)
           ^^^^^^^^^^^^^^^^^^^^^^^^^^
  File "C:\Users\saiem\AppData\Local\Programs\Python\Python311\Lib\json\decoder.py", line 337, in decode
    obj, end = self.raw_decode(s, idx=_w(s, 0).end())
               ^^^^^^^^^^^^^^^^^^^^^^^^^^^^^^^^^^^^^^
  File "C:\Users\saiem\AppData\Local\Programs\Python\Python311\Lib\json\decoder.py", line 355, in raw_decode
    raise JSONDecodeError("Expecting value", s, err.value) from None
json.decoder.JSONDecodeError: Expecting value: line 1 column 1 (char 0)

During handling of the above exception, another exception occurred:

Traceback (most recent call last):
  File "C:\Users\saiem\Documents\GitHub-Data\sdv-dev\cfbfastR-dev\cfbfastR-cfb-raw\python\_cfb_raw_utils.py", line 93, in _safe
    return fn(*args, **kwargs)
           ^^^^^^^^^^^^^^^^^^^
  File "C:\Users\saiem\Documents\GitHub-Data\sdv-dev\cfbfastR-dev\cfbfastR-cfb-raw\python\scrape_cfb_json.py", line 31, in _rosters
    return sdv.cfb.espn_cfb_game_rosters(game_id=gid, return_as_pandas=True).to_dict("records")
           ^^^^^^^^^^^^^^^^^^^^^^^^^^^^^^^^^^^^^^^^^^^^^^^^^^^^^^^^^^^^^^^^^
  File "C:\Users\saiem\Documents\GitHub-Data\sdv-dev\cfbfastR-dev\cfbfastR-cfb-raw\.venv\Lib\site-packages\sportsdataverse\cfb\cfb_game_rosters.py", line 64, in espn_cfb_game_rosters
    summary = summary_resp.json()
              ^^^^^^^^^^^^^^^^^^^
  File "C:\Users\saiem\Documents\GitHub-Data\sdv-dev\cfbfastR-dev\cfbfastR-cfb-raw\.venv\Lib\site-packages\requests\models.py", line 1120, in json
    raise RequestsJSONDecodeError(e.msg, e.doc, e.pos)
requests.exceptions.JSONDecodeError: Expecting value: line 1 column 1 (char 0)
2026-06-13 19:44:24,895 ERROR extra fetch failed: _rosters(312880150,)
Traceback (most recent call last):
  File "C:\Users\saiem\Documents\GitHub-Data\sdv-dev\cfbfastR-dev\cfbfastR-cfb-raw\.venv\Lib\site-packages\requests\models.py", line 1116, in json
    return complexjson.loads(self.text, **kwargs)
           ^^^^^^^^^^^^^^^^^^^^^^^^^^^^^^^^^^^^^^
  File "C:\Users\saiem\AppData\Local\Programs\Python\Python311\Lib\json\__init__.py", line 346, in loads
    return _default_decoder.decode(s)
           ^^^^^^^^^^^^^^^^^^^^^^^^^^
  File "C:\Users\saiem\AppData\Local\Programs\Python\Python311\Lib\json\decoder.py", line 337, in decode
    obj, end = self.raw_decode(s, idx=_w(s, 0).end())
               ^^^^^^^^^^^^^^^^^^^^^^^^^^^^^^^^^^^^^^
  File "C:\Users\saiem\AppData\Local\Programs\Python\Python311\Lib\json\decoder.py", line 355, in raw_decode
    raise JSONDecodeError("Expecting value", s, err.value) from None
json.decoder.JSONDecodeError: Expecting value: line 1 column 1 (char 0)

During handling of the above exception, another exception occurred:

Traceback (most recent call last):
  File "C:\Users\saiem\Documents\GitHub-Data\sdv-dev\cfbfastR-dev\cfbfastR-cfb-raw\python\_cfb_raw_utils.py", line 93, in _safe
    return fn(*args, **kwargs)
           ^^^^^^^^^^^^^^^^^^^
  File "C:\Users\saiem\Documents\GitHub-Data\sdv-dev\cfbfastR-dev\cfbfastR-cfb-raw\python\scrape_cfb_json.py", line 31, in _rosters
    return sdv.cfb.espn_cfb_game_rosters(game_id=gid, return_as_pandas=True).to_dict("records")
           ^^^^^^^^^^^^^^^^^^^^^^^^^^^^^^^^^^^^^^^^^^^^^^^^^^^^^^^^^^^^^^^^^
  File "C:\Users\saiem\Documents\GitHub-Data\sdv-dev\cfbfastR-dev\cfbfastR-cfb-raw\.venv\Lib\site-packages\sportsdataverse\cfb\cfb_game_rosters.py", line 64, in espn_cfb_game_rosters
    summary = summary_resp.json()
              ^^^^^^^^^^^^^^^^^^^
  File "C:\Users\saiem\Documents\GitHub-Data\sdv-dev\cfbfastR-dev\cfbfastR-cfb-raw\.venv\Lib\site-packages\requests\models.py", line 1120, in json
    raise RequestsJSONDecodeError(e.msg, e.doc, e.pos)
requests.exceptions.JSONDecodeError: Expecting value: line 1 column 1 (char 0)
2026-06-13 19:44:24,936 ERROR extra fetch failed: _participants(312880290,)
Traceback (most recent call last):
  File "C:\Users\saiem\Documents\GitHub-Data\sdv-dev\cfbfastR-dev\cfbfastR-cfb-raw\.venv\Lib\site-packages\requests\models.py", line 1116, in json
    return complexjson.loads(self.text, **kwargs)
           ^^^^^^^^^^^^^^^^^^^^^^^^^^^^^^^^^^^^^^
  File "C:\Users\saiem\AppData\Local\Programs\Python\Python311\Lib\json\__init__.py", line 346, in loads
    return _default_decoder.decode(s)
           ^^^^^^^^^^^^^^^^^^^^^^^^^^
  File "C:\Users\saiem\AppData\Local\Programs\Python\Python311\Lib\json\decoder.py", line 337, in decode
    obj, end = self.raw_decode(s, idx=_w(s, 0).end())
               ^^^^^^^^^^^^^^^^^^^^^^^^^^^^^^^^^^^^^^
  File "C:\Users\saiem\AppData\Local\Programs\Python\Python311\Lib\json\decoder.py", line 355, in raw_decode
    raise JSONDecodeError("Expecting value", s, err.value) from None
json.decoder.JSONDecodeError: Expecting value: line 1 column 1 (char 0)

During handling of the above exception, another exception occurred:

Traceback (most recent call last):
  File "C:\Users\saiem\Documents\GitHub-Data\sdv-dev\cfbfastR-dev\cfbfastR-cfb-raw\python\_cfb_raw_utils.py", line 93, in _safe
    return fn(*args, **kwargs)
           ^^^^^^^^^^^^^^^^^^^
  File "C:\Users\saiem\Documents\GitHub-Data\sdv-dev\cfbfastR-dev\cfbfastR-cfb-raw\python\scrape_cfb_json.py", line 27, in _participants
    return sdv.cfb.espn_cfb_play_participants(game_id=gid, return_as_pandas=True).to_dict("records")
           ^^^^^^^^^^^^^^^^^^^^^^^^^^^^^^^^^^^^^^^^^^^^^^^^^^^^^^^^^^^^^^^^^^^^^^
  File "C:\Users\saiem\Documents\GitHub-Data\sdv-dev\cfbfastR-dev\cfbfastR-cfb-raw\.venv\Lib\site-packages\sportsdataverse\cfb\cfb_play_participants.py", line 184, in espn_cfb_play_participants
    plays_raw = _download_plays(game_id, **kwargs)
                ^^^^^^^^^^^^^^^^^^^^^^^^^^^^^^^^^^
  File "C:\Users\saiem\Documents\GitHub-Data\sdv-dev\cfbfastR-dev\cfbfastR-cfb-raw\.venv\Lib\site-packages\sportsdataverse\cfb\cfb_play_participants.py", line 215, in _download_plays
    body = resp.json()
           ^^^^^^^^^^^
  File "C:\Users\saiem\Documents\GitHub-Data\sdv-dev\cfbfastR-dev\cfbfastR-cfb-raw\.venv\Lib\site-packages\requests\models.py", line 1120, in json
    raise RequestsJSONDecodeError(e.msg, e.doc, e.pos)
requests.exceptions.JSONDecodeError: Expecting value: line 1 column 1 (char 0)
2026-06-13 19:44:25,117 ERROR extra fetch failed: _participants(312882117,)
Traceback (most recent call last):
  File "C:\Users\saiem\Documents\GitHub-Data\sdv-dev\cfbfastR-dev\cfbfastR-cfb-raw\.venv\Lib\site-packages\requests\models.py", line 1116, in json
    return complexjson.loads(self.text, **kwargs)
           ^^^^^^^^^^^^^^^^^^^^^^^^^^^^^^^^^^^^^^
  File "C:\Users\saiem\AppData\Local\Programs\Python\Python311\Lib\json\__init__.py", line 346, in loads
    return _default_decoder.decode(s)
           ^^^^^^^^^^^^^^^^^^^^^^^^^^
  File "C:\Users\saiem\AppData\Local\Programs\Python\Python311\Lib\json\decoder.py", line 337, in decode
    obj, end = self.raw_decode(s, idx=_w(s, 0).end())
               ^^^^^^^^^^^^^^^^^^^^^^^^^^^^^^^^^^^^^^
  File "C:\Users\saiem\AppData\Local\Programs\Python\Python311\Lib\json\decoder.py", line 355, in raw_decode
    raise JSONDecodeError("Expecting value", s, err.value) from None
json.decoder.JSONDecodeError: Expecting value: line 1 column 1 (char 0)

During handling of the above exception, another exception occurred:

Traceback (most recent call last):
  File "C:\Users\saiem\Documents\GitHub-Data\sdv-dev\cfbfastR-dev\cfbfastR-cfb-raw\python\_cfb_raw_utils.py", line 93, in _safe
    return fn(*args, **kwargs)
           ^^^^^^^^^^^^^^^^^^^
  File "C:\Users\saiem\Documents\GitHub-Data\sdv-dev\cfbfastR-dev\cfbfastR-cfb-raw\python\scrape_cfb_json.py", line 27, in _participants
    return sdv.cfb.espn_cfb_play_participants(game_id=gid, return_as_pandas=True).to_dict("records")
           ^^^^^^^^^^^^^^^^^^^^^^^^^^^^^^^^^^^^^^^^^^^^^^^^^^^^^^^^^^^^^^^^^^^^^^
  File "C:\Users\saiem\Documents\GitHub-Data\sdv-dev\cfbfastR-dev\cfbfastR-cfb-raw\.venv\Lib\site-packages\sportsdataverse\cfb\cfb_play_participants.py", line 184, in espn_cfb_play_participants
    plays_raw = _download_plays(game_id, **kwargs)
                ^^^^^^^^^^^^^^^^^^^^^^^^^^^^^^^^^^
  File "C:\Users\saiem\Documents\GitHub-Data\sdv-dev\cfbfastR-dev\cfbfastR-cfb-raw\.venv\Lib\site-packages\sportsdataverse\cfb\cfb_play_participants.py", line 215, in _download_plays
    body = resp.json()
           ^^^^^^^^^^^
  File "C:\Users\saiem\Documents\GitHub-Data\sdv-dev\cfbfastR-dev\cfbfastR-cfb-raw\.venv\Lib\site-packages\requests\models.py", line 1120, in json
    raise RequestsJSONDecodeError(e.msg, e.doc, e.pos)
requests.exceptions.JSONDecodeError: Expecting value: line 1 column 1 (char 0)
2026-06-13 19:44:25,349 ERROR extra fetch failed: _participants(312882534,)
Traceback (most recent call last):
  File "C:\Users\saiem\Documents\GitHub-Data\sdv-dev\cfbfastR-dev\cfbfastR-cfb-raw\.venv\Lib\site-packages\requests\models.py", line 1116, in json
    return complexjson.loads(self.text, **kwargs)
           ^^^^^^^^^^^^^^^^^^^^^^^^^^^^^^^^^^^^^^
  File "C:\Users\saiem\AppData\Local\Programs\Python\Python311\Lib\json\__init__.py", line 346, in loads
    return _default_decoder.decode(s)
           ^^^^^^^^^^^^^^^^^^^^^^^^^^
  File "C:\Users\saiem\AppData\Local\Programs\Python\Python311\Lib\json\decoder.py", line 337, in decode
    obj, end = self.raw_decode(s, idx=_w(s, 0).end())
               ^^^^^^^^^^^^^^^^^^^^^^^^^^^^^^^^^^^^^^
  File "C:\Users\saiem\AppData\Local\Programs\Python\Python311\Lib\json\decoder.py", line 355, in raw_decode
    raise JSONDecodeError("Expecting value", s, err.value) from None
json.decoder.JSONDecodeError: Expecting value: line 1 column 1 (char 0)

During handling of the above exception, another exception occurred:

Traceback (most recent call last):
  File "C:\Users\saiem\Documents\GitHub-Data\sdv-dev\cfbfastR-dev\cfbfastR-cfb-raw\python\_cfb_raw_utils.py", line 93, in _safe
    return fn(*args, **kwargs)
           ^^^^^^^^^^^^^^^^^^^
  File "C:\Users\saiem\Documents\GitHub-Data\sdv-dev\cfbfastR-dev\cfbfastR-cfb-raw\python\scrape_cfb_json.py", line 27, in _participants
    return sdv.cfb.espn_cfb_play_participants(game_id=gid, return_as_pandas=True).to_dict("records")
           ^^^^^^^^^^^^^^^^^^^^^^^^^^^^^^^^^^^^^^^^^^^^^^^^^^^^^^^^^^^^^^^^^^^^^^
  File "C:\Users\saiem\Documents\GitHub-Data\sdv-dev\cfbfastR-dev\cfbfastR-cfb-raw\.venv\Lib\site-packages\sportsdataverse\cfb\cfb_play_participants.py", line 184, in espn_cfb_play_participants
    plays_raw = _download_plays(game_id, **kwargs)
                ^^^^^^^^^^^^^^^^^^^^^^^^^^^^^^^^^^
  File "C:\Users\saiem\Documents\GitHub-Data\sdv-dev\cfbfastR-dev\cfbfastR-cfb-raw\.venv\Lib\site-packages\sportsdataverse\cfb\cfb_play_participants.py", line 215, in _download_plays
    body = resp.json()
           ^^^^^^^^^^^
  File "C:\Users\saiem\Documents\GitHub-Data\sdv-dev\cfbfastR-dev\cfbfastR-cfb-raw\.venv\Lib\site-packages\requests\models.py", line 1120, in json
    raise RequestsJSONDecodeError(e.msg, e.doc, e.pos)
requests.exceptions.JSONDecodeError: Expecting value: line 1 column 1 (char 0)
2026-06-13 19:44:25,504 ERROR extra fetch failed: _rosters(312880276,)
Traceback (most recent call last):
  File "C:\Users\saiem\Documents\GitHub-Data\sdv-dev\cfbfastR-dev\cfbfastR-cfb-raw\.venv\Lib\site-packages\requests\models.py", line 1116, in json
    return complexjson.loads(self.text, **kwargs)
           ^^^^^^^^^^^^^^^^^^^^^^^^^^^^^^^^^^^^^^
  File "C:\Users\saiem\AppData\Local\Programs\Python\Python311\Lib\json\__init__.py", line 346, in loads
    return _default_decoder.decode(s)
           ^^^^^^^^^^^^^^^^^^^^^^^^^^
  File "C:\Users\saiem\AppData\Local\Programs\Python\Python311\Lib\json\decoder.py", line 337, in decode
    obj, end = self.raw_decode(s, idx=_w(s, 0).end())
               ^^^^^^^^^^^^^^^^^^^^^^^^^^^^^^^^^^^^^^
  File "C:\Users\saiem\AppData\Local\Programs\Python\Python311\Lib\json\decoder.py", line 355, in raw_decode
    raise JSONDecodeError("Expecting value", s, err.value) from None
json.decoder.JSONDecodeError: Expecting value: line 1 column 1 (char 0)

During handling of the above exception, another exception occurred:

Traceback (most recent call last):
  File "C:\Users\saiem\Documents\GitHub-Data\sdv-dev\cfbfastR-dev\cfbfastR-cfb-raw\python\_cfb_raw_utils.py", line 93, in _safe
    return fn(*args, **kwargs)
           ^^^^^^^^^^^^^^^^^^^
  File "C:\Users\saiem\Documents\GitHub-Data\sdv-dev\cfbfastR-dev\cfbfastR-cfb-raw\python\scrape_cfb_json.py", line 31, in _rosters
    return sdv.cfb.espn_cfb_game_rosters(game_id=gid, return_as_pandas=True).to_dict("records")
           ^^^^^^^^^^^^^^^^^^^^^^^^^^^^^^^^^^^^^^^^^^^^^^^^^^^^^^^^^^^^^^^^^
  File "C:\Users\saiem\Documents\GitHub-Data\sdv-dev\cfbfastR-dev\cfbfastR-cfb-raw\.venv\Lib\site-packages\sportsdataverse\cfb\cfb_game_rosters.py", line 64, in espn_cfb_game_rosters
    summary = summary_resp.json()
              ^^^^^^^^^^^^^^^^^^^
  File "C:\Users\saiem\Documents\GitHub-Data\sdv-dev\cfbfastR-dev\cfbfastR-cfb-raw\.venv\Lib\site-packages\requests\models.py", line 1120, in json
    raise RequestsJSONDecodeError(e.msg, e.doc, e.pos)
requests.exceptions.JSONDecodeError: Expecting value: line 1 column 1 (char 0)
2026-06-13 19:44:25,548 ERROR extra fetch failed: _participants(312880006,)
Traceback (most recent call last):
  File "C:\Users\saiem\Documents\GitHub-Data\sdv-dev\cfbfastR-dev\cfbfastR-cfb-raw\.venv\Lib\site-packages\requests\models.py", line 1116, in json
    return complexjson.loads(self.text, **kwargs)
           ^^^^^^^^^^^^^^^^^^^^^^^^^^^^^^^^^^^^^^
  File "C:\Users\saiem\AppData\Local\Programs\Python\Python311\Lib\json\__init__.py", line 346, in loads
    return _default_decoder.decode(s)
           ^^^^^^^^^^^^^^^^^^^^^^^^^^
  File "C:\Users\saiem\AppData\Local\Programs\Python\Python311\Lib\json\decoder.py", line 337, in decode
    obj, end = self.raw_decode(s, idx=_w(s, 0).end())
               ^^^^^^^^^^^^^^^^^^^^^^^^^^^^^^^^^^^^^^
  File "C:\Users\saiem\AppData\Local\Programs\Python\Python311\Lib\json\decoder.py", line 355, in raw_decode
    raise JSONDecodeError("Expecting value", s, err.value) from None
json.decoder.JSONDecodeError: Expecting value: line 1 column 1 (char 0)

During handling of the above exception, another exception occurred:

Traceback (most recent call last):
  File "C:\Users\saiem\Documents\GitHub-Data\sdv-dev\cfbfastR-dev\cfbfastR-cfb-raw\python\_cfb_raw_utils.py", line 93, in _safe
    return fn(*args, **kwargs)
           ^^^^^^^^^^^^^^^^^^^
  File "C:\Users\saiem\Documents\GitHub-Data\sdv-dev\cfbfastR-dev\cfbfastR-cfb-raw\python\scrape_cfb_json.py", line 27, in _participants
    return sdv.cfb.espn_cfb_play_participants(game_id=gid, return_as_pandas=True).to_dict("records")
           ^^^^^^^^^^^^^^^^^^^^^^^^^^^^^^^^^^^^^^^^^^^^^^^^^^^^^^^^^^^^^^^^^^^^^^
  File "C:\Users\saiem\Documents\GitHub-Data\sdv-dev\cfbfastR-dev\cfbfastR-cfb-raw\.venv\Lib\site-packages\sportsdataverse\cfb\cfb_play_participants.py", line 184, in espn_cfb_play_participants
    plays_raw = _download_plays(game_id, **kwargs)
                ^^^^^^^^^^^^^^^^^^^^^^^^^^^^^^^^^^
  File "C:\Users\saiem\Documents\GitHub-Data\sdv-dev\cfbfastR-dev\cfbfastR-cfb-raw\.venv\Lib\site-packages\sportsdataverse\cfb\cfb_play_participants.py", line 215, in _download_plays
    body = resp.json()
           ^^^^^^^^^^^
  File "C:\Users\saiem\Documents\GitHub-Data\sdv-dev\cfbfastR-dev\cfbfastR-cfb-raw\.venv\Lib\site-packages\requests\models.py", line 1120, in json
    raise RequestsJSONDecodeError(e.msg, e.doc, e.pos)
requests.exceptions.JSONDecodeError: Expecting value: line 1 column 1 (char 0)
2026-06-13 19:44:25,565 ERROR extra fetch failed: _participants(312880048,)
Traceback (most recent call last):
  File "C:\Users\saiem\Documents\GitHub-Data\sdv-dev\cfbfastR-dev\cfbfastR-cfb-raw\.venv\Lib\site-packages\requests\models.py", line 1116, in json
    return complexjson.loads(self.text, **kwargs)
           ^^^^^^^^^^^^^^^^^^^^^^^^^^^^^^^^^^^^^^
  File "C:\Users\saiem\AppData\Local\Programs\Python\Python311\Lib\json\__init__.py", line 346, in loads
    return _default_decoder.decode(s)
           ^^^^^^^^^^^^^^^^^^^^^^^^^^
  File "C:\Users\saiem\AppData\Local\Programs\Python\Python311\Lib\json\decoder.py", line 337, in decode
    obj, end = self.raw_decode(s, idx=_w(s, 0).end())
               ^^^^^^^^^^^^^^^^^^^^^^^^^^^^^^^^^^^^^^
  File "C:\Users\saiem\AppData\Local\Programs\Python\Python311\Lib\json\decoder.py", line 355, in raw_decode
    raise JSONDecodeError("Expecting value", s, err.value) from None
json.decoder.JSONDecodeError: Expecting value: line 1 column 1 (char 0)

During handling of the above exception, another exception occurred:

Traceback (most recent call last):
  File "C:\Users\saiem\Documents\GitHub-Data\sdv-dev\cfbfastR-dev\cfbfastR-cfb-raw\python\_cfb_raw_utils.py", line 93, in _safe
    return fn(*args, **kwargs)
           ^^^^^^^^^^^^^^^^^^^
  File "C:\Users\saiem\Documents\GitHub-Data\sdv-dev\cfbfastR-dev\cfbfastR-cfb-raw\python\scrape_cfb_json.py", line 27, in _participants
    return sdv.cfb.espn_cfb_play_participants(game_id=gid, return_as_pandas=True).to_dict("records")
           ^^^^^^^^^^^^^^^^^^^^^^^^^^^^^^^^^^^^^^^^^^^^^^^^^^^^^^^^^^^^^^^^^^^^^^
  File "C:\Users\saiem\Documents\GitHub-Data\sdv-dev\cfbfastR-dev\cfbfastR-cfb-raw\.venv\Lib\site-packages\sportsdataverse\cfb\cfb_play_participants.py", line 184, in espn_cfb_play_participants
    plays_raw = _download_plays(game_id, **kwargs)
                ^^^^^^^^^^^^^^^^^^^^^^^^^^^^^^^^^^
  File "C:\Users\saiem\Documents\GitHub-Data\sdv-dev\cfbfastR-dev\cfbfastR-cfb-raw\.venv\Lib\site-packages\sportsdataverse\cfb\cfb_play_participants.py", line 215, in _download_plays
    body = resp.json()
           ^^^^^^^^^^^
  File "C:\Users\saiem\Documents\GitHub-Data\sdv-dev\cfbfastR-dev\cfbfastR-cfb-raw\.venv\Lib\site-packages\requests\models.py", line 1120, in json
    raise RequestsJSONDecodeError(e.msg, e.doc, e.pos)
requests.exceptions.JSONDecodeError: Expecting value: line 1 column 1 (char 0)
2026-06-13 19:44:25,570 ERROR extra fetch failed: _rosters(312880290,)
Traceback (most recent call last):
  File "C:\Users\saiem\Documents\GitHub-Data\sdv-dev\cfbfastR-dev\cfbfastR-cfb-raw\.venv\Lib\site-packages\requests\models.py", line 1116, in json
    return complexjson.loads(self.text, **kwargs)
           ^^^^^^^^^^^^^^^^^^^^^^^^^^^^^^^^^^^^^^
  File "C:\Users\saiem\AppData\Local\Programs\Python\Python311\Lib\json\__init__.py", line 346, in loads
    return _default_decoder.decode(s)
           ^^^^^^^^^^^^^^^^^^^^^^^^^^
  File "C:\Users\saiem\AppData\Local\Programs\Python\Python311\Lib\json\decoder.py", line 337, in decode
    obj, end = self.raw_decode(s, idx=_w(s, 0).end())
               ^^^^^^^^^^^^^^^^^^^^^^^^^^^^^^^^^^^^^^
  File "C:\Users\saiem\AppData\Local\Programs\Python\Python311\Lib\json\decoder.py", line 355, in raw_decode
    raise JSONDecodeError("Expecting value", s, err.value) from None
json.decoder.JSONDecodeError: Expecting value: line 1 column 1 (char 0)

During handling of the above exception, another exception occurred:

Traceback (most recent call last):
  File "C:\Users\saiem\Documents\GitHub-Data\sdv-dev\cfbfastR-dev\cfbfastR-cfb-raw\python\_cfb_raw_utils.py", line 93, in _safe
    return fn(*args, **kwargs)
           ^^^^^^^^^^^^^^^^^^^
  File "C:\Users\saiem\Documents\GitHub-Data\sdv-dev\cfbfastR-dev\cfbfastR-cfb-raw\python\scrape_cfb_json.py", line 31, in _rosters
    return sdv.cfb.espn_cfb_game_rosters(game_id=gid, return_as_pandas=True).to_dict("records")
           ^^^^^^^^^^^^^^^^^^^^^^^^^^^^^^^^^^^^^^^^^^^^^^^^^^^^^^^^^^^^^^^^^
  File "C:\Users\saiem\Documents\GitHub-Data\sdv-dev\cfbfastR-dev\cfbfastR-cfb-raw\.venv\Lib\site-packages\sportsdataverse\cfb\cfb_game_rosters.py", line 64, in espn_cfb_game_rosters
    summary = summary_resp.json()
              ^^^^^^^^^^^^^^^^^^^
  File "C:\Users\saiem\Documents\GitHub-Data\sdv-dev\cfbfastR-dev\cfbfastR-cfb-raw\.venv\Lib\site-packages\requests\models.py", line 1120, in json
    raise RequestsJSONDecodeError(e.msg, e.doc, e.pos)
requests.exceptions.JSONDecodeError: Expecting value: line 1 column 1 (char 0)
2026-06-13 19:44:25,570 ERROR extra fetch failed: _participants(312880041,)
Traceback (most recent call last):
  File "C:\Users\saiem\Documents\GitHub-Data\sdv-dev\cfbfastR-dev\cfbfastR-cfb-raw\.venv\Lib\site-packages\requests\models.py", line 1116, in json
    return complexjson.loads(self.text, **kwargs)
           ^^^^^^^^^^^^^^^^^^^^^^^^^^^^^^^^^^^^^^
  File "C:\Users\saiem\AppData\Local\Programs\Python\Python311\Lib\json\__init__.py", line 346, in loads
    return _default_decoder.decode(s)
           ^^^^^^^^^^^^^^^^^^^^^^^^^^
  File "C:\Users\saiem\AppData\Local\Programs\Python\Python311\Lib\json\decoder.py", line 337, in decode
    obj, end = self.raw_decode(s, idx=_w(s, 0).end())
               ^^^^^^^^^^^^^^^^^^^^^^^^^^^^^^^^^^^^^^
  File "C:\Users\saiem\AppData\Local\Programs\Python\Python311\Lib\json\decoder.py", line 355, in raw_decode
    raise JSONDecodeError("Expecting value", s, err.value) from None
json.decoder.JSONDecodeError: Expecting value: line 1 column 1 (char 0)

During handling of the above exception, another exception occurred:

Traceback (most recent call last):
  File "C:\Users\saiem\Documents\GitHub-Data\sdv-dev\cfbfastR-dev\cfbfastR-cfb-raw\python\_cfb_raw_utils.py", line 93, in _safe
    return fn(*args, **kwargs)
           ^^^^^^^^^^^^^^^^^^^
  File "C:\Users\saiem\Documents\GitHub-Data\sdv-dev\cfbfastR-dev\cfbfastR-cfb-raw\python\scrape_cfb_json.py", line 27, in _participants
    return sdv.cfb.espn_cfb_play_participants(game_id=gid, return_as_pandas=True).to_dict("records")
           ^^^^^^^^^^^^^^^^^^^^^^^^^^^^^^^^^^^^^^^^^^^^^^^^^^^^^^^^^^^^^^^^^^^^^^
  File "C:\Users\saiem\Documents\GitHub-Data\sdv-dev\cfbfastR-dev\cfbfastR-cfb-raw\.venv\Lib\site-packages\sportsdataverse\cfb\cfb_play_participants.py", line 184, in espn_cfb_play_participants
    plays_raw = _download_plays(game_id, **kwargs)
                ^^^^^^^^^^^^^^^^^^^^^^^^^^^^^^^^^^
  File "C:\Users\saiem\Documents\GitHub-Data\sdv-dev\cfbfastR-dev\cfbfastR-cfb-raw\.venv\Lib\site-packages\sportsdataverse\cfb\cfb_play_participants.py", line 215, in _download_plays
    body = resp.json()
           ^^^^^^^^^^^
  File "C:\Users\saiem\Documents\GitHub-Data\sdv-dev\cfbfastR-dev\cfbfastR-cfb-raw\.venv\Lib\site-packages\requests\models.py", line 1120, in json
    raise RequestsJSONDecodeError(e.msg, e.doc, e.pos)
requests.exceptions.JSONDecodeError: Expecting value: line 1 column 1 (char 0)
2026-06-13 19:44:25,683 ERROR extra fetch failed: _rosters(312882117,)
Traceback (most recent call last):
  File "C:\Users\saiem\Documents\GitHub-Data\sdv-dev\cfbfastR-dev\cfbfastR-cfb-raw\.venv\Lib\site-packages\requests\models.py", line 1116, in json
    return complexjson.loads(self.text, **kwargs)
           ^^^^^^^^^^^^^^^^^^^^^^^^^^^^^^^^^^^^^^
  File "C:\Users\saiem\AppData\Local\Programs\Python\Python311\Lib\json\__init__.py", line 346, in loads
    return _default_decoder.decode(s)
           ^^^^^^^^^^^^^^^^^^^^^^^^^^
  File "C:\Users\saiem\AppData\Local\Programs\Python\Python311\Lib\json\decoder.py", line 337, in decode
    obj, end = self.raw_decode(s, idx=_w(s, 0).end())
               ^^^^^^^^^^^^^^^^^^^^^^^^^^^^^^^^^^^^^^
  File "C:\Users\saiem\AppData\Local\Programs\Python\Python311\Lib\json\decoder.py", line 355, in raw_decode
    raise JSONDecodeError("Expecting value", s, err.value) from None
json.decoder.JSONDecodeError: Expecting value: line 1 column 1 (char 0)

During handling of the above exception, another exception occurred:

Traceback (most recent call last):
  File "C:\Users\saiem\Documents\GitHub-Data\sdv-dev\cfbfastR-dev\cfbfastR-cfb-raw\python\_cfb_raw_utils.py", line 93, in _safe
    return fn(*args, **kwargs)
           ^^^^^^^^^^^^^^^^^^^
  File "C:\Users\saiem\Documents\GitHub-Data\sdv-dev\cfbfastR-dev\cfbfastR-cfb-raw\python\scrape_cfb_json.py", line 31, in _rosters
    return sdv.cfb.espn_cfb_game_rosters(game_id=gid, return_as_pandas=True).to_dict("records")
           ^^^^^^^^^^^^^^^^^^^^^^^^^^^^^^^^^^^^^^^^^^^^^^^^^^^^^^^^^^^^^^^^^
  File "C:\Users\saiem\Documents\GitHub-Data\sdv-dev\cfbfastR-dev\cfbfastR-cfb-raw\.venv\Lib\site-packages\sportsdataverse\cfb\cfb_game_rosters.py", line 64, in espn_cfb_game_rosters
    summary = summary_resp.json()
              ^^^^^^^^^^^^^^^^^^^
  File "C:\Users\saiem\Documents\GitHub-Data\sdv-dev\cfbfastR-dev\cfbfastR-cfb-raw\.venv\Lib\site-packages\requests\models.py", line 1120, in json
    raise RequestsJSONDecodeError(e.msg, e.doc, e.pos)
requests.exceptions.JSONDecodeError: Expecting value: line 1 column 1 (char 0)
2026-06-13 19:44:25,839 ERROR extra fetch failed: _rosters(312882534,)
Traceback (most recent call last):
  File "C:\Users\saiem\Documents\GitHub-Data\sdv-dev\cfbfastR-dev\cfbfastR-cfb-raw\.venv\Lib\site-packages\requests\models.py", line 1116, in json
    return complexjson.loads(self.text, **kwargs)
           ^^^^^^^^^^^^^^^^^^^^^^^^^^^^^^^^^^^^^^
  File "C:\Users\saiem\AppData\Local\Programs\Python\Python311\Lib\json\__init__.py", line 346, in loads
    return _default_decoder.decode(s)
           ^^^^^^^^^^^^^^^^^^^^^^^^^^
  File "C:\Users\saiem\AppData\Local\Programs\Python\Python311\Lib\json\decoder.py", line 337, in decode
    obj, end = self.raw_decode(s, idx=_w(s, 0).end())
               ^^^^^^^^^^^^^^^^^^^^^^^^^^^^^^^^^^^^^^
  File "C:\Users\saiem\AppData\Local\Programs\Python\Python311\Lib\json\decoder.py", line 355, in raw_decode
    raise JSONDecodeError("Expecting value", s, err.value) from None
json.decoder.JSONDecodeError: Expecting value: line 1 column 1 (char 0)

During handling of the above exception, another exception occurred:

Traceback (most recent call last):
  File "C:\Users\saiem\Documents\GitHub-Data\sdv-dev\cfbfastR-dev\cfbfastR-cfb-raw\python\_cfb_raw_utils.py", line 93, in _safe
    return fn(*args, **kwargs)
           ^^^^^^^^^^^^^^^^^^^
  File "C:\Users\saiem\Documents\GitHub-Data\sdv-dev\cfbfastR-dev\cfbfastR-cfb-raw\python\scrape_cfb_json.py", line 31, in _rosters
    return sdv.cfb.espn_cfb_game_rosters(game_id=gid, return_as_pandas=True).to_dict("records")
           ^^^^^^^^^^^^^^^^^^^^^^^^^^^^^^^^^^^^^^^^^^^^^^^^^^^^^^^^^^^^^^^^^
  File "C:\Users\saiem\Documents\GitHub-Data\sdv-dev\cfbfastR-dev\cfbfastR-cfb-raw\.venv\Lib\site-packages\sportsdataverse\cfb\cfb_game_rosters.py", line 64, in espn_cfb_game_rosters
    summary = summary_resp.json()
              ^^^^^^^^^^^^^^^^^^^
  File "C:\Users\saiem\Documents\GitHub-Data\sdv-dev\cfbfastR-dev\cfbfastR-cfb-raw\.venv\Lib\site-packages\requests\models.py", line 1120, in json
    raise RequestsJSONDecodeError(e.msg, e.doc, e.pos)
requests.exceptions.JSONDecodeError: Expecting value: line 1 column 1 (char 0)
2026-06-13 19:44:26,081 ERROR extra fetch failed: _rosters(312880006,)
Traceback (most recent call last):
  File "C:\Users\saiem\Documents\GitHub-Data\sdv-dev\cfbfastR-dev\cfbfastR-cfb-raw\.venv\Lib\site-packages\requests\models.py", line 1116, in json
    return complexjson.loads(self.text, **kwargs)
           ^^^^^^^^^^^^^^^^^^^^^^^^^^^^^^^^^^^^^^
  File "C:\Users\saiem\AppData\Local\Programs\Python\Python311\Lib\json\__init__.py", line 346, in loads
    return _default_decoder.decode(s)
           ^^^^^^^^^^^^^^^^^^^^^^^^^^
  File "C:\Users\saiem\AppData\Local\Programs\Python\Python311\Lib\json\decoder.py", line 337, in decode
    obj, end = self.raw_decode(s, idx=_w(s, 0).end())
               ^^^^^^^^^^^^^^^^^^^^^^^^^^^^^^^^^^^^^^
  File "C:\Users\saiem\AppData\Local\Programs\Python\Python311\Lib\json\decoder.py", line 355, in raw_decode
    raise JSONDecodeError("Expecting value", s, err.value) from None
json.decoder.JSONDecodeError: Expecting value: line 1 column 1 (char 0)

During handling of the above exception, another exception occurred:

Traceback (most recent call last):
  File "C:\Users\saiem\Documents\GitHub-Data\sdv-dev\cfbfastR-dev\cfbfastR-cfb-raw\python\_cfb_raw_utils.py", line 93, in _safe
    return fn(*args, **kwargs)
           ^^^^^^^^^^^^^^^^^^^
  File "C:\Users\saiem\Documents\GitHub-Data\sdv-dev\cfbfastR-dev\cfbfastR-cfb-raw\python\scrape_cfb_json.py", line 31, in _rosters
    return sdv.cfb.espn_cfb_game_rosters(game_id=gid, return_as_pandas=True).to_dict("records")
           ^^^^^^^^^^^^^^^^^^^^^^^^^^^^^^^^^^^^^^^^^^^^^^^^^^^^^^^^^^^^^^^^^
  File "C:\Users\saiem\Documents\GitHub-Data\sdv-dev\cfbfastR-dev\cfbfastR-cfb-raw\.venv\Lib\site-packages\sportsdataverse\cfb\cfb_game_rosters.py", line 64, in espn_cfb_game_rosters
    summary = summary_resp.json()
              ^^^^^^^^^^^^^^^^^^^
  File "C:\Users\saiem\Documents\GitHub-Data\sdv-dev\cfbfastR-dev\cfbfastR-cfb-raw\.venv\Lib\site-packages\requests\models.py", line 1120, in json
    raise RequestsJSONDecodeError(e.msg, e.doc, e.pos)
requests.exceptions.JSONDecodeError: Expecting value: line 1 column 1 (char 0)
2026-06-13 19:44:26,097 ERROR extra fetch failed: _rosters(312880048,)
Traceback (most recent call last):
  File "C:\Users\saiem\Documents\GitHub-Data\sdv-dev\cfbfastR-dev\cfbfastR-cfb-raw\.venv\Lib\site-packages\requests\models.py", line 1116, in json
    return complexjson.loads(self.text, **kwargs)
           ^^^^^^^^^^^^^^^^^^^^^^^^^^^^^^^^^^^^^^
  File "C:\Users\saiem\AppData\Local\Programs\Python\Python311\Lib\json\__init__.py", line 346, in loads
    return _default_decoder.decode(s)
           ^^^^^^^^^^^^^^^^^^^^^^^^^^
  File "C:\Users\saiem\AppData\Local\Programs\Python\Python311\Lib\json\decoder.py", line 337, in decode
    obj, end = self.raw_decode(s, idx=_w(s, 0).end())
               ^^^^^^^^^^^^^^^^^^^^^^^^^^^^^^^^^^^^^^
  File "C:\Users\saiem\AppData\Local\Programs\Python\Python311\Lib\json\decoder.py", line 355, in raw_decode
    raise JSONDecodeError("Expecting value", s, err.value) from None
json.decoder.JSONDecodeError: Expecting value: line 1 column 1 (char 0)

During handling of the above exception, another exception occurred:

Traceback (most recent call last):
  File "C:\Users\saiem\Documents\GitHub-Data\sdv-dev\cfbfastR-dev\cfbfastR-cfb-raw\python\_cfb_raw_utils.py", line 93, in _safe
    return fn(*args, **kwargs)
           ^^^^^^^^^^^^^^^^^^^
  File "C:\Users\saiem\Documents\GitHub-Data\sdv-dev\cfbfastR-dev\cfbfastR-cfb-raw\python\scrape_cfb_json.py", line 31, in _rosters
    return sdv.cfb.espn_cfb_game_rosters(game_id=gid, return_as_pandas=True).to_dict("records")
           ^^^^^^^^^^^^^^^^^^^^^^^^^^^^^^^^^^^^^^^^^^^^^^^^^^^^^^^^^^^^^^^^^
  File "C:\Users\saiem\Documents\GitHub-Data\sdv-dev\cfbfastR-dev\cfbfastR-cfb-raw\.venv\Lib\site-packages\sportsdataverse\cfb\cfb_game_rosters.py", line 64, in espn_cfb_game_rosters
    summary = summary_resp.json()
              ^^^^^^^^^^^^^^^^^^^
  File "C:\Users\saiem\Documents\GitHub-Data\sdv-dev\cfbfastR-dev\cfbfastR-cfb-raw\.venv\Lib\site-packages\requests\models.py", line 1120, in json
    raise RequestsJSONDecodeError(e.msg, e.doc, e.pos)
requests.exceptions.JSONDecodeError: Expecting value: line 1 column 1 (char 0)
2026-06-13 19:44:26,105 ERROR extra fetch failed: _rosters(312880041,)
Traceback (most recent call last):
  File "C:\Users\saiem\Documents\GitHub-Data\sdv-dev\cfbfastR-dev\cfbfastR-cfb-raw\.venv\Lib\site-packages\requests\models.py", line 1116, in json
    return complexjson.loads(self.text, **kwargs)
           ^^^^^^^^^^^^^^^^^^^^^^^^^^^^^^^^^^^^^^
  File "C:\Users\saiem\AppData\Local\Programs\Python\Python311\Lib\json\__init__.py", line 346, in loads
    return _default_decoder.decode(s)
           ^^^^^^^^^^^^^^^^^^^^^^^^^^
  File "C:\Users\saiem\AppData\Local\Programs\Python\Python311\Lib\json\decoder.py", line 337, in decode
    obj, end = self.raw_decode(s, idx=_w(s, 0).end())
               ^^^^^^^^^^^^^^^^^^^^^^^^^^^^^^^^^^^^^^
  File "C:\Users\saiem\AppData\Local\Programs\Python\Python311\Lib\json\decoder.py", line 355, in raw_decode
    raise JSONDecodeError("Expecting value", s, err.value) from None
json.decoder.JSONDecodeError: Expecting value: line 1 column 1 (char 0)

During handling of the above exception, another exception occurred:

Traceback (most recent call last):
  File "C:\Users\saiem\Documents\GitHub-Data\sdv-dev\cfbfastR-dev\cfbfastR-cfb-raw\python\_cfb_raw_utils.py", line 93, in _safe
    return fn(*args, **kwargs)
           ^^^^^^^^^^^^^^^^^^^
  File "C:\Users\saiem\Documents\GitHub-Data\sdv-dev\cfbfastR-dev\cfbfastR-cfb-raw\python\scrape_cfb_json.py", line 31, in _rosters
    return sdv.cfb.espn_cfb_game_rosters(game_id=gid, return_as_pandas=True).to_dict("records")
           ^^^^^^^^^^^^^^^^^^^^^^^^^^^^^^^^^^^^^^^^^^^^^^^^^^^^^^^^^^^^^^^^^
  File "C:\Users\saiem\Documents\GitHub-Data\sdv-dev\cfbfastR-dev\cfbfastR-cfb-raw\.venv\Lib\site-packages\sportsdataverse\cfb\cfb_game_rosters.py", line 64, in espn_cfb_game_rosters
    summary = summary_resp.json()
              ^^^^^^^^^^^^^^^^^^^
  File "C:\Users\saiem\Documents\GitHub-Data\sdv-dev\cfbfastR-dev\cfbfastR-cfb-raw\.venv\Lib\site-packages\requests\models.py", line 1120, in json
    raise RequestsJSONDecodeError(e.msg, e.doc, e.pos)
requests.exceptions.JSONDecodeError: Expecting value: line 1 column 1 (char 0)
2026-06-17 03:29:24,537 INFO season 2011: 394 games to scrape (rescrape=False)
2026-06-17 03:40:01,756 ERROR extra fetch failed: _rosters(313282459,)
Traceback (most recent call last):
  File "C:\Users\saiem\Documents\GitHub-Data\sdv-dev\cfbfastR-dev\cfbfastR-cfb-raw\python\_cfb_raw_utils.py", line 93, in _safe
    return fn(*args, **kwargs)
           ^^^^^^^^^^^^^^^^^^^
  File "C:\Users\saiem\Documents\GitHub-Data\sdv-dev\cfbfastR-dev\cfbfastR-cfb-raw\python\scrape_cfb_json.py", line 42, in _rosters
    return sdv.cfb.espn_cfb_game_rosters(
           ^^^^^^^^^^^^^^^^^^^^^^^^^^^^^^
  File "C:\Users\saiem\Documents\GitHub-Data\sdv-dev\cfbfastR-dev\cfbfastR-cfb-raw\.venv\Lib\site-packages\sportsdataverse\cfb\cfb_game_rosters.py", line 66, in espn_cfb_game_rosters
    team_rosters = helper_cfb_roster_items(items=items, summary_url=summary_url, **kwargs)
                   ^^^^^^^^^^^^^^^^^^^^^^^^^^^^^^^^^^^^^^^^^^^^^^^^^^^^^^^^^^^^^^^^^^^^^^^
  File "C:\Users\saiem\Documents\GitHub-Data\sdv-dev\cfbfastR-dev\cfbfastR-cfb-raw\.venv\Lib\site-packages\sportsdataverse\cfb\cfb_game_rosters.py", line 207, in helper_cfb_roster_items
    raise NoESPNDataError(f"NoESPNDataError: No roster data found for any team at {summary_url}")
sportsdataverse.errors.NoESPNDataError: NoESPNDataError: No roster data found for any team at https://sports.core.api.espn.com/v2/sports/football/leagues/college-football/events/313282459/competitions/313282459/competitors
2026-06-17 03:40:04,053 ERROR extra fetch failed: _rosters(313280218,)
Traceback (most recent call last):
  File "C:\Users\saiem\Documents\GitHub-Data\sdv-dev\cfbfastR-dev\cfbfastR-cfb-raw\python\_cfb_raw_utils.py", line 93, in _safe
    return fn(*args, **kwargs)
           ^^^^^^^^^^^^^^^^^^^
  File "C:\Users\saiem\Documents\GitHub-Data\sdv-dev\cfbfastR-dev\cfbfastR-cfb-raw\python\scrape_cfb_json.py", line 42, in _rosters
    return sdv.cfb.espn_cfb_game_rosters(
           ^^^^^^^^^^^^^^^^^^^^^^^^^^^^^^
  File "C:\Users\saiem\Documents\GitHub-Data\sdv-dev\cfbfastR-dev\cfbfastR-cfb-raw\.venv\Lib\site-packages\sportsdataverse\cfb\cfb_game_rosters.py", line 66, in espn_cfb_game_rosters
    team_rosters = helper_cfb_roster_items(items=items, summary_url=summary_url, **kwargs)
                   ^^^^^^^^^^^^^^^^^^^^^^^^^^^^^^^^^^^^^^^^^^^^^^^^^^^^^^^^^^^^^^^^^^^^^^^
  File "C:\Users\saiem\Documents\GitHub-Data\sdv-dev\cfbfastR-dev\cfbfastR-cfb-raw\.venv\Lib\site-packages\sportsdataverse\cfb\cfb_game_rosters.py", line 207, in helper_cfb_roster_items
    raise NoESPNDataError(f"NoESPNDataError: No roster data found for any team at {summary_url}")
sportsdataverse.errors.NoESPNDataError: NoESPNDataError: No roster data found for any team at https://sports.core.api.espn.com/v2/sports/football/leagues/college-football/events/313280218/competitions/313280218/competitors
2026-06-17 03:40:09,433 ERROR extra fetch failed: _rosters(313282050,)
Traceback (most recent call last):
  File "C:\Users\saiem\Documents\GitHub-Data\sdv-dev\cfbfastR-dev\cfbfastR-cfb-raw\python\_cfb_raw_utils.py", line 93, in _safe
    return fn(*args, **kwargs)
           ^^^^^^^^^^^^^^^^^^^
  File "C:\Users\saiem\Documents\GitHub-Data\sdv-dev\cfbfastR-dev\cfbfastR-cfb-raw\python\scrape_cfb_json.py", line 42, in _rosters
    return sdv.cfb.espn_cfb_game_rosters(
           ^^^^^^^^^^^^^^^^^^^^^^^^^^^^^^
  File "C:\Users\saiem\Documents\GitHub-Data\sdv-dev\cfbfastR-dev\cfbfastR-cfb-raw\.venv\Lib\site-packages\sportsdataverse\cfb\cfb_game_rosters.py", line 66, in espn_cfb_game_rosters
    team_rosters = helper_cfb_roster_items(items=items, summary_url=summary_url, **kwargs)
                   ^^^^^^^^^^^^^^^^^^^^^^^^^^^^^^^^^^^^^^^^^^^^^^^^^^^^^^^^^^^^^^^^^^^^^^^
  File "C:\Users\saiem\Documents\GitHub-Data\sdv-dev\cfbfastR-dev\cfbfastR-cfb-raw\.venv\Lib\site-packages\sportsdataverse\cfb\cfb_game_rosters.py", line 207, in helper_cfb_roster_items
    raise NoESPNDataError(f"NoESPNDataError: No roster data found for any team at {summary_url}")
sportsdataverse.errors.NoESPNDataError: NoESPNDataError: No roster data found for any team at https://sports.core.api.espn.com/v2/sports/football/leagues/college-football/events/313282050/competitions/313282050/competitors
2026-06-17 03:40:58,495 ERROR extra fetch failed: _rosters(313292393,)
Traceback (most recent call last):
  File "C:\Users\saiem\Documents\GitHub-Data\sdv-dev\cfbfastR-dev\cfbfastR-cfb-raw\python\_cfb_raw_utils.py", line 93, in _safe
    return fn(*args, **kwargs)
           ^^^^^^^^^^^^^^^^^^^
  File "C:\Users\saiem\Documents\GitHub-Data\sdv-dev\cfbfastR-dev\cfbfastR-cfb-raw\python\scrape_cfb_json.py", line 42, in _rosters
    return sdv.cfb.espn_cfb_game_rosters(
           ^^^^^^^^^^^^^^^^^^^^^^^^^^^^^^
  File "C:\Users\saiem\Documents\GitHub-Data\sdv-dev\cfbfastR-dev\cfbfastR-cfb-raw\.venv\Lib\site-packages\sportsdataverse\cfb\cfb_game_rosters.py", line 66, in espn_cfb_game_rosters
    team_rosters = helper_cfb_roster_items(items=items, summary_url=summary_url, **kwargs)
                   ^^^^^^^^^^^^^^^^^^^^^^^^^^^^^^^^^^^^^^^^^^^^^^^^^^^^^^^^^^^^^^^^^^^^^^^
  File "C:\Users\saiem\Documents\GitHub-Data\sdv-dev\cfbfastR-dev\cfbfastR-cfb-raw\.venv\Lib\site-packages\sportsdataverse\cfb\cfb_game_rosters.py", line 207, in helper_cfb_roster_items
    raise NoESPNDataError(f"NoESPNDataError: No roster data found for any team at {summary_url}")
sportsdataverse.errors.NoESPNDataError: NoESPNDataError: No roster data found for any team at https://sports.core.api.espn.com/v2/sports/football/leagues/college-football/events/313292393/competitions/313292393/competitors
2026-06-17 03:42:08,076 ERROR extra fetch failed: _rosters(313362226,)
Traceback (most recent call last):
  File "C:\Users\saiem\Documents\GitHub-Data\sdv-dev\cfbfastR-dev\cfbfastR-cfb-raw\python\_cfb_raw_utils.py", line 93, in _safe
    return fn(*args, **kwargs)
           ^^^^^^^^^^^^^^^^^^^
  File "C:\Users\saiem\Documents\GitHub-Data\sdv-dev\cfbfastR-dev\cfbfastR-cfb-raw\python\scrape_cfb_json.py", line 42, in _rosters
    return sdv.cfb.espn_cfb_game_rosters(
           ^^^^^^^^^^^^^^^^^^^^^^^^^^^^^^
  File "C:\Users\saiem\Documents\GitHub-Data\sdv-dev\cfbfastR-dev\cfbfastR-cfb-raw\.venv\Lib\site-packages\sportsdataverse\cfb\cfb_game_rosters.py", line 66, in espn_cfb_game_rosters
    team_rosters = helper_cfb_roster_items(items=items, summary_url=summary_url, **kwargs)
                   ^^^^^^^^^^^^^^^^^^^^^^^^^^^^^^^^^^^^^^^^^^^^^^^^^^^^^^^^^^^^^^^^^^^^^^^
  File "C:\Users\saiem\Documents\GitHub-Data\sdv-dev\cfbfastR-dev\cfbfastR-cfb-raw\.venv\Lib\site-packages\sportsdataverse\cfb\cfb_game_rosters.py", line 207, in helper_cfb_roster_items
    raise NoESPNDataError(f"NoESPNDataError: No roster data found for any team at {summary_url}")
sportsdataverse.errors.NoESPNDataError: NoESPNDataError: No roster data found for any team at https://sports.core.api.espn.com/v2/sports/football/leagues/college-football/events/313362226/competitions/313362226/competitors
2026-06-17 03:42:11,565 ERROR extra fetch failed: _rosters(313362032,)
Traceback (most recent call last):
  File "C:\Users\saiem\Documents\GitHub-Data\sdv-dev\cfbfastR-dev\cfbfastR-cfb-raw\python\_cfb_raw_utils.py", line 93, in _safe
    return fn(*args, **kwargs)
           ^^^^^^^^^^^^^^^^^^^
  File "C:\Users\saiem\Documents\GitHub-Data\sdv-dev\cfbfastR-dev\cfbfastR-cfb-raw\python\scrape_cfb_json.py", line 42, in _rosters
    return sdv.cfb.espn_cfb_game_rosters(
           ^^^^^^^^^^^^^^^^^^^^^^^^^^^^^^
  File "C:\Users\saiem\Documents\GitHub-Data\sdv-dev\cfbfastR-dev\cfbfastR-cfb-raw\.venv\Lib\site-packages\sportsdataverse\cfb\cfb_game_rosters.py", line 66, in espn_cfb_game_rosters
    team_rosters = helper_cfb_roster_items(items=items, summary_url=summary_url, **kwargs)
                   ^^^^^^^^^^^^^^^^^^^^^^^^^^^^^^^^^^^^^^^^^^^^^^^^^^^^^^^^^^^^^^^^^^^^^^^
  File "C:\Users\saiem\Documents\GitHub-Data\sdv-dev\cfbfastR-dev\cfbfastR-cfb-raw\.venv\Lib\site-packages\sportsdataverse\cfb\cfb_game_rosters.py", line 207, in helper_cfb_roster_items
    raise NoESPNDataError(f"NoESPNDataError: No roster data found for any team at {summary_url}")
sportsdataverse.errors.NoESPNDataError: NoESPNDataError: No roster data found for any team at https://sports.core.api.espn.com/v2/sports/football/leagues/college-football/events/313362032/competitions/313362032/competitors
2026-06-17 07:58:14,963 INFO season 2011: 118 hollow/missing games to rescrape
2026-06-17 07:58:17,572 ERROR extra fetch failed: _rosters(312440041,)
Traceback (most recent call last):
  File "C:\Users\saiem\Documents\GitHub-Data\sdv-dev\cfbfastR-dev\cfbfastR-cfb-raw\python\_cfb_raw_utils.py", line 93, in _safe
    return fn(*args, **kwargs)
           ^^^^^^^^^^^^^^^^^^^
  File "C:\Users\saiem\Documents\GitHub-Data\sdv-dev\cfbfastR-dev\cfbfastR-cfb-raw\python\scrape_cfb_json.py", line 42, in _rosters
    return sdv.cfb.espn_cfb_game_rosters(
           ^^^^^^^^^^^^^^^^^^^^^^^^^^^^^^
  File "C:\Users\saiem\Documents\GitHub-Data\sdv-dev\cfbfastR-dev\cfbfastR-cfb-raw\.venv\Lib\site-packages\sportsdataverse\cfb\cfb_game_rosters.py", line 66, in espn_cfb_game_rosters
    team_rosters = helper_cfb_roster_items(items=items, summary_url=summary_url, **kwargs)
                   ^^^^^^^^^^^^^^^^^^^^^^^^^^^^^^^^^^^^^^^^^^^^^^^^^^^^^^^^^^^^^^^^^^^^^^^
  File "C:\Users\saiem\Documents\GitHub-Data\sdv-dev\cfbfastR-dev\cfbfastR-cfb-raw\.venv\Lib\site-packages\sportsdataverse\cfb\cfb_game_rosters.py", line 209, in helper_cfb_roster_items
    raise NoESPNDataError(f"NoESPNDataError: No roster data found for any team at {summary_url}")
sportsdataverse.errors.NoESPNDataError: NoESPNDataError: No roster data found for any team at https://sports.core.api.espn.com/v2/sports/football/leagues/college-football/events/312440041/competitions/312440041/competitors
2026-06-17 07:58:18,460 ERROR extra fetch failed: _rosters(312460130,)
Traceback (most recent call last):
  File "C:\Users\saiem\Documents\GitHub-Data\sdv-dev\cfbfastR-dev\cfbfastR-cfb-raw\python\_cfb_raw_utils.py", line 93, in _safe
    return fn(*args, **kwargs)
           ^^^^^^^^^^^^^^^^^^^
  File "C:\Users\saiem\Documents\GitHub-Data\sdv-dev\cfbfastR-dev\cfbfastR-cfb-raw\python\scrape_cfb_json.py", line 42, in _rosters
    return sdv.cfb.espn_cfb_game_rosters(
           ^^^^^^^^^^^^^^^^^^^^^^^^^^^^^^
  File "C:\Users\saiem\Documents\GitHub-Data\sdv-dev\cfbfastR-dev\cfbfastR-cfb-raw\.venv\Lib\site-packages\sportsdataverse\cfb\cfb_game_rosters.py", line 66, in espn_cfb_game_rosters
    team_rosters = helper_cfb_roster_items(items=items, summary_url=summary_url, **kwargs)
                   ^^^^^^^^^^^^^^^^^^^^^^^^^^^^^^^^^^^^^^^^^^^^^^^^^^^^^^^^^^^^^^^^^^^^^^^
  File "C:\Users\saiem\Documents\GitHub-Data\sdv-dev\cfbfastR-dev\cfbfastR-cfb-raw\.venv\Lib\site-packages\sportsdataverse\cfb\cfb_game_rosters.py", line 209, in helper_cfb_roster_items
    raise NoESPNDataError(f"NoESPNDataError: No roster data found for any team at {summary_url}")
sportsdataverse.errors.NoESPNDataError: NoESPNDataError: No roster data found for any team at https://sports.core.api.espn.com/v2/sports/football/leagues/college-football/events/312460130/competitions/312460130/competitors
2026-06-17 07:58:21,199 INFO season 2011: 118 hollow/missing games to rescrape
2026-06-17 07:58:24,301 ERROR extra fetch failed: _rosters(312440041,)
Traceback (most recent call last):
  File "C:\Users\saiem\Documents\GitHub-Data\sdv-dev\cfbfastR-dev\cfbfastR-cfb-raw\python\_cfb_raw_utils.py", line 93, in _safe
    return fn(*args, **kwargs)
           ^^^^^^^^^^^^^^^^^^^
  File "C:\Users\saiem\Documents\GitHub-Data\sdv-dev\cfbfastR-dev\cfbfastR-cfb-raw\python\scrape_cfb_json.py", line 42, in _rosters
    return sdv.cfb.espn_cfb_game_rosters(
           ^^^^^^^^^^^^^^^^^^^^^^^^^^^^^^
  File "C:\Users\saiem\Documents\GitHub-Data\sdv-dev\cfbfastR-dev\cfbfastR-cfb-raw\.venv\Lib\site-packages\sportsdataverse\cfb\cfb_game_rosters.py", line 66, in espn_cfb_game_rosters
    team_rosters = helper_cfb_roster_items(items=items, summary_url=summary_url, **kwargs)
                   ^^^^^^^^^^^^^^^^^^^^^^^^^^^^^^^^^^^^^^^^^^^^^^^^^^^^^^^^^^^^^^^^^^^^^^^
  File "C:\Users\saiem\Documents\GitHub-Data\sdv-dev\cfbfastR-dev\cfbfastR-cfb-raw\.venv\Lib\site-packages\sportsdataverse\cfb\cfb_game_rosters.py", line 209, in helper_cfb_roster_items
    raise NoESPNDataError(f"NoESPNDataError: No roster data found for any team at {summary_url}")
sportsdataverse.errors.NoESPNDataError: NoESPNDataError: No roster data found for any team at https://sports.core.api.espn.com/v2/sports/football/leagues/college-football/events/312440041/competitions/312440041/competitors
2026-06-17 07:58:24,832 ERROR extra fetch failed: _rosters(312460130,)
Traceback (most recent call last):
  File "C:\Users\saiem\Documents\GitHub-Data\sdv-dev\cfbfastR-dev\cfbfastR-cfb-raw\python\_cfb_raw_utils.py", line 93, in _safe
    return fn(*args, **kwargs)
           ^^^^^^^^^^^^^^^^^^^
  File "C:\Users\saiem\Documents\GitHub-Data\sdv-dev\cfbfastR-dev\cfbfastR-cfb-raw\python\scrape_cfb_json.py", line 42, in _rosters
    return sdv.cfb.espn_cfb_game_rosters(
           ^^^^^^^^^^^^^^^^^^^^^^^^^^^^^^
  File "C:\Users\saiem\Documents\GitHub-Data\sdv-dev\cfbfastR-dev\cfbfastR-cfb-raw\.venv\Lib\site-packages\sportsdataverse\cfb\cfb_game_rosters.py", line 66, in espn_cfb_game_rosters
    team_rosters = helper_cfb_roster_items(items=items, summary_url=summary_url, **kwargs)
                   ^^^^^^^^^^^^^^^^^^^^^^^^^^^^^^^^^^^^^^^^^^^^^^^^^^^^^^^^^^^^^^^^^^^^^^^
  File "C:\Users\saiem\Documents\GitHub-Data\sdv-dev\cfbfastR-dev\cfbfastR-cfb-raw\.venv\Lib\site-packages\sportsdataverse\cfb\cfb_game_rosters.py", line 209, in helper_cfb_roster_items
    raise NoESPNDataError(f"NoESPNDataError: No roster data found for any team at {summary_url}")
sportsdataverse.errors.NoESPNDataError: NoESPNDataError: No roster data found for any team at https://sports.core.api.espn.com/v2/sports/football/leagues/college-football/events/312460130/competitions/312460130/competitors
2026-06-17 07:58:38,517 ERROR download_game failed: 312740309
Traceback (most recent call last):
  File "C:\Users\saiem\Documents\GitHub-Data\sdv-dev\cfbfastR-dev\cfbfastR-cfb-raw\python\scrape_cfb_json.py", line 120, in download_game
    write_json_atomic(result, f"cfb/json/final/{game_id}.json")
  File "C:\Users\saiem\Documents\GitHub-Data\sdv-dev\cfbfastR-dev\cfbfastR-cfb-raw\python\_cfb_raw_utils.py", line 73, in write_json_atomic
    os.replace(tmp, path)
PermissionError: [WinError 32] The process cannot access the file because it is being used by another process: 'cfb\\json\\final\\312740309.json.tmp' -> 'cfb\\json\\final\\312740309.json'
2026-06-17 07:58:38,954 ERROR download_game failed: 312742653
Traceback (most recent call last):
  File "C:\Users\saiem\Documents\GitHub-Data\sdv-dev\cfbfastR-dev\cfbfastR-cfb-raw\python\scrape_cfb_json.py", line 75, in download_game
    write_json_atomic(raw, f"cfb/json/raw/{game_id}.json")
  File "C:\Users\saiem\Documents\GitHub-Data\sdv-dev\cfbfastR-dev\cfbfastR-cfb-raw\python\_cfb_raw_utils.py", line 73, in write_json_atomic
    os.replace(tmp, path)
PermissionError: [WinError 32] The process cannot access the file because it is being used by another process: 'cfb\\json\\raw\\312742653.json.tmp' -> 'cfb\\json\\raw\\312742653.json'
2026-06-17 07:58:40,209 ERROR download_game failed: 312742229
Traceback (most recent call last):
  File "C:\Users\saiem\Documents\GitHub-Data\sdv-dev\cfbfastR-dev\cfbfastR-cfb-raw\python\scrape_cfb_json.py", line 106, in download_game
    write_json_atomic(stamp(obj, game_id=game_id, season=season, week=week),
  File "C:\Users\saiem\Documents\GitHub-Data\sdv-dev\cfbfastR-dev\cfbfastR-cfb-raw\python\_cfb_raw_utils.py", line 73, in write_json_atomic
    os.replace(tmp, path)
PermissionError: [WinError 32] The process cannot access the file because it is being used by another process: 'cfb\\game_rosters\\json\\312742229.json.tmp' -> 'cfb\\game_rosters\\json\\312742229.json'
2026-06-17 07:58:41,569 ERROR download_game failed: 312742348
Traceback (most recent call last):
  File "C:\Users\saiem\Documents\GitHub-Data\sdv-dev\cfbfastR-dev\cfbfastR-cfb-raw\python\scrape_cfb_json.py", line 106, in download_game
    write_json_atomic(stamp(obj, game_id=game_id, season=season, week=week),
  File "C:\Users\saiem\Documents\GitHub-Data\sdv-dev\cfbfastR-dev\cfbfastR-cfb-raw\python\_cfb_raw_utils.py", line 73, in write_json_atomic
    os.replace(tmp, path)
PermissionError: [WinError 32] The process cannot access the file because it is being used by another process: 'cfb\\game_rosters\\json\\312742348.json.tmp' -> 'cfb\\game_rosters\\json\\312742348.json'
2026-06-17 07:58:41,926 ERROR download_game failed: 312740167
Traceback (most recent call last):
  File "C:\Users\saiem\Documents\GitHub-Data\sdv-dev\cfbfastR-dev\cfbfastR-cfb-raw\python\scrape_cfb_json.py", line 75, in download_game
    write_json_atomic(raw, f"cfb/json/raw/{game_id}.json")
  File "C:\Users\saiem\Documents\GitHub-Data\sdv-dev\cfbfastR-dev\cfbfastR-cfb-raw\python\_cfb_raw_utils.py", line 73, in write_json_atomic
    os.replace(tmp, path)
PermissionError: [WinError 32] The process cannot access the file because it is being used by another process: 'cfb\\json\\raw\\312740167.json.tmp' -> 'cfb\\json\\raw\\312740167.json'
2026-06-17 07:58:46,165 ERROR download_game failed: 312742572
Traceback (most recent call last):
  File "C:\Users\saiem\Documents\GitHub-Data\sdv-dev\cfbfastR-dev\cfbfastR-cfb-raw\python\scrape_cfb_json.py", line 106, in download_game
    write_json_atomic(stamp(obj, game_id=game_id, season=season, week=week),
  File "C:\Users\saiem\Documents\GitHub-Data\sdv-dev\cfbfastR-dev\cfbfastR-cfb-raw\python\_cfb_raw_utils.py", line 73, in write_json_atomic
    os.replace(tmp, path)
PermissionError: [WinError 32] The process cannot access the file because it is being used by another process: 'cfb\\game_rosters\\json\\312742572.json.tmp' -> 'cfb\\game_rosters\\json\\312742572.json'
2026-06-17 07:58:46,610 ERROR download_game failed: 312740278
Traceback (most recent call last):
  File "C:\Users\saiem\Documents\GitHub-Data\sdv-dev\cfbfastR-dev\cfbfastR-cfb-raw\python\scrape_cfb_json.py", line 75, in download_game
    write_json_atomic(raw, f"cfb/json/raw/{game_id}.json")
  File "C:\Users\saiem\Documents\GitHub-Data\sdv-dev\cfbfastR-dev\cfbfastR-cfb-raw\python\_cfb_raw_utils.py", line 73, in write_json_atomic
    os.replace(tmp, path)
PermissionError: [WinError 32] The process cannot access the file because it is being used by another process: 'cfb\\json\\raw\\312740278.json.tmp' -> 'cfb\\json\\raw\\312740278.json'
2026-06-17 07:58:46,802 ERROR download_game failed: 312792483
Traceback (most recent call last):
  File "C:\Users\saiem\Documents\GitHub-Data\sdv-dev\cfbfastR-dev\cfbfastR-cfb-raw\python\scrape_cfb_json.py", line 75, in download_game
    write_json_atomic(raw, f"cfb/json/raw/{game_id}.json")
  File "C:\Users\saiem\Documents\GitHub-Data\sdv-dev\cfbfastR-dev\cfbfastR-cfb-raw\python\_cfb_raw_utils.py", line 73, in write_json_atomic
    os.replace(tmp, path)
PermissionError: [WinError 32] The process cannot access the file because it is being used by another process: 'cfb\\json\\raw\\312792483.json.tmp' -> 'cfb\\json\\raw\\312792483.json'
2026-06-17 07:58:46,933 ERROR download_game failed: 312740151
Traceback (most recent call last):
  File "C:\Users\saiem\Documents\GitHub-Data\sdv-dev\cfbfastR-dev\cfbfastR-cfb-raw\python\scrape_cfb_json.py", line 106, in download_game
    write_json_atomic(stamp(obj, game_id=game_id, season=season, week=week),
  File "C:\Users\saiem\Documents\GitHub-Data\sdv-dev\cfbfastR-dev\cfbfastR-cfb-raw\python\_cfb_raw_utils.py", line 73, in write_json_atomic
    os.replace(tmp, path)
PermissionError: [WinError 32] The process cannot access the file because it is being used by another process: 'cfb\\game_rosters\\json\\312740151.json.tmp' -> 'cfb\\game_rosters\\json\\312740151.json'
2026-06-17 07:58:47,246 ERROR download_game failed: 312792393
Traceback (most recent call last):
  File "C:\Users\saiem\Documents\GitHub-Data\sdv-dev\cfbfastR-dev\cfbfastR-cfb-raw\python\scrape_cfb_json.py", line 75, in download_game
    write_json_atomic(raw, f"cfb/json/raw/{game_id}.json")
  File "C:\Users\saiem\Documents\GitHub-Data\sdv-dev\cfbfastR-dev\cfbfastR-cfb-raw\python\_cfb_raw_utils.py", line 73, in write_json_atomic
    os.replace(tmp, path)
PermissionError: [WinError 32] The process cannot access the file because it is being used by another process: 'cfb\\json\\raw\\312792393.json.tmp' -> 'cfb\\json\\raw\\312792393.json'
2026-06-17 07:58:48,505 ERROR download_game failed: 312742509
Traceback (most recent call last):
  File "C:\Users\saiem\Documents\GitHub-Data\sdv-dev\cfbfastR-dev\cfbfastR-cfb-raw\python\scrape_cfb_json.py", line 106, in download_game
    write_json_atomic(stamp(obj, game_id=game_id, season=season, week=week),
  File "C:\Users\saiem\Documents\GitHub-Data\sdv-dev\cfbfastR-dev\cfbfastR-cfb-raw\python\_cfb_raw_utils.py", line 73, in write_json_atomic
    os.replace(tmp, path)
PermissionError: [WinError 32] The process cannot access the file because it is being used by another process: 'cfb\\game_rosters\\json\\312742509.json.tmp' -> 'cfb\\game_rosters\\json\\312742509.json'
2026-06-17 07:58:54,359 ERROR download_game failed: 312800278
Traceback (most recent call last):
  File "C:\Users\saiem\Documents\GitHub-Data\sdv-dev\cfbfastR-dev\cfbfastR-cfb-raw\python\scrape_cfb_json.py", line 106, in download_game
    write_json_atomic(stamp(obj, game_id=game_id, season=season, week=week),
  File "C:\Users\saiem\Documents\GitHub-Data\sdv-dev\cfbfastR-dev\cfbfastR-cfb-raw\python\_cfb_raw_utils.py", line 73, in write_json_atomic
    os.replace(tmp, path)
PermissionError: [WinError 32] The process cannot access the file because it is being used by another process: 'cfb\\game_rosters\\json\\312800278.json.tmp' -> 'cfb\\game_rosters\\json\\312800278.json'
2026-06-17 07:58:54,818 ERROR download_game failed: 312810197
Traceback (most recent call last):
  File "C:\Users\saiem\Documents\GitHub-Data\sdv-dev\cfbfastR-dev\cfbfastR-cfb-raw\python\scrape_cfb_json.py", line 75, in download_game
    write_json_atomic(raw, f"cfb/json/raw/{game_id}.json")
  File "C:\Users\saiem\Documents\GitHub-Data\sdv-dev\cfbfastR-dev\cfbfastR-cfb-raw\python\_cfb_raw_utils.py", line 73, in write_json_atomic
    os.replace(tmp, path)
PermissionError: [WinError 32] The process cannot access the file because it is being used by another process: 'cfb\\json\\raw\\312810197.json.tmp' -> 'cfb\\json\\raw\\312810197.json'
2026-06-17 07:59:01,819 ERROR download_game failed: 312810024
Traceback (most recent call last):
  File "C:\Users\saiem\Documents\GitHub-Data\sdv-dev\cfbfastR-dev\cfbfastR-cfb-raw\python\scrape_cfb_json.py", line 106, in download_game
    write_json_atomic(stamp(obj, game_id=game_id, season=season, week=week),
  File "C:\Users\saiem\Documents\GitHub-Data\sdv-dev\cfbfastR-dev\cfbfastR-cfb-raw\python\_cfb_raw_utils.py", line 73, in write_json_atomic
    os.replace(tmp, path)
PermissionError: [WinError 32] The process cannot access the file because it is being used by another process: 'cfb\\game_rosters\\json\\312810024.json.tmp' -> 'cfb\\game_rosters\\json\\312810024.json'
2026-06-17 07:59:02,929 ERROR download_game failed: 312810228
Traceback (most recent call last):
  File "C:\Users\saiem\Documents\GitHub-Data\sdv-dev\cfbfastR-dev\cfbfastR-cfb-raw\python\scrape_cfb_json.py", line 106, in download_game
    write_json_atomic(stamp(obj, game_id=game_id, season=season, week=week),
  File "C:\Users\saiem\Documents\GitHub-Data\sdv-dev\cfbfastR-dev\cfbfastR-cfb-raw\python\_cfb_raw_utils.py", line 73, in write_json_atomic
    os.replace(tmp, path)
PermissionError: [WinError 32] The process cannot access the file because it is being used by another process: 'cfb\\game_rosters\\json\\312810228.json.tmp' -> 'cfb\\game_rosters\\json\\312810228.json'
2026-06-17 07:59:03,135 ERROR download_game failed: 312810008
Traceback (most recent call last):
  File "C:\Users\saiem\Documents\GitHub-Data\sdv-dev\cfbfastR-dev\cfbfastR-cfb-raw\python\scrape_cfb_json.py", line 120, in download_game
    write_json_atomic(result, f"cfb/json/final/{game_id}.json")
  File "C:\Users\saiem\Documents\GitHub-Data\sdv-dev\cfbfastR-dev\cfbfastR-cfb-raw\python\_cfb_raw_utils.py", line 73, in write_json_atomic
    os.replace(tmp, path)
PermissionError: [WinError 32] The process cannot access the file because it is being used by another process: 'cfb\\json\\final\\312810008.json.tmp' -> 'cfb\\json\\final\\312810008.json'
2026-06-17 07:59:03,595 ERROR download_game failed: 312810277
Traceback (most recent call last):
  File "C:\Users\saiem\Documents\GitHub-Data\sdv-dev\cfbfastR-dev\cfbfastR-cfb-raw\python\scrape_cfb_json.py", line 75, in download_game
    write_json_atomic(raw, f"cfb/json/raw/{game_id}.json")
  File "C:\Users\saiem\Documents\GitHub-Data\sdv-dev\cfbfastR-dev\cfbfastR-cfb-raw\python\_cfb_raw_utils.py", line 73, in write_json_atomic
    os.replace(tmp, path)
PermissionError: [WinError 32] The process cannot access the file because it is being used by another process: 'cfb\\json\\raw\\312810277.json.tmp' -> 'cfb\\json\\raw\\312810277.json'
2026-06-17 07:59:07,987 ERROR download_game failed: 312810059
Traceback (most recent call last):
  File "C:\Users\saiem\Documents\GitHub-Data\sdv-dev\cfbfastR-dev\cfbfastR-cfb-raw\python\scrape_cfb_json.py", line 106, in download_game
    write_json_atomic(stamp(obj, game_id=game_id, season=season, week=week),
  File "C:\Users\saiem\Documents\GitHub-Data\sdv-dev\cfbfastR-dev\cfbfastR-cfb-raw\python\_cfb_raw_utils.py", line 73, in write_json_atomic
    os.replace(tmp, path)
PermissionError: [WinError 32] The process cannot access the file because it is being used by another process: 'cfb\\game_rosters\\json\\312810059.json.tmp' -> 'cfb\\game_rosters\\json\\312810059.json'
2026-06-17 07:59:09,415 ERROR download_game failed: 312810158
Traceback (most recent call last):
  File "C:\Users\saiem\Documents\GitHub-Data\sdv-dev\cfbfastR-dev\cfbfastR-cfb-raw\python\scrape_cfb_json.py", line 106, in download_game
    write_json_atomic(stamp(obj, game_id=game_id, season=season, week=week),
  File "C:\Users\saiem\Documents\GitHub-Data\sdv-dev\cfbfastR-dev\cfbfastR-cfb-raw\python\_cfb_raw_utils.py", line 73, in write_json_atomic
    os.replace(tmp, path)
PermissionError: [WinError 32] The process cannot access the file because it is being used by another process: 'cfb\\game_rosters\\json\\312810158.json.tmp' -> 'cfb\\game_rosters\\json\\312810158.json'
2026-06-17 07:59:12,832 ERROR download_game failed: 312810084
Traceback (most recent call last):
  File "C:\Users\saiem\Documents\GitHub-Data\sdv-dev\cfbfastR-dev\cfbfastR-cfb-raw\python\scrape_cfb_json.py", line 120, in download_game
    write_json_atomic(result, f"cfb/json/final/{game_id}.json")
  File "C:\Users\saiem\Documents\GitHub-Data\sdv-dev\cfbfastR-dev\cfbfastR-cfb-raw\python\_cfb_raw_utils.py", line 73, in write_json_atomic
    os.replace(tmp, path)
PermissionError: [WinError 32] The process cannot access the file because it is being used by another process: 'cfb\\json\\final\\312810084.json.tmp' -> 'cfb\\json\\final\\312810084.json'
2026-06-17 07:59:13,441 ERROR download_game failed: 312810154
Traceback (most recent call last):
  File "C:\Users\saiem\Documents\GitHub-Data\sdv-dev\cfbfastR-dev\cfbfastR-cfb-raw\python\scrape_cfb_json.py", line 75, in download_game
    write_json_atomic(raw, f"cfb/json/raw/{game_id}.json")
  File "C:\Users\saiem\Documents\GitHub-Data\sdv-dev\cfbfastR-dev\cfbfastR-cfb-raw\python\_cfb_raw_utils.py", line 73, in write_json_atomic
    os.replace(tmp, path)
PermissionError: [WinError 32] The process cannot access the file because it is being used by another process: 'cfb\\json\\raw\\312810154.json.tmp' -> 'cfb\\json\\raw\\312810154.json'
2026-06-17 07:59:14,693 ERROR download_game failed: 312812306
Traceback (most recent call last):
  File "C:\Users\saiem\Documents\GitHub-Data\sdv-dev\cfbfastR-dev\cfbfastR-cfb-raw\python\scrape_cfb_json.py", line 106, in download_game
    write_json_atomic(stamp(obj, game_id=game_id, season=season, week=week),
  File "C:\Users\saiem\Documents\GitHub-Data\sdv-dev\cfbfastR-dev\cfbfastR-cfb-raw\python\_cfb_raw_utils.py", line 73, in write_json_atomic
    os.replace(tmp, path)
PermissionError: [WinError 32] The process cannot access the file because it is being used by another process: 'cfb\\game_rosters\\json\\312812306.json.tmp' -> 'cfb\\game_rosters\\json\\312812306.json'
2026-06-17 07:59:16,570 ERROR download_game failed: 312810259
Traceback (most recent call last):
  File "C:\Users\saiem\Documents\GitHub-Data\sdv-dev\cfbfastR-dev\cfbfastR-cfb-raw\python\scrape_cfb_json.py", line 106, in download_game
    write_json_atomic(stamp(obj, game_id=game_id, season=season, week=week),
  File "C:\Users\saiem\Documents\GitHub-Data\sdv-dev\cfbfastR-dev\cfbfastR-cfb-raw\python\_cfb_raw_utils.py", line 73, in write_json_atomic
    os.replace(tmp, path)
PermissionError: [WinError 32] The process cannot access the file because it is being used by another process: 'cfb\\game_rosters\\json\\312810259.json.tmp' -> 'cfb\\game_rosters\\json\\312810259.json'
2026-06-17 07:59:18,439 ERROR download_game failed: 312810254
Traceback (most recent call last):
  File "C:\Users\saiem\Documents\GitHub-Data\sdv-dev\cfbfastR-dev\cfbfastR-cfb-raw\python\scrape_cfb_json.py", line 106, in download_game
    write_json_atomic(stamp(obj, game_id=game_id, season=season, week=week),
  File "C:\Users\saiem\Documents\GitHub-Data\sdv-dev\cfbfastR-dev\cfbfastR-cfb-raw\python\_cfb_raw_utils.py", line 73, in write_json_atomic
    os.replace(tmp, path)
PermissionError: [WinError 32] The process cannot access the file because it is being used by another process: 'cfb\\game_rosters\\json\\312810254.json.tmp' -> 'cfb\\game_rosters\\json\\312810254.json'
2026-06-17 07:59:20,841 ERROR download_game failed: 312812641
Traceback (most recent call last):
  File "C:\Users\saiem\Documents\GitHub-Data\sdv-dev\cfbfastR-dev\cfbfastR-cfb-raw\python\scrape_cfb_json.py", line 106, in download_game
    write_json_atomic(stamp(obj, game_id=game_id, season=season, week=week),
  File "C:\Users\saiem\Documents\GitHub-Data\sdv-dev\cfbfastR-dev\cfbfastR-cfb-raw\python\_cfb_raw_utils.py", line 73, in write_json_atomic
    os.replace(tmp, path)
PermissionError: [WinError 32] The process cannot access the file because it is being used by another process: 'cfb\\game_rosters\\json\\312812641.json.tmp' -> 'cfb\\game_rosters\\json\\312812641.json'
2026-06-17 07:59:21,297 ERROR download_game failed: 312812509
Traceback (most recent call last):
  File "C:\Users\saiem\Documents\GitHub-Data\sdv-dev\cfbfastR-dev\cfbfastR-cfb-raw\python\scrape_cfb_json.py", line 75, in download_game
    write_json_atomic(raw, f"cfb/json/raw/{game_id}.json")
  File "C:\Users\saiem\Documents\GitHub-Data\sdv-dev\cfbfastR-dev\cfbfastR-cfb-raw\python\_cfb_raw_utils.py", line 73, in write_json_atomic
    os.replace(tmp, path)
PermissionError: [WinError 32] The process cannot access the file because it is being used by another process: 'cfb\\json\\raw\\312812509.json.tmp' -> 'cfb\\json\\raw\\312812509.json'
2026-06-17 07:59:21,553 ERROR download_game failed: 312810239
Traceback (most recent call last):
  File "C:\Users\saiem\Documents\GitHub-Data\sdv-dev\cfbfastR-dev\cfbfastR-cfb-raw\python\scrape_cfb_json.py", line 106, in download_game
    write_json_atomic(stamp(obj, game_id=game_id, season=season, week=week),
  File "C:\Users\saiem\Documents\GitHub-Data\sdv-dev\cfbfastR-dev\cfbfastR-cfb-raw\python\_cfb_raw_utils.py", line 73, in write_json_atomic
    os.replace(tmp, path)
PermissionError: [WinError 32] The process cannot access the file because it is being used by another process: 'cfb\\game_rosters\\json\\312810239.json.tmp' -> 'cfb\\game_rosters\\json\\312810239.json'
2026-06-17 07:59:21,686 ERROR download_game failed: 312810242
Traceback (most recent call last):
  File "C:\Users\saiem\Documents\GitHub-Data\sdv-dev\cfbfastR-dev\cfbfastR-cfb-raw\python\scrape_cfb_json.py", line 75, in download_game
    write_json_atomic(raw, f"cfb/json/raw/{game_id}.json")
  File "C:\Users\saiem\Documents\GitHub-Data\sdv-dev\cfbfastR-dev\cfbfastR-cfb-raw\python\_cfb_raw_utils.py", line 73, in write_json_atomic
    os.replace(tmp, path)
PermissionError: [WinError 32] The process cannot access the file because it is being used by another process: 'cfb\\json\\raw\\312810242.json.tmp' -> 'cfb\\json\\raw\\312810242.json'
2026-06-17 07:59:22,059 ERROR download_game failed: 312810193
Traceback (most recent call last):
  File "C:\Users\saiem\Documents\GitHub-Data\sdv-dev\cfbfastR-dev\cfbfastR-cfb-raw\python\scrape_cfb_json.py", line 75, in download_game
    write_json_atomic(raw, f"cfb/json/raw/{game_id}.json")
  File "C:\Users\saiem\Documents\GitHub-Data\sdv-dev\cfbfastR-dev\cfbfastR-cfb-raw\python\_cfb_raw_utils.py", line 73, in write_json_atomic
    os.replace(tmp, path)
PermissionError: [WinError 32] The process cannot access the file because it is being used by another process: 'cfb\\json\\raw\\312810193.json.tmp' -> 'cfb\\json\\raw\\312810193.json'
2026-06-17 07:59:27,655 ERROR download_game failed: 312812006
Traceback (most recent call last):
  File "C:\Users\saiem\Documents\GitHub-Data\sdv-dev\cfbfastR-dev\cfbfastR-cfb-raw\python\scrape_cfb_json.py", line 106, in download_game
    write_json_atomic(stamp(obj, game_id=game_id, season=season, week=week),
  File "C:\Users\saiem\Documents\GitHub-Data\sdv-dev\cfbfastR-dev\cfbfastR-cfb-raw\python\_cfb_raw_utils.py", line 73, in write_json_atomic
    os.replace(tmp, path)
PermissionError: [WinError 32] The process cannot access the file because it is being used by another process: 'cfb\\game_rosters\\json\\312812006.json.tmp' -> 'cfb\\game_rosters\\json\\312812006.json'
2026-06-17 07:59:29,977 ERROR download_game failed: 312812050
Traceback (most recent call last):
  File "C:\Users\saiem\Documents\GitHub-Data\sdv-dev\cfbfastR-dev\cfbfastR-cfb-raw\python\scrape_cfb_json.py", line 106, in download_game
    write_json_atomic(stamp(obj, game_id=game_id, season=season, week=week),
  File "C:\Users\saiem\Documents\GitHub-Data\sdv-dev\cfbfastR-dev\cfbfastR-cfb-raw\python\_cfb_raw_utils.py", line 73, in write_json_atomic
    os.replace(tmp, path)
PermissionError: [WinError 32] The process cannot access the file because it is being used by another process: 'cfb\\game_rosters\\json\\312812050.json.tmp' -> 'cfb\\game_rosters\\json\\312812050.json'
2026-06-17 07:59:30,286 ERROR download_game failed: 312810152
Traceback (most recent call last):
  File "C:\Users\saiem\Documents\GitHub-Data\sdv-dev\cfbfastR-dev\cfbfastR-cfb-raw\python\scrape_cfb_json.py", line 75, in download_game
    write_json_atomic(raw, f"cfb/json/raw/{game_id}.json")
  File "C:\Users\saiem\Documents\GitHub-Data\sdv-dev\cfbfastR-dev\cfbfastR-cfb-raw\python\_cfb_raw_utils.py", line 73, in write_json_atomic
    os.replace(tmp, path)
PermissionError: [WinError 32] The process cannot access the file because it is being used by another process: 'cfb\\json\\raw\\312810152.json.tmp' -> 'cfb\\json\\raw\\312810152.json'
2026-06-17 07:59:34,794 ERROR download_game failed: 312812649
Traceback (most recent call last):
  File "C:\Users\saiem\Documents\GitHub-Data\sdv-dev\cfbfastR-dev\cfbfastR-cfb-raw\python\scrape_cfb_json.py", line 106, in download_game
    write_json_atomic(stamp(obj, game_id=game_id, season=season, week=week),
  File "C:\Users\saiem\Documents\GitHub-Data\sdv-dev\cfbfastR-dev\cfbfastR-cfb-raw\python\_cfb_raw_utils.py", line 73, in write_json_atomic
    os.replace(tmp, path)
PermissionError: [WinError 32] The process cannot access the file because it is being used by another process: 'cfb\\game_rosters\\json\\312812649.json.tmp' -> 'cfb\\game_rosters\\json\\312812649.json'
2026-06-17 07:59:35,399 ERROR download_game failed: 312810087
Traceback (most recent call last):
  File "C:\Users\saiem\Documents\GitHub-Data\sdv-dev\cfbfastR-dev\cfbfastR-cfb-raw\python\scrape_cfb_json.py", line 106, in download_game
    write_json_atomic(stamp(obj, game_id=game_id, season=season, week=week),
  File "C:\Users\saiem\Documents\GitHub-Data\sdv-dev\cfbfastR-dev\cfbfastR-cfb-raw\python\_cfb_raw_utils.py", line 73, in write_json_atomic
    os.replace(tmp, path)
PermissionError: [WinError 32] The process cannot access the file because it is being used by another process: 'cfb\\game_rosters\\json\\312810087.json.tmp' -> 'cfb\\game_rosters\\json\\312810087.json'
2026-06-17 07:59:35,866 ERROR extra fetch failed: _rosters(312810152,)
Traceback (most recent call last):
  File "C:\Users\saiem\Documents\GitHub-Data\sdv-dev\cfbfastR-dev\cfbfastR-cfb-raw\.venv\Lib\site-packages\requests\models.py", line 1116, in json
    return complexjson.loads(self.text, **kwargs)
           ^^^^^^^^^^^^^^^^^^^^^^^^^^^^^^^^^^^^^^
  File "C:\Users\saiem\AppData\Local\Programs\Python\Python311\Lib\json\__init__.py", line 346, in loads
    return _default_decoder.decode(s)
           ^^^^^^^^^^^^^^^^^^^^^^^^^^
  File "C:\Users\saiem\AppData\Local\Programs\Python\Python311\Lib\json\decoder.py", line 337, in decode
    obj, end = self.raw_decode(s, idx=_w(s, 0).end())
               ^^^^^^^^^^^^^^^^^^^^^^^^^^^^^^^^^^^^^^
  File "C:\Users\saiem\AppData\Local\Programs\Python\Python311\Lib\json\decoder.py", line 355, in raw_decode
    raise JSONDecodeError("Expecting value", s, err.value) from None
json.decoder.JSONDecodeError: Expecting value: line 1 column 1 (char 0)

During handling of the above exception, another exception occurred:

Traceback (most recent call last):
  File "C:\Users\saiem\Documents\GitHub-Data\sdv-dev\cfbfastR-dev\cfbfastR-cfb-raw\python\_cfb_raw_utils.py", line 93, in _safe
    return fn(*args, **kwargs)
           ^^^^^^^^^^^^^^^^^^^
  File "C:\Users\saiem\Documents\GitHub-Data\sdv-dev\cfbfastR-dev\cfbfastR-cfb-raw\python\scrape_cfb_json.py", line 42, in _rosters
    return sdv.cfb.espn_cfb_game_rosters(
           ^^^^^^^^^^^^^^^^^^^^^^^^^^^^^^
  File "C:\Users\saiem\Documents\GitHub-Data\sdv-dev\cfbfastR-dev\cfbfastR-cfb-raw\.venv\Lib\site-packages\sportsdataverse\cfb\cfb_game_rosters.py", line 70, in espn_cfb_game_rosters
    athletes = helper_cfb_athlete_items(teams_rosters=team_rosters, **kwargs)
               ^^^^^^^^^^^^^^^^^^^^^^^^^^^^^^^^^^^^^^^^^^^^^^^^^^^^^^^^^^^^^^
  File "C:\Users\saiem\Documents\GitHub-Data\sdv-dev\cfbfastR-dev\cfbfastR-cfb-raw\.venv\Lib\site-packages\sportsdataverse\cfb\cfb_game_rosters.py", line 253, in helper_cfb_athlete_items
    athlete_resp = athlete_res.json()
                   ^^^^^^^^^^^^^^^^^^
  File "C:\Users\saiem\Documents\GitHub-Data\sdv-dev\cfbfastR-dev\cfbfastR-cfb-raw\.venv\Lib\site-packages\requests\models.py", line 1120, in json
    raise RequestsJSONDecodeError(e.msg, e.doc, e.pos)
requests.exceptions.JSONDecodeError: Expecting value: line 1 column 1 (char 0)
2026-06-17 07:59:36,100 ERROR extra fetch failed: _rosters(312810204,)
Traceback (most recent call last):
  File "C:\Users\saiem\Documents\GitHub-Data\sdv-dev\cfbfastR-dev\cfbfastR-cfb-raw\.venv\Lib\site-packages\requests\models.py", line 1116, in json
    return complexjson.loads(self.text, **kwargs)
           ^^^^^^^^^^^^^^^^^^^^^^^^^^^^^^^^^^^^^^
  File "C:\Users\saiem\AppData\Local\Programs\Python\Python311\Lib\json\__init__.py", line 346, in loads
    return _default_decoder.decode(s)
           ^^^^^^^^^^^^^^^^^^^^^^^^^^
  File "C:\Users\saiem\AppData\Local\Programs\Python\Python311\Lib\json\decoder.py", line 337, in decode
    obj, end = self.raw_decode(s, idx=_w(s, 0).end())
               ^^^^^^^^^^^^^^^^^^^^^^^^^^^^^^^^^^^^^^
  File "C:\Users\saiem\AppData\Local\Programs\Python\Python311\Lib\json\decoder.py", line 355, in raw_decode
    raise JSONDecodeError("Expecting value", s, err.value) from None
json.decoder.JSONDecodeError: Expecting value: line 1 column 1 (char 0)

During handling of the above exception, another exception occurred:

Traceback (most recent call last):
  File "C:\Users\saiem\Documents\GitHub-Data\sdv-dev\cfbfastR-dev\cfbfastR-cfb-raw\python\_cfb_raw_utils.py", line 93, in _safe
    return fn(*args, **kwargs)
           ^^^^^^^^^^^^^^^^^^^
  File "C:\Users\saiem\Documents\GitHub-Data\sdv-dev\cfbfastR-dev\cfbfastR-cfb-raw\python\scrape_cfb_json.py", line 42, in _rosters
    return sdv.cfb.espn_cfb_game_rosters(
           ^^^^^^^^^^^^^^^^^^^^^^^^^^^^^^
  File "C:\Users\saiem\Documents\GitHub-Data\sdv-dev\cfbfastR-dev\cfbfastR-cfb-raw\.venv\Lib\site-packages\sportsdataverse\cfb\cfb_game_rosters.py", line 70, in espn_cfb_game_rosters
    athletes = helper_cfb_athlete_items(teams_rosters=team_rosters, **kwargs)
               ^^^^^^^^^^^^^^^^^^^^^^^^^^^^^^^^^^^^^^^^^^^^^^^^^^^^^^^^^^^^^^
  File "C:\Users\saiem\Documents\GitHub-Data\sdv-dev\cfbfastR-dev\cfbfastR-cfb-raw\.venv\Lib\site-packages\sportsdataverse\cfb\cfb_game_rosters.py", line 253, in helper_cfb_athlete_items
    athlete_resp = athlete_res.json()
                   ^^^^^^^^^^^^^^^^^^
  File "C:\Users\saiem\Documents\GitHub-Data\sdv-dev\cfbfastR-dev\cfbfastR-cfb-raw\.venv\Lib\site-packages\requests\models.py", line 1120, in json
    raise RequestsJSONDecodeError(e.msg, e.doc, e.pos)
requests.exceptions.JSONDecodeError: Expecting value: line 1 column 1 (char 0)
2026-06-17 07:59:36,316 ERROR extra fetch failed: _rosters(312810164,)
Traceback (most recent call last):
  File "C:\Users\saiem\Documents\GitHub-Data\sdv-dev\cfbfastR-dev\cfbfastR-cfb-raw\.venv\Lib\site-packages\requests\models.py", line 1116, in json
    return complexjson.loads(self.text, **kwargs)
           ^^^^^^^^^^^^^^^^^^^^^^^^^^^^^^^^^^^^^^
  File "C:\Users\saiem\AppData\Local\Programs\Python\Python311\Lib\json\__init__.py", line 346, in loads
    return _default_decoder.decode(s)
           ^^^^^^^^^^^^^^^^^^^^^^^^^^
  File "C:\Users\saiem\AppData\Local\Programs\Python\Python311\Lib\json\decoder.py", line 337, in decode
    obj, end = self.raw_decode(s, idx=_w(s, 0).end())
               ^^^^^^^^^^^^^^^^^^^^^^^^^^^^^^^^^^^^^^
  File "C:\Users\saiem\AppData\Local\Programs\Python\Python311\Lib\json\decoder.py", line 355, in raw_decode
    raise JSONDecodeError("Expecting value", s, err.value) from None
json.decoder.JSONDecodeError: Expecting value: line 1 column 1 (char 0)

During handling of the above exception, another exception occurred:

Traceback (most recent call last):
  File "C:\Users\saiem\Documents\GitHub-Data\sdv-dev\cfbfastR-dev\cfbfastR-cfb-raw\python\_cfb_raw_utils.py", line 93, in _safe
    return fn(*args, **kwargs)
           ^^^^^^^^^^^^^^^^^^^
  File "C:\Users\saiem\Documents\GitHub-Data\sdv-dev\cfbfastR-dev\cfbfastR-cfb-raw\python\scrape_cfb_json.py", line 42, in _rosters
    return sdv.cfb.espn_cfb_game_rosters(
           ^^^^^^^^^^^^^^^^^^^^^^^^^^^^^^
  File "C:\Users\saiem\Documents\GitHub-Data\sdv-dev\cfbfastR-dev\cfbfastR-cfb-raw\.venv\Lib\site-packages\sportsdataverse\cfb\cfb_game_rosters.py", line 70, in espn_cfb_game_rosters
    athletes = helper_cfb_athlete_items(teams_rosters=team_rosters, **kwargs)
               ^^^^^^^^^^^^^^^^^^^^^^^^^^^^^^^^^^^^^^^^^^^^^^^^^^^^^^^^^^^^^^
  File "C:\Users\saiem\Documents\GitHub-Data\sdv-dev\cfbfastR-dev\cfbfastR-cfb-raw\.venv\Lib\site-packages\sportsdataverse\cfb\cfb_game_rosters.py", line 253, in helper_cfb_athlete_items
    athlete_resp = athlete_res.json()
                   ^^^^^^^^^^^^^^^^^^
  File "C:\Users\saiem\Documents\GitHub-Data\sdv-dev\cfbfastR-dev\cfbfastR-cfb-raw\.venv\Lib\site-packages\requests\models.py", line 1120, in json
    raise RequestsJSONDecodeError(e.msg, e.doc, e.pos)
requests.exceptions.JSONDecodeError: Expecting value: line 1 column 1 (char 0)
2026-06-17 07:59:36,693 ERROR download_game failed: 312812459
Traceback (most recent call last):
  File "C:\Users\saiem\Documents\GitHub-Data\sdv-dev\cfbfastR-dev\cfbfastR-cfb-raw\python\scrape_cfb_json.py", line 80, in download_game
    result = proc.run_processing_pipeline()
             ^^^^^^^^^^^^^^^^^^^^^^^^^^^^^^
  File "C:\Users\saiem\Documents\GitHub-Data\sdv-dev\cfbfastR-dev\cfbfastR-cfb-raw\.venv\Lib\site-packages\sportsdataverse\cfb\cfb_pbp.py", line 5904, in run_processing_pipeline
    pbp_txt = self.__helper_cfb_pbp_drives(self.json)
              ^^^^^^^^^^^^^^^^^^^^^^^^^^^^^^^^^^^^^^^
  File "C:\Users\saiem\Documents\GitHub-Data\sdv-dev\cfbfastR-dev\cfbfastR-cfb-raw\.venv\Lib\site-packages\sportsdataverse\cfb\cfb_pbp.py", line 482, in __helper_cfb_pbp_drives
    pbp_txt, init = self.__helper_cfb_pbp(pbp_txt)
                    ^^^^^^^^^^^^^^^^^^^^^^^^^^^^^^
  File "C:\Users\saiem\Documents\GitHub-Data\sdv-dev\cfbfastR-dev\cfbfastR-cfb-raw\.venv\Lib\site-packages\sportsdataverse\cfb\cfb_pbp.py", line 1045, in __helper_cfb_pbp
    raise NoESPNDataError(
sportsdataverse.errors.NoESPNDataError: ESPN summary for game 312812459 has no header.competitions; cannot build play-by-play.
2026-06-17 07:59:37,001 ERROR extra fetch failed: _rosters(312810164,)
Traceback (most recent call last):
  File "C:\Users\saiem\Documents\GitHub-Data\sdv-dev\cfbfastR-dev\cfbfastR-cfb-raw\.venv\Lib\site-packages\requests\models.py", line 1116, in json
    return complexjson.loads(self.text, **kwargs)
           ^^^^^^^^^^^^^^^^^^^^^^^^^^^^^^^^^^^^^^
  File "C:\Users\saiem\AppData\Local\Programs\Python\Python311\Lib\json\__init__.py", line 346, in loads
    return _default_decoder.decode(s)
           ^^^^^^^^^^^^^^^^^^^^^^^^^^
  File "C:\Users\saiem\AppData\Local\Programs\Python\Python311\Lib\json\decoder.py", line 337, in decode
    obj, end = self.raw_decode(s, idx=_w(s, 0).end())
               ^^^^^^^^^^^^^^^^^^^^^^^^^^^^^^^^^^^^^^
  File "C:\Users\saiem\AppData\Local\Programs\Python\Python311\Lib\json\decoder.py", line 355, in raw_decode
    raise JSONDecodeError("Expecting value", s, err.value) from None
json.decoder.JSONDecodeError: Expecting value: line 1 column 1 (char 0)

During handling of the above exception, another exception occurred:

Traceback (most recent call last):
  File "C:\Users\saiem\Documents\GitHub-Data\sdv-dev\cfbfastR-dev\cfbfastR-cfb-raw\python\_cfb_raw_utils.py", line 93, in _safe
    return fn(*args, **kwargs)
           ^^^^^^^^^^^^^^^^^^^
  File "C:\Users\saiem\Documents\GitHub-Data\sdv-dev\cfbfastR-dev\cfbfastR-cfb-raw\python\scrape_cfb_json.py", line 42, in _rosters
    return sdv.cfb.espn_cfb_game_rosters(
           ^^^^^^^^^^^^^^^^^^^^^^^^^^^^^^
  File "C:\Users\saiem\Documents\GitHub-Data\sdv-dev\cfbfastR-dev\cfbfastR-cfb-raw\.venv\Lib\site-packages\sportsdataverse\cfb\cfb_game_rosters.py", line 70, in espn_cfb_game_rosters
    athletes = helper_cfb_athlete_items(teams_rosters=team_rosters, **kwargs)
               ^^^^^^^^^^^^^^^^^^^^^^^^^^^^^^^^^^^^^^^^^^^^^^^^^^^^^^^^^^^^^^
  File "C:\Users\saiem\Documents\GitHub-Data\sdv-dev\cfbfastR-dev\cfbfastR-cfb-raw\.venv\Lib\site-packages\sportsdataverse\cfb\cfb_game_rosters.py", line 253, in helper_cfb_athlete_items
    athlete_resp = athlete_res.json()
                   ^^^^^^^^^^^^^^^^^^
  File "C:\Users\saiem\Documents\GitHub-Data\sdv-dev\cfbfastR-dev\cfbfastR-cfb-raw\.venv\Lib\site-packages\requests\models.py", line 1120, in json
    raise RequestsJSONDecodeError(e.msg, e.doc, e.pos)
requests.exceptions.JSONDecodeError: Expecting value: line 1 column 1 (char 0)
2026-06-17 07:59:37,067 ERROR download_game failed: 312810070
Traceback (most recent call last):
  File "C:\Users\saiem\Documents\GitHub-Data\sdv-dev\cfbfastR-dev\cfbfastR-cfb-raw\python\scrape_cfb_json.py", line 80, in download_game
    result = proc.run_processing_pipeline()
             ^^^^^^^^^^^^^^^^^^^^^^^^^^^^^^
  File "C:\Users\saiem\Documents\GitHub-Data\sdv-dev\cfbfastR-dev\cfbfastR-cfb-raw\.venv\Lib\site-packages\sportsdataverse\cfb\cfb_pbp.py", line 5904, in run_processing_pipeline
    pbp_txt = self.__helper_cfb_pbp_drives(self.json)
              ^^^^^^^^^^^^^^^^^^^^^^^^^^^^^^^^^^^^^^^
  File "C:\Users\saiem\Documents\GitHub-Data\sdv-dev\cfbfastR-dev\cfbfastR-cfb-raw\.venv\Lib\site-packages\sportsdataverse\cfb\cfb_pbp.py", line 482, in __helper_cfb_pbp_drives
    pbp_txt, init = self.__helper_cfb_pbp(pbp_txt)
                    ^^^^^^^^^^^^^^^^^^^^^^^^^^^^^^
  File "C:\Users\saiem\Documents\GitHub-Data\sdv-dev\cfbfastR-dev\cfbfastR-cfb-raw\.venv\Lib\site-packages\sportsdataverse\cfb\cfb_pbp.py", line 1045, in __helper_cfb_pbp
    raise NoESPNDataError(
sportsdataverse.errors.NoESPNDataError: ESPN summary for game 312810070 has no header.competitions; cannot build play-by-play.
2026-06-17 07:59:37,090 ERROR extra fetch failed: _rosters(312810213,)
Traceback (most recent call last):
  File "C:\Users\saiem\Documents\GitHub-Data\sdv-dev\cfbfastR-dev\cfbfastR-cfb-raw\.venv\Lib\site-packages\requests\models.py", line 1116, in json
    return complexjson.loads(self.text, **kwargs)
           ^^^^^^^^^^^^^^^^^^^^^^^^^^^^^^^^^^^^^^
  File "C:\Users\saiem\AppData\Local\Programs\Python\Python311\Lib\json\__init__.py", line 346, in loads
    return _default_decoder.decode(s)
           ^^^^^^^^^^^^^^^^^^^^^^^^^^
  File "C:\Users\saiem\AppData\Local\Programs\Python\Python311\Lib\json\decoder.py", line 337, in decode
    obj, end = self.raw_decode(s, idx=_w(s, 0).end())
               ^^^^^^^^^^^^^^^^^^^^^^^^^^^^^^^^^^^^^^
  File "C:\Users\saiem\AppData\Local\Programs\Python\Python311\Lib\json\decoder.py", line 355, in raw_decode
    raise JSONDecodeError("Expecting value", s, err.value) from None
json.decoder.JSONDecodeError: Expecting value: line 1 column 1 (char 0)

During handling of the above exception, another exception occurred:

Traceback (most recent call last):
  File "C:\Users\saiem\Documents\GitHub-Data\sdv-dev\cfbfastR-dev\cfbfastR-cfb-raw\python\_cfb_raw_utils.py", line 93, in _safe
    return fn(*args, **kwargs)
           ^^^^^^^^^^^^^^^^^^^
  File "C:\Users\saiem\Documents\GitHub-Data\sdv-dev\cfbfastR-dev\cfbfastR-cfb-raw\python\scrape_cfb_json.py", line 42, in _rosters
    return sdv.cfb.espn_cfb_game_rosters(
           ^^^^^^^^^^^^^^^^^^^^^^^^^^^^^^
  File "C:\Users\saiem\Documents\GitHub-Data\sdv-dev\cfbfastR-dev\cfbfastR-cfb-raw\.venv\Lib\site-packages\sportsdataverse\cfb\cfb_game_rosters.py", line 70, in espn_cfb_game_rosters
    athletes = helper_cfb_athlete_items(teams_rosters=team_rosters, **kwargs)
               ^^^^^^^^^^^^^^^^^^^^^^^^^^^^^^^^^^^^^^^^^^^^^^^^^^^^^^^^^^^^^^
  File "C:\Users\saiem\Documents\GitHub-Data\sdv-dev\cfbfastR-dev\cfbfastR-cfb-raw\.venv\Lib\site-packages\sportsdataverse\cfb\cfb_game_rosters.py", line 253, in helper_cfb_athlete_items
    athlete_resp = athlete_res.json()
                   ^^^^^^^^^^^^^^^^^^
  File "C:\Users\saiem\Documents\GitHub-Data\sdv-dev\cfbfastR-dev\cfbfastR-cfb-raw\.venv\Lib\site-packages\requests\models.py", line 1120, in json
    raise RequestsJSONDecodeError(e.msg, e.doc, e.pos)
requests.exceptions.JSONDecodeError: Expecting value: line 1 column 1 (char 0)
2026-06-17 07:59:37,090 ERROR extra fetch failed: _rosters(312810213,)
Traceback (most recent call last):
  File "C:\Users\saiem\Documents\GitHub-Data\sdv-dev\cfbfastR-dev\cfbfastR-cfb-raw\.venv\Lib\site-packages\requests\models.py", line 1116, in json
    return complexjson.loads(self.text, **kwargs)
           ^^^^^^^^^^^^^^^^^^^^^^^^^^^^^^^^^^^^^^
  File "C:\Users\saiem\AppData\Local\Programs\Python\Python311\Lib\json\__init__.py", line 346, in loads
    return _default_decoder.decode(s)
           ^^^^^^^^^^^^^^^^^^^^^^^^^^
  File "C:\Users\saiem\AppData\Local\Programs\Python\Python311\Lib\json\decoder.py", line 337, in decode
    obj, end = self.raw_decode(s, idx=_w(s, 0).end())
               ^^^^^^^^^^^^^^^^^^^^^^^^^^^^^^^^^^^^^^
  File "C:\Users\saiem\AppData\Local\Programs\Python\Python311\Lib\json\decoder.py", line 355, in raw_decode
    raise JSONDecodeError("Expecting value", s, err.value) from None
json.decoder.JSONDecodeError: Expecting value: line 1 column 1 (char 0)

During handling of the above exception, another exception occurred:

Traceback (most recent call last):
  File "C:\Users\saiem\Documents\GitHub-Data\sdv-dev\cfbfastR-dev\cfbfastR-cfb-raw\python\_cfb_raw_utils.py", line 93, in _safe
    return fn(*args, **kwargs)
           ^^^^^^^^^^^^^^^^^^^
  File "C:\Users\saiem\Documents\GitHub-Data\sdv-dev\cfbfastR-dev\cfbfastR-cfb-raw\python\scrape_cfb_json.py", line 42, in _rosters
    return sdv.cfb.espn_cfb_game_rosters(
           ^^^^^^^^^^^^^^^^^^^^^^^^^^^^^^
  File "C:\Users\saiem\Documents\GitHub-Data\sdv-dev\cfbfastR-dev\cfbfastR-cfb-raw\.venv\Lib\site-packages\sportsdataverse\cfb\cfb_game_rosters.py", line 70, in espn_cfb_game_rosters
    athletes = helper_cfb_athlete_items(teams_rosters=team_rosters, **kwargs)
               ^^^^^^^^^^^^^^^^^^^^^^^^^^^^^^^^^^^^^^^^^^^^^^^^^^^^^^^^^^^^^^
  File "C:\Users\saiem\Documents\GitHub-Data\sdv-dev\cfbfastR-dev\cfbfastR-cfb-raw\.venv\Lib\site-packages\sportsdataverse\cfb\cfb_game_rosters.py", line 253, in helper_cfb_athlete_items
    athlete_resp = athlete_res.json()
                   ^^^^^^^^^^^^^^^^^^
  File "C:\Users\saiem\Documents\GitHub-Data\sdv-dev\cfbfastR-dev\cfbfastR-cfb-raw\.venv\Lib\site-packages\requests\models.py", line 1120, in json
    raise RequestsJSONDecodeError(e.msg, e.doc, e.pos)
requests.exceptions.JSONDecodeError: Expecting value: line 1 column 1 (char 0)
2026-06-17 07:59:37,095 ERROR download_game failed: 312810213
Traceback (most recent call last):
  File "C:\Users\saiem\Documents\GitHub-Data\sdv-dev\cfbfastR-dev\cfbfastR-cfb-raw\python\scrape_cfb_json.py", line 106, in download_game
    write_json_atomic(stamp(obj, game_id=game_id, season=season, week=week),
  File "C:\Users\saiem\Documents\GitHub-Data\sdv-dev\cfbfastR-dev\cfbfastR-cfb-raw\python\_cfb_raw_utils.py", line 69, in write_json_atomic
    with open(tmp, "w", encoding="utf-8") as f:
         ^^^^^^^^^^^^^^^^^^^^^^^^^^^^^^^^
PermissionError: [Errno 13] Permission denied: 'cfb\\play_participants\\json\\312810213.json.tmp'
2026-06-17 07:59:37,378 ERROR download_game failed: 312812459
Traceback (most recent call last):
  File "C:\Users\saiem\Documents\GitHub-Data\sdv-dev\cfbfastR-dev\cfbfastR-cfb-raw\python\scrape_cfb_json.py", line 80, in download_game
    result = proc.run_processing_pipeline()
             ^^^^^^^^^^^^^^^^^^^^^^^^^^^^^^
  File "C:\Users\saiem\Documents\GitHub-Data\sdv-dev\cfbfastR-dev\cfbfastR-cfb-raw\.venv\Lib\site-packages\sportsdataverse\cfb\cfb_pbp.py", line 5904, in run_processing_pipeline
    pbp_txt = self.__helper_cfb_pbp_drives(self.json)
              ^^^^^^^^^^^^^^^^^^^^^^^^^^^^^^^^^^^^^^^
  File "C:\Users\saiem\Documents\GitHub-Data\sdv-dev\cfbfastR-dev\cfbfastR-cfb-raw\.venv\Lib\site-packages\sportsdataverse\cfb\cfb_pbp.py", line 482, in __helper_cfb_pbp_drives
    pbp_txt, init = self.__helper_cfb_pbp(pbp_txt)
                    ^^^^^^^^^^^^^^^^^^^^^^^^^^^^^^
  File "C:\Users\saiem\Documents\GitHub-Data\sdv-dev\cfbfastR-dev\cfbfastR-cfb-raw\.venv\Lib\site-packages\sportsdataverse\cfb\cfb_pbp.py", line 1045, in __helper_cfb_pbp
    raise NoESPNDataError(
sportsdataverse.errors.NoESPNDataError: ESPN summary for game 312812459 has no header.competitions; cannot build play-by-play.
2026-06-17 07:59:37,528 ERROR download_game failed: 312810070
Traceback (most recent call last):
  File "C:\Users\saiem\Documents\GitHub-Data\sdv-dev\cfbfastR-dev\cfbfastR-cfb-raw\python\scrape_cfb_json.py", line 80, in download_game
    result = proc.run_processing_pipeline()
             ^^^^^^^^^^^^^^^^^^^^^^^^^^^^^^
  File "C:\Users\saiem\Documents\GitHub-Data\sdv-dev\cfbfastR-dev\cfbfastR-cfb-raw\.venv\Lib\site-packages\sportsdataverse\cfb\cfb_pbp.py", line 5904, in run_processing_pipeline
    pbp_txt = self.__helper_cfb_pbp_drives(self.json)
              ^^^^^^^^^^^^^^^^^^^^^^^^^^^^^^^^^^^^^^^
  File "C:\Users\saiem\Documents\GitHub-Data\sdv-dev\cfbfastR-dev\cfbfastR-cfb-raw\.venv\Lib\site-packages\sportsdataverse\cfb\cfb_pbp.py", line 482, in __helper_cfb_pbp_drives
    pbp_txt, init = self.__helper_cfb_pbp(pbp_txt)
                    ^^^^^^^^^^^^^^^^^^^^^^^^^^^^^^
  File "C:\Users\saiem\Documents\GitHub-Data\sdv-dev\cfbfastR-dev\cfbfastR-cfb-raw\.venv\Lib\site-packages\sportsdataverse\cfb\cfb_pbp.py", line 1045, in __helper_cfb_pbp
    raise NoESPNDataError(
sportsdataverse.errors.NoESPNDataError: ESPN summary for game 312810070 has no header.competitions; cannot build play-by-play.
2026-06-17 07:59:38,053 ERROR extra fetch failed: _rosters(312810204,)
Traceback (most recent call last):
  File "C:\Users\saiem\Documents\GitHub-Data\sdv-dev\cfbfastR-dev\cfbfastR-cfb-raw\.venv\Lib\site-packages\requests\models.py", line 1116, in json
    return complexjson.loads(self.text, **kwargs)
           ^^^^^^^^^^^^^^^^^^^^^^^^^^^^^^^^^^^^^^
  File "C:\Users\saiem\AppData\Local\Programs\Python\Python311\Lib\json\__init__.py", line 346, in loads
    return _default_decoder.decode(s)
           ^^^^^^^^^^^^^^^^^^^^^^^^^^
  File "C:\Users\saiem\AppData\Local\Programs\Python\Python311\Lib\json\decoder.py", line 337, in decode
    obj, end = self.raw_decode(s, idx=_w(s, 0).end())
               ^^^^^^^^^^^^^^^^^^^^^^^^^^^^^^^^^^^^^^
  File "C:\Users\saiem\AppData\Local\Programs\Python\Python311\Lib\json\decoder.py", line 355, in raw_decode
    raise JSONDecodeError("Expecting value", s, err.value) from None
json.decoder.JSONDecodeError: Expecting value: line 1 column 1 (char 0)

During handling of the above exception, another exception occurred:

Traceback (most recent call last):
  File "C:\Users\saiem\Documents\GitHub-Data\sdv-dev\cfbfastR-dev\cfbfastR-cfb-raw\python\_cfb_raw_utils.py", line 93, in _safe
    return fn(*args, **kwargs)
           ^^^^^^^^^^^^^^^^^^^
  File "C:\Users\saiem\Documents\GitHub-Data\sdv-dev\cfbfastR-dev\cfbfastR-cfb-raw\python\scrape_cfb_json.py", line 42, in _rosters
    return sdv.cfb.espn_cfb_game_rosters(
           ^^^^^^^^^^^^^^^^^^^^^^^^^^^^^^
  File "C:\Users\saiem\Documents\GitHub-Data\sdv-dev\cfbfastR-dev\cfbfastR-cfb-raw\.venv\Lib\site-packages\sportsdataverse\cfb\cfb_game_rosters.py", line 70, in espn_cfb_game_rosters
    athletes = helper_cfb_athlete_items(teams_rosters=team_rosters, **kwargs)
               ^^^^^^^^^^^^^^^^^^^^^^^^^^^^^^^^^^^^^^^^^^^^^^^^^^^^^^^^^^^^^^
  File "C:\Users\saiem\Documents\GitHub-Data\sdv-dev\cfbfastR-dev\cfbfastR-cfb-raw\.venv\Lib\site-packages\sportsdataverse\cfb\cfb_game_rosters.py", line 253, in helper_cfb_athlete_items
    athlete_resp = athlete_res.json()
                   ^^^^^^^^^^^^^^^^^^
  File "C:\Users\saiem\Documents\GitHub-Data\sdv-dev\cfbfastR-dev\cfbfastR-cfb-raw\.venv\Lib\site-packages\requests\models.py", line 1120, in json
    raise RequestsJSONDecodeError(e.msg, e.doc, e.pos)
requests.exceptions.JSONDecodeError: Expecting value: line 1 column 1 (char 0)
2026-06-17 07:59:38,367 ERROR extra fetch failed: _participants(312810309,)
Traceback (most recent call last):
  File "C:\Users\saiem\Documents\GitHub-Data\sdv-dev\cfbfastR-dev\cfbfastR-cfb-raw\.venv\Lib\site-packages\requests\models.py", line 1116, in json
    return complexjson.loads(self.text, **kwargs)
           ^^^^^^^^^^^^^^^^^^^^^^^^^^^^^^^^^^^^^^
  File "C:\Users\saiem\AppData\Local\Programs\Python\Python311\Lib\json\__init__.py", line 346, in loads
    return _default_decoder.decode(s)
           ^^^^^^^^^^^^^^^^^^^^^^^^^^
  File "C:\Users\saiem\AppData\Local\Programs\Python\Python311\Lib\json\decoder.py", line 337, in decode
    obj, end = self.raw_decode(s, idx=_w(s, 0).end())
               ^^^^^^^^^^^^^^^^^^^^^^^^^^^^^^^^^^^^^^
  File "C:\Users\saiem\AppData\Local\Programs\Python\Python311\Lib\json\decoder.py", line 355, in raw_decode
    raise JSONDecodeError("Expecting value", s, err.value) from None
json.decoder.JSONDecodeError: Expecting value: line 1 column 1 (char 0)

During handling of the above exception, another exception occurred:

Traceback (most recent call last):
  File "C:\Users\saiem\Documents\GitHub-Data\sdv-dev\cfbfastR-dev\cfbfastR-cfb-raw\python\_cfb_raw_utils.py", line 93, in _safe
    return fn(*args, **kwargs)
           ^^^^^^^^^^^^^^^^^^^
  File "C:\Users\saiem\Documents\GitHub-Data\sdv-dev\cfbfastR-dev\cfbfastR-cfb-raw\python\scrape_cfb_json.py", line 36, in _participants
    return sdv.cfb.espn_cfb_play_participants(
           ^^^^^^^^^^^^^^^^^^^^^^^^^^^^^^^^^^^
  File "C:\Users\saiem\Documents\GitHub-Data\sdv-dev\cfbfastR-dev\cfbfastR-cfb-raw\.venv\Lib\site-packages\sportsdataverse\cfb\cfb_play_participants.py", line 184, in espn_cfb_play_participants
    plays_raw = _download_plays(game_id, **kwargs)
                ^^^^^^^^^^^^^^^^^^^^^^^^^^^^^^^^^^
  File "C:\Users\saiem\Documents\GitHub-Data\sdv-dev\cfbfastR-dev\cfbfastR-cfb-raw\.venv\Lib\site-packages\sportsdataverse\cfb\cfb_play_participants.py", line 215, in _download_plays
    body = resp.json()
           ^^^^^^^^^^^
  File "C:\Users\saiem\Documents\GitHub-Data\sdv-dev\cfbfastR-dev\cfbfastR-cfb-raw\.venv\Lib\site-packages\requests\models.py", line 1120, in json
    raise RequestsJSONDecodeError(e.msg, e.doc, e.pos)
requests.exceptions.JSONDecodeError: Expecting value: line 1 column 1 (char 0)
2026-06-17 07:59:39,155 ERROR extra fetch failed: _participants(312810309,)
Traceback (most recent call last):
  File "C:\Users\saiem\Documents\GitHub-Data\sdv-dev\cfbfastR-dev\cfbfastR-cfb-raw\.venv\Lib\site-packages\requests\models.py", line 1116, in json
    return complexjson.loads(self.text, **kwargs)
           ^^^^^^^^^^^^^^^^^^^^^^^^^^^^^^^^^^^^^^
  File "C:\Users\saiem\AppData\Local\Programs\Python\Python311\Lib\json\__init__.py", line 346, in loads
    return _default_decoder.decode(s)
           ^^^^^^^^^^^^^^^^^^^^^^^^^^
  File "C:\Users\saiem\AppData\Local\Programs\Python\Python311\Lib\json\decoder.py", line 337, in decode
    obj, end = self.raw_decode(s, idx=_w(s, 0).end())
               ^^^^^^^^^^^^^^^^^^^^^^^^^^^^^^^^^^^^^^
  File "C:\Users\saiem\AppData\Local\Programs\Python\Python311\Lib\json\decoder.py", line 355, in raw_decode
    raise JSONDecodeError("Expecting value", s, err.value) from None
json.decoder.JSONDecodeError: Expecting value: line 1 column 1 (char 0)

During handling of the above exception, another exception occurred:

Traceback (most recent call last):
  File "C:\Users\saiem\Documents\GitHub-Data\sdv-dev\cfbfastR-dev\cfbfastR-cfb-raw\python\_cfb_raw_utils.py", line 93, in _safe
    return fn(*args, **kwargs)
           ^^^^^^^^^^^^^^^^^^^
  File "C:\Users\saiem\Documents\GitHub-Data\sdv-dev\cfbfastR-dev\cfbfastR-cfb-raw\python\scrape_cfb_json.py", line 36, in _participants
    return sdv.cfb.espn_cfb_play_participants(
           ^^^^^^^^^^^^^^^^^^^^^^^^^^^^^^^^^^^
  File "C:\Users\saiem\Documents\GitHub-Data\sdv-dev\cfbfastR-dev\cfbfastR-cfb-raw\.venv\Lib\site-packages\sportsdataverse\cfb\cfb_play_participants.py", line 184, in espn_cfb_play_participants
    plays_raw = _download_plays(game_id, **kwargs)
                ^^^^^^^^^^^^^^^^^^^^^^^^^^^^^^^^^^
  File "C:\Users\saiem\Documents\GitHub-Data\sdv-dev\cfbfastR-dev\cfbfastR-cfb-raw\.venv\Lib\site-packages\sportsdataverse\cfb\cfb_play_participants.py", line 215, in _download_plays
    body = resp.json()
           ^^^^^^^^^^^
  File "C:\Users\saiem\Documents\GitHub-Data\sdv-dev\cfbfastR-dev\cfbfastR-cfb-raw\.venv\Lib\site-packages\requests\models.py", line 1120, in json
    raise RequestsJSONDecodeError(e.msg, e.doc, e.pos)
requests.exceptions.JSONDecodeError: Expecting value: line 1 column 1 (char 0)
2026-06-17 07:59:39,398 ERROR extra fetch failed: _rosters(312812426,)
Traceback (most recent call last):
  File "C:\Users\saiem\Documents\GitHub-Data\sdv-dev\cfbfastR-dev\cfbfastR-cfb-raw\.venv\Lib\site-packages\requests\models.py", line 1116, in json
    return complexjson.loads(self.text, **kwargs)
           ^^^^^^^^^^^^^^^^^^^^^^^^^^^^^^^^^^^^^^
  File "C:\Users\saiem\AppData\Local\Programs\Python\Python311\Lib\json\__init__.py", line 346, in loads
    return _default_decoder.decode(s)
           ^^^^^^^^^^^^^^^^^^^^^^^^^^
  File "C:\Users\saiem\AppData\Local\Programs\Python\Python311\Lib\json\decoder.py", line 337, in decode
    obj, end = self.raw_decode(s, idx=_w(s, 0).end())
               ^^^^^^^^^^^^^^^^^^^^^^^^^^^^^^^^^^^^^^
  File "C:\Users\saiem\AppData\Local\Programs\Python\Python311\Lib\json\decoder.py", line 355, in raw_decode
    raise JSONDecodeError("Expecting value", s, err.value) from None
json.decoder.JSONDecodeError: Expecting value: line 1 column 1 (char 0)

During handling of the above exception, another exception occurred:

Traceback (most recent call last):
  File "C:\Users\saiem\Documents\GitHub-Data\sdv-dev\cfbfastR-dev\cfbfastR-cfb-raw\python\_cfb_raw_utils.py", line 93, in _safe
    return fn(*args, **kwargs)
           ^^^^^^^^^^^^^^^^^^^
  File "C:\Users\saiem\Documents\GitHub-Data\sdv-dev\cfbfastR-dev\cfbfastR-cfb-raw\python\scrape_cfb_json.py", line 42, in _rosters
    return sdv.cfb.espn_cfb_game_rosters(
           ^^^^^^^^^^^^^^^^^^^^^^^^^^^^^^
  File "C:\Users\saiem\Documents\GitHub-Data\sdv-dev\cfbfastR-dev\cfbfastR-cfb-raw\.venv\Lib\site-packages\sportsdataverse\cfb\cfb_game_rosters.py", line 70, in espn_cfb_game_rosters
    athletes = helper_cfb_athlete_items(teams_rosters=team_rosters, **kwargs)
               ^^^^^^^^^^^^^^^^^^^^^^^^^^^^^^^^^^^^^^^^^^^^^^^^^^^^^^^^^^^^^^
  File "C:\Users\saiem\Documents\GitHub-Data\sdv-dev\cfbfastR-dev\cfbfastR-cfb-raw\.venv\Lib\site-packages\sportsdataverse\cfb\cfb_game_rosters.py", line 253, in helper_cfb_athlete_items
    athlete_resp = athlete_res.json()
                   ^^^^^^^^^^^^^^^^^^
  File "C:\Users\saiem\Documents\GitHub-Data\sdv-dev\cfbfastR-dev\cfbfastR-cfb-raw\.venv\Lib\site-packages\requests\models.py", line 1120, in json
    raise RequestsJSONDecodeError(e.msg, e.doc, e.pos)
requests.exceptions.JSONDecodeError: Expecting value: line 1 column 1 (char 0)
2026-06-17 07:59:39,400 ERROR download_game failed: 312812426
Traceback (most recent call last):
  File "C:\Users\saiem\Documents\GitHub-Data\sdv-dev\cfbfastR-dev\cfbfastR-cfb-raw\python\scrape_cfb_json.py", line 106, in download_game
    write_json_atomic(stamp(obj, game_id=game_id, season=season, week=week),
  File "C:\Users\saiem\Documents\GitHub-Data\sdv-dev\cfbfastR-dev\cfbfastR-cfb-raw\python\_cfb_raw_utils.py", line 73, in write_json_atomic
    os.replace(tmp, path)
PermissionError: [WinError 32] The process cannot access the file because it is being used by another process: 'cfb\\game_rosters\\json\\312812426.json.tmp' -> 'cfb\\game_rosters\\json\\312812426.json'
2026-06-17 07:59:39,434 ERROR extra fetch failed: _rosters(312812084,)
Traceback (most recent call last):
  File "C:\Users\saiem\Documents\GitHub-Data\sdv-dev\cfbfastR-dev\cfbfastR-cfb-raw\.venv\Lib\site-packages\requests\models.py", line 1116, in json
    return complexjson.loads(self.text, **kwargs)
           ^^^^^^^^^^^^^^^^^^^^^^^^^^^^^^^^^^^^^^
  File "C:\Users\saiem\AppData\Local\Programs\Python\Python311\Lib\json\__init__.py", line 346, in loads
    return _default_decoder.decode(s)
           ^^^^^^^^^^^^^^^^^^^^^^^^^^
  File "C:\Users\saiem\AppData\Local\Programs\Python\Python311\Lib\json\decoder.py", line 337, in decode
    obj, end = self.raw_decode(s, idx=_w(s, 0).end())
               ^^^^^^^^^^^^^^^^^^^^^^^^^^^^^^^^^^^^^^
  File "C:\Users\saiem\AppData\Local\Programs\Python\Python311\Lib\json\decoder.py", line 355, in raw_decode
    raise JSONDecodeError("Expecting value", s, err.value) from None
json.decoder.JSONDecodeError: Expecting value: line 1 column 1 (char 0)

During handling of the above exception, another exception occurred:

Traceback (most recent call last):
  File "C:\Users\saiem\Documents\GitHub-Data\sdv-dev\cfbfastR-dev\cfbfastR-cfb-raw\python\_cfb_raw_utils.py", line 93, in _safe
    return fn(*args, **kwargs)
           ^^^^^^^^^^^^^^^^^^^
  File "C:\Users\saiem\Documents\GitHub-Data\sdv-dev\cfbfastR-dev\cfbfastR-cfb-raw\python\scrape_cfb_json.py", line 42, in _rosters
    return sdv.cfb.espn_cfb_game_rosters(
           ^^^^^^^^^^^^^^^^^^^^^^^^^^^^^^
  File "C:\Users\saiem\Documents\GitHub-Data\sdv-dev\cfbfastR-dev\cfbfastR-cfb-raw\.venv\Lib\site-packages\sportsdataverse\cfb\cfb_game_rosters.py", line 70, in espn_cfb_game_rosters
    athletes = helper_cfb_athlete_items(teams_rosters=team_rosters, **kwargs)
               ^^^^^^^^^^^^^^^^^^^^^^^^^^^^^^^^^^^^^^^^^^^^^^^^^^^^^^^^^^^^^^
  File "C:\Users\saiem\Documents\GitHub-Data\sdv-dev\cfbfastR-dev\cfbfastR-cfb-raw\.venv\Lib\site-packages\sportsdataverse\cfb\cfb_game_rosters.py", line 253, in helper_cfb_athlete_items
    athlete_resp = athlete_res.json()
                   ^^^^^^^^^^^^^^^^^^
  File "C:\Users\saiem\Documents\GitHub-Data\sdv-dev\cfbfastR-dev\cfbfastR-cfb-raw\.venv\Lib\site-packages\requests\models.py", line 1120, in json
    raise RequestsJSONDecodeError(e.msg, e.doc, e.pos)
requests.exceptions.JSONDecodeError: Expecting value: line 1 column 1 (char 0)
2026-06-17 07:59:39,434 ERROR extra fetch failed: _rosters(312812084,)
Traceback (most recent call last):
  File "C:\Users\saiem\Documents\GitHub-Data\sdv-dev\cfbfastR-dev\cfbfastR-cfb-raw\.venv\Lib\site-packages\requests\models.py", line 1116, in json
    return complexjson.loads(self.text, **kwargs)
           ^^^^^^^^^^^^^^^^^^^^^^^^^^^^^^^^^^^^^^
  File "C:\Users\saiem\AppData\Local\Programs\Python\Python311\Lib\json\__init__.py", line 346, in loads
    return _default_decoder.decode(s)
           ^^^^^^^^^^^^^^^^^^^^^^^^^^
  File "C:\Users\saiem\AppData\Local\Programs\Python\Python311\Lib\json\decoder.py", line 337, in decode
    obj, end = self.raw_decode(s, idx=_w(s, 0).end())
               ^^^^^^^^^^^^^^^^^^^^^^^^^^^^^^^^^^^^^^
  File "C:\Users\saiem\AppData\Local\Programs\Python\Python311\Lib\json\decoder.py", line 355, in raw_decode
    raise JSONDecodeError("Expecting value", s, err.value) from None
json.decoder.JSONDecodeError: Expecting value: line 1 column 1 (char 0)

During handling of the above exception, another exception occurred:

Traceback (most recent call last):
  File "C:\Users\saiem\Documents\GitHub-Data\sdv-dev\cfbfastR-dev\cfbfastR-cfb-raw\python\_cfb_raw_utils.py", line 93, in _safe
    return fn(*args, **kwargs)
           ^^^^^^^^^^^^^^^^^^^
  File "C:\Users\saiem\Documents\GitHub-Data\sdv-dev\cfbfastR-dev\cfbfastR-cfb-raw\python\scrape_cfb_json.py", line 42, in _rosters
    return sdv.cfb.espn_cfb_game_rosters(
           ^^^^^^^^^^^^^^^^^^^^^^^^^^^^^^
  File "C:\Users\saiem\Documents\GitHub-Data\sdv-dev\cfbfastR-dev\cfbfastR-cfb-raw\.venv\Lib\site-packages\sportsdataverse\cfb\cfb_game_rosters.py", line 70, in espn_cfb_game_rosters
    athletes = helper_cfb_athlete_items(teams_rosters=team_rosters, **kwargs)
               ^^^^^^^^^^^^^^^^^^^^^^^^^^^^^^^^^^^^^^^^^^^^^^^^^^^^^^^^^^^^^^
  File "C:\Users\saiem\Documents\GitHub-Data\sdv-dev\cfbfastR-dev\cfbfastR-cfb-raw\.venv\Lib\site-packages\sportsdataverse\cfb\cfb_game_rosters.py", line 253, in helper_cfb_athlete_items
    athlete_resp = athlete_res.json()
                   ^^^^^^^^^^^^^^^^^^
  File "C:\Users\saiem\Documents\GitHub-Data\sdv-dev\cfbfastR-dev\cfbfastR-cfb-raw\.venv\Lib\site-packages\requests\models.py", line 1120, in json
    raise RequestsJSONDecodeError(e.msg, e.doc, e.pos)
requests.exceptions.JSONDecodeError: Expecting value: line 1 column 1 (char 0)
2026-06-17 07:59:39,436 ERROR download_game failed: 312812084
Traceback (most recent call last):
  File "C:\Users\saiem\Documents\GitHub-Data\sdv-dev\cfbfastR-dev\cfbfastR-cfb-raw\python\scrape_cfb_json.py", line 106, in download_game
    write_json_atomic(stamp(obj, game_id=game_id, season=season, week=week),
  File "C:\Users\saiem\Documents\GitHub-Data\sdv-dev\cfbfastR-dev\cfbfastR-cfb-raw\python\_cfb_raw_utils.py", line 69, in write_json_atomic
    with open(tmp, "w", encoding="utf-8") as f:
         ^^^^^^^^^^^^^^^^^^^^^^^^^^^^^^^^
PermissionError: [Errno 13] Permission denied: 'cfb\\game_rosters\\json\\312812084.json.tmp'
2026-06-17 07:59:39,635 ERROR extra fetch failed: _rosters(312810248,)
Traceback (most recent call last):
  File "C:\Users\saiem\Documents\GitHub-Data\sdv-dev\cfbfastR-dev\cfbfastR-cfb-raw\.venv\Lib\site-packages\requests\models.py", line 1116, in json
    return complexjson.loads(self.text, **kwargs)
           ^^^^^^^^^^^^^^^^^^^^^^^^^^^^^^^^^^^^^^
  File "C:\Users\saiem\AppData\Local\Programs\Python\Python311\Lib\json\__init__.py", line 346, in loads
    return _default_decoder.decode(s)
           ^^^^^^^^^^^^^^^^^^^^^^^^^^
  File "C:\Users\saiem\AppData\Local\Programs\Python\Python311\Lib\json\decoder.py", line 337, in decode
    obj, end = self.raw_decode(s, idx=_w(s, 0).end())
               ^^^^^^^^^^^^^^^^^^^^^^^^^^^^^^^^^^^^^^
  File "C:\Users\saiem\AppData\Local\Programs\Python\Python311\Lib\json\decoder.py", line 355, in raw_decode
    raise JSONDecodeError("Expecting value", s, err.value) from None
json.decoder.JSONDecodeError: Expecting value: line 1 column 1 (char 0)

During handling of the above exception, another exception occurred:

Traceback (most recent call last):
  File "C:\Users\saiem\Documents\GitHub-Data\sdv-dev\cfbfastR-dev\cfbfastR-cfb-raw\python\_cfb_raw_utils.py", line 93, in _safe
    return fn(*args, **kwargs)
           ^^^^^^^^^^^^^^^^^^^
  File "C:\Users\saiem\Documents\GitHub-Data\sdv-dev\cfbfastR-dev\cfbfastR-cfb-raw\python\scrape_cfb_json.py", line 42, in _rosters
    return sdv.cfb.espn_cfb_game_rosters(
           ^^^^^^^^^^^^^^^^^^^^^^^^^^^^^^
  File "C:\Users\saiem\Documents\GitHub-Data\sdv-dev\cfbfastR-dev\cfbfastR-cfb-raw\.venv\Lib\site-packages\sportsdataverse\cfb\cfb_game_rosters.py", line 70, in espn_cfb_game_rosters
    athletes = helper_cfb_athlete_items(teams_rosters=team_rosters, **kwargs)
               ^^^^^^^^^^^^^^^^^^^^^^^^^^^^^^^^^^^^^^^^^^^^^^^^^^^^^^^^^^^^^^
  File "C:\Users\saiem\Documents\GitHub-Data\sdv-dev\cfbfastR-dev\cfbfastR-cfb-raw\.venv\Lib\site-packages\sportsdataverse\cfb\cfb_game_rosters.py", line 253, in helper_cfb_athlete_items
    athlete_resp = athlete_res.json()
                   ^^^^^^^^^^^^^^^^^^
  File "C:\Users\saiem\Documents\GitHub-Data\sdv-dev\cfbfastR-dev\cfbfastR-cfb-raw\.venv\Lib\site-packages\requests\models.py", line 1120, in json
    raise RequestsJSONDecodeError(e.msg, e.doc, e.pos)
requests.exceptions.JSONDecodeError: Expecting value: line 1 column 1 (char 0)
2026-06-17 07:59:39,637 ERROR download_game failed: 312810248
Traceback (most recent call last):
  File "C:\Users\saiem\Documents\GitHub-Data\sdv-dev\cfbfastR-dev\cfbfastR-cfb-raw\python\scrape_cfb_json.py", line 106, in download_game
    write_json_atomic(stamp(obj, game_id=game_id, season=season, week=week),
  File "C:\Users\saiem\Documents\GitHub-Data\sdv-dev\cfbfastR-dev\cfbfastR-cfb-raw\python\_cfb_raw_utils.py", line 73, in write_json_atomic
    os.replace(tmp, path)
PermissionError: [WinError 32] The process cannot access the file because it is being used by another process: 'cfb\\game_rosters\\json\\312810248.json.tmp' -> 'cfb\\game_rosters\\json\\312810248.json'
2026-06-17 07:59:39,689 ERROR download_game failed: 312812433
Traceback (most recent call last):
  File "C:\Users\saiem\Documents\GitHub-Data\sdv-dev\cfbfastR-dev\cfbfastR-cfb-raw\python\scrape_cfb_json.py", line 80, in download_game
    result = proc.run_processing_pipeline()
             ^^^^^^^^^^^^^^^^^^^^^^^^^^^^^^
  File "C:\Users\saiem\Documents\GitHub-Data\sdv-dev\cfbfastR-dev\cfbfastR-cfb-raw\.venv\Lib\site-packages\sportsdataverse\cfb\cfb_pbp.py", line 5904, in run_processing_pipeline
    pbp_txt = self.__helper_cfb_pbp_drives(self.json)
              ^^^^^^^^^^^^^^^^^^^^^^^^^^^^^^^^^^^^^^^
  File "C:\Users\saiem\Documents\GitHub-Data\sdv-dev\cfbfastR-dev\cfbfastR-cfb-raw\.venv\Lib\site-packages\sportsdataverse\cfb\cfb_pbp.py", line 482, in __helper_cfb_pbp_drives
    pbp_txt, init = self.__helper_cfb_pbp(pbp_txt)
                    ^^^^^^^^^^^^^^^^^^^^^^^^^^^^^^
  File "C:\Users\saiem\Documents\GitHub-Data\sdv-dev\cfbfastR-dev\cfbfastR-cfb-raw\.venv\Lib\site-packages\sportsdataverse\cfb\cfb_pbp.py", line 1045, in __helper_cfb_pbp
    raise NoESPNDataError(
sportsdataverse.errors.NoESPNDataError: ESPN summary for game 312812433 has no header.competitions; cannot build play-by-play.
2026-06-17 07:59:39,742 ERROR download_game failed: 312812433
Traceback (most recent call last):
  File "C:\Users\saiem\Documents\GitHub-Data\sdv-dev\cfbfastR-dev\cfbfastR-cfb-raw\python\scrape_cfb_json.py", line 80, in download_game
    result = proc.run_processing_pipeline()
             ^^^^^^^^^^^^^^^^^^^^^^^^^^^^^^
  File "C:\Users\saiem\Documents\GitHub-Data\sdv-dev\cfbfastR-dev\cfbfastR-cfb-raw\.venv\Lib\site-packages\sportsdataverse\cfb\cfb_pbp.py", line 5904, in run_processing_pipeline
    pbp_txt = self.__helper_cfb_pbp_drives(self.json)
              ^^^^^^^^^^^^^^^^^^^^^^^^^^^^^^^^^^^^^^^
  File "C:\Users\saiem\Documents\GitHub-Data\sdv-dev\cfbfastR-dev\cfbfastR-cfb-raw\.venv\Lib\site-packages\sportsdataverse\cfb\cfb_pbp.py", line 482, in __helper_cfb_pbp_drives
    pbp_txt, init = self.__helper_cfb_pbp(pbp_txt)
                    ^^^^^^^^^^^^^^^^^^^^^^^^^^^^^^
  File "C:\Users\saiem\Documents\GitHub-Data\sdv-dev\cfbfastR-dev\cfbfastR-cfb-raw\.venv\Lib\site-packages\sportsdataverse\cfb\cfb_pbp.py", line 1045, in __helper_cfb_pbp
    raise NoESPNDataError(
sportsdataverse.errors.NoESPNDataError: ESPN summary for game 312812433 has no header.competitions; cannot build play-by-play.
2026-06-17 07:59:39,885 ERROR download_game failed: 312812116
Traceback (most recent call last):
  File "C:\Users\saiem\Documents\GitHub-Data\sdv-dev\cfbfastR-dev\cfbfastR-cfb-raw\python\scrape_cfb_json.py", line 75, in download_game
    write_json_atomic(raw, f"cfb/json/raw/{game_id}.json")
  File "C:\Users\saiem\Documents\GitHub-Data\sdv-dev\cfbfastR-dev\cfbfastR-cfb-raw\python\_cfb_raw_utils.py", line 73, in write_json_atomic
    os.replace(tmp, path)
PermissionError: [WinError 32] The process cannot access the file because it is being used by another process: 'cfb\\json\\raw\\312812116.json.tmp' -> 'cfb\\json\\raw\\312812116.json'
2026-06-17 07:59:40,006 ERROR download_game failed: 312812633
Traceback (most recent call last):
  File "C:\Users\saiem\Documents\GitHub-Data\sdv-dev\cfbfastR-dev\cfbfastR-cfb-raw\python\scrape_cfb_json.py", line 75, in download_game
    write_json_atomic(raw, f"cfb/json/raw/{game_id}.json")
  File "C:\Users\saiem\Documents\GitHub-Data\sdv-dev\cfbfastR-dev\cfbfastR-cfb-raw\python\_cfb_raw_utils.py", line 73, in write_json_atomic
    os.replace(tmp, path)
PermissionError: [WinError 32] The process cannot access the file because it is being used by another process: 'cfb\\json\\raw\\312812633.json.tmp' -> 'cfb\\json\\raw\\312812633.json'
2026-06-17 07:59:40,055 ERROR download_game failed: 312810249
Traceback (most recent call last):
  File "C:\Users\saiem\Documents\GitHub-Data\sdv-dev\cfbfastR-dev\cfbfastR-cfb-raw\python\scrape_cfb_json.py", line 80, in download_game
    result = proc.run_processing_pipeline()
             ^^^^^^^^^^^^^^^^^^^^^^^^^^^^^^
  File "C:\Users\saiem\Documents\GitHub-Data\sdv-dev\cfbfastR-dev\cfbfastR-cfb-raw\.venv\Lib\site-packages\sportsdataverse\cfb\cfb_pbp.py", line 5904, in run_processing_pipeline
    pbp_txt = self.__helper_cfb_pbp_drives(self.json)
              ^^^^^^^^^^^^^^^^^^^^^^^^^^^^^^^^^^^^^^^
  File "C:\Users\saiem\Documents\GitHub-Data\sdv-dev\cfbfastR-dev\cfbfastR-cfb-raw\.venv\Lib\site-packages\sportsdataverse\cfb\cfb_pbp.py", line 482, in __helper_cfb_pbp_drives
    pbp_txt, init = self.__helper_cfb_pbp(pbp_txt)
                    ^^^^^^^^^^^^^^^^^^^^^^^^^^^^^^
  File "C:\Users\saiem\Documents\GitHub-Data\sdv-dev\cfbfastR-dev\cfbfastR-cfb-raw\.venv\Lib\site-packages\sportsdataverse\cfb\cfb_pbp.py", line 1045, in __helper_cfb_pbp
    raise NoESPNDataError(
sportsdataverse.errors.NoESPNDataError: ESPN summary for game 312810249 has no header.competitions; cannot build play-by-play.
2026-06-17 07:59:40,185 ERROR download_game failed: 312812655
Traceback (most recent call last):
  File "C:\Users\saiem\Documents\GitHub-Data\sdv-dev\cfbfastR-dev\cfbfastR-cfb-raw\python\scrape_cfb_json.py", line 80, in download_game
    result = proc.run_processing_pipeline()
             ^^^^^^^^^^^^^^^^^^^^^^^^^^^^^^
  File "C:\Users\saiem\Documents\GitHub-Data\sdv-dev\cfbfastR-dev\cfbfastR-cfb-raw\.venv\Lib\site-packages\sportsdataverse\cfb\cfb_pbp.py", line 5904, in run_processing_pipeline
    pbp_txt = self.__helper_cfb_pbp_drives(self.json)
              ^^^^^^^^^^^^^^^^^^^^^^^^^^^^^^^^^^^^^^^
  File "C:\Users\saiem\Documents\GitHub-Data\sdv-dev\cfbfastR-dev\cfbfastR-cfb-raw\.venv\Lib\site-packages\sportsdataverse\cfb\cfb_pbp.py", line 482, in __helper_cfb_pbp_drives
    pbp_txt, init = self.__helper_cfb_pbp(pbp_txt)
                    ^^^^^^^^^^^^^^^^^^^^^^^^^^^^^^
  File "C:\Users\saiem\Documents\GitHub-Data\sdv-dev\cfbfastR-dev\cfbfastR-cfb-raw\.venv\Lib\site-packages\sportsdataverse\cfb\cfb_pbp.py", line 1045, in __helper_cfb_pbp
    raise NoESPNDataError(
sportsdataverse.errors.NoESPNDataError: ESPN summary for game 312812655 has no header.competitions; cannot build play-by-play.
2026-06-17 07:59:41,691 ERROR extra fetch failed: _rosters(312812633,)
Traceback (most recent call last):
  File "C:\Users\saiem\Documents\GitHub-Data\sdv-dev\cfbfastR-dev\cfbfastR-cfb-raw\.venv\Lib\site-packages\requests\models.py", line 1116, in json
    return complexjson.loads(self.text, **kwargs)
           ^^^^^^^^^^^^^^^^^^^^^^^^^^^^^^^^^^^^^^
  File "C:\Users\saiem\AppData\Local\Programs\Python\Python311\Lib\json\__init__.py", line 346, in loads
    return _default_decoder.decode(s)
           ^^^^^^^^^^^^^^^^^^^^^^^^^^
  File "C:\Users\saiem\AppData\Local\Programs\Python\Python311\Lib\json\decoder.py", line 337, in decode
    obj, end = self.raw_decode(s, idx=_w(s, 0).end())
               ^^^^^^^^^^^^^^^^^^^^^^^^^^^^^^^^^^^^^^
  File "C:\Users\saiem\AppData\Local\Programs\Python\Python311\Lib\json\decoder.py", line 355, in raw_decode
    raise JSONDecodeError("Expecting value", s, err.value) from None
json.decoder.JSONDecodeError: Expecting value: line 1 column 1 (char 0)

During handling of the above exception, another exception occurred:

Traceback (most recent call last):
  File "C:\Users\saiem\Documents\GitHub-Data\sdv-dev\cfbfastR-dev\cfbfastR-cfb-raw\python\_cfb_raw_utils.py", line 93, in _safe
    return fn(*args, **kwargs)
           ^^^^^^^^^^^^^^^^^^^
  File "C:\Users\saiem\Documents\GitHub-Data\sdv-dev\cfbfastR-dev\cfbfastR-cfb-raw\python\scrape_cfb_json.py", line 42, in _rosters
    return sdv.cfb.espn_cfb_game_rosters(
           ^^^^^^^^^^^^^^^^^^^^^^^^^^^^^^
  File "C:\Users\saiem\Documents\GitHub-Data\sdv-dev\cfbfastR-dev\cfbfastR-cfb-raw\.venv\Lib\site-packages\sportsdataverse\cfb\cfb_game_rosters.py", line 64, in espn_cfb_game_rosters
    summary = summary_resp.json()
              ^^^^^^^^^^^^^^^^^^^
  File "C:\Users\saiem\Documents\GitHub-Data\sdv-dev\cfbfastR-dev\cfbfastR-cfb-raw\.venv\Lib\site-packages\requests\models.py", line 1120, in json
    raise RequestsJSONDecodeError(e.msg, e.doc, e.pos)
requests.exceptions.JSONDecodeError: Expecting value: line 1 column 1 (char 0)
2026-06-17 07:59:41,959 ERROR download_game failed: 312810249
Traceback (most recent call last):
  File "C:\Users\saiem\Documents\GitHub-Data\sdv-dev\cfbfastR-dev\cfbfastR-cfb-raw\python\scrape_cfb_json.py", line 80, in download_game
    result = proc.run_processing_pipeline()
             ^^^^^^^^^^^^^^^^^^^^^^^^^^^^^^
  File "C:\Users\saiem\Documents\GitHub-Data\sdv-dev\cfbfastR-dev\cfbfastR-cfb-raw\.venv\Lib\site-packages\sportsdataverse\cfb\cfb_pbp.py", line 5904, in run_processing_pipeline
    pbp_txt = self.__helper_cfb_pbp_drives(self.json)
              ^^^^^^^^^^^^^^^^^^^^^^^^^^^^^^^^^^^^^^^
  File "C:\Users\saiem\Documents\GitHub-Data\sdv-dev\cfbfastR-dev\cfbfastR-cfb-raw\.venv\Lib\site-packages\sportsdataverse\cfb\cfb_pbp.py", line 482, in __helper_cfb_pbp_drives
    pbp_txt, init = self.__helper_cfb_pbp(pbp_txt)
                    ^^^^^^^^^^^^^^^^^^^^^^^^^^^^^^
  File "C:\Users\saiem\Documents\GitHub-Data\sdv-dev\cfbfastR-dev\cfbfastR-cfb-raw\.venv\Lib\site-packages\sportsdataverse\cfb\cfb_pbp.py", line 1045, in __helper_cfb_pbp
    raise NoESPNDataError(
sportsdataverse.errors.NoESPNDataError: ESPN summary for game 312810249 has no header.competitions; cannot build play-by-play.
2026-06-17 07:59:42,146 ERROR extra fetch failed: _rosters(312810328,)
Traceback (most recent call last):
  File "C:\Users\saiem\Documents\GitHub-Data\sdv-dev\cfbfastR-dev\cfbfastR-cfb-raw\.venv\Lib\site-packages\requests\models.py", line 1116, in json
    return complexjson.loads(self.text, **kwargs)
           ^^^^^^^^^^^^^^^^^^^^^^^^^^^^^^^^^^^^^^
  File "C:\Users\saiem\AppData\Local\Programs\Python\Python311\Lib\json\__init__.py", line 346, in loads
    return _default_decoder.decode(s)
           ^^^^^^^^^^^^^^^^^^^^^^^^^^
  File "C:\Users\saiem\AppData\Local\Programs\Python\Python311\Lib\json\decoder.py", line 337, in decode
    obj, end = self.raw_decode(s, idx=_w(s, 0).end())
               ^^^^^^^^^^^^^^^^^^^^^^^^^^^^^^^^^^^^^^
  File "C:\Users\saiem\AppData\Local\Programs\Python\Python311\Lib\json\decoder.py", line 355, in raw_decode
    raise JSONDecodeError("Expecting value", s, err.value) from None
json.decoder.JSONDecodeError: Expecting value: line 1 column 1 (char 0)

During handling of the above exception, another exception occurred:

Traceback (most recent call last):
  File "C:\Users\saiem\Documents\GitHub-Data\sdv-dev\cfbfastR-dev\cfbfastR-cfb-raw\python\_cfb_raw_utils.py", line 93, in _safe
    return fn(*args, **kwargs)
           ^^^^^^^^^^^^^^^^^^^
  File "C:\Users\saiem\Documents\GitHub-Data\sdv-dev\cfbfastR-dev\cfbfastR-cfb-raw\python\scrape_cfb_json.py", line 42, in _rosters
    return sdv.cfb.espn_cfb_game_rosters(
           ^^^^^^^^^^^^^^^^^^^^^^^^^^^^^^
  File "C:\Users\saiem\Documents\GitHub-Data\sdv-dev\cfbfastR-dev\cfbfastR-cfb-raw\.venv\Lib\site-packages\sportsdataverse\cfb\cfb_game_rosters.py", line 70, in espn_cfb_game_rosters
    athletes = helper_cfb_athlete_items(teams_rosters=team_rosters, **kwargs)
               ^^^^^^^^^^^^^^^^^^^^^^^^^^^^^^^^^^^^^^^^^^^^^^^^^^^^^^^^^^^^^^
  File "C:\Users\saiem\Documents\GitHub-Data\sdv-dev\cfbfastR-dev\cfbfastR-cfb-raw\.venv\Lib\site-packages\sportsdataverse\cfb\cfb_game_rosters.py", line 253, in helper_cfb_athlete_items
    athlete_resp = athlete_res.json()
                   ^^^^^^^^^^^^^^^^^^
  File "C:\Users\saiem\Documents\GitHub-Data\sdv-dev\cfbfastR-dev\cfbfastR-cfb-raw\.venv\Lib\site-packages\requests\models.py", line 1120, in json
    raise RequestsJSONDecodeError(e.msg, e.doc, e.pos)
requests.exceptions.JSONDecodeError: Expecting value: line 1 column 1 (char 0)
2026-06-17 07:59:42,266 ERROR extra fetch failed: _rosters(312812440,)
Traceback (most recent call last):
  File "C:\Users\saiem\Documents\GitHub-Data\sdv-dev\cfbfastR-dev\cfbfastR-cfb-raw\.venv\Lib\site-packages\requests\models.py", line 1116, in json
    return complexjson.loads(self.text, **kwargs)
           ^^^^^^^^^^^^^^^^^^^^^^^^^^^^^^^^^^^^^^
  File "C:\Users\saiem\AppData\Local\Programs\Python\Python311\Lib\json\__init__.py", line 346, in loads
    return _default_decoder.decode(s)
           ^^^^^^^^^^^^^^^^^^^^^^^^^^
  File "C:\Users\saiem\AppData\Local\Programs\Python\Python311\Lib\json\decoder.py", line 337, in decode
    obj, end = self.raw_decode(s, idx=_w(s, 0).end())
               ^^^^^^^^^^^^^^^^^^^^^^^^^^^^^^^^^^^^^^
  File "C:\Users\saiem\AppData\Local\Programs\Python\Python311\Lib\json\decoder.py", line 355, in raw_decode
    raise JSONDecodeError("Expecting value", s, err.value) from None
json.decoder.JSONDecodeError: Expecting value: line 1 column 1 (char 0)

During handling of the above exception, another exception occurred:

Traceback (most recent call last):
  File "C:\Users\saiem\Documents\GitHub-Data\sdv-dev\cfbfastR-dev\cfbfastR-cfb-raw\python\_cfb_raw_utils.py", line 93, in _safe
    return fn(*args, **kwargs)
           ^^^^^^^^^^^^^^^^^^^
  File "C:\Users\saiem\Documents\GitHub-Data\sdv-dev\cfbfastR-dev\cfbfastR-cfb-raw\python\scrape_cfb_json.py", line 42, in _rosters
    return sdv.cfb.espn_cfb_game_rosters(
           ^^^^^^^^^^^^^^^^^^^^^^^^^^^^^^
  File "C:\Users\saiem\Documents\GitHub-Data\sdv-dev\cfbfastR-dev\cfbfastR-cfb-raw\.venv\Lib\site-packages\sportsdataverse\cfb\cfb_game_rosters.py", line 70, in espn_cfb_game_rosters
    athletes = helper_cfb_athlete_items(teams_rosters=team_rosters, **kwargs)
               ^^^^^^^^^^^^^^^^^^^^^^^^^^^^^^^^^^^^^^^^^^^^^^^^^^^^^^^^^^^^^^
  File "C:\Users\saiem\Documents\GitHub-Data\sdv-dev\cfbfastR-dev\cfbfastR-cfb-raw\.venv\Lib\site-packages\sportsdataverse\cfb\cfb_game_rosters.py", line 253, in helper_cfb_athlete_items
    athlete_resp = athlete_res.json()
                   ^^^^^^^^^^^^^^^^^^
  File "C:\Users\saiem\Documents\GitHub-Data\sdv-dev\cfbfastR-dev\cfbfastR-cfb-raw\.venv\Lib\site-packages\requests\models.py", line 1120, in json
    raise RequestsJSONDecodeError(e.msg, e.doc, e.pos)
requests.exceptions.JSONDecodeError: Expecting value: line 1 column 1 (char 0)
2026-06-17 07:59:42,267 ERROR extra fetch failed: _rosters(312812440,)
Traceback (most recent call last):
  File "C:\Users\saiem\Documents\GitHub-Data\sdv-dev\cfbfastR-dev\cfbfastR-cfb-raw\.venv\Lib\site-packages\requests\models.py", line 1116, in json
    return complexjson.loads(self.text, **kwargs)
           ^^^^^^^^^^^^^^^^^^^^^^^^^^^^^^^^^^^^^^
  File "C:\Users\saiem\AppData\Local\Programs\Python\Python311\Lib\json\__init__.py", line 346, in loads
    return _default_decoder.decode(s)
           ^^^^^^^^^^^^^^^^^^^^^^^^^^
  File "C:\Users\saiem\AppData\Local\Programs\Python\Python311\Lib\json\decoder.py", line 337, in decode
    obj, end = self.raw_decode(s, idx=_w(s, 0).end())
               ^^^^^^^^^^^^^^^^^^^^^^^^^^^^^^^^^^^^^^
  File "C:\Users\saiem\AppData\Local\Programs\Python\Python311\Lib\json\decoder.py", line 355, in raw_decode
    raise JSONDecodeError("Expecting value", s, err.value) from None
json.decoder.JSONDecodeError: Expecting value: line 1 column 1 (char 0)

During handling of the above exception, another exception occurred:

Traceback (most recent call last):
  File "C:\Users\saiem\Documents\GitHub-Data\sdv-dev\cfbfastR-dev\cfbfastR-cfb-raw\python\_cfb_raw_utils.py", line 93, in _safe
    return fn(*args, **kwargs)
           ^^^^^^^^^^^^^^^^^^^
  File "C:\Users\saiem\Documents\GitHub-Data\sdv-dev\cfbfastR-dev\cfbfastR-cfb-raw\python\scrape_cfb_json.py", line 42, in _rosters
    return sdv.cfb.espn_cfb_game_rosters(
           ^^^^^^^^^^^^^^^^^^^^^^^^^^^^^^
  File "C:\Users\saiem\Documents\GitHub-Data\sdv-dev\cfbfastR-dev\cfbfastR-cfb-raw\.venv\Lib\site-packages\sportsdataverse\cfb\cfb_game_rosters.py", line 70, in espn_cfb_game_rosters
    athletes = helper_cfb_athlete_items(teams_rosters=team_rosters, **kwargs)
               ^^^^^^^^^^^^^^^^^^^^^^^^^^^^^^^^^^^^^^^^^^^^^^^^^^^^^^^^^^^^^^
  File "C:\Users\saiem\Documents\GitHub-Data\sdv-dev\cfbfastR-dev\cfbfastR-cfb-raw\.venv\Lib\site-packages\sportsdataverse\cfb\cfb_game_rosters.py", line 253, in helper_cfb_athlete_items
    athlete_resp = athlete_res.json()
                   ^^^^^^^^^^^^^^^^^^
  File "C:\Users\saiem\Documents\GitHub-Data\sdv-dev\cfbfastR-dev\cfbfastR-cfb-raw\.venv\Lib\site-packages\requests\models.py", line 1120, in json
    raise RequestsJSONDecodeError(e.msg, e.doc, e.pos)
requests.exceptions.JSONDecodeError: Expecting value: line 1 column 1 (char 0)
2026-06-17 07:59:42,270 ERROR download_game failed: 312812440
Traceback (most recent call last):
  File "C:\Users\saiem\Documents\GitHub-Data\sdv-dev\cfbfastR-dev\cfbfastR-cfb-raw\python\scrape_cfb_json.py", line 106, in download_game
    write_json_atomic(stamp(obj, game_id=game_id, season=season, week=week),
  File "C:\Users\saiem\Documents\GitHub-Data\sdv-dev\cfbfastR-dev\cfbfastR-cfb-raw\python\_cfb_raw_utils.py", line 69, in write_json_atomic
    with open(tmp, "w", encoding="utf-8") as f:
         ^^^^^^^^^^^^^^^^^^^^^^^^^^^^^^^^
PermissionError: [Errno 13] Permission denied: 'cfb\\play_participants\\json\\312812440.json.tmp'
2026-06-17 07:59:42,693 ERROR download_game failed: 312812655
Traceback (most recent call last):
  File "C:\Users\saiem\Documents\GitHub-Data\sdv-dev\cfbfastR-dev\cfbfastR-cfb-raw\python\scrape_cfb_json.py", line 80, in download_game
    result = proc.run_processing_pipeline()
             ^^^^^^^^^^^^^^^^^^^^^^^^^^^^^^
  File "C:\Users\saiem\Documents\GitHub-Data\sdv-dev\cfbfastR-dev\cfbfastR-cfb-raw\.venv\Lib\site-packages\sportsdataverse\cfb\cfb_pbp.py", line 5904, in run_processing_pipeline
    pbp_txt = self.__helper_cfb_pbp_drives(self.json)
              ^^^^^^^^^^^^^^^^^^^^^^^^^^^^^^^^^^^^^^^
  File "C:\Users\saiem\Documents\GitHub-Data\sdv-dev\cfbfastR-dev\cfbfastR-cfb-raw\.venv\Lib\site-packages\sportsdataverse\cfb\cfb_pbp.py", line 482, in __helper_cfb_pbp_drives
    pbp_txt, init = self.__helper_cfb_pbp(pbp_txt)
                    ^^^^^^^^^^^^^^^^^^^^^^^^^^^^^^
  File "C:\Users\saiem\Documents\GitHub-Data\sdv-dev\cfbfastR-dev\cfbfastR-cfb-raw\.venv\Lib\site-packages\sportsdataverse\cfb\cfb_pbp.py", line 1045, in __helper_cfb_pbp
    raise NoESPNDataError(
sportsdataverse.errors.NoESPNDataError: ESPN summary for game 312812655 has no header.competitions; cannot build play-by-play.
2026-06-17 07:59:43,098 ERROR extra fetch failed: _rosters(312812116,)
Traceback (most recent call last):
  File "C:\Users\saiem\Documents\GitHub-Data\sdv-dev\cfbfastR-dev\cfbfastR-cfb-raw\.venv\Lib\site-packages\requests\models.py", line 1116, in json
    return complexjson.loads(self.text, **kwargs)
           ^^^^^^^^^^^^^^^^^^^^^^^^^^^^^^^^^^^^^^
  File "C:\Users\saiem\AppData\Local\Programs\Python\Python311\Lib\json\__init__.py", line 346, in loads
    return _default_decoder.decode(s)
           ^^^^^^^^^^^^^^^^^^^^^^^^^^
  File "C:\Users\saiem\AppData\Local\Programs\Python\Python311\Lib\json\decoder.py", line 337, in decode
    obj, end = self.raw_decode(s, idx=_w(s, 0).end())
               ^^^^^^^^^^^^^^^^^^^^^^^^^^^^^^^^^^^^^^
  File "C:\Users\saiem\AppData\Local\Programs\Python\Python311\Lib\json\decoder.py", line 355, in raw_decode
    raise JSONDecodeError("Expecting value", s, err.value) from None
json.decoder.JSONDecodeError: Expecting value: line 1 column 1 (char 0)

During handling of the above exception, another exception occurred:

Traceback (most recent call last):
  File "C:\Users\saiem\Documents\GitHub-Data\sdv-dev\cfbfastR-dev\cfbfastR-cfb-raw\python\_cfb_raw_utils.py", line 93, in _safe
    return fn(*args, **kwargs)
           ^^^^^^^^^^^^^^^^^^^
  File "C:\Users\saiem\Documents\GitHub-Data\sdv-dev\cfbfastR-dev\cfbfastR-cfb-raw\python\scrape_cfb_json.py", line 42, in _rosters
    return sdv.cfb.espn_cfb_game_rosters(
           ^^^^^^^^^^^^^^^^^^^^^^^^^^^^^^
  File "C:\Users\saiem\Documents\GitHub-Data\sdv-dev\cfbfastR-dev\cfbfastR-cfb-raw\.venv\Lib\site-packages\sportsdataverse\cfb\cfb_game_rosters.py", line 70, in espn_cfb_game_rosters
    athletes = helper_cfb_athlete_items(teams_rosters=team_rosters, **kwargs)
               ^^^^^^^^^^^^^^^^^^^^^^^^^^^^^^^^^^^^^^^^^^^^^^^^^^^^^^^^^^^^^^
  File "C:\Users\saiem\Documents\GitHub-Data\sdv-dev\cfbfastR-dev\cfbfastR-cfb-raw\.venv\Lib\site-packages\sportsdataverse\cfb\cfb_game_rosters.py", line 253, in helper_cfb_athlete_items
    athlete_resp = athlete_res.json()
                   ^^^^^^^^^^^^^^^^^^
  File "C:\Users\saiem\Documents\GitHub-Data\sdv-dev\cfbfastR-dev\cfbfastR-cfb-raw\.venv\Lib\site-packages\requests\models.py", line 1120, in json
    raise RequestsJSONDecodeError(e.msg, e.doc, e.pos)
requests.exceptions.JSONDecodeError: Expecting value: line 1 column 1 (char 0)
2026-06-17 07:59:43,537 ERROR extra fetch failed: _rosters(312810328,)
Traceback (most recent call last):
  File "C:\Users\saiem\Documents\GitHub-Data\sdv-dev\cfbfastR-dev\cfbfastR-cfb-raw\.venv\Lib\site-packages\requests\models.py", line 1116, in json
    return complexjson.loads(self.text, **kwargs)
           ^^^^^^^^^^^^^^^^^^^^^^^^^^^^^^^^^^^^^^
  File "C:\Users\saiem\AppData\Local\Programs\Python\Python311\Lib\json\__init__.py", line 346, in loads
    return _default_decoder.decode(s)
           ^^^^^^^^^^^^^^^^^^^^^^^^^^
  File "C:\Users\saiem\AppData\Local\Programs\Python\Python311\Lib\json\decoder.py", line 337, in decode
    obj, end = self.raw_decode(s, idx=_w(s, 0).end())
               ^^^^^^^^^^^^^^^^^^^^^^^^^^^^^^^^^^^^^^
  File "C:\Users\saiem\AppData\Local\Programs\Python\Python311\Lib\json\decoder.py", line 355, in raw_decode
    raise JSONDecodeError("Expecting value", s, err.value) from None
json.decoder.JSONDecodeError: Expecting value: line 1 column 1 (char 0)

During handling of the above exception, another exception occurred:

Traceback (most recent call last):
  File "C:\Users\saiem\Documents\GitHub-Data\sdv-dev\cfbfastR-dev\cfbfastR-cfb-raw\python\_cfb_raw_utils.py", line 93, in _safe
    return fn(*args, **kwargs)
           ^^^^^^^^^^^^^^^^^^^
  File "C:\Users\saiem\Documents\GitHub-Data\sdv-dev\cfbfastR-dev\cfbfastR-cfb-raw\python\scrape_cfb_json.py", line 42, in _rosters
    return sdv.cfb.espn_cfb_game_rosters(
           ^^^^^^^^^^^^^^^^^^^^^^^^^^^^^^
  File "C:\Users\saiem\Documents\GitHub-Data\sdv-dev\cfbfastR-dev\cfbfastR-cfb-raw\.venv\Lib\site-packages\sportsdataverse\cfb\cfb_game_rosters.py", line 70, in espn_cfb_game_rosters
    athletes = helper_cfb_athlete_items(teams_rosters=team_rosters, **kwargs)
               ^^^^^^^^^^^^^^^^^^^^^^^^^^^^^^^^^^^^^^^^^^^^^^^^^^^^^^^^^^^^^^
  File "C:\Users\saiem\Documents\GitHub-Data\sdv-dev\cfbfastR-dev\cfbfastR-cfb-raw\.venv\Lib\site-packages\sportsdataverse\cfb\cfb_game_rosters.py", line 253, in helper_cfb_athlete_items
    athlete_resp = athlete_res.json()
                   ^^^^^^^^^^^^^^^^^^
  File "C:\Users\saiem\Documents\GitHub-Data\sdv-dev\cfbfastR-dev\cfbfastR-cfb-raw\.venv\Lib\site-packages\requests\models.py", line 1120, in json
    raise RequestsJSONDecodeError(e.msg, e.doc, e.pos)
requests.exceptions.JSONDecodeError: Expecting value: line 1 column 1 (char 0)
2026-06-17 07:59:43,661 ERROR download_game failed: 312862005
Traceback (most recent call last):
  File "C:\Users\saiem\Documents\GitHub-Data\sdv-dev\cfbfastR-dev\cfbfastR-cfb-raw\python\scrape_cfb_json.py", line 80, in download_game
    result = proc.run_processing_pipeline()
             ^^^^^^^^^^^^^^^^^^^^^^^^^^^^^^
  File "C:\Users\saiem\Documents\GitHub-Data\sdv-dev\cfbfastR-dev\cfbfastR-cfb-raw\.venv\Lib\site-packages\sportsdataverse\cfb\cfb_pbp.py", line 5904, in run_processing_pipeline
    pbp_txt = self.__helper_cfb_pbp_drives(self.json)
              ^^^^^^^^^^^^^^^^^^^^^^^^^^^^^^^^^^^^^^^
  File "C:\Users\saiem\Documents\GitHub-Data\sdv-dev\cfbfastR-dev\cfbfastR-cfb-raw\.venv\Lib\site-packages\sportsdataverse\cfb\cfb_pbp.py", line 482, in __helper_cfb_pbp_drives
    pbp_txt, init = self.__helper_cfb_pbp(pbp_txt)
                    ^^^^^^^^^^^^^^^^^^^^^^^^^^^^^^
  File "C:\Users\saiem\Documents\GitHub-Data\sdv-dev\cfbfastR-dev\cfbfastR-cfb-raw\.venv\Lib\site-packages\sportsdataverse\cfb\cfb_pbp.py", line 1045, in __helper_cfb_pbp
    raise NoESPNDataError(
sportsdataverse.errors.NoESPNDataError: ESPN summary for game 312862005 has no header.competitions; cannot build play-by-play.
2026-06-17 07:59:43,841 ERROR download_game failed: 312860025
Traceback (most recent call last):
  File "C:\Users\saiem\Documents\GitHub-Data\sdv-dev\cfbfastR-dev\cfbfastR-cfb-raw\python\scrape_cfb_json.py", line 80, in download_game
    result = proc.run_processing_pipeline()
             ^^^^^^^^^^^^^^^^^^^^^^^^^^^^^^
  File "C:\Users\saiem\Documents\GitHub-Data\sdv-dev\cfbfastR-dev\cfbfastR-cfb-raw\.venv\Lib\site-packages\sportsdataverse\cfb\cfb_pbp.py", line 5904, in run_processing_pipeline
    pbp_txt = self.__helper_cfb_pbp_drives(self.json)
              ^^^^^^^^^^^^^^^^^^^^^^^^^^^^^^^^^^^^^^^
  File "C:\Users\saiem\Documents\GitHub-Data\sdv-dev\cfbfastR-dev\cfbfastR-cfb-raw\.venv\Lib\site-packages\sportsdataverse\cfb\cfb_pbp.py", line 482, in __helper_cfb_pbp_drives
    pbp_txt, init = self.__helper_cfb_pbp(pbp_txt)
                    ^^^^^^^^^^^^^^^^^^^^^^^^^^^^^^
  File "C:\Users\saiem\Documents\GitHub-Data\sdv-dev\cfbfastR-dev\cfbfastR-cfb-raw\.venv\Lib\site-packages\sportsdataverse\cfb\cfb_pbp.py", line 1045, in __helper_cfb_pbp
    raise NoESPNDataError(
sportsdataverse.errors.NoESPNDataError: ESPN summary for game 312860025 has no header.competitions; cannot build play-by-play.
2026-06-17 07:59:43,869 ERROR download_game failed: 312862005
Traceback (most recent call last):
  File "C:\Users\saiem\Documents\GitHub-Data\sdv-dev\cfbfastR-dev\cfbfastR-cfb-raw\python\scrape_cfb_json.py", line 80, in download_game
    result = proc.run_processing_pipeline()
             ^^^^^^^^^^^^^^^^^^^^^^^^^^^^^^
  File "C:\Users\saiem\Documents\GitHub-Data\sdv-dev\cfbfastR-dev\cfbfastR-cfb-raw\.venv\Lib\site-packages\sportsdataverse\cfb\cfb_pbp.py", line 5904, in run_processing_pipeline
    pbp_txt = self.__helper_cfb_pbp_drives(self.json)
              ^^^^^^^^^^^^^^^^^^^^^^^^^^^^^^^^^^^^^^^
  File "C:\Users\saiem\Documents\GitHub-Data\sdv-dev\cfbfastR-dev\cfbfastR-cfb-raw\.venv\Lib\site-packages\sportsdataverse\cfb\cfb_pbp.py", line 482, in __helper_cfb_pbp_drives
    pbp_txt, init = self.__helper_cfb_pbp(pbp_txt)
                    ^^^^^^^^^^^^^^^^^^^^^^^^^^^^^^
  File "C:\Users\saiem\Documents\GitHub-Data\sdv-dev\cfbfastR-dev\cfbfastR-cfb-raw\.venv\Lib\site-packages\sportsdataverse\cfb\cfb_pbp.py", line 1045, in __helper_cfb_pbp
    raise NoESPNDataError(
sportsdataverse.errors.NoESPNDataError: ESPN summary for game 312862005 has no header.competitions; cannot build play-by-play.
2026-06-17 07:59:43,878 ERROR extra fetch failed: _rosters(312810252,)
Traceback (most recent call last):
  File "C:\Users\saiem\Documents\GitHub-Data\sdv-dev\cfbfastR-dev\cfbfastR-cfb-raw\.venv\Lib\site-packages\requests\models.py", line 1116, in json
    return complexjson.loads(self.text, **kwargs)
           ^^^^^^^^^^^^^^^^^^^^^^^^^^^^^^^^^^^^^^
  File "C:\Users\saiem\AppData\Local\Programs\Python\Python311\Lib\json\__init__.py", line 346, in loads
    return _default_decoder.decode(s)
           ^^^^^^^^^^^^^^^^^^^^^^^^^^
  File "C:\Users\saiem\AppData\Local\Programs\Python\Python311\Lib\json\decoder.py", line 337, in decode
    obj, end = self.raw_decode(s, idx=_w(s, 0).end())
               ^^^^^^^^^^^^^^^^^^^^^^^^^^^^^^^^^^^^^^
  File "C:\Users\saiem\AppData\Local\Programs\Python\Python311\Lib\json\decoder.py", line 355, in raw_decode
    raise JSONDecodeError("Expecting value", s, err.value) from None
json.decoder.JSONDecodeError: Expecting value: line 1 column 1 (char 0)

During handling of the above exception, another exception occurred:

Traceback (most recent call last):
  File "C:\Users\saiem\Documents\GitHub-Data\sdv-dev\cfbfastR-dev\cfbfastR-cfb-raw\python\_cfb_raw_utils.py", line 93, in _safe
    return fn(*args, **kwargs)
           ^^^^^^^^^^^^^^^^^^^
  File "C:\Users\saiem\Documents\GitHub-Data\sdv-dev\cfbfastR-dev\cfbfastR-cfb-raw\python\scrape_cfb_json.py", line 42, in _rosters
    return sdv.cfb.espn_cfb_game_rosters(
           ^^^^^^^^^^^^^^^^^^^^^^^^^^^^^^
  File "C:\Users\saiem\Documents\GitHub-Data\sdv-dev\cfbfastR-dev\cfbfastR-cfb-raw\.venv\Lib\site-packages\sportsdataverse\cfb\cfb_game_rosters.py", line 70, in espn_cfb_game_rosters
    athletes = helper_cfb_athlete_items(teams_rosters=team_rosters, **kwargs)
               ^^^^^^^^^^^^^^^^^^^^^^^^^^^^^^^^^^^^^^^^^^^^^^^^^^^^^^^^^^^^^^
  File "C:\Users\saiem\Documents\GitHub-Data\sdv-dev\cfbfastR-dev\cfbfastR-cfb-raw\.venv\Lib\site-packages\sportsdataverse\cfb\cfb_game_rosters.py", line 253, in helper_cfb_athlete_items
    athlete_resp = athlete_res.json()
                   ^^^^^^^^^^^^^^^^^^
  File "C:\Users\saiem\Documents\GitHub-Data\sdv-dev\cfbfastR-dev\cfbfastR-cfb-raw\.venv\Lib\site-packages\requests\models.py", line 1120, in json
    raise RequestsJSONDecodeError(e.msg, e.doc, e.pos)
requests.exceptions.JSONDecodeError: Expecting value: line 1 column 1 (char 0)
2026-06-17 07:59:44,016 ERROR download_game failed: 312860025
Traceback (most recent call last):
  File "C:\Users\saiem\Documents\GitHub-Data\sdv-dev\cfbfastR-dev\cfbfastR-cfb-raw\python\scrape_cfb_json.py", line 80, in download_game
    result = proc.run_processing_pipeline()
             ^^^^^^^^^^^^^^^^^^^^^^^^^^^^^^
  File "C:\Users\saiem\Documents\GitHub-Data\sdv-dev\cfbfastR-dev\cfbfastR-cfb-raw\.venv\Lib\site-packages\sportsdataverse\cfb\cfb_pbp.py", line 5904, in run_processing_pipeline
    pbp_txt = self.__helper_cfb_pbp_drives(self.json)
              ^^^^^^^^^^^^^^^^^^^^^^^^^^^^^^^^^^^^^^^
  File "C:\Users\saiem\Documents\GitHub-Data\sdv-dev\cfbfastR-dev\cfbfastR-cfb-raw\.venv\Lib\site-packages\sportsdataverse\cfb\cfb_pbp.py", line 482, in __helper_cfb_pbp_drives
    pbp_txt, init = self.__helper_cfb_pbp(pbp_txt)
                    ^^^^^^^^^^^^^^^^^^^^^^^^^^^^^^
  File "C:\Users\saiem\Documents\GitHub-Data\sdv-dev\cfbfastR-dev\cfbfastR-cfb-raw\.venv\Lib\site-packages\sportsdataverse\cfb\cfb_pbp.py", line 1045, in __helper_cfb_pbp
    raise NoESPNDataError(
sportsdataverse.errors.NoESPNDataError: ESPN summary for game 312860025 has no header.competitions; cannot build play-by-play.
2026-06-17 07:59:44,986 ERROR extra fetch failed: _rosters(312810252,)
Traceback (most recent call last):
  File "C:\Users\saiem\Documents\GitHub-Data\sdv-dev\cfbfastR-dev\cfbfastR-cfb-raw\.venv\Lib\site-packages\requests\models.py", line 1116, in json
    return complexjson.loads(self.text, **kwargs)
           ^^^^^^^^^^^^^^^^^^^^^^^^^^^^^^^^^^^^^^
  File "C:\Users\saiem\AppData\Local\Programs\Python\Python311\Lib\json\__init__.py", line 346, in loads
    return _default_decoder.decode(s)
           ^^^^^^^^^^^^^^^^^^^^^^^^^^
  File "C:\Users\saiem\AppData\Local\Programs\Python\Python311\Lib\json\decoder.py", line 337, in decode
    obj, end = self.raw_decode(s, idx=_w(s, 0).end())
               ^^^^^^^^^^^^^^^^^^^^^^^^^^^^^^^^^^^^^^
  File "C:\Users\saiem\AppData\Local\Programs\Python\Python311\Lib\json\decoder.py", line 355, in raw_decode
    raise JSONDecodeError("Expecting value", s, err.value) from None
json.decoder.JSONDecodeError: Expecting value: line 1 column 1 (char 0)

During handling of the above exception, another exception occurred:

Traceback (most recent call last):
  File "C:\Users\saiem\Documents\GitHub-Data\sdv-dev\cfbfastR-dev\cfbfastR-cfb-raw\python\_cfb_raw_utils.py", line 93, in _safe
    return fn(*args, **kwargs)
           ^^^^^^^^^^^^^^^^^^^
  File "C:\Users\saiem\Documents\GitHub-Data\sdv-dev\cfbfastR-dev\cfbfastR-cfb-raw\python\scrape_cfb_json.py", line 42, in _rosters
    return sdv.cfb.espn_cfb_game_rosters(
           ^^^^^^^^^^^^^^^^^^^^^^^^^^^^^^
  File "C:\Users\saiem\Documents\GitHub-Data\sdv-dev\cfbfastR-dev\cfbfastR-cfb-raw\.venv\Lib\site-packages\sportsdataverse\cfb\cfb_game_rosters.py", line 70, in espn_cfb_game_rosters
    athletes = helper_cfb_athlete_items(teams_rosters=team_rosters, **kwargs)
               ^^^^^^^^^^^^^^^^^^^^^^^^^^^^^^^^^^^^^^^^^^^^^^^^^^^^^^^^^^^^^^
  File "C:\Users\saiem\Documents\GitHub-Data\sdv-dev\cfbfastR-dev\cfbfastR-cfb-raw\.venv\Lib\site-packages\sportsdataverse\cfb\cfb_game_rosters.py", line 253, in helper_cfb_athlete_items
    athlete_resp = athlete_res.json()
                   ^^^^^^^^^^^^^^^^^^
  File "C:\Users\saiem\Documents\GitHub-Data\sdv-dev\cfbfastR-dev\cfbfastR-cfb-raw\.venv\Lib\site-packages\requests\models.py", line 1120, in json
    raise RequestsJSONDecodeError(e.msg, e.doc, e.pos)
requests.exceptions.JSONDecodeError: Expecting value: line 1 column 1 (char 0)
2026-06-17 07:59:49,774 ERROR download_game failed: 312810021
Traceback (most recent call last):
  File "C:\Users\saiem\Documents\GitHub-Data\sdv-dev\cfbfastR-dev\cfbfastR-cfb-raw\python\scrape_cfb_json.py", line 106, in download_game
    write_json_atomic(stamp(obj, game_id=game_id, season=season, week=week),
  File "C:\Users\saiem\Documents\GitHub-Data\sdv-dev\cfbfastR-dev\cfbfastR-cfb-raw\python\_cfb_raw_utils.py", line 73, in write_json_atomic
    os.replace(tmp, path)
PermissionError: [WinError 32] The process cannot access the file because it is being used by another process: 'cfb\\betting\\json\\312810021.json.tmp' -> 'cfb\\betting\\json\\312810021.json'
2026-06-17 07:59:50,107 ERROR download_game failed: 312870023
Traceback (most recent call last):
  File "C:\Users\saiem\Documents\GitHub-Data\sdv-dev\cfbfastR-dev\cfbfastR-cfb-raw\python\scrape_cfb_json.py", line 106, in download_game
    write_json_atomic(stamp(obj, game_id=game_id, season=season, week=week),
  File "C:\Users\saiem\Documents\GitHub-Data\sdv-dev\cfbfastR-dev\cfbfastR-cfb-raw\python\_cfb_raw_utils.py", line 73, in write_json_atomic
    os.replace(tmp, path)
PermissionError: [WinError 32] The process cannot access the file because it is being used by another process: 'cfb\\game_rosters\\json\\312870023.json.tmp' -> 'cfb\\game_rosters\\json\\312870023.json'
2026-06-17 07:59:50,514 ERROR download_game failed: 312882633
Traceback (most recent call last):
  File "C:\Users\saiem\Documents\GitHub-Data\sdv-dev\cfbfastR-dev\cfbfastR-cfb-raw\python\scrape_cfb_json.py", line 106, in download_game
    write_json_atomic(stamp(obj, game_id=game_id, season=season, week=week),
  File "C:\Users\saiem\Documents\GitHub-Data\sdv-dev\cfbfastR-dev\cfbfastR-cfb-raw\python\_cfb_raw_utils.py", line 73, in write_json_atomic
    os.replace(tmp, path)
PermissionError: [WinError 32] The process cannot access the file because it is being used by another process: 'cfb\\game_rosters\\json\\312882633.json.tmp' -> 'cfb\\game_rosters\\json\\312882633.json'
2026-06-17 07:59:50,546 ERROR download_game failed: 312882305
Traceback (most recent call last):
  File "C:\Users\saiem\Documents\GitHub-Data\sdv-dev\cfbfastR-dev\cfbfastR-cfb-raw\python\scrape_cfb_json.py", line 75, in download_game
    write_json_atomic(raw, f"cfb/json/raw/{game_id}.json")
  File "C:\Users\saiem\Documents\GitHub-Data\sdv-dev\cfbfastR-dev\cfbfastR-cfb-raw\python\_cfb_raw_utils.py", line 73, in write_json_atomic
    os.replace(tmp, path)
PermissionError: [WinError 32] The process cannot access the file because it is being used by another process: 'cfb\\json\\raw\\312882305.json.tmp' -> 'cfb\\json\\raw\\312882305.json'
2026-06-17 07:59:50,601 ERROR download_game failed: 312810026
Traceback (most recent call last):
  File "C:\Users\saiem\Documents\GitHub-Data\sdv-dev\cfbfastR-dev\cfbfastR-cfb-raw\python\scrape_cfb_json.py", line 120, in download_game
    write_json_atomic(result, f"cfb/json/final/{game_id}.json")
  File "C:\Users\saiem\Documents\GitHub-Data\sdv-dev\cfbfastR-dev\cfbfastR-cfb-raw\python\_cfb_raw_utils.py", line 73, in write_json_atomic
    os.replace(tmp, path)
PermissionError: [WinError 32] The process cannot access the file because it is being used by another process: 'cfb\\json\\final\\312810026.json.tmp' -> 'cfb\\json\\final\\312810026.json'
2026-06-17 07:59:50,929 ERROR download_game failed: 312880036
Traceback (most recent call last):
  File "C:\Users\saiem\Documents\GitHub-Data\sdv-dev\cfbfastR-dev\cfbfastR-cfb-raw\python\scrape_cfb_json.py", line 75, in download_game
    write_json_atomic(raw, f"cfb/json/raw/{game_id}.json")
  File "C:\Users\saiem\Documents\GitHub-Data\sdv-dev\cfbfastR-dev\cfbfastR-cfb-raw\python\_cfb_raw_utils.py", line 73, in write_json_atomic
    os.replace(tmp, path)
PermissionError: [WinError 32] The process cannot access the file because it is being used by another process: 'cfb\\json\\raw\\312880036.json.tmp' -> 'cfb\\json\\raw\\312880036.json'
2026-06-17 07:59:51,052 ERROR download_game failed: 312880275
Traceback (most recent call last):
  File "C:\Users\saiem\Documents\GitHub-Data\sdv-dev\cfbfastR-dev\cfbfastR-cfb-raw\python\scrape_cfb_json.py", line 75, in download_game
    write_json_atomic(raw, f"cfb/json/raw/{game_id}.json")
  File "C:\Users\saiem\Documents\GitHub-Data\sdv-dev\cfbfastR-dev\cfbfastR-cfb-raw\python\_cfb_raw_utils.py", line 73, in write_json_atomic
    os.replace(tmp, path)
PermissionError: [WinError 32] The process cannot access the file because it is being used by another process: 'cfb\\json\\raw\\312880275.json.tmp' -> 'cfb\\json\\raw\\312880275.json'
2026-06-17 07:59:51,054 ERROR download_game failed: 312880251
Traceback (most recent call last):
  File "C:\Users\saiem\Documents\GitHub-Data\sdv-dev\cfbfastR-dev\cfbfastR-cfb-raw\python\scrape_cfb_json.py", line 75, in download_game
    write_json_atomic(raw, f"cfb/json/raw/{game_id}.json")
  File "C:\Users\saiem\Documents\GitHub-Data\sdv-dev\cfbfastR-dev\cfbfastR-cfb-raw\python\_cfb_raw_utils.py", line 73, in write_json_atomic
    os.replace(tmp, path)
PermissionError: [WinError 32] The process cannot access the file because it is being used by another process: 'cfb\\json\\raw\\312880251.json.tmp' -> 'cfb\\json\\raw\\312880251.json'
2026-06-17 07:59:56,291 ERROR download_game failed: 312880145
Traceback (most recent call last):
  File "C:\Users\saiem\Documents\GitHub-Data\sdv-dev\cfbfastR-dev\cfbfastR-cfb-raw\python\scrape_cfb_json.py", line 106, in download_game
    write_json_atomic(stamp(obj, game_id=game_id, season=season, week=week),
  File "C:\Users\saiem\Documents\GitHub-Data\sdv-dev\cfbfastR-dev\cfbfastR-cfb-raw\python\_cfb_raw_utils.py", line 73, in write_json_atomic
    os.replace(tmp, path)
PermissionError: [WinError 32] The process cannot access the file because it is being used by another process: 'cfb\\team_box_extra\\json\\312880145.json.tmp' -> 'cfb\\team_box_extra\\json\\312880145.json'
2026-06-17 07:59:56,708 ERROR download_game failed: 312882483
Traceback (most recent call last):
  File "C:\Users\saiem\Documents\GitHub-Data\sdv-dev\cfbfastR-dev\cfbfastR-cfb-raw\python\scrape_cfb_json.py", line 75, in download_game
    write_json_atomic(raw, f"cfb/json/raw/{game_id}.json")
  File "C:\Users\saiem\Documents\GitHub-Data\sdv-dev\cfbfastR-dev\cfbfastR-cfb-raw\python\_cfb_raw_utils.py", line 73, in write_json_atomic
    os.replace(tmp, path)
PermissionError: [WinError 32] The process cannot access the file because it is being used by another process: 'cfb\\json\\raw\\312882483.json.tmp' -> 'cfb\\json\\raw\\312882483.json'
2026-06-17 08:00:02,491 ERROR download_game failed: 312880127
Traceback (most recent call last):
  File "C:\Users\saiem\Documents\GitHub-Data\sdv-dev\cfbfastR-dev\cfbfastR-cfb-raw\python\scrape_cfb_json.py", line 120, in download_game
    write_json_atomic(result, f"cfb/json/final/{game_id}.json")
  File "C:\Users\saiem\Documents\GitHub-Data\sdv-dev\cfbfastR-dev\cfbfastR-cfb-raw\python\_cfb_raw_utils.py", line 73, in write_json_atomic
    os.replace(tmp, path)
PermissionError: [WinError 32] The process cannot access the file because it is being used by another process: 'cfb\\json\\final\\312880127.json.tmp' -> 'cfb\\json\\final\\312880127.json'
2026-06-17 08:00:08,316 ERROR download_game failed: 312882641
Traceback (most recent call last):
  File "C:\Users\saiem\Documents\GitHub-Data\sdv-dev\cfbfastR-dev\cfbfastR-cfb-raw\python\scrape_cfb_json.py", line 106, in download_game
    write_json_atomic(stamp(obj, game_id=game_id, season=season, week=week),
  File "C:\Users\saiem\Documents\GitHub-Data\sdv-dev\cfbfastR-dev\cfbfastR-cfb-raw\python\_cfb_raw_utils.py", line 73, in write_json_atomic
    os.replace(tmp, path)
PermissionError: [WinError 32] The process cannot access the file because it is being used by another process: 'cfb\\game_rosters\\json\\312882641.json.tmp' -> 'cfb\\game_rosters\\json\\312882641.json'
2026-06-17 08:00:08,613 ERROR download_game failed: 312880189
Traceback (most recent call last):
  File "C:\Users\saiem\Documents\GitHub-Data\sdv-dev\cfbfastR-dev\cfbfastR-cfb-raw\python\scrape_cfb_json.py", line 75, in download_game
    write_json_atomic(raw, f"cfb/json/raw/{game_id}.json")
  File "C:\Users\saiem\Documents\GitHub-Data\sdv-dev\cfbfastR-dev\cfbfastR-cfb-raw\python\_cfb_raw_utils.py", line 73, in write_json_atomic
    os.replace(tmp, path)
PermissionError: [WinError 32] The process cannot access the file because it is being used by another process: 'cfb\\json\\raw\\312880189.json.tmp' -> 'cfb\\json\\raw\\312880189.json'
2026-06-17 08:00:14,616 ERROR download_game failed: 312880213
Traceback (most recent call last):
  File "C:\Users\saiem\Documents\GitHub-Data\sdv-dev\cfbfastR-dev\cfbfastR-cfb-raw\python\scrape_cfb_json.py", line 106, in download_game
    write_json_atomic(stamp(obj, game_id=game_id, season=season, week=week),
  File "C:\Users\saiem\Documents\GitHub-Data\sdv-dev\cfbfastR-dev\cfbfastR-cfb-raw\python\_cfb_raw_utils.py", line 73, in write_json_atomic
    os.replace(tmp, path)
PermissionError: [WinError 32] The process cannot access the file because it is being used by another process: 'cfb\\game_rosters\\json\\312880213.json.tmp' -> 'cfb\\game_rosters\\json\\312880213.json'
2026-06-17 08:00:14,680 ERROR download_game failed: 312882132
Traceback (most recent call last):
  File "C:\Users\saiem\Documents\GitHub-Data\sdv-dev\cfbfastR-dev\cfbfastR-cfb-raw\python\scrape_cfb_json.py", line 120, in download_game
    write_json_atomic(result, f"cfb/json/final/{game_id}.json")
  File "C:\Users\saiem\Documents\GitHub-Data\sdv-dev\cfbfastR-dev\cfbfastR-cfb-raw\python\_cfb_raw_utils.py", line 73, in write_json_atomic
    os.replace(tmp, path)
PermissionError: [WinError 32] The process cannot access the file because it is being used by another process: 'cfb\\json\\final\\312882132.json.tmp' -> 'cfb\\json\\final\\312882132.json'
2026-06-17 08:00:14,946 ERROR download_game failed: 312880142
Traceback (most recent call last):
  File "C:\Users\saiem\Documents\GitHub-Data\sdv-dev\cfbfastR-dev\cfbfastR-cfb-raw\python\scrape_cfb_json.py", line 75, in download_game
    write_json_atomic(raw, f"cfb/json/raw/{game_id}.json")
  File "C:\Users\saiem\Documents\GitHub-Data\sdv-dev\cfbfastR-dev\cfbfastR-cfb-raw\python\_cfb_raw_utils.py", line 73, in write_json_atomic
    os.replace(tmp, path)
PermissionError: [WinError 32] The process cannot access the file because it is being used by another process: 'cfb\\json\\raw\\312880142.json.tmp' -> 'cfb\\json\\raw\\312880142.json'
2026-06-17 08:00:15,272 ERROR download_game failed: 312880164
Traceback (most recent call last):
  File "C:\Users\saiem\Documents\GitHub-Data\sdv-dev\cfbfastR-dev\cfbfastR-cfb-raw\python\scrape_cfb_json.py", line 75, in download_game
    write_json_atomic(raw, f"cfb/json/raw/{game_id}.json")
  File "C:\Users\saiem\Documents\GitHub-Data\sdv-dev\cfbfastR-dev\cfbfastR-cfb-raw\python\_cfb_raw_utils.py", line 73, in write_json_atomic
    os.replace(tmp, path)
PermissionError: [WinError 32] The process cannot access the file because it is being used by another process: 'cfb\\json\\raw\\312880164.json.tmp' -> 'cfb\\json\\raw\\312880164.json'
2026-06-17 08:00:19,231 ERROR download_game failed: 312880218
Traceback (most recent call last):
  File "C:\Users\saiem\Documents\GitHub-Data\sdv-dev\cfbfastR-dev\cfbfastR-cfb-raw\python\scrape_cfb_json.py", line 120, in download_game
    write_json_atomic(result, f"cfb/json/final/{game_id}.json")
  File "C:\Users\saiem\Documents\GitHub-Data\sdv-dev\cfbfastR-dev\cfbfastR-cfb-raw\python\_cfb_raw_utils.py", line 73, in write_json_atomic
    os.replace(tmp, path)
PermissionError: [WinError 32] The process cannot access the file because it is being used by another process: 'cfb\\json\\final\\312880218.json.tmp' -> 'cfb\\json\\final\\312880218.json'
2026-06-17 08:00:23,598 ERROR extra fetch failed: _rosters(313282459,)
Traceback (most recent call last):
  File "C:\Users\saiem\Documents\GitHub-Data\sdv-dev\cfbfastR-dev\cfbfastR-cfb-raw\python\_cfb_raw_utils.py", line 93, in _safe
    return fn(*args, **kwargs)
           ^^^^^^^^^^^^^^^^^^^
  File "C:\Users\saiem\Documents\GitHub-Data\sdv-dev\cfbfastR-dev\cfbfastR-cfb-raw\python\scrape_cfb_json.py", line 42, in _rosters
    return sdv.cfb.espn_cfb_game_rosters(
           ^^^^^^^^^^^^^^^^^^^^^^^^^^^^^^
  File "C:\Users\saiem\Documents\GitHub-Data\sdv-dev\cfbfastR-dev\cfbfastR-cfb-raw\.venv\Lib\site-packages\sportsdataverse\cfb\cfb_game_rosters.py", line 66, in espn_cfb_game_rosters
    team_rosters = helper_cfb_roster_items(items=items, summary_url=summary_url, **kwargs)
                   ^^^^^^^^^^^^^^^^^^^^^^^^^^^^^^^^^^^^^^^^^^^^^^^^^^^^^^^^^^^^^^^^^^^^^^^
  File "C:\Users\saiem\Documents\GitHub-Data\sdv-dev\cfbfastR-dev\cfbfastR-cfb-raw\.venv\Lib\site-packages\sportsdataverse\cfb\cfb_game_rosters.py", line 209, in helper_cfb_roster_items
    raise NoESPNDataError(f"NoESPNDataError: No roster data found for any team at {summary_url}")
sportsdataverse.errors.NoESPNDataError: NoESPNDataError: No roster data found for any team at https://sports.core.api.espn.com/v2/sports/football/leagues/college-football/events/313282459/competitions/313282459/competitors
2026-06-17 08:00:24,344 ERROR extra fetch failed: _rosters(313280218,)
Traceback (most recent call last):
  File "C:\Users\saiem\Documents\GitHub-Data\sdv-dev\cfbfastR-dev\cfbfastR-cfb-raw\python\_cfb_raw_utils.py", line 93, in _safe
    return fn(*args, **kwargs)
           ^^^^^^^^^^^^^^^^^^^
  File "C:\Users\saiem\Documents\GitHub-Data\sdv-dev\cfbfastR-dev\cfbfastR-cfb-raw\python\scrape_cfb_json.py", line 42, in _rosters
    return sdv.cfb.espn_cfb_game_rosters(
           ^^^^^^^^^^^^^^^^^^^^^^^^^^^^^^
  File "C:\Users\saiem\Documents\GitHub-Data\sdv-dev\cfbfastR-dev\cfbfastR-cfb-raw\.venv\Lib\site-packages\sportsdataverse\cfb\cfb_game_rosters.py", line 66, in espn_cfb_game_rosters
    team_rosters = helper_cfb_roster_items(items=items, summary_url=summary_url, **kwargs)
                   ^^^^^^^^^^^^^^^^^^^^^^^^^^^^^^^^^^^^^^^^^^^^^^^^^^^^^^^^^^^^^^^^^^^^^^^
  File "C:\Users\saiem\Documents\GitHub-Data\sdv-dev\cfbfastR-dev\cfbfastR-cfb-raw\.venv\Lib\site-packages\sportsdataverse\cfb\cfb_game_rosters.py", line 209, in helper_cfb_roster_items
    raise NoESPNDataError(f"NoESPNDataError: No roster data found for any team at {summary_url}")
sportsdataverse.errors.NoESPNDataError: NoESPNDataError: No roster data found for any team at https://sports.core.api.espn.com/v2/sports/football/leagues/college-football/events/313280218/competitions/313280218/competitors
2026-06-17 08:00:25,311 ERROR extra fetch failed: _rosters(313282459,)
Traceback (most recent call last):
  File "C:\Users\saiem\Documents\GitHub-Data\sdv-dev\cfbfastR-dev\cfbfastR-cfb-raw\python\_cfb_raw_utils.py", line 93, in _safe
    return fn(*args, **kwargs)
           ^^^^^^^^^^^^^^^^^^^
  File "C:\Users\saiem\Documents\GitHub-Data\sdv-dev\cfbfastR-dev\cfbfastR-cfb-raw\python\scrape_cfb_json.py", line 42, in _rosters
    return sdv.cfb.espn_cfb_game_rosters(
           ^^^^^^^^^^^^^^^^^^^^^^^^^^^^^^
  File "C:\Users\saiem\Documents\GitHub-Data\sdv-dev\cfbfastR-dev\cfbfastR-cfb-raw\.venv\Lib\site-packages\sportsdataverse\cfb\cfb_game_rosters.py", line 66, in espn_cfb_game_rosters
    team_rosters = helper_cfb_roster_items(items=items, summary_url=summary_url, **kwargs)
                   ^^^^^^^^^^^^^^^^^^^^^^^^^^^^^^^^^^^^^^^^^^^^^^^^^^^^^^^^^^^^^^^^^^^^^^^
  File "C:\Users\saiem\Documents\GitHub-Data\sdv-dev\cfbfastR-dev\cfbfastR-cfb-raw\.venv\Lib\site-packages\sportsdataverse\cfb\cfb_game_rosters.py", line 209, in helper_cfb_roster_items
    raise NoESPNDataError(f"NoESPNDataError: No roster data found for any team at {summary_url}")
sportsdataverse.errors.NoESPNDataError: NoESPNDataError: No roster data found for any team at https://sports.core.api.espn.com/v2/sports/football/leagues/college-football/events/313282459/competitions/313282459/competitors
2026-06-17 08:00:25,349 ERROR extra fetch failed: _rosters(313282050,)
Traceback (most recent call last):
  File "C:\Users\saiem\Documents\GitHub-Data\sdv-dev\cfbfastR-dev\cfbfastR-cfb-raw\python\_cfb_raw_utils.py", line 93, in _safe
    return fn(*args, **kwargs)
           ^^^^^^^^^^^^^^^^^^^
  File "C:\Users\saiem\Documents\GitHub-Data\sdv-dev\cfbfastR-dev\cfbfastR-cfb-raw\python\scrape_cfb_json.py", line 42, in _rosters
    return sdv.cfb.espn_cfb_game_rosters(
           ^^^^^^^^^^^^^^^^^^^^^^^^^^^^^^
  File "C:\Users\saiem\Documents\GitHub-Data\sdv-dev\cfbfastR-dev\cfbfastR-cfb-raw\.venv\Lib\site-packages\sportsdataverse\cfb\cfb_game_rosters.py", line 66, in espn_cfb_game_rosters
    team_rosters = helper_cfb_roster_items(items=items, summary_url=summary_url, **kwargs)
                   ^^^^^^^^^^^^^^^^^^^^^^^^^^^^^^^^^^^^^^^^^^^^^^^^^^^^^^^^^^^^^^^^^^^^^^^
  File "C:\Users\saiem\Documents\GitHub-Data\sdv-dev\cfbfastR-dev\cfbfastR-cfb-raw\.venv\Lib\site-packages\sportsdataverse\cfb\cfb_game_rosters.py", line 209, in helper_cfb_roster_items
    raise NoESPNDataError(f"NoESPNDataError: No roster data found for any team at {summary_url}")
sportsdataverse.errors.NoESPNDataError: NoESPNDataError: No roster data found for any team at https://sports.core.api.espn.com/v2/sports/football/leagues/college-football/events/313282050/competitions/313282050/competitors
2026-06-17 08:00:26,141 ERROR extra fetch failed: _rosters(313292393,)
Traceback (most recent call last):
  File "C:\Users\saiem\Documents\GitHub-Data\sdv-dev\cfbfastR-dev\cfbfastR-cfb-raw\python\_cfb_raw_utils.py", line 93, in _safe
    return fn(*args, **kwargs)
           ^^^^^^^^^^^^^^^^^^^
  File "C:\Users\saiem\Documents\GitHub-Data\sdv-dev\cfbfastR-dev\cfbfastR-cfb-raw\python\scrape_cfb_json.py", line 42, in _rosters
    return sdv.cfb.espn_cfb_game_rosters(
           ^^^^^^^^^^^^^^^^^^^^^^^^^^^^^^
  File "C:\Users\saiem\Documents\GitHub-Data\sdv-dev\cfbfastR-dev\cfbfastR-cfb-raw\.venv\Lib\site-packages\sportsdataverse\cfb\cfb_game_rosters.py", line 66, in espn_cfb_game_rosters
    team_rosters = helper_cfb_roster_items(items=items, summary_url=summary_url, **kwargs)
                   ^^^^^^^^^^^^^^^^^^^^^^^^^^^^^^^^^^^^^^^^^^^^^^^^^^^^^^^^^^^^^^^^^^^^^^^
  File "C:\Users\saiem\Documents\GitHub-Data\sdv-dev\cfbfastR-dev\cfbfastR-cfb-raw\.venv\Lib\site-packages\sportsdataverse\cfb\cfb_game_rosters.py", line 209, in helper_cfb_roster_items
    raise NoESPNDataError(f"NoESPNDataError: No roster data found for any team at {summary_url}")
sportsdataverse.errors.NoESPNDataError: NoESPNDataError: No roster data found for any team at https://sports.core.api.espn.com/v2/sports/football/leagues/college-football/events/313292393/competitions/313292393/competitors
2026-06-17 08:00:26,602 ERROR extra fetch failed: _rosters(313280218,)
Traceback (most recent call last):
  File "C:\Users\saiem\Documents\GitHub-Data\sdv-dev\cfbfastR-dev\cfbfastR-cfb-raw\python\_cfb_raw_utils.py", line 93, in _safe
    return fn(*args, **kwargs)
           ^^^^^^^^^^^^^^^^^^^
  File "C:\Users\saiem\Documents\GitHub-Data\sdv-dev\cfbfastR-dev\cfbfastR-cfb-raw\python\scrape_cfb_json.py", line 42, in _rosters
    return sdv.cfb.espn_cfb_game_rosters(
           ^^^^^^^^^^^^^^^^^^^^^^^^^^^^^^
  File "C:\Users\saiem\Documents\GitHub-Data\sdv-dev\cfbfastR-dev\cfbfastR-cfb-raw\.venv\Lib\site-packages\sportsdataverse\cfb\cfb_game_rosters.py", line 66, in espn_cfb_game_rosters
    team_rosters = helper_cfb_roster_items(items=items, summary_url=summary_url, **kwargs)
                   ^^^^^^^^^^^^^^^^^^^^^^^^^^^^^^^^^^^^^^^^^^^^^^^^^^^^^^^^^^^^^^^^^^^^^^^
  File "C:\Users\saiem\Documents\GitHub-Data\sdv-dev\cfbfastR-dev\cfbfastR-cfb-raw\.venv\Lib\site-packages\sportsdataverse\cfb\cfb_game_rosters.py", line 209, in helper_cfb_roster_items
    raise NoESPNDataError(f"NoESPNDataError: No roster data found for any team at {summary_url}")
sportsdataverse.errors.NoESPNDataError: NoESPNDataError: No roster data found for any team at https://sports.core.api.espn.com/v2/sports/football/leagues/college-football/events/313280218/competitions/313280218/competitors
2026-06-17 08:00:26,659 ERROR extra fetch failed: _rosters(313282050,)
Traceback (most recent call last):
  File "C:\Users\saiem\Documents\GitHub-Data\sdv-dev\cfbfastR-dev\cfbfastR-cfb-raw\python\_cfb_raw_utils.py", line 93, in _safe
    return fn(*args, **kwargs)
           ^^^^^^^^^^^^^^^^^^^
  File "C:\Users\saiem\Documents\GitHub-Data\sdv-dev\cfbfastR-dev\cfbfastR-cfb-raw\python\scrape_cfb_json.py", line 42, in _rosters
    return sdv.cfb.espn_cfb_game_rosters(
           ^^^^^^^^^^^^^^^^^^^^^^^^^^^^^^
  File "C:\Users\saiem\Documents\GitHub-Data\sdv-dev\cfbfastR-dev\cfbfastR-cfb-raw\.venv\Lib\site-packages\sportsdataverse\cfb\cfb_game_rosters.py", line 66, in espn_cfb_game_rosters
    team_rosters = helper_cfb_roster_items(items=items, summary_url=summary_url, **kwargs)
                   ^^^^^^^^^^^^^^^^^^^^^^^^^^^^^^^^^^^^^^^^^^^^^^^^^^^^^^^^^^^^^^^^^^^^^^^
  File "C:\Users\saiem\Documents\GitHub-Data\sdv-dev\cfbfastR-dev\cfbfastR-cfb-raw\.venv\Lib\site-packages\sportsdataverse\cfb\cfb_game_rosters.py", line 209, in helper_cfb_roster_items
    raise NoESPNDataError(f"NoESPNDataError: No roster data found for any team at {summary_url}")
sportsdataverse.errors.NoESPNDataError: NoESPNDataError: No roster data found for any team at https://sports.core.api.espn.com/v2/sports/football/leagues/college-football/events/313282050/competitions/313282050/competitors
2026-06-17 08:00:26,687 ERROR extra fetch failed: _rosters(313362226,)
Traceback (most recent call last):
  File "C:\Users\saiem\Documents\GitHub-Data\sdv-dev\cfbfastR-dev\cfbfastR-cfb-raw\python\_cfb_raw_utils.py", line 93, in _safe
    return fn(*args, **kwargs)
           ^^^^^^^^^^^^^^^^^^^
  File "C:\Users\saiem\Documents\GitHub-Data\sdv-dev\cfbfastR-dev\cfbfastR-cfb-raw\python\scrape_cfb_json.py", line 42, in _rosters
    return sdv.cfb.espn_cfb_game_rosters(
           ^^^^^^^^^^^^^^^^^^^^^^^^^^^^^^
  File "C:\Users\saiem\Documents\GitHub-Data\sdv-dev\cfbfastR-dev\cfbfastR-cfb-raw\.venv\Lib\site-packages\sportsdataverse\cfb\cfb_game_rosters.py", line 66, in espn_cfb_game_rosters
    team_rosters = helper_cfb_roster_items(items=items, summary_url=summary_url, **kwargs)
                   ^^^^^^^^^^^^^^^^^^^^^^^^^^^^^^^^^^^^^^^^^^^^^^^^^^^^^^^^^^^^^^^^^^^^^^^
  File "C:\Users\saiem\Documents\GitHub-Data\sdv-dev\cfbfastR-dev\cfbfastR-cfb-raw\.venv\Lib\site-packages\sportsdataverse\cfb\cfb_game_rosters.py", line 209, in helper_cfb_roster_items
    raise NoESPNDataError(f"NoESPNDataError: No roster data found for any team at {summary_url}")
sportsdataverse.errors.NoESPNDataError: NoESPNDataError: No roster data found for any team at https://sports.core.api.espn.com/v2/sports/football/leagues/college-football/events/313362226/competitions/313362226/competitors
2026-06-17 08:00:27,261 ERROR extra fetch failed: _rosters(313292393,)
Traceback (most recent call last):
  File "C:\Users\saiem\Documents\GitHub-Data\sdv-dev\cfbfastR-dev\cfbfastR-cfb-raw\python\_cfb_raw_utils.py", line 93, in _safe
    return fn(*args, **kwargs)
           ^^^^^^^^^^^^^^^^^^^
  File "C:\Users\saiem\Documents\GitHub-Data\sdv-dev\cfbfastR-dev\cfbfastR-cfb-raw\python\scrape_cfb_json.py", line 42, in _rosters
    return sdv.cfb.espn_cfb_game_rosters(
           ^^^^^^^^^^^^^^^^^^^^^^^^^^^^^^
  File "C:\Users\saiem\Documents\GitHub-Data\sdv-dev\cfbfastR-dev\cfbfastR-cfb-raw\.venv\Lib\site-packages\sportsdataverse\cfb\cfb_game_rosters.py", line 66, in espn_cfb_game_rosters
    team_rosters = helper_cfb_roster_items(items=items, summary_url=summary_url, **kwargs)
                   ^^^^^^^^^^^^^^^^^^^^^^^^^^^^^^^^^^^^^^^^^^^^^^^^^^^^^^^^^^^^^^^^^^^^^^^
  File "C:\Users\saiem\Documents\GitHub-Data\sdv-dev\cfbfastR-dev\cfbfastR-cfb-raw\.venv\Lib\site-packages\sportsdataverse\cfb\cfb_game_rosters.py", line 209, in helper_cfb_roster_items
    raise NoESPNDataError(f"NoESPNDataError: No roster data found for any team at {summary_url}")
sportsdataverse.errors.NoESPNDataError: NoESPNDataError: No roster data found for any team at https://sports.core.api.espn.com/v2/sports/football/leagues/college-football/events/313292393/competitions/313292393/competitors
2026-06-17 08:00:27,620 ERROR extra fetch failed: _rosters(313362032,)
Traceback (most recent call last):
  File "C:\Users\saiem\Documents\GitHub-Data\sdv-dev\cfbfastR-dev\cfbfastR-cfb-raw\python\_cfb_raw_utils.py", line 93, in _safe
    return fn(*args, **kwargs)
           ^^^^^^^^^^^^^^^^^^^
  File "C:\Users\saiem\Documents\GitHub-Data\sdv-dev\cfbfastR-dev\cfbfastR-cfb-raw\python\scrape_cfb_json.py", line 42, in _rosters
    return sdv.cfb.espn_cfb_game_rosters(
           ^^^^^^^^^^^^^^^^^^^^^^^^^^^^^^
  File "C:\Users\saiem\Documents\GitHub-Data\sdv-dev\cfbfastR-dev\cfbfastR-cfb-raw\.venv\Lib\site-packages\sportsdataverse\cfb\cfb_game_rosters.py", line 66, in espn_cfb_game_rosters
    team_rosters = helper_cfb_roster_items(items=items, summary_url=summary_url, **kwargs)
                   ^^^^^^^^^^^^^^^^^^^^^^^^^^^^^^^^^^^^^^^^^^^^^^^^^^^^^^^^^^^^^^^^^^^^^^^
  File "C:\Users\saiem\Documents\GitHub-Data\sdv-dev\cfbfastR-dev\cfbfastR-cfb-raw\.venv\Lib\site-packages\sportsdataverse\cfb\cfb_game_rosters.py", line 209, in helper_cfb_roster_items
    raise NoESPNDataError(f"NoESPNDataError: No roster data found for any team at {summary_url}")
sportsdataverse.errors.NoESPNDataError: NoESPNDataError: No roster data found for any team at https://sports.core.api.espn.com/v2/sports/football/leagues/college-football/events/313362032/competitions/313362032/competitors
2026-06-17 08:00:27,969 ERROR extra fetch failed: _rosters(313362226,)
Traceback (most recent call last):
  File "C:\Users\saiem\Documents\GitHub-Data\sdv-dev\cfbfastR-dev\cfbfastR-cfb-raw\python\_cfb_raw_utils.py", line 93, in _safe
    return fn(*args, **kwargs)
           ^^^^^^^^^^^^^^^^^^^
  File "C:\Users\saiem\Documents\GitHub-Data\sdv-dev\cfbfastR-dev\cfbfastR-cfb-raw\python\scrape_cfb_json.py", line 42, in _rosters
    return sdv.cfb.espn_cfb_game_rosters(
           ^^^^^^^^^^^^^^^^^^^^^^^^^^^^^^
  File "C:\Users\saiem\Documents\GitHub-Data\sdv-dev\cfbfastR-dev\cfbfastR-cfb-raw\.venv\Lib\site-packages\sportsdataverse\cfb\cfb_game_rosters.py", line 66, in espn_cfb_game_rosters
    team_rosters = helper_cfb_roster_items(items=items, summary_url=summary_url, **kwargs)
                   ^^^^^^^^^^^^^^^^^^^^^^^^^^^^^^^^^^^^^^^^^^^^^^^^^^^^^^^^^^^^^^^^^^^^^^^
  File "C:\Users\saiem\Documents\GitHub-Data\sdv-dev\cfbfastR-dev\cfbfastR-cfb-raw\.venv\Lib\site-packages\sportsdataverse\cfb\cfb_game_rosters.py", line 209, in helper_cfb_roster_items
    raise NoESPNDataError(f"NoESPNDataError: No roster data found for any team at {summary_url}")
sportsdataverse.errors.NoESPNDataError: NoESPNDataError: No roster data found for any team at https://sports.core.api.espn.com/v2/sports/football/leagues/college-football/events/313362226/competitions/313362226/competitors
2026-06-17 08:00:28,039 ERROR extra fetch failed: _rosters(320314227,)
Traceback (most recent call last):
  File "C:\Users\saiem\Documents\GitHub-Data\sdv-dev\cfbfastR-dev\cfbfastR-cfb-raw\python\_cfb_raw_utils.py", line 93, in _safe
    return fn(*args, **kwargs)
           ^^^^^^^^^^^^^^^^^^^
  File "C:\Users\saiem\Documents\GitHub-Data\sdv-dev\cfbfastR-dev\cfbfastR-cfb-raw\python\scrape_cfb_json.py", line 42, in _rosters
    return sdv.cfb.espn_cfb_game_rosters(
           ^^^^^^^^^^^^^^^^^^^^^^^^^^^^^^
  File "C:\Users\saiem\Documents\GitHub-Data\sdv-dev\cfbfastR-dev\cfbfastR-cfb-raw\.venv\Lib\site-packages\sportsdataverse\cfb\cfb_game_rosters.py", line 66, in espn_cfb_game_rosters
    team_rosters = helper_cfb_roster_items(items=items, summary_url=summary_url, **kwargs)
                   ^^^^^^^^^^^^^^^^^^^^^^^^^^^^^^^^^^^^^^^^^^^^^^^^^^^^^^^^^^^^^^^^^^^^^^^
  File "C:\Users\saiem\Documents\GitHub-Data\sdv-dev\cfbfastR-dev\cfbfastR-cfb-raw\.venv\Lib\site-packages\sportsdataverse\cfb\cfb_game_rosters.py", line 209, in helper_cfb_roster_items
    raise NoESPNDataError(f"NoESPNDataError: No roster data found for any team at {summary_url}")
sportsdataverse.errors.NoESPNDataError: NoESPNDataError: No roster data found for any team at https://sports.core.api.espn.com/v2/sports/football/leagues/college-football/events/320314227/competitions/320314227/competitors
2026-06-17 08:00:28,128 ERROR extra fetch failed: _rosters(313362032,)
Traceback (most recent call last):
  File "C:\Users\saiem\Documents\GitHub-Data\sdv-dev\cfbfastR-dev\cfbfastR-cfb-raw\python\_cfb_raw_utils.py", line 93, in _safe
    return fn(*args, **kwargs)
           ^^^^^^^^^^^^^^^^^^^
  File "C:\Users\saiem\Documents\GitHub-Data\sdv-dev\cfbfastR-dev\cfbfastR-cfb-raw\python\scrape_cfb_json.py", line 42, in _rosters
    return sdv.cfb.espn_cfb_game_rosters(
           ^^^^^^^^^^^^^^^^^^^^^^^^^^^^^^
  File "C:\Users\saiem\Documents\GitHub-Data\sdv-dev\cfbfastR-dev\cfbfastR-cfb-raw\.venv\Lib\site-packages\sportsdataverse\cfb\cfb_game_rosters.py", line 66, in espn_cfb_game_rosters
    team_rosters = helper_cfb_roster_items(items=items, summary_url=summary_url, **kwargs)
                   ^^^^^^^^^^^^^^^^^^^^^^^^^^^^^^^^^^^^^^^^^^^^^^^^^^^^^^^^^^^^^^^^^^^^^^^
  File "C:\Users\saiem\Documents\GitHub-Data\sdv-dev\cfbfastR-dev\cfbfastR-cfb-raw\.venv\Lib\site-packages\sportsdataverse\cfb\cfb_game_rosters.py", line 209, in helper_cfb_roster_items
    raise NoESPNDataError(f"NoESPNDataError: No roster data found for any team at {summary_url}")
sportsdataverse.errors.NoESPNDataError: NoESPNDataError: No roster data found for any team at https://sports.core.api.espn.com/v2/sports/football/leagues/college-football/events/313362032/competitions/313362032/competitors
2026-06-17 08:00:28,375 ERROR extra fetch failed: _rosters(320213147,)
Traceback (most recent call last):
  File "C:\Users\saiem\Documents\GitHub-Data\sdv-dev\cfbfastR-dev\cfbfastR-cfb-raw\python\_cfb_raw_utils.py", line 93, in _safe
    return fn(*args, **kwargs)
           ^^^^^^^^^^^^^^^^^^^
  File "C:\Users\saiem\Documents\GitHub-Data\sdv-dev\cfbfastR-dev\cfbfastR-cfb-raw\python\scrape_cfb_json.py", line 42, in _rosters
    return sdv.cfb.espn_cfb_game_rosters(
           ^^^^^^^^^^^^^^^^^^^^^^^^^^^^^^
  File "C:\Users\saiem\Documents\GitHub-Data\sdv-dev\cfbfastR-dev\cfbfastR-cfb-raw\.venv\Lib\site-packages\sportsdataverse\cfb\cfb_game_rosters.py", line 66, in espn_cfb_game_rosters
    team_rosters = helper_cfb_roster_items(items=items, summary_url=summary_url, **kwargs)
                   ^^^^^^^^^^^^^^^^^^^^^^^^^^^^^^^^^^^^^^^^^^^^^^^^^^^^^^^^^^^^^^^^^^^^^^^
  File "C:\Users\saiem\Documents\GitHub-Data\sdv-dev\cfbfastR-dev\cfbfastR-cfb-raw\.venv\Lib\site-packages\sportsdataverse\cfb\cfb_game_rosters.py", line 209, in helper_cfb_roster_items
    raise NoESPNDataError(f"NoESPNDataError: No roster data found for any team at {summary_url}")
sportsdataverse.errors.NoESPNDataError: NoESPNDataError: No roster data found for any team at https://sports.core.api.espn.com/v2/sports/football/leagues/college-football/events/320213147/competitions/320213147/competitors
2026-06-17 08:00:28,631 ERROR extra fetch failed: _rosters(320213147,)
Traceback (most recent call last):
  File "C:\Users\saiem\Documents\GitHub-Data\sdv-dev\cfbfastR-dev\cfbfastR-cfb-raw\python\_cfb_raw_utils.py", line 93, in _safe
    return fn(*args, **kwargs)
           ^^^^^^^^^^^^^^^^^^^
  File "C:\Users\saiem\Documents\GitHub-Data\sdv-dev\cfbfastR-dev\cfbfastR-cfb-raw\python\scrape_cfb_json.py", line 42, in _rosters
    return sdv.cfb.espn_cfb_game_rosters(
           ^^^^^^^^^^^^^^^^^^^^^^^^^^^^^^
  File "C:\Users\saiem\Documents\GitHub-Data\sdv-dev\cfbfastR-dev\cfbfastR-cfb-raw\.venv\Lib\site-packages\sportsdataverse\cfb\cfb_game_rosters.py", line 66, in espn_cfb_game_rosters
    team_rosters = helper_cfb_roster_items(items=items, summary_url=summary_url, **kwargs)
                   ^^^^^^^^^^^^^^^^^^^^^^^^^^^^^^^^^^^^^^^^^^^^^^^^^^^^^^^^^^^^^^^^^^^^^^^
  File "C:\Users\saiem\Documents\GitHub-Data\sdv-dev\cfbfastR-dev\cfbfastR-cfb-raw\.venv\Lib\site-packages\sportsdataverse\cfb\cfb_game_rosters.py", line 209, in helper_cfb_roster_items
    raise NoESPNDataError(f"NoESPNDataError: No roster data found for any team at {summary_url}")
sportsdataverse.errors.NoESPNDataError: NoESPNDataError: No roster data found for any team at https://sports.core.api.espn.com/v2/sports/football/leagues/college-football/events/320213147/competitions/320213147/competitors
2026-06-17 08:00:28,770 ERROR extra fetch failed: _rosters(320314227,)
Traceback (most recent call last):
  File "C:\Users\saiem\Documents\GitHub-Data\sdv-dev\cfbfastR-dev\cfbfastR-cfb-raw\python\_cfb_raw_utils.py", line 93, in _safe
    return fn(*args, **kwargs)
           ^^^^^^^^^^^^^^^^^^^
  File "C:\Users\saiem\Documents\GitHub-Data\sdv-dev\cfbfastR-dev\cfbfastR-cfb-raw\python\scrape_cfb_json.py", line 42, in _rosters
    return sdv.cfb.espn_cfb_game_rosters(
           ^^^^^^^^^^^^^^^^^^^^^^^^^^^^^^
  File "C:\Users\saiem\Documents\GitHub-Data\sdv-dev\cfbfastR-dev\cfbfastR-cfb-raw\.venv\Lib\site-packages\sportsdataverse\cfb\cfb_game_rosters.py", line 66, in espn_cfb_game_rosters
    team_rosters = helper_cfb_roster_items(items=items, summary_url=summary_url, **kwargs)
                   ^^^^^^^^^^^^^^^^^^^^^^^^^^^^^^^^^^^^^^^^^^^^^^^^^^^^^^^^^^^^^^^^^^^^^^^
  File "C:\Users\saiem\Documents\GitHub-Data\sdv-dev\cfbfastR-dev\cfbfastR-cfb-raw\.venv\Lib\site-packages\sportsdataverse\cfb\cfb_game_rosters.py", line 209, in helper_cfb_roster_items
    raise NoESPNDataError(f"NoESPNDataError: No roster data found for any team at {summary_url}")
sportsdataverse.errors.NoESPNDataError: NoESPNDataError: No roster data found for any team at https://sports.core.api.espn.com/v2/sports/football/leagues/college-football/events/320314227/competitions/320314227/competitors
2026-06-17 08:00:28,991 ERROR extra fetch failed: _rosters(320213194,)
Traceback (most recent call last):
  File "C:\Users\saiem\Documents\GitHub-Data\sdv-dev\cfbfastR-dev\cfbfastR-cfb-raw\python\_cfb_raw_utils.py", line 93, in _safe
    return fn(*args, **kwargs)
           ^^^^^^^^^^^^^^^^^^^
  File "C:\Users\saiem\Documents\GitHub-Data\sdv-dev\cfbfastR-dev\cfbfastR-cfb-raw\python\scrape_cfb_json.py", line 42, in _rosters
    return sdv.cfb.espn_cfb_game_rosters(
           ^^^^^^^^^^^^^^^^^^^^^^^^^^^^^^
  File "C:\Users\saiem\Documents\GitHub-Data\sdv-dev\cfbfastR-dev\cfbfastR-cfb-raw\.venv\Lib\site-packages\sportsdataverse\cfb\cfb_game_rosters.py", line 66, in espn_cfb_game_rosters
    team_rosters = helper_cfb_roster_items(items=items, summary_url=summary_url, **kwargs)
                   ^^^^^^^^^^^^^^^^^^^^^^^^^^^^^^^^^^^^^^^^^^^^^^^^^^^^^^^^^^^^^^^^^^^^^^^
  File "C:\Users\saiem\Documents\GitHub-Data\sdv-dev\cfbfastR-dev\cfbfastR-cfb-raw\.venv\Lib\site-packages\sportsdataverse\cfb\cfb_game_rosters.py", line 209, in helper_cfb_roster_items
    raise NoESPNDataError(f"NoESPNDataError: No roster data found for any team at {summary_url}")
sportsdataverse.errors.NoESPNDataError: NoESPNDataError: No roster data found for any team at https://sports.core.api.espn.com/v2/sports/football/leagues/college-football/events/320213194/competitions/320213194/competitors
2026-06-17 08:00:29,209 ERROR extra fetch failed: _rosters(320213194,)
Traceback (most recent call last):
  File "C:\Users\saiem\Documents\GitHub-Data\sdv-dev\cfbfastR-dev\cfbfastR-cfb-raw\python\_cfb_raw_utils.py", line 93, in _safe
    return fn(*args, **kwargs)
           ^^^^^^^^^^^^^^^^^^^
  File "C:\Users\saiem\Documents\GitHub-Data\sdv-dev\cfbfastR-dev\cfbfastR-cfb-raw\python\scrape_cfb_json.py", line 42, in _rosters
    return sdv.cfb.espn_cfb_game_rosters(
           ^^^^^^^^^^^^^^^^^^^^^^^^^^^^^^
  File "C:\Users\saiem\Documents\GitHub-Data\sdv-dev\cfbfastR-dev\cfbfastR-cfb-raw\.venv\Lib\site-packages\sportsdataverse\cfb\cfb_game_rosters.py", line 66, in espn_cfb_game_rosters
    team_rosters = helper_cfb_roster_items(items=items, summary_url=summary_url, **kwargs)
                   ^^^^^^^^^^^^^^^^^^^^^^^^^^^^^^^^^^^^^^^^^^^^^^^^^^^^^^^^^^^^^^^^^^^^^^^
  File "C:\Users\saiem\Documents\GitHub-Data\sdv-dev\cfbfastR-dev\cfbfastR-cfb-raw\.venv\Lib\site-packages\sportsdataverse\cfb\cfb_game_rosters.py", line 209, in helper_cfb_roster_items
    raise NoESPNDataError(f"NoESPNDataError: No roster data found for any team at {summary_url}")
sportsdataverse.errors.NoESPNDataError: NoESPNDataError: No roster data found for any team at https://sports.core.api.espn.com/v2/sports/football/leagues/college-football/events/320213194/competitions/320213194/competitors
2026-06-17 08:00:29,733 ERROR extra fetch failed: _rosters(320283144,)
Traceback (most recent call last):
  File "C:\Users\saiem\Documents\GitHub-Data\sdv-dev\cfbfastR-dev\cfbfastR-cfb-raw\python\_cfb_raw_utils.py", line 93, in _safe
    return fn(*args, **kwargs)
           ^^^^^^^^^^^^^^^^^^^
  File "C:\Users\saiem\Documents\GitHub-Data\sdv-dev\cfbfastR-dev\cfbfastR-cfb-raw\python\scrape_cfb_json.py", line 42, in _rosters
    return sdv.cfb.espn_cfb_game_rosters(
           ^^^^^^^^^^^^^^^^^^^^^^^^^^^^^^
  File "C:\Users\saiem\Documents\GitHub-Data\sdv-dev\cfbfastR-dev\cfbfastR-cfb-raw\.venv\Lib\site-packages\sportsdataverse\cfb\cfb_game_rosters.py", line 66, in espn_cfb_game_rosters
    team_rosters = helper_cfb_roster_items(items=items, summary_url=summary_url, **kwargs)
                   ^^^^^^^^^^^^^^^^^^^^^^^^^^^^^^^^^^^^^^^^^^^^^^^^^^^^^^^^^^^^^^^^^^^^^^^
  File "C:\Users\saiem\Documents\GitHub-Data\sdv-dev\cfbfastR-dev\cfbfastR-cfb-raw\.venv\Lib\site-packages\sportsdataverse\cfb\cfb_game_rosters.py", line 209, in helper_cfb_roster_items
    raise NoESPNDataError(f"NoESPNDataError: No roster data found for any team at {summary_url}")
sportsdataverse.errors.NoESPNDataError: NoESPNDataError: No roster data found for any team at https://sports.core.api.espn.com/v2/sports/football/leagues/college-football/events/320283144/competitions/320283144/competitors
2026-06-17 08:00:29,734 ERROR extra fetch failed: _rosters(320283144,)
Traceback (most recent call last):
  File "C:\Users\saiem\Documents\GitHub-Data\sdv-dev\cfbfastR-dev\cfbfastR-cfb-raw\python\_cfb_raw_utils.py", line 93, in _safe
    return fn(*args, **kwargs)
           ^^^^^^^^^^^^^^^^^^^
  File "C:\Users\saiem\Documents\GitHub-Data\sdv-dev\cfbfastR-dev\cfbfastR-cfb-raw\python\scrape_cfb_json.py", line 42, in _rosters
    return sdv.cfb.espn_cfb_game_rosters(
           ^^^^^^^^^^^^^^^^^^^^^^^^^^^^^^
  File "C:\Users\saiem\Documents\GitHub-Data\sdv-dev\cfbfastR-dev\cfbfastR-cfb-raw\.venv\Lib\site-packages\sportsdataverse\cfb\cfb_game_rosters.py", line 66, in espn_cfb_game_rosters
    team_rosters = helper_cfb_roster_items(items=items, summary_url=summary_url, **kwargs)
                   ^^^^^^^^^^^^^^^^^^^^^^^^^^^^^^^^^^^^^^^^^^^^^^^^^^^^^^^^^^^^^^^^^^^^^^^
  File "C:\Users\saiem\Documents\GitHub-Data\sdv-dev\cfbfastR-dev\cfbfastR-cfb-raw\.venv\Lib\site-packages\sportsdataverse\cfb\cfb_game_rosters.py", line 209, in helper_cfb_roster_items
    raise NoESPNDataError(f"NoESPNDataError: No roster data found for any team at {summary_url}")
sportsdataverse.errors.NoESPNDataError: NoESPNDataError: No roster data found for any team at https://sports.core.api.espn.com/v2/sports/football/leagues/college-football/events/320283144/competitions/320283144/competitors
2026-06-17 08:00:29,737 ERROR download_game failed: 320283144
Traceback (most recent call last):
  File "C:\Users\saiem\Documents\GitHub-Data\sdv-dev\cfbfastR-dev\cfbfastR-cfb-raw\python\scrape_cfb_json.py", line 106, in download_game
    write_json_atomic(stamp(obj, game_id=game_id, season=season, week=week),
  File "C:\Users\saiem\Documents\GitHub-Data\sdv-dev\cfbfastR-dev\cfbfastR-cfb-raw\python\_cfb_raw_utils.py", line 69, in write_json_atomic
    with open(tmp, "w", encoding="utf-8") as f:
         ^^^^^^^^^^^^^^^^^^^^^^^^^^^^^^^^
PermissionError: [Errno 13] Permission denied: 'cfb\\betting\\json\\320283144.json.tmp'
2026-06-17 09:10:46,169 INFO season 2011: 31 hollow/missing games to rescrape
2026-06-17 09:10:48,746 ERROR extra fetch failed: _rosters(312440041,)
Traceback (most recent call last):
  File "C:\Users\saiem\Documents\GitHub-Data\sdv-dev\cfbfastR-dev\cfbfastR-cfb-raw\python\_cfb_raw_utils.py", line 106, in _safe
    return fn(*args, **kwargs)
           ^^^^^^^^^^^^^^^^^^^
  File "C:\Users\saiem\Documents\GitHub-Data\sdv-dev\cfbfastR-dev\cfbfastR-cfb-raw\python\scrape_cfb_json.py", line 42, in _rosters
    return sdv.cfb.espn_cfb_game_rosters(
           ^^^^^^^^^^^^^^^^^^^^^^^^^^^^^^
  File "C:\Users\saiem\Documents\GitHub-Data\sdv-dev\cfbfastR-dev\cfbfastR-cfb-raw\.venv\Lib\site-packages\sportsdataverse\cfb\cfb_game_rosters.py", line 66, in espn_cfb_game_rosters
    team_rosters = helper_cfb_roster_items(items=items, summary_url=summary_url, **kwargs)
                   ^^^^^^^^^^^^^^^^^^^^^^^^^^^^^^^^^^^^^^^^^^^^^^^^^^^^^^^^^^^^^^^^^^^^^^^
  File "C:\Users\saiem\Documents\GitHub-Data\sdv-dev\cfbfastR-dev\cfbfastR-cfb-raw\.venv\Lib\site-packages\sportsdataverse\cfb\cfb_game_rosters.py", line 209, in helper_cfb_roster_items
    raise NoESPNDataError(f"NoESPNDataError: No roster data found for any team at {summary_url}")
sportsdataverse.errors.NoESPNDataError: NoESPNDataError: No roster data found for any team at https://sports.core.api.espn.com/v2/sports/football/leagues/college-football/events/312440041/competitions/312440041/competitors
2026-06-17 09:10:49,685 ERROR extra fetch failed: _rosters(312460130,)
Traceback (most recent call last):
  File "C:\Users\saiem\Documents\GitHub-Data\sdv-dev\cfbfastR-dev\cfbfastR-cfb-raw\python\_cfb_raw_utils.py", line 106, in _safe
    return fn(*args, **kwargs)
           ^^^^^^^^^^^^^^^^^^^
  File "C:\Users\saiem\Documents\GitHub-Data\sdv-dev\cfbfastR-dev\cfbfastR-cfb-raw\python\scrape_cfb_json.py", line 42, in _rosters
    return sdv.cfb.espn_cfb_game_rosters(
           ^^^^^^^^^^^^^^^^^^^^^^^^^^^^^^
  File "C:\Users\saiem\Documents\GitHub-Data\sdv-dev\cfbfastR-dev\cfbfastR-cfb-raw\.venv\Lib\site-packages\sportsdataverse\cfb\cfb_game_rosters.py", line 66, in espn_cfb_game_rosters
    team_rosters = helper_cfb_roster_items(items=items, summary_url=summary_url, **kwargs)
                   ^^^^^^^^^^^^^^^^^^^^^^^^^^^^^^^^^^^^^^^^^^^^^^^^^^^^^^^^^^^^^^^^^^^^^^^
  File "C:\Users\saiem\Documents\GitHub-Data\sdv-dev\cfbfastR-dev\cfbfastR-cfb-raw\.venv\Lib\site-packages\sportsdataverse\cfb\cfb_game_rosters.py", line 209, in helper_cfb_roster_items
    raise NoESPNDataError(f"NoESPNDataError: No roster data found for any team at {summary_url}")
sportsdataverse.errors.NoESPNDataError: NoESPNDataError: No roster data found for any team at https://sports.core.api.espn.com/v2/sports/football/leagues/college-football/events/312460130/competitions/312460130/competitors
2026-06-17 09:11:17,768 ERROR extra fetch failed: _rosters(313282459,)
Traceback (most recent call last):
  File "C:\Users\saiem\Documents\GitHub-Data\sdv-dev\cfbfastR-dev\cfbfastR-cfb-raw\python\_cfb_raw_utils.py", line 106, in _safe
    return fn(*args, **kwargs)
           ^^^^^^^^^^^^^^^^^^^
  File "C:\Users\saiem\Documents\GitHub-Data\sdv-dev\cfbfastR-dev\cfbfastR-cfb-raw\python\scrape_cfb_json.py", line 42, in _rosters
    return sdv.cfb.espn_cfb_game_rosters(
           ^^^^^^^^^^^^^^^^^^^^^^^^^^^^^^
  File "C:\Users\saiem\Documents\GitHub-Data\sdv-dev\cfbfastR-dev\cfbfastR-cfb-raw\.venv\Lib\site-packages\sportsdataverse\cfb\cfb_game_rosters.py", line 66, in espn_cfb_game_rosters
    team_rosters = helper_cfb_roster_items(items=items, summary_url=summary_url, **kwargs)
                   ^^^^^^^^^^^^^^^^^^^^^^^^^^^^^^^^^^^^^^^^^^^^^^^^^^^^^^^^^^^^^^^^^^^^^^^
  File "C:\Users\saiem\Documents\GitHub-Data\sdv-dev\cfbfastR-dev\cfbfastR-cfb-raw\.venv\Lib\site-packages\sportsdataverse\cfb\cfb_game_rosters.py", line 209, in helper_cfb_roster_items
    raise NoESPNDataError(f"NoESPNDataError: No roster data found for any team at {summary_url}")
sportsdataverse.errors.NoESPNDataError: NoESPNDataError: No roster data found for any team at https://sports.core.api.espn.com/v2/sports/football/leagues/college-football/events/313282459/competitions/313282459/competitors
2026-06-17 09:11:19,092 ERROR extra fetch failed: _rosters(313280218,)
Traceback (most recent call last):
  File "C:\Users\saiem\Documents\GitHub-Data\sdv-dev\cfbfastR-dev\cfbfastR-cfb-raw\python\_cfb_raw_utils.py", line 106, in _safe
    return fn(*args, **kwargs)
           ^^^^^^^^^^^^^^^^^^^
  File "C:\Users\saiem\Documents\GitHub-Data\sdv-dev\cfbfastR-dev\cfbfastR-cfb-raw\python\scrape_cfb_json.py", line 42, in _rosters
    return sdv.cfb.espn_cfb_game_rosters(
           ^^^^^^^^^^^^^^^^^^^^^^^^^^^^^^
  File "C:\Users\saiem\Documents\GitHub-Data\sdv-dev\cfbfastR-dev\cfbfastR-cfb-raw\.venv\Lib\site-packages\sportsdataverse\cfb\cfb_game_rosters.py", line 66, in espn_cfb_game_rosters
    team_rosters = helper_cfb_roster_items(items=items, summary_url=summary_url, **kwargs)
                   ^^^^^^^^^^^^^^^^^^^^^^^^^^^^^^^^^^^^^^^^^^^^^^^^^^^^^^^^^^^^^^^^^^^^^^^
  File "C:\Users\saiem\Documents\GitHub-Data\sdv-dev\cfbfastR-dev\cfbfastR-cfb-raw\.venv\Lib\site-packages\sportsdataverse\cfb\cfb_game_rosters.py", line 209, in helper_cfb_roster_items
    raise NoESPNDataError(f"NoESPNDataError: No roster data found for any team at {summary_url}")
sportsdataverse.errors.NoESPNDataError: NoESPNDataError: No roster data found for any team at https://sports.core.api.espn.com/v2/sports/football/leagues/college-football/events/313280218/competitions/313280218/competitors
2026-06-17 09:11:20,599 ERROR extra fetch failed: _rosters(313282050,)
Traceback (most recent call last):
  File "C:\Users\saiem\Documents\GitHub-Data\sdv-dev\cfbfastR-dev\cfbfastR-cfb-raw\python\_cfb_raw_utils.py", line 106, in _safe
    return fn(*args, **kwargs)
           ^^^^^^^^^^^^^^^^^^^
  File "C:\Users\saiem\Documents\GitHub-Data\sdv-dev\cfbfastR-dev\cfbfastR-cfb-raw\python\scrape_cfb_json.py", line 42, in _rosters
    return sdv.cfb.espn_cfb_game_rosters(
           ^^^^^^^^^^^^^^^^^^^^^^^^^^^^^^
  File "C:\Users\saiem\Documents\GitHub-Data\sdv-dev\cfbfastR-dev\cfbfastR-cfb-raw\.venv\Lib\site-packages\sportsdataverse\cfb\cfb_game_rosters.py", line 66, in espn_cfb_game_rosters
    team_rosters = helper_cfb_roster_items(items=items, summary_url=summary_url, **kwargs)
                   ^^^^^^^^^^^^^^^^^^^^^^^^^^^^^^^^^^^^^^^^^^^^^^^^^^^^^^^^^^^^^^^^^^^^^^^
  File "C:\Users\saiem\Documents\GitHub-Data\sdv-dev\cfbfastR-dev\cfbfastR-cfb-raw\.venv\Lib\site-packages\sportsdataverse\cfb\cfb_game_rosters.py", line 209, in helper_cfb_roster_items
    raise NoESPNDataError(f"NoESPNDataError: No roster data found for any team at {summary_url}")
sportsdataverse.errors.NoESPNDataError: NoESPNDataError: No roster data found for any team at https://sports.core.api.espn.com/v2/sports/football/leagues/college-football/events/313282050/competitions/313282050/competitors
2026-06-17 09:11:20,852 ERROR extra fetch failed: _rosters(313292393,)
Traceback (most recent call last):
  File "C:\Users\saiem\Documents\GitHub-Data\sdv-dev\cfbfastR-dev\cfbfastR-cfb-raw\python\_cfb_raw_utils.py", line 106, in _safe
    return fn(*args, **kwargs)
           ^^^^^^^^^^^^^^^^^^^
  File "C:\Users\saiem\Documents\GitHub-Data\sdv-dev\cfbfastR-dev\cfbfastR-cfb-raw\python\scrape_cfb_json.py", line 42, in _rosters
    return sdv.cfb.espn_cfb_game_rosters(
           ^^^^^^^^^^^^^^^^^^^^^^^^^^^^^^
  File "C:\Users\saiem\Documents\GitHub-Data\sdv-dev\cfbfastR-dev\cfbfastR-cfb-raw\.venv\Lib\site-packages\sportsdataverse\cfb\cfb_game_rosters.py", line 66, in espn_cfb_game_rosters
    team_rosters = helper_cfb_roster_items(items=items, summary_url=summary_url, **kwargs)
                   ^^^^^^^^^^^^^^^^^^^^^^^^^^^^^^^^^^^^^^^^^^^^^^^^^^^^^^^^^^^^^^^^^^^^^^^
  File "C:\Users\saiem\Documents\GitHub-Data\sdv-dev\cfbfastR-dev\cfbfastR-cfb-raw\.venv\Lib\site-packages\sportsdataverse\cfb\cfb_game_rosters.py", line 209, in helper_cfb_roster_items
    raise NoESPNDataError(f"NoESPNDataError: No roster data found for any team at {summary_url}")
sportsdataverse.errors.NoESPNDataError: NoESPNDataError: No roster data found for any team at https://sports.core.api.espn.com/v2/sports/football/leagues/college-football/events/313292393/competitions/313292393/competitors
2026-06-17 09:11:21,850 ERROR extra fetch failed: _rosters(313362226,)
Traceback (most recent call last):
  File "C:\Users\saiem\Documents\GitHub-Data\sdv-dev\cfbfastR-dev\cfbfastR-cfb-raw\python\_cfb_raw_utils.py", line 106, in _safe
    return fn(*args, **kwargs)
           ^^^^^^^^^^^^^^^^^^^
  File "C:\Users\saiem\Documents\GitHub-Data\sdv-dev\cfbfastR-dev\cfbfastR-cfb-raw\python\scrape_cfb_json.py", line 42, in _rosters
    return sdv.cfb.espn_cfb_game_rosters(
           ^^^^^^^^^^^^^^^^^^^^^^^^^^^^^^
  File "C:\Users\saiem\Documents\GitHub-Data\sdv-dev\cfbfastR-dev\cfbfastR-cfb-raw\.venv\Lib\site-packages\sportsdataverse\cfb\cfb_game_rosters.py", line 66, in espn_cfb_game_rosters
    team_rosters = helper_cfb_roster_items(items=items, summary_url=summary_url, **kwargs)
                   ^^^^^^^^^^^^^^^^^^^^^^^^^^^^^^^^^^^^^^^^^^^^^^^^^^^^^^^^^^^^^^^^^^^^^^^
  File "C:\Users\saiem\Documents\GitHub-Data\sdv-dev\cfbfastR-dev\cfbfastR-cfb-raw\.venv\Lib\site-packages\sportsdataverse\cfb\cfb_game_rosters.py", line 209, in helper_cfb_roster_items
    raise NoESPNDataError(f"NoESPNDataError: No roster data found for any team at {summary_url}")
sportsdataverse.errors.NoESPNDataError: NoESPNDataError: No roster data found for any team at https://sports.core.api.espn.com/v2/sports/football/leagues/college-football/events/313362226/competitions/313362226/competitors
2026-06-17 09:11:22,126 ERROR extra fetch failed: _rosters(313362032,)
Traceback (most recent call last):
  File "C:\Users\saiem\Documents\GitHub-Data\sdv-dev\cfbfastR-dev\cfbfastR-cfb-raw\python\_cfb_raw_utils.py", line 106, in _safe
    return fn(*args, **kwargs)
           ^^^^^^^^^^^^^^^^^^^
  File "C:\Users\saiem\Documents\GitHub-Data\sdv-dev\cfbfastR-dev\cfbfastR-cfb-raw\python\scrape_cfb_json.py", line 42, in _rosters
    return sdv.cfb.espn_cfb_game_rosters(
           ^^^^^^^^^^^^^^^^^^^^^^^^^^^^^^
  File "C:\Users\saiem\Documents\GitHub-Data\sdv-dev\cfbfastR-dev\cfbfastR-cfb-raw\.venv\Lib\site-packages\sportsdataverse\cfb\cfb_game_rosters.py", line 66, in espn_cfb_game_rosters
    team_rosters = helper_cfb_roster_items(items=items, summary_url=summary_url, **kwargs)
                   ^^^^^^^^^^^^^^^^^^^^^^^^^^^^^^^^^^^^^^^^^^^^^^^^^^^^^^^^^^^^^^^^^^^^^^^
  File "C:\Users\saiem\Documents\GitHub-Data\sdv-dev\cfbfastR-dev\cfbfastR-cfb-raw\.venv\Lib\site-packages\sportsdataverse\cfb\cfb_game_rosters.py", line 209, in helper_cfb_roster_items
    raise NoESPNDataError(f"NoESPNDataError: No roster data found for any team at {summary_url}")
sportsdataverse.errors.NoESPNDataError: NoESPNDataError: No roster data found for any team at https://sports.core.api.espn.com/v2/sports/football/leagues/college-football/events/313362032/competitions/313362032/competitors
2026-06-17 09:11:22,217 ERROR extra fetch failed: _rosters(320213147,)
Traceback (most recent call last):
  File "C:\Users\saiem\Documents\GitHub-Data\sdv-dev\cfbfastR-dev\cfbfastR-cfb-raw\python\_cfb_raw_utils.py", line 106, in _safe
    return fn(*args, **kwargs)
           ^^^^^^^^^^^^^^^^^^^
  File "C:\Users\saiem\Documents\GitHub-Data\sdv-dev\cfbfastR-dev\cfbfastR-cfb-raw\python\scrape_cfb_json.py", line 42, in _rosters
    return sdv.cfb.espn_cfb_game_rosters(
           ^^^^^^^^^^^^^^^^^^^^^^^^^^^^^^
  File "C:\Users\saiem\Documents\GitHub-Data\sdv-dev\cfbfastR-dev\cfbfastR-cfb-raw\.venv\Lib\site-packages\sportsdataverse\cfb\cfb_game_rosters.py", line 66, in espn_cfb_game_rosters
    team_rosters = helper_cfb_roster_items(items=items, summary_url=summary_url, **kwargs)
                   ^^^^^^^^^^^^^^^^^^^^^^^^^^^^^^^^^^^^^^^^^^^^^^^^^^^^^^^^^^^^^^^^^^^^^^^
  File "C:\Users\saiem\Documents\GitHub-Data\sdv-dev\cfbfastR-dev\cfbfastR-cfb-raw\.venv\Lib\site-packages\sportsdataverse\cfb\cfb_game_rosters.py", line 209, in helper_cfb_roster_items
    raise NoESPNDataError(f"NoESPNDataError: No roster data found for any team at {summary_url}")
sportsdataverse.errors.NoESPNDataError: NoESPNDataError: No roster data found for any team at https://sports.core.api.espn.com/v2/sports/football/leagues/college-football/events/320213147/competitions/320213147/competitors
2026-06-17 09:11:22,656 ERROR extra fetch failed: _rosters(320314227,)
Traceback (most recent call last):
  File "C:\Users\saiem\Documents\GitHub-Data\sdv-dev\cfbfastR-dev\cfbfastR-cfb-raw\python\_cfb_raw_utils.py", line 106, in _safe
    return fn(*args, **kwargs)
           ^^^^^^^^^^^^^^^^^^^
  File "C:\Users\saiem\Documents\GitHub-Data\sdv-dev\cfbfastR-dev\cfbfastR-cfb-raw\python\scrape_cfb_json.py", line 42, in _rosters
    return sdv.cfb.espn_cfb_game_rosters(
           ^^^^^^^^^^^^^^^^^^^^^^^^^^^^^^
  File "C:\Users\saiem\Documents\GitHub-Data\sdv-dev\cfbfastR-dev\cfbfastR-cfb-raw\.venv\Lib\site-packages\sportsdataverse\cfb\cfb_game_rosters.py", line 66, in espn_cfb_game_rosters
    team_rosters = helper_cfb_roster_items(items=items, summary_url=summary_url, **kwargs)
                   ^^^^^^^^^^^^^^^^^^^^^^^^^^^^^^^^^^^^^^^^^^^^^^^^^^^^^^^^^^^^^^^^^^^^^^^
  File "C:\Users\saiem\Documents\GitHub-Data\sdv-dev\cfbfastR-dev\cfbfastR-cfb-raw\.venv\Lib\site-packages\sportsdataverse\cfb\cfb_game_rosters.py", line 209, in helper_cfb_roster_items
    raise NoESPNDataError(f"NoESPNDataError: No roster data found for any team at {summary_url}")
sportsdataverse.errors.NoESPNDataError: NoESPNDataError: No roster data found for any team at https://sports.core.api.espn.com/v2/sports/football/leagues/college-football/events/320314227/competitions/320314227/competitors
2026-06-17 09:11:23,047 ERROR extra fetch failed: _rosters(320213194,)
Traceback (most recent call last):
  File "C:\Users\saiem\Documents\GitHub-Data\sdv-dev\cfbfastR-dev\cfbfastR-cfb-raw\python\_cfb_raw_utils.py", line 106, in _safe
    return fn(*args, **kwargs)
           ^^^^^^^^^^^^^^^^^^^
  File "C:\Users\saiem\Documents\GitHub-Data\sdv-dev\cfbfastR-dev\cfbfastR-cfb-raw\python\scrape_cfb_json.py", line 42, in _rosters
    return sdv.cfb.espn_cfb_game_rosters(
           ^^^^^^^^^^^^^^^^^^^^^^^^^^^^^^
  File "C:\Users\saiem\Documents\GitHub-Data\sdv-dev\cfbfastR-dev\cfbfastR-cfb-raw\.venv\Lib\site-packages\sportsdataverse\cfb\cfb_game_rosters.py", line 66, in espn_cfb_game_rosters
    team_rosters = helper_cfb_roster_items(items=items, summary_url=summary_url, **kwargs)
                   ^^^^^^^^^^^^^^^^^^^^^^^^^^^^^^^^^^^^^^^^^^^^^^^^^^^^^^^^^^^^^^^^^^^^^^^
  File "C:\Users\saiem\Documents\GitHub-Data\sdv-dev\cfbfastR-dev\cfbfastR-cfb-raw\.venv\Lib\site-packages\sportsdataverse\cfb\cfb_game_rosters.py", line 209, in helper_cfb_roster_items
    raise NoESPNDataError(f"NoESPNDataError: No roster data found for any team at {summary_url}")
sportsdataverse.errors.NoESPNDataError: NoESPNDataError: No roster data found for any team at https://sports.core.api.espn.com/v2/sports/football/leagues/college-football/events/320213194/competitions/320213194/competitors
2026-06-17 09:11:23,453 ERROR extra fetch failed: _rosters(320283144,)
Traceback (most recent call last):
  File "C:\Users\saiem\Documents\GitHub-Data\sdv-dev\cfbfastR-dev\cfbfastR-cfb-raw\python\_cfb_raw_utils.py", line 106, in _safe
    return fn(*args, **kwargs)
           ^^^^^^^^^^^^^^^^^^^
  File "C:\Users\saiem\Documents\GitHub-Data\sdv-dev\cfbfastR-dev\cfbfastR-cfb-raw\python\scrape_cfb_json.py", line 42, in _rosters
    return sdv.cfb.espn_cfb_game_rosters(
           ^^^^^^^^^^^^^^^^^^^^^^^^^^^^^^
  File "C:\Users\saiem\Documents\GitHub-Data\sdv-dev\cfbfastR-dev\cfbfastR-cfb-raw\.venv\Lib\site-packages\sportsdataverse\cfb\cfb_game_rosters.py", line 66, in espn_cfb_game_rosters
    team_rosters = helper_cfb_roster_items(items=items, summary_url=summary_url, **kwargs)
                   ^^^^^^^^^^^^^^^^^^^^^^^^^^^^^^^^^^^^^^^^^^^^^^^^^^^^^^^^^^^^^^^^^^^^^^^
  File "C:\Users\saiem\Documents\GitHub-Data\sdv-dev\cfbfastR-dev\cfbfastR-cfb-raw\.venv\Lib\site-packages\sportsdataverse\cfb\cfb_game_rosters.py", line 209, in helper_cfb_roster_items
    raise NoESPNDataError(f"NoESPNDataError: No roster data found for any team at {summary_url}")
sportsdataverse.errors.NoESPNDataError: NoESPNDataError: No roster data found for any team at https://sports.core.api.espn.com/v2/sports/football/leagues/college-football/events/320283144/competitions/320283144/competitors
2026-06-17 11:42:26,980 INFO season 2011: 12 hollow/missing games to rescrape
2026-06-17 11:42:29,381 ERROR extra fetch failed: _rosters(312440041,)
Traceback (most recent call last):
  File "C:\Users\saiem\Documents\GitHub-Data\sdv-dev\cfbfastR-dev\cfbfastR-cfb-raw\python\_cfb_raw_utils.py", line 106, in _safe
    return fn(*args, **kwargs)
           ^^^^^^^^^^^^^^^^^^^
  File "C:\Users\saiem\Documents\GitHub-Data\sdv-dev\cfbfastR-dev\cfbfastR-cfb-raw\python\scrape_cfb_json.py", line 42, in _rosters
    return sdv.cfb.espn_cfb_game_rosters(
           ^^^^^^^^^^^^^^^^^^^^^^^^^^^^^^
  File "C:\Users\saiem\Documents\GitHub-Data\sdv-dev\cfbfastR-dev\cfbfastR-cfb-raw\.venv\Lib\site-packages\sportsdataverse\cfb\cfb_game_rosters.py", line 66, in espn_cfb_game_rosters
    team_rosters = helper_cfb_roster_items(items=items, summary_url=summary_url, **kwargs)
                   ^^^^^^^^^^^^^^^^^^^^^^^^^^^^^^^^^^^^^^^^^^^^^^^^^^^^^^^^^^^^^^^^^^^^^^^
  File "C:\Users\saiem\Documents\GitHub-Data\sdv-dev\cfbfastR-dev\cfbfastR-cfb-raw\.venv\Lib\site-packages\sportsdataverse\cfb\cfb_game_rosters.py", line 209, in helper_cfb_roster_items
    raise NoESPNDataError(f"NoESPNDataError: No roster data found for any team at {summary_url}")
sportsdataverse.errors.NoESPNDataError: NoESPNDataError: No roster data found for any team at https://sports.core.api.espn.com/v2/sports/football/leagues/college-football/events/312440041/competitions/312440041/competitors
2026-06-17 11:42:30,211 ERROR extra fetch failed: _rosters(312460130,)
Traceback (most recent call last):
  File "C:\Users\saiem\Documents\GitHub-Data\sdv-dev\cfbfastR-dev\cfbfastR-cfb-raw\python\_cfb_raw_utils.py", line 106, in _safe
    return fn(*args, **kwargs)
           ^^^^^^^^^^^^^^^^^^^
  File "C:\Users\saiem\Documents\GitHub-Data\sdv-dev\cfbfastR-dev\cfbfastR-cfb-raw\python\scrape_cfb_json.py", line 42, in _rosters
    return sdv.cfb.espn_cfb_game_rosters(
           ^^^^^^^^^^^^^^^^^^^^^^^^^^^^^^
  File "C:\Users\saiem\Documents\GitHub-Data\sdv-dev\cfbfastR-dev\cfbfastR-cfb-raw\.venv\Lib\site-packages\sportsdataverse\cfb\cfb_game_rosters.py", line 66, in espn_cfb_game_rosters
    team_rosters = helper_cfb_roster_items(items=items, summary_url=summary_url, **kwargs)
                   ^^^^^^^^^^^^^^^^^^^^^^^^^^^^^^^^^^^^^^^^^^^^^^^^^^^^^^^^^^^^^^^^^^^^^^^
  File "C:\Users\saiem\Documents\GitHub-Data\sdv-dev\cfbfastR-dev\cfbfastR-cfb-raw\.venv\Lib\site-packages\sportsdataverse\cfb\cfb_game_rosters.py", line 209, in helper_cfb_roster_items
    raise NoESPNDataError(f"NoESPNDataError: No roster data found for any team at {summary_url}")
sportsdataverse.errors.NoESPNDataError: NoESPNDataError: No roster data found for any team at https://sports.core.api.espn.com/v2/sports/football/leagues/college-football/events/312460130/competitions/312460130/competitors
2026-06-17 11:42:30,238 ERROR extra fetch failed: _rosters(313282459,)
Traceback (most recent call last):
  File "C:\Users\saiem\Documents\GitHub-Data\sdv-dev\cfbfastR-dev\cfbfastR-cfb-raw\python\_cfb_raw_utils.py", line 106, in _safe
    return fn(*args, **kwargs)
           ^^^^^^^^^^^^^^^^^^^
  File "C:\Users\saiem\Documents\GitHub-Data\sdv-dev\cfbfastR-dev\cfbfastR-cfb-raw\python\scrape_cfb_json.py", line 42, in _rosters
    return sdv.cfb.espn_cfb_game_rosters(
           ^^^^^^^^^^^^^^^^^^^^^^^^^^^^^^
  File "C:\Users\saiem\Documents\GitHub-Data\sdv-dev\cfbfastR-dev\cfbfastR-cfb-raw\.venv\Lib\site-packages\sportsdataverse\cfb\cfb_game_rosters.py", line 66, in espn_cfb_game_rosters
    team_rosters = helper_cfb_roster_items(items=items, summary_url=summary_url, **kwargs)
                   ^^^^^^^^^^^^^^^^^^^^^^^^^^^^^^^^^^^^^^^^^^^^^^^^^^^^^^^^^^^^^^^^^^^^^^^
  File "C:\Users\saiem\Documents\GitHub-Data\sdv-dev\cfbfastR-dev\cfbfastR-cfb-raw\.venv\Lib\site-packages\sportsdataverse\cfb\cfb_game_rosters.py", line 209, in helper_cfb_roster_items
    raise NoESPNDataError(f"NoESPNDataError: No roster data found for any team at {summary_url}")
sportsdataverse.errors.NoESPNDataError: NoESPNDataError: No roster data found for any team at https://sports.core.api.espn.com/v2/sports/football/leagues/college-football/events/313282459/competitions/313282459/competitors
2026-06-17 11:42:30,257 ERROR extra fetch failed: _rosters(313280218,)
Traceback (most recent call last):
  File "C:\Users\saiem\Documents\GitHub-Data\sdv-dev\cfbfastR-dev\cfbfastR-cfb-raw\python\_cfb_raw_utils.py", line 106, in _safe
    return fn(*args, **kwargs)
           ^^^^^^^^^^^^^^^^^^^
  File "C:\Users\saiem\Documents\GitHub-Data\sdv-dev\cfbfastR-dev\cfbfastR-cfb-raw\python\scrape_cfb_json.py", line 42, in _rosters
    return sdv.cfb.espn_cfb_game_rosters(
           ^^^^^^^^^^^^^^^^^^^^^^^^^^^^^^
  File "C:\Users\saiem\Documents\GitHub-Data\sdv-dev\cfbfastR-dev\cfbfastR-cfb-raw\.venv\Lib\site-packages\sportsdataverse\cfb\cfb_game_rosters.py", line 66, in espn_cfb_game_rosters
    team_rosters = helper_cfb_roster_items(items=items, summary_url=summary_url, **kwargs)
                   ^^^^^^^^^^^^^^^^^^^^^^^^^^^^^^^^^^^^^^^^^^^^^^^^^^^^^^^^^^^^^^^^^^^^^^^
  File "C:\Users\saiem\Documents\GitHub-Data\sdv-dev\cfbfastR-dev\cfbfastR-cfb-raw\.venv\Lib\site-packages\sportsdataverse\cfb\cfb_game_rosters.py", line 209, in helper_cfb_roster_items
    raise NoESPNDataError(f"NoESPNDataError: No roster data found for any team at {summary_url}")
sportsdataverse.errors.NoESPNDataError: NoESPNDataError: No roster data found for any team at https://sports.core.api.espn.com/v2/sports/football/leagues/college-football/events/313280218/competitions/313280218/competitors
2026-06-17 11:42:30,797 ERROR extra fetch failed: _rosters(313282050,)
Traceback (most recent call last):
  File "C:\Users\saiem\Documents\GitHub-Data\sdv-dev\cfbfastR-dev\cfbfastR-cfb-raw\python\_cfb_raw_utils.py", line 106, in _safe
    return fn(*args, **kwargs)
           ^^^^^^^^^^^^^^^^^^^
  File "C:\Users\saiem\Documents\GitHub-Data\sdv-dev\cfbfastR-dev\cfbfastR-cfb-raw\python\scrape_cfb_json.py", line 42, in _rosters
    return sdv.cfb.espn_cfb_game_rosters(
           ^^^^^^^^^^^^^^^^^^^^^^^^^^^^^^
  File "C:\Users\saiem\Documents\GitHub-Data\sdv-dev\cfbfastR-dev\cfbfastR-cfb-raw\.venv\Lib\site-packages\sportsdataverse\cfb\cfb_game_rosters.py", line 66, in espn_cfb_game_rosters
    team_rosters = helper_cfb_roster_items(items=items, summary_url=summary_url, **kwargs)
                   ^^^^^^^^^^^^^^^^^^^^^^^^^^^^^^^^^^^^^^^^^^^^^^^^^^^^^^^^^^^^^^^^^^^^^^^
  File "C:\Users\saiem\Documents\GitHub-Data\sdv-dev\cfbfastR-dev\cfbfastR-cfb-raw\.venv\Lib\site-packages\sportsdataverse\cfb\cfb_game_rosters.py", line 209, in helper_cfb_roster_items
    raise NoESPNDataError(f"NoESPNDataError: No roster data found for any team at {summary_url}")
sportsdataverse.errors.NoESPNDataError: NoESPNDataError: No roster data found for any team at https://sports.core.api.espn.com/v2/sports/football/leagues/college-football/events/313282050/competitions/313282050/competitors
2026-06-17 11:42:31,642 ERROR extra fetch failed: _rosters(313292393,)
Traceback (most recent call last):
  File "C:\Users\saiem\Documents\GitHub-Data\sdv-dev\cfbfastR-dev\cfbfastR-cfb-raw\python\_cfb_raw_utils.py", line 106, in _safe
    return fn(*args, **kwargs)
           ^^^^^^^^^^^^^^^^^^^
  File "C:\Users\saiem\Documents\GitHub-Data\sdv-dev\cfbfastR-dev\cfbfastR-cfb-raw\python\scrape_cfb_json.py", line 42, in _rosters
    return sdv.cfb.espn_cfb_game_rosters(
           ^^^^^^^^^^^^^^^^^^^^^^^^^^^^^^
  File "C:\Users\saiem\Documents\GitHub-Data\sdv-dev\cfbfastR-dev\cfbfastR-cfb-raw\.venv\Lib\site-packages\sportsdataverse\cfb\cfb_game_rosters.py", line 66, in espn_cfb_game_rosters
    team_rosters = helper_cfb_roster_items(items=items, summary_url=summary_url, **kwargs)
                   ^^^^^^^^^^^^^^^^^^^^^^^^^^^^^^^^^^^^^^^^^^^^^^^^^^^^^^^^^^^^^^^^^^^^^^^
  File "C:\Users\saiem\Documents\GitHub-Data\sdv-dev\cfbfastR-dev\cfbfastR-cfb-raw\.venv\Lib\site-packages\sportsdataverse\cfb\cfb_game_rosters.py", line 209, in helper_cfb_roster_items
    raise NoESPNDataError(f"NoESPNDataError: No roster data found for any team at {summary_url}")
sportsdataverse.errors.NoESPNDataError: NoESPNDataError: No roster data found for any team at https://sports.core.api.espn.com/v2/sports/football/leagues/college-football/events/313292393/competitions/313292393/competitors
2026-06-17 11:42:31,820 ERROR extra fetch failed: _rosters(313362032,)
Traceback (most recent call last):
  File "C:\Users\saiem\Documents\GitHub-Data\sdv-dev\cfbfastR-dev\cfbfastR-cfb-raw\python\_cfb_raw_utils.py", line 106, in _safe
    return fn(*args, **kwargs)
           ^^^^^^^^^^^^^^^^^^^
  File "C:\Users\saiem\Documents\GitHub-Data\sdv-dev\cfbfastR-dev\cfbfastR-cfb-raw\python\scrape_cfb_json.py", line 42, in _rosters
    return sdv.cfb.espn_cfb_game_rosters(
           ^^^^^^^^^^^^^^^^^^^^^^^^^^^^^^
  File "C:\Users\saiem\Documents\GitHub-Data\sdv-dev\cfbfastR-dev\cfbfastR-cfb-raw\.venv\Lib\site-packages\sportsdataverse\cfb\cfb_game_rosters.py", line 66, in espn_cfb_game_rosters
    team_rosters = helper_cfb_roster_items(items=items, summary_url=summary_url, **kwargs)
                   ^^^^^^^^^^^^^^^^^^^^^^^^^^^^^^^^^^^^^^^^^^^^^^^^^^^^^^^^^^^^^^^^^^^^^^^
  File "C:\Users\saiem\Documents\GitHub-Data\sdv-dev\cfbfastR-dev\cfbfastR-cfb-raw\.venv\Lib\site-packages\sportsdataverse\cfb\cfb_game_rosters.py", line 209, in helper_cfb_roster_items
    raise NoESPNDataError(f"NoESPNDataError: No roster data found for any team at {summary_url}")
sportsdataverse.errors.NoESPNDataError: NoESPNDataError: No roster data found for any team at https://sports.core.api.espn.com/v2/sports/football/leagues/college-football/events/313362032/competitions/313362032/competitors
2026-06-17 11:42:31,844 ERROR extra fetch failed: _rosters(313362226,)
Traceback (most recent call last):
  File "C:\Users\saiem\Documents\GitHub-Data\sdv-dev\cfbfastR-dev\cfbfastR-cfb-raw\python\_cfb_raw_utils.py", line 106, in _safe
    return fn(*args, **kwargs)
           ^^^^^^^^^^^^^^^^^^^
  File "C:\Users\saiem\Documents\GitHub-Data\sdv-dev\cfbfastR-dev\cfbfastR-cfb-raw\python\scrape_cfb_json.py", line 42, in _rosters
    return sdv.cfb.espn_cfb_game_rosters(
           ^^^^^^^^^^^^^^^^^^^^^^^^^^^^^^
  File "C:\Users\saiem\Documents\GitHub-Data\sdv-dev\cfbfastR-dev\cfbfastR-cfb-raw\.venv\Lib\site-packages\sportsdataverse\cfb\cfb_game_rosters.py", line 66, in espn_cfb_game_rosters
    team_rosters = helper_cfb_roster_items(items=items, summary_url=summary_url, **kwargs)
                   ^^^^^^^^^^^^^^^^^^^^^^^^^^^^^^^^^^^^^^^^^^^^^^^^^^^^^^^^^^^^^^^^^^^^^^^
  File "C:\Users\saiem\Documents\GitHub-Data\sdv-dev\cfbfastR-dev\cfbfastR-cfb-raw\.venv\Lib\site-packages\sportsdataverse\cfb\cfb_game_rosters.py", line 209, in helper_cfb_roster_items
    raise NoESPNDataError(f"NoESPNDataError: No roster data found for any team at {summary_url}")
sportsdataverse.errors.NoESPNDataError: NoESPNDataError: No roster data found for any team at https://sports.core.api.espn.com/v2/sports/football/leagues/college-football/events/313362226/competitions/313362226/competitors
2026-06-17 11:42:32,287 ERROR extra fetch failed: _rosters(320213147,)
Traceback (most recent call last):
  File "C:\Users\saiem\Documents\GitHub-Data\sdv-dev\cfbfastR-dev\cfbfastR-cfb-raw\python\_cfb_raw_utils.py", line 106, in _safe
    return fn(*args, **kwargs)
           ^^^^^^^^^^^^^^^^^^^
  File "C:\Users\saiem\Documents\GitHub-Data\sdv-dev\cfbfastR-dev\cfbfastR-cfb-raw\python\scrape_cfb_json.py", line 42, in _rosters
    return sdv.cfb.espn_cfb_game_rosters(
           ^^^^^^^^^^^^^^^^^^^^^^^^^^^^^^
  File "C:\Users\saiem\Documents\GitHub-Data\sdv-dev\cfbfastR-dev\cfbfastR-cfb-raw\.venv\Lib\site-packages\sportsdataverse\cfb\cfb_game_rosters.py", line 66, in espn_cfb_game_rosters
    team_rosters = helper_cfb_roster_items(items=items, summary_url=summary_url, **kwargs)
                   ^^^^^^^^^^^^^^^^^^^^^^^^^^^^^^^^^^^^^^^^^^^^^^^^^^^^^^^^^^^^^^^^^^^^^^^
  File "C:\Users\saiem\Documents\GitHub-Data\sdv-dev\cfbfastR-dev\cfbfastR-cfb-raw\.venv\Lib\site-packages\sportsdataverse\cfb\cfb_game_rosters.py", line 209, in helper_cfb_roster_items
    raise NoESPNDataError(f"NoESPNDataError: No roster data found for any team at {summary_url}")
sportsdataverse.errors.NoESPNDataError: NoESPNDataError: No roster data found for any team at https://sports.core.api.espn.com/v2/sports/football/leagues/college-football/events/320213147/competitions/320213147/competitors
2026-06-17 11:42:32,582 ERROR extra fetch failed: _rosters(320314227,)
Traceback (most recent call last):
  File "C:\Users\saiem\Documents\GitHub-Data\sdv-dev\cfbfastR-dev\cfbfastR-cfb-raw\python\_cfb_raw_utils.py", line 106, in _safe
    return fn(*args, **kwargs)
           ^^^^^^^^^^^^^^^^^^^
  File "C:\Users\saiem\Documents\GitHub-Data\sdv-dev\cfbfastR-dev\cfbfastR-cfb-raw\python\scrape_cfb_json.py", line 42, in _rosters
    return sdv.cfb.espn_cfb_game_rosters(
           ^^^^^^^^^^^^^^^^^^^^^^^^^^^^^^
  File "C:\Users\saiem\Documents\GitHub-Data\sdv-dev\cfbfastR-dev\cfbfastR-cfb-raw\.venv\Lib\site-packages\sportsdataverse\cfb\cfb_game_rosters.py", line 66, in espn_cfb_game_rosters
    team_rosters = helper_cfb_roster_items(items=items, summary_url=summary_url, **kwargs)
                   ^^^^^^^^^^^^^^^^^^^^^^^^^^^^^^^^^^^^^^^^^^^^^^^^^^^^^^^^^^^^^^^^^^^^^^^
  File "C:\Users\saiem\Documents\GitHub-Data\sdv-dev\cfbfastR-dev\cfbfastR-cfb-raw\.venv\Lib\site-packages\sportsdataverse\cfb\cfb_game_rosters.py", line 209, in helper_cfb_roster_items
    raise NoESPNDataError(f"NoESPNDataError: No roster data found for any team at {summary_url}")
sportsdataverse.errors.NoESPNDataError: NoESPNDataError: No roster data found for any team at https://sports.core.api.espn.com/v2/sports/football/leagues/college-football/events/320314227/competitions/320314227/competitors
2026-06-17 11:42:33,078 ERROR extra fetch failed: _rosters(320213194,)
Traceback (most recent call last):
  File "C:\Users\saiem\Documents\GitHub-Data\sdv-dev\cfbfastR-dev\cfbfastR-cfb-raw\python\_cfb_raw_utils.py", line 106, in _safe
    return fn(*args, **kwargs)
           ^^^^^^^^^^^^^^^^^^^
  File "C:\Users\saiem\Documents\GitHub-Data\sdv-dev\cfbfastR-dev\cfbfastR-cfb-raw\python\scrape_cfb_json.py", line 42, in _rosters
    return sdv.cfb.espn_cfb_game_rosters(
           ^^^^^^^^^^^^^^^^^^^^^^^^^^^^^^
  File "C:\Users\saiem\Documents\GitHub-Data\sdv-dev\cfbfastR-dev\cfbfastR-cfb-raw\.venv\Lib\site-packages\sportsdataverse\cfb\cfb_game_rosters.py", line 66, in espn_cfb_game_rosters
    team_rosters = helper_cfb_roster_items(items=items, summary_url=summary_url, **kwargs)
                   ^^^^^^^^^^^^^^^^^^^^^^^^^^^^^^^^^^^^^^^^^^^^^^^^^^^^^^^^^^^^^^^^^^^^^^^
  File "C:\Users\saiem\Documents\GitHub-Data\sdv-dev\cfbfastR-dev\cfbfastR-cfb-raw\.venv\Lib\site-packages\sportsdataverse\cfb\cfb_game_rosters.py", line 209, in helper_cfb_roster_items
    raise NoESPNDataError(f"NoESPNDataError: No roster data found for any team at {summary_url}")
sportsdataverse.errors.NoESPNDataError: NoESPNDataError: No roster data found for any team at https://sports.core.api.espn.com/v2/sports/football/leagues/college-football/events/320213194/competitions/320213194/competitors
2026-06-17 11:42:33,188 ERROR extra fetch failed: _rosters(320283144,)
Traceback (most recent call last):
  File "C:\Users\saiem\Documents\GitHub-Data\sdv-dev\cfbfastR-dev\cfbfastR-cfb-raw\python\_cfb_raw_utils.py", line 106, in _safe
    return fn(*args, **kwargs)
           ^^^^^^^^^^^^^^^^^^^
  File "C:\Users\saiem\Documents\GitHub-Data\sdv-dev\cfbfastR-dev\cfbfastR-cfb-raw\python\scrape_cfb_json.py", line 42, in _rosters
    return sdv.cfb.espn_cfb_game_rosters(
           ^^^^^^^^^^^^^^^^^^^^^^^^^^^^^^
  File "C:\Users\saiem\Documents\GitHub-Data\sdv-dev\cfbfastR-dev\cfbfastR-cfb-raw\.venv\Lib\site-packages\sportsdataverse\cfb\cfb_game_rosters.py", line 66, in espn_cfb_game_rosters
    team_rosters = helper_cfb_roster_items(items=items, summary_url=summary_url, **kwargs)
                   ^^^^^^^^^^^^^^^^^^^^^^^^^^^^^^^^^^^^^^^^^^^^^^^^^^^^^^^^^^^^^^^^^^^^^^^
  File "C:\Users\saiem\Documents\GitHub-Data\sdv-dev\cfbfastR-dev\cfbfastR-cfb-raw\.venv\Lib\site-packages\sportsdataverse\cfb\cfb_game_rosters.py", line 209, in helper_cfb_roster_items
    raise NoESPNDataError(f"NoESPNDataError: No roster data found for any team at {summary_url}")
sportsdataverse.errors.NoESPNDataError: NoESPNDataError: No roster data found for any team at https://sports.core.api.espn.com/v2/sports/football/leagues/college-football/events/320283144/competitions/320283144/competitors
2026-07-29 01:39:21,824 INFO season 2011: 817 games to scrape (rescrape=True)
2026-07-29 01:39:40,333 WARNING REFUSED degraded write cfb\json\raw\313020030.json: 452907 -> 251 bytes (0% of existing); keeping banked copy
2026-07-29 01:39:40,333 WARNING degraded summary for 313020030 (proxy=154.81.58.3:60099) -- keeping banked copy, skipping game
2026-07-29 01:40:19,472 WARNING REFUSED degraded write cfb\json\raw\313020164.json: 454000 -> 251 bytes (0% of existing); keeping banked copy
2026-07-29 01:40:19,472 WARNING degraded summary for 313020164 (proxy=154.81.58.85:60099) -- keeping banked copy, skipping game
2026-07-29 01:42:05,355 WARNING REFUSED degraded write cfb\json\raw\320020213.json: 429679 -> 251 bytes (0% of existing); keeping banked copy
2026-07-29 01:42:05,356 WARNING degraded summary for 320020213 (proxy=154.81.58.101:60099) -- keeping banked copy, skipping game
2026-07-29 01:42:24,607 ERROR download_game failed: 312440218
Traceback (most recent call last):
  File "C:\Users\saiem\Documents\GitHub-Data\sdv-dev\cfbfastR-dev\cfbfastR-cfb-raw\python\scrape_cfb_json.py", line 114, in download_game
    result = proc.run_processing_pipeline()
             ^^^^^^^^^^^^^^^^^^^^^^^^^^^^^^
  File "C:\Users\saiem\Documents\GitHub-Data\sdv-dev\cfbfastR-dev\cfbfastR-cfb-raw\.venv\Lib\site-packages\sportsdataverse\cfb\cfb_pbp.py", line 7051, in run_processing_pipeline
    pbp_txt = self.__helper_cfb_pbp_drives(self.json)
              ^^^^^^^^^^^^^^^^^^^^^^^^^^^^^^^^^^^^^^^
  File "C:\Users\saiem\Documents\GitHub-Data\sdv-dev\cfbfastR-dev\cfbfastR-cfb-raw\.venv\Lib\site-packages\sportsdataverse\cfb\cfb_pbp.py", line 844, in __helper_cfb_pbp_drives
    pbp_txt, init = self.__helper_cfb_pbp(pbp_txt)
                    ^^^^^^^^^^^^^^^^^^^^^^^^^^^^^^
  File "C:\Users\saiem\Documents\GitHub-Data\sdv-dev\cfbfastR-dev\cfbfastR-cfb-raw\.venv\Lib\site-packages\sportsdataverse\cfb\cfb_pbp.py", line 1466, in __helper_cfb_pbp
    raise NoESPNDataError(
sportsdataverse.errors.NoESPNDataError: ESPN summary for game 312440218 has no header.competitions; cannot build play-by-play.
2026-07-29 01:42:27,380 ERROR extra fetch failed: _rosters(312440041,)
Traceback (most recent call last):
  File "C:\Users\saiem\Documents\GitHub-Data\sdv-dev\cfbfastR-dev\cfbfastR-cfb-raw\python\_cfb_raw_utils.py", line 166, in _safe
    return fn(*args, **kwargs)
           ^^^^^^^^^^^^^^^^^^^
  File "C:\Users\saiem\Documents\GitHub-Data\sdv-dev\cfbfastR-dev\cfbfastR-cfb-raw\python\scrape_cfb_json.py", line 55, in _rosters
    return sdv.cfb.espn_cfb_game_rosters(
           ^^^^^^^^^^^^^^^^^^^^^^^^^^^^^^
  File "C:\Users\saiem\Documents\GitHub-Data\sdv-dev\cfbfastR-dev\cfbfastR-cfb-raw\.venv\Lib\site-packages\sportsdataverse\cfb\cfb_game_rosters.py", line 66, in espn_cfb_game_rosters
    team_rosters = helper_cfb_roster_items(items=items, summary_url=summary_url, **kwargs)
                   ^^^^^^^^^^^^^^^^^^^^^^^^^^^^^^^^^^^^^^^^^^^^^^^^^^^^^^^^^^^^^^^^^^^^^^^
  File "C:\Users\saiem\Documents\GitHub-Data\sdv-dev\cfbfastR-dev\cfbfastR-cfb-raw\.venv\Lib\site-packages\sportsdataverse\cfb\cfb_game_rosters.py", line 209, in helper_cfb_roster_items
    raise NoESPNDataError(f"NoESPNDataError: No roster data found for any team at {summary_url}")
sportsdataverse.errors.NoESPNDataError: NoESPNDataError: No roster data found for any team at https://sports.core.api.espn.com/v2/sports/football/leagues/college-football/events/312440041/competitions/312440041/competitors
2026-07-29 01:43:19,116 WARNING REFUSED degraded write cfb\json\raw\312460213.json: 370880 -> 251 bytes (0% of existing); keeping banked copy
2026-07-29 01:43:19,116 WARNING degraded summary for 312460213 (proxy=154.81.58.89:60099) -- keeping banked copy, skipping game
2026-07-29 01:43:22,099 ERROR extra fetch failed: _rosters(312460130,)
Traceback (most recent call last):
  File "C:\Users\saiem\Documents\GitHub-Data\sdv-dev\cfbfastR-dev\cfbfastR-cfb-raw\python\_cfb_raw_utils.py", line 166, in _safe
    return fn(*args, **kwargs)
           ^^^^^^^^^^^^^^^^^^^
  File "C:\Users\saiem\Documents\GitHub-Data\sdv-dev\cfbfastR-dev\cfbfastR-cfb-raw\python\scrape_cfb_json.py", line 55, in _rosters
    return sdv.cfb.espn_cfb_game_rosters(
           ^^^^^^^^^^^^^^^^^^^^^^^^^^^^^^
  File "C:\Users\saiem\Documents\GitHub-Data\sdv-dev\cfbfastR-dev\cfbfastR-cfb-raw\.venv\Lib\site-packages\sportsdataverse\cfb\cfb_game_rosters.py", line 66, in espn_cfb_game_rosters
    team_rosters = helper_cfb_roster_items(items=items, summary_url=summary_url, **kwargs)
                   ^^^^^^^^^^^^^^^^^^^^^^^^^^^^^^^^^^^^^^^^^^^^^^^^^^^^^^^^^^^^^^^^^^^^^^^
  File "C:\Users\saiem\Documents\GitHub-Data\sdv-dev\cfbfastR-dev\cfbfastR-cfb-raw\.venv\Lib\site-packages\sportsdataverse\cfb\cfb_game_rosters.py", line 209, in helper_cfb_roster_items
    raise NoESPNDataError(f"NoESPNDataError: No roster data found for any team at {summary_url}")
sportsdataverse.errors.NoESPNDataError: NoESPNDataError: No roster data found for any team at https://sports.core.api.espn.com/v2/sports/football/leagues/college-football/events/312460130/competitions/312460130/competitors
2026-07-29 01:44:09,821 WARNING REFUSED degraded write cfb\json\raw\312460166.json: 405430 -> 251 bytes (0% of existing); keeping banked copy
2026-07-29 01:44:09,821 WARNING degraded summary for 312460166 (proxy=23.239.174.171:60099) -- keeping banked copy, skipping game
2026-07-29 01:44:22,989 WARNING REFUSED degraded write cfb\json\raw\312472199.json: 366539 -> 251 bytes (0% of existing); keeping banked copy
2026-07-29 01:44:22,990 WARNING degraded summary for 312472199 (proxy=154.81.58.160:60099) -- keeping banked copy, skipping game
2026-07-29 01:45:08,173 WARNING REFUSED degraded write cfb\json\raw\312530221.json: 423091 -> 251 bytes (0% of existing); keeping banked copy
2026-07-29 01:45:08,174 WARNING degraded summary for 312530221 (proxy=154.81.58.104:60099) -- keeping banked copy, skipping game
2026-07-29 01:45:25,872 WARNING REFUSED degraded write cfb\json\raw\312532633.json: 360567 -> 251 bytes (0% of existing); keeping banked copy
2026-07-29 01:45:25,872 WARNING degraded summary for 312532633 (proxy=154.81.58.252:60099) -- keeping banked copy, skipping game
2026-07-29 01:45:26,600 WARNING REFUSED degraded write cfb\json\raw\312530276.json: 438433 -> 251 bytes (0% of existing); keeping banked copy
2026-07-29 01:45:26,600 WARNING degraded summary for 312530276 (proxy=23.239.174.50:60099) -- keeping banked copy, skipping game
2026-07-29 01:46:00,173 WARNING REFUSED degraded write cfb\json\raw\312530130.json: 369787 -> 251 bytes (0% of existing); keeping banked copy
2026-07-29 01:46:00,173 WARNING degraded summary for 312530130 (proxy=23.239.174.224:60099) -- keeping banked copy, skipping game
2026-07-29 01:46:18,893 WARNING REFUSED degraded write cfb\json\raw\312600333.json: 366680 -> 251 bytes (0% of existing); keeping banked copy
2026-07-29 01:46:18,893 WARNING degraded summary for 312600333 (proxy=154.81.58.132:60099) -- keeping banked copy, skipping game
2026-07-29 01:46:54,847 WARNING REFUSED degraded write cfb\json\raw\312602294.json: 424964 -> 251 bytes (0% of existing); keeping banked copy
2026-07-29 01:46:54,847 WARNING degraded summary for 312602294 (proxy=23.239.174.74:60099) -- keeping banked copy, skipping game
2026-07-29 01:47:42,846 WARNING REFUSED degraded write cfb\json\raw\312602306.json: 353799 -> 251 bytes (0% of existing); keeping banked copy
2026-07-29 01:47:42,846 WARNING degraded summary for 312602306 (proxy=154.81.58.22:60099) -- keeping banked copy, skipping game
2026-07-29 01:49:25,014 WARNING REFUSED degraded write cfb\json\raw\312672459.json: 386726 -> 251 bytes (0% of existing); keeping banked copy
2026-07-29 01:49:25,014 WARNING degraded summary for 312672459 (proxy=23.239.174.72:60099) -- keeping banked copy, skipping game
2026-07-29 01:50:52,741 WARNING REFUSED degraded write cfb\json\raw\312740103.json: 377032 -> 251 bytes (0% of existing); keeping banked copy
2026-07-29 01:50:52,741 WARNING degraded summary for 312740103 (proxy=23.239.174.50:60099) -- keeping banked copy, skipping game
2026-07-29 01:51:08,343 WARNING REFUSED degraded write cfb\json\raw\312740030.json: 396982 -> 251 bytes (0% of existing); keeping banked copy
2026-07-29 01:51:08,343 WARNING degraded summary for 312740030 (proxy=23.239.174.50:60099) -- keeping banked copy, skipping game
2026-07-29 01:52:27,749 WARNING REFUSED degraded write cfb\json\raw\312810008.json: 407800 -> 251 bytes (0% of existing); keeping banked copy
2026-07-29 01:52:27,749 WARNING degraded summary for 312810008 (proxy=23.239.174.123:60099) -- keeping banked copy, skipping game
2026-07-29 01:52:30,717 WARNING REFUSED degraded write cfb\json\raw\312810277.json: 425456 -> 251 bytes (0% of existing); keeping banked copy
2026-07-29 01:52:30,718 WARNING degraded summary for 312810277 (proxy=154.81.58.158:60099) -- keeping banked copy, skipping game
2026-07-29 01:53:49,665 WARNING REFUSED degraded write cfb\json\raw\312812655.json: 406711 -> 251 bytes (0% of existing); keeping banked copy
2026-07-29 01:53:49,665 WARNING degraded summary for 312812655 (proxy=23.239.174.50:60099) -- keeping banked copy, skipping game
2026-07-29 01:54:16,463 WARNING REFUSED degraded write cfb\json\raw\312880265.json: 352102 -> 251 bytes (0% of existing); keeping banked copy
2026-07-29 01:54:16,463 WARNING degraded summary for 312880265 (proxy=23.239.174.196:60099) -- keeping banked copy, skipping game
2026-07-29 01:54:51,663 WARNING REFUSED degraded write cfb\json\raw\312880164.json: 350346 -> 251 bytes (0% of existing); keeping banked copy
2026-07-29 01:54:51,663 WARNING degraded summary for 312880164 (proxy=23.239.174.72:60099) -- keeping banked copy, skipping game
2026-07-29 01:55:31,733 WARNING REFUSED degraded write cfb\json\raw\312882653.json: 376456 -> 251 bytes (0% of existing); keeping banked copy
2026-07-29 01:55:31,733 WARNING degraded summary for 312882653 (proxy=23.239.174.210:60099) -- keeping banked copy, skipping game
2026-07-29 01:55:46,178 WARNING REFUSED degraded write cfb\json\raw\312940183.json: 374889 -> 251 bytes (0% of existing); keeping banked copy
2026-07-29 01:55:46,178 WARNING degraded summary for 312940183 (proxy=154.81.58.253:60099) -- keeping banked copy, skipping game
2026-07-29 01:55:54,280 WARNING REFUSED degraded write cfb\json\raw\312950099.json: 330022 -> 251 bytes (0% of existing); keeping banked copy
2026-07-29 01:55:54,281 WARNING degraded summary for 312950099 (proxy=23.239.174.96:60099) -- keeping banked copy, skipping game
2026-07-29 01:58:24,736 WARNING REFUSED degraded write cfb\json\raw\313090057.json: 342174 -> 251 bytes (0% of existing); keeping banked copy
2026-07-29 01:58:24,736 WARNING degraded summary for 313090057 (proxy=154.81.58.1:60099) -- keeping banked copy, skipping game
2026-07-29 01:58:47,487 WARNING REFUSED degraded write cfb\json\raw\313090098.json: 323216 -> 251 bytes (0% of existing); keeping banked copy
2026-07-29 01:58:47,487 WARNING degraded summary for 313090098 (proxy=154.81.58.3:60099) -- keeping banked copy, skipping game
2026-07-29 01:58:58,277 WARNING REFUSED degraded write cfb\json\raw\313090221.json: 406589 -> 251 bytes (0% of existing); keeping banked copy
2026-07-29 01:58:58,277 WARNING degraded summary for 313090221 (proxy=154.81.58.22:60099) -- keeping banked copy, skipping game
2026-07-29 01:59:51,515 WARNING REFUSED degraded write cfb\json\raw\313162132.json: 393849 -> 251 bytes (0% of existing); keeping banked copy
2026-07-29 01:59:51,515 WARNING degraded summary for 313162132 (proxy=23.239.174.227:60099) -- keeping banked copy, skipping game
2026-07-29 02:00:08,780 ERROR download_game failed: 313162005
Traceback (most recent call last):
  File "C:\Users\saiem\Documents\GitHub-Data\sdv-dev\cfbfastR-dev\cfbfastR-cfb-raw\python\scrape_cfb_json.py", line 114, in download_game
    result = proc.run_processing_pipeline()
             ^^^^^^^^^^^^^^^^^^^^^^^^^^^^^^
  File "C:\Users\saiem\Documents\GitHub-Data\sdv-dev\cfbfastR-dev\cfbfastR-cfb-raw\.venv\Lib\site-packages\sportsdataverse\cfb\cfb_pbp.py", line 7051, in run_processing_pipeline
    pbp_txt = self.__helper_cfb_pbp_drives(self.json)
              ^^^^^^^^^^^^^^^^^^^^^^^^^^^^^^^^^^^^^^^
  File "C:\Users\saiem\Documents\GitHub-Data\sdv-dev\cfbfastR-dev\cfbfastR-cfb-raw\.venv\Lib\site-packages\sportsdataverse\cfb\cfb_pbp.py", line 844, in __helper_cfb_pbp_drives
    pbp_txt, init = self.__helper_cfb_pbp(pbp_txt)
                    ^^^^^^^^^^^^^^^^^^^^^^^^^^^^^^
  File "C:\Users\saiem\Documents\GitHub-Data\sdv-dev\cfbfastR-dev\cfbfastR-cfb-raw\.venv\Lib\site-packages\sportsdataverse\cfb\cfb_pbp.py", line 1466, in __helper_cfb_pbp
    raise NoESPNDataError(
sportsdataverse.errors.NoESPNDataError: ESPN summary for game 313162005 has no header.competitions; cannot build play-by-play.
2026-07-29 02:00:13,406 WARNING REFUSED degraded write cfb\json\raw\313160258.json: 392724 -> 251 bytes (0% of existing); keeping banked copy
2026-07-29 02:00:13,406 WARNING degraded summary for 313160258 (proxy=154.81.58.96:60099) -- keeping banked copy, skipping game
2026-07-29 02:01:07,361 WARNING REFUSED degraded write cfb\json\raw\313230152.json: 402155 -> 251 bytes (0% of existing); keeping banked copy
2026-07-29 02:01:07,362 WARNING degraded summary for 313230152 (proxy=23.239.174.224:60099) -- keeping banked copy, skipping game
2026-07-29 02:01:42,259 ERROR download_game failed: 313232509
Traceback (most recent call last):
  File "C:\Users\saiem\Documents\GitHub-Data\sdv-dev\cfbfastR-dev\cfbfastR-cfb-raw\python\scrape_cfb_json.py", line 114, in download_game
    result = proc.run_processing_pipeline()
             ^^^^^^^^^^^^^^^^^^^^^^^^^^^^^^
  File "C:\Users\saiem\Documents\GitHub-Data\sdv-dev\cfbfastR-dev\cfbfastR-cfb-raw\.venv\Lib\site-packages\sportsdataverse\cfb\cfb_pbp.py", line 7051, in run_processing_pipeline
    pbp_txt = self.__helper_cfb_pbp_drives(self.json)
              ^^^^^^^^^^^^^^^^^^^^^^^^^^^^^^^^^^^^^^^
  File "C:\Users\saiem\Documents\GitHub-Data\sdv-dev\cfbfastR-dev\cfbfastR-cfb-raw\.venv\Lib\site-packages\sportsdataverse\cfb\cfb_pbp.py", line 844, in __helper_cfb_pbp_drives
    pbp_txt, init = self.__helper_cfb_pbp(pbp_txt)
                    ^^^^^^^^^^^^^^^^^^^^^^^^^^^^^^
  File "C:\Users\saiem\Documents\GitHub-Data\sdv-dev\cfbfastR-dev\cfbfastR-cfb-raw\.venv\Lib\site-packages\sportsdataverse\cfb\cfb_pbp.py", line 1466, in __helper_cfb_pbp
    raise NoESPNDataError(
sportsdataverse.errors.NoESPNDataError: ESPN summary for game 313232509 has no header.competitions; cannot build play-by-play.
2026-07-29 02:02:26,420 ERROR extra fetch failed: _rosters(313282459,)
Traceback (most recent call last):
  File "C:\Users\saiem\Documents\GitHub-Data\sdv-dev\cfbfastR-dev\cfbfastR-cfb-raw\python\_cfb_raw_utils.py", line 166, in _safe
    return fn(*args, **kwargs)
           ^^^^^^^^^^^^^^^^^^^
  File "C:\Users\saiem\Documents\GitHub-Data\sdv-dev\cfbfastR-dev\cfbfastR-cfb-raw\python\scrape_cfb_json.py", line 55, in _rosters
    return sdv.cfb.espn_cfb_game_rosters(
           ^^^^^^^^^^^^^^^^^^^^^^^^^^^^^^
  File "C:\Users\saiem\Documents\GitHub-Data\sdv-dev\cfbfastR-dev\cfbfastR-cfb-raw\.venv\Lib\site-packages\sportsdataverse\cfb\cfb_game_rosters.py", line 66, in espn_cfb_game_rosters
    team_rosters = helper_cfb_roster_items(items=items, summary_url=summary_url, **kwargs)
                   ^^^^^^^^^^^^^^^^^^^^^^^^^^^^^^^^^^^^^^^^^^^^^^^^^^^^^^^^^^^^^^^^^^^^^^^
  File "C:\Users\saiem\Documents\GitHub-Data\sdv-dev\cfbfastR-dev\cfbfastR-cfb-raw\.venv\Lib\site-packages\sportsdataverse\cfb\cfb_game_rosters.py", line 209, in helper_cfb_roster_items
    raise NoESPNDataError(f"NoESPNDataError: No roster data found for any team at {summary_url}")
sportsdataverse.errors.NoESPNDataError: NoESPNDataError: No roster data found for any team at https://sports.core.api.espn.com/v2/sports/football/leagues/college-football/events/313282459/competitions/313282459/competitors
2026-07-29 02:02:31,249 ERROR extra fetch failed: _rosters(313280218,)
Traceback (most recent call last):
  File "C:\Users\saiem\Documents\GitHub-Data\sdv-dev\cfbfastR-dev\cfbfastR-cfb-raw\python\_cfb_raw_utils.py", line 166, in _safe
    return fn(*args, **kwargs)
           ^^^^^^^^^^^^^^^^^^^
  File "C:\Users\saiem\Documents\GitHub-Data\sdv-dev\cfbfastR-dev\cfbfastR-cfb-raw\python\scrape_cfb_json.py", line 55, in _rosters
    return sdv.cfb.espn_cfb_game_rosters(
           ^^^^^^^^^^^^^^^^^^^^^^^^^^^^^^
  File "C:\Users\saiem\Documents\GitHub-Data\sdv-dev\cfbfastR-dev\cfbfastR-cfb-raw\.venv\Lib\site-packages\sportsdataverse\cfb\cfb_game_rosters.py", line 66, in espn_cfb_game_rosters
    team_rosters = helper_cfb_roster_items(items=items, summary_url=summary_url, **kwargs)
                   ^^^^^^^^^^^^^^^^^^^^^^^^^^^^^^^^^^^^^^^^^^^^^^^^^^^^^^^^^^^^^^^^^^^^^^^
  File "C:\Users\saiem\Documents\GitHub-Data\sdv-dev\cfbfastR-dev\cfbfastR-cfb-raw\.venv\Lib\site-packages\sportsdataverse\cfb\cfb_game_rosters.py", line 209, in helper_cfb_roster_items
    raise NoESPNDataError(f"NoESPNDataError: No roster data found for any team at {summary_url}")
sportsdataverse.errors.NoESPNDataError: NoESPNDataError: No roster data found for any team at https://sports.core.api.espn.com/v2/sports/football/leagues/college-football/events/313280218/competitions/313280218/competitors
2026-07-29 02:02:39,280 ERROR extra fetch failed: _rosters(313282050,)
Traceback (most recent call last):
  File "C:\Users\saiem\Documents\GitHub-Data\sdv-dev\cfbfastR-dev\cfbfastR-cfb-raw\python\_cfb_raw_utils.py", line 166, in _safe
    return fn(*args, **kwargs)
           ^^^^^^^^^^^^^^^^^^^
  File "C:\Users\saiem\Documents\GitHub-Data\sdv-dev\cfbfastR-dev\cfbfastR-cfb-raw\python\scrape_cfb_json.py", line 55, in _rosters
    return sdv.cfb.espn_cfb_game_rosters(
           ^^^^^^^^^^^^^^^^^^^^^^^^^^^^^^
  File "C:\Users\saiem\Documents\GitHub-Data\sdv-dev\cfbfastR-dev\cfbfastR-cfb-raw\.venv\Lib\site-packages\sportsdataverse\cfb\cfb_game_rosters.py", line 66, in espn_cfb_game_rosters
    team_rosters = helper_cfb_roster_items(items=items, summary_url=summary_url, **kwargs)
                   ^^^^^^^^^^^^^^^^^^^^^^^^^^^^^^^^^^^^^^^^^^^^^^^^^^^^^^^^^^^^^^^^^^^^^^^
  File "C:\Users\saiem\Documents\GitHub-Data\sdv-dev\cfbfastR-dev\cfbfastR-cfb-raw\.venv\Lib\site-packages\sportsdataverse\cfb\cfb_game_rosters.py", line 209, in helper_cfb_roster_items
    raise NoESPNDataError(f"NoESPNDataError: No roster data found for any team at {summary_url}")
sportsdataverse.errors.NoESPNDataError: NoESPNDataError: No roster data found for any team at https://sports.core.api.espn.com/v2/sports/football/leagues/college-football/events/313282050/competitions/313282050/competitors
2026-07-29 02:03:05,431 WARNING REFUSED degraded write cfb\json\raw\313302483.json: 432113 -> 251 bytes (0% of existing); keeping banked copy
2026-07-29 02:03:05,431 WARNING degraded summary for 313302483 (proxy=154.81.58.160:60099) -- keeping banked copy, skipping game
2026-07-29 02:03:22,258 ERROR extra fetch failed: _rosters(313292393,)
Traceback (most recent call last):
  File "C:\Users\saiem\Documents\GitHub-Data\sdv-dev\cfbfastR-dev\cfbfastR-cfb-raw\python\_cfb_raw_utils.py", line 166, in _safe
    return fn(*args, **kwargs)
           ^^^^^^^^^^^^^^^^^^^
  File "C:\Users\saiem\Documents\GitHub-Data\sdv-dev\cfbfastR-dev\cfbfastR-cfb-raw\python\scrape_cfb_json.py", line 55, in _rosters
    return sdv.cfb.espn_cfb_game_rosters(
           ^^^^^^^^^^^^^^^^^^^^^^^^^^^^^^
  File "C:\Users\saiem\Documents\GitHub-Data\sdv-dev\cfbfastR-dev\cfbfastR-cfb-raw\.venv\Lib\site-packages\sportsdataverse\cfb\cfb_game_rosters.py", line 66, in espn_cfb_game_rosters
    team_rosters = helper_cfb_roster_items(items=items, summary_url=summary_url, **kwargs)
                   ^^^^^^^^^^^^^^^^^^^^^^^^^^^^^^^^^^^^^^^^^^^^^^^^^^^^^^^^^^^^^^^^^^^^^^^
  File "C:\Users\saiem\Documents\GitHub-Data\sdv-dev\cfbfastR-dev\cfbfastR-cfb-raw\.venv\Lib\site-packages\sportsdataverse\cfb\cfb_game_rosters.py", line 209, in helper_cfb_roster_items
    raise NoESPNDataError(f"NoESPNDataError: No roster data found for any team at {summary_url}")
sportsdataverse.errors.NoESPNDataError: NoESPNDataError: No roster data found for any team at https://sports.core.api.espn.com/v2/sports/football/leagues/college-football/events/313292393/competitions/313292393/competitors
2026-07-29 02:04:28,873 ERROR extra fetch failed: _rosters(313362226,)
Traceback (most recent call last):
  File "C:\Users\saiem\Documents\GitHub-Data\sdv-dev\cfbfastR-dev\cfbfastR-cfb-raw\python\_cfb_raw_utils.py", line 166, in _safe
    return fn(*args, **kwargs)
           ^^^^^^^^^^^^^^^^^^^
  File "C:\Users\saiem\Documents\GitHub-Data\sdv-dev\cfbfastR-dev\cfbfastR-cfb-raw\python\scrape_cfb_json.py", line 55, in _rosters
    return sdv.cfb.espn_cfb_game_rosters(
           ^^^^^^^^^^^^^^^^^^^^^^^^^^^^^^
  File "C:\Users\saiem\Documents\GitHub-Data\sdv-dev\cfbfastR-dev\cfbfastR-cfb-raw\.venv\Lib\site-packages\sportsdataverse\cfb\cfb_game_rosters.py", line 66, in espn_cfb_game_rosters
    team_rosters = helper_cfb_roster_items(items=items, summary_url=summary_url, **kwargs)
                   ^^^^^^^^^^^^^^^^^^^^^^^^^^^^^^^^^^^^^^^^^^^^^^^^^^^^^^^^^^^^^^^^^^^^^^^
  File "C:\Users\saiem\Documents\GitHub-Data\sdv-dev\cfbfastR-dev\cfbfastR-cfb-raw\.venv\Lib\site-packages\sportsdataverse\cfb\cfb_game_rosters.py", line 209, in helper_cfb_roster_items
    raise NoESPNDataError(f"NoESPNDataError: No roster data found for any team at {summary_url}")
sportsdataverse.errors.NoESPNDataError: NoESPNDataError: No roster data found for any team at https://sports.core.api.espn.com/v2/sports/football/leagues/college-football/events/313362226/competitions/313362226/competitors
2026-07-29 02:04:31,521 ERROR extra fetch failed: _rosters(313362032,)
Traceback (most recent call last):
  File "C:\Users\saiem\Documents\GitHub-Data\sdv-dev\cfbfastR-dev\cfbfastR-cfb-raw\python\_cfb_raw_utils.py", line 166, in _safe
    return fn(*args, **kwargs)
           ^^^^^^^^^^^^^^^^^^^
  File "C:\Users\saiem\Documents\GitHub-Data\sdv-dev\cfbfastR-dev\cfbfastR-cfb-raw\python\scrape_cfb_json.py", line 55, in _rosters
    return sdv.cfb.espn_cfb_game_rosters(
           ^^^^^^^^^^^^^^^^^^^^^^^^^^^^^^
  File "C:\Users\saiem\Documents\GitHub-Data\sdv-dev\cfbfastR-dev\cfbfastR-cfb-raw\.venv\Lib\site-packages\sportsdataverse\cfb\cfb_game_rosters.py", line 66, in espn_cfb_game_rosters
    team_rosters = helper_cfb_roster_items(items=items, summary_url=summary_url, **kwargs)
                   ^^^^^^^^^^^^^^^^^^^^^^^^^^^^^^^^^^^^^^^^^^^^^^^^^^^^^^^^^^^^^^^^^^^^^^^
  File "C:\Users\saiem\Documents\GitHub-Data\sdv-dev\cfbfastR-dev\cfbfastR-cfb-raw\.venv\Lib\site-packages\sportsdataverse\cfb\cfb_game_rosters.py", line 209, in helper_cfb_roster_items
    raise NoESPNDataError(f"NoESPNDataError: No roster data found for any team at {summary_url}")
sportsdataverse.errors.NoESPNDataError: NoESPNDataError: No roster data found for any team at https://sports.core.api.espn.com/v2/sports/football/leagues/college-football/events/313362032/competitions/313362032/competitors
2026-07-29 02:04:36,152 ERROR extra fetch failed: _rosters(320213147,)
Traceback (most recent call last):
  File "C:\Users\saiem\Documents\GitHub-Data\sdv-dev\cfbfastR-dev\cfbfastR-cfb-raw\python\_cfb_raw_utils.py", line 166, in _safe
    return fn(*args, **kwargs)
           ^^^^^^^^^^^^^^^^^^^
  File "C:\Users\saiem\Documents\GitHub-Data\sdv-dev\cfbfastR-dev\cfbfastR-cfb-raw\python\scrape_cfb_json.py", line 55, in _rosters
    return sdv.cfb.espn_cfb_game_rosters(
           ^^^^^^^^^^^^^^^^^^^^^^^^^^^^^^
  File "C:\Users\saiem\Documents\GitHub-Data\sdv-dev\cfbfastR-dev\cfbfastR-cfb-raw\.venv\Lib\site-packages\sportsdataverse\cfb\cfb_game_rosters.py", line 66, in espn_cfb_game_rosters
    team_rosters = helper_cfb_roster_items(items=items, summary_url=summary_url, **kwargs)
                   ^^^^^^^^^^^^^^^^^^^^^^^^^^^^^^^^^^^^^^^^^^^^^^^^^^^^^^^^^^^^^^^^^^^^^^^
  File "C:\Users\saiem\Documents\GitHub-Data\sdv-dev\cfbfastR-dev\cfbfastR-cfb-raw\.venv\Lib\site-packages\sportsdataverse\cfb\cfb_game_rosters.py", line 209, in helper_cfb_roster_items
    raise NoESPNDataError(f"NoESPNDataError: No roster data found for any team at {summary_url}")
sportsdataverse.errors.NoESPNDataError: NoESPNDataError: No roster data found for any team at https://sports.core.api.espn.com/v2/sports/football/leagues/college-football/events/320213147/competitions/320213147/competitors
2026-07-29 02:04:38,478 ERROR extra fetch failed: _rosters(320314227,)
Traceback (most recent call last):
  File "C:\Users\saiem\Documents\GitHub-Data\sdv-dev\cfbfastR-dev\cfbfastR-cfb-raw\python\_cfb_raw_utils.py", line 166, in _safe
    return fn(*args, **kwargs)
           ^^^^^^^^^^^^^^^^^^^
  File "C:\Users\saiem\Documents\GitHub-Data\sdv-dev\cfbfastR-dev\cfbfastR-cfb-raw\python\scrape_cfb_json.py", line 55, in _rosters
    return sdv.cfb.espn_cfb_game_rosters(
           ^^^^^^^^^^^^^^^^^^^^^^^^^^^^^^
  File "C:\Users\saiem\Documents\GitHub-Data\sdv-dev\cfbfastR-dev\cfbfastR-cfb-raw\.venv\Lib\site-packages\sportsdataverse\cfb\cfb_game_rosters.py", line 66, in espn_cfb_game_rosters
    team_rosters = helper_cfb_roster_items(items=items, summary_url=summary_url, **kwargs)
                   ^^^^^^^^^^^^^^^^^^^^^^^^^^^^^^^^^^^^^^^^^^^^^^^^^^^^^^^^^^^^^^^^^^^^^^^
  File "C:\Users\saiem\Documents\GitHub-Data\sdv-dev\cfbfastR-dev\cfbfastR-cfb-raw\.venv\Lib\site-packages\sportsdataverse\cfb\cfb_game_rosters.py", line 209, in helper_cfb_roster_items
    raise NoESPNDataError(f"NoESPNDataError: No roster data found for any team at {summary_url}")
sportsdataverse.errors.NoESPNDataError: NoESPNDataError: No roster data found for any team at https://sports.core.api.espn.com/v2/sports/football/leagues/college-football/events/320314227/competitions/320314227/competitors
2026-07-29 02:04:39,217 ERROR extra fetch failed: _rosters(320213194,)
Traceback (most recent call last):
  File "C:\Users\saiem\Documents\GitHub-Data\sdv-dev\cfbfastR-dev\cfbfastR-cfb-raw\python\_cfb_raw_utils.py", line 166, in _safe
    return fn(*args, **kwargs)
           ^^^^^^^^^^^^^^^^^^^
  File "C:\Users\saiem\Documents\GitHub-Data\sdv-dev\cfbfastR-dev\cfbfastR-cfb-raw\python\scrape_cfb_json.py", line 55, in _rosters
    return sdv.cfb.espn_cfb_game_rosters(
           ^^^^^^^^^^^^^^^^^^^^^^^^^^^^^^
  File "C:\Users\saiem\Documents\GitHub-Data\sdv-dev\cfbfastR-dev\cfbfastR-cfb-raw\.venv\Lib\site-packages\sportsdataverse\cfb\cfb_game_rosters.py", line 66, in espn_cfb_game_rosters
    team_rosters = helper_cfb_roster_items(items=items, summary_url=summary_url, **kwargs)
                   ^^^^^^^^^^^^^^^^^^^^^^^^^^^^^^^^^^^^^^^^^^^^^^^^^^^^^^^^^^^^^^^^^^^^^^^
  File "C:\Users\saiem\Documents\GitHub-Data\sdv-dev\cfbfastR-dev\cfbfastR-cfb-raw\.venv\Lib\site-packages\sportsdataverse\cfb\cfb_game_rosters.py", line 209, in helper_cfb_roster_items
    raise NoESPNDataError(f"NoESPNDataError: No roster data found for any team at {summary_url}")
sportsdataverse.errors.NoESPNDataError: NoESPNDataError: No roster data found for any team at https://sports.core.api.espn.com/v2/sports/football/leagues/college-football/events/320213194/competitions/320213194/competitors
2026-07-29 02:04:40,584 ERROR extra fetch failed: _rosters(320283144,)
Traceback (most recent call last):
  File "C:\Users\saiem\Documents\GitHub-Data\sdv-dev\cfbfastR-dev\cfbfastR-cfb-raw\python\_cfb_raw_utils.py", line 166, in _safe
    return fn(*args, **kwargs)
           ^^^^^^^^^^^^^^^^^^^
  File "C:\Users\saiem\Documents\GitHub-Data\sdv-dev\cfbfastR-dev\cfbfastR-cfb-raw\python\scrape_cfb_json.py", line 55, in _rosters
    return sdv.cfb.espn_cfb_game_rosters(
           ^^^^^^^^^^^^^^^^^^^^^^^^^^^^^^
  File "C:\Users\saiem\Documents\GitHub-Data\sdv-dev\cfbfastR-dev\cfbfastR-cfb-raw\.venv\Lib\site-packages\sportsdataverse\cfb\cfb_game_rosters.py", line 66, in espn_cfb_game_rosters
    team_rosters = helper_cfb_roster_items(items=items, summary_url=summary_url, **kwargs)
                   ^^^^^^^^^^^^^^^^^^^^^^^^^^^^^^^^^^^^^^^^^^^^^^^^^^^^^^^^^^^^^^^^^^^^^^^
  File "C:\Users\saiem\Documents\GitHub-Data\sdv-dev\cfbfastR-dev\cfbfastR-cfb-raw\.venv\Lib\site-packages\sportsdataverse\cfb\cfb_game_rosters.py", line 209, in helper_cfb_roster_items
    raise NoESPNDataError(f"NoESPNDataError: No roster data found for any team at {summary_url}")
sportsdataverse.errors.NoESPNDataError: NoESPNDataError: No roster data found for any team at https://sports.core.api.espn.com/v2/sports/football/leagues/college-football/events/320283144/competitions/320283144/competitors
