2026-06-13 19:24:31,213 INFO season 2014: 16 games to scrape (rescrape=False)
2026-06-13 19:24:44,053 ERROR extra fetch failed: _rosters(400752260,)
Traceback (most recent call last):
  File "C:\Users\saiem\Documents\GitHub-Data\sdv-dev\cfbfastR-dev\cfbfastR-cfb-raw\python\_cfb_raw_utils.py", line 93, in _safe
    return fn(*args, **kwargs)
           ^^^^^^^^^^^^^^^^^^^
  File "C:\Users\saiem\Documents\GitHub-Data\sdv-dev\cfbfastR-dev\cfbfastR-cfb-raw\python\scrape_cfb_json.py", line 31, in _rosters
    return sdv.cfb.espn_cfb_game_rosters(game_id=gid, return_as_pandas=True).to_dict("records")
           ^^^^^^^^^^^^^^^^^^^^^^^^^^^^^^^^^^^^^^^^^^^^^^^^^^^^^^^^^^^^^^^^^
  File "C:\Users\saiem\Documents\GitHub-Data\sdv-dev\cfbfastR-dev\cfbfastR-cfb-raw\.venv\Lib\site-packages\sportsdataverse\cfb\cfb_game_rosters.py", line 68, in espn_cfb_game_rosters
    teams_df = helper_cfb_team_items(items=items, **kwargs)
               ^^^^^^^^^^^^^^^^^^^^^^^^^^^^^^^^^^^^^^^^^^^^
  File "C:\Users\saiem\Documents\GitHub-Data\sdv-dev\cfbfastR-dev\cfbfastR-cfb-raw\.venv\Lib\site-packages\sportsdataverse\cfb\cfb_game_rosters.py", line 148, in helper_cfb_team_items
    teams_df.columns = [
    ^^^^^^^^^^^^^^^^
  File "C:\Users\saiem\Documents\GitHub-Data\sdv-dev\cfbfastR-dev\cfbfastR-cfb-raw\.venv\Lib\site-packages\polars\dataframe\frame.py", line 923, in columns
    self._df.set_column_names(names)
polars.exceptions.ShapeError: 16 column names provided for a DataFrame of width 13
2026-06-13 19:24:44,255 ERROR extra fetch failed: _rosters(400751619,)
Traceback (most recent call last):
  File "C:\Users\saiem\Documents\GitHub-Data\sdv-dev\cfbfastR-dev\cfbfastR-cfb-raw\python\_cfb_raw_utils.py", line 93, in _safe
    return fn(*args, **kwargs)
           ^^^^^^^^^^^^^^^^^^^
  File "C:\Users\saiem\Documents\GitHub-Data\sdv-dev\cfbfastR-dev\cfbfastR-cfb-raw\python\scrape_cfb_json.py", line 31, in _rosters
    return sdv.cfb.espn_cfb_game_rosters(game_id=gid, return_as_pandas=True).to_dict("records")
           ^^^^^^^^^^^^^^^^^^^^^^^^^^^^^^^^^^^^^^^^^^^^^^^^^^^^^^^^^^^^^^^^^
  File "C:\Users\saiem\Documents\GitHub-Data\sdv-dev\cfbfastR-dev\cfbfastR-cfb-raw\.venv\Lib\site-packages\sportsdataverse\cfb\cfb_game_rosters.py", line 68, in espn_cfb_game_rosters
    teams_df = helper_cfb_team_items(items=items, **kwargs)
               ^^^^^^^^^^^^^^^^^^^^^^^^^^^^^^^^^^^^^^^^^^^^
  File "C:\Users\saiem\Documents\GitHub-Data\sdv-dev\cfbfastR-dev\cfbfastR-cfb-raw\.venv\Lib\site-packages\sportsdataverse\cfb\cfb_game_rosters.py", line 148, in helper_cfb_team_items
    teams_df.columns = [
    ^^^^^^^^^^^^^^^^
  File "C:\Users\saiem\Documents\GitHub-Data\sdv-dev\cfbfastR-dev\cfbfastR-cfb-raw\.venv\Lib\site-packages\polars\dataframe\frame.py", line 923, in columns
    self._df.set_column_names(names)
polars.exceptions.ShapeError: 16 column names provided for a DataFrame of width 13
2026-06-13 19:24:45,013 ERROR extra fetch failed: _rosters(400753954,)
Traceback (most recent call last):
  File "C:\Users\saiem\Documents\GitHub-Data\sdv-dev\cfbfastR-dev\cfbfastR-cfb-raw\python\_cfb_raw_utils.py", line 93, in _safe
    return fn(*args, **kwargs)
           ^^^^^^^^^^^^^^^^^^^
  File "C:\Users\saiem\Documents\GitHub-Data\sdv-dev\cfbfastR-dev\cfbfastR-cfb-raw\python\scrape_cfb_json.py", line 31, in _rosters
    return sdv.cfb.espn_cfb_game_rosters(game_id=gid, return_as_pandas=True).to_dict("records")
           ^^^^^^^^^^^^^^^^^^^^^^^^^^^^^^^^^^^^^^^^^^^^^^^^^^^^^^^^^^^^^^^^^
  File "C:\Users\saiem\Documents\GitHub-Data\sdv-dev\cfbfastR-dev\cfbfastR-cfb-raw\.venv\Lib\site-packages\sportsdataverse\cfb\cfb_game_rosters.py", line 68, in espn_cfb_game_rosters
    teams_df = helper_cfb_team_items(items=items, **kwargs)
               ^^^^^^^^^^^^^^^^^^^^^^^^^^^^^^^^^^^^^^^^^^^^
  File "C:\Users\saiem\Documents\GitHub-Data\sdv-dev\cfbfastR-dev\cfbfastR-cfb-raw\.venv\Lib\site-packages\sportsdataverse\cfb\cfb_game_rosters.py", line 146, in helper_cfb_team_items
    teams_df = pl.concat([teams_df, team_row], how="vertical")
               ^^^^^^^^^^^^^^^^^^^^^^^^^^^^^^^^^^^^^^^^^^^^^^^
  File "C:\Users\saiem\Documents\GitHub-Data\sdv-dev\cfbfastR-dev\cfbfastR-cfb-raw\.venv\Lib\site-packages\polars\functions\eager.py", line 246, in concat
    out = wrap_df(plr.concat_df(elems))
                  ^^^^^^^^^^^^^^^^^^^^
polars.exceptions.ShapeError: unable to append to a DataFrame of width 13 with a DataFrame of width 14
2026-06-13 19:25:14,414 ERROR extra fetch failed: _rosters(400749714,)
Traceback (most recent call last):
  File "C:\Users\saiem\Documents\GitHub-Data\sdv-dev\cfbfastR-dev\cfbfastR-cfb-raw\python\_cfb_raw_utils.py", line 93, in _safe
    return fn(*args, **kwargs)
           ^^^^^^^^^^^^^^^^^^^
  File "C:\Users\saiem\Documents\GitHub-Data\sdv-dev\cfbfastR-dev\cfbfastR-cfb-raw\python\scrape_cfb_json.py", line 31, in _rosters
    return sdv.cfb.espn_cfb_game_rosters(game_id=gid, return_as_pandas=True).to_dict("records")
           ^^^^^^^^^^^^^^^^^^^^^^^^^^^^^^^^^^^^^^^^^^^^^^^^^^^^^^^^^^^^^^^^^
  File "C:\Users\saiem\Documents\GitHub-Data\sdv-dev\cfbfastR-dev\cfbfastR-cfb-raw\.venv\Lib\site-packages\sportsdataverse\cfb\cfb_game_rosters.py", line 66, in espn_cfb_game_rosters
    team_rosters = helper_cfb_roster_items(items=items, summary_url=summary_url, **kwargs)
                   ^^^^^^^^^^^^^^^^^^^^^^^^^^^^^^^^^^^^^^^^^^^^^^^^^^^^^^^^^^^^^^^^^^^^^^^
  File "C:\Users\saiem\Documents\GitHub-Data\sdv-dev\cfbfastR-dev\cfbfastR-cfb-raw\.venv\Lib\site-packages\sportsdataverse\cfb\cfb_game_rosters.py", line 200, in helper_cfb_roster_items
    team_roster_resp = download(team_roster_url, **kwargs)
                       ^^^^^^^^^^^^^^^^^^^^^^^^^^^^^^^^^^^
  File "C:\Users\saiem\Documents\GitHub-Data\sdv-dev\cfbfastR-dev\cfbfastR-cfb-raw\.venv\Lib\site-packages\sportsdataverse\dl_utils.py", line 171, in download
    raise last_exc
  File "C:\Users\saiem\Documents\GitHub-Data\sdv-dev\cfbfastR-dev\cfbfastR-cfb-raw\.venv\Lib\site-packages\sportsdataverse\dl_utils.py", line 121, in download
    response = no_espn_data(response)
               ^^^^^^^^^^^^^^^^^^^^^^
  File "C:\Users\saiem\Documents\GitHub-Data\sdv-dev\cfbfastR-dev\cfbfastR-cfb-raw\.venv\Lib\site-packages\sportsdataverse\errors.py", line 116, in no_espn_data
    raise NoESPNDataError(_format_404(response.url))
sportsdataverse.errors.NoESPNDataError: NoESPNDataError: No data found for https://sports.core.api.espn.com/v2/sports/football/leagues/college-football/events/400749714/competitions/400749714/competitors/2287/roster

  Suggestion: Try `find_event(date, league='cfb', home=..., away=...)` to look up a valid event_id.
  (from `sportsdataverse import find_team, find_athlete, find_event`)
2026-06-13 19:25:15,361 ERROR extra fetch failed: _rosters(400610179,)
Traceback (most recent call last):
  File "C:\Users\saiem\Documents\GitHub-Data\sdv-dev\cfbfastR-dev\cfbfastR-cfb-raw\python\_cfb_raw_utils.py", line 93, in _safe
    return fn(*args, **kwargs)
           ^^^^^^^^^^^^^^^^^^^
  File "C:\Users\saiem\Documents\GitHub-Data\sdv-dev\cfbfastR-dev\cfbfastR-cfb-raw\python\scrape_cfb_json.py", line 31, in _rosters
    return sdv.cfb.espn_cfb_game_rosters(game_id=gid, return_as_pandas=True).to_dict("records")
           ^^^^^^^^^^^^^^^^^^^^^^^^^^^^^^^^^^^^^^^^^^^^^^^^^^^^^^^^^^^^^^^^^
  File "C:\Users\saiem\Documents\GitHub-Data\sdv-dev\cfbfastR-dev\cfbfastR-cfb-raw\.venv\Lib\site-packages\sportsdataverse\cfb\cfb_game_rosters.py", line 66, in espn_cfb_game_rosters
    team_rosters = helper_cfb_roster_items(items=items, summary_url=summary_url, **kwargs)
                   ^^^^^^^^^^^^^^^^^^^^^^^^^^^^^^^^^^^^^^^^^^^^^^^^^^^^^^^^^^^^^^^^^^^^^^^
  File "C:\Users\saiem\Documents\GitHub-Data\sdv-dev\cfbfastR-dev\cfbfastR-cfb-raw\.venv\Lib\site-packages\sportsdataverse\cfb\cfb_game_rosters.py", line 200, in helper_cfb_roster_items
    team_roster_resp = download(team_roster_url, **kwargs)
                       ^^^^^^^^^^^^^^^^^^^^^^^^^^^^^^^^^^^
  File "C:\Users\saiem\Documents\GitHub-Data\sdv-dev\cfbfastR-dev\cfbfastR-cfb-raw\.venv\Lib\site-packages\sportsdataverse\dl_utils.py", line 171, in download
    raise last_exc
  File "C:\Users\saiem\Documents\GitHub-Data\sdv-dev\cfbfastR-dev\cfbfastR-cfb-raw\.venv\Lib\site-packages\sportsdataverse\dl_utils.py", line 121, in download
    response = no_espn_data(response)
               ^^^^^^^^^^^^^^^^^^^^^^
  File "C:\Users\saiem\Documents\GitHub-Data\sdv-dev\cfbfastR-dev\cfbfastR-cfb-raw\.venv\Lib\site-packages\sportsdataverse\errors.py", line 116, in no_espn_data
    raise NoESPNDataError(_format_404(response.url))
sportsdataverse.errors.NoESPNDataError: NoESPNDataError: No data found for https://sports.core.api.espn.com/v2/sports/football/leagues/college-football/events/400610179/competitions/400610179/competitors/239/roster

  Suggestion: Try `find_event(date, league='cfb', home=..., away=...)` to look up a valid event_id.
  (from `sportsdataverse import find_team, find_athlete, find_event`)
2026-06-13 19:25:16,673 ERROR extra fetch failed: _rosters(400610219,)
Traceback (most recent call last):
  File "C:\Users\saiem\Documents\GitHub-Data\sdv-dev\cfbfastR-dev\cfbfastR-cfb-raw\python\_cfb_raw_utils.py", line 93, in _safe
    return fn(*args, **kwargs)
           ^^^^^^^^^^^^^^^^^^^
  File "C:\Users\saiem\Documents\GitHub-Data\sdv-dev\cfbfastR-dev\cfbfastR-cfb-raw\python\scrape_cfb_json.py", line 31, in _rosters
    return sdv.cfb.espn_cfb_game_rosters(game_id=gid, return_as_pandas=True).to_dict("records")
           ^^^^^^^^^^^^^^^^^^^^^^^^^^^^^^^^^^^^^^^^^^^^^^^^^^^^^^^^^^^^^^^^^
  File "C:\Users\saiem\Documents\GitHub-Data\sdv-dev\cfbfastR-dev\cfbfastR-cfb-raw\.venv\Lib\site-packages\sportsdataverse\cfb\cfb_game_rosters.py", line 66, in espn_cfb_game_rosters
    team_rosters = helper_cfb_roster_items(items=items, summary_url=summary_url, **kwargs)
                   ^^^^^^^^^^^^^^^^^^^^^^^^^^^^^^^^^^^^^^^^^^^^^^^^^^^^^^^^^^^^^^^^^^^^^^^
  File "C:\Users\saiem\Documents\GitHub-Data\sdv-dev\cfbfastR-dev\cfbfastR-cfb-raw\.venv\Lib\site-packages\sportsdataverse\cfb\cfb_game_rosters.py", line 200, in helper_cfb_roster_items
    team_roster_resp = download(team_roster_url, **kwargs)
                       ^^^^^^^^^^^^^^^^^^^^^^^^^^^^^^^^^^^
  File "C:\Users\saiem\Documents\GitHub-Data\sdv-dev\cfbfastR-dev\cfbfastR-cfb-raw\.venv\Lib\site-packages\sportsdataverse\dl_utils.py", line 171, in download
    raise last_exc
  File "C:\Users\saiem\Documents\GitHub-Data\sdv-dev\cfbfastR-dev\cfbfastR-cfb-raw\.venv\Lib\site-packages\sportsdataverse\dl_utils.py", line 121, in download
    response = no_espn_data(response)
               ^^^^^^^^^^^^^^^^^^^^^^
  File "C:\Users\saiem\Documents\GitHub-Data\sdv-dev\cfbfastR-dev\cfbfastR-cfb-raw\.venv\Lib\site-packages\sportsdataverse\errors.py", line 116, in no_espn_data
    raise NoESPNDataError(_format_404(response.url))
sportsdataverse.errors.NoESPNDataError: NoESPNDataError: No data found for https://sports.core.api.espn.com/v2/sports/football/leagues/college-football/events/400610219/competitions/400610219/competitors/275/roster

  Suggestion: Try `find_event(date, league='cfb', home=..., away=...)` to look up a valid event_id.
  (from `sportsdataverse import find_team, find_athlete, find_event`)
2026-06-14 13:31:00,622 INFO season 2014: 498 games to scrape (rescrape=True)
2026-06-14 13:32:03,450 ERROR extra fetch failed: _rosters(400610179,)
Traceback (most recent call last):
  File "C:\Users\saiem\Documents\GitHub-Data\sdv-dev\cfbfastR-dev\cfbfastR-cfb-raw\python\_cfb_raw_utils.py", line 93, in _safe
    return fn(*args, **kwargs)
           ^^^^^^^^^^^^^^^^^^^
  File "C:\Users\saiem\Documents\GitHub-Data\sdv-dev\cfbfastR-dev\cfbfastR-cfb-raw\python\scrape_cfb_json.py", line 31, in _rosters
    return sdv.cfb.espn_cfb_game_rosters(game_id=gid, return_as_pandas=True).to_dict("records")
           ^^^^^^^^^^^^^^^^^^^^^^^^^^^^^^^^^^^^^^^^^^^^^^^^^^^^^^^^^^^^^^^^^
  File "C:\Users\saiem\Documents\GitHub-Data\sdv-dev\cfbfastR-dev\cfbfastR-cfb-raw\.venv\Lib\site-packages\sportsdataverse\cfb\cfb_game_rosters.py", line 66, in espn_cfb_game_rosters
    team_rosters = helper_cfb_roster_items(items=items, summary_url=summary_url, **kwargs)
                   ^^^^^^^^^^^^^^^^^^^^^^^^^^^^^^^^^^^^^^^^^^^^^^^^^^^^^^^^^^^^^^^^^^^^^^^
  File "C:\Users\saiem\Documents\GitHub-Data\sdv-dev\cfbfastR-dev\cfbfastR-cfb-raw\.venv\Lib\site-packages\sportsdataverse\cfb\cfb_game_rosters.py", line 183, in helper_cfb_roster_items
    team_roster_resp = download(team_roster_url, **kwargs)
                       ^^^^^^^^^^^^^^^^^^^^^^^^^^^^^^^^^^^
  File "C:\Users\saiem\Documents\GitHub-Data\sdv-dev\cfbfastR-dev\cfbfastR-cfb-raw\.venv\Lib\site-packages\sportsdataverse\dl_utils.py", line 251, in download
    raise last_exc
  File "C:\Users\saiem\Documents\GitHub-Data\sdv-dev\cfbfastR-dev\cfbfastR-cfb-raw\.venv\Lib\site-packages\sportsdataverse\dl_utils.py", line 201, in download
    response = no_espn_data(response)
               ^^^^^^^^^^^^^^^^^^^^^^
  File "C:\Users\saiem\Documents\GitHub-Data\sdv-dev\cfbfastR-dev\cfbfastR-cfb-raw\.venv\Lib\site-packages\sportsdataverse\errors.py", line 140, in no_espn_data
    raise NoESPNDataError(_format_404(response.url))
sportsdataverse.errors.NoESPNDataError: NoESPNDataError: No data found for https://sports.core.api.espn.com/v2/sports/football/leagues/college-football/events/400610179/competitions/400610179/competitors/239/roster

  Suggestion: Try `find_event(date, league='cfb', home=..., away=...)` to look up a valid event_id.
  (from `sportsdataverse import find_team, find_athlete, find_event`)
2026-06-14 13:32:23,404 ERROR extra fetch failed: _rosters(400610219,)
Traceback (most recent call last):
  File "C:\Users\saiem\Documents\GitHub-Data\sdv-dev\cfbfastR-dev\cfbfastR-cfb-raw\python\_cfb_raw_utils.py", line 93, in _safe
    return fn(*args, **kwargs)
           ^^^^^^^^^^^^^^^^^^^
  File "C:\Users\saiem\Documents\GitHub-Data\sdv-dev\cfbfastR-dev\cfbfastR-cfb-raw\python\scrape_cfb_json.py", line 31, in _rosters
    return sdv.cfb.espn_cfb_game_rosters(game_id=gid, return_as_pandas=True).to_dict("records")
           ^^^^^^^^^^^^^^^^^^^^^^^^^^^^^^^^^^^^^^^^^^^^^^^^^^^^^^^^^^^^^^^^^
  File "C:\Users\saiem\Documents\GitHub-Data\sdv-dev\cfbfastR-dev\cfbfastR-cfb-raw\.venv\Lib\site-packages\sportsdataverse\cfb\cfb_game_rosters.py", line 66, in espn_cfb_game_rosters
    team_rosters = helper_cfb_roster_items(items=items, summary_url=summary_url, **kwargs)
                   ^^^^^^^^^^^^^^^^^^^^^^^^^^^^^^^^^^^^^^^^^^^^^^^^^^^^^^^^^^^^^^^^^^^^^^^
  File "C:\Users\saiem\Documents\GitHub-Data\sdv-dev\cfbfastR-dev\cfbfastR-cfb-raw\.venv\Lib\site-packages\sportsdataverse\cfb\cfb_game_rosters.py", line 183, in helper_cfb_roster_items
    team_roster_resp = download(team_roster_url, **kwargs)
                       ^^^^^^^^^^^^^^^^^^^^^^^^^^^^^^^^^^^
  File "C:\Users\saiem\Documents\GitHub-Data\sdv-dev\cfbfastR-dev\cfbfastR-cfb-raw\.venv\Lib\site-packages\sportsdataverse\dl_utils.py", line 251, in download
    raise last_exc
  File "C:\Users\saiem\Documents\GitHub-Data\sdv-dev\cfbfastR-dev\cfbfastR-cfb-raw\.venv\Lib\site-packages\sportsdataverse\dl_utils.py", line 201, in download
    response = no_espn_data(response)
               ^^^^^^^^^^^^^^^^^^^^^^
  File "C:\Users\saiem\Documents\GitHub-Data\sdv-dev\cfbfastR-dev\cfbfastR-cfb-raw\.venv\Lib\site-packages\sportsdataverse\errors.py", line 140, in no_espn_data
    raise NoESPNDataError(_format_404(response.url))
sportsdataverse.errors.NoESPNDataError: NoESPNDataError: No data found for https://sports.core.api.espn.com/v2/sports/football/leagues/college-football/events/400610219/competitions/400610219/competitors/275/roster

  Suggestion: Try `find_event(date, league='cfb', home=..., away=...)` to look up a valid event_id.
  (from `sportsdataverse import find_team, find_athlete, find_event`)
2026-06-14 13:32:46,035 ERROR extra fetch failed: _rosters(400752260,)
Traceback (most recent call last):
  File "C:\Users\saiem\Documents\GitHub-Data\sdv-dev\cfbfastR-dev\cfbfastR-cfb-raw\python\_cfb_raw_utils.py", line 93, in _safe
    return fn(*args, **kwargs)
           ^^^^^^^^^^^^^^^^^^^
  File "C:\Users\saiem\Documents\GitHub-Data\sdv-dev\cfbfastR-dev\cfbfastR-cfb-raw\python\scrape_cfb_json.py", line 31, in _rosters
    return sdv.cfb.espn_cfb_game_rosters(game_id=gid, return_as_pandas=True).to_dict("records")
           ^^^^^^^^^^^^^^^^^^^^^^^^^^^^^^^^^^^^^^^^^^^^^^^^^^^^^^^^^^^^^^^^^
  File "C:\Users\saiem\Documents\GitHub-Data\sdv-dev\cfbfastR-dev\cfbfastR-cfb-raw\.venv\Lib\site-packages\sportsdataverse\cfb\cfb_game_rosters.py", line 68, in espn_cfb_game_rosters
    teams_df = helper_cfb_team_items(items=items, **kwargs)
               ^^^^^^^^^^^^^^^^^^^^^^^^^^^^^^^^^^^^^^^^^^^^
  File "C:\Users\saiem\Documents\GitHub-Data\sdv-dev\cfbfastR-dev\cfbfastR-cfb-raw\.venv\Lib\site-packages\sportsdataverse\cfb\cfb_game_rosters.py", line 151, in helper_cfb_team_items
    for row in range(len(teams_df["logos"])):
                         ~~~~~~~~^^^^^^^^^
  File "C:\Users\saiem\Documents\GitHub-Data\sdv-dev\cfbfastR-dev\cfbfastR-cfb-raw\.venv\Lib\site-packages\polars\dataframe\frame.py", line 1441, in __getitem__
    return get_df_item_by_key(self, key)
           ^^^^^^^^^^^^^^^^^^^^^^^^^^^^^
  File "C:\Users\saiem\Documents\GitHub-Data\sdv-dev\cfbfastR-dev\cfbfastR-cfb-raw\.venv\Lib\site-packages\polars\_utils\getitem.py", line 163, in get_df_item_by_key
    return df.get_column(key)
           ^^^^^^^^^^^^^^^^^^
  File "C:\Users\saiem\Documents\GitHub-Data\sdv-dev\cfbfastR-dev\cfbfastR-cfb-raw\.venv\Lib\site-packages\polars\dataframe\frame.py", line 9289, in get_column
    return wrap_s(self._df.get_column(name))
                  ^^^^^^^^^^^^^^^^^^^^^^^^^
polars.exceptions.ColumnNotFoundError: "logos" not found
2026-06-14 13:32:50,309 ERROR extra fetch failed: _rosters(400753954,)
Traceback (most recent call last):
  File "C:\Users\saiem\Documents\GitHub-Data\sdv-dev\cfbfastR-dev\cfbfastR-cfb-raw\python\_cfb_raw_utils.py", line 93, in _safe
    return fn(*args, **kwargs)
           ^^^^^^^^^^^^^^^^^^^
  File "C:\Users\saiem\Documents\GitHub-Data\sdv-dev\cfbfastR-dev\cfbfastR-cfb-raw\python\scrape_cfb_json.py", line 31, in _rosters
    return sdv.cfb.espn_cfb_game_rosters(game_id=gid, return_as_pandas=True).to_dict("records")
           ^^^^^^^^^^^^^^^^^^^^^^^^^^^^^^^^^^^^^^^^^^^^^^^^^^^^^^^^^^^^^^^^^
  File "C:\Users\saiem\Documents\GitHub-Data\sdv-dev\cfbfastR-dev\cfbfastR-cfb-raw\.venv\Lib\site-packages\sportsdataverse\cfb\cfb_game_rosters.py", line 68, in espn_cfb_game_rosters
    teams_df = helper_cfb_team_items(items=items, **kwargs)
               ^^^^^^^^^^^^^^^^^^^^^^^^^^^^^^^^^^^^^^^^^^^^
  File "C:\Users\saiem\Documents\GitHub-Data\sdv-dev\cfbfastR-dev\cfbfastR-cfb-raw\.venv\Lib\site-packages\sportsdataverse\cfb\cfb_game_rosters.py", line 151, in helper_cfb_team_items
    for row in range(len(teams_df["logos"])):
                         ~~~~~~~~^^^^^^^^^
  File "C:\Users\saiem\Documents\GitHub-Data\sdv-dev\cfbfastR-dev\cfbfastR-cfb-raw\.venv\Lib\site-packages\polars\dataframe\frame.py", line 1441, in __getitem__
    return get_df_item_by_key(self, key)
           ^^^^^^^^^^^^^^^^^^^^^^^^^^^^^
  File "C:\Users\saiem\Documents\GitHub-Data\sdv-dev\cfbfastR-dev\cfbfastR-cfb-raw\.venv\Lib\site-packages\polars\_utils\getitem.py", line 163, in get_df_item_by_key
    return df.get_column(key)
           ^^^^^^^^^^^^^^^^^^
  File "C:\Users\saiem\Documents\GitHub-Data\sdv-dev\cfbfastR-dev\cfbfastR-cfb-raw\.venv\Lib\site-packages\polars\dataframe\frame.py", line 9289, in get_column
    return wrap_s(self._df.get_column(name))
                  ^^^^^^^^^^^^^^^^^^^^^^^^^
polars.exceptions.ColumnNotFoundError: "logos" not found
2026-06-14 13:32:53,662 ERROR extra fetch failed: _rosters(400751619,)
Traceback (most recent call last):
  File "C:\Users\saiem\Documents\GitHub-Data\sdv-dev\cfbfastR-dev\cfbfastR-cfb-raw\python\_cfb_raw_utils.py", line 93, in _safe
    return fn(*args, **kwargs)
           ^^^^^^^^^^^^^^^^^^^
  File "C:\Users\saiem\Documents\GitHub-Data\sdv-dev\cfbfastR-dev\cfbfastR-cfb-raw\python\scrape_cfb_json.py", line 31, in _rosters
    return sdv.cfb.espn_cfb_game_rosters(game_id=gid, return_as_pandas=True).to_dict("records")
           ^^^^^^^^^^^^^^^^^^^^^^^^^^^^^^^^^^^^^^^^^^^^^^^^^^^^^^^^^^^^^^^^^
  File "C:\Users\saiem\Documents\GitHub-Data\sdv-dev\cfbfastR-dev\cfbfastR-cfb-raw\.venv\Lib\site-packages\sportsdataverse\cfb\cfb_game_rosters.py", line 68, in espn_cfb_game_rosters
    teams_df = helper_cfb_team_items(items=items, **kwargs)
               ^^^^^^^^^^^^^^^^^^^^^^^^^^^^^^^^^^^^^^^^^^^^
  File "C:\Users\saiem\Documents\GitHub-Data\sdv-dev\cfbfastR-dev\cfbfastR-cfb-raw\.venv\Lib\site-packages\sportsdataverse\cfb\cfb_game_rosters.py", line 151, in helper_cfb_team_items
    for row in range(len(teams_df["logos"])):
                         ~~~~~~~~^^^^^^^^^
  File "C:\Users\saiem\Documents\GitHub-Data\sdv-dev\cfbfastR-dev\cfbfastR-cfb-raw\.venv\Lib\site-packages\polars\dataframe\frame.py", line 1441, in __getitem__
    return get_df_item_by_key(self, key)
           ^^^^^^^^^^^^^^^^^^^^^^^^^^^^^
  File "C:\Users\saiem\Documents\GitHub-Data\sdv-dev\cfbfastR-dev\cfbfastR-cfb-raw\.venv\Lib\site-packages\polars\_utils\getitem.py", line 163, in get_df_item_by_key
    return df.get_column(key)
           ^^^^^^^^^^^^^^^^^^
  File "C:\Users\saiem\Documents\GitHub-Data\sdv-dev\cfbfastR-dev\cfbfastR-cfb-raw\.venv\Lib\site-packages\polars\dataframe\frame.py", line 9289, in get_column
    return wrap_s(self._df.get_column(name))
                  ^^^^^^^^^^^^^^^^^^^^^^^^^
polars.exceptions.ColumnNotFoundError: "logos" not found
2026-06-14 13:33:19,630 ERROR extra fetch failed: _rosters(400749714,)
Traceback (most recent call last):
  File "C:\Users\saiem\Documents\GitHub-Data\sdv-dev\cfbfastR-dev\cfbfastR-cfb-raw\python\_cfb_raw_utils.py", line 93, in _safe
    return fn(*args, **kwargs)
           ^^^^^^^^^^^^^^^^^^^
  File "C:\Users\saiem\Documents\GitHub-Data\sdv-dev\cfbfastR-dev\cfbfastR-cfb-raw\python\scrape_cfb_json.py", line 31, in _rosters
    return sdv.cfb.espn_cfb_game_rosters(game_id=gid, return_as_pandas=True).to_dict("records")
           ^^^^^^^^^^^^^^^^^^^^^^^^^^^^^^^^^^^^^^^^^^^^^^^^^^^^^^^^^^^^^^^^^
  File "C:\Users\saiem\Documents\GitHub-Data\sdv-dev\cfbfastR-dev\cfbfastR-cfb-raw\.venv\Lib\site-packages\sportsdataverse\cfb\cfb_game_rosters.py", line 66, in espn_cfb_game_rosters
    team_rosters = helper_cfb_roster_items(items=items, summary_url=summary_url, **kwargs)
                   ^^^^^^^^^^^^^^^^^^^^^^^^^^^^^^^^^^^^^^^^^^^^^^^^^^^^^^^^^^^^^^^^^^^^^^^
  File "C:\Users\saiem\Documents\GitHub-Data\sdv-dev\cfbfastR-dev\cfbfastR-cfb-raw\.venv\Lib\site-packages\sportsdataverse\cfb\cfb_game_rosters.py", line 183, in helper_cfb_roster_items
    team_roster_resp = download(team_roster_url, **kwargs)
                       ^^^^^^^^^^^^^^^^^^^^^^^^^^^^^^^^^^^
  File "C:\Users\saiem\Documents\GitHub-Data\sdv-dev\cfbfastR-dev\cfbfastR-cfb-raw\.venv\Lib\site-packages\sportsdataverse\dl_utils.py", line 251, in download
    raise last_exc
  File "C:\Users\saiem\Documents\GitHub-Data\sdv-dev\cfbfastR-dev\cfbfastR-cfb-raw\.venv\Lib\site-packages\sportsdataverse\dl_utils.py", line 201, in download
    response = no_espn_data(response)
               ^^^^^^^^^^^^^^^^^^^^^^
  File "C:\Users\saiem\Documents\GitHub-Data\sdv-dev\cfbfastR-dev\cfbfastR-cfb-raw\.venv\Lib\site-packages\sportsdataverse\errors.py", line 140, in no_espn_data
    raise NoESPNDataError(_format_404(response.url))
sportsdataverse.errors.NoESPNDataError: NoESPNDataError: No data found for https://sports.core.api.espn.com/v2/sports/football/leagues/college-football/events/400749714/competitions/400749714/competitors/2287/roster

  Suggestion: Try `find_event(date, league='cfb', home=..., away=...)` to look up a valid event_id.
  (from `sportsdataverse import find_team, find_athlete, find_event`)
2026-06-14 13:33:48,783 ERROR extra fetch failed: _rosters(400548090,)
Traceback (most recent call last):
  File "C:\Users\saiem\Documents\GitHub-Data\sdv-dev\cfbfastR-dev\cfbfastR-cfb-raw\python\_cfb_raw_utils.py", line 93, in _safe
    return fn(*args, **kwargs)
           ^^^^^^^^^^^^^^^^^^^
  File "C:\Users\saiem\Documents\GitHub-Data\sdv-dev\cfbfastR-dev\cfbfastR-cfb-raw\python\scrape_cfb_json.py", line 31, in _rosters
    return sdv.cfb.espn_cfb_game_rosters(game_id=gid, return_as_pandas=True).to_dict("records")
           ^^^^^^^^^^^^^^^^^^^^^^^^^^^^^^^^^^^^^^^^^^^^^^^^^^^^^^^^^^^^^^^^^
  File "C:\Users\saiem\Documents\GitHub-Data\sdv-dev\cfbfastR-dev\cfbfastR-cfb-raw\.venv\Lib\site-packages\sportsdataverse\cfb\cfb_game_rosters.py", line 66, in espn_cfb_game_rosters
    team_rosters = helper_cfb_roster_items(items=items, summary_url=summary_url, **kwargs)
                   ^^^^^^^^^^^^^^^^^^^^^^^^^^^^^^^^^^^^^^^^^^^^^^^^^^^^^^^^^^^^^^^^^^^^^^^
  File "C:\Users\saiem\Documents\GitHub-Data\sdv-dev\cfbfastR-dev\cfbfastR-cfb-raw\.venv\Lib\site-packages\sportsdataverse\cfb\cfb_game_rosters.py", line 188, in helper_cfb_roster_items
    game_rosters = pl.concat([game_rosters, team_roster], how="vertical")
                   ^^^^^^^^^^^^^^^^^^^^^^^^^^^^^^^^^^^^^^^^^^^^^^^^^^^^^^
  File "C:\Users\saiem\Documents\GitHub-Data\sdv-dev\cfbfastR-dev\cfbfastR-cfb-raw\.venv\Lib\site-packages\polars\functions\eager.py", line 246, in concat
    out = wrap_df(plr.concat_df(elems))
                  ^^^^^^^^^^^^^^^^^^^^
polars.exceptions.ShapeError: unable to append to a DataFrame of width 12 with a DataFrame of width 11
2026-06-14 13:33:56,566 ERROR extra fetch failed: _rosters(400557454,)
Traceback (most recent call last):
  File "C:\Users\saiem\Documents\GitHub-Data\sdv-dev\cfbfastR-dev\cfbfastR-cfb-raw\python\_cfb_raw_utils.py", line 93, in _safe
    return fn(*args, **kwargs)
           ^^^^^^^^^^^^^^^^^^^
  File "C:\Users\saiem\Documents\GitHub-Data\sdv-dev\cfbfastR-dev\cfbfastR-cfb-raw\python\scrape_cfb_json.py", line 31, in _rosters
    return sdv.cfb.espn_cfb_game_rosters(game_id=gid, return_as_pandas=True).to_dict("records")
           ^^^^^^^^^^^^^^^^^^^^^^^^^^^^^^^^^^^^^^^^^^^^^^^^^^^^^^^^^^^^^^^^^
  File "C:\Users\saiem\Documents\GitHub-Data\sdv-dev\cfbfastR-dev\cfbfastR-cfb-raw\.venv\Lib\site-packages\sportsdataverse\cfb\cfb_game_rosters.py", line 66, in espn_cfb_game_rosters
    team_rosters = helper_cfb_roster_items(items=items, summary_url=summary_url, **kwargs)
                   ^^^^^^^^^^^^^^^^^^^^^^^^^^^^^^^^^^^^^^^^^^^^^^^^^^^^^^^^^^^^^^^^^^^^^^^
  File "C:\Users\saiem\Documents\GitHub-Data\sdv-dev\cfbfastR-dev\cfbfastR-cfb-raw\.venv\Lib\site-packages\sportsdataverse\cfb\cfb_game_rosters.py", line 188, in helper_cfb_roster_items
    game_rosters = pl.concat([game_rosters, team_roster], how="vertical")
                   ^^^^^^^^^^^^^^^^^^^^^^^^^^^^^^^^^^^^^^^^^^^^^^^^^^^^^^
  File "C:\Users\saiem\Documents\GitHub-Data\sdv-dev\cfbfastR-dev\cfbfastR-cfb-raw\.venv\Lib\site-packages\polars\functions\eager.py", line 246, in concat
    out = wrap_df(plr.concat_df(elems))
                  ^^^^^^^^^^^^^^^^^^^^
polars.exceptions.ShapeError: unable to append to a DataFrame of width 11 with a DataFrame of width 12
2026-06-14 13:38:30,693 ERROR extra fetch failed: _rosters(400547904,)
Traceback (most recent call last):
  File "C:\Users\saiem\Documents\GitHub-Data\sdv-dev\cfbfastR-dev\cfbfastR-cfb-raw\python\_cfb_raw_utils.py", line 93, in _safe
    return fn(*args, **kwargs)
           ^^^^^^^^^^^^^^^^^^^
  File "C:\Users\saiem\Documents\GitHub-Data\sdv-dev\cfbfastR-dev\cfbfastR-cfb-raw\python\scrape_cfb_json.py", line 31, in _rosters
    return sdv.cfb.espn_cfb_game_rosters(game_id=gid, return_as_pandas=True).to_dict("records")
           ^^^^^^^^^^^^^^^^^^^^^^^^^^^^^^^^^^^^^^^^^^^^^^^^^^^^^^^^^^^^^^^^^
  File "C:\Users\saiem\Documents\GitHub-Data\sdv-dev\cfbfastR-dev\cfbfastR-cfb-raw\.venv\Lib\site-packages\sportsdataverse\cfb\cfb_game_rosters.py", line 66, in espn_cfb_game_rosters
    team_rosters = helper_cfb_roster_items(items=items, summary_url=summary_url, **kwargs)
                   ^^^^^^^^^^^^^^^^^^^^^^^^^^^^^^^^^^^^^^^^^^^^^^^^^^^^^^^^^^^^^^^^^^^^^^^
  File "C:\Users\saiem\Documents\GitHub-Data\sdv-dev\cfbfastR-dev\cfbfastR-cfb-raw\.venv\Lib\site-packages\sportsdataverse\cfb\cfb_game_rosters.py", line 183, in helper_cfb_roster_items
    team_roster_resp = download(team_roster_url, **kwargs)
                       ^^^^^^^^^^^^^^^^^^^^^^^^^^^^^^^^^^^
  File "C:\Users\saiem\Documents\GitHub-Data\sdv-dev\cfbfastR-dev\cfbfastR-cfb-raw\.venv\Lib\site-packages\sportsdataverse\dl_utils.py", line 251, in download
    raise last_exc
  File "C:\Users\saiem\Documents\GitHub-Data\sdv-dev\cfbfastR-dev\cfbfastR-cfb-raw\.venv\Lib\site-packages\sportsdataverse\dl_utils.py", line 201, in download
    response = no_espn_data(response)
               ^^^^^^^^^^^^^^^^^^^^^^
  File "C:\Users\saiem\Documents\GitHub-Data\sdv-dev\cfbfastR-dev\cfbfastR-cfb-raw\.venv\Lib\site-packages\sportsdataverse\errors.py", line 140, in no_espn_data
    raise NoESPNDataError(_format_404(response.url))
sportsdataverse.errors.NoESPNDataError: NoESPNDataError: No data found for https://sports.core.api.espn.com/v2/sports/football/leagues/college-football/events/400547904/competitions/400547904/competitors/356/roster

  Suggestion: Try `find_event(date, league='cfb', home=..., away=...)` to look up a valid event_id.
  (from `sportsdataverse import find_team, find_athlete, find_event`)
2026-06-14 13:40:02,447 ERROR extra fetch failed: _rosters(400547728,)
Traceback (most recent call last):
  File "C:\Users\saiem\Documents\GitHub-Data\sdv-dev\cfbfastR-dev\cfbfastR-cfb-raw\python\_cfb_raw_utils.py", line 93, in _safe
    return fn(*args, **kwargs)
           ^^^^^^^^^^^^^^^^^^^
  File "C:\Users\saiem\Documents\GitHub-Data\sdv-dev\cfbfastR-dev\cfbfastR-cfb-raw\python\scrape_cfb_json.py", line 31, in _rosters
    return sdv.cfb.espn_cfb_game_rosters(game_id=gid, return_as_pandas=True).to_dict("records")
           ^^^^^^^^^^^^^^^^^^^^^^^^^^^^^^^^^^^^^^^^^^^^^^^^^^^^^^^^^^^^^^^^^
  File "C:\Users\saiem\Documents\GitHub-Data\sdv-dev\cfbfastR-dev\cfbfastR-cfb-raw\.venv\Lib\site-packages\sportsdataverse\cfb\cfb_game_rosters.py", line 66, in espn_cfb_game_rosters
    team_rosters = helper_cfb_roster_items(items=items, summary_url=summary_url, **kwargs)
                   ^^^^^^^^^^^^^^^^^^^^^^^^^^^^^^^^^^^^^^^^^^^^^^^^^^^^^^^^^^^^^^^^^^^^^^^
  File "C:\Users\saiem\Documents\GitHub-Data\sdv-dev\cfbfastR-dev\cfbfastR-cfb-raw\.venv\Lib\site-packages\sportsdataverse\cfb\cfb_game_rosters.py", line 183, in helper_cfb_roster_items
    team_roster_resp = download(team_roster_url, **kwargs)
                       ^^^^^^^^^^^^^^^^^^^^^^^^^^^^^^^^^^^
  File "C:\Users\saiem\Documents\GitHub-Data\sdv-dev\cfbfastR-dev\cfbfastR-cfb-raw\.venv\Lib\site-packages\sportsdataverse\dl_utils.py", line 251, in download
    raise last_exc
  File "C:\Users\saiem\Documents\GitHub-Data\sdv-dev\cfbfastR-dev\cfbfastR-cfb-raw\.venv\Lib\site-packages\sportsdataverse\dl_utils.py", line 201, in download
    response = no_espn_data(response)
               ^^^^^^^^^^^^^^^^^^^^^^
  File "C:\Users\saiem\Documents\GitHub-Data\sdv-dev\cfbfastR-dev\cfbfastR-cfb-raw\.venv\Lib\site-packages\sportsdataverse\errors.py", line 140, in no_espn_data
    raise NoESPNDataError(_format_404(response.url))
sportsdataverse.errors.NoESPNDataError: NoESPNDataError: No data found for https://sports.core.api.espn.com/v2/sports/football/leagues/college-football/events/400547728/competitions/400547728/competitors/113/roster

  Suggestion: Try `find_event(date, league='cfb', home=..., away=...)` to look up a valid event_id.
  (from `sportsdataverse import find_team, find_athlete, find_event`)
2026-06-14 13:41:50,273 ERROR extra fetch failed: _rosters(400547646,)
Traceback (most recent call last):
  File "C:\Users\saiem\Documents\GitHub-Data\sdv-dev\cfbfastR-dev\cfbfastR-cfb-raw\python\_cfb_raw_utils.py", line 93, in _safe
    return fn(*args, **kwargs)
           ^^^^^^^^^^^^^^^^^^^
  File "C:\Users\saiem\Documents\GitHub-Data\sdv-dev\cfbfastR-dev\cfbfastR-cfb-raw\python\scrape_cfb_json.py", line 31, in _rosters
    return sdv.cfb.espn_cfb_game_rosters(game_id=gid, return_as_pandas=True).to_dict("records")
           ^^^^^^^^^^^^^^^^^^^^^^^^^^^^^^^^^^^^^^^^^^^^^^^^^^^^^^^^^^^^^^^^^
  File "C:\Users\saiem\Documents\GitHub-Data\sdv-dev\cfbfastR-dev\cfbfastR-cfb-raw\.venv\Lib\site-packages\sportsdataverse\cfb\cfb_game_rosters.py", line 66, in espn_cfb_game_rosters
    team_rosters = helper_cfb_roster_items(items=items, summary_url=summary_url, **kwargs)
                   ^^^^^^^^^^^^^^^^^^^^^^^^^^^^^^^^^^^^^^^^^^^^^^^^^^^^^^^^^^^^^^^^^^^^^^^
  File "C:\Users\saiem\Documents\GitHub-Data\sdv-dev\cfbfastR-dev\cfbfastR-cfb-raw\.venv\Lib\site-packages\sportsdataverse\cfb\cfb_game_rosters.py", line 183, in helper_cfb_roster_items
    team_roster_resp = download(team_roster_url, **kwargs)
                       ^^^^^^^^^^^^^^^^^^^^^^^^^^^^^^^^^^^
  File "C:\Users\saiem\Documents\GitHub-Data\sdv-dev\cfbfastR-dev\cfbfastR-cfb-raw\.venv\Lib\site-packages\sportsdataverse\dl_utils.py", line 251, in download
    raise last_exc
  File "C:\Users\saiem\Documents\GitHub-Data\sdv-dev\cfbfastR-dev\cfbfastR-cfb-raw\.venv\Lib\site-packages\sportsdataverse\dl_utils.py", line 201, in download
    response = no_espn_data(response)
               ^^^^^^^^^^^^^^^^^^^^^^
  File "C:\Users\saiem\Documents\GitHub-Data\sdv-dev\cfbfastR-dev\cfbfastR-cfb-raw\.venv\Lib\site-packages\sportsdataverse\errors.py", line 140, in no_espn_data
    raise NoESPNDataError(_format_404(response.url))
sportsdataverse.errors.NoESPNDataError: NoESPNDataError: No data found for https://sports.core.api.espn.com/v2/sports/football/leagues/college-football/events/400547646/competitions/400547646/competitors/58/roster

  Suggestion: Try `find_event(date, league='cfb', home=..., away=...)` to look up a valid event_id.
  (from `sportsdataverse import find_team, find_athlete, find_event`)
2026-06-14 13:45:00,360 ERROR extra fetch failed: _rosters(400548186,)
Traceback (most recent call last):
  File "C:\Users\saiem\Documents\GitHub-Data\sdv-dev\cfbfastR-dev\cfbfastR-cfb-raw\python\_cfb_raw_utils.py", line 93, in _safe
    return fn(*args, **kwargs)
           ^^^^^^^^^^^^^^^^^^^
  File "C:\Users\saiem\Documents\GitHub-Data\sdv-dev\cfbfastR-dev\cfbfastR-cfb-raw\python\scrape_cfb_json.py", line 31, in _rosters
    return sdv.cfb.espn_cfb_game_rosters(game_id=gid, return_as_pandas=True).to_dict("records")
           ^^^^^^^^^^^^^^^^^^^^^^^^^^^^^^^^^^^^^^^^^^^^^^^^^^^^^^^^^^^^^^^^^
  File "C:\Users\saiem\Documents\GitHub-Data\sdv-dev\cfbfastR-dev\cfbfastR-cfb-raw\.venv\Lib\site-packages\sportsdataverse\cfb\cfb_game_rosters.py", line 66, in espn_cfb_game_rosters
    team_rosters = helper_cfb_roster_items(items=items, summary_url=summary_url, **kwargs)
                   ^^^^^^^^^^^^^^^^^^^^^^^^^^^^^^^^^^^^^^^^^^^^^^^^^^^^^^^^^^^^^^^^^^^^^^^
  File "C:\Users\saiem\Documents\GitHub-Data\sdv-dev\cfbfastR-dev\cfbfastR-cfb-raw\.venv\Lib\site-packages\sportsdataverse\cfb\cfb_game_rosters.py", line 183, in helper_cfb_roster_items
    team_roster_resp = download(team_roster_url, **kwargs)
                       ^^^^^^^^^^^^^^^^^^^^^^^^^^^^^^^^^^^
  File "C:\Users\saiem\Documents\GitHub-Data\sdv-dev\cfbfastR-dev\cfbfastR-cfb-raw\.venv\Lib\site-packages\sportsdataverse\dl_utils.py", line 251, in download
    raise last_exc
  File "C:\Users\saiem\Documents\GitHub-Data\sdv-dev\cfbfastR-dev\cfbfastR-cfb-raw\.venv\Lib\site-packages\sportsdataverse\dl_utils.py", line 201, in download
    response = no_espn_data(response)
               ^^^^^^^^^^^^^^^^^^^^^^
  File "C:\Users\saiem\Documents\GitHub-Data\sdv-dev\cfbfastR-dev\cfbfastR-cfb-raw\.venv\Lib\site-packages\sportsdataverse\errors.py", line 140, in no_espn_data
    raise NoESPNDataError(_format_404(response.url))
sportsdataverse.errors.NoESPNDataError: NoESPNDataError: No data found for https://sports.core.api.espn.com/v2/sports/football/leagues/college-football/events/400548186/competitions/400548186/competitors/2/roster

  Suggestion: Try `find_event(date, league='cfb', home=..., away=...)` to look up a valid event_id.
  (from `sportsdataverse import find_team, find_athlete, find_event`)
2026-06-14 13:48:13,089 ERROR extra fetch failed: _rosters(400558115,)
Traceback (most recent call last):
  File "C:\Users\saiem\Documents\GitHub-Data\sdv-dev\cfbfastR-dev\cfbfastR-cfb-raw\python\_cfb_raw_utils.py", line 93, in _safe
    return fn(*args, **kwargs)
           ^^^^^^^^^^^^^^^^^^^
  File "C:\Users\saiem\Documents\GitHub-Data\sdv-dev\cfbfastR-dev\cfbfastR-cfb-raw\python\scrape_cfb_json.py", line 31, in _rosters
    return sdv.cfb.espn_cfb_game_rosters(game_id=gid, return_as_pandas=True).to_dict("records")
           ^^^^^^^^^^^^^^^^^^^^^^^^^^^^^^^^^^^^^^^^^^^^^^^^^^^^^^^^^^^^^^^^^
  File "C:\Users\saiem\Documents\GitHub-Data\sdv-dev\cfbfastR-dev\cfbfastR-cfb-raw\.venv\Lib\site-packages\sportsdataverse\cfb\cfb_game_rosters.py", line 66, in espn_cfb_game_rosters
    team_rosters = helper_cfb_roster_items(items=items, summary_url=summary_url, **kwargs)
                   ^^^^^^^^^^^^^^^^^^^^^^^^^^^^^^^^^^^^^^^^^^^^^^^^^^^^^^^^^^^^^^^^^^^^^^^
  File "C:\Users\saiem\Documents\GitHub-Data\sdv-dev\cfbfastR-dev\cfbfastR-cfb-raw\.venv\Lib\site-packages\sportsdataverse\cfb\cfb_game_rosters.py", line 183, in helper_cfb_roster_items
    team_roster_resp = download(team_roster_url, **kwargs)
                       ^^^^^^^^^^^^^^^^^^^^^^^^^^^^^^^^^^^
  File "C:\Users\saiem\Documents\GitHub-Data\sdv-dev\cfbfastR-dev\cfbfastR-cfb-raw\.venv\Lib\site-packages\sportsdataverse\dl_utils.py", line 251, in download
    raise last_exc
  File "C:\Users\saiem\Documents\GitHub-Data\sdv-dev\cfbfastR-dev\cfbfastR-cfb-raw\.venv\Lib\site-packages\sportsdataverse\dl_utils.py", line 201, in download
    response = no_espn_data(response)
               ^^^^^^^^^^^^^^^^^^^^^^
  File "C:\Users\saiem\Documents\GitHub-Data\sdv-dev\cfbfastR-dev\cfbfastR-cfb-raw\.venv\Lib\site-packages\sportsdataverse\errors.py", line 140, in no_espn_data
    raise NoESPNDataError(_format_404(response.url))
sportsdataverse.errors.NoESPNDataError: NoESPNDataError: No data found for https://sports.core.api.espn.com/v2/sports/football/leagues/college-football/events/400558115/competitions/400558115/competitors/2429/roster

  Suggestion: Try `find_event(date, league='cfb', home=..., away=...)` to look up a valid event_id.
  (from `sportsdataverse import find_team, find_athlete, find_event`)
2026-06-14 13:52:19,058 ERROR extra fetch failed: _rosters(400547847,)
Traceback (most recent call last):
  File "C:\Users\saiem\Documents\GitHub-Data\sdv-dev\cfbfastR-dev\cfbfastR-cfb-raw\python\_cfb_raw_utils.py", line 93, in _safe
    return fn(*args, **kwargs)
           ^^^^^^^^^^^^^^^^^^^
  File "C:\Users\saiem\Documents\GitHub-Data\sdv-dev\cfbfastR-dev\cfbfastR-cfb-raw\python\scrape_cfb_json.py", line 31, in _rosters
    return sdv.cfb.espn_cfb_game_rosters(game_id=gid, return_as_pandas=True).to_dict("records")
           ^^^^^^^^^^^^^^^^^^^^^^^^^^^^^^^^^^^^^^^^^^^^^^^^^^^^^^^^^^^^^^^^^
  File "C:\Users\saiem\Documents\GitHub-Data\sdv-dev\cfbfastR-dev\cfbfastR-cfb-raw\.venv\Lib\site-packages\sportsdataverse\cfb\cfb_game_rosters.py", line 66, in espn_cfb_game_rosters
    team_rosters = helper_cfb_roster_items(items=items, summary_url=summary_url, **kwargs)
                   ^^^^^^^^^^^^^^^^^^^^^^^^^^^^^^^^^^^^^^^^^^^^^^^^^^^^^^^^^^^^^^^^^^^^^^^
  File "C:\Users\saiem\Documents\GitHub-Data\sdv-dev\cfbfastR-dev\cfbfastR-cfb-raw\.venv\Lib\site-packages\sportsdataverse\cfb\cfb_game_rosters.py", line 183, in helper_cfb_roster_items
    team_roster_resp = download(team_roster_url, **kwargs)
                       ^^^^^^^^^^^^^^^^^^^^^^^^^^^^^^^^^^^
  File "C:\Users\saiem\Documents\GitHub-Data\sdv-dev\cfbfastR-dev\cfbfastR-cfb-raw\.venv\Lib\site-packages\sportsdataverse\dl_utils.py", line 251, in download
    raise last_exc
  File "C:\Users\saiem\Documents\GitHub-Data\sdv-dev\cfbfastR-dev\cfbfastR-cfb-raw\.venv\Lib\site-packages\sportsdataverse\dl_utils.py", line 201, in download
    response = no_espn_data(response)
               ^^^^^^^^^^^^^^^^^^^^^^
  File "C:\Users\saiem\Documents\GitHub-Data\sdv-dev\cfbfastR-dev\cfbfastR-cfb-raw\.venv\Lib\site-packages\sportsdataverse\errors.py", line 140, in no_espn_data
    raise NoESPNDataError(_format_404(response.url))
sportsdataverse.errors.NoESPNDataError: NoESPNDataError: No data found for https://sports.core.api.espn.com/v2/sports/football/leagues/college-football/events/400547847/competitions/400547847/competitors/2305/roster

  Suggestion: Try `find_event(date, league='cfb', home=..., away=...)` to look up a valid event_id.
  (from `sportsdataverse import find_team, find_athlete, find_event`)
2026-06-14 13:53:24,010 ERROR extra fetch failed: _rosters(400558012,)
Traceback (most recent call last):
  File "C:\Users\saiem\Documents\GitHub-Data\sdv-dev\cfbfastR-dev\cfbfastR-cfb-raw\python\_cfb_raw_utils.py", line 93, in _safe
    return fn(*args, **kwargs)
           ^^^^^^^^^^^^^^^^^^^
  File "C:\Users\saiem\Documents\GitHub-Data\sdv-dev\cfbfastR-dev\cfbfastR-cfb-raw\python\scrape_cfb_json.py", line 31, in _rosters
    return sdv.cfb.espn_cfb_game_rosters(game_id=gid, return_as_pandas=True).to_dict("records")
           ^^^^^^^^^^^^^^^^^^^^^^^^^^^^^^^^^^^^^^^^^^^^^^^^^^^^^^^^^^^^^^^^^
  File "C:\Users\saiem\Documents\GitHub-Data\sdv-dev\cfbfastR-dev\cfbfastR-cfb-raw\.venv\Lib\site-packages\sportsdataverse\cfb\cfb_game_rosters.py", line 65, in espn_cfb_game_rosters
    items = helper_cfb_game_items(summary)
            ^^^^^^^^^^^^^^^^^^^^^^^^^^^^^^
  File "C:\Users\saiem\Documents\GitHub-Data\sdv-dev\cfbfastR-dev\cfbfastR-cfb-raw\.venv\Lib\site-packages\sportsdataverse\cfb\cfb_game_rosters.py", line 97, in helper_cfb_game_items
    items = items.rename({"id": "team_id", "uid": "team_uid", "statistics_href": "team_statistics_href"})
            ^^^^^^^^^^^^^^^^^^^^^^^^^^^^^^^^^^^^^^^^^^^^^^^^^^^^^^^^^^^^^^^^^^^^^^^^^^^^^^^^^^^^^^^^^^^^^
  File "C:\Users\saiem\Documents\GitHub-Data\sdv-dev\cfbfastR-dev\cfbfastR-cfb-raw\.venv\Lib\site-packages\polars\dataframe\frame.py", line 5275, in rename
    .collect(optimizations=QueryOptFlags._eager())
     ^^^^^^^^^^^^^^^^^^^^^^^^^^^^^^^^^^^^^^^^^^^^^
  File "C:\Users\saiem\Documents\GitHub-Data\sdv-dev\cfbfastR-dev\cfbfastR-cfb-raw\.venv\Lib\site-packages\polars\_utils\deprecation.py", line 97, in wrapper
    return function(*args, **kwargs)
           ^^^^^^^^^^^^^^^^^^^^^^^^^
  File "C:\Users\saiem\Documents\GitHub-Data\sdv-dev\cfbfastR-dev\cfbfastR-cfb-raw\.venv\Lib\site-packages\polars\lazyframe\opt_flags.py", line 343, in wrapper
    return function(*args, **kwargs)
           ^^^^^^^^^^^^^^^^^^^^^^^^^
  File "C:\Users\saiem\Documents\GitHub-Data\sdv-dev\cfbfastR-dev\cfbfastR-cfb-raw\.venv\Lib\site-packages\polars\lazyframe\frame.py", line 2630, in collect
    return wrap_df(ldf.collect(engine, callback))
                   ^^^^^^^^^^^^^^^^^^^^^^^^^^^^^
polars.exceptions.ColumnNotFoundError: "statistics_href" not found
2026-06-14 13:54:22,584 ERROR extra fetch failed: _rosters(400547845,)
Traceback (most recent call last):
  File "C:\Users\saiem\Documents\GitHub-Data\sdv-dev\cfbfastR-dev\cfbfastR-cfb-raw\python\_cfb_raw_utils.py", line 93, in _safe
    return fn(*args, **kwargs)
           ^^^^^^^^^^^^^^^^^^^
  File "C:\Users\saiem\Documents\GitHub-Data\sdv-dev\cfbfastR-dev\cfbfastR-cfb-raw\python\scrape_cfb_json.py", line 31, in _rosters
    return sdv.cfb.espn_cfb_game_rosters(game_id=gid, return_as_pandas=True).to_dict("records")
           ^^^^^^^^^^^^^^^^^^^^^^^^^^^^^^^^^^^^^^^^^^^^^^^^^^^^^^^^^^^^^^^^^
  File "C:\Users\saiem\Documents\GitHub-Data\sdv-dev\cfbfastR-dev\cfbfastR-cfb-raw\.venv\Lib\site-packages\sportsdataverse\cfb\cfb_game_rosters.py", line 66, in espn_cfb_game_rosters
    team_rosters = helper_cfb_roster_items(items=items, summary_url=summary_url, **kwargs)
                   ^^^^^^^^^^^^^^^^^^^^^^^^^^^^^^^^^^^^^^^^^^^^^^^^^^^^^^^^^^^^^^^^^^^^^^^
  File "C:\Users\saiem\Documents\GitHub-Data\sdv-dev\cfbfastR-dev\cfbfastR-cfb-raw\.venv\Lib\site-packages\sportsdataverse\cfb\cfb_game_rosters.py", line 183, in helper_cfb_roster_items
    team_roster_resp = download(team_roster_url, **kwargs)
                       ^^^^^^^^^^^^^^^^^^^^^^^^^^^^^^^^^^^
  File "C:\Users\saiem\Documents\GitHub-Data\sdv-dev\cfbfastR-dev\cfbfastR-cfb-raw\.venv\Lib\site-packages\sportsdataverse\dl_utils.py", line 251, in download
    raise last_exc
  File "C:\Users\saiem\Documents\GitHub-Data\sdv-dev\cfbfastR-dev\cfbfastR-cfb-raw\.venv\Lib\site-packages\sportsdataverse\dl_utils.py", line 201, in download
    response = no_espn_data(response)
               ^^^^^^^^^^^^^^^^^^^^^^
  File "C:\Users\saiem\Documents\GitHub-Data\sdv-dev\cfbfastR-dev\cfbfastR-cfb-raw\.venv\Lib\site-packages\sportsdataverse\errors.py", line 140, in no_espn_data
    raise NoESPNDataError(_format_404(response.url))
sportsdataverse.errors.NoESPNDataError: NoESPNDataError: No data found for https://sports.core.api.espn.com/v2/sports/football/leagues/college-football/events/400547845/competitions/400547845/competitors/2638/roster

  Suggestion: Try `find_event(date, league='cfb', home=..., away=...)` to look up a valid event_id.
  (from `sportsdataverse import find_team, find_athlete, find_event`)
2026-06-14 13:56:17,593 ERROR extra fetch failed: _rosters(400547662,)
Traceback (most recent call last):
  File "C:\Users\saiem\Documents\GitHub-Data\sdv-dev\cfbfastR-dev\cfbfastR-cfb-raw\python\_cfb_raw_utils.py", line 93, in _safe
    return fn(*args, **kwargs)
           ^^^^^^^^^^^^^^^^^^^
  File "C:\Users\saiem\Documents\GitHub-Data\sdv-dev\cfbfastR-dev\cfbfastR-cfb-raw\python\scrape_cfb_json.py", line 31, in _rosters
    return sdv.cfb.espn_cfb_game_rosters(game_id=gid, return_as_pandas=True).to_dict("records")
           ^^^^^^^^^^^^^^^^^^^^^^^^^^^^^^^^^^^^^^^^^^^^^^^^^^^^^^^^^^^^^^^^^
  File "C:\Users\saiem\Documents\GitHub-Data\sdv-dev\cfbfastR-dev\cfbfastR-cfb-raw\.venv\Lib\site-packages\sportsdataverse\cfb\cfb_game_rosters.py", line 66, in espn_cfb_game_rosters
    team_rosters = helper_cfb_roster_items(items=items, summary_url=summary_url, **kwargs)
                   ^^^^^^^^^^^^^^^^^^^^^^^^^^^^^^^^^^^^^^^^^^^^^^^^^^^^^^^^^^^^^^^^^^^^^^^
  File "C:\Users\saiem\Documents\GitHub-Data\sdv-dev\cfbfastR-dev\cfbfastR-cfb-raw\.venv\Lib\site-packages\sportsdataverse\cfb\cfb_game_rosters.py", line 183, in helper_cfb_roster_items
    team_roster_resp = download(team_roster_url, **kwargs)
                       ^^^^^^^^^^^^^^^^^^^^^^^^^^^^^^^^^^^
  File "C:\Users\saiem\Documents\GitHub-Data\sdv-dev\cfbfastR-dev\cfbfastR-cfb-raw\.venv\Lib\site-packages\sportsdataverse\dl_utils.py", line 251, in download
    raise last_exc
  File "C:\Users\saiem\Documents\GitHub-Data\sdv-dev\cfbfastR-dev\cfbfastR-cfb-raw\.venv\Lib\site-packages\sportsdataverse\dl_utils.py", line 201, in download
    response = no_espn_data(response)
               ^^^^^^^^^^^^^^^^^^^^^^
  File "C:\Users\saiem\Documents\GitHub-Data\sdv-dev\cfbfastR-dev\cfbfastR-cfb-raw\.venv\Lib\site-packages\sportsdataverse\errors.py", line 140, in no_espn_data
    raise NoESPNDataError(_format_404(response.url))
sportsdataverse.errors.NoESPNDataError: NoESPNDataError: No data found for https://sports.core.api.espn.com/v2/sports/football/leagues/college-football/events/400547662/competitions/400547662/competitors/259/roster

  Suggestion: Try `find_event(date, league='cfb', home=..., away=...)` to look up a valid event_id.
  (from `sportsdataverse import find_team, find_athlete, find_event`)
2026-06-14 14:02:21,093 ERROR extra fetch failed: _rosters(400547970,)
Traceback (most recent call last):
  File "C:\Users\saiem\Documents\GitHub-Data\sdv-dev\cfbfastR-dev\cfbfastR-cfb-raw\python\_cfb_raw_utils.py", line 93, in _safe
    return fn(*args, **kwargs)
           ^^^^^^^^^^^^^^^^^^^
  File "C:\Users\saiem\Documents\GitHub-Data\sdv-dev\cfbfastR-dev\cfbfastR-cfb-raw\python\scrape_cfb_json.py", line 31, in _rosters
    return sdv.cfb.espn_cfb_game_rosters(game_id=gid, return_as_pandas=True).to_dict("records")
           ^^^^^^^^^^^^^^^^^^^^^^^^^^^^^^^^^^^^^^^^^^^^^^^^^^^^^^^^^^^^^^^^^
  File "C:\Users\saiem\Documents\GitHub-Data\sdv-dev\cfbfastR-dev\cfbfastR-cfb-raw\.venv\Lib\site-packages\sportsdataverse\cfb\cfb_game_rosters.py", line 66, in espn_cfb_game_rosters
    team_rosters = helper_cfb_roster_items(items=items, summary_url=summary_url, **kwargs)
                   ^^^^^^^^^^^^^^^^^^^^^^^^^^^^^^^^^^^^^^^^^^^^^^^^^^^^^^^^^^^^^^^^^^^^^^^
  File "C:\Users\saiem\Documents\GitHub-Data\sdv-dev\cfbfastR-dev\cfbfastR-cfb-raw\.venv\Lib\site-packages\sportsdataverse\cfb\cfb_game_rosters.py", line 183, in helper_cfb_roster_items
    team_roster_resp = download(team_roster_url, **kwargs)
                       ^^^^^^^^^^^^^^^^^^^^^^^^^^^^^^^^^^^
  File "C:\Users\saiem\Documents\GitHub-Data\sdv-dev\cfbfastR-dev\cfbfastR-cfb-raw\.venv\Lib\site-packages\sportsdataverse\dl_utils.py", line 251, in download
    raise last_exc
  File "C:\Users\saiem\Documents\GitHub-Data\sdv-dev\cfbfastR-dev\cfbfastR-cfb-raw\.venv\Lib\site-packages\sportsdataverse\dl_utils.py", line 201, in download
    response = no_espn_data(response)
               ^^^^^^^^^^^^^^^^^^^^^^
  File "C:\Users\saiem\Documents\GitHub-Data\sdv-dev\cfbfastR-dev\cfbfastR-cfb-raw\.venv\Lib\site-packages\sportsdataverse\errors.py", line 140, in no_espn_data
    raise NoESPNDataError(_format_404(response.url))
sportsdataverse.errors.NoESPNDataError: NoESPNDataError: No data found for https://sports.core.api.espn.com/v2/sports/football/leagues/college-football/events/400547970/competitions/400547970/competitors/278/roster

  Suggestion: Try `find_event(date, league='cfb', home=..., away=...)` to look up a valid event_id.
  (from `sportsdataverse import find_team, find_athlete, find_event`)
2026-06-14 14:05:59,961 ERROR extra fetch failed: _rosters(400547782,)
Traceback (most recent call last):
  File "C:\Users\saiem\Documents\GitHub-Data\sdv-dev\cfbfastR-dev\cfbfastR-cfb-raw\python\_cfb_raw_utils.py", line 93, in _safe
    return fn(*args, **kwargs)
           ^^^^^^^^^^^^^^^^^^^
  File "C:\Users\saiem\Documents\GitHub-Data\sdv-dev\cfbfastR-dev\cfbfastR-cfb-raw\python\scrape_cfb_json.py", line 31, in _rosters
    return sdv.cfb.espn_cfb_game_rosters(game_id=gid, return_as_pandas=True).to_dict("records")
           ^^^^^^^^^^^^^^^^^^^^^^^^^^^^^^^^^^^^^^^^^^^^^^^^^^^^^^^^^^^^^^^^^
  File "C:\Users\saiem\Documents\GitHub-Data\sdv-dev\cfbfastR-dev\cfbfastR-cfb-raw\.venv\Lib\site-packages\sportsdataverse\cfb\cfb_game_rosters.py", line 66, in espn_cfb_game_rosters
    team_rosters = helper_cfb_roster_items(items=items, summary_url=summary_url, **kwargs)
                   ^^^^^^^^^^^^^^^^^^^^^^^^^^^^^^^^^^^^^^^^^^^^^^^^^^^^^^^^^^^^^^^^^^^^^^^
  File "C:\Users\saiem\Documents\GitHub-Data\sdv-dev\cfbfastR-dev\cfbfastR-cfb-raw\.venv\Lib\site-packages\sportsdataverse\cfb\cfb_game_rosters.py", line 183, in helper_cfb_roster_items
    team_roster_resp = download(team_roster_url, **kwargs)
                       ^^^^^^^^^^^^^^^^^^^^^^^^^^^^^^^^^^^
  File "C:\Users\saiem\Documents\GitHub-Data\sdv-dev\cfbfastR-dev\cfbfastR-cfb-raw\.venv\Lib\site-packages\sportsdataverse\dl_utils.py", line 251, in download
    raise last_exc
  File "C:\Users\saiem\Documents\GitHub-Data\sdv-dev\cfbfastR-dev\cfbfastR-cfb-raw\.venv\Lib\site-packages\sportsdataverse\dl_utils.py", line 201, in download
    response = no_espn_data(response)
               ^^^^^^^^^^^^^^^^^^^^^^
  File "C:\Users\saiem\Documents\GitHub-Data\sdv-dev\cfbfastR-dev\cfbfastR-cfb-raw\.venv\Lib\site-packages\sportsdataverse\errors.py", line 140, in no_espn_data
    raise NoESPNDataError(_format_404(response.url))
sportsdataverse.errors.NoESPNDataError: NoESPNDataError: No data found for https://sports.core.api.espn.com/v2/sports/football/leagues/college-football/events/400547782/competitions/400547782/competitors/2229/roster

  Suggestion: Try `find_event(date, league='cfb', home=..., away=...)` to look up a valid event_id.
  (from `sportsdataverse import find_team, find_athlete, find_event`)
2026-06-14 14:06:17,920 ERROR extra fetch failed: _rosters(400547832,)
Traceback (most recent call last):
  File "C:\Users\saiem\Documents\GitHub-Data\sdv-dev\cfbfastR-dev\cfbfastR-cfb-raw\python\_cfb_raw_utils.py", line 93, in _safe
    return fn(*args, **kwargs)
           ^^^^^^^^^^^^^^^^^^^
  File "C:\Users\saiem\Documents\GitHub-Data\sdv-dev\cfbfastR-dev\cfbfastR-cfb-raw\python\scrape_cfb_json.py", line 31, in _rosters
    return sdv.cfb.espn_cfb_game_rosters(game_id=gid, return_as_pandas=True).to_dict("records")
           ^^^^^^^^^^^^^^^^^^^^^^^^^^^^^^^^^^^^^^^^^^^^^^^^^^^^^^^^^^^^^^^^^
  File "C:\Users\saiem\Documents\GitHub-Data\sdv-dev\cfbfastR-dev\cfbfastR-cfb-raw\.venv\Lib\site-packages\sportsdataverse\cfb\cfb_game_rosters.py", line 66, in espn_cfb_game_rosters
    team_rosters = helper_cfb_roster_items(items=items, summary_url=summary_url, **kwargs)
                   ^^^^^^^^^^^^^^^^^^^^^^^^^^^^^^^^^^^^^^^^^^^^^^^^^^^^^^^^^^^^^^^^^^^^^^^
  File "C:\Users\saiem\Documents\GitHub-Data\sdv-dev\cfbfastR-dev\cfbfastR-cfb-raw\.venv\Lib\site-packages\sportsdataverse\cfb\cfb_game_rosters.py", line 183, in helper_cfb_roster_items
    team_roster_resp = download(team_roster_url, **kwargs)
                       ^^^^^^^^^^^^^^^^^^^^^^^^^^^^^^^^^^^
  File "C:\Users\saiem\Documents\GitHub-Data\sdv-dev\cfbfastR-dev\cfbfastR-cfb-raw\.venv\Lib\site-packages\sportsdataverse\dl_utils.py", line 251, in download
    raise last_exc
  File "C:\Users\saiem\Documents\GitHub-Data\sdv-dev\cfbfastR-dev\cfbfastR-cfb-raw\.venv\Lib\site-packages\sportsdataverse\dl_utils.py", line 201, in download
    response = no_espn_data(response)
               ^^^^^^^^^^^^^^^^^^^^^^
  File "C:\Users\saiem\Documents\GitHub-Data\sdv-dev\cfbfastR-dev\cfbfastR-cfb-raw\.venv\Lib\site-packages\sportsdataverse\errors.py", line 140, in no_espn_data
    raise NoESPNDataError(_format_404(response.url))
sportsdataverse.errors.NoESPNDataError: NoESPNDataError: No data found for https://sports.core.api.espn.com/v2/sports/football/leagues/college-football/events/400547832/competitions/400547832/competitors/154/roster

  Suggestion: Try `find_event(date, league='cfb', home=..., away=...)` to look up a valid event_id.
  (from `sportsdataverse import find_team, find_athlete, find_event`)
2026-06-14 14:09:30,531 ERROR extra fetch failed: _rosters(400553544,)
Traceback (most recent call last):
  File "C:\Users\saiem\Documents\GitHub-Data\sdv-dev\cfbfastR-dev\cfbfastR-cfb-raw\python\_cfb_raw_utils.py", line 93, in _safe
    return fn(*args, **kwargs)
           ^^^^^^^^^^^^^^^^^^^
  File "C:\Users\saiem\Documents\GitHub-Data\sdv-dev\cfbfastR-dev\cfbfastR-cfb-raw\python\scrape_cfb_json.py", line 31, in _rosters
    return sdv.cfb.espn_cfb_game_rosters(game_id=gid, return_as_pandas=True).to_dict("records")
           ^^^^^^^^^^^^^^^^^^^^^^^^^^^^^^^^^^^^^^^^^^^^^^^^^^^^^^^^^^^^^^^^^
  File "C:\Users\saiem\Documents\GitHub-Data\sdv-dev\cfbfastR-dev\cfbfastR-cfb-raw\.venv\Lib\site-packages\sportsdataverse\cfb\cfb_game_rosters.py", line 68, in espn_cfb_game_rosters
    teams_df = helper_cfb_team_items(items=items, **kwargs)
               ^^^^^^^^^^^^^^^^^^^^^^^^^^^^^^^^^^^^^^^^^^^^
  File "C:\Users\saiem\Documents\GitHub-Data\sdv-dev\cfbfastR-dev\cfbfastR-cfb-raw\.venv\Lib\site-packages\sportsdataverse\cfb\cfb_game_rosters.py", line 153, in helper_cfb_team_items
    teams_df[row, "logo_href"] = team[0]["href"]
                                 ~~~~^^^
TypeError: 'NoneType' object is not subscriptable
2026-06-14 14:13:32,038 ERROR extra fetch failed: _rosters(400548459,)
Traceback (most recent call last):
  File "C:\Users\saiem\Documents\GitHub-Data\sdv-dev\cfbfastR-dev\cfbfastR-cfb-raw\python\_cfb_raw_utils.py", line 93, in _safe
    return fn(*args, **kwargs)
           ^^^^^^^^^^^^^^^^^^^
  File "C:\Users\saiem\Documents\GitHub-Data\sdv-dev\cfbfastR-dev\cfbfastR-cfb-raw\python\scrape_cfb_json.py", line 31, in _rosters
    return sdv.cfb.espn_cfb_game_rosters(game_id=gid, return_as_pandas=True).to_dict("records")
           ^^^^^^^^^^^^^^^^^^^^^^^^^^^^^^^^^^^^^^^^^^^^^^^^^^^^^^^^^^^^^^^^^
  File "C:\Users\saiem\Documents\GitHub-Data\sdv-dev\cfbfastR-dev\cfbfastR-cfb-raw\.venv\Lib\site-packages\sportsdataverse\cfb\cfb_game_rosters.py", line 66, in espn_cfb_game_rosters
    team_rosters = helper_cfb_roster_items(items=items, summary_url=summary_url, **kwargs)
                   ^^^^^^^^^^^^^^^^^^^^^^^^^^^^^^^^^^^^^^^^^^^^^^^^^^^^^^^^^^^^^^^^^^^^^^^
  File "C:\Users\saiem\Documents\GitHub-Data\sdv-dev\cfbfastR-dev\cfbfastR-cfb-raw\.venv\Lib\site-packages\sportsdataverse\cfb\cfb_game_rosters.py", line 183, in helper_cfb_roster_items
    team_roster_resp = download(team_roster_url, **kwargs)
                       ^^^^^^^^^^^^^^^^^^^^^^^^^^^^^^^^^^^
  File "C:\Users\saiem\Documents\GitHub-Data\sdv-dev\cfbfastR-dev\cfbfastR-cfb-raw\.venv\Lib\site-packages\sportsdataverse\dl_utils.py", line 251, in download
    raise last_exc
  File "C:\Users\saiem\Documents\GitHub-Data\sdv-dev\cfbfastR-dev\cfbfastR-cfb-raw\.venv\Lib\site-packages\sportsdataverse\dl_utils.py", line 201, in download
    response = no_espn_data(response)
               ^^^^^^^^^^^^^^^^^^^^^^
  File "C:\Users\saiem\Documents\GitHub-Data\sdv-dev\cfbfastR-dev\cfbfastR-cfb-raw\.venv\Lib\site-packages\sportsdataverse\errors.py", line 140, in no_espn_data
    raise NoESPNDataError(_format_404(response.url))
sportsdataverse.errors.NoESPNDataError: NoESPNDataError: No data found for https://sports.core.api.espn.com/v2/sports/football/leagues/college-football/events/400548459/competitions/400548459/competitors/43/roster

  Suggestion: Try `find_event(date, league='cfb', home=..., away=...)` to look up a valid event_id.
  (from `sportsdataverse import find_team, find_athlete, find_event`)
2026-06-14 14:16:14,214 ERROR extra fetch failed: _rosters(400547680,)
Traceback (most recent call last):
  File "C:\Users\saiem\Documents\GitHub-Data\sdv-dev\cfbfastR-dev\cfbfastR-cfb-raw\python\_cfb_raw_utils.py", line 93, in _safe
    return fn(*args, **kwargs)
           ^^^^^^^^^^^^^^^^^^^
  File "C:\Users\saiem\Documents\GitHub-Data\sdv-dev\cfbfastR-dev\cfbfastR-cfb-raw\python\scrape_cfb_json.py", line 31, in _rosters
    return sdv.cfb.espn_cfb_game_rosters(game_id=gid, return_as_pandas=True).to_dict("records")
           ^^^^^^^^^^^^^^^^^^^^^^^^^^^^^^^^^^^^^^^^^^^^^^^^^^^^^^^^^^^^^^^^^
  File "C:\Users\saiem\Documents\GitHub-Data\sdv-dev\cfbfastR-dev\cfbfastR-cfb-raw\.venv\Lib\site-packages\sportsdataverse\cfb\cfb_game_rosters.py", line 66, in espn_cfb_game_rosters
    team_rosters = helper_cfb_roster_items(items=items, summary_url=summary_url, **kwargs)
                   ^^^^^^^^^^^^^^^^^^^^^^^^^^^^^^^^^^^^^^^^^^^^^^^^^^^^^^^^^^^^^^^^^^^^^^^
  File "C:\Users\saiem\Documents\GitHub-Data\sdv-dev\cfbfastR-dev\cfbfastR-cfb-raw\.venv\Lib\site-packages\sportsdataverse\cfb\cfb_game_rosters.py", line 183, in helper_cfb_roster_items
    team_roster_resp = download(team_roster_url, **kwargs)
                       ^^^^^^^^^^^^^^^^^^^^^^^^^^^^^^^^^^^
  File "C:\Users\saiem\Documents\GitHub-Data\sdv-dev\cfbfastR-dev\cfbfastR-cfb-raw\.venv\Lib\site-packages\sportsdataverse\dl_utils.py", line 251, in download
    raise last_exc
  File "C:\Users\saiem\Documents\GitHub-Data\sdv-dev\cfbfastR-dev\cfbfastR-cfb-raw\.venv\Lib\site-packages\sportsdataverse\dl_utils.py", line 201, in download
    response = no_espn_data(response)
               ^^^^^^^^^^^^^^^^^^^^^^
  File "C:\Users\saiem\Documents\GitHub-Data\sdv-dev\cfbfastR-dev\cfbfastR-cfb-raw\.venv\Lib\site-packages\sportsdataverse\errors.py", line 140, in no_espn_data
    raise NoESPNDataError(_format_404(response.url))
sportsdataverse.errors.NoESPNDataError: NoESPNDataError: No data found for https://sports.core.api.espn.com/v2/sports/football/leagues/college-football/events/400547680/competitions/400547680/competitors/202/roster

  Suggestion: Try `find_event(date, league='cfb', home=..., away=...)` to look up a valid event_id.
  (from `sportsdataverse import find_team, find_athlete, find_event`)
2026-06-14 14:22:38,389 ERROR extra fetch failed: _rosters(400547997,)
Traceback (most recent call last):
  File "C:\Users\saiem\Documents\GitHub-Data\sdv-dev\cfbfastR-dev\cfbfastR-cfb-raw\python\_cfb_raw_utils.py", line 93, in _safe
    return fn(*args, **kwargs)
           ^^^^^^^^^^^^^^^^^^^
  File "C:\Users\saiem\Documents\GitHub-Data\sdv-dev\cfbfastR-dev\cfbfastR-cfb-raw\python\scrape_cfb_json.py", line 31, in _rosters
    return sdv.cfb.espn_cfb_game_rosters(game_id=gid, return_as_pandas=True).to_dict("records")
           ^^^^^^^^^^^^^^^^^^^^^^^^^^^^^^^^^^^^^^^^^^^^^^^^^^^^^^^^^^^^^^^^^
  File "C:\Users\saiem\Documents\GitHub-Data\sdv-dev\cfbfastR-dev\cfbfastR-cfb-raw\.venv\Lib\site-packages\sportsdataverse\cfb\cfb_game_rosters.py", line 66, in espn_cfb_game_rosters
    team_rosters = helper_cfb_roster_items(items=items, summary_url=summary_url, **kwargs)
                   ^^^^^^^^^^^^^^^^^^^^^^^^^^^^^^^^^^^^^^^^^^^^^^^^^^^^^^^^^^^^^^^^^^^^^^^
  File "C:\Users\saiem\Documents\GitHub-Data\sdv-dev\cfbfastR-dev\cfbfastR-cfb-raw\.venv\Lib\site-packages\sportsdataverse\cfb\cfb_game_rosters.py", line 183, in helper_cfb_roster_items
    team_roster_resp = download(team_roster_url, **kwargs)
                       ^^^^^^^^^^^^^^^^^^^^^^^^^^^^^^^^^^^
  File "C:\Users\saiem\Documents\GitHub-Data\sdv-dev\cfbfastR-dev\cfbfastR-cfb-raw\.venv\Lib\site-packages\sportsdataverse\dl_utils.py", line 251, in download
    raise last_exc
  File "C:\Users\saiem\Documents\GitHub-Data\sdv-dev\cfbfastR-dev\cfbfastR-cfb-raw\.venv\Lib\site-packages\sportsdataverse\dl_utils.py", line 201, in download
    response = no_espn_data(response)
               ^^^^^^^^^^^^^^^^^^^^^^
  File "C:\Users\saiem\Documents\GitHub-Data\sdv-dev\cfbfastR-dev\cfbfastR-cfb-raw\.venv\Lib\site-packages\sportsdataverse\errors.py", line 140, in no_espn_data
    raise NoESPNDataError(_format_404(response.url))
sportsdataverse.errors.NoESPNDataError: NoESPNDataError: No data found for https://sports.core.api.espn.com/v2/sports/football/leagues/college-football/events/400547997/competitions/400547997/competitors/164/roster

  Suggestion: Try `find_event(date, league='cfb', home=..., away=...)` to look up a valid event_id.
  (from `sportsdataverse import find_team, find_athlete, find_event`)
2026-06-14 14:25:01,354 ERROR extra fetch failed: _rosters(400547686,)
Traceback (most recent call last):
  File "C:\Users\saiem\Documents\GitHub-Data\sdv-dev\cfbfastR-dev\cfbfastR-cfb-raw\python\_cfb_raw_utils.py", line 93, in _safe
    return fn(*args, **kwargs)
           ^^^^^^^^^^^^^^^^^^^
  File "C:\Users\saiem\Documents\GitHub-Data\sdv-dev\cfbfastR-dev\cfbfastR-cfb-raw\python\scrape_cfb_json.py", line 31, in _rosters
    return sdv.cfb.espn_cfb_game_rosters(game_id=gid, return_as_pandas=True).to_dict("records")
           ^^^^^^^^^^^^^^^^^^^^^^^^^^^^^^^^^^^^^^^^^^^^^^^^^^^^^^^^^^^^^^^^^
  File "C:\Users\saiem\Documents\GitHub-Data\sdv-dev\cfbfastR-dev\cfbfastR-cfb-raw\.venv\Lib\site-packages\sportsdataverse\cfb\cfb_game_rosters.py", line 66, in espn_cfb_game_rosters
    team_rosters = helper_cfb_roster_items(items=items, summary_url=summary_url, **kwargs)
                   ^^^^^^^^^^^^^^^^^^^^^^^^^^^^^^^^^^^^^^^^^^^^^^^^^^^^^^^^^^^^^^^^^^^^^^^
  File "C:\Users\saiem\Documents\GitHub-Data\sdv-dev\cfbfastR-dev\cfbfastR-cfb-raw\.venv\Lib\site-packages\sportsdataverse\cfb\cfb_game_rosters.py", line 183, in helper_cfb_roster_items
    team_roster_resp = download(team_roster_url, **kwargs)
                       ^^^^^^^^^^^^^^^^^^^^^^^^^^^^^^^^^^^
  File "C:\Users\saiem\Documents\GitHub-Data\sdv-dev\cfbfastR-dev\cfbfastR-cfb-raw\.venv\Lib\site-packages\sportsdataverse\dl_utils.py", line 251, in download
    raise last_exc
  File "C:\Users\saiem\Documents\GitHub-Data\sdv-dev\cfbfastR-dev\cfbfastR-cfb-raw\.venv\Lib\site-packages\sportsdataverse\dl_utils.py", line 201, in download
    response = no_espn_data(response)
               ^^^^^^^^^^^^^^^^^^^^^^
  File "C:\Users\saiem\Documents\GitHub-Data\sdv-dev\cfbfastR-dev\cfbfastR-cfb-raw\.venv\Lib\site-packages\sportsdataverse\errors.py", line 140, in no_espn_data
    raise NoESPNDataError(_format_404(response.url))
sportsdataverse.errors.NoESPNDataError: NoESPNDataError: No data found for https://sports.core.api.espn.com/v2/sports/football/leagues/college-football/events/400547686/competitions/400547686/competitors/2116/roster

  Suggestion: Try `find_event(date, league='cfb', home=..., away=...)` to look up a valid event_id.
  (from `sportsdataverse import find_team, find_athlete, find_event`)
2026-06-14 14:25:57,719 ERROR extra fetch failed: _rosters(400547868,)
Traceback (most recent call last):
  File "C:\Users\saiem\Documents\GitHub-Data\sdv-dev\cfbfastR-dev\cfbfastR-cfb-raw\python\_cfb_raw_utils.py", line 93, in _safe
    return fn(*args, **kwargs)
           ^^^^^^^^^^^^^^^^^^^
  File "C:\Users\saiem\Documents\GitHub-Data\sdv-dev\cfbfastR-dev\cfbfastR-cfb-raw\python\scrape_cfb_json.py", line 31, in _rosters
    return sdv.cfb.espn_cfb_game_rosters(game_id=gid, return_as_pandas=True).to_dict("records")
           ^^^^^^^^^^^^^^^^^^^^^^^^^^^^^^^^^^^^^^^^^^^^^^^^^^^^^^^^^^^^^^^^^
  File "C:\Users\saiem\Documents\GitHub-Data\sdv-dev\cfbfastR-dev\cfbfastR-cfb-raw\.venv\Lib\site-packages\sportsdataverse\cfb\cfb_game_rosters.py", line 66, in espn_cfb_game_rosters
    team_rosters = helper_cfb_roster_items(items=items, summary_url=summary_url, **kwargs)
                   ^^^^^^^^^^^^^^^^^^^^^^^^^^^^^^^^^^^^^^^^^^^^^^^^^^^^^^^^^^^^^^^^^^^^^^^
  File "C:\Users\saiem\Documents\GitHub-Data\sdv-dev\cfbfastR-dev\cfbfastR-cfb-raw\.venv\Lib\site-packages\sportsdataverse\cfb\cfb_game_rosters.py", line 183, in helper_cfb_roster_items
    team_roster_resp = download(team_roster_url, **kwargs)
                       ^^^^^^^^^^^^^^^^^^^^^^^^^^^^^^^^^^^
  File "C:\Users\saiem\Documents\GitHub-Data\sdv-dev\cfbfastR-dev\cfbfastR-cfb-raw\.venv\Lib\site-packages\sportsdataverse\dl_utils.py", line 251, in download
    raise last_exc
  File "C:\Users\saiem\Documents\GitHub-Data\sdv-dev\cfbfastR-dev\cfbfastR-cfb-raw\.venv\Lib\site-packages\sportsdataverse\dl_utils.py", line 201, in download
    response = no_espn_data(response)
               ^^^^^^^^^^^^^^^^^^^^^^
  File "C:\Users\saiem\Documents\GitHub-Data\sdv-dev\cfbfastR-dev\cfbfastR-cfb-raw\.venv\Lib\site-packages\sportsdataverse\errors.py", line 140, in no_espn_data
    raise NoESPNDataError(_format_404(response.url))
sportsdataverse.errors.NoESPNDataError: NoESPNDataError: No data found for https://sports.core.api.espn.com/v2/sports/football/leagues/college-football/events/400547868/competitions/400547868/competitors/239/roster

  Suggestion: Try `find_event(date, league='cfb', home=..., away=...)` to look up a valid event_id.
  (from `sportsdataverse import find_team, find_athlete, find_event`)
2026-06-14 14:30:10,729 ERROR extra fetch failed: _rosters(400547745,)
Traceback (most recent call last):
  File "C:\Users\saiem\Documents\GitHub-Data\sdv-dev\cfbfastR-dev\cfbfastR-cfb-raw\python\_cfb_raw_utils.py", line 93, in _safe
    return fn(*args, **kwargs)
           ^^^^^^^^^^^^^^^^^^^
  File "C:\Users\saiem\Documents\GitHub-Data\sdv-dev\cfbfastR-dev\cfbfastR-cfb-raw\python\scrape_cfb_json.py", line 31, in _rosters
    return sdv.cfb.espn_cfb_game_rosters(game_id=gid, return_as_pandas=True).to_dict("records")
           ^^^^^^^^^^^^^^^^^^^^^^^^^^^^^^^^^^^^^^^^^^^^^^^^^^^^^^^^^^^^^^^^^
  File "C:\Users\saiem\Documents\GitHub-Data\sdv-dev\cfbfastR-dev\cfbfastR-cfb-raw\.venv\Lib\site-packages\sportsdataverse\cfb\cfb_game_rosters.py", line 66, in espn_cfb_game_rosters
    team_rosters = helper_cfb_roster_items(items=items, summary_url=summary_url, **kwargs)
                   ^^^^^^^^^^^^^^^^^^^^^^^^^^^^^^^^^^^^^^^^^^^^^^^^^^^^^^^^^^^^^^^^^^^^^^^
  File "C:\Users\saiem\Documents\GitHub-Data\sdv-dev\cfbfastR-dev\cfbfastR-cfb-raw\.venv\Lib\site-packages\sportsdataverse\cfb\cfb_game_rosters.py", line 183, in helper_cfb_roster_items
    team_roster_resp = download(team_roster_url, **kwargs)
                       ^^^^^^^^^^^^^^^^^^^^^^^^^^^^^^^^^^^
  File "C:\Users\saiem\Documents\GitHub-Data\sdv-dev\cfbfastR-dev\cfbfastR-cfb-raw\.venv\Lib\site-packages\sportsdataverse\dl_utils.py", line 251, in download
    raise last_exc
  File "C:\Users\saiem\Documents\GitHub-Data\sdv-dev\cfbfastR-dev\cfbfastR-cfb-raw\.venv\Lib\site-packages\sportsdataverse\dl_utils.py", line 201, in download
    response = no_espn_data(response)
               ^^^^^^^^^^^^^^^^^^^^^^
  File "C:\Users\saiem\Documents\GitHub-Data\sdv-dev\cfbfastR-dev\cfbfastR-cfb-raw\.venv\Lib\site-packages\sportsdataverse\errors.py", line 140, in no_espn_data
    raise NoESPNDataError(_format_404(response.url))
sportsdataverse.errors.NoESPNDataError: NoESPNDataError: No data found for https://sports.core.api.espn.com/v2/sports/football/leagues/college-football/events/400547745/competitions/400547745/competitors/228/roster

  Suggestion: Try `find_event(date, league='cfb', home=..., away=...)` to look up a valid event_id.
  (from `sportsdataverse import find_team, find_athlete, find_event`)
2026-06-17 02:09:01,467 INFO season 2014: 431 games to scrape (rescrape=False)
2026-06-17 02:09:05,988 ERROR extra fetch failed: _rosters(400548399,)
Traceback (most recent call last):
  File "C:\Users\saiem\Documents\GitHub-Data\sdv-dev\cfbfastR-dev\cfbfastR-cfb-raw\.venv\Lib\site-packages\polars\_utils\construction\series.py", line 355, in _construct_series_with_fallbacks
    return constructor(name, values, strict)
           ^^^^^^^^^^^^^^^^^^^^^^^^^^^^^^^^^
TypeError: 'str' object cannot be interpreted as an integer

During handling of the above exception, another exception occurred:

Traceback (most recent call last):
  File "C:\Users\saiem\Documents\GitHub-Data\sdv-dev\cfbfastR-dev\cfbfastR-cfb-raw\.venv\Lib\site-packages\polars\_utils\getitem.py", line 167, in get_df_item_by_key
    return _select_rows(df, key)  # type: ignore[arg-type]
           ^^^^^^^^^^^^^^^^^^^^^
  File "C:\Users\saiem\Documents\GitHub-Data\sdv-dev\cfbfastR-dev\cfbfastR-cfb-raw\.venv\Lib\site-packages\polars\_utils\getitem.py", line 314, in _select_rows
    s = pl.Series("", key, dtype=Int64)
        ^^^^^^^^^^^^^^^^^^^^^^^^^^^^^^^
  File "C:\Users\saiem\Documents\GitHub-Data\sdv-dev\cfbfastR-dev\cfbfastR-cfb-raw\.venv\Lib\site-packages\polars\series\series.py", line 296, in __init__
    self._s = sequence_to_pyseries(
              ^^^^^^^^^^^^^^^^^^^^^
  File "C:\Users\saiem\Documents\GitHub-Data\sdv-dev\cfbfastR-dev\cfbfastR-cfb-raw\.venv\Lib\site-packages\polars\_utils\construction\series.py", line 164, in sequence_to_pyseries
    pyseries = _construct_series_with_fallbacks(
               ^^^^^^^^^^^^^^^^^^^^^^^^^^^^^^^^^
  File "C:\Users\saiem\Documents\GitHub-Data\sdv-dev\cfbfastR-dev\cfbfastR-cfb-raw\.venv\Lib\site-packages\polars\_utils\construction\series.py", line 370, in _construct_series_with_fallbacks
    return PySeries.new_from_any_values_and_dtype(
           ^^^^^^^^^^^^^^^^^^^^^^^^^^^^^^^^^^^^^^^
TypeError: unexpected value while building Series of type Int64; found value of type String: "team_id"

Hint: Try setting `strict=False` to allow passing data with mixed types.

During handling of the above exception, another exception occurred:

Traceback (most recent call last):
  File "C:\Users\saiem\Documents\GitHub-Data\sdv-dev\cfbfastR-dev\cfbfastR-cfb-raw\python\_cfb_raw_utils.py", line 93, in _safe
    return fn(*args, **kwargs)
           ^^^^^^^^^^^^^^^^^^^
  File "C:\Users\saiem\Documents\GitHub-Data\sdv-dev\cfbfastR-dev\cfbfastR-cfb-raw\python\scrape_cfb_json.py", line 42, in _rosters
    return sdv.cfb.espn_cfb_game_rosters(
           ^^^^^^^^^^^^^^^^^^^^^^^^^^^^^^
  File "C:\Users\saiem\Documents\GitHub-Data\sdv-dev\cfbfastR-dev\cfbfastR-cfb-raw\.venv\Lib\site-packages\sportsdataverse\cfb\cfb_game_rosters.py", line 67, in espn_cfb_game_rosters
    team_rosters = team_rosters.join(items[["team_id", "order", "home_away", "winner"]], how="left", on="team_id")
                                     ~~~~~^^^^^^^^^^^^^^^^^^^^^^^^^^^^^^^^^^^^^^^^^^^^^
  File "C:\Users\saiem\Documents\GitHub-Data\sdv-dev\cfbfastR-dev\cfbfastR-cfb-raw\.venv\Lib\site-packages\polars\dataframe\frame.py", line 1441, in __getitem__
    return get_df_item_by_key(self, key)
           ^^^^^^^^^^^^^^^^^^^^^^^^^^^^^
  File "C:\Users\saiem\Documents\GitHub-Data\sdv-dev\cfbfastR-dev\cfbfastR-cfb-raw\.venv\Lib\site-packages\polars\_utils\getitem.py", line 169, in get_df_item_by_key
    return _select_columns(df, key)
           ^^^^^^^^^^^^^^^^^^^^^^^^
  File "C:\Users\saiem\Documents\GitHub-Data\sdv-dev\cfbfastR-dev\cfbfastR-cfb-raw\.venv\Lib\site-packages\polars\_utils\getitem.py", line 217, in _select_columns
    return _select_columns_by_name(df, key)  # type: ignore[arg-type]
           ^^^^^^^^^^^^^^^^^^^^^^^^^^^^^^^^
  File "C:\Users\saiem\Documents\GitHub-Data\sdv-dev\cfbfastR-dev\cfbfastR-cfb-raw\.venv\Lib\site-packages\polars\_utils\getitem.py", line 269, in _select_columns_by_name
    return df._from_pydf(df._df.select(list(key)))
                         ^^^^^^^^^^^^^^^^^^^^^^^^
polars.exceptions.ColumnNotFoundError: "winner" not found
2026-06-17 02:09:09,181 ERROR extra fetch failed: _rosters(400547948,)
Traceback (most recent call last):
  File "C:\Users\saiem\Documents\GitHub-Data\sdv-dev\cfbfastR-dev\cfbfastR-cfb-raw\python\_cfb_raw_utils.py", line 93, in _safe
    return fn(*args, **kwargs)
           ^^^^^^^^^^^^^^^^^^^
  File "C:\Users\saiem\Documents\GitHub-Data\sdv-dev\cfbfastR-dev\cfbfastR-cfb-raw\python\scrape_cfb_json.py", line 42, in _rosters
    return sdv.cfb.espn_cfb_game_rosters(
           ^^^^^^^^^^^^^^^^^^^^^^^^^^^^^^
  File "C:\Users\saiem\Documents\GitHub-Data\sdv-dev\cfbfastR-dev\cfbfastR-cfb-raw\.venv\Lib\site-packages\sportsdataverse\cfb\cfb_game_rosters.py", line 66, in espn_cfb_game_rosters
    team_rosters = helper_cfb_roster_items(items=items, summary_url=summary_url, **kwargs)
                   ^^^^^^^^^^^^^^^^^^^^^^^^^^^^^^^^^^^^^^^^^^^^^^^^^^^^^^^^^^^^^^^^^^^^^^^
  File "C:\Users\saiem\Documents\GitHub-Data\sdv-dev\cfbfastR-dev\cfbfastR-cfb-raw\.venv\Lib\site-packages\sportsdataverse\cfb\cfb_game_rosters.py", line 207, in helper_cfb_roster_items
    raise NoESPNDataError(f"NoESPNDataError: No roster data found for any team at {summary_url}")
sportsdataverse.errors.NoESPNDataError: NoESPNDataError: No roster data found for any team at https://sports.core.api.espn.com/v2/sports/football/leagues/college-football/events/400547948/competitions/400547948/competitors
2026-06-17 02:13:14,432 ERROR extra fetch failed: _rosters(400547756,)
Traceback (most recent call last):
  File "C:\Users\saiem\Documents\GitHub-Data\sdv-dev\cfbfastR-dev\cfbfastR-cfb-raw\python\_cfb_raw_utils.py", line 93, in _safe
    return fn(*args, **kwargs)
           ^^^^^^^^^^^^^^^^^^^
  File "C:\Users\saiem\Documents\GitHub-Data\sdv-dev\cfbfastR-dev\cfbfastR-cfb-raw\python\scrape_cfb_json.py", line 42, in _rosters
    return sdv.cfb.espn_cfb_game_rosters(
           ^^^^^^^^^^^^^^^^^^^^^^^^^^^^^^
  File "C:\Users\saiem\Documents\GitHub-Data\sdv-dev\cfbfastR-dev\cfbfastR-cfb-raw\.venv\Lib\site-packages\sportsdataverse\cfb\cfb_game_rosters.py", line 66, in espn_cfb_game_rosters
    team_rosters = helper_cfb_roster_items(items=items, summary_url=summary_url, **kwargs)
                   ^^^^^^^^^^^^^^^^^^^^^^^^^^^^^^^^^^^^^^^^^^^^^^^^^^^^^^^^^^^^^^^^^^^^^^^
  File "C:\Users\saiem\Documents\GitHub-Data\sdv-dev\cfbfastR-dev\cfbfastR-cfb-raw\.venv\Lib\site-packages\sportsdataverse\cfb\cfb_game_rosters.py", line 207, in helper_cfb_roster_items
    raise NoESPNDataError(f"NoESPNDataError: No roster data found for any team at {summary_url}")
sportsdataverse.errors.NoESPNDataError: NoESPNDataError: No roster data found for any team at https://sports.core.api.espn.com/v2/sports/football/leagues/college-football/events/400547756/competitions/400547756/competitors
2026-06-17 02:16:17,362 ERROR extra fetch failed: _rosters(400548431,)
Traceback (most recent call last):
  File "C:\Users\saiem\Documents\GitHub-Data\sdv-dev\cfbfastR-dev\cfbfastR-cfb-raw\python\_cfb_raw_utils.py", line 93, in _safe
    return fn(*args, **kwargs)
           ^^^^^^^^^^^^^^^^^^^
  File "C:\Users\saiem\Documents\GitHub-Data\sdv-dev\cfbfastR-dev\cfbfastR-cfb-raw\python\scrape_cfb_json.py", line 42, in _rosters
    return sdv.cfb.espn_cfb_game_rosters(
           ^^^^^^^^^^^^^^^^^^^^^^^^^^^^^^
  File "C:\Users\saiem\Documents\GitHub-Data\sdv-dev\cfbfastR-dev\cfbfastR-cfb-raw\.venv\Lib\site-packages\sportsdataverse\cfb\cfb_game_rosters.py", line 66, in espn_cfb_game_rosters
    team_rosters = helper_cfb_roster_items(items=items, summary_url=summary_url, **kwargs)
                   ^^^^^^^^^^^^^^^^^^^^^^^^^^^^^^^^^^^^^^^^^^^^^^^^^^^^^^^^^^^^^^^^^^^^^^^
  File "C:\Users\saiem\Documents\GitHub-Data\sdv-dev\cfbfastR-dev\cfbfastR-cfb-raw\.venv\Lib\site-packages\sportsdataverse\cfb\cfb_game_rosters.py", line 207, in helper_cfb_roster_items
    raise NoESPNDataError(f"NoESPNDataError: No roster data found for any team at {summary_url}")
sportsdataverse.errors.NoESPNDataError: NoESPNDataError: No roster data found for any team at https://sports.core.api.espn.com/v2/sports/football/leagues/college-football/events/400548431/competitions/400548431/competitors
2026-06-17 02:17:19,023 ERROR extra fetch failed: _rosters(400547949,)
Traceback (most recent call last):
  File "C:\Users\saiem\Documents\GitHub-Data\sdv-dev\cfbfastR-dev\cfbfastR-cfb-raw\python\_cfb_raw_utils.py", line 93, in _safe
    return fn(*args, **kwargs)
           ^^^^^^^^^^^^^^^^^^^
  File "C:\Users\saiem\Documents\GitHub-Data\sdv-dev\cfbfastR-dev\cfbfastR-cfb-raw\python\scrape_cfb_json.py", line 42, in _rosters
    return sdv.cfb.espn_cfb_game_rosters(
           ^^^^^^^^^^^^^^^^^^^^^^^^^^^^^^
  File "C:\Users\saiem\Documents\GitHub-Data\sdv-dev\cfbfastR-dev\cfbfastR-cfb-raw\.venv\Lib\site-packages\sportsdataverse\cfb\cfb_game_rosters.py", line 66, in espn_cfb_game_rosters
    team_rosters = helper_cfb_roster_items(items=items, summary_url=summary_url, **kwargs)
                   ^^^^^^^^^^^^^^^^^^^^^^^^^^^^^^^^^^^^^^^^^^^^^^^^^^^^^^^^^^^^^^^^^^^^^^^
  File "C:\Users\saiem\Documents\GitHub-Data\sdv-dev\cfbfastR-dev\cfbfastR-cfb-raw\.venv\Lib\site-packages\sportsdataverse\cfb\cfb_game_rosters.py", line 207, in helper_cfb_roster_items
    raise NoESPNDataError(f"NoESPNDataError: No roster data found for any team at {summary_url}")
sportsdataverse.errors.NoESPNDataError: NoESPNDataError: No roster data found for any team at https://sports.core.api.espn.com/v2/sports/football/leagues/college-football/events/400547949/competitions/400547949/competitors
2026-06-17 02:19:25,973 ERROR extra fetch failed: _rosters(400547776,)
Traceback (most recent call last):
  File "C:\Users\saiem\Documents\GitHub-Data\sdv-dev\cfbfastR-dev\cfbfastR-cfb-raw\python\_cfb_raw_utils.py", line 93, in _safe
    return fn(*args, **kwargs)
           ^^^^^^^^^^^^^^^^^^^
  File "C:\Users\saiem\Documents\GitHub-Data\sdv-dev\cfbfastR-dev\cfbfastR-cfb-raw\python\scrape_cfb_json.py", line 42, in _rosters
    return sdv.cfb.espn_cfb_game_rosters(
           ^^^^^^^^^^^^^^^^^^^^^^^^^^^^^^
  File "C:\Users\saiem\Documents\GitHub-Data\sdv-dev\cfbfastR-dev\cfbfastR-cfb-raw\.venv\Lib\site-packages\sportsdataverse\cfb\cfb_game_rosters.py", line 66, in espn_cfb_game_rosters
    team_rosters = helper_cfb_roster_items(items=items, summary_url=summary_url, **kwargs)
                   ^^^^^^^^^^^^^^^^^^^^^^^^^^^^^^^^^^^^^^^^^^^^^^^^^^^^^^^^^^^^^^^^^^^^^^^
  File "C:\Users\saiem\Documents\GitHub-Data\sdv-dev\cfbfastR-dev\cfbfastR-cfb-raw\.venv\Lib\site-packages\sportsdataverse\cfb\cfb_game_rosters.py", line 207, in helper_cfb_roster_items
    raise NoESPNDataError(f"NoESPNDataError: No roster data found for any team at {summary_url}")
sportsdataverse.errors.NoESPNDataError: NoESPNDataError: No roster data found for any team at https://sports.core.api.espn.com/v2/sports/football/leagues/college-football/events/400547776/competitions/400547776/competitors
2026-06-17 02:21:19,193 ERROR extra fetch failed: _rosters(400547884,)
Traceback (most recent call last):
  File "C:\Users\saiem\Documents\GitHub-Data\sdv-dev\cfbfastR-dev\cfbfastR-cfb-raw\python\_cfb_raw_utils.py", line 93, in _safe
    return fn(*args, **kwargs)
           ^^^^^^^^^^^^^^^^^^^
  File "C:\Users\saiem\Documents\GitHub-Data\sdv-dev\cfbfastR-dev\cfbfastR-cfb-raw\python\scrape_cfb_json.py", line 42, in _rosters
    return sdv.cfb.espn_cfb_game_rosters(
           ^^^^^^^^^^^^^^^^^^^^^^^^^^^^^^
  File "C:\Users\saiem\Documents\GitHub-Data\sdv-dev\cfbfastR-dev\cfbfastR-cfb-raw\.venv\Lib\site-packages\sportsdataverse\cfb\cfb_game_rosters.py", line 66, in espn_cfb_game_rosters
    team_rosters = helper_cfb_roster_items(items=items, summary_url=summary_url, **kwargs)
                   ^^^^^^^^^^^^^^^^^^^^^^^^^^^^^^^^^^^^^^^^^^^^^^^^^^^^^^^^^^^^^^^^^^^^^^^
  File "C:\Users\saiem\Documents\GitHub-Data\sdv-dev\cfbfastR-dev\cfbfastR-cfb-raw\.venv\Lib\site-packages\sportsdataverse\cfb\cfb_game_rosters.py", line 207, in helper_cfb_roster_items
    raise NoESPNDataError(f"NoESPNDataError: No roster data found for any team at {summary_url}")
sportsdataverse.errors.NoESPNDataError: NoESPNDataError: No roster data found for any team at https://sports.core.api.espn.com/v2/sports/football/leagues/college-football/events/400547884/competitions/400547884/competitors
2026-06-17 02:21:37,761 ERROR extra fetch failed: _rosters(400547703,)
Traceback (most recent call last):
  File "C:\Users\saiem\Documents\GitHub-Data\sdv-dev\cfbfastR-dev\cfbfastR-cfb-raw\python\_cfb_raw_utils.py", line 93, in _safe
    return fn(*args, **kwargs)
           ^^^^^^^^^^^^^^^^^^^
  File "C:\Users\saiem\Documents\GitHub-Data\sdv-dev\cfbfastR-dev\cfbfastR-cfb-raw\python\scrape_cfb_json.py", line 42, in _rosters
    return sdv.cfb.espn_cfb_game_rosters(
           ^^^^^^^^^^^^^^^^^^^^^^^^^^^^^^
  File "C:\Users\saiem\Documents\GitHub-Data\sdv-dev\cfbfastR-dev\cfbfastR-cfb-raw\.venv\Lib\site-packages\sportsdataverse\cfb\cfb_game_rosters.py", line 66, in espn_cfb_game_rosters
    team_rosters = helper_cfb_roster_items(items=items, summary_url=summary_url, **kwargs)
                   ^^^^^^^^^^^^^^^^^^^^^^^^^^^^^^^^^^^^^^^^^^^^^^^^^^^^^^^^^^^^^^^^^^^^^^^
  File "C:\Users\saiem\Documents\GitHub-Data\sdv-dev\cfbfastR-dev\cfbfastR-cfb-raw\.venv\Lib\site-packages\sportsdataverse\cfb\cfb_game_rosters.py", line 207, in helper_cfb_roster_items
    raise NoESPNDataError(f"NoESPNDataError: No roster data found for any team at {summary_url}")
sportsdataverse.errors.NoESPNDataError: NoESPNDataError: No roster data found for any team at https://sports.core.api.espn.com/v2/sports/football/leagues/college-football/events/400547703/competitions/400547703/competitors
2026-06-17 02:22:13,326 ERROR extra fetch failed: _rosters(400548061,)
Traceback (most recent call last):
  File "C:\Users\saiem\Documents\GitHub-Data\sdv-dev\cfbfastR-dev\cfbfastR-cfb-raw\python\_cfb_raw_utils.py", line 93, in _safe
    return fn(*args, **kwargs)
           ^^^^^^^^^^^^^^^^^^^
  File "C:\Users\saiem\Documents\GitHub-Data\sdv-dev\cfbfastR-dev\cfbfastR-cfb-raw\python\scrape_cfb_json.py", line 42, in _rosters
    return sdv.cfb.espn_cfb_game_rosters(
           ^^^^^^^^^^^^^^^^^^^^^^^^^^^^^^
  File "C:\Users\saiem\Documents\GitHub-Data\sdv-dev\cfbfastR-dev\cfbfastR-cfb-raw\.venv\Lib\site-packages\sportsdataverse\cfb\cfb_game_rosters.py", line 66, in espn_cfb_game_rosters
    team_rosters = helper_cfb_roster_items(items=items, summary_url=summary_url, **kwargs)
                   ^^^^^^^^^^^^^^^^^^^^^^^^^^^^^^^^^^^^^^^^^^^^^^^^^^^^^^^^^^^^^^^^^^^^^^^
  File "C:\Users\saiem\Documents\GitHub-Data\sdv-dev\cfbfastR-dev\cfbfastR-cfb-raw\.venv\Lib\site-packages\sportsdataverse\cfb\cfb_game_rosters.py", line 207, in helper_cfb_roster_items
    raise NoESPNDataError(f"NoESPNDataError: No roster data found for any team at {summary_url}")
sportsdataverse.errors.NoESPNDataError: NoESPNDataError: No roster data found for any team at https://sports.core.api.espn.com/v2/sports/football/leagues/college-football/events/400548061/competitions/400548061/competitors
2026-06-17 02:22:22,499 ERROR extra fetch failed: _rosters(400547792,)
Traceback (most recent call last):
  File "C:\Users\saiem\Documents\GitHub-Data\sdv-dev\cfbfastR-dev\cfbfastR-cfb-raw\python\_cfb_raw_utils.py", line 93, in _safe
    return fn(*args, **kwargs)
           ^^^^^^^^^^^^^^^^^^^
  File "C:\Users\saiem\Documents\GitHub-Data\sdv-dev\cfbfastR-dev\cfbfastR-cfb-raw\python\scrape_cfb_json.py", line 42, in _rosters
    return sdv.cfb.espn_cfb_game_rosters(
           ^^^^^^^^^^^^^^^^^^^^^^^^^^^^^^
  File "C:\Users\saiem\Documents\GitHub-Data\sdv-dev\cfbfastR-dev\cfbfastR-cfb-raw\.venv\Lib\site-packages\sportsdataverse\cfb\cfb_game_rosters.py", line 66, in espn_cfb_game_rosters
    team_rosters = helper_cfb_roster_items(items=items, summary_url=summary_url, **kwargs)
                   ^^^^^^^^^^^^^^^^^^^^^^^^^^^^^^^^^^^^^^^^^^^^^^^^^^^^^^^^^^^^^^^^^^^^^^^
  File "C:\Users\saiem\Documents\GitHub-Data\sdv-dev\cfbfastR-dev\cfbfastR-cfb-raw\.venv\Lib\site-packages\sportsdataverse\cfb\cfb_game_rosters.py", line 207, in helper_cfb_roster_items
    raise NoESPNDataError(f"NoESPNDataError: No roster data found for any team at {summary_url}")
sportsdataverse.errors.NoESPNDataError: NoESPNDataError: No roster data found for any team at https://sports.core.api.espn.com/v2/sports/football/leagues/college-football/events/400547792/competitions/400547792/competitors
2026-06-17 02:22:47,106 ERROR extra fetch failed: _rosters(400547777,)
Traceback (most recent call last):
  File "C:\Users\saiem\Documents\GitHub-Data\sdv-dev\cfbfastR-dev\cfbfastR-cfb-raw\python\_cfb_raw_utils.py", line 93, in _safe
    return fn(*args, **kwargs)
           ^^^^^^^^^^^^^^^^^^^
  File "C:\Users\saiem\Documents\GitHub-Data\sdv-dev\cfbfastR-dev\cfbfastR-cfb-raw\python\scrape_cfb_json.py", line 42, in _rosters
    return sdv.cfb.espn_cfb_game_rosters(
           ^^^^^^^^^^^^^^^^^^^^^^^^^^^^^^
  File "C:\Users\saiem\Documents\GitHub-Data\sdv-dev\cfbfastR-dev\cfbfastR-cfb-raw\.venv\Lib\site-packages\sportsdataverse\cfb\cfb_game_rosters.py", line 66, in espn_cfb_game_rosters
    team_rosters = helper_cfb_roster_items(items=items, summary_url=summary_url, **kwargs)
                   ^^^^^^^^^^^^^^^^^^^^^^^^^^^^^^^^^^^^^^^^^^^^^^^^^^^^^^^^^^^^^^^^^^^^^^^
  File "C:\Users\saiem\Documents\GitHub-Data\sdv-dev\cfbfastR-dev\cfbfastR-cfb-raw\.venv\Lib\site-packages\sportsdataverse\cfb\cfb_game_rosters.py", line 207, in helper_cfb_roster_items
    raise NoESPNDataError(f"NoESPNDataError: No roster data found for any team at {summary_url}")
sportsdataverse.errors.NoESPNDataError: NoESPNDataError: No roster data found for any team at https://sports.core.api.espn.com/v2/sports/football/leagues/college-football/events/400547777/competitions/400547777/competitors
2026-06-17 02:24:04,201 ERROR extra fetch failed: _rosters(400547881,)
Traceback (most recent call last):
  File "C:\Users\saiem\Documents\GitHub-Data\sdv-dev\cfbfastR-dev\cfbfastR-cfb-raw\python\_cfb_raw_utils.py", line 93, in _safe
    return fn(*args, **kwargs)
           ^^^^^^^^^^^^^^^^^^^
  File "C:\Users\saiem\Documents\GitHub-Data\sdv-dev\cfbfastR-dev\cfbfastR-cfb-raw\python\scrape_cfb_json.py", line 42, in _rosters
    return sdv.cfb.espn_cfb_game_rosters(
           ^^^^^^^^^^^^^^^^^^^^^^^^^^^^^^
  File "C:\Users\saiem\Documents\GitHub-Data\sdv-dev\cfbfastR-dev\cfbfastR-cfb-raw\.venv\Lib\site-packages\sportsdataverse\cfb\cfb_game_rosters.py", line 66, in espn_cfb_game_rosters
    team_rosters = helper_cfb_roster_items(items=items, summary_url=summary_url, **kwargs)
                   ^^^^^^^^^^^^^^^^^^^^^^^^^^^^^^^^^^^^^^^^^^^^^^^^^^^^^^^^^^^^^^^^^^^^^^^
  File "C:\Users\saiem\Documents\GitHub-Data\sdv-dev\cfbfastR-dev\cfbfastR-cfb-raw\.venv\Lib\site-packages\sportsdataverse\cfb\cfb_game_rosters.py", line 207, in helper_cfb_roster_items
    raise NoESPNDataError(f"NoESPNDataError: No roster data found for any team at {summary_url}")
sportsdataverse.errors.NoESPNDataError: NoESPNDataError: No roster data found for any team at https://sports.core.api.espn.com/v2/sports/football/leagues/college-football/events/400547881/competitions/400547881/competitors
2026-06-17 02:24:07,715 ERROR extra fetch failed: _rosters(400548066,)
Traceback (most recent call last):
  File "C:\Users\saiem\Documents\GitHub-Data\sdv-dev\cfbfastR-dev\cfbfastR-cfb-raw\python\_cfb_raw_utils.py", line 93, in _safe
    return fn(*args, **kwargs)
           ^^^^^^^^^^^^^^^^^^^
  File "C:\Users\saiem\Documents\GitHub-Data\sdv-dev\cfbfastR-dev\cfbfastR-cfb-raw\python\scrape_cfb_json.py", line 42, in _rosters
    return sdv.cfb.espn_cfb_game_rosters(
           ^^^^^^^^^^^^^^^^^^^^^^^^^^^^^^
  File "C:\Users\saiem\Documents\GitHub-Data\sdv-dev\cfbfastR-dev\cfbfastR-cfb-raw\.venv\Lib\site-packages\sportsdataverse\cfb\cfb_game_rosters.py", line 66, in espn_cfb_game_rosters
    team_rosters = helper_cfb_roster_items(items=items, summary_url=summary_url, **kwargs)
                   ^^^^^^^^^^^^^^^^^^^^^^^^^^^^^^^^^^^^^^^^^^^^^^^^^^^^^^^^^^^^^^^^^^^^^^^
  File "C:\Users\saiem\Documents\GitHub-Data\sdv-dev\cfbfastR-dev\cfbfastR-cfb-raw\.venv\Lib\site-packages\sportsdataverse\cfb\cfb_game_rosters.py", line 207, in helper_cfb_roster_items
    raise NoESPNDataError(f"NoESPNDataError: No roster data found for any team at {summary_url}")
sportsdataverse.errors.NoESPNDataError: NoESPNDataError: No roster data found for any team at https://sports.core.api.espn.com/v2/sports/football/leagues/college-football/events/400548066/competitions/400548066/competitors
2026-06-17 02:25:15,702 ERROR extra fetch failed: _rosters(400548346,)
Traceback (most recent call last):
  File "C:\Users\saiem\Documents\GitHub-Data\sdv-dev\cfbfastR-dev\cfbfastR-cfb-raw\python\_cfb_raw_utils.py", line 93, in _safe
    return fn(*args, **kwargs)
           ^^^^^^^^^^^^^^^^^^^
  File "C:\Users\saiem\Documents\GitHub-Data\sdv-dev\cfbfastR-dev\cfbfastR-cfb-raw\python\scrape_cfb_json.py", line 42, in _rosters
    return sdv.cfb.espn_cfb_game_rosters(
           ^^^^^^^^^^^^^^^^^^^^^^^^^^^^^^
  File "C:\Users\saiem\Documents\GitHub-Data\sdv-dev\cfbfastR-dev\cfbfastR-cfb-raw\.venv\Lib\site-packages\sportsdataverse\cfb\cfb_game_rosters.py", line 66, in espn_cfb_game_rosters
    team_rosters = helper_cfb_roster_items(items=items, summary_url=summary_url, **kwargs)
                   ^^^^^^^^^^^^^^^^^^^^^^^^^^^^^^^^^^^^^^^^^^^^^^^^^^^^^^^^^^^^^^^^^^^^^^^
  File "C:\Users\saiem\Documents\GitHub-Data\sdv-dev\cfbfastR-dev\cfbfastR-cfb-raw\.venv\Lib\site-packages\sportsdataverse\cfb\cfb_game_rosters.py", line 207, in helper_cfb_roster_items
    raise NoESPNDataError(f"NoESPNDataError: No roster data found for any team at {summary_url}")
sportsdataverse.errors.NoESPNDataError: NoESPNDataError: No roster data found for any team at https://sports.core.api.espn.com/v2/sports/football/leagues/college-football/events/400548346/competitions/400548346/competitors
2026-06-17 02:29:38,446 ERROR extra fetch failed: _rosters(400548347,)
Traceback (most recent call last):
  File "C:\Users\saiem\Documents\GitHub-Data\sdv-dev\cfbfastR-dev\cfbfastR-cfb-raw\python\_cfb_raw_utils.py", line 93, in _safe
    return fn(*args, **kwargs)
           ^^^^^^^^^^^^^^^^^^^
  File "C:\Users\saiem\Documents\GitHub-Data\sdv-dev\cfbfastR-dev\cfbfastR-cfb-raw\python\scrape_cfb_json.py", line 42, in _rosters
    return sdv.cfb.espn_cfb_game_rosters(
           ^^^^^^^^^^^^^^^^^^^^^^^^^^^^^^
  File "C:\Users\saiem\Documents\GitHub-Data\sdv-dev\cfbfastR-dev\cfbfastR-cfb-raw\.venv\Lib\site-packages\sportsdataverse\cfb\cfb_game_rosters.py", line 66, in espn_cfb_game_rosters
    team_rosters = helper_cfb_roster_items(items=items, summary_url=summary_url, **kwargs)
                   ^^^^^^^^^^^^^^^^^^^^^^^^^^^^^^^^^^^^^^^^^^^^^^^^^^^^^^^^^^^^^^^^^^^^^^^
  File "C:\Users\saiem\Documents\GitHub-Data\sdv-dev\cfbfastR-dev\cfbfastR-cfb-raw\.venv\Lib\site-packages\sportsdataverse\cfb\cfb_game_rosters.py", line 207, in helper_cfb_roster_items
    raise NoESPNDataError(f"NoESPNDataError: No roster data found for any team at {summary_url}")
sportsdataverse.errors.NoESPNDataError: NoESPNDataError: No roster data found for any team at https://sports.core.api.espn.com/v2/sports/football/leagues/college-football/events/400548347/competitions/400548347/competitors
2026-06-17 02:31:31,470 ERROR extra fetch failed: _rosters(400548307,)
Traceback (most recent call last):
  File "C:\Users\saiem\Documents\GitHub-Data\sdv-dev\cfbfastR-dev\cfbfastR-cfb-raw\python\_cfb_raw_utils.py", line 93, in _safe
    return fn(*args, **kwargs)
           ^^^^^^^^^^^^^^^^^^^
  File "C:\Users\saiem\Documents\GitHub-Data\sdv-dev\cfbfastR-dev\cfbfastR-cfb-raw\python\scrape_cfb_json.py", line 42, in _rosters
    return sdv.cfb.espn_cfb_game_rosters(
           ^^^^^^^^^^^^^^^^^^^^^^^^^^^^^^
  File "C:\Users\saiem\Documents\GitHub-Data\sdv-dev\cfbfastR-dev\cfbfastR-cfb-raw\.venv\Lib\site-packages\sportsdataverse\cfb\cfb_game_rosters.py", line 66, in espn_cfb_game_rosters
    team_rosters = helper_cfb_roster_items(items=items, summary_url=summary_url, **kwargs)
                   ^^^^^^^^^^^^^^^^^^^^^^^^^^^^^^^^^^^^^^^^^^^^^^^^^^^^^^^^^^^^^^^^^^^^^^^
  File "C:\Users\saiem\Documents\GitHub-Data\sdv-dev\cfbfastR-dev\cfbfastR-cfb-raw\.venv\Lib\site-packages\sportsdataverse\cfb\cfb_game_rosters.py", line 207, in helper_cfb_roster_items
    raise NoESPNDataError(f"NoESPNDataError: No roster data found for any team at {summary_url}")
sportsdataverse.errors.NoESPNDataError: NoESPNDataError: No roster data found for any team at https://sports.core.api.espn.com/v2/sports/football/leagues/college-football/events/400548307/competitions/400548307/competitors
2026-06-17 02:35:04,241 ERROR extra fetch failed: _rosters(400547891,)
Traceback (most recent call last):
  File "C:\Users\saiem\Documents\GitHub-Data\sdv-dev\cfbfastR-dev\cfbfastR-cfb-raw\python\_cfb_raw_utils.py", line 93, in _safe
    return fn(*args, **kwargs)
           ^^^^^^^^^^^^^^^^^^^
  File "C:\Users\saiem\Documents\GitHub-Data\sdv-dev\cfbfastR-dev\cfbfastR-cfb-raw\python\scrape_cfb_json.py", line 42, in _rosters
    return sdv.cfb.espn_cfb_game_rosters(
           ^^^^^^^^^^^^^^^^^^^^^^^^^^^^^^
  File "C:\Users\saiem\Documents\GitHub-Data\sdv-dev\cfbfastR-dev\cfbfastR-cfb-raw\.venv\Lib\site-packages\sportsdataverse\cfb\cfb_game_rosters.py", line 66, in espn_cfb_game_rosters
    team_rosters = helper_cfb_roster_items(items=items, summary_url=summary_url, **kwargs)
                   ^^^^^^^^^^^^^^^^^^^^^^^^^^^^^^^^^^^^^^^^^^^^^^^^^^^^^^^^^^^^^^^^^^^^^^^
  File "C:\Users\saiem\Documents\GitHub-Data\sdv-dev\cfbfastR-dev\cfbfastR-cfb-raw\.venv\Lib\site-packages\sportsdataverse\cfb\cfb_game_rosters.py", line 207, in helper_cfb_roster_items
    raise NoESPNDataError(f"NoESPNDataError: No roster data found for any team at {summary_url}")
sportsdataverse.errors.NoESPNDataError: NoESPNDataError: No roster data found for any team at https://sports.core.api.espn.com/v2/sports/football/leagues/college-football/events/400547891/competitions/400547891/competitors
2026-06-17 02:35:09,449 ERROR extra fetch failed: _rosters(400548449,)
Traceback (most recent call last):
  File "C:\Users\saiem\Documents\GitHub-Data\sdv-dev\cfbfastR-dev\cfbfastR-cfb-raw\python\_cfb_raw_utils.py", line 93, in _safe
    return fn(*args, **kwargs)
           ^^^^^^^^^^^^^^^^^^^
  File "C:\Users\saiem\Documents\GitHub-Data\sdv-dev\cfbfastR-dev\cfbfastR-cfb-raw\python\scrape_cfb_json.py", line 42, in _rosters
    return sdv.cfb.espn_cfb_game_rosters(
           ^^^^^^^^^^^^^^^^^^^^^^^^^^^^^^
  File "C:\Users\saiem\Documents\GitHub-Data\sdv-dev\cfbfastR-dev\cfbfastR-cfb-raw\.venv\Lib\site-packages\sportsdataverse\cfb\cfb_game_rosters.py", line 66, in espn_cfb_game_rosters
    team_rosters = helper_cfb_roster_items(items=items, summary_url=summary_url, **kwargs)
                   ^^^^^^^^^^^^^^^^^^^^^^^^^^^^^^^^^^^^^^^^^^^^^^^^^^^^^^^^^^^^^^^^^^^^^^^
  File "C:\Users\saiem\Documents\GitHub-Data\sdv-dev\cfbfastR-dev\cfbfastR-cfb-raw\.venv\Lib\site-packages\sportsdataverse\cfb\cfb_game_rosters.py", line 207, in helper_cfb_roster_items
    raise NoESPNDataError(f"NoESPNDataError: No roster data found for any team at {summary_url}")
sportsdataverse.errors.NoESPNDataError: NoESPNDataError: No roster data found for any team at https://sports.core.api.espn.com/v2/sports/football/leagues/college-football/events/400548449/competitions/400548449/competitors
2026-06-17 02:35:29,123 ERROR extra fetch failed: _rosters(400548158,)
Traceback (most recent call last):
  File "C:\Users\saiem\Documents\GitHub-Data\sdv-dev\cfbfastR-dev\cfbfastR-cfb-raw\python\_cfb_raw_utils.py", line 93, in _safe
    return fn(*args, **kwargs)
           ^^^^^^^^^^^^^^^^^^^
  File "C:\Users\saiem\Documents\GitHub-Data\sdv-dev\cfbfastR-dev\cfbfastR-cfb-raw\python\scrape_cfb_json.py", line 42, in _rosters
    return sdv.cfb.espn_cfb_game_rosters(
           ^^^^^^^^^^^^^^^^^^^^^^^^^^^^^^
  File "C:\Users\saiem\Documents\GitHub-Data\sdv-dev\cfbfastR-dev\cfbfastR-cfb-raw\.venv\Lib\site-packages\sportsdataverse\cfb\cfb_game_rosters.py", line 66, in espn_cfb_game_rosters
    team_rosters = helper_cfb_roster_items(items=items, summary_url=summary_url, **kwargs)
                   ^^^^^^^^^^^^^^^^^^^^^^^^^^^^^^^^^^^^^^^^^^^^^^^^^^^^^^^^^^^^^^^^^^^^^^^
  File "C:\Users\saiem\Documents\GitHub-Data\sdv-dev\cfbfastR-dev\cfbfastR-cfb-raw\.venv\Lib\site-packages\sportsdataverse\cfb\cfb_game_rosters.py", line 207, in helper_cfb_roster_items
    raise NoESPNDataError(f"NoESPNDataError: No roster data found for any team at {summary_url}")
sportsdataverse.errors.NoESPNDataError: NoESPNDataError: No roster data found for any team at https://sports.core.api.espn.com/v2/sports/football/leagues/college-football/events/400548158/competitions/400548158/competitors
2026-06-17 02:35:34,735 ERROR extra fetch failed: _rosters(400548160,)
Traceback (most recent call last):
  File "C:\Users\saiem\Documents\GitHub-Data\sdv-dev\cfbfastR-dev\cfbfastR-cfb-raw\python\_cfb_raw_utils.py", line 93, in _safe
    return fn(*args, **kwargs)
           ^^^^^^^^^^^^^^^^^^^
  File "C:\Users\saiem\Documents\GitHub-Data\sdv-dev\cfbfastR-dev\cfbfastR-cfb-raw\python\scrape_cfb_json.py", line 42, in _rosters
    return sdv.cfb.espn_cfb_game_rosters(
           ^^^^^^^^^^^^^^^^^^^^^^^^^^^^^^
  File "C:\Users\saiem\Documents\GitHub-Data\sdv-dev\cfbfastR-dev\cfbfastR-cfb-raw\.venv\Lib\site-packages\sportsdataverse\cfb\cfb_game_rosters.py", line 66, in espn_cfb_game_rosters
    team_rosters = helper_cfb_roster_items(items=items, summary_url=summary_url, **kwargs)
                   ^^^^^^^^^^^^^^^^^^^^^^^^^^^^^^^^^^^^^^^^^^^^^^^^^^^^^^^^^^^^^^^^^^^^^^^
  File "C:\Users\saiem\Documents\GitHub-Data\sdv-dev\cfbfastR-dev\cfbfastR-cfb-raw\.venv\Lib\site-packages\sportsdataverse\cfb\cfb_game_rosters.py", line 207, in helper_cfb_roster_items
    raise NoESPNDataError(f"NoESPNDataError: No roster data found for any team at {summary_url}")
sportsdataverse.errors.NoESPNDataError: NoESPNDataError: No roster data found for any team at https://sports.core.api.espn.com/v2/sports/football/leagues/college-football/events/400548160/competitions/400548160/competitors
2026-06-17 02:36:02,983 ERROR extra fetch failed: _rosters(400607987,)
Traceback (most recent call last):
  File "C:\Users\saiem\Documents\GitHub-Data\sdv-dev\cfbfastR-dev\cfbfastR-cfb-raw\.venv\Lib\site-packages\polars\_utils\construction\series.py", line 355, in _construct_series_with_fallbacks
    return constructor(name, values, strict)
           ^^^^^^^^^^^^^^^^^^^^^^^^^^^^^^^^^
TypeError: 'str' object cannot be interpreted as an integer

During handling of the above exception, another exception occurred:

Traceback (most recent call last):
  File "C:\Users\saiem\Documents\GitHub-Data\sdv-dev\cfbfastR-dev\cfbfastR-cfb-raw\.venv\Lib\site-packages\polars\_utils\getitem.py", line 167, in get_df_item_by_key
    return _select_rows(df, key)  # type: ignore[arg-type]
           ^^^^^^^^^^^^^^^^^^^^^
  File "C:\Users\saiem\Documents\GitHub-Data\sdv-dev\cfbfastR-dev\cfbfastR-cfb-raw\.venv\Lib\site-packages\polars\_utils\getitem.py", line 314, in _select_rows
    s = pl.Series("", key, dtype=Int64)
        ^^^^^^^^^^^^^^^^^^^^^^^^^^^^^^^
  File "C:\Users\saiem\Documents\GitHub-Data\sdv-dev\cfbfastR-dev\cfbfastR-cfb-raw\.venv\Lib\site-packages\polars\series\series.py", line 296, in __init__
    self._s = sequence_to_pyseries(
              ^^^^^^^^^^^^^^^^^^^^^
  File "C:\Users\saiem\Documents\GitHub-Data\sdv-dev\cfbfastR-dev\cfbfastR-cfb-raw\.venv\Lib\site-packages\polars\_utils\construction\series.py", line 164, in sequence_to_pyseries
    pyseries = _construct_series_with_fallbacks(
               ^^^^^^^^^^^^^^^^^^^^^^^^^^^^^^^^^
  File "C:\Users\saiem\Documents\GitHub-Data\sdv-dev\cfbfastR-dev\cfbfastR-cfb-raw\.venv\Lib\site-packages\polars\_utils\construction\series.py", line 370, in _construct_series_with_fallbacks
    return PySeries.new_from_any_values_and_dtype(
           ^^^^^^^^^^^^^^^^^^^^^^^^^^^^^^^^^^^^^^^
TypeError: unexpected value while building Series of type Int64; found value of type String: "team_id"

Hint: Try setting `strict=False` to allow passing data with mixed types.

During handling of the above exception, another exception occurred:

Traceback (most recent call last):
  File "C:\Users\saiem\Documents\GitHub-Data\sdv-dev\cfbfastR-dev\cfbfastR-cfb-raw\python\_cfb_raw_utils.py", line 93, in _safe
    return fn(*args, **kwargs)
           ^^^^^^^^^^^^^^^^^^^
  File "C:\Users\saiem\Documents\GitHub-Data\sdv-dev\cfbfastR-dev\cfbfastR-cfb-raw\python\scrape_cfb_json.py", line 42, in _rosters
    return sdv.cfb.espn_cfb_game_rosters(
           ^^^^^^^^^^^^^^^^^^^^^^^^^^^^^^
  File "C:\Users\saiem\Documents\GitHub-Data\sdv-dev\cfbfastR-dev\cfbfastR-cfb-raw\.venv\Lib\site-packages\sportsdataverse\cfb\cfb_game_rosters.py", line 67, in espn_cfb_game_rosters
    team_rosters = team_rosters.join(items[["team_id", "order", "home_away", "winner"]], how="left", on="team_id")
                                     ~~~~~^^^^^^^^^^^^^^^^^^^^^^^^^^^^^^^^^^^^^^^^^^^^^
  File "C:\Users\saiem\Documents\GitHub-Data\sdv-dev\cfbfastR-dev\cfbfastR-cfb-raw\.venv\Lib\site-packages\polars\dataframe\frame.py", line 1441, in __getitem__
    return get_df_item_by_key(self, key)
           ^^^^^^^^^^^^^^^^^^^^^^^^^^^^^
  File "C:\Users\saiem\Documents\GitHub-Data\sdv-dev\cfbfastR-dev\cfbfastR-cfb-raw\.venv\Lib\site-packages\polars\_utils\getitem.py", line 169, in get_df_item_by_key
    return _select_columns(df, key)
           ^^^^^^^^^^^^^^^^^^^^^^^^
  File "C:\Users\saiem\Documents\GitHub-Data\sdv-dev\cfbfastR-dev\cfbfastR-cfb-raw\.venv\Lib\site-packages\polars\_utils\getitem.py", line 217, in _select_columns
    return _select_columns_by_name(df, key)  # type: ignore[arg-type]
           ^^^^^^^^^^^^^^^^^^^^^^^^^^^^^^^^
  File "C:\Users\saiem\Documents\GitHub-Data\sdv-dev\cfbfastR-dev\cfbfastR-cfb-raw\.venv\Lib\site-packages\polars\_utils\getitem.py", line 269, in _select_columns_by_name
    return df._from_pydf(df._df.select(list(key)))
                         ^^^^^^^^^^^^^^^^^^^^^^^^
polars.exceptions.ColumnNotFoundError: "winner" not found
2026-06-17 02:37:25,873 ERROR extra fetch failed: _rosters(400548329,)
Traceback (most recent call last):
  File "C:\Users\saiem\Documents\GitHub-Data\sdv-dev\cfbfastR-dev\cfbfastR-cfb-raw\python\_cfb_raw_utils.py", line 93, in _safe
    return fn(*args, **kwargs)
           ^^^^^^^^^^^^^^^^^^^
  File "C:\Users\saiem\Documents\GitHub-Data\sdv-dev\cfbfastR-dev\cfbfastR-cfb-raw\python\scrape_cfb_json.py", line 42, in _rosters
    return sdv.cfb.espn_cfb_game_rosters(
           ^^^^^^^^^^^^^^^^^^^^^^^^^^^^^^
  File "C:\Users\saiem\Documents\GitHub-Data\sdv-dev\cfbfastR-dev\cfbfastR-cfb-raw\.venv\Lib\site-packages\sportsdataverse\cfb\cfb_game_rosters.py", line 66, in espn_cfb_game_rosters
    team_rosters = helper_cfb_roster_items(items=items, summary_url=summary_url, **kwargs)
                   ^^^^^^^^^^^^^^^^^^^^^^^^^^^^^^^^^^^^^^^^^^^^^^^^^^^^^^^^^^^^^^^^^^^^^^^
  File "C:\Users\saiem\Documents\GitHub-Data\sdv-dev\cfbfastR-dev\cfbfastR-cfb-raw\.venv\Lib\site-packages\sportsdataverse\cfb\cfb_game_rosters.py", line 207, in helper_cfb_roster_items
    raise NoESPNDataError(f"NoESPNDataError: No roster data found for any team at {summary_url}")
sportsdataverse.errors.NoESPNDataError: NoESPNDataError: No roster data found for any team at https://sports.core.api.espn.com/v2/sports/football/leagues/college-football/events/400548329/competitions/400548329/competitors
2026-06-17 02:38:52,171 ERROR extra fetch failed: _rosters(400548082,)
Traceback (most recent call last):
  File "C:\Users\saiem\Documents\GitHub-Data\sdv-dev\cfbfastR-dev\cfbfastR-cfb-raw\python\_cfb_raw_utils.py", line 93, in _safe
    return fn(*args, **kwargs)
           ^^^^^^^^^^^^^^^^^^^
  File "C:\Users\saiem\Documents\GitHub-Data\sdv-dev\cfbfastR-dev\cfbfastR-cfb-raw\python\scrape_cfb_json.py", line 42, in _rosters
    return sdv.cfb.espn_cfb_game_rosters(
           ^^^^^^^^^^^^^^^^^^^^^^^^^^^^^^
  File "C:\Users\saiem\Documents\GitHub-Data\sdv-dev\cfbfastR-dev\cfbfastR-cfb-raw\.venv\Lib\site-packages\sportsdataverse\cfb\cfb_game_rosters.py", line 66, in espn_cfb_game_rosters
    team_rosters = helper_cfb_roster_items(items=items, summary_url=summary_url, **kwargs)
                   ^^^^^^^^^^^^^^^^^^^^^^^^^^^^^^^^^^^^^^^^^^^^^^^^^^^^^^^^^^^^^^^^^^^^^^^
  File "C:\Users\saiem\Documents\GitHub-Data\sdv-dev\cfbfastR-dev\cfbfastR-cfb-raw\.venv\Lib\site-packages\sportsdataverse\cfb\cfb_game_rosters.py", line 207, in helper_cfb_roster_items
    raise NoESPNDataError(f"NoESPNDataError: No roster data found for any team at {summary_url}")
sportsdataverse.errors.NoESPNDataError: NoESPNDataError: No roster data found for any team at https://sports.core.api.espn.com/v2/sports/football/leagues/college-football/events/400548082/competitions/400548082/competitors
2026-06-17 02:40:34,848 ERROR extra fetch failed: _rosters(400547941,)
Traceback (most recent call last):
  File "C:\Users\saiem\Documents\GitHub-Data\sdv-dev\cfbfastR-dev\cfbfastR-cfb-raw\python\_cfb_raw_utils.py", line 93, in _safe
    return fn(*args, **kwargs)
           ^^^^^^^^^^^^^^^^^^^
  File "C:\Users\saiem\Documents\GitHub-Data\sdv-dev\cfbfastR-dev\cfbfastR-cfb-raw\python\scrape_cfb_json.py", line 42, in _rosters
    return sdv.cfb.espn_cfb_game_rosters(
           ^^^^^^^^^^^^^^^^^^^^^^^^^^^^^^
  File "C:\Users\saiem\Documents\GitHub-Data\sdv-dev\cfbfastR-dev\cfbfastR-cfb-raw\.venv\Lib\site-packages\sportsdataverse\cfb\cfb_game_rosters.py", line 66, in espn_cfb_game_rosters
    team_rosters = helper_cfb_roster_items(items=items, summary_url=summary_url, **kwargs)
                   ^^^^^^^^^^^^^^^^^^^^^^^^^^^^^^^^^^^^^^^^^^^^^^^^^^^^^^^^^^^^^^^^^^^^^^^
  File "C:\Users\saiem\Documents\GitHub-Data\sdv-dev\cfbfastR-dev\cfbfastR-cfb-raw\.venv\Lib\site-packages\sportsdataverse\cfb\cfb_game_rosters.py", line 207, in helper_cfb_roster_items
    raise NoESPNDataError(f"NoESPNDataError: No roster data found for any team at {summary_url}")
sportsdataverse.errors.NoESPNDataError: NoESPNDataError: No roster data found for any team at https://sports.core.api.espn.com/v2/sports/football/leagues/college-football/events/400547941/competitions/400547941/competitors
2026-06-17 02:41:04,505 ERROR extra fetch failed: _rosters(400547793,)
Traceback (most recent call last):
  File "C:\Users\saiem\Documents\GitHub-Data\sdv-dev\cfbfastR-dev\cfbfastR-cfb-raw\python\_cfb_raw_utils.py", line 93, in _safe
    return fn(*args, **kwargs)
           ^^^^^^^^^^^^^^^^^^^
  File "C:\Users\saiem\Documents\GitHub-Data\sdv-dev\cfbfastR-dev\cfbfastR-cfb-raw\python\scrape_cfb_json.py", line 42, in _rosters
    return sdv.cfb.espn_cfb_game_rosters(
           ^^^^^^^^^^^^^^^^^^^^^^^^^^^^^^
  File "C:\Users\saiem\Documents\GitHub-Data\sdv-dev\cfbfastR-dev\cfbfastR-cfb-raw\.venv\Lib\site-packages\sportsdataverse\cfb\cfb_game_rosters.py", line 66, in espn_cfb_game_rosters
    team_rosters = helper_cfb_roster_items(items=items, summary_url=summary_url, **kwargs)
                   ^^^^^^^^^^^^^^^^^^^^^^^^^^^^^^^^^^^^^^^^^^^^^^^^^^^^^^^^^^^^^^^^^^^^^^^
  File "C:\Users\saiem\Documents\GitHub-Data\sdv-dev\cfbfastR-dev\cfbfastR-cfb-raw\.venv\Lib\site-packages\sportsdataverse\cfb\cfb_game_rosters.py", line 207, in helper_cfb_roster_items
    raise NoESPNDataError(f"NoESPNDataError: No roster data found for any team at {summary_url}")
sportsdataverse.errors.NoESPNDataError: NoESPNDataError: No roster data found for any team at https://sports.core.api.espn.com/v2/sports/football/leagues/college-football/events/400547793/competitions/400547793/competitors
2026-06-17 02:41:52,095 ERROR extra fetch failed: _rosters(400548164,)
Traceback (most recent call last):
  File "C:\Users\saiem\Documents\GitHub-Data\sdv-dev\cfbfastR-dev\cfbfastR-cfb-raw\python\_cfb_raw_utils.py", line 93, in _safe
    return fn(*args, **kwargs)
           ^^^^^^^^^^^^^^^^^^^
  File "C:\Users\saiem\Documents\GitHub-Data\sdv-dev\cfbfastR-dev\cfbfastR-cfb-raw\python\scrape_cfb_json.py", line 42, in _rosters
    return sdv.cfb.espn_cfb_game_rosters(
           ^^^^^^^^^^^^^^^^^^^^^^^^^^^^^^
  File "C:\Users\saiem\Documents\GitHub-Data\sdv-dev\cfbfastR-dev\cfbfastR-cfb-raw\.venv\Lib\site-packages\sportsdataverse\cfb\cfb_game_rosters.py", line 66, in espn_cfb_game_rosters
    team_rosters = helper_cfb_roster_items(items=items, summary_url=summary_url, **kwargs)
                   ^^^^^^^^^^^^^^^^^^^^^^^^^^^^^^^^^^^^^^^^^^^^^^^^^^^^^^^^^^^^^^^^^^^^^^^
  File "C:\Users\saiem\Documents\GitHub-Data\sdv-dev\cfbfastR-dev\cfbfastR-cfb-raw\.venv\Lib\site-packages\sportsdataverse\cfb\cfb_game_rosters.py", line 207, in helper_cfb_roster_items
    raise NoESPNDataError(f"NoESPNDataError: No roster data found for any team at {summary_url}")
sportsdataverse.errors.NoESPNDataError: NoESPNDataError: No roster data found for any team at https://sports.core.api.espn.com/v2/sports/football/leagues/college-football/events/400548164/competitions/400548164/competitors
2026-06-17 02:43:20,721 ERROR extra fetch failed: _rosters(400547824,)
Traceback (most recent call last):
  File "C:\Users\saiem\Documents\GitHub-Data\sdv-dev\cfbfastR-dev\cfbfastR-cfb-raw\python\_cfb_raw_utils.py", line 93, in _safe
    return fn(*args, **kwargs)
           ^^^^^^^^^^^^^^^^^^^
  File "C:\Users\saiem\Documents\GitHub-Data\sdv-dev\cfbfastR-dev\cfbfastR-cfb-raw\python\scrape_cfb_json.py", line 42, in _rosters
    return sdv.cfb.espn_cfb_game_rosters(
           ^^^^^^^^^^^^^^^^^^^^^^^^^^^^^^
  File "C:\Users\saiem\Documents\GitHub-Data\sdv-dev\cfbfastR-dev\cfbfastR-cfb-raw\.venv\Lib\site-packages\sportsdataverse\cfb\cfb_game_rosters.py", line 66, in espn_cfb_game_rosters
    team_rosters = helper_cfb_roster_items(items=items, summary_url=summary_url, **kwargs)
                   ^^^^^^^^^^^^^^^^^^^^^^^^^^^^^^^^^^^^^^^^^^^^^^^^^^^^^^^^^^^^^^^^^^^^^^^
  File "C:\Users\saiem\Documents\GitHub-Data\sdv-dev\cfbfastR-dev\cfbfastR-cfb-raw\.venv\Lib\site-packages\sportsdataverse\cfb\cfb_game_rosters.py", line 207, in helper_cfb_roster_items
    raise NoESPNDataError(f"NoESPNDataError: No roster data found for any team at {summary_url}")
sportsdataverse.errors.NoESPNDataError: NoESPNDataError: No roster data found for any team at https://sports.core.api.espn.com/v2/sports/football/leagues/college-football/events/400547824/competitions/400547824/competitors
2026-06-17 02:44:14,796 ERROR extra fetch failed: _rosters(400547900,)
Traceback (most recent call last):
  File "C:\Users\saiem\Documents\GitHub-Data\sdv-dev\cfbfastR-dev\cfbfastR-cfb-raw\python\_cfb_raw_utils.py", line 93, in _safe
    return fn(*args, **kwargs)
           ^^^^^^^^^^^^^^^^^^^
  File "C:\Users\saiem\Documents\GitHub-Data\sdv-dev\cfbfastR-dev\cfbfastR-cfb-raw\python\scrape_cfb_json.py", line 42, in _rosters
    return sdv.cfb.espn_cfb_game_rosters(
           ^^^^^^^^^^^^^^^^^^^^^^^^^^^^^^
  File "C:\Users\saiem\Documents\GitHub-Data\sdv-dev\cfbfastR-dev\cfbfastR-cfb-raw\.venv\Lib\site-packages\sportsdataverse\cfb\cfb_game_rosters.py", line 66, in espn_cfb_game_rosters
    team_rosters = helper_cfb_roster_items(items=items, summary_url=summary_url, **kwargs)
                   ^^^^^^^^^^^^^^^^^^^^^^^^^^^^^^^^^^^^^^^^^^^^^^^^^^^^^^^^^^^^^^^^^^^^^^^
  File "C:\Users\saiem\Documents\GitHub-Data\sdv-dev\cfbfastR-dev\cfbfastR-cfb-raw\.venv\Lib\site-packages\sportsdataverse\cfb\cfb_game_rosters.py", line 207, in helper_cfb_roster_items
    raise NoESPNDataError(f"NoESPNDataError: No roster data found for any team at {summary_url}")
sportsdataverse.errors.NoESPNDataError: NoESPNDataError: No roster data found for any team at https://sports.core.api.espn.com/v2/sports/football/leagues/college-football/events/400547900/competitions/400547900/competitors
2026-06-17 02:45:51,809 ERROR extra fetch failed: _rosters(400547739,)
Traceback (most recent call last):
  File "C:\Users\saiem\Documents\GitHub-Data\sdv-dev\cfbfastR-dev\cfbfastR-cfb-raw\python\_cfb_raw_utils.py", line 93, in _safe
    return fn(*args, **kwargs)
           ^^^^^^^^^^^^^^^^^^^
  File "C:\Users\saiem\Documents\GitHub-Data\sdv-dev\cfbfastR-dev\cfbfastR-cfb-raw\python\scrape_cfb_json.py", line 42, in _rosters
    return sdv.cfb.espn_cfb_game_rosters(
           ^^^^^^^^^^^^^^^^^^^^^^^^^^^^^^
  File "C:\Users\saiem\Documents\GitHub-Data\sdv-dev\cfbfastR-dev\cfbfastR-cfb-raw\.venv\Lib\site-packages\sportsdataverse\cfb\cfb_game_rosters.py", line 66, in espn_cfb_game_rosters
    team_rosters = helper_cfb_roster_items(items=items, summary_url=summary_url, **kwargs)
                   ^^^^^^^^^^^^^^^^^^^^^^^^^^^^^^^^^^^^^^^^^^^^^^^^^^^^^^^^^^^^^^^^^^^^^^^
  File "C:\Users\saiem\Documents\GitHub-Data\sdv-dev\cfbfastR-dev\cfbfastR-cfb-raw\.venv\Lib\site-packages\sportsdataverse\cfb\cfb_game_rosters.py", line 207, in helper_cfb_roster_items
    raise NoESPNDataError(f"NoESPNDataError: No roster data found for any team at {summary_url}")
sportsdataverse.errors.NoESPNDataError: NoESPNDataError: No roster data found for any team at https://sports.core.api.espn.com/v2/sports/football/leagues/college-football/events/400547739/competitions/400547739/competitors
2026-06-17 02:49:18,698 ERROR extra fetch failed: _rosters(400609154,)
Traceback (most recent call last):
  File "C:\Users\saiem\Documents\GitHub-Data\sdv-dev\cfbfastR-dev\cfbfastR-cfb-raw\python\_cfb_raw_utils.py", line 93, in _safe
    return fn(*args, **kwargs)
           ^^^^^^^^^^^^^^^^^^^
  File "C:\Users\saiem\Documents\GitHub-Data\sdv-dev\cfbfastR-dev\cfbfastR-cfb-raw\python\scrape_cfb_json.py", line 42, in _rosters
    return sdv.cfb.espn_cfb_game_rosters(
           ^^^^^^^^^^^^^^^^^^^^^^^^^^^^^^
  File "C:\Users\saiem\Documents\GitHub-Data\sdv-dev\cfbfastR-dev\cfbfastR-cfb-raw\.venv\Lib\site-packages\sportsdataverse\cfb\cfb_game_rosters.py", line 66, in espn_cfb_game_rosters
    team_rosters = helper_cfb_roster_items(items=items, summary_url=summary_url, **kwargs)
                   ^^^^^^^^^^^^^^^^^^^^^^^^^^^^^^^^^^^^^^^^^^^^^^^^^^^^^^^^^^^^^^^^^^^^^^^
  File "C:\Users\saiem\Documents\GitHub-Data\sdv-dev\cfbfastR-dev\cfbfastR-cfb-raw\.venv\Lib\site-packages\sportsdataverse\cfb\cfb_game_rosters.py", line 207, in helper_cfb_roster_items
    raise NoESPNDataError(f"NoESPNDataError: No roster data found for any team at {summary_url}")
sportsdataverse.errors.NoESPNDataError: NoESPNDataError: No roster data found for any team at https://sports.core.api.espn.com/v2/sports/football/leagues/college-football/events/400609154/competitions/400609154/competitors
2026-06-17 02:49:28,532 ERROR extra fetch failed: _rosters(400547726,)
Traceback (most recent call last):
  File "C:\Users\saiem\Documents\GitHub-Data\sdv-dev\cfbfastR-dev\cfbfastR-cfb-raw\python\_cfb_raw_utils.py", line 93, in _safe
    return fn(*args, **kwargs)
           ^^^^^^^^^^^^^^^^^^^
  File "C:\Users\saiem\Documents\GitHub-Data\sdv-dev\cfbfastR-dev\cfbfastR-cfb-raw\python\scrape_cfb_json.py", line 42, in _rosters
    return sdv.cfb.espn_cfb_game_rosters(
           ^^^^^^^^^^^^^^^^^^^^^^^^^^^^^^
  File "C:\Users\saiem\Documents\GitHub-Data\sdv-dev\cfbfastR-dev\cfbfastR-cfb-raw\.venv\Lib\site-packages\sportsdataverse\cfb\cfb_game_rosters.py", line 66, in espn_cfb_game_rosters
    team_rosters = helper_cfb_roster_items(items=items, summary_url=summary_url, **kwargs)
                   ^^^^^^^^^^^^^^^^^^^^^^^^^^^^^^^^^^^^^^^^^^^^^^^^^^^^^^^^^^^^^^^^^^^^^^^
  File "C:\Users\saiem\Documents\GitHub-Data\sdv-dev\cfbfastR-dev\cfbfastR-cfb-raw\.venv\Lib\site-packages\sportsdataverse\cfb\cfb_game_rosters.py", line 207, in helper_cfb_roster_items
    raise NoESPNDataError(f"NoESPNDataError: No roster data found for any team at {summary_url}")
sportsdataverse.errors.NoESPNDataError: NoESPNDataError: No roster data found for any team at https://sports.core.api.espn.com/v2/sports/football/leagues/college-football/events/400547726/competitions/400547726/competitors
2026-06-17 02:49:35,407 ERROR extra fetch failed: _rosters(400547727,)
Traceback (most recent call last):
  File "C:\Users\saiem\Documents\GitHub-Data\sdv-dev\cfbfastR-dev\cfbfastR-cfb-raw\python\_cfb_raw_utils.py", line 93, in _safe
    return fn(*args, **kwargs)
           ^^^^^^^^^^^^^^^^^^^
  File "C:\Users\saiem\Documents\GitHub-Data\sdv-dev\cfbfastR-dev\cfbfastR-cfb-raw\python\scrape_cfb_json.py", line 42, in _rosters
    return sdv.cfb.espn_cfb_game_rosters(
           ^^^^^^^^^^^^^^^^^^^^^^^^^^^^^^
  File "C:\Users\saiem\Documents\GitHub-Data\sdv-dev\cfbfastR-dev\cfbfastR-cfb-raw\.venv\Lib\site-packages\sportsdataverse\cfb\cfb_game_rosters.py", line 70, in espn_cfb_game_rosters
    athletes = helper_cfb_athlete_items(teams_rosters=team_rosters, **kwargs)
               ^^^^^^^^^^^^^^^^^^^^^^^^^^^^^^^^^^^^^^^^^^^^^^^^^^^^^^^^^^^^^^
  File "C:\Users\saiem\Documents\GitHub-Data\sdv-dev\cfbfastR-dev\cfbfastR-cfb-raw\.venv\Lib\site-packages\sportsdataverse\cfb\cfb_game_rosters.py", line 260, in helper_cfb_athlete_items
    game_athletes = game_athletes.rename(
                    ^^^^^^^^^^^^^^^^^^^^^
  File "C:\Users\saiem\Documents\GitHub-Data\sdv-dev\cfbfastR-dev\cfbfastR-cfb-raw\.venv\Lib\site-packages\polars\dataframe\frame.py", line 5275, in rename
    .collect(optimizations=QueryOptFlags._eager())
     ^^^^^^^^^^^^^^^^^^^^^^^^^^^^^^^^^^^^^^^^^^^^^
  File "C:\Users\saiem\Documents\GitHub-Data\sdv-dev\cfbfastR-dev\cfbfastR-cfb-raw\.venv\Lib\site-packages\polars\_utils\deprecation.py", line 97, in wrapper
    return function(*args, **kwargs)
           ^^^^^^^^^^^^^^^^^^^^^^^^^
  File "C:\Users\saiem\Documents\GitHub-Data\sdv-dev\cfbfastR-dev\cfbfastR-cfb-raw\.venv\Lib\site-packages\polars\lazyframe\opt_flags.py", line 343, in wrapper
    return function(*args, **kwargs)
           ^^^^^^^^^^^^^^^^^^^^^^^^^
  File "C:\Users\saiem\Documents\GitHub-Data\sdv-dev\cfbfastR-dev\cfbfastR-cfb-raw\.venv\Lib\site-packages\polars\lazyframe\frame.py", line 2630, in collect
    return wrap_df(ldf.collect(engine, callback))
                   ^^^^^^^^^^^^^^^^^^^^^^^^^^^^^
polars.exceptions.ColumnNotFoundError: "guid" not found
2026-06-17 02:51:17,017 ERROR extra fetch failed: _rosters(400610207,)
Traceback (most recent call last):
  File "C:\Users\saiem\Documents\GitHub-Data\sdv-dev\cfbfastR-dev\cfbfastR-cfb-raw\python\_cfb_raw_utils.py", line 93, in _safe
    return fn(*args, **kwargs)
           ^^^^^^^^^^^^^^^^^^^
  File "C:\Users\saiem\Documents\GitHub-Data\sdv-dev\cfbfastR-dev\cfbfastR-cfb-raw\python\scrape_cfb_json.py", line 42, in _rosters
    return sdv.cfb.espn_cfb_game_rosters(
           ^^^^^^^^^^^^^^^^^^^^^^^^^^^^^^
  File "C:\Users\saiem\Documents\GitHub-Data\sdv-dev\cfbfastR-dev\cfbfastR-cfb-raw\.venv\Lib\site-packages\sportsdataverse\cfb\cfb_game_rosters.py", line 66, in espn_cfb_game_rosters
    team_rosters = helper_cfb_roster_items(items=items, summary_url=summary_url, **kwargs)
                   ^^^^^^^^^^^^^^^^^^^^^^^^^^^^^^^^^^^^^^^^^^^^^^^^^^^^^^^^^^^^^^^^^^^^^^^
  File "C:\Users\saiem\Documents\GitHub-Data\sdv-dev\cfbfastR-dev\cfbfastR-cfb-raw\.venv\Lib\site-packages\sportsdataverse\cfb\cfb_game_rosters.py", line 207, in helper_cfb_roster_items
    raise NoESPNDataError(f"NoESPNDataError: No roster data found for any team at {summary_url}")
sportsdataverse.errors.NoESPNDataError: NoESPNDataError: No roster data found for any team at https://sports.core.api.espn.com/v2/sports/football/leagues/college-football/events/400610207/competitions/400610207/competitors
2026-06-17 08:06:13,142 INFO season 2014: 3 hollow/missing games to rescrape
2026-06-17 08:06:13,143 INFO season 2014: 3 hollow/missing games to rescrape
2026-06-17 08:06:16,875 ERROR extra fetch failed: _rosters(400548399,)
Traceback (most recent call last):
  File "C:\Users\saiem\Documents\GitHub-Data\sdv-dev\cfbfastR-dev\cfbfastR-cfb-raw\.venv\Lib\site-packages\polars\_utils\construction\series.py", line 355, in _construct_series_with_fallbacks
    return constructor(name, values, strict)
           ^^^^^^^^^^^^^^^^^^^^^^^^^^^^^^^^^
TypeError: 'str' object cannot be interpreted as an integer

During handling of the above exception, another exception occurred:

Traceback (most recent call last):
  File "C:\Users\saiem\Documents\GitHub-Data\sdv-dev\cfbfastR-dev\cfbfastR-cfb-raw\.venv\Lib\site-packages\polars\_utils\getitem.py", line 167, in get_df_item_by_key
    return _select_rows(df, key)  # type: ignore[arg-type]
           ^^^^^^^^^^^^^^^^^^^^^
  File "C:\Users\saiem\Documents\GitHub-Data\sdv-dev\cfbfastR-dev\cfbfastR-cfb-raw\.venv\Lib\site-packages\polars\_utils\getitem.py", line 314, in _select_rows
    s = pl.Series("", key, dtype=Int64)
        ^^^^^^^^^^^^^^^^^^^^^^^^^^^^^^^
  File "C:\Users\saiem\Documents\GitHub-Data\sdv-dev\cfbfastR-dev\cfbfastR-cfb-raw\.venv\Lib\site-packages\polars\series\series.py", line 296, in __init__
    self._s = sequence_to_pyseries(
              ^^^^^^^^^^^^^^^^^^^^^
  File "C:\Users\saiem\Documents\GitHub-Data\sdv-dev\cfbfastR-dev\cfbfastR-cfb-raw\.venv\Lib\site-packages\polars\_utils\construction\series.py", line 164, in sequence_to_pyseries
    pyseries = _construct_series_with_fallbacks(
               ^^^^^^^^^^^^^^^^^^^^^^^^^^^^^^^^^
  File "C:\Users\saiem\Documents\GitHub-Data\sdv-dev\cfbfastR-dev\cfbfastR-cfb-raw\.venv\Lib\site-packages\polars\_utils\construction\series.py", line 370, in _construct_series_with_fallbacks
    return PySeries.new_from_any_values_and_dtype(
           ^^^^^^^^^^^^^^^^^^^^^^^^^^^^^^^^^^^^^^^
TypeError: unexpected value while building Series of type Int64; found value of type String: "team_id"

Hint: Try setting `strict=False` to allow passing data with mixed types.

During handling of the above exception, another exception occurred:

Traceback (most recent call last):
  File "C:\Users\saiem\Documents\GitHub-Data\sdv-dev\cfbfastR-dev\cfbfastR-cfb-raw\python\_cfb_raw_utils.py", line 106, in _safe
    return fn(*args, **kwargs)
           ^^^^^^^^^^^^^^^^^^^
  File "C:\Users\saiem\Documents\GitHub-Data\sdv-dev\cfbfastR-dev\cfbfastR-cfb-raw\python\scrape_cfb_json.py", line 42, in _rosters
    return sdv.cfb.espn_cfb_game_rosters(
           ^^^^^^^^^^^^^^^^^^^^^^^^^^^^^^
  File "C:\Users\saiem\Documents\GitHub-Data\sdv-dev\cfbfastR-dev\cfbfastR-cfb-raw\.venv\Lib\site-packages\sportsdataverse\cfb\cfb_game_rosters.py", line 67, in espn_cfb_game_rosters
    team_rosters = team_rosters.join(items[["team_id", "order", "home_away", "winner"]], how="left", on="team_id")
                                     ~~~~~^^^^^^^^^^^^^^^^^^^^^^^^^^^^^^^^^^^^^^^^^^^^^
  File "C:\Users\saiem\Documents\GitHub-Data\sdv-dev\cfbfastR-dev\cfbfastR-cfb-raw\.venv\Lib\site-packages\polars\dataframe\frame.py", line 1441, in __getitem__
    return get_df_item_by_key(self, key)
           ^^^^^^^^^^^^^^^^^^^^^^^^^^^^^
  File "C:\Users\saiem\Documents\GitHub-Data\sdv-dev\cfbfastR-dev\cfbfastR-cfb-raw\.venv\Lib\site-packages\polars\_utils\getitem.py", line 169, in get_df_item_by_key
    return _select_columns(df, key)
           ^^^^^^^^^^^^^^^^^^^^^^^^
  File "C:\Users\saiem\Documents\GitHub-Data\sdv-dev\cfbfastR-dev\cfbfastR-cfb-raw\.venv\Lib\site-packages\polars\_utils\getitem.py", line 217, in _select_columns
    return _select_columns_by_name(df, key)  # type: ignore[arg-type]
           ^^^^^^^^^^^^^^^^^^^^^^^^^^^^^^^^
  File "C:\Users\saiem\Documents\GitHub-Data\sdv-dev\cfbfastR-dev\cfbfastR-cfb-raw\.venv\Lib\site-packages\polars\_utils\getitem.py", line 269, in _select_columns_by_name
    return df._from_pydf(df._df.select(list(key)))
                         ^^^^^^^^^^^^^^^^^^^^^^^^
polars.exceptions.ColumnNotFoundError: "winner" not found
2026-06-17 08:06:16,886 ERROR extra fetch failed: _rosters(400548160,)
Traceback (most recent call last):
  File "C:\Users\saiem\Documents\GitHub-Data\sdv-dev\cfbfastR-dev\cfbfastR-cfb-raw\python\_cfb_raw_utils.py", line 106, in _safe
    return fn(*args, **kwargs)
           ^^^^^^^^^^^^^^^^^^^
  File "C:\Users\saiem\Documents\GitHub-Data\sdv-dev\cfbfastR-dev\cfbfastR-cfb-raw\python\scrape_cfb_json.py", line 42, in _rosters
    return sdv.cfb.espn_cfb_game_rosters(
           ^^^^^^^^^^^^^^^^^^^^^^^^^^^^^^
  File "C:\Users\saiem\Documents\GitHub-Data\sdv-dev\cfbfastR-dev\cfbfastR-cfb-raw\.venv\Lib\site-packages\sportsdataverse\cfb\cfb_game_rosters.py", line 66, in espn_cfb_game_rosters
    team_rosters = helper_cfb_roster_items(items=items, summary_url=summary_url, **kwargs)
                   ^^^^^^^^^^^^^^^^^^^^^^^^^^^^^^^^^^^^^^^^^^^^^^^^^^^^^^^^^^^^^^^^^^^^^^^
  File "C:\Users\saiem\Documents\GitHub-Data\sdv-dev\cfbfastR-dev\cfbfastR-cfb-raw\.venv\Lib\site-packages\sportsdataverse\cfb\cfb_game_rosters.py", line 209, in helper_cfb_roster_items
    raise NoESPNDataError(f"NoESPNDataError: No roster data found for any team at {summary_url}")
sportsdataverse.errors.NoESPNDataError: NoESPNDataError: No roster data found for any team at https://sports.core.api.espn.com/v2/sports/football/leagues/college-football/events/400548160/competitions/400548160/competitors
2026-06-17 08:06:16,886 ERROR extra fetch failed: _rosters(400548160,)
Traceback (most recent call last):
  File "C:\Users\saiem\Documents\GitHub-Data\sdv-dev\cfbfastR-dev\cfbfastR-cfb-raw\python\_cfb_raw_utils.py", line 106, in _safe
    return fn(*args, **kwargs)
           ^^^^^^^^^^^^^^^^^^^
  File "C:\Users\saiem\Documents\GitHub-Data\sdv-dev\cfbfastR-dev\cfbfastR-cfb-raw\python\scrape_cfb_json.py", line 42, in _rosters
    return sdv.cfb.espn_cfb_game_rosters(
           ^^^^^^^^^^^^^^^^^^^^^^^^^^^^^^
  File "C:\Users\saiem\Documents\GitHub-Data\sdv-dev\cfbfastR-dev\cfbfastR-cfb-raw\.venv\Lib\site-packages\sportsdataverse\cfb\cfb_game_rosters.py", line 66, in espn_cfb_game_rosters
    team_rosters = helper_cfb_roster_items(items=items, summary_url=summary_url, **kwargs)
                   ^^^^^^^^^^^^^^^^^^^^^^^^^^^^^^^^^^^^^^^^^^^^^^^^^^^^^^^^^^^^^^^^^^^^^^^
  File "C:\Users\saiem\Documents\GitHub-Data\sdv-dev\cfbfastR-dev\cfbfastR-cfb-raw\.venv\Lib\site-packages\sportsdataverse\cfb\cfb_game_rosters.py", line 209, in helper_cfb_roster_items
    raise NoESPNDataError(f"NoESPNDataError: No roster data found for any team at {summary_url}")
sportsdataverse.errors.NoESPNDataError: NoESPNDataError: No roster data found for any team at https://sports.core.api.espn.com/v2/sports/football/leagues/college-football/events/400548160/competitions/400548160/competitors
2026-06-17 08:06:16,936 ERROR extra fetch failed: _rosters(400607987,)
Traceback (most recent call last):
  File "C:\Users\saiem\Documents\GitHub-Data\sdv-dev\cfbfastR-dev\cfbfastR-cfb-raw\.venv\Lib\site-packages\polars\_utils\construction\series.py", line 355, in _construct_series_with_fallbacks
    return constructor(name, values, strict)
           ^^^^^^^^^^^^^^^^^^^^^^^^^^^^^^^^^
TypeError: 'str' object cannot be interpreted as an integer

During handling of the above exception, another exception occurred:

Traceback (most recent call last):
  File "C:\Users\saiem\Documents\GitHub-Data\sdv-dev\cfbfastR-dev\cfbfastR-cfb-raw\.venv\Lib\site-packages\polars\_utils\getitem.py", line 167, in get_df_item_by_key
    return _select_rows(df, key)  # type: ignore[arg-type]
           ^^^^^^^^^^^^^^^^^^^^^
  File "C:\Users\saiem\Documents\GitHub-Data\sdv-dev\cfbfastR-dev\cfbfastR-cfb-raw\.venv\Lib\site-packages\polars\_utils\getitem.py", line 314, in _select_rows
    s = pl.Series("", key, dtype=Int64)
        ^^^^^^^^^^^^^^^^^^^^^^^^^^^^^^^
  File "C:\Users\saiem\Documents\GitHub-Data\sdv-dev\cfbfastR-dev\cfbfastR-cfb-raw\.venv\Lib\site-packages\polars\series\series.py", line 296, in __init__
    self._s = sequence_to_pyseries(
              ^^^^^^^^^^^^^^^^^^^^^
  File "C:\Users\saiem\Documents\GitHub-Data\sdv-dev\cfbfastR-dev\cfbfastR-cfb-raw\.venv\Lib\site-packages\polars\_utils\construction\series.py", line 164, in sequence_to_pyseries
    pyseries = _construct_series_with_fallbacks(
               ^^^^^^^^^^^^^^^^^^^^^^^^^^^^^^^^^
  File "C:\Users\saiem\Documents\GitHub-Data\sdv-dev\cfbfastR-dev\cfbfastR-cfb-raw\.venv\Lib\site-packages\polars\_utils\construction\series.py", line 370, in _construct_series_with_fallbacks
    return PySeries.new_from_any_values_and_dtype(
           ^^^^^^^^^^^^^^^^^^^^^^^^^^^^^^^^^^^^^^^
TypeError: unexpected value while building Series of type Int64; found value of type String: "team_id"

Hint: Try setting `strict=False` to allow passing data with mixed types.

During handling of the above exception, another exception occurred:

Traceback (most recent call last):
  File "C:\Users\saiem\Documents\GitHub-Data\sdv-dev\cfbfastR-dev\cfbfastR-cfb-raw\python\_cfb_raw_utils.py", line 106, in _safe
    return fn(*args, **kwargs)
           ^^^^^^^^^^^^^^^^^^^
  File "C:\Users\saiem\Documents\GitHub-Data\sdv-dev\cfbfastR-dev\cfbfastR-cfb-raw\python\scrape_cfb_json.py", line 42, in _rosters
    return sdv.cfb.espn_cfb_game_rosters(
           ^^^^^^^^^^^^^^^^^^^^^^^^^^^^^^
  File "C:\Users\saiem\Documents\GitHub-Data\sdv-dev\cfbfastR-dev\cfbfastR-cfb-raw\.venv\Lib\site-packages\sportsdataverse\cfb\cfb_game_rosters.py", line 67, in espn_cfb_game_rosters
    team_rosters = team_rosters.join(items[["team_id", "order", "home_away", "winner"]], how="left", on="team_id")
                                     ~~~~~^^^^^^^^^^^^^^^^^^^^^^^^^^^^^^^^^^^^^^^^^^^^^
  File "C:\Users\saiem\Documents\GitHub-Data\sdv-dev\cfbfastR-dev\cfbfastR-cfb-raw\.venv\Lib\site-packages\polars\dataframe\frame.py", line 1441, in __getitem__
    return get_df_item_by_key(self, key)
           ^^^^^^^^^^^^^^^^^^^^^^^^^^^^^
  File "C:\Users\saiem\Documents\GitHub-Data\sdv-dev\cfbfastR-dev\cfbfastR-cfb-raw\.venv\Lib\site-packages\polars\_utils\getitem.py", line 169, in get_df_item_by_key
    return _select_columns(df, key)
           ^^^^^^^^^^^^^^^^^^^^^^^^
  File "C:\Users\saiem\Documents\GitHub-Data\sdv-dev\cfbfastR-dev\cfbfastR-cfb-raw\.venv\Lib\site-packages\polars\_utils\getitem.py", line 217, in _select_columns
    return _select_columns_by_name(df, key)  # type: ignore[arg-type]
           ^^^^^^^^^^^^^^^^^^^^^^^^^^^^^^^^
  File "C:\Users\saiem\Documents\GitHub-Data\sdv-dev\cfbfastR-dev\cfbfastR-cfb-raw\.venv\Lib\site-packages\polars\_utils\getitem.py", line 269, in _select_columns_by_name
    return df._from_pydf(df._df.select(list(key)))
                         ^^^^^^^^^^^^^^^^^^^^^^^^
polars.exceptions.ColumnNotFoundError: "winner" not found
2026-06-17 08:06:16,936 ERROR extra fetch failed: _rosters(400607987,)
Traceback (most recent call last):
  File "C:\Users\saiem\Documents\GitHub-Data\sdv-dev\cfbfastR-dev\cfbfastR-cfb-raw\.venv\Lib\site-packages\polars\_utils\construction\series.py", line 355, in _construct_series_with_fallbacks
    return constructor(name, values, strict)
           ^^^^^^^^^^^^^^^^^^^^^^^^^^^^^^^^^
TypeError: 'str' object cannot be interpreted as an integer

During handling of the above exception, another exception occurred:

Traceback (most recent call last):
  File "C:\Users\saiem\Documents\GitHub-Data\sdv-dev\cfbfastR-dev\cfbfastR-cfb-raw\.venv\Lib\site-packages\polars\_utils\getitem.py", line 167, in get_df_item_by_key
    return _select_rows(df, key)  # type: ignore[arg-type]
           ^^^^^^^^^^^^^^^^^^^^^
  File "C:\Users\saiem\Documents\GitHub-Data\sdv-dev\cfbfastR-dev\cfbfastR-cfb-raw\.venv\Lib\site-packages\polars\_utils\getitem.py", line 314, in _select_rows
    s = pl.Series("", key, dtype=Int64)
        ^^^^^^^^^^^^^^^^^^^^^^^^^^^^^^^
  File "C:\Users\saiem\Documents\GitHub-Data\sdv-dev\cfbfastR-dev\cfbfastR-cfb-raw\.venv\Lib\site-packages\polars\series\series.py", line 296, in __init__
    self._s = sequence_to_pyseries(
              ^^^^^^^^^^^^^^^^^^^^^
  File "C:\Users\saiem\Documents\GitHub-Data\sdv-dev\cfbfastR-dev\cfbfastR-cfb-raw\.venv\Lib\site-packages\polars\_utils\construction\series.py", line 164, in sequence_to_pyseries
    pyseries = _construct_series_with_fallbacks(
               ^^^^^^^^^^^^^^^^^^^^^^^^^^^^^^^^^
  File "C:\Users\saiem\Documents\GitHub-Data\sdv-dev\cfbfastR-dev\cfbfastR-cfb-raw\.venv\Lib\site-packages\polars\_utils\construction\series.py", line 370, in _construct_series_with_fallbacks
    return PySeries.new_from_any_values_and_dtype(
           ^^^^^^^^^^^^^^^^^^^^^^^^^^^^^^^^^^^^^^^
TypeError: unexpected value while building Series of type Int64; found value of type String: "team_id"

Hint: Try setting `strict=False` to allow passing data with mixed types.

During handling of the above exception, another exception occurred:

Traceback (most recent call last):
  File "C:\Users\saiem\Documents\GitHub-Data\sdv-dev\cfbfastR-dev\cfbfastR-cfb-raw\python\_cfb_raw_utils.py", line 106, in _safe
    return fn(*args, **kwargs)
           ^^^^^^^^^^^^^^^^^^^
  File "C:\Users\saiem\Documents\GitHub-Data\sdv-dev\cfbfastR-dev\cfbfastR-cfb-raw\python\scrape_cfb_json.py", line 42, in _rosters
    return sdv.cfb.espn_cfb_game_rosters(
           ^^^^^^^^^^^^^^^^^^^^^^^^^^^^^^
  File "C:\Users\saiem\Documents\GitHub-Data\sdv-dev\cfbfastR-dev\cfbfastR-cfb-raw\.venv\Lib\site-packages\sportsdataverse\cfb\cfb_game_rosters.py", line 67, in espn_cfb_game_rosters
    team_rosters = team_rosters.join(items[["team_id", "order", "home_away", "winner"]], how="left", on="team_id")
                                     ~~~~~^^^^^^^^^^^^^^^^^^^^^^^^^^^^^^^^^^^^^^^^^^^^^
  File "C:\Users\saiem\Documents\GitHub-Data\sdv-dev\cfbfastR-dev\cfbfastR-cfb-raw\.venv\Lib\site-packages\polars\dataframe\frame.py", line 1441, in __getitem__
    return get_df_item_by_key(self, key)
           ^^^^^^^^^^^^^^^^^^^^^^^^^^^^^
  File "C:\Users\saiem\Documents\GitHub-Data\sdv-dev\cfbfastR-dev\cfbfastR-cfb-raw\.venv\Lib\site-packages\polars\_utils\getitem.py", line 169, in get_df_item_by_key
    return _select_columns(df, key)
           ^^^^^^^^^^^^^^^^^^^^^^^^
  File "C:\Users\saiem\Documents\GitHub-Data\sdv-dev\cfbfastR-dev\cfbfastR-cfb-raw\.venv\Lib\site-packages\polars\_utils\getitem.py", line 217, in _select_columns
    return _select_columns_by_name(df, key)  # type: ignore[arg-type]
           ^^^^^^^^^^^^^^^^^^^^^^^^^^^^^^^^
  File "C:\Users\saiem\Documents\GitHub-Data\sdv-dev\cfbfastR-dev\cfbfastR-cfb-raw\.venv\Lib\site-packages\polars\_utils\getitem.py", line 269, in _select_columns_by_name
    return df._from_pydf(df._df.select(list(key)))
                         ^^^^^^^^^^^^^^^^^^^^^^^^
polars.exceptions.ColumnNotFoundError: "winner" not found
2026-06-17 08:06:16,983 ERROR download_game failed: 400548399
Traceback (most recent call last):
  File "C:\Users\saiem\Documents\GitHub-Data\sdv-dev\cfbfastR-dev\cfbfastR-cfb-raw\python\scrape_cfb_json.py", line 106, in download_game
    write_json_atomic(stamp(obj, game_id=game_id, season=season, week=week),
  File "C:\Users\saiem\Documents\GitHub-Data\sdv-dev\cfbfastR-dev\cfbfastR-cfb-raw\python\_cfb_raw_utils.py", line 81, in write_json_atomic
    os.replace(tmp, path)
FileNotFoundError: [WinError 2] The system cannot find the file specified: 'cfb\\play_participants\\json\\400548399.json.tmp' -> 'cfb\\play_participants\\json\\400548399.json'
2026-06-17 08:06:16,989 ERROR download_game failed: 400548160
Traceback (most recent call last):
  File "C:\Users\saiem\Documents\GitHub-Data\sdv-dev\cfbfastR-dev\cfbfastR-cfb-raw\python\scrape_cfb_json.py", line 106, in download_game
    write_json_atomic(stamp(obj, game_id=game_id, season=season, week=week),
  File "C:\Users\saiem\Documents\GitHub-Data\sdv-dev\cfbfastR-dev\cfbfastR-cfb-raw\python\_cfb_raw_utils.py", line 81, in write_json_atomic
    os.replace(tmp, path)
FileNotFoundError: [WinError 2] The system cannot find the file specified: 'cfb\\game_rosters\\json\\400548160.json.tmp' -> 'cfb\\game_rosters\\json\\400548160.json'
2026-06-17 08:06:17,043 ERROR download_game failed: 400607987
Traceback (most recent call last):
  File "C:\Users\saiem\Documents\GitHub-Data\sdv-dev\cfbfastR-dev\cfbfastR-cfb-raw\python\scrape_cfb_json.py", line 106, in download_game
    write_json_atomic(stamp(obj, game_id=game_id, season=season, week=week),
  File "C:\Users\saiem\Documents\GitHub-Data\sdv-dev\cfbfastR-dev\cfbfastR-cfb-raw\python\_cfb_raw_utils.py", line 81, in write_json_atomic
    os.replace(tmp, path)
FileNotFoundError: [WinError 2] The system cannot find the file specified: 'cfb\\game_rosters\\json\\400607987.json.tmp' -> 'cfb\\game_rosters\\json\\400607987.json'
2026-06-17 09:15:24,274 INFO season 2014: 3 hollow/missing games to rescrape
2026-06-17 09:15:26,752 ERROR extra fetch failed: _rosters(400548160,)
Traceback (most recent call last):
  File "C:\Users\saiem\Documents\GitHub-Data\sdv-dev\cfbfastR-dev\cfbfastR-cfb-raw\python\_cfb_raw_utils.py", line 106, in _safe
    return fn(*args, **kwargs)
           ^^^^^^^^^^^^^^^^^^^
  File "C:\Users\saiem\Documents\GitHub-Data\sdv-dev\cfbfastR-dev\cfbfastR-cfb-raw\python\scrape_cfb_json.py", line 42, in _rosters
    return sdv.cfb.espn_cfb_game_rosters(
           ^^^^^^^^^^^^^^^^^^^^^^^^^^^^^^
  File "C:\Users\saiem\Documents\GitHub-Data\sdv-dev\cfbfastR-dev\cfbfastR-cfb-raw\.venv\Lib\site-packages\sportsdataverse\cfb\cfb_game_rosters.py", line 66, in espn_cfb_game_rosters
    team_rosters = helper_cfb_roster_items(items=items, summary_url=summary_url, **kwargs)
                   ^^^^^^^^^^^^^^^^^^^^^^^^^^^^^^^^^^^^^^^^^^^^^^^^^^^^^^^^^^^^^^^^^^^^^^^
  File "C:\Users\saiem\Documents\GitHub-Data\sdv-dev\cfbfastR-dev\cfbfastR-cfb-raw\.venv\Lib\site-packages\sportsdataverse\cfb\cfb_game_rosters.py", line 209, in helper_cfb_roster_items
    raise NoESPNDataError(f"NoESPNDataError: No roster data found for any team at {summary_url}")
sportsdataverse.errors.NoESPNDataError: NoESPNDataError: No roster data found for any team at https://sports.core.api.espn.com/v2/sports/football/leagues/college-football/events/400548160/competitions/400548160/competitors
2026-06-17 09:15:26,788 ERROR extra fetch failed: _rosters(400607987,)
Traceback (most recent call last):
  File "C:\Users\saiem\Documents\GitHub-Data\sdv-dev\cfbfastR-dev\cfbfastR-cfb-raw\.venv\Lib\site-packages\polars\_utils\construction\series.py", line 355, in _construct_series_with_fallbacks
    return constructor(name, values, strict)
           ^^^^^^^^^^^^^^^^^^^^^^^^^^^^^^^^^
TypeError: 'str' object cannot be interpreted as an integer

During handling of the above exception, another exception occurred:

Traceback (most recent call last):
  File "C:\Users\saiem\Documents\GitHub-Data\sdv-dev\cfbfastR-dev\cfbfastR-cfb-raw\.venv\Lib\site-packages\polars\_utils\getitem.py", line 167, in get_df_item_by_key
    return _select_rows(df, key)  # type: ignore[arg-type]
           ^^^^^^^^^^^^^^^^^^^^^
  File "C:\Users\saiem\Documents\GitHub-Data\sdv-dev\cfbfastR-dev\cfbfastR-cfb-raw\.venv\Lib\site-packages\polars\_utils\getitem.py", line 314, in _select_rows
    s = pl.Series("", key, dtype=Int64)
        ^^^^^^^^^^^^^^^^^^^^^^^^^^^^^^^
  File "C:\Users\saiem\Documents\GitHub-Data\sdv-dev\cfbfastR-dev\cfbfastR-cfb-raw\.venv\Lib\site-packages\polars\series\series.py", line 296, in __init__
    self._s = sequence_to_pyseries(
              ^^^^^^^^^^^^^^^^^^^^^
  File "C:\Users\saiem\Documents\GitHub-Data\sdv-dev\cfbfastR-dev\cfbfastR-cfb-raw\.venv\Lib\site-packages\polars\_utils\construction\series.py", line 164, in sequence_to_pyseries
    pyseries = _construct_series_with_fallbacks(
               ^^^^^^^^^^^^^^^^^^^^^^^^^^^^^^^^^
  File "C:\Users\saiem\Documents\GitHub-Data\sdv-dev\cfbfastR-dev\cfbfastR-cfb-raw\.venv\Lib\site-packages\polars\_utils\construction\series.py", line 370, in _construct_series_with_fallbacks
    return PySeries.new_from_any_values_and_dtype(
           ^^^^^^^^^^^^^^^^^^^^^^^^^^^^^^^^^^^^^^^
TypeError: unexpected value while building Series of type Int64; found value of type String: "team_id"

Hint: Try setting `strict=False` to allow passing data with mixed types.

During handling of the above exception, another exception occurred:

Traceback (most recent call last):
  File "C:\Users\saiem\Documents\GitHub-Data\sdv-dev\cfbfastR-dev\cfbfastR-cfb-raw\python\_cfb_raw_utils.py", line 106, in _safe
    return fn(*args, **kwargs)
           ^^^^^^^^^^^^^^^^^^^
  File "C:\Users\saiem\Documents\GitHub-Data\sdv-dev\cfbfastR-dev\cfbfastR-cfb-raw\python\scrape_cfb_json.py", line 42, in _rosters
    return sdv.cfb.espn_cfb_game_rosters(
           ^^^^^^^^^^^^^^^^^^^^^^^^^^^^^^
  File "C:\Users\saiem\Documents\GitHub-Data\sdv-dev\cfbfastR-dev\cfbfastR-cfb-raw\.venv\Lib\site-packages\sportsdataverse\cfb\cfb_game_rosters.py", line 67, in espn_cfb_game_rosters
    team_rosters = team_rosters.join(items[["team_id", "order", "home_away", "winner"]], how="left", on="team_id")
                                     ~~~~~^^^^^^^^^^^^^^^^^^^^^^^^^^^^^^^^^^^^^^^^^^^^^
  File "C:\Users\saiem\Documents\GitHub-Data\sdv-dev\cfbfastR-dev\cfbfastR-cfb-raw\.venv\Lib\site-packages\polars\dataframe\frame.py", line 1441, in __getitem__
    return get_df_item_by_key(self, key)
           ^^^^^^^^^^^^^^^^^^^^^^^^^^^^^
  File "C:\Users\saiem\Documents\GitHub-Data\sdv-dev\cfbfastR-dev\cfbfastR-cfb-raw\.venv\Lib\site-packages\polars\_utils\getitem.py", line 169, in get_df_item_by_key
    return _select_columns(df, key)
           ^^^^^^^^^^^^^^^^^^^^^^^^
  File "C:\Users\saiem\Documents\GitHub-Data\sdv-dev\cfbfastR-dev\cfbfastR-cfb-raw\.venv\Lib\site-packages\polars\_utils\getitem.py", line 217, in _select_columns
    return _select_columns_by_name(df, key)  # type: ignore[arg-type]
           ^^^^^^^^^^^^^^^^^^^^^^^^^^^^^^^^
  File "C:\Users\saiem\Documents\GitHub-Data\sdv-dev\cfbfastR-dev\cfbfastR-cfb-raw\.venv\Lib\site-packages\polars\_utils\getitem.py", line 269, in _select_columns_by_name
    return df._from_pydf(df._df.select(list(key)))
                         ^^^^^^^^^^^^^^^^^^^^^^^^
polars.exceptions.ColumnNotFoundError: "winner" not found
2026-06-17 09:15:26,816 ERROR extra fetch failed: _rosters(400548399,)
Traceback (most recent call last):
  File "C:\Users\saiem\Documents\GitHub-Data\sdv-dev\cfbfastR-dev\cfbfastR-cfb-raw\.venv\Lib\site-packages\polars\_utils\construction\series.py", line 355, in _construct_series_with_fallbacks
    return constructor(name, values, strict)
           ^^^^^^^^^^^^^^^^^^^^^^^^^^^^^^^^^
TypeError: 'str' object cannot be interpreted as an integer

During handling of the above exception, another exception occurred:

Traceback (most recent call last):
  File "C:\Users\saiem\Documents\GitHub-Data\sdv-dev\cfbfastR-dev\cfbfastR-cfb-raw\.venv\Lib\site-packages\polars\_utils\getitem.py", line 167, in get_df_item_by_key
    return _select_rows(df, key)  # type: ignore[arg-type]
           ^^^^^^^^^^^^^^^^^^^^^
  File "C:\Users\saiem\Documents\GitHub-Data\sdv-dev\cfbfastR-dev\cfbfastR-cfb-raw\.venv\Lib\site-packages\polars\_utils\getitem.py", line 314, in _select_rows
    s = pl.Series("", key, dtype=Int64)
        ^^^^^^^^^^^^^^^^^^^^^^^^^^^^^^^
  File "C:\Users\saiem\Documents\GitHub-Data\sdv-dev\cfbfastR-dev\cfbfastR-cfb-raw\.venv\Lib\site-packages\polars\series\series.py", line 296, in __init__
    self._s = sequence_to_pyseries(
              ^^^^^^^^^^^^^^^^^^^^^
  File "C:\Users\saiem\Documents\GitHub-Data\sdv-dev\cfbfastR-dev\cfbfastR-cfb-raw\.venv\Lib\site-packages\polars\_utils\construction\series.py", line 164, in sequence_to_pyseries
    pyseries = _construct_series_with_fallbacks(
               ^^^^^^^^^^^^^^^^^^^^^^^^^^^^^^^^^
  File "C:\Users\saiem\Documents\GitHub-Data\sdv-dev\cfbfastR-dev\cfbfastR-cfb-raw\.venv\Lib\site-packages\polars\_utils\construction\series.py", line 370, in _construct_series_with_fallbacks
    return PySeries.new_from_any_values_and_dtype(
           ^^^^^^^^^^^^^^^^^^^^^^^^^^^^^^^^^^^^^^^
TypeError: unexpected value while building Series of type Int64; found value of type String: "team_id"

Hint: Try setting `strict=False` to allow passing data with mixed types.

During handling of the above exception, another exception occurred:

Traceback (most recent call last):
  File "C:\Users\saiem\Documents\GitHub-Data\sdv-dev\cfbfastR-dev\cfbfastR-cfb-raw\python\_cfb_raw_utils.py", line 106, in _safe
    return fn(*args, **kwargs)
           ^^^^^^^^^^^^^^^^^^^
  File "C:\Users\saiem\Documents\GitHub-Data\sdv-dev\cfbfastR-dev\cfbfastR-cfb-raw\python\scrape_cfb_json.py", line 42, in _rosters
    return sdv.cfb.espn_cfb_game_rosters(
           ^^^^^^^^^^^^^^^^^^^^^^^^^^^^^^
  File "C:\Users\saiem\Documents\GitHub-Data\sdv-dev\cfbfastR-dev\cfbfastR-cfb-raw\.venv\Lib\site-packages\sportsdataverse\cfb\cfb_game_rosters.py", line 67, in espn_cfb_game_rosters
    team_rosters = team_rosters.join(items[["team_id", "order", "home_away", "winner"]], how="left", on="team_id")
                                     ~~~~~^^^^^^^^^^^^^^^^^^^^^^^^^^^^^^^^^^^^^^^^^^^^^
  File "C:\Users\saiem\Documents\GitHub-Data\sdv-dev\cfbfastR-dev\cfbfastR-cfb-raw\.venv\Lib\site-packages\polars\dataframe\frame.py", line 1441, in __getitem__
    return get_df_item_by_key(self, key)
           ^^^^^^^^^^^^^^^^^^^^^^^^^^^^^
  File "C:\Users\saiem\Documents\GitHub-Data\sdv-dev\cfbfastR-dev\cfbfastR-cfb-raw\.venv\Lib\site-packages\polars\_utils\getitem.py", line 169, in get_df_item_by_key
    return _select_columns(df, key)
           ^^^^^^^^^^^^^^^^^^^^^^^^
  File "C:\Users\saiem\Documents\GitHub-Data\sdv-dev\cfbfastR-dev\cfbfastR-cfb-raw\.venv\Lib\site-packages\polars\_utils\getitem.py", line 217, in _select_columns
    return _select_columns_by_name(df, key)  # type: ignore[arg-type]
           ^^^^^^^^^^^^^^^^^^^^^^^^^^^^^^^^
  File "C:\Users\saiem\Documents\GitHub-Data\sdv-dev\cfbfastR-dev\cfbfastR-cfb-raw\.venv\Lib\site-packages\polars\_utils\getitem.py", line 269, in _select_columns_by_name
    return df._from_pydf(df._df.select(list(key)))
                         ^^^^^^^^^^^^^^^^^^^^^^^^
polars.exceptions.ColumnNotFoundError: "winner" not found
2026-06-17 11:44:11,647 INFO season 2014: 3 hollow/missing games to rescrape
2026-06-17 11:44:14,228 ERROR extra fetch failed: _rosters(400548399,)
Traceback (most recent call last):
  File "C:\Users\saiem\Documents\GitHub-Data\sdv-dev\cfbfastR-dev\cfbfastR-cfb-raw\.venv\Lib\site-packages\polars\_utils\construction\series.py", line 355, in _construct_series_with_fallbacks
    return constructor(name, values, strict)
           ^^^^^^^^^^^^^^^^^^^^^^^^^^^^^^^^^
TypeError: 'str' object cannot be interpreted as an integer

During handling of the above exception, another exception occurred:

Traceback (most recent call last):
  File "C:\Users\saiem\Documents\GitHub-Data\sdv-dev\cfbfastR-dev\cfbfastR-cfb-raw\.venv\Lib\site-packages\polars\_utils\getitem.py", line 167, in get_df_item_by_key
    return _select_rows(df, key)  # type: ignore[arg-type]
           ^^^^^^^^^^^^^^^^^^^^^
  File "C:\Users\saiem\Documents\GitHub-Data\sdv-dev\cfbfastR-dev\cfbfastR-cfb-raw\.venv\Lib\site-packages\polars\_utils\getitem.py", line 314, in _select_rows
    s = pl.Series("", key, dtype=Int64)
        ^^^^^^^^^^^^^^^^^^^^^^^^^^^^^^^
  File "C:\Users\saiem\Documents\GitHub-Data\sdv-dev\cfbfastR-dev\cfbfastR-cfb-raw\.venv\Lib\site-packages\polars\series\series.py", line 296, in __init__
    self._s = sequence_to_pyseries(
              ^^^^^^^^^^^^^^^^^^^^^
  File "C:\Users\saiem\Documents\GitHub-Data\sdv-dev\cfbfastR-dev\cfbfastR-cfb-raw\.venv\Lib\site-packages\polars\_utils\construction\series.py", line 164, in sequence_to_pyseries
    pyseries = _construct_series_with_fallbacks(
               ^^^^^^^^^^^^^^^^^^^^^^^^^^^^^^^^^
  File "C:\Users\saiem\Documents\GitHub-Data\sdv-dev\cfbfastR-dev\cfbfastR-cfb-raw\.venv\Lib\site-packages\polars\_utils\construction\series.py", line 370, in _construct_series_with_fallbacks
    return PySeries.new_from_any_values_and_dtype(
           ^^^^^^^^^^^^^^^^^^^^^^^^^^^^^^^^^^^^^^^
TypeError: unexpected value while building Series of type Int64; found value of type String: "team_id"

Hint: Try setting `strict=False` to allow passing data with mixed types.

During handling of the above exception, another exception occurred:

Traceback (most recent call last):
  File "C:\Users\saiem\Documents\GitHub-Data\sdv-dev\cfbfastR-dev\cfbfastR-cfb-raw\python\_cfb_raw_utils.py", line 106, in _safe
    return fn(*args, **kwargs)
           ^^^^^^^^^^^^^^^^^^^
  File "C:\Users\saiem\Documents\GitHub-Data\sdv-dev\cfbfastR-dev\cfbfastR-cfb-raw\python\scrape_cfb_json.py", line 42, in _rosters
    return sdv.cfb.espn_cfb_game_rosters(
           ^^^^^^^^^^^^^^^^^^^^^^^^^^^^^^
  File "C:\Users\saiem\Documents\GitHub-Data\sdv-dev\cfbfastR-dev\cfbfastR-cfb-raw\.venv\Lib\site-packages\sportsdataverse\cfb\cfb_game_rosters.py", line 67, in espn_cfb_game_rosters
    team_rosters = team_rosters.join(items[["team_id", "order", "home_away", "winner"]], how="left", on="team_id")
                                     ~~~~~^^^^^^^^^^^^^^^^^^^^^^^^^^^^^^^^^^^^^^^^^^^^^
  File "C:\Users\saiem\Documents\GitHub-Data\sdv-dev\cfbfastR-dev\cfbfastR-cfb-raw\.venv\Lib\site-packages\polars\dataframe\frame.py", line 1441, in __getitem__
    return get_df_item_by_key(self, key)
           ^^^^^^^^^^^^^^^^^^^^^^^^^^^^^
  File "C:\Users\saiem\Documents\GitHub-Data\sdv-dev\cfbfastR-dev\cfbfastR-cfb-raw\.venv\Lib\site-packages\polars\_utils\getitem.py", line 169, in get_df_item_by_key
    return _select_columns(df, key)
           ^^^^^^^^^^^^^^^^^^^^^^^^
  File "C:\Users\saiem\Documents\GitHub-Data\sdv-dev\cfbfastR-dev\cfbfastR-cfb-raw\.venv\Lib\site-packages\polars\_utils\getitem.py", line 217, in _select_columns
    return _select_columns_by_name(df, key)  # type: ignore[arg-type]
           ^^^^^^^^^^^^^^^^^^^^^^^^^^^^^^^^
  File "C:\Users\saiem\Documents\GitHub-Data\sdv-dev\cfbfastR-dev\cfbfastR-cfb-raw\.venv\Lib\site-packages\polars\_utils\getitem.py", line 269, in _select_columns_by_name
    return df._from_pydf(df._df.select(list(key)))
                         ^^^^^^^^^^^^^^^^^^^^^^^^
polars.exceptions.ColumnNotFoundError: "winner" not found
2026-06-17 11:44:14,269 ERROR extra fetch failed: _rosters(400607987,)
Traceback (most recent call last):
  File "C:\Users\saiem\Documents\GitHub-Data\sdv-dev\cfbfastR-dev\cfbfastR-cfb-raw\.venv\Lib\site-packages\polars\_utils\construction\series.py", line 355, in _construct_series_with_fallbacks
    return constructor(name, values, strict)
           ^^^^^^^^^^^^^^^^^^^^^^^^^^^^^^^^^
TypeError: 'str' object cannot be interpreted as an integer

During handling of the above exception, another exception occurred:

Traceback (most recent call last):
  File "C:\Users\saiem\Documents\GitHub-Data\sdv-dev\cfbfastR-dev\cfbfastR-cfb-raw\.venv\Lib\site-packages\polars\_utils\getitem.py", line 167, in get_df_item_by_key
    return _select_rows(df, key)  # type: ignore[arg-type]
           ^^^^^^^^^^^^^^^^^^^^^
  File "C:\Users\saiem\Documents\GitHub-Data\sdv-dev\cfbfastR-dev\cfbfastR-cfb-raw\.venv\Lib\site-packages\polars\_utils\getitem.py", line 314, in _select_rows
    s = pl.Series("", key, dtype=Int64)
        ^^^^^^^^^^^^^^^^^^^^^^^^^^^^^^^
  File "C:\Users\saiem\Documents\GitHub-Data\sdv-dev\cfbfastR-dev\cfbfastR-cfb-raw\.venv\Lib\site-packages\polars\series\series.py", line 296, in __init__
    self._s = sequence_to_pyseries(
              ^^^^^^^^^^^^^^^^^^^^^
  File "C:\Users\saiem\Documents\GitHub-Data\sdv-dev\cfbfastR-dev\cfbfastR-cfb-raw\.venv\Lib\site-packages\polars\_utils\construction\series.py", line 164, in sequence_to_pyseries
    pyseries = _construct_series_with_fallbacks(
               ^^^^^^^^^^^^^^^^^^^^^^^^^^^^^^^^^
  File "C:\Users\saiem\Documents\GitHub-Data\sdv-dev\cfbfastR-dev\cfbfastR-cfb-raw\.venv\Lib\site-packages\polars\_utils\construction\series.py", line 370, in _construct_series_with_fallbacks
    return PySeries.new_from_any_values_and_dtype(
           ^^^^^^^^^^^^^^^^^^^^^^^^^^^^^^^^^^^^^^^
TypeError: unexpected value while building Series of type Int64; found value of type String: "team_id"

Hint: Try setting `strict=False` to allow passing data with mixed types.

During handling of the above exception, another exception occurred:

Traceback (most recent call last):
  File "C:\Users\saiem\Documents\GitHub-Data\sdv-dev\cfbfastR-dev\cfbfastR-cfb-raw\python\_cfb_raw_utils.py", line 106, in _safe
    return fn(*args, **kwargs)
           ^^^^^^^^^^^^^^^^^^^
  File "C:\Users\saiem\Documents\GitHub-Data\sdv-dev\cfbfastR-dev\cfbfastR-cfb-raw\python\scrape_cfb_json.py", line 42, in _rosters
    return sdv.cfb.espn_cfb_game_rosters(
           ^^^^^^^^^^^^^^^^^^^^^^^^^^^^^^
  File "C:\Users\saiem\Documents\GitHub-Data\sdv-dev\cfbfastR-dev\cfbfastR-cfb-raw\.venv\Lib\site-packages\sportsdataverse\cfb\cfb_game_rosters.py", line 67, in espn_cfb_game_rosters
    team_rosters = team_rosters.join(items[["team_id", "order", "home_away", "winner"]], how="left", on="team_id")
                                     ~~~~~^^^^^^^^^^^^^^^^^^^^^^^^^^^^^^^^^^^^^^^^^^^^^
  File "C:\Users\saiem\Documents\GitHub-Data\sdv-dev\cfbfastR-dev\cfbfastR-cfb-raw\.venv\Lib\site-packages\polars\dataframe\frame.py", line 1441, in __getitem__
    return get_df_item_by_key(self, key)
           ^^^^^^^^^^^^^^^^^^^^^^^^^^^^^
  File "C:\Users\saiem\Documents\GitHub-Data\sdv-dev\cfbfastR-dev\cfbfastR-cfb-raw\.venv\Lib\site-packages\polars\_utils\getitem.py", line 169, in get_df_item_by_key
    return _select_columns(df, key)
           ^^^^^^^^^^^^^^^^^^^^^^^^
  File "C:\Users\saiem\Documents\GitHub-Data\sdv-dev\cfbfastR-dev\cfbfastR-cfb-raw\.venv\Lib\site-packages\polars\_utils\getitem.py", line 217, in _select_columns
    return _select_columns_by_name(df, key)  # type: ignore[arg-type]
           ^^^^^^^^^^^^^^^^^^^^^^^^^^^^^^^^
  File "C:\Users\saiem\Documents\GitHub-Data\sdv-dev\cfbfastR-dev\cfbfastR-cfb-raw\.venv\Lib\site-packages\polars\_utils\getitem.py", line 269, in _select_columns_by_name
    return df._from_pydf(df._df.select(list(key)))
                         ^^^^^^^^^^^^^^^^^^^^^^^^
polars.exceptions.ColumnNotFoundError: "winner" not found
2026-06-17 11:44:14,278 ERROR extra fetch failed: _rosters(400548160,)
Traceback (most recent call last):
  File "C:\Users\saiem\Documents\GitHub-Data\sdv-dev\cfbfastR-dev\cfbfastR-cfb-raw\python\_cfb_raw_utils.py", line 106, in _safe
    return fn(*args, **kwargs)
           ^^^^^^^^^^^^^^^^^^^
  File "C:\Users\saiem\Documents\GitHub-Data\sdv-dev\cfbfastR-dev\cfbfastR-cfb-raw\python\scrape_cfb_json.py", line 42, in _rosters
    return sdv.cfb.espn_cfb_game_rosters(
           ^^^^^^^^^^^^^^^^^^^^^^^^^^^^^^
  File "C:\Users\saiem\Documents\GitHub-Data\sdv-dev\cfbfastR-dev\cfbfastR-cfb-raw\.venv\Lib\site-packages\sportsdataverse\cfb\cfb_game_rosters.py", line 66, in espn_cfb_game_rosters
    team_rosters = helper_cfb_roster_items(items=items, summary_url=summary_url, **kwargs)
                   ^^^^^^^^^^^^^^^^^^^^^^^^^^^^^^^^^^^^^^^^^^^^^^^^^^^^^^^^^^^^^^^^^^^^^^^
  File "C:\Users\saiem\Documents\GitHub-Data\sdv-dev\cfbfastR-dev\cfbfastR-cfb-raw\.venv\Lib\site-packages\sportsdataverse\cfb\cfb_game_rosters.py", line 209, in helper_cfb_roster_items
    raise NoESPNDataError(f"NoESPNDataError: No roster data found for any team at {summary_url}")
sportsdataverse.errors.NoESPNDataError: NoESPNDataError: No roster data found for any team at https://sports.core.api.espn.com/v2/sports/football/leagues/college-football/events/400548160/competitions/400548160/competitors
2026-07-29 03:01:59,955 INFO season 2014: 873 games to scrape (rescrape=True)
2026-07-29 03:02:12,888 ERROR extra fetch failed: _rosters(400547949,)
Traceback (most recent call last):
  File "C:\Users\saiem\Documents\GitHub-Data\sdv-dev\cfbfastR-dev\cfbfastR-cfb-raw\python\_cfb_raw_utils.py", line 166, in _safe
    return fn(*args, **kwargs)
           ^^^^^^^^^^^^^^^^^^^
  File "C:\Users\saiem\Documents\GitHub-Data\sdv-dev\cfbfastR-dev\cfbfastR-cfb-raw\python\scrape_cfb_json.py", line 55, in _rosters
    return sdv.cfb.espn_cfb_game_rosters(
           ^^^^^^^^^^^^^^^^^^^^^^^^^^^^^^
  File "C:\Users\saiem\Documents\GitHub-Data\sdv-dev\cfbfastR-dev\cfbfastR-cfb-raw\.venv\Lib\site-packages\sportsdataverse\cfb\cfb_game_rosters.py", line 66, in espn_cfb_game_rosters
    team_rosters = helper_cfb_roster_items(items=items, summary_url=summary_url, **kwargs)
                   ^^^^^^^^^^^^^^^^^^^^^^^^^^^^^^^^^^^^^^^^^^^^^^^^^^^^^^^^^^^^^^^^^^^^^^^
  File "C:\Users\saiem\Documents\GitHub-Data\sdv-dev\cfbfastR-dev\cfbfastR-cfb-raw\.venv\Lib\site-packages\sportsdataverse\cfb\cfb_game_rosters.py", line 209, in helper_cfb_roster_items
    raise NoESPNDataError(f"NoESPNDataError: No roster data found for any team at {summary_url}")
sportsdataverse.errors.NoESPNDataError: NoESPNDataError: No roster data found for any team at https://sports.core.api.espn.com/v2/sports/football/leagues/college-football/events/400547949/competitions/400547949/competitors
2026-07-29 03:02:13,768 ERROR extra fetch failed: _rosters(400548431,)
Traceback (most recent call last):
  File "C:\Users\saiem\Documents\GitHub-Data\sdv-dev\cfbfastR-dev\cfbfastR-cfb-raw\python\_cfb_raw_utils.py", line 166, in _safe
    return fn(*args, **kwargs)
           ^^^^^^^^^^^^^^^^^^^
  File "C:\Users\saiem\Documents\GitHub-Data\sdv-dev\cfbfastR-dev\cfbfastR-cfb-raw\python\scrape_cfb_json.py", line 55, in _rosters
    return sdv.cfb.espn_cfb_game_rosters(
           ^^^^^^^^^^^^^^^^^^^^^^^^^^^^^^
  File "C:\Users\saiem\Documents\GitHub-Data\sdv-dev\cfbfastR-dev\cfbfastR-cfb-raw\.venv\Lib\site-packages\sportsdataverse\cfb\cfb_game_rosters.py", line 66, in espn_cfb_game_rosters
    team_rosters = helper_cfb_roster_items(items=items, summary_url=summary_url, **kwargs)
                   ^^^^^^^^^^^^^^^^^^^^^^^^^^^^^^^^^^^^^^^^^^^^^^^^^^^^^^^^^^^^^^^^^^^^^^^
  File "C:\Users\saiem\Documents\GitHub-Data\sdv-dev\cfbfastR-dev\cfbfastR-cfb-raw\.venv\Lib\site-packages\sportsdataverse\cfb\cfb_game_rosters.py", line 209, in helper_cfb_roster_items
    raise NoESPNDataError(f"NoESPNDataError: No roster data found for any team at {summary_url}")
sportsdataverse.errors.NoESPNDataError: NoESPNDataError: No roster data found for any team at https://sports.core.api.espn.com/v2/sports/football/leagues/college-football/events/400548431/competitions/400548431/competitors
2026-07-29 03:05:05,796 ERROR extra fetch failed: _rosters(400547776,)
Traceback (most recent call last):
  File "C:\Users\saiem\Documents\GitHub-Data\sdv-dev\cfbfastR-dev\cfbfastR-cfb-raw\python\_cfb_raw_utils.py", line 166, in _safe
    return fn(*args, **kwargs)
           ^^^^^^^^^^^^^^^^^^^
  File "C:\Users\saiem\Documents\GitHub-Data\sdv-dev\cfbfastR-dev\cfbfastR-cfb-raw\python\scrape_cfb_json.py", line 55, in _rosters
    return sdv.cfb.espn_cfb_game_rosters(
           ^^^^^^^^^^^^^^^^^^^^^^^^^^^^^^
  File "C:\Users\saiem\Documents\GitHub-Data\sdv-dev\cfbfastR-dev\cfbfastR-cfb-raw\.venv\Lib\site-packages\sportsdataverse\cfb\cfb_game_rosters.py", line 66, in espn_cfb_game_rosters
    team_rosters = helper_cfb_roster_items(items=items, summary_url=summary_url, **kwargs)
                   ^^^^^^^^^^^^^^^^^^^^^^^^^^^^^^^^^^^^^^^^^^^^^^^^^^^^^^^^^^^^^^^^^^^^^^^
  File "C:\Users\saiem\Documents\GitHub-Data\sdv-dev\cfbfastR-dev\cfbfastR-cfb-raw\.venv\Lib\site-packages\sportsdataverse\cfb\cfb_game_rosters.py", line 209, in helper_cfb_roster_items
    raise NoESPNDataError(f"NoESPNDataError: No roster data found for any team at {summary_url}")
sportsdataverse.errors.NoESPNDataError: NoESPNDataError: No roster data found for any team at https://sports.core.api.espn.com/v2/sports/football/leagues/college-football/events/400547776/competitions/400547776/competitors
2026-07-29 03:08:00,668 ERROR extra fetch failed: _rosters(400548307,)
Traceback (most recent call last):
  File "C:\Users\saiem\Documents\GitHub-Data\sdv-dev\cfbfastR-dev\cfbfastR-cfb-raw\python\_cfb_raw_utils.py", line 166, in _safe
    return fn(*args, **kwargs)
           ^^^^^^^^^^^^^^^^^^^
  File "C:\Users\saiem\Documents\GitHub-Data\sdv-dev\cfbfastR-dev\cfbfastR-cfb-raw\python\scrape_cfb_json.py", line 55, in _rosters
    return sdv.cfb.espn_cfb_game_rosters(
           ^^^^^^^^^^^^^^^^^^^^^^^^^^^^^^
  File "C:\Users\saiem\Documents\GitHub-Data\sdv-dev\cfbfastR-dev\cfbfastR-cfb-raw\.venv\Lib\site-packages\sportsdataverse\cfb\cfb_game_rosters.py", line 66, in espn_cfb_game_rosters
    team_rosters = helper_cfb_roster_items(items=items, summary_url=summary_url, **kwargs)
                   ^^^^^^^^^^^^^^^^^^^^^^^^^^^^^^^^^^^^^^^^^^^^^^^^^^^^^^^^^^^^^^^^^^^^^^^
  File "C:\Users\saiem\Documents\GitHub-Data\sdv-dev\cfbfastR-dev\cfbfastR-cfb-raw\.venv\Lib\site-packages\sportsdataverse\cfb\cfb_game_rosters.py", line 209, in helper_cfb_roster_items
    raise NoESPNDataError(f"NoESPNDataError: No roster data found for any team at {summary_url}")
sportsdataverse.errors.NoESPNDataError: NoESPNDataError: No roster data found for any team at https://sports.core.api.espn.com/v2/sports/football/leagues/college-football/events/400548307/competitions/400548307/competitors
2026-07-29 03:11:37,772 ERROR extra fetch failed: _rosters(400547891,)
Traceback (most recent call last):
  File "C:\Users\saiem\Documents\GitHub-Data\sdv-dev\cfbfastR-dev\cfbfastR-cfb-raw\python\_cfb_raw_utils.py", line 166, in _safe
    return fn(*args, **kwargs)
           ^^^^^^^^^^^^^^^^^^^
  File "C:\Users\saiem\Documents\GitHub-Data\sdv-dev\cfbfastR-dev\cfbfastR-cfb-raw\python\scrape_cfb_json.py", line 55, in _rosters
    return sdv.cfb.espn_cfb_game_rosters(
           ^^^^^^^^^^^^^^^^^^^^^^^^^^^^^^
  File "C:\Users\saiem\Documents\GitHub-Data\sdv-dev\cfbfastR-dev\cfbfastR-cfb-raw\.venv\Lib\site-packages\sportsdataverse\cfb\cfb_game_rosters.py", line 66, in espn_cfb_game_rosters
    team_rosters = helper_cfb_roster_items(items=items, summary_url=summary_url, **kwargs)
                   ^^^^^^^^^^^^^^^^^^^^^^^^^^^^^^^^^^^^^^^^^^^^^^^^^^^^^^^^^^^^^^^^^^^^^^^
  File "C:\Users\saiem\Documents\GitHub-Data\sdv-dev\cfbfastR-dev\cfbfastR-cfb-raw\.venv\Lib\site-packages\sportsdataverse\cfb\cfb_game_rosters.py", line 209, in helper_cfb_roster_items
    raise NoESPNDataError(f"NoESPNDataError: No roster data found for any team at {summary_url}")
sportsdataverse.errors.NoESPNDataError: NoESPNDataError: No roster data found for any team at https://sports.core.api.espn.com/v2/sports/football/leagues/college-football/events/400547891/competitions/400547891/competitors
2026-07-29 03:11:53,800 ERROR extra fetch failed: _rosters(400548449,)
Traceback (most recent call last):
  File "C:\Users\saiem\Documents\GitHub-Data\sdv-dev\cfbfastR-dev\cfbfastR-cfb-raw\python\_cfb_raw_utils.py", line 166, in _safe
    return fn(*args, **kwargs)
           ^^^^^^^^^^^^^^^^^^^
  File "C:\Users\saiem\Documents\GitHub-Data\sdv-dev\cfbfastR-dev\cfbfastR-cfb-raw\python\scrape_cfb_json.py", line 55, in _rosters
    return sdv.cfb.espn_cfb_game_rosters(
           ^^^^^^^^^^^^^^^^^^^^^^^^^^^^^^
  File "C:\Users\saiem\Documents\GitHub-Data\sdv-dev\cfbfastR-dev\cfbfastR-cfb-raw\.venv\Lib\site-packages\sportsdataverse\cfb\cfb_game_rosters.py", line 66, in espn_cfb_game_rosters
    team_rosters = helper_cfb_roster_items(items=items, summary_url=summary_url, **kwargs)
                   ^^^^^^^^^^^^^^^^^^^^^^^^^^^^^^^^^^^^^^^^^^^^^^^^^^^^^^^^^^^^^^^^^^^^^^^
  File "C:\Users\saiem\Documents\GitHub-Data\sdv-dev\cfbfastR-dev\cfbfastR-cfb-raw\.venv\Lib\site-packages\sportsdataverse\cfb\cfb_game_rosters.py", line 209, in helper_cfb_roster_items
    raise NoESPNDataError(f"NoESPNDataError: No roster data found for any team at {summary_url}")
sportsdataverse.errors.NoESPNDataError: NoESPNDataError: No roster data found for any team at https://sports.core.api.espn.com/v2/sports/football/leagues/college-football/events/400548449/competitions/400548449/competitors
2026-07-29 03:12:16,108 ERROR extra fetch failed: _rosters(400548164,)
Traceback (most recent call last):
  File "C:\Users\saiem\Documents\GitHub-Data\sdv-dev\cfbfastR-dev\cfbfastR-cfb-raw\python\_cfb_raw_utils.py", line 166, in _safe
    return fn(*args, **kwargs)
           ^^^^^^^^^^^^^^^^^^^
  File "C:\Users\saiem\Documents\GitHub-Data\sdv-dev\cfbfastR-dev\cfbfastR-cfb-raw\python\scrape_cfb_json.py", line 55, in _rosters
    return sdv.cfb.espn_cfb_game_rosters(
           ^^^^^^^^^^^^^^^^^^^^^^^^^^^^^^
  File "C:\Users\saiem\Documents\GitHub-Data\sdv-dev\cfbfastR-dev\cfbfastR-cfb-raw\.venv\Lib\site-packages\sportsdataverse\cfb\cfb_game_rosters.py", line 66, in espn_cfb_game_rosters
    team_rosters = helper_cfb_roster_items(items=items, summary_url=summary_url, **kwargs)
                   ^^^^^^^^^^^^^^^^^^^^^^^^^^^^^^^^^^^^^^^^^^^^^^^^^^^^^^^^^^^^^^^^^^^^^^^
  File "C:\Users\saiem\Documents\GitHub-Data\sdv-dev\cfbfastR-dev\cfbfastR-cfb-raw\.venv\Lib\site-packages\sportsdataverse\cfb\cfb_game_rosters.py", line 209, in helper_cfb_roster_items
    raise NoESPNDataError(f"NoESPNDataError: No roster data found for any team at {summary_url}")
sportsdataverse.errors.NoESPNDataError: NoESPNDataError: No roster data found for any team at https://sports.core.api.espn.com/v2/sports/football/leagues/college-football/events/400548164/competitions/400548164/competitors
2026-07-29 03:12:16,403 WARNING REFUSED degraded write cfb\json\raw\400547897.json: 407313 -> 251 bytes (0% of existing); keeping banked copy
2026-07-29 03:12:16,403 WARNING degraded summary for 400547897 (proxy=23.239.174.171:60099) -- keeping banked copy, skipping game
2026-07-29 03:13:27,097 ERROR extra fetch failed: _rosters(400547824,)
Traceback (most recent call last):
  File "C:\Users\saiem\Documents\GitHub-Data\sdv-dev\cfbfastR-dev\cfbfastR-cfb-raw\python\_cfb_raw_utils.py", line 166, in _safe
    return fn(*args, **kwargs)
           ^^^^^^^^^^^^^^^^^^^
  File "C:\Users\saiem\Documents\GitHub-Data\sdv-dev\cfbfastR-dev\cfbfastR-cfb-raw\python\scrape_cfb_json.py", line 55, in _rosters
    return sdv.cfb.espn_cfb_game_rosters(
           ^^^^^^^^^^^^^^^^^^^^^^^^^^^^^^
  File "C:\Users\saiem\Documents\GitHub-Data\sdv-dev\cfbfastR-dev\cfbfastR-cfb-raw\.venv\Lib\site-packages\sportsdataverse\cfb\cfb_game_rosters.py", line 66, in espn_cfb_game_rosters
    team_rosters = helper_cfb_roster_items(items=items, summary_url=summary_url, **kwargs)
                   ^^^^^^^^^^^^^^^^^^^^^^^^^^^^^^^^^^^^^^^^^^^^^^^^^^^^^^^^^^^^^^^^^^^^^^^
  File "C:\Users\saiem\Documents\GitHub-Data\sdv-dev\cfbfastR-dev\cfbfastR-cfb-raw\.venv\Lib\site-packages\sportsdataverse\cfb\cfb_game_rosters.py", line 209, in helper_cfb_roster_items
    raise NoESPNDataError(f"NoESPNDataError: No roster data found for any team at {summary_url}")
sportsdataverse.errors.NoESPNDataError: NoESPNDataError: No roster data found for any team at https://sports.core.api.espn.com/v2/sports/football/leagues/college-football/events/400547824/competitions/400547824/competitors
2026-07-29 03:13:56,072 WARNING REFUSED degraded write cfb\json\raw\400548324.json: 395773 -> 251 bytes (0% of existing); keeping banked copy
2026-07-29 03:13:56,072 WARNING degraded summary for 400548324 (proxy=154.81.58.221:60099) -- keeping banked copy, skipping game
2026-07-29 03:14:15,173 ERROR extra fetch failed: _rosters(400547900,)
Traceback (most recent call last):
  File "C:\Users\saiem\Documents\GitHub-Data\sdv-dev\cfbfastR-dev\cfbfastR-cfb-raw\python\_cfb_raw_utils.py", line 166, in _safe
    return fn(*args, **kwargs)
           ^^^^^^^^^^^^^^^^^^^
  File "C:\Users\saiem\Documents\GitHub-Data\sdv-dev\cfbfastR-dev\cfbfastR-cfb-raw\python\scrape_cfb_json.py", line 55, in _rosters
    return sdv.cfb.espn_cfb_game_rosters(
           ^^^^^^^^^^^^^^^^^^^^^^^^^^^^^^
  File "C:\Users\saiem\Documents\GitHub-Data\sdv-dev\cfbfastR-dev\cfbfastR-cfb-raw\.venv\Lib\site-packages\sportsdataverse\cfb\cfb_game_rosters.py", line 66, in espn_cfb_game_rosters
    team_rosters = helper_cfb_roster_items(items=items, summary_url=summary_url, **kwargs)
                   ^^^^^^^^^^^^^^^^^^^^^^^^^^^^^^^^^^^^^^^^^^^^^^^^^^^^^^^^^^^^^^^^^^^^^^^
  File "C:\Users\saiem\Documents\GitHub-Data\sdv-dev\cfbfastR-dev\cfbfastR-cfb-raw\.venv\Lib\site-packages\sportsdataverse\cfb\cfb_game_rosters.py", line 209, in helper_cfb_roster_items
    raise NoESPNDataError(f"NoESPNDataError: No roster data found for any team at {summary_url}")
sportsdataverse.errors.NoESPNDataError: NoESPNDataError: No roster data found for any team at https://sports.core.api.espn.com/v2/sports/football/leagues/college-football/events/400547900/competitions/400547900/competitors
2026-07-29 03:15:40,278 ERROR extra fetch failed: _rosters(400547739,)
Traceback (most recent call last):
  File "C:\Users\saiem\Documents\GitHub-Data\sdv-dev\cfbfastR-dev\cfbfastR-cfb-raw\python\_cfb_raw_utils.py", line 166, in _safe
    return fn(*args, **kwargs)
           ^^^^^^^^^^^^^^^^^^^
  File "C:\Users\saiem\Documents\GitHub-Data\sdv-dev\cfbfastR-dev\cfbfastR-cfb-raw\python\scrape_cfb_json.py", line 55, in _rosters
    return sdv.cfb.espn_cfb_game_rosters(
           ^^^^^^^^^^^^^^^^^^^^^^^^^^^^^^
  File "C:\Users\saiem\Documents\GitHub-Data\sdv-dev\cfbfastR-dev\cfbfastR-cfb-raw\.venv\Lib\site-packages\sportsdataverse\cfb\cfb_game_rosters.py", line 66, in espn_cfb_game_rosters
    team_rosters = helper_cfb_roster_items(items=items, summary_url=summary_url, **kwargs)
                   ^^^^^^^^^^^^^^^^^^^^^^^^^^^^^^^^^^^^^^^^^^^^^^^^^^^^^^^^^^^^^^^^^^^^^^^
  File "C:\Users\saiem\Documents\GitHub-Data\sdv-dev\cfbfastR-dev\cfbfastR-cfb-raw\.venv\Lib\site-packages\sportsdataverse\cfb\cfb_game_rosters.py", line 209, in helper_cfb_roster_items
    raise NoESPNDataError(f"NoESPNDataError: No roster data found for any team at {summary_url}")
sportsdataverse.errors.NoESPNDataError: NoESPNDataError: No roster data found for any team at https://sports.core.api.espn.com/v2/sports/football/leagues/college-football/events/400547739/competitions/400547739/competitors
2026-07-29 03:18:40,507 WARNING REFUSED degraded write cfb\json\raw\400547829.json: 371015 -> 251 bytes (0% of existing); keeping banked copy
2026-07-29 03:18:40,507 WARNING degraded summary for 400547829 (proxy=23.239.174.50:60099) -- keeping banked copy, skipping game
2026-07-29 03:18:40,879 WARNING REFUSED degraded write cfb\json\raw\400547960.json: 400783 -> 251 bytes (0% of existing); keeping banked copy
2026-07-29 03:18:40,879 WARNING degraded summary for 400547960 (proxy=23.239.174.153:60099) -- keeping banked copy, skipping game
2026-07-29 03:23:20,330 ERROR extra fetch failed: _rosters(400547728,)
Traceback (most recent call last):
  File "C:\Users\saiem\Documents\GitHub-Data\sdv-dev\cfbfastR-dev\cfbfastR-cfb-raw\python\_cfb_raw_utils.py", line 166, in _safe
    return fn(*args, **kwargs)
           ^^^^^^^^^^^^^^^^^^^
  File "C:\Users\saiem\Documents\GitHub-Data\sdv-dev\cfbfastR-dev\cfbfastR-cfb-raw\python\scrape_cfb_json.py", line 55, in _rosters
    return sdv.cfb.espn_cfb_game_rosters(
           ^^^^^^^^^^^^^^^^^^^^^^^^^^^^^^
  File "C:\Users\saiem\Documents\GitHub-Data\sdv-dev\cfbfastR-dev\cfbfastR-cfb-raw\.venv\Lib\site-packages\sportsdataverse\cfb\cfb_game_rosters.py", line 66, in espn_cfb_game_rosters
    team_rosters = helper_cfb_roster_items(items=items, summary_url=summary_url, **kwargs)
                   ^^^^^^^^^^^^^^^^^^^^^^^^^^^^^^^^^^^^^^^^^^^^^^^^^^^^^^^^^^^^^^^^^^^^^^^
  File "C:\Users\saiem\Documents\GitHub-Data\sdv-dev\cfbfastR-dev\cfbfastR-cfb-raw\.venv\Lib\site-packages\sportsdataverse\cfb\cfb_game_rosters.py", line 209, in helper_cfb_roster_items
    raise NoESPNDataError(f"NoESPNDataError: No roster data found for any team at {summary_url}")
sportsdataverse.errors.NoESPNDataError: NoESPNDataError: No roster data found for any team at https://sports.core.api.espn.com/v2/sports/football/leagues/college-football/events/400547728/competitions/400547728/competitors
2026-07-29 03:24:29,475 ERROR extra fetch failed: _rosters(400547646,)
Traceback (most recent call last):
  File "C:\Users\saiem\Documents\GitHub-Data\sdv-dev\cfbfastR-dev\cfbfastR-cfb-raw\python\_cfb_raw_utils.py", line 166, in _safe
    return fn(*args, **kwargs)
           ^^^^^^^^^^^^^^^^^^^
  File "C:\Users\saiem\Documents\GitHub-Data\sdv-dev\cfbfastR-dev\cfbfastR-cfb-raw\python\scrape_cfb_json.py", line 55, in _rosters
    return sdv.cfb.espn_cfb_game_rosters(
           ^^^^^^^^^^^^^^^^^^^^^^^^^^^^^^
  File "C:\Users\saiem\Documents\GitHub-Data\sdv-dev\cfbfastR-dev\cfbfastR-cfb-raw\.venv\Lib\site-packages\sportsdataverse\cfb\cfb_game_rosters.py", line 66, in espn_cfb_game_rosters
    team_rosters = helper_cfb_roster_items(items=items, summary_url=summary_url, **kwargs)
                   ^^^^^^^^^^^^^^^^^^^^^^^^^^^^^^^^^^^^^^^^^^^^^^^^^^^^^^^^^^^^^^^^^^^^^^^
  File "C:\Users\saiem\Documents\GitHub-Data\sdv-dev\cfbfastR-dev\cfbfastR-cfb-raw\.venv\Lib\site-packages\sportsdataverse\cfb\cfb_game_rosters.py", line 209, in helper_cfb_roster_items
    raise NoESPNDataError(f"NoESPNDataError: No roster data found for any team at {summary_url}")
sportsdataverse.errors.NoESPNDataError: NoESPNDataError: No roster data found for any team at https://sports.core.api.espn.com/v2/sports/football/leagues/college-football/events/400547646/competitions/400547646/competitors
2026-07-29 03:26:09,387 ERROR extra fetch failed: _rosters(400548399,)
Traceback (most recent call last):
  File "C:\Users\saiem\Documents\GitHub-Data\sdv-dev\cfbfastR-dev\cfbfastR-cfb-raw\.venv\Lib\site-packages\polars\_utils\construction\series.py", line 355, in _construct_series_with_fallbacks
    return constructor(name, values, strict)
           ^^^^^^^^^^^^^^^^^^^^^^^^^^^^^^^^^
TypeError: 'str' object cannot be interpreted as an integer

During handling of the above exception, another exception occurred:

Traceback (most recent call last):
  File "C:\Users\saiem\Documents\GitHub-Data\sdv-dev\cfbfastR-dev\cfbfastR-cfb-raw\.venv\Lib\site-packages\polars\_utils\getitem.py", line 167, in get_df_item_by_key
    return _select_rows(df, key)  # type: ignore[arg-type]
           ^^^^^^^^^^^^^^^^^^^^^
  File "C:\Users\saiem\Documents\GitHub-Data\sdv-dev\cfbfastR-dev\cfbfastR-cfb-raw\.venv\Lib\site-packages\polars\_utils\getitem.py", line 314, in _select_rows
    s = pl.Series("", key, dtype=Int64)
        ^^^^^^^^^^^^^^^^^^^^^^^^^^^^^^^
  File "C:\Users\saiem\Documents\GitHub-Data\sdv-dev\cfbfastR-dev\cfbfastR-cfb-raw\.venv\Lib\site-packages\polars\series\series.py", line 296, in __init__
    self._s = sequence_to_pyseries(
              ^^^^^^^^^^^^^^^^^^^^^
  File "C:\Users\saiem\Documents\GitHub-Data\sdv-dev\cfbfastR-dev\cfbfastR-cfb-raw\.venv\Lib\site-packages\polars\_utils\construction\series.py", line 164, in sequence_to_pyseries
    pyseries = _construct_series_with_fallbacks(
               ^^^^^^^^^^^^^^^^^^^^^^^^^^^^^^^^^
  File "C:\Users\saiem\Documents\GitHub-Data\sdv-dev\cfbfastR-dev\cfbfastR-cfb-raw\.venv\Lib\site-packages\polars\_utils\construction\series.py", line 370, in _construct_series_with_fallbacks
    return PySeries.new_from_any_values_and_dtype(
           ^^^^^^^^^^^^^^^^^^^^^^^^^^^^^^^^^^^^^^^
TypeError: unexpected value while building Series of type Int64; found value of type String: "team_id"

Hint: Try setting `strict=False` to allow passing data with mixed types.

During handling of the above exception, another exception occurred:

Traceback (most recent call last):
  File "C:\Users\saiem\Documents\GitHub-Data\sdv-dev\cfbfastR-dev\cfbfastR-cfb-raw\python\_cfb_raw_utils.py", line 166, in _safe
    return fn(*args, **kwargs)
           ^^^^^^^^^^^^^^^^^^^
  File "C:\Users\saiem\Documents\GitHub-Data\sdv-dev\cfbfastR-dev\cfbfastR-cfb-raw\python\scrape_cfb_json.py", line 55, in _rosters
    return sdv.cfb.espn_cfb_game_rosters(
           ^^^^^^^^^^^^^^^^^^^^^^^^^^^^^^
  File "C:\Users\saiem\Documents\GitHub-Data\sdv-dev\cfbfastR-dev\cfbfastR-cfb-raw\.venv\Lib\site-packages\sportsdataverse\cfb\cfb_game_rosters.py", line 67, in espn_cfb_game_rosters
    team_rosters = team_rosters.join(items[["team_id", "order", "home_away", "winner"]], how="left", on="team_id")
                                     ~~~~~^^^^^^^^^^^^^^^^^^^^^^^^^^^^^^^^^^^^^^^^^^^^^
  File "C:\Users\saiem\Documents\GitHub-Data\sdv-dev\cfbfastR-dev\cfbfastR-cfb-raw\.venv\Lib\site-packages\polars\dataframe\frame.py", line 1441, in __getitem__
    return get_df_item_by_key(self, key)
           ^^^^^^^^^^^^^^^^^^^^^^^^^^^^^
  File "C:\Users\saiem\Documents\GitHub-Data\sdv-dev\cfbfastR-dev\cfbfastR-cfb-raw\.venv\Lib\site-packages\polars\_utils\getitem.py", line 169, in get_df_item_by_key
    return _select_columns(df, key)
           ^^^^^^^^^^^^^^^^^^^^^^^^
  File "C:\Users\saiem\Documents\GitHub-Data\sdv-dev\cfbfastR-dev\cfbfastR-cfb-raw\.venv\Lib\site-packages\polars\_utils\getitem.py", line 217, in _select_columns
    return _select_columns_by_name(df, key)  # type: ignore[arg-type]
           ^^^^^^^^^^^^^^^^^^^^^^^^^^^^^^^^
  File "C:\Users\saiem\Documents\GitHub-Data\sdv-dev\cfbfastR-dev\cfbfastR-cfb-raw\.venv\Lib\site-packages\polars\_utils\getitem.py", line 269, in _select_columns_by_name
    return df._from_pydf(df._df.select(list(key)))
                         ^^^^^^^^^^^^^^^^^^^^^^^^
polars.exceptions.ColumnNotFoundError: "winner" not found
2026-07-29 03:26:56,844 ERROR extra fetch failed: _rosters(400548186,)
Traceback (most recent call last):
  File "C:\Users\saiem\Documents\GitHub-Data\sdv-dev\cfbfastR-dev\cfbfastR-cfb-raw\python\_cfb_raw_utils.py", line 166, in _safe
    return fn(*args, **kwargs)
           ^^^^^^^^^^^^^^^^^^^
  File "C:\Users\saiem\Documents\GitHub-Data\sdv-dev\cfbfastR-dev\cfbfastR-cfb-raw\python\scrape_cfb_json.py", line 55, in _rosters
    return sdv.cfb.espn_cfb_game_rosters(
           ^^^^^^^^^^^^^^^^^^^^^^^^^^^^^^
  File "C:\Users\saiem\Documents\GitHub-Data\sdv-dev\cfbfastR-dev\cfbfastR-cfb-raw\.venv\Lib\site-packages\sportsdataverse\cfb\cfb_game_rosters.py", line 66, in espn_cfb_game_rosters
    team_rosters = helper_cfb_roster_items(items=items, summary_url=summary_url, **kwargs)
                   ^^^^^^^^^^^^^^^^^^^^^^^^^^^^^^^^^^^^^^^^^^^^^^^^^^^^^^^^^^^^^^^^^^^^^^^
  File "C:\Users\saiem\Documents\GitHub-Data\sdv-dev\cfbfastR-dev\cfbfastR-cfb-raw\.venv\Lib\site-packages\sportsdataverse\cfb\cfb_game_rosters.py", line 209, in helper_cfb_roster_items
    raise NoESPNDataError(f"NoESPNDataError: No roster data found for any team at {summary_url}")
sportsdataverse.errors.NoESPNDataError: NoESPNDataError: No roster data found for any team at https://sports.core.api.espn.com/v2/sports/football/leagues/college-football/events/400548186/competitions/400548186/competitors
2026-07-29 03:27:31,363 WARNING REFUSED degraded write cfb\json\raw\400547652.json: 435829 -> 251 bytes (0% of existing); keeping banked copy
2026-07-29 03:27:31,363 WARNING degraded summary for 400547652 (proxy=23.239.174.74:60099) -- keeping banked copy, skipping game
2026-07-29 03:29:43,033 ERROR download_game failed: 400547655
Traceback (most recent call last):
  File "C:\Users\saiem\Documents\GitHub-Data\sdv-dev\cfbfastR-dev\cfbfastR-cfb-raw\python\scrape_cfb_json.py", line 114, in download_game
    result = proc.run_processing_pipeline()
             ^^^^^^^^^^^^^^^^^^^^^^^^^^^^^^
  File "C:\Users\saiem\Documents\GitHub-Data\sdv-dev\cfbfastR-dev\cfbfastR-cfb-raw\.venv\Lib\site-packages\sportsdataverse\cfb\cfb_pbp.py", line 7051, in run_processing_pipeline
    pbp_txt = self.__helper_cfb_pbp_drives(self.json)
              ^^^^^^^^^^^^^^^^^^^^^^^^^^^^^^^^^^^^^^^
  File "C:\Users\saiem\Documents\GitHub-Data\sdv-dev\cfbfastR-dev\cfbfastR-cfb-raw\.venv\Lib\site-packages\sportsdataverse\cfb\cfb_pbp.py", line 844, in __helper_cfb_pbp_drives
    pbp_txt, init = self.__helper_cfb_pbp(pbp_txt)
                    ^^^^^^^^^^^^^^^^^^^^^^^^^^^^^^
  File "C:\Users\saiem\Documents\GitHub-Data\sdv-dev\cfbfastR-dev\cfbfastR-cfb-raw\.venv\Lib\site-packages\sportsdataverse\cfb\cfb_pbp.py", line 1466, in __helper_cfb_pbp
    raise NoESPNDataError(
sportsdataverse.errors.NoESPNDataError: ESPN summary for game 400547655 has no header.competitions; cannot build play-by-play.
2026-07-29 03:30:23,507 WARNING REFUSED degraded write cfb\json\raw\400548261.json: 415082 -> 251 bytes (0% of existing); keeping banked copy
2026-07-29 03:30:23,507 WARNING degraded summary for 400548261 (proxy=23.239.174.74:60099) -- keeping banked copy, skipping game
2026-07-29 03:32:12,530 ERROR extra fetch failed: _rosters(400547847,)
Traceback (most recent call last):
  File "C:\Users\saiem\Documents\GitHub-Data\sdv-dev\cfbfastR-dev\cfbfastR-cfb-raw\python\_cfb_raw_utils.py", line 166, in _safe
    return fn(*args, **kwargs)
           ^^^^^^^^^^^^^^^^^^^
  File "C:\Users\saiem\Documents\GitHub-Data\sdv-dev\cfbfastR-dev\cfbfastR-cfb-raw\python\scrape_cfb_json.py", line 55, in _rosters
    return sdv.cfb.espn_cfb_game_rosters(
           ^^^^^^^^^^^^^^^^^^^^^^^^^^^^^^
  File "C:\Users\saiem\Documents\GitHub-Data\sdv-dev\cfbfastR-dev\cfbfastR-cfb-raw\.venv\Lib\site-packages\sportsdataverse\cfb\cfb_game_rosters.py", line 66, in espn_cfb_game_rosters
    team_rosters = helper_cfb_roster_items(items=items, summary_url=summary_url, **kwargs)
                   ^^^^^^^^^^^^^^^^^^^^^^^^^^^^^^^^^^^^^^^^^^^^^^^^^^^^^^^^^^^^^^^^^^^^^^^
  File "C:\Users\saiem\Documents\GitHub-Data\sdv-dev\cfbfastR-dev\cfbfastR-cfb-raw\.venv\Lib\site-packages\sportsdataverse\cfb\cfb_game_rosters.py", line 209, in helper_cfb_roster_items
    raise NoESPNDataError(f"NoESPNDataError: No roster data found for any team at {summary_url}")
sportsdataverse.errors.NoESPNDataError: NoESPNDataError: No roster data found for any team at https://sports.core.api.espn.com/v2/sports/football/leagues/college-football/events/400547847/competitions/400547847/competitors
2026-07-29 03:33:32,703 ERROR extra fetch failed: _rosters(400547845,)
Traceback (most recent call last):
  File "C:\Users\saiem\Documents\GitHub-Data\sdv-dev\cfbfastR-dev\cfbfastR-cfb-raw\python\_cfb_raw_utils.py", line 166, in _safe
    return fn(*args, **kwargs)
           ^^^^^^^^^^^^^^^^^^^
  File "C:\Users\saiem\Documents\GitHub-Data\sdv-dev\cfbfastR-dev\cfbfastR-cfb-raw\python\scrape_cfb_json.py", line 55, in _rosters
    return sdv.cfb.espn_cfb_game_rosters(
           ^^^^^^^^^^^^^^^^^^^^^^^^^^^^^^
  File "C:\Users\saiem\Documents\GitHub-Data\sdv-dev\cfbfastR-dev\cfbfastR-cfb-raw\.venv\Lib\site-packages\sportsdataverse\cfb\cfb_game_rosters.py", line 66, in espn_cfb_game_rosters
    team_rosters = helper_cfb_roster_items(items=items, summary_url=summary_url, **kwargs)
                   ^^^^^^^^^^^^^^^^^^^^^^^^^^^^^^^^^^^^^^^^^^^^^^^^^^^^^^^^^^^^^^^^^^^^^^^
  File "C:\Users\saiem\Documents\GitHub-Data\sdv-dev\cfbfastR-dev\cfbfastR-cfb-raw\.venv\Lib\site-packages\sportsdataverse\cfb\cfb_game_rosters.py", line 209, in helper_cfb_roster_items
    raise NoESPNDataError(f"NoESPNDataError: No roster data found for any team at {summary_url}")
sportsdataverse.errors.NoESPNDataError: NoESPNDataError: No roster data found for any team at https://sports.core.api.espn.com/v2/sports/football/leagues/college-football/events/400547845/competitions/400547845/competitors
2026-07-29 03:34:01,934 WARNING REFUSED degraded write cfb\json\raw\400547850.json: 377533 -> 251 bytes (0% of existing); keeping banked copy
2026-07-29 03:34:01,934 WARNING degraded summary for 400547850 (proxy=23.239.174.26:60099) -- keeping banked copy, skipping game
2026-07-29 03:34:46,185 ERROR extra fetch failed: _rosters(400547662,)
Traceback (most recent call last):
  File "C:\Users\saiem\Documents\GitHub-Data\sdv-dev\cfbfastR-dev\cfbfastR-cfb-raw\python\_cfb_raw_utils.py", line 166, in _safe
    return fn(*args, **kwargs)
           ^^^^^^^^^^^^^^^^^^^
  File "C:\Users\saiem\Documents\GitHub-Data\sdv-dev\cfbfastR-dev\cfbfastR-cfb-raw\python\scrape_cfb_json.py", line 55, in _rosters
    return sdv.cfb.espn_cfb_game_rosters(
           ^^^^^^^^^^^^^^^^^^^^^^^^^^^^^^
  File "C:\Users\saiem\Documents\GitHub-Data\sdv-dev\cfbfastR-dev\cfbfastR-cfb-raw\.venv\Lib\site-packages\sportsdataverse\cfb\cfb_game_rosters.py", line 66, in espn_cfb_game_rosters
    team_rosters = helper_cfb_roster_items(items=items, summary_url=summary_url, **kwargs)
                   ^^^^^^^^^^^^^^^^^^^^^^^^^^^^^^^^^^^^^^^^^^^^^^^^^^^^^^^^^^^^^^^^^^^^^^^
  File "C:\Users\saiem\Documents\GitHub-Data\sdv-dev\cfbfastR-dev\cfbfastR-cfb-raw\.venv\Lib\site-packages\sportsdataverse\cfb\cfb_game_rosters.py", line 209, in helper_cfb_roster_items
    raise NoESPNDataError(f"NoESPNDataError: No roster data found for any team at {summary_url}")
sportsdataverse.errors.NoESPNDataError: NoESPNDataError: No roster data found for any team at https://sports.core.api.espn.com/v2/sports/football/leagues/college-football/events/400547662/competitions/400547662/competitors
2026-07-29 03:37:59,934 ERROR download_game failed: 400548108
Traceback (most recent call last):
  File "C:\Users\saiem\Documents\GitHub-Data\sdv-dev\cfbfastR-dev\cfbfastR-cfb-raw\python\scrape_cfb_json.py", line 114, in download_game
    result = proc.run_processing_pipeline()
             ^^^^^^^^^^^^^^^^^^^^^^^^^^^^^^
  File "C:\Users\saiem\Documents\GitHub-Data\sdv-dev\cfbfastR-dev\cfbfastR-cfb-raw\.venv\Lib\site-packages\sportsdataverse\cfb\cfb_pbp.py", line 7051, in run_processing_pipeline
    pbp_txt = self.__helper_cfb_pbp_drives(self.json)
              ^^^^^^^^^^^^^^^^^^^^^^^^^^^^^^^^^^^^^^^
  File "C:\Users\saiem\Documents\GitHub-Data\sdv-dev\cfbfastR-dev\cfbfastR-cfb-raw\.venv\Lib\site-packages\sportsdataverse\cfb\cfb_pbp.py", line 844, in __helper_cfb_pbp_drives
    pbp_txt, init = self.__helper_cfb_pbp(pbp_txt)
                    ^^^^^^^^^^^^^^^^^^^^^^^^^^^^^^
  File "C:\Users\saiem\Documents\GitHub-Data\sdv-dev\cfbfastR-dev\cfbfastR-cfb-raw\.venv\Lib\site-packages\sportsdataverse\cfb\cfb_pbp.py", line 1466, in __helper_cfb_pbp
    raise NoESPNDataError(
sportsdataverse.errors.NoESPNDataError: ESPN summary for game 400548108 has no header.competitions; cannot build play-by-play.
2026-07-29 03:38:40,507 ERROR extra fetch failed: _rosters(400547970,)
Traceback (most recent call last):
  File "C:\Users\saiem\Documents\GitHub-Data\sdv-dev\cfbfastR-dev\cfbfastR-cfb-raw\python\_cfb_raw_utils.py", line 166, in _safe
    return fn(*args, **kwargs)
           ^^^^^^^^^^^^^^^^^^^
  File "C:\Users\saiem\Documents\GitHub-Data\sdv-dev\cfbfastR-dev\cfbfastR-cfb-raw\python\scrape_cfb_json.py", line 55, in _rosters
    return sdv.cfb.espn_cfb_game_rosters(
           ^^^^^^^^^^^^^^^^^^^^^^^^^^^^^^
  File "C:\Users\saiem\Documents\GitHub-Data\sdv-dev\cfbfastR-dev\cfbfastR-cfb-raw\.venv\Lib\site-packages\sportsdataverse\cfb\cfb_game_rosters.py", line 66, in espn_cfb_game_rosters
    team_rosters = helper_cfb_roster_items(items=items, summary_url=summary_url, **kwargs)
                   ^^^^^^^^^^^^^^^^^^^^^^^^^^^^^^^^^^^^^^^^^^^^^^^^^^^^^^^^^^^^^^^^^^^^^^^
  File "C:\Users\saiem\Documents\GitHub-Data\sdv-dev\cfbfastR-dev\cfbfastR-cfb-raw\.venv\Lib\site-packages\sportsdataverse\cfb\cfb_game_rosters.py", line 209, in helper_cfb_roster_items
    raise NoESPNDataError(f"NoESPNDataError: No roster data found for any team at {summary_url}")
sportsdataverse.errors.NoESPNDataError: NoESPNDataError: No roster data found for any team at https://sports.core.api.espn.com/v2/sports/football/leagues/college-football/events/400547970/competitions/400547970/competitors
2026-07-29 03:39:27,128 WARNING REFUSED degraded write cfb\json\raw\400548384.json: 383748 -> 251 bytes (0% of existing); keeping banked copy
2026-07-29 03:39:27,128 WARNING degraded summary for 400548384 (proxy=23.239.174.153:60099) -- keeping banked copy, skipping game
2026-07-29 03:41:55,674 ERROR extra fetch failed: _rosters(400547782,)
Traceback (most recent call last):
  File "C:\Users\saiem\Documents\GitHub-Data\sdv-dev\cfbfastR-dev\cfbfastR-cfb-raw\python\_cfb_raw_utils.py", line 166, in _safe
    return fn(*args, **kwargs)
           ^^^^^^^^^^^^^^^^^^^
  File "C:\Users\saiem\Documents\GitHub-Data\sdv-dev\cfbfastR-dev\cfbfastR-cfb-raw\python\scrape_cfb_json.py", line 55, in _rosters
    return sdv.cfb.espn_cfb_game_rosters(
           ^^^^^^^^^^^^^^^^^^^^^^^^^^^^^^
  File "C:\Users\saiem\Documents\GitHub-Data\sdv-dev\cfbfastR-dev\cfbfastR-cfb-raw\.venv\Lib\site-packages\sportsdataverse\cfb\cfb_game_rosters.py", line 66, in espn_cfb_game_rosters
    team_rosters = helper_cfb_roster_items(items=items, summary_url=summary_url, **kwargs)
                   ^^^^^^^^^^^^^^^^^^^^^^^^^^^^^^^^^^^^^^^^^^^^^^^^^^^^^^^^^^^^^^^^^^^^^^^
  File "C:\Users\saiem\Documents\GitHub-Data\sdv-dev\cfbfastR-dev\cfbfastR-cfb-raw\.venv\Lib\site-packages\sportsdataverse\cfb\cfb_game_rosters.py", line 209, in helper_cfb_roster_items
    raise NoESPNDataError(f"NoESPNDataError: No roster data found for any team at {summary_url}")
sportsdataverse.errors.NoESPNDataError: NoESPNDataError: No roster data found for any team at https://sports.core.api.espn.com/v2/sports/football/leagues/college-football/events/400547782/competitions/400547782/competitors
2026-07-29 03:42:02,508 ERROR extra fetch failed: _rosters(400547832,)
Traceback (most recent call last):
  File "C:\Users\saiem\Documents\GitHub-Data\sdv-dev\cfbfastR-dev\cfbfastR-cfb-raw\python\_cfb_raw_utils.py", line 166, in _safe
    return fn(*args, **kwargs)
           ^^^^^^^^^^^^^^^^^^^
  File "C:\Users\saiem\Documents\GitHub-Data\sdv-dev\cfbfastR-dev\cfbfastR-cfb-raw\python\scrape_cfb_json.py", line 55, in _rosters
    return sdv.cfb.espn_cfb_game_rosters(
           ^^^^^^^^^^^^^^^^^^^^^^^^^^^^^^
  File "C:\Users\saiem\Documents\GitHub-Data\sdv-dev\cfbfastR-dev\cfbfastR-cfb-raw\.venv\Lib\site-packages\sportsdataverse\cfb\cfb_game_rosters.py", line 66, in espn_cfb_game_rosters
    team_rosters = helper_cfb_roster_items(items=items, summary_url=summary_url, **kwargs)
                   ^^^^^^^^^^^^^^^^^^^^^^^^^^^^^^^^^^^^^^^^^^^^^^^^^^^^^^^^^^^^^^^^^^^^^^^
  File "C:\Users\saiem\Documents\GitHub-Data\sdv-dev\cfbfastR-dev\cfbfastR-cfb-raw\.venv\Lib\site-packages\sportsdataverse\cfb\cfb_game_rosters.py", line 209, in helper_cfb_roster_items
    raise NoESPNDataError(f"NoESPNDataError: No roster data found for any team at {summary_url}")
sportsdataverse.errors.NoESPNDataError: NoESPNDataError: No roster data found for any team at https://sports.core.api.espn.com/v2/sports/football/leagues/college-football/events/400547832/competitions/400547832/competitors
2026-07-29 03:47:05,672 ERROR extra fetch failed: _rosters(400548459,)
Traceback (most recent call last):
  File "C:\Users\saiem\Documents\GitHub-Data\sdv-dev\cfbfastR-dev\cfbfastR-cfb-raw\python\_cfb_raw_utils.py", line 166, in _safe
    return fn(*args, **kwargs)
           ^^^^^^^^^^^^^^^^^^^
  File "C:\Users\saiem\Documents\GitHub-Data\sdv-dev\cfbfastR-dev\cfbfastR-cfb-raw\python\scrape_cfb_json.py", line 55, in _rosters
    return sdv.cfb.espn_cfb_game_rosters(
           ^^^^^^^^^^^^^^^^^^^^^^^^^^^^^^
  File "C:\Users\saiem\Documents\GitHub-Data\sdv-dev\cfbfastR-dev\cfbfastR-cfb-raw\.venv\Lib\site-packages\sportsdataverse\cfb\cfb_game_rosters.py", line 66, in espn_cfb_game_rosters
    team_rosters = helper_cfb_roster_items(items=items, summary_url=summary_url, **kwargs)
                   ^^^^^^^^^^^^^^^^^^^^^^^^^^^^^^^^^^^^^^^^^^^^^^^^^^^^^^^^^^^^^^^^^^^^^^^
  File "C:\Users\saiem\Documents\GitHub-Data\sdv-dev\cfbfastR-dev\cfbfastR-cfb-raw\.venv\Lib\site-packages\sportsdataverse\cfb\cfb_game_rosters.py", line 209, in helper_cfb_roster_items
    raise NoESPNDataError(f"NoESPNDataError: No roster data found for any team at {summary_url}")
sportsdataverse.errors.NoESPNDataError: NoESPNDataError: No roster data found for any team at https://sports.core.api.espn.com/v2/sports/football/leagues/college-football/events/400548459/competitions/400548459/competitors
2026-07-29 03:47:45,768 WARNING REFUSED degraded write cfb\json\raw\400548038.json: 406859 -> 251 bytes (0% of existing); keeping banked copy
2026-07-29 03:47:45,768 WARNING degraded summary for 400548038 (proxy=154.81.58.85:60099) -- keeping banked copy, skipping game
2026-07-29 03:48:42,709 ERROR extra fetch failed: _rosters(400547680,)
Traceback (most recent call last):
  File "C:\Users\saiem\Documents\GitHub-Data\sdv-dev\cfbfastR-dev\cfbfastR-cfb-raw\python\_cfb_raw_utils.py", line 166, in _safe
    return fn(*args, **kwargs)
           ^^^^^^^^^^^^^^^^^^^
  File "C:\Users\saiem\Documents\GitHub-Data\sdv-dev\cfbfastR-dev\cfbfastR-cfb-raw\python\scrape_cfb_json.py", line 55, in _rosters
    return sdv.cfb.espn_cfb_game_rosters(
           ^^^^^^^^^^^^^^^^^^^^^^^^^^^^^^
  File "C:\Users\saiem\Documents\GitHub-Data\sdv-dev\cfbfastR-dev\cfbfastR-cfb-raw\.venv\Lib\site-packages\sportsdataverse\cfb\cfb_game_rosters.py", line 66, in espn_cfb_game_rosters
    team_rosters = helper_cfb_roster_items(items=items, summary_url=summary_url, **kwargs)
                   ^^^^^^^^^^^^^^^^^^^^^^^^^^^^^^^^^^^^^^^^^^^^^^^^^^^^^^^^^^^^^^^^^^^^^^^
  File "C:\Users\saiem\Documents\GitHub-Data\sdv-dev\cfbfastR-dev\cfbfastR-cfb-raw\.venv\Lib\site-packages\sportsdataverse\cfb\cfb_game_rosters.py", line 209, in helper_cfb_roster_items
    raise NoESPNDataError(f"NoESPNDataError: No roster data found for any team at {summary_url}")
sportsdataverse.errors.NoESPNDataError: NoESPNDataError: No roster data found for any team at https://sports.core.api.espn.com/v2/sports/football/leagues/college-football/events/400547680/competitions/400547680/competitors
2026-07-29 03:50:40,994 ERROR download_game failed: 400547979
Traceback (most recent call last):
  File "C:\Users\saiem\Documents\GitHub-Data\sdv-dev\cfbfastR-dev\cfbfastR-cfb-raw\python\scrape_cfb_json.py", line 114, in download_game
    result = proc.run_processing_pipeline()
             ^^^^^^^^^^^^^^^^^^^^^^^^^^^^^^
  File "C:\Users\saiem\Documents\GitHub-Data\sdv-dev\cfbfastR-dev\cfbfastR-cfb-raw\.venv\Lib\site-packages\sportsdataverse\cfb\cfb_pbp.py", line 7051, in run_processing_pipeline
    pbp_txt = self.__helper_cfb_pbp_drives(self.json)
              ^^^^^^^^^^^^^^^^^^^^^^^^^^^^^^^^^^^^^^^
  File "C:\Users\saiem\Documents\GitHub-Data\sdv-dev\cfbfastR-dev\cfbfastR-cfb-raw\.venv\Lib\site-packages\sportsdataverse\cfb\cfb_pbp.py", line 844, in __helper_cfb_pbp_drives
    pbp_txt, init = self.__helper_cfb_pbp(pbp_txt)
                    ^^^^^^^^^^^^^^^^^^^^^^^^^^^^^^
  File "C:\Users\saiem\Documents\GitHub-Data\sdv-dev\cfbfastR-dev\cfbfastR-cfb-raw\.venv\Lib\site-packages\sportsdataverse\cfb\cfb_pbp.py", line 1466, in __helper_cfb_pbp
    raise NoESPNDataError(
sportsdataverse.errors.NoESPNDataError: ESPN summary for game 400547979 has no header.competitions; cannot build play-by-play.
2026-07-29 03:52:02,135 ERROR download_game failed: 400548044
Traceback (most recent call last):
  File "C:\Users\saiem\Documents\GitHub-Data\sdv-dev\cfbfastR-dev\cfbfastR-cfb-raw\python\scrape_cfb_json.py", line 114, in download_game
    result = proc.run_processing_pipeline()
             ^^^^^^^^^^^^^^^^^^^^^^^^^^^^^^
  File "C:\Users\saiem\Documents\GitHub-Data\sdv-dev\cfbfastR-dev\cfbfastR-cfb-raw\.venv\Lib\site-packages\sportsdataverse\cfb\cfb_pbp.py", line 7051, in run_processing_pipeline
    pbp_txt = self.__helper_cfb_pbp_drives(self.json)
              ^^^^^^^^^^^^^^^^^^^^^^^^^^^^^^^^^^^^^^^
  File "C:\Users\saiem\Documents\GitHub-Data\sdv-dev\cfbfastR-dev\cfbfastR-cfb-raw\.venv\Lib\site-packages\sportsdataverse\cfb\cfb_pbp.py", line 844, in __helper_cfb_pbp_drives
    pbp_txt, init = self.__helper_cfb_pbp(pbp_txt)
                    ^^^^^^^^^^^^^^^^^^^^^^^^^^^^^^
  File "C:\Users\saiem\Documents\GitHub-Data\sdv-dev\cfbfastR-dev\cfbfastR-cfb-raw\.venv\Lib\site-packages\sportsdataverse\cfb\cfb_pbp.py", line 1466, in __helper_cfb_pbp
    raise NoESPNDataError(
sportsdataverse.errors.NoESPNDataError: ESPN summary for game 400548044 has no header.competitions; cannot build play-by-play.
2026-07-29 03:52:55,700 ERROR extra fetch failed: _rosters(400547997,)
Traceback (most recent call last):
  File "C:\Users\saiem\Documents\GitHub-Data\sdv-dev\cfbfastR-dev\cfbfastR-cfb-raw\python\_cfb_raw_utils.py", line 166, in _safe
    return fn(*args, **kwargs)
           ^^^^^^^^^^^^^^^^^^^
  File "C:\Users\saiem\Documents\GitHub-Data\sdv-dev\cfbfastR-dev\cfbfastR-cfb-raw\python\scrape_cfb_json.py", line 55, in _rosters
    return sdv.cfb.espn_cfb_game_rosters(
           ^^^^^^^^^^^^^^^^^^^^^^^^^^^^^^
  File "C:\Users\saiem\Documents\GitHub-Data\sdv-dev\cfbfastR-dev\cfbfastR-cfb-raw\.venv\Lib\site-packages\sportsdataverse\cfb\cfb_game_rosters.py", line 66, in espn_cfb_game_rosters
    team_rosters = helper_cfb_roster_items(items=items, summary_url=summary_url, **kwargs)
                   ^^^^^^^^^^^^^^^^^^^^^^^^^^^^^^^^^^^^^^^^^^^^^^^^^^^^^^^^^^^^^^^^^^^^^^^
  File "C:\Users\saiem\Documents\GitHub-Data\sdv-dev\cfbfastR-dev\cfbfastR-cfb-raw\.venv\Lib\site-packages\sportsdataverse\cfb\cfb_game_rosters.py", line 209, in helper_cfb_roster_items
    raise NoESPNDataError(f"NoESPNDataError: No roster data found for any team at {summary_url}")
sportsdataverse.errors.NoESPNDataError: NoESPNDataError: No roster data found for any team at https://sports.core.api.espn.com/v2/sports/football/leagues/college-football/events/400547997/competitions/400547997/competitors
2026-07-29 03:54:28,675 ERROR extra fetch failed: _rosters(400547686,)
Traceback (most recent call last):
  File "C:\Users\saiem\Documents\GitHub-Data\sdv-dev\cfbfastR-dev\cfbfastR-cfb-raw\python\_cfb_raw_utils.py", line 166, in _safe
    return fn(*args, **kwargs)
           ^^^^^^^^^^^^^^^^^^^
  File "C:\Users\saiem\Documents\GitHub-Data\sdv-dev\cfbfastR-dev\cfbfastR-cfb-raw\python\scrape_cfb_json.py", line 55, in _rosters
    return sdv.cfb.espn_cfb_game_rosters(
           ^^^^^^^^^^^^^^^^^^^^^^^^^^^^^^
  File "C:\Users\saiem\Documents\GitHub-Data\sdv-dev\cfbfastR-dev\cfbfastR-cfb-raw\.venv\Lib\site-packages\sportsdataverse\cfb\cfb_game_rosters.py", line 66, in espn_cfb_game_rosters
    team_rosters = helper_cfb_roster_items(items=items, summary_url=summary_url, **kwargs)
                   ^^^^^^^^^^^^^^^^^^^^^^^^^^^^^^^^^^^^^^^^^^^^^^^^^^^^^^^^^^^^^^^^^^^^^^^
  File "C:\Users\saiem\Documents\GitHub-Data\sdv-dev\cfbfastR-dev\cfbfastR-cfb-raw\.venv\Lib\site-packages\sportsdataverse\cfb\cfb_game_rosters.py", line 209, in helper_cfb_roster_items
    raise NoESPNDataError(f"NoESPNDataError: No roster data found for any team at {summary_url}")
sportsdataverse.errors.NoESPNDataError: NoESPNDataError: No roster data found for any team at https://sports.core.api.espn.com/v2/sports/football/leagues/college-football/events/400547686/competitions/400547686/competitors
2026-07-29 03:54:57,947 ERROR extra fetch failed: _rosters(400547868,)
Traceback (most recent call last):
  File "C:\Users\saiem\Documents\GitHub-Data\sdv-dev\cfbfastR-dev\cfbfastR-cfb-raw\python\_cfb_raw_utils.py", line 166, in _safe
    return fn(*args, **kwargs)
           ^^^^^^^^^^^^^^^^^^^
  File "C:\Users\saiem\Documents\GitHub-Data\sdv-dev\cfbfastR-dev\cfbfastR-cfb-raw\python\scrape_cfb_json.py", line 55, in _rosters
    return sdv.cfb.espn_cfb_game_rosters(
           ^^^^^^^^^^^^^^^^^^^^^^^^^^^^^^
  File "C:\Users\saiem\Documents\GitHub-Data\sdv-dev\cfbfastR-dev\cfbfastR-cfb-raw\.venv\Lib\site-packages\sportsdataverse\cfb\cfb_game_rosters.py", line 66, in espn_cfb_game_rosters
    team_rosters = helper_cfb_roster_items(items=items, summary_url=summary_url, **kwargs)
                   ^^^^^^^^^^^^^^^^^^^^^^^^^^^^^^^^^^^^^^^^^^^^^^^^^^^^^^^^^^^^^^^^^^^^^^^
  File "C:\Users\saiem\Documents\GitHub-Data\sdv-dev\cfbfastR-dev\cfbfastR-cfb-raw\.venv\Lib\site-packages\sportsdataverse\cfb\cfb_game_rosters.py", line 209, in helper_cfb_roster_items
    raise NoESPNDataError(f"NoESPNDataError: No roster data found for any team at {summary_url}")
sportsdataverse.errors.NoESPNDataError: NoESPNDataError: No roster data found for any team at https://sports.core.api.espn.com/v2/sports/football/leagues/college-football/events/400547868/competitions/400547868/competitors
2026-07-29 03:58:08,837 ERROR extra fetch failed: _rosters(400547745,)
Traceback (most recent call last):
  File "C:\Users\saiem\Documents\GitHub-Data\sdv-dev\cfbfastR-dev\cfbfastR-cfb-raw\python\_cfb_raw_utils.py", line 166, in _safe
    return fn(*args, **kwargs)
           ^^^^^^^^^^^^^^^^^^^
  File "C:\Users\saiem\Documents\GitHub-Data\sdv-dev\cfbfastR-dev\cfbfastR-cfb-raw\python\scrape_cfb_json.py", line 55, in _rosters
    return sdv.cfb.espn_cfb_game_rosters(
           ^^^^^^^^^^^^^^^^^^^^^^^^^^^^^^
  File "C:\Users\saiem\Documents\GitHub-Data\sdv-dev\cfbfastR-dev\cfbfastR-cfb-raw\.venv\Lib\site-packages\sportsdataverse\cfb\cfb_game_rosters.py", line 66, in espn_cfb_game_rosters
    team_rosters = helper_cfb_roster_items(items=items, summary_url=summary_url, **kwargs)
                   ^^^^^^^^^^^^^^^^^^^^^^^^^^^^^^^^^^^^^^^^^^^^^^^^^^^^^^^^^^^^^^^^^^^^^^^
  File "C:\Users\saiem\Documents\GitHub-Data\sdv-dev\cfbfastR-dev\cfbfastR-cfb-raw\.venv\Lib\site-packages\sportsdataverse\cfb\cfb_game_rosters.py", line 209, in helper_cfb_roster_items
    raise NoESPNDataError(f"NoESPNDataError: No roster data found for any team at {summary_url}")
sportsdataverse.errors.NoESPNDataError: NoESPNDataError: No roster data found for any team at https://sports.core.api.espn.com/v2/sports/football/leagues/college-football/events/400547745/competitions/400547745/competitors
2026-07-29 03:58:28,056 WARNING REFUSED degraded write cfb\json\raw\400548464.json: 347582 -> 251 bytes (0% of existing); keeping banked copy
2026-07-29 03:58:28,056 WARNING degraded summary for 400548464 (proxy=23.239.174.51:60099) -- keeping banked copy, skipping game
2026-07-29 03:58:54,908 ERROR extra fetch failed: _rosters(400547948,)
Traceback (most recent call last):
  File "C:\Users\saiem\Documents\GitHub-Data\sdv-dev\cfbfastR-dev\cfbfastR-cfb-raw\python\_cfb_raw_utils.py", line 166, in _safe
    return fn(*args, **kwargs)
           ^^^^^^^^^^^^^^^^^^^
  File "C:\Users\saiem\Documents\GitHub-Data\sdv-dev\cfbfastR-dev\cfbfastR-cfb-raw\python\scrape_cfb_json.py", line 55, in _rosters
    return sdv.cfb.espn_cfb_game_rosters(
           ^^^^^^^^^^^^^^^^^^^^^^^^^^^^^^
  File "C:\Users\saiem\Documents\GitHub-Data\sdv-dev\cfbfastR-dev\cfbfastR-cfb-raw\.venv\Lib\site-packages\sportsdataverse\cfb\cfb_game_rosters.py", line 66, in espn_cfb_game_rosters
    team_rosters = helper_cfb_roster_items(items=items, summary_url=summary_url, **kwargs)
                   ^^^^^^^^^^^^^^^^^^^^^^^^^^^^^^^^^^^^^^^^^^^^^^^^^^^^^^^^^^^^^^^^^^^^^^^
  File "C:\Users\saiem\Documents\GitHub-Data\sdv-dev\cfbfastR-dev\cfbfastR-cfb-raw\.venv\Lib\site-packages\sportsdataverse\cfb\cfb_game_rosters.py", line 209, in helper_cfb_roster_items
    raise NoESPNDataError(f"NoESPNDataError: No roster data found for any team at {summary_url}")
sportsdataverse.errors.NoESPNDataError: NoESPNDataError: No roster data found for any team at https://sports.core.api.espn.com/v2/sports/football/leagues/college-football/events/400547948/competitions/400547948/competitors
2026-07-29 04:00:29,495 WARNING REFUSED degraded write cfb\json\raw\400547874.json: 456635 -> 251 bytes (0% of existing); keeping banked copy
2026-07-29 04:00:29,495 WARNING degraded summary for 400547874 (proxy=23.239.174.55:60099) -- keeping banked copy, skipping game
2026-07-29 04:02:39,950 ERROR extra fetch failed: _rosters(400547756,)
Traceback (most recent call last):
  File "C:\Users\saiem\Documents\GitHub-Data\sdv-dev\cfbfastR-dev\cfbfastR-cfb-raw\python\_cfb_raw_utils.py", line 166, in _safe
    return fn(*args, **kwargs)
           ^^^^^^^^^^^^^^^^^^^
  File "C:\Users\saiem\Documents\GitHub-Data\sdv-dev\cfbfastR-dev\cfbfastR-cfb-raw\python\scrape_cfb_json.py", line 55, in _rosters
    return sdv.cfb.espn_cfb_game_rosters(
           ^^^^^^^^^^^^^^^^^^^^^^^^^^^^^^
  File "C:\Users\saiem\Documents\GitHub-Data\sdv-dev\cfbfastR-dev\cfbfastR-cfb-raw\.venv\Lib\site-packages\sportsdataverse\cfb\cfb_game_rosters.py", line 66, in espn_cfb_game_rosters
    team_rosters = helper_cfb_roster_items(items=items, summary_url=summary_url, **kwargs)
                   ^^^^^^^^^^^^^^^^^^^^^^^^^^^^^^^^^^^^^^^^^^^^^^^^^^^^^^^^^^^^^^^^^^^^^^^
  File "C:\Users\saiem\Documents\GitHub-Data\sdv-dev\cfbfastR-dev\cfbfastR-cfb-raw\.venv\Lib\site-packages\sportsdataverse\cfb\cfb_game_rosters.py", line 209, in helper_cfb_roster_items
    raise NoESPNDataError(f"NoESPNDataError: No roster data found for any team at {summary_url}")
sportsdataverse.errors.NoESPNDataError: NoESPNDataError: No roster data found for any team at https://sports.core.api.espn.com/v2/sports/football/leagues/college-football/events/400547756/competitions/400547756/competitors
2026-07-29 04:03:12,035 ERROR download_game failed: 400547693
Traceback (most recent call last):
  File "C:\Users\saiem\Documents\GitHub-Data\sdv-dev\cfbfastR-dev\cfbfastR-cfb-raw\python\scrape_cfb_json.py", line 114, in download_game
    result = proc.run_processing_pipeline()
             ^^^^^^^^^^^^^^^^^^^^^^^^^^^^^^
  File "C:\Users\saiem\Documents\GitHub-Data\sdv-dev\cfbfastR-dev\cfbfastR-cfb-raw\.venv\Lib\site-packages\sportsdataverse\cfb\cfb_pbp.py", line 7051, in run_processing_pipeline
    pbp_txt = self.__helper_cfb_pbp_drives(self.json)
              ^^^^^^^^^^^^^^^^^^^^^^^^^^^^^^^^^^^^^^^
  File "C:\Users\saiem\Documents\GitHub-Data\sdv-dev\cfbfastR-dev\cfbfastR-cfb-raw\.venv\Lib\site-packages\sportsdataverse\cfb\cfb_pbp.py", line 844, in __helper_cfb_pbp_drives
    pbp_txt, init = self.__helper_cfb_pbp(pbp_txt)
                    ^^^^^^^^^^^^^^^^^^^^^^^^^^^^^^
  File "C:\Users\saiem\Documents\GitHub-Data\sdv-dev\cfbfastR-dev\cfbfastR-cfb-raw\.venv\Lib\site-packages\sportsdataverse\cfb\cfb_pbp.py", line 1466, in __helper_cfb_pbp
    raise NoESPNDataError(
sportsdataverse.errors.NoESPNDataError: ESPN summary for game 400547693 has no header.competitions; cannot build play-by-play.
2026-07-29 04:06:39,410 ERROR extra fetch failed: _rosters(400547884,)
Traceback (most recent call last):
  File "C:\Users\saiem\Documents\GitHub-Data\sdv-dev\cfbfastR-dev\cfbfastR-cfb-raw\python\_cfb_raw_utils.py", line 166, in _safe
    return fn(*args, **kwargs)
           ^^^^^^^^^^^^^^^^^^^
  File "C:\Users\saiem\Documents\GitHub-Data\sdv-dev\cfbfastR-dev\cfbfastR-cfb-raw\python\scrape_cfb_json.py", line 55, in _rosters
    return sdv.cfb.espn_cfb_game_rosters(
           ^^^^^^^^^^^^^^^^^^^^^^^^^^^^^^
  File "C:\Users\saiem\Documents\GitHub-Data\sdv-dev\cfbfastR-dev\cfbfastR-cfb-raw\.venv\Lib\site-packages\sportsdataverse\cfb\cfb_game_rosters.py", line 66, in espn_cfb_game_rosters
    team_rosters = helper_cfb_roster_items(items=items, summary_url=summary_url, **kwargs)
                   ^^^^^^^^^^^^^^^^^^^^^^^^^^^^^^^^^^^^^^^^^^^^^^^^^^^^^^^^^^^^^^^^^^^^^^^
  File "C:\Users\saiem\Documents\GitHub-Data\sdv-dev\cfbfastR-dev\cfbfastR-cfb-raw\.venv\Lib\site-packages\sportsdataverse\cfb\cfb_game_rosters.py", line 209, in helper_cfb_roster_items
    raise NoESPNDataError(f"NoESPNDataError: No roster data found for any team at {summary_url}")
sportsdataverse.errors.NoESPNDataError: NoESPNDataError: No roster data found for any team at https://sports.core.api.espn.com/v2/sports/football/leagues/college-football/events/400547884/competitions/400547884/competitors
2026-07-29 04:06:47,147 ERROR extra fetch failed: _rosters(400547703,)
Traceback (most recent call last):
  File "C:\Users\saiem\Documents\GitHub-Data\sdv-dev\cfbfastR-dev\cfbfastR-cfb-raw\python\_cfb_raw_utils.py", line 166, in _safe
    return fn(*args, **kwargs)
           ^^^^^^^^^^^^^^^^^^^
  File "C:\Users\saiem\Documents\GitHub-Data\sdv-dev\cfbfastR-dev\cfbfastR-cfb-raw\python\scrape_cfb_json.py", line 55, in _rosters
    return sdv.cfb.espn_cfb_game_rosters(
           ^^^^^^^^^^^^^^^^^^^^^^^^^^^^^^
  File "C:\Users\saiem\Documents\GitHub-Data\sdv-dev\cfbfastR-dev\cfbfastR-cfb-raw\.venv\Lib\site-packages\sportsdataverse\cfb\cfb_game_rosters.py", line 66, in espn_cfb_game_rosters
    team_rosters = helper_cfb_roster_items(items=items, summary_url=summary_url, **kwargs)
                   ^^^^^^^^^^^^^^^^^^^^^^^^^^^^^^^^^^^^^^^^^^^^^^^^^^^^^^^^^^^^^^^^^^^^^^^
  File "C:\Users\saiem\Documents\GitHub-Data\sdv-dev\cfbfastR-dev\cfbfastR-cfb-raw\.venv\Lib\site-packages\sportsdataverse\cfb\cfb_game_rosters.py", line 209, in helper_cfb_roster_items
    raise NoESPNDataError(f"NoESPNDataError: No roster data found for any team at {summary_url}")
sportsdataverse.errors.NoESPNDataError: NoESPNDataError: No roster data found for any team at https://sports.core.api.espn.com/v2/sports/football/leagues/college-football/events/400547703/competitions/400547703/competitors
2026-07-29 04:07:11,087 WARNING REFUSED degraded write cfb\json\raw\400547702.json: 416487 -> 251 bytes (0% of existing); keeping banked copy
2026-07-29 04:07:11,087 WARNING degraded summary for 400547702 (proxy=154.81.58.253:60099) -- keeping banked copy, skipping game
2026-07-29 04:07:33,806 WARNING REFUSED degraded write cfb\json\raw\400547998.json: 372075 -> 251 bytes (0% of existing); keeping banked copy
2026-07-29 04:07:33,807 WARNING degraded summary for 400547998 (proxy=154.81.58.160:60099) -- keeping banked copy, skipping game
2026-07-29 04:07:40,559 ERROR extra fetch failed: _rosters(400548061,)
Traceback (most recent call last):
  File "C:\Users\saiem\Documents\GitHub-Data\sdv-dev\cfbfastR-dev\cfbfastR-cfb-raw\python\_cfb_raw_utils.py", line 166, in _safe
    return fn(*args, **kwargs)
           ^^^^^^^^^^^^^^^^^^^
  File "C:\Users\saiem\Documents\GitHub-Data\sdv-dev\cfbfastR-dev\cfbfastR-cfb-raw\python\scrape_cfb_json.py", line 55, in _rosters
    return sdv.cfb.espn_cfb_game_rosters(
           ^^^^^^^^^^^^^^^^^^^^^^^^^^^^^^
  File "C:\Users\saiem\Documents\GitHub-Data\sdv-dev\cfbfastR-dev\cfbfastR-cfb-raw\.venv\Lib\site-packages\sportsdataverse\cfb\cfb_game_rosters.py", line 66, in espn_cfb_game_rosters
    team_rosters = helper_cfb_roster_items(items=items, summary_url=summary_url, **kwargs)
                   ^^^^^^^^^^^^^^^^^^^^^^^^^^^^^^^^^^^^^^^^^^^^^^^^^^^^^^^^^^^^^^^^^^^^^^^
  File "C:\Users\saiem\Documents\GitHub-Data\sdv-dev\cfbfastR-dev\cfbfastR-cfb-raw\.venv\Lib\site-packages\sportsdataverse\cfb\cfb_game_rosters.py", line 209, in helper_cfb_roster_items
    raise NoESPNDataError(f"NoESPNDataError: No roster data found for any team at {summary_url}")
sportsdataverse.errors.NoESPNDataError: NoESPNDataError: No roster data found for any team at https://sports.core.api.espn.com/v2/sports/football/leagues/college-football/events/400548061/competitions/400548061/competitors
2026-07-29 04:07:44,775 WARNING REFUSED degraded write cfb\json\raw\400548353.json: 389017 -> 251 bytes (0% of existing); keeping banked copy
2026-07-29 04:07:44,775 WARNING degraded summary for 400548353 (proxy=154.81.58.169:60099) -- keeping banked copy, skipping game
2026-07-29 04:07:59,316 ERROR extra fetch failed: _rosters(400547792,)
Traceback (most recent call last):
  File "C:\Users\saiem\Documents\GitHub-Data\sdv-dev\cfbfastR-dev\cfbfastR-cfb-raw\python\_cfb_raw_utils.py", line 166, in _safe
    return fn(*args, **kwargs)
           ^^^^^^^^^^^^^^^^^^^
  File "C:\Users\saiem\Documents\GitHub-Data\sdv-dev\cfbfastR-dev\cfbfastR-cfb-raw\python\scrape_cfb_json.py", line 55, in _rosters
    return sdv.cfb.espn_cfb_game_rosters(
           ^^^^^^^^^^^^^^^^^^^^^^^^^^^^^^
  File "C:\Users\saiem\Documents\GitHub-Data\sdv-dev\cfbfastR-dev\cfbfastR-cfb-raw\.venv\Lib\site-packages\sportsdataverse\cfb\cfb_game_rosters.py", line 66, in espn_cfb_game_rosters
    team_rosters = helper_cfb_roster_items(items=items, summary_url=summary_url, **kwargs)
                   ^^^^^^^^^^^^^^^^^^^^^^^^^^^^^^^^^^^^^^^^^^^^^^^^^^^^^^^^^^^^^^^^^^^^^^^
  File "C:\Users\saiem\Documents\GitHub-Data\sdv-dev\cfbfastR-dev\cfbfastR-cfb-raw\.venv\Lib\site-packages\sportsdataverse\cfb\cfb_game_rosters.py", line 209, in helper_cfb_roster_items
    raise NoESPNDataError(f"NoESPNDataError: No roster data found for any team at {summary_url}")
sportsdataverse.errors.NoESPNDataError: NoESPNDataError: No roster data found for any team at https://sports.core.api.espn.com/v2/sports/football/leagues/college-football/events/400547792/competitions/400547792/competitors
2026-07-29 04:08:04,388 ERROR extra fetch failed: _rosters(400547777,)
Traceback (most recent call last):
  File "C:\Users\saiem\Documents\GitHub-Data\sdv-dev\cfbfastR-dev\cfbfastR-cfb-raw\python\_cfb_raw_utils.py", line 166, in _safe
    return fn(*args, **kwargs)
           ^^^^^^^^^^^^^^^^^^^
  File "C:\Users\saiem\Documents\GitHub-Data\sdv-dev\cfbfastR-dev\cfbfastR-cfb-raw\python\scrape_cfb_json.py", line 55, in _rosters
    return sdv.cfb.espn_cfb_game_rosters(
           ^^^^^^^^^^^^^^^^^^^^^^^^^^^^^^
  File "C:\Users\saiem\Documents\GitHub-Data\sdv-dev\cfbfastR-dev\cfbfastR-cfb-raw\.venv\Lib\site-packages\sportsdataverse\cfb\cfb_game_rosters.py", line 66, in espn_cfb_game_rosters
    team_rosters = helper_cfb_roster_items(items=items, summary_url=summary_url, **kwargs)
                   ^^^^^^^^^^^^^^^^^^^^^^^^^^^^^^^^^^^^^^^^^^^^^^^^^^^^^^^^^^^^^^^^^^^^^^^
  File "C:\Users\saiem\Documents\GitHub-Data\sdv-dev\cfbfastR-dev\cfbfastR-cfb-raw\.venv\Lib\site-packages\sportsdataverse\cfb\cfb_game_rosters.py", line 209, in helper_cfb_roster_items
    raise NoESPNDataError(f"NoESPNDataError: No roster data found for any team at {summary_url}")
sportsdataverse.errors.NoESPNDataError: NoESPNDataError: No roster data found for any team at https://sports.core.api.espn.com/v2/sports/football/leagues/college-football/events/400547777/competitions/400547777/competitors
2026-07-29 04:09:32,221 ERROR extra fetch failed: _rosters(400547881,)
Traceback (most recent call last):
  File "C:\Users\saiem\Documents\GitHub-Data\sdv-dev\cfbfastR-dev\cfbfastR-cfb-raw\python\_cfb_raw_utils.py", line 166, in _safe
    return fn(*args, **kwargs)
           ^^^^^^^^^^^^^^^^^^^
  File "C:\Users\saiem\Documents\GitHub-Data\sdv-dev\cfbfastR-dev\cfbfastR-cfb-raw\python\scrape_cfb_json.py", line 55, in _rosters
    return sdv.cfb.espn_cfb_game_rosters(
           ^^^^^^^^^^^^^^^^^^^^^^^^^^^^^^
  File "C:\Users\saiem\Documents\GitHub-Data\sdv-dev\cfbfastR-dev\cfbfastR-cfb-raw\.venv\Lib\site-packages\sportsdataverse\cfb\cfb_game_rosters.py", line 66, in espn_cfb_game_rosters
    team_rosters = helper_cfb_roster_items(items=items, summary_url=summary_url, **kwargs)
                   ^^^^^^^^^^^^^^^^^^^^^^^^^^^^^^^^^^^^^^^^^^^^^^^^^^^^^^^^^^^^^^^^^^^^^^^
  File "C:\Users\saiem\Documents\GitHub-Data\sdv-dev\cfbfastR-dev\cfbfastR-cfb-raw\.venv\Lib\site-packages\sportsdataverse\cfb\cfb_game_rosters.py", line 209, in helper_cfb_roster_items
    raise NoESPNDataError(f"NoESPNDataError: No roster data found for any team at {summary_url}")
sportsdataverse.errors.NoESPNDataError: NoESPNDataError: No roster data found for any team at https://sports.core.api.espn.com/v2/sports/football/leagues/college-football/events/400547881/competitions/400547881/competitors
2026-07-29 04:09:32,908 WARNING REFUSED degraded write cfb\json\raw\400548227.json: 63187 -> 251 bytes (0% of existing); keeping banked copy
2026-07-29 04:09:32,908 WARNING degraded summary for 400548227 (proxy=154.81.58.69:60099) -- keeping banked copy, skipping game
2026-07-29 04:09:36,579 ERROR extra fetch failed: _rosters(400548066,)
Traceback (most recent call last):
  File "C:\Users\saiem\Documents\GitHub-Data\sdv-dev\cfbfastR-dev\cfbfastR-cfb-raw\python\_cfb_raw_utils.py", line 166, in _safe
    return fn(*args, **kwargs)
           ^^^^^^^^^^^^^^^^^^^
  File "C:\Users\saiem\Documents\GitHub-Data\sdv-dev\cfbfastR-dev\cfbfastR-cfb-raw\python\scrape_cfb_json.py", line 55, in _rosters
    return sdv.cfb.espn_cfb_game_rosters(
           ^^^^^^^^^^^^^^^^^^^^^^^^^^^^^^
  File "C:\Users\saiem\Documents\GitHub-Data\sdv-dev\cfbfastR-dev\cfbfastR-cfb-raw\.venv\Lib\site-packages\sportsdataverse\cfb\cfb_game_rosters.py", line 66, in espn_cfb_game_rosters
    team_rosters = helper_cfb_roster_items(items=items, summary_url=summary_url, **kwargs)
                   ^^^^^^^^^^^^^^^^^^^^^^^^^^^^^^^^^^^^^^^^^^^^^^^^^^^^^^^^^^^^^^^^^^^^^^^
  File "C:\Users\saiem\Documents\GitHub-Data\sdv-dev\cfbfastR-dev\cfbfastR-cfb-raw\.venv\Lib\site-packages\sportsdataverse\cfb\cfb_game_rosters.py", line 209, in helper_cfb_roster_items
    raise NoESPNDataError(f"NoESPNDataError: No roster data found for any team at {summary_url}")
sportsdataverse.errors.NoESPNDataError: NoESPNDataError: No roster data found for any team at https://sports.core.api.espn.com/v2/sports/football/leagues/college-football/events/400548066/competitions/400548066/competitors
2026-07-29 04:10:40,402 ERROR extra fetch failed: _rosters(400548346,)
Traceback (most recent call last):
  File "C:\Users\saiem\Documents\GitHub-Data\sdv-dev\cfbfastR-dev\cfbfastR-cfb-raw\python\_cfb_raw_utils.py", line 166, in _safe
    return fn(*args, **kwargs)
           ^^^^^^^^^^^^^^^^^^^
  File "C:\Users\saiem\Documents\GitHub-Data\sdv-dev\cfbfastR-dev\cfbfastR-cfb-raw\python\scrape_cfb_json.py", line 55, in _rosters
    return sdv.cfb.espn_cfb_game_rosters(
           ^^^^^^^^^^^^^^^^^^^^^^^^^^^^^^
  File "C:\Users\saiem\Documents\GitHub-Data\sdv-dev\cfbfastR-dev\cfbfastR-cfb-raw\.venv\Lib\site-packages\sportsdataverse\cfb\cfb_game_rosters.py", line 66, in espn_cfb_game_rosters
    team_rosters = helper_cfb_roster_items(items=items, summary_url=summary_url, **kwargs)
                   ^^^^^^^^^^^^^^^^^^^^^^^^^^^^^^^^^^^^^^^^^^^^^^^^^^^^^^^^^^^^^^^^^^^^^^^
  File "C:\Users\saiem\Documents\GitHub-Data\sdv-dev\cfbfastR-dev\cfbfastR-cfb-raw\.venv\Lib\site-packages\sportsdataverse\cfb\cfb_game_rosters.py", line 209, in helper_cfb_roster_items
    raise NoESPNDataError(f"NoESPNDataError: No roster data found for any team at {summary_url}")
sportsdataverse.errors.NoESPNDataError: NoESPNDataError: No roster data found for any team at https://sports.core.api.espn.com/v2/sports/football/leagues/college-football/events/400548346/competitions/400548346/competitors
2026-07-29 04:15:02,203 ERROR extra fetch failed: _rosters(400548347,)
Traceback (most recent call last):
  File "C:\Users\saiem\Documents\GitHub-Data\sdv-dev\cfbfastR-dev\cfbfastR-cfb-raw\python\_cfb_raw_utils.py", line 166, in _safe
    return fn(*args, **kwargs)
           ^^^^^^^^^^^^^^^^^^^
  File "C:\Users\saiem\Documents\GitHub-Data\sdv-dev\cfbfastR-dev\cfbfastR-cfb-raw\python\scrape_cfb_json.py", line 55, in _rosters
    return sdv.cfb.espn_cfb_game_rosters(
           ^^^^^^^^^^^^^^^^^^^^^^^^^^^^^^
  File "C:\Users\saiem\Documents\GitHub-Data\sdv-dev\cfbfastR-dev\cfbfastR-cfb-raw\.venv\Lib\site-packages\sportsdataverse\cfb\cfb_game_rosters.py", line 66, in espn_cfb_game_rosters
    team_rosters = helper_cfb_roster_items(items=items, summary_url=summary_url, **kwargs)
                   ^^^^^^^^^^^^^^^^^^^^^^^^^^^^^^^^^^^^^^^^^^^^^^^^^^^^^^^^^^^^^^^^^^^^^^^
  File "C:\Users\saiem\Documents\GitHub-Data\sdv-dev\cfbfastR-dev\cfbfastR-cfb-raw\.venv\Lib\site-packages\sportsdataverse\cfb\cfb_game_rosters.py", line 209, in helper_cfb_roster_items
    raise NoESPNDataError(f"NoESPNDataError: No roster data found for any team at {summary_url}")
sportsdataverse.errors.NoESPNDataError: NoESPNDataError: No roster data found for any team at https://sports.core.api.espn.com/v2/sports/football/leagues/college-football/events/400548347/competitions/400548347/competitors
2026-07-29 04:15:06,610 ERROR extra fetch failed: _rosters(400548158,)
Traceback (most recent call last):
  File "C:\Users\saiem\Documents\GitHub-Data\sdv-dev\cfbfastR-dev\cfbfastR-cfb-raw\python\_cfb_raw_utils.py", line 166, in _safe
    return fn(*args, **kwargs)
           ^^^^^^^^^^^^^^^^^^^
  File "C:\Users\saiem\Documents\GitHub-Data\sdv-dev\cfbfastR-dev\cfbfastR-cfb-raw\python\scrape_cfb_json.py", line 55, in _rosters
    return sdv.cfb.espn_cfb_game_rosters(
           ^^^^^^^^^^^^^^^^^^^^^^^^^^^^^^
  File "C:\Users\saiem\Documents\GitHub-Data\sdv-dev\cfbfastR-dev\cfbfastR-cfb-raw\.venv\Lib\site-packages\sportsdataverse\cfb\cfb_game_rosters.py", line 66, in espn_cfb_game_rosters
    team_rosters = helper_cfb_roster_items(items=items, summary_url=summary_url, **kwargs)
                   ^^^^^^^^^^^^^^^^^^^^^^^^^^^^^^^^^^^^^^^^^^^^^^^^^^^^^^^^^^^^^^^^^^^^^^^
  File "C:\Users\saiem\Documents\GitHub-Data\sdv-dev\cfbfastR-dev\cfbfastR-cfb-raw\.venv\Lib\site-packages\sportsdataverse\cfb\cfb_game_rosters.py", line 209, in helper_cfb_roster_items
    raise NoESPNDataError(f"NoESPNDataError: No roster data found for any team at {summary_url}")
sportsdataverse.errors.NoESPNDataError: NoESPNDataError: No roster data found for any team at https://sports.core.api.espn.com/v2/sports/football/leagues/college-football/events/400548158/competitions/400548158/competitors
2026-07-29 04:15:15,398 ERROR extra fetch failed: _rosters(400548160,)
Traceback (most recent call last):
  File "C:\Users\saiem\Documents\GitHub-Data\sdv-dev\cfbfastR-dev\cfbfastR-cfb-raw\python\_cfb_raw_utils.py", line 166, in _safe
    return fn(*args, **kwargs)
           ^^^^^^^^^^^^^^^^^^^
  File "C:\Users\saiem\Documents\GitHub-Data\sdv-dev\cfbfastR-dev\cfbfastR-cfb-raw\python\scrape_cfb_json.py", line 55, in _rosters
    return sdv.cfb.espn_cfb_game_rosters(
           ^^^^^^^^^^^^^^^^^^^^^^^^^^^^^^
  File "C:\Users\saiem\Documents\GitHub-Data\sdv-dev\cfbfastR-dev\cfbfastR-cfb-raw\.venv\Lib\site-packages\sportsdataverse\cfb\cfb_game_rosters.py", line 66, in espn_cfb_game_rosters
    team_rosters = helper_cfb_roster_items(items=items, summary_url=summary_url, **kwargs)
                   ^^^^^^^^^^^^^^^^^^^^^^^^^^^^^^^^^^^^^^^^^^^^^^^^^^^^^^^^^^^^^^^^^^^^^^^
  File "C:\Users\saiem\Documents\GitHub-Data\sdv-dev\cfbfastR-dev\cfbfastR-cfb-raw\.venv\Lib\site-packages\sportsdataverse\cfb\cfb_game_rosters.py", line 209, in helper_cfb_roster_items
    raise NoESPNDataError(f"NoESPNDataError: No roster data found for any team at {summary_url}")
sportsdataverse.errors.NoESPNDataError: NoESPNDataError: No roster data found for any team at https://sports.core.api.espn.com/v2/sports/football/leagues/college-football/events/400548160/competitions/400548160/competitors
2026-07-29 04:15:36,508 ERROR extra fetch failed: _rosters(400607987,)
Traceback (most recent call last):
  File "C:\Users\saiem\Documents\GitHub-Data\sdv-dev\cfbfastR-dev\cfbfastR-cfb-raw\.venv\Lib\site-packages\polars\_utils\construction\series.py", line 355, in _construct_series_with_fallbacks
    return constructor(name, values, strict)
           ^^^^^^^^^^^^^^^^^^^^^^^^^^^^^^^^^
TypeError: 'str' object cannot be interpreted as an integer

During handling of the above exception, another exception occurred:

Traceback (most recent call last):
  File "C:\Users\saiem\Documents\GitHub-Data\sdv-dev\cfbfastR-dev\cfbfastR-cfb-raw\.venv\Lib\site-packages\polars\_utils\getitem.py", line 167, in get_df_item_by_key
    return _select_rows(df, key)  # type: ignore[arg-type]
           ^^^^^^^^^^^^^^^^^^^^^
  File "C:\Users\saiem\Documents\GitHub-Data\sdv-dev\cfbfastR-dev\cfbfastR-cfb-raw\.venv\Lib\site-packages\polars\_utils\getitem.py", line 314, in _select_rows
    s = pl.Series("", key, dtype=Int64)
        ^^^^^^^^^^^^^^^^^^^^^^^^^^^^^^^
  File "C:\Users\saiem\Documents\GitHub-Data\sdv-dev\cfbfastR-dev\cfbfastR-cfb-raw\.venv\Lib\site-packages\polars\series\series.py", line 296, in __init__
    self._s = sequence_to_pyseries(
              ^^^^^^^^^^^^^^^^^^^^^
  File "C:\Users\saiem\Documents\GitHub-Data\sdv-dev\cfbfastR-dev\cfbfastR-cfb-raw\.venv\Lib\site-packages\polars\_utils\construction\series.py", line 164, in sequence_to_pyseries
    pyseries = _construct_series_with_fallbacks(
               ^^^^^^^^^^^^^^^^^^^^^^^^^^^^^^^^^
  File "C:\Users\saiem\Documents\GitHub-Data\sdv-dev\cfbfastR-dev\cfbfastR-cfb-raw\.venv\Lib\site-packages\polars\_utils\construction\series.py", line 370, in _construct_series_with_fallbacks
    return PySeries.new_from_any_values_and_dtype(
           ^^^^^^^^^^^^^^^^^^^^^^^^^^^^^^^^^^^^^^^
TypeError: unexpected value while building Series of type Int64; found value of type String: "team_id"

Hint: Try setting `strict=False` to allow passing data with mixed types.

During handling of the above exception, another exception occurred:

Traceback (most recent call last):
  File "C:\Users\saiem\Documents\GitHub-Data\sdv-dev\cfbfastR-dev\cfbfastR-cfb-raw\python\_cfb_raw_utils.py", line 166, in _safe
    return fn(*args, **kwargs)
           ^^^^^^^^^^^^^^^^^^^
  File "C:\Users\saiem\Documents\GitHub-Data\sdv-dev\cfbfastR-dev\cfbfastR-cfb-raw\python\scrape_cfb_json.py", line 55, in _rosters
    return sdv.cfb.espn_cfb_game_rosters(
           ^^^^^^^^^^^^^^^^^^^^^^^^^^^^^^
  File "C:\Users\saiem\Documents\GitHub-Data\sdv-dev\cfbfastR-dev\cfbfastR-cfb-raw\.venv\Lib\site-packages\sportsdataverse\cfb\cfb_game_rosters.py", line 67, in espn_cfb_game_rosters
    team_rosters = team_rosters.join(items[["team_id", "order", "home_away", "winner"]], how="left", on="team_id")
                                     ~~~~~^^^^^^^^^^^^^^^^^^^^^^^^^^^^^^^^^^^^^^^^^^^^^
  File "C:\Users\saiem\Documents\GitHub-Data\sdv-dev\cfbfastR-dev\cfbfastR-cfb-raw\.venv\Lib\site-packages\polars\dataframe\frame.py", line 1441, in __getitem__
    return get_df_item_by_key(self, key)
           ^^^^^^^^^^^^^^^^^^^^^^^^^^^^^
  File "C:\Users\saiem\Documents\GitHub-Data\sdv-dev\cfbfastR-dev\cfbfastR-cfb-raw\.venv\Lib\site-packages\polars\_utils\getitem.py", line 169, in get_df_item_by_key
    return _select_columns(df, key)
           ^^^^^^^^^^^^^^^^^^^^^^^^
  File "C:\Users\saiem\Documents\GitHub-Data\sdv-dev\cfbfastR-dev\cfbfastR-cfb-raw\.venv\Lib\site-packages\polars\_utils\getitem.py", line 217, in _select_columns
    return _select_columns_by_name(df, key)  # type: ignore[arg-type]
           ^^^^^^^^^^^^^^^^^^^^^^^^^^^^^^^^
  File "C:\Users\saiem\Documents\GitHub-Data\sdv-dev\cfbfastR-dev\cfbfastR-cfb-raw\.venv\Lib\site-packages\polars\_utils\getitem.py", line 269, in _select_columns_by_name
    return df._from_pydf(df._df.select(list(key)))
                         ^^^^^^^^^^^^^^^^^^^^^^^^
polars.exceptions.ColumnNotFoundError: "winner" not found
2026-07-29 04:15:40,219 WARNING REFUSED degraded write cfb\json\raw\400548243.json: 374012 -> 251 bytes (0% of existing); keeping banked copy
2026-07-29 04:15:40,219 WARNING degraded summary for 400548243 (proxy=23.239.174.2:60099) -- keeping banked copy, skipping game
2026-07-29 04:17:22,743 ERROR extra fetch failed: _rosters(400548329,)
Traceback (most recent call last):
  File "C:\Users\saiem\Documents\GitHub-Data\sdv-dev\cfbfastR-dev\cfbfastR-cfb-raw\python\_cfb_raw_utils.py", line 166, in _safe
    return fn(*args, **kwargs)
           ^^^^^^^^^^^^^^^^^^^
  File "C:\Users\saiem\Documents\GitHub-Data\sdv-dev\cfbfastR-dev\cfbfastR-cfb-raw\python\scrape_cfb_json.py", line 55, in _rosters
    return sdv.cfb.espn_cfb_game_rosters(
           ^^^^^^^^^^^^^^^^^^^^^^^^^^^^^^
  File "C:\Users\saiem\Documents\GitHub-Data\sdv-dev\cfbfastR-dev\cfbfastR-cfb-raw\.venv\Lib\site-packages\sportsdataverse\cfb\cfb_game_rosters.py", line 66, in espn_cfb_game_rosters
    team_rosters = helper_cfb_roster_items(items=items, summary_url=summary_url, **kwargs)
                   ^^^^^^^^^^^^^^^^^^^^^^^^^^^^^^^^^^^^^^^^^^^^^^^^^^^^^^^^^^^^^^^^^^^^^^^
  File "C:\Users\saiem\Documents\GitHub-Data\sdv-dev\cfbfastR-dev\cfbfastR-cfb-raw\.venv\Lib\site-packages\sportsdataverse\cfb\cfb_game_rosters.py", line 209, in helper_cfb_roster_items
    raise NoESPNDataError(f"NoESPNDataError: No roster data found for any team at {summary_url}")
sportsdataverse.errors.NoESPNDataError: NoESPNDataError: No roster data found for any team at https://sports.core.api.espn.com/v2/sports/football/leagues/college-football/events/400548329/competitions/400548329/competitors
2026-07-29 04:18:23,773 ERROR extra fetch failed: _rosters(400548082,)
Traceback (most recent call last):
  File "C:\Users\saiem\Documents\GitHub-Data\sdv-dev\cfbfastR-dev\cfbfastR-cfb-raw\python\_cfb_raw_utils.py", line 166, in _safe
    return fn(*args, **kwargs)
           ^^^^^^^^^^^^^^^^^^^
  File "C:\Users\saiem\Documents\GitHub-Data\sdv-dev\cfbfastR-dev\cfbfastR-cfb-raw\python\scrape_cfb_json.py", line 55, in _rosters
    return sdv.cfb.espn_cfb_game_rosters(
           ^^^^^^^^^^^^^^^^^^^^^^^^^^^^^^
  File "C:\Users\saiem\Documents\GitHub-Data\sdv-dev\cfbfastR-dev\cfbfastR-cfb-raw\.venv\Lib\site-packages\sportsdataverse\cfb\cfb_game_rosters.py", line 66, in espn_cfb_game_rosters
    team_rosters = helper_cfb_roster_items(items=items, summary_url=summary_url, **kwargs)
                   ^^^^^^^^^^^^^^^^^^^^^^^^^^^^^^^^^^^^^^^^^^^^^^^^^^^^^^^^^^^^^^^^^^^^^^^
  File "C:\Users\saiem\Documents\GitHub-Data\sdv-dev\cfbfastR-dev\cfbfastR-cfb-raw\.venv\Lib\site-packages\sportsdataverse\cfb\cfb_game_rosters.py", line 209, in helper_cfb_roster_items
    raise NoESPNDataError(f"NoESPNDataError: No roster data found for any team at {summary_url}")
sportsdataverse.errors.NoESPNDataError: NoESPNDataError: No roster data found for any team at https://sports.core.api.espn.com/v2/sports/football/leagues/college-football/events/400548082/competitions/400548082/competitors
2026-07-29 04:20:09,381 ERROR extra fetch failed: _rosters(400547941,)
Traceback (most recent call last):
  File "C:\Users\saiem\Documents\GitHub-Data\sdv-dev\cfbfastR-dev\cfbfastR-cfb-raw\python\_cfb_raw_utils.py", line 166, in _safe
    return fn(*args, **kwargs)
           ^^^^^^^^^^^^^^^^^^^
  File "C:\Users\saiem\Documents\GitHub-Data\sdv-dev\cfbfastR-dev\cfbfastR-cfb-raw\python\scrape_cfb_json.py", line 55, in _rosters
    return sdv.cfb.espn_cfb_game_rosters(
           ^^^^^^^^^^^^^^^^^^^^^^^^^^^^^^
  File "C:\Users\saiem\Documents\GitHub-Data\sdv-dev\cfbfastR-dev\cfbfastR-cfb-raw\.venv\Lib\site-packages\sportsdataverse\cfb\cfb_game_rosters.py", line 66, in espn_cfb_game_rosters
    team_rosters = helper_cfb_roster_items(items=items, summary_url=summary_url, **kwargs)
                   ^^^^^^^^^^^^^^^^^^^^^^^^^^^^^^^^^^^^^^^^^^^^^^^^^^^^^^^^^^^^^^^^^^^^^^^
  File "C:\Users\saiem\Documents\GitHub-Data\sdv-dev\cfbfastR-dev\cfbfastR-cfb-raw\.venv\Lib\site-packages\sportsdataverse\cfb\cfb_game_rosters.py", line 209, in helper_cfb_roster_items
    raise NoESPNDataError(f"NoESPNDataError: No roster data found for any team at {summary_url}")
sportsdataverse.errors.NoESPNDataError: NoESPNDataError: No roster data found for any team at https://sports.core.api.espn.com/v2/sports/football/leagues/college-football/events/400547941/competitions/400547941/competitors
2026-07-29 04:20:21,673 ERROR extra fetch failed: _rosters(400547793,)
Traceback (most recent call last):
  File "C:\Users\saiem\Documents\GitHub-Data\sdv-dev\cfbfastR-dev\cfbfastR-cfb-raw\python\_cfb_raw_utils.py", line 166, in _safe
    return fn(*args, **kwargs)
           ^^^^^^^^^^^^^^^^^^^
  File "C:\Users\saiem\Documents\GitHub-Data\sdv-dev\cfbfastR-dev\cfbfastR-cfb-raw\python\scrape_cfb_json.py", line 55, in _rosters
    return sdv.cfb.espn_cfb_game_rosters(
           ^^^^^^^^^^^^^^^^^^^^^^^^^^^^^^
  File "C:\Users\saiem\Documents\GitHub-Data\sdv-dev\cfbfastR-dev\cfbfastR-cfb-raw\.venv\Lib\site-packages\sportsdataverse\cfb\cfb_game_rosters.py", line 66, in espn_cfb_game_rosters
    team_rosters = helper_cfb_roster_items(items=items, summary_url=summary_url, **kwargs)
                   ^^^^^^^^^^^^^^^^^^^^^^^^^^^^^^^^^^^^^^^^^^^^^^^^^^^^^^^^^^^^^^^^^^^^^^^
  File "C:\Users\saiem\Documents\GitHub-Data\sdv-dev\cfbfastR-dev\cfbfastR-cfb-raw\.venv\Lib\site-packages\sportsdataverse\cfb\cfb_game_rosters.py", line 209, in helper_cfb_roster_items
    raise NoESPNDataError(f"NoESPNDataError: No roster data found for any team at {summary_url}")
sportsdataverse.errors.NoESPNDataError: NoESPNDataError: No roster data found for any team at https://sports.core.api.espn.com/v2/sports/football/leagues/college-football/events/400547793/competitions/400547793/competitors
2026-07-29 04:21:05,912 ERROR download_game failed: 400547724
Traceback (most recent call last):
  File "C:\Users\saiem\Documents\GitHub-Data\sdv-dev\cfbfastR-dev\cfbfastR-cfb-raw\python\scrape_cfb_json.py", line 114, in download_game
    result = proc.run_processing_pipeline()
             ^^^^^^^^^^^^^^^^^^^^^^^^^^^^^^
  File "C:\Users\saiem\Documents\GitHub-Data\sdv-dev\cfbfastR-dev\cfbfastR-cfb-raw\.venv\Lib\site-packages\sportsdataverse\cfb\cfb_pbp.py", line 7051, in run_processing_pipeline
    pbp_txt = self.__helper_cfb_pbp_drives(self.json)
              ^^^^^^^^^^^^^^^^^^^^^^^^^^^^^^^^^^^^^^^
  File "C:\Users\saiem\Documents\GitHub-Data\sdv-dev\cfbfastR-dev\cfbfastR-cfb-raw\.venv\Lib\site-packages\sportsdataverse\cfb\cfb_pbp.py", line 844, in __helper_cfb_pbp_drives
    pbp_txt, init = self.__helper_cfb_pbp(pbp_txt)
                    ^^^^^^^^^^^^^^^^^^^^^^^^^^^^^^
  File "C:\Users\saiem\Documents\GitHub-Data\sdv-dev\cfbfastR-dev\cfbfastR-cfb-raw\.venv\Lib\site-packages\sportsdataverse\cfb\cfb_pbp.py", line 1466, in __helper_cfb_pbp
    raise NoESPNDataError(
sportsdataverse.errors.NoESPNDataError: ESPN summary for game 400547724 has no header.competitions; cannot build play-by-play.
2026-07-29 04:21:50,813 ERROR extra fetch failed: _rosters(400609154,)
Traceback (most recent call last):
  File "C:\Users\saiem\Documents\GitHub-Data\sdv-dev\cfbfastR-dev\cfbfastR-cfb-raw\python\_cfb_raw_utils.py", line 166, in _safe
    return fn(*args, **kwargs)
           ^^^^^^^^^^^^^^^^^^^
  File "C:\Users\saiem\Documents\GitHub-Data\sdv-dev\cfbfastR-dev\cfbfastR-cfb-raw\python\scrape_cfb_json.py", line 55, in _rosters
    return sdv.cfb.espn_cfb_game_rosters(
           ^^^^^^^^^^^^^^^^^^^^^^^^^^^^^^
  File "C:\Users\saiem\Documents\GitHub-Data\sdv-dev\cfbfastR-dev\cfbfastR-cfb-raw\.venv\Lib\site-packages\sportsdataverse\cfb\cfb_game_rosters.py", line 66, in espn_cfb_game_rosters
    team_rosters = helper_cfb_roster_items(items=items, summary_url=summary_url, **kwargs)
                   ^^^^^^^^^^^^^^^^^^^^^^^^^^^^^^^^^^^^^^^^^^^^^^^^^^^^^^^^^^^^^^^^^^^^^^^
  File "C:\Users\saiem\Documents\GitHub-Data\sdv-dev\cfbfastR-dev\cfbfastR-cfb-raw\.venv\Lib\site-packages\sportsdataverse\cfb\cfb_game_rosters.py", line 209, in helper_cfb_roster_items
    raise NoESPNDataError(f"NoESPNDataError: No roster data found for any team at {summary_url}")
sportsdataverse.errors.NoESPNDataError: NoESPNDataError: No roster data found for any team at https://sports.core.api.espn.com/v2/sports/football/leagues/college-football/events/400609154/competitions/400609154/competitors
2026-07-29 04:22:06,842 ERROR extra fetch failed: _rosters(400547726,)
Traceback (most recent call last):
  File "C:\Users\saiem\Documents\GitHub-Data\sdv-dev\cfbfastR-dev\cfbfastR-cfb-raw\python\_cfb_raw_utils.py", line 166, in _safe
    return fn(*args, **kwargs)
           ^^^^^^^^^^^^^^^^^^^
  File "C:\Users\saiem\Documents\GitHub-Data\sdv-dev\cfbfastR-dev\cfbfastR-cfb-raw\python\scrape_cfb_json.py", line 55, in _rosters
    return sdv.cfb.espn_cfb_game_rosters(
           ^^^^^^^^^^^^^^^^^^^^^^^^^^^^^^
  File "C:\Users\saiem\Documents\GitHub-Data\sdv-dev\cfbfastR-dev\cfbfastR-cfb-raw\.venv\Lib\site-packages\sportsdataverse\cfb\cfb_game_rosters.py", line 66, in espn_cfb_game_rosters
    team_rosters = helper_cfb_roster_items(items=items, summary_url=summary_url, **kwargs)
                   ^^^^^^^^^^^^^^^^^^^^^^^^^^^^^^^^^^^^^^^^^^^^^^^^^^^^^^^^^^^^^^^^^^^^^^^
  File "C:\Users\saiem\Documents\GitHub-Data\sdv-dev\cfbfastR-dev\cfbfastR-cfb-raw\.venv\Lib\site-packages\sportsdataverse\cfb\cfb_game_rosters.py", line 209, in helper_cfb_roster_items
    raise NoESPNDataError(f"NoESPNDataError: No roster data found for any team at {summary_url}")
sportsdataverse.errors.NoESPNDataError: NoESPNDataError: No roster data found for any team at https://sports.core.api.espn.com/v2/sports/football/leagues/college-football/events/400547726/competitions/400547726/competitors
2026-07-29 04:22:17,156 ERROR extra fetch failed: _rosters(400547727,)
Traceback (most recent call last):
  File "C:\Users\saiem\Documents\GitHub-Data\sdv-dev\cfbfastR-dev\cfbfastR-cfb-raw\python\_cfb_raw_utils.py", line 166, in _safe
    return fn(*args, **kwargs)
           ^^^^^^^^^^^^^^^^^^^
  File "C:\Users\saiem\Documents\GitHub-Data\sdv-dev\cfbfastR-dev\cfbfastR-cfb-raw\python\scrape_cfb_json.py", line 55, in _rosters
    return sdv.cfb.espn_cfb_game_rosters(
           ^^^^^^^^^^^^^^^^^^^^^^^^^^^^^^
  File "C:\Users\saiem\Documents\GitHub-Data\sdv-dev\cfbfastR-dev\cfbfastR-cfb-raw\.venv\Lib\site-packages\sportsdataverse\cfb\cfb_game_rosters.py", line 70, in espn_cfb_game_rosters
    athletes = helper_cfb_athlete_items(teams_rosters=team_rosters, **kwargs)
               ^^^^^^^^^^^^^^^^^^^^^^^^^^^^^^^^^^^^^^^^^^^^^^^^^^^^^^^^^^^^^^
  File "C:\Users\saiem\Documents\GitHub-Data\sdv-dev\cfbfastR-dev\cfbfastR-cfb-raw\.venv\Lib\site-packages\sportsdataverse\cfb\cfb_game_rosters.py", line 262, in helper_cfb_athlete_items
    game_athletes = game_athletes.rename(
                    ^^^^^^^^^^^^^^^^^^^^^
  File "C:\Users\saiem\Documents\GitHub-Data\sdv-dev\cfbfastR-dev\cfbfastR-cfb-raw\.venv\Lib\site-packages\polars\dataframe\frame.py", line 5275, in rename
    .collect(optimizations=QueryOptFlags._eager())
     ^^^^^^^^^^^^^^^^^^^^^^^^^^^^^^^^^^^^^^^^^^^^^
  File "C:\Users\saiem\Documents\GitHub-Data\sdv-dev\cfbfastR-dev\cfbfastR-cfb-raw\.venv\Lib\site-packages\polars\_utils\deprecation.py", line 97, in wrapper
    return function(*args, **kwargs)
           ^^^^^^^^^^^^^^^^^^^^^^^^^
  File "C:\Users\saiem\Documents\GitHub-Data\sdv-dev\cfbfastR-dev\cfbfastR-cfb-raw\.venv\Lib\site-packages\polars\lazyframe\opt_flags.py", line 343, in wrapper
    return function(*args, **kwargs)
           ^^^^^^^^^^^^^^^^^^^^^^^^^
  File "C:\Users\saiem\Documents\GitHub-Data\sdv-dev\cfbfastR-dev\cfbfastR-cfb-raw\.venv\Lib\site-packages\polars\lazyframe\frame.py", line 2630, in collect
    return wrap_df(ldf.collect(engine, callback))
                   ^^^^^^^^^^^^^^^^^^^^^^^^^^^^^
polars.exceptions.ColumnNotFoundError: "guid" not found
2026-07-29 04:22:26,192 WARNING REFUSED degraded write cfb\json\raw\400548461.json: 293107 -> 251 bytes (0% of existing); keeping banked copy
2026-07-29 04:22:26,192 WARNING degraded summary for 400548461 (proxy=23.239.174.161:60099) -- keeping banked copy, skipping game
2026-07-29 04:24:02,833 ERROR extra fetch failed: _rosters(400610207,)
Traceback (most recent call last):
  File "C:\Users\saiem\Documents\GitHub-Data\sdv-dev\cfbfastR-dev\cfbfastR-cfb-raw\python\_cfb_raw_utils.py", line 166, in _safe
    return fn(*args, **kwargs)
           ^^^^^^^^^^^^^^^^^^^
  File "C:\Users\saiem\Documents\GitHub-Data\sdv-dev\cfbfastR-dev\cfbfastR-cfb-raw\python\scrape_cfb_json.py", line 55, in _rosters
    return sdv.cfb.espn_cfb_game_rosters(
           ^^^^^^^^^^^^^^^^^^^^^^^^^^^^^^
  File "C:\Users\saiem\Documents\GitHub-Data\sdv-dev\cfbfastR-dev\cfbfastR-cfb-raw\.venv\Lib\site-packages\sportsdataverse\cfb\cfb_game_rosters.py", line 66, in espn_cfb_game_rosters
    team_rosters = helper_cfb_roster_items(items=items, summary_url=summary_url, **kwargs)
                   ^^^^^^^^^^^^^^^^^^^^^^^^^^^^^^^^^^^^^^^^^^^^^^^^^^^^^^^^^^^^^^^^^^^^^^^
  File "C:\Users\saiem\Documents\GitHub-Data\sdv-dev\cfbfastR-dev\cfbfastR-cfb-raw\.venv\Lib\site-packages\sportsdataverse\cfb\cfb_game_rosters.py", line 209, in helper_cfb_roster_items
    raise NoESPNDataError(f"NoESPNDataError: No roster data found for any team at {summary_url}")
sportsdataverse.errors.NoESPNDataError: NoESPNDataError: No roster data found for any team at https://sports.core.api.espn.com/v2/sports/football/leagues/college-football/events/400610207/competitions/400610207/competitors
2026-07-29 04:24:16,408 ERROR download_game failed: 400610216
Traceback (most recent call last):
  File "C:\Users\saiem\Documents\GitHub-Data\sdv-dev\cfbfastR-dev\cfbfastR-cfb-raw\python\scrape_cfb_json.py", line 114, in download_game
    result = proc.run_processing_pipeline()
             ^^^^^^^^^^^^^^^^^^^^^^^^^^^^^^
  File "C:\Users\saiem\Documents\GitHub-Data\sdv-dev\cfbfastR-dev\cfbfastR-cfb-raw\.venv\Lib\site-packages\sportsdataverse\cfb\cfb_pbp.py", line 7051, in run_processing_pipeline
    pbp_txt = self.__helper_cfb_pbp_drives(self.json)
              ^^^^^^^^^^^^^^^^^^^^^^^^^^^^^^^^^^^^^^^
  File "C:\Users\saiem\Documents\GitHub-Data\sdv-dev\cfbfastR-dev\cfbfastR-cfb-raw\.venv\Lib\site-packages\sportsdataverse\cfb\cfb_pbp.py", line 844, in __helper_cfb_pbp_drives
    pbp_txt, init = self.__helper_cfb_pbp(pbp_txt)
                    ^^^^^^^^^^^^^^^^^^^^^^^^^^^^^^
  File "C:\Users\saiem\Documents\GitHub-Data\sdv-dev\cfbfastR-dev\cfbfastR-cfb-raw\.venv\Lib\site-packages\sportsdataverse\cfb\cfb_pbp.py", line 1466, in __helper_cfb_pbp
    raise NoESPNDataError(
sportsdataverse.errors.NoESPNDataError: ESPN summary for game 400610216 has no header.competitions; cannot build play-by-play.
2026-07-29 04:25:49,310 ERROR extra fetch failed: _rosters(400610179,)
Traceback (most recent call last):
  File "C:\Users\saiem\Documents\GitHub-Data\sdv-dev\cfbfastR-dev\cfbfastR-cfb-raw\python\_cfb_raw_utils.py", line 166, in _safe
    return fn(*args, **kwargs)
           ^^^^^^^^^^^^^^^^^^^
  File "C:\Users\saiem\Documents\GitHub-Data\sdv-dev\cfbfastR-dev\cfbfastR-cfb-raw\python\scrape_cfb_json.py", line 55, in _rosters
    return sdv.cfb.espn_cfb_game_rosters(
           ^^^^^^^^^^^^^^^^^^^^^^^^^^^^^^
  File "C:\Users\saiem\Documents\GitHub-Data\sdv-dev\cfbfastR-dev\cfbfastR-cfb-raw\.venv\Lib\site-packages\sportsdataverse\cfb\cfb_game_rosters.py", line 66, in espn_cfb_game_rosters
    team_rosters = helper_cfb_roster_items(items=items, summary_url=summary_url, **kwargs)
                   ^^^^^^^^^^^^^^^^^^^^^^^^^^^^^^^^^^^^^^^^^^^^^^^^^^^^^^^^^^^^^^^^^^^^^^^
  File "C:\Users\saiem\Documents\GitHub-Data\sdv-dev\cfbfastR-dev\cfbfastR-cfb-raw\.venv\Lib\site-packages\sportsdataverse\cfb\cfb_game_rosters.py", line 209, in helper_cfb_roster_items
    raise NoESPNDataError(f"NoESPNDataError: No roster data found for any team at {summary_url}")
sportsdataverse.errors.NoESPNDataError: NoESPNDataError: No roster data found for any team at https://sports.core.api.espn.com/v2/sports/football/leagues/college-football/events/400610179/competitions/400610179/competitors
2026-07-29 04:25:52,217 ERROR extra fetch failed: _rosters(400610219,)
Traceback (most recent call last):
  File "C:\Users\saiem\Documents\GitHub-Data\sdv-dev\cfbfastR-dev\cfbfastR-cfb-raw\python\_cfb_raw_utils.py", line 166, in _safe
    return fn(*args, **kwargs)
           ^^^^^^^^^^^^^^^^^^^
  File "C:\Users\saiem\Documents\GitHub-Data\sdv-dev\cfbfastR-dev\cfbfastR-cfb-raw\python\scrape_cfb_json.py", line 55, in _rosters
    return sdv.cfb.espn_cfb_game_rosters(
           ^^^^^^^^^^^^^^^^^^^^^^^^^^^^^^
  File "C:\Users\saiem\Documents\GitHub-Data\sdv-dev\cfbfastR-dev\cfbfastR-cfb-raw\.venv\Lib\site-packages\sportsdataverse\cfb\cfb_game_rosters.py", line 66, in espn_cfb_game_rosters
    team_rosters = helper_cfb_roster_items(items=items, summary_url=summary_url, **kwargs)
                   ^^^^^^^^^^^^^^^^^^^^^^^^^^^^^^^^^^^^^^^^^^^^^^^^^^^^^^^^^^^^^^^^^^^^^^^
  File "C:\Users\saiem\Documents\GitHub-Data\sdv-dev\cfbfastR-dev\cfbfastR-cfb-raw\.venv\Lib\site-packages\sportsdataverse\cfb\cfb_game_rosters.py", line 209, in helper_cfb_roster_items
    raise NoESPNDataError(f"NoESPNDataError: No roster data found for any team at {summary_url}")
sportsdataverse.errors.NoESPNDataError: NoESPNDataError: No roster data found for any team at https://sports.core.api.espn.com/v2/sports/football/leagues/college-football/events/400610219/competitions/400610219/competitors
2026-07-29 04:25:58,413 WARNING REFUSED degraded write cfb\json\raw\400610213.json: 505387 -> 251 bytes (0% of existing); keeping banked copy
2026-07-29 04:25:58,413 WARNING degraded summary for 400610213 (proxy=23.239.174.98:60099) -- keeping banked copy, skipping game
